지점,지점명,일시,평균기온(°C),최저기온(°C),최저기온 시각(hhmi),최고기온(°C),최고기온 시각(hhmi),강수 계속시간(hr),10분 최다 강수량(mm),10분 최다강수량 시각(hhmi),1시간 최다강수량(mm),1시간 최다 강수량 시각(hhmi),일강수량(mm),최대 순간 풍속(m/s),최대 순간 풍속 풍향(16방위),최대 순간풍속 시각(hhmi),최대 풍속(m/s),최대 풍속 풍향(16방위),최대 풍속 시각(hhmi),평균 풍속(m/s),풍정합(100m),최다풍향(16방위),평균 이슬점온도(°C),최소 상대습도(%),최소 상대습도 시각(hhmi),평균 상대습도(%),평균 증기압(hPa),평균 현지기압(hPa),최고 해면기압(hPa),최고 해면기압 시각(hhmi),최저 해면기압(hPa),최저 해면기압 시각(hhmi),평균 해면기압(hPa),가조시간(hr),합계 일조시간(hr),1시간 최다일사 시각(hhmi),1시간 최다일사량(MJ/m2),합계 일사량(MJ/m2),일 최심신적설(cm),일 최심신적설 시각(hhmi),일 최심적설(cm),일 최심적설 시각(hhmi),합계 3시간 신적설(cm),평균 전운량(1/10),평균 중하층운량(1/10),평균 지면온도(°C),최저 초상온도(°C),평균 5cm 지중온도(°C),평균 10cm 지중온도(°C),평균 20cm 지중온도(°C),평균 30cm 지중온도(°C),0.5m 지중온도(°C),1.0m 지중온도(°C),1.5m 지중온도(°C),3.0m 지중온도(°C),5.0m 지중온도(°C),합계 대형증발량(mm),합계 소형증발량(mm),9-9강수(mm),기사,안개 계속시간(hr)
135,추풍령,1990-01-02,-2,-3.8,2400,.5,1428,7.17,,,,,.7,14.2,270,1805,8,270,1820,4.4,3798,270,-8.3,53,2400,64,3.3,992.5,1025,2310,1021.5,1445,1023.6,9.7,1.7,1100,1.18,5.92,1.2,1750,4.9,1750,1.2,7.8,6.5,-1.1,-7.7,-.7,.2,1.6,2.8,4.4,7.9,,,,,1,.7,{눈}0850-{눈}{강도0}0900-1130.  {눈}1220-1420.  {눈}1440-{눈}{강도0}1500-1550.  {눈}1630-1750.,
135,추풍령,1990-01-03,-3.9,-6.4,915,-1.4,1500,,,,,,,15.3,270,1329,8.3,270,1530,5.5,4762,270,-11.7,38,1622,54,2.5,993.2,1026.9,2400,1022.8,1510,1024.6,9.7,7.4,1200,1.88,10.76,,,4.9,0,,2.8,2.3,-2.3,-9.6,-.6,.2,1.7,2.7,4.4,7.8,,,,,1,,,
135,추풍령,1990-01-04,-3.4,-8.4,820,1.6,1515,,,,,,,14,270,1315,7.7,270,1300,4.3,3748,270,-11.1,29,1600,57,2.6,995.4,1028.6,1030,1024.7,1700,1026.8,9.7,8.2,1200,1.59,9.6,,,4.1,0,,.3,.4,-3.4,-12.4,-1.6,-.2,1.5,2.5,4.2,7.6,,,,,1.8,,,
135,추풍령,1990-01-05,.8,-5.4,40,6.1,1252,3.67,,,,,2.5,14.8,270,2030,7.7,270,2030,2.9,2506,270,-4.1,50,1300,69.8,4.7,991.8,1026.7,0,1018.9,2000,1022.6,9.8,.9,1130,1.66,4.49,,,2.4,0,,10,6.3,0,-8.8,-.8,-.1,1.4,2.4,3.9,7.4,,,,,1.2,2.5,{비}2020-{비}{강도0}2100-{비}{강도0}2400-,
135,추풍령,1990-01-06,-1.6,-4.8,830,2.2,10,.5,,,,,0,19.5,270,1215,13.3,270,1200,6.3,5402,270,-12.1,28,1630,45,2.5,994.8,1030.6,2400,1020.2,0,1025.9,9.8,8.1,1200,1.82,10.97,,,,,,3,.5,-1,-7.5,-.2,.3,1.4,2.5,4,7.6,,,,,2.2,,-{비}-0030.,
135,추풍령,1990-01-07,-2.5,-8.4,820,5.9,1610,,,,,,,6.8,270,950,5.3,270,1010,2.1,1816,270,-11.2,18,1600,56.8,2.7,1001,1034.2,1030,1030.3,1500,1032.4,9.8,8.5,1200,1.51,9.53,,,,,,0,0,-1.4,-13,-.5,-.3,1.4,2.5,3.9,7.2,,,,,1.8,,,
135,추풍령,1990-01-08,-1.9,-7.4,50,4.3,1325,,,,,,,4.9,140,1550,3,140,1610,1.1,962,50,-8.6,34,1228,61,3.2,999.6,1033.9,1026,1028,2400,1030.9,9.8,2.4,1200,1.67,7.1,,,,,,7,5.6,-1.4,-14.2,-1.2,-.5,1.3,2.4,3.7,7.2,,,,,1.6,,,
135,추풍령,1990-01-09,3.4,-.1,455,8.8,1250,2.5,,,,,.5,5.2,140,2331,3.3,140,1500,1.3,1096,140,-3.2,46,1251,62,4.9,991.9,1028,0,1013.7,2400,1022.3,9.8,2.5,1130,1.71,6.67,,,,,,8,4.9,2,-1.4,.3,.2,1.4,2.5,3.9,7.2,,,,,1.2,1.3,{비}2050-{비}{강도0}2100-2230.  {비}2310-{비}{강도0}2400-,
135,추풍령,1990-01-10,4,2.6,30,7.9,807,7.17,,,,,.8,23,270,925,11.7,270,810,4.3,3674,270,1,73,900,80.3,6.6,983.9,1023.9,2400,1006.5,710,1014,9.8,0,1200,.18,.74,,,,,,10,6.4,3.2,1.6,2.1,2.7,2.9,3,4.1,6.8,,,,,2.2,,-{비}-{비}{강도0}0300-{비}{강도0}0600-0710.,
135,추풍령,1990-01-11,3.1,-.6,820,7.1,1429,,,,,,,7.6,270,2250,6,270,2310,1.5,1310,270,-1.6,49,1435,72,5.4,993.6,1027,923,1021.6,1428,1024.2,9.8,2.2,1200,1.54,6.31,,,,,,10,9,2.8,-6.3,3.1,3.4,3.9,3.9,4.4,6.7,,,,,1.5,,,
135,추풍령,1990-01-12,1.8,-1.9,2400,2.9,0,.33,,,,,0,19.1,270,1320,9.3,270,2300,5.3,4620,270,-5.1,50,2200,60.3,4.3,990.8,1023,0,1019.5,1500,1021.4,9.9,.6,1230,1.25,3.73,,,,,,10,3.9,1.9,-4.9,2.2,2.8,3.9,4.3,4.9,7,,,,,1.7,0,{눈}2340-{눈}{강도0}2400-,
135,추풍령,1990-01-13,-2.9,-6.4,2400,.3,1540,1.17,,,,,0,13.5,270,340,9,270,1200,5.1,4448,270,-16.3,18,1700,38,1.8,993.2,1026.1,1010,1022.4,100,1024.4,9.9,8.3,1230,1.75,11.78,,,,,,1.8,1.4,-2.2,-12.4,-.5,.7,2.6,3.7,4.7,6.8,,,,,2.2,,-{눈}-0110.,
135,추풍령,1990-01-14,-3.6,-9.5,510,2.2,1507,,,,,,,10.3,270,1852,6.3,270,1910,3.5,3016,270,-11.4,35,1515,54.3,2.6,994.6,1027.6,307,1023.8,1450,1026,9.9,6.9,1100,1.68,10.19,,,,,,3.5,3.1,-2.3,-14.3,-1.6,-.2,2,3.1,4.2,6.8,,,,,1.4,,,
135,추풍령,1990-01-15,-1.5,-3,2400,.2,1502,,,,,,,8.8,270,145,6,270,2400,2.9,2528,270,-7.7,43,1545,62.5,3.5,992.5,1025.7,0,1021.6,1531,1023.6,9.9,0,1300,.91,5.08,,,,,,9.5,6.3,-.9,-7.7,-.7,0,1.8,2.8,4.2,7,,,,,1.4,,,
135,추풍령,1990-01-16,-2.5,-7.2,550,2.5,1500,,,,,,,12.5,270,1235,9,270,1230,4.9,4234,270,-10.2,28,1300,51.3,2.8,990.6,1023,1000,1019.8,1500,1021.6,9.9,7.6,1145,1.89,11.78,,,,,,.8,.4,-1.5,-11.2,-1.8,-.6,1.5,2.6,3.8,6.7,,,,,1.9,,,
135,추풍령,1990-01-17,-1.8,-8.2,820,6.2,1615,,,,,,,7.2,250,1340,5,250,1330,1.1,982,250,-8.4,23,1540,65,3.3,991.1,1025,832,1019.6,1550,1022.2,10,8,1130,1.86,11.24,,,,,,.8,.9,-.9,-14.5,-1.4,-.5,1.3,2.4,3.7,6.6,,,,,1.2,.6,,
135,추풍령,1990-01-18,2.4,-.7,2400,4.5,1500,3.33,,,,,.9,9.8,270,1505,5.7,270,1540,2.3,2009,270,-4.2,42,2400,63,4.5,987.7,1022.6,2400,1016,600,1018.1,10,0,1300,.69,3.33,,,,,,9,7.5,1.1,-1.9,0,.1,1.4,2.3,3.8,6.7,,,,,1.3,.3,{비}0810-{비}{강도0}0900-1130.,
135,추풍령,1990-01-19,-3,-7,2400,-.2,1510,,,,,,,13.9,270,2040,9,270,1210,5.4,4630,270,-16.3,19,1600,36,1.8,995.2,1030.9,2300,1022.6,0,1026.4,10,7.7,1230,1.79,10.95,,,,,,3.8,2.1,-1.9,-10.7,-.8,.2,1.6,2.4,3.7,6.5,,,,,2.2,,,
135,추풍령,1990-01-20,-7.3,-11.5,750,-3,1510,,,,,,,13.5,270,1425,8.3,270,1430,3.7,3235,270,-19.8,23,1600,36,1.3,1000.3,1034.5,1020,1029.7,1720,1032.3,10,8.6,1200,1.81,12.08,,,,,,0,.6,-5.9,-16.7,-3.1,-1.1,1.1,2.1,3.4,6.3,,,,,1.5,,,
135,추풍령,1990-01-21,-4.3,-12,812,2.4,1450,,,,,,,7.3,270,1400,4,200,1250,1.5,1285,270,-13.8,24,1510,48.3,2.1,997.6,1032.3,900,1025.4,1600,1029.1,10.1,8.6,1100,1.92,12.06,,,,,,1.8,.4,-2.7,-12.9,-2.1,-.9,.8,1.8,3.4,6.4,,,,,.9,1.8,,
135,추풍령,1990-01-22,-6.3,-11.7,2400,-1.8,510,2.5,,,,,1.8,20.9,270,1420,11.7,270,1000,6,5173,270,-19.4,14,1600,38.3,1.5,995.4,1030.9,2400,1023.6,410,1027.2,10.1,8.4,1300,2.07,13.29,3.1,640,3.1,640,3.1,3.3,2.5,-2.1,-15.6,-1.4,-.5,.6,1.7,3.2,6.2,,,,,1.4,,{눈}0410-{눈}{강도0}0600-0640.,
135,추풍령,1990-01-23,-11.3,-14.5,810,-6.6,1532,,,,,,,14.9,270,748,9.3,270,800,5.3,4610,270,-23.6,15,1300,37,1,994.9,1030.9,0,1022.7,2400,1027.2,10.1,8.8,1100,1.9,12.72,,,.2,0,,0,.9,-5.2,-19.7,-2.9,-1.7,.5,1.5,3,6,,,,,1.5,0,,
135,추풍령,1990-01-24,-10.7,-13.7,809,-8.6,1500,2,,,,,0,21.2,270,858,11,270,1250,6.3,5436,270,-25.6,13,1200,31.8,.9,994.7,1032.7,2400,1022.4,100,1027,10.1,8.9,1200,1.97,13.62,,,,,,1,.5,-6.1,-16.7,-3.3,-2.2,.3,1.4,2.9,6.1,,,,,1.8,,{눈}0020-0220.,
135,추풍령,1990-01-25,-11.8,-15.8,820,-7.7,1630,,,,,,,16.7,270,1140,9.3,270,1340,6.4,5522,270,-23.7,18,1300,40.5,1,1002.3,1038.7,2400,1032.7,0,1035,10.2,9.1,1100,2.08,14.36,,,,,,0,0,-7.3,-18.1,-4.6,-3.2,-.2,1.2,2.7,5.8,,,,,2.2,,,
135,추풍령,1990-01-26,-11,-16.1,620,-3.8,1547,,,,,,,9.8,270,1225,7,290,1250,3.4,2916,270,-23.3,17,1640,38.3,1,1005.2,1039.8,1040,1035.6,1530,1037.8,10.2,8.6,1100,1.93,13.14,,,,,,1.3,1,-6.5,-19.7,-4.7,-3.4,-.6,.9,2.3,5.7,,,,,2,,,
135,추풍령,1990-01-27,-7.1,-14.9,725,2.4,1530,,,,,,,7.2,270,1533,4,270,1510,1.1,974,270,-15.5,22,1250,55.5,1.9,1004.2,1037.9,300,1033.4,1620,1036.3,10.2,8.2,1200,1.96,12.48,,,,,,1.3,.6,-3.3,-20,-3.2,-2.5,-.9,.7,2.2,5.8,,,,,1.6,,,
135,추풍령,1990-01-28,-3.8,-9.5,355,1.5,1505,4.22,,,,,1.6,7.2,140,2332,3.3,140,2110,1.6,1366,140,-9.8,34,1600,69,3.1,1001.4,1036.9,910,1024.7,2400,1033.1,10.3,.8,1030,.99,5.3,2.2,1940,2.2,1940,2.2,7.5,5.5,-2.3,-16.7,-2.2,-1.5,-.6,.7,2.1,5.6,,,,,1.2,3.3,{눈}0610-{눈}{강도0}1800-1940.  {진눈깨비}2042-{진눈깨비}{강도0}2100-{비}2110-2125.,
135,추풍령,1990-01-29,1.9,-1.3,320,5.8,1226,6.58,,,,,1.8,9.7,270,1150,6.7,270,1210,2.4,2066,270,.2,80,1232,88.5,6.3,991.4,1026.1,2220,1019.5,1225,1021.9,10.3,0,1000,.33,1.54,,,2,0,,10,5.6,.9,-1.8,-.2,0,-.3,.7,1.9,5.2,,,,,1.1,.1,{비}0245-{비}{강도0}0300-{비}{강도0}0600-{비}{강도0}0900-0920.,
135,추풍령,1990-01-30,.6,-1.1,2400,1.7,0,12.25,,,,,7.3,7,70,928,4.3,70,950,2.2,1873,70,-.7,87,1320,91,5.8,995.3,1028.2,1031,1024.9,110,1026.2,10.3,0,1100,.3,1.45,12.2,2400,12.2,2400,12.2,10,5.5,.2,-1.3,-.1,.1,-.1,.8,2.1,5.5,,,,,1.3,13.1,{비}1145-{비}{강도0}1200-{진눈깨비}1220-{눈}1245-{눈}{강도0}1500-{눈}{강도0}1800-{눈}{강도0}2100-{눈}{강도0}2400-,
135,추풍령,1990-01-31,-.7,-2.2,630,1.6,1400,24,,,,,8.7,5.5,270,2340,4,270,2340,1.6,1406,50,-2.3,78,1400,88.8,5.2,993.1,1025.7,0,1022.1,1500,1024,10.3,0,1330,.96,3.42,12.2,2400,24.4,2400,12.2,10,4.8,-.4,-3.1,-.2,.1,.2,1,2,5.2,,,,,.9,4.2,-{눈}-{눈}{강도0}0300-{눈}{강도0}0600-{눈}{강도0}0900-{눈}{강도0}1200-{눈}{강도0}1500-{눈}{강도0}1800-{눈}{강도0}2100-{눈}{강도0}2400-,
135,추풍령,1990-02-01,-1.5,-3.6,2400,-.1,1345,7.5,,,,,1.3,8.1,200,1359,7,200,1220,3.8,3280,270,-4.9,61,1653,77.3,4.3,995.8,1030.9,2400,1023.8,0,1026.9,10.4,2.9,1100,2.04,10.29,2.1,730,26.5,730,2.1,9.5,5.4,-.1,-6.5,-.1,.1,.4,1.1,1.9,5,,,,,1.2,,-{눈}-{눈}{강도0}0300-{눈}{강도0}0600-0730.,
135,추풍령,1990-02-02,-3.9,-10.8,801,2.4,1401,,,,,,,7.4,270,2400,6.7,270,2400,1.8,1518,270,-7.3,53,1410,77.8,3.6,999.5,1033.5,900,1028.8,2400,1031,10.4,7.3,1130,2.09,11.68,,,15.5,0,,6.3,2.9,-.1,-14.3,-.3,.1,.4,1.2,1.9,5.1,,,,,1,,,
135,추풍령,1990-02-03,-1.6,-4.8,2400,1.1,1500,,,,,,,11,270,1207,8,270,1220,4.2,3620,270,-8.3,46,1515,62.3,3.3,996.9,1029.6,900,1025.8,1610,1028.1,10.4,6.6,1200,2.05,11.8,,,13.6,0,,4,3.6,0,-9.2,-.1,.1,.6,1.2,1.9,5.1,,,,,1.7,,,
135,추풍령,1990-02-04,-.3,-5.8,40,3.3,1600,2.5,,,,,.3,6.5,320,2135,4.3,320,2150,1.1,964,320,-4.1,64,1605,75.8,4.6,996.3,1029.5,2250,1025.5,1410,1027.4,10.5,1.5,1300,1.31,6.78,,,12.8,0,,10,8.6,0,-7.2,-.2,.1,.6,1.3,1.9,4.9,,,,,1.1,.3,{비}1850-{싸락눈}2025-{싸락눈}{강도0}2100-2120.,
135,추풍령,1990-02-05,.7,-1.2,730,5.4,1230,,,,,,,6.7,250,1450,5,250,1520,2.4,2040,270,-4,49,1230,71.8,4.5,999.8,1032.3,2400,1029.2,300,1030.8,10.5,4.5,1100,2.5,11.85,,,10.5,0,,9.3,6.3,1.3,-3.7,.1,.2,.7,1.3,2.2,5.1,,,,,1.9,,{박무}0720-{박무}{강도0}0900-0940.,
135,추풍령,1990-02-06,.2,-3,820,4.4,1453,,,,,,,9.5,250,1225,7.3,250,1350,4.6,3978,250,-9.3,23,1640,53.3,3.2,1001,1033.3,1010,1030,1615,1032.1,10.5,8.4,1200,2.22,14.76,,,7,0,,4.5,2.4,1.5,-5.5,.5,.5,.8,1.3,2.1,4.9,,,,,1.8,,,
135,추풍령,1990-02-07,-.9,-5.7,610,5,1640,,,,,,,8,270,1427,6.7,270,1500,2.6,2271,270,-10.2,19,1700,51.3,2.8,998.9,1032.1,220,1027.1,1720,1030,10.6,8,1230,2.23,13.26,,,5.3,0,,4,.8,.2,-10.2,-.3,.4,1.2,1.5,2.2,4.9,,,,,1.9,,,
135,추풍령,1990-02-08,.3,-4,110,2.1,1500,9,,,,,2.7,5,110,803,3.3,110,810,.5,474,110,-3.6,56,320,75.5,4.8,996.5,1029.3,0,1025.4,1440,1027.5,10.6,0,1130,.45,2.27,2.4,2120,5.2,2120,2.4,10,7,0,-7.1,-.1,.5,1.3,1.6,2.3,5,,,,,2.2,2.7,{비}1220-{진눈깨비}1440-{진눈깨비}{강도0}1500-{눈}1720-{눈}{강도0}1800-{눈}{강도0}2100-2120.  {박무}2140-{박무}{강도0}2400-,
135,추풍령,1990-02-09,2.9,-.1,2400,8.8,1530,,,,,,,4.5,270,645,3.3,270,640,1.2,1046,270,-1.3,45,1540,76.3,5.6,999.5,1032.2,1200,1028.5,100,1030.3,10.6,6.3,1215,2.39,13,,,5.2,0,,6,3.6,3.2,-6.3,3.2,3,2.2,1.9,2.7,4.9,,,,,1.6,2.9,-{박무}-{박무}{강도0}0300-{박무}{강도0}0600-{박무}{강도0}0900-1020.,
135,추풍령,1990-02-10,1.7,-.5,42,3.7,2400,18.33,,,,,21.3,7.2,230,2315,5.3,230,2300,1.6,1400,110,.4,84,0,90.5,6.3,990.9,1030.6,0,1014.9,2150,1021.4,10.7,0,1200,.26,1.37,,,,,,10,6.3,2.2,-3.7,2.1,2.4,2.6,2.3,2.9,4.6,,,,,1.2,18.6,{비}0540-{비}{강도0}0600-{비}{강도0}0900-{비}{강도0}1200-{비}{강도0}1500-{비}{강도0}1800-{비}{강도0}2100-{비}{강도0}2400-,
135,추풍령,1990-02-11,3.4,.8,720,7,1518,1.5,,,,,.2,15,290,515,9.3,290,500,5.1,4428,270,-4.2,34,1500,59.3,4.6,987.6,1019.6,1000,1015.4,0,1017.9,10.7,5.3,1050,2.09,11.6,,,,,,7.5,5.6,4.1,-.6,3.9,3.7,3.2,2.7,3.3,4.7,,,,,1.9,,-{비}-0130.,
135,추풍령,1990-02-12,1.5,-2.1,2400,3.8,1342,,,,,,,17.1,290,1434,10,290,1500,4.7,4104,270,-14.7,14,1700,32,2.3,992.9,1028.7,2300,1018.2,100,1023.6,10.7,9.1,1145,2.28,15.26,,,,,,2.5,1.3,2.2,-10.6,2.6,3.1,3.3,3.3,3.5,4.7,,,,,3.7,,,
135,추풍령,1990-02-13,1.1,-4.2,712,8.4,1345,,,,,,,10.6,270,27,7,270,20,2.6,2206,270,-12.4,20,1440,37,2.4,995.9,1029.1,40,1024.9,1620,1026.8,10.8,5.9,1200,2.13,12.12,,,,,,6,3.5,1.5,-8.2,1.6,2.1,2.6,3,3.4,4.6,,,,,1.9,0,,
135,추풍령,1990-02-14,2.2,0,800,4.5,1605,2.87,,,,,0,5.1,90,1059,3.3,110,1140,1.2,1001,110,-3,33,0,69.8,5.1,994,1025.9,300,1022.6,1525,1024.6,10.8,0,1145,.71,3.55,,,,,,10,7.5,3,-1.1,2.9,3.2,3.1,3.3,3.9,5,,,,,1.2,0,{눈}0720-{눈}{강도0}0900-0927.  {비}1130-{비}{강도0}1200-1215.,
135,추풍령,1990-02-15,4.4,1.5,740,7.9,1525,1.17,,,,,0,6.5,50,1232,5,50,1330,1.5,1256,270,-.2,49,1440,73,6,993.4,1025.3,840,1021.4,1510,1023.8,10.8,.4,915,1.07,5.75,,,,,,10,5.9,5.2,-3.3,4.5,4.6,4.1,3.9,3.8,4.7,,,,,1.4,0,{비}1610-1720.,
135,추풍령,1990-02-16,4.2,.1,2400,12.1,1538,,,,,,,4.7,160,1350,3.3,160,1350,.8,678,160,-3.1,25,1400,64.8,5,995.9,1029.3,2400,1023.8,0,1026.4,10.9,5.3,900,1.81,11.66,,,,,,8.3,7,5.3,-5.2,5.3,5.2,4.9,4.4,4.2,4.9,,,,,1.6,,,
135,추풍령,1990-02-17,4.6,-3.1,731,13.4,1601,,,,,,,5,160,1532,3.3,160,1520,.8,716,50,-3.5,26,1340,62.5,4.7,998.4,1032.3,900,1025.7,1500,1028.9,10.9,8.1,1200,2.32,13.79,,,,,,4.8,4.9,5.4,-7.1,5.3,5.8,5.3,4.7,4.6,5,,,,,2.3,0,,
135,추풍령,1990-02-18,6.2,5.4,30,6.9,1540,15.67,,,,,10.4,15,70,1510,7,70,1400,4,3480,70,2.1,53,120,76,7.3,994.3,1027.7,0,1020.7,2400,1024.5,11,0,1200,.25,1.26,,,,,,10,6.3,6,3.5,6,5.9,5.7,5.4,5.2,5.1,,,,,1.2,11.1,{비}0820-{비}{강도0}0900-{비}{강도0}1200-{비}{강도0}1500-{비}{강도0}1800-{비}{강도0}2100-{비}{강도0}2400-,
135,추풍령,1990-02-19,5.9,2.9,2400,7.7,1010,5.08,,,,,15.1,19.2,270,2205,12.7,270,2300,5.9,5078,270,4,73,2400,86.5,8.1,985.9,1020.7,0,1012.7,1455,1015.9,11,0,900,.25,1.37,,,,,,10,4.9,6.2,1.9,6.1,6.2,6,5.6,5.2,5.4,,,,,2.3,14.4,-{비}-0240.  {박무}0410-{박무}{강도0}0600-{시정(미만)}{1km}{안개}0710-{시정(미만)}{0.5km}{안개}0725-{시정(미만)}{0.2km}{안개}0730-{안개}{강도2}0900-{시정(이상)}{0.2km}{안개}0920-{시정(이상)}{0.5km}{안개}0950-{시정(이상)}{1km}{박무}1020-1120.  {비}1215-1440.,3.17
135,추풍령,1990-02-20,4.3,2.7,10,7.6,1524,,,,,,,18.9,270,50,11.7,270,1410,6.8,5840,270,-2.6,46,1700,61.3,5.1,991.1,1025.2,2330,1017.9,0,1021.4,11,5.8,1200,2.96,14.61,,,,,,7.5,5.3,5.1,1.4,5.3,5.5,5.5,5.5,5.6,5.8,,,,,2.5,,,
135,추풍령,1990-02-21,4.4,-1.8,550,9.4,1410,,,,,,,9.5,70,2310,5.3,110,1520,2.7,2348,70,-.7,50,1500,70,5.8,994.6,1026.7,1000,1023.5,2400,1024.9,11.1,1.8,1300,1.75,6.6,,,,,,7.5,6.8,4.4,-7.7,4.4,4.6,4.9,5.2,5.3,5.7,,,,,2.6,15.7,,
135,추풍령,1990-02-22,6.8,6.2,842,7.8,200,21.25,,,,,33.7,14.1,70,225,6.7,70,230,4.9,4216,90,5,70,0,88.8,8.8,990.4,1023.5,0,1017.4,1535,1020.4,11.1,0,1200,.28,1.36,,,,,,10,4.4,6.8,5.4,6.4,6.3,5.8,5.6,5.4,5.7,,,,,.9,25.9,{비}0245-{비}{강도0}0300-{비}{강도0}0600-{비}{강도0}0900-{비}{강도0}1200-{비}{강도0}1500-{비}{강도0}1800-{비}{강도0}2100-{비}{강도0}2400-,
135,추풍령,1990-02-23,7,5.8,2400,8.2,1525,16,,,,,14.8,7.2,110,1225,4.3,90,1340,2.6,2220,110,5.3,79,2400,89,8.9,988.8,1020.8,2200,1017.7,1500,1018.8,11.1,0,1400,.69,3.68,,,,,,10,5.1,8,5,7.3,7,6.5,6,5.8,5.8,,,,,1.5,6.9,-{비}-{비}{강도0}0300-0340.  {비}0620-{비}{강도0}0900-{비}{강도0}1200-{비}{강도0}1500-1650.  {비}1720-{비}{강도0}1800-1910.,
135,추풍령,1990-02-24,4.6,3,2400,6.6,1120,4.33,,,,,1.2,6,70,1145,3.7,90,1150,1.9,1608,140,1.1,57,1248,77.5,6.6,990.4,1021.4,1028,1019.6,500,1020.6,11.2,0,1100,.37,2.93,,,,,,10,7.1,6.6,2.4,6.4,6.5,6.6,6.4,6.1,5.9,,,,,1.8,1.5,{비}1710-{비}{강도0}1800-1850.  {비}2120-{비}{강도0}2400-,
135,추풍령,1990-02-25,1.2,-2.4,2400,3.8,1618,3.5,,,,,.3,13.2,270,1252,8,270,1320,4.3,3704,270,-5.5,37,1800,63.5,4.3,989.9,1023.7,2250,1019.1,400,1020.6,11.2,4.3,1230,2.68,11.16,,,,,,6.8,4.5,3.6,-6.3,4.1,4.8,5.6,5.9,6,5.9,,,,,2.3,,-{비}-0120.  {비}0520-{진눈깨비}0530-{눈}0550-{눈}{강도0}0600-0730.,
135,추풍령,1990-02-26,.4,-5.5,550,7.6,1509,,,,,,,11.2,270,10,7,270,1130,3.7,3162,270,-8,31,1900,48,3.6,993.2,1026.6,2400,1021.7,1500,1024.1,11.3,9.8,1200,2.54,18.1,,,,,,.5,.6,3.3,-9.6,3.2,3.6,4.4,5.1,5.6,6.2,,,,,2.8,,,
135,추풍령,1990-02-27,2.6,-4,620,11.3,1513,,,,,,,7.3,90,1545,4.3,70,2140,2.1,1838,70,-5.9,27,1600,56.8,4,996.9,1030.5,2300,1025.2,1500,1027.6,11.3,7.5,1100,2.77,17.76,,,,,,3.5,3.3,5.2,-9.2,4.6,4.5,4.6,5,5.2,6.2,,,,,2.2,,,
135,추풍령,1990-02-28,3.5,-.3,610,9.6,1250,,,,,,,8.3,70,1225,4.7,90,1530,1.9,1676,50,-2,39,1442,69,5.3,998.1,1031.2,910,1025.9,2400,1028.7,11.3,2.8,1100,1.75,7.81,,,,,,6.8,6.5,4.3,-5.7,4.4,5.1,5.1,5.4,5.4,6.2,,,,,2.1,,,
135,추풍령,1990-03-01,5,2.6,542,8.4,1506,2.75,,,,,.2,11.7,90,1915,7.3,90,1940,3.1,2670,90,-2.5,45,1940,57.8,5.1,993.3,1025.9,0,1021,1500,1023.6,11.4,0,1245,.96,4.54,,,,,,10,8.3,5.3,.2,5,5.2,5.3,5.5,5.8,6.3,,,,,2.5,.2,{비}2045-{비}{강도0}2100-2330.,
135,추풍령,1990-03-02,5.3,1.3,550,9.2,1030,,,,,,,10.9,90,1029,5.3,90,1050,2,1724,90,-2.4,37,1700,59.3,5.2,992.3,1024.3,920,1020.7,1440,1022.6,11.4,4,845,1.84,9.26,,,,,,7.3,6.8,6.4,-2.2,5.5,5.8,5.8,5.6,5.7,6.2,,,,,2.7,,,
135,추풍령,1990-03-03,5.4,-.3,620,11.4,1512,,,,,,,11.3,270,1545,7,270,1520,2.5,2190,270,-4.9,25,1630,51.5,4.3,988.1,1021.5,0,1015.1,1500,1018.2,11.4,7.1,1100,2.68,15.08,,,,,,3,3.5,6.4,-5.1,5.9,6.1,6,5.8,5.8,6.2,,,,,3.7,,,
135,추풍령,1990-03-04,5.2,1.1,229,10,1409,,,,,,,15.4,270,1410,10.3,270,1550,4.5,3854,270,-4.4,29,1500,51,4.4,983.7,1016.6,0,1011,1550,1013.8,11.5,8.5,1100,2.41,15.93,,,,,,5,2.1,6.1,-3.9,5.4,6,6.1,6,6.4,6.4,,,,,3.7,,,
135,추풍령,1990-03-05,3.5,-1.8,705,8.4,1520,,,,,,,15.8,270,1555,7,270,1520,4.6,3988,270,-8.1,20,1900,46.3,3.5,982.7,1014.5,900,1009.9,1554,1012.9,11.5,9.6,1145,2.63,17.04,,,,,,.5,.6,4.6,-8.6,4.9,5.7,5.8,5.8,6.2,6.4,,,,,3.8,,,
135,추풍령,1990-03-06,4,-1.5,720,9.2,1515,,,,,,,18.4,270,1510,10,290,1610,5.6,4844,270,-5.5,27,1810,51.5,4.1,982.6,1015,915,1010.3,1510,1012.8,11.6,8.7,1000,2.41,14.81,,,,,,1.8,1.6,3.8,-6.3,4.7,5.5,5.6,5.7,6,6.4,,,,,3.9,,,
135,추풍령,1990-03-07,3.7,.3,2400,8,1531,,,,,,,16,270,1635,9.3,270,1640,4.6,3940,270,-11.2,15,1500,35.8,2.9,986.6,1023.3,2400,1012.4,0,1016.8,11.6,10,1130,2.9,20.46,,,,,,1.5,1.6,6.1,-4.2,6.2,6.2,6,5.8,6.2,6.7,,,,,4.1,,,
135,추풍령,1990-03-08,3.8,-3,610,10.9,1630,,,,,,,11.2,20,1540,6.7,270,2030,4.2,3622,270,-11.9,13,1621,34.3,2.5,994.2,1026.6,2235,1023.1,1700,1024.8,11.6,10,1115,2.77,18.27,,,,,,0,0,5.8,-9,4.9,5.6,5.7,5.8,6.2,6.6,,,,,4.2,,,
135,추풍령,1990-03-09,5,-2.3,730,12.2,1452,,,,,,,12.8,250,1445,8.3,250,1430,4.2,3632,270,-9,11,1425,41,3.3,996.4,1028.6,2250,1024.7,1510,1026.8,11.7,9.8,1100,2.88,18.48,,,,,,.8,0,6.6,-7.5,6.2,6.3,6.3,6,6.3,6.7,,,,,4.1,,,
135,추풍령,1990-03-10,7.5,-2,728,17.2,1506,,,,,,,10.1,270,1220,6,270,1250,1.8,1542,270,-3.9,16,1500,49.3,4.6,996.4,1030,720,1022.9,2020,1026.5,11.7,9.8,1050,2.6,16.89,,,,,,0,0,8.9,-7.3,7.8,7.8,7,6.5,6.5,6.9,,,,,4.2,,,
135,추풍령,1990-03-11,7.2,2.1,255,11.9,1710,4.93,,,,,13.2,20.2,250,2320,10,250,2320,2.6,2234,270,4.2,58,1000,80.8,8.5,983.3,1023.3,0,1005.6,2100,1013,11.8,0,815,.65,3.2,,,,,,10,5.8,7.5,-2.1,6.5,6.7,6.9,6.6,6.8,6.7,,,,,2.9,14.2,{비}1135-{비}{강도0}1200-1435.  {비}2024-{비}{강도0}2100-2220.,
135,추풍령,1990-03-12,3.8,1.7,750,6.8,0,2.17,,,,,1.2,20,270,150,10.3,270,250,6.6,5742,270,-1.4,51,1722,68.3,5.5,986,1023.1,2400,1006.9,0,1016.2,11.8,1.1,1130,1.59,7.27,,,,,,9,6.9,4.3,-1.8,5.5,6.3,6.9,6.9,7,6.8,,,,,1.7,.2,{비}0720-{진눈깨비}0810-{진눈깨비}{강도0}0900-0930.,
135,추풍령,1990-03-13,5.2,-.5,430,14.3,1706,,,,,,,7.5,290,530,5.3,290,600,2.7,2338,250,-6.7,12,1900,46.5,3.8,994.1,1026.9,916,1021.7,1800,1024.5,11.8,10.7,1200,3.07,21.3,,,,,,0,.6,5.9,-5.9,6.1,6.5,6.3,6.3,6.8,7.1,,,,,3.5,,,
135,추풍령,1990-03-14,5.3,1.5,25,8.3,1412,4.8,,,,,2.7,7.5,270,2312,5,270,2320,1.5,1316,70,1.8,51,1240,77.8,7.1,989.6,1024.8,0,1015.1,1800,1019.8,11.9,0,1030,.63,2.79,,,,,,10,7.1,6.7,-3.3,6.5,6.5,7.1,6.7,6.9,7,,,,,2.5,2.7,{비}1310-{비}{강도0}1500-1540.  {비}1810-2028.,
135,추풍령,1990-03-15,6.6,3.2,2400,11.2,1546,,,,,,,14.7,320,2015,9,270,2040,5.4,4658,270,-1.8,27,1615,56,5.5,990.9,1026.7,2400,1017,0,1021,11.9,8,1000,2.06,15.16,,,,,,6.8,6.8,7.9,1.4,7.6,7.7,7.5,7,6.9,7,,,,,3.6,,,
135,추풍령,1990-03-16,5.1,.9,730,11.2,1635,,,,,,,14.1,270,1725,9.7,270,1230,5.3,4594,270,-8.4,12,2000,43,3.6,996.1,1028.3,910,1024.8,1500,1026.5,11.9,8.1,1200,3.07,19.67,,,,,,3.8,2.3,5.5,-1.2,6,6.8,7.1,7,6.9,7.1,,,,,4.2,,,
135,추풍령,1990-03-17,3.8,-2.5,650,12.9,1325,.6,,,,,.1,16.2,270,2202,9.3,270,1550,3,2552,270,-5.3,13,1400,59.3,4.4,992.6,1027.7,100,1018.8,1530,1023.1,12,6,1200,2.54,12.12,,,,,,7.5,7.1,3.9,-8.2,5.2,6.3,6.6,6.7,6.9,7,,,,,3,.1,{비}1950-2026.,
135,추풍령,1990-03-18,4.5,1.5,600,9.2,1629,,,,,,,17,290,935,10,290,920,5,4280,290,-5.1,33,1700,50.3,4.2,993.2,1025.6,2300,1021.6,50,1023.5,12,10.6,1100,3.12,23,,,,,,2.5,2.8,7,0,6.8,7,6.9,6.7,6.9,7.2,,,,,4.3,,,
135,추풍령,1990-03-19,6.2,-.7,600,13.4,1453,,,,,,,17.3,270,1531,11.7,270,1610,6,5142,270,-9.2,14,1500,36.5,3.2,992.8,1025.7,908,1019.3,1630,1023,12.1,10.6,1200,3.01,21.13,,,,,,0,0,8.2,-4.4,7.2,7.2,6.9,6.8,7.2,7.4,,,,,5.4,,,
135,추풍령,1990-03-20,8.9,2.1,630,16.3,1505,,,,,,,12.6,270,1430,7,270,1450,4.4,3820,270,-6.6,18,1320,33.3,4,990.9,1022.7,600,1017.6,1700,1020.7,12.1,8.7,1230,2.83,17.15,,,,,,2.3,.5,10.1,-2.2,8.9,8.4,7.6,7.1,7.2,7.2,,,,,4.7,,,
135,추풍령,1990-03-21,10.4,1,715,19.1,1542,,,,,,,9.7,270,240,6,270,50,3,2590,50,2.3,26,1640,61.3,7.2,992.5,1024.3,920,1019.2,1610,1022.2,12.1,10,1200,2.86,20.65,,,,,,1,1.3,13.1,-3.3,11.6,10.6,9,8.2,7.6,7.3,,,,,4.4,,,
135,추풍령,1990-03-22,12.5,5.6,520,20.3,1448,,,,,,,5.2,50,1510,3.3,90,1840,1.2,1063,70,3.5,26,1800,58.8,7.9,992.8,1024.6,900,1019.4,1700,1022.3,12.2,6.3,1100,2.75,17.61,,,,,,5.3,5.4,13.5,.2,13.3,12.6,10.8,9.1,8.5,7.7,,,,,3.8,,,
135,추풍령,1990-03-23,11.8,7.7,455,16.1,1357,1.75,,,,,.6,5.4,90,1525,4,90,1540,1,896,140,7.8,49,0,77.3,10.9,988,1021.3,0,1013.4,2400,1017.4,12.2,0,1045,1.07,5.8,,,,,,9,5.5,11.8,4.3,11.4,11.5,10.8,9.8,9.2,7.8,,,,,2.2,1.8,{비}1035-1050.  {비}1410-{비}{강도0}1500-1540.,
135,추풍령,1990-03-24,9.4,4.5,2400,14.1,1050,7.33,,,,,7.7,16,90,2210,8.7,90,2320,4.3,3732,90,6.9,50,2400,84.3,10.5,986.3,1023.8,2400,1010.9,345,1016,12.3,0,930,.26,1.73,,,,,,10,4.1,10.2,2.9,10.6,10.9,10.9,10.2,9.5,7.8,,,,,3.4,6.5,{비}0720-{비}{강도0}0900-{비}{강도0}1200-1440.  {박무}0240-{박무}{강도0}0300-{박무}{강도0}0600-{박무}{강도0}0900-0930.,
135,추풍령,1990-03-25,6.1,2.2,600,11.9,1530,,,,,,,14.9,90,1110,7.7,90,1100,4.9,4254,90,-8.2,19,1800,35,3.3,995.4,1027.9,2400,1023.7,1650,1025.7,12.3,9.6,1145,3.13,21.8,,,,,,3,2.3,7.8,-3.3,7.9,8.5,9.2,9.2,9.3,8.2,,,,,3,,,
135,추풍령,1990-03-26,7,-1.8,620,15.4,1610,,,,,,,6.2,50,1108,4,50,1200,1.8,1558,50,-4,18,1600,49,4.6,995.8,1028.4,800,1021.9,1730,1025.9,12.3,10.7,1200,3.13,24.27,,,,,,0,0,9.9,-8.2,9.2,10.2,9.5,8.9,8.9,8.1,,,,,4,,,
135,추풍령,1990-03-27,7.9,.9,435,13.3,1648,2.5,,,,,9.9,5,50,1240,3.7,50,1250,1.2,1065,50,.1,37,1450,60,6.2,992.8,1026,0,1019.6,1815,1022.8,12.4,1.8,1045,1.57,10.31,,,,,,7.5,6.1,9.2,-4.9,9,9.2,9.4,9.3,9,8.2,,,,,2.1,23.8,{비}2130-{비}{강도0}2400-,
135,추풍령,1990-03-28,7,5.8,500,8.4,1506,24,,,,,24.1,10.1,50,829,6.7,50,1010,3.7,3176,50,6.1,91,0,94.3,9.4,984.4,1020.4,0,1010.3,1508,1014.3,12.4,0,1045,.29,1.66,,,,,,10,5.3,8.2,4.6,8.4,8.8,9.2,9.2,9.2,8.5,,,,,2.1,12.6,-{비}-{비}{강도0}0300-{비}{강도0}0600-{비}{강도0}0900-{비}{강도0}1200-{비}{강도0}1500-{비}{강도0}1800-{비}{강도0}2100-{비}{강도0}2400-,
135,추풍령,1990-03-29,7,6.2,2400,8.2,1530,16.58,,,,,9.4,7.2,20,1230,4.3,20,1240,2.7,2290,50,6,85,1236,93,9.3,985.4,1018.2,2200,1012.8,0,1015.3,12.5,0,1415,.46,3.36,,,,,,10,4.6,8.4,5.3,8.4,8.6,8.8,8.8,8.9,8.4,,,,,1.1,7,-{비}-{비}{강도0}0300-{비}{강도0}0600-0750.  {비}1430-{비}{강도0}1500-{비}{강도0}1800-{비}{강도0}2100-2315.,
135,추풍령,1990-03-30,8.7,5.4,625,13.2,1635,,,,,,,7.2,140,1314,5,140,1310,1.2,1034,140,4.4,53,1645,75,8.4,987.5,1019.2,910,1015.2,1720,1017.2,12.5,1.4,1230,1.44,8.66,,,,,,10,9.1,10.4,4.9,9.8,9.6,9,8.8,8.5,8.4,,,,,1.9,,,
135,추풍령,1990-03-31,10.5,7,2400,15.3,1625,,,,,,,9.1,230,1500,6.7,230,1530,2.8,2396,320,4.3,44,1630,67.3,8.4,985,1016.6,146,1011.8,1529,1014.5,12.5,6.2,1200,2.39,17.62,,,,,,5.5,3.5,11.7,2,11.3,10.5,10.1,9.4,9.2,8.7,,,,,4,,,
135,추풍령,1990-04-01,11.2,4.2,618,17.4,1530,,,,,,,10.8,270,1550,7,270,1600,4.7,4058,270,4.2,43,1600,62.5,8.3,983.7,1015,2400,1009.9,1530,1013.1,12.6,10.4,1030,2.7,18.79,,,,,,4,1,11.2,1,10.7,10.2,10.6,9.8,9.4,8.5,,,,3.3,5.2,,,
135,추풍령,1990-04-02,14,5.4,630,23.4,1526,,,,,,,9,270,245,7.3,270,250,3.1,2642,270,2,16,1732,47.5,7.1,986.4,1017.8,910,1011.9,1720,1015.5,12.6,10.9,1200,3.09,22.84,,,,,,0,0,15.6,.8,13.9,13.3,11.5,10.3,9.6,8.7,,,,4,5.6,,,
135,추풍령,1990-04-03,10.8,5.5,2400,16.3,1110,8.42,1,1640,3.3,1625,7.5,14.5,290,2400,8.7,270,1230,3.8,3300,270,6.4,33,1230,74.3,9.6,983,1015,0,1010.2,1800,1012.4,12.7,.5,800,1.35,6.12,,,,,,8,5,11.4,4.3,11.6,11.7,11.9,11.2,10.6,9,,,,1.8,2.5,7.5,{비}1415-{비}{강도0}1500-{비}{강도0}1800-{비}{강도0}2100-2240.,
135,추풍령,1990-04-04,4.3,1.9,630,7.9,1438,,,,,,,19.7,270,240,10,270,1140,6.7,5796,270,-8.3,18,2000,42,3.5,983.2,1017.1,2400,1010.8,200,1013.3,12.7,9.9,1100,3.09,19.55,,,,,,5,4.5,5.9,-.4,7.6,8.7,10.1,10.2,10.1,9,,,,2.2,4.2,,,
135,추풍령,1990-04-05,7,.9,625,12.9,1518,,,,,,,20.1,270,1355,10,270,1710,6.9,6004,270,-8.6,15,1500,33.5,3.3,986.4,1018.5,920,1013.4,1552,1016.3,12.7,11.2,1130,3.23,24.97,,,,,,.3,.1,8.8,-2.2,8.1,8.4,8.8,9.1,9.4,9.1,,,,5.1,7.3,,,
135,추풍령,1990-04-06,11,6.1,500,18.1,1559,,,,,,,11.1,270,601,8.7,270,610,3.9,3347,270,-4,22,1430,35.8,4.7,987.3,1019.3,815,1012.8,1715,1016.7,12.8,10.8,1200,3.1,22.12,,,,,,2.5,0,12.6,.8,11.3,10.7,10,9.4,9.2,9,,,,3.9,5.6,2.5,{달무리}2010-,
135,추풍령,1990-04-07,7.4,5.8,2400,11.7,1820,14.75,.7,630,1.5,1940,7,18.2,270,1950,10,270,2020,2.7,2364,270,5.8,41,2400,89.5,9.3,978.7,1015.8,0,1001.6,1800,1008.4,12.8,0,1100,.34,1.12,,,,,,10,4.5,8.4,1.8,9.3,10.2,10.3,10,9.9,9.2,,,,1.6,2.5,4.5,-{달무리}-0030.  {비}0220-0240.  {비}0505-{비}{강도0}0600-0830.  {비}1010-{비}{강도0}1200-{비}{강도0}1500-{비}{강도0}1800-{비}{강도0}2100-2110.,
135,추풍령,1990-04-08,8.7,4,335,12.9,1515,,,,,,,30.9,270,1331,15.7,270,1320,9.2,7980,270,-11.7,16,1435,21.3,2.6,978.5,1013.3,2400,1005.4,150,1008,12.8,10.4,1230,2.91,21.07,,,,,,1,0,8.1,1.4,7.7,8.4,9,9.2,9.4,9.2,,,,5.4,7.8,,{황사}0640-{황사}{강도0}0900-{황사}{강도0}1200-{황사}{강도0}1500-{황사}{강도0}1800-{황사}{강도0}2100-{황사}{강도0}2400-   {폭풍}1310-1450.,
135,추풍령,1990-04-09,12.8,3.2,623,19.1,1533,,,,,,,15,270,1530,9.3,270,1400,4.1,3555,270,-2.7,19,0,32.8,5.1,984.7,1016.2,2400,1012.3,1520,1013.9,12.9,10.7,1100,2.32,17.82,,,,,,0,0,11.8,-2.2,10.3,10,9.6,9.2,9.3,9.4,,,,3.8,5.5,,-{황사}-{황사}{강도0}0300-{황사}{강도0}0600-{황사}{강도0}0900-{황사}{강도0}1200-{황사}{강도0}1500-{황사}{강도0}1800-{황사}{강도0}2100-2320.,
135,추풍령,1990-04-10,14.5,4.8,650,23.4,1545,,,,,,,5,180,1432,3.3,90,1710,1.1,926,180,1,23,1500,40.8,6.6,988.2,1019.7,2400,1014.3,1700,1017.2,12.9,10.4,1100,2.87,21.28,,,,,,3.8,0,15.5,-1.4,13.7,13.2,11.4,10.2,9.5,9.1,,,,3.6,5.1,,,
135,추풍령,1990-04-11,15.4,4.8,532,23.9,1506,,,,,,,14.2,70,1915,8.7,70,1940,3.2,2741,70,6.2,32,1700,59,9.5,989.3,1020.4,620,1015.7,1705,1018.3,13,10.4,1330,2.75,21.69,,,,,,4.8,4.4,17.7,-1.2,15.3,14.2,12.8,11.4,10.4,9.2,,,,4.2,6,3.5,,
135,추풍령,1990-04-12,13.7,11.9,600,15.5,1700,19,.5,850,2.4,845,8,14.9,110,1710,9,110,1740,4.2,3646,70,12.6,69,0,95,14.7,979.9,1017.2,0,1002.7,2400,1008.8,13,0,1545,.44,2.71,,,,,,10,4.4,13.8,10.7,13.8,13.7,13.2,12.2,11.3,9.5,,,,.7,1,4.5,{비}0130-{비}{강도0}0300-{비}{강도0}0600-{비}{강도0}0900-{비}{강도0}1200-{비}{강도0}1500-{비}{강도0}1800-2030.,
135,추풍령,1990-04-13,9.6,4,2400,15.3,0,,,,,,,16.9,270,1729,10,270,1750,4.9,4276,270,7.7,82,1835,87.5,10.8,977.7,1010.9,2200,1002.2,120,1007.1,13,0,930,.47,3.17,,,,,,10,6.6,10,-2.2,11.1,11.8,12.3,11.9,11.5,9.9,,,,1.5,2.2,1,,
135,추풍령,1990-04-14,5.5,2.1,150,8.3,1520,9.03,.2,750,.5,730,1.7,13.1,250,1605,7.3,270,1200,3.3,2838,270,3.6,69,1540,87,7.9,978.2,1010.1,0,1005.9,1540,1007.9,13.1,0,1000,.85,4.31,,,,,,10,5.4,6.4,-1.4,7.4,8.4,9.7,10.4,10.6,9.8,,,,1,1.5,.7,{비}0508-{비}{강도0}0600-{비}{강도0}0900-{비}{강도0}1200-1210.  {비}1930-{비}{강도0}2100-2130.,
135,추풍령,1990-04-15,9.5,4.7,300,15.3,1649,,,,,,,12,230,1255,6.7,230,1250,2.3,1965,230,3.5,43,1510,67.5,7.8,978.7,1009.8,2400,1006.2,1700,1008.1,13.1,5.9,1015,3.24,19.14,,,,,,5.3,5.1,8.9,.7,9.7,9.8,9.7,9.7,10,10.1,,,,2.9,4.1,,,
135,추풍령,1990-04-16,7.8,5.8,610,11.5,1535,3,.5,1600,1,1550,1.2,8.9,270,110,6,270,120,2.8,2400,270,4.7,54,1600,81,8.6,982.7,1015.8,2400,1009.8,0,1012.4,13.1,2.1,1445,1.25,8.63,,,,,,7.3,5,9.3,4.4,9.1,9.4,9.8,9.9,10,9.9,,,,.8,1.2,4.2,{비}1550-1640.  {비}2020-{비}{강도0}2100-2230.,
135,추풍령,1990-04-17,8.2,5,740,13.2,1420,6.17,.3,400,.9,630,3,6.3,50,2134,4,50,2140,1.2,1064,140,4.5,44,1540,79,8.4,986.7,1018.4,2400,1014.3,1550,1016.4,13.2,4.3,1200,2.36,14.44,,,,,,7.8,5.8,12,-.2,11.3,11,10.6,10.2,10,9.8,,,,1.9,2.7,,{비}0210-{비}{강도0}0300-{비}{강도0}0600-0820.,
135,추풍령,1990-04-18,8.7,1.7,600,15.7,1521,,,,,,,6.8,270,2130,4,270,2150,.9,817,160,3.1,39,1730,70.8,7.7,988.2,1020,836,1015.8,1630,1018,13.2,5.5,1300,2.66,18.24,,,,,,3.3,2.5,10.9,-2.5,11.3,11.3,11,10.6,10.5,10,,,,2.9,4.2,,,
135,추풍령,1990-04-19,10.8,2.6,600,18,1312,,,,,,,8.5,110,2030,6.3,110,1930,2,1723,110,4.8,36,1525,70.3,8.6,986.6,1019.1,810,1012.4,1800,1016.1,13.3,9,1200,2.93,19.26,,,,,,5,5.3,11.1,-2.4,12.5,12.2,11.6,11,10.5,9.9,,,,3,4.6,6.4,{박무}0510-{박무}{강도0}0600-{박무}{강도0}0900-0930.,
135,추풍령,1990-04-20,8.8,6.9,732,10.8,0,8.58,.7,540,2.5,530,9.6,6.5,140,1105,4.7,140,1120,1.3,1108,110,7.4,74,0,90.8,10.3,983.4,1015.2,1010,1011.4,1610,1013.1,13.3,0,1330,1.01,3.83,,,,,,9,6.1,10.9,2.3,11.6,11.8,11.9,11.5,11.1,10.2,,,,1,1.4,3.2,{비}0505-{비}{강도0}0600-{비}{강도0}0900-{비}{강도0}1200-1340.,
135,추풍령,1990-04-21,10.9,3.4,530,18.4,1555,,,,,,,8,140,1345,4.7,90,2350,1.8,1572,140,6.4,48,1700,75.8,9.7,983,1014.6,852,1009.2,1700,1012.4,13.3,6.7,1200,2.68,15.35,,,,,,4.3,4.4,13.6,.1,12.8,12.7,11.7,11.2,11.1,10.2,,,,2.5,3.7,.3,{박무}0120-{박무}{강도0}0300-{박무}{강도1}0600-{박무}{강도0}0900-0930.,
135,추풍령,1990-04-22,9.7,7.9,610,10.9,1755,13.58,.8,1310,3.5,1300,21.2,7.2,70,1220,4.7,70,50,2,1718,70,8.6,78,2238,93.3,11.2,978.2,1011.2,52,1004.6,1710,1007.6,13.4,0,1015,.32,2.47,,,,,,10,6.9,10.3,6.1,11.1,11.3,11.8,11.6,11.4,10.2,,,,1,1.4,20.9,{비}0750-{비}{강도0}0900-{비}{강도0}1200-{비}{강도0}1500-{비}{강도0}1800-{비}{강도0}2100-2125.,
135,추풍령,1990-04-23,9.6,5.6,2400,16.3,1152,,,,,,,19,270,1512,10.3,270,1520,4.5,3912,270,2.7,43,2110,62.8,7.7,979.3,1012.8,2400,1006.2,1132,1008.7,13.4,6.3,1030,3.19,15.37,,,,,,2.5,2.6,9.4,1.9,10.5,11,11.1,11.2,11,10.4,,,,3.2,4.5,,,
135,추풍령,1990-04-24,9.3,4,620,15.3,1540,,,,,,,16.2,270,1235,8,270,1230,6.3,5408,270,-4.6,18,1900,38.8,4.4,985.7,1017.3,2300,1012.8,0,1015.3,13.4,11.6,1100,3.42,27.19,,,,,,.5,.3,11.1,.4,10.7,10.6,10.6,10.6,10.8,10.6,,,,5.5,7.8,,,
135,추풍령,1990-04-25,11.4,.1,620,18.4,1604,,,,,,,12.5,270,29,8,270,100,3.5,3058,270,-3.8,17,1400,33.3,4.7,985.6,1018.2,800,1010.4,1645,1015,13.5,11.4,1100,3.5,25.65,,,,,,1.3,1.1,13.6,-6.1,12.9,12.5,11.7,11,10.7,10.5,,,,5.5,7.8,,,
135,추풍령,1990-04-26,13.5,4,2400,18.8,1453,,,,,,,16.2,270,1325,9,270,1250,4.5,3920,270,.6,19,1800,44.3,7,987.4,1021.1,2400,1014.6,0,1016.6,13.5,11,1200,3.05,23.96,,,,,,3.5,3.5,16.1,-2.5,15,14.5,13.3,12,11.2,10.4,,,,4.4,6.3,,,
135,추풍령,1990-04-27,13.3,-.5,605,24.6,1522,,,,,,,12.3,200,2030,8.7,270,1940,2,1766,270,-.8,20,1450,47.3,6.2,989.4,1021.6,140,1014.4,1600,1018.6,13.5,11.2,1100,3.04,23.26,,,,,,3.3,1.6,16.3,-6.7,15.4,14.8,13.5,12.5,11.9,10.8,,,,3.7,5.2,,,
135,추풍령,1990-04-28,12.9,10.8,520,15.4,1105,10,.6,1330,2.8,1320,7.4,9.5,270,1620,5,250,2240,1.6,1412,270,10.7,73,1010,86.5,12.9,988.4,1020.3,1210,1016.4,1600,1017.7,13.6,0,745,.56,3.38,,,,,,6.3,5.4,13.6,7.1,13.5,13.7,13.7,13.1,12.4,10.6,,,,.6,1,7.4,{비}0950-{비}{강도0}1200-{비}{강도0}1500-{비}{강도0}1800-1950.,
135,추풍령,1990-04-29,16.9,8.7,550,24.7,1500,,,,,,,8.1,270,220,5.7,270,240,2.3,1980,110,4.1,14,1535,49.5,8.5,992.1,1023.9,2400,1018.6,1640,1021,13.6,12,1300,3.46,25.63,,,,,,1.5,.9,18.1,5.7,16.9,16.2,14.4,13.1,12.2,10.9,,,,4.9,7,,,
135,추풍령,1990-04-30,17,7.1,620,25.9,1539,,,,,,,7.2,340,1415,4.7,340,1240,1.8,1544,320,4.3,22,1600,48.3,8.4,992,1023.9,0,1017.3,1700,1020.9,13.6,12.1,1200,3.38,26.08,,,,,,2,1,19.9,3.9,18.8,17.8,15.9,14.3,13.4,11.3,,,,4.6,6.6,,,
135,추풍령,1990-05-01,11.6,7.5,2400,15.2,1210,8.83,1.2,2010,5,1940,17,20,360,2045,12.3,360,2100,5.2,4528,360,5.3,46,1440,67,9,990.6,1021.9,700,1017.2,1840,1020.1,13.7,,1030,.97,5.55,,,,,,7.5,4.4,12.1,3.8,12.9,13.7,14.9,14.7,14.1,11.5,,,,2.1,3,25.8,{비}1510-{비}{강도0}1800-{비}{강도0}2100-{비}{강도0}2400-,
135,추풍령,1990-05-02,8.4,6.6,250,10.2,1720,23.17,.7,400,3.1,330,16.7,16.6,360,205,10,360,240,5.5,4732,90,7.6,92,2400,95.3,10.5,987.8,1019.1,0,1016.7,2400,1017.5,13.7,0,1630,.65,2.75,,,,,,10,5.4,9.7,5.9,10.6,11.1,12.2,12.9,13.1,11.8,,,,1.1,1.7,14.3,-{비}-{비}{강도0}0300-{비}{강도0}0600-{비}{강도0}0900-{비}{강도0}1200-{비}{강도0}1500-{비}{강도0}1800-{비}{강도0}2100-2310.,
135,추풍령,1990-05-03,10.1,8.6,600,12,1610,12.67,1.2,740,3.3,710,7.2,10.5,110,828,6.7,110,840,3.4,2970,110,8.8,90,1400,91.5,11.3,982,1016.7,0,1008.1,2340,1011.4,13.7,0,1200,1,5.43,,,,,,10,5,12.3,7.7,12.1,12,12.1,12.2,12.4,12,,,,1.1,1.4,.8,{비}0240-{비}{강도0}0300-{비}{강도0}0600-{비}{강도0}0900-{비}{강도0}1200-{비}{강도0}1500-1520.,
135,추풍령,1990-05-04,11.2,9.6,2400,13.7,1142,3.58,.2,1350,.6,1330,.8,10.9,270,2357,6.7,270,2400,2.6,2238,270,9.7,84,2300,90,12.1,978.3,1009.4,2400,1005.8,1710,1007.5,13.8,0,1100,.88,3.2,,,,,,10,7,11.9,7.7,12,12.2,12.3,12.3,12.1,11.6,,,,.7,1,.8,{비}1325-{비}{강도0}1500-1540.  {비}1730-{비}{강도0}1800-1850.,
135,추풍령,1990-05-05,12.9,6,630,19.6,1610,,,,,,,11.8,270,1508,7.7,270,1520,3.7,3175,270,4.1,25,1615,59.3,8.3,981.9,1015,2400,1009.1,210,1011,13.8,12,1100,3.3,25.75,,,,,,1.5,1.1,15,1,14,13.8,12.9,12.2,12,11.6,,,,4.4,6.2,,,
135,추풍령,1990-05-06,14.9,4.7,600,23.5,1500,,,,,,,10,140,1130,7,110,1840,2,1740,110,5.2,24,1600,57.3,8.9,984.4,1016.2,600,1010,1648,1013.3,13.8,10.7,1300,2.96,23.13,,,,,,3,1.3,18.1,-1,16.6,15.7,14.2,13.3,12.6,12,,,,4.6,6.5,,,
135,추풍령,1990-05-07,14.3,10,330,19.3,1440,5.75,11,1530,23.2,1530,30.4,9.6,50,1508,6,50,1350,1.4,1217,140,11.6,70,0,83.5,13.7,980.8,1013.1,130,1006.9,1500,1009.7,13.9,3.6,1400,1.61,8.27,,,,,,8.8,4.3,15.6,6.5,16.4,15.6,14.5,14.4,13.4,12,,,,1.7,2.4,30.4,{소나기}1005-1120.  {소나기}1520-{소나기}{강도0}1800-1950.  {번개}{강도0}(N)1515-{뇌전}{강도0}(N 4-5)1530-{뇌전}{강도1}(N{이동}NW 2-3)1545-1550.  {천둥}{강도0}(NW)1650-{뇌전}{강도0}(NW 4-5)1710-{뇌전}{강도0}(NW{이동}W 3-4)1730-1740.,
135,추풍령,1990-05-08,14,11.1,2400,19,1640,,,,,,,8.5,270,1155,6,270,1420,2.9,2533,270,11.3,63,1600,83.8,13.4,980,1010.4,1125,1007.7,1755,1009,13.9,6.9,1300,2.24,16.99,,,,,,6.3,4.5,16.3,6.1,15.7,15.6,14.9,14.3,13.6,12,,,,3.2,4.8,,{박무}0420-{박무}{강도0}0600-{박무}{강도0}0900-0940.,
135,추풍령,1990-05-09,18.2,9.1,610,29,1636,,,,,,,8.1,270,1105,5.3,270,1140,1.4,1169,230,11.4,26,1700,70,13.6,981.6,1012.2,800,1007.1,1800,1010.1,13.9,11.6,1100,3.67,27.04,,,,,,.5,0,21.3,4.5,19.3,18.2,15.4,14.5,14.1,12.3,,,,4.7,6.7,,{박무}0125-{박무}{강도0}0300-{박무}{강도1}0600-{박무}{강도0}0900-0920.,
135,추풍령,1990-05-10,20.5,12.8,412,29.5,1450,,,,,,,8.2,250,1801,5,250,1810,1.1,985,180,13.6,34,1812,68.8,15.6,982.2,1012.2,800,1007.5,1500,1010.5,14,8.8,1100,2.98,21.43,,,,,,4.8,4.8,20.8,9,20.1,19.5,17.2,15.9,14.8,12.4,,,,4,5.8,,,
135,추풍령,1990-05-11,17.5,13.7,332,22.2,1532,,,,,,,9.5,230,1724,5.7,230,1740,1.6,1376,50,14.9,74,1550,84.8,17.1,981.8,1012.2,2245,1008.7,1540,1010.5,14,.3,1500,1,5.2,,,,,,8,3.6,17.3,9.5,17.2,18.1,17.8,16.9,15.6,12.7,,,,2,2.8,,,
135,추풍령,1990-05-12,20.3,14.6,200,27.4,1601,,,,,,,8,340,755,4.3,290,1520,2.4,2103,290,11.6,32,1310,61.5,13.8,981.7,1012.4,600,1006.9,1800,1010,14,11.7,1045,3.17,25.08,,,,,,3.3,2.3,24.1,8.5,22.2,21.2,18.5,16.8,15.9,13.2,,,,5.5,7.8,,,
135,추풍령,1990-05-13,19.7,13.1,600,25,1336,,,,,,,9,270,2008,6,270,2040,2.8,2412,270,15,56,1500,75.8,17.1,979,1010.2,700,1003.3,1520,1007.4,14,7.8,1245,2.83,18.41,,,,,,6.5,4.3,22.9,8,21.6,21.3,19.4,17.8,16.3,13.3,,,,3.5,5,2.1,{박무}0430-{박무}{강도0}0600-0840.,
135,추풍령,1990-05-14,17.4,10.6,2400,19.7,1718,1.75,1.2,2105,2.1,320,3.3,13,230,2105,5.3,230,2110,2.8,2416,230,14.7,60,1720,84.3,16.9,979.8,1014.7,2400,1005.7,210,1008.3,14.1,3.4,1100,2.22,12.06,,,,,,9,5.4,18.3,5.9,18.9,19.4,19,17.9,16.8,13.7,,,,1.6,2.3,1.2,{비}0320-0425.  {소나기}2050-{소나기}{강도0}2100-2130.  {천둥}{강도0}(NE)2032-{뇌전}{강도0}(NE 3-4)2042-{뇌전}{강도0}(NE{이동}E 2-4)2050-{뇌전}{강도1}(E 2-4)2100-2120.,
135,추풍령,1990-05-15,16.9,8.5,305,24.6,1610,,,,,,,15.6,270,1205,8.3,270,1240,3.6,3097,270,7,21,1740,55.5,10,985.9,1017.3,2400,1011.7,1515,1014.7,14.1,12.2,1100,3.43,27.43,,,,,,.8,0,19.9,4.6,18.9,18.7,17.8,17.1,16.6,14,,,,5.3,7.6,,,
135,추풍령,1990-05-16,17.5,10.2,610,24.5,1407,,,,,,,8.9,270,2350,5,270,2330,1.2,1018,140,11.7,40,1400,71.3,13.7,988,1018.4,2400,1014.1,1610,1016.7,14.1,9,1100,2.81,19.65,,,,,,5,3.8,20.6,5.7,20.2,19.8,18.5,17.4,16.4,13.9,,,,3.3,4.8,,{햇무리}1120-1648.,
135,추풍령,1990-05-17,15.8,11.3,1907,21.3,1300,9.92,.7,1540,3,1530,12.3,15.1,160,1445,8,160,1510,2.9,2526,110,8.4,41,1310,62.3,11.1,986.6,1019.8,310,1010.9,2400,1015.5,14.2,.9,1100,1.52,7.67,,,,,,10,7.8,17.5,10.7,17.9,18.3,18.2,17.6,16.7,14.3,,,,1.8,2.4,18,{비}1405-{비}{강도0}1500-{비}{강도0}1800-{비}{강도0}2100-{비}{강도0}2400-,
135,추풍령,1990-05-18,13.8,12.2,0,16.1,1545,10.5,.3,10,1.2,0,6.1,8.6,320,1915,5,320,1820,1.7,1456,290,12.5,66,1800,92,14.5,977.7,1010.9,0,1003.8,1640,1006.6,14.2,0,1430,.72,4.46,,,,,,10,4.1,15.4,11.4,15.3,15.8,16.5,16.6,16.5,14.6,,,,1.4,2,.4,-{비}-{비}{강도0}0300-{비}{강도0}0600-{비}{강도0}0900-0935.  {비}1920-2015.,
135,추풍령,1990-05-19,16.5,11.7,520,21.2,1350,,,,,,,10.3,270,1705,7,270,1730,3.1,2674,270,12.8,61,1400,79,14.9,978.1,1008.4,2300,1005.7,250,1006.7,14.2,10.2,1030,3.11,21.1,,,,,,8,6.3,18.4,8.5,17.2,16.8,16.4,16,15.6,14.5,,,,2.3,3.5,3.7,,
135,추풍령,1990-05-20,16.4,12.3,2400,20.6,1604,1.37,2.7,515,3.7,450,3.7,19.1,290,1325,10.3,290,1320,3.7,3170,290,7.4,21,1740,61.3,11.1,978.9,1010.2,2300,1005.8,428,1007.6,14.2,7.1,1300,3.03,18.04,,,,,,7.5,4.3,16.3,6.3,16.9,17.3,17.1,16.5,15.9,14.4,,,,4.9,6.9,,{비}0430-0552.,
135,추풍령,1990-05-21,15.3,7.4,615,20.4,1439,,,,,,,24.8,270,1535,13.7,270,1430,5.8,5000,270,2.8,26,1515,45,7.5,979.3,1011.4,2400,1005.8,1500,1008.1,14.3,12.3,1200,3.56,27.66,,,,,,1.5,.1,18,2.1,17.3,17,16.9,16.4,16.1,14.7,,,,5.8,8.3,,,
135,추풍령,1990-05-22,13.3,10.9,420,17.1,1621,,,,,,,11.6,270,215,6.7,250,300,4,3492,270,9.4,57,1625,77.8,11.9,983.5,1015.5,2330,1011.3,300,1012.6,14.3,5.7,1400,1.84,11.71,,,,,,7.5,6.4,15.4,10.1,15.8,16.1,16.6,16.3,15.9,14.5,,,,2.2,3.2,,,
135,추풍령,1990-05-23,17,9.1,612,23,1452,,,,,,,8.7,270,1745,5.2,270,1810,3.1,2684,270,5.5,23,1340,51.5,9.2,987,1017.3,2400,1013.3,1730,1015.7,14.3,12.1,1100,3.05,24.08,,,,,,3.3,.5,20.1,2.9,18.9,18.4,17.2,16.2,15.6,14.5,,,,4.8,6.8,,,
135,추풍령,1990-05-24,15.6,9.9,540,21.5,1515,,,,,,,11,270,1405,5.7,270,810,2.7,2328,270,8.1,25,1355,66.8,11.1,987,1018.1,2300,1013.6,1700,1016,14.3,10.9,1100,3.32,25.24,,,,,,3.5,1.5,19.9,3.9,19.1,19.1,18,17,16.3,14.7,,,,4,5.7,,,
135,추풍령,1990-05-25,14.7,8.1,510,21.4,1648,,,,,,,10,270,1428,6.3,270,1000,2.3,1985,270,9.4,38,1900,72.5,11.8,988,1019.3,2400,1015,1800,1017,14.3,10.4,1000,2.93,20.95,,,,,,5,1.6,18.2,2.5,18.5,18.5,18,17.2,16.4,14.6,,,,3,4.8,,,
135,추풍령,1990-05-26,17.3,8.6,550,25.3,1528,,,,,,,7,20,1232,4,20,1250,.9,816,20,11,35,1620,70.3,13.2,989.7,1021,730,1015.4,1810,1018.6,14.4,11.2,1200,3.02,25.4,,,,,,1.8,2.1,22.4,2.9,21.3,20.5,18.6,17.4,16.4,14.8,,,,4.8,6.8,,,
135,추풍령,1990-05-27,19.5,10.7,545,27.8,1621,,,,,,,7.3,250,2103,4,270,1800,1.3,1122,250,7.8,22,1540,51.8,10.7,988.6,1019.4,45,1014.1,1700,1017.2,14.4,11.9,1100,3.22,27.21,,,,,,.8,.4,25,5,23.5,22.7,20.4,18.6,17.4,15.1,,,,5.5,7.8,,,
135,추풍령,1990-05-28,19.3,11.6,530,25.2,1620,,,,,,,10.8,230,1129,5.3,230,1140,2.2,1918,270,12.7,41,1800,67.8,14.7,988.4,1018.9,800,1014.6,1800,1017,14.4,11,1230,3.41,25.9,,,,,,2.8,2.3,24.4,7.1,23.5,23.1,21.1,19.4,18.1,15.1,,,,4.2,6.2,,,
135,추풍령,1990-05-29,20.7,14.7,620,27,1550,,,,,,,7.2,270,807,4.7,270,810,1.9,1649,290,16.1,46,1525,76.8,18.4,986.3,1017.5,742,1011.9,1820,1014.7,14.4,7.8,1400,2.8,19.34,,,,,,7.3,3.9,25.3,10.1,24,23.2,21.3,19.8,18.4,15.3,,,,3.2,4.5,,,
135,추풍령,1990-05-30,19,16.1,2400,21.9,1245,4.25,4.6,1530,7.8,1530,8.1,5.8,270,945,4,270,930,1.1,939,270,16.1,52,1232,84.3,18.4,984.2,1014.3,840,1010.9,2400,1012.8,14.4,1.1,1045,1.49,7.55,,,,,,10,4.8,21.2,12.9,21.3,21.6,21,20,19.3,16,,,,1,1.4,13.7,{비}1450-{비}{강도0}1500-{비}{강도0}1800-1815.  {비}2120-2210.  {박무}0510-{박무}{강도0}0600-{박무}{강도0}0900-{박무}{강도0}1200-{박무}{강도0}1500-1520.,
135,추풍령,1990-05-31,18.9,14.6,315,25.4,1540,5.33,.7,230,2.7,150,5.6,16.2,140,712,7.7,270,1710,4.1,3556,140,14.8,45,1600,78.3,17.1,975.9,1010.9,0,999.6,1525,1004.1,14.5,4.3,1200,2.32,11.64,,,,,,9.3,5.6,20,14,19.3,19.4,19.2,19,18.6,15.9,,,,1.5,2.2,,{비}0110-{비}{강도0}0300-{비}{강도0}0600-0630.,
135,추풍령,1990-06-01,16.8,14.8,340,19.9,1715,.5,0,,0,,0,11,270,2205,6.2,270,2240,3.9,3396,270,12.7,58,1930,77,14.7,977.2,1007,2400,1003.8,1725,1005.7,14.5,2.6,1230,1.7,11.17,,,,,,8,4.3,17.9,11.1,17.8,18.1,18.5,18.4,18.3,15.9,,,,3.3,4.7,0,{비}1140-{비}{강도0}1200-1210.,
135,추풍령,1990-06-02,19.1,14.3,530,24.4,1558,,,,,,,11.3,270,2128,8,250,1230,4.5,3902,270,14.5,52,1700,76.3,16.6,979.5,1010.2,2400,1006.4,1540,1007.7,14.5,10.3,1130,3.41,26.69,,,,,,4.3,3.9,22.9,10.3,20.9,20.4,18.9,18.1,17.9,16.2,,,,5.4,7.6,,,
135,추풍령,1990-06-03,20.2,14.1,542,26.7,1600,,,,,,,5.5,270,930,4.3,270,950,1,834,270,13.7,36,1504,69.8,15.8,981.4,1012.3,820,1007.6,1820,1009.7,14.5,10.1,1100,2.87,21.33,,,,,,5.3,1.6,22.8,9.7,22,21.8,20.5,19,18.2,16,,,,3.7,5.2,,,
135,추풍령,1990-06-04,18.1,14.1,520,22.7,1642,,,,,,,4.2,250,1650,2.7,250,1640,.5,434,160,15.8,69,1640,87,18.1,977.4,1008,0,1003.7,1740,1005.8,14.5,0,1500,.82,8.24,,,,,,5.5,6,19.2,9.9,19.7,20.1,20,19.2,18.8,16.2,,,,1.8,2.6,,,
135,추풍령,1990-06-05,21.9,15,630,28.9,1546,,,,,,,7.1,250,1215,6,250,1150,1.8,1552,250,12.4,26,1500,59.3,14.7,979.5,1011.7,2400,1005.6,0,1007.6,14.5,12.4,1130,3.42,27.47,,,,,,0,0,26.1,10.4,23.9,23.1,20.7,19.2,18.8,16.3,,,,5,7.2,,,
135,추풍령,1990-06-06,21.7,13.3,600,29.9,1455,,,,,,,4.2,360,1302,2,360,1320,.7,616,140,15.7,34,1513,69.5,18,985.2,1016.8,2400,1011.7,0,1013.5,14.6,11.6,1230,2.98,24.21,,,,,,2,2,26.5,8.9,25.2,24.2,22.2,20.4,19.2,16.4,,,,3.7,5.2,,,
135,추풍령,1990-06-07,22.7,15.9,500,29.7,1536,,,,,,,5.9,110,1248,4,110,1250,1.1,934,110,16.2,38,1608,69,18.5,986.1,1016.8,0,1010.9,1800,1014.3,14.6,9.6,1200,2.84,22.86,,,,,,5.3,2.3,27.2,11.9,26.3,25.7,23.4,21.4,20.1,16.4,,,,4.3,6.2,,{박무}0430-{박무}{강도0}0600-{박무}{강도0}0900-0940.,
135,추풍령,1990-06-08,18.7,17,525,21.1,1120,9.5,1,1710,4.4,1640,21,17.5,90,1510,7.3,90,1720,2.5,2172,50,16.9,68,936,89,19.2,973.6,1012.4,0,988.7,2400,1001.8,14.6,0,900,.64,3.33,,,,,,10,5,19.9,13,20.8,21.7,22,21.4,21,17,,,,1.7,2.5,21,{비}1115-{비}{강도0}1200-{비}{강도0}1500-{비}{강도0}1800-2045.,
135,추풍령,1990-06-09,17.8,15.9,820,20.2,330,.58,0,,0,,0,19.2,270,414,10,270,430,5.6,4806,270,15,68,1800,83.8,17.1,967.3,1002.9,2400,987.7,100,995.4,14.6,7.2,1200,2.55,15.17,,,,,,8,6,18.4,9.9,18.9,19.8,20,19.9,20.1,17.1,,,,3.1,4.6,,{비}0740-0815.,
135,추풍령,1990-06-10,19.9,13.3,605,26.6,1241,.33,0,,0,,0,14.2,250,1135,8.3,250,1200,2.3,1970,250,15.4,45,1032,77,17.6,976.9,1009,2400,1002.9,0,1005.1,14.6,6.7,1100,2.86,19.63,,,,,,4,2.3,21.2,8.9,20.4,20.2,19.6,19.2,19.1,17.4,,,,3.8,5.4,0,{소나기}1620-1640.,
135,추풍령,1990-06-11,21.6,15.9,336,28.5,1526,,,,,,,9.9,270,1220,6.3,270,1250,1.9,1623,270,13.8,36,1600,64.8,15.9,980.5,1011.2,630,1007.4,1950,1008.7,14.6,10.8,1145,3.5,25.26,,,,,,3,3,24.4,11.7,22.8,22.4,20.8,19.7,19.6,17.5,,,,4.3,6.1,,{박무}0220-{박무}{강도0}0300-{박무}{강도0}0600-0830.,
135,추풍령,1990-06-12,20.3,15.5,530,25.3,1357,,,,,,,7.5,270,45,5.3,270,10,1.6,1412,270,16.6,50,1342,81,18.9,977.8,1008.4,100,1003.7,1733,1005.9,14.6,6.9,1200,2.93,18.12,,,,,,5,3.8,22.7,12.2,22.9,22.9,21.6,20.4,20,17.4,,,,2.8,4,,{박무}0520-{박무}{강도0}0600-{박무}{강도0}0900-1020.,
135,추풍령,1990-06-13,22.8,15.1,525,30,1500,,,,,,,6.2,140,1920,4,160,2010,1.4,1212,140,17.6,37,1352,75.3,20.3,977.9,1007.8,700,1003.8,1532,1005.9,14.6,8.9,1230,3.2,22.26,,,,,,6.5,4.3,27.6,11.3,24.4,24.5,22.5,21,20.1,17.4,,,,4.8,6.8,,{박무}0510-{박무}{강도0}0600-0830.,
135,추풍령,1990-06-14,23.1,16.7,540,30.2,1411,,,,,,,5.8,160,1325,2.5,140,1420,.5,457,160,19.1,58,1420,79,22.1,979.2,1008.6,840,1005.6,1600,1007.1,14.6,7.8,1200,2.94,20.69,,,,,,8.8,6,26.5,13.5,26.3,25.9,23.8,21.9,21.1,17.7,,,,3.9,5.6,4,,
135,추풍령,1990-06-15,21.6,20.1,2400,24.4,1635,7.67,.6,400,2.4,350,5.4,6.2,140,1140,4,140,1210,.9,790,140,19.6,66,1635,88.5,22.9,976.6,1006.5,0,1003.4,1730,1004.7,14.6,1.4,1430,1.79,8.52,,,,,,9.5,5.5,24.1,18.4,24.1,24.2,23.5,22.3,21.2,17.8,,,,1.5,2.1,67.8,{박무}0815-{박무}{강도0}0900-1030.  {비}0320-{비}{강도0}0600-{비}{강도0}0900-0940.  {비}1310-1340.{비}2310-{비}{강도0}2400-,
135,추풍령,1990-06-16,20.7,17,700,24.8,1510,7.67,12,320,42.5,230,66.4,11.2,270,1232,6.7,250,1230,3.7,3198,250,15.6,51,1450,76.5,17.8,980.2,1012,2400,1005.1,210,1008.4,14.6,9.2,1145,3.41,22.03,,,,,,6.3,4.3,23.2,13,22.5,22.9,22.4,21.6,21.6,18.6,,,,4.1,5.9,,-{비}-{소나기}0030-{소나기}{강도2}0300-{비}0420-{비}{강도0}0600-0740.  {뇌전}{강도0}(N 3-4)0035-{뇌전}{강도0}(N{이동}NE2-3)0050-{뇌전}{강도0}(NE{이동}E 3-4)0110-0130.  {뇌전}{강도0}(W 4-5)0320-{뇌전}{강도1}(W{이동}NW 1-2)0324-{뇌전}{강도0}(NW{이동}N 3-4)0332-{뇌전}{강도0}(N{이동}NE 3-4)0342-0352.,
135,추풍령,1990-06-17,22.2,16.1,600,29.9,1739,,,,,,,10,270,1025,5.7,270,1040,1.8,1586,270,16.6,36,1730,73.8,19.1,985.5,1015.3,820,1012,0,1013.7,14.7,12.8,1100,3.02,24.63,,,,,,3,.6,25.3,12.6,24.2,23.8,22.4,21.4,21.3,18.8,,,,5,7.2,,,
135,추풍령,1990-06-18,21.5,15.8,530,27.6,1450,,,,,,,3.2,140,758,2.7,140,820,.6,512,50,17.9,52,1655,81.3,20.5,983.3,1015.1,100,1008.3,1800,1011.5,14.7,6.2,1300,2.4,14.08,,,,,,7.5,4.3,23.4,11.6,23.3,23.5,22.7,21.9,21.6,18.7,,,,2.8,4,,,
135,추풍령,1990-06-19,22.4,19.3,2400,27,1120,11.33,3.7,2040,16.2,2030,56.2,12.2,270,1150,7.7,270,1210,1.6,1422,50,20.4,63,1125,88.8,24.1,979.9,1010.7,2300,1006.5,1740,1007.9,14.7,0,1000,.67,3.98,,,,,,10,6.5,22.6,18.6,22.5,23,22.7,22.1,21.6,18.7,,,,1.1,1.5,64.7,{비}1145-1155.  {비}1250-{비}{강도0}1500-{비}{강도0}1800-{비}{강도0}2100-{비}{강도0}2400-,
135,추풍령,1990-06-20,18,17.2,1800,19.3,0,13.25,1.6,1030,5.5,1000,24.3,5.8,70,1835,3.3,70,1900,1.1,962,70,16.9,90,300,93.3,19.3,980.8,1011.6,740,1006.2,2400,1009.3,14.7,0,1000,.52,3.67,,,,,,10,4.4,19.4,16.8,20.2,20.9,21.3,21.3,21.8,19,,,,.6,.9,15.8,-{비}-0030.  {비}0530-{비}{강도0}0600-{비}{강도0}0900-{비}{강도0}1200-{비}{강도0}1500-{비}{강도0}1800-1815.,
135,추풍령,1990-06-21,20.9,17.8,0,23.7,1309,6.42,2.2,1330,8.7,1330,15.5,11.4,270,1740,5.3,270,1800,1.7,1440,270,19.8,90,2300,93,23.2,976,1008.1,2300,1001.8,800,1004.1,14.7,0,1100,.73,5.19,,,,,,10,5.6,21.4,17.7,21.1,21.3,20.9,20.8,21.1,19.4,,,,1,1.4,15.5,{비}1015-{비}{강도0}1200-{비}{강도0}1500-1640.,
135,추풍령,1990-06-22,22.9,18.2,610,27.5,1406,,,,,,,8,270,32,4.7,270,10,1.1,944,250,20.3,64,1400,85.3,23.9,981.9,1012,2304,1007.7,0,1009.9,14.7,5.6,1300,2.62,17.14,,,,,,9.5,4.3,25.5,15,24.2,23.6,21.9,20.9,21.1,19.4,,,,2.5,3.4,.7,,
135,추풍령,1990-06-23,25.8,21.4,300,31.5,1445,1.33,.3,410,.6,405,.7,8.5,270,1825,6,270,1810,1.4,1206,270,22.2,55,1425,82.3,26.9,984.6,1014.5,2230,1010.9,1600,1012.4,14.7,7.6,1200,3.25,22.63,,,,,,8.3,5.4,27.1,20,27.2,26.2,23.9,22.1,21.5,19.4,,,,3.6,5.2,0,{비}0210-0225.  {비}0405-0510.  {박무}0530-{박무}{강도0}0600-{박무}{강도0}0900-0930.,
135,추풍령,1990-06-24,22.4,21,2400,26.9,1114,12.58,1.5,2140,2.6,1600,14.2,7.6,180,1220,5,180,1230,.9,780,140,21.4,87,1140,94,25.5,984.3,1014.2,0,1010.6,2400,1012.4,14.7,1.8,1100,1.65,7.79,,,,,,7.5,4,24,18.8,24.1,24.1,23.9,22.9,22.2,19.3,,,,1,1.3,21.3,{소나기}0035-0050.  {비}1140-{비}{강도0}1200-{비}{강도0}1500-{비}{강도0}1800-{비}{강도0}2100-{비}{강도0}2400-,
135,추풍령,1990-06-25,22.1,20.8,450,23.2,1434,22.5,1.7,910,5.2,910,27.5,10.6,90,1525,6,90,1610,1.8,1529,90,21.4,91,2400,95.8,25.5,976.1,1010.6,0,998.3,2317,1004,14.7,0,1000,.45,2.52,,,,,,10,4.9,23.1,18.8,23,23.3,23,22.5,22.3,19.4,,,,.8,1.2,21.9,-{비}-{비}{강도0}0300-{비}{강도0}0600-{비}{강도0}0900-{비}{강도0}1200-{비}{강도0}1500-{비}{강도0}1800-{비}{강도0}2100-{비}{강도0}2400-,
135,추풍령,1990-06-26,22.5,21,2400,23.3,1113,5.33,.3,200,.9,200,1.5,12.5,270,1156,8.3,270,1140,3.1,2719,270,21,83,1140,91.3,24.9,970.4,1002.1,2400,996.3,650,998.1,14.7,.6,1000,1.17,5.05,,,,,,9,6,22.5,20.2,22.6,22.9,22.6,22.2,22.2,19.9,,,,1.9,2.7,,{비}0020-{비}{강도0}0300-0540.,
135,추풍령,1990-06-27,20.6,17.2,2400,24,1250,3.33,.3,1700,.9,1630,1.2,7,140,2145,5,140,2200,2.2,1862,90,19.4,82,1140,91.3,22.7,976.2,1007.9,2300,1002,100,1004.3,14.6,.8,1100,1.59,7.14,,,,,,10,5.6,22,16.5,22.2,22.5,22.1,21.7,21.9,19.9,,,,.5,.7,1.2,{비}1130-{비}{강도0}1200-1220.  {비}1630-{비}{강도0}1800-1820.  {비}1930-2010.,
135,추풍령,1990-06-28,17.6,16.5,2400,19.1,1550,9,.8,2300,1.5,2300,3.1,9.3,110,1810,5.7,140,1640,2.9,2504,70,16.5,90,0,93.3,18.7,979.8,1009.5,2300,1007.1,410,1008.2,14.6,0,930,.84,5.36,,,,,,10,5.1,19.5,15.8,20.2,20.9,21.2,21.4,21.5,19.7,,,,.7,1,8.6,{비}1145-{비}{강도0}1200-1320.  {비}1635-{비}{강도0}1800-{비}{강도0}2100-{비}{강도0}2400-,
135,추풍령,1990-06-29,17.9,15.9,600,21.3,1431,3.67,2.1,450,4.4,430,5.5,8,50,255,4,90,2400,2.7,2299,50,16.5,88,1431,91,18.8,981.3,1011.4,2145,1008.1,305,1009.7,14.6,0,945,1,6.8,,,,,,10,4.1,20,15.2,20.3,20.5,20.4,20.7,21.2,19.7,,,,1.4,1.9,,-{비}-0040.  {비}0340-{비}{강도0}0600-0640.,
135,추풍령,1990-06-30,17.5,16.1,2400,18.6,1200,,,,,,,8.3,50,1508,5,50,1520,2.5,2134,50,15.8,85,830,89.8,18,982.3,1011.5,600,1009.6,1330,1010.9,14.6,0,800,.86,6.76,,,,,,9.3,4.5,19.6,13,20,20.3,20.3,20.4,20.7,19.7,,,,1,1.5,,,
135,추풍령,1990-07-01,17.6,15.5,200,19.8,1500,,,,,,,11.2,70,2127,5.7,70,2120,3.2,2752,50,15.5,81,1454,87.5,17.6,980.8,1010.9,935,1007.4,2400,1009.3,14.6,0,930,.86,5.38,,,,,,10,3.6,19,11.9,19.1,19.4,19.6,20,20.5,19.5,,,,1.1,1.7,7.3,,
135,추풍령,1990-07-02,18.1,15.9,330,19.5,1335,23.75,.9,730,3,700,17.2,8.5,90,907,4.7,70,1220,2.7,2294,90,17.2,92,0,94.3,19.6,975.4,1007.4,0,1002.2,1720,1003.8,14.6,0,1230,.9,4.15,,,,,,10,4.9,19.1,15,19.4,19.7,19.5,19.7,20.3,19.6,,,,1.5,2.1,14.9,{비}0015-{비}{강도0}0300-{비}{강도0}0600-{비}{강도0}0900-{비}{강도0}1200-{비}{강도0}1500-{비}{강도0}1800-{비}{강도0}2100-{비}{강도0}2400-,
135,추풍령,1990-07-03,20.7,18.5,530,24.7,1532,10.42,.6,150,2.2,130,5.3,13.4,270,2104,8,270,2110,3.1,2658,270,18.9,75,1645,89.5,21.9,975.1,1007,2400,1001.3,400,1003.1,14.6,4.2,1400,2.98,11.85,,,,,,7.3,4.6,22.9,17.2,21.4,21.3,20.5,19.9,19.9,19.4,,,,2.3,3.5,.3,-{비}-{비}{강도0}0300-{비}{강도0}0600-{비}{강도0}0900-1025.,
135,추풍령,1990-07-04,20.5,17.5,547,24.5,1525,.25,0,,0,,0,11.5,270,150,9,270,50,3.7,3199,270,18.1,69,1530,86.5,20.9,980.9,1010.5,2200,1006.9,115,1009.1,14.6,3.6,1300,2.69,13.97,,,,,,7.5,3.9,22.1,17,21.3,21.5,20.7,20.3,20,19.2,,,,2.3,3.3,,{비}0815-0830.,
135,추풍령,1990-07-05,23.1,17.6,331,29.5,1530,,,,,,,6.5,250,1315,3.3,230,1340,1,830,230,19.1,48,1520,80,22.2,981,1011.1,719,1006.2,1630,1008.9,14.6,11.3,1145,3.03,22.42,,,,,,4.5,.4,26.2,13.4,24.6,23.9,22,20.7,20.5,19.3,,,,3.9,5.5,7.4,,
135,추풍령,1990-07-06,24.4,20.3,300,30.5,1411,1.5,2.2,720,4.8,615,7.4,7.1,230,1240,4,70,1340,.7,626,140,22.7,65,1320,91,28,978.8,1008.1,920,1003.4,1800,1006.6,14.6,6.1,1130,3.25,17.61,,,,,,8,6.4,26.4,18.2,25.7,25.4,23.7,22.1,21.5,19.4,,,,3,4.6,,{소나기}0615-0645.  {소나기}0715-0815.  {천둥}{강도0}(NW)0605-{뇌전}{강도0}(NW 5-6)0615-0635.,
135,추풍령,1990-07-07,26,23.3,300,30.5,1541,,,,,,,6.5,110,2300,5.7,70,1500,1.7,1458,70,24.2,83,1250,89.8,30.3,976.1,1005.1,0,1001.9,1600,1003.6,14.6,2.7,1400,2.67,13.22,,,,,,8.5,6.9,28.7,21,26.7,26.2,24.7,23.2,22.2,19.4,,,,2.3,3.3,,{박무}0510-{박무}{강도1}0600-{박무}{강도0}0900-1020.,
135,추풍령,1990-07-08,25.8,22.4,2400,30.9,1638,.08,0,,0,,0,6.8,250,1540,4.7,230,1600,1.2,1038,90,24.1,63,1850,90.3,30.1,976.3,1007,2400,1002.3,421,1003.9,14.5,7.7,1515,2.68,17.06,,,,,,6.5,3.9,25.9,18.4,26.2,26.1,24.9,23.6,22.9,19.8,,,,3.4,4.8,0,{소나기}1440-1445.,
135,추풍령,1990-07-09,25.1,20,438,32.1,1421,1,3.2,1810,6.5,1750,6.5,9.8,180,1808,6.7,180,1830,.8,722,140,22.8,60,1403,86.8,28.1,980.3,1009.6,900,1006.7,300,1008.1,14.5,9.1,1100,2.99,23.56,,,,,,5.3,2.9,30.5,17.4,29.5,28.4,26,24,22.9,19.9,,,,4.4,6.8,6.5,{소나기}1750-{소나기}{강도0}1800-1850.  {천둥}{강도0}(W)1740-{천둥}{강도0}(W)1800-1815.  {박무}0220-{박무}{강도1}0300-{박무}{강도1}0600-{시정(미만)}{1km}{안개}0620-{시정(미만)}{0.5km}{안개}0635-{시정(이상)}{0.5km}{안개}0650-{시정(이상)}{1km}{박무}0730-0830.,1.17
135,추풍령,1990-07-10,26.4,22.8,120,30.5,1445,,,,,,,5.5,230,1550,4,230,1340,.9,790,140,23.7,64,1440,84.5,29.3,980.6,1010,700,1006.4,2400,1008.2,14.5,7,1000,2.69,18.96,,,,,,9.5,7,29.4,20.8,28.4,27.9,26.5,24.8,23.5,20.2,,,,3.4,4.9,.1,,
135,추풍령,1990-07-11,24.7,23.1,1800,29.7,1120,10.58,23.6,1650,32,1630,56.5,14.5,90,2035,7.7,90,2030,1.9,1664,90,23.6,75,1130,93.8,29.2,974.6,1006.4,0,997.1,2100,1002.2,14.5,2.3,1000,2.09,7.41,,,,,,9.8,4.3,25.3,20.2,25.8,26.3,26,25,24.1,20.7,,,,.9,1.3,56.5,{비}0150-{비}{강도0}0300-0430.  {비}1225-{비}{강도0}1500-{소나기}1630-{비}1715-{비}{강도0}1800-2020.{천둥}{강도0}(S)1630-{뇌전}{강도0}(S{이동}SE 3-4)1650-1710.,
135,추풍령,1990-07-12,24.5,22.8,420,28,1622,1.2,.2,900,.3,850,.3,10.8,270,2032,7.7,270,2200,3.4,2950,270,22.7,74,1710,89.5,27.6,968.9,999.7,2400,995,715,996.4,14.5,3.6,1400,1.92,10.71,,,,,,7.5,5.6,25.9,21.2,25.1,25.3,24.9,24.5,23.5,20.7,,,,2.6,3.7,.2,{소나기}0850-{소나기}{강도0}0900-0940.  {소나기}1030-1052.,
135,추풍령,1990-07-13,24,21.5,530,28.7,1740,,,,,,,9.9,270,328,8,270,330,3.2,2740,270,21,60,1552,84.8,24.9,972.5,1002.2,2330,998.9,1810,1000.1,14.5,7.2,1500,1.56,13.93,,,,,,7,4.4,25.1,19.2,24.8,25.2,24.6,24,23.7,21.3,,,,2.1,3.4,18.8,,
135,추풍령,1990-07-14,21.8,21.2,200,22.4,1500,14.42,5.9,710,11.8,700,38.5,7.3,110,1225,5,110,1320,1.4,1180,110,20.9,91,200,94.5,24.7,972.3,1001.8,700,998.1,1800,1000.2,14.4,0,1115,.7,2.59,,,,,,9.5,4.9,22.8,18.9,23.2,23.9,24.3,23.8,23.7,21.4,,,,.7,1,19.7,{비}0555-{비}{강도0}0600-{비}{강도0}0900-{비}{강도0}1200-{비}{강도0}1500-{비}{강도0}1800-2020.,
135,추풍령,1990-07-15,24.4,21.3,600,28.6,1652,1.67,5.7,2210,15.6,2200,19,7.2,360,2204,4,360,2220,.6,524,50,23,91,1400,92,28.2,974.4,1004.5,2216,1000.4,230,1002.1,14.4,4.6,1315,2.23,13.38,,,,,,9.3,6.6,26.5,18.6,25.6,25.2,24,23.9,23.1,21.4,,,,.8,1.2,66.7,{소나기}2150-2310.  {소나기}2340-{소나기}{강도0}2400-  {뇌전}{강도0}(W 3-4)2140-{뇌전}{강도0}(W{이동}NW 3-4)2150-2208.  {박무}1020-{박무}{강도0}1200-{박무}{강도0}1500-{박무}{강도0}1800-{박무}{강도0}2100-{박무}{강도0}2400-,
135,추풍령,1990-07-16,24.8,21.8,550,29.8,1625,5.7,8,400,26.9,400,47.7,7.2,270,1832,5.7,270,1650,1.8,1519,50,23.1,68,1752,90,28.3,972.1,1003.3,0,997,1200,999.6,14.4,3.5,1300,2.5,12.94,,,,,,8.8,5.3,26.3,21.2,26.5,26.2,25.1,24.2,23.6,21.9,,,,2.6,3.7,,-{소나기}-0142.  {소나기}0250-{소나기}{강도0}0300-{소나기}{강도0}0600-0650.,
135,추풍령,1990-07-17,24.8,20.5,520,29.9,1319,1.33,13.3,1610,18.1,1600,18.1,10,230,1600,3,110,1350,.8,695,140,23,74,1306,90.3,28.4,972.2,1002,935,998.6,1500,999.7,14.4,1.4,1145,2.76,11.44,,,,,,7.5,4,26.4,18.3,26.1,26,25.2,24.4,23.9,21.7,,,,.9,1.4,53.2,{소나기}1550-1710.  {뇌전}{강도0}(W 3-4)1540-{뇌전}{강도1}(W{이동}NW 2-3)1557-1620.  {박무}0410-{박무}{강도0}0600-{박무}{강도0}0900-0930.,
135,추풍령,1990-07-18,24.6,23.1,2400,28.8,1350,10.5,8,750,27,700,75.3,10.2,270,1702,5.3,270,1720,1.4,1244,270,23.3,82,1300,92.3,28.6,971.7,1003.5,2400,997.1,340,999.3,14.4,2.8,1015,2.4,7.72,,,,,,9.5,5.6,25,18.6,25,25.5,25.1,24.4,23.9,21.8,,,,1,1.4,46.4,{소나기}0625-{소나기}{강도0}0900-1030.  {소나기}1530-1750.  {소나기}1910-{소나기}{강도0}2100-2230.  {비}2315-{비}{강도0}2400-  {뇌전}{강도0}(NW 2-3)0720-{뇌전}{강도1}(NW{이동}W 2-3)0730-0750.  {뇌전}{강도0}(NE 2-3)0805-{뇌전}{강도0}(NE{이동}E 3-4)0815-0820.  {뇌전}{강도0}(S 3-4)1950-{뇌전}{강도0}(S{이동}SW 3-4)2010-2015.,
135,추풍령,1990-07-19,25,22.4,530,28.8,1705,6.08,3,100,4.4,10,7.8,5,140,1432,2.3,140,1440,.5,474,50,23.8,91,850,92.5,29.6,978.1,1009.8,2400,1003.3,310,1005.7,14.4,1.8,1300,1.82,11.04,,,,,,10,4.6,27.8,21.7,26.8,26.5,25.3,24.6,24.1,22.1,,,,2,2.9,1.6,-{비}-0250.  {비}0410-0515.  {비}0925-1050.  {비}1245-1330.  {박무}0430-{박무}{강도1}0600-0650.,
135,추풍령,1990-07-20,25.9,23.3,551,29.7,1540,,,,,,,4.1,50,255,3,20,110,1.1,988,50,24.4,82,1730,91.3,30.6,982.2,1011.7,2400,1009,35,1009.9,14.3,4.8,1015,2.85,15.85,,,,,,8,3.5,28.4,22.6,27.8,27.5,26.3,24.9,24.5,22.2,,,,3,4.2,,,
135,추풍령,1990-07-21,26.5,22,600,31,1505,,,,,,,8,270,1128,6,270,1340,1.5,1318,270,21.6,60,1210,83.3,26.1,984.2,1013.5,2330,1010.5,1545,1011.9,14.3,10,1100,2.82,20.69,,,,,,6.5,5.1,29.8,20.6,28.8,28.3,26.7,25.5,24.8,22.3,,,,5.2,7.5,,,
135,추풍령,1990-07-22,26.2,21,630,31.3,1432,,,,,,,5,230,1442,3,230,1450,.5,420,200,23,60,1450,84,28.1,985,1014.6,810,1011,1912,1012.8,14.3,6.8,930,2.81,19.51,,,,,,5.3,3.1,30.2,18.8,28.9,28.4,27.3,25.9,25.1,22.4,,,,3.9,5.4,,,
135,추풍령,1990-07-23,25.7,22.9,2400,29.3,1733,,,,,,,6.9,250,935,4.3,250,1100,.9,766,250,23,66,1325,85.8,28.1,982.2,1012.2,200,1007.3,1800,1009.9,14.3,6,1100,2.04,12.27,,,,,,8.3,2.6,27.7,21,27.6,27.8,27.3,26.2,25.6,22.6,,,,3,4.3,,,
135,추풍령,1990-07-24,25.7,20.4,600,31.4,1632,,,,,,,11.4,270,1050,7,270,2340,2.1,1837,270,22.5,60,1700,83,27.4,977.7,1008.2,0,1001.4,1800,1005.3,14.2,9,1015,2.99,21.55,,,,,,4,3.6,28.5,19,28.4,28,27,25.9,25.4,22.5,,,,4.8,6.8,,{박무}0130-{박무}{강도0}0300-{박무}{강도0}0600-0730.,
135,추풍령,1990-07-25,25.6,21.6,540,28.6,1614,.33,.5,915,.5,,.5,13,270,902,6,270,850,1.7,1452,270,23.1,76,845,85.8,28.2,976.3,1005.2,910,1002.4,1715,1003.9,14.2,2.2,1500,1.6,12.1,,,,,,6.3,4.5,26.9,20,26.8,27,26.6,25.9,25.5,22.7,,,,2.2,3.1,.5,{소나기}0910-0930.,
135,추풍령,1990-07-26,25.3,22,511,30.9,1359,2.83,10,1950,24.3,1940,34.1,11.2,250,1940,5.3,140,2010,.6,478,160,22.6,62,1345,86.8,27.4,978.1,1006.7,2400,1004,1800,1005.7,14.2,3.5,1200,3.39,18.46,,,,,,8.8,3.8,27.7,20.2,27.6,27.6,26.7,26,25.4,22.9,,,,2.1,3,34.1,{소나기}1930-{비}2030-{비}{강도0}2100-2220.,
135,추풍령,1990-07-27,26.7,22.4,510,32.2,1652,,,,,,,5.4,270,1940,4,270,1950,.8,678,270,23.9,61,1240,84.8,29.7,979.5,1008.6,2400,1005.3,1800,1007,14.2,9,1045,3.23,23.3,,,,,,5.8,5.6,30.1,21.1,29.1,28.5,27.3,26.1,25.4,22.9,,,,4.6,6.2,,{박무}0030-{박무}{강도0}0300-{박무}{강도0}0600-0715.,
135,추풍령,1990-07-28,27.4,22.4,545,33.1,1452,,,,,,,7,250,1025,4,250,950,1.2,1068,250,23.9,55,1450,82.8,29.8,982.3,1011.3,820,1008.5,1612,1009.8,14.1,10.6,1045,3.15,25.01,,,,,,2.5,2.8,30.8,20.6,29.5,29.5,28.4,26.7,25.7,23.1,,,,5.4,7.6,,,
135,추풍령,1990-07-29,28.2,24.2,415,34.1,1555,,,,,,,5.9,250,840,4,250,910,1.2,999,270,24.5,49,1518,82.3,30.8,983.7,1013.1,850,1008.6,1800,1011.2,14.1,11.6,1000,3.11,26.04,,,,,,2.3,1.3,32.8,21.8,31.9,31.2,29.2,27.3,26.4,23.3,,,,5.4,7.7,,,
135,추풍령,1990-07-30,28.3,24.2,620,34,1535,,,,,,,3.5,270,1616,2.7,270,1630,.5,421,140,25.5,57,1535,86,32.7,982.8,1012.3,800,1007.7,1720,1010.3,14.1,7.3,1200,2.94,21.37,,,,,,5.5,3.4,31.2,22.2,30.9,30.5,29.4,27.6,26.7,23.4,,,,4.4,6.3,,{박무}0645-{박무}{강도0}0900-1020.,
135,추풍령,1990-07-31,27.1,22.9,525,33,1627,,,,,,,8.1,270,2235,5.3,270,2320,1.8,1569,270,23.1,46,1705,80.5,28.4,980.7,1009.9,638,1005.7,1800,1008.2,14.1,10.5,1100,3.14,25.7,,,,,,5.3,2.1,31.7,20.5,30.9,30.5,29.5,27.8,27.2,23.7,,,,5.5,7.9,,,
135,추풍령,1990-08-01,26.7,21.6,515,32.4,1614,,,,,,,9.5,250,1042,6.3,250,1050,3.4,2932,270,23,60,1440,81.5,28.1,978.7,1008.2,522,1003.6,1640,1006.2,14,10.8,1045,3.15,24.41,,,,,,2,0,31.4,18.8,30.4,29.8,28.7,27.1,26.8,23.8,,,,5.1,7.2,,,
135,추풍령,1990-08-02,27.4,20,600,34.9,1456,,,,,,,3.7,230,1610,2.3,230,1620,.4,350,250,22,35,1405,75,26.7,977.7,1006.6,600,1002.9,1550,1005.1,14,11.6,1200,2.84,25.27,,,,,,1.3,.6,32.1,16.8,31.3,30.8,29.5,27.8,27.1,24.1,,,,5,7.1,,,
135,추풍령,1990-08-03,26.8,23.1,535,33.2,1253,.67,2.6,1430,3.8,1410,3.8,5.3,270,2325,4.3,270,2400,1.4,1186,270,24.5,57,1225,87.3,30.9,978,1006.5,2400,1003.8,1655,1005.4,14,8.7,1000,2.64,19.82,,,,,,3.5,3.3,30,20.7,29.4,29.6,29.1,27.7,27.1,23.9,,,,4.9,6.9,3.8,{소나기}1410-1450.,
135,추풍령,1990-08-04,27.8,22.6,600,33.7,1439,,,,,,,5.2,270,30,4,270,100,1,864,140,22.9,46,1440,77.3,28.1,977.6,1006.5,0,1002.4,1800,1004.9,13.9,7.9,1030,2.88,18.92,,,,,,3.3,2.8,30.3,20.4,30.3,30.1,29,27.6,27.2,24.2,,,,4.3,6,,,
135,추풍령,1990-08-05,27.5,21.9,610,33.4,1455,,,,,,,3.7,140,1100,2.3,140,1120,.4,372,70,23.7,49,1700,81.8,29.3,974.8,1005.3,0,999.6,1700,1002.2,13.9,8.4,1315,3.07,20.71,,,,,,2,1.8,31.4,20.2,31.1,30.6,29.3,27.8,27.2,24.2,,,,4.4,6.1,,{박무}0540-{박무}{강도0}0600-{박무}{강도0}0900-1020.,
135,추풍령,1990-08-06,27.9,23.4,620,35,1623,,,,,,,5.7,230,920,4.3,230,940,1.1,959,230,21.5,30,1450,73.3,26.2,973.4,1002.1,0,998.8,1540,1000.6,13.9,8.4,1130,3.03,22.12,,,,,,3.3,2.5,32.8,20.8,32.3,31.7,30,28.2,27.3,24.3,,,,5,7.2,,{박무}0502-{박무}{강도0}0600-{박무}{강도0}0900-1120.,
135,추풍령,1990-08-07,28,21.7,600,34.1,1345,,,,,,,5,50,1359,2.3,140,1250,.8,683,70,23.6,46,1318,79,29.2,974.5,1004.6,2400,1000.1,1700,1001.8,13.8,9.7,1230,3.05,22.49,,,,,,1.8,2,33.6,19.2,32.8,32.1,30.4,28.6,27.5,24.6,,,,5.1,7.2,,{박무}0420-{박무}{강도0}0600-{박무}{강도0}0900-0931.,
135,추풍령,1990-08-08,27.2,22.6,625,32,1440,,,,,,,5.6,90,2201,3.3,90,2200,1.1,974,90,23.4,60,1516,80.5,28.9,976.8,1005.5,800,1002.4,1800,1004.3,13.8,7,1115,2.78,16.85,,,,,,7.8,5.5,31.8,20.4,31.6,31.4,30.3,29,27.6,24.5,,,,2.8,4.1,,,
135,추풍령,1990-08-09,25.1,21.4,1611,31.2,1524,1.67,12.2,1550,19.2,1540,19.2,17.4,180,1553,10.3,180,1610,1.2,1074,50,22.4,64,1510,85.8,27.1,975.5,1004.8,620,1000.3,1520,1003,13.8,5.1,1300,2.29,12.56,,,,,,7,6.1,29.7,19.2,29.5,29.5,29.1,28.3,27.5,24.6,,,,1.1,1.5,20.7,{소나기}1540-1720.  {뇌전}{강도0}(W 3-4)1550-{뇌전}{강도0}(W{이동}NW 2-3)1605-1620.,
135,추풍령,1990-08-10,25.5,22,530,30.9,1716,1.75,.7,50,1.5,20,1.5,7.8,250,2231,5.7,270,2400,1.6,1394,140,23.2,64,1706,87.8,28.6,973.6,1004.3,2400,999.6,1510,1001.1,13.7,7.3,1300,2.29,16.79,,,,,,5.5,4.1,28.6,20.3,28.2,28.3,28,27.5,27.1,24.7,,,,4.5,6.4,,{비}0005-0150.  {박무}0410-{박무}{강도0}0600-{박무}{강도0}0900-1040.,
135,추풍령,1990-08-11,25.8,21.5,2400,32.4,1606,,,,,,,8.8,270,255,6,270,310,3.1,2642,250,19.4,30,1540,71,22.9,978.9,1009,2400,1004.3,0,1006.5,13.7,11.3,1100,3.22,25.3,,,,,,2.5,2,30,17.2,29.5,29.5,28.7,27.8,26.8,24.6,,,,5,7.2,,,
135,추풍령,1990-08-12,25.4,18.2,636,34.3,1535,,,,,,,4.1,200,155,2.7,200,200,.5,453,140,19.4,32,1537,74,22.6,981,1010.7,700,1006.6,1800,1008.8,13.7,11.9,1315,3.02,23.57,,,,,,1,.5,29.7,15,29.3,29.3,28.5,27.5,26.9,24.7,,,,4.9,7,,,
135,추풍령,1990-08-13,26.7,18.1,620,34.1,1530,,,,,,,4.3,180,1140,3.3,180,1200,.9,770,180,20.8,40,1320,72.5,24.6,979.1,1009.3,0,1003.6,1730,1006.6,13.7,11.3,1100,2.85,23.43,,,,,,1.5,1.5,31.3,16.4,30.7,30.5,29.2,27.8,26.9,24.5,,,,4.2,5.8,,,
135,추풍령,1990-08-14,24.9,22.2,620,27.3,1620,2.33,.3,1030,.3,1030,.6,6.5,270,1800,5,270,1800,.8,723,270,23.2,83,1800,90.3,28.5,977,1006.9,2400,1003.8,1400,1004.7,13.6,0,1300,.77,6.22,,,,,,9,6.6,26.5,20.6,27.3,27.9,28.2,27.8,27.3,24.6,,,,1.7,2.4,2.7,{비}1030-{비}{강도0}1200-1250.,
135,추풍령,1990-08-15,25.2,23.5,2400,28.8,1409,6.33,.5,430,.7,600,2.4,5,270,840,4,270,1250,1,896,230,22.8,58,1724,86.8,27.8,981.3,1011.5,2200,1006.2,348,1009.1,13.6,2.2,1300,2.03,8.56,,,,,,9,6.5,26.8,21.4,26.9,27.2,27,26.9,26.8,24.6,,,,1.8,2.8,.3,{비}0330-{비}{강도0}0600-{비}{강도0}0900-0950.,
135,추풍령,1990-08-16,24,22.1,2400,29.6,1151,2.25,4.3,1400,10.6,1350,11,7,270,2255,5,270,2300,.7,584,290,22.5,72,1206,91.3,27.3,983,1011.4,0,1009.7,1800,1010.9,13.6,1.3,1100,2.05,6.58,,,,,,8.5,5.4,26.1,21.2,26,26.7,26.7,26.5,26.3,24.6,,,,1.8,2.6,11.6,{비}1330-1450.  {비}1620-1715.,
135,추풍령,1990-08-17,22.8,20.6,620,25.2,1632,1.5,.2,410,.3,410,.6,9.5,270,2025,3.7,270,2040,1.7,1434,270,21.2,83,2140,90.8,25.2,981.7,1010.8,2200,1008.2,1600,1009.7,13.5,.4,1300,1.16,6.33,,,,,,8.8,7.6,24.8,20,25.3,25.6,25.8,26,25.9,24.5,,,,1,1.7,,{비}0410-0515.  {비}0715-0740.,
135,추풍령,1990-08-18,22.9,20.6,630,26,1304,,,,,,,7.9,270,940,4,270,1000,2.3,1970,270,20.5,81,1315,86.3,24.2,981.4,1010.7,0,1007.3,1730,1009.4,13.5,0,1500,.71,5.08,,,,,,9.5,5.6,24.5,19.6,25,25.4,25.5,25.5,25.6,24.4,,,,1.8,2.7,,,
135,추풍령,1990-08-19,25.6,21.2,630,32.1,1509,,,,,,,5.2,90,1552,3.3,140,1420,1,866,140,22.8,66,1542,85.3,28,978.3,1008.4,0,1003.8,1500,1005.9,13.4,6.1,1300,2.79,17.8,,,,,,5.8,4.6,28.3,20,27.6,27.3,26.1,25.6,25.3,24.3,,,,3.9,5.8,,,
135,추풍령,1990-08-20,26.3,23.4,550,31.9,1208,5,8,1520,10.8,1510,16.4,8.5,70,1538,5,70,1530,.8,713,70,23.7,63,1217,86,29.5,977.7,1006.9,0,1002.3,1505,1005.1,13.4,4.6,1000,2.4,11.93,,,,,,5.8,4.8,28.6,23.1,28.3,28.2,27.4,26.5,25.9,24.3,,,,1,1.4,68.4,{소나기}1335-1355.  {소나기}1510-1610.  {비}2020-{비}{강도0}2100-{비}{강도0}2400-,
135,추풍령,1990-08-21,25,23.3,753,27.1,1521,11.3,5,700,17.5,650,59.1,7.6,90,959,4.3,90,1020,1.8,1522,90,23.5,81,1523,91.5,29,974.1,1005,0,999,2400,1001.7,13.4,0,1200,.99,4.66,,,,,,9.5,6.1,25.5,22.7,25.7,26.2,26.3,26.2,26.2,24.9,,,,1.1,1.5,7.1,-{비}-{비}{강도0}0300-{비}{강도0}0600-{비}{강도0}0900-1130.,
135,추풍령,1990-08-22,26.4,23.1,620,31.8,1412,4,1,2030,2.3,2110,4.5,15,270,2350,9.3,270,2330,2,1742,50,24,71,1350,86.8,30,966.9,999,0,990.8,1620,994,13.3,3.5,1230,2.97,12.85,,,,,,9.5,5.8,29.5,22.2,28.3,27.8,26.8,26.1,25.6,24.4,,,,2.1,3,4.5,{비}1850-{비}{강도0}2100-2250.,
135,추풍령,1990-08-23,24.9,21.6,2400,29.1,1530,,,,,,,16.2,270,32,9,270,250,5.6,4796,270,20,50,1500,75.8,23.5,973.6,1007.7,2400,994.2,0,1001.2,13.3,10.4,1100,3.65,25.64,,,,,,3.8,3.3,26.1,16.5,26.1,26.4,26.5,26.2,26.1,24.7,,,,4.9,6.9,,,
135,추풍령,1990-08-24,24.4,20,642,30.1,1520,,,,,,,7.5,250,345,4.7,250,320,1.9,1656,230,19.6,44,1440,77.5,23,981.6,1010.6,2400,1007.7,0,1009.5,13.3,10.4,1100,3.08,22.84,,,,,,1.8,1.4,27.1,16.6,26.7,26.8,26.3,25.9,25.6,24.4,,,,4.9,7,,,
135,추풍령,1990-08-25,23.8,19.1,600,29,1600,,,,,,,8.9,250,1050,7.3,250,1410,1.7,1450,250,19.6,50,1500,79.5,22.8,983.4,1012.4,2400,1009.9,1740,1011.3,13.2,11.2,1015,3.01,22.56,,,,,,.8,0,27.4,15.5,27.3,27.5,26.7,26.1,25.9,24.4,,,,4.3,6.2,,,
135,추풍령,1990-08-26,24.4,18.9,640,31.3,1412,,,,,,,5.5,50,2258,4,50,2350,.9,816,270,21.1,55,1510,83,25,985,1015.8,2400,1011,1530,1013,13.2,9.7,1300,2.97,20.59,,,,,,1,2.1,28.5,16,27.8,28.1,27.2,26.3,25.8,24.4,,,,3.7,5.3,,{박무}0520-{박무}{강도0}0600-{박무}{강도0}0900-0930.,
135,추풍령,1990-08-27,24.4,20,520,29.3,1550,,,,,,,6.6,110,1310,5,110,1100,1.8,1528,110,20.7,56,1530,81.3,24.5,989,1018.9,2400,1015.8,0,1017,13.2,7.5,1400,2.17,16.8,,,,,,5.3,6.1,28.8,17,27.8,28,27.3,26.6,25.9,24.3,,,,3.4,4.8,,,
135,추풍령,1990-08-28,23.6,19.8,600,28.7,1608,,,,,,,6.8,90,1510,3,90,1540,1.4,1204,50,20.4,55,1545,82.8,24,989.5,1019,600,1015.3,1800,1017.6,13.1,8.2,1100,2.08,16.63,,,,,,3.3,2.8,27.8,16.6,27.5,27.5,27,26.5,26.1,24.4,,,,4.2,6,,,
135,추풍령,1990-08-29,23.3,16.6,650,29.9,1605,,,,,,,5.2,140,904,2.3,140,910,.6,536,90,18.8,48,1442,78.3,21.7,986.2,1018,0,1011.3,1800,1014.3,13.1,11.1,1230,3.04,21.82,,,,,,2,1,29.6,13.7,28,27.7,26.8,26.2,25.8,24.4,,,,3.2,4.4,,,
135,추풍령,1990-08-30,23.8,18.6,400,31.7,1407,,,,,,,5,180,1427,4,140,1450,.5,452,140,20.6,48,1310,83.3,24.5,982.6,1012.6,0,1008.5,1810,1010.5,13.1,5,1230,2.71,13.64,,,,,,6,4.1,27.3,16.5,28.1,28.3,27.4,26.5,25.7,24.4,,,,3.1,4.4,,,
135,추풍령,1990-08-31,24.2,21.1,2130,29.9,1348,1.58,2.5,2250,5.2,2250,7.5,13.1,250,1730,8.3,250,1750,1.3,1113,110,22.3,72,1311,89.5,27.2,981.5,1010.7,2105,1007,1600,1009.4,13,1,1200,1.86,7.17,,,,,,7.5,3.6,26.6,20.2,27,27.1,26.9,26.6,26.2,24.5,,,,1.1,1.5,52.5,{비}2050-{비}{강도0}2100-2110.  {소나기}2245-{비}2320-{비}{강도0}2400-,
135,추풍령,1990-09-01,23.4,20.4,600,26.8,1640,10.42,5.2,510,13.3,50,45.8,10,90,2112,3.7,90,2310,1.5,1294,90,22.4,89,2400,94,27.2,979.9,1009.4,900,1005.4,1620,1007.8,13,2.2,1200,1.55,8.67,,,,,,9,5.9,24.9,20.2,25.1,25.4,25.7,25.5,25.7,24.4,,,,1,1.5,.8,-{비}-0255.  {비}0330-{비}{강도0}0600-0850.  {비}0940-1110.  {비}1650-1730.,
135,추풍령,1990-09-02,26.8,22,2400,31.5,1348,,,,,,,14,250,2148,8,250,2200,3,2596,140,22.1,60,1432,76.8,26.7,974.1,1006.1,0,997,1832,1001.4,12.9,6.4,1300,2.44,16.35,,,,,,7.3,6.3,27.9,20.6,27.9,27.5,26.6,25.8,25.4,24.4,,,,3.4,4.8,.2,,
135,추풍령,1990-09-03,21,19.1,700,23.6,1235,2.67,.1,510,.2,500,.3,14,270,902,9,270,920,3.5,3022,270,18.6,70,1238,86,21.5,976.9,1011.3,2400,999.7,235,1005,12.9,1.9,1100,2.68,8.54,,,,,,9.3,4.9,22.2,18.2,23.5,24.3,25.4,25.6,25.7,24.6,,,,2,2.9,.4,{비}0450-{비}{강도0}0600-0710.  {비}1550-1610.,
135,추풍령,1990-09-04,21.6,17.4,640,26.4,1408,.83,.2,210,.3,150,.3,4.3,50,145,3,50,150,1.2,1002,50,18.6,61,1308,83.8,21.5,985.8,1016.3,2400,1011.3,0,1014.1,12.9,6.5,1100,2.97,17.74,,,,,,7.8,5,24,15.2,24.7,25,24.8,24.9,25,24.4,,,,3.2,4.4,,{비}0150-0240.,
135,추풍령,1990-09-05,22.2,19,640,27.1,1410,,,,,,,5,140,1215,3,140,1520,.8,712,140,19.8,67,1340,86.5,23.1,988.4,1017.9,1025,1015,1608,1016.6,12.8,2.8,1200,2.4,11.99,,,,,,9.5,6.8,24.8,18.2,25.2,25.4,25.1,25,25.1,24.2,,,,2.1,2.9,.7,,
135,추풍령,1990-09-06,20.8,20,2300,21.9,1505,17.33,.4,1250,1.4,1210,6.6,6,50,635,3.3,70,1840,1.3,1104,70,20,92,0,95,23.4,990.6,1020.6,2100,1017.3,0,1019,12.8,0,1300,.45,3.07,,,,,,10,5.6,22.3,19.7,23.4,24.1,24.6,24.9,25.2,24.3,,,,1.7,2.4,5.9,{비}0030-0230.  {비}0710-{비}{강도0}0900-{비}{강도0}1200-{비}{강도0}1500-{비}{강도0}1800-{비}{강도0}2100-2230.  {박무}0520-{박무}{강도0}0600-{박무}{강도0}0900-{박무}{강도0}1200-{박무}{강도0}1500-{박무}{강도0}1800-2020.,
135,추풍령,1990-09-07,23,19.7,250,28.8,1450,,,,,,,5.5,140,1157,4,140,1210,1.4,1192,140,20.5,70,1455,86.8,24.2,991.6,1021.4,1000,1017.3,1800,1019.8,12.8,6.9,1300,2.65,15.4,,,,,,7.8,6.9,25.8,19.4,25.7,25.5,24.7,24.5,24.5,24,,,,3.3,4.1,,{박무}0415-{박무}{강도0}0600-{박무}{강도0}0900-1030.,
135,추풍령,1990-09-08,24.7,21,700,30.4,1445,2.67,1.6,1950,1.8,1940,2,6,290,1929,4,290,2000,1.1,947,140,22,66,1415,85.8,26.5,988.2,1019.4,310,1012.3,1810,1016.2,12.7,6.6,1100,2.66,19.44,,,,,,8.5,6.8,28.2,20.8,27.6,27,25.9,25.2,24.7,24.1,,,,2.6,3.7,2.2,{소나기}1940-2030.  {비}2210-{비}{강도0}2400-  {박무}0430-{박무}{강도0}0600-0820.  {뇌전}{강도0}(NW 4-5)1945-{뇌전}{강도0}(NW{이동}N 3-4)1955-2010.,
135,추풍령,1990-09-09,24.2,21.4,558,28.9,1340,1.5,1.2,1540,2.1,1520,2.3,9.7,250,940,6,250,1030,1.7,1437,250,22.2,70,1345,89,26.8,983.7,1013.1,0,1010.2,1500,1011.6,12.7,2.2,1200,2.38,11.4,,,,,,6.3,4.6,25.7,20,26.1,26.4,26.2,25.7,25.4,24.1,,,,2.2,3.1,2.1,-{비}-0030.  {비}1520-1620.,
135,추풍령,1990-09-10,23,20.5,610,25.2,1347,6.33,.8,1550,1.5,1500,3.3,8.5,270,1138,4,270,1030,.9,770,140,21.7,90,1200,92.8,26.1,983.3,1013.3,300,1008.7,2400,1011.3,12.6,0,815,1.01,4.67,,,,,,7.5,4,24.9,19.7,24.7,24.9,25.2,25.3,25.2,23.9,,,,1.6,2.4,3.4,{비}1410-{비}{강도0}1500-{비}{강도0}1800-2030.  {박무}0215-{박무}{강도1}0300-{박무}{강도0}0600-0750.,
135,추풍령,1990-09-11,24.4,22.4,545,28.4,1442,2.7,1,2330,1.8,2305,2.8,12,200,1528,7.3,230,1610,1.1,934,20,21.6,67,1508,86.3,25.8,977.3,1008.7,0,1001.8,2400,1005,12.6,.6,1300,1.23,5.41,,,,,,10,5.4,25.2,22.2,25.3,25.3,24.9,24.9,24.9,23.9,,,,1.5,2.1,32.2,{비}0830-{비}{강도0}0900-0920.  {비}1210-1230.  {소나기}1543-1550.  {비}1650-1720.  {비}2305-{비}{강도0}2400-,
135,추풍령,1990-09-12,22.1,19.3,800,26,1519,6.5,3,230,10.4,320,29.5,8.2,140,1510,4.7,250,610,2.4,2116,250,20.3,78,1400,89.8,23.9,977.9,1012,2400,1001.7,100,1005.9,12.6,3.3,1030,1.87,12.09,,,,,,8.5,5.5,24.8,18.4,24.7,24.7,24.8,24.7,25,24.2,,,,2.6,3.7,,-{비}-{비}{강도0}0300-0540.  {비}0650-0740.,
135,추풍령,1990-09-13,20.9,16.2,650,24.1,1110,,,,,,,8.2,90,1030,4.7,90,1050,1.7,1500,70,17.1,65,1118,80,19.6,985,1016.6,2400,1011.1,300,1013.3,12.5,7.9,1015,2.68,14.66,,,,,,6.8,5.5,23.7,13.6,23.4,23.9,24.1,24.4,24.5,23.9,,,,2.1,3.3,.3,,
135,추풍령,1990-09-14,18.5,17.4,646,19.8,1132,16.5,.6,1840,2,1800,8.8,6.6,270,2350,4,270,2330,.7,646,90,17.6,88,0,94.3,20.1,985.9,1016.6,0,1012.6,1740,1014.6,12.5,0,1400,.61,4.39,,,,,,10,5.5,21,16,21.6,22.3,23.4,24,24.3,23.9,,,,.9,1.4,8.5,{비}0550-{비}{강도0}0600-{비}{강도0}0900-{비}{강도0}1200-{비}{강도0}1500-{비}{강도0}1800-{비}{강도0}2100-2220.,
135,추풍령,1990-09-15,20,13.9,2400,26.4,1610,,,,,,,9.5,250,1145,6.7,250,1130,2.3,2011,250,15.2,33,1640,77.5,17.5,985.8,1016.7,2400,1012.6,238,1014.2,12.5,8.7,1100,3.04,20.69,,,,,,5,2.6,22.7,11.9,22.9,22.8,22.8,23.4,23.7,23.9,,,,4.1,5.8,,,
135,추풍령,1990-09-16,19.1,13.5,110,24.7,1246,,,,,,,6,140,1105,4.7,140,1200,1.1,960,140,16.1,55,1210,84,18.3,986,1016.8,410,1011.4,1800,1014.5,12.4,6.1,1045,2.78,14.93,,,,,,6.5,4.5,22.5,10.8,22.1,22.5,22.9,23.3,23.5,23.7,,,,1.8,2.7,0,{박무}0650-0820.,
135,추풍령,1990-09-17,18.9,15.9,2400,23.5,1305,.17,0,,0,,0,14.8,270,2315,9.3,270,2200,1.5,1338,270,16,67,1432,84,18.2,980.3,1012,0,1005.8,1620,1008.7,12.4,1.3,1200,2.11,7.59,,,,,,9.8,5.3,20.8,14.6,21.8,22.3,22.8,23.2,23.5,23.4,,,,2.5,3.6,,{비}0820-0830.,
135,추풍령,1990-09-18,15,9.8,2314,20,1505,,,,,,,14,270,248,7.7,270,330,3.3,2891,250,7.8,36,1355,64.5,10.7,981.2,1011.7,1045,1008.3,1603,1010.1,12.3,10,1100,2.78,19.4,,,,,,5.5,3.6,18.4,6.7,19.2,20.2,21.5,22.4,23.3,23.6,,,,2.9,4.2,,,
135,추풍령,1990-09-19,15,7.7,630,23.6,1525,,,,,,,11.7,90,1308,5,90,1300,1.4,1241,90,10.6,40,1400,78.3,12.8,980.8,1011.7,2400,1007.4,1530,1009.6,12.3,10.6,1215,2.96,22.29,,,,,,1.8,1.8,20.1,5.5,19.5,20.5,21.1,21.7,22.4,23.3,,,,3.8,5.4,,,
135,추풍령,1990-09-20,16.8,9.3,655,26.2,1537,,,,,,,4.6,90,1545,2.7,90,1610,.7,573,360,11.4,33,1350,76.3,13.7,985.8,1018,2400,1011.5,100,1014.6,12.3,10.5,1300,2.62,20.58,,,,,,0,0,22,5.9,21,21.7,21.8,21.9,22.5,23.1,,,,3.8,5.3,,,
135,추풍령,1990-09-21,18,10.4,640,27.9,1558,,,,,,,7,230,1055,4.7,230,1040,.8,716,230,11.4,19,1600,74,13.9,989.6,1020,800,1016.2,1500,1018.5,12.2,10.6,1045,2.67,20.14,,,,,,0,0,22.7,7.2,21.7,22.5,22.4,22.1,22.4,23.1,,,,4.3,6.2,,,
135,추풍령,1990-09-22,18.7,10.5,635,28.2,1513,,,,,,,4.7,230,1525,2.7,230,1600,.6,556,140,13.3,31,1520,76.8,15.4,988.7,1019.5,720,1014.3,1510,1017.3,12.2,10.1,1100,2.49,19.47,,,,,,0,0,23.3,7.3,22.4,23,22.7,22.3,22.4,22.9,,,,3.1,4.7,,,
135,추풍령,1990-09-23,17.4,14.7,2400,22.3,1106,7.25,2.2,1420,6.6,2200,30.4,5.8,290,2030,4,290,2040,.8,660,140,16.3,72,1110,92.8,18.6,987.8,1017.5,0,1014.2,1550,1016.5,12.1,.9,1000,1.36,5.39,,,,,,7,7,19.5,11.9,20.4,21.4,22.3,22.4,22.5,22.6,,,,1.5,2,35.6,{소나기}1320-1355.  {소나기}1410-1455.  {비}1805-{비}{강도0}2100-{비}{강도0}2400-,
135,추풍령,1990-09-24,16.6,14.7,0,18.5,1345,7,.9,50,3,10,5.6,7.1,70,1658,3,70,1750,1.6,1358,70,15.1,82,2019,90.5,17.1,987.6,1018.3,2200,1014.9,600,1016.5,12.1,0,1200,.8,3.24,,,,,,10,4.1,18.3,12.8,19.1,19.5,20.4,21.3,22.4,22.9,,,,.9,1.3,.4,-{비}-{비}{강도0}0300-0530.  {비}0910-1040.,
135,추풍령,1990-09-25,18.8,14.1,620,23.5,1504,,,,,,,9.2,90,1429,6,90,1440,2.4,2052,90,13.5,52,1440,72.5,15.5,991.3,1023.5,2400,1017.8,200,1020,12.1,7.6,1300,3.14,16.69,,,,,,8.8,6.4,21.5,10.5,20.9,20.8,20.8,21.1,21.9,22.4,,,,3.2,4.5,,,
135,추풍령,1990-09-26,17.9,13.9,605,22.8,1615,,,,,,,9,70,1858,5.3,70,1940,2.6,2236,70,12.5,48,1621,72,14.5,994,1024.1,920,1021.1,1636,1022.9,12,4.2,1200,1.82,12.9,,,,,,4.8,5.1,19.5,9.9,20,20.5,20.9,21.3,21.8,22.4,,,,2.5,3.6,,,
135,추풍령,1990-09-27,18.1,13.2,400,25.2,1504,,,,,,,5.9,160,1210,3.3,50,110,.9,742,50,14.2,53,1510,79.5,16.3,991.3,1023.7,0,1016.6,1806,1020,12,7.8,1200,2.96,18.75,,,,,,5.3,4.8,21.2,9.1,20.7,21.1,21.1,21.1,21.9,22.3,,,,3.2,4.5,,,
135,추풍령,1990-09-28,18.8,12.5,610,25.1,1250,,,,,,,5.3,250,950,3.3,250,1530,.6,482,230,15,52,1500,81,17.2,987.9,1018.3,0,1014.3,1615,1016.5,12,9.4,1000,2.62,16.92,,,,,,6.3,2.9,22.1,9.3,21.3,21.6,21.7,21.3,21.7,22,,,,3.3,4.2,,{박무}0410-{박무}{강도0}0600-0720.,
135,추풍령,1990-09-29,19.2,13.1,510,26.1,1510,,,,,,,10.2,70,1834,5.3,70,1850,1.7,1434,70,14.2,53,1520,74.8,16.4,986.5,1016.7,940,1012.7,1530,1015,11.9,7.5,900,2.24,15.54,,,,,,3,2.3,21.9,9.3,21.1,21.7,21.7,21.6,22,22.1,,,,2.9,4,,,
135,추풍령,1990-09-30,17.5,12.2,538,23.2,1345,,,,,,,5.5,50,935,3.3,110,1140,.7,568,20,13.7,52,1150,80,15.7,986,1016,2400,1012.9,1700,1014.7,11.8,4.1,900,2.12,12.47,,,,,,4.8,5,20.1,9.5,20.2,21,21.4,21.5,22.1,22.2,,,,2.5,3.5,,,
135,추풍령,1990-10-01,17,10.9,2400,22.9,1420,,,,,,,11,270,1420,7,270,1500,2.4,2042,270,9.9,41,1500,66.8,12.5,987.3,1019.3,2400,1013.6,1528,1016.1,11.8,8.9,1130,2.8,17.31,,,,,,1.8,1.1,19.8,5.9,19.5,20.5,21.1,21.2,21.6,21.9,,,,3.4,4.6,,,
135,추풍령,1990-10-02,14.8,8.3,652,22.4,1410,,,,,,,9.5,250,950,7.3,250,1000,2,1752,270,6.5,24,1520,62.3,9.8,991,1022,2400,1017.8,1510,1020.1,11.8,7.8,1100,2.82,19.14,,,,,,4.3,1.8,18,4.1,18.1,19.2,20.1,20.6,20.4,21.9,,,,2.9,4.2,,{달무리}2240-,
135,추풍령,1990-10-03,15.6,8.4,410,23.1,1319,,,,,,,4.5,140,1035,3.3,160,1050,.6,528,50,10.9,38,1310,77.8,13.3,990.6,1022.2,800,1016.5,1520,1019.6,11.8,5,1200,2.51,15,,,,,,8.8,7.8,20.4,5.5,18.9,19.5,19.9,20.3,21.3,22,,,,1.7,2.4,3.4,-{달무리}-0150.,
135,추풍령,1990-10-04,16.8,11.9,2400,22.8,1550,5.67,.5,110,1.4,100,3.4,9,230,1008,6.7,230,1050,2.5,2198,230,12.8,43,1620,80.3,14.9,988.7,1019.2,2300,1015.6,1600,1017.6,11.7,9.6,1100,2.75,19.68,,,,,,3.8,2.6,20.1,7.9,19.9,20.2,20.6,20.6,21.1,21.6,,,,3.3,4.8,,{비}0030-0240.  {비}0320-{비}{강도0}0600-0650.,
135,추풍령,1990-10-05,16.7,9.3,710,24.8,1520,,,,,,,7.6,140,1220,4,140,1230,.8,674,140,11.7,34,1430,76.8,13.8,988,1018.8,732,1014.4,1533,1016.9,11.7,7.6,1200,2.33,15.88,,,,,,4.8,5.1,19.1,6.1,19.1,19.5,19.9,20.4,20.9,21.5,,,,2.5,3.6,,,
135,추풍령,1990-10-06,18,14.4,459,24.6,1350,,,,,,,8,250,950,6,250,1010,2.1,1790,50,12.8,39,1400,73.8,14.8,986.5,1016.9,2148,1013,1420,1015.2,11.6,5.7,1100,2.39,11.88,,,,,,10,7.5,18.2,12.6,19.3,20.1,20.4,20.5,21.1,21.6,,,,2.3,3.3,,,
135,추풍령,1990-10-07,17.4,10.7,2400,22.9,1508,,,,,,,11.5,70,840,5,70,1150,1.9,1636,50,12.4,39,1550,74.8,14.4,985,1016.3,230,1010.8,1600,1013.7,11.6,9.1,1030,2.4,16.62,,,,,,3,1.8,19.8,5.9,19.1,19.8,20.6,20.4,20.5,21.3,,,,3,4.2,,,
135,추풍령,1990-10-08,14.7,7,545,23.6,1605,,,,,,,8.2,20,1815,3.7,20,1840,1,841,20,9.6,36,1620,76,12,984.3,1018,2400,1011.2,220,1013.3,11.6,8.6,1200,2.47,18.15,,,,,,3.8,4.6,19.4,2.9,18.2,19,19.5,20,20.6,21.4,,,,3.1,4.4,,,
135,추풍령,1990-10-09,11.9,5.7,2400,18.1,1431,,,,,,,12.1,250,905,10,250,930,2.2,1891,20,5.5,39,1410,68,9.3,992.9,1029,2400,1018,0,1022.4,11.5,7,1000,2.89,19.79,,,,,,3.8,2.4,17.6,-.2,17.4,18.5,19.4,19.8,20.8,21.4,,,,3.1,4.4,,,
135,추풍령,1990-10-10,10.2,1.9,620,18.9,1520,,,,,,,8,50,1227,4,50,1220,.7,594,50,5.5,35,1600,77.8,9.1,999.2,1031.5,910,1026.8,1520,1029.1,11.5,9.5,1130,2.82,19.35,,,,,,2,0,15.6,-2.1,15.5,16.6,18,18.9,20.1,21,,,,2.4,3.5,,,
135,추풍령,1990-10-11,11.4,5.6,640,17.7,1353,,,,,,,4.8,90,1345,3,90,1350,.5,431,90,7.8,56,1432,80.5,10.7,996.6,1029.5,0,1023.4,1500,1026.3,11.5,2.4,1030,1.86,9.64,,,,,,8.5,7.3,14.7,1,15.3,16.1,17.4,18.4,19.5,20.9,,,,1.9,2.7,,,
135,추풍령,1990-10-12,15.5,8.1,600,23.6,1436,,,,,,,6.8,160,1445,4,160,1500,.7,647,140,10.9,42,1500,78,13.1,990.9,1023.7,0,1016.4,2400,1019.9,11.4,7.6,1100,2.56,16.71,,,,,,5.8,5.4,19.2,3.9,17.8,18.3,18.1,18.4,19.3,20.9,,,,2.3,3.3,,,
135,추풍령,1990-10-13,16.3,14.3,630,19.3,1610,1.75,0,,0,,0,4.3,50,1335,1.7,50,1330,.3,233,50,14.3,73,1610,89.3,16.4,985.7,1016.4,0,1012.2,1500,1014.5,11.4,0,1500,.86,4.79,,,,,,10,6.4,17.9,9,18.4,19,19.2,19.1,19.5,20.5,,,,1,1.8,0,{비}0925-1030.  {비}1110-1150.,
135,추풍령,1990-10-14,16.6,13.1,2400,22.2,1422,,,,,,,9.2,250,1415,6.3,250,700,3.1,2681,250,12.2,41,1552,77.3,14.3,987.5,1018.6,2400,1014.4,50,1016.3,11.3,7.3,1200,2.51,15.38,,,,,,5.5,4.9,19.2,7.8,18.5,19,19,19.1,19.5,20.4,,,,2.7,3.8,,,
135,추풍령,1990-10-15,14.8,11.4,617,20.9,1601,,,,,,,9.8,250,1030,8,250,1100,2.7,2349,250,11.4,48,1700,82.3,13.5,989,1019.9,900,1015.6,1600,1018.1,11.3,8.5,1100,2.44,16.08,,,,,,2.5,.5,17.1,6.6,17.4,18.1,18.7,19,19.6,20.5,,,,3.1,4.4,,{박무}0520-{박무}{강도0}0600-{박무}{강도0}0900-0920.,
135,추풍령,1990-10-16,14.7,11,608,20.5,1500,,,,,,,13.3,270,1350,8,270,1310,2.8,2404,270,8.7,27,1411,74,11.6,987.4,1017.7,930,1014.5,1800,1016.5,11.3,9,1130,2.63,17.81,,,,,,1.3,.6,17.2,5.1,17.2,18.1,18.6,18.8,19.2,20.3,,,,3.8,5.3,,,
135,추풍령,1990-10-17,13,9.2,2400,16.4,1512,,,,,,,18.4,290,1028,13.7,270,1150,4.6,4004,270,3.1,25,1432,54.3,8.2,989.5,1021.1,2240,1016.1,100,1018.7,11.2,10,1200,2.65,18.35,,,,,,3,2,16.1,4.6,15.6,16.6,17.8,18.4,19.1,20.1,,,,4.1,5.8,,,
135,추풍령,1990-10-18,11.3,7.3,600,16.5,1550,,,,,,,17.2,270,1250,13.7,270,1240,5.7,4940,270,2.6,34,1700,56,7.4,990.8,1022,900,1017.8,1600,1020.3,11.2,10.1,1100,2.62,18.28,,,,,,0,.1,14,3.7,14,15.1,16.5,17.5,18.7,20.1,,,,3.5,5,,,
135,추풍령,1990-10-19,13.4,8.2,530,20,1510,,,,,,,11.7,270,1132,8,270,1000,3.3,2888,270,7.4,40,1330,69,10.3,989.7,1020.6,300,1015.8,1520,1018.9,11.2,10,1200,2.63,18.15,,,,,,1.5,0,16,3.8,14.8,15.5,16.4,17.1,18.1,19.9,,,,2.6,3.8,,,
135,추풍령,1990-10-20,14.1,8.3,352,23.2,1454,,,,,,,7.2,290,510,5,290,510,1.4,1227,250,7.1,21,1522,70.8,10.3,990,1021.6,2240,1016.3,1435,1019.2,11.1,9.6,1130,2.45,16.92,,,,,,1,.6,16.6,2.9,15.7,16.3,16.9,17.2,17.8,19.7,,,,3.2,4.5,,,
135,추풍령,1990-10-21,14,6,600,21.9,1603,,,,,,,12.5,50,1625,4,70,2000,1.2,1066,70,8.1,41,1500,71.5,10.9,992.9,1023.8,2400,1020.2,1500,1022.2,11.1,8.7,1100,2.58,15.54,,,,,,1.3,1.9,15.7,.6,15.1,15.8,16.8,17.4,17.9,19.7,,,,2.2,3.1,,,
135,추풍령,1990-10-22,13,6,630,22.7,1340,,,,,,,8.5,90,1040,4.3,140,1330,.7,608,90,6.6,26,1430,72.3,9.9,993.1,1024.4,830,1019.4,1500,1022.5,11,9.5,1230,2.65,16.79,,,,,,1.8,1.3,16.2,1.3,15.7,16.2,17,17.2,17.6,19.4,,,,2.8,3.9,,,
135,추풍령,1990-10-23,12,5,605,21.8,1415,,,,,,,6.6,50,1333,3.7,50,1410,.6,552,50,5.5,20,1426,74,9.3,992.5,1023.8,910,1018.7,1513,1021.9,11,9.9,1200,2.58,18.34,,,,,,1,0,15.6,-.6,15,15.9,16.7,17.2,17.6,19.3,,,,2.8,4,,,
135,추풍령,1990-10-24,12.2,4.9,703,20.7,1326,,,,,,,4.9,160,1045,2.7,160,1110,.6,514,50,7.4,41,1500,76.5,10.4,989.9,1022.9,0,1016.7,1500,1019.3,11,6.7,1000,2.27,12.45,,,,,,5,5.3,13.9,.6,14.6,15.6,16.4,17,17.8,19.4,,,,1.7,2.4,.5,{박무}0620-{박무}{강도0}0900-0920.,
135,추풍령,1990-10-25,12.9,9.9,730,18.1,1231,3.25,.4,2330,1,2310,1.5,10.8,270,2358,7,270,2240,1.8,1596,270,7.9,46,1250,73,10.7,983.8,1017.2,0,1009.6,1500,1013,10.9,1.7,1100,2.24,7.54,,,,,,9.5,8.3,14.3,7.3,15.1,15.9,16.6,17,17.6,19.1,,,,1.8,2.5,1,{비}0310-0550.  {비}2310-2345.,
135,추풍령,1990-10-26,9.9,4.7,2400,14.7,1627,,,,,,,15.9,270,145,11.7,270,210,3.7,3186,270,4.6,40,1640,70.8,8.5,986.2,1021.5,2400,1011.3,0,1015.8,10.9,5,1030,2.55,11.43,,,,,,3.3,4,10.5,-1.2,12.7,13.9,15.6,16.5,17.1,19,,,,2.7,3.8,,,
135,추풍령,1990-10-27,8.7,2.1,600,18.7,1539,,,,,,,4.8,140,1405,2.7,160,1040,.5,406,140,3.6,31,1600,76.5,8,993.3,1024.8,900,1021.2,1500,1023.2,10.9,9.7,1200,2.45,16.59,,,,,,0,0,11.1,-2.9,11.9,13,14.5,15.7,16.7,19.1,,,,2.2,3.2,,,
135,추풍령,1990-10-28,9.9,1.8,550,19.5,1330,,,,,,,7.7,270,1405,4.7,270,1510,.7,618,160,4.9,34,1342,76.5,8.8,994.4,1026.2,910,1021.5,1500,1024.3,10.8,7.7,1100,2.32,14.12,,,,,,2.8,.8,11.5,-1.6,11.7,13,14.4,15.4,16.3,18.8,,,,2.2,3,,,
135,추풍령,1990-10-29,12.6,6.2,532,21.4,1412,,,,,,,6.2,70,1435,3.7,70,1420,.7,613,70,7.4,35,1440,76.3,10.4,993.3,1024.6,920,1019.9,1500,1022.8,10.8,5.4,1300,2.11,11.78,,,,,,2.3,2.5,14.4,2.1,14,14.5,15.1,15.6,16.1,18.4,,,,1.8,2.6,,,
135,추풍령,1990-10-30,12,4.8,548,21.5,1504,,,,,,,7.9,250,1358,5.7,250,1200,1.5,1269,250,6.2,28,1600,73.3,9.5,992.7,1023.9,840,1019.4,1500,1022.3,10.8,9.5,1200,2.42,15.99,,,,,,0,.1,13.7,.6,13.6,14.4,15.2,15.7,16.3,18.4,,,,3,4.3,,,
135,추풍령,1990-10-31,12.8,4.5,710,23.1,1443,,,,,,,6,230,1340,4.7,180,1200,1,904,270,5.1,23,1510,66.8,8.8,991.6,1023.3,900,1017.2,1520,1020.9,10.7,9,1200,2.37,15.82,,,,,,0,0,14.2,-.4,13.3,14.4,15.1,15.6,16,18.1,,,,2.5,3.6,,{박무}0640-{박무}{강도0}0900-1020.,
135,추풍령,1990-11-01,11.8,7,415,18.4,1520,,,,,,,12.7,270,1225,9,270,1250,1.9,1606,270,7.3,43,1430,76.8,10.3,990.3,1021.3,920,1017.2,1620,1019.7,10.7,6.9,1045,2.89,14.38,,,,,,2.5,2.5,12.9,1.5,13.7,14.4,15.3,15.7,16.1,18.1,,,,,4,,,
135,추풍령,1990-11-02,12.6,6.2,650,21.1,1458,,,,,,,6.3,270,215,5,270,240,1.1,946,50,7.2,32,1400,75.3,10.2,990,1021.7,910,1016.5,1510,1019.4,10.7,7.7,1130,2.18,11.17,,,,,,0,0,14,1.4,13.4,14.1,15,15.6,16.1,18.1,,,,,2.9,,,
135,추풍령,1990-11-03,11.2,5.8,446,20.3,1415,,,,,,,5.2,140,1450,3.3,140,1530,.5,432,50,7.1,43,1430,80,10.1,986.1,1018.6,0,1011.8,1740,1015.5,10.6,3.6,1200,1.78,8.91,,,,,,6,2,12.5,1,13,13.7,14.8,15.5,15.9,17.9,,,,,2.6,,,
135,추풍령,1990-11-04,12.2,7,532,18.5,1440,,,,,,,11.3,270,934,9.7,270,950,2.3,2019,250,8.2,49,1440,78.5,10.9,981.5,1013.2,2256,1008.4,1420,1010.7,10.6,7.4,1200,2.02,12.83,,,,,,3.8,1.4,13.4,3,13.1,13.6,14.5,15.2,15.9,17.9,,,,,2.6,,{박무}0520-{박무}{강도0}0600-{박무}{강도0}0900-0920.,
135,추풍령,1990-11-05,12.1,5.6,724,16.7,1410,,,,,,,10.8,270,1915,7.3,270,1500,1.9,1626,270,9.2,57,1230,82.8,11.7,985.1,1016.8,2400,1012.6,1500,1014.4,10.6,1.6,900,.92,4.78,,,,,,4,3,11.7,.1,12.5,13.3,14.4,15.1,15.5,17.7,,,,,1.9,,{박무}0145-{박무}{강도0}0300-{박무}{강도1}0600-{시정(미만)}{1km}{안개}0620-{시정(미만)}{0.5km}{안개}0635-{시정(이상)}{0.5km}{안개}0720-{시정(이상)}{1km}{박무}0815-{박무}{강도0}0900-0915.,1.92
135,추풍령,1990-11-06,12.4,6,450,21.2,1350,2.17,,,,,6.2,14.4,250,1358,11.7,250,1410,2.7,2372,270,6.9,33,1440,73.5,10,985.7,1017.8,312,1010,1640,1015,10.5,5.1,1300,1.96,10.49,,,,,,3.8,2.4,12.9,2.2,13,13.6,14.3,14.9,15.4,17.5,,,,,3.1,6.2,{박무}0230-{박무}{강도0}0300-{박무}{강도0}0600-{시정(미만)}{1km}{안개}0730-{시정(미만)}{0.5km}{안개}0750-{시정(이상)}{0.5km}{안개}0810-{시정(이상)}{1km}{박무}0830-{박무}{강도0}0900-1050.  {비}1630-{비}{강도0}1800-1840.,1
135,추풍령,1990-11-07,11,8,2304,13.8,1525,,,,,,,14,270,1231,12.3,270,1300,5.1,4417,270,1.9,30,1730,54.8,7.2,990.8,1024.6,2240,1015.9,0,1020.4,10.5,6.5,1100,2.16,12.54,,,,,,2.3,1.9,10.2,2,11.3,12,13.7,14.7,15.6,17.5,,,,,4.3,,,
135,추풍령,1990-11-08,8.9,2.2,720,13.9,1420,,,,,,,6.5,270,30,6,270,20,1.5,1308,140,4.7,48,1300,76.8,8.6,994.4,1026.6,850,1022.1,2400,1024.4,10.5,4.5,930,1.44,7.49,,,,,,5.8,5.8,9.7,-2.4,10.3,11.1,12.6,13.9,14.9,17.4,,,,,1.9,6,,
135,추풍령,1990-11-09,7.2,2,2400,10.4,0,10.17,,,,,13,19,270,2202,12.7,270,2220,3.5,3010,270,4.2,49,2325,82.8,8.7,986,1022.1,0,1011.5,1640,1015.8,10.4,0,1230,.36,1.26,,,,,,9.3,5.8,7.6,-1,9.7,10.6,12.5,13.7,14.6,17.2,,,,,3.6,7,{비}0540-{비}{강도0}0600-{비}{강도0}0900-{비}{강도0}1200-{비}{강도0}1500-1550.,
135,추풍령,1990-11-10,.1,-3.3,740,2,1550,,,,,,,22.8,290,542,15.3,250,1510,7,6064,270,-12.2,27,607,44,2.6,989.6,1023.2,2200,1015.5,0,1020.3,10.4,8.3,1100,2.17,13.36,,,,,,2.5,1.8,1.4,-6.1,4.4,5.9,9.5,12,14.1,17.2,,,,,2.2,,,
135,추풍령,1990-11-11,6,-1.2,100,11.6,1510,,,,,,,14.5,270,1410,11,270,1400,6.3,5436,270,-2.1,43,1620,56,5.4,992.5,1024.4,1000,1020.9,1640,1022.7,10.4,8.8,1200,2.42,14.32,,,,,,2,2.3,4.2,-3.1,5.1,6.2,8.4,10.6,12.7,16.6,,,,,2.2,,,
135,추풍령,1990-11-12,11.8,6.4,2400,17.3,1452,,,,,,,14.2,270,345,10,270,420,3.9,3386,250,6.9,43,1440,74.8,10,994.6,1026.2,2230,1022.6,1510,1024.1,10.3,4.3,1000,2,11.63,,,,,,2,2.4,9.9,-1,9.6,9.9,10.4,11.1,12.4,16.3,,,,,3.2,,,
135,추풍령,1990-11-13,8.9,1.5,740,17.9,1424,,,,,,,9.9,270,1408,7,230,1040,1.7,1508,230,4.1,36,1410,77,8.2,994.8,1026.7,920,1021.8,1540,1024.7,10.3,8.5,1200,2.21,13.73,,,,,,0,0,8.6,-2.1,9.3,9.9,11.1,11.8,12.9,16.3,,,,,2.9,,{박무}0425-{박무}{강도1}0600-{박무}{강도0}0900-1015.,
135,추풍령,1990-11-14,12.2,6.8,651,18.9,1518,,,,,,,11.3,270,1145,7.3,270,1200,2,1758,270,7,38,1600,74,10.1,992.2,1023.9,0,1018.4,1640,1021.7,10.3,8.1,1100,2.38,14.94,,,,,,1.8,2,10.6,.8,10.9,11.4,11.9,12.2,12.9,15.7,,,,,3.4,,,
135,추풍령,1990-11-15,10.1,4.6,340,19,1454,,,,,,,9.5,250,1135,7,250,1220,1.2,1036,20,6.2,45,1440,80.3,9.5,993.1,1026,2400,1021.1,1500,1022.9,10.2,4.9,1200,1.88,10.25,,,,,,2.3,2.3,10.4,.4,11,11.8,12.3,12.6,13.1,15.5,,,,,2.6,,,
135,추풍령,1990-11-16,10.1,2.3,720,21.3,1528,,,,,,,7.8,250,1414,4.7,250,1420,.8,696,250,3.6,22,1440,73.8,8.1,995.7,1026.8,930,1022.3,1600,1025.5,10.2,7.8,1200,2.18,12.54,,,,,,.8,0,10.8,-1,10.3,11.3,12.3,12.7,13.4,15.7,,,,,2.3,,{박무}0415-{박무}{강도0}0600-{시정(미만)}{1km}{안개}0615-{시정(미만)}{0.5km}{안개}0650-{시정(이상)}{0.5km}{안개}0745-{시정(이상)}{1km}{박무}0830-{박무}{강도1}0900-1120.,2.25
135,추풍령,1990-11-17,11.1,3.3,740,21.3,1429,,,,,,,5.4,140,1115,3.3,140,1110,.7,640,140,5.7,35,1500,74.5,9.2,995.4,1028.7,800,1022.1,1500,1025.1,10.2,7.9,1130,2.06,11.67,,,,,,1,2,10.7,-1.4,10.9,11.6,12.4,12.7,13.3,15.5,,,,,2.5,,{박무}0420-{박무}{강도0}0600-{박무}{강도1}0900-1040.,
135,추풍령,1990-11-18,14.7,9.3,727,20.7,1133,.67,,,,,0,9.3,270,1250,6,270,1310,1,846,270,11.5,54,1135,82,13.6,992.3,1023.7,0,1019,1510,1021.5,10.2,3.5,1000,1.74,7.25,,,,,,7.8,4,14.5,5.7,13.4,13.4,13.6,13.4,13.4,15.5,,,,,2.3,1,{비}2320-{비}{강도0}2400-,
135,추풍령,1990-11-19,13.7,12.7,800,14.6,2010,15,,,,,27.5,9,70,1527,5.3,70,1540,1.4,1200,70,12.6,90,340,92.8,14.6,989.5,1022,915,1014.3,2210,1018.8,10.1,0,1000,.23,1.12,,,,,,10,5.4,13.9,10.9,13.8,13.9,14.1,14,14.1,15.7,,,,,1,30,-{비}-0240.  {비}1140-{비}{강도0}1200-{비}{강도0}1500-{비}{강도0}1800-{비}{강도0}2100-{비}{강도0}2400-  {박무}0220-{박무}{강도0}0300-{박무}{강도0}0600-{박무}{강도0}0900-{박무}{강도0}1200-{박무}{강도0}1500-{박무}{강도0}1800-{박무}{강도0}2100-{박무}{강도0}2400-,
135,추풍령,1990-11-20,10.1,-.7,2400,15.2,620,7.67,,,,,5.3,19.2,270,1135,10,270,1140,4.9,4266,270,3,33,1500,66.3,9.2,987.8,1027.5,2400,1012.5,330,1017.3,10.1,4.8,1130,2.03,8.74,,,,,,7,3.8,10.4,-3.8,12.3,13.3,14,14.2,14.6,15.4,,,,,3.3,1.8,-{비}-{비}{강도0}0300-{비}{강도0}0600-0710.  {비}0910-0940.  -{박무}-{박무}{강도0}0300-{박무}{강도0}0600-{박무}{강도0}0900-1010.,
135,추풍령,1990-11-21,-.3,-4,745,2.9,1452,,,,,,,21,290,940,13.3,270,810,7.6,6552,270,-14.3,23,1040,34,2.1,997.4,1031.6,920,1025.6,2400,1028.5,10.1,8.4,1200,2.29,13.83,,,,,,2,1.6,1.2,-5.9,3.6,5.4,9.4,12,13.5,15.5,,,,,2.8,,,
135,추풍령,1990-11-22,7.4,2.3,50,12,1450,,,,,,,15,270,1322,10.7,270,1330,5.2,4523,270,-1.2,34,1600,55.5,5.6,995.4,1029.1,2400,1023.9,1500,1025.5,10.1,8.5,1100,2.08,12.26,,,,,,3.3,2.5,6.7,-1.7,6.5,7.3,9,10.6,12.4,15.5,,,,,3.1,,,
135,추풍령,1990-11-23,6,.7,810,14.9,1418,,,,,,,5.7,230,1445,3.3,230,1500,.7,564,180,-.4,21,1622,70.8,6.1,1000,1032.3,900,1028.5,1430,1030.4,10,8.5,1130,2.18,13.84,,,,,,0,0,5.8,-5.6,7,8,9.5,10.6,12,15.1,,,,,3,,,
135,추풍령,1990-11-24,5,-2.6,725,13.3,1340,,,,,,,7.2,250,1210,4.3,250,1220,.7,611,160,-.2,33,1510,73.5,6.1,997.8,1031.4,0,1024.6,2340,1028.3,10,6,1100,1.9,9.07,,,,,,4,4.3,5,-6.7,6.4,7.5,9.1,10.5,11.7,14.8,,,,,2.9,.1,,
135,추풍령,1990-11-25,7.5,6.1,130,9.6,1310,3.92,,,,,1.4,5.3,230,1415,4,230,1420,.7,562,270,6.2,81,1200,92,9.5,993.2,1025.5,0,1021.6,1400,1023.2,10,0,1100,.3,1.25,,,,,,10,5.8,7.9,1.8,8.6,9,10,10.7,11.8,14.8,,,,,2,1.3,{비}0215-0250.  {비}0625-0730.  {비}1315-{비}{강도0}1500-1530.,
135,추풍령,1990-11-26,7.7,2.3,808,14.5,1435,,,,,,,8.3,250,255,5.3,250,330,1.5,1268,250,2.1,29,1412,73.5,7.2,994.7,1026.5,820,1022.6,1520,1024.8,10,6,1100,1.95,9.32,,,,,,4.5,3.4,7.8,-1.4,8.5,9,10,10.7,11.6,14.5,,,,,2.1,,{박무}0620-{시정(미만)}{1km}{안개}0640-{시정(미만)}{0.5km}{안개}0651-{안개}{강도1}0900-{시정(이상)}{0.5km}{안개}0920-{시정(이상)}{1km}{박무}0955-1040.,3.25
135,추풍령,1990-11-27,7.2,1.9,420,15.9,1432,,,,,,,6.5,50,1220,3.3,50,1210,.7,628,20,3.6,48,1420,81,8,994.1,1025.9,30,1021.4,1510,1024.2,9.9,6.4,1200,1.97,10.5,,,,,,6,3.8,8.1,-1.8,8.2,9.2,10.1,10.8,11.7,14.5,,,,,1.9,,{박무}0520-{박무}{강도0}0600-{박무}{강도0}0900-0940.,
135,추풍령,1990-11-28,9.4,2.5,433,18.2,1355,,,,,,,7,110,1135,3.7,110,1130,1.4,1214,50,4.5,43,1400,75,8.4,994.9,1026.1,930,1022.1,1520,1024.7,9.9,6.7,1300,2.06,11.34,,,,,,3,1.9,9.3,-2.2,9.6,9.9,10.5,11,11.6,14,,,,,2.6,,,
135,추풍령,1990-11-29,11.7,8.7,20,15.8,1452,,,,,,,14.4,50,1040,6,50,1050,3.7,3206,50,4.7,45,1520,62.5,8.6,993.9,1025.3,910,1020.9,1700,1023.5,9.9,5.5,1315,1.77,8.26,,,,,,6.5,6.5,10.6,2.7,10.5,10.7,11.2,11.5,12,14.1,,,,,2.2,,,
135,추풍령,1990-11-30,9.8,2.8,710,14.7,1407,,,,,,,7.3,250,1835,5,250,1850,2,1740,250,3.1,45,1410,64,7.6,985.6,1021.2,0,1010.7,2400,1015.1,9.9,4.5,1000,1.63,7.83,,,,,,4.3,3.4,9.4,-2,9.8,10.2,11.2,11.6,12,14,,,,,2,1.9,,
135,추풍령,1990-12-01,2.9,-1.5,2140,8.8,50,14.33,,,,,9.5,20,270,2317,10,270,2140,6.3,5437,270,1.1,57,1350,88.3,6.8,980.1,1013.6,2400,1008.4,720,1010.3,9.9,1,1200,1.34,4.97,2.8,2330,2.8,2330,2.8,9.5,6,4.2,-5.9,6.8,8.1,10.3,10.7,12.1,14.1,,,,,2.7,7.6,{비}0525-{비}{강도0}0600-{비}{강도0}0900-{진눈깨비}1010-{눈}1030-{눈}{강도0}1200-1430.  {눈}1540-1735.,
135,추풍령,1990-12-02,-.5,-3,2400,.9,1250,8.75,,,,,.5,22.2,270,355,13.3,270,440,8.5,7304,270,-4.6,57,1934,73.8,4.4,990.1,1029,2400,1013.6,0,1020.9,9.8,0,1200,1.06,5.95,,,2.8,0,,7,6,1.1,-5.7,3.8,4.8,7.6,9.8,11.3,13.8,,,,,2.7,.5,{눈}0210-{눈}{강도0}0300-0510.  {눈}0830-{눈}{강도0}0900-{눈}{강도0}1200-1325.  {눈}1440-{눈}{강도0}1500-1530.,
135,추풍령,1990-12-03,-1.3,-5.4,620,2.7,1305,,,,,,,16.7,290,250,7.3,290,320,4.8,4162,270,-7.2,49,930,65.8,3.8,1000.2,1033.4,2320,1029,0,1031.6,9.8,5.2,1130,2.06,9.71,,,,,,3.8,3.1,-.4,-8.5,.9,2.4,5.5,8.1,10.6,13.8,,,,,2,0,,
135,추풍령,1990-12-04,2.6,-2.4,230,9,1502,.33,,,,,0,10.5,270,1100,5.7,270,1200,2.3,1973,270,-1.9,38,1620,76.3,5.4,1001,1033.4,100,1030.3,1500,1031.9,9.8,6.9,1030,1.92,10.26,,,,,,1.8,2.3,2.4,-9.2,3.2,4.1,5.9,7.6,9.7,13.4,,,,,1.5,,{눈}0620-0640.,
135,추풍령,1990-12-05,3,-2.2,350,10.9,1300,,,,,,,10.5,270,1150,6,270,1220,1.5,1314,230,-1,40,1305,78.8,5.7,998.6,1031.8,0,1026.9,1500,1029.3,9.8,8.2,1145,2.27,13.04,,,,,,1.8,1.6,2.8,-7.7,4,4.7,6.2,7.7,9.5,13,,,,,2.5,,,
135,추풍령,1990-12-06,3.7,-2.8,754,13.8,1452,,,,,,,11.2,250,1225,6.7,250,1250,1.6,1388,250,-1,33,1545,76,5.7,996.8,1029.6,915,1024.1,1525,1027.3,9.8,7.1,1200,1.93,11.15,,,,,,1.3,.6,3.4,-8.2,4.3,5,6.4,7.7,9,12.8,,,,,1.8,,,
135,추풍령,1990-12-07,6.6,-.1,540,15.5,1528,,,,,,,9.9,250,1123,6.7,250,1130,1.8,1567,230,2.3,40,1630,78,7.2,994.5,1027.1,0,1022.1,1600,1024.7,9.8,8.2,1130,1.97,11.91,,,,,,0,0,4.6,-5.3,5.4,5.9,6.9,7.9,9.2,12.7,,,,,2.9,,,
135,추풍령,1990-12-08,5.7,-.7,810,15.6,1520,,,,,,,8.5,270,1335,6,270,1140,1.4,1180,270,1.7,41,1600,79.3,7,991.8,1024.8,0,1018.8,1600,1022,9.7,8,1130,2.03,12.28,,,,,,2.5,2.3,5,-5.7,5.6,6.2,7.3,8.3,9.1,12.5,,,,,2,,,
135,추풍령,1990-12-09,8,1.5,320,17.4,1440,,,,,,,10.2,250,1445,6.7,250,1510,1.2,1000,160,4.1,38,1640,79.5,8.2,986.2,1020.4,0,1012.1,1510,1015.9,9.7,5.8,1330,1.63,9.2,,,,,,2,2.5,6.9,-2.9,7.2,7.6,8.1,8.7,9.1,12.3,,,,,2.2,,{박무}2250-{박무}{강도0}2400-,
135,추풍령,1990-12-10,9.1,3.9,10,14.5,1434,,,,,,,11.1,250,506,6.7,270,550,2.5,2179,250,4.3,44,1445,75,8.4,987,1018.1,910,1015.5,1530,1016.7,9.7,5.2,1200,1.72,9.09,,,,,,7,5,8.2,-.6,8.1,8.3,8.8,9.1,9.6,12.3,,,,,2.9,1.4,-{박무}-{박무}{강도0}0300-{박무}{강도0}0600-0810.,
135,추풍령,1990-12-11,1,-1.6,930,8.3,0,8.33,,,,,1.6,18.5,270,452,10,270,920,6.9,6002,270,-2.8,61,1520,75.8,5.2,991.1,1028.1,2032,1015,200,1021.9,9.7,4.6,1200,2,10.43,1,940,1,940,1,7,4.5,3.4,-4.9,5.6,6.2,8.1,9.1,9.7,12,,,,,1.7,.2,{비}0145-{비}{강도0}0300-{진눈깨비}0350-{눈}0440-{눈}{강도0}0600-{눈}{강도0}0900-0940.  {눈}1120-1145.,
135,추풍령,1990-12-12,1.1,-1.4,110,4.2,1332,,,,,,,15.1,270,1402,8.3,270,1420,4.2,3636,270,-6,44,1200,60,3.9,995.4,1027.9,0,1025,1450,1026.3,9.7,8.1,1200,2.15,12.13,,,,,,4.8,4.8,2.1,-4.5,3.3,3.9,6.2,7.9,9.2,12,,,,,2.4,,,
135,추풍령,1990-12-13,2.2,-2.7,705,6.8,1427,2.08,,,,,.6,10.2,250,1103,6.8,250,1055,2.2,1890,250,-1.6,48,1434,78.5,5.5,993,1026.3,0,1021.6,1600,1023.6,9.7,5.6,1200,1.64,9.66,,,,,,4.8,2.8,2.6,-8.5,3.6,4.2,5.6,7.3,8.7,12,,,,,1.6,1,{비}1915-{비}{강도0}2100-2120.,
135,추풍령,1990-12-14,3.3,-2.1,2400,5.9,1310,2.83,,,,,1.5,15.2,270,1808,9,270,1830,4.9,4230,270,-1.5,33,1700,73,5.8,992.9,1028.7,2400,1021.1,500,1023.4,9.7,.4,1430,.94,3.43,,,,,,6.3,3.3,3.5,-8.4,4.5,5.2,6.4,7.5,8.4,11.7,,,,,2.1,1.1,{비}0650-{비}{강도0}0900-0940.,
135,추풍령,1990-12-15,-2.6,-5,715,.8,1608,,,,,,,11.9,270,1540,8,270,1600,5.2,4508,270,-16.2,20,1642,35.3,1.8,997.3,1030.3,800,1026.8,1512,1028.7,9.7,3.4,1400,1.35,6.41,,,,,,5.5,2.1,-1.4,-11.7,.6,1.9,4.6,6.7,8,11.5,,,,,1.9,,,
135,추풍령,1990-12-16,-1.1,-6.2,310,4.4,1355,,,,,,,13.3,270,1415,11.3,270,1310,4.5,3928,270,-13,20,1650,42,2.4,996.4,1028.8,200,1025.7,1500,1027.5,9.7,7.7,1130,2.01,11.25,,,,,,.8,1,-1,-10.6,0,1.1,3.4,5.7,7.5,11.4,,,,,2.1,,,
135,추풍령,1990-12-17,-1.1,-4.6,304,3.4,1522,,,,,,,10.5,270,2115,7,270,1550,3.4,2932,270,-10.3,25,1400,53.3,2.9,991,1027.3,0,1018.6,1542,1022,9.7,1.5,1400,1.09,5.97,,,,,,3.8,2.8,-.3,-9.7,.1,1.3,3.3,5.3,7,11,,,,,2.5,,,
135,추풍령,1990-12-18,1.2,-2.3,2400,4.4,1454,,,,,,,12.6,270,1045,10,270,1150,4.8,4108,270,-6.5,25,1600,60.3,4,990.1,1023.6,2320,1018.9,115,1020.8,9.7,5.3,1200,1.85,9.12,,,,,,3.8,2.4,1.1,-10.5,1.5,2.3,3.7,5.2,6.7,10.7,,,,,1.5,,,
135,추풍령,1990-12-19,-1.7,-8.8,743,5.8,1525,,,,,,,7,250,1208,5.8,250,950,2,1720,250,-9.7,17,1444,61.8,3.1,992.4,1025.9,940,1021.3,1500,1023.4,9.7,8.5,1200,2.01,12.38,,,,,,0,0,-.7,-14.7,.3,1.4,3.3,5.2,6.8,10.7,,,,,1.7,,,
135,추풍령,1990-12-20,-.4,-4.5,20,5.4,1433,,,,,,,9.5,270,1325,7.3,270,1400,2.4,2062,270,-6.8,37,1500,63.5,3.7,987.9,1021.5,200,1015.4,1500,1018.8,9.7,.8,1300,1.64,5.69,,,,,,5,4.5,.1,-10.4,.5,1.5,3.1,4.9,6.2,10.3,,,,,1.5,,,
135,추풍령,1990-12-21,3.4,-5.2,418,11.5,1450,,,,,,,17.2,270,2225,10,270,2300,2.1,1774,250,-3,36,1450,67,4.9,986.3,1019.3,300,1013.6,2052,1016.7,9.7,4.1,1200,2,8.59,,,,,,4.3,4.8,2.7,-9.9,2.6,3.1,3.7,4.9,6.2,10,,,,,2.6,,,
135,추풍령,1990-12-22,2.5,-2.4,2400,5.3,0,6.1,,,,,3.3,19.6,270,1507,12,270,1435,6.5,5578,270,-5.7,39,800,56.3,4,986,1021.9,2400,1013.9,1350,1016.5,9.7,0,830,.6,2.76,1.6,2400,1.6,2400,1.6,5.8,4.5,1.4,-4.9,2.1,3.2,4.3,5.4,6.7,10,,,,,1,3.9,{눈}1014-1140.  {눈}1230-1320.  {눈}1515-1545.  {눈}1710-{눈}{강도0}1800-1840.  {눈}2030-{눈}{강도0}2100-2135.  {눈}2315-{눈}{강도0}2400-,
135,추풍령,1990-12-23,-1.8,-4.1,620,1.3,1454,3.67,,,,,.6,17.8,270,1220,12,270,1210,7.8,6726,270,-9.6,30,1600,59,3.1,992.5,1025.4,2330,1021.6,100,1023.6,9.7,7.9,1145,2.02,12.44,.8,625,2.4,625,.8,1,1.8,-.7,-6.9,1.4,2.3,3.7,5.2,6.3,9.6,,,,,1.9,,-{눈}-0030.  {눈}0315-{눈}{강도0}0600-0625.,
135,추풍령,1990-12-24,-2.9,-7.3,2400,1.7,1545,,,,,,,12,270,515,9.3,270,520,5,4288,270,-11.5,22,1600,55.5,2.6,993.9,1026.7,953,1023.4,1510,1025.2,9.7,7.1,1200,2.39,12.02,,,,,,0,0,-2.4,-14.1,.3,1.1,2.9,4.7,5.9,9.5,,,,,2.1,,,
135,추풍령,1990-12-25,-3.7,-10.2,646,4.2,1345,8.25,,,,,3.9,19.1,270,2257,13.3,270,2350,1.7,1430,270,-8,35,1355,76.8,3.5,987.2,1025.5,0,1011.5,2000,1018.4,9.7,2.8,1100,1.68,8,3.1,1715,3.1,1715,3.4,5,3.5,-1.8,-15.5,-.3,.5,2.3,4.2,5.7,9.5,,,,,1.5,3.9,{눈}1520-1715.  {비}1740-{비}{강도0}1800-{비}{강도0}2100-{진눈깨비}2125-{눈}2140-{눈}{강도0}2400-,
135,추풍령,1990-12-26,-6,-10.5,2400,-2.3,0,3.25,,,,,.2,20.7,270,804,14,270,1300,9.8,8502,270,-13.3,44,1445,54.8,2.2,987.4,1025.3,2400,1014.9,0,1018.9,9.7,2.8,1145,1.69,7.01,.4,1120,2.4,1120,.4,5.5,4.5,-1.6,-11.7,.2,.9,2.3,3.8,5.3,9,,,,,1.3,.2,-{눈}-0035.  {눈}0915-1120.  {눈}1540-1615.,
135,추풍령,1990-12-27,-7.1,-11.2,120,-1.8,1508,,,,,,,13.1,270,520,11.3,270,530,5.4,4708,270,-14.2,40,1500,58,2.1,996.7,1030.5,1010,1025.3,0,1028.6,9.7,8,1200,1.94,11.82,,,2.2,0,,2,.8,-1.6,-13.9,-.6,.2,1.9,3.6,4.9,8.8,,,,,1.1,,OZ,
135,추풍령,1990-12-28,-3.9,-8.8,248,.4,1540,,,,,,,11,270,1340,9,270,1350,4.8,4126,270,-9.8,48,1200,64.5,2.9,995.2,1028.3,0,1024.3,1520,1026.7,9.7,6.1,1130,2.2,12.78,,,.7,0,,2,2.1,-1.7,-10.9,-1,-.1,1.7,3.4,5,8.8,,,,,1.6,,,
135,추풍령,1990-12-29,-1.9,-6,2400,2.3,1503,,,,,,,10.7,270,1220,9,270,1150,4.5,3854,270,-8.7,44,1505,60.3,3.2,998.4,1032.3,2400,1028,0,1029.7,9.7,7.3,1200,1.75,10.57,,,,,,0,0,-1.6,-13.3,-.9,-.2,1.5,3.2,4.6,8.5,,,,,1.1,,,
135,추풍령,1990-12-30,-3.9,-9.8,740,2.3,1617,,,,,,,4.1,160,1315,3,160,1330,.7,620,50,-7.8,44,1620,77.3,3.4,997.1,1032.3,0,1024,2400,1028.6,9.7,5.2,1100,1.49,7.43,,,,,,4.5,2,-1.8,-14.7,-1.3,-.5,1.4,3.1,4.4,8.2,,,,,1.2,,,
135,추풍령,1990-12-31,3,-.9,0,8.9,1517,,,,,,,5.1,140,1330,2.8,20,2315,.7,617,20,-3,42,1230,65.5,4.9,987.9,1024,0,1014.4,1700,1018.3,9.7,2.2,1000,1.26,5.71,,,,,,9.5,8.8,.4,-1.2,-.1,.2,1.5,3,4.5,8.3,,,,,1,,,
135,추풍령,1991-01-01,1.7,-.9,2400,3.4,0,4.72,,,,,1,12,270,1015,9,270,2100,4.1,3520,270,-.7,65,1040,84.5,5.8,984.1,1017.2,2400,1012.8,600,1014.5,9.7,0,1000,.39,1.99,,,,,,7.5,6.5,.4,-5.3,,,,,,,,,,,,1,{진눈깨비}1335-{진눈깨비}{강도0}1500-{진눈깨비}{강도0}1800-1818.,
135,추풍령,1991-01-02,-4,-6.5,2400,-.9,0,,,,,,,16.6,270,1415,11.7,270,800,7.2,6246,270,-16,17,1120,39,1.8,990.2,1024.3,2242,1017.2,0,1021.5,9.7,7.6,1200,2.06,12.61,,,,,,3,1.6,-2.3,-9.3,,,,,,,,,,,,,,
135,추풍령,1991-01-03,-3.2,-9.8,800,2.5,1520,4.42,,,,,1,17.8,270,2253,11.7,270,2300,5.2,4474,270,-9.7,37,1500,63.5,3.1,990.1,1024.6,612,1018.4,2050,1021.3,9.7,7.5,1200,2,12,1.7,2355,1.7,2355,1.7,2.8,2,-1.9,-14.9,,,,,,,,,,,,1,{눈}1740-{눈}{강도0}1800-{눈}{강도0}2100-2130.  {눈}2320-2355.,
135,추풍령,1991-01-04,-6,-8.8,810,-2.9,1456,,,,,,,16.1,270,1512,11.7,270,1330,5.4,4674,270,-14.3,38,1618,51.3,2.1,990.9,1024.5,1030,1020.7,1500,1022.4,9.7,7.9,1200,2.01,12.06,,,1.7,0,,.5,.8,-2.2,-13.3,,,,,,,,,,,,,,
135,추풍령,1991-01-05,-7.5,-10.6,712,-4.6,1642,2.67,,,,,0,20.2,270,1256,12.7,270,1250,5.5,4756,270,-12.8,46,1410,62.8,2.3,989.3,1022.9,2400,1018.3,1440,1020.9,9.7,6.4,1100,2.16,10.78,,,,,,4.5,3.4,-3.8,-13.3,,,,,,,,,,,,0,{눈}1435-{눈}{강도0}1500-1715.,
135,추풍령,1991-01-06,-4.6,-8.5,550,.3,1454,,,,,,,17.1,270,1200,12.5,270,1135,5.4,4647,270,-9.7,44,1624,68.3,2.9,992.9,1025.7,2400,1022.9,0,1024.4,9.8,8.2,1200,2.17,12.82,,,,,,1.5,2.8,-3,-10.9,,,,,,,,,,,,0,,
135,추풍령,1991-01-07,-3.6,-6.2,10,.1,1650,8.47,,,,,3.6,13.2,270,1814,11,270,1900,2.4,2104,270,-6,71,2400,84,3.9,989.4,1025.7,0,1016.2,1510,1020.6,9.8,0,1045,.19,1.16,5.2,1640,5.2,1640,5.2,10,5.8,-1.2,-6.4,,,,,,,,,,,,3.6,{눈}0812-{눈}{강도0}0900-{눈}{강도0}1200-{눈}{강도0}1500-1640.,
135,추풍령,1991-01-08,-5.7,-8.6,920,-2.7,1508,,,,,,,15.6,270,850,11.7,270,850,5.7,4904,270,-13,44,1600,56.8,2.3,989.4,1022.6,2120,1018.9,1440,1020.9,9.8,7.6,1200,2.06,12.26,,,5.2,0,,2.3,2.5,-2.6,-10.9,,,,,,,,,,,,,,
135,추풍령,1991-01-09,-3.6,-9.7,458,1.6,1530,,,,,,,13.5,270,1558,11,270,140,5.3,4608,270,-11.3,30,1438,56,2.6,991,1024.1,1000,1021.1,1350,1022.3,9.8,8.4,1130,2.12,13.18,,,3.1,0,,1.8,1.8,-3.1,-12.2,,,,,,,,,,,,,,
135,추풍령,1991-01-10,1,-1.3,2400,3.7,1334,,,,,,,14.2,270,1212,11.7,270,1300,5.5,4790,270,-5.4,46,1210,62.5,4.1,989.5,1021.6,0,1018.4,1500,1020.2,9.8,4.7,1200,2.15,9.66,,,1,0,,9,6.8,0,-3.9,,,,,,,,,,,,,,
135,추풍령,1991-01-11,-1.1,-3.6,822,3.1,1536,,,,,,,10.8,270,12,7.7,270,10,3.5,3004,270,-7.1,34,1530,66,3.7,987.6,1020.3,0,1016.1,1520,1018.5,9.8,4.5,1200,1.96,8.75,,,,,,4,2.8,-.5,-7.5,,,,,,,,,,,,,,
135,추풍령,1991-01-12,-2.2,-4,810,.8,1240,.25,,,,,0,12.3,240,407,10,270,350,4.7,4039,270,-8.9,48,0,60.3,3.2,989.4,1023.3,2340,1018,20,1020.4,9.9,4.1,1000,1.59,8.17,,,,,,4.8,5.1,-1.3,-7.4,,,,,,,,,,,,0,{눈}1325-1340.,
135,추풍령,1991-01-13,-4.7,-8,710,-1,1437,,,,,,,14.5,270,1252,12,270,1310,5,4342,270,-13.7,32,1230,50.8,2.2,995.1,1029.3,2400,1023.3,0,1026.6,9.9,8.2,1215,1.95,12.2,,,,,,2,1,-3.1,-11.7,,,,,,,,,,,,,,
135,추풍령,1991-01-14,-5.6,-9.8,2400,-2.6,1508,,,,,,,12.2,270,255,10,270,250,4.8,4166,270,-16.4,26,1532,42.8,1.7,997.7,1031.1,912,1027.1,1400,1029.5,9.9,4.6,1100,1.55,8.08,,,,,,4.5,3,-4.4,-17.3,,,,,,,,,,,,,{햇무리}1015-1240.,
135,추풍령,1991-01-15,-4.2,-12.2,420,4.4,1400,,,,,,,10.2,270,1331,8,270,1330,1.7,1435,290,-8.2,48,1240,76,3.5,996.7,1030,330,1026,1320,1028.2,9.9,3.6,1200,1.59,7.05,,,,,,3,2.1,-2.7,-16.9,,,,,,,,,,,,,,
135,추풍령,1991-01-16,-1,-8.2,744,6.4,1532,,,,,,,8.5,270,1620,6.7,270,1640,1.2,1042,270,-6.2,38,1540,71.8,3.9,995.1,1030,308,1020.6,2400,1026.2,9.9,6.4,1245,1.84,9.67,,,,,,2.8,1.5,-.2,-13.3,,,,,,,,,,,,1.5,{박무}0040-{박무}{강도0}0300-{박무}{강도0}0600-{박무}{강도0}0900-0920.,
135,추풍령,1991-01-17,.1,-4.4,2400,4.6,212,.27,,,,,1.5,14.4,270,1445,8.3,270,1450,6.5,5622,270,-10,21,1620,49.8,3.3,994,1030.7,2400,1019.1,115,1024.8,10,8.4,1200,2.06,13.01,,,,,,2.5,.4,0,-10.1,,,,,,,,,,,,,{비}0214-0230.,
135,추풍령,1991-01-18,-3.1,-7.4,806,3.2,1640,,,,,,,11.3,270,340,9,270,400,3.7,3218,270,-12.6,19,1700,50.5,2.4,1000.2,1033.4,2200,1030.4,1500,1031.7,10,8.7,1100,2.04,12.47,,,,,,0,0,-2.5,-14.1,,,,,,,,,,,,,,
135,추풍령,1991-01-19,-1.7,-8,655,7,1540,,,,,,,4.6,160,1031,3,70,1620,1.2,1030,50,-8,23,1540,67.5,3.4,1000.6,1034.4,900,1029,1530,1031.9,10,8.3,1200,2.14,12.17,,,,,,1.8,2.8,-1.4,-14.4,,,,,,,,,,,,,,
135,추풍령,1991-01-20,.9,-7,750,12.1,1505,,,,,,,5,110,1645,3.3,110,1700,.7,597,160,-6.9,21,1540,64.8,3.7,994.8,1029.7,0,1021.9,1510,1025.6,10,8.2,1100,2,12.46,,,,,,4,2.3,.2,-12,,,,,,,,,,,,1.8,,
135,추풍령,1991-01-21,3.4,1.4,840,4.8,1522,7.67,,,,,8.5,6,70,1240,4,70,1230,.9,786,50,.4,43,350,82.5,6.4,988.8,1022.3,0,1017.3,1540,1019.1,10.1,0,1330,.4,1.66,,,,,,10,5.9,1.5,.5,,,,,,,,,,,,7.7,{비}0740-{비}{강도0}0900-{비}{강도0}1200-{비}{강도0}1500-1520.,
135,추풍령,1991-01-22,1.9,.2,2010,4,110,14.92,,,,,14.4,4.5,90,840,3.3,90,900,1.4,1220,90,.8,91,0,91.8,6.5,992.4,1027.3,2400,1020.3,200,1023,10.1,0,1000,.18,.82,4.6,1920,4.6,1920,4.6,10,5.1,.7,-.2,,,,,,,,,,,,13.4,{비}0425-{비}{강도0}0600-{비}{강도0}0900-{진눈깨비}1135-{진눈깨비}{강도0}1200-{눈}1330-{눈}{강도1}1500-{눈}{강도0}1800-1920.,
135,추풍령,1991-01-23,2,-.5,2400,6.9,1525,,,,,,,4.7,110,1245,3.3,90,1130,1,824,90,-.6,57,1513,83.5,5.9,997.9,1031.4,910,1026.7,1520,1028.7,10.1,5.1,1300,2.32,9.54,,,4.4,0,,6.3,4,1.5,-6.7,,,,,,,,,,,,,,
135,추풍령,1991-01-24,.4,-.7,110,2,1810,7.92,,,,,3.5,15,270,1805,12.7,270,1858,2.7,2342,270,-.9,80,2240,91,5.7,990.1,1027.1,110,1015.4,1504,1020.9,10.1,0,1200,.38,1.31,.8,1220,.8,1220,.8,8.3,5.5,0,-3.5,,,,,,,,,,,,3.5,{눈}0945-{눈}{강도0}1200-1220.  {눈}1330-{진눈깨비}1340-{진눈깨비}{강도0}1500-{비}1525-1710.  {눈}1835-2015.,
135,추풍령,1991-01-25,.7,-2.6,2400,3.7,1504,.75,,,,,0,13,270,855,11,270,1250,5.6,4806,270,-8.3,26,1700,52.5,3.4,991.4,1026.6,2400,1019.6,420,1022.2,10.2,7.9,1130,2.31,13.82,,,,,,4.5,2.4,1.3,-8.4,,,,,,,,,,,,,{눈}0650-0735.,
135,추풍령,1991-01-26,-1.5,-3.8,610,2.4,1513,,,,,,,15.2,270,1228,13,270,1300,5,4322,270,-13,22,1625,43.5,2.3,996.7,1029.5,2400,1026.6,0,1027.8,10.2,8.6,1200,2.26,13.94,,,,,,0,0,-1.1,-9.7,,,,,,,,,,,,,,
135,추풍령,1991-01-27,-1.5,-5.2,800,3,1620,,,,,,,12.9,270,1150,11.3,270,1250,4.2,3591,270,-11.7,29,1550,47.8,2.5,998.3,1032.2,2400,1027.5,1500,1029.6,10.2,8.6,1130,2.28,14.91,,,,,,.8,1,-1.3,-8.7,,,,,,,,,,,,,,
135,추풍령,1991-01-28,-2.6,-9.5,758,5.6,1504,,,,,,,6.6,90,1105,4.7,90,1200,1.3,1144,50,-9.6,28,1500,64.5,3,1001,1034.3,900,1030.6,1500,1032.6,10.3,7.5,1200,2.14,13.13,,,,,,3,1.8,-.9,-14.5,,,,,,,,,,,,,,
135,추풍령,1991-01-29,-.7,-7,810,7.4,1455,,,,,,,5,140,1310,3.3,140,1330,1.1,954,20,-6.4,32,1520,70.3,3.8,1000.2,1033.1,1010,1028.9,1440,1031.5,10.3,8.5,1200,2.26,14.31,,,,,,0,0,0,-13.1,,,,,,,,,,,,,,
135,추풍령,1991-01-30,-.4,-6.4,820,7,1550,,,,,,,8.5,270,1415,6,250,1230,1.9,1604,270,-8.4,23,1342,61.5,3.3,998.2,1031.9,0,1026.5,1530,1029.4,10.3,8.5,1200,2.21,13.89,,,,,,1,0,.2,-11.4,,,,,,,,,,,,,,
135,추풍령,1991-01-31,-.3,-5.1,651,4.8,1504,,,,,,,12.8,270,2230,11,270,2240,4.5,3884,270,-6.6,27,1700,65.8,3.8,993.5,1028.3,0,1021.1,1520,1024.4,10.3,7.8,1200,2.38,14.91,,,,,,.8,.4,-.2,-11.4,,,,,,,,,,,,,,
135,추풍령,1991-02-01,-1.3,-5.4,810,2.8,1352,,,,,,,12.2,270,1432,9.7,270,1500,4.4,3804,270,-7.4,46,1510,63.8,3.5,990.3,1023.3,2400,1018.8,1333,1021.3,10.4,8,1100,2.15,13.12,,,,,,1.3,1.6,-.4,-11.1,,,,,,,,,,,,,,
135,추풍령,1991-02-02,-2,-5.7,730,4,1610,,,,,,,13.1,270,1315,11.3,290,500,4.6,3973,270,-10.9,23,1540,55.3,2.7,993.3,1025.5,1100,1023.2,1630,1024.5,10.4,8.7,1200,2.39,15.28,,,,,,0,0,-1,-11.9,,,,,,,,,,,,,,
135,추풍령,1991-02-03,-1.4,-8.3,745,4.1,1614,,,,,,,12.5,270,1358,9.7,270,2300,3.4,2942,270,-9,28,1545,59,3.1,992,1025.8,310,1019.9,1646,1023,10.4,7.2,1200,2.19,12.2,,,,,,2.8,2.5,-.7,-13.3,,,,,,,,,,,,,,
135,추풍령,1991-02-04,-.4,-3,2400,2.5,1412,3.75,,,,,.3,18.2,270,1113,13.3,270,1400,5.6,4816,270,-7.6,29,1640,61.8,3.7,989,1022.9,2220,1017.9,652,1019.9,10.5,4.9,1300,1.48,8.67,.6,915,.6,915,.6,5,3.3,-.6,-6.4,,,,,,,,,,,,,{눈}0640-{눈}{강도0}0900-1025.,
135,추풍령,1991-02-05,-1,-4.7,730,4,1527,,,,,,,14.2,270,13,12.3,270,20,4.6,4004,270,-9.5,28,1510,54.3,3,992.4,1025.9,945,1021.6,1450,1023.4,10.5,8.7,1200,2.41,16.22,,,,,,2.5,1.9,.4,-9.5,,,,,,,,,,,,,,
135,추풍령,1991-02-06,-1.1,-6.5,615,5.4,1612,,,,,,,9.2,250,1435,7,250,1430,2.4,2088,270,-6.3,39,1620,71.3,3.8,991.4,1024.4,940,1019.1,1520,1022.4,10.5,7.1,1130,2.07,12.16,,,,,,5.3,.8,.1,-11.7,,,,,,,,,,,,,,
135,추풍령,1991-02-07,1.1,-5.4,520,8.3,1457,5.75,,,,,.6,13.5,270,2343,11.7,270,2400,2.9,2521,270,-2.8,40,1450,78.8,5.1,987.7,1020.7,0,1015.7,1520,1018.3,10.6,4.3,1130,2.13,10.23,,,,,,6.5,3.9,1.5,-11.9,,,,,,,,,,,,,{비}1735-{비}{강도0}1800-{비}{강도0}2100-2320.  {박무}1720-{박무}{강도0}1800-{박무}{강도0}2100-{박무}{강도0}2400-,
135,추풍령,1991-02-08,1.2,-3.7,2400,5.9,1516,,,,,,,16.2,270,208,11.7,270,210,4.4,3814,270,-9.6,13,1650,47.5,3.1,992.3,1025.8,2217,1016.8,0,1023,10.6,9.2,1130,2.23,15.29,,,,,,0,0,2.3,-11.3,,,,,,,,,,,,,-{박무}-0140.,
135,추풍령,1991-02-09,-.2,-6.3,427,6.6,1412,5.67,,,,,13.9,7.3,50,2252,6,50,2300,1.2,1038,160,-5.4,28,1427,72.3,4.3,991.1,1026,910,1014.6,2400,1022,10.6,1.2,1050,1.66,6.13,,,,,,7,3.6,.7,-12.3,,,,,,,,,,,,,{비}1820-{비}{강도0}2100-{비}{강도1}2400-   {박무}2218-{박무}{강도0}2400-,
135,추풍령,1991-02-10,2.6,1.1,220,4,1300,9.55,,,,,16.7,8.7,270,2315,6.7,270,2320,2.5,2144,270,1.4,89,1200,91.5,6.8,982.4,1017.3,2400,1010,545,1012.7,10.7,0,1300,.53,2.57,,,,,,10,4.8,3.3,-1.8,,,,,,,,,,,,,-{비}-{비}{강도0}0300-{비}{강도0}0600-0723.  {비}1215-1425.  -{박무}-{박무}{강도0}0300-{박무}{강도0}0600-0710.,
135,추풍령,1991-02-11,2.6,.3,2400,5,1502,3.93,,,,,1.2,11.9,290,1900,9.3,270,2310,4.3,3692,270,0,61,2350,82.8,6.1,987.9,1021.6,2400,1016.5,1510,1018.3,10.7,.6,900,1.35,5.96,,,,,,6.3,3.9,2.5,-3.9,,,,,,,,,,,,,{비}1114-{비}{강도0}1200-1345.  {비}1443-{비}{강도0}1500-1520.  {비}1627-1715.  {박무}1020-{박무} {강도0}1200-1332.,
135,추풍령,1991-02-12,1.5,-1.8,620,6.8,1513,,,,,,,11.2,250,902,7.3,270,400,4.3,3712,270,-8.2,23,1524,50.3,3.3,994,1026.8,1048,1021.6,0,1024.8,10.7,9,1130,2.47,15.98,,,,,,0,0,2.4,-5.5,,,,,,,,,,,,,,
135,추풍령,1991-02-13,.7,-2.1,2400,5.3,1552,,,,,,,5.1,140,1645,2.7,140,1700,.9,764,50,-4.3,40,1540,70.8,4.5,994.9,1027.5,1006,1024,1810,1025.8,10.8,0,1100,.92,5.03,,,,,,7,4,.9,-9.9,,,,,,,,,,,,,,
135,추풍령,1991-02-14,2.8,-3.1,206,8.9,1620,4.75,,,,,1.3,10,90,1107,7.7,70,1200,2.8,2393,90,-.7,52,1510,78.5,5.9,989.4,1025,0,1015.5,2400,1019.9,10.8,3.7,900,1.67,8.98,,,,,,7.8,3.1,2.5,-9.9,,,,,,,,,,,,,{비}1915-{비}{강도0}2100-{비}{강도0}2400-   {박무}2020-{박무}{강도0}2100-{박무}{강도0}2400-,
135,추풍령,1991-02-15,2.3,.3,2013,4.2,1252,21.28,,,,,14.8,10.9,270,1722,8.7,270,1725,3.7,3188,270,1.3,91,2040,92,6.7,979.2,1015.5,0,1005.2,1507,1009.5,10.8,0,1100,.56,3.33,2.2,2117,2.2,2117,2.2,10,4.5,3.6,-2,,,,,,,,,,,,,-{비}-{비}{강도0}0300-{비}{강도0}0600-{비}{강도0}0900-{비}{강도0}1200-{비}{강도0}1500-{진눈깨비}1632-{눈}1710-{눈}{강도0}1800-{눈}{강도0}2100-2117.  -{박무}-{박무}{강도0}0300-{박무}{강도0}0600-{박무}{강도0}0900-1050.,
135,추풍령,1991-02-16,1.3,-2.1,710,5.6,1610,,,,,,,11.5,250,1340,9.3,270,110,3.3,2868,270,-3.1,39,1700,73,4.9,985.7,1020,2400,1012.4,0,1016.3,10.9,7.5,1200,2.37,13.33,,,2,0,,5,4.6,2.7,-6.3,,,,,,,,,,,,,,
135,추풍령,1991-02-17,-1.3,-7.5,750,5.4,1350,,,,,,,6.2,180,1230,3.8,180,1230,1.1,943,20,-9.7,22,1430,57.5,3,993.2,1026.8,910,1020,0,1024.2,10.9,8.7,1000,2.2,14.39,,,,,,3.3,3,1.3,-13.8,,,,,,,,,,,,,,
135,추풍령,1991-02-18,-.5,-3.5,725,2.1,1540,1.2,,,,,0,16.5,270,1645,13.7,270,1650,4.2,3634,270,-4.5,48,2232,76.5,4.4,988.4,1024.5,305,1015.3,2048,1019.3,10.9,0,1315,.78,5.3,,,,,,10,7.1,.7,-7.5,,,,,,,,,,,,,{비}1215-1327.,
135,추풍령,1991-02-19,-2.7,-6.3,2400,0,1509,2.08,,,,,0,15.9,270,1115,12,270,1120,5.8,4970,270,-14.2,20,1730,42.5,2.1,988.6,1022.9,2208,1016.8,0,1019.7,11,8.3,1115,2.67,17.75,,,,,,2,2.8,.7,-10.5,,,,,,,,,,,,,{눈}0705-0834.  {눈}0914-0950.  {박무}0645-{박무}{강도0}0900-1025.,
135,추풍령,1991-02-20,-3.9,-8,654,.2,1410,5.6,,,,,1.7,15.3,250,1346,12.3,270,1405,5.2,4465,270,-9.2,40,1230,67.8,3.1,988,1023.3,300,1014.6,1720,1019.2,11,5.5,1000,2.4,12.28,2.9,1915,2.9,1915,2.9,6,5.9,-.9,-11.9,,,,,,,,,,,,,{눈}1307-1345.  {눈}1417-{눈}{강도0}1500-{눈}{강도0}1800-1915.  {박무}1730-{박무}{강도1}1800-{박무}{강도1}2100-{박무}{강도0}2400-,
135,추풍령,1991-02-21,-5.4,-8.3,2400,-3.4,400,4.92,,,,,1,22,270,1050,16.3,270,1055,7.4,6426,270,-12.4,32,1200,61.5,2.6,989.5,1026.1,2223,1016.7,332,1020.9,11.1,6.6,1300,1.74,13.37,1.5,535,4.4,535,1.5,5.5,4.4,-.1,-13.5,,,,,,,,,,,,,{눈}0040-{눈}{강도0}0300-0535.  -{박무}-{박무}{강도0}0300-0540.  {폭풍}1030-1230.,
135,추풍령,1991-02-22,-9.5,-12.9,2400,-7.4,1130,7.33,,,,,3.6,16,270,1355,11.7,270,1350,3.8,3240,270,-15.5,41,1624,63.5,1.9,992,1029.1,2400,1021.7,954,1024,11.1,2.9,1400,1.29,6.63,5.7,1025,7.7,1025,5.7,8,6.3,-1,-16.7,,,,,,,,,,,,,{눈}0150-{눈}{강도0}0300-{눈}{강도0}0600-0820.  {눈}0935-1025.  {박무}0350-{박무}{강도1}0600-{박무}{강도0}0900-1040.,
135,추풍령,1991-02-23,-10.5,-14.6,600,-6.1,1508,1.98,,,,,.2,15,270,1400,13.3,270,1310,5.3,4548,270,-16,42,1224,67,1.8,997.6,1032.6,2400,1028.3,1610,1030,11.1,8.6,1200,2.76,18.13,.3,220,4.7,220,.4,3,3.3,-1.4,-17.2,,,,,,,,,,,,,{눈}0110-0220.  {눈}1746-{눈}{강도0}1800-1835.,
135,추풍령,1991-02-24,-8.1,-13.3,729,-2.8,1612,,,,,,,15.2,270,1435,13.7,270,1440,6,5164,270,-15.6,30,1700,57,1.8,1000.1,1034.2,2252,1029.8,1437,1032.2,11.2,9.9,1100,2.76,18.95,,,3.6,0,,0,0,-3.2,-17.4,,,,,,,,,,,,,,
135,추풍령,1991-02-25,-3.6,-9.3,722,2.1,1542,,,,,,,14.9,270,325,11.7,270,320,5.4,4636,270,-14.2,20,1830,46.5,2.1,1000.9,1034.5,950,1030.9,1540,1032.4,11.2,9.7,1200,2.77,19.35,,,1.4,0,,0,.4,-1.3,-12.8,,,,,,,,,,,,,,
135,추풍령,1991-02-26,-1.7,-7.8,710,4.7,1554,,,,,,,12.8,270,1059,10,250,1210,2.7,2329,270,-6.6,39,900,57.3,3.7,998.9,1032.3,0,1026.9,1707,1030.1,11.2,8.2,1100,2.9,18.87,,,,,,2.5,.9,.1,-13.9,,,,,,,,,,,,,{달무리}2120-,
135,추풍령,1991-02-27,.2,-3.6,752,3.7,1052,11.17,,,,,7.8,5.2,160,1254,2.3,160,1300,.9,757,160,-1.1,49,1212,91.3,5.7,992.5,1028.6,0,1015.8,2400,1023.4,11.3,2,830,1.15,4.75,,,,,,7.8,3.6,.3,-9.5,,,,,,,,,,,,,{진눈깨비}1250-{비}1320-{비}{강도0}1500-{비}{강도0}1800-{비}{강도0}2100-{비}{강도0}2400-   -{달무리}-0150.,
135,추풍령,1991-02-28,2.3,-1.8,2400,4.8,1452,5.53,,,,,2.1,14.9,270,829,11.7,270,840,5.5,4726,270,-4.9,22,1810,62.3,4.6,987.9,1022.4,2400,1014.6,350,1018.3,11.3,5.1,1000,1.86,10.48,,,,,,8.5,4.6,2.8,-3.2,,,,,,,,,,,,,-{비}-{비}{강도0}0300-0532.  {박무}0015-{박무}{강도0}0300-{박무}{강도0}0600-0612.,
135,추풍령,1991-03-01,.3,-5.1,742,6.8,1605,,,,,,,12.1,250,1015,9.3,250,1020,4.5,3872,250,-9.6,16,1730,49,3,991.9,1025.6,2400,1019.6,1510,1022.7,11.4,10,1030,2.59,18.48,,,,,,2.5,1.5,2.6,-9.9,,,,,,,,,,,,,,
135,추풍령,1991-03-02,1.7,-5.3,706,8.2,1623,,,,,,,8.1,270,1413,5.3,250,1050,2.3,2004,270,-10.9,17,1700,40.8,2.7,994,1026.4,2400,1022.3,1720,1024.7,11.4,9.8,1100,2.73,19.17,,,,,,1,0,2.9,-13.6,,,,,,,,,,,,,,
135,추풍령,1991-03-03,4.3,-1.1,204,11.3,1633,,,,,,,11,270,1910,8.3,270,1930,3.2,2750,270,-3.8,20,1700,57.3,4.7,994.6,1027.2,850,1022.3,1720,1025,11.4,9.2,1130,2.74,19.04,,,,,,1.3,1.5,4.5,-8.1,,,,,,,,,,,,,,
135,추풍령,1991-03-04,2.8,-4.3,554,11.5,1705,,,,,,,15.2,270,1229,12.3,270,1230,1.7,1450,270,-5.5,22,1824,60.8,4.1,989.5,1024.2,0,1016.9,1740,1019.9,11.5,4.9,1400,1.57,10.65,,,,,,4,3.1,3,-11.6,,,,,,,,,,,,,,
135,추풍령,1991-03-05,7.1,-.4,650,16.9,1505,,,,,,,12.7,270,1110,9.7,270,1100,2.6,2274,270,-5.3,18,1516,44,4.1,986.2,1019.3,0,1012.2,1610,1016.2,11.5,8.9,1130,2.66,18.26,,,,,,2.5,3.5,5.1,-8.9,,,,,,,,,,,,,,
135,추풍령,1991-03-06,7.3,.8,720,14.6,1530,,,,,,,14.6,270,1255,11,270,1300,3.3,2826,270,-.3,22,1840,63,6.1,987.9,1021.5,2400,1015.6,410,1017.8,11.6,9.5,1200,2.71,19.06,,,,,,2.3,0,6.5,-4.3,,,,,,,,,,,,,,
135,추풍령,1991-03-07,3.3,.7,2400,6,1143,5.75,,,,,2.8,15.3,90,1355,11.7,90,1340,5.3,4540,90,.1,61,1210,80.5,6.2,993.2,1025.8,1020,1021.5,0,1023.7,11.6,0,1000,.63,3.21,.3,2220,.3,2220,.3,9.5,5.9,3.1,-4.9,,,,,,,,,,,,,{비}1815-{진눈깨비}1910-{진눈깨비}{강도0}2100-{비}2220-{비}{강도0}2400-,
135,추풍령,1991-03-08,1.1,.5,30,1.6,1450,20.25,,,,,26.1,14,90,914,10.3,90,920,3.9,3402,90,-.2,91,430,93,6,986.3,1023.5,0,1011,2020,1016.8,11.6,0,1300,.61,2.38,.4,1340,.4,1340,.4,10,5.3,.4,-.7,,,,,,,,,,,,,-{비}-{비}{강도0}0300-0320.  {비}0705-{비}{강도0}0900-{진눈깨비}0925-{진눈깨비}{강도1}1200-{비}1340-{비}{강도0}1500-{진눈깨비}1635-{진눈깨비}{강도1}1800-{진눈깨비}{강도0}2100-{비}2325-{비}{강도0}2400-   {박무}2320-{박무}{강도0}2400-,
135,추풍령,1991-03-09,1.6,.3,544,3.1,1335,8.47,,,,,2.7,8.2,270,1410,4.3,270,1540,1.5,1320,270,0,77,2320,89.5,6.1,986.3,1021.7,2306,1012.2,313,1016.8,11.7,0,1200,.66,2.99,,,,,,10,4.8,1.8,-1.2,,,,,,,,,,,,,-{비}-{진눈깨비}0220-{진눈깨비}{강도0}0300-{눈}0445-0520.  {이슬비}0707-{이슬비}{강도0}0900-1015.  -{박무}-{박무}{강도0}0300-{박무}{강도0}0600-{박무}{강도0}0900-1130.,
135,추풍령,1991-03-10,1.2,-.3,725,2.8,1340,7.63,,,,,14.3,6.9,90,1320,4.5,90,1340,1.3,1087,90,-.1,76,1135,91,6.1,989.8,1023,920,1016.7,2008,1020.5,11.7,0,1200,.72,3.58,6.3,2400,6.3,2400,6.3,8.8,5.9,1.8,-3.8,,,,,,,,,,,,,{진눈깨비}1310-{진눈깨비}{강도0}1500-{비}1512-1618.  {비}1930-{비}{강도0}2100-{눈}2118-{눈}{강도1}2400-,
135,추풍령,1991-03-11,2.2,.2,10,5.1,1420,5.23,,,,,3.5,6,160,1026,2.7,160,1000,.8,658,140,.7,79,1520,89.5,6.5,987.1,1019.9,2150,1016.2,631,1017.5,11.7,1.3,1130,1.5,8.25,5.9,514,12.2,514,5.9,10,4.3,1.4,-.9,,,,,,,,,,,,,-{눈}-{눈}{강도0}0300-0514.,
135,추풍령,1991-03-12,5,1.4,15,10.6,1512,,,,,,,10.3,270,605,7.3,270,2210,4.1,3556,270,-4.8,17,1557,56.8,4.7,991.6,1025.3,2400,1019.7,0,1021.8,11.8,6.8,1130,2.62,16.28,,,4,0,,7.3,1.9,5.6,-2.7,,,,,,,,,,,,,,
135,추풍령,1991-03-13,4.6,-1.9,730,10.2,1428,,,,,,,12.2,270,1112,9,270,1120,3.6,3104,270,-7.7,28,250,40,3.6,993.5,1026.5,708,1021,1600,1023.8,11.8,7.9,1100,2.69,18.57,,,,,,1.5,1.9,4.7,-6.9,,,,,,,,,,,,,,
135,추풍령,1991-03-14,.7,-3.4,720,5,1537,,,,,,,16.8,270,1502,10.7,270,400,5.5,4774,270,-9.9,23,1630,46.5,2.9,996.1,1029.8,2330,1025,0,1027,11.9,10.8,1130,3.02,22.2,,,,,,0,0,3.4,-8.4,,,,,,,,,,,,,,
135,추풍령,1991-03-15,1.1,-5.3,635,6.4,1446,1.67,,,,,.2,8.5,140,1020,6.7,110,1110,1.4,1216,110,-4,40,1212,71.3,4.6,995.5,1030.5,633,1021.5,2400,1026.2,11.9,4.3,1030,1.79,10.46,,,,,,6.3,4.4,3.1,-11.8,,,,,,,,,,,,,{비}2220-{비}{강도0}2400-,
135,추풍령,1991-03-16,1.7,-.6,700,4.2,1510,8.65,,,,,1.2,19.5,270,2353,13,270,2340,5.1,4417,270,-.8,67,1842,84.3,5.8,989.1,1021.6,2400,1017.2,1512,1019.7,11.9,.5,1100,1.19,5.94,.7,1005,.7,1005,.7,8.8,6.1,2.6,-3.5,,,,,,,,,,,,,-{비}-{진눈깨비}0130-{눈}0325-0440.  {눈}0742-{눈}{강도0}0900-1114.  {비}1508-1535.,
135,추풍령,1991-03-17,2.3,-2.8,730,8.3,1626,,,,,,,14.6,270,25,13.7,270,30,4.7,4084,270,-8.6,16,1930,48,3.3,992.5,1025.1,950,1021.3,1800,1023.1,12,10.7,1130,2.89,21.48,,,,,,1,.5,4.1,-9.3,,,,,,,,,,,,,,
135,추풍령,1991-03-18,4.4,-4.6,652,13.8,1635,,,,,,,10.5,270,1345,7.7,270,1350,1.6,1357,250,-4.8,17,1250,58,4.4,991.6,1024,720,1018,1620,1021.9,12,10.3,1100,2.81,21.42,,,,,,0,.3,4.2,-11.3,,,,,,,,,,,,,,
135,추풍령,1991-03-19,9.5,-1,642,20,1546,,,,,,,9.4,270,1727,6.8,270,1730,1.1,967,110,-1.6,14,1750,56,5.5,986.5,1020.8,0,1011,1805,1016.2,12.1,10,1200,2.64,19.97,,,,,,1,1.3,9.5,-6.7,,,,,,,,,,,,,,
135,추풍령,1991-03-20,12.8,5.4,2400,21.2,1506,1.45,,,,,.1,13.5,250,1622,12.3,250,1630,3.1,2678,250,7.9,43,1530,73.8,10.7,983.8,1020.7,2400,1009.6,1530,1012.9,12.1,5.8,1200,2.69,14.29,,,,,,8,4.6,13.5,3.9,,,,,,,,,,,,,{비}2233-{비}{강도0}2400-,
135,추풍령,1991-03-21,3.9,2,425,6.8,1324,4.35,,,,,.2,14,90,1617,10,90,1820,5.6,4810,90,-1.3,47,1200,70.5,5.6,993.3,1025.5,1000,1020.7,0,1023.7,12.1,.8,1030,1.03,7.44,,,,,,10,3.8,6.5,.2,,,,,,,,,,,,,-{비}-{비}{강도0}0300-0421.,
135,추풍령,1991-03-22,2.8,1.2,710,4.1,2200,10.63,,,,,4.3,11.2,70,30,7.7,70,40,3,2584,70,.6,61,0,86,6.5,986,1021.9,0,1012.1,1920,1016.4,12.2,0,1030,.5,3.02,,,,,,10,4.4,4.8,0,,,,,,,,,,,,,{비}0715-{비}{강도0}0900-{비}{강도0}1200-{비}{강도0}1500-1753.,
135,추풍령,1991-03-23,9.1,2,354,17.7,1557,,,,,,,12.3,250,1447,8.7,250,1600,3.5,3005,250,-1,15,1520,57.3,5.9,984.6,1016,910,1011.8,1517,1014.2,12.2,10.7,1130,2.92,21.67,,,,,,0,.9,9.6,-2.8,,,,,,,,,,,,,,
135,추풍령,1991-03-24,10.9,3,713,20.1,1505,,,,,,,10.2,270,128,7,270,120,3.2,2778,230,2.5,22,1512,61.5,7.5,986.3,1017.4,707,1012.5,1538,1015.7,12.3,9.1,1300,2.72,19.1,,,,,,5,2.5,11.5,-3.1,,,,,,,,,,,,,,
135,추풍령,1991-03-25,9.5,5.8,2400,15.3,1606,6.17,,,,,3.1,7.5,70,245,4.5,70,240,1.3,1085,70,7.4,65,1625,87.3,10.3,987.4,1019.3,2400,1014.8,1610,1017,12.3,3.4,1330,1.97,9.97,,,,,,6.3,3.5,11.8,-1,,,,,,,,,,,,,{비}0420-{비}{강도0}0600-{비}{강도0}0900-1030.  {박무}1910-{박무}{강도0}2100-{박무}{강도1}2400-,
135,추풍령,1991-03-26,6.5,1.4,518,13.3,1304,5.5,,,,,7.6,15.4,70,1842,11.7,70,1820,4.4,3782,70,2.6,40,1420,80,7.4,989.8,1023.1,840,1017.7,1620,1019.8,12.3,1.9,1200,2.76,10.63,,,,,,6.8,5.1,8.5,-2.7,,,,,,,,,,,,,-{박무}-{시정(미만)}{1km}{낮은안개}0035-{시정(미만)}{0.5km}{낮은안개}0055-{낮은안개}{강도1}0300-{안개}0450-{안개}{강도1}0600-{시정(이상)}{0.5km}{안개}0710-{시정(이상)}{1km}{박무}0725-{박무}{강도1}0900-1050.  {비}1830-{비}{강도0}2100-{비}{강도0}2400-,6.83
135,추풍령,1991-03-27,4,2.4,652,5.4,1541,21.5,,,,,19.1,11.6,70,405,8.7,70,400,3.9,3351,70,3.2,91,2250,94.5,7.7,988.2,1023.1,2400,1016.2,404,1018.5,12.4,0,1300,.58,3.35,,,,,,10,5.6,6.1,.2,,,,,,,,,,,,,-{비}-{비}{강도0}0300-{비}{강도0}0600-{비}{강도0}0900-{비}{강도0}1200-{비}{강도0}1500-{비}{강도0}1800-{비}{강도0}2100-2130.  {박무}0025-{박무}{강도0}0300-{박무}{강도0}0600-{박무}{강도0}0900-{박무}{강도1}1200-{박무}{강도1}1500-{박무}{강도1}1800-{박무}{강도0}2100-{박무}{강도0}2400-,
135,추풍령,1991-03-28,5.9,3.1,710,10.8,1700,,,,,,,8,70,32,5.7,70,10,1.5,1302,50,2.8,51,1650,81.8,7.5,994.9,1029,2250,1022.5,405,1025.2,12.4,1.8,1100,1.64,8.67,,,,,,7.3,4.8,8,-1.5,,,,,,,,,,,,,-{박무}-{박무}{강도0}0300-{박무}{강도0}0600-0745.,
135,추풍령,1991-03-29,6.9,3.8,455,11.6,1344,,,,,,,8.2,70,7,4.7,70,10,1.7,1486,50,2.9,46,1514,78.5,7.6,997.2,1029.7,810,1023.8,2400,1027.4,12.5,1.4,1245,1.96,8.95,,,,,,9.5,6.6,9.2,.9,,,,,,,,,,,,,,
135,추풍령,1991-03-30,6.6,2.4,2400,10.7,1512,,,,,,,14.2,250,1529,13,270,1540,5.5,4726,250,-3.7,17,1520,53.8,5.1,993.6,1025.6,2400,1022.3,1606,1023.7,12.5,5.6,1200,2.13,13.83,,,,,,9,5,8.1,-2.2,,,,,,,,,,,,,{햇무리}1045-1640.,
135,추풍령,1991-03-31,2.3,-1.8,700,6.9,1431,.53,,,,,.1,19,250,1609,14.7,250,1610,5.4,4670,250,-10.9,13,1700,40.5,2.8,995,1028.7,2400,1023.1,1455,1025.8,12.5,10.7,1100,3.11,23.57,.3,2400,.3,2400,.3,1.3,1.8,5.5,-5.3,,,,,,,,,,,,,{소낙눈}2328-{소낙눈}{강도0}2400-,
135,추풍령,1991-04-01,2.1,-4.3,654,8.4,1338,1.4,,,,,.1,10,250,906,8.7,250,900,3.9,3370,250,-12.7,15,1530,37.8,2.4,998.6,1031.3,2400,1027.2,1530,1029.4,12.6,10.9,1100,2.98,23.43,.2,124,.4,124,.2,1,.5,6.7,-9.8,,,,,,,,,,,,,-{소낙눈}-0124.,
135,추풍령,1991-04-02,4.7,-2.4,655,11,1604,,,,,,,13.5,250,1345,9.7,250,1610,3.7,3184,250,-6.8,21,1640,46,3.8,999.9,1032.5,805,1027.9,1606,1030.4,12.6,10.7,1100,3.02,21.93,,,,,,0,0,8.2,-8.3,,,,,,,,,,,,,,
135,추풍령,1991-04-03,8,.7,546,15.5,1641,,,,,,,12.3,250,1315,10,270,1030,4.4,3811,270,-3.4,14,1710,50,4.9,997.9,1031.1,715,1024.6,1606,1028.1,12.6,10.6,1130,3.06,23.24,,,,,,0,0,10.8,-5.9,,,,,,,,,,,,,,
135,추풍령,1991-04-04,9.9,.2,642,18.3,1510,,,,,,,9.4,250,1340,7.7,250,2040,2.8,2458,250,-4.9,14,1356,42.8,4.5,992,1026,0,1017.6,1610,1021.7,12.7,10.7,1200,2.92,21.03,,,,,,4.8,0,11.6,-5.6,,,,,,,,,,,,,{햇무리}0820-1050.,
135,추풍령,1991-04-05,11,-.2,637,20.5,1515,,,,,,,11,250,1415,7.3,250,1430,2.4,2054,230,-8.3,10,1334,28.5,3.3,987.8,1019.8,708,1014,1632,1017.3,12.7,10.7,1100,3.04,23.52,,,,,,3,0,13.2,-6.4,,,,,,,,,,,,,,
135,추풍령,1991-04-06,11.9,6.5,636,20.9,1412,,,,,,,8.4,70,2008,6,50,1930,2.2,1920,50,4.3,34,1433,61.8,8.3,987.4,1018.1,2400,1013.6,1512,1016.7,12.8,4.6,,,.92,,,,,,8,4.4,13.1,1.5,,,,,,,,,,,,,{햇무리}1120-1335.,
135,추풍령,1991-04-07,10.2,5.4,610,17.9,1556,,,,,,,10.6,90,1006,7.3,50,1120,3.2,2735,50,2.7,31,1540,61.5,7.4,986.4,1018.2,750,1013,1500,1016,12.8,6.3,,,,,,,,,5.8,0,13.1,-.2,,,,,,,,,,,,,,
135,추풍령,1991-04-08,11.4,.6,615,22.6,1635,,,,,,,11.3,230,1517,9,230,1520,2.4,2096,230,-.1,17,1600,53.5,6.1,984.1,1015.6,848,1010.2,1710,1013.5,12.8,10.1,1200,3.1,21.49,,,,,,2,0,13.5,-4.6,,,,,,,,,,,,,,
135,추풍령,1991-04-09,14.6,4.9,610,23.4,1532,,,,,,,7.2,140,1545,3.8,140,1600,1.4,1214,140,5.9,29,1645,59.5,9.3,984.6,1016.3,752,1010.7,1620,1013.6,12.9,10.2,1200,2.96,21.75,,,,,,2,0,15.9,-1.6,,,,,,,,,,,,,{박무}1910-{박무}{강도0}2100-{박무}{강도0}2400-,
135,추풍령,1991-04-10,12.3,8.9,240,17.4,1120,4.47,.2,1415,.5,1350,.7,8,70,2250,5,70,2300,1.9,1610,110,10.8,43,1120,91.3,13.1,981.1,1013.1,0,1008.1,1550,1010.3,12.9,.8,930,1.29,6.76,,,,,,7.5,4.3,13.3,3.2,,,,,,,,,,,,,{비}1212-{비}{강도0}1500-1640.,
135,추풍령,1991-04-11,16.1,11.2,250,23.1,1513,1.5,.1,605,.2,540,.2,11.2,90,1434,7.7,50,1530,3.1,2656,50,5.2,17,1444,58.8,9.6,981.6,1014.1,2400,1008.4,1544,1010.4,12.9,5.8,1400,2.76,15.84,,,,,,8,6.3,20.1,10.8,,,,,,,,,,,,,{비}0510-{비}{강도0}0600-0640.  {박무}0145-{박무}{강도0}0300-{박무}{강도0}0600-{박무}{강도0}0900-1120.,
135,추풍령,1991-04-12,13.2,10.7,608,17.5,1510,1.63,.4,2030,.7,2015,1,8.2,50,1155,5.7,50,1120,3.1,2719,50,5.8,36,0,62.3,9.5,981.4,1014.1,0,1006.7,2035,1010.4,13,0,1400,1.16,7.87,,,,,,10,8.6,15.9,7.1,,,,,,,,,,,,,{비}2015-{비}{강도0}2100-2120.  {비}2312-2345.  {박무}1925-{박무}{강도0}2100-{박무}{강도0}2400-,
135,추풍령,1991-04-13,12.3,10.2,440,16.3,1607,8.75,.8,410,1.3,250,5.3,10.8,250,1602,8,250,1600,2.8,2390,250,9.7,64,1640,84.3,12.1,978.1,1010.6,2400,1005.2,1620,1007.1,13,2.5,1530,1.92,6.49,,,,,,9.5,6.6,12.7,9.5,,,,,,,,,,,,,{비}0135-{비}{강도0}0300-{비}{강도0}0600-{비}{강도0}0900-1020.  -{박무}-{박무}{강도0}0300-{박무}{강도1}0600-{박무}{강도0}0900-1035.,
135,추풍령,1991-04-14,12.3,7.4,629,17.2,1615,,,,,,,14.8,230,1222,10,230,1540,4.3,3673,250,-1,18,1757,48.8,6.5,983.8,1016,2400,1010.4,1722,1013.1,13.1,11.2,1000,3.23,25.69,,,,,,.5,.3,15.1,-1.4,,,,,,,,,,,,,,
135,추풍령,1991-04-15,12.2,2.3,552,20.5,1507,,,,,,,11.8,250,1153,9,250,1220,2.7,2309,270,-3.9,13,1458,35,4.6,986.2,1017.4,711,1012.5,1552,1015.5,13.1,11.6,1100,2.93,23.95,,,,,,.5,0,15.3,-2.2,,,,,,,,,,,,,,
135,추풍령,1991-04-16,15.2,4.1,640,25,1505,,,,,,,9.1,230,1152,7,230,1200,2.2,1892,230,-.8,12,1320,39.3,6,988.3,1020.5,730,1013.5,1720,1017.3,13.1,11.6,1100,3.42,27.66,,,,,,0,0,19.2,-2,,,,,,,,,,,,,,
135,추풍령,1991-04-17,11.3,5.4,621,16.3,1117,12.58,2.8,1736,10.7,1650,47.2,7.4,70,1627,5.7,70,1310,1.4,1239,70,8.2,55,900,82.5,11,980.1,1016.4,0,998.2,2400,1009.1,13.2,1,800,1.42,6.28,,,,,,6.8,3.5,13,-.3,,,,,,,,,,,,,{비}1125-{비}{강도0}1200-{비}{강도0}1500-{비}{강도1}1800-{비}{강도1}2100-{비}{강도0}2400-   {박무}1230-{박무}{강도1}1500-{박무}{강도1}1800-{박무}{강도0}2100-{박무}{강도0}2400-,
135,추풍령,1991-04-18,8.3,1.3,2400,15.5,550,13.33,.5,820,1.3,800,5.2,12.1,250,535,9,250,630,2.7,2290,50,7.2,90,2050,92.8,10.5,978.8,1018.7,2400,997.3,342,1008.3,13.2,0,1030,.53,3.64,,,,,,8.5,4.3,9.9,-4.9,,,,,,,,,,,,,-{비}-0220.  {비}0420-{비}{강도0}0600-{비}{강도0}0900-{비}{강도0}1200-{비}{강도0}1500-1520.  -{박무}-{박무}{강도0}0300-0520.,
135,추풍령,1991-04-19,9.6,-.6,450,18,1540,,,,,,,14.3,250,1335,12.7,270,2200,4.4,3760,270,1.8,35,1510,61,7.1,985.9,1018.7,0,1011.5,1750,1015.5,13.2,11.1,1015,3.24,24.44,,,,,,2.5,1.9,12.4,-6.8,,,,,,,,,,,,,,
135,추풍령,1991-04-20,12.3,5.4,652,17.8,1636,,,,,,,14.5,250,1430,11.7,250,1430,4.1,3532,270,1.7,21,1751,49.8,7.1,985.2,1016.8,652,1011.9,1627,1014.4,13.3,10.8,1200,2.94,24.85,,,,,,0,0,14.5,.5,,,,,,,,,,,,,,
135,추풍령,1991-04-21,13.6,7,703,20.8,1534,,,,,,,16.2,250,1429,12.3,250,1430,5.4,4696,270,.6,24,1300,44.8,6.4,987,1020,2400,1014.2,1600,1016.1,13.3,11.6,1130,3.15,24.87,,,,,,.3,.1,15.6,1.8,,,,,,,,,,,,,,
135,추풍령,1991-04-22,14.1,3.4,530,21.6,1357,,,,,,,8.7,250,1647,6.3,290,20,1.4,1242,250,1.3,21,1330,46,6.8,992.6,1024.8,2400,1020,0,1021.9,13.4,6.4,930,2.55,17.18,,,,,,4,3.5,14.9,-3,,,,,,,,,,,,,,
135,추풍령,1991-04-23,12.1,4.3,538,21.3,1328,1.5,0,,0,,0,10,140,1620,6,140,1630,1,891,140,7.1,35,1337,75,10.3,995.1,1026.8,942,1022.3,1517,1024.6,13.4,3.3,1130,2.33,10.81,,,,,,7.3,3,13.5,-1.4,,,,,,,,,,,,,{비}1820-1950.  {햇무리}1110-1320.,
135,추풍령,1991-04-24,14.6,9.9,228,22.5,1656,,,,,,,6.2,160,1305,2.8,160,1320,1,892,160,10.7,46,1625,80,13,991.2,1023.8,0,1016.3,1742,1020.3,13.4,5.9,1100,3.06,17.73,,,,,,6,4.4,16.9,4.8,,,,,,,,,,,,,,
135,추풍령,1991-04-25,16,7.7,640,24.9,1510,,,,,,,16.1,270,2025,13.7,270,2040,3.1,2714,270,11,37,1534,75.8,13.2,986.9,1018.9,0,1011.1,1630,1015.8,13.5,10.3,1130,3.15,23.51,,,,,,2.8,2.1,20.3,2.3,,,,,,,,,,,,,{박무}0325-{박무}{강도1}0600-0810.,
135,추풍령,1991-04-26,13.1,7.5,2400,20.5,1604,,,,,,,13,250,1108,9.3,250,1050,4,3480,270,3.1,18,1550,61.3,8,988.5,1020.1,1017,1015.7,1654,1017.8,13.5,10.4,1200,3.42,26.15,,,,,,4.8,2.4,18.4,.6,,,,,,,,,,,,,,
135,추풍령,1991-04-27,14.9,3.9,615,24.2,1512,,,,,,,7.9,270,1952,4.3,270,1950,1.4,1219,20,6.1,28,1610,60.5,9.5,986.4,1019.9,610,1010.7,1700,1015.4,13.5,11.7,1200,3.25,26.26,,,,,,2.5,.9,20.1,-1.6,,,,,,,,,,,,,,
135,추풍령,1991-04-28,16.4,5.1,620,25,1626,,,,,,,12.3,250,2132,10,250,2140,1.9,1674,250,6.9,25,1643,57.5,10,980,1013.7,0,1004.6,1532,1008.6,13.6,10.1,1100,3.13,21.63,,,,,,4.3,3.4,20,-.7,,,,,,,,,,,,,,
135,추풍령,1991-04-29,13.6,10.4,2342,18.8,1627,3.03,.3,820,1,820,2,9.5,270,810,6.7,270,830,3,2606,250,10.1,47,1627,80,12.5,977.9,1010.1,2400,1004.9,433,1006.8,13.6,3.6,1500,1.67,10.6,,,,,,6.3,3.8,15.2,3.6,,,,,,,,,,,,,{비}0733-{비}{강도0}0900-1035.  {박무}0720-0840.,
135,추풍령,1991-04-30,13.6,5.1,522,20.9,1517,1.17,.7,2300,1.3,2300,1.3,23.3,250,2226,19.3,250,2230,4.5,3926,270,3.3,27,1410,54,7.9,977.8,1010.8,540,1002,1952,1006.7,13.6,10.4,1130,3.24,24.27,,,,,,.5,1.8,17.8,0,,,,,,,,,,,,,{폭풍}2210-2230.,
135,추풍령,1991-05-01,10.7,7,2400,14.8,1508,.58,0,,0,,0,24.3,270,1520,20,270,1730,8.6,7462,270,1.5,31,1620,52.3,6.8,974.1,1005.5,2200,1001.6,1640,1003.2,13.7,10.8,1100,3.09,23.22,,,,,,4,1.9,13.8,3.5,,,,,,,,,,,,,-{비}-0035.  {황사}0950-{황사}{강도0}1200-1410.  {폭풍}1130-1840.,
135,추풍령,1991-05-02,9.7,6.6,834,14.5,1511,.8,0,,0,,0,16.2,270,45,12,270,810,5.4,4680,270,4.3,46,1433,71.3,8.4,979.3,1014.9,2400,1004.5,353,1008.6,13.7,5.7,1300,2.56,15.54,,,,,,5.8,5.1,13,3.2,,,,,,,,,,,,,{소나기}0822-{소나기}{강도0}0900-0910.,
135,추풍령,1991-05-03,12.6,6.6,650,18.4,1505,,,,,,,15,250,1350,10.3,230,1230,3.9,3349,270,2.5,22,1700,53.3,7.5,988.5,1022.6,2400,1014.7,100,1017.8,13.7,11.7,1100,3,23.78,,,,,,1.5,.4,18.1,-1.2,,,,,,,,,,,,,,
135,추풍령,1991-05-04,12.2,2.9,338,20.5,1646,,,,,,,13.4,250,1509,9.3,250,1400,2.6,2256,250,1.3,23,1622,51.8,6.7,991.5,1023.3,300,1017.8,1726,1021,13.8,12.1,1200,3.33,27.09,,,,,,1.3,0,18.1,-4.5,,,,,,,,,,,,,,
135,추풍령,1991-05-05,15.2,3.4,618,24.1,1508,,,,,,,11.4,70,2334,7,70,2340,1.7,1504,70,4.1,20,1322,52.3,8.4,990.4,1022.3,0,1015.7,1741,1019.5,13.8,11.7,1200,3.33,26.6,,,,,,3.8,1.3,21.2,-3.8,,,,,,,,,,,,,,
135,추풍령,1991-05-06,11.3,8.8,1112,14.5,1612,5.63,.6,940,2,940,3.7,15.2,90,1615,9.2,70,1400,3,2595,70,8.4,48,110,83.8,11.3,986.5,1018,220,1012.7,1705,1015.8,13.8,0,1130,.79,4.96,,,,,,10,6.5,13.4,5.4,,,,,,,,,,,,,{비}0820-{비}{강도0}0900-1140.  {비}1242-1320.  {비}1710-{비}{강도0}1800-1850.,
135,추풍령,1991-05-07,15.1,11.6,0,21.2,1512,7.88,.2,2350,.5,2317,1.2,12,270,2352,7.3,270,2400,2,1730,50,12.6,71,1500,86.8,14.6,983.4,1014.1,0,1010,1520,1012.4,13.9,1.2,1300,2.21,8.36,,,,,,9.5,4.8,17.4,10.3,,,,,,,,,,,,,{비}0320-{비}{강도0}0600-{비}{강도0}0900-1030.  {비}2317-{비}{강도0}2400-   {박무}0310-{박무}{강도0}0600-{박무} {강도0}0900-0930.  {박무}1920-{박무}{강도0}2100-{박무}{강도0}2400-,
135,추풍령,1991-05-08,13.9,11.1,700,19.2,1606,10.25,.4,10,1.3,200,4,19,270,45,15.7,270,30,4.2,3650,270,10.7,51,1706,81.8,12.9,983.5,1014.5,2400,1010.6,1652,1012.5,13.9,6,1200,2.82,18.54,,,,,,8.3,5.8,15.4,6.4,,,,,,,,,,,,,-{비}-{비}{강도0}0300-{비}{강도0}0600-{비}{강도0}0900-1015.  -{박무}-0120.  {폭풍}0030.,
135,추풍령,1991-05-09,16.2,9.9,2400,23,1505,,,,,,,15.8,250,1650,11.7,250,1450,3.4,2949,250,6.9,23,1440,59.8,10.3,984.5,1016,2400,1011.2,1520,1013.3,13.9,11.4,1130,3.36,24.88,,,,,,4,2.5,18.3,2.6,,,,,,,,,,,,,,
135,추풍령,1991-05-10,18.4,7.6,520,26.1,1502,,,,,,,14.5,270,1638,11,270,1620,3.5,3002,270,7.5,33,1525,57.8,10.6,986.8,1017.5,2400,1012.6,1610,1015.4,13.9,11,1200,3.18,24.84,,,,,,2.3,2.1,20.1,2.3,,,,,,,,,,,,,,
135,추풍령,1991-05-11,17.5,11,634,23.6,1320,,,,,,,9,270,1004,6.3,270,1450,1.7,1482,250,8.6,27,1430,59.5,11.5,988.4,1019.1,610,1014.9,1606,1017.1,14,5.5,1000,2.11,12.56,,,,,,5,3.6,17.6,4.3,,,,,,,,,,,,,{황사}0920-{황사}{강도0}1200-{황사}{강도0}1500-{황사}{강도0}1800-1950.,
135,추풍령,1991-05-12,17.2,10.2,442,24.3,1612,,,,,,,12,270,1904,8.7,270,1910,2.7,2354,270,9.4,33,1600,63,11.8,985,1016.4,610,1009.9,1613,1013.7,14,10.7,1130,3.13,25.45,,,,,,2.5,2,21.5,3.6,,,,,,,,,,,,,{황사}1015-{황사}{강도0}1200-{황사}{강도0}1500-{황사}{강도0}1800-{황사}{강도0}2100-2240.,
135,추풍령,1991-05-13,17.1,9.4,440,26.2,1632,,,,,,,8.7,230,1242,6,230,1240,2.1,1856,230,7.4,19,1500,61.5,10.8,986.3,1017.3,910,1012.1,1710,1015.1,14,12,1200,3.39,26.3,,,,,,1.3,.6,22.4,3.6,,,,,,,,,,,,,,
135,추풍령,1991-05-14,18.6,8.1,549,28.4,1537,,,,,,,8,140,1810,5.3,140,1820,1.2,1068,140,8.3,22,1614,56.5,11,985.6,1016.8,605,1010.3,1804,1014.2,14.1,11.6,1200,3.12,26.85,,,,,,1.8,.8,25,2.1,,,,,,,,,,,,,,
135,추풍령,1991-05-15,18.8,12,529,26.5,1428,1.62,4.3,2015,6.4,2004,6.6,13.2,250,2018,10,250,2020,2.1,1839,270,13.3,40,1534,73.5,15.3,978.9,1013.3,0,1001.8,1703,1007.2,14.1,8.1,1130,3.08,20.47,,,,,,6.3,5.1,24.6,7.9,,,,,,,,,,,,,{소나기}1652-1718.  {소나기}2004-{소나기}{강도0}2100-2115.  {뇌전}{강도0}(S 7-8)2008-{뇌전}{강도0}(S{이동}SW 7-8)2015-{뇌전}{강도1}(SW 2-3)2020-{뇌전}{강도0}(SW{이동}W 5-6)2028-2035.,
135,추풍령,1991-05-16,13.3,11.1,620,19.1,1340,.37,1.2,1456,1.6,,1.6,23.2,270,1502,14.3,270,1510,5.8,5048,270,11.8,51,1410,90.5,13.9,975.6,1005.9,745,1002.3,1830,1004.5,14.1,8.6,1300,2.72,20.16,,,,,,5.8,4.9,15.9,7.6,,,,,,,,,,,,,{소나기}1450-{소나기}{강도1}1500-1512.  {폭풍}1510.,
135,추풍령,1991-05-17,15.3,11.1,713,22,1557,,,,,,,18,270,1634,14,270,1610,5.9,5136,250,9.1,25,1730,67.8,11.6,977.5,1008.8,2400,1004.1,1613,1006.3,14.1,9.8,1100,3.31,23.41,,,,,,3.8,2.3,17.9,9.4,,,,,,,,,,,,,{폭풍}1610.,
135,추풍령,1991-05-18,20.3,10.1,525,27.4,1528,,,,,,,17.6,270,1135,15,270,1150,4.3,3685,250,8,31,1750,44.8,11.1,979.3,1009.1,300,1005.1,1618,1007.6,14.2,11.4,1200,3.21,26.44,,,,,,.8,0,22,4.7,,,,,,,,,,,,,{폭풍}1130-1152.,
135,추풍령,1991-05-19,21,15.4,457,26.5,1310,,,,,,,7.3,140,1308,4.7,140,1310,1.2,1000,160,18,68,1213,83.3,20.7,981.2,1013,2400,1007.1,1310,1009.4,14.2,3.7,1200,2.51,15.52,,,,,,9.3,7.5,22.8,9.8,,,,,,,,,,,,,{햇무리}1040-1320.,
135,추풍령,1991-05-20,20.6,13.9,2400,27.5,1348,,,,,,,11.4,110,1554,7,110,1550,2.1,1840,50,12.4,36,1612,62.3,14.6,985.1,1014.9,826,1011.4,1806,1013.5,14.2,9.8,1200,3.35,23.76,,,,,,6,1.4,24.3,6.5,,,,,,,,,,,,,,
135,추풍령,1991-05-21,19.6,8.4,610,29.3,1630,,,,,,,7.8,270,2233,5.3,270,2240,1,842,180,13,41,1205,69.3,15.6,980.4,1013.7,0,1004.6,1600,1008.6,14.2,12,1200,3.37,28.27,,,,,,2.3,0,26.6,2.3,,,,,,,,,,,,,,
135,추풍령,1991-05-22,21.8,14.5,520,29.8,1757,,,,,,,9.7,250,1237,7.7,250,1030,2,1714,250,16.1,36,1746,72.5,18.3,977,1007.9,2400,1002.4,1735,1005,14.3,12.1,1200,3.47,27.59,,,,,,.8,0,28,9.4,,,,,,,,,,,,,,
135,추풍령,1991-05-23,20.8,14.1,540,27.4,1514,,,,,,,11.2,70,1352,7.7,110,1020,3.1,2638,90,15.6,45,1544,74.3,17.7,981.1,1011.4,830,1007.7,300,1009.3,14.3,12.4,1200,3.27,28.12,,,,,,3,1.8,27.9,7.3,,,,,,,,,,,,,,
135,추풍령,1991-05-24,16.5,14.2,620,18,1805,1.55,.6,1150,2.3,1150,2.3,7.6,70,1127,5,70,1130,2.4,2055,90,15,90,0,90.5,17,979.5,1010.7,100,1005.4,1720,1008.1,14.3,0,700,.55,3.63,,,,,,10,7.3,20.3,11.9,,,,,,,,,,,,,{비}1122-{비}{강도0}1200-1255.,
135,추풍령,1991-05-25,16.9,13.6,2400,19.6,1023,10.17,2.6,1300,6.2,1230,10.2,8,50,2050,6.3,50,2040,2.5,2183,70,15.7,91,1131,92.5,18,979.8,1009.2,1407,1007,318,1008.4,14.3,0,900,.42,2.74,,,,,,10,6.3,18.8,12,,,,,,,,,,,,,{비}1210-1340.  {비}1520-{비}{강도0}1800-{비}{강도0}2100-{비}{강도0}2400-   -{박무}-{박무}{강도1}0300-{박무}{강도1}0600-{박무}{강도1}0900-{박무}{강도0}1200-{박무}{강도0}1500-{박무}{강도0}1800-{박무}{강도0}2100-{박무}{강도0}2400-,
135,추풍령,1991-05-26,13.9,11.4,2400,15.1,1421,18.77,1,1053,2.4,1000,8,8.8,70,2145,5.3,70,2140,3,2564,70,12.8,93,200,93.8,14.8,978.2,1012.6,2400,1005.4,1128,1007.1,14.4,0,1400,.38,2.96,,,,,,10,5.8,16.3,9.6,,,,,,,,,,,,,-{비}-0225.  {비}0739-{비}{강도0}0900-{비}{강도0}1200-{비}{강도0}1500-{비}{강도0}1800-{비}{강도0}2100-{비}{강도0}2400-   -{박무}-0240.  {박무}0520-{박무}{강도0}0600-{박무}{강도1}0900-{박무}{강도0}1200-{박무}{강도0}1500-{박무}{강도1}1800-{박무}{강도0}2100-{박무}{강도0}2400-,
135,추풍령,1991-05-27,14.6,10.5,250,21.6,1505,.67,0,,0,,0,9,90,1625,6,90,1600,2.6,2286,90,9.1,47,1725,73.5,11.6,985.7,1017.3,2400,1012.6,0,1014.8,14.4,5.7,1200,3.11,20.62,,,,,,6.3,4.1,19.1,3.4,,,,,,,,,,,,,-{비}-0040.  -{박무}-{박무}{강도0}0300-0420.,
135,추풍령,1991-05-28,15.2,6.7,610,22.6,1536,,,,,,,6.7,50,903,5.3,110,1800,2,1754,50,8.6,42,1623,66.8,11.2,987.2,1018.7,610,1013.1,1650,1016.2,14.4,12.8,1300,3.52,28.29,,,,,,1,0,20.1,-.3,,,,,,,,,,,,,,
135,추풍령,1991-05-29,16.5,8.1,513,24.8,1506,,,,,,,7.4,70,2113,5.3,70,2120,1.3,1128,140,11.5,37,1658,75,13.8,987,1018.2,604,1013.2,1756,1015.9,14.4,11.7,1300,3.09,26.49,,,,,,3.3,1.5,22.2,2.5,,,,,,,,,,,,,,
135,추풍령,1991-05-30,16.1,10.3,620,20.7,1452,,,,,,,6.2,70,1140,4.3,70,1150,1.3,1127,110,12.2,44,1344,79.3,14.3,986.5,1019,628,1011.8,1810,1015.3,14.4,5.8,1000,2.74,16.95,,,,,,7.8,6.3,21,5.6,,,,,,,,,,,,,{달무리}0210-0420.,
135,추풍령,1991-05-31,18.3,10,550,26.8,1500,,,,,,,6.2,250,846,5,250,850,1.2,1027,140,11.8,34,1836,68.5,13.9,982.3,1013.3,0,1006.9,1710,1010.8,14.5,12.7,1200,3.18,27.73,,,,,,2,0,24.5,3.9,,,,,,,,,,,,,,
135,추풍령,1991-06-01,16.5,13,525,20.2,1552,10.63,.4,1020,1.6,1000,5.5,5.5,250,1404,4,250,1410,.8,691,140,15.1,80,17,91,17.3,981,1011.4,750,1007.6,2347,1009.6,14.5,1.6,1315,1.66,8.65,,,,,,9.8,5.4,18.9,9.8,,,,,,,,,,,,,{비}0940-{비}{강도0}1200-1415.  {비}1717-{비}{강도0}1800-{비}{강도0}2100-2320.  {박무}0950-{박무}{강도0}1200-{박무}{강도0}1500-{박무}{강도0}1800-{박무}{강도0}2100-{박무}{강도0}2400-,
135,추풍령,1991-06-02,18.2,15,542,22.6,1545,4.72,.9,140,4.1,100,8.5,4.8,180,1555,3,160,1630,.5,454,140,16.9,87,1710,92,19.4,977.8,1007.7,0,1004.7,1700,1006.1,14.5,2.4,1130,1.74,11.4,,,,,,9.5,5.8,20.4,14.5,,,,,,,,,,,,,{비}0010-{비}{강도0}0300-0440.  {비}0830-{비}{강도0}0900-0943.  -{박무}-{박무}{강도0}0300-{박무}{강도0}0600-{박무}{강도0}0900-{박무}{강도0}1200-1415.  {박무}2145-{박무}{강도0}2400-,
135,추풍령,1991-06-03,17.4,16.4,529,18.7,1618,15.33,.9,350,2.7,320,10,9.8,270,2252,7.7,270,2300,1,874,270,16.6,89,2400,94,19,976.5,1007.4,2315,1003.8,1342,1005,14.5,0,1500,.61,4.05,,,,,,10,5.1,19.1,14.4,,,,,,,,,,,,,{비}0210-{비}{강도0}0300-{비}{강도0}0600-{비}{강도0}0900-{비}{강도0}1200-{비}{강도0}1500-1730.  -{박무}-{박무}{강도0}0300-{박무}{강도2}0600-{박무}{강도1}0900-{박무}{강도0}1200-{박무}{강도1}1500-1740.,
135,추풍령,1991-06-04,20.6,16.1,450,25.4,1646,,,,,,,11,270,310,8.3,270,330,4.5,3879,270,17.9,70,1753,84.8,20.7,981,1011,2400,1007.3,0,1009.1,14.5,10.4,1145,3.32,22.76,,,,,,7.3,5.9,23,14.3,,,,,,,,,,,,,,
135,추풍령,1991-06-05,21.6,16.4,552,26.6,1455,,,,,,,12.1,250,1528,9,250,1520,3,2591,270,17.3,48,1251,78.3,19.9,981.8,1011.5,815,1007.6,1810,1009.9,14.5,9.1,1300,2.8,22.95,,,,,,5,3.8,23.3,13,,,,,,,,,,,,,{박무}2215-{박무}{강도0}2400-  {박무}0440-{박무}{강도0}0600-{박무}{강도0}0900-1030.,
135,추풍령,1991-06-06,21.9,16.3,550,28.1,1620,,,,,,,7.3,250,1347,5.7,250,1050,1.4,1179,250,16.8,41,1410,76.3,19.3,980.8,1010.6,2400,1007,1500,1008.9,14.6,12,1200,3.3,27.06,,,,,,1.8,1,25.7,11.7,,,,,,,,,,,,,-{박무}-{박무}{강도0}0300-{박무}{강도0}0600-0810.,
135,추풍령,1991-06-07,22.1,13.7,531,29.3,1413,,,,,,,4.9,110,1245,2.3,90,1320,.5,444,110,18,49,1308,79.3,20.9,983.2,1012.6,2400,1009.9,1708,1011.3,14.6,11.1,1200,3.1,25.78,,,,,,2.3,1.5,26.5,9,,,,,,,,,,,,,,
135,추풍령,1991-06-08,22.7,15,540,29.3,1454,,,,,,,10.2,110,1250,6.7,110,1300,1.4,1178,140,19.1,48,1100,81.3,22.3,984.5,1014.5,715,1010.4,1722,1012.7,14.6,10.2,1030,2.89,24.3,,,,,,5.8,3.3,27.8,9.3,,,,,,,,,,,,,,
135,추풍령,1991-06-09,20.8,19.7,730,22,0,19.13,6.3,750,11.1,700,60.6,10.4,270,2357,7.3,270,2400,1.6,1406,70,19.9,90,0,94.5,23.2,980.8,1012.6,0,1005.3,1700,1009,14.6,0,1445,.37,2.75,,,,,,10,5.8,21.7,18.4,,,,,,,,,,,,,{비}0257-{비}{강도0}0300-{비}{강도0}0600-{비}{강도1}0900-{비}{강도1}1200-{비}{강도0}1500-1530.  {비}1610-{비}{강도0}1800-{비}{강도0}2100-2245.,
135,추풍령,1991-06-10,23.2,20,550,28.7,1555,,,,,,,11.2,270,229,8,270,300,2.9,2496,270,20.5,72,1605,85.3,24.3,981.6,1011.3,914,1007.6,1810,1009.5,14.6,8.3,1100,3.05,21.49,,,,,,5.5,2.6,26.3,16.4,,,,,,,,,,,,,,
135,추풍령,1991-06-11,23.4,19,440,29.2,1242,2.93,6,1720,12.5,1720,19,17,250,1725,10.2,250,1740,2,1710,230,21.1,66,1252,87,25.3,976.4,1009.3,0,999.9,1712,1004.2,14.6,4.9,900,1.98,15.02,,,,,,6.8,5.1,26.8,15.4,,,,,,,,,,,,,{비}1712-{비}{강도1}1800-1915.  {비}2307-{비}{강도0}2400-,
135,추풍령,1991-06-12,23.8,20,2400,28.2,1426,3.58,4.8,815,5.7,740,7.7,14.7,270,1250,11,270,1800,4.6,4012,270,20.9,65,1506,84,24.7,973.6,1004.8,2400,999.6,1410,1001.3,14.6,7.4,1200,3.06,21.35,,,,,,7.3,4.3,25.3,17,,,,,,,,,,,,,-{비}-0152.  {소나기}0710-0853.,
135,추풍령,1991-06-13,21.9,17.9,443,27.4,1626,,,,,,,14.1,270,130,11.3,270,130,4.7,4068,270,17.3,40,1653,76.8,19.8,976.9,1007.4,2400,1002.9,1638,1004.9,14.6,11.3,1130,3.52,27.98,,,,,,4.3,1.9,25.9,14,,,,,,,,,,,,,,
135,추풍령,1991-06-14,22.8,16,610,29.7,1426,,,,,,,7.2,270,45,4.5,270,30,1.4,1235,250,17.8,45,1240,75,20.4,978.1,1007.8,655,1003.1,1810,1005.9,14.6,10.8,1200,3.27,25.4,,,,,,4,1.3,27.5,11.6,,,,,,,,,,,,,,
135,추풍령,1991-06-15,20.5,15.7,2400,24,1140,,,,,,,8.4,50,1159,5,70,1130,1.5,1320,70,18.8,81,1210,90,21.8,975.2,1005.3,0,1001,1756,1003.2,14.6,2.2,1100,1.99,12.63,,,,,,5.5,3.3,22.7,8.2,,,,,,,,,,,,,,
135,추풍령,1991-06-16,20,14.4,610,26.8,1414,,,,,,,6.3,160,842,4.7,160,850,1.5,1267,160,17.3,67,1434,85,19.9,975.8,1005.2,912,1002.1,1507,1003.9,14.6,6.4,1400,2.69,19.18,,,,,,7.8,3.8,24.9,7.9,,,,,,,,,,,,,{박무}0220-{박무}{강도0}0300-{시정(미만)}{1km}{안개}0410-{시정(미만)}{0.5km}{안개}0440-{시정(미만)}{0.2km}{안개}0455-{안개}{강도2}0600-{시정(이상)}{0.2km}{안개}0710- {시정(이상)}{0.5km}{안개}0755-{시정(이상)}{1km}{박무}0820-{박무}{강도2}0900-{박무}{강도0}1200-1325.,4.17
135,추풍령,1991-06-17,22.3,17.3,450,27.1,1540,,,,,,,11.3,250,1040,9.3,250,1030,4,3458,250,17.5,49,1550,75,20,975.1,1005.1,2340,1001,1750,1002.9,14.7,8.9,1200,3.11,25.56,,,,,,5.3,2.8,28.1,12.5,,,,,,,,,,,,,{박무}0234-{박무}{강도0}0300-{박무}{강도0}0600-0825.  {박무}2215-{박무}{강도0}2400-,
135,추풍령,1991-06-18,22.4,15.6,610,29.1,1525,,,,,,,7.8,290,52,6.7,290,110,1.6,1398,360,17,40,1024,74,19.4,976.1,1006.3,546,1001.7,1730,1004,14.7,9.7,1200,2.72,22.74,,,,,,4.3,3.9,28.1,10.6,,,,,,,,,,,,,-{박무}-{박무}{강도0}0300-0520.,
135,추풍령,1991-06-19,21.6,17,555,27.4,1352,,,,,,,8,270,1835,6,270,1840,2.2,1886,270,17.3,59,1913,77,19.8,975.6,1004.5,800,1001.9,1652,1003.6,14.7,4,1300,2.65,14.75,,,,,,8.3,5.1,25.1,13.8,,,,,,,,,,,,,{박무}1250-{박무}{강도0}1500-{박무}{강도0}1800-1930.,
135,추풍령,1991-06-20,21.9,16.2,640,26.8,1650,,,,,,,9.1,270,2352,7.3,250,1450,3.7,3186,270,15.1,53,1337,65.8,17.6,975.5,1005.3,2400,1001.4,1536,1003.5,14.7,10.5,1200,3.27,24.36,,,,,,4,3,27.8,13,,,,,,,,,,,,,{박무}1950-{박무}{강도0}2100-{박무}{강도0}2400-,
135,추풍령,1991-06-21,21.5,16.6,630,28.1,1607,,,,,,,10.4,250,827,9,250,840,3.9,3383,250,16.4,40,1800,75.5,18.7,976.5,1006.2,904,1002.5,1740,1004.5,14.7,12.3,1200,3.31,27.9,,,,,,1,.3,29.1,12.8,,,,,,,,,,,,,-{박무}-{박무}{강도0}0300-{박무}{강도0}0600-{박무}{강도0}0900-1015.,
135,추풍령,1991-06-22,24,16.5,618,30.8,1635,,,,,,,10.2,270,254,7.3,270,300,2.1,1838,270,16.1,32,1521,64.8,18.5,974.2,1004.4,0,998.5,1754,1001.8,14.7,12,1200,3.1,27.37,,,,,,1,.5,31.6,11.7,,,,,,,,,,,,,,
135,추풍령,1991-06-23,22.4,17.7,550,27.5,1331,,,,,,,7.7,320,1045,5.2,320,1020,1.8,1581,320,19.7,63,1307,85,23,972.9,1003,2214,999,1534,1000.7,14.7,4.9,1200,2.93,16.14,,,,,,6,4.5,28.3,13.8,,,,,,,,,,,,,{박무}0510-{박무}{강도0}0600-0830.  {박무}1640-{박무}{강도0}1800-{박무}{강도0}2100-{박무}{강도0}2400-,
135,추풍령,1991-06-24,22.7,16.6,548,28,1445,,,,,,,6,70,12,3.7,70,10,1.5,1256,70,18.5,51,1504,78.8,21.3,976.9,1008.6,2310,1002.7,0,1004.8,14.7,8.5,1200,2.98,22.81,,,,,,6.3,3.9,29.8,13.2,,,,,,,,,,,,,-{박무}-{박무}{강도0}0300-{박무}{강도0}0600-{박무}{강도0}0900-1030.,
135,추풍령,1991-06-25,22.3,16.5,530,27.5,1525,,,,,,,7.2,320,1845,4.3,320,1850,1.8,1570,270,18.6,60,1539,80.3,21.5,981.9,1012,2333,1008.4,0,1010,14.7,7.7,1045,2.93,21.23,,,,,,5.8,5.3,29.8,12.9,,,,,,,,,,,,,,
135,추풍령,1991-06-26,22.8,18.5,620,27.8,1654,2.5,.2,320,.3,320,.4,6.2,270,1545,4,160,1200,1.5,1271,250,19.7,62,1700,83.3,23,982.4,1011.8,740,1008.1,1750,1010.4,14.7,5.7,1000,2.8,18.88,,,,,,8.3,4.6,28.9,17.8,,,,,,,,,,,,,{비}0310-0540.  {박무}0525-{박무}{강도0}0600-{박무}{강도0}0900-1020.  {박무}2140-{박무}{강도0}2400-,
135,추풍령,1991-06-27,24.6,19.9,605,30,1510,,,,,,,8.7,250,1812,6.5,250,1700,2.1,1840,250,20.1,50,1510,77.5,23.5,980.9,1011.4,710,1005.8,1700,1008.7,14.6,10.2,1100,2.79,21.88,,,,,,7,1.8,30.1,15.5,,,,,,,,,,,,,-{박무}-{박무}{강도0}0300-{박무}{강도0}0600-{박무}{강도0}0900-0950.,
135,추풍령,1991-06-28,23.9,18.3,521,30.1,1605,2.03,3.3,1756,3.8,1756,6,12.2,290,1645,6.3,250,1800,1,858,250,21,64,1610,84.5,25.1,978.4,1008.4,652,1003.7,1615,1006.1,14.6,4.2,1200,2.07,15.35,,,,,,6.8,4.9,29.1,14.3,,,,,,,,,,,,,{소나기}0945-0953.  {소나기}1158-{소나기}{강도0}1200-1213.  {소나기}1645-1740.  {소나기}1756-{소나기}{강도0}1800-1840.,
135,추풍령,1991-06-29,23.3,20.4,510,26.7,1641,4.07,1.4,1450,3.2,1420,6.1,9.2,250,1510,5.8,250,1550,1.5,1306,270,21.6,89,800,90.3,25.9,974.4,1005.1,42,999.9,1544,1002.1,14.6,.7,1500,1.43,7.75,,,,,,9,4.6,24.4,17.4,,,,,,,,,,,,,{비}0928-{비}{강도0}1200-1220.  {비}1420-{비}{강도1}1500-1512.,
135,추풍령,1991-06-30,23.7,20.9,534,27,1530,,,,,,,6.5,70,1342,3.7,70,1330,1.2,1074,70,22,86,1510,89.8,26.5,975,1004.5,1020,1000.9,1806,1002.7,14.6,.8,1400,1.26,9.19,,,,,,8.3,5.3,25.6,18.4,,,,,,,,,,,,,{박무}0340-{박무}{강도0}0600-{박무}{강도0}0900-1040.  {박무}1720-{박무}{강도0}1800-{박무}{강도0}2100-{박무}{강도0}2400-,
135,추풍령,1991-07-01,22.3,19.4,2125,25.7,1605,3.13,1.2,1940,2.2,1910,3.7,16,360,1803,6.7,250,1720,2,1718,270,20.7,83,1252,90.3,24.5,973.3,1004.1,2252,1000.2,1527,1001.2,14.6,1.8,1145,1.94,10.01,,,,,,8.5,5.4,24.6,16.2,,,,,,,,,,,,,{비}0752-{비}{강도0}0900-0945.  {비}1910-2025.  {햇무리}1115-1245.  -{박무}-{박무}{강도0}0300-{박무}{강도0}0600-{박무}{강도0}0900-0920.,
135,추풍령,1991-07-02,20.7,18.5,550,24.2,1705,2.68,0,,0,,0,7,70,1259,4.5,70,1420,1.4,1240,70,19,88,1450,89.5,22,976.8,1006.3,2310,1003,1720,1004.9,14.6,1,1530,1.57,7.88,,,,,,8.8,5.4,23.2,17.3,,,,,,,,,,,,,{비}0914-1020.  {이슬비}1142-{이슬비}{강도0}1200-1317.  {박무}0530-{박무}{강도0}0600-{박무}{강도1}0900-{박무}{강도1}1200-{박무}{강도0}1500-{박무}{강도0}1800-{박무}{강도0}2100-{박무}{강도0}2400-,
135,추풍령,1991-07-03,22.7,19.7,350,27,1504,,,,,,,6.3,340,1347,3.7,340,1330,1.4,1234,270,21.2,89,1100,91,25.4,978.2,1008.3,650,1004.6,1930,1006.1,14.6,1.7,1330,1.58,10.66,,,,,,8.3,4.5,24.8,17.2,,,,,,,,,,,,,-{박무}-{박무}{강도0}0300-{박무}{강도0}0600-{박무}{강도0}0900-{박무}{강도0}1200-{박무}{강도0}1500-1520.,
135,추풍령,1991-07-04,20.8,19,2400,22.8,1435,11.7,.7,2130,2.6,2000,10.7,9.2,270,2045,4,270,2050,2.1,1810,270,19.3,87,1400,91.3,22.4,973.6,1004.8,0,999.8,1849,1001.6,14.6,0,1400,1.04,5.32,,,,,,10,5.6,22.7,18.4,,,,,,,,,,,,,{비}0405-0542.  {비}0847-{비}{강도0}0900-1012.  {비}1520-{비}{강도0}1800-{비}{강도0}2100-{비}{강도0}2400-   {박무}0340-{박무}{강도2}0600-{박무}{강도1}0900-{박무}{강도0}1200-{박무}{강도0}1500-{박무}{강도0}1800-{박무}{강도0}2100-{박무}{강도0}2400-,
135,추풍령,1991-07-05,23.7,17.2,526,29.7,1732,1.67,.3,20,1,0,1.2,10,270,2050,6,270,2040,1.6,1367,140,20.2,57,1610,81.8,23.8,974.5,1005.2,2300,1000.7,1610,1002.2,14.6,10.8,1130,3.13,24.94,,,,,,4.5,3.4,26.9,13.6,,,,,,,,,,,,,-{비}-0140.  -{박무}-{박무}{강도0}0300-0510.,
135,추풍령,1991-07-06,24.6,19.6,554,31,1610,,,,,,,7.2,270,8,6.7,270,10,1.8,1556,250,21.4,53,1610,83.3,25.7,977.4,1007,850,1003,1640,1005.1,14.6,10.3,1030,2.92,24.82,,,,,,6,5.5,27.5,16.4,,,,,,,,,,,,,,
135,추풍령,1991-07-07,20.2,17.9,1000,23.5,0,17.17,3.5,720,11.9,710,39.2,14.3,270,1929,10.3,270,1950,3.8,3252,270,19,86,400,93.5,22.1,970.2,1004.4,0,990.9,1605,998.1,14.6,0,1130,.41,2.52,,,,,,10,6.9,21.7,17,,,,,,,,,,,,,{비}0505-{비}{강도0}0600-{비}{강도0}0900-{비}{강도0}1200-{비}{강도0}1500-1510.  {비}1615-{비}{강도0}1800-{비}{강도0}2100-2320.  {박무}0450-{박무}{강도1}0600-{박무}{강도0}0900-{박무}{강도0}1200-{박무}{강도0}1500-{박무}{강도0}1800-1930.,
135,추풍령,1991-07-08,20.1,16.2,542,22.6,1350,8.97,1.5,2020,4.4,1930,10.9,9.2,270,35,7.3,270,40,1.9,1615,250,18.6,87,950,90.8,21.5,977.9,1007.8,854,1001.7,0,1006.1,14.5,1,830,1.49,7.95,,,,,,8.8,5.8,22.5,13.4,,,,,,,,,,,,,{비}1345-{비}{강도0}1500-{비}{강도0}1800-{비}{강도1}2100-2243.,
135,추풍령,1991-07-09,20.4,19,540,22.1,1520,14.17,4.5,2340,9.1,2300,21,5.4,90,1902,2.8,90,1910,.8,730,140,19.4,90,840,93.5,22.5,977.1,1006.8,1013,1003.3,1835,1005.2,14.5,0,1300,.58,4.33,,,,,,10,5.4,22.1,17.4,,,,,,,,,,,,,{비}0950-{비}{강도0}1200-{비}{강도0}1500-{비}{강도0}1800-{비}{강도0}2100-{비}{강도1}2400-   {박무}0320-{박무}{강도1}0600-{박무}{강도0}0900-{박무}{강도0}1200-{박무}{강도0}1500-{박무}{강도0}1800-1820.  {박무}2310-{박무}{강도0}2400-,
135,추풍령,1991-07-10,21.7,19.7,623,24.5,1708,12.5,3.7,50,5.1,417,24,5.8,140,1645,3.7,140,1640,1.1,918,160,20.2,86,1800,91.8,23.7,977,1007.4,2400,1003.2,316,1005,14.5,0,1500,.63,5.96,,,,,,9.3,4.8,23.2,17.2,,,,,,,,,,,,,-{비}-{비}{강도1}0300-{비}{강도0}0600-{비}{강도0}0900-{비}{강도0}1200-1230.  -{박무}-0130.  {박무}0740-{박무}{강도0}0900-1020.,
135,추풍령,1991-07-11,21,18.4,2200,24,1235,9.6,4.5,1900,17.3,1830,24,7.2,140,2115,4.2,90,2150,1.6,1368,230,19.4,88,1500,90.3,22.6,979.4,1008.8,732,1005.3,2320,1007.5,14.5,.4,1000,1.24,6.61,,,,,,9,4.5,23,16.4,,,,,,,,,,,,,{비}1148-{비}{강도0}1200-1217.  {비}1306-1345.  {비}1532-{비}{강도0}1800-{비}{강도0}2100-{비}{강도0}2400-   {박무}0450-{박무}{강도0}0600-{박무}{강도0}0900-0942.  {박무}1710-{박무}{강도0}1800-{박무}{강도0}2100-{박무}{강도0}2400-,
135,추풍령,1991-07-12,20,17.9,350,22.3,1512,11.5,1.3,130,4,130,9.9,6,250,1333,4,250,1330,1.3,1126,250,18.6,89,1330,91.5,21.4,976.8,1008.7,2400,1002.7,650,1005,14.5,.5,1100,1.3,7.17,,,,,,10,4.6,22.7,15.8,,,,,,,,,,,,,-{비}-{비}{강도0}0300-{비}{강도0}0600-{비}{강도0}0900-1130.  -{박무}-{박무}{강도1}0300-{박무}{강도1}0600-{박무}{강도0}0900-1040.,
135,추풍령,1991-07-13,21.6,16.9,512,26.7,1526,,,,,,,6.4,70,1155,3.3,140,1700,1,870,50,19.4,76,1604,87.8,22.8,981.9,1011.4,1048,1008.7,0,1010,14.5,5.7,1100,2.53,18.29,,,,,,6.3,3,24.8,14,,,,,,,,,,,,,{박무}0450-{박무}{강도2}0600-{시정(미만)}{1km}{안개}0732-{시정(미만)}{0.5km}{안개}0750-{시정(이상)}{0.5km}{안개}0805-{시정(이상)}{1km}{박무}0819-{박무}{강도0}0900-0950.,.78
135,추풍령,1991-07-14,23.7,18.8,540,28.1,1550,,,,,,,6,250,1255,3.7,250,1300,1.1,935,90,21,67,1524,85.3,24.9,982.1,1011.6,640,1007.7,1740,1010.1,14.5,4.6,945,2.52,17.26,,,,,,6.5,3.4,27,16,,,,,,,,,,,,,{박무}0415-{박무}{강도1}0600-{시정(미만)}{1km}{안개}0620-{시정(미만)}{0.5km}{안개}0635-{시정(이상)}{0.5km}{안개}0705-{시정(이상)}{1km}{박무}0720-{박무}{강도0}0900-1045.,1
135,추풍령,1991-07-15,22.3,21,545,26.6,1254,11.3,3.4,1005,8,930,37.3,7,270,2351,4,270,2400,.8,727,90,21.2,82,1250,93.3,25.2,978.9,1010.1,0,1003.9,1840,1006.9,14.4,.5,1200,2.69,5.91,,,,,,9,4.4,23.4,18.9,,,,,,,,,,,,,{비}0746-{비}{강도0}0900-1020.  {비}1340-{비}{비}1500-{비}{강도0}1800-{비}{강도0}2100-2224.  {박무}0505-{박무}{강도1}0600-{박무}{강도2}0900-1020.,
135,추풍령,1991-07-16,23.6,20.9,642,27,1707,4.33,.4,530,1.3,505,3.2,12.2,270,248,6.7,270,240,3.7,3224,270,20.8,70,1622,84.3,24.5,977.4,1006.3,2213,1003,328,1005.2,14.4,1.8,1300,1.42,9.89,,,,,,9.3,6.3,23.4,20.3,,,,,,,,,,,,,{비}0505-{비}{강도0}0600-{비}{강도0}0900-0925.  {박무}0440-{박무}{강도0}0600-0730.,
135,추풍령,1991-07-17,25.1,22.8,2400,28.4,1450,,,,,,,8.5,270,110,5.3,270,120,2.5,2132,270,22.6,75,1620,85.8,27.4,978.2,1007.4,2255,1004.5,1728,1005.8,14.4,2.1,1400,2.25,11.66,,,,,,9.5,5.1,26.3,21,,,,,,,,,,,,,,
135,추풍령,1991-07-18,21,19.7,2310,23,1420,16.37,2.2,1750,6.9,1740,27.3,8,70,1726,3.7,70,1730,2.2,1930,70,19.8,88,1450,92.5,23.1,981.4,1012,2345,1006.8,120,1009.5,14.4,0,1300,.45,2.92,,,,,,10,5.6,22.6,19.4,,,,,,,,,,,,,{비}0140-{비}{강도1}0300-{비}{강도0}0600-{비}{강도0}0900-0940.  {비}1025-{비}{강도0}1200-1340.  {비}1720-{비}{강도1}1800-2020.,
135,추풍령,1991-07-19,22.8,19.4,422,27.4,1806,.92,.7,40,.8,0,.8,6.2,290,2255,3,90,220,1.3,1090,90,21,83,1751,89.8,25.1,982.4,1012,1000,1007.6,1804,1010.4,14.4,2.2,1400,1.7,10.39,,,,,,8.5,4.3,25.1,19,,,,,,,,,,,,,-{비}-0055.   {박무}0225- {박무}{강도0}0300-{박무}{강도1}0600-{박무}{강도1}0900-{박무}{강도0}1200-{박무}{강도0}1500-1640.,
135,추풍령,1991-07-20,25.2,21.8,2400,30.2,1355,2.58,.2,2220,.3,2150,.7,13.6,270,810,7.3,250,1340,2.8,2400,270,22.3,68,1350,80,26.8,981.9,1010.6,1950,1008.4,300,1009.5,14.3,4,900,2.1,16.01,,,,,,6.8,4.4,26,19.3,,,,,,,,,,,,,{소나기}1425-{소나기}{강도0}1500-1520.  {소나기}1620-1710.  {소나기}2150-2240.,
135,추풍령,1991-07-21,23.8,20.9,520,27.4,1050,1.27,0,,0,,0,8.5,270,1103,5.3,270,1100,1,824,140,22.2,76,1045,90.8,26.8,980.3,1010,0,1006.6,2400,1008.2,14.3,.6,900,1.16,5.07,,,,,,7.8,4.5,24.9,19.3,,,,,,,,,,,,,{소나기}1116-1150.  {소나기}1215-1242.  {소나기}1420-1435.  {뇌전}{강도0}(NE 7-9)1410-{뇌전}{강도0}(N{이동}NE 5-7)1418-1430.,
135,추풍령,1991-07-22,27.1,22.3,425,31.3,1530,,,,,,,9.2,230,1059,5.3,250,1250,1.8,1538,230,23.2,61,1507,80.3,28.5,976.5,1006.6,0,1001.9,1756,1004,14.3,5.6,1200,2,14.39,,,,,,7.3,5.1,29.9,20.3,,,,,,,,,,,,,{박무}0210-{박무}{강도0}0300-0335.  {박무}0520-{시정(미만)}{1km}{안개}0552-{안개}{강도0}0600-{시정(미만)}{0.5km}{안개}0615-{시정(이상)}{0.5km}{안개}0650-{시정(이상)}{1km}{박무}0710-0820.,1.3
135,추풍령,1991-07-23,25.8,22.6,1110,28.6,1530,5.25,7.8,1010,22.5,940,39.8,15,270,1457,8,270,1505,2.6,2224,270,23.2,68,550,85.5,28.4,977.2,1006.8,2205,1002.8,232,1004.8,14.3,.2,1430,1.24,5.14,,,,,,7.3,5.3,26.5,21.3,,,,,,,,,,,,,{소나기}0630-0710.  {소나기}0750-{소나기}{강도1}0900-{소나기}{강도0}1200-1225.  {뇌전}{강도0}(NW 4-5)0850-{뇌전}{강도0}(NW 6-7)0900-{뇌전}{강도1}(NW{이동}W 3-4)0925-{뇌전}{강도1}(W{이동}SW 3-4)0954-{뇌전}{강도1}(SW{이동}S 2-3)1025-1040.,
135,추풍령,1991-07-24,26.1,24.4,445,28.6,1716,1.42,.2,220,.5,150,.5,10.6,270,848,7.3,250,1400,3.1,2720,270,23,70,1710,83.3,28,978.8,1008.1,1020,1004.3,1730,1006.4,14.2,1.4,1130,1.26,7.89,,,,,,9.8,5,25.7,22.4,,,,,,,,,,,,,{비}0150-{비}{강도0}0300-0315.,
135,추풍령,1991-07-25,25.4,22.5,537,28.1,1441,2.75,5.3,2000,17.1,2000,17.8,21.8,250,2235,11,250,2330,2.1,1840,140,23.1,70,1514,87.3,28.2,973,1006,0,993.6,1952,1000.4,14.2,0,1130,1.03,7.58,,,,,,10,5.6,26.5,20.2,,,,,,,,,,,,,{비}1715-1740.  {비}1930-{비}{강도2}2100-2130.  {비}2230-2250.,
135,추풍령,1991-07-26,24.9,21.2,550,30.2,1610,.58,.1,110,.2,105,.2,19.2,270,105,10.3,270,130,3.4,2970,270,19.5,45,1420,74,22.7,973,1003.1,2400,995.9,0,1000.5,14.2,10.3,1100,3.17,23.98,,,,,,4.8,2.8,27.7,19,,,,,,,,,,,,,{소나기}0105-0140.,
135,추풍령,1991-07-27,26,20.5,620,32.3,1536,,,,,,,7,110,1009,5.3,110,1010,1.5,1298,90,21.4,44,1513,78.3,25.6,974.9,1003.8,2400,1000.7,1515,1002.3,14.2,10.7,1100,3.1,24.02,,,,,,3.3,2.8,30.2,16.9,,,,,,,,,,,,,,
135,추풍령,1991-07-28,25.9,23.2,522,29.1,1505,2.22,5,1520,8.9,1504,9.7,11.2,70,1507,6,70,1510,2,1686,70,23.7,80,1500,87.5,29.3,975.9,1005.1,1041,1001.3,2400,1003.3,14.1,.7,1350,1.54,9.88,,,,,,9,5.9,28.3,21,,,,,,,,,,,,,{박무}0420-{박무}{강도0}0600-{박무}{강도0}0900-1124.  {소나기}0952-1117.  {소나기}1504-1552.  {뇌전}{강도1}(E 2-3)1508-{뇌전}{강도1}(E{이동}SE 2-3)1520-1535.,
135,추풍령,1991-07-29,23.8,22.9,410,24.9,2002,12.45,1.1,1150,4.2,1130,11,17.6,20,1715,7.7,270,2110,3.9,3374,20,22.5,82,2013,93,27.3,966,1001.3,0,988.5,1742,993.5,14.1,0,1100,.73,6.11,,,,,,10,6,24.7,21.8,,,,,,,,,,,,,{비}0210-{비}{강도0}0300-0340.  {비}0820-{비}{강도0}0900-{비}{강도0}1200-1335.  {비}1538-{비}{강도0}1800-1840.,
135,추풍령,1991-07-30,25.4,22.7,2400,30.2,1655,3.87,.4,10,.8,150,1.7,15,250,1252,9,250,1300,2.6,2289,270,22.3,59,1615,83.8,26.9,969.7,1002.1,2400,992.4,0,997,14.1,6.4,1200,2.27,13.95,,,,,,6.3,4.8,26.5,20.5,,,,,,,,,,,,,-{비}-0230.  {비}0910-1032.,
135,추풍령,1991-07-31,24.3,21.3,652,27.7,1318,5.52,1.8,2310,7.3,2300,12.8,5.1,110,858,3,140,1340,1,857,140,22.7,81,1332,90.5,27.7,976.3,1006.4,2400,1001.9,128,1004,14.1,1.5,1215,1.73,9.3,,,,,,10,5.1,26.3,20.2,,,,,,,,,,,,,{비}0220-{비}{강도0}0300-0455.  {소나기}1644-{비}1730-{비}{강도0}1800-1820.  {비}2240-{비}{강도1}2400- {박무}1710-{박무}{강도0}1800-{박무}{강도0}2100-{박무}{강도0}2400-,
135,추풍령,1991-08-01,24.5,21.8,620,28.6,1612,8.17,3,2000,6.5,1950,12.5,7.9,290,2028,3.7,290,2030,.9,762,140,22.9,81,1150,90.3,27.9,979.5,1008.7,2155,1005.5,315,1007.3,14,.9,1030,2.12,11.59,,,,,,9.8,6.5,27.1,20.2,,,,,,,,,,,,,{비}0552-{비}{강도0}0600-0715.  {비}0830-{비}{강도0}0900-0950.  {비}1030-1155.  {비}1535-1645.  -{박무}-{박무}{강도0}0300-{박무}{강도0}0600-{박무}{강도0}0900-0920.,
135,추풍령,1991-08-02,24.8,22.2,2320,27.5,1528,5.3,1.1,840,2.8,1040,7.8,12,270,1758,7,270,1800,2.1,1792,270,23.1,85,1540,90.5,28.3,978.2,1007.8,0,1004.6,1540,1005.9,14,0,1430,1.16,5.93,,,,,,9.8,5.9,25.6,19.7,,,,,,,,,,,,,-{비}-{비}{강도0}0300-0530.  {비}1940-{비}{강도0}2100-2220.  -{박무}-{박무}{강도0}0300-{박무}{강도0}0600-{박무}{강도0}0900-1120.  {박무}1840-{박무}{강도0}2100-{박무}{강도0}2400-,
135,추풍령,1991-08-03,23.9,21.2,2330,29.3,1556,,,,,,,8.9,270,26,6.7,270,30,2.7,2348,250,20.3,50,1651,82,23.8,980,1009.1,710,1006.3,1735,1007.8,14,7.4,1300,2.78,19.38,,,,,,6.5,5.4,26.5,18,,,,,,,,,,,,,,
135,추풍령,1991-08-04,20.5,18.9,2400,22,210,15.42,3,730,7.4,730,32.9,9.8,250,1330,4.8,250,1350,1.7,1440,250,19.4,90,500,94,22.6,978.7,1008,208,1005.3,1642,1006.9,13.9,0,1330,.48,2.86,,,,,,10,7.3,22.1,17.6,,,,,,,,,,,,,{비}0720-{비}{강도0}0900-{비}{강도0}1200-{비}{강도0}1500-{비}{강도0}1800-{비}{강도0}2100-{비}{강도0}2400-   {박무}0440-{박무}{강도0}0600-{박무}{강도0}0900-{박무}{강도0}1200-{박무}{강도0}1500-{박무}{강도0}1800-{박무}{강도0}2100-{박무}{강도0}2400-,
135,추풍령,1991-08-05,20.5,18.4,720,24.8,1410,7.92,1.4,650,4.1,610,7.5,7,200,1715,4,140,2110,1.4,1198,320,18.6,69,1424,89,21.4,978.1,1008.1,2240,1004.6,1520,1006.2,13.9,2.2,1345,1.76,10.21,,,,,,10,5.4,23.9,17.8,,,,,,,,,,,,,-{비}-0035.  {비}0305-{비}{강도0}0600-{비}{강도0}0900-0940.  {비}1810-1855.  -{박무}-{박무}{강도0}0300-{박무}{강도0}0600-{박무}{강도0}0900-1020.,
135,추풍령,1991-08-06,22.3,16.8,620,27.6,1445,,,,,,,8,200,1930,3.3,200,2020,1,836,160,18.6,50,1505,81.8,21.4,979.1,1008.4,900,1004.8,1750,1007.1,13.9,6.7,1300,2.76,16.45,,,,,,4.8,4,26.8,16,,,,,,,,,,,,,{박무}0530-{박무}{강도0}0600-0650.,
135,추풍령,1991-08-07,22.9,17.8,555,28,1626,,,,,,,7.5,250,1623,5.3,250,1610,1.3,1134,70,18.4,45,1700,78.5,21.3,978.3,1007.8,806,1003.7,1710,1006.2,13.9,9.6,1030,2.83,22.65,,,,,,5.3,3.5,28.3,14.5,,,,,,,,,,,,,,
135,추풍령,1991-08-08,21.8,18.7,240,26.6,1540,,,,,,,6.5,110,1750,4.7,110,1800,1.6,1405,50,18.7,62,1334,83.3,21.6,977.3,1006.6,2340,1003.1,1830,1005.3,13.8,5.6,1200,1.76,13.24,,,,,,5.3,3.3,25.3,16.2,,,,,,,,,,,,,{박무}0340-{박무}{강도0}0600-{박무}{강도0}0900-1020.,
135,추풍령,1991-08-09,19,18,550,20.3,1350,17.5,2,940,6.1,1340,29.3,9.3,70,1220,5.3,70,1240,2.5,2190,90,17.9,91,350,93.5,20.5,977.1,1006.6,0,1004.1,1910,1005.3,13.8,0,1200,.54,3.7,,,,,,9.5,5.9,21.3,16,,,,,,,,,,,,,{비}0510-{비}{강도0}0600-{비}{강도0}0900-{비}{강도0}1200-{비}{강도0}1500-{비}{강도0}1800-{비}{강도0}2100-2240.  {박무}0915-{박무}{강도0}1200-{박무}{강도0}1500-1635.,
135,추풍령,1991-08-10,20.3,18.6,620,21.9,1614,7.33,1.6,510,5.8,430,10.8,8.3,70,1210,6,70,1200,2.3,1945,90,19,91,0,92.3,22.1,975.9,1005.6,2400,1003.2,350,1004,13.8,0,1100,1.12,6.4,,,,,,10,5.6,22.4,17.7,,,,,,,,,,,,,{비}0420-{비}{강도0}0600-{비}{강도0}0900-1020.,
135,추풍령,1991-08-11,22.4,19.8,550,25.9,1430,,,,,,,7.9,90,930,6.7,230,1440,2.3,2016,110,20.2,76,1100,87.8,23.7,978.1,1008.4,2400,1004.9,205,1006,13.7,2.3,1015,1.38,9.42,,,,,,7.5,5.4,24.7,18.7,,,,,,,,,,,,,,
135,추풍령,1991-08-12,23.2,17.6,450,29.6,1530,,,,,,,6,320,1410,4.7,160,1730,1.4,1204,70,19.7,58,1550,84,23,980.4,1009.8,750,1006.6,1700,1008.3,13.7,9.1,1300,2.8,19.69,,,,,,4.5,1,27.2,15.8,,,,,,,,,,,,,{박무}0440-{박무}{강도0}0600-0750.,
135,추풍령,1991-08-13,24.5,18.9,455,31.3,1525,,,,,,,6.3,250,737,5.3,250,740,1.2,1013,50,20.5,48,1823,80.3,24.1,982.9,1012.4,2300,1009.1,1553,1010.8,13.7,10.6,1300,2.95,22.96,,,,,,.8,1,29.2,15.9,,,,,,,,,,,,,,
135,추풍령,1991-08-14,24.2,18.5,615,30.3,1456,,,,,,,8.9,70,2221,7.7,70,2220,1.4,1246,140,20.9,55,1543,83,24.8,985,1015.2,830,1010.6,1810,1012.9,13.6,10.9,1430,2.68,21.46,,,,,,2.5,2,30.4,15.4,,,,,,,,,,,,,{박무}0410-{박무}{강도0}0600-{박무}{강도0}0900-1030.,
135,추풍령,1991-08-15,23.6,18.7,610,28.7,1552,,,,,,,7.3,70,1207,5,70,1220,1.6,1399,70,19.6,47,1550,79.8,22.8,983.8,1013.4,0,1010,1830,1011.7,13.6,8.4,1330,3.06,20.56,,,,,,5,2.3,30,17.2,,,,,,,,,,,,,,
135,추풍령,1991-08-16,23.3,18.1,631,29.3,1432,,,,,,,8,50,937,5.5,70,1500,1.5,1327,70,18.9,45,1618,78,21.9,982.7,1013.1,712,1008.8,1630,1010.6,13.6,11.3,1200,2.95,24.47,,,,,,2.5,.5,30,14.9,,,,,,,,,,,,,{박무}0532-{박무}{강도0}0600-0740.,
135,추풍령,1991-08-17,23.4,19,540,28.5,1610,,,,,,,8,70,1055,5.3,250,1430,1.6,1406,70,18.8,49,1530,77.8,21.7,981.6,1011.7,705,1007.4,1910,1009.5,13.6,10.3,1330,3.2,22.16,,,,,,4.5,1.5,30.7,16.4,,,,,,,,,,,,,,
135,추풍령,1991-08-18,23.5,17.2,631,29.8,1512,,,,,,,8.2,70,1105,4.7,230,1420,1.4,1247,230,20.1,58,1448,82.5,23.6,981.1,1011,650,1007,1808,1009.1,13.5,10.9,1400,2.77,23.17,,,,,,0,0,30.2,15.4,,,,,,,,,,,,,{박무}0520-{박무}{강도0}0600-0740.,
135,추풍령,1991-08-19,24.4,20.6,432,31.3,1551,,,,,,,6.4,140,1215,4.3,140,1230,.9,804,70,20.7,50,1640,81.8,24.4,979.3,1008.9,905,1004.4,1720,1007.1,13.5,7.2,1400,2.81,18.59,,,,,,2.5,2.4,30.9,19.5,,,,,,,,,,,,,{박무}0225-{박무}{강도0}0300-{박무}{강도0}0600-{박무}{강도0}0900-0915,
135,추풍령,1991-08-20,25.9,20.3,555,31.7,1507,,,,,,,9,110,1150,7,110,1310,1.9,1628,70,21.3,55,1610,77,25.3,976.3,1006.2,0,1001.3,1712,1003.9,13.4,11.7,1130,2.89,21.45,,,,,,1,1.1,32.1,19.5,,,,,,,,,,,,,{박무}0540-{박무}{강도0}0600-0830.,
135,추풍령,1991-08-21,25.3,19.1,438,31,1348,,,,,,,11,250,1148,7,250,1110,2.3,2010,50,19.8,55,1500,73,23.2,973.9,1003.8,0,998.8,1640,1001.4,13.4,10.4,1200,2.74,20.51,,,,,,3.8,4,31.2,18.2,,,,,,,,,,,,,,
135,추풍령,1991-08-22,22.7,20.9,2400,23.8,1507,16.47,1.1,1820,4.3,1800,16,15.2,70,1257,7.7,70,1440,3.3,2878,90,21.4,82,0,92.8,25.5,971.8,1000.8,0,998.2,2400,999.6,13.4,0,1300,.36,2.02,,,,,,9.3,6,25.3,20,,,,,,,,,,,,,{비}0732-{비}{강도0}0900-{비}{강도0}1200-{비}{강도0}1500-{비}{강도0}1800-{비}{강도0}2100{비}{강도0}2400-,
135,추풍령,1991-08-23,20.7,19.5,718,21.3,1750,23.08,2,1850,9,1830,94.5,22,50,1013,12.3,50,1040,6.7,5830,50,19.7,88,828,94.5,23,967,998.2,0,992.1,1512,994.8,13.3,0,1100,.54,3.16,,,,,,10,6.3,21.6,19.1,,,,,,,,,,,,,-{비}-{비}{강도0}0300-{비}{강도0}0600-0730.  {비}0825-{비}{강도0}0900-{비}{강도0}1200-{비}{강도0}1500-{비}{강도1}1800-{비}{강도1}2100-{비}{강도1}2400-   {박무}1320-{박무}{강도0}1500-{박무}{강도0}1800-{박무}{강도0}2100-{박무}{강도0}2400-,
135,추풍령,1991-08-24,22.6,19.7,40,25.3,1127,17.08,4.6,500,9.7,500,61.3,15,50,240,9,50,250,4,3428,70,21.8,90,1150,94.5,26.1,973.1,1005.8,2400,996.9,100,1000.9,13.3,.6,1045,1.7,4.19,,,,,,10,5.8,23.5,19.2,,,,,,,,,,,,,-{비}-{비}{강도0}0300-{비}{강도0}0600-0725.  {비}1215-{비}{강도0}1500-1740.  {비}1815-{비}{강도0}2100-2230.  -{박무}-{박무}{강도0}0300-{박무}{강도0}0600-0640.,
135,추풍령,1991-08-25,24.7,21.9,615,29.9,1443,,,,,,,8.2,200,45,6.3,200,10,1.4,1212,270,21.4,61,1500,83.3,25.6,979.9,1010.2,2342,1005.8,0,1007.7,13.2,5.3,1100,2.6,15.8,,,,,,7.3,5.3,27,19,,,,,,,,,,,,,,
135,추풍령,1991-08-26,23.3,16.7,2400,28.6,1449,,,,,,,10.3,140,1210,8,140,1200,2.4,2054,230,17.8,51,1505,73,20.9,984.2,1016.6,2400,1010.1,0,1012.3,13.2,8.9,930,3,20.79,,,,,,3,2.3,26.9,14.4,,,,,,,,,,,,,,
135,추풍령,1991-08-27,19.8,14.2,635,25.7,1510,,,,,,,10.8,70,1213,8.3,70,1320,3.6,3116,70,12.7,34,1530,65.3,14.7,987.2,1017.3,930,1013.1,1815,1015.7,13.2,11.8,1300,3.13,24.82,,,,,,.5,.8,24.4,12.9,,,,,,,,,,,,,,
135,추풍령,1991-08-28,20.3,13.3,546,26.4,1622,,,,,,,9.9,230,1025,7.7,230,1030,2.5,2120,50,15.6,50,1533,75.8,17.8,983.3,1015.1,0,1007.8,1806,1011.6,13.1,11.3,1130,2.85,23.69,,,,,,2,1.4,24.9,12.5,,,,,,,,,,,,,,
135,추풍령,1991-08-29,20.5,17.8,740,22.5,1510,4.83,.1,730,.2,645,.2,9.8,270,2310,8.2,270,2320,1.1,991,140,18.8,84,0,90,21.8,976.7,1008.6,0,1001.9,1840,1004.8,13.1,0,900,.88,5.94,,,,,,9.3,4.6,23.1,15.5,,,,,,,,,,,,,{비}0610-0745.  {비}1252-1435.  {이슬비}1540-1712.,
135,추풍령,1991-08-30,24,19.7,620,29.8,1600,,,,,,,8,250,802,7.3,250,810,2,1687,250,18.7,40,1600,74.8,21.6,975,1004.1,2340,1000.6,1500,1002.6,13.1,10.9,1100,2.77,21.26,,,,,,1.3,2.4,27.4,19.2,,,,,,,,,,,,,,
135,추풍령,1991-08-31,22.6,19.1,648,26.8,1532,1.97,0,,0,,0,11,270,1221,9,270,1240,3.3,2892,270,18.5,56,1508,78.3,21.3,979.2,1010.8,2338,1003.6,100,1007.1,13,7.8,1100,2.42,16.71,,,,,,5,3.9,26.3,18.4,,,,,,,,,,,,,{비}0550-{비}{강도0}0600-0748.,
135,추풍령,1991-09-01,23.2,19.2,552,30.2,1518,,,,,,,9.8,270,635,7.3,270,610,2.5,2142,270,18.9,44,1530,80,21.9,984,1013.4,935,1010.1,1710,1012,13,8.5,1200,2.71,20.04,,,,,,2,1,27.1,17.3,,,,,,,,,,,,,{박무}2215-{박무}{강도0}2400-,
135,추풍령,1991-09-02,22.5,17.4,632,29.3,1340,,,,,,,7.4,70,1301,5,70,1440,1.1,983,50,18.7,58,1404,80.5,21.6,982.8,1013.3,0,1008.5,1650,1010.9,13,6.6,1130,2.43,15.21,,,,,,6.3,2.4,26.2,17.1,,,,,,,,,,,,,-{박무}-{박무}{강도0}0300-{박무}{강도1}0600-{시정(미만)}{1km}{안개}0635-{시정(미만)}{0.5km}{안개}0650-{시정(이상)}{0.5km}{안개}0715-{시정(이상)}{1km}{박무}0830-{박무}{강도1}0900-1120.,1.92
135,추풍령,1991-09-03,23,19.9,520,27.2,1327,1.08,0,,0,,0,5.8,230,1425,3,230,1530,.4,365,230,20.6,64,1330,86.3,24.3,981.9,1011.1,2248,1008.6,1420,1009.9,12.9,2,1230,1.89,10.29,,,,,,10,6.4,25.9,19,,,,,,,,,,,,,{비}1945-2030.  {비}2340-{비}{강도0}2400-   {박무}0510-{박무}{강도0}0600-0830.,
135,추풍령,1991-09-04,23.2,20.3,428,27.9,1630,5.58,.8,2020,1.7,2010,3.7,9.7,140,1945,5.3,250,1300,1.6,1357,250,21.5,75,1230,89.8,25.7,983.8,1013.4,910,1010,1630,1011.8,12.9,1.2,1100,1.79,9.84,,,,,,10,4.8,25.2,18.6,,,,,,,,,,,,,-{비}-0240.  {소나기}1920-{비}2015-{비}{강도0}2100-2215.  {박무}0430-{박무}{강도0}0600-{박무}{강도0}0900-1135.  {뇌전}{강도0}(SW 6-7)1925-{뇌전}{강도0}(SW{이동}W 5-6)1940-{뇌전}{강도0}(W{이동}NW 4-5)1955-2015.,
135,추풍령,1991-09-05,22.3,21.1,810,24.2,1218,12.92,4.4,1005,12.4,935,34.3,11.9,250,502,6.7,250,510,1,855,140,21.2,90,1200,93.3,25.1,983,1012.8,1000,1009.6,1940,1011.1,12.8,.3,1200,1.3,4.48,,,,,,8.8,4.8,23.1,20.5,,,,,,,,,,,,,{비}0440-{비}{강도0}0600-{비}{강도0}0900-1140.  {비}1225-{비}{강도0}1500-1730.  {비}2310-{비}{강도0}2400-,
135,추풍령,1991-09-06,21.5,19.3,2306,23.1,1600,4.88,.8,920,3.5,1130,7,8.4,270,2320,6.3,270,2330,1.5,1339,230,20,86,1631,91,23.3,981,1010.6,0,1007.8,1606,1009.1,12.8,0,1300,1,5.22,,,,,,10,5.5,22.9,16.8,,,,,,,,,,,,,-{비}-0050.  {비}0917-{비}{강도0}1200-1320.  {박무}0510-{박무}{강도0}0600-0830.,
135,추풍령,1991-09-07,21.3,15.6,654,27.4,1545,,,,,,,8.3,110,1332,6,110,1350,1.6,1398,50,16.3,54,1422,79.8,18.7,980.7,1010.4,800,1006.3,1620,1008.9,12.8,8.8,1130,2.71,19.52,,,,,,2.8,1.8,24.7,14.1,,,,,,,,,,,,,{박무}0530-{박무}{강도1}0600-{시정(미만)}{1km}{안개}0620-{시정(미만)}{0.5km}{안개}0650-{시정(이상)}{0.5km}{안개}0710-{시정(이상)}{1km}{박무}0750-{박무}{강도0}0900-0950.,1.5
135,추풍령,1991-09-08,22.6,17.1,420,29.2,1510,,,,,,,6.8,70,1212,3.3,70,1510,.8,692,70,18.3,49,1650,78.3,21.2,980.3,1010,2400,1006.5,1642,1008.3,12.7,10.2,1200,2.78,19.57,,,,,,2.3,2.5,23.7,14.4,,,,,,,,,,,,,,
135,추풍령,1991-09-09,22,17.3,438,28.1,1457,,,,,,,7.8,70,1055,4.3,70,1630,1.2,1038,70,17.4,43,1504,78.5,20,982.8,1013.4,2400,1009.3,1545,1010.9,12.7,9.1,1230,2.86,20.88,,,,,,2.8,1.9,26.2,13.7,,,,,,,,,,,,,{박무}0510-{박무}{강도0}0600-{박무}{강도0}0900-1040.,
135,추풍령,1991-09-10,21.3,15.2,645,28.4,1428,,,,,,,6,110,1416,2.7,110,1650,.6,551,140,17,43,1616,79.3,19.5,984.6,1014.7,846,1010.3,1650,1012.9,12.7,10.7,1200,2.78,19.33,,,,,,2.5,2.3,25.5,11.9,,,,,,,,,,,,,,
135,추풍령,1991-09-11,21.1,18.4,2358,24,1115,.42,0,,0,,0,10.2,250,937,7.7,250,1010,2.5,2201,250,17.6,64,1220,80.8,20.1,982.3,1012.2,0,1009.3,1550,1010.5,12.6,1.6,1000,1.79,9.31,,,,,,9.8,5,22.7,17.3,,,,,,,,,,,,,{비}1655-1720.  {박무}0040-{박무}{강도0}0300-{박무}{강도0}0600-0820.,
135,추풍령,1991-09-12,20.1,17.1,515,23.6,1218,,,,,,,8,270,35,4.3,270,20,1.1,918,50,16.6,56,1505,81.8,19,983.3,1013.6,2400,1010.4,246,1011.7,12.6,.6,1100,1.5,8.12,,,,,,9.8,5.4,22,15.4,,,,,,,,,,,,,,
135,추풍령,1991-09-13,21.5,17.1,535,27.4,1413,,,,,,,11.2,50,2026,6.3,50,2100,2.2,1932,70,16.1,48,1500,73.8,18.3,984.7,1013.9,726,1011,1621,1013,12.5,8.3,1300,2.75,18.36,,,,,,8,3.3,25,15.4,,,,,,,,,,,,,{박무}0530-{박무}{강도0}0600-{박무}{강도0}0900-0920.,
135,추풍령,1991-09-14,21.1,18.4,2400,25.1,1253,,,,,,,15.8,50,527,8,50,540,3,2596,50,15.6,49,1318,71.5,17.7,984.5,1019,2400,1009.1,545,1012.8,12.5,2.8,1200,1.73,10.97,,,,,,9.3,4.1,25.1,15.9,,,,,,,,,,,,,,
135,추풍령,1991-09-15,19.7,14.9,2400,25.7,1416,,,,,,,8.8,90,2048,6.7,110,1630,2.4,2090,90,14.2,50,1432,71.8,16.2,992,1022.9,2308,1019,0,1020.6,12.5,3.2,1330,2.78,15.31,,,,,,6.3,3.4,24.7,9.1,,,,,,,,,,,,,,
135,추풍령,1991-09-16,18.4,11.1,625,25.6,1446,,,,,,,9.8,50,950,5.7,50,950,1.2,1014,70,12.6,38,1506,72,14.7,992.6,1023.4,615,1018.8,1640,1021.4,12.4,10.6,1230,2.83,21.79,,,,,,2.3,1.4,21.9,6.8,,,,,,,,,,,,,,
135,추풍령,1991-09-17,17.7,12.4,452,23,1530,,,,,,,9.1,70,1025,6,70,1030,1.8,1538,50,14.2,59,1523,80.8,16.2,987.6,1021.1,0,1012.3,1852,1016.4,12.4,6.9,1130,2.05,14,,,,,,6,3.4,22.1,9.1,,,,,,,,,,,,,,
135,추풍령,1991-09-18,19.2,15,557,25.7,1458,,,,,,,10,70,1726,5.7,90,1540,2.2,1868,70,15.3,50,1600,79.5,17.4,978.7,1012.7,0,1002.7,1615,1007.1,12.3,4.9,1400,2.4,14.11,,,,,,6,4.6,23.5,12.5,,,,,,,,,,,,,,
135,추풍령,1991-09-19,19.8,14,630,25.9,1440,,,,,,,11.2,250,1510,7.7,180,1540,2.3,2028,250,12.8,31,1508,67.5,14.9,972.3,1003.3,0,997.6,1507,1000.3,12.3,8.9,1130,2.8,18.43,,,,,,1.3,1.6,23.7,10.9,,,,,,,,,,,,,,
135,추풍령,1991-09-20,17.2,11.2,450,22.5,1519,.33,1.7,1130,1.7,,1.7,15.4,250,1509,10.7,250,1510,2.9,2530,250,10.4,36,1514,66.8,12.7,976.2,1009.1,2330,1002.7,0,1004.6,12.3,10.1,1145,2.62,17.69,,,,,,1.5,2.4,19.9,7.4,,,,,,,,,,,,,{소나기}1120-1140.,
135,추풍령,1991-09-21,17.5,12,623,23.3,1632,,,,,,,9.5,250,1147,6.5,270,1100,1.7,1443,270,11.6,37,1656,71.3,13.7,984.2,1017.9,2400,1009,0,1012.8,12.2,8.3,1430,2.35,15.8,,,,,,3.3,2.3,21.4,8.1,,,,,,,,,,,,,,
135,추풍령,1991-09-22,16.9,10.1,505,24.3,1525,,,,,,,7.8,70,1050,5,70,1110,1,832,70,12.8,42,1520,79.3,14.8,989.2,1019.6,732,1015.8,1530,1018.1,12.2,9.1,1200,2,15.15,,,,,,2.8,.8,21.9,7,,,,,,,,,,,,,,
135,추풍령,1991-09-23,16,11.6,650,20.5,1504,,,,,,,6,160,959,3.7,160,1000,.6,540,140,13.5,65,1550,86.5,15.5,988.7,1019.3,0,1015.8,1740,1017.6,12.2,.8,1000,1.06,7.83,,,,,,5.8,3.8,18.8,8.2,,,,,,,,,,,,,{햇무리}0820-1020.,
135,추풍령,1991-09-24,17.2,12.1,250,23.3,1556,,,,,,,9.6,250,1505,7.3,250,1510,1.9,1664,250,13.2,42,1612,78.3,15.3,987.1,1016.9,930,1013.9,1735,1015.9,12.1,8.6,1400,2.07,15.43,,,,,,7.5,4.4,21.2,9.3,,,,,,,,,,,,,,
135,추풍령,1991-09-25,16.8,12.4,542,20.9,1045,,,,,,,8,50,1525,4.7,70,1230,1.3,1158,50,14.2,65,1046,85.3,16.3,988.9,1019,2030,1016.7,1525,1017.8,12.1,1.1,1000,1.72,7.18,,,,,,7,5.5,19.2,9.2,,,,,,,,,,,,,,
135,추풍령,1991-09-26,17.1,15.8,610,18.2,1420,11.25,2.6,2210,5.9,2200,23.5,9.2,20,1025,6,20,1040,1.8,1585,20,15.7,89,320,91,17.8,986,1018.7,0,1009.8,2400,1014.7,12,0,1000,.41,2.61,,,,,,10,5,18.9,13.6,,,,,,,,,,,,,{비}0925-{비}{강도0}1200-1440.  {비}1510-1650.  {비}1940-{비}{강도0}2100-{비}{강도1}2400-   {박무}2140-{박무}{강도0}2400-,
135,추풍령,1991-09-27,17.2,15.8,2400,18.7,1236,16.87,2.5,1250,8.6,1200,43.2,17.8,90,1425,8,290,2020,3,2632,90,16.1,80,2247,93,18.3,973.3,1009.8,0,994.2,1737,1001.6,12,0,1330,.24,1.65,,,,,,10,5.9,18.4,13.8,,,,,,,,,,,,,-{비}-{비}{강도0}0300-0317.  {비}0425-{비}{강도0}0600-0640.  {비}0710-{비}{강도0}0900-{비}{강도1}1200-{비}{강도0}1500-{비}{강도0}1800-1830.  -{박무}-{박무}{강도0}0300-0520.  {박무}0620-{박무}{강도0}0900-{박무}{강도1}1200-{박무}{강도0}1500-1720.,
135,추풍령,1991-09-28,16.5,11.8,2400,21.6,1538,,,,,,,13.2,290,945,11,320,800,5.3,4576,320,9.1,32,1342,64.5,11.7,983.6,1018,2400,1004,0,1012.4,12,9.4,1130,2.78,18.4,,,,,,2.5,1.4,16.9,7.8,,,,,,,,,,,,,,
135,추풍령,1991-09-29,14.4,7.5,620,22,1456,,,,,,,5.7,270,1259,4.7,290,930,1,884,290,6.8,14,1400,69.5,10.4,989.4,1020.2,825,1016.4,1450,1018.6,11.9,9.6,1200,2.69,17.02,,,,,,4.3,1.5,17,2.9,,,,,,,,,,,,,,
135,추풍령,1991-09-30,13.4,8.6,530,18.8,1205,,,,,,,6,140,1350,5,140,1530,.7,638,180,10.9,51,1215,86.8,13.1,988.9,1020,940,1016.3,1500,1018.2,11.9,2,1000,1.53,7.78,,,,,,9.3,9.4,14.5,5.5,,,,,,,,,,,,,,
135,추풍령,1991-10-01,17.6,11.3,654,26.2,1422,,,,,,,7.1,180,1110,5,180,1120,.5,441,50,13.3,42,1400,79,15.3,986.8,1017,2400,1013,1525,1015.5,11.8,8.7,1200,2.62,17.86,,,,,,2.5,1.5,18.7,8.4,,,,,,,,,,,,,,
135,추풍령,1991-10-02,17.8,12.5,456,24.6,1455,,,,,,,10.2,290,1218,8.3,290,1210,2.2,1890,320,12.7,39,1424,76,14.8,986.5,1017.9,540,1012.9,1642,1015.2,11.8,9.5,1100,2.66,19.03,,,,,,2,0,19.9,8.5,,,,,,,,,,,,,,
135,추풍령,1991-10-03,18.1,13.6,39,25.5,1346,,,,,,,8.2,290,1430,6.7,320,1450,2.5,2174,320,11.8,25,1334,73,14.2,983.3,1014.5,0,1008.8,1625,1012,11.8,9.4,1100,2.62,19.42,,,,,,2,3.3,20.8,10.4,,,,,,,,,,,,,,
135,추풍령,1991-10-04,14.8,11.8,832,19.7,1422,2.33,.1,720,.3,720,.4,13,320,1424,8.7,320,1420,4.5,3920,320,7.8,33,1820,66.3,11,983.1,1016.6,2400,1009.4,442,1012,11.7,8.1,1200,2.71,16.25,,,,,,8.5,5.8,16.3,7.6,,,,,,,,,,,,,{비}0620-0840.,
135,추풍령,1991-10-05,14.3,8.2,710,22,1330,,,,,,,7.3,270,1422,5,270,1430,1.2,1045,320,7.6,24,1240,70.3,10.7,987.6,1018.7,650,1014.4,1530,1016.7,11.7,10.2,1130,2.4,19.04,,,,,,1.8,1.3,18.4,3.2,,,,,,,,,,,,,,
135,추풍령,1991-10-06,14,9.1,28,22,1348,,,,,,,9,290,1425,6.3,290,1430,1.6,1400,290,7.6,27,1409,71,10.6,987.3,1018.6,828,1014,1536,1016.4,11.7,9,1130,2.65,18.05,,,,,,2.5,1.9,18.1,5.9,,,,,,,,,,,,,,
135,추풍령,1991-10-07,12.7,6.3,2400,17.9,1536,,,,,,,12,290,347,9.7,290,1310,4.2,3648,290,3.5,24,1640,57.5,8.2,986.3,1018.6,2307,1014,1242,1015.5,11.6,9.6,1130,2.8,19.54,,,,,,2,1.6,16.4,1.2,,,,,,,,,,,,,,
135,추풍령,1991-10-08,12.6,3.9,440,22.4,1434,,,,,,,8.3,140,1109,6.3,110,1150,1.7,1486,110,7.1,42,1140,72.8,10.2,989.2,1019.9,910,1016.1,1520,1018.6,11.6,8.7,1100,2.47,15.17,,,,,,4,2.3,16,.1,,,,,,,,,,,,,,
135,추풍령,1991-10-09,15.8,9.2,646,22.9,1426,,,,,,,8.9,110,1445,5,140,940,1.7,1474,90,8,36,1623,61.8,10.8,988.5,1019.6,47,1014.4,1712,1017.5,11.5,10.1,1215,2.73,18.24,,,,,,.8,.4,18.6,3.5,,,,,,,,,,,,,,
135,추풍령,1991-10-10,13.9,6.8,624,23,1435,,,,,,,9.4,140,1115,6.8,140,1050,1.1,988,140,8.3,33,1320,73.3,11,985.6,1017,721,1011.6,1630,1014.8,11.5,9.5,1200,2.71,17.96,,,,,,.5,.3,18,2.2,,,,,,,,,,,,,,
135,추풍령,1991-10-11,14.1,5.9,530,23,1448,,,,,,,9,110,1152,5.7,110,1220,1.3,1111,110,7.6,35,1406,68.8,10.5,983.7,1015,0,1009.8,1630,1012.8,11.5,10.4,1200,2.63,18.83,,,,,,0,0,18.2,1.5,,,,,,,,,,,,,,
135,추풍령,1991-10-12,12.6,5.5,647,20.7,1528,,,,,,,9.2,290,1549,7.7,290,1610,2,1705,290,7.8,39,1345,75.8,10.7,981.3,1011.7,203,1008,1516,1010.4,11.4,8.7,1130,2.44,14.53,,,,,,3,1.3,14.8,.9,,,,,,,,,,,,,,
135,추풍령,1991-10-13,15.6,7.8,623,23.4,1452,,,,,,,10.2,290,1020,8,290,1030,2.6,2227,290,7.1,25,1310,62,10.2,982.5,1012.7,905,1009.3,1500,1011.3,11.4,9.6,1130,2.42,16.19,,,,,,1,0,18.3,2.7,,,,,,,,,,,,,,
135,추풍령,1991-10-14,13.4,6.9,2400,17.1,1450,,,,,,,12.8,320,605,8.7,290,750,5.5,4716,290,5.1,33,1634,59.8,9.2,985.3,1020,2400,1012,0,1014.5,11.4,10,1130,2.72,19.19,,,,,,1.5,1.4,16.2,.5,,,,,,,,,,,,,,
135,추풍령,1991-10-15,10,1.8,652,18.6,1505,,,,,,,6.2,140,1215,5.3,140,1210,.9,796,180,3.6,19,1217,70.8,8.1,990.2,1021.4,847,1017.2,1555,1019.8,11.3,8.9,1030,2.58,16.62,,,,,,3.8,3,15.2,-3.1,,,,,,,,,,,,,,
135,추풍령,1991-10-16,12.4,7.1,530,19.2,1210,2.42,.8,2240,2.5,2230,3.2,6.5,200,1229,4.2,200,1240,.8,689,90,9.2,45,1215,81.8,11.8,985.5,1018.7,0,1011.2,2110,1014.7,11.3,2.3,1100,1.84,8.17,,,,,,9.5,6.3,15.3,4.4,,,,,,,,,,,,,{비}2135-{비}{강도0}2400-,
135,추풍령,1991-10-17,13.7,10,2250,17.1,1548,1.67,.5,110,1,23,1.2,14.7,290,1246,11,290,1210,6.1,5273,290,3.2,20,1510,53.3,8.2,984.4,1017,2400,1010.7,35,1013.5,11.2,10,1200,2.75,18.56,,,,,,2.5,2.6,15.1,6,,,,,,,,,,,,,-{비}-0140.,
135,추풍령,1991-10-18,13.4,7.6,330,20.5,1450,,,,,,,16,270,1445,10.3,270,1440,5.6,4828,270,5.1,36,1410,59.5,8.9,984.6,1017,0,1010.2,1652,1013.7,11.2,9.8,1100,2.71,15.89,,,,,,1.8,1.6,14.3,2.9,,,,,,,,,,,,,,
135,추풍령,1991-10-19,9.8,7,2400,13.5,1530,,,,,,,13.8,290,1605,9.3,290,1240,5.6,4828,320,.8,31,1730,53.5,6.5,987.9,1020.3,2232,1013.6,0,1017.5,11.2,9.2,1130,2.2,14.1,,,,,,2.5,2.8,12,2.6,,,,,,,,,,,,,,
135,추풍령,1991-10-20,8.3,.3,655,13.8,1518,,,,,,,14.3,290,1148,10,290,1150,3.7,3175,290,-2.7,21,1517,48.5,5.1,991.4,1023.3,2330,1019.8,1530,1021.3,11.1,10,1200,2.61,17.72,,,,,,0,.3,10.8,-4.5,,,,,,,,,,,,,,
135,추풍령,1991-10-21,9.2,2.4,331,16.4,1524,,,,,,,12.2,290,1510,7,290,1520,2.1,1853,290,4.2,42,1618,74.3,8.3,993.9,1025.2,852,1021.8,1651,1023.8,11.1,7.4,1145,2.58,14.47,,,,,,3.3,1.5,10.2,-2.7,,,,,,,,,,,,,,
135,추풍령,1991-10-22,8.9,2.5,2354,15.9,1440,,,,,,,9.8,320,1517,8.3,320,1520,2.9,2465,270,-.9,12,1520,61.3,6.5,995.6,1027.5,2230,1023.4,1400,1025.5,11.1,7.3,1200,2.38,14.63,,,,,,2.5,1.1,10.6,-4.5,,,,,,,,,,,,,,
135,추풍령,1991-10-23,7.6,.5,412,17.4,1410,,,,,,,8,320,1406,5.7,320,1410,1.2,1004,320,1.6,31,1200,68.5,7,994.9,1027.7,154,1021.8,1410,1025,11,9,1100,2.9,19.39,,,,,,6.8,0,10.9,-4.9,,,,,,,,,,,,,,
135,추풍령,1991-10-24,9.8,2.2,716,17.6,1334,,,,,,,8,200,1325,5.7,230,1340,1.2,1034,200,4.6,40,1308,73.3,8.6,989.7,1024.2,0,1014.5,1922,1019.4,11,6,1015,2.04,11.32,,,,,,6,3,10.7,-2.8,,,,,,,,,,,,,,
135,추풍령,1991-10-25,12.2,7.2,2400,20.8,1548,,,,,,,11,320,1245,8.7,320,320,1.8,1537,290,5.2,21,1523,69.3,9,986.8,1019,2400,1014.3,1426,1016.1,10.9,8.7,1200,2.4,15.33,,,,,,1.8,1.5,14.3,2.3,,,,,,,,,,,,,,
135,추풍령,1991-10-26,12.4,5.1,655,22.9,1514,,,,,,,6.2,200,1326,4.3,200,1320,.8,676,200,6.9,30,1514,75.3,10,989.3,1020.7,910,1015.9,1640,1018.7,10.9,8.5,1130,2.2,14.3,,,,,,0,.6,15.3,.1,,,,,,,,,,,,,,
135,추풍령,1991-10-27,12,8.4,2248,15.5,1421,,,,,,,15,320,1459,10.3,320,1520,6.8,5863,320,1.9,26,1550,50,7.1,988.9,1020.3,2142,1016.3,1443,1018.3,10.9,9.6,1100,2.19,14.48,,,,,,2,2.8,14,4.1,,,,,,,,,,,,,,
135,추풍령,1991-10-28,10.2,6.4,710,14.6,1440,,,,,,,13,320,1452,9.7,290,1140,5.8,4981,320,1.9,35,1320,58.5,7.1,989.9,1021.3,910,1017.2,1540,1019.5,10.8,9.5,1200,2.43,16.12,,,,,,2.5,1.9,12.6,.2,,,,,,,,,,,,,,
135,추풍령,1991-10-29,9.8,5.3,315,17.2,1537,,,,,,,9.8,340,956,8.3,340,1050,3.8,3241,340,.9,16,1630,62,6.9,987.7,1019.5,900,1015,1415,1017.3,10.8,9.1,1200,2.42,16.25,,,,,,.8,.5,11.7,-.6,,,,,,,,,,,,,,
135,추풍령,1991-10-30,11.3,3.8,625,18.2,1411,,,,,,,13.2,340,1355,10,340,1320,2.2,1887,340,4.2,39,1350,65.5,8.3,986.1,1017.2,2253,1012.5,1332,1015.5,10.8,8.6,1230,2.24,12.9,,,,,,1,1.8,12.3,-1.3,,,,,,,,,,,,,,
135,추풍령,1991-10-31,9.6,3.1,620,18.8,1420,,,,,,,6.8,290,1347,4,290,1420,1,831,200,5.6,43,1345,79,9.1,987.7,1019.1,910,1014.6,1514,1017.3,10.7,6,1300,2.22,10.7,,,,,,2.5,2,11.1,-1.6,,,,,,,,,,,,,{박무}2140-{박무}{강도0}2400-,
135,추풍령,1991-11-01,9,2.6,526,19.3,1420,,,,,,,6.1,110,1320,4,270,1020,.9,811,50,3.9,32,1620,74.8,8.1,988.7,1020.5,920,1015.8,1500,1018.5,10.7,8.3,1200,2.25,13.12,,,,,,.5,.9,11,-2.6,,,,,,,,,,,,,-{박무}-{박무}{강도0}0300-{박무}{강도1}0600-{시정(미만)}{1km}{안개}0615-{시정(미만)}{0.5km}{안개}0623-{시정(미만)}{0.2km}{안개}0640-{시정(이상)}{0.2km}{안개}0825-{시정(이상)}{0.5km}{안개}0835-{시정(이상)}{1km}{박무}0847-{박무}{강도2}0900-1035.,2.53
135,추풍령,1991-11-02,8.8,1.4,727,19.1,1515,,,,,,,7,290,1620,6.3,290,1630,1.4,1249,290,1.4,20,1558,67,6.8,987.7,1019.3,900,1014.1,1552,1017.4,10.7,7.3,1200,2.22,13.28,,,,,,1.3,0,11.2,-2.6,,,,,,,,,,,,,{박무}0335-{시정(미만)}{1km}{안개}0420-{안개}{강도0}0600-{시정(미만)}{0.5km}{안개}0632-{시정(미만)}{0.2km}{안개}0705-{시정(이상)}{0.2km}{안개}0824-{안개}{강도1}0900- {시정(이상)}{0.5km}{안개}0920-{시정(이상)}{1km}{박무}0935-{박무}{강도0}1200-1310.,5.25
135,추풍령,1991-11-03,7.3,2.3,532,17.2,1355,.2,,,,,0,15,320,1511,10.7,290,1630,4,3464,290,2.8,40,1420,74.8,7.5,987.8,1023.3,2400,1013.4,1340,1017.7,10.6,4,1030,1.45,7.2,,,,,,4,2.5,7.5,-2.7,,,,,,,,,,,,,{소나기}1420-1432.,
135,추풍령,1991-11-04,3.8,-2.4,650,11,1344,,,,,,,11.6,320,102,8.3,320,110,3.5,2986,290,-11.6,12,1430,33.3,2.6,997.3,1032.2,2400,1023.3,0,1027.9,10.6,9.2,1130,2.3,14.91,,,,,,0,0,5.1,-8.8,,,,,,,,,,,,,,
135,추풍령,1991-11-05,5.7,-2.6,617,16.7,1339,,,,,,,7,230,1345,4.7,180,1430,1.3,1086,160,-3.7,21,1347,56.3,4.7,1002.1,1035,911,1030.3,1526,1032.7,10.6,9,1200,2.23,14.38,,,,,,0,0,7.3,-7.6,,,,,,,,,,,,,,
135,추풍령,1991-11-06,8.2,1,610,18.4,1507,,,,,,,5,140,915,4.2,110,1410,1.2,1076,110,1.9,28,1511,71,7,999.1,1033.1,0,1024.7,2400,1029.2,10.5,9,1200,2.13,13.88,,,,,,0,0,9.6,-4.5,,,,,,,,,,,,,,
135,추풍령,1991-11-07,8.6,1.6,623,14.9,1606,5.08,,,,,3.8,7.5,360,2305,5.3,360,2300,1.3,1106,140,4.9,46,1536,80.5,8.8,989,1025.1,110,1013.7,2015,1018.8,10.5,2.8,1100,1.31,6.72,,,,,,7.3,3.4,9.4,-3.4,,,,,,,,,,,,,{비}1855-{비}{강도0}2100-{비}{강도0}2400-  {박무}2120-{박무}{강도0}2400-,
135,추풍령,1991-11-08,8.8,4.4,2343,12,1426,2.45,,,,,.9,14,290,1232,12.7,290,1400,8.6,7470,290,-1.6,19,1652,52.8,6.1,987.7,1022.5,2310,1014.1,218,1017.4,10.5,9.4,1200,2.24,13.75,,,,,,3.8,1.6,9.7,-1,,,,,,,,,,,,,-{비}-0227.  -{박무}-0140.,
135,추풍령,1991-11-09,5.3,-.8,710,11.4,1540,,,,,,,10.2,270,1220,9.3,270,1110,4.5,3919,290,-6.2,16,1550,47.3,4,991.8,1024.4,840,1019.6,1430,1022,10.4,8.9,1200,2.58,14.19,,,,,,3.8,2.8,6.1,-5.1,,,,,,,,,,,,,,
135,추풍령,1991-11-10,5.7,1.1,2400,10.2,1517,,,,,,,14.3,270,1321,10.3,270,1310,3.9,3374,290,-3.3,21,1520,55.8,5.1,991,1024,2340,1019.8,310,1021.2,10.4,6.8,1230,2.06,11.3,,,,,,5,2.6,8,-3.9,,,,,,,,,,,,,,
135,추풍령,1991-11-11,3.7,.8,32,6.7,1357,.2,,,,,0,15.9,290,1348,11,290,1530,6.5,5646,290,-5.2,24,1335,54.3,4.3,992.9,1025.3,947,1022,1705,1023.4,10.4,8.4,1200,2.23,13.46,,,,,,3.8,2.9,6.4,-4,,,,,,,,,,,,,{소낙눈}0825-0837.,
135,추풍령,1991-11-12,5,2,700,8,1643,,,,,,,10,270,1829,8.7,270,1940,5.2,4535,230,-1,58,1230,65.8,5.7,992.4,1024,1010,1021,1640,1022.8,10.3,1.2,1000,.82,5.48,,,,,,2.8,2.3,5,-1.8,,,,,,,,,,,,,,
135,추풍령,1991-11-13,6.5,.4,736,13.9,1440,,,,,,,15,290,1331,9,290,1330,3.6,3122,290,-1.5,25,1358,63.3,5.6,993.4,1025.9,2400,1021.3,1420,1023.5,10.3,7.7,1300,2,11.75,,,,,,1.3,1.5,7.1,-5.1,,,,,,,,,,,,,,
135,추풍령,1991-11-14,5.2,2,620,9.3,1458,,,,,,,14.1,250,1356,11,250,1410,7,6044,250,-9.1,20,1620,34.5,3.1,997.1,1029,918,1025.6,1435,1027.5,10.3,9.4,1200,2.21,14.36,,,,,,.5,0,5.4,-3.6,,,,,,,,,,,,,,
135,추풍령,1991-11-15,3.7,-1,2340,9.6,1518,,,,,,,12.7,250,1450,10.3,250,1440,6,5207,250,-8.5,18,1520,46.8,3.5,996.1,1030.9,900,1027.2,1520,1029.2,10.3,9.3,1200,2.18,13.51,,,,,,0,0,4.3,-8.3,,,,,,,,,,,,,,
135,추풍령,1991-11-16,2.8,-4.7,406,11,1435,,,,,,,12.1,250,1317,9.3,250,1400,2.4,2108,250,-3.7,25,1147,65.8,4.8,996.8,1030.3,0,1024.5,1620,1027.4,10.2,8.9,1200,2.16,13.65,,,,,,0,0,3.8,-11.7,,,,,,,,,,,,,,
135,추풍령,1991-11-17,6.8,.9,655,13,1410,.3,,,,,0,13,270,1315,10.7,270,1220,3,2610,290,-.3,33,1640,66,6.1,993.1,1025.6,0,1021,1733,1023.3,10.2,6,1000,1.61,7.93,,,,,,4.8,1.4,6.6,-4.8,,,,,,,,,,,,,{비}0725-0743.  {박무}0440-{박무}{강도0}0600-0840.,
135,추풍령,1991-11-18,5.5,-.2,2400,11.1,1522,,,,,,,11.2,250,1132,8.7,270,30,4.7,4092,270,-.1,33,1521,69,6.1,990.9,1023.5,0,1018.8,1521,1021.1,10.2,6.9,1100,1.98,11.23,,,,,,1,.5,6,-6.5,,,,,,,,,,,,,,
135,추풍령,1991-11-19,6.5,-1,202,11.7,1053,1.4,,,,,4.5,17,270,1410,12.7,270,2040,5.5,4776,270,-.5,29,1630,64.8,6.2,986.9,1021.1,2400,1014.5,540,1016.9,10.1,3.6,1200,1.38,6.35,,,,,,5.8,6.1,5.4,-6.9,,,,,,,,,,,,,{소나기}0545-{소나기}{강도0}0600-0643.  {소나기}1122-1140.  {소나기}1450-1458.  {뇌전}{강도0}(NE 2-3)0540-{뇌전}{강도1}0600-{뇌전}{강도1}(NE{이동}E 2-3)0620-0640.,
135,추풍령,1991-11-20,4,-1.6,2400,9.2,1506,,,,,,,14.2,270,604,6.7,270,640,2.9,2508,270,-5.3,21,1331,47.3,4.3,995.1,1028.7,2400,1021.1,0,1025.6,10.1,9.2,1200,2.15,13.63,,,,,,2.3,.5,3.7,-6.9,,,,,,,,,,,,,,
135,추풍령,1991-11-21,3,-2.6,353,12.6,1433,,,,,,,8,250,1137,6.7,250,1140,1,823,250,-2.1,31,1442,75.3,5.3,996.8,1028.9,820,1024.8,1520,1027.4,10.1,7.6,1100,1.74,11.01,,,,,,1.5,0,3.8,-8.3,,,,,,,,,,,,,,
135,추풍령,1991-11-22,6,-.8,215,13.8,1404,.1,,,,,.1,5,250,903,4,250,920,.8,706,230,1.1,33,1413,75.5,6.8,994.9,1027.7,0,1022.8,1512,1025.2,10.1,1.6,1100,1.2,6.59,,,,,,7,5.3,6.6,-5.7,,,,,,,,,,,,,{비}2003-2009.,
135,추풍령,1991-11-23,8.2,5.9,2352,10.8,1534,7.47,,,,,6.5,12,250,1845,10,250,1850,3.6,3095,250,4.9,45,2243,81,8.9,992.2,1025.9,2400,1019.4,1426,1022.1,10,.8,1400,.67,3.8,,,,,,7.3,3.4,8.2,0,,,,,,,,,,,,,{비}0420-{비}{강도0}0600-{비}{강도0}0900-1148.  {박무}0242-{박무}{강도0}0300-{박무}{강도0}0600-{박무}{강도0}0900{박무}{강도0}1200-1320.,
135,추풍령,1991-11-24,1.9,-2.2,2400,6,0,,,,,,,14.6,290,128,9,290,310,3.9,3336,270,-12.1,16,1600,36.3,2.6,1001.2,1037.6,2400,1025.9,0,1032.2,10,8.9,1200,2.05,12.87,,,,,,0,0,2,-8.1,,,,,,,,,,,,,,
135,추풍령,1991-11-25,1.1,-7.4,710,10.7,1431,,,,,,,6,320,15,3.3,320,10,.2,150,340,-6.1,25,1440,65.3,4,1005.8,1039.2,930,1034.2,1510,1036.9,10,8.5,1200,2.03,12.48,,,,,,2.5,0,3.1,-11.7,,,,,,,,,,,,,,
135,추풍령,1991-11-26,4.4,0,612,14,1542,,,,,,,7,250,1208,6,270,1500,.9,782,20,-3.4,13,1612,65.5,4.9,1001.4,1035.7,0,1028.5,1554,1032,10,7.2,1200,1.99,10.61,,,,,,5.5,1.9,5,-4.9,,,,,,,,,,,,,,
135,추풍령,1991-11-27,5.9,-1.7,500,16.2,1453,,,,,,,9.3,250,1210,8,250,1240,2,1710,250,-.5,31,1514,68.3,6,994.2,1029.7,0,1019.8,1540,1024.4,9.9,7.5,1200,1.94,10.86,,,,,,4.8,.9,5.8,-5.9,,,,,,,,,,,,,,
135,추풍령,1991-11-28,7.1,3.1,2340,10.2,1520,,,,,,,10.7,250,1735,9,250,1540,5.4,4654,250,-.7,42,1520,57.5,5.8,987.9,1020.7,0,1015.5,1500,1017.8,9.9,1.3,1430,.98,3.55,,,,,,6,5.5,6.2,-2.6,,,,,,,,,,,,,,
135,추풍령,1991-11-29,4.3,-1.8,750,14.3,1403,,,,,,,10,230,1431,7.7,230,1440,1.3,1152,20,-1.6,21,1350,73.3,5.6,988,1020.5,734,1015.4,1510,1018.2,9.9,7.5,1200,1.89,11.03,,,,,,1.5,0,3.7,-7,,,,,,,,,,,,,,
135,추풍령,1991-11-30,4.6,-1.6,240,12.8,1431,,,,,,,12.7,250,1302,9.3,250,1300,4,3485,270,.6,42,1515,78,6.4,988,1020.4,928,1015,1455,1018.3,9.9,6.9,1230,1.74,10.09,,,,,,1.5,1.1,4.8,-7.3,,,,,,,,,,,,,,
135,추풍령,1991-12-01,4.4,-.9,2400,10.2,1350,,,,,,,14.5,270,320,12.7,270,150,7.9,6788,270,-8.2,16,1340,42.3,3.4,990.5,1023.3,2220,1019,0,1020.8,9.9,7.9,1200,1.91,11.28,,,,,,0,0,4,-5.9,,,,,,,,,,,,,,
135,추풍령,1991-12-02,3.8,-4.2,707,14,1319,,,,,,,9.5,290,1433,6.7,290,1450,1.7,1434,290,-5.3,24,1508,58.3,4.2,990.9,1023.2,920,1018.4,1526,1021.3,9.8,8,1200,1.8,10.38,,,,,,.5,.4,3.9,-8.6,,,,,,,,,,,,,,
135,추풍령,1991-12-03,4.8,-.5,2340,8.9,1526,,,,,,,12.7,270,1223,10.8,270,1230,5.6,4806,270,-11,10,1300,39.3,3.1,991.7,1025.8,2206,1019.5,530,1022,9.8,7.9,1200,2.01,11.47,,,,,,3.5,2.1,4.8,-5.5,,,,,,,,,,,,,,
135,추풍령,1991-12-04,1.6,-4.1,755,10.9,1533,,,,,,,13.9,250,1155,9.7,250,1200,3.5,3021,270,-11.3,12,1430,43.5,2.7,995,1027.5,2400,1023.4,1430,1025.8,9.8,8.4,1200,1.97,11.86,,,,,,0,0,2.4,-10.9,,,,,,,,,,,,,,
135,추풍령,1991-12-05,2.2,-6.2,729,15.2,1429,,,,,,,5.8,90,1225,4,90,1240,.8,679,70,-7.4,15,1530,58.5,3.6,995.7,1028.2,759,1023.4,1425,1026.1,9.8,8.4,1200,1.91,10.93,,,,,,0,0,2.9,-11.8,,,,,,,,,,,,,,
135,추풍령,1991-12-06,4.6,-4,730,16.5,1524,,,,,,,8.8,140,1345,6.7,140,1340,1,892,140,-.1,24,1155,75,6.3,995.3,1027.5,320,1022.4,1500,1025.8,9.8,8.1,1200,1.93,11.8,,,,,,1.3,1.9,4.4,-9.4,,,,,,,,,,,,,,
135,추풍령,1991-12-07,9.9,6.5,2140,16.4,1416,,,,,,,8,270,2351,6.3,270,2330,2.2,1888,270,4.7,26,1410,74.8,8.7,993.6,1026.5,840,1020.6,2030,1023.4,9.8,5.5,1200,1.58,8.32,,,,,,8.3,3.9,9.4,1.8,,,,,,,,,,,,,{박무}0340-{박무}{강도0}0600-{박무}{강도0}0900-1120.,
135,추풍령,1991-12-08,4.5,.6,2400,8,100,.97,,,,,0,13,270,1222,10.7,270,1340,7.1,6152,270,1.3,57,2246,80.5,6.9,992.6,1027.5,2400,1020,416,1023,9.8,0,1300,.77,2.31,,,,,,8.8,4,4.3,-2.9,,,,,,,,,,,,,{비}0248-{비}{강도0}0300-0308.  {비}0742-0820.  {박무}0725-{박무}{강도0}0900-1120.,
135,추풍령,1991-12-09,.3,-3.3,2400,4.2,1442,,,,,,,14.6,270,915,11.7,270,930,6.9,5981,290,-10.4,29,1246,45.3,2.9,999.9,1034,2230,1027.5,0,1031,9.7,7.9,1200,1.86,10.84,,,,,,2,1.9,1.4,-8.6,,,,,,,,,,,,,,
135,추풍령,1991-12-10,-1.1,-6.6,750,5.5,1510,5.9,,,,,.7,8.2,90,2118,6.3,20,1800,2.1,1818,140,-8.5,23,1440,64.3,3.4,997.6,1033.9,300,1020.4,2400,1028.8,9.7,3.1,1330,1.23,6.31,.6,2042,.6,2042,.6,5.3,3.3,.8,-10.8,,,,,,,,,,,,,{눈}1806-{진눈깨비}2042-{진눈깨비}{강도0}2100-{비}2145-{비}{강도0}2400-  {박무}2235-{박무}{강도0}2400-,
135,추풍령,1991-12-11,.4,-4.9,2352,4.8,528,5.65,,,,,2.1,18.2,270,1455,13.7,270,1450,9.1,7829,270,-7.3,26,1534,58.8,3.7,991.3,1028.4,2400,1016.8,425,1022.1,9.7,3.1,1415,1.14,4.58,,,.1,0,,5.3,3.8,1.6,-6.9,,,,,,,,,,,,,-{비}-0042.  {비}0415-{비}{강도0}0600-0817.  {눈}0915-1010.  -{박무}-{박무}{강도0}0300-{박무}{강도0}0600-0650.,
135,추풍령,1991-12-12,-5.8,-8.8,810,-3.4,1503,,,,,,,14,270,1227,11.3,270,1230,8.3,7197,270,-16.4,20,1617,44.3,1.7,999.9,1033.4,920,1028.4,0,1031.7,9.7,8.4,1200,1.98,11.72,,,,,,.5,.5,-3.7,-10.5,,,,,,,,,,,,,,
135,추풍령,1991-12-13,-.8,-8.4,410,5.8,1230,,,,,,,11.7,270,1259,9.3,290,1330,3.8,3274,290,-7.2,44,1220,63,3.7,999.3,1032.9,411,1028.1,1620,1030.5,9.7,1.7,1100,1.44,5.77,,,,,,6.5,5,-.2,-13.9,,,,,,,,,,,,,,
135,추풍령,1991-12-14,4.1,.3,2355,10.7,1444,,,,,,,10,270,1129,8.7,270,1150,2.7,2294,270,-2.7,37,1447,63.8,5.1,999,1031,2254,1028,352,1029.5,9.7,5.4,1200,1.94,9.23,,,,,,5,4.3,3.9,-5.3,,,,,,,,,,,,,,
135,추풍령,1991-12-15,2.9,-3.5,750,13.6,1348,,,,,,,8.8,270,1407,7.7,270,1440,1.3,1118,90,-1.5,35,1330,77.3,5.5,999.5,1032,910,1027.8,1500,1030.3,9.7,8.3,1200,1.72,10.07,,,,,,.5,.3,3.5,-8,,,,,,,,,,,,,,
135,추풍령,1991-12-16,4.8,-2.6,756,15.3,1508,,,,,,,6,340,1425,4.7,340,1440,1,876,340,-1.3,31,1457,69.8,5.6,996.9,1030.7,111,1023,2400,1027.3,9.7,7,1200,1.8,9.65,,,,,,2.8,2.1,5,-8.1,,,,,,,,,,,,,,
135,추풍령,1991-12-17,6.2,3.5,2348,9.9,1206,15.22,,,,,11.1,12.3,270,1842,10,270,1650,2.3,1960,270,5.1,69,0,92.5,8.9,987.9,1023,0,1013.1,1442,1017.9,9.7,.7,1100,.92,2.79,,,,,,10,5.9,6.4,2.2,,,,,,,,,,,,,{비}0017-{비}{강도0}0300-{비}{강도0}0600-0720.  {비}1220{비}{강도0}1500-{비}{강도0}1800-2030.  {박무}0340-{박무}{강도0}0600-{박무}{강도2}0900-{박무}{강도0}1200-{박무}{강도0}1500-{박무}{강도0}1800-1940.,
135,추풍령,1991-12-18,1.8,0,810,5.1,1240,,,,,,,12.5,290,1345,10,290,1330,4,3486,290,-.7,65,1250,83.3,5.8,990.5,1022.4,1014,1019.5,0,1021.1,9.7,4.3,1300,1.95,8.14,,,,,,8.8,5.5,3.6,-2.1,,,,,,,,,,,,,,
135,추풍령,1991-12-19,1.4,-2.6,2333,4.4,1202,,,,,,,11.2,270,1225,9,270,1220,4.4,3765,270,-3.2,48,1330,73.3,4.9,994.3,1029.4,2343,1022.1,110,1025,9.7,3.5,1100,1.56,5.54,,,,,,6,4,1.9,-7.5,,,,,,,,,,,,,{박무}2120-{박무}{강도0}2400-,
135,추풍령,1991-12-20,4,-2.3,0,12,1432,,,,,,,9.5,270,2125,7.7,270,2120,1.7,1462,270,-.3,44,1353,76.3,6,996.8,1030.1,946,1023.9,1542,1027.3,9.7,7.7,1300,1.74,8.85,,,,,,4.5,3.4,4.2,-6.1,,,,,,,,,,,,,-{박무}-0240.,
135,추풍령,1991-12-21,3.6,1.6,740,7.6,1341,,,,,,,12.8,290,40,10.3,290,50,5.4,4654,290,-2.6,34,1348,67,5.2,995.3,1027.5,2210,1023.6,1424,1025.8,9.7,7,1200,1.81,9.91,,,,,,7.3,2.9,3.5,-1.8,,,,,,,,,,,,,,
135,추풍령,1991-12-22,5.2,1.6,350,8.9,1407,,,,,,,5.7,230,832,4.7,180,1410,1.2,1050,90,.9,64,1410,73.5,6.6,995.8,1027.8,1040,1024.3,2400,1026.2,9.7,0,1230,.8,3.38,,,,,,10,4.5,5.7,-.5,,,,,,,,,,,,,,
135,추풍령,1991-12-23,6.9,3.1,835,12.9,1508,,,,,,,8.3,230,1441,6.7,230,1420,1.9,1680,50,2.1,42,1516,74.8,7.1,992.5,1024.3,0,1020.5,1448,1022.6,9.7,5,1200,1.47,7.63,,,,,,8.5,2.4,7,-1.9,,,,,,,,,,,,,,
135,추풍령,1991-12-24,5.9,4.3,2325,8,110,7.87,,,,,.3,10,270,720,7,270,750,3.4,2960,270,3.5,69,115,84.8,7.9,993,1024.6,1000,1021.7,140,1023.2,9.7,0,1330,.23,1.31,,,,,,10,4.5,6,-1.4,,,,,,,,,,,,,{비}0435-{비}{강도0}0600-{비}{강도0}0900-{비}{강도0}1200-1227.  {박무}0732-{박무}{강도0}0900-{박무}{강도0}1200-{박무}{강도0}1550{박무}{강도0}1800-{박무}{강도0}2100-{박무}{강도0}2400-,
135,추풍령,1991-12-25,3.9,2.6,830,4.7,1440,22.25,,,,,17.7,8,160,422,6.7,90,2040,3,2564,90,2.8,89,34,92.5,7.5,989.6,1022.6,0,1017.7,1430,1019.9,9.7,0,1330,.31,1.68,,,,,,10,5.8,4.9,2,,,,,,,,,,,,,-{박무}-{박무}{강도0}0300-{박무}{강도0}0600-{박무}{강도0}0900-1020.  {비}0145-{비}{강도0}0300-{비}{강도0}0600-{비}{강도0}0900-{비}{강도0}1200-{비}{강도0}1500-{비}{강도0}1800-{비}{강도0}2100-{비}{강도0}2400-,
135,추풍령,1991-12-26,2.8,.6,700,4.5,1448,10.72,,,,,3.6,10.2,20,2342,6,20,2350,1.9,1637,360,1.4,82,1524,90.5,6.8,989,1021.6,1009,1017.7,2400,1019.5,9.7,0,1330,.67,3.36,,,,,,10,5.1,4.3,.1,,,,,,,,,,,,,-{비}-{비}{강도0}0300-{진눈깨비}0432-{눈}0520-{눈}{강도0}0600-{비}0812-{비}{강도0}0900-1043.  {박무}0450-{박무}{강도1}0600-{박무}{강도0}0900-1025.,
135,추풍령,1991-12-27,1,-.7,2400,3.3,0,13.42,,,,,11.4,17,250,1855,15.3,250,1900,5.7,4906,250,-.9,71,2107,87.8,5.8,983,1017.7,0,1010.3,1723,1013.5,9.7,0,1500,.43,2.15,3.9,1005,3.9,1005,6.2,10,5.8,.8,-1.2,,,,,,,,,,,,,{비}0140-{비}{강도0}0300-{진눈깨비}0320-{진눈깨비}{강도0}0600-{눈}0720-{눈}{강도0}0900-{눈}{강도0}1200-{진눈깨비}1325-1420. {눈}2315-{눈}{강도0}2400-  {박무}0720-{박무}{강도0}0900-{박무}{강도0}1200-1410.  {폭풍}1340-1640.  {폭풍}1900-1920.,
135,추풍령,1991-12-28,-3.9,-6.4,2400,-.7,0,10.5,,,,,.8,15.8,250,2022,13.7,250,1610,7.9,6808,250,-9.5,51,1845,64.5,3,980.6,1017.3,2400,1008.2,550,1011.5,9.7,0,1200,1.03,4.34,1.8,2400,3.4,2400,2,9,6.5,0,-6.7,,,,,,,,,,,,,-{눈}-0225.  {눈}0515-{눈}{강도0}0600-0735.  {눈}1025-{눈}{강도0}1200-{눈}{강도0}1500-1530.  {눈}2320-{눈}{강도0}2400-,
135,추풍령,1991-12-29,-6.2,-9.1,718,-3.3,1534,2.17,,,,,.1,19.2,250,537,16.7,250,550,9.8,8474,250,-13.5,37,1517,57.8,2.2,991.4,1027.3,2400,1017.3,0,1023,9.7,8,1200,2,10.97,.3,210,3.7,210,.3,2.8,1.6,-1.8,-9.5,,,,,,,,,,,,,-{눈}-0210.  {폭풍}0530-0610.  {폭풍}1050-1120.  {폭풍}1640-1710.,
135,추풍령,1991-12-30,-3.9,-8.6,755,.6,1456,,,,,,,15.7,250,125,13.7,250,150,7,6062,250,-11.1,35,1220,59,2.6,997,1030.2,1030,1027.2,1626,1028.5,9.7,8.3,1200,2.04,12.23,,,1.6,0,,0,0,-3.9,-10.1,,,,,,,,,,,,,,
135,추풍령,1991-12-31,-2.9,-9.4,540,2.6,1446,,,,,,,11.4,250,1418,9.3,250,1430,3.1,2658,250,-7.3,50,1340,73,3.6,995.7,1030,150,1024.5,1410,1027,9.7,1.5,1400,1.24,6.79,,,,,,5.3,3.6,-1.9,-11.7,,,,,,,,,,,,,,
135,추풍령,1992-01-01,2,-.9,430,7.2,1442,,,,,,,9.9,290,2145,7.3,290,2150,1.2,1011,250,-4.3,24,1600,67,4.5,992.6,1024.8,0,1020.8,1450,1023.2,9.7,.8,1300,1.5,6.93,,,,,,5.8,4.4,2.3,-5.1,,,,,,,,,,,,,,
135,추풍령,1992-01-02,1,-3.5,820,5.2,1450,,,,,,,17.4,250,1255,15.2,250,1200,4.5,3922,250,-3.9,43,1210,69,4.6,993.8,1026.9,2400,1022.5,1530,1024.5,9.7,5.4,1200,1.84,9.24,,,,,,3.5,3.9,1,-8.2,,,,,,,,,,,,,{폭풍}1140-1320.,
135,추풍령,1992-01-03,-.2,-3.7,815,3.4,1502,,,,,,,18.5,250,1342,16,250,1340,6.1,5236,250,-7.6,38,1500,58.3,3.5,997.2,1029.3,2305,1026.4,1755,1028.2,9.7,7.9,1200,1.94,11.6,,,,,,1.3,1.1,.4,-8.3,,,,,,,,,,,,,{폭풍}1320-1350.,
135,추풍령,1992-01-04,-1.1,-4,702,2.8,1522,,,,,,,13.2,250,1545,12.3,250,1550,6.9,5992,250,-6.6,35,1535,68.8,3.8,998.5,1031.3,945,1027.5,1500,1029.7,9.7,7.8,1200,2,12.03,,,,,,.8,.4,-.5,-8.7,,,,,,,,,,,,,,
135,추풍령,1992-01-05,-.3,-5.2,540,3.4,1450,,,,,,,17.1,270,1028,12,270,1030,3.5,3008,270,-5.4,46,1530,70,4.1,996.6,1030.6,0,1024.6,1455,1027.7,9.7,0,1110,1.04,5.22,,,,,,7.5,6.8,-.6,-9.2,,,,,,,,,,,,,,
135,추풍령,1992-01-06,2.9,-.2,225,6.5,1430,8.4,,,,,2.9,6.5,110,1252,4.5,110,1240,1.5,1331,110,1.2,65,5,88,6.7,992.2,1025.7,0,1020.4,1430,1022.7,9.8,.9,1200,1.2,4.83,.2,500,.2,500,.2,9.5,5.8,3.2,-.8,,,,,,,,,,,,,{눈}0225-{눈}{강도0}0300-{진눈깨비}0506-{비}0515-{비}{강도0}0600-{비}{강도0}0900-1049. {박무}2210-{박무}{강도0}2400-,
135,추풍령,1992-01-07,2.5,.2,2300,4.8,500,10.08,,,,,1.7,19.2,270,545,16.3,270,550,7.4,6362,270,-1.5,53,1552,75.3,5.6,993.4,1029.5,2400,1019.8,140,1024,9.8,.9,1100,.58,3.87,,,,,,7.3,3.8,2.6,-4.6,,,,,,,,,,,,,{비}0215-{비}{강도0}0300-{비}{강도0}0600-{비}{강도0}0900-1150.  {비}1315-1345. -{박무}-{박무}{강도0}0300-{박무}{강도0}0600-{박무}{강도0}0900-1040.  {폭풍}0520-0550.  {폭풍}1330-1410.,
135,추풍령,1992-01-08,.9,-2.5,830,4.8,1536,,,,,,,15.1,270,128,11.3,270,10,4.9,4236,270,-4.1,47,1418,70.3,4.5,996.4,1030.5,308,1023.1,2400,1027.3,9.8,3.7,1200,1.41,7.8,,,,,,5,4.8,1.6,-6.2,,,,,,,,,,,,,{박무}0620-{박무}{강도0}0900-{박무}{강도0}1200-{박무}{강도0}1500-{박무}{강도0}1800-{박무}{강도0}2100-{박무}{강도0}2400-,
135,추풍령,1992-01-09,.9,-.6,858,3.7,1405,1.08,,,,,0,18.2,250,930,16,250,950,7.7,6630,250,-3.9,42,1340,72.3,4.6,991.4,1024.7,2400,1020.2,1600,1022.2,9.8,4.6,1300,1.7,8.21,,,,,,7.3,3.9,1.2,-3.1,,,,,,,,,,,,,{눈}2140-2245.  -{박무}-{박무}{강도0}0300-{박무}{강도0}0600-{박무}{강도0}0900-{박무}{강도0}1200-{박무}{강도0}1500-1625.  {폭풍}0920-0950.,
135,추풍령,1992-01-10,-.3,-5,715,4.5,1522,1.08,,,,,2,14.3,250,1304,12,250,1310,5.2,4496,250,-5.4,40,1510,71.8,4.1,998.9,1032.6,1110,1024.7,0,1030,9.8,8.1,1230,2.01,12.08,3.2,330,3.2,330,3.2,2.5,.6,1.6,-7.9,,,,,,,,,,,,,{눈}0225-{눈}{강도0}0300-0330.  {박무}0820-{박무}{강도0}0900-1120.,
135,추풍령,1992-01-11,.9,-3.8,803,5.4,1530,,,,,,,15.2,250,1350,13,250,1400,4.9,4219,250,-11.3,16,1600,48,2.9,997.5,1031.5,0,1025.2,2400,1028.5,9.8,8.4,1145,1.71,10.05,,,,,,3.3,1.6,.6,-9.7,,,,,,,,,,,,,,
135,추풍령,1992-01-12,.8,-3.6,827,5,1540,,,,,,,13.9,290,457,12.3,290,500,4.5,3846,290,-4.1,35,0,69.8,4.6,993.5,1026.6,956,1022,2400,1024.4,9.9,2.8,1230,1.16,6.67,,,,,,3.3,1.4,.7,-8.9,,,,,,,,,,,,,,
135,추풍령,1992-01-13,1.5,-.5,2400,3.7,1250,.67,,,,,.3,15,290,2152,12.3,290,2200,4.4,3786,270,-1.2,64,1723,82,5.6,988.4,1022,0,1015.8,1500,1018.9,9.9,0,1200,.88,3.05,,,,,,8,5.8,1,-3.3,,,,,,,,,,,,,{비}1415-1440.  {눈}1525-1540.  {박무}1525-1620.,
135,추풍령,1992-01-14,-.7,-4.6,2400,3.8,1454,1.17,,,,,.6,11.5,290,252,7.7,290,220,2.6,2212,270,-5,39,1518,75.3,4.3,994.5,1028.5,2310,1020.7,0,1025.6,9.9,5.7,1230,2.1,9.64,1.8,320,1.8,320,1.8,4.3,1.9,1.5,-11.1,,,,,,,,,,,,,{눈}0210-{눈}{강도0}0300-0320.  {박무}0630-{박무}{강도0}0900-1030.,
135,추풍령,1992-01-15,-2.2,-8,800,4.3,1450,,,,,,,15,230,1155,12.7,230,1140,3.3,2853,250,-7.5,38,1352,70.3,3.5,995.1,1028.7,200,1023.3,1500,1026.4,9.9,8.4,1200,2,11.95,,,,,,1,.9,-.3,-12.7,,,,,,,,,,,,,,
135,추풍령,1992-01-16,.2,-1.6,230,4.9,1335,3.07,,,,,2,16.9,270,2207,15.7,270,2210,5.1,4384,290,-4.4,47,1206,71.5,4.5,988.6,1024,0,1015.6,1530,1019.4,9.9,3.3,1000,1.39,6.48,1.6,1710,1.6,1710,1.6,9.3,6.3,.3,-5.2,,,,,,,,,,,,,{눈}1320-1344.  {눈}1440-{눈}{강도0}1500-1720.  {박무}1310-{박무}{강도0}1500-1730.  {폭풍}2140-2220.,
135,추풍령,1992-01-17,-2.9,-5.4,2400,-.9,0,4.83,,,,,.1,20.5,340,2215,17.7,340,2210,9.1,7829,290,-9.4,40,1602,59.8,3.1,989.6,1023.8,2400,1018.1,0,1020.7,10,5.9,1400,1.26,8.54,.4,530,1.9,530,.4,7.3,5.1,-.1,-7.4,,,,,,,,,,,,,{눈}0215-{눈}{강도0}0300-0535.  {눈}1210-1340.,
135,추풍령,1992-01-18,-4.3,-6.6,130,-.8,1350,,,,,,,21.2,290,1740,18.7,290,1420,13.2,11376,290,-16.1,16,1532,43.3,1.8,994.2,1027.1,2220,1023.7,500,1025.6,10,8.1,1200,2.11,12.85,,,.8,0,,3.3,1.3,-1.6,-8.9,,,,,,,,,,,,,{폭풍}1040-2330.,
135,추풍령,1992-01-19,-3.7,-7,740,1.3,1620,,,,,,,19.2,270,15,15.7,270,10,6.8,5896,360,-18,20,1600,35.3,1.5,998.8,1032.4,2300,1027,0,1030.3,10,8.7,1200,2.03,12.47,,,,,,0,0,-2.6,-12.3,,,,,,,,,,,,,{폭풍}0010-0050.,
135,추풍령,1992-01-20,-3.1,-11.1,820,4.8,1456,,,,,,,13,270,1330,12.3,270,1440,2.9,2534,290,-14.2,16,1540,50.3,2.1,1000,1033.7,910,1029.1,1450,1031.4,10,8.6,1230,2.12,12.73,,,,,,1.8,0,-1.4,-15.7,,,,,,,,,,,,,,
135,추풍령,1992-01-21,-.6,-5.5,510,4.5,1508,,,,,,,15.2,270,1345,13.3,270,1340,4.3,3729,290,-9.9,24,1200,51.5,2.9,995.1,1029.7,0,1022.4,2400,1026.2,10.1,7.7,1200,1.96,11.69,,,,,,7.5,1.4,-.1,-10.2,,,,,,,,,,,,,{달무리}0119-0450.,
135,추풍령,1992-01-22,1,-2.4,2400,3.1,1504,.5,,,,,0,15.2,270,1431,9,270,1410,2.6,2246,290,-6.5,27,1710,59.8,4,990.8,1022.4,0,1020.3,1423,1021.2,10.1,5.4,1300,1.76,8.46,,,,,,6,3.8,.7,-5.9,,,,,,,,,,,,,{눈}0910-0940.,
135,추풍령,1992-01-23,-1.5,-4.5,743,1.2,1450,,,,,,,18,250,1245,14.7,250,1230,6.5,5654,250,-9,33,1250,57,3.1,991.2,1023.2,1100,1021,1400,1022.3,10.1,7.7,1210,2.25,11.92,,,,,,5,4.1,-.6,-7.7,,,,,,,,,,,,,,
135,추풍령,1992-01-24,-.2,-2.7,2300,4.4,1510,,,,,,,13.7,250,515,13.3,250,540,4.3,3732,270,-6.5,39,1618,64,3.8,991.4,1024.1,1050,1020.8,1510,1022.3,10.1,7.1,1200,1.94,11.48,,,,,,6,4,.3,-8.8,,,,,,,,,,,,,,
135,추풍령,1992-01-25,1.3,-3,10,7.8,1512,.28,,,,,0,13,200,1447,11.3,200,1440,1.6,1396,200,-3.1,40,1520,75.5,4.9,991.1,1024.2,2203,1020.6,455,1021.7,10.2,2.4,1130,1.44,6.82,,,,,,6,4.4,1.6,-7.7,,,,,,,,,,,,,{소낙눈}0735-0752. {박무}1130-{박무}{강도0}1200-1220.,
135,추풍령,1992-01-26,-.5,-4.9,752,5,1520,,,,,,,14,270,1310,13.5,270,1220,6.3,5410,270,-9.2,16,1715,59.8,3.2,990.8,1024,0,1019.5,1500,1021.7,10.2,8.6,1200,2.2,13.67,,,,,,0,0,.6,-10.4,,,,,,,,,,,,,{박무}0040-{박무}{강도0}0300-{박무}{강도0}0600-{박무}{강도0}0900-0930.,
135,추풍령,1992-01-27,3.3,.2,0,8,1547,,,,,,,16.5,270,1225,14.3,270,1220,9.3,8030,270,-7.6,14,1432,51.3,3.8,991,1024.2,2400,1019.5,1453,1021.4,10.2,7.7,1200,2.18,12.66,,,,,,1,1.3,2.6,-3.7,,,,,,,,,,,,,,
135,추풍령,1992-01-28,2.2,-7,750,9.9,2310,1.3,,,,,.3,17.5,270,2150,15.8,270,2220,2.5,2186,180,-5.8,23,1400,60.5,4.4,990.5,1024.2,0,1017.1,2110,1021.2,10.2,4.6,1200,1.57,7.96,,,,,,4,3.4,2.2,-13.3,,,,,,,,,,,,,{비}1522-1640.,
135,추풍령,1992-01-29,5.7,1,2353,9.8,0,,,,,,,17,270,220,15,270,230,6,5161,270,-4.4,15,1612,55.5,5.2,990.4,1022.5,1030,1018.4,0,1020.6,10.3,.8,1200,1.39,5,,,,,,10,5.8,4.4,-3.3,,,,,,,,,,,,,{박무}0130-{박무}{강도0}0300-{박무}{강도0}0600-{박무}{강도0}0900-1120.,
135,추풍령,1992-01-30,.8,-2,710,3.6,1427,,,,,,,16.2,270,1605,15.3,270,1500,5.4,4694,270,-5.7,35,1850,64,4.1,988.9,1021.3,0,1018.6,1335,1019.6,10.3,1.4,1300,1.27,7.6,,,,,,5.8,4.8,.6,-5.5,,,,,,,,,,,,,{박무}0620-{박무}{강도0}0900-{박무}{강도0}1200-1320.,
135,추풍령,1992-01-31,-2.1,-2.8,750,-1.3,0,13.33,,,,,7.7,15,270,530,13.3,270,550,7.3,6302,270,-5.3,57,0,79.8,4.2,985.2,1019.1,0,1014,1700,1016.2,10.3,0,1200,.41,2.77,13.5,2400,13.5,2400,13.5,7.5,5.9,-1.2,-6.4,,,,,,,,,,,,,{눈}1040-{눈}{강도0}1200-{눈}{강도0}1500-{눈}{강도0}1800-{눈}{강도1}2100-{눈}{강도0}2400-,
135,추풍령,1992-02-01,-2.4,-6.9,2330,2.1,1508,.58,,,,,0,13.2,270,1327,12.7,270,1330,4.6,3969,270,-6.8,35,1630,74,3.7,993.1,1029.2,2400,1016.6,0,1024.4,10.4,8.3,1200,2.31,14.92,.2,35,13.7,35,.2,4.8,2.5,-.5,-10.3,,,,,,,,,,,,,{눈}1925-{눈}{강도0}2100-{눈}{강도0}2400-,
135,추풍령,1992-02-02,-4,-11,800,1.9,1400,4.58,,,,,1.2,12,230,1129,10,230,1150,1.7,1430,230,-7.1,53,1400,80.8,3.7,995.7,1030,1000,1022.6,2400,1027.1,10.4,4.6,1110,2.27,9.58,2.1,2400,4.5,0,2.1,5,3.8,-1.2,-12,,,,,,,,,,,,,-{눈}-0035.,
135,추풍령,1992-02-03,-.2,-2.1,610,1.1,1400,16.5,,,,,8.8,14.8,270,2231,13.7,270,2200,3.3,2848,250,-1.5,68,2350,90.8,5.5,985,1022.6,0,1011.7,1500,1015.7,10.4,0,1300,.43,2.73,6,907,9.7,907,6.3,10,7.1,.3,-3.4,,,,,,,,,,,,,-{눈}-{눈}{강도0}0300-{눈}{강도0}0600-{눈}{강도0}0900-{진눈깨비}0912-{비}1130-{비}{강도0}1200-{진눈깨비}1320-{눈}1431-{눈}{강도0}1500-1630.,
135,추풍령,1992-02-04,-1.2,-4.3,2400,1.6,1600,,,,,,,15.8,250,1338,13.3,250,1610,3.3,2830,250,-8.4,35,1600,58.8,3.3,987.8,1021.9,2400,1015.5,0,1018.7,10.5,7.6,1200,2.36,13.98,,,8.1,0,,1.5,1.4,-.1,-9.1,,,,,,,,,,,,,,
135,추풍령,1992-02-05,-3,-8.8,755,3.3,1610,,,,,,,13.2,110,1053,12,110,1140,5.2,4450,250,-11.8,18,1740,55.8,2.6,991.5,1024.7,2400,1021.2,1600,1022.7,10.5,8.7,1230,2.5,14.95,,,6.9,0,,0,.4,-.6,-13.5,,,,,,,,,,,,,,
135,추풍령,1992-02-06,-2,-7.2,745,4,1620,1.92,,,,,1.3,17.5,250,1745,15.3,250,1700,6.7,5825,250,-9.5,25,1600,62,3.1,991.8,1024.9,2300,1020.3,1700,1023,10.5,7.1,1300,2.18,11.83,2.5,2120,8.5,2120,2.5,6.5,2,-.4,-10.7,,,,,,,,,,,,,{눈}1925-{눈}{강도0}2100-2120.,
135,추풍령,1992-02-07,-2.5,-5.1,740,1,1614,,,,,,,18,230,1502,16.7,230,1420,8,6944,230,-12.5,24,1413,47.8,2.4,993.7,1026.7,1124,1023.8,1630,1024.9,10.6,8.6,1200,2.38,15.18,,,8.5,0,,3.5,3.4,-.3,-7.7,,,,,,,,,,,,,,
135,추풍령,1992-02-08,-3.7,-6.8,653,.2,1548,,,,,,,19.9,230,1215,16.7,230,1220,10.4,9020,230,-15.7,21,1650,39.5,1.9,994.5,1027.3,900,1024.2,1427,1025.9,10.6,9.3,1200,2.39,15.53,,,6.3,0,,0,0,-.8,-11.6,,,,,,,,,,,,,{폭풍}1140-1430.,
135,추풍령,1992-02-09,-1.3,-7.8,158,3.4,1610,,,,,,,19,230,852,16.7,230,840,9,7776,230,-10.1,28,1600,52,2.9,992.9,1026.3,830,1021.2,1700,1024,10.6,9.1,1200,2.42,15.63,,,5.1,0,,.8,1,-1.1,-15,,,,,,,,,,,,,{폭풍}0740-0920.,
135,추풍령,1992-02-10,.3,-2.8,2400,4.8,1415,,,,,,,16.2,230,1313,15.5,250,1530,6.8,5890,250,-11.1,26,1720,42.8,2.7,991.2,1024.7,2400,1019.6,1430,1022.1,10.7,7.1,1200,2.2,12.61,,,4.1,0,,3.3,1.8,-.3,-6,,,,,,,,,,,,,,
135,추풍령,1992-02-11,-1.9,-9.9,750,7.6,1557,,,,,,,11.5,250,2215,9.3,250,2230,2.6,2220,250,-13.3,16,1620,47.3,2.2,990.9,1025.3,810,1018.7,1630,1021.9,10.7,8.8,1230,2.44,15.16,,,3,0,,1,0,-.5,-14.5,,,,,,,,,,,,,,
135,추풍령,1992-02-12,1,-5.2,658,6.2,1500,.42,,,,,0,15,250,1633,13,250,1630,7.3,6290,250,-9.1,16,1230,48.3,3.2,987.1,1020.6,200,1015.3,1523,1017.7,10.7,6.7,1230,2.02,10.97,,,.6,0,,6,2.6,.4,-12,,,,,,,,,,,,,{비}1920-1945.,
135,추풍령,1992-02-13,.6,-2.8,2400,2.9,1504,4.33,,,,,1.5,18.2,250,1931,15.8,250,1930,7.5,6455,250,-8.2,28,1627,56.8,3.7,986.5,1020.7,2400,1015.6,540,1017.1,10.8,4.9,1200,2.35,12.96,.3,635,.3,635,.3,6,4.5,1.5,-6.4,,,,,,,,,,,,,{비}0215-{비}{강도0}0300-{진눈깨비}0320-{눈}0415-{눈}{강도0}0600-0635.,
135,추풍령,1992-02-14,-.5,-6.8,742,5,1453,,,,,,,17.5,250,1905,15,250,1930,5.8,5047,250,-10.3,28,1620,49,2.8,989,1021.5,1100,1018.2,2350,1019.8,10.8,8.4,1215,2.35,14.46,,,,,,1.3,1.9,1.5,-12.7,,,,,,,,,,,,,,
135,추풍령,1992-02-15,.9,-4.4,610,6.5,1600,1.7,,,,,.5,17.5,270,2139,15,270,2050,4.3,3720,270,-5.1,23,2400,66.5,4.4,982.6,1018.3,0,1008.8,1800,1013.2,10.8,2.8,1500,1.13,5.82,,,,,,5.3,2.6,.7,-8.3,,,,,,,,,,,,,{비}1103-{비}{강도0}1200-1245.,
135,추풍령,1992-02-16,-2.6,-5.4,820,1,1600,,,,,,,18.8,290,725,15.3,290,720,7.9,6798,230,-20,9,1700,26,1.3,987.7,1022.9,2400,1012.4,0,1018.8,10.9,9.2,1200,2.42,16.6,,,,,,1.5,.8,-.9,-12,,,,,,,,,,,,,,
135,추풍령,1992-02-17,-2.8,-8.2,730,3.4,1535,,,,,,,14.2,230,1544,12,230,1540,4.2,3624,230,-14.1,18,1440,45,2.1,990,1023.3,253,1018.7,1540,1021.2,10.9,8.6,1400,2.24,14.5,,,,,,.5,1.3,-.2,-13.1,,,,,,,,,,,,,,
135,추풍령,1992-02-18,-1.1,-7,810,5.7,1300,.58,,,,,0,15,250,2145,14.3,250,2200,5.4,4626,230,-6.4,36,2210,66,3.9,989.7,1023,2400,1017.7,1400,1020.6,10.9,4.1,1100,1.92,9.16,,,,,,2.5,1.6,-.7,-11.9,,,,,,,,,,,,,{비}1345-1420.,
135,추풍령,1992-02-19,-3,-6.7,2350,2.1,1546,,,,,,,18.5,200,1342,16.7,200,1230,9.1,7836,230,-14.5,16,1656,40.3,2,992.2,1025.2,950,1020.6,1540,1023.5,11,8.9,1200,2.48,16.62,,,,,,0,0,-1,-11.8,,,,,,,,,,,,,{폭풍}1210-1520.,
135,추풍령,1992-02-20,-3.2,-8.2,422,2.2,1548,,,,,,,15.3,250,1142,13.7,250,1150,5.8,5047,250,-15.9,17,1650,41,1.9,992.3,1024.8,850,1021,1530,1023.6,11,9.3,1200,2.59,17.43,,,,,,0,0,-1.1,-13.4,,,,,,,,,,,,,,
135,추풍령,1992-02-21,-2,-5.4,35,1.6,1548,.32,,,,,0,16.3,270,912,13.8,270,920,5.3,4546,250,-10.1,27,1800,54.8,2.9,993.2,1025.6,2200,1023,1500,1024.3,11.1,9.1,1200,1.87,11.73,,,,,,4.3,3.5,-.2,-12.1,,,,,,,,,,,,,{눈}0826-0845.,
135,추풍령,1992-02-22,.1,-3.2,750,5.5,1526,,,,,,,12.7,250,1228,10,250,1230,3.3,2842,250,-8.5,26,1520,55.3,3.3,994.5,1026.6,900,1023.7,1720,1025.4,11.1,9.1,1200,2.48,15.73,,,,,,4,3.6,1.5,-6.7,,,,,,,,,,,,,,
135,추풍령,1992-02-23,1.3,-4.2,420,7.4,1428,1.3,,,,,.1,13,290,2340,11,290,2400,3.2,2790,290,-8.3,17,1450,58.3,3.7,989.3,1025.5,0,1016.9,1520,1019.9,11.1,5.3,1200,2.28,12.54,.4,851,.4,851,.4,6,2.3,1.3,-9.1,,,,,,,,,,,,,{눈}0733-0851.,
135,추풍령,1992-02-24,.5,-2.8,730,4.1,1455,,,,,,,19,270,1559,13.8,270,1700,8.3,7174,270,-9.3,28,1400,49,3.1,987.7,1020,800,1017,1600,1018.4,11.2,7.6,1200,2.47,14.26,,,,,,1.5,2.6,1.1,-5.6,,,,,,,,,,,,,,
135,추풍령,1992-02-25,3.3,-.6,702,9.3,1440,,,,,,,14.5,250,1330,12,250,1350,6.3,5467,290,-8.6,15,1630,48.8,3.5,991.2,1024.4,2242,1019.4,0,1021.7,11.2,7.9,1210,2.51,16.23,,,,,,3,2.1,3.6,-8.9,,,,,,,,,,,,,,
135,추풍령,1992-02-26,3.3,-4.8,800,14.7,1550,,,,,,,12.9,70,1444,8.3,70,1330,2,1704,270,-10.9,6,1530,44.5,2.8,990.5,1024.3,100,1016.5,1640,1021,11.2,9.4,1230,2.55,17.36,,,,,,0,0,5.3,-11.1,,,,,,,,,,,,,,
135,추풍령,1992-02-27,6.9,-1.4,808,19.9,1453,,,,,,,8,230,1350,4.7,200,1630,1.1,958,340,-3.2,15,1600,58,4.9,988.2,1020,0,1015.8,1548,1018.2,11.3,9.3,1100,2.26,15.89,,,,,,1,0,6.9,-7.9,,,,,,,,,,,,,,
135,추풍령,1992-02-28,8.9,2.6,350,14.8,1250,7.28,,,,,1.6,5,200,1138,2.3,200,1140,.6,537,140,6.2,54,1245,83.5,9.7,988,1018.9,930,1016,1658,1017.7,11.3,0,1030,1.11,5.82,,,,,,7.5,5.3,8,-2.8,,,,,,,,,,,,,{비}1438-{비}{강도0}1500-{비}{강도0}1800-{비}{강도0}2100-2155.  {박무}1545-{박무}{강도0}1800-{박무}{강도0}2100-{낮은안개}2110-{낮은안개}{강도0}2400-,2.83
135,추풍령,1992-02-29,13.2,9.8,725,19.7,1620,,,,,,,7.7,270,1245,5.3,270,1340,1.3,1120,140,10.2,57,1600,83.8,12.5,983.9,1016.7,0,1010.8,1450,1013,11.4,1.5,1515,1.09,6.71,,,,,,5.8,5.4,11.7,5.1,,,,,,,,,,,,,-{낮은안개}-{낮은안개}{강도0}0300-{박무}0340-{박무}{강도0}0600-{박무}{강도0}0900-1120.,3.67
135,추풍령,1992-03-01,9.8,4.2,2400,14.7,330,3.8,,,,,1.4,11,270,1055,6.3,270,1000,3.5,3000,270,8,80,400,88.8,11,987.1,1022,2230,1011.9,430,1016.7,11.4,0,930,.42,2.02,,,,,,10,5.4,9.5,3.2,,,,,,,,,,,,,{비}1055-{비}{강도0}1200-1443.  {박무}0530-{박무}{강도0}0600-{박무}{강도0}0900-{박무}{강도0}1200-{박무}{강도0}1500-{박무}{강도0}1800-{박무}{강도0}2100-2220.,
135,추풍령,1992-03-02,3.7,2.6,2400,4.4,1630,3.2,,,,,.1,9,270,1146,6,270,1140,3.2,2787,290,0,65,1650,76.5,6.2,992.4,1024.7,2400,1021.3,450,1022.9,11.4,0,1230,.3,2.11,,,,,,10,5.8,5.1,-.8,,,,,,,,,,,,,{비}1030-{비}{강도0}1200-1342.,
135,추풍령,1992-03-03,3.7,-.6,712,9,1450,,,,,,,9.1,180,1240,5,270,1220,2.5,2118,160,-3.9,32,1512,60,4.7,995.4,1029.2,2200,1024.3,306,1026,11.5,2.9,1400,1.63,10.66,,,,,,3.3,3.5,5.1,-6.1,,,,,,,,,,,,,,
135,추풍령,1992-03-04,3.6,-.6,350,9.2,1503,1.42,,,,,.5,10,50,1840,5.7,50,1840,3.4,2903,50,-4.3,33,1510,58.5,4.4,994.6,1028.9,140,1021.5,1600,1025.1,11.5,2.5,1300,1.58,10.05,,,,,,6.8,5.1,5.8,-5.7,,,,,,,,,,,,,{비}2235-{진눈깨비}2320-{진눈깨비}{강도0}2400-  {햇무리}1340-1620.,
135,추풍령,1992-03-05,1.3,.6,600,2.4,1542,23.2,,,,,14.3,8.8,50,1435,4.7,50,1510,1.6,1347,50,.3,89,2400,91.5,6.2,986.2,1022,0,1014.7,1650,1016.8,11.5,0,1430,.6,3.47,.5,610,.5,610,.6,10,5.4,3.2,0,,,,,,,,,,,,,-{진눈깨비}-{눈}0030-{눈}{강도0}0300-{눈}{강도0}0600-{진눈깨비}0812-{비}0830-{비}{강도0}0900-{비}{강도0}1200-{진눈깨비}1235-{진눈깨비}{강도0}1500-{진눈깨비}{강도0}1800-{진눈깨비}{강도0}2100-2312.,
135,추풍령,1992-03-06,1,-2.4,2400,5,1202,3.43,,,,,0,7.2,140,1545,5,180,1510,1.5,1277,250,-1.5,52,1302,84.5,5.5,990.3,1026,2400,1017.5,0,1021,11.6,1.6,1115,2.23,9.29,,,,,,7.5,3.6,3.9,-8.1,,,,,,,,,,,,,{눈}0814-{눈}{강도0}0900-0935.  {눈}1415-{눈}{강도0}1500-1620.,
135,추풍령,1992-03-07,1.2,-5.2,430,9.2,1625,,,,,,,9.8,290,1520,5.3,140,1430,2.3,1998,270,-7.6,19,1440,59.8,3.6,995,1028,900,1023.2,1620,1025.9,11.6,9.7,1200,2.66,18.86,,,,,,0,0,4.2,-10.5,,,,,,,,,,,,,,
135,추풍령,1992-03-08,3.8,-2.2,750,12.9,1556,,,,,,,8,250,1015,6,250,1010,1.4,1216,250,-5.7,10,1620,58.3,4.2,993.6,1026.7,300,1020.4,1710,1024,11.7,9.7,1200,2.68,18.87,,,,,,1.3,1.4,5.9,-7.8,,,,,,,,,,,,,,
135,추풍령,1992-03-09,4.8,-3.2,730,13.5,1529,,,,,,,9.5,270,1327,6.3,270,1420,2.3,1982,270,-6.9,11,1550,54.8,4,990.1,1023.4,0,1016.9,1536,1020.4,11.7,9.7,1200,2.71,18.78,,,,,,2,0,5.8,-8.6,,,,,,,,,,,,,,
135,추풍령,1992-03-10,5.2,.9,620,11.3,1440,,,,,,,10.4,270,1032,8,270,1000,3.8,3258,270,-2.3,39,1320,59.5,5.2,990.2,1022.4,2400,1017.7,1500,1020.3,11.7,6.1,1300,2.26,13.66,,,,,,3.5,1,5.6,-5.6,,,,,,,,,,,,,,
135,추풍령,1992-03-11,6.5,-2.2,730,16.7,1611,,,,,,,9,250,1516,5,200,1540,1.6,1402,270,-7.4,11,1540,45.5,3.7,992.5,1024.8,856,1019.6,1605,1022.6,11.8,7.9,,,,,,,,,1.3,.9,7.3,-8.9,,,,,,,,,,,,,,
135,추풍령,1992-03-12,6.9,.1,740,15.2,1530,,,,,,,12.3,270,1145,6.7,270,1140,2.2,1864,360,-2,19,1200,56,5.3,992.2,1024.7,2400,1019.5,1540,1022.3,11.8,8.6,1300,2.63,18.21,,,,,,.8,1.4,9.3,-4.9,,,,,,,,,,,,,,
135,추풍령,1992-03-13,6.8,-2,510,17.2,1527,,,,,,,10.5,250,1210,7.3,250,1220,2.1,1800,140,-4,12,1300,57.8,4.7,992.7,1024.8,700,1019.6,1600,1022.8,11.9,9.8,1100,2.75,19.61,,,,,,1,0,9.3,-5.9,,,,,,,,,,,,,{박무}0620-{박무}{강도0}0900-1120.,
135,추풍령,1992-03-14,8.9,-.4,645,20,1441,,,,,,,8.2,270,1745,5.5,270,1800,1.7,1456,270,1.1,27,1410,65.3,6.6,988.5,1022.6,0,1013.6,1650,1018.2,11.9,3,1100,2.35,12.76,,,,,,7.5,4.3,10,-4.1,,,,,,,,,,,,,,
135,추풍령,1992-03-15,12.4,8.1,2400,19.7,1330,,,,,,,10,250,1940,6.3,250,1940,2.2,1914,250,5.3,39,1350,63.8,9,983.9,1015.9,0,1009.9,1452,1013.2,11.9,4.9,1230,2.53,13.55,,,,,,8.8,7.8,13.5,4.4,,,,,,,,,,,,,,
135,추풍령,1992-03-16,4.9,1,2400,8.4,10,5.38,,,,,.4,9.8,140,1625,5.3,140,1610,3,2621,140,3.2,80,1840,88.8,7.8,990.3,1026.6,2400,1015.1,0,1020.5,12,0,1000,.36,2.19,.1,2400,.1,2400,.1,10,5.1,6.9,-.2,,,,,,,,,,,,,{비}0720-{비}{강도0}0900-1155.  {눈}2312-{눈}{강도0}2400-,
135,추풍령,1992-03-17,2.3,-.3,520,6.9,1457,7.37,,,,,3.9,9.3,140,1559,4.7,140,1600,3,2588,140,-.1,65,1600,85.8,6.1,994.2,1026.6,0,1021.3,1608,1024.8,12,.5,1000,1.21,6.47,.7,320,.7,320,1.2,9.8,6.4,5.1,-1.1,,,,,,,,,,,,,-{눈}-{눈}{강도0}0300-0345.  {비}1723-{비}{강도0}1800-{진눈깨비}2025-{진눈깨비}{강도0}2100-{진눈깨비}{강도0}2400-,
135,추풍령,1992-03-18,3.2,-.4,530,7.1,1420,11.75,,,,,5.7,7.1,140,130,3.7,140,150,1.3,1122,110,2.1,90,2000,92.8,7.2,990.3,1025.7,1800,1019,600,1020.7,12.1,0,1200,1.63,6.28,4.1,810,4.5,810,5.2,9.8,6.9,4.9,-1.3,,,,,,,,,,,,,-{진눈깨비}-{눈}0220-{눈}{강도0}0300-{눈}{강도0}0600-{진눈깨비}0820-{진눈깨비}{강도0}0900-{비}0940-1145.,
135,추풍령,1992-03-19,6.1,2.6,150,11.4,1542,1.25,,,,,.1,10,290,1501,7.3,290,1450,2.4,2108,290,.5,36,1928,70,6.5,995.3,1028,2400,1023.8,1510,1025.6,12.1,3.1,1245,2.32,11.3,,,,,,9.8,6.5,7.6,.8,,,,,,,,,,,,,{비}0810-{비}{강도0}0900-0925.,
135,추풍령,1992-03-20,4.9,-1.2,700,9.2,1332,4.75,,,,,9.2,9,290,30,6.3,290,30,2.5,2130,230,-.1,44,45,72,6.3,994.2,1028,0,1019.9,2400,1024.6,12.1,.8,1300,1.17,7.08,,,,,,7.5,5.4,5.8,-4.6,,,,,,,,,,,,,{비}1915-{비}{강도0}2100-{비}{강도0}2400-,
135,추풍령,1992-03-21,5.7,1.2,2351,10.8,1503,8.33,,,,,6.6,10.5,290,1708,7.3,290,1710,3.9,3374,290,4.4,90,1300,90.8,8.5,991.8,1028.4,2330,1018.6,230,1022,12.2,4.5,1300,2.13,11.77,,,,,,6.5,4.3,7.7,-3.9,,,,,,,,,,,,,-{비}-{비}{강도0}0300-{비}{강도0}0600-0820.,
135,추풍령,1992-03-22,5.8,-2.8,710,14.1,1540,,,,,,,6,200,2310,3.3,200,2340,1.8,1536,200,.8,43,1550,73.5,6.5,997.7,1031.6,903,1024.3,2400,1028,12.2,8.5,,,,,,,,,3.3,5.3,8.3,-5.7,,,,,,,,,,,,,,
135,추풍령,1992-03-23,4,.9,840,8,3,10.17,,,,,21.3,8.2,250,520,4.7,250,510,2.4,2106,230,2.8,90,800,92,7.6,990.3,1024.7,132,1018.4,1603,1020.7,12.2,0,1345,.66,2.83,,,,,,10,5.8,6.5,.4,,,,,,,,,,,,,{비}0410-{비}{강도0}0600-{진눈깨비}0720-{눈}0740-{진눈깨비}0830-{진눈깨비}{강도0}0900-{진눈깨비}{강도0}1200-{비}1315-1420.,
135,추풍령,1992-03-24,6,4.2,530,8,1416,2,,,,,.2,7,290,2350,4.3,290,2340,1.3,1110,200,4.6,90,1400,90.8,8.5,987.9,1019.6,130,1016.3,1440,1018,12.3,0,1200,.52,2.9,,,,,,10,5.3,7.1,3.2,,,,,,,,,,,,,{박무}0440-{박무}{강도0}0600-{박무}{강도0}0900-1040.  {비}1620-{비}{강도0}1800-1820.,
135,추풍령,1992-03-25,8.1,3.5,720,13.9,1612,,,,,,,12,290,305,7,290,340,4.2,3611,290,2.4,39,1537,70.3,7.3,988.6,1021.2,937,1015.9,1600,1018.4,12.3,5.7,1230,2.7,16.57,,,,,,6.5,4.4,10.3,1.2,,,,,,,,,,,,,,
135,추풍령,1992-03-26,10.8,5.2,710,18,1542,,,,,,,8.3,180,2047,5.7,180,2100,2.3,2013,180,5.2,37,1500,72,8.9,990,1021.9,2400,1017.1,1700,1019.6,12.4,7.7,1345,2.6,17.14,,,,,,6.8,3.4,12.4,2.2,,,,,,,,,,,,,,
135,추풍령,1992-03-27,9.9,4.3,610,17.4,1535,,,,,,,9.3,200,1040,5.3,200,1110,2.7,2358,250,5.3,41,1620,75,8.9,992.2,1024.3,2400,1019.3,1530,1021.9,12.4,8,1300,2.51,16,,,,,,4,2.8,12.6,2,,,,,,,,,,,,,,
135,추풍령,1992-03-28,8.9,4,630,14.7,1507,,,,,,,10,180,1031,6.7,180,1050,3,2634,180,5.5,52,1720,81,9.1,991,1024.3,0,1017.7,1600,1020.8,12.4,3.3,1100,1.84,11.13,,,,,,5,5.9,10.4,1.8,,,,,,,,,,,,,,
135,추풍령,1992-03-29,11.8,5.7,710,18.4,1500,,,,,,,14,340,1913,9.3,340,1940,2.6,2272,320,3.2,31,1410,61.8,8,985.8,1019,0,1011.4,1700,1015.2,12.5,7.9,1300,2.83,20.03,,,,,,4,2.4,14.8,2.5,,,,,,,,,,,,,,
135,추풍령,1992-03-30,11.6,3.7,650,20.3,1640,,,,,,,8,20,950,5,50,840,2.4,2102,20,1.3,21,1650,53.5,6.8,988.3,1020.4,900,1015,1730,1017.8,12.5,10,1200,2.84,20.87,,,,,,0,0,13.8,-1,,,,,,,,,,,,,{박무}0710-{박무}{강도0}0900-0940.,
135,추풍령,1992-03-31,11.8,1.5,633,21.3,1502,1.83,,,,,.1,7.5,50,1610,4.2,50,1620,1.1,989,50,4.3,33,1430,65.5,8.4,987.8,1021.2,310,1013.5,1600,1017.2,12.6,5.6,1245,2.71,17.35,,,,,,6.3,4,14.4,-2.2,,,,,,,,,,,,,{박무}0420-{박무}{강도0}0600-{박무}{강도0}0900-{박무}{강도0}1200-{박무}{강도0}1500-1720.  {비}2210-{비}{강도0}2400-,
135,추풍령,1992-04-01,12,8,630,17.5,1341,5.67,.2,10,1,0,2.7,12,200,1520,9,200,1200,4,3436,200,6.7,40,1630,72.8,9.9,981.9,1014.1,0,1007.5,1600,1011,12.6,5.3,1115,2.95,22.07,,,,,,7.5,4,13.2,5.8,,,,,,,,,,,,,-{비}-{비}{강도0}0300-0540.  {박무}0530-{박무}{강도0}0600-{박무}{강도0}0900-0940.,
135,추풍령,1992-04-02,11.5,7.2,340,18.3,1550,,,,,,,10.7,200,1050,6.3,200,1110,4.2,3616,200,4.2,31,1900,65.8,8.4,985.6,1017.3,2400,1012.5,130,1014.9,12.6,9,1230,2.94,20.97,,,,,,2.5,1.6,14,1.5,,,,,,,,,,,,,{박무}0420-{박무}{강도0}0600-{박무}{강도0}0900-{박무}{강도0}1200-1240.,
135,추풍령,1992-04-03,12.5,2.7,650,20.9,1433,,,,,,,7.4,90,1315,4,90,1300,1.3,1137,140,3.8,27,1350,60.3,8.1,986.6,1018.1,805,1013.6,1710,1015.9,12.7,5.2,1330,2,15.19,,,,,,4,3.5,14.4,-1,,,,,,,,,,,,,{박무}0410-{박무}{강도0}0600-{박무}{강도0}0900-1040.,
135,추풍령,1992-04-04,12.9,7.2,650,19.3,1604,,,,,,,9,230,2250,5.7,230,2230,1.6,1392,230,6.4,34,1620,68.8,9.7,982.4,1014.9,0,1008.3,1730,1011.5,12.7,1.9,1300,1.67,10.71,,,,,,6.3,3.6,13.5,4.8,,,,,,,,,,,,,{박무}0450-{박무}{강도0}0600-{박무}{강도0}0900-1050.,
135,추풍령,1992-04-05,16.1,9,650,23.9,1540,,,,,,,12,230,432,8,230,440,4.7,4038,230,4.4,24,1700,46.8,8.4,984.2,1016.4,2400,1011.3,1500,1013,12.7,10.2,1300,2.88,22.05,,,,,,0,0,17.3,5,,,,,,,,,,,,,,
135,추풍령,1992-04-06,13.3,5.9,630,19.8,1432,,,,,,,9,110,2002,5,110,2100,2.2,1873,140,10.2,61,1400,82.8,12.5,988,1022.1,2400,1015.4,1500,1017.1,12.8,1,1330,1.86,13.79,,,,,,5,5.9,15.4,1.6,,,,,,,,,,,,,{박무}0250-{박무}{강도0}0300-{박무}{강도0}0600-{박무}{강도0}0900-{박무}{강도0}1200-{박무}{강도0}1500-{박무}{강도0}1800-1840.,
135,추풍령,1992-04-07,10.2,6.5,530,14.2,1623,,,,,,,9.8,140,1059,7,140,1110,3.8,3253,110,7.7,66,1600,85.5,10.6,995.1,1026.6,2400,1022.1,0,1024.8,12.8,0,1030,1.45,9.96,,,,,,9.5,5.9,13.7,6.2,,,,,,,,,,,,,,
135,추풍령,1992-04-08,13.1,5.9,640,19.9,1512,4.58,.3,2120,1,2200,2.1,7.6,230,1515,4,230,1550,2.3,1996,230,9,45,1440,79.5,11.6,993.2,1026.6,0,1018.4,1500,1022.5,12.9,2.7,1000,2.3,13.21,,,,,,6.5,4.9,16.1,2.4,,,,,,,,,,,,,{박무}0440-{박무}{강도0}0600-0830.  {비}1925-{비}{강도0}2100-{비}{강도0}2400-,
135,추풍령,1992-04-09,11.3,8.6,2357,13.2,1210,24,1,1930,4.5,1920,40,11,110,1725,7.3,110,1710,2.6,2248,110,9.9,91,0,91.3,12.2,986.1,1021.5,0,1008.4,2400,1015.6,12.9,0,1100,.53,3.34,,,,,,10,6.9,13.3,7.6,,,,,,,,,,,,,-{비}-{비}{강도0}0300-{비}{강도0}0600-{비}{강도0}0900-{비}{강도0}1200-{비}{강도0}1500-{비}{강도0}1800-{비}{강도1}2100-{비} {강도1}2400-,
135,추풍령,1992-04-10,7.6,5.9,2350,9.2,430,21,1.3,0,4.3,0,28,15,110,1105,10.3,110,1120,3.2,2772,140,6.5,90,2300,92.5,9.7,975,1009,2310,1001.7,552,1004.4,12.9,0,1045,.78,4.49,,,,,,10,6.4,10,5.6,,,,,,,,,,,,,-{비}-{비}{강도0}0300-{비}{강도0}0600-{비}{강도0}0900-{비}{강도0}1200-{비}{강도0}1500-1720.  {비}1850-{비}{강도0}2100-2230.,
135,추풍령,1992-04-11,8.5,4,2400,14.8,1520,2.42,1.2,1730,2,1750,3.4,11.5,230,2230,7.3,230,2150,3.1,2650,230,5.3,53,1540,81.8,8.9,978.3,1010,2330,1004.5,1600,1007.8,13,2.3,1300,2.36,12.48,,,,,,7.8,5.9,12.2,1,,,,,,,,,,,,,{비}1655-{비}{강도0}1800-1920.,
135,추풍령,1992-04-12,5.6,1.4,430,9.2,1528,,,,,,,13,230,1045,10.7,230,1030,5.2,4476,230,-3,30,1022,55,5,979.9,1015.3,2400,1006.6,627,1009.7,13,6.9,1000,1.9,15.77,,,,,,2.5,2.3,7.2,-2.4,,,,,,,,,,,,,,
135,추풍령,1992-04-13,7.3,.7,550,13.2,1530,,,,,,,10.2,200,1242,8.7,200,1230,3.5,3060,230,1.6,37,1620,69.8,6.9,985.9,1017.2,2400,1013.8,1558,1015.8,13.1,10.7,1145,3.22,23.75,,,,,,1.8,1.8,10.3,-2.9,,,,,,,,,,,,,,
135,추풍령,1992-04-14,10.1,3.4,640,16.6,1540,,,,,,,7,230,1715,5,230,1610,2.1,1849,230,3.2,31,1310,65.3,7.7,985.1,1017.3,100,1011.6,1630,1014.6,13.1,8.7,1200,2.79,19.52,,,,,,3.5,3.5,13.4,-.2,,,,,,,,,,,,,{박무}0420-{박무}{강도0}0600-0840.,
135,추풍령,1992-04-15,5.4,3,2103,8.6,1540,8.47,.8,2010,2.9,600,8.5,10.1,230,1620,8.7,230,1610,5.2,4536,230,4,48,1553,91,8.2,982.3,1014.9,2400,1010,1522,1012.3,13.1,1.1,1315,2.07,10.24,,,,,,9.5,6.4,8.8,1.5,,,,,,,,,,,,,{비}0420-{비}{강도0}0600-{비}{강도0}0900-1030.  {싸락우박}1207-{소나기}1213-1250.  {소나기}1305-1320.  {소나기}1430-1450.  {소나기}2003-{소나기}{강도0}2100-2103.,
135,추풍령,1992-04-16,6.8,2.2,650,11.4,1608,,,,,,,7,230,1215,6.7,230,1220,4.1,3506,230,2.7,52,1326,76.5,7.4,985.2,1016.4,900,1013,1756,1015.1,13.2,4.4,1200,2.15,13.27,,,,,,6,3.4,8.3,-1.2,,,,,,,,,,,,,,
135,추풍령,1992-04-17,10.7,.1,620,20.9,1653,,,,,,,6.2,160,1620,5.3,160,1630,1.1,976,110,3.5,26,1336,66.5,8.1,980.9,1015.8,0,1004.5,1835,1010.2,13.2,8,1115,2.23,15.28,,,,,,3.8,3.8,11.9,-3.1,,,,,,,,,,,,,,
135,추풍령,1992-04-18,12,7.4,2400,16.8,1132,4.5,1.1,910,2.5,903,8,9.5,250,1542,8.7,250,1650,4.1,3500,250,10,71,1922,87.5,12.5,976.2,1011,2304,1002,512,1005.2,13.2,.6,1030,1.5,6.29,,,,,,5,3.4,10.5,4,,,,,,,,,,,,,{비}0903-0950.  {비}1150-{비}{강도0}1200-{비}{강도0}1500-1533.,
135,추풍령,1992-04-19,11.1,2.4,535,20,1505,,,,,,,10.2,270,1710,8.3,270,1720,4.2,3636,270,.5,15,1510,57,6.5,981.6,1012.8,900,1008,1500,1010.9,13.3,10.7,1130,3.16,24.63,,,,,,0,0,11.7,-1.4,,,,,,,,,,,,,,
135,추풍령,1992-04-20,14.8,6.2,633,24.5,1535,,,,,,,6.5,270,1023,5.7,270,1010,2.5,2196,270,-.6,8,1625,41.5,6.1,983.8,1015.2,932,1009.4,1704,1012.7,13.3,9.6,1230,3.02,22.85,,,,,,.8,0,15.5,1.8,,,,,,,,,,,,,,
135,추풍령,1992-04-21,14.5,4.7,610,25.2,1343,4.8,1.2,2000,4,2000,9.9,10,250,1410,7,250,1440,2.2,1912,250,8.5,35,1110,70.3,11.5,977.7,1013.4,0,1000,1750,1006.5,13.3,6.2,1200,2.69,16.68,,,,,,4.3,2.9,15.6,.8,,,,,,,,,,,,,{비}1822-{비}{강도1}2100-2310.,
135,추풍령,1992-04-22,13.6,8.7,630,19.2,1557,,,,,,,12.3,270,1305,10.3,270,1220,6.7,5753,270,1.1,14,1710,52.3,7.6,977.7,1011.9,2400,1002.3,200,1006.6,13.3,8.9,1200,3.21,23.62,,,,,,2.8,1.1,14.5,5.6,,,,,,,,,,,,,{박무}0650-{박무}{강도0}0900-1020.,
135,추풍령,1992-04-23,15.3,3.7,710,23.1,1539,,,,,,,12,270,1423,9.3,270,1440,3.4,2928,270,-3.9,12,1618,31,4.8,983,1014.2,729,1009,1832,1011.8,13.4,10.8,1145,3.04,25.45,,,,,,0,0,15.4,-1.2,,,,,,,,,,,,,,
135,추풍령,1992-04-24,13.6,5.3,505,19.7,1420,,,,,,,14,270,1430,11,270,1410,4.3,3728,270,-2.1,12,1820,41.3,6.4,982.7,1018,2400,1009.6,1400,1011.8,13.5,8.7,1230,2.97,19.81,,,,,,2.3,.9,14.3,.6,,,,,,,,,,,,,{황사}1420-{황사}{강도0}1500-{황사}{강도0}1800-1920.,
135,추풍령,1992-04-25,12.6,3.7,526,20.1,1600,,,,,,,9,250,1615,7.3,250,1600,3.4,2942,70,-1.5,19,1600,39.3,5.6,989.9,1022,900,1015.3,1750,1019.3,13.5,9.3,1145,3.27,24.66,,,,,,2,0,15.2,-1.5,,,,,,,,,,,,,,
135,추풍령,1992-04-26,15.6,6.1,610,25.1,1515,,,,,,,9.6,180,1254,7.7,180,1230,2.8,2440,180,1.8,16,1413,43.3,7,985.2,1018.1,0,1009.8,1710,1014.1,13.5,11,1230,3.3,25.79,,,,,,2,0,18.5,1.6,,,,,,,,,,,,,,
135,추풍령,1992-04-27,16.2,5.1,615,25.4,1450,,,,,,,7.7,250,940,5.3,250,930,3.2,2747,270,2,14,1450,43.8,7.2,980,1013.5,20,1004,1600,1008.6,13.6,10.3,1200,3.27,26.39,,,,,,0,0,19.4,-1,,,,,,,,,,,,,,
135,추풍령,1992-04-28,15.4,5.7,525,24.4,1430,,,,,,,11.3,270,1450,8.3,270,1500,3.9,3347,270,7.8,25,1340,64.8,10.9,978.8,1012,2400,1003.6,1510,1007.6,13.6,7.8,1215,3.01,20.84,,,,,,0,.6,19,.6,,,,,,,,,,,,,,
135,추풍령,1992-04-29,14.1,8.2,530,20.9,1320,3.33,.4,2320,1.9,2300,4,7.7,90,1150,5.3,90,1130,2.9,2519,20,9.2,40,1307,75.8,11.7,981.2,1013.6,830,1005.3,2400,1010.1,13.6,5.9,1200,2.58,16,,,,,,7.5,3.4,17.8,4,,,,,,,,,,,,,{박무}0040-{박무}{강도0}0300-{박무}{강도0}0600-0845.  {햇무리}1110-1520.  {비}2040-{비}{강도0}2100-{비}{강도0}2400-,
135,추풍령,1992-04-30,9.3,6.1,2350,13.5,1605,7.95,1,1820,1.6,1800,5.8,6.3,250,1250,4,250,1230,1.4,1234,250,7.6,78,1448,88.8,10.4,976.4,1010.7,2400,1002.6,500,1005.7,13.7,.7,945,1.16,7.09,,,,,,7.5,5,12.4,1.8,,,,,,,,,,,,,-{비}-{비}{강도0}0300-0330.  {비}0630-0830.  {비}1550-1720.  {비}1815-1912.  {뇌전}{강도0}(SW 3)1658-1758.  {뇌전}{강도0}(NW 3)1815-{뇌전}{강도0}(NW{이동}NE 3)1830-1910.,
135,추풍령,1992-05-01,10.7,5.7,200,17.2,1600,,,,,,,10.5,290,2245,8.3,290,2250,3.7,3211,290,4.8,40,1405,71.3,8.6,981.7,1013.2,940,1009,1700,1011,13.7,6.3,1130,3.22,20.05,,,,,,3.3,2.4,12.5,1.8,,,,,,,,,,,,,{박무}0100-{시정(미만)}{1km}{낮은안개}0120-{시정(미만)}{0.5km}{낮은안개}0220-{낮은안개}{강도1}0300-{시정(이상)}{0.5km}{낮은안개}0320-{시정(이상)}{1km}{박무}0335-{박무}{강도0}0600-0820.,2.25
135,추풍령,1992-05-02,13.6,7.1,610,21.1,1615,,,,,,,11,290,1135,8,290,1120,6.2,5354,270,3.9,21,1650,56,8.2,983.5,1015.7,2350,1011,0,1012.5,13.8,11.4,1200,3.22,25.76,,,,,,0,0,15.5,3.4,,,,,,,,,,,,,,
135,추풍령,1992-05-03,17.1,10.8,152,24,1526,,,,,,,16,290,1514,12.3,290,1340,7.8,6734,270,2.7,27,1044,38,7.6,986.8,1017.9,2400,1012.8,1523,1015.5,13.8,8.9,1200,3.03,22.21,,,,,,2.5,1.3,17.4,1.6,,,,,,,,,,,,,,
135,추풍령,1992-05-04,19,10.8,630,27,1600,,,,,,,11,290,145,7.7,290,140,3,2583,70,6.8,26,1500,46,9.9,990.2,1020.8,900,1016.4,1610,1018.8,13.8,8.6,1215,2.96,22.05,,,,,,2.5,0,21.6,7.1,,,,,,,,,,,,,,
135,추풍령,1992-05-05,17.7,10,610,25.6,1520,,,,,,,7.7,110,1440,5.3,110,1420,3,2618,110,7,27,1413,54.5,10.3,990.6,1020.9,100,1016,1725,1019.4,13.8,10.9,1100,2.45,22.31,,,,,,4.5,4.4,22.7,3.9,,,,,,,,,,,,,,
135,추풍령,1992-05-06,12.7,11.6,1800,14.9,1023,4.33,.6,1510,1.4,1420,2.2,8.2,70,1332,5.7,70,1430,4.3,3724,50,9.6,43,0,82,12,988.2,1020.6,0,1012,2400,1017.5,13.9,0,815,.68,4.05,,,,,,10,5.6,14.4,8.2,,,,,,,,,,,,,{비}1120-{비}{강도0}1200-{비}{강도0}1500-1540.,
135,추풍령,1992-05-07,17,12.4,132,21.2,1350,10.5,1.5,640,4.2,640,7.2,4.5,50,150,3.3,50,140,1.2,1056,50,15.6,92,0,92,18,974.5,1012,0,997.6,2232,1002.9,13.9,0,930,1.17,3.29,,,,,,10,6.5,16.8,10.4,,,,,,,,,,,,,{비}0550-{비}{강도0}0600-0840.  {비}1410-{비}{강도0}1500-1750.  {비}1850-{비}{강도0}2100-2250.   {뇌전}{강도0}(NW 5-10)0650.,
135,추풍령,1992-05-08,16.1,13.8,940,20,30,9.17,.7,200,2.5,120,5,9,290,2320,6.7,290,2300,4.1,3568,250,14.7,91,500,91.3,16.8,975.6,1008.8,2300,997.7,0,1004.1,13.9,1.5,1400,2.32,11.25,,,,,,8.8,5.9,18.4,10.5,,,,,,,,,,,,,{비}0030-{비}{강도0}0600-{이슬비}0840-{이슬비}{강도0}0900-0940.,
135,추풍령,1992-05-09,13.9,7.3,2353,19.2,1524,,,,,,,13.2,320,1240,10,290,950,4.4,3794,290,5.8,18,1550,66.5,10.1,984.3,1020.3,2400,1008.8,0,1013.4,13.9,9.3,945,2.8,22.08,,,,,,5.3,1.9,15.5,2.2,,,,,,,,,,,,,{박무}0120-{박무}{강도0}0300-0420.,
135,추풍령,1992-05-10,13.1,3.3,550,21.3,1549,,,,,,,6,140,1745,4.7,140,1810,1.8,1532,140,4,28,1110,58,8.2,993.1,1026.3,2400,1020.1,1600,1022.5,14,10.4,1300,3.35,27.07,,,,,,.5,0,17.8,3.2,,,,,,,,,,,,,,
135,추풍령,1992-05-11,14.2,5.3,625,22.2,1522,,,,,,,8,250,1130,5.7,250,1110,2.3,1976,230,5.2,25,1600,58.3,8.9,995.7,1027.4,700,1021.7,1700,1025,14,11.9,1300,3.14,25.5,,,,,,2,0,19.5,3.2,,,,,,,,,,,,,,
135,추풍령,1992-05-12,15,4,540,23.2,1422,,,,,,,7.5,140,840,5.3,140,920,1.8,1528,140,7.1,29,1310,63.5,10.2,991.8,1024.8,0,1016.4,1752,1020.9,14,9.8,1200,2.94,21.41,,,,,,6.5,2.6,18.7,3.4,,,,,,,,,,,,,,
135,추풍령,1992-05-13,15.1,11.9,2355,17.8,1530,10.33,.9,550,1.9,900,6.7,7.5,290,1642,5.7,290,1640,2.8,2440,290,13.9,92,0,92,15.9,985.7,1018.3,0,1011.6,1508,1014.6,14.1,0,1400,.77,3.19,,,,,,10,7,16.9,11.8,,,,,,,,,,,,,{비}0320-{비}{강도0}0600-{비}{강도0}0900-{비}{강도0}1200-1340.,
135,추풍령,1992-05-14,15.7,10.5,510,22.5,1505,,,,,,,11.5,290,132,6,290,120,3.2,2796,290,11.8,55,1445,79,13.9,988.3,1019.4,2130,1015,1610,1017.3,14.1,6.2,1300,3.08,17.73,,,,,,5,4.8,20,3.6,,,,,,,,,,,,,,
135,추풍령,1992-05-15,13.9,10.8,2323,19.2,1620,,,,,,,7.3,20,855,3.7,20,830,1.8,1564,50,11.6,68,1512,86.8,13.7,985,1018.9,0,1010.6,1622,1014.1,14.1,2.3,1400,1.94,10.29,,,,,,7.5,5.5,17.8,6.4,,,,,,,,,,,,,,
135,추풍령,1992-05-16,14.7,11,30,18.8,1640,.17,.7,1203,.7,,.7,8.2,270,1105,6,270,1120,2.1,1780,270,13.4,92,0,92,15.5,981.9,1012.1,2255,1008.9,1606,1010.8,14.1,2.7,1300,1.89,9.53,,,,,,8,6.4,17.4,7,,,,,,,,,,,,,{비}1203-1213.  {박무}2240-{박무}{강도0}2400-,
135,추풍령,1992-05-17,15.7,11,40,20.7,1535,,,,,,,7,250,1340,4.7,250,1310,2.5,2198,250,12.3,54,1425,82.5,14.4,980.8,1011.9,100,1006.7,1830,1009.5,14.2,5.3,1300,2.38,13.62,,,,,,7.8,5.9,17.8,7.5,,,,,,,,,,,,,-{박무}-{박무}{강도0}0300-{박무}{강도0}0600-{박무}{강도0}0900-1040.,
135,추풍령,1992-05-18,15.7,11.4,523,22,1635,,,,,,,12,230,910,9.7,230,940,4.3,3704,230,11.9,43,1620,79,13.9,979.6,1010.4,2400,1005.9,1530,1008.4,14.2,6.8,1200,3.03,19.01,,,,,,5.5,3.1,19.8,7.5,,,,,,,,,,,,,{박무}0140-{박무}{강도0}0300-{박무}{강도0}0600-{박무}{강도0}0900-1120.,
135,추풍령,1992-05-19,18.3,11,555,25.7,1531,,,,,,,10,270,2152,6.3,270,2130,2.9,2492,250,9.4,27,1600,62.5,12.2,980.6,1011.3,600,1005.5,1738,1009,14.2,10.4,1300,3.09,24.34,,,,,,3.3,2.1,21.7,6.6,,,,,,,,,,,,,{박무}0210-{박무}{강도0}0300-{박무}{강도0}0600-0840.,
135,추풍령,1992-05-20,20.4,14.4,555,25.4,1535,,,,,,,13,250,1250,8,250,1800,6,5156,250,8.7,33,1626,46.8,11.4,977.6,1007.5,0,1003.3,1600,1005.8,14.2,11.7,1200,3.13,24.36,,,,,,.5,.3,23.3,9.5,,,,,,,,,,,,,,
135,추풍령,1992-05-21,21.1,15.7,2350,26.6,1506,,,,,,,13,270,1920,11,270,1930,5,4284,250,10.2,28,1500,52.5,12.7,977.1,1007.3,813,1002.6,1700,1005.2,14.3,11,1200,3.19,25.24,,,,,,.8,.4,24.1,10,,,,,,,,,,,,,,
135,추풍령,1992-05-22,19.8,12.8,522,25.2,1620,.07,.9,,.9,,.9,10.2,250,1258,7,250,1210,3.2,2768,250,9.7,29,1630,56.8,12.4,976.8,1007.5,2400,1003.8,1650,1005,14.3,9.8,1200,3.15,22.75,,,,,,4,2.8,25.1,10.6,,,,,,,,,,,,,{소나기}2356-{소나기}{강도0}2400-,
135,추풍령,1992-05-23,16.1,12.6,350,21.2,1402,4.33,.4,1500,.6,1452,1.6,15.7,270,1628,8.7,270,1610,4.1,3534,270,11.1,39,1358,72.5,13.3,976.1,1007.9,110,1001.4,1545,1004.7,14.3,7.5,1000,2.14,15.49,,,,,,5,3.5,20.5,8.6,,,,,,,,,,,,,-{소나기}-{비}0003-{비}{강도0}0300-0350.  {소나기}1452-{소나기}{강도0}1500-1507.  {소나기}1630-1645.,
135,추풍령,1992-05-24,14.7,10.8,610,20.5,1604,,,,,,,12.1,250,1312,9.7,250,1200,3.3,2858,270,9,33,1454,73.3,11.7,977.6,1010.9,2400,1004.4,1500,1006.3,14.3,8.9,1300,3.21,25.66,,,,,,4.5,3.9,20.3,5.4,,,,,,,,,,,,,,
135,추풍령,1992-05-25,11,6.5,420,17,1141,6.53,.7,1730,1.7,1700,3.7,9.5,270,2108,5.3,270,2230,1.4,1226,270,9.7,55,1210,91.8,12.2,979.6,1010.9,0,1006.7,1840,1008.9,14.4,1,1045,2.86,10.84,,,,,,7.5,5.5,15.4,3.8,,,,,,,,,,,,,{비}1255-1332.  {비}1435-{비}{강도0}1500-{비}{강도0}1800-2030.,
135,추풍령,1992-05-26,12.2,7.7,2400,17.9,1515,3.28,8.5,1650,25.7,1640,31,12.3,290,825,6.7,290,900,3.4,2916,290,9.8,64,1520,85.5,12.1,978.7,1012,2400,1005.9,1510,1007.7,14.4,4.1,1100,2.11,11.46,,,,,,7,4.8,15.3,1,,,,,,,,,,,,,{뇌전}{강도0}(NW 10-15)1515-1520.  {뇌전}{강도0}(NW 5-7)1635-{뇌전}{강도1}(NW 4-5)1650.-{뇌전}{강도2}(NW 2-3)1658-{뇌전}{강도1}(NW{이동}NE 3)1710-{뇌전}{강도0}(NE 3-5)1800-1805.  {소나기}1225-1227.  {소나기}1540-1610.  {소나기}1635-{우박}(d 0.5)1703-{소나기}1705-{비}1730-{비}{강도0}1800-1920.,
135,추풍령,1992-05-27,11.8,5.5,406,18.8,1700,2.08,.5,550,1.4,520,1.5,7,290,1435,3.3,290,1440,.5,438,160,9.2,54,1712,85,11.8,982.4,1013.3,2400,1009.1,1600,1011.6,14.4,4.7,1100,2.55,16.44,,,,,,3.8,3.9,16.2,.1,,,,,,,,,,,,,{박무}0230-{박무}{강도0}0300-{박무}{강도0}0600-0715.  {박무}2320-{박무}{강도0}2400-  {비}0515-{비}{강도0}0600-0720.,
135,추풍령,1992-05-28,15.5,7.8,342,22.1,1530,.83,0,,0,,0,13.1,250,1045,6.3,250,1050,3.3,2893,250,10.2,45,1540,73,12.7,981.4,1013.4,40,1007.3,1840,1010.2,14.4,5.6,1000,2.91,18.05,,,,,,1,1.5,17.7,4.3,,,,,,,,,,,,,-{박무}-{박무}{강도0}0300-0450.  {비}1245-1335.,
135,추풍령,1992-05-29,15.6,12.4,305,19.9,1658,3.75,.6,1230,1,1100,3.2,9.5,290,810,5,290,820,1.5,1254,140,13.8,57,824,88.5,15.9,976.8,1007.3,0,1003.1,1730,1005.4,14.4,2.4,1445,1.18,6.75,,,,,,6.5,3.9,16.7,6.2,,,,,,,,,,,,,{비}0830-{비}{강도0}0900-0930.   {비}1035-{비}{강도0}1200-1320.  {천둥}(SW 5-10)1025-{뇌전}{강도0}(NE 5)1040-{뇌전}{강도0}(NE{이동}SE 5)1120-{뇌전}{강도0}(SE 2-3)1200-1340.  {박무}1420-{박무}{강도0}1500-{박무} {강도0}1800-{박무}{강도0}2100-{박무}{강도0}2400-,
135,추풍령,1992-05-30,18.2,10.4,350,26.4,1413,,,,,,,4.7,140,1408,3.7,140,1410,.8,712,140,14.5,45,1725,81.3,16.7,977.9,1008.6,2400,1003.9,1700,1006.3,14.5,8,1145,3.09,23,,,,,,2.3,3,21.8,7.9,,,,,,,,,,,,,-{박무}-{박무}{강도0}0300-{시정(미만)}{1km}{안개}0430-{시정(미만)}{0.5km}{안개}0510-{안개}{강도2}0600-{시정(이상)}{0.5km}{안개}0650-{시정(이상)}{1km}{박무}0730-{박무}{강도0}0900-1120.,3
135,추풍령,1992-05-31,20.2,11.8,530,26.6,1640,,,,,,,9.3,290,1235,5.7,290,1300,2.9,2476,230,15.4,57,1830,75.3,17.6,980.7,1010.1,2300,1006.9,1700,1009,14.5,10.5,1145,3.1,24.49,,,,,,0,0,22.8,8.7,,,,,,,,,,,,,{박무}0220-{박무}{강도0}0300-{박무}{강도1}0600-{박무}{강도0}0900-1130.,
135,추풍령,1992-06-01,22.2,14.7,647,29.4,1510,,,,,,,9,290,440,7.7,290,420,3.2,2806,270,13.9,32,1400,63.8,16.1,983,1013,2400,1009.1,1700,1011.1,14.5,12.1,1145,3.3,27.23,,,,,,0,0,25.1,11.5,,,,,,,,,,,,,,
135,추풍령,1992-06-02,22.3,13.8,512,30.2,1550,,,,,,,7,340,1620,5.3,340,1030,2.2,1944,340,15.1,41,1520,66.8,17.4,983.9,1014.3,810,1008.8,1730,1012,14.5,11.3,1200,3.23,26.66,,,,,,0,0,26.9,8.3,,,,,,,,,,,,,,
135,추풍령,1992-06-03,20.8,14.4,628,27,1212,,,,,,,9,250,942,5,250,1010,2,1733,270,15.9,39,1332,76.3,18.3,982,1012.7,0,1008.9,1700,1010.1,14.5,5.5,1130,2.66,15.08,,,,,,7,2.4,24,11.3,,,,,,,,,,,,, {박무}0420- {박무}{강도0}0600-{박무}{강도0}0900-1040.  {박무}2150-{박무}{강도0}2400-,
135,추풍령,1992-06-04,18.2,15.2,530,22.3,1721,3.58,.8,1820,.9,1800,1.5,4.7,140,1630,4,140,1620,.9,784,140,16.7,80,1640,90.8,19.1,977.9,1009.3,0,1003.1,1750,1006.3,14.5,0,1630,.75,4.44,,,,,,9.5,5.8,19.6,13.3,,,,,,,,,,,,,-{박무}-{박무}{강도0}0300-{박무}{강도0}0600-{박무}{강도0}0900-{박무}{강도0}1200-{박무}{강도0}1500-1540.  {박무}2210-{박무}{강도0}2400.  {비}1535-{비}{강도0}1800-1910.,
135,추풍령,1992-06-05,21.3,15.4,540,26.8,1650,,,,,,,8.3,250,1355,7,250,1440,2.5,2126,250,18.4,59,1652,84,21.2,977.9,1008.4,2200,1004.2,300,1006,14.6,8.2,1145,3.15,23.55,,,,,,4,3.5,26.5,11.7,,,,,,,,,,,,,-{박무}-{박무}{강도0}0300-{박무}{강도0}0600-0730.,
135,추풍령,1992-06-06,20.3,14.2,608,25.5,1537,,,,,,,6,70,1543,4.7,70,1620,1.5,1336,20,18.8,91,0,91,22.1,976.2,1007.8,0,1000.8,1753,1004.3,14.6,0,1100,1.4,12.38,,,,,,7.3,4.9,23.2,10.1,,,,,,,,,,,,,{박무}0220-{박무}{강도0}0300-{박무}{강도0}0600-{박무}{강도0}0900-{박무}{강도0}1200-1430.  {박무}2140-{박무}{강도0}2400-,
135,추풍령,1992-06-07,16.2,11.2,2355,19.7,10,7.5,.9,610,1.7,530,5.7,15.3,250,1729,9.7,250,1740,4.1,3585,250,13.4,66,1850,84,15.6,971.8,1005.3,2400,998.1,440,1000.3,14.6,2.5,1400,1.23,6.44,,,,,,8,5.1,18.4,7.5,,,,,,,,,,,,,-{박무}-{박무}{강도0}0300-{박무}{강도0}0600-{박무}{강도0}0900-1020.  {비}0450-{비}{강도0}0600-{비}{강도0}0900-{비}{강도0}1200-1220.,
135,추풍령,1992-06-08,16.4,7.5,550,24.4,1725,,,,,,,7.7,250,1343,6.3,250,1430,2.2,1894,250,8.7,26,1420,66,11.7,977,1008,800,1002.5,1800,1005.6,14.6,9.8,1100,3.47,27.63,,,,,,0,0,20.5,6.1,,,,,,,,,,,,,,
135,추풍령,1992-06-09,20,13.4,700,28.3,1737,1.42,.5,610,.7,545,.8,12,230,1239,6.3,230,1220,2.1,1780,50,13.6,27,1630,71.8,15.8,976.5,1006.7,2400,1002.6,1735,1004.7,14.6,6.5,1230,3.04,19.74,,,,,,4.3,2.4,23.4,9.6,,,,,,,,,,,,,{소나기}0520-{소나기}{강도0}0600-0645.  {뇌전}{강도0}(SW 5-10)0535-{뇌전}{강도0}(SW 3-5)0600-0620.,
135,추풍령,1992-06-10,18.3,13.6,2350,23.8,1000,.25,.3,1430,.3,1425,.3,9.3,270,1725,8.7,270,1920,3.8,3278,270,14,45,1945,76,16.2,977.2,1008.5,40,1003.4,1410,1005.6,14.6,3,1300,1.13,9.22,,,,,,6.8,5,18.8,10.1,,,,,,,,,,,,,{박무}0220-{박무}{강도0}0300-0525.  {소나기}1425-1440.,
135,추풍령,1992-06-11,16.9,13,400,21.7,1502,,,,,,,11.3,250,1408,9,250,1430,5.6,4812,250,13.7,64,1502,81.5,15.7,978.6,1008.6,2240,1005.4,1610,1007.1,14.6,2.8,1400,1.64,13.18,,,,,,8,6.5,20,11.7,,,,,,,,,,,,,{박무}2030-{박무}{강도0}2100-{박무}{강도0}2400-,
135,추풍령,1992-06-12,18.5,13.8,547,22.9,1553,,,,,,,9,250,1058,5,250,1010,3.3,2814,270,14.4,61,1540,78.5,16.5,980.8,1010.6,824,1007.5,1740,1009.2,14.6,7.5,1100,1.92,16.92,,,,,,7,5.1,23.5,12.8,,,,,,,,,,,,,-{박무}-{박무}{강도0}0300-{박무}{강도0}0600-0830.,
135,추풍령,1992-06-13,17.6,15,1130,20.9,1710,3.03,.3,1050,.4,1040,.8,8.3,250,745,5.7,250,740,2.6,2228,250,16.4,83,1605,92.5,18.7,982.1,1012.9,1100,1008.9,1745,1010.6,14.6,1.5,1300,1.59,8.63,,,,,,9.8,5.4,19.6,12.7,,,,,,,,,,,,,{비}0713-0840.  {비}1040-{비}{강도0}1200-1215.  {박무}0020-{박무}{강도0}0300-{박무}{강도0}0600-0850.   {박무}1720-{박무}{강도0}1800-{박무}{강도0}2100-{박무}{강도0}2400-,
135,추풍령,1992-06-14,19.8,13.9,600,24.6,1415,,,,,,,5,250,1527,3,250,920,.6,480,250,15.8,47,1530,80.3,18.1,981.1,1012.1,42,1007.3,1700,1009.4,14.6,3.4,1300,1.73,13.37,,,,,,10,4.6,23.9,9.9,,,,,,,,,,,,,-{박무}-{박무}{강도0}0300-{시정(미만)}{1km}0400-{시정(미만)}{0.5km}{안개}0540-{안개}{강도1}0600-{시정(이상)}{0.5km}{안개}0645-{시정(이상)}{1km}{박무}0710-0840. {박무}2020-{박무}{강도0}2100-{박무}{강도0}2400-,3
135,추풍령,1992-06-15,21.1,12.7,545,29.6,1515,,,,,,,5.8,290,1753,3,290,1810,.8,682,110,14,27,1304,70,16.3,979.2,1009.8,0,1004.1,1600,1007.3,14.6,10,1245,3.01,24.68,,,,,,1,.5,28.2,8,,,,,,,,,,,,,-{박무}-{박무}{강도0}0300-{박무}{강도0}0600-{박무}{강도0}0900-1110.  {박무}2215-{박무}{강도0}2400-,
135,추풍령,1992-06-16,21.2,13.8,610,28.8,1312,.33,0,,0,,0,4.3,160,1305,3,160,1640,.7,633,140,16.4,41,1320,76.5,18.8,979.8,1009.9,500,1006.1,1800,1007.9,14.7,7.6,1200,2.81,15.83,,,,,,5.8,3.8,24.6,9.6,,,,,,,,,,,,,-{박무}-{박무}{강도0}0300-{박무}{강도0}0600-{박무}{강도0}0900-{박무}{강도0}1200-{박무}{강도0}1500-{박무}{강도0}1800-{박무}{강도0}2100-{박무} {강도0}2400-   {비}2015-2035.,
135,추풍령,1992-06-17,19.3,15.6,550,25,1138,1.92,.3,1520,.8,1430,.9,4.8,50,1130,2.7,110,1000,.5,436,50,16.6,55,1143,84.8,19,979.9,1009.7,2243,1006.9,1625,1008.3,14.7,1.8,1030,2.18,10.75,,,,,,9.3,5.9,22,12.1,,,,,,,,,,,,,-{박무}-{박무}{강도0}0300-{박무}{강도0}0600-0845.  {박무}2020-{박무}{강도0}2100-{박무}{강도0}2400-,
135,추풍령,1992-06-18,19.5,14.1,615,26.2,1638,,,,,,,7,250,1447,5,250,1420,2.1,1814,250,14.9,37,1658,78.3,17.1,981.5,1013.6,2331,1007.8,1630,1009.9,14.7,7.8,1500,2.19,18.02,,,,,,5.8,4.5,23.9,10.5,,,,,,,,,,,,,-{박무}-{박무}{강도0}0300-{박무}{강도1}0600-{박무}{강도0}0900-1020.,
135,추풍령,1992-06-19,18.3,14.1,2400,25.4,1535,,,,,,,7.7,70,1802,6.7,70,1810,1.3,1136,140,14.8,44,1455,82.5,16.8,985.5,1017.7,2300,1011.3,1545,1014.1,14.7,5,1200,2.69,13.62,,,,,,8.5,6,22.9,10.9,,,,,,,,,,,,,{박무}0812-{박무}{강도0}0900-{박무}{강도0}1200-1330.  {천둥}{강도0}(NW)1550.,
135,추풍령,1992-06-20,19.1,12.6,506,26.4,1637,,,,,,,5,160,1148,3,160,1140,.9,820,160,13.3,32,1650,72.5,15.3,986.4,1017.8,100,1011.4,1800,1015,14.7,9.4,1300,3.29,26.13,,,,,,5,3.6,26.7,10.4,,,,,,,,,,,,,,
135,추풍령,1992-06-21,21.4,14.6,552,27.4,1515,,,,,,,5.5,270,307,4.7,270,320,1.8,1550,270,15.1,38,1410,70,17.2,982,1013.4,0,1006.9,1757,1010.1,14.7,7.1,1130,2.25,17.39,,,,,,7,3.8,26,9.5,,,,,,,,,,,,,{박무}2245-{박무}{강도0}2400-,
135,추풍령,1992-06-22,20.7,17.3,515,27.3,1404,.12,0,,0,,0,9.3,70,1803,5,70,1800,2.6,2278,140,14.9,34,1355,72.3,17.2,978.4,1008.1,100,1004.6,1700,1006.5,14.7,4.8,1200,2.65,15.85,,,,,,10,5.5,24.6,15.5,,,,,,,,,,,,,-{박무}-{박무}{강도0}0300-{박무}{강도0}0600-{박무}{강도0}0900-0940.  {비}1758-{비}{강도0}1800-1805.,
135,추풍령,1992-06-23,17.4,14.4,2400,20.5,1720,,,,,,,7.8,70,2,6.3,70,40,2.1,1846,70,15.3,72,1724,87.5,17.4,977,1008.3,2258,1004.1,1700,1005.5,14.7,.9,1345,1.12,7,,,,,,6.8,4,20.9,9.5,,,,,,,,,,,,,,
135,추풍령,1992-06-24,19.8,10.5,535,26.1,1513,,,,,,,6,70,908,4.3,70,910,1,884,140,13.8,42,1520,71,15.9,980.6,1010.5,800,1007.7,1656,1008.9,14.7,8.4,1230,2.92,20.95,,,,,,3.3,2.9,25.9,5.8,,,,,,,,,,,,,{박무}2040-{박무}{강도0}2100-{박무}{강도0}2400-                                             ┃ {시정(미만)} {시정(이상)} {1km} {0.5km} {0.2km} {0.1km} {이동},
135,추풍령,1992-06-25,21.8,15.8,412,29.2,1650,,,,,,,7.3,250,915,6.3,250,910,2.3,1964,270,14.8,31,1545,68.5,17,981.8,1011.6,800,1007.3,1800,1010,14.7,10.6,1100,3.26,24.39,,,,,,4,3.4,31.2,10,,,,,,,,,,,,,-{박무}-{박무}{강도0}0300-{박무}{강도0}0600-0740.,
135,추풍령,1992-06-26,22.3,14.6,552,28.8,1529,,,,,,,5,70,1110,3.7,110,950,.7,640,90,16.2,42,1727,69.5,18.4,981.6,1011.7,600,1006.4,1700,1009.7,14.7,5.9,1100,2.94,21.4,,,,,,5,3.8,28.2,10,,,,,,,,,,,,,{박무}0220-{박무}{강도0}0300-{박무}{강도0}0600-0830.,
135,추풍령,1992-06-27,22.3,14.2,620,29.9,1600,,,,,,,5,140,1338,3.3,140,1340,.7,595,140,15.3,29,1720,68.3,17.4,981.6,1011.2,620,1006.9,1755,1009.6,14.6,8,1200,3.02,23.32,,,,,,3.3,1.9,28.7,8.3,,,,,,,,,,,,,{박무}0220-{박무}{강도0}0300-{박무}{강도0}0600-{박무}{강도0}0900-1025.,
135,추풍령,1992-06-28,23.1,17,555,29.9,1407,,,,,,,4.7,270,1930,3.7,270,1910,1.1,958,270,17.6,42,1540,74.3,20.2,981,1010.7,0,1006.6,1800,1009,14.6,7.5,1100,2.88,20.09,,,,,,6.8,3,27.8,12.7,,,,,,,,,,,,,{박무}0124-{박무}{강도0}0300-{박무}{강도0}0600-0825.,
135,추풍령,1992-06-29,22.9,17.5,612,30,1750,,,,,,,5.7,250,957,4.3,250,1020,.8,694,250,17.9,40,1810,75.3,20.5,979.3,1010,600,1003.8,1800,1007.3,14.6,8.6,1000,2.34,18.59,,,,,,5.5,1.9,25.9,13.3,,,,,,,,,,,,,{박무}0210-{박무}{강도0}0300-{박무}{강도0}0600-{박무}{강도0}0900-0930.,
135,추풍령,1992-06-30,23.5,19.9,557,29.6,1445,,,,,,,9.2,320,1831,5.3,320,1900,2,1738,230,18,46,1840,73.8,20.9,974.9,1005.8,0,999.5,1810,1002.6,14.6,2.8,1300,2.66,12.98,,,,,,5.3,3.4,26.4,15.7,,,,,,,,,,,,,{박무}0140-{박무}{강도0}0300-{박무}{강도0}0600-{박무}{강도0}0900-0940.,
135,추풍령,1992-07-01,23,15.8,650,30.6,1415,,,,,,,7.3,270,1908,6.3,270,1920,2.5,2174,270,15.5,34,1357,64.8,17.7,973.9,1004.1,800,999.2,1700,1001.7,14.6,7.4,1300,2.52,17.09,,,,,,5.3,2.9,25.7,12.1,,,,,,,,,,,,,{박무}2210-{박무}{강도0}2400-,
135,추풍령,1992-07-02,24.2,17.7,535,29.4,1605,1.18,.8,1310,1,1304,1.5,13.4,250,1350,8.7,250,1410,2.9,2506,250,20.3,58,1610,79.5,23.9,974.3,1004,732,999.6,1538,1002,14.6,6.2,1400,2.3,17.28,,,,,,5,5.1,27.8,13.4,,,,,,,,,,,,,-{박무}-{박무}{강도0}0300-{박무}{강도0}0600-0820.  {박무}1920-{박무}{강도0}2100-2230.  {소나기}1304-1330.  {소나기}2305-2350.  {천둥}{강도0}(NW)2230.  {뇌전}{강도0}(N 5-10)2250-2320.,
135,추풍령,1992-07-03,23.8,18.9,606,30,1526,5.67,.2,20,.5,10,2,6,140,1415,3.7,140,1440,.9,747,110,21,58,1530,85.3,24.8,974,1003.9,253,998.9,1722,1001.6,14.6,5.1,1300,2.23,17.04,,,,,,8,4.6,27.4,18.4,,,,,,,,,,,,,{비}0010-{비}{강도0}0300-0550.  {박무}0720-{박무}{강도0}0900-{박무}{강도0}1200-{박무}{강도0}1500-{박무}{강도0}1800-{박무}{강도0}2100-{박무}{강도0}2400-,
135,추풍령,1992-07-04,25,18.9,610,31,1430,,,,,,,6.3,250,2207,5.3,250,2220,1.4,1182,110,20.5,45,1522,78.3,24.2,973.7,1002.7,2400,999.7,1700,1001.3,14.6,7.2,1000,2.74,18.18,,,,,,7.3,6,29.2,16.8,,,,,,,,,,,,,-{박무}-{박무}{강도0}0300-{박무}{강도0}0600-{박무}{강도0}0900-{박무}{강도0}1200-{박무}{강도0}1500-{박무}{강도0}1800-{박무}{강도0}2100-{박무} {강도0}2400-,
135,추풍령,1992-07-05,23.7,18.1,610,31.5,1610,.67,13,110,20.8,105,21,7.3,270,1758,5.3,290,110,1.6,1419,290,20.3,45,1615,83,23.8,975,1004.7,600,999.9,1600,1002.7,14.6,5.5,1000,2.43,19.5,,,,,,7,4.9,26.6,16.5,,,,,,,,,,,,,{소나기}0105-0135.  {소나기}1825-1835.  {천둥}{강도1}(NE)1805-1815.  -{박무}-{박무}{강도0}0300-{박무}{강도0}0600-{박무}{강도0}0900-{박무}{강도0}1200-{박무}{강도0}1500-{박무}{강도0}1800-{박무}{강도0}2100-{박무}{강도0}2400-,
135,추풍령,1992-07-06,24.2,16.1,530,32.3,1517,,,,,,,5.3,290,1138,3,290,1140,.8,695,50,18,31,1720,73.5,20.8,975.5,1005.6,600,1000.3,1800,1003.3,14.6,10.7,1245,3.22,26.25,,,,,,1.3,.9,27.4,13.1,,,,,,,,,,,,,-{박무}-{박무}{강도0}0300-{박무}{강도1}0600-{박무}{강도0}0900-1110.,
135,추풍령,1992-07-07,24.6,16,530,31.9,1541,,,,,,,7.3,320,1305,7,320,1310,2.8,2415,250,18.5,44,1522,70.8,21.3,974.7,1004.3,2400,999.9,1600,1002.3,14.6,10.7,1200,2.73,21.94,,,,,,2.3,1.6,27.8,14.3,,,,,,,,,,,,,,
135,추풍령,1992-07-08,26.3,19.3,547,32.8,1630,,,,,,,10,250,1340,8.3,250,1330,3.3,2818,250,16.6,24,1658,60,19.3,977.7,1008.8,2400,1003.7,300,1005.3,14.5,11.5,1230,3.19,26.45,,,,,,0,.4,30.4,15.6,,,,,,,,,,,,,,
135,추풍령,1992-07-09,23.6,15.8,552,30.6,1312,,,,,,,5.1,140,1129,2.7,140,1140,.8,710,290,15.9,28,1640,65.5,18.2,981.4,1010.8,720,1007.9,1520,1009.3,14.5,3.5,1200,2.41,14.37,,,,,,6.5,3.3,26.8,11.9,,,,,,,,,,,,,,
135,추풍령,1992-07-10,23.2,19.3,2355,30.4,1405,4.25,11.5,2000,22.3,2000,35.7,12.7,140,1440,7,140,1450,1.5,1268,50,21.8,57,1415,91.5,26.4,981.4,1011.5,2400,1006.8,1400,1009.4,14.5,1.6,1200,1.78,9.3,,,,,,9,5.6,25.5,16.9,,,,,,,,,,,,,{소나기}1440-{소나기}{강도0}1500-1530.  {비}1705-{비}{강도1}1800-1810.  {비}1850-{소나기}2010-{소나기}{강도2}2100-2110.  {천둥}{강도0}(SE)1430-{뇌전}{강도0}(SE 10)1500-1540.  {뇌전}{강도0}(NE 3-4)1758.,
135,추풍령,1992-07-11,23.7,19.5,10,29.1,1617,,,,,,,9.2,340,1035,7.7,50,1150,.7,598,50,20.2,48,1100,82,23.7,984.7,1015.9,2400,1011,300,1012.8,14.5,6.7,1100,2.96,20.77,,,,,,7.5,3.8,25.7,18,,,,,,,,,,,,,{박무}0420-{박무}{강도0}0600-0830.,
135,추풍령,1992-07-12,20.1,19.7,420,21.1,1535,10.83,1.5,1300,7.6,1300,34.5,5.6,340,1508,3.7,340,1510,.4,369,340,19.1,94,0,94,22.1,987.2,1016.7,1020,1014.2,2400,1015.6,14.5,0,1500,.37,1.31,,,,,,9.5,6.1,21.6,18.1,,,,,,,,,,,,,{박무}0045-{박무}{강도0}0300-0515.  {비}0510-{비}{강도0}0300-{비}{강도0}0600-{비}{강도0}0900-{비}{강도1}1200-1440.  {이슬비}2030-{이슬비}{강도0}2100-{비}2115-2150.,
135,추풍령,1992-07-13,22,18.7,600,27.5,1509,9.08,14,510,20,500,47,5.3,140,1503,2,140,1540,.7,570,110,20.3,77,1500,90.5,23.9,984.4,1014.2,0,1010,1700,1012.6,14.5,3.6,930,2.34,13.26,,,,,,9,5.1,24.8,17.8,,,,,,,,,,,,,{비}0055-{비}{강도1}0300-{비}{강도2}0600-0740.  {비}1655-{비}{강도0}1800-1830.  {비}1855-1940.   {뇌전}{강도0}(NW 5-6)0115-0250.  {뇌전}{강도0}(NW 5-6)0325-0540.,
135,추풍령,1992-07-14,23.2,19.1,110,29,1540,4.95,4,1220,5.8,1213,10.9,6.2,110,1424,3,110,1430,.5,472,50,22.4,95,0,95,27.5,983.4,1013.3,0,1009,1600,1011.4,14.4,4.7,1245,2.3,15.28,,,,,,8,5.6,27.3,18.1,,,,,,,,,,,,,{박무}0440-{박무}{강도0}0600-0820.  {소나기}1213-1255.  {비}1710-{비}{강도0}1800-{비}{강도0}2100-2125.   {천둥}{강도0}(NW)1718-{천둥}{강도0}(NW)1800-1850.  {박무}2240-{박무}{강도0}2400-,
135,추풍령,1992-07-15,22.3,19,240,28.4,1456,2.25,8,1710,12.7,1700,15.8,5.2,140,1515,3,140,1530,.6,490,140,21,75,1522,92.5,25.2,982.5,1012.6,0,1008.1,1640,1010.6,14.4,2.6,1345,2.49,13.89,,,,,,9.5,5.5,26.3,17.1,,,,,,,,,,,,,-{박무}-{박무}{강도0}0300-{박무}{강도0}0600-{박무}{강도0}0900-1050.  {박무}1430-{박무}{강도0}1500-1530.  {천둥}{강도0}(NW)1650-{뇌전}{강도0}(NW 6-10)1710-1730.,
135,추풍령,1992-07-16,21.2,19.2,557,23.2,1505,4.75,.3,1620,.7,1545,1.2,5,90,1802,2,90,1800,.9,762,50,20,93,200,93.3,23.5,979.5,1010.6,0,1005.1,2400,1007.6,14.4,0,1400,.63,3.72,,,,,,10,5.6,24.1,18.2,,,,,,,,,,,,,{비}1345-1425.  {비}1525-{비}{강도0}1800-1930.  {박무}0215-{박무}{강도0}0300-{박무}{강도0}0600-{박무}{강도0}0900-{박무}{강도0}1200-{박무}{강도0}1500-1520.,
135,추풍령,1992-07-17,21.1,19,420,26,1750,14.67,4.7,1120,21.4,550,100,13.2,230,1835,9,230,1840,1,858,230,20.2,86,1800,94.8,23.8,972,1005.1,0,994.6,1735,1000,14.4,0,1430,.62,2.5,,,,,,9,6.1,22.3,18.8,,,,,,,,,,,,,{비}0035-{비}{강도1}0300-{비}{강도1}0600-{비}{강도1}0900-{비}{강도1}1200-1340.  {비}1740-{비}{강도0}1800-1915.  {뇌전}{강도1}(SW 5-6)0655-{뇌전}{강도1}(SW 5-6)0702.,
135,추풍령,1992-07-18,24.4,21.5,653,28.5,1600,,,,,,,9,270,315,5.7,270,340,1.6,1359,270,22.8,71,1710,91.3,27.8,974,1005.6,2400,998.6,0,1001.7,14.4,3.4,900,1.72,12.72,,,,,,8.8,5.5,24,18.8,,,,,,,,,,,,,{박무}1310-{박무}{강도0}1500-{박무}{강도0}1800-{박무}{강도0}2100-{박무}{강도0}2400-,
135,추풍령,1992-07-19,26,20.1,625,32.2,1505,,,,,,,5,290,1831,2.7,290,1840,1.2,998,290,22.9,53,1538,84.8,28,979.6,1009.7,2400,1005.6,0,1007.3,14.3,8.2,1000,2.6,18.55,,,,,,6.8,2.9,27.8,18.1,,,,,,,,,,,,,-{박무}-{박무}{강도0}0300-{박무}{강도0}0600-{박무}{강도0}0900-{박무}{강도0}1200-{박무}{강도0}1500-{박무}{강도0}1800-{박무}{강도0}2100-{박무} {강도0}2400-,
135,추풍령,1992-07-20,26.4,21.6,347,32.7,1414,,,,,,,5,160,1710,3.7,160,1740,1,886,160,24.3,58,1612,89,30.6,981.9,1011,800,1008.2,1640,1009.6,14.3,3.8,1200,2.49,16.57,,,,,,7,5,28.4,20.3,,,,,,,,,,,,,-{박무}-{박무}{강도0}0300-{박무}{강도1}0600-{박무}{강도0}0900-1045.,
135,추풍령,1992-07-21,26.7,20.8,517,33.8,1550,,,,,,,7.2,70,1129,6,70,1140,2,1708,230,22.8,58,1456,80.8,27.8,982.2,1011.2,606,1007.9,1529,1009.8,14.3,4.3,1300,1.78,12.48,,,,,,4,4.8,28.6,19,,,,,,,,,,,,,,
135,추풍령,1992-07-22,25.3,21.5,510,31.2,1215,1.5,5.5,2120,14.2,2045,16.6,8.3,250,1331,6.7,250,1330,2.9,2467,250,22.9,62,1200,86.5,28.2,981.7,1011.3,2400,1006.9,1530,1009.5,14.3,8,1000,1.62,12.32,,,,,,6.8,5.5,28.6,19.6,,,,,,,,,,,,,{소나기}1715-1720.  {소나기}2020-{소나기}{강도0}2100-2145.,
135,추풍령,1992-07-23,26.4,22.7,2400,31.6,1658,,,,,,,6.5,250,1158,5.3,250,1210,2.3,1968,250,23.5,53,1540,85.5,29,983.8,1012.8,1143,1010.2,1800,1011.5,14.2,6.9,1130,3,20.81,,,,,,4.3,3.4,28.9,21.2,,,,,,,,,,,,,{박무}0410-{박무}{강도0}0600-0840.,
135,추풍령,1992-07-24,27.1,21.3,558,33.7,1623,,,,,,,5.1,230,858,4,230,910,1.4,1213,230,24,54,1533,85.3,30,983.4,1012.8,600,1008.3,1700,1011.1,14.2,8.5,1230,2.74,20.78,,,,,,4.3,2,28.9,19.2,,,,,,,,,,,,,{박무}0040-{박무}{강도0}0300-{박무}{강도0}0600-{박무}{강도0}0900-1030.,
135,추풍령,1992-07-25,26.9,23.7,640,31.3,1504,,,,,,,8.3,250,204,6.3,250,210,3,2607,250,23.5,58,1355,82,28.9,982.8,1012.3,2300,1008.1,1600,1010.5,14.2,10.1,1200,2.78,20.3,,,,,,4.8,3.1,28.6,21.3,,,,,,,,,,,,,,
135,추풍령,1992-07-26,27.4,23.1,630,32.4,1555,,,,,,,8.2,250,655,6.7,250,650,3.2,2762,250,22.8,52,1652,77.3,27.8,982.6,1012.2,600,1006.9,1730,1010.1,14.2,8.2,1200,3.08,22.78,,,,,,4.8,1.9,29.8,20.4,,,,,,,,,,,,,,
135,추풍령,1992-07-27,27.5,22.9,635,32,1552,,,,,,,8.3,250,320,7.3,250,310,4.6,3944,250,24.4,68,1426,84,30.8,980.5,1009.3,600,1006.7,1600,1008,14.1,8.6,1130,3.29,24.19,,,,,,3,2.3,30.7,20.3,,,,,,,,,,,,,{박무}1920-{박무}{강도0}2100-{박무}{강도0}2400-,
135,추풍령,1992-07-28,28.1,25.6,422,32.5,1558,,,,,,,5.7,250,1446,4.7,250,1415,1.5,1316,250,25.8,69,1537,88.5,33.2,981.3,1009.9,1000,1006.9,1800,1008.8,14.1,5.6,1400,2.18,15.32,,,,,,5.5,3,31.5,21.8,,,,,,,,,,,,,-{박무}-{박무}{강도0}0300-{박무}{강도0}0600-{박무}{강도0}0900-{박무}{강도0}1200-{박무}{강도0}1500-{박무}{강도0}1800-{박무}{강도0}2100-{박무} {강도0}2400-,
135,추풍령,1992-07-29,28.4,23.4,620,34.4,1516,,,,,,,5.4,200,1045,3.7,200,1110,1.4,1250,200,25.1,53,1540,84.8,32,979.4,1009.4,600,1003.8,1800,1006.7,14.1,9.5,1200,3.2,24.57,,,,,,2.3,2.6,33.3,21.3,,,,,,,,,,,,,-{박무}-{박무}{강도0}0300-{박무}{강도0}0600-{박무}{강도0}0900-{박무}{강도0}1200-1420.,
135,추풍령,1992-07-30,27.8,21.2,630,32.7,1505,,,,,,,9,20,1308,6.7,20,1330,1.9,1676,20,24.2,67,1310,81.5,30.4,975.3,1006,0,1000,1720,1002.6,14.1,6.5,930,2.26,16.23,,,,,,2,2.9,32.1,18.6,,,,,,,,,,,,,{박무}0120-{박무}{강도0}0300-{박무}{강도0}0600-0820.  {박무}1920-{박무}{강도0}2100-{박무}{강도0}2400-  {번개}{강도0}(NW)2040-{번개}{강도0}(NW)2100-2325.,
135,추풍령,1992-07-31,26.6,22,2350,31.2,1540,.92,6.7,100,7.5,30,7.5,6.3,230,1153,4.3,230,1210,1.6,1365,290,23.8,58,1540,85.8,29.5,977.3,1008,2400,1001.7,0,1004.8,14,10.1,1300,2.48,19.7,,,,,,5.3,3.6,29.7,20.6,,,,,,,,,,,,,{소나기}0030-0125.  -{박무}-{박무}{강도0}0300-{박무}{강도0}0600-{박무}{강도0}0900-{박무}{강도0}1200-1445.,
135,추풍령,1992-08-01,25.6,20.8,450,30.4,1540,,,,,,,5,70,2340,3.7,70,2310,1.1,918,70,23.5,67,1527,88.8,28.9,981.3,1010.6,2400,1007.4,1540,1009,14,4.5,1400,2.46,17.25,,,,,,4,2.6,29.2,19.7,,,,,,,,,,,,,{박무}0410-{박무}{강도0}0600-{박무}{강도0}0900-{박무}{강도0}1200-{박무}{강도0}1500-{박무}{강도0}1800{박무}{강도0}2100-{박무}{강도0}2400,
135,추풍령,1992-08-02,24.2,20.6,225,29.1,1628,.3,.3,2005,.3,,.3,6,50,1915,3.3,50,1930,1.5,1293,70,22,70,1524,88.3,26.5,984.1,1014,2400,1009.9,1610,1012,14,3.9,1400,2.01,14.49,,,,,,6,4.8,29.6,18.8,,,,,,,,,,,,,-{박무}-{박무}{강도0}0300-0520.{소나기}2005-2023.,
135,추풍령,1992-08-03,22.3,17.5,550,28.2,1515,,,,,,,7,50,1738,6,50,1740,2.2,1900,50,18.3,57,1610,79.5,21.2,986.1,1016,2300,1012.6,1800,1014.3,13.9,8.6,1200,1.92,15.42,,,,,,4,2.9,27.1,14.1,,,,,,,,,,,,,,
135,추풍령,1992-08-04,22.7,16.4,550,29,1626,,,,,,,8.2,50,832,6.7,50,850,2.4,2038,50,17.1,43,1730,72.5,19.6,984.7,1016.5,100,1008.7,1800,1012.8,13.9,9.7,1255,3.33,24.8,,,,,,2.5,1.4,27.8,13,,,,,,,,,,,,,,
135,추풍령,1992-08-05,21.1,18.5,840,22.9,1504,5.58,.3,1605,.7,1535,1.7,4.2,50,1323,2.3,50,1350,.7,606,50,19.9,77,0,92.5,23.3,980.4,1010.7,0,1006.9,1832,1008.5,13.9,0,1215,.66,4.19,,,,,,9.8,5.6,23.4,18.2,,,,,,,,,,,,,{비}0750-{비}{강도0}0900-{이슬비}0940-{이슬비}{강도0}1200-1220.{이슬비}1530-{비}1550-1635.{박무}1840-{박무}{강도0}2100-{박무}{강도0}2400,
135,추풍령,1992-08-06,23.6,21.2,630,29,1440,.33,.2,1710,.2,,.2,3.3,140,1550,3,140,1540,.5,472,20,21.8,70,1525,90.3,26.2,980.8,1010.1,900,1007.1,1800,1008.8,13.9,1.3,1300,1.93,10.3,,,,,,8.8,5.4,26.8,20.1,,,,,,,,,,,,,-{박무}-{박무}{강도0}0300-{박무}{강도0}0600-{박무}{강도0}0900-1050.{소나기}1710-1720.,
135,추풍령,1992-08-07,24,19.7,350,30.6,1303,.5,.1,1638,.2,1625,.2,7,230,1246,6.3,230,1230,.9,790,230,21.9,67,1252,88.8,26.2,978.9,1009.4,0,1004.1,1748,1006.6,13.8,2.6,1030,2.89,13.83,,,,,,9.5,6.6,26.8,18.5,,,,,,,,,,,,,{박무}0020-{시정(미만)}{1km}{안개}0150-{안개}{강도0}0300-{시정(미만)}{0.5km}{안개}0320-{시정(이상)}{0.5km}{안개}0420-{시정(이상)}{1km}{박무}0450-{박무}{강도0}0600{박무}{강도0}0900-1045.{박무}1940-{박무}{강도0}2100-{박무}{강도0}2400-{비}1625-1655.,3
135,추풍령,1992-08-08,24.5,21.2,500,30.4,1412,,,,,,,5.5,20,1708,4.7,20,1730,1,880,70,22.6,63,1605,89.8,27.4,976.6,1007.1,23,1001,1337,1004.3,13.8,3.4,1300,2.97,14.28,,,,,,8,5.4,29.1,18.4,,,,,,,,,,,,,-{박무}-{박무}{강도0}0300-{박무}{강도0}0600-{박무}{강도0}0900-1020.,
135,추풍령,1992-08-09,24,20.6,240,27.6,1457,,,,,,,6.3,70,1102,4.3,70,1120,1.2,1076,110,22.4,81,1500,91.5,27.2,981.7,1012.2,2200,1006.9,0,1009.6,13.8,.5,1400,1.39,10.66,,,,,,8.8,5.6,28.8,17.9,,,,,,,,,,,,,{박무}1050-{박무}{강도0}1200-{박무}{강도0}1500-{박무}{강도0}1800-{박무}{강도0}2100-{박무}{강도0}2400,
135,추풍령,1992-08-10,25.3,21.1,610,30.9,1507,,,,,,,4.8,110,1345,3.7,160,1410,.7,640,140,22.8,64,1519,87.5,27.9,984.4,1013.8,900,1010.5,1530,1012.2,13.7,4.8,1055,3.14,19.52,,,,,,8.5,4.9,31,20.1,,,,,,,,,,,,,-{박무}-{박무}{강도0}0300-{박무}{강도0}0600-{박무}{강도0}0900-{박무}{강도0}1200-{박무}{강도0}1500-1650.{박무}1940-{박무}{강도0}2100-{박무}{강도0}2400,
135,추풍령,1992-08-11,22.7,20.7,710,24.6,1415,7.5,8.5,1610,19.8,1602,28.1,4.5,140,612,3.3,140,630,.7,626,140,21.8,94,1000,94.8,26.1,983.2,1012.7,800,1009,2400,1011.2,13.7,0,1300,1.19,3.8,,,,,,10,5.6,25.1,20.4,,,,,,,,,,,,,-{박무}-{박무}{강도0}0300-0440.{박무}1240-{박무}{강도0}1500-1540.{박무}1940-{박무}{강도0}2100-{박무}{강도0}2400{비}0503-{비}{강도0}0600-{비}{강도0}0900-0910.{비}0950-1050.{소나기}1602-{비}1715-1730.{비}1750-{비}{강도0}1800-1830.,
135,추풍령,1992-08-12,21.9,17.7,1150,25.2,1530,10.83,5,1040,16.6,1000,55.1,6.7,70,1005,4.7,70,1010,1.4,1190,110,20.8,84,1534,93.5,24.6,976.6,1009,0,1001.6,1453,1004.6,13.7,1.3,1400,2.09,7.78,,,,,,8.8,5.3,25.2,17,,,,,,,,,,,,,-{박무}-0210.{비}0230-{비}{강도0}0300-{비}{강도1}0600-{비}{강도1}0900-{비}{강도1}1200-1320.,
135,추풍령,1992-08-13,22.9,16,605,29.9,1603,,,,,,,5.4,110,1428,4.7,110,1530,1.4,1224,90,21,72,1503,89.5,25,974.2,1003.4,0,1000.4,1500,1001.9,13.6,5.6,1345,2.95,19.3,,,,,,4.8,3.9,26.5,15.2,,,,,,,,,,,,,{박무}0430-{박무}{강도0}0600-0830.{박무}1920-{박무}{강도0}2100-{박무}{강도0}2400,
135,추풍령,1992-08-14,20.7,19.7,2130,22.7,1628,17,3.2,530,12.6,510,36.2,7.2,50,2155,4.7,50,2140,1.6,1360,50,19.9,94,1210,94.5,23.2,974.5,1003.5,1131,1001.6,315,1002.5,13.6,0,1245,.81,3.31,,,,,,10,6.3,22.5,19.4,,,,,,,,,,,,,-{박무}-{박무}{강도0}0300-0420.{비}0420-{비}{강도1}0600-{비}{강도0}0900-{비}{강도0}1200-{비}{강도0}1500-1730.{비}2010-{비}{강도0}2100-{비}{강도0}2400,
135,추풍령,1992-08-15,20.5,18.5,608,22.3,1503,12,.3,1250,.5,0,2.5,6.8,70,110,4.7,70,100,1.5,1339,70,19.5,94,830,94.3,22.7,975.9,1007.7,2400,1002,300,1004,13.6,0,1100,1.04,4.86,,,,,,10,6.4,22.8,17.8,,,,,,,,,,,,,-{비}-{비}{강도0}0300-{비}{강도0}0600-{이슬비}0630-0840.{비}1245-{이슬비}1330-{이슬비}{강도0}1500-1515.{비}2030-{비}{강도0}2100-2120.{박무}0020-{박무}{강도0}0300-{박무}{강도0}0600-{박무}{강도0}0900-{박무}{강도0}1200-{박무}{강도0}1500{박무}{강도0}1800-{박무}{강도0}2100-{박무}{강도0}2400,
135,추풍령,1992-08-16,23,20.6,550,27.8,1650,4.58,11.2,1920,30.2,1830,38.2,5.8,70,2059,4,70,2120,1.1,988,50,22,92,1246,94.3,26.7,981.1,1011,2300,1007.7,0,1009.1,13.5,1.4,1115,1.74,10.05,,,,,,9.5,6.9,25,19.6,,,,,,,,,,,,,-{박무}-{박무}{강도0}0300-{박무}{강도0}0600-{시정(미만)}{1km}{안개}0715-{시정(미만)}{0.5km}{안개}0740-{시정(미만)}{0.2km}{안개}0810-{시정(이상)}{0.2km}{안개}0840-{안개}{강도1}0900-{시정(이상)}{0.5km}{안개}0910-{시정(이상)}{1km}{박무}0940-{박무}{강도0}1200-1340.{비}0020-0140.{소나기}1815-{비}1835-{비}{강도0}2100-2130.,2.42
135,추풍령,1992-08-17,22.8,20.8,450,25.9,1515,,,,,,,5.3,70,915,3.7,70,910,1.7,1438,90,21.8,93,1045,94,26.2,982.5,1011.8,800,1008.7,1850,1010.5,13.5,.7,900,1.69,11.03,,,,,,8,5.3,25.3,20,,,,,,,,,,,,,,
135,추풍령,1992-08-18,22.6,20.4,610,26,1502,,,,,,,6.2,70,1528,4,70,1510,1.7,1450,50,21.3,81,1612,92.8,25.4,978.3,1009.8,0,1003.6,1822,1006.3,13.5,1.6,1400,1.63,8.79,,,,,,9.5,5.5,25.4,18.1,,,,,,,,,,,,,,
135,추풍령,1992-08-19,23.6,19.1,405,29.8,1514,,,,,,,7.2,50,1320,6.7,230,1027,1.8,1594,250,21.1,63,1422,86.8,25.1,973.7,1003.9,0,999.4,1500,1001.4,13.4,4.4,1300,2.61,17.42,,,,,,5.8,4.5,26.4,17.8,,,,,,,,,,,,,,
135,추풍령,1992-08-20,23.4,19.1,325,28.6,1505,,,,,,,4.6,230,920,3,230,940,.8,717,140,21.5,69,1202,89.8,25.8,975.3,1005.4,2400,1001.7,1500,1003,13.4,2,800,2.08,11.64,,,,,,6,4.4,25.9,16.9,,,,,,,,,,,,,,
135,추풍령,1992-08-21,23.8,19.1,610,28.2,1510,,,,,,,3.7,140,1502,2.7,140,1540,.7,568,140,21.4,74,1230,86.8,25.5,978.3,1007.3,2400,1005.1,1600,1006,13.4,5.5,1200,1.77,13.3,,,,,,4.5,3.4,26.1,16.8,,,,,,,,,,,,,,
135,추풍령,1992-08-22,24.2,20.2,505,30.6,1452,4.08,.4,1840,.8,1840,1.3,7.5,290,1859,6.7,270,1920,1,879,140,21.9,68,1424,88.3,26.3,980.2,1009.5,700,1005.6,1725,1008.1,13.3,6.3,1345,2.99,18.99,,,,,,7,5.8,27.7,18.6,,,,,,,,,,,,,{비}0620-0740.{비}1835-{비}{강도0}2100-2120.{박무}2240-{박무}{강도0}2400,
135,추풍령,1992-08-23,24.2,21.7,330,29.1,1300,.67,9,1610,13,1605,13.1,5.1,250,1622,3.7,250,1630,.9,750,320,23.2,77,1329,94.3,28.6,980.5,1010.5,2400,1006.9,1600,1008.4,13.3,2.3,1200,1.47,7.74,,,,,,9,6.3,27,20.9,,,,,,,,,,,,,-{박무}-{박무}{강도0}0300-{시정(미만)}{1km}{안개}0450-{안개}{강도0}0600-{시정(미만)}{0.5km}{안개}0640-{시정(이상)}{0.5km}{안개}0715-{시정(이상)}{1km}{박무}0830-{박무}{강도0}0900-{박무}{강도0}1200-{박무}{강도0}1500-{박무}{강도0}1800-{박무}{강도0}2100-{박무}{강도0}2400-{소나기}1605-1625.{비}1930-1950.,3.67
135,추풍령,1992-08-24,22.9,20.3,610,28.4,1205,7.25,3.5,2250,12,2230,26.6,4,90,1315,2.7,90,1310,.6,500,90,22.1,77,1130,94.8,26.6,982.6,1011.6,2200,1009.6,1600,1010.7,13.3,3,1000,1.93,8.93,,,,,,10,5.3,25.3,18,,,,,,,,,,,,,{비}1135-1140.{비}1335-{비}{강도1}1500-1620.{비}1935-{비}{강도0}2100-{비}{강도1}2400--{박무}{박무}{강도0}0300-{박무}{강도0}0600-{박무}{강도0}0900-{박무}{강도0}1200-{박무}{강도0}1500-{박무}{강도0}1800-{박무}{강도0}2100-{박무}{강도0}2400,
135,추풍령,1992-08-25,20.5,19,2345,21.7,1350,11.08,4,420,11.9,410,43.8,7.3,270,635,6.3,270,710,1.7,1490,50,19.5,94,610,94.5,22.7,983.4,1013.6,2100,1009.4,220,1011.7,13.2,0,1215,.86,4.51,,,,,,10,6,22.5,18.7,,,,,,,,,,,,,-{비}-{비}{강도0}0300-{비}{강도1}0600-{비}{강도0}0900-1030.{이슬비}1745-{이슬비}{강도0}1800-1820.-{박무}-{박무}{강도0}0300-{박무}{강도0}0600-{박무}{강도0}0900-1120.{박무}1825-2020.,
135,추풍령,1992-08-26,21.2,19.4,10,22.4,1210,9.98,.4,1715,.9,1700,3.1,4.3,70,945,3,70,910,1.5,1280,70,20.2,94,750,94.5,23.8,984.9,1014,950,1012,1650,1013.2,13.2,0,900,.49,2.46,,,,,,10,6.3,23.2,19.2,,,,,,,,,,,,,{비}1215-{비}{강도0}1500-1540.{비}1646-{비}{강도0}1800-{비}{강도0}2100-2320.{박무}0430-{박무}{강도0}0600-{박무}{강도0}0900-{박무}{강도0}1200-{박무}{강도0}1500-{박무}{강도0}1800-{박무}{강도0}2100-{박무}{강도0}2400,
135,추풍령,1992-08-27,23.5,21.6,235,25.4,1700,7.42,.5,1350,1.7,1330,2.9,4.3,110,608,2.7,110,650,.7,630,110,22.6,94,500,94.5,27.5,984.2,1014,2400,1010.9,500,1012.2,13.1,0,1030,.62,2.69,,,,,,9.5,5.6,24.2,20,,,,,,,,,,,,,-{박무}-{박무}{강도0}0300-{박무}{강도0}0600-{박무}{강도0}0900-{박무}{강도0}1200-{박무}{강도0}1500-{박무}{강도0}1800-{박무}{강도0}2100-{박무}{강도0}2400-{비}0540-{비}{강도0}0600-{비}{강도0}0900-0920.{비}1255-{비}{강도0}1500-1640.,
135,추풍령,1992-08-28,25.2,20.9,440,31.1,1520,,,,,,,6.7,90,2215,4.7,70,2230,1.7,1468,70,22.6,63,1455,87,27.4,986.3,1015.9,2400,1012.4,1600,1014.1,13.1,4.5,1230,2.64,15.15,,,,,,4,3.1,28.5,19.6,,,,,,,,,,,,,-{박무}-{박무}{강도0}0300-{박무}{강도0}0600-{시정(미만)}{1km}{안개}0620-{시정(미만)}{0.5km}{안개}0635-{시정(미만)}{0.2km}{안개}0645-{시정(이상)}{0.2km}{안개}0655-{시정(이상)}{0.5km}{안개}0710-{시정(이상)}{1km}{박무}0715-{박무}{강도0}0900-{박무}{강도0}1200-1240.{박무}2020-{박무}{강도0}2100-{박무}{강도0}2400,.92
135,추풍령,1992-08-29,25.2,21.1,625,29.9,1528,,,,,,,5.2,70,1740,3.7,70,1800,1.3,1162,70,23.5,73,1522,90.5,29,987.3,1016.1,800,1013,1700,1015.2,13.1,5.5,1300,1.44,11.47,,,,,,4.8,3.6,27.2,20,,,,,,,,,,,,,-{박무}-{박무}{강도0}0300-{박무}{강도0}0600-{박무}{강도0}0900-1120.,
135,추풍령,1992-08-30,25.8,21.5,640,30.6,1505,,,,,,,5,110,1955,3.7,110,1950,2.2,1870,110,23.4,65,1420,87.5,28.8,986.2,1015.9,100,1011.8,1700,1014,13,8,1100,2.38,15.47,,,,,,6,4.4,30.6,19.6,,,,,,,,,,,,,{박무}0225-{박무}{강도0}0300-{박무}{강도0}0600-0835.,
135,추풍령,1992-08-31,24.5,22,455,27.2,1325,,,,,,,9.8,110,1658,5,110,1310,2,1702,110,23.1,78,1529,92,28.3,985.1,1014.9,0,1011.4,1550,1013,13,0,1245,1.22,7.71,,,,,,10,5.3,26.1,21.2,,,,,,,,,,,,,{박무}0620-{박무}{강도0}0900-1030.{박무}2240-{박무}{강도0}2400,
135,추풍령,1992-09-01,24,22.4,540,25.8,1820,5,.1,720,.2,700,.3,8,140,1720,4.3,140,1810,2.6,2236,110,22.4,80,2202,91,27.1,982.7,1013.4,0,1006.9,2400,1010.5,13,0,1500,.32,2.19,,,,,,10,5.6,24.7,21.8,,,,,,,,,,,,,-{박무}-{박무}{강도0}0300-{박무}{강도0}0600-0620.{비}0640-{비}{강도0}0900-0940.{비}1120-{비}{강도0}1200-1320.,
135,추풍령,1992-09-02,25.6,24.2,440,28,1530,5.5,1.6,2335,2.9,2245,6.9,5.3,230,1210,2.7,270,1650,1.1,951,270,24.4,87,1600,92.5,30.5,977.3,1006.9,0,1003.5,600,1004.8,12.9,0,1300,.92,4.82,,,,,,9.5,6.5,26.1,22.4,,,,,,,,,,,,,{비}0750-{비}{강도0}0900-1020.{비}1120-{비}{강도0}1200-1310.{비}2230-2250.{비}2310-{비}{강도0}2400,
135,추풍령,1992-09-03,24.7,21.8,640,28.5,1232,5.67,2.3,310,8.5,310,20.9,9.3,270,658,6,270,1720,2,1756,270,23.2,67,1310,91.5,28.5,976.5,1006.2,0,1002.6,1618,1004.2,12.9,2.6,1015,2.69,9.74,,,,,,8.5,5.3,25.9,21.1,,,,,,,,,,,,,-{비}-0040.{비}0120-{비}{강도1}0300-{비}{강도0}0600-0620.,
135,추풍령,1992-09-04,24.1,20.3,2350,28.5,1540,1,.6,620,.8,540,.8,7.3,270,1410,4.7,270,1430,2.6,2236,290,20.8,60,1610,83,24.7,978.3,1009,2200,1004,50,1006,12.8,8.3,1200,2.84,19.98,,,,,,3,2.6,26.9,19.4,,,,,,,,,,,,,{비}0540-{비}{강도0}0600-0640.{박무}2025-{박무}{강도0}2100-{박무}{강도0}2400,
135,추풍령,1992-09-05,23.1,17.1,610,29.9,1530,,,,,,,4.7,140,1140,2.3,140,1110,.6,554,50,19.2,47,1457,81.8,22.3,981.5,1011.7,2400,1007.5,1500,1009.4,12.8,9.9,1100,2.67,21.18,,,,,,.5,.9,26.9,14.8,,,,,,,,,,,,,-{박무}-{박무}{강도0}0300-{박무}{강도0}0600-{박무}{강도0}0900-{박무}{강도0}1200-1420.{박무}1720-{박무}{강도0}1800-{박무}{강도0}2100-{박무}{강도0}2400,
135,추풍령,1992-09-06,24.1,20.3,610,29.8,1505,,,,,,,5.3,140,1042,4,140,1040,1,822,140,20.5,55,1450,82,24.1,983.6,1013.1,900,1009.4,1500,1011.6,12.8,5.6,1300,2.85,19.75,,,,,,5.5,4.5,28.4,18.8,,,,,,,,,,,,,-{박무}-{박무}{강도0}0300-{박무}{강도0}0600-{박무}{강도0}0900-{박무}{강도0}1200-{박무}{강도0}1500-{박무}{강도0}1800-{박무}{강도0}2100-{박무}{강도0}2400,
135,추풍령,1992-09-07,21.8,20.5,2110,23.4,1408,11.17,.9,1300,3.3,1300,8.2,5.2,160,1604,3.7,160,1620,.5,394,90,21,93,1331,95.3,24.9,982.6,1012,1010,1008.6,1647,1010.7,12.7,0,1000,.76,5,,,,,,10,6.1,23.9,20,,,,,,,,,,,,,-{박무}-{박무}{강도0}0300-{박무}{강도0}0600-{박무}{강도0}0900-{박무}{강도0}1200-{박무}{강도0}1500-{박무}{강도0}1800-{박무}{강도0}2100-{박무}{강도0}2400-{비}0610-{비}{강도0}0900-{비}{강도0}1200-{비}{강도0}1500-1720.,
135,추풍령,1992-09-08,21.2,17.8,2250,25.6,1402,8.28,1,510,4.5,510,14.9,6.3,290,1735,5.3,290,1730,1.7,1478,270,19.7,65,1632,91.8,23,981,1012.2,2400,1007.9,1400,1009.2,12.7,.5,1300,1.6,8.59,,,,,,10,6.5,23.5,17.2,,,,,,,,,,,,,{비}0208-{비}{강도0}0300-{비}{강도1}0600-0830.{비}1650-{비}{강도0}1800-1825.{비}2020-2040.-{박무}-{박무}{강도0}0300-{박무}{강도0}0600-{박무}{강도0}0900-1015.,
135,추풍령,1992-09-09,18.7,14.4,2400,24.1,1458,7.83,.2,607,.6,605,1.7,6.9,320,4,5.3,320,20,.9,806,140,17,69,1510,90.5,19.5,983.2,1013,911,1010.6,1730,1011.7,12.7,0,1415,.86,5.74,,,,,,10,5.8,20.3,11.5,,,,,,,,,,,,,{비}0540-{비}{강도0}0600-{비}{강도0}0900-{비}{강도0}1200-1330.,
135,추풍령,1992-09-10,18.7,12.8,315,26.3,1520,,,,,,,5.2,110,1120,3.3,110,1150,.6,551,110,15.5,49,1650,84.5,17.8,982.5,1012.4,900,1008.5,1755,1010.9,12.6,7.4,1000,2.51,17.2,,,,,,5.5,4.1,22.9,9.9,,,,,,,,,,,,,,
135,추풍령,1992-09-11,18.7,13,642,25.2,1455,,,,,,,11.5,270,1504,9.3,270,1540,1.7,1506,270,15.3,50,1528,82.8,17.4,981.4,1011,910,1007.6,1600,1009.9,12.6,10.5,1045,2.74,20.5,,,,,,1.5,.8,21.6,10.4,,,,,,,,,,,,,{박무}0615-0820.,
135,추풍령,1992-09-12,18.5,13.4,322,24.2,1340,2.25,.1,1545,.1,1525,.1,5.2,320,958,4.3,320,930,.7,594,110,16.4,56,1234,87.8,18.9,980.3,1010.9,0,1007.3,1500,1008.8,12.5,.3,1100,1.8,9.27,,,,,,7,4.5,21.5,10.9,,,,,,,,,,,,,{비}1525-1740.{박무}1840-{박무}{강도0}2100-{박무}{강도0}2400,
135,추풍령,1992-09-13,17.2,15.2,645,18.8,10,19.58,1.4,800,5.4,720,23.7,9.2,70,1150,5.3,70,1120,1.8,1583,70,16.7,90,410,97,19.1,977.5,1007.8,555,1004,1500,1006,12.5,0,1030,.25,1.32,,,,,,10,6.4,18.6,14.9,,,,,,,,,,,,,-{박무}-{박무}{강도0}0300-0320.{박무}1820-{박무}{강도0}2100-{박무}{강도0}2400-{비}0145-{비}{강도0}0300-{비}{강도0}0600-{비}{강도1}0900-{비}{강도0}1200-{비}{강도0}1500-{비}{강도0}1800-{비}{강도0}2100-2120.,
135,추풍령,1992-09-14,20.2,17.5,230,25.1,1522,,,,,,,10.8,290,1505,8.3,290,1507,3.9,3364,290,17.5,52,1710,85.3,20,979,1010.3,2240,1005,0,1007.3,12.5,2.4,1100,2.3,13.73,,,,,,7.3,4.6,22,13.9,,,,,,,,,,,,,-{박무}-{박무}{강도0}0300-{박무}{강도0}0600-0825.,
135,추풍령,1992-09-15,20,14.8,410,27.8,1430,,,,,,,5.7,270,858,4.7,270,840,1.7,1500,320,14.7,36,1710,75,16.7,982.3,1012.3,2400,1008.2,1600,1010.7,12.4,9.1,1200,2.67,21.29,,,,,,.3,.8,23,11.7,,,,,,,,,,,,,{박무}0210-{박무}{강도0}0300-{박무}{강도0}0600-0820.,
135,추풍령,1992-09-16,18.9,13.7,653,25.4,1520,,,,,,,9.7,270,1305,7,270,1250,3,2560,270,14.4,48,1832,76,16.6,983.5,1013.5,2330,1009.3,1528,1011.9,12.4,7.1,1030,2.41,15.6,,,,,,1,2,21.4,10.8,,,,,,,,,,,,,{박무}0420-{박무}{강도0}0600-{박무}{강도0}0900-{박무}{강도0}1200-1420.,
135,추풍령,1992-09-17,17.6,13.8,430,24.4,1505,,,,,,,8.3,320,640,7.7,320,620,2.7,2318,320,10.2,40,1630,63.8,12.6,986.3,1016.7,2215,1013.4,0,1015.1,12.4,10.1,1100,2.71,18.51,,,,,,4.5,2.4,21.4,12.3,,,,,,,,,,,,,,
135,추풍령,1992-09-18,17.5,13.8,410,23.4,1403,,,,,,,6.2,290,830,5.3,290,840,.9,752,50,14.7,63,1300,84,16.8,987.8,1018,2240,1014.5,1500,1016.5,12.3,.9,1100,1.78,9.11,,,,,,8,4.8,19.6,11.3,,,,,,,,,,,,,{박무}2220-{박무}{강도0}2400,
135,추풍령,1992-09-19,18.1,11.9,710,24.9,1450,,,,,,,8.2,270,1108,7,270,1120,2.2,1882,270,13.5,42,1218,77.3,15.6,991.2,1022.4,2400,1018,0,1020,12.3,5.5,1230,2.45,15.15,,,,,,4,2.8,19.4,7.9,,,,,,,,,,,,,-{박무}-{박무}{강도0}0300-0520.{박무}1620-{박무}{강도0}1800-{박무}{강도0}2100-{박무}{강도0}2400┃[,
135,추풍령,1992-09-20,17.3,13.4,258,21.9,1540,.17,0,,0,,0,7.3,90,1158,4.7,90,1120,1.3,1152,90,15.5,74,1700,89.3,17.7,993.9,1024.2,2400,1020.2,1600,1022.8,12.2,.2,1200,1.06,7.26,,,,,,9.5,5.8,20.5,10,,,,,,,,,,,,,{비}1840-1850.-{박무}-{박무}{강도0}0300-{박무}{강도0}0600-{박무}{강도0}0900-{박무}{강도0}1200-1425.,
135,추풍령,1992-09-21,18.7,14,705,24,1510,,,,,,,10.1,110,1650,6.3,140,1550,1.7,1488,90,13.9,53,1450,75.3,16,993.5,1024.2,0,1019.9,1440,1022.3,12.2,4.6,1230,2.01,13.05,,,,,,5,4.4,21.3,9.7,,,,,,,,,,,,,{박무}0450-{박무}{강도0}0600-{박무}{강도0}0900-1040.,
135,추풍령,1992-09-22,17.5,10.8,640,23.6,1505,,,,,,,10.5,90,1110,6.3,90,1150,2,1768,90,12.4,49,1335,73.5,14.4,992.9,1023.8,230,1019,1555,1021.8,12.2,6.8,1000,2.5,13.93,,,,,,2.8,2.8,20.8,5.9,,,,,,,,,,,,,,
135,추풍령,1992-09-23,16.8,12.7,505,19.5,1305,.42,.1,,.1,,.1,5,180,1110,3.3,160,1520,1.2,1010,140,15.5,83,1205,92.8,17.8,989.5,1021.1,100,1016.2,1700,1018.4,12.1,0,1200,1.27,5.84,,,,,,7.5,5.3,18.8,9.5,,,,,,,,,,,,,{비}1415-1440.{박무}1740-{박무}{강도0}1800-{박무}{강도0}2100-{박무}{강도0}2400,
135,추풍령,1992-09-24,20.4,17.8,110,22.4,1800,22.58,2,1550,8.9,1520,60.7,11.8,90,1220,8,90,1230,2,1710,90,19.7,96,0,96,23.1,976.5,1016.4,0,995.1,2250,1004.6,12.1,0,1130,.32,.89,,,,,,10,7.6,21.1,17.1,,,,,,,,,,,,,{비}0125-{비}{강도0}0300-{비}{강도0}0600-{비}{강도1}0900-{비}{강도1}1200-{비}{강도1}1500-{비}{강도0}1800-{비}{강도0}2100{비}{강도0}2400,
135,추풍령,1992-09-25,19.2,15,2352,23.5,1640,2.23,.6,40,1.7,0,2.1,12.5,290,325,11,290,310,4.4,3844,290,15.6,63,1625,80.5,17.9,977.7,1015,2400,995.1,0,1006.1,12,6.6,1245,2.55,14.2,,,,,,8,4.1,21.1,10.3,,,,,,,,,,,,,-{비}-0214.,
135,추풍령,1992-09-26,14.5,8.1,2400,21.9,1505,,,,,,,7.7,320,640,6.7,320,330,2.5,2201,320,7.3,39,1600,62.8,10.3,990.2,1024.6,2400,1015,0,1019.3,12,7.1,1100,1.84,13.39,,,,,,3.5,2.5,18.8,3.4,,,,,,,,,,,,,,
135,추풍령,1992-09-27,12.2,4.6,655,21.5,1505,,,,,,,6.4,90,1042,4.3,90,1020,1,860,90,7.2,35,1552,75.8,10.2,995.2,1026.3,900,1022.4,1700,1024.8,12,8.3,1230,2.79,20.8,,,,,,.5,.3,17.3,.9,,,,,,,,,,,,,,
135,추풍령,1992-09-28,12.7,8.4,350,19,1318,3.67,.3,2330,1.2,2240,1.7,6.8,90,1320,4.3,90,1340,1.5,1260,90,10.4,60,1320,87,12.7,992.1,1025.1,0,1015.4,2400,1021.5,11.9,1.6,1200,1.63,8.89,,,,,,8.8,4.6,16,5.8,,,,,,,,,,,,,{비}2020-{비}{강도0}2100-{비}{강도0}2400,
135,추풍령,1992-09-29,15.7,12.8,805,20.6,1520,11.33,3,1008,5.7,958,16.9,12.2,290,1410,10.3,290,2030,2.7,2358,290,11.8,49,1700,79.5,13.8,981.8,1015.4,0,1008,1320,1010.6,11.9,3.9,1215,2.81,9.67,,,,,,6.8,4.4,18.5,10.9,,,,,,,,,,,,,-{비}-{비}{강도0}0300-{비}{강도0}0600-{비}{강도0}0900-1120.,
135,추풍령,1992-09-30,15.6,10.6,2352,21.8,1620,,,,,,,9.2,290,1103,8.3,290,1120,2.8,2410,290,10.7,46,1522,74.8,12.9,987.9,1019.4,2400,1014,0,1016.8,11.9,8.3,1115,2.83,20.59,,,,,,0,0,18.3,8,,,,,,,,,,,,,,
135,추풍령,1992-10-01,15.5,7.8,650,25.2,1510,,,,,,,5.5,90,1612,3,90,1610,.7,576,180,12.6,53,1425,85.5,14.8,990.4,1021.1,900,1017.2,1500,1019.5,11.8,8.4,1300,2.44,18.09,,,,,,1.8,0,19.7,4.4,,,,,,,,,,,,,{박무}0220-{박무}{강도0}0300-{박무}{강도0}0600-0820.{박무}2240-{박무}{강도0}2400,
135,추풍령,1992-10-02,16.7,9.8,410,26.2,1515,,,,,,,5.9,90,1608,3.7,90,1610,.7,640,50,13.9,55,1430,86,16,990.1,1021.8,632,1016,1600,1019,11.8,8.5,1200,2.49,17.87,,,,,,4,1.4,21,5.9,,,,,,,,,,,,,-{박무}-{박무}{강도0}0300-{박무}{강도0}0600-{시정(미만)}{1km}{안개}0620-{시정(미만)}{0.5km}{안개}0720-{시정(이상)}{0.5km}{안개}0740-{시정(이상)}{1km}{박무}0830-{박무}{강도0}0900-{박무}{강도0}1200-1420.,2.17
135,추풍령,1992-10-03,17,12.9,550,21.4,1206,,,,,,,6.2,230,1418,5.3,230,1400,1.2,998,290,15,66,1620,89,17.1,986.9,1017.6,0,1013.1,1550,1015.6,11.7,.3,1100,1.54,7.3,,,,,,7.5,5.1,18.9,11.7,,,,,,,,,,,,,{박무}0220-{박무}{강도0}0300-{박무}{강도0}0600-{박무}{강도0}0900-1040.{박무}2020-{박무}{강도0}2100-{박무}{강도0}2400,
135,추풍령,1992-10-04,14.8,13.2,2400,17.2,20,10.17,.5,1140,1,1120,4.1,6.9,290,140,4.3,290,200,2.1,1832,290,14.1,88,1933,95.5,16.1,987.8,1019.8,2400,1014.9,330,1016.9,11.7,0,1230,.49,2.35,,,,,,10,6.8,17,12,,,,,,,,,,,,,-{박무}-{박무}{강도0}0300-{박무}{강도0}0600-{박무}{강도0}0900-{박무}{강도0}1200-{박무}{강도0}1500-1640.{이슬비}0230-{이슬비}{강도0}0300-{비}0340-{비}{강도0}0600-{비}{강도0}0900-{비}{강도0}1200-1240.,
135,추풍령,1992-10-05,11.8,7.7,2400,15.5,1420,6.22,.3,150,.7,150,2,3.7,140,1320,3.3,140,1310,1,878,90,10,70,1710,89.3,12.3,992.2,1024.8,2400,1019.2,100,1021.7,11.7,1.6,1200,1.08,6.75,,,,,,7.5,4.4,15.1,5,,,,,,,,,,,,,{비}0007-{비}{강도0}0300-{비}{강도0}0600-0620.,
135,추풍령,1992-10-06,11.9,5,450,18.6,1412,,,,,,,5.6,110,950,5,110,1000,1.2,1036,90,7.4,45,1618,76.8,10.4,995.2,1026.6,900,1022.5,1615,1024.8,11.6,8.3,1200,2.63,18.82,,,,,,3.5,2.6,15.9,1.4,,,,,,,,,,,,,,
135,추풍령,1992-10-07,13.7,9.2,638,20.8,1335,,,,,,,4.5,180,1342,3.3,180,1340,.8,682,180,9.1,46,1340,75.3,11.6,993.1,1024.6,0,1019.8,1610,1022.4,11.6,4.7,1200,2.47,12.49,,,,,,9.3,4.8,18,7.9,,,,,,,,,,,,,,
135,추풍령,1992-10-08,14.6,9.8,2400,19.7,1350,,,,,,,7.7,230,1405,7.3,230,1400,2.6,2248,320,9.3,44,1748,72.3,11.8,991.5,1021.9,0,1018.4,1500,1020.6,11.5,8.3,1130,2.7,15.39,,,,,,5.3,3,17.3,2,,,,,,,,,,,,,,
135,추풍령,1992-10-09,12.5,7.3,705,19.9,1510,,,,,,,11.3,270,1205,10.3,270,1210,2.8,2402,290,8.1,42,1510,78,10.8,991.6,1022.9,2400,1019.3,1552,1021,11.5,8.2,1100,2.54,18.64,,,,,,2,.8,15.1,3.5,,,,,,,,,,,,,{박무}0440-{박무}{강도0}0600-{박무}{강도0}0900-1020.,
135,추풍령,1992-10-10,12.3,4.7,735,20.4,1505,,,,,,,3,230,1620,2.7,230,1610,.7,620,70,8.3,43,1520,80.3,11,992.9,1024.3,800,1020.7,1400,1022.5,11.5,6.1,1030,2.25,13.49,,,,,,6.8,3.5,15.8,1.2,,,,,,,,,,,,,{박무}1620-{박무}{강도0}1800-{박무}{강도0}2100-{박무}{강도0}2400,
135,추풍령,1992-10-11,13.3,6.5,442,21.3,1530,,,,,,,6.2,250,1440,5.7,250,1150,1.4,1252,50,9.2,43,1334,80,11.7,991.5,1022.4,100,1017.9,1430,1020.8,11.4,7.2,1145,2.48,16.66,,,,,,3.8,.6,16,2.6,,,,,,,,,,,,,-{박무}-{박무}{강도0}0300-{박무}{강도0}0600-{박무}{강도0}0900-0920.{박무}1840-{박무}{강도0}2100-{박무}{강도0}2400,
135,추풍령,1992-10-12,12.3,6.3,655,19.6,1445,,,,,,,7.3,270,1240,5.3,270,1200,1.8,1597,270,8.6,49,1606,80.5,11.2,992.2,1023.7,2400,1019.9,1440,1021.7,11.4,6.1,1130,2.45,17.32,,,,,,2.8,1.6,14.1,2.8,,,,,,,,,,,,,-{박무}-{박무}{강도0}0300-{박무}{강도0}0600-{박무}{강도0}0900-{박무}{강도0}1200-{박무}{강도0}1500-{박무}{강도0}1800-{박무}{강도0}2100-{박무}{강도0}2400,
135,추풍령,1992-10-13,13.4,6.9,358,21.4,1420,,,,,,,5.7,90,1140,4.7,90,1250,1.2,1071,90,9.3,49,1400,79,11.8,993.3,1024.6,900,1020.2,1700,1022.7,11.4,6.7,1200,2.22,14.24,,,,,,5.8,1.3,16.6,4.5,,,,,,,,,,,,,-{박무}-{박무}{강도0}0300-{박무}{강도0}0600-0810.,
135,추풍령,1992-10-14,12.7,6.3,540,21.6,1235,,,,,,,5.9,110,1150,4.3,110,1100,.9,786,50,9.8,51,1158,85,12.2,989.5,1022.4,0,1015.7,1540,1018.9,11.3,5.8,1100,2.92,15.43,,,,,,5,3.6,13.5,2.4,,,,,,,,,,,,,,
135,추풍령,1992-10-15,15.5,12.4,410,21.4,1522,,,,,,,4.7,90,1338,4,90,2240,1.1,952,90,12.7,58,1520,85.3,14.7,986.6,1017,100,1013.5,1710,1015.5,11.3,2.4,1000,1.94,10.91,,,,,,6.8,5.5,18.8,9.5,,,,,,,,,,,,,,
135,추풍령,1992-10-16,15.7,10.6,710,22,1232,1.75,3.9,2305,6.5,2300,7.1,5,180,1015,2.7,180,1010,.9,736,70,12.8,56,1520,84.3,14.8,985.6,1016.2,0,1012.3,1500,1014.5,11.2,4.8,1100,2.42,11.6,,,,,,7.8,4.6,19.2,6.4,,,,,,,,,,,,,{비}2215-{비}{강도0}2400-{박무}2320-{박무}{강도0}2400,
135,추풍령,1992-10-17,14.6,11.7,2400,19.3,1321,7.25,.8,1800,1.6,1750,5.4,5.7,90,1117,4.7,110,1410,1.5,1260,70,12.6,66,1438,89.3,14.6,987,1018,2400,1014.2,1500,1016,11.2,1.7,1230,1.33,6.26,,,,,,10,5.6,17.2,11.2,,,,,,,,,,,,,-{비}-0015.{비}0325-0420.{소나기}1555-1640.{소나기}1750-{소나기}{강도0}1800-{비}1920-2020.{비}2110-{비}{강도0}2400-{천둥}{강도0}(NW)1740-{뇌전}{강도0}(NW5-6)1800-{뇌전}{강도0}(NW3-4)1815-1850.-{박무}-{박무}{강도0}0300-{박무}{강도0}0600-{박무}{강도0}0900-1040.,
135,추풍령,1992-10-18,12.9,10,610,18.5,1340,3.97,.4,142,1,140,2.5,6.3,90,1638,6,290,1500,1.1,986,90,11.7,66,1352,93,13.8,989.6,1021.5,2300,1017.2,1400,1018.9,11.2,2.3,945,2.16,9.22,,,,,,8.3,5.8,15.6,9,,,,,,,,,,,,,-{비}-0240.{천둥}{강도0}(NW)1420.{소나기}1922-2040.{박무}0510-{박무}{강도0}0600-{박무}{강도0}0900-0930.,
135,추풍령,1992-10-19,12.2,7.6,643,19.8,1305,.07,0,,0,,0,4,110,1652,2.7,110,1700,.7,604,20,9.3,51,1508,85.8,11.8,991.8,1022.4,910,1019,1320,1021.3,11.1,3.6,1100,2.31,10.79,,,,,,5.5,3.4,14.9,4.4,,,,,,,,,,,,,{박무}0210-{박무}{강도0}0300-{박무}{강도0}0600-0640.{소나기}1411-1415.{천둥}{강도0}(NE)1405.,
135,추풍령,1992-10-20,11,4.9,535,19,1503,,,,,,,10.7,290,1120,8.3,290,1100,1.6,1359,50,6.8,42,1430,78.8,9.9,992.7,1023.8,2200,1019.9,1500,1022.2,11.1,7.2,1000,2.88,16.86,,,,,,1,1.4,13.3,1.6,,,,,,,,,,,,,,
135,추풍령,1992-10-21,10,3.1,720,19.4,1505,,,,,,,5.9,180,1559,3.7,180,1200,.9,817,50,5.9,37,1520,80.5,9.3,993.7,1024.9,800,1021.4,1604,1023.5,11.1,8.5,1000,2.37,17.92,,,,,,0,.3,13.9,0,,,,,,,,,,,,,{박무}0150-{박무}{강도0}0300-{박무}{강도0}0600-0820.,
135,추풍령,1992-10-22,10.6,3.4,555,18.8,1345,,,,,,,5,230,1315,4.3,230,1250,.8,678,50,7.7,46,1348,84.8,10.6,992.7,1024.6,828,1019.9,1546,1022.4,11,5,1100,2.51,15.91,,,,,,6.3,3.3,12.9,0,,,,,,,,,,,,,,
135,추풍령,1992-10-23,13.3,8,657,19,1220,.33,0,,0,,0,7.7,290,2307,6,270,2220,1.2,1066,180,10.6,53,1255,84.8,12.8,987.7,1020.7,0,1014,1900,1016.9,11,.8,1030,1.55,7.23,,,,,,7.8,4.1,14.9,5.9,,,,,,,,,,,,,{비}2105-2125.,
135,추풍령,1992-10-24,10.3,6.8,2357,13.9,5,1.47,.2,2045,.4,2010,.4,12.3,250,1137,10.7,250,1150,4.2,3602,270,6.6,48,1133,77.8,9.8,985.3,1016.7,2250,1012.6,1500,1014.7,11,2.4,1000,1.83,9.36,,,,,,8,5.4,13.1,3.6,,,,,,,,,,,,,{박무}0140-{박무}{강도0}0300-{박무}{강도0}0600-0720.{소나기}1812-1825.{소나기}2005-{소나기}{강도0}2100-2120.,
135,추풍령,1992-10-25,8.3,6.1,130,10.5,1510,,,,,,,17.2,320,1440,15.7,320,1450,6,5174,290,4.5,62,1250,76.5,8.4,988.6,1022.4,2400,1015.7,345,1018.3,10.9,.8,1230,.87,4.96,,,,,,7.5,4.3,8.7,2.6,,,,,,,,,,,,,{폭풍}1435-1450.,
135,추풍령,1992-10-26,9.5,4.1,2356,16,1449,,,,,,,14.5,320,210,12.7,320,30,4.2,3663,320,2.2,32,1511,62.5,7.2,995.6,1029.1,2300,1022.4,0,1025.4,10.9,8.9,1130,2.61,17.74,,,,,,1,.5,11.1,.6,,,,,,,,,,,,,,
135,추풍령,1992-10-27,7.1,.1,650,17.3,1552,,,,,,,7,270,1152,6.3,270,1040,1.2,1066,250,1.2,25,1554,75,6.8,998.3,1030.7,928,1026.2,1511,1028.6,10.8,8.1,1100,2.8,18.11,,,,,,0,0,10.1,-4.4,,,,,,,,,,,,,,
135,추풍령,1992-10-28,9,.3,640,18.6,1608,,,,,,,6.9,290,2215,6.3,290,2240,1.7,1432,270,3.6,33,1633,74.8,7.9,994.1,1027.8,0,1019.8,1700,1023.9,10.8,8.9,1045,2.43,17.81,,,,,,0,0,11.3,-3.7,,,,,,,,,,,,,{박무}0120-{박무}{강도0}0300-{박무}{강도0}0600-0740.,
135,추풍령,1992-10-29,11.4,4.7,745,18.8,1455,1.03,1,2157,1.6,2155,1.6,11.5,290,2208,7,290,2200,2.1,1786,290,5.7,31,1533,72.8,9.2,985.7,1021.1,0,1011,1600,1015.1,10.8,6.4,1345,1.95,11.95,,,,,,3.3,3.1,13.1,.1,,,,,,,,,,,,,{박무}0220-{박무}{강도0}0300-{박무}{강도0}0600-0830.{소나기}2153-2255.,
135,추풍령,1992-10-30,11.1,7.6,2340,14.4,1336,,,,,,,15.5,270,1204,14.7,270,940,6.6,5718,290,3.5,41,1216,60,8,983.7,1017.5,2400,1010.1,400,1013.1,10.7,6.8,1130,2.62,14.08,,,,,,3.8,3,11.3,4.2,,,,,,,,,,,,,{폭풍}0925-0940.,
135,추풍령,1992-10-31,9.7,4.7,620,15.2,1502,,,,,,,11.2,270,1315,8.3,270,1310,3.4,2897,270,3.4,42,1520,66.3,7.8,987.5,1019.7,2324,1015,1500,1017,10.7,6.4,1215,2.72,15.69,,,,,,2.3,3.1,11.7,-.5,,,,,,,,,,,,,,
135,추풍령,1992-11-01,8,1.9,2355,13.7,1530,,,,,,,10.9,270,1250,10.3,270,1100,3.4,2908,290,2.3,39,1450,69.8,7.3,994.4,1029.5,2400,1019.1,100,1024.4,10.7,8.8,1100,2.33,15.28,,,,,,0,.3,9.8,-2.2,,,,,,,,,,,,,{박무}0320-{박무}{강도0}0600-0740.,
135,추풍령,1992-11-02,6.1,-1.2,733,17.5,1503,,,,,,,5.2,270,1512,3,270,1530,.8,654,20,1.4,27,1555,78.5,6.8,996.6,1030.4,900,1022.8,1503,1026.9,10.6,7.4,1145,2.25,14.92,,,,,,0,0,7.8,-6.2,,,,,,,,,,,,,{박무}0120-{박무}{강도0}0300-{박무}{강도0}0600-{박무}{강도0}0900-0930.,
135,추풍령,1992-11-03,9.1,3,112,13.3,1203,3.92,.3,1350,.8,1440,1.2,11.5,290,1220,9.3,290,2120,2.9,2472,270,8,67,1158,92.3,10.9,989.8,1022.9,0,1017.3,1300,1019.5,10.6,0,930,.64,2.52,,,,,,7.5,4,9.3,0,,,,,,,,,,,,,{비}0755-{비}{강도0}0900-0940.{비}1310-{비}{강도0}1500-1520.,
135,추풍령,1992-11-04,10.3,3.7,2400,17.3,1505,,,,,,,8.3,250,1235,7.3,250,1230,2.1,1806,270,3.3,22,1505,69.3,8.1,992.1,1023.8,2300,1019.8,1510,1021.8,10.6,7.7,1200,2.38,15.15,,,,,,1.3,.5,15.2,-1.2,,,,,,,,,,,,,{박무}0130-{박무}{강도0}0300-{박무}{강도0}0600-0810.,
135,추풍령,1992-11-05,6.2,-.2,630,11.9,1612,.83,,,,,0,5.3,160,1150,4,160,1140,.6,506,50,3.5,58,1500,84.5,7.9,993.1,1025,813,1021.5,1500,1023.3,10.5,0,1400,.68,4.26,,,,,,7.5,4.1,7.8,-3.7,,,,,,,,,,,,,{비}1150-{비}{강도0}1200-1240.{박무}2230-{박무}{강도0}2400,
135,추풍령,1992-11-06,9.5,3.8,453,17,1609,,,,,,,10.7,290,1323,6.3,290,1300,3,2560,290,5.1,43,1600,77,8.8,993.2,1025.2,848,1020,1500,1023,10.5,8.9,1130,2.22,13.8,,,,,,0,0,7.2,-1.4,,,,,,,,,,,,,-{박무}-{박무}{강도0}0300-{박무}{강도0}0600-0740.,
135,추풍령,1992-11-07,11.1,4.3,40,18.2,1457,,,,,,,9.2,110,1205,7,110,1210,2.5,2196,110,4.5,37,1452,66.3,8.4,993.6,1025.9,2230,1020.2,1440,1023.2,10.5,7.6,1130,2.16,12.52,,,,,,2.5,1.9,11.1,-1,,,,,,,,,,,,,,
135,추풍령,1992-11-08,8.7,3.1,630,15.2,1225,4.92,.3,2155,.3,2130,.7,6.8,160,1023,3.7,140,1110,.9,770,70,6.9,52,1305,89.3,10,994.4,1026.2,818,1021.6,2400,1024.3,10.4,2.4,1045,1.52,6.68,,,,,,7.5,4.6,9.5,-1.4,,,,,,,,,,,,,{비}1515-1630.{비}2020-{비}{강도0}2100-{비}{강도0}2400-{박무}1840-{박무}{강도0}2100-{박무}{강도0}2400,
135,추풍령,1992-11-09,5.4,2.5,2350,9.3,0,13.67,.5,530,2.3,450,6.7,13.2,290,742,12.7,290,520,4.2,3646,290,4.3,75,1400,92.8,8.5,990.6,1022.1,2100,1019,1340,1020.7,10.4,.4,1015,.96,2.84,,,,,,10,5.1,6.8,1,,,,,,,,,,,,,-{비}-0040.{비}0210-{비}{강도0}0300-{비}{강도0}0600-{비}{강도0}0900-0940.{비}1140-{비}{강도0}1200-{비}{강도0}1500-1710.-{박무}-{박무}{강도0}0300-{박무}{강도0}0600-0640.,
135,추풍령,1992-11-10,2.8,.9,1140,4.7,2400,14.08,.6,1040,2.2,1120,6,12.4,290,2138,10,290,2220,4.6,4004,290,.6,73,2400,84.8,6.4,990.7,1024.7,2400,1019.3,700,1021.2,10.4,0,800,.37,1.44,.5,1140,.5,1140,.4,10,5.4,4.5,-.1,,,,,,,,,,,,,{비}0415-{진눈깨비}0540-{진눈깨비}{강도0}0600-{비}0620-{비}{강도0}0900-{눈}0910-0930.{진눈깨비}0950-{눈}1023-{눈}{강도0}1200-{진눈깨비}1230-{비}1245-{진눈깨비}1340-{비}1410-{비}{강도0}1500-{비}{강도0}1800-1840.,
135,추풍령,1992-11-11,6.8,2.7,2350,11.8,1510,,,,,,,12.9,270,1245,11.5,270,1200,4.2,3600,290,.1,39,1548,63.8,6.2,996.4,1028,2242,1024.7,0,1026.6,10.3,7.6,1130,2.25,14.49,,,,,,3,2.1,6.7,-2.4,,,,,,,,,,,,,,
135,추풍령,1992-11-12,7,1.4,330,14.4,1508,,,,,,,8.2,270,1323,5,270,1330,1.8,1537,320,2.2,45,1500,73.8,7.2,996,1027.8,0,1024,1532,1026.1,10.3,6.1,1200,1.5,8.95,,,,,,5,2.3,7.2,-3.8,,,,,,,,,,,,,{달무리}0230-0410.,
135,추풍령,1992-11-13,7,1,742,16.6,1420,,,,,,,5.1,180,1335,4,180,1330,1,852,180,3.7,46,1425,82.5,8,994.7,1026.6,0,1021.3,1500,1024.8,10.3,8.1,1130,1.92,11.04,,,,,,2.8,1.9,8.8,-2.4,,,,,,,,,,,,,{박무}0520-{박무}{강도0}0600-{박무}{강도0}0900-{박무}{강도0}1200-1320.{박무}1940-{박무}{강도0}2100-{박무}{강도0}2400,
135,추풍령,1992-11-14,7.7,1,809,17.6,1435,,,,,,,5,180,1220,3.3,180,1210,.8,710,20,3.5,40,1530,79,7.9,995.3,1027.8,908,1022.9,1510,1025.4,10.3,8.2,1115,1.97,11.77,,,,,,0,1.6,8.2,-2.4,,,,,,,,,,,,,-{박무}-{박무}{강도0}0300-{시정(미만)}{1km}{안개}0450-{시정(미만)}{0.5km}{안개}0530-{안개}{강도1}0600-{시정(이상)}{0.5km}{안개}0720-{시정(이상)}{1km}{박무}0745-{박무}{강도0}0900-{박무}{강도0}1200-{박무}{강도0}1500-{박무}{강도0}1800-{박무}{강도0}2100-{박무}{강도0}2400,2.92
135,추풍령,1992-11-15,8,2.8,2400,14.7,1340,,,,,,,13.6,270,1429,12.7,270,1430,4,3418,270,3.2,48,1140,72.5,7.9,992.8,1026.1,2230,1019,1350,1022.7,10.2,4.1,1030,1.63,7.39,,,,,,5.8,3,7.5,-1.2,,,,,,,,,,,,,-{박무}-{박무}{강도0}0300-{박무}{강도0}0600-{박무}{강도0}0900-0940.,
135,추풍령,1992-11-16,4,-2,2355,12.7,1520,,,,,,,10.8,270,409,9,270,400,3.5,3000,270,-3.8,39,1635,57.3,4.7,997.5,1030.5,910,1025.6,1528,1028,10.2,7.3,1200,2.18,12.11,,,,,,1.3,.8,3.2,-8,,,,,,,,,,,,,,
135,추풍령,1992-11-17,2.6,-4.7,740,13.6,1600,,,,,,,4.3,230,1055,3.8,230,1100,.5,453,180,-3.2,26,1510,71.8,4.8,997.4,1030.2,920,1024.6,1500,1028.1,10.2,8.7,1145,2.18,13.66,,,,,,0,0,1.7,-9.3,,,,,,,,,,,,,,
135,추풍령,1992-11-18,5.5,-1.5,215,14.4,1355,,,,,,,4.1,90,1109,3.7,90,1100,.6,482,20,-1.3,28,1347,66.3,5.6,997.1,1029.7,922,1025.3,1500,1027.4,10.1,5.5,1230,1.73,8.83,,,,,,4.3,2.1,5.7,-5.4,,,,,,,,,,,,,{박무}1920-{박무}{강도0}2100-{박무}{강도0}2400,
135,추풍령,1992-11-19,11.5,4.3,722,19.4,1444,2.17,,,,,4,12.8,290,2250,11.7,290,2350,2.4,2080,140,6.7,44,1240,74.5,10.1,988,1025.9,0,1010.1,2030,1017.4,10.1,5.3,1130,1.83,8.95,,,,,,5.5,4,11,-.2,,,,,,,,,,,,,-{박무}-{박무}{강도0}0300-{박무}{강도0}0600-0830.{박무}1920-{박무}{강도0}2100-{박무}{강도0}2400-{비}1730-{비}{강도0}1800-1940.,
135,추풍령,1992-11-20,2.6,-1,2350,10.3,0,2.17,,,,,0,13.6,320,344,10.7,320,350,5.7,4922,290,-1.9,60,1600,71.8,5.5,983.9,1016.8,2340,1011.5,0,1014.2,10.1,.3,1230,.77,3.45,,,,,,9.5,4.9,4.5,-3.4,,,,,,,,,,,,,-{박무}-{박무}{강도0}0300-{박무}{강도0}0600-0720.{박무}2140-{박무}{강도0}2400-{눈}1120-1250.{눈}1305-1345.,
135,추풍령,1992-11-21,1.1,-1.6,830,6.6,1357,,,,,,,11.3,290,343,10.3,290,350,3.5,3062,290,-3.8,45,1305,71.5,4.6,987.7,1019.5,2400,1016.8,0,1018.3,10.1,6.9,1145,2.06,11.86,,,,,,.8,.8,2,-6.2,,,,,,,,,,,,,-{박무}-{박무}{강도0}0300-{박무}{강도0}0600-{박무}{강도0}0900-0940.,
135,추풍령,1992-11-22,6.2,1.4,825,9.8,1310,,,,,,,11.2,290,1136,8.3,290,1100,3.4,2944,360,-.3,48,1253,62.3,6,988,1020,40,1015.9,1520,1018.1,10,.3,1215,.87,3.95,,,,,,8.8,6.3,5.8,-.8,,,,,,,,,,,,,,
135,추풍령,1992-11-23,7.9,1.1,2400,12.2,1505,,,,,,,15.7,250,1135,13.7,290,1210,4.9,4220,290,-.1,30,1410,57,6.2,991.9,1026.6,2400,1017.2,40,1021.8,10,7.9,1145,1.96,11.8,,,,,,3,1.6,7.4,-5,,,,,,,,,,,,,,
135,추풍령,1992-11-24,5.5,-1.6,515,13.4,1510,,,,,,,9.8,290,1139,8,290,1150,2.6,2289,290,.6,37,1200,73.5,6.5,992.3,1026.6,0,1019.3,1622,1022.6,10,6.4,1215,1.77,10.02,,,,,,3.3,1.8,5.7,-6.4,,,,,,,,,,,,,{박무}0220-{박무}{강도0}0300-{박무}{강도0}0600-0740.,
135,추풍령,1992-11-25,5.3,-.3,2400,9.8,1340,,,,,,,11.4,320,2007,10.3,320,1930,4.6,3942,320,-3.5,27,1412,54.8,4.9,988.7,1021.5,2400,1016.2,1420,1018.9,10,7.9,1215,1.88,11.85,,,,,,1,1.4,5.8,-1.2,,,,,,,,,,,,,{박무}0030-{박무}{강도0}0300-{박무}{강도0}0600-0720.,
135,추풍령,1992-11-26,-3.9,-6.4,2200,-.3,0,2.33,,,,,0,12.2,320,1509,9.3,320,1510,5.1,4434,320,-11.2,41,1552,58.3,2.6,996.7,1034,2400,1021.5,0,1028.2,10,5.6,1200,2.02,11.58,,,,,,2.5,1,-.7,-10.3,,,,,,,,,,,,,{박무}0220-{박무}{강도0}0300-0540.{눈}0830-{눈}{강도0}0900-1050.,
135,추풍령,1992-11-27,-2.2,-7.9,730,6.1,1500,,,,,,,12.6,320,305,8.7,320,120,2.9,2497,320,-15.6,13,1502,39.3,1.9,1002.8,1036,1000,1032.3,1530,1034.3,9.9,8.6,1145,2.07,12.88,,,,,,0,0,0,-11.1,,,,,,,,,,,,,,
135,추풍령,1992-11-28,1.4,-6,510,11.4,1520,,,,,,,6.9,250,1420,4.7,230,1310,.6,509,250,-10.3,17,1232,46.8,2.8,999.9,1034.7,0,1026.7,1506,1030.9,9.9,6.7,1145,1.93,11.37,,,,,,2.3,0,2.5,-9.9,,,,,,,,,,,,,,
135,추풍령,1992-11-29,4.1,-2.9,730,12.2,1507,,,,,,,14.9,320,1520,10.7,320,1410,2.5,2170,320,-2.4,35,0,63,5.5,997.7,1029.9,30,1025.7,1420,1028.2,9.9,8,1200,1.98,11.55,,,,,,0,0,4.4,-8.1,,,,,,,,,,,,,,
135,추풍령,1992-11-30,6.1,-1.8,642,15.2,1520,,,,,,,9.5,340,224,6,340,210,1.6,1358,70,2.6,44,1500,82,7.4,996.2,1028.6,900,1023.7,1510,1026.4,9.9,7,1200,1.8,10.68,,,,,,0,0,6,-8.1,,,,,,,,,,,,,{박무}0220-{박무}{강도0}0300-{박무}{강도0}0600-{박무}{강도0}0900-{박무}{강도0}1200-1420.{박무}2020-{박무}{강도0}2400,
135,추풍령,1992-12-01,5.1,-.8,825,10.4,1240,,,,,,,18.9,320,2320,15,320,2240,4.3,3710,320,.8,49,1620,76.3,6.5,993.8,1026,2400,1021.7,1440,1024.1,9.9,6.4,1200,1.82,10.07,,,,,,0,0,4,-5.2,,,,,,,,,,,,,-{박무}-{박무}{강도0}0300-{박무}{강도0}0600-{박무}{강도0}0900-{박무}{강도0}1200-{박무}{강도0}1500-1640.{폭풍}1315-1335.{폭풍}1515-1610.{폭풍}2210-2320.,
135,추풍령,1992-12-02,3.5,-2.5,810,13.2,1505,,,,,,,8,320,247,4.7,340,120,1.2,1008,270,.1,46,1335,82.3,6.2,997.6,1029.9,2100,1025.8,1508,1028.2,9.8,6.2,1200,1.66,9.79,,,,,,0,0,3.9,-6.7,,,,,,,,,,,,,{박무}0420-{박무}{강도0}0600-{박무}{강도0}0900-{박무}{강도0}1200-{박무}{강도0}1500-{박무}{강도0}1800-{박무}{강도0}2100-{박무}{강도0}2400,
135,추풍령,1992-12-03,1.8,-2,503,6.5,1204,,,,,,,15.8,320,1125,13.3,320,1110,3.3,2817,290,-2.6,43,1614,75.8,5.1,1000.6,1034.9,2400,1029.4,100,1031.6,9.8,7.1,1100,1.95,11.05,,,,,,2.5,1.3,2.1,-7,,,,,,,,,,,,,-{박무}-{박무}{강도0}0300-{박무}{강도0}0600-{시정(미만)}{1km}{안개}0640-{시정(미만)}{0.5km}{안개}0730-{안개}{강도1}0900-{시정(이상)}{0.5km}{안개}0910-{시정(이상)}{1km}{박무}0940-1040.,3
135,추풍령,1992-12-04,2.7,-5.1,605,12.1,1408,,,,,,,5.4,140,1808,4,140,1700,1.1,916,140,-1.1,46,1400,79.8,5.7,1004.9,1037.5,904,1033.7,1500,1035.8,9.8,6.9,1300,1.58,9.28,,,,,,3,1.4,3.5,-10.3,,,,,,,,,,,,,{박무}0230-{박무}{강도0}0300-{박무}{강도0}0600-{박무}{강도0}0900-{박무}{강도0}1200-1220.,
135,추풍령,1992-12-05,5.7,-.9,747,13.7,1428,,,,,,,6.3,180,1440,4.7,180,1400,1.4,1207,180,1.3,46,1340,76.5,6.7,1003.4,1036.6,0,1030.6,2400,1033.9,9.8,5.2,1200,1.9,9.45,,,,,,4.5,2.3,5,-5.5,,,,,,,,,,,,,{박무}0620-{박무}{강도0}0900-1015.,
135,추풍령,1992-12-06,6.8,5,600,8.5,1700,7.17,,,,,2.5,5.2,180,1312,4.3,180,1310,1,899,140,5.7,82,0,93,9.2,996.1,1030.6,0,1021.2,2400,1026.3,9.8,0,1330,.54,1.96,,,,,,10,5.4,7.6,2,,,,,,,,,,,,,{비}0720-{비}{강도0}0900-{비}{강도0}1200-1430.{박무}0140-{박무}{강도0}0300-{박무}{강도0}0600-{박무}{강도0}0900-{박무}{강도0}1200-{박무}{강도0}1500-{박무}{강도0}1800-{박무}{강도0}2100-{박무}{강도0}2400,
135,추풍령,1992-12-07,9.3,7.2,2400,12.1,1253,10.5,,,,,8.1,7.3,320,2342,4.3,320,2300,.7,597,140,8.2,87,1944,93.3,10.9,985.6,1021.2,0,1010.2,1640,1015.2,9.8,0,1145,.42,1.7,,,,,,10,5.9,9.8,6,,,,,,,,,,,,,-{박무}-{박무}{강도0}0300-{박무}{강도0}0600-{시정(미만)}{1km}{안개}0620-{시정(미만)}{0.5km}{안개}0650-{시정(이상)}{0.5km}{안개}0720-{안개}{강도0}0900-{시정(이상)}{1km}{박무}0910-{박무}{강도0}1200-{박무}{강도1}1500-{박무}{강도0}1800-{박무}{강도0}2100-{박무}{강도0}2400-{비}0240-{비}{강도0}0300-{비}{강도0}0600-0750.{비}1510-{비}{강도0}1800-2030.,2.83
135,추풍령,1992-12-08,7.6,2.3,2400,10.1,1440,,,,,,,15.2,50,1420,10,50,1430,3.5,3010,50,0,31,1608,60.3,6.2,989.1,1023.1,2400,1015,0,1019,9.7,4.3,1345,1.6,7.22,,,,,,5.3,2.9,6.9,-4.4,,,,,,,,,,,,,-{박무}-{박무}{강도0}0300-{박무}{강도0}0600-{박무}{강도0}0900-{박무}{강도0}1200-1330.,
135,추풍령,1992-12-09,3.7,-.5,820,9,1310,1.33,,,,,.1,8.9,20,1014,6.7,20,1030,1.8,1567,180,-1.8,31,1300,71,5.4,989.6,1023.1,0,1016.4,2400,1020,9.7,2.6,1000,1.45,6.24,,,,,,5.5,4,3.8,-4.8,,,,,,,,,,,,,{비}1920-2040.{박무}0640-{박무}{강도0}0900-1040.,
135,추풍령,1992-12-10,3.5,-1.5,2150,10,1205,6.08,,,,,7,21.3,250,2110,16.3,250,2020,4.8,4152,250,-.4,50,2240,75.5,6.2,982.9,1016.7,2400,1008.6,1210,1013.1,9.7,.2,1100,.71,2.99,,,,,,8,4.5,4,-4.4,,,,,,,,,,,,,{박무}0220-{박무}{강도0}0300-{박무}{강도0}0600-{박무}{강도0}0900-1040.{비}1155-{비}{강도0}1200-{비}{강도0}1500-1535.{비}1610-{진눈깨비}1650-{눈}1715-{눈}{강도0}1800-1835.{폭풍}2010-2220.,
135,추풍령,1992-12-11,-1.9,-4.8,830,1.2,1533,,,,,,,16.7,250,110,11.7,250,210,5.3,4620,250,-11.2,39,1040,48.3,2.6,990.1,1023.1,2020,1016.7,0,1021.2,9.7,6.1,1145,1.98,11.89,,,,,,1.3,1.3,-1.8,-7.9,,,,,,,,,,,,,,
135,추풍령,1992-12-12,-.2,-5.2,240,6,1540,,,,,,,5.5,200,1535,3.3,200,1530,.7,614,50,-5.3,42,1635,70.3,4.1,988.1,1022.7,48,1013.6,2400,1018.9,9.7,.3,1130,.88,4.2,,,,,,8.8,4.9,1.3,-9.9,,,,,,,,,,,,,,
135,추풍령,1992-12-13,1.4,-4,2400,5.6,555,5.75,,,,,6.2,21.3,250,2035,18.7,250,2020,6.9,5928,250,-5.5,37,1745,60.8,4.4,985.7,1024.7,2400,1010.5,620,1016.2,9.7,1.7,1215,1.33,6.36,,,,,,7.3,4.4,1.3,-9.1,,,,,,,,,,,,,{비}0240-{비}{강도0}0300-0520.{비}0835-{비}{강도0}0900-{진눈깨비}1045-{비}1110-1140.,
135,추풍령,1992-12-14,-4.4,-7.5,815,-.5,1615,,,,,,,15,250,1410,11.7,250,1420,6.2,5320,250,-16.1,35,1200,39.8,1.8,995.8,1029,1000,1024.7,0,1027.4,9.7,6.6,1200,1.91,11.27,,,,,,.8,.4,-1.4,-10.6,,,,,,,,,,,,,,
135,추풍령,1992-12-15,-3.1,-6.6,730,.4,1550,,,,,,,13.5,250,820,11.7,250,930,5.6,4850,250,-15,22,1505,40.5,2,996.1,1029.1,1005,1025.5,1500,1027.4,9.7,8.1,1200,1.86,11.13,,,,,,0,0,-2.6,-10.6,,,,,,,,,,,,,,
135,추풍령,1992-12-16,.4,-4.6,150,4.4,1155,4.5,,,,,.4,11.5,250,1424,9,250,1440,2.7,2370,250,-6,46,1330,63.5,4,993.4,1026.3,0,1021.8,1413,1024.1,9.7,1.1,1115,1.42,4.95,,,,,,9.5,4.8,-.9,-10.8,,,,,,,,,,,,,{눈}0840-{눈}{강도0}0900-0950.{눈}1510-{눈}{강도0}1800-1830.{박무}1835-{박무}{강도0}2100-{박무}{강도0}2400,
135,추풍령,1992-12-17,.9,-2,810,4.5,1407,,,,,,,10.2,250,435,8.7,250,500,4.2,3586,250,-6.9,39,1415,56.3,3.7,995.7,1027.9,1000,1025,1520,1026.6,9.7,5.5,1200,1.66,8.33,,,,,,1.3,1.3,-.2,-5.9,,,,,,,,,,,,,-{박무}-{박무}{강도0}0300-0530.,
135,추풍령,1992-12-18,.5,-3.1,2259,5.5,1500,,,,,,,12.5,250,710,9.7,250,730,4,3486,250,-8,25,1620,55,3.4,998.5,1031.6,1000,1027.4,0,1029.5,9.7,7.2,1200,1.86,11.24,,,,,,.3,.4,.2,-9.4,,,,,,,,,,,,,,
135,추풍령,1992-12-19,-1.1,-6.2,650,5,1530,,,,,,,3.7,140,1530,2,140,1510,.5,426,140,-7.1,40,1330,66.3,3.6,995.1,1029.5,0,1023.3,1540,1026.2,9.7,1.3,915,.86,4.28,,,,,,5.8,3.3,-.5,-10.9,,,,,,,,,,,,,,
135,추풍령,1992-12-20,1.9,.3,600,3.2,1753,6.17,,,,,1.8,5,110,1040,2.7,110,1000,1,859,70,.4,58,20,90,6.3,991.2,1023.7,0,1019.7,1450,1021.7,9.7,0,1230,.2,1.07,,,,,,10,5,2.4,0,,,,,,,,,,,,,{비}0420-{비}{강도0}0600-{비}{강도0}0900-1030.{박무}1820-{박무}{강도0}2100-{박무}{강도0}2400,
135,추풍령,1992-12-21,3.9,-.5,2400,7.8,950,3.67,,,,,1.3,20.2,250,1225,17,250,1330,5.8,4970,250,-1.4,43,1530,71.5,6,989.1,1023.8,2400,1016.7,900,1019.4,9.7,2,1400,1.19,4.68,,,,,,7,4.8,4.1,-2,,,,,,,,,,,,,-{박무}-{박무}{강도0}0300-{시정(미만)}{1km}{안개}0520-{안개}{강도0}0600-{시정(이상)}{1km}{박무}0830-0845.{비}0850-{비}{강도0}0900-{비}{강도0}1200-1230.{폭풍}1225-1345.,3.17
135,추풍령,1992-12-22,-.3,-3,810,2.2,1430,,,,,,,14.4,250,555,10.3,250,630,5.3,4602,250,-10.7,35,1540,47,2.8,995,1028.2,923,1023.8,0,1026,9.7,5.8,1100,1.62,8.98,,,,,,3.5,2.1,-.1,-5.4,,,,,,,,,,,,,,
135,추풍령,1992-12-23,-3.6,-6.9,810,-.4,8,3.67,,,,,2,15.6,250,1350,11.3,250,1400,6.4,5494,250,-10.1,40,1507,61.5,2.9,990.8,1025.2,1000,1019,1800,1022.1,9.7,7.3,1115,1.63,9.51,2.4,2400,2.4,2400,3,4.3,3,-1.9,-10.4,,,,,,,,,,,,,{눈}0040-0120.{눈}1915-2025.{눈}2210-{눈}{강도0}2400,
135,추풍령,1992-12-24,-4.5,-7.9,820,-1.1,1620,.33,,,,,0,15.7,230,1425,14.3,230,1350,5.4,4680,250,-14.4,37,1640,45.5,2,995.1,1031.7,2400,1020.2,0,1026.6,9.7,6.1,1200,1.84,10.37,,,2.4,0,,.5,.6,-4.1,-12.7,,,,,,,,,,,,,-{눈}-0020.{폭풍}1325-1350.{폭풍}1420-1530.,
135,추풍령,1992-12-25,-2.6,-7.8,550,2.8,1545,,,,,,,11.4,250,1445,10.3,250,1440,4.8,4178,250,-14.5,18,1630,43.8,2.1,1000.5,1033.9,1023,1030.1,1518,1031.9,9.7,7.2,1200,1.94,11.38,,,.6,0,,0,0,-2.5,-11.4,,,,,,,,,,,,,,
135,추풍령,1992-12-26,-.3,-6.8,400,7,1450,,,,,,,7.8,250,1540,5.7,270,1140,2.5,2202,250,-9.5,29,1020,49.5,3.1,998,1032,800,1025.3,2400,1029.1,9.7,5.7,1115,1.7,10.36,,,,,,4.5,1.3,-2.3,-12.1,,,,,,,,,,,,,,
135,추풍령,1992-12-27,1.8,.4,150,3.3,1404,12.83,,,,,4.9,4.2,110,1358,3.3,110,1430,1,828,110,-.1,66,0,87.3,6.1,987.3,1025.6,100,1013.1,2100,1017.9,9.7,0,1300,.38,2.13,,,,,,10,4.8,.7,-4,,,,,,,,,,,,,{비}0820-{비}{강도0}0900-{비}{강도0}1200-{비}{강도0}1500-{비}{강도0}1800-2020.{비}2310-{비}{강도0}2400{박무}1410-{박무}{강도0}1500-{박무}{강도0}1800-{박무}{강도0}2100-{박무}{강도0}2400,
135,추풍령,1992-12-28,3.4,2.1,20,5.2,1620,17.5,,,,,6.7,8.6,250,1613,4,250,1610,.8,720,250,2.2,81,2053,91.8,7.2,983.7,1020,2400,1011.7,550,1013.9,9.7,0,1100,.31,.87,,,,,,10,6.1,3.1,1.9,,,,,,,,,,,,,-{비}-{비}{강도0}0300-{비}{강도0}0600-{비}{강도0}0900-{이슬비}0945-1030.{비}1240-{비}{강도0}1500-{비}{강도0}18001940.-{박무}-{박무}{강도0}0300-{박무}{강도0}0600-{박무}{강도0}0900-{박무}{강도0}1200-{박무}{강도0}1500-{박무}{강도0}1800{박무}{강도0}2100-2330.,
135,추풍령,1992-12-29,2.2,-2.1,2400,5.4,1630,,,,,,,13.8,250,815,11.7,250,730,5,4280,250,-7.4,33,1450,51,3.7,993,1027,2300,1020,0,1023.6,9.7,8.1,1200,1.92,11.16,,,,,,2.5,1.6,2.3,-9.7,,,,,,,,,,,,,,
135,추풍령,1992-12-30,.3,-4.6,435,5.4,1630,1.67,,,,,.1,13.3,250,1410,8.7,250,1430,3.1,2666,250,-5.9,46,1637,63.8,4.1,995,1027.8,2400,1024,1500,1025.9,9.7,1.2,1330,.99,4.61,.3,1015,.3,1015,.3,6,3.4,-.1,-10.7,,,,,,,,,,,,,{눈}0840-{눈}{강도0}0900-1020.,
135,추풍령,1992-12-31,.2,-2.9,810,4,1500,,,,,,,12.3,250,1340,10.3,250,1400,4.4,3842,250,-11.8,20,1510,44.3,2.7,998.6,1031.1,1007,1027.8,0,1029.6,9.7,8.2,1215,2.01,11.73,,,,,,0,0,.7,-7.6,,,,,,,,,,,,,,
135,추풍령,1993-01-01,0,-6.1,720,6.2,1553,,,,,,,10.5,230,1140,8.7,230,1130,3.6,3112,230,-13.5,20,1510,36.3,2.2,996.2,1030.3,0,1024,1500,1027.2,9.7,7.3,1200,1.88,10.24,,,,,,1.8,1.9,-.9,-12.3,,,,,,,,,,,,,,
135,추풍령,1993-01-02,2.9,-3.8,710,9.9,1412,,,,,,,14,250,1458,8,250,1500,2.3,2016,250,-4.5,41,0,58,4.6,993.2,1026.8,740,1020.8,1510,1023.8,9.7,5,1130,1.63,8.49,,,,,,5,3.3,2.1,-10.1,,,,,,,,,,,,,,
135,추풍령,1993-01-03,3.9,-2.8,2400,6.6,0,,,,,,,15,230,1400,9.7,230,1430,4.6,3947,250,-3.9,35,1542,58.5,5,993.3,1028.2,2400,1021.9,355,1023.8,9.7,3,1230,1.56,5.81,,,,,,8,4.9,3.4,-7.6,,,,,,,,,,,,,{박무}0720-{박무}{강도0}0900-{박무}{강도0}1200-1330.  {달무리}1850-1935.,
135,추풍령,1993-01-04,-1.4,-6.2,820,6.1,1508,,,,,,,10.3,250,1930,8.3,250,2110,3.3,2824,250,-10.6,34,1245,50.8,2.8,997.7,1031.7,2400,1025.9,1415,1028.8,9.7,5.4,1215,1.83,9.88,,,,,,2.8,0,.1,-9.1,,,,,,,,,,,,,,
135,추풍령,1993-01-05,-1.5,-6.4,600,6.4,1500,,,,,,,9.5,250,945,7,250,1010,2.9,2507,230,-13.7,17,1510,43,2.2,1001,1034.4,1050,1031.3,1440,1032.4,9.8,7.5,1215,1.98,12.26,,,,,,0,0,-1.2,-10.9,,,,,,,,,,,,,,
135,추풍령,1993-01-06,-.8,-4.9,210,2.9,1450,2.67,,,,,.1,5.7,140,1205,4.3,140,1200,.7,626,20,-6.5,44,1130,66.8,3.9,996.5,1032.3,0,1023.4,1525,1027.6,9.8,0,1200,.82,3.19,,,,,,9.5,4.1,-.3,-10.2,,,,,,,,,,,,.1,{눈}1450-{눈}{강도0}1500-1620.  {눈}1730-{눈}{강도0}1800-1840.,
135,추풍령,1993-01-07,.7,-1,2400,1.4,1000,7.72,,,,,8.8,14.5,250,2010,11.3,250,2030,2.8,2428,250,-.5,81,2310,90.8,5.9,993.2,1028.4,2400,1021.5,1325,1024,9.8,0,1045,.19,1.33,7.5,1637,7.5,1637,7.7,10,4.8,.7,-3.5,,,,,,,,,,,,8.8,{진눈깨비}0940-{비}1015-{진눈깨비}1040-{진눈깨비}{강도0}1200-{눈}1203-{눈}{강도0}1500-1723.,
135,추풍령,1993-01-08,-.3,-3.2,725,3.5,1430,,,,,,,6,250,415,5,250,410,1.6,1384,90,-2.9,64,1400,82.5,5,999.2,1032.9,1100,1028.4,0,1030.2,9.8,4.1,1230,1.22,6,,,6.7,0,,9,6.6,.9,-6.4,,,,,,,,,,,,.4,,
135,추풍령,1993-01-09,1.3,-.6,30,3,1400,4.67,,,,,1.3,9.5,250,1428,7,250,1440,2.3,1994,250,.6,89,1800,94.3,6.4,993.5,1028.4,0,1021.9,1500,1024.2,9.8,0,1245,.78,3.19,,,2.8,0,,10,5.9,2.5,-2,,,,,,,,,,,,.9,{비}0550-{비}{강도0}0600-{비}{강도0}0900-0920.  {비}1130-{비}{강도0}1200-1240.  {박무}0920-{박무}{강도0}1200-{박무}{강도0}1500-1710.  {박무}2030-{박무}{강도0}2100-{박무}{강도0}2400-,
135,추풍령,1993-01-10,1.8,-1.3,2400,4.9,1415,,,,,,,10.3,250,1430,8.3,250,410,3.9,3412,250,-4.5,50,1422,65.3,4.4,990.2,1022.3,2400,1018.7,1545,1020.8,9.8,4,1200,1.64,7.95,,,,,,8.5,3.9,2.5,-4.4,,,,,,,,,,,,,-{박무}-{박무}{강도0}0300-0520.,
135,추풍령,1993-01-11,-1.5,-4.3,2400,1.7,1500,,,,,,,11.7,250,1340,11.3,250,1300,4,3432,250,-9.4,40,1620,55.5,3,992.9,1027.7,2400,1021.7,130,1024,9.9,5.3,1230,1.82,8.96,,,,,,3.8,1.1,-.8,-8.9,,,,,,,,,,,,,,
135,추풍령,1993-01-12,-2.3,-5.8,210,1.6,1629,,,,,,,14.3,250,802,11.3,250,850,4.8,4170,250,-15,23,1820,40.8,2,997.1,1030.1,1010,1026.7,1540,1028.4,9.9,5.6,1315,1.87,9.99,,,,,,4,0,-1.6,-8.9,,,,,,,,,,,,,,
135,추풍령,1993-01-13,-1.7,-3.4,420,.8,1300,4.83,,,,,.8,7.2,250,748,5.3,250,830,3.3,2864,250,-9.5,38,1250,56.8,3.1,995.6,1029.1,0,1023.9,2400,1026.7,9.9,0,1130,.85,2.63,2.1,2310,2.1,2310,2.1,9.3,6.5,-.7,-9.1,,,,,,,,,,,,2.1,{눈}1830-{눈}{강도0}2100-2320.,
135,추풍령,1993-01-14,-1.9,-2.6,2110,-.8,1410,14.33,,,,,3.5,7.8,250,1608,5.3,250,940,2.1,1798,250,-4.1,73,2300,85.5,4.6,991,1024,100,1020,1440,1022.1,9.9,0,1200,.45,2.27,7.2,1725,9.2,1725,7.4,9.8,6.1,-.1,-5,,,,,,,,,,,,2.2,{눈}0315-{눈}{강도0}0600-{눈}{강도0}0900-{눈}{강도0}1200-{눈}{강도0}1500-1735.,
135,추풍령,1993-01-15,-3.1,-6,2400,-2.5,1250,5.8,,,,,.6,14.4,250,1355,10,250,1410,3.5,3048,250,-8.3,56,2340,67.8,3.3,989.9,1022,218,1019.7,1455,1021,9.9,0,1200,.76,3.58,1.4,1542,8.4,1542,1.4,10,5.9,-.2,-9.7,,,,,,,,,,,,.6,{박무}0510-{박무}{강도0}0600-{박무}{강도0}0900-{박무}{강도0}1200-{박무}{강도0}1500-{박무}{강도0}1800-2010.  {눈}0620-0720.  {눈}0935-{눈}{강도0}1200-1220.  {눈}1340-{눈}{강도0}1500-1543.,
135,추풍령,1993-01-16,-5.7,-8.6,820,-2.8,1555,,,,,,,15.2,250,1148,13.3,250,1230,6.6,5690,250,-13.3,47,1430,54.8,2.2,991,1025.1,2400,1020.6,510,1022.5,10,5.6,1215,2.03,10.78,,,7.8,0,,1.3,2,-3.2,-10.9,,,,,,,,,,,,0,,
135,추풍령,1993-01-17,-4.4,-10.2,640,.4,1457,1.83,,,,,0,10.7,250,1245,9.7,250,1240,2.8,2418,250,-9.4,46,1510,70.5,3,992.7,1025.9,900,1022,1600,1024.1,10,5.5,1230,2.04,10.95,0,,4.2,0,0,5.5,3.8,-2,-12.7,,,,,,,,,,,,0,{눈}0740-{눈}{강도0}0900-0930.,
135,추풍령,1993-01-18,-6.1,-8.4,850,-3.5,1518,3.33,,,,,.1,13,250,2250,9.3,250,2230,3.9,3404,250,-12,51,1520,62.5,2.5,992.8,1025.5,2400,1023.1,1440,1024.4,10,2.2,1045,1.25,6.53,.1,1720,2.3,0,.1,4.5,4.5,-1.6,-10.8,,,,,,,,,,,,.2,{눈}1130-{눈}{강도0}1200-1330.  {눈}1620-1740.,
135,추풍령,1993-01-19,-6.7,-10.1,820,-2.4,1500,.92,,,,,.1,13,250,1515,9.3,250,1510,5.4,4628,250,-14.2,33,1618,57.3,2.1,994,1027.8,915,1023.3,1520,1025.8,10,6.4,1215,2.06,12.52,.3,600,2.4,600,.3,2.5,2.6,-2.3,-13.4,,,,,,,,,,,,.4,{눈}0520-{눈}{강도0}0600-0615.,
135,추풍령,1993-01-20,-6.3,-9.2,812,-2.3,1525,4.75,,,,,.5,13,270,428,12.3,270,450,5,4290,250,-13.2,34,1636,59.5,2.2,994.5,1029.1,2400,1024.2,1500,1026.2,10,5.6,1200,2.03,11.4,.9,930,3,930,1,4,3.3,-1.9,-11,,,,,,,,,,,,.1,{눈}0240-{눈}{강도0}0300-0530.  {눈}0740-{눈}{강도0}0900-0935.,
135,추풍령,1993-01-21,-5.9,-11.4,820,-.6,1455,,,,,,,11.7,250,1345,8,250,1330,4.7,4094,250,-15.3,26,1615,50.8,1.9,998.3,1031.5,1040,1028.9,1510,1030.1,10.1,8.8,1200,2.06,12.12,,,2.5,0,,0,0,-2.8,-15.2,,,,,,,,,,,,,,
135,추풍령,1993-01-22,-3.4,-9.2,605,1.8,1510,,,,,,,5.7,230,1146,3.3,250,30,.6,493,230,-12.9,34,1200,49,2.3,997.2,1030.9,0,1026,1640,1028.6,10.1,6.5,1215,2.05,12.64,,,1.9,0,,1.3,1.5,-2.4,-13.6,,,,,,,,,,,,,,
135,추풍령,1993-01-23,-2.3,-7.2,835,1.4,1500,,,,,,,9.7,250,1350,8.7,230,1310,2.3,1976,250,-9.4,42,1510,60,3,994.5,1027.1,100,1023.8,1500,1025.7,10.1,4.1,1030,1.49,7.47,,,1,0,,4.5,2.5,-1.3,-11.9,,,,,,,,,,,,,,
135,추풍령,1993-01-24,-.9,-7.9,730,8.2,1455,,,,,,,5.8,50,1350,3.3,50,1400,.7,566,140,-6.5,35,1352,69.3,3.8,993.5,1026.1,50,1022,1514,1024.4,10.2,6.3,1300,1.81,9.69,,,.3,0,,1.5,2.4,-.8,-12.1,,,,,,,,,,,,,{박무}0410-{박무}{강도0}0600-{박무}{강도0}0900-1020.,
135,추풍령,1993-01-25,3.2,-.5,820,10.2,1330,,,,,,,6.3,250,1815,4.7,250,1830,1.5,1296,140,-2.3,43,1320,68.5,5.2,991.1,1023.4,0,1019,1400,1021.6,10.2,2.9,1215,2.04,9.1,,,,,,7,5.3,1.5,-4.6,,,,,,,,,,,,,,
135,추풍령,1993-01-26,1.2,-2,748,4.3,1513,,,,,,,12,270,1350,9.7,250,1510,5.4,4708,250,-5.6,41,1608,61,4,989.8,1023,900,1017.9,2100,1020.5,10.2,4.2,1230,1.45,7.78,,,,,,5.5,3,1,-5.7,,,,,,,,,,,,.1,{박무}1030-{박무}{강도0}1200-{박무}{강도0}1500-{박무}{강도0}1800-{박무}{강도0}2100-{박무}{강도0}2400-,
135,추풍령,1993-01-27,-3.4,-7.3,2400,-.1,1318,1.83,,,,,.1,12,250,1320,8.7,250,1350,4.9,4200,250,-12.5,22,1445,52,2.5,988.4,1022,2400,1017,1445,1019.6,10.2,5.2,1300,2.22,11.42,.1,840,.1,840,.1,6,4.3,-1.1,-9.7,,,,,,,,,,,,.1,-{박무}-{박무}{강도0}0300-{박무}{강도0}0600-0840.  {눈}0720-{눈}{강도0}0900-0910.,
135,추풍령,1993-01-28,-5.8,-8.7,710,-1.3,1600,1.08,,,,,.1,17.7,250,1210,13.3,250,1020,6.6,5696,250,-15.4,23,1640,49.5,1.9,992.9,1027.1,2220,1022,0,1024.5,10.3,7.2,1115,1.99,11.12,,,,,,1.8,1.5,-3,-10,,,,,,,,,,,,,{눈}0535-{눈}{강도0}0600-0640.,
135,추풍령,1993-01-29,-3.3,-8.2,810,1.4,1422,,,,,,,13.7,250,1315,12.7,250,1330,4,3484,250,-10.8,43,1430,57.8,2.7,992.8,1026.9,0,1022,2300,1024,10.3,4.8,1200,1.9,10.77,,,,,,3.8,2,-1.8,-12.4,,,,,,,,,,,,,,
135,추풍령,1993-01-30,.3,-3.3,825,4.2,1500,,,,,,,14,250,1415,8.7,250,1410,5.8,5012,250,-8,25,1505,57.8,3.4,991.7,1024.1,1045,1021.3,450,1022.6,10.3,9,1215,2.34,14.7,,,,,,1.3,2.4,-.6,-7.1,,,,,,,,,,,,,,
135,추풍령,1993-01-31,1.8,-2.4,2400,7.3,1340,1.53,,,,,.3,17,250,2040,13.3,250,2120,5.5,4752,250,-5.4,39,1920,58.8,4.2,990.4,1024.4,2400,1017.7,1440,1021,10.4,2,1245,1.83,7.26,,,,,,5.3,4,.3,-6.4,,,,,,,,,,,,.3,{비}1438-{비}{강도0}1500-1540.  {눈}1710-1740.  {박무}1410-{박무}{강도0}1500-1740.,
135,추풍령,1993-02-01,-1.1,-4.7,830,3.3,1630,,,,,,,14.7,250,940,13.3,250,950,7.2,6228,250,-13.4,21,1550,40,2.2,995.6,1028.9,930,1024.4,0,1026.7,10.4,7.8,1200,2.1,14.4,,,,,,0,.6,-1.3,-7.4,,,,,,,,,,,,,,
135,추풍령,1993-02-02,-1.6,-6.4,825,6.7,1520,,,,,,,13.2,250,150,11.7,250,20,2.5,2186,270,-15.4,9,1530,38,1.9,999.4,1033.5,1020,1028.3,0,1030.7,10.4,8.8,1200,1.94,10.54,,,,,,0,0,-.9,-13.1,,,,,,,,,,,,,,
135,추풍령,1993-02-03,.5,-5.9,750,6,1445,,,,,,,10.3,250,1032,8.3,250,1050,3.5,3018,250,-9.2,34,1510,48.3,3.1,996.1,1031,0,1023.6,2000,1027,10.5,6.9,1230,2.16,12.23,,,,,,3,1,.1,-10.9,,,,,,,,,,,,,,
135,추풍령,1993-02-04,3.4,-1.1,2400,9.3,1534,,,,,,,9.2,250,1045,6,250,1100,3,2556,250,-3.8,33,1755,62,4.7,992.7,1025,1100,1021.3,1630,1023.2,10.5,7.7,1200,2.17,13.09,,,,,,4.5,1.5,5.2,-7.6,,,,,,,,,,,,,,
135,추풍령,1993-02-05,4.1,-4.5,755,15.3,1505,,,,,,,15.2,250,1328,9.7,250,1320,2.5,2194,250,-3.1,29,1610,64.8,4.9,985.4,1023.1,0,1010,2400,1015.5,10.5,8.7,1200,1.99,12.54,,,,,,0,0,3.1,-9,,,,,,,,,,,,,,
135,추풍령,1993-02-06,11,1.8,545,21.7,1332,.83,,,,,.7,19,250,1345,13.3,250,1430,4.2,3606,250,.4,24,1334,57.5,6.4,976.1,1010.1,300,1000.8,1600,1005.3,10.5,7.2,1200,1.83,10.68,,,,,,.5,.9,7.7,-3.5,,,,,,,,,,,,.7,{비}2250-2340.{박무}0730-{박무}{강도0}0900-{박무}{강도0}1200-{박무}{강도0}1500-{박무}{강도0}1800-1930.{박무}2210-{박무}{강도0}2400,
135,추풍령,1993-02-07,1.4,-4.6,2400,9.9,0,,,,,,,16.7,250,1335,13.3,250,1310,6.7,5760,270,-8.1,24,1627,51.3,3.9,981.3,1021.2,2400,1004,0,1011.6,10.6,5.5,1300,1.92,8.76,,,,,,5.5,3.8,2.7,-7.8,,,,,,,,,,,,,-{박무}-{박무}{강도0}0300-0530.,
135,추풍령,1993-02-08,-3.2,-6.9,725,1.2,1635,,,,,,,16,250,708,11.7,250,650,6.1,5256,250,-16,21,1610,39.8,1.8,992.6,1026.1,1100,1021.2,0,1023.9,10.6,8.7,1200,2.01,11.86,,,,,,2.3,2.5,.4,-9.1,,,,,,,,,,,,,,
135,추풍령,1993-02-09,-1.6,-4.2,720,2.3,1500,,,,,,,16.5,270,1417,14.7,250,1320,5.3,4588,270,-12,38,1500,45.5,2.5,992.2,1025.3,2400,1021.9,1300,1023.3,10.6,6.8,1215,2.29,13.46,,,,,,5,2.8,.4,-7.1,,,,,,,,,,,,,{폭풍}1320-1340.,
135,추풍령,1993-02-10,.4,-4.6,525,5.9,1605,,,,,,,11,250,1250,8,250,2330,4.2,3628,270,-8.6,32,1458,52.3,3.2,993.2,1026.4,900,1021.1,1700,1024,10.7,7.6,1200,1.97,12.16,,,,,,0,1.3,2.4,-10.3,,,,,,,,,,,,0,,
135,추풍령,1993-02-11,2.3,-.4,2400,5,1603,4.83,,,,,1.2,13.9,250,1540,10,270,2300,5.1,4440,270,-5.8,18,1752,61,4.5,988.8,1021.6,0,1017.1,1600,1019.3,10.7,2.3,1500,1.16,4.52,,,,,,7,4.3,1.5,-3.9,,,,,,,,,,,,1.2,{비}0840-{비}{강도0}0900-{비}{강도0}1200-{진눈깨비}1240-1330.,
135,추풍령,1993-02-12,1.4,-3.3,735,6,1400,,,,,,,16.5,250,1348,11.7,250,1520,5.1,4446,250,-9.5,23,0,43,3.1,992.3,1025.2,900,1020.5,1610,1023.1,10.8,6.4,1200,2.23,13.3,,,,,,1.8,1.9,2.9,-9.2,,,,,,,,,,,,,,
135,추풍령,1993-02-13,2.5,-3.6,742,9.2,1351,,,,,,,16.3,250,1832,13.3,250,1840,4.5,3930,250,-3.6,37,1350,65.5,4.7,992.7,1025.9,2400,1020.1,1630,1023.3,10.8,6.2,1200,2.11,10.96,,,,,,2.5,1.1,1.9,-10.7,,,,,,,,,,,,,{박무}0230-{박무}{강도0}0300-{박무}{강도0}0600-0720.{박무}1520-{박무}{강도0}1800-{박무}{강도0}2100-{박무}{강도0}2400,
135,추풍령,1993-02-14,2.1,-5.3,815,10.9,1420,,,,,,,9.5,270,250,6.7,270,310,2.3,1964,250,-13.1,8,1650,36,2.3,996.6,1030,900,1024.5,1700,1027.4,10.8,9.7,1215,2.53,17.53,,,,,,0,0,4.4,-11.5,,,,,,,,,,,,,-{박무}-0140.,
135,추풍령,1993-02-15,3.6,-3,735,11.4,1530,,,,,,,7.3,250,1350,6,250,400,2.3,2018,250,-9.1,18,1205,39.5,3.1,993.7,1027.3,910,1020.8,1600,1024.2,10.9,7.1,1245,1.89,11.96,,,,,,5,3.8,4.5,-10.5,,,,,,,,,,,,.2,{햇무리}1320-1540.,
135,추풍령,1993-02-16,4.2,2.9,250,5.4,1620,15.67,,,,,23.6,8.7,20,1840,7.7,20,1900,3,2578,20,2.9,58,115,91.8,7.5,982.3,1021.2,0,1004.8,2100,1012.5,10.9,0,900,.13,.26,,,,,,10,5.6,4.1,1.4,,,,,,,,,,,,26.7,{비}0420-0540.{비}0940-{비}{강도0}1200-{비}{강도0}1500-{비}{강도0}1800-{비}{강도0}2100-{비}{강도0}2400{박무}0220-{박무}{강도0}0300-{박무}{강도0}0600-{박무}{강도0}0900-{박무}{강도0}1200-{박무}{강도0}1500-{박무}{강도0}1800-{박무}{강도0}2100{박무}{강도0}2400,
135,추풍령,1993-02-17,3.9,2.5,2400,5.2,0,8.67,,,,,3.4,15,250,930,11,250,940,5.3,4548,250,1.2,71,1740,82.5,6.7,984.3,1021.7,2400,1005.3,0,1014.5,10.9,0,1000,.83,5.56,,,,,,10,6.4,4.5,.6,,,,,,,,,,,,.1,-{박무}-{박무}{강도0}0300-{박무}{강도0}0600-0640.-{비}-{비}{강도0}0300-{비}{강도0}0600-0720.{비}0820-{비}{강도0}0900-0940.,
135,추풍령,1993-02-18,2.9,-1,810,8.7,1500,,,,,,,13,250,100,10.7,250,120,4.1,3502,250,-2.4,26,1543,57.8,5.3,993.8,1026.2,2200,1021.7,0,1024.4,11,8.7,1300,2.25,13.01,,,,,,4,.5,4.1,-7.4,,,,,,,,,,,,,{박무}0540-{박무}{강도0}0600-{박무}{강도0}0900-1020.,
135,추풍령,1993-02-19,2.5,-3.6,805,11.3,1450,,,,,,,6.7,270,10,5.7,270,110,1.7,1441,270,-7.1,20,1512,52.8,3.6,997,1029.7,900,1025.6,1500,1027.8,11,7.7,1200,2.19,14.15,,,,,,0,0,4.7,-9.3,,,,,,,,,,,,,,
135,추풍령,1993-02-20,2.7,-2.9,750,8.3,1210,4.5,,,,,8.9,9.2,90,1150,5.7,90,1210,2.6,2268,50,-2.1,41,1450,73,5.3,993.7,1028.6,0,1016,2400,1024.3,11,4.2,1100,2.26,10.39,,,,,,6,4.3,3.8,-8.4,,,,,,,,,,,,32,{비}1930-{비}{강도0}2100-{비}{강도0}2400,
135,추풍령,1993-02-21,2.9,1.3,500,5,1622,20.67,,,,,31,12,250,2230,8.7,250,2250,3.9,3350,250,2,86,2307,93.8,7.1,977.6,1016,0,1003.2,1350,1007.7,11.1,0,1100,.16,.5,,,,,,10,6.4,3.9,.8,,,,,,,,,,,,7.9,-{비}-{비}{강도1}0300-{비}{강도1}0600-{비}{강도0}0900-{비}{강도0}1200-{비}{강도0}1500-{비}{강도0}1800-2040.,
135,추풍령,1993-02-22,-.5,-5.6,2400,3.1,0,8,,,,,1,21.7,250,1540,11.7,250,1550,8.4,7236,250,-7,43,1620,61.3,3.9,980.9,1016,2400,1009.1,400,1011.5,11.1,1.8,1200,.8,4.06,1,2340,1,2340,1,9.3,5.5,1.2,-6.6,,,,,,,,,,,,1.1,{눈}1120-{눈}{강도0}1200-1435.{눈}1635-{눈}{강도0}1800-1830.{눈}2110-{눈}{강도0}2400,
135,추풍령,1993-02-23,-4.7,-6.8,717,-1.5,1530,1.75,,,,,.1,22.2,250,1415,10.3,250,1420,7,6064,250,-15.3,28,1650,42.8,1.9,988.4,1024.6,2400,1016,0,1019.8,11.2,7.4,1330,2.56,12.41,.2,10,1.2,10,.2,5.5,4,1,-9,,,,,,,,,,,,.1,-{눈}-0040.{눈}0835-{눈}{강도0}0900-0940.,
135,추풍령,1993-02-24,-5,-8,740,-1.3,1600,2,,,,,.1,16.3,250,1020,9.7,250,1050,5.7,4882,250,-14.4,32,1640,48.5,2,994.5,1028.3,2400,1024.3,100,1026.1,11.2,9.5,1215,2.48,16.46,.3,230,.3,230,.3,1.5,1.3,-.6,-10.5,,,,,,,,,,,,,{눈}0120-0240.{눈}0540-{눈}{강도0}0600-0620.,
135,추풍령,1993-02-25,-2.6,-8.4,640,3.7,1557,,,,,,,10.3,250,950,6.7,250,1110,4.2,3604,250,-12.2,27,1640,48.5,2.4,995.4,1029.5,1000,1024,1600,1026.6,11.2,7.2,1130,2.33,14.13,,,,,,3,.4,0,-12.3,,,,,,,,,,,,,,
135,추풍령,1993-02-26,-.4,-4.9,520,4.9,1605,,,,,,,10.5,250,2050,6.3,250,2130,3.8,3310,250,-8.4,32,1630,57.3,3.3,993.5,1026.4,920,1020.7,1708,1024.4,11.3,6.9,1330,2.07,12.26,,,,,,2,1.8,2.3,-8.3,,,,,,,,,,,,,,
135,추풍령,1993-02-27,.9,-2.3,240,6.6,1400,,,,,,,9.2,250,50,8.3,230,1500,2.7,2360,250,-6.6,31,1400,58.8,3.8,988.4,1023.1,132,1015.3,1900,1019,11.3,4.3,1200,1.97,9.07,,,,,,5.8,3.9,1.8,-8.5,,,,,,,,,,,,.3,,
135,추풍령,1993-02-28,0,-3.4,2400,2.3,1100,9.25,,,,,1.4,18,250,1858,12.3,250,1910,6.7,5818,250,-5.6,35,1100,65.5,4.1,985.1,1019.9,2300,1013.6,300,1015.8,11.3,2.8,1000,1.76,7.3,.6,1605,.6,1605,.7,6.8,5.8,1.1,-6.4,,,,,,,,,,,,1.5,{눈}0320-{눈}{강도0}0600-0630.{눈}1125-{눈}{강도0}1200-1250.{눈}1320-{눈}{강도0}1500-1620.{눈}1720-{눈}{강도0}1800-1810.{눈}1840-1930.,
135,추풍령,1993-03-01,-4,-6,2250,-1.2,1308,8.17,,,,,2.5,17.2,250,2330,8.3,250,2350,5.5,4759,250,-8.6,41,1157,70.3,3.2,991.2,1025.9,2300,1020.5,1400,1022.5,11.4,2.8,1215,2.3,11.52,3.3,2130,3.3,2130,4.8,8.3,5.8,1.3,-8.5,,,,,,,,,,,,2.1,{눈}0140-{눈}{강도0}0300-{눈}{강도0}0600-0615.{눈}0855-{눈}{강도0}0900-0940.{눈}1315-1440.{눈}1520-1740.{눈}2040-{눈}{강도0}2100-2135.,
135,추풍령,1993-03-02,-1.7,-6.8,510,4.2,1600,,,,,,,16.9,250,1050,10.3,250,1200,6.9,5932,250,-10.9,29,1510,50.5,2.7,995.2,1028.5,904,1024,1635,1026.4,11.4,9.4,1200,2.84,18.43,,,3.2,0,,1.3,.6,.6,-10.6,,,,,,,,,,,,,,
135,추풍령,1993-03-03,2.7,-2.4,755,8.4,1425,,,,,,,10.7,250,1558,5.7,250,1550,3.9,3376,270,-4.7,36,1510,60,4.3,992.2,1025.5,0,1019.3,1600,1022.7,11.5,7.2,1200,2.49,15.59,,,,,,1,1.3,4.6,-7.2,,,,,,,,,,,,,,
135,추풍령,1993-03-04,3.9,-1.3,750,11.4,1520,,,,,,,10.3,230,1525,5.3,230,1550,2.2,1887,250,-6.3,22,1640,55.5,4.2,990.2,1022.4,940,1018.1,1636,1020.6,11.5,7.9,1200,2.55,16.47,,,,,,2,1.5,5.4,-8.5,,,,,,,,,,,,,{박무}0120-{박무}{강도0}0300-{박무}{강도0}0600-{박무}{강도0}0900-{박무}{강도0}1200-1315.,
135,추풍령,1993-03-05,5.8,-3.4,400,14.9,1450,,,,,,,14,250,1202,12.3,250,1200,3.2,2728,250,-6.5,17,1540,45.3,3.8,990.8,1022.4,2200,1018.2,1510,1020.9,11.5,10,1200,2.57,16.86,,,,,,0,.4,5.4,-10.3,,,,,,,,,,,,,,
135,추풍령,1993-03-06,3.6,1.3,405,5.9,1102,8.42,,,,,7.5,6.7,50,1710,3.7,20,1720,.9,791,140,.6,58,1000,81,6.5,988.9,1022.1,0,1016.2,1600,1019.2,11.6,0,900,.45,1.01,,,,,,9.8,5.5,4.4,-5.8,,,,,,,,,,,,8,{비}1110-{비}{강도0}1200-1445.{비}1715-{비}{강도0}1800-1825.{비}2020-{비}{강도0}2100-{비}{강도0}2400,
135,추풍령,1993-03-07,3.1,1.3,2400,4.2,0,11.67,,,,,1.7,6.2,70,1005,3.3,70,1010,1.4,1223,50,1.2,67,1344,86.8,6.7,991.7,1025.9,2400,1017.7,0,1022.1,11.6,0,1000,.67,4.06,,,,,,10,6.1,5.1,-2,,,,,,,,,,,,1.2,-{비}-0130.{비}0410-{비}{강도0}0600-0640.{비}0805-{비}{강도0}0900-0940.{비}1440-{비}{강도0}1500-{비}{강도0}1800-2045.{박무}2150-{박무}{강도0}2400,
135,추풍령,1993-03-08,2.7,-1.3,2400,8.5,1533,,,,,,,8.3,290,1440,5.7,230,1400,1.7,1466,230,-6.8,21,1500,59.3,4.2,995.8,1028.2,900,1023.9,1650,1026.5,11.7,6.9,1130,2.86,15.37,,,,,,3.5,2.1,5.4,-8.4,,,,,,,,,,,,,-{박무}-{박무}{강도0}0300-0520.,
135,추풍령,1993-03-09,2.1,-4.5,710,9.6,1420,,,,,,,12,250,1515,7,250,1500,1.7,1479,270,-7.5,27,1810,54.3,3.6,994.3,1028.1,100,1021.6,1500,1025,11.7,6.4,1200,2.19,13.65,,,,,,3.5,1.4,4,-10.6,,,,,,,,,,,,0,,
135,추풍령,1993-03-10,2.5,-1.7,350,8.6,1413,2.25,,,,,0,10,250,1337,7.3,250,1350,2,1731,250,-4.6,40,1530,59.8,4.4,992.5,1025.6,300,1020.2,1550,1023,11.7,3.4,1230,2.35,10.83,,,,,,4.3,3.4,2.6,-7,,,,,,,,,,,,,{눈}0620-0835.{박무}2040-{박무}{강도0}2100-{박무}{강도0}2400,
135,추풍령,1993-03-11,4.4,-1.4,400,12.6,1515,,,,,,,6,250,1647,4.3,250,1710,1.1,928,270,-4.8,20,1400,60.8,4.5,990.9,1023.6,810,1018.5,1630,1021.2,11.8,6.6,1230,2.45,15.75,,,,,,2.5,2.5,6.5,-6.7,,,,,,,,,,,,,-{박무}-{박무}{강도0}0300-{박무}{강도0}0600-0820.,
135,추풍령,1993-03-12,4.6,-.4,503,12.2,1615,,,,,,,9.2,230,1033,6.3,230,1030,1.6,1385,230,-4.6,27,1618,52.3,4.3,991.7,1023.7,2200,1020,1720,1022,11.8,5.5,1200,1.99,10.88,,,,,,4,3.3,6.4,-7,,,,,,,,,,,,,,
135,추풍령,1993-03-13,4.9,-3.4,705,15.2,1630,,,,,,,8,230,1113,5.7,230,1120,1.3,1158,230,-7.3,9,1650,50.5,3.8,990.9,1023.2,120,1018,1600,1021.2,11.8,10.1,1200,3.03,22.25,,,,,,0,0,7.8,-9.7,,,,,,,,,,,,,{박무}0440-{박무}{강도0}0600-{박무}{강도0}0900-1020.,
135,추풍령,1993-03-14,6.2,.8,604,12.3,1558,4.83,,,,,6.3,7,20,2018,4.3,20,2020,1.4,1195,50,.4,41,1518,69,6.4,989.7,1023,0,1016.9,1710,1019.8,11.9,1,945,1.41,7.25,,,,,,9,5.4,7.5,-5.5,,,,,,,,,,,,12,{비}1910-{비}{강도0}2100-{비}{강도0}2400,
135,추풍령,1993-03-15,5.9,1.7,2400,9.4,1330,8.67,,,,,5.7,10.6,50,1650,6.3,50,1700,3.3,2869,50,1.5,52,1923,75,7,985.7,1019.7,2400,1013.1,1500,1015.7,11.9,.4,1200,1.01,4.66,,,,,,9.3,5.8,7.4,-1.2,,,,,,,,,,,,,-{비}-{비}{강도0}0300-{비}{강도0}0600-0840.,
135,추풍령,1993-03-16,3.2,-.3,635,8.7,1140,,,,,,,9.2,70,1013,4.7,70,1020,2.3,1990,50,-4.5,36,1553,57.8,4.4,989.8,1022.9,2400,1018.6,1446,1020.2,12,4.6,1030,2.8,13.72,,,,,,2.8,2.5,5,-6,,,,,,,,,,,,,,
135,추풍령,1993-03-17,2.4,-4.8,700,9.8,1430,,,,,,,7.8,20,1248,5.3,20,1300,1.6,1356,20,-7.4,23,1440,52,3.6,991.5,1024,2400,1019.5,1500,1022.1,12,7.8,1315,3.06,18.84,,,,,,2,1.8,5.3,-11.6,,,,,,,,,,,,,,
135,추풍령,1993-03-18,3.3,-2.4,720,9.2,1250,,,,,,,5.3,340,1615,3,340,1620,1.1,926,50,-5.5,30,1604,54.8,4.1,993.7,1026,900,1021.9,1500,1024.2,12,5.1,1100,2.6,13.48,,,,,,5.5,4,6,-9.1,,,,,,,,,,,,,,
135,추풍령,1993-03-19,3.9,-1.9,720,9.3,1540,,,,,,,8.9,270,1454,5,270,1510,1.3,1135,270,-4.8,31,1440,57,4.4,994.9,1027.4,900,1022.9,1530,1025.3,12.1,3.3,1030,2.75,13,,,,,,4.8,3.4,5.9,-8.5,,,,,,,,,,,,,,
135,추풍령,1993-03-20,4.6,-1.9,700,12.2,1605,,,,,,,5.5,20,1128,3,20,1130,.9,774,20,-4.1,23,1547,57.8,4.6,995.2,1027.3,900,1023.1,1700,1025.6,12.1,8,1300,2.69,18.53,,,,,,4.5,3.5,8.7,-7,,,,,,,,,,,,,{박무}0320-{박무}{강도0}0600-0840.,
135,추풍령,1993-03-21,5.3,-2.6,610,13,1513,,,,,,,10.3,250,1410,6.7,250,1230,2,1692,250,-1.9,34,1515,64,5.3,994.7,1027.8,200,1021,1700,1025,12.2,6.5,1000,2.16,14.17,,,,,,1.8,1.3,9.8,-9.1,,,,,,,,,,,,,{박무}0220-{박무}{강도0}0300-{박무}{강도0}0600-{박무}{강도0}0900-1020.,
135,추풍령,1993-03-22,7.3,1,420,15.3,1628,,,,,,,9.2,230,1050,7.7,230,1100,3.8,3288,270,-8,20,1530,34.5,3.4,992.9,1025.5,900,1019.5,1614,1023,12.2,9.5,1200,2.78,17.84,,,,,,0,0,9.9,-3.5,,,,,,,,,,,,,,
135,추풍령,1993-03-23,8.9,1,730,16.5,1355,,,,,,,9.2,250,1502,5.7,250,1520,2.3,2012,270,-5.6,17,1240,40.3,4.2,988.5,1022.6,0,1014.9,1800,1018.3,12.2,6.1,1200,2.78,15.56,,,,,,4.8,3.1,10.6,-4.6,,,,,,,,,,,,.2,{박무}0320-{박무}{강도0}0600-{박무}{강도0}0900-1040.,
135,추풍령,1993-03-24,5.3,4.1,2030,8.9,0,9.92,,,,,18.4,12.7,250,2052,9.3,250,2050,2.4,2072,250,1.9,25,0,79.5,7.1,979.5,1015.8,0,1005,1600,1009.4,12.3,0,1400,.28,.96,,,,,,10,5.6,6.9,2.2,,,,,,,,,,,,18.2,{비}0550-{비}{강도0}0600-{비}{강도0}0900-{비}{강도0}1200-{비}{강도0}1500-1510.{비}1810-1845.{박무}0830-{박무}{강도0}0900-{박무}{강도0}1200-{박무}{강도0}1500-{박무}{강도0}1800-{박무}{강도0}2100-{박무}{강도0}2400,
135,추풍령,1993-03-25,8.4,2.5,650,15.3,1507,,,,,,,14.3,250,128,10.3,250,130,4.3,3725,250,-1.1,23,1400,56.8,5.7,985.7,1017.8,1013,1013.2,1631,1015.4,12.3,8.7,1100,2.54,17.67,,,,,,4.3,2.9,10.1,-.7,,,,,,,,,,,,,-{박무}-{박무}{강도0}0300-{박무}{강도0}0600-{박무}{강도0}0900-{박무}{강도0}1200-1340.{박무}1840-{박무}{강도0}2100-{박무}{강도0}2400,
135,추풍령,1993-03-26,9.3,3.8,730,16.1,1535,,,,,,,10.3,250,1357,7.7,250,1300,2.9,2546,250,.2,20,1823,57.8,6.3,984.7,1016.2,2400,1011.5,1620,1014.3,12.4,10.2,1230,2.96,20.51,,,,,,5,.4,11.6,-2.9,,,,,,,,,,,,,-{박무}-{박무}{강도0}0300-{박무}{강도0}0600-{박무}{강도0}0900-1130.,
135,추풍령,1993-03-27,10.8,-.3,705,20.8,1524,,,,,,,9.2,250,2015,5.7,250,2050,1.8,1596,250,-.2,21,1230,48.5,6.1,984.3,1016.7,100,1009.7,1623,1013.6,12.4,9.7,1200,2.55,18.38,,,,,,3,0,13.2,-7,,,,,,,,,,,,,{박무}0420-{박무}{강도0}0600-{박무}{강도0}0900-1020.,
135,추풍령,1993-03-28,9.3,4.6,2400,14.9,1407,.42,,,,,.1,18.8,250,1518,10.3,250,1530,4.8,4160,250,-.7,28,1600,50.5,5.8,981.5,1017.5,2400,1007,1525,1011,12.4,9,1200,2.88,19.47,,,,,,3.5,2.5,12.6,1.6,,,,,,,,,,,,.7,{비}2325-2350.,
135,추풍령,1993-03-29,5.2,.4,655,12.5,1622,.58,,,,,.6,9,230,1036,6,230,1020,2.7,2320,250,-2.1,27,1510,64.8,5.4,992,1025.1,1000,1017.5,0,1022.3,12.5,10.2,1145,3.21,22.76,,,,,,.5,1.8,11.8,-5,,,,,,,,,,,,,{비}0120-0155.,
135,추풍령,1993-03-30,5.9,-.1,700,12.8,1720,,,,,,,7.2,230,1742,3.7,230,1740,1.1,946,230,-1.8,36,1715,57.8,5.4,988.4,1023.9,0,1013.6,1840,1018.5,12.5,6.1,1130,1.5,11.74,,,,,,5.8,2.8,9.7,-5,,,,,,,,,,,,,{햇무리}0840-1130.,
135,추풍령,1993-03-31,7.7,-.6,617,15.7,1225,3.67,,,,,3.2,14.9,250,2115,8.7,250,2120,3,2585,250,1.2,37,1203,65.8,6.8,979.1,1014.2,0,1003.2,1512,1008.7,12.5,4.8,1030,2.57,11.63,,,,,,4.5,4.3,10.1,-6.2,,,,,,,,,,,,3.2,{비}1220-1240.{비}1520-{비}{강도0}1800-1840.{박무}1820-{박무}{강도0}2100-{박무}{강도0}2400,
135,추풍령,1993-04-01,9.8,5.9,650,16.1,1720,,,,,,,13.2,250,1235,11.7,250,1220,4.7,4086,250,1.8,33,1700,59,7,983.7,1015.9,2400,1009.6,0,1013.3,12.6,9.5,1215,2.96,20.64,,,,,,2.8,1.9,12,.9,,,,,,,,,,,,,{박무}0220-{박무}{강도0}0300-{박무}{강도0}0600-0810.-{황사}-{황사}{강도0}0300-{황사}{강도0}0600-{황사}{강도0}0900-1130.,
135,추풍령,1993-04-02,12.1,3.6,505,20.9,1425,,,,,,,7.8,290,525,7,290,540,3,2614,250,1.4,26,1540,52,6.8,986,1017.5,700,1012,1700,1015.3,12.6,9.5,1200,2.85,18.65,,,,,,2.8,1.3,13.6,-2.8,,,,,,,,,,,,,-{박무}-{박무}{강도0}0300-{박무}{강도0}0600-{박무}{강도0}0900-1040.{황사}1230-{황사}{강도0}1500-{황사}{강도0}1800-{황사}{강도0}2100-{황사}{강도0}2400,
135,추풍령,1993-04-03,13.7,4.3,710,22.4,1430,,,,,,,9.9,250,2005,7.7,250,2010,3.1,2662,250,1.7,24,1410,45.5,6.9,984,1016.7,110,1009.3,1550,1013,12.6,10.3,1100,2.58,18.11,,,,,,3.3,1.3,16.5,-1.1,,,,,,,,,,,,,{황사}1850-{황사}{강도0}2100-{황사}{강도0}2400,
135,추풍령,1993-04-04,7.9,4.8,2400,12.1,0,3.27,.1,1210,.1,1146,.1,8.5,250,30,7,250,20,2.6,2206,70,3.2,52,0,72,7.8,985.4,1020.6,2400,1012.5,220,1015.2,12.7,0,1245,.6,2.3,,,,,,10,5.4,10.7,-.6,,,,,,,,,,,,.1,-{황사}-{황사}{강도0}0300-{황사}{강도0}0600-{황사}{강도0}0900-0950.{비}0930-{비}{강도0}1200-1246.,
135,추풍령,1993-04-05,7.7,-1.6,700,16.5,1507,,,,,,,8,250,2135,6.7,250,2140,1.9,1676,250,-3.4,21,1600,49.3,4.8,990.8,1023.5,700,1017.5,1740,1020.6,12.7,11.2,1200,3.23,24,,,,,,1.8,.4,13.5,-9.1,,,,,,,,,,,,,,
135,추풍령,1993-04-06,7.5,-.6,642,15.1,1515,,,,,,,14.7,270,2255,12,270,2310,4.5,3890,250,-3.5,26,1210,47.5,4.7,988,1021.2,50,1014.6,1632,1017.9,12.8,10.6,1200,3.02,21.96,,,,,,2.5,.5,12.4,-8.1,,,,,,,,,,,,,{황사}0725-{황사}{강도0}0900-{황사}{강도0}1200-{황사}{강도0}1500-{황사}{강도0}1800-{황사}{강도0}2100-{황사}{강도0}2400-{폭풍}11101140.,
135,추풍령,1993-04-07,4.2,-.1,2400,7.9,1220,,,,,,,22,250,1120,16.7,250,1130,9.2,7926,250,-5.8,29,1250,48,4,986,1020,2400,1014.4,1500,1016.2,12.8,10.3,1200,2.83,20,,,,,,1,1.8,9.3,-3.2,,,,,,,,,,,,.9,{황사}0725-{황사}{강도0}0900-{황사}{강도0}1200-{황사}{강도0}1500-{황사}{강도0}1800-{황사}{강도0}2100-{황사}{강도0}2400-,
135,추풍령,1993-04-08,1.5,-1,400,4.6,1508,6.08,,,,,.9,14,250,1140,10.7,250,1540,6,5206,250,-3.6,53,1523,69.3,4.7,990.1,1024.4,2400,1019.8,1500,1020.8,12.9,3.8,1330,1.9,6.66,.8,740,.8,740,.8,7.8,4.9,6.9,-3,,,,,,,,,,,,,-{황사}-0240.{눈}0235-{눈}{강도0}0300-{눈}{강도0}0600-0840.,
135,추풍령,1993-04-09,4.1,-1,620,11,1550,,,,,,,13.2,250,815,9.3,250,830,4.7,4060,250,-8,24,1434,42.3,3.4,994.6,1027,2052,1023,1547,1025.1,12.9,11.1,1200,3.19,23.36,,,,,,2.3,.9,10.6,-5,,,,,,,,,,,,,,
135,추풍령,1993-04-10,3,-3.4,620,11.2,1250,2.25,.5,1640,1.4,1620,1.7,12.7,250,1314,8,250,1340,2.4,2064,270,-3.3,30,1225,63.8,4.8,993.2,1026.8,100,1021.7,1500,1023.8,12.9,1.5,1130,2.07,8.49,,,,,,6.8,5,5.9,-9.9,,,,,,,,,,,,1.9,{비}1605-{비}{강도0}1800-1820.,
135,추풍령,1993-04-11,3.9,.9,2400,9.4,1650,2.33,.3,900,.7,840,.7,12,290,1337,8.3,270,1300,3.6,3152,270,-2.3,39,1650,65,5.2,991.6,1026.4,2400,1020.4,1600,1022,13,5,1100,1.7,8.82,,,,,,5.8,3.4,6.1,-6.4,,,,,,,,,,,,.5,{비}0550-{비}{강도0}0600-0615.{비}0715-{진눈깨비}0810-{비}0840-{비}{강도0}0900-0940.,
135,추풍령,1993-04-12,7.1,-.6,605,13.4,1540,,,,,,,12.2,270,1620,9.7,270,1630,3.2,2801,270,-2.2,29,1600,53.8,5.2,996.4,1028.2,2400,1024.5,1640,1026.6,13,10.9,1130,3.18,21.87,,,,,,.5,.5,11,-7.4,,,,,,,,,,,,,{박무}0340-{박무}{강도0}0600-0840.,
135,추풍령,1993-04-13,8.5,1.2,650,15.7,1542,,,,,,,18.4,270,1325,11.3,270,1400,5,4336,270,-3.5,27,1230,44.8,4.7,997.3,1029.3,610,1024.3,1550,1027.4,13,10.5,1130,3.04,22.29,,,,,,1.5,0,12.3,-3.6,,,,,,,,,,,,,,
135,추풍령,1993-04-14,12.5,4.7,650,19.2,1512,,,,,,,13.3,270,1332,9.3,270,1600,5.1,4406,270,-2.6,25,1310,35,5.1,995.9,1029,730,1021.2,1800,1025.5,13.1,10.9,1200,3.05,22.32,,,,,,0,0,15.6,-.6,,,,,,,,,,,,,,
135,추풍령,1993-04-15,12.7,5.5,640,20.1,1445,,,,,,,9.9,270,1410,7,270,1420,2.9,2539,270,-2,23,1610,36,5.3,990.6,1024.9,10,1015,1800,1020,13.1,8.1,1045,2.38,15.65,,,,,,5.8,2.5,14.6,.7,,,,,,,,,,,,,{햇무리}1110-1520.,
135,추풍령,1993-04-16,13.7,4.8,610,21.6,1530,,,,,,,10.7,270,920,7.7,270,1030,3.9,3404,290,.7,23,1400,41.8,6.5,983.4,1016.6,0,1007.9,1800,1012.4,13.2,10.4,1300,3.06,22.64,,,,,,1.8,0,17.4,.7,,,,,,,,,,,,,,
135,추풍령,1993-04-17,13.9,6.6,505,21.5,1415,,,,,,,17,270,1330,15.3,270,1300,7,6028,270,4.3,26,1350,54,8.3,981,1011.8,200,1006.8,1600,1009.9,13.2,11,1200,3.31,23.72,,,,,,.5,.3,17.7,2.9,,,,,,,,,,,,,{폭풍}1250-1320.,
135,추풍령,1993-04-18,17.8,10.1,547,25.6,1505,,,,,,,14,270,1440,11.3,270,1450,6.1,5310,270,5.4,24,1540,45.5,9,981.9,1012.3,2400,1008.2,1540,1010.4,13.2,11.2,1200,3.36,25.42,,,,,,0,0,21,6.2,,,,,,,,,,,,,,
135,추풍령,1993-04-19,18.3,10,650,26.8,1510,,,,,,,11.7,270,1358,8.3,270,1410,4.4,3766,270,4.9,20,1500,45.5,8.7,985.1,1015.7,2400,1010.9,1600,1013.7,13.3,10.6,1200,3.03,22.02,,,,,,0,0,21.6,5.2,,,,,,,,,,,,,{박무}0210-{박무}{강도0}0300-{박무}{강도0}0600-{박무}{강도0}0900-0950.,
135,추풍령,1993-04-20,19.4,11.8,725,26.8,1528,,,,,,,7.2,250,1032,6.3,250,1000,2.6,2209,250,5.1,22,1455,40.3,8.8,986.9,1017.2,1010,1012.8,1630,1015.4,13.3,9.3,1200,2.81,18.53,,,,,,6,2.5,20.6,3.2,,,,,,,,,,,,,{햇무리}1050-1640.,
135,추풍령,1993-04-21,14.2,9.6,635,19.6,1325,,,,,,,8.5,70,720,5.3,70,730,2.2,1863,50,8.1,48,1330,67.8,10.8,986.7,1019.3,650,1011.9,2400,1015.9,13.3,2.9,1130,2.6,14.23,,,,,,5.5,7.1,16.5,3.6,,,,,,,,,,,,,{박무}0340-{박무}{강도0}0600-{박무}{강도0}0900-{박무}{강도0}1200-{박무}{강도0}1500-{박무}{강도0}1800-{박무}{강도0}2100-{박무}{강도0}2400,
135,추풍령,1993-04-22,18.2,9.4,650,25.4,1442,,,,,,,5.3,290,347,4.3,290,400,1.3,1114,160,8.1,30,1500,53.8,10.9,977.6,1011.9,0,998.3,2350,1006,13.4,7.5,1130,2.99,18.78,,,,,,8.8,3.8,21.6,2.8,,,,,,,,,,,,34.3,-{박무}-{박무}{강도0}0300-{박무}{강도0}0600-0840.,
135,추풍령,1993-04-23,18.9,12.8,305,26.3,1615,4.83,6.5,45,13.5,205,34.3,17.8,320,40,8.7,290,220,2.7,2370,270,9.2,25,1556,57.3,11.8,972.5,1002.3,700,998,25,1000.7,13.4,9.7,1200,2.71,18.29,,,,,,8.8,6.1,19.9,10.1,,,,,,,,,,,,,{소나기}0020-{소나기}/{우박}(d 0.5)0024-{소나기}0025-{소나기}{강도1}0300-{비}0350-0510.{황사}1010-{황사}{강도0}1200{황사}{강도0}1500-{황사}{강도0}1800-{황사}{강도0}2100-{황사}{강도0}2400-{천둥}{강도0}(NW)0015-{뇌전}{강도1}(NW2-3)0035{뇌전}{강도2}(NW{이동}N4)0050-{뇌전}{강도1}(N6)-{뇌전}{강도0}(N{이동}NE6)0130-0140.{뇌전}{강도0}(NE4-5)0210{뇌전}{강도1}(NE4-5)0225-{뇌전}{강도0}(NE4-6)0300-{뇌전}{강도0}(NE{이동}E6)0310-{뇌전}{강도0}(E6-8)0315-0320.,
135,추풍령,1993-04-24,14.2,6.1,2300,20.3,1133,.25,0,,0,,0,19,270,2040,15,270,2110,4.6,3988,270,6.3,24,1824,59.8,10.6,971,1008.6,2400,996.4,1045,999.7,13.4,3.3,930,1.66,10.17,,,,,,5,3.5,14.2,1.6,,,,,,,,,,,,0,-{황사}-{황사}{강도0}0300-{황사}{강도0}0600-{황사}{강도0}0900-{황사}{강도0}1200-{황사}{강도0}1500-{황사}{강도0}1800-1853.{비}1420-1435.{박무}0420-{박무}{강도0}0600-{박무}{강도0}0900-{박무}{강도0}1200-{박무}{강도0}1500-1620.{폭풍}2110-2140.{폭풍}2230-2250.,
135,추풍령,1993-04-25,10.2,5,210,16.5,1509,,,,,,,19.8,250,1335,13.3,250,1340,6.9,5920,250,-1,28,1520,47.8,5.7,983.2,1015.9,2300,1008.6,0,1012.7,13.5,10.3,1115,3.08,23.01,,,,,,1.5,1.8,13.1,.4,,,,,,,,,,,,,,
135,추풍령,1993-04-26,12.6,2.5,640,20.5,1520,,,,,,,17.3,270,1905,16.7,270,1910,5.1,4436,250,-1.3,19,1330,38.5,5.7,980.7,1015.9,0,1004.5,1620,1009.8,13.5,10.8,900,2.56,19.63,,,,,,.8,2.3,15,-1.5,,,,,,,,,,,,,{폭풍}1810-1940.,
135,추풍령,1993-04-27,17.3,10,620,24.2,1500,,,,,,,13.7,250,20,9.3,250,30,2.6,2246,50,3.6,20,1420,42.5,8,982.9,1014.2,920,1009.6,0,1011.6,13.5,9,1115,2.83,19.26,,,,,,4.3,2.5,19.8,4.2,,,,,,,,,,,,3.8,{황사}0730-{황사}{강도0}0900-{황사}{강도0}1200-{황사}{강도0}1500-{황사}{강도0}1800-{황사}{강도0}2100-{황사}{강도0}2400-{뇌전}{강도0}(SW5-7)2330-2350.,
135,추풍령,1993-04-28,10.9,9.4,2400,15,0,12.83,2.5,1128,3.7,930,11.7,9.2,70,1715,5,70,1730,2.6,2284,70,7.2,50,0,77.8,10.2,979.3,1012.8,0,1005.4,1530,1008.5,13.6,0,1200,.24,.99,,,,,,10,5.4,13,5.5,,,,,,,,,,,,8,{비}0715-{비}{강도0}0900-{비}{강도0}1200-1330.{비}1445-{비}{강도0}1500-{비}{강도0}1800-{비}{강도0}2100-2120.-{황사}-{황사}{강도0}0300-{황사}{강도0}0600-0720.,
135,추풍령,1993-04-29,10,8.9,550,11.8,1240,8.83,.1,2030,.2,2030,.5,8.7,70,20,5.3,70,30,2.4,2094,70,6.1,67,1243,76.8,9.4,980.3,1011.8,1100,1008.1,330,1009.7,13.6,0,1100,1.03,4.34,,,,,,10,6,12.1,6.7,,,,,,,,,,,,2.7,{비}0630-{비}{강도0}0900-1130.{비}2010-{비}{강도0}2100-{비}{강도0}2400,
135,추풍령,1993-04-30,13.8,9.3,220,18.5,1447,7.83,.3,115,1.2,115,2.7,14.7,250,424,9,250,440,2.9,2475,250,6.5,36,1450,64,9.7,983.2,1019.7,2400,1008.2,300,1012.2,13.6,5,1230,2.95,13.54,,,,,,9.5,6,16,7.6,,,,,,,,,,,,3,-{비}-{비}{강도0}0300-{비}{강도0}0600-0620.{비}2025-{비}{강도0}2100-2155.,
135,추풍령,1993-05-01,10.3,7.7,630,16.4,1350,14.08,.5,2330,1.9,2300,6.9,10.5,90,1710,7.3,90,1720,3.5,3058,50,4.9,44,1425,71,8.7,990.1,1021.4,1000,1016.6,2400,1019.7,13.7,2.2,1230,2.8,11.69,,,,,,10,5.3,14.2,5.8,,,,,,,,,,,,,{비}0110-{비}{강도0}0300-{비}{강도0}0600-{비}{강도0}0900-0930.{비}1815-{비}{강도0}2100-{비}{강도0}2400,
135,추풍령,1993-05-02,10.2,6.9,650,14.2,1812,13.67,.8,330,2.6,330,14.4,7.3,70,20,4.7,250,1910,1.4,1174,70,6.2,60,1710,76,9.5,982,1016.6,0,1008.7,1600,1011.5,13.7,.6,1130,1.2,7.04,,,,,,9,6,12.9,3.8,,,,,,,,,,,,,-{비}-{비}{강도0}0300-{비}{강도0}0600-{비}{강도0}0900-{비}{강도0}1200-1340.,
135,추풍령,1993-05-03,13.8,9.7,2400,20.1,1653,,,,,,,13.1,250,717,8,250,710,4,3415,250,4.3,30,1610,53.3,8.3,985.5,1018.6,2400,1012.4,0,1014.6,13.7,11.1,1115,3.25,24.65,,,,,,4,2.3,15.8,2.6,,,,,,,,,,,,,,
135,추풍령,1993-05-04,15.1,7.3,510,22.7,1450,,,,,,,10.3,110,1255,6.3,110,1320,2.1,1785,110,6.4,34,1440,58.3,9.6,989.3,1021.3,900,1015.5,1730,1018.4,13.8,9.7,1200,2.77,21.19,,,,,,4.3,.8,17.5,.2,,,,,,,,,,,,,{박무}0320-{박무}{강도0}0600-{박무}{강도0}0900-{박무}{강도0}1200-1320.,
135,추풍령,1993-05-05,16.8,8.6,620,24.9,1617,,,,,,,7.9,230,1430,3.7,230,1420,1,898,270,8,32,1610,58,10.8,988.5,1019.7,200,1013.5,1820,1017.3,13.8,9.1,1000,2.33,18.27,,,,,,7.3,6.3,20.2,3.4,,,,,,,,,,,,,,
135,추풍령,1993-05-06,17.1,13.2,2400,21.9,1507,4.17,.3,923,.7,910,1.6,8.7,110,1510,4.3,110,1540,1.2,1020,140,11,43,1530,68.3,13.2,985.2,1016.5,40,1011.6,1813,1013.9,13.8,5.1,1430,2.4,10.86,,,,,,6.8,3.8,19.5,7.7,,,,,,,,,,,,,{박무}0110-{박무}{강도0}0300-{박무}{강도0}0600-{박무}{강도0}0900-{박무}{강도0}1200-1220.{비}0830-{비}{강도0}0900-{비}{강도0}1200-1240.,
135,추풍령,1993-05-07,18.3,10,550,25.7,1515,,,,,,,10,250,2159,8.7,250,2220,1.7,1496,250,9.5,32,1430,59.3,11.9,982.2,1013.4,100,1006.8,1615,1010.7,13.9,9.3,1300,3.05,22.66,,,,,,4.5,2.3,22.1,3.8,,,,,,,,,,,,,{박무}0120-{박무}{강도0}0300-{박무}{강도0}0600-{박무}{강도0}0900-1020.,
135,추풍령,1993-05-08,16.5,10.9,2400,21.6,1630,,,,,,,10,250,1440,6,250,1430,3,2618,250,5.1,18,1455,51,9.2,983,1013.1,2220,1009.9,1810,1011.8,13.9,9.4,1230,2.65,21.51,,,,,,4.5,1.8,20.2,3.8,,,,,,,,,,,,,{황사}1020-{황사}{강도0}1200-{황사}{강도0}1500-{황사}{강도0}1800-{황사}{강도0}2100-{황사}{강도0}2400,
135,추풍령,1993-05-09,11.1,9.8,2240,14.3,1030,13,.8,1205,3.8,1555,21.5,5.9,230,1105,3.3,230,1100,.7,629,110,6.8,51,1125,75,9.9,981.9,1012.8,0,1009.5,1855,1011.2,13.9,0,900,.51,2.36,,,,,,10,7.1,13.7,5,,,,,,,,,,,,,-{황사}-{황사}{강도0}0300-{황사}{강도0}0600-{황사}{강도0}0900-{황사}{강도0}1200-1240.{비}1040-{비}{강도0}1200-{비}{강도0}1500-{비}{강도1}1800-{비}{강도0}2100-2340.,
135,추풍령,1993-05-10,15.3,9,340,21.9,1635,,,,,,,12,250,1912,7.7,250,1950,3.7,3234,230,5.9,34,1520,56,9.3,981.7,1013.5,2200,1009,330,1010.5,14,9.6,1200,3.02,21.34,,,,,,4.3,1.8,17.3,6.5,,,,,,,,,,,,,{황사}1020-{황사}{강도0}1200-{황사}{강도0}1500-{황사}{강도0}1800-{황사}{강도0}2100-{황사}{강도0}2400,
135,추풍령,1993-05-11,18.1,9.6,630,25,1418,,,,,,,12.2,230,1208,6.3,230,1240,3.6,3088,250,2.8,21,1355,37.3,7.5,984.4,1014.7,930,1010.9,1830,1013,14,7.7,1200,2.73,18.29,,,,,,4,3,17.5,2.2,,,,,,,,,,,,,-{황사}-{황사}{강도0}0300-{황사}{강도0}0600-{황사}{강도0}0900-1140.,
135,추풍령,1993-05-12,21.5,13.5,552,28.7,1353,,,,,,,13.2,230,1508,7.7,230,1530,2.1,1845,250,12.3,43,1635,56,14.7,981.4,1013,700,1005.3,1600,1009.6,14,9.9,1245,2.92,21.17,,,,,,3.8,3.1,24,8.7,,,,,,,,,,,,,{박무}2035-{박무}{강도0}2100-{박무}{강도0}2400-,
135,추풍령,1993-05-13,15.8,10.6,2400,20.9,0,15.08,3.8,820,13.6,1400,65.7,11,20,1230,5.3,20,1340,1.3,1086,20,12.5,72,1242,81,14.9,979.9,1012.1,2124,1006.9,750,1008.6,14.1,0,1045,.36,.86,,,,,,9.8,5.9,17,8.7,,,,,,,,,,,,,{비}0410-0540.  {소나기}0805-{소나기}{강도1}0900-{비}0930-1035.  {소나기}1045-1120.  {비}1330-{소나기}1340-{비}1350-{비}{강도1}1500-{비}{강도0}1800-{비}{강도1}2100-{비}{강도0}2400-   {천둥}{강도0}(W)0730- {뇌전}{강도0}(W 3-6)0750-{뇌전}{강도0}(W{이동}NW 3)0805-{뇌전}{강도1}(NW 2-3)0810-{뇌전}{강도1}(NW{이동}N 2)0825-{뇌전}{강도0}(N{이동}NE 4)0845-{뇌전}{강도0}(NE 4-6)0900-0903.  {천둥}{강도0}(S)0755-{뇌전}{강도0}(S 5-10)0810-0830.  {천둥}{강도0}(N)1040-1045.,
135,추풍령,1993-05-14,15.2,9.8,530,22,1635,7.67,.8,240,3.3,240,11.2,11.7,230,1525,8.3,230,1530,2.1,1829,230,4.3,19,1740,53,8.6,985.1,1018.6,2400,1011.7,0,1014,14.1,10.7,1130,3.45,26.7,,,,,,4.3,2.3,18.6,5.6,,,,,,,,,,,,,-{비}-{비}{강도0}0300-{비}{강도0}0600-0740.,
135,추풍령,1993-05-15,16.8,6.9,610,24.8,1510,,,,,,,6.5,50,1120,3.3,50,1120,.9,744,50,4,21,1408,44.8,8.1,990.3,1021.2,900,1016.6,1600,1019.2,14.1,12.3,1300,3.27,27.43,,,,,,2,.4,19.9,1,,,,,,,,,,,,,,
135,추풍령,1993-05-16,15.2,10.7,610,21.5,1412,,,,,,,2.7,140,1328,2,140,1330,.3,296,110,7,41,1223,57.8,10.2,989.7,1021.4,805,1015.9,1542,1018.8,14.1,2.1,1000,2.39,13.01,,,,,,8.8,6.3,18.8,6.4,,,,,,,,,,,,,,
135,추풍령,1993-05-17,12.7,10.8,735,14.4,0,13.5,.4,1210,1.8,1120,9.9,7.3,250,2320,5.3,250,2310,1.6,1356,250,9,65,1810,77.8,11.5,984.7,1016.7,0,1011.3,1510,1013.9,14.2,.3,1730,.55,2.07,,,,,,9.8,4.8,14.5,8.7,,,,,,,,,,,,,{비}0120-0240.  {비}0410-{비}{강도0}0600-{비}{강도0}0900-{비}{강도0}1200-{비}{강도0}1500-1620.,
135,추풍령,1993-05-18,17.4,11.8,635,23.7,1640,,,,,,,9.9,230,1037,6.7,230,1050,4.4,3793,250,8.8,36,1510,58.3,11.4,986.2,1016.5,836,1012.7,1800,1014.9,14.2,11.9,1230,3.01,25.64,,,,,,2,1.3,19.6,7.9,,,,,,,,,,,,,{박무}0110-{박무}{강도0}0300-{박무}{강도0}0600-0620.  {박무}2035-{박무}{강도0}2100-{박무}{강도0}2400-,
135,추풍령,1993-05-19,18.8,12.3,528,25.3,1530,,,,,,,8,230,1215,6.7,230,1230,3.4,2910,250,8.6,30,1630,52.8,11.2,986.4,1016.3,800,1012.6,1720,1014.9,14.2,9.7,1400,2.46,18.44,,,,,,5.5,2.5,19.8,6.8,,,,,,,,,,,,,-{박무}-{박무}{강도0}0300-{박무}{강도0}0600-0840.,
135,추풍령,1993-05-20,20.2,11.2,604,29.2,1710,,,,,,,7.8,230,1012,6.3,230,1020,2.5,2184,230,6.6,21,1520,42.5,9.8,985.6,1016.2,600,1011,1800,1014.1,14.2,12.4,1015,3.03,26.85,,,,,,0,0,22.1,4.8,,,,,,,,,,,,,,
135,추풍령,1993-05-21,15.7,11.1,610,22.5,1242,10.42,2.8,2305,7.4,2242,19.9,12.8,50,2015,5.7,50,2020,1.7,1429,50,10.7,43,1150,73,13,982,1015.9,0,1005.3,2400,1010.8,14.3,.6,1045,1.88,8.46,,,,,,7.3,4.9,18.2,5,,,,,,,,,,,,,{비}1335-{비}{강도0}1500-{비}{강도0}1800-{비}{강도0}2100-{비}{강도1}2400-,
135,추풍령,1993-05-22,16.7,12.9,40,21.9,1732,8.33,1.9,230,3.8,140,9.9,12.2,250,2145,11.3,250,2150,3.5,3002,230,10,43,1730,66,12.3,976.3,1008.3,2400,1002.6,540,1004.9,14.3,4.2,1300,2.67,14.15,,,,,,7.3,4,19.1,10.6,,,,,,,,,,,,,-{비}-{비}{강도1}0300-{비}{강도0}0600-0820.,
135,추풍령,1993-05-23,18,10.8,555,24.7,1613,,,,,,,11.5,250,38,7.3,250,120,2.8,2406,250,4.3,23,1512,41,8.4,981.1,1011.7,744,1007.3,1756,1009.7,14.3,11.9,1245,2.59,21.44,,,,,,3.5,.5,18.7,3.7,,,,,,,,,,,,,{햇무리}1645-1830.,
135,추풍령,1993-05-24,19.6,12.7,543,26,1455,,,,,,,12.3,230,1615,9.3,230,1610,3.6,3116,250,7.2,26,1250,46.3,10.2,978.8,1009.8,2300,1005,1455,1007.1,14.3,12,1200,3.05,25.3,,,,,,0,0,21.7,6,,,,,,,,,,,,,,
135,추풍령,1993-05-25,16.6,12.4,116,21.4,1548,.17,0,,0,,0,11,250,945,8.7,250,950,2.6,2214,250,8.4,43,1335,58,11,982.8,1014.6,2400,1009.3,100,1011.5,14.4,1.7,1315,2.31,12.5,,,,,,7,3.6,18,6.2,,,,,,,,,,,,,{비}1615-1625.{박무}2150-{박무}{강도0}2400,
135,추풍령,1993-05-26,17.2,10.8,245,24.8,1530,,,,,,,8.7,230,1446,6,230,1500,1.9,1628,230,7.5,23,1530,56.5,10.5,985.4,1015.7,640,1011.4,1810,1014.1,14.4,12.3,1230,3.28,26.66,,,,,,1.8,.6,21.2,4.4,,,,,,,,,,,,,-{박무}-{박무}{강도0}0300-{박무}{강도0}0600-0810.,
135,추풍령,1993-05-27,18,8.4,540,27,1524,,,,,,,5.5,160,1409,3,160,1410,.6,502,140,7.6,26,1520,53.3,10.5,983,1015.7,40,1007.4,1800,1011.6,14.4,12.1,1200,3.19,24.89,,,,,,1.5,0,22.7,2.1,,,,,,,,,,,,,,
135,추풍령,1993-05-28,20.2,12.8,545,28.9,1510,,,,,,,4.7,270,755,3.7,270,750,1,862,360,8.9,28,1535,49.5,11.4,978.7,1009.3,0,1003.9,1800,1006.9,14.4,10.5,1000,2.85,22.28,,,,,,5.5,2.4,23.1,6.7,,,,,,,,,,,,,,
135,추풍령,1993-05-29,17.6,11,543,22.7,1245,,,,,,,6.3,110,1540,4.3,110,1550,1.5,1302,20,8.8,35,1143,57.8,11.4,976.9,1006.7,130,1003.4,1756,1005.4,14.4,6.4,1130,2.24,14.91,,,,,,6.8,3.3,20.2,4.3,,,,,,,,,,,,,,
135,추풍령,1993-05-30,20.3,9.2,543,29.4,1555,,,,,,,6.3,230,1055,5.7,230,1040,1.2,995,230,8.9,23,1427,51.8,11.6,976.5,1006.2,2400,1002.5,1526,1004.7,14.5,11.2,1200,3.05,24.14,,,,,,4.8,.4,25.2,2.9,,,,,,,,,,,,,{햇무리}1410-1820.,
135,추풍령,1993-05-31,23.1,15.5,650,29.8,1326,,,,,,,7,110,1810,4.3,110,1820,1.4,1228,20,10.5,29,1425,46.3,12.7,980.3,1012.3,2335,1006.2,0,1008.2,14.5,11.3,1115,3.04,24.19,,,,,,.8,0,28.6,10,,,,,,,,,,,,,,
135,추풍령,1993-06-01,21.3,14.8,610,26.8,1313,1.58,.2,2310,.5,2245,.5,11,160,1720,7,140,2110,2.4,2090,90,12.1,36,1233,57,14.1,979.8,1012.2,0,998.7,2400,1007.9,14.5,6.9,1130,2.9,18.89,,,,,,6.8,4.1,25.3,8.7,,,,,,,,,,,,,{비}2225-{비}{강도0}2400,
135,추풍령,1993-06-02,16.5,13.4,2240,19.5,1442,18.92,1,2130,4,2100,21.6,17.5,230,2102,8,230,2120,5.1,4413,230,12.5,53,1350,77.3,14.6,957.8,998.7,0,981.6,1405,985.8,14.5,0,1400,.92,4.83,,,,,,10,5.9,19,10.7,,,,,,,,,,,,,-{비}-{비}{강도0}0300-{비}{강도0}0600-{비}{강도0}0900-1015.{비}1050-1130.{비}1230-1320.{비}1650-{비}{강도0}1800-{비}{강도0}2100-{비}{강도0}2400,
135,추풍령,1993-06-03,14.3,12.8,555,16.2,1626,9.67,.7,540,2.3,520,9.2,16,270,1315,12.7,270,1310,5.5,4792,270,9.7,57,1348,74.3,12.1,966.4,1002.9,2400,987.7,0,994.9,14.5,.3,930,1.57,6.08,,,,,,9.5,5.4,15.7,8.2,,,,,,,,,,,,,-{비}-{비}{강도0}0300-{비}{강도0}0600-{비}{강도0}0900-0940.,
135,추풍령,1993-06-04,16.5,13.4,40,21.3,1712,,,,,,,9.2,270,1004,5.7,270,440,2.5,2199,270,10.9,51,1712,69.8,13.1,976.1,1007.9,2343,1002.9,0,1004.6,14.5,1.8,1000,1.76,11.96,,,,,,6.5,3.9,17.4,8,,,,,,,,,,,,,,
135,추풍령,1993-06-05,18.5,12.6,400,26.6,1603,,,,,,,6.2,270,1515,4.3,270,1440,1.1,952,290,11.9,38,1433,68.5,14,979.3,1010.1,2400,1005.4,1700,1007.8,14.5,7.6,1115,2.96,19.19,,,,,,4.3,1.9,20.9,6.7,,,,,,,,,,,,,{박무}0415-{박무}{강도0}0600-{박무}{강도0}0900-0950.,
135,추풍령,1993-06-06,20.4,13.3,615,27.1,1535,,,,,,,7.6,270,1430,6.7,270,1400,2.3,1958,270,11.6,34,1515,58.5,13.7,981.9,1011.8,2400,1008.5,1540,1010.2,14.6,11.8,1130,2.99,25.15,,,,,,.8,0,23.5,8.1,,,,,,,,,,,,,{햇무리}1020-1415.,
135,추풍령,1993-06-07,22.1,13.3,539,29.6,1504,,,,,,,5.3,70,1610,4,50,1600,.9,785,160,13.4,37,1658,59.5,15.4,982.9,1013,804,1008,1757,1011.1,14.6,11.1,1200,2.89,22.8,,,,,,1.8,1.1,25.6,7.9,,,,,,,,,,,,,{박무}0440-{박무}{강도0}0600-0810.{햇무리}1620-1820.,
135,추풍령,1993-06-08,20,16.4,2400,25.8,1555,3.87,.4,2110,.8,2103,.8,10,110,1745,6.3,110,1750,1.2,1071,140,13.4,49,1518,66.3,15.4,982.2,1012.6,2150,1008.8,1630,1010.5,14.6,3.5,1345,1.7,9.69,,,,,,8.8,6.1,23.9,12.8,,,,,,,,,,,,,{박무}0620-{박무}{강도0}0900-{박무}{강도0}1200-{박무}{강도0}1500-{박무}{강도0}1800-1830.{박무}2120-{박무}{강도0}2400-{햇무리}1320-1540.{소나기}1943-{소나기}{강도0}2100-2335.{천둥}{강도0}(W)1904-{뇌전}{강도0}(W3-6)1940-{뇌전}{강도0}(W{이동}NW4)2000-{뇌전}{강도0}(NW4-6)2100-{뇌전}{강도0}(NW{이동}N4)2110-2120.{뇌전}{강도0}(NW3-5)2145-2150.{번개}(NW)2215-2225.,
135,추풍령,1993-06-09,19.6,12.9,621,26.2,1529,,,,,,,7.3,250,1309,5.8,230,1010,1.7,1450,250,12.6,38,1654,65.5,14.6,983.3,1013.4,634,1009.9,1810,1011.7,14.6,9,1215,2.73,20.6,,,,,,.5,3.1,24.9,9.2,,,,,,,,,,,,,-{박무}-{박무}{강도0}0300-{시정(미만)}{1km}{안개}0450-{안개}{강도0}0600-{시정(미만)}{0.5km}{안개}0615-{시정(이상)}{0.5km}{안개}0640-{시정(이상)}{1km}{박무}0655-0835.{박무}1010-{박무}{강도0}1200-1330.,2.08
135,추풍령,1993-06-10,20.5,17,2400,24.2,1357,,,,,,,8.2,250,1058,6,250,1120,2.7,2356,270,13.1,45,1320,63,15.1,983.9,1013.2,910,1010.6,1730,1012.2,14.6,5.7,1230,2.44,15.63,,,,,,6.8,4,24.5,10.9,,,,,,,,,,,,,{박무}0440-{박무}{강도0}0600-{박무}{강도0}0900-1040.,
135,추풍령,1993-06-11,22.2,14.8,605,29.4,1513,,,,,,,4.5,140,1456,2.8,200,840,.9,779,140,13.9,32,1414,61.8,15.9,981.8,1013.3,26,1006,1802,1009.9,14.6,10,1200,2.7,21.64,,,,,,1.3,1.4,28,9.9,,,,,,,,,,,,,{박무}0110-{박무}{강도0}0300-{박무}{강도1}0600-{박무}{강도0}0900-1020.,
135,추풍령,1993-06-12,21.2,16.6,455,25.1,1253,,,,,,,6.6,90,1445,4,90,1440,1.9,1683,140,16,53,1048,72.5,18.2,976.5,1007.9,0,999.5,2400,1004.5,14.6,.3,945,1.19,7.38,,,,,,8,5,25.3,11.6,,,,,,,,,,,,,{박무}0315-{박무}{강도1}0600-{박무}{강도0}0900-{박무}{강도0}1200-1430.┃,
135,추풍령,1993-06-13,23.1,21.4,612,25.9,1220,7.17,2.7,415,9.9,338,17.4,8.2,270,920,5.3,270,910,1.5,1338,270,18.9,64,1220,77.3,21.8,972.2,1004.2,2305,997.2,309,999.9,14.6,.7,945,1.68,6.39,,,,,,10,5.3,24.8,18.9,,,,,,,,,,,,,{비}0220-{비}{강도0}0300-{비}{강도0}0600-{비}{강도0}0900-0930.,
135,추풍령,1993-06-14,23.2,20.9,530,27.1,1341,.32,0,,0,,0,7.2,230,1443,5.3,230,1510,1.2,1073,230,18.4,55,1342,74.5,21.2,975.2,1004.2,10,1002,1756,1003,14.6,.4,1200,1.43,8.72,,,,,,10,4,25.9,17.6,,,,,,,,,,,,,{비}1831-1850.{박무}0220-{박무}{강도0}0300-{박무}{강도0}0600-{박무}{강도0}0900-{박무}{강도0}1200-{박무}{강도0}1500-{박무}{강도0}1800-{박무}{강도0}2100-{박무}{강도0}2400,
135,추풍령,1993-06-15,24.6,20.4,430,30.4,1625,,,,,,,6,230,1115,3.7,230,1130,1.3,1158,230,17.7,39,1531,67,20.2,974.8,1003.8,2400,1000.9,1610,1002.4,14.6,8.3,1030,2.29,14.83,,,,,,8.8,3.4,27.9,17.2,,,,,,,,,,,,,-{박무}-{박무}{강도0}0300-{박무}{강도0}0600-{박무}{강도0}0900-{박무}{강도0}1200-{박무}{강도0}1500-{박무}{강도0}1800-{박무}{강도0}2100-{박무}{강도0}2400,
135,추풍령,1993-06-16,24.6,21.5,540,28.2,1502,,,,,,,4.5,290,2353,3.3,290,2400,.8,649,270,18.5,50,1322,69,21.3,977.1,1006.7,2400,1003.5,1713,1004.7,14.6,.4,900,1.35,10.49,,,,,,7.5,4.6,27,17.5,,,,,,,,,,,,,-{박무}-{박무}{강도0}0300-{박무}{강도0}0600-{박무}{강도0}0900-{박무}{강도0}1200-{박무}{강도0}1500-{박무}{강도0}1800-{박무}{강도0}2100-{박무}{강도0}2400,
135,추풍령,1993-06-17,24.6,19.7,640,29.5,1535,,,,,,,7.8,250,2110,6.3,270,2140,1.4,1176,270,16,37,1437,60.8,18.3,978.6,1007.8,800,1004.2,1815,1006.3,14.7,7.6,1045,2.45,15.75,,,,,,3.5,2.9,28.7,15.5,,,,,,,,,,,,,-{박무}-{박무}{강도0}0300-{박무}{강도0}0600-{박무}{강도0}0900-{박무}{강도0}1200-{박무}{강도0}1500-{박무}{강도0}1800-{박무}{강도0}2100-{박무}{강도0}2400,
135,추풍령,1993-06-18,23.6,17.8,532,29.3,1631,,,,,,,5.5,230,1615,3.3,140,1300,.9,792,290,16.4,40,1624,64.3,18.6,977.4,1007.1,34,1003.1,1812,1005.1,14.7,3.1,1045,2.04,14.72,,,,,,4.5,3.9,26.9,13.7,,,,,,,,,,,,,-{박무}-{박무}{강도0}0300-{박무}{강도0}0600-{박무}{강도0}0900-{박무}{강도0}1200-{박무}{강도0}1500-{박무}{강도0}1800-{박무}{강도0}2100-{박무}{강도0}2400,
135,추풍령,1993-06-19,24.6,19.2,415,30,1543,,,,,,,7.9,270,1835,5,270,1940,2,1704,270,13.1,28,1450,51.5,15.2,975.4,1005.4,0,999.9,1800,1003.1,14.7,11.5,1130,2.48,20.17,,,,,,.5,1.8,29.5,14.4,,,,,,,,,,,,,-{박무}-{박무}{강도0}0300-{박무}{강도0}0600-{박무}{강도0}0900-0920.{박무}2340-{박무}{강도0}2400,
135,추풍령,1993-06-20,21.2,17.6,550,25.3,1532,,,,,,,7.5,250,1512,6.3,250,1330,3,2626,250,13,41,1540,60.3,15,976.3,1007.5,2400,1003.1,256,1004.4,14.7,5,1215,2.58,15.9,,,,,,2.5,2.4,27.5,12.4,,,,,,,,,,,,,-{박무}-{박무}{강도0}0300-{박무}{강도0}0600-{박무}{강도0}0900-{박무}{강도0}1200-1240.{박무}2130-{박무}{강도0}2400,
135,추풍령,1993-06-21,21.2,15.5,502,27.9,1403,,,,,,,3.6,110,1242,2.2,90,1350,.4,386,70,14.3,43,1259,65.8,16.3,979.1,1008.5,826,1005.6,1925,1007.2,14.7,4.3,1200,2.64,14.6,,,,,,7.3,5.8,26.1,10.3,,,,,,,,,,,,,-{박무}-{박무}{강도0}0300-{박무}{강도2}0600-{박무}{강도0}0900-{박무}{강도0}1200-{박무}{강도0}1500-{박무}{강도0}1800-{박무}{강도0}2100-{박무}{강도0}2400,
135,추풍령,1993-06-22,19.9,17.2,2400,23,1050,12.42,1,1830,2.3,1820,7.7,7.5,50,2129,3.3,50,2140,1,821,140,15.6,62,1035,76,17.8,975.5,1007,0,1001.1,2125,1003.7,14.7,0,915,.65,2.41,,,,,,10,6.3,23.1,15.1,,,,,,,,,,,,,-{박무}-{박무}{강도0}0300-{박무}{강도0}0600-{박무}{강도0}0900-1130.{박무}2340-{박무}{강도0}2400-{비}1120-{비}{강도0}1200-{비}{강도0}1500-{비}{강도0}1800-{비}{강도0}2100-2345.,
135,추풍령,1993-06-23,21,16.4,602,26.9,1650,,,,,,,4.3,70,855,2.8,110,910,.8,659,250,13.4,37,1618,63,15.4,973.3,1004.7,2400,1000.3,414,1001.3,14.7,6.1,1500,1.94,14.96,,,,,,7,3.1,24.7,12.9,,,,,,,,,,,,,-{박무}-{박무}{강도0}0300-0520.,
135,추풍령,1993-06-24,22.8,16.9,610,29.2,1535,,,,,,,7.2,250,1313,4,250,1330,1.5,1266,270,13.9,35,1533,59,15.9,978,1007.1,2250,1004.1,1548,1005.9,14.7,10.9,1200,2.54,19.9,,,,,,2,2.1,26.9,12.1,,,,,,,,,,,,,{박무}0040-{박무}{강도0}0300-{박무}{강도0}0600-{박무}{강도0}0900-1120.,
135,추풍령,1993-06-25,22.6,17.2,620,29,1422,2.93,.8,1702,2.2,1620,2.3,8.1,290,1550,6,290,1630,1.4,1210,290,14.9,40,1450,62.8,16.9,978.3,1008,550,1003.6,1507,1006.2,14.7,6.5,1230,1.89,10.83,,,,,,7.3,4.1,26.8,12.5,,,,,,,,,,,,,{박무}0340-{박무}{강도0}0600-{박무}{강도0}0900-{박무}{강도0}1200-{박무}{강도0}1500-{박무}{강도0}1800-{박무}{강도0}2100-{박무}{강도0}2400{소나기}1519-{비}1620-{비}{강도0}1800-1815.,
135,추풍령,1993-06-26,21.9,18.5,205,27.2,1646,,,,,,,8.1,250,1432,5.8,250,1440,3.3,2863,290,15.2,41,1642,66.5,17.3,980,1011.1,2208,1005.3,23,1008,14.7,6.2,1300,2.21,14.1,,,,,,4.8,2.5,25.6,15.1,,,,,,,,,,,,,-{박무}-{박무}{강도1}0300-{박무}{강도1}0600-{박무}{강도1}0900-{박무}{강도0}1200-{박무}{강도0}1500-{박무}{강도0}1800-{박무}{강도0}2100-{박무}{강도0}2400,
135,추풍령,1993-06-27,22.2,17.9,408,26.5,1437,,,,,,,8,270,1610,6,250,1110,3,2616,270,15.1,45,1249,64.3,17.1,984.6,1014.1,830,1010.5,0,1012.7,14.6,4.6,1100,1.66,10.89,,,,,,7,4.8,25.8,13.7,,,,,,,,,,,,,-{박무}-{박무}{강도0}0300-{박무}{강도0}0600-{박무}{강도0}0900-1045.{박무}1720-{박무}{강도0}1800-{박무}{강도0}2100-{박무}{강도0}2400,
135,추풍령,1993-06-28,18.6,16.6,2120,21.2,0,17.25,3.7,1902,9.2,1835,34.6,7,70,1545,3,70,1550,1.2,1072,90,15.6,75,0,82.8,17.7,982.2,1013.4,0,1004.2,2400,1010.7,14.6,0,1230,.48,2.41,,,,,,10,5.5,22.2,14.7,,,,,,,,,,,,,-{박무}-{박무}{강도0}0300-{박무}{강도1}0600-{박무}{강도0}0900-{박무}{강도0}1200-{박무}{강도0}1500-1610.{비}0645-{비}{강도0}0900-{비}{강도0}1200-{비}{강도0}1500-{비}{강도0}1800-{비}{강도0}2100-{비}{강도1}2400,
135,추풍령,1993-06-29,17.9,16.9,130,19.3,1642,24,4.2,230,17.2,230,77,5.4,70,212,2.7,70,140,.8,720,50,16.3,86,0,89.8,18.6,971.9,1004.2,0,998.5,1415,1000.2,14.6,0,1600,.38,1.94,,,,,,10,5.8,20.3,14.7,,,,,,,,,,,,,-{비}-{비}{강도1}0300-{비}{강도1}0600-{비}{강도0}0900-{비}{강도0}1200-{비}{강도0}1500-{비}{강도0}1800-{비}{강도0}2100-{비}{강도0}2400,
135,추풍령,1993-06-30,17.8,16.4,2400,19.4,1323,22,.9,418,1.6,418,8.8,5.7,70,1340,2.7,70,1330,.6,508,50,16,84,1403,88.8,18.2,975.9,1008.8,2330,1001.3,107,1004.3,14.6,0,1245,.67,2.49,,,,,,10,4.9,21,14.8,,,,,,,,,,,,3.4,-{비}-{비}{강도0}0300-{비}{강도0}0600-{비}{강도0}0900-1050.{비}1120-{비}{강도0}1200-{비}{강도0}1500-{비}{강도0}1800-{비}{강도0}2100-2230.{박무}2220-{박무}{강도0}2400,
135,추풍령,1993-07-01,18.9,15.8,600,22.8,1650,,,,,,,6.3,70,1401,3.3,70,1410,1.1,980,70,15.4,65,1506,80.5,17.6,981.9,1011.6,2240,1008.8,0,1010.3,14.6,.2,1245,1.36,6.86,,,,,,9.3,5,21.5,14,,,,,,,,,,,,,-{박무}-{박무}{강도0}0300-{박무}{강도0}0600-0740.,
135,추풍령,1993-07-02,20.8,16.2,2400,26,1543,,,,,,,7.1,90,1201,3.3,110,1100,1,864,90,15.9,49,1827,74.5,18.1,981,1011.3,0,1007.1,1757,1009.2,14.6,8.4,1115,2.56,14.38,,,,,,7.8,3.8,24.9,10.8,,,,,,,,,,,,,-{박무}-{박무}{강도0}0300-{박무}{강도0}0600-{박무}{강도0}0900-{박무}{강도0}1200-{박무}{강도0}1500-{박무}{강도0}1800-{강도0}2100-{박무}{강도0}2400,
135,추풍령,1993-07-03,22,14.2,620,29.2,1528,,,,,,,5.2,110,1458,2.7,110,1510,.6,508,90,15.9,49,1544,69.8,18.3,981.9,1011.6,705,1008.3,1458,1010,14.6,7.4,1100,2.46,15.22,,,,,,5,4.1,26.1,9.7,,,,,,,,,,,,,{박무}2130-{박무}{강도0}2400,
135,추풍령,1993-07-04,23.2,18.6,2400,28.7,1452,,,,,,,5,160,1450,3,160,1500,.9,768,160,17.7,45,1443,72.5,20.2,979.3,1011.3,0,1003.9,1800,1007.2,14.6,5.5,1400,1.78,10.07,,,,,,5,5.1,26.9,12.4,,,,,,,,,,,,,-{박무}-{박무}{강도0}0300-{박무}{강도2}0600-{박무}{강도0}0900-{박무}{강도0}1200-{박무}{강도0}1500-{박무}{강도0}1800-{박무}{강도0}2100-{박무}{강도0}2400,
135,추풍령,1993-07-05,21.7,14.8,605,28.6,1551,,,,,,,4.5,70,1028,3.3,70,1030,.9,757,70,15.9,44,1408,70.8,18,978.3,1007.7,2332,1004.7,1538,1006.3,14.6,11.5,1130,2.57,22.11,,,,,,.5,.8,27.8,9.1,,,,,,,,,,,,,-{박무}-{박무}{강도0}0300-{박무}{강도0}0600-{시정(미만)}{1km}{안개}0630-{시정(미만)}{0.5km}{안개}0710-{시정(이상)}{0.5km}{안개}0830-{시정(이상)}{1km}{박무}0840-{박무}{강도0}0900-0930.,2.17
135,추풍령,1993-07-06,22,15,550,28.9,1554,,,,,,,3,160,1230,2.3,160,1150,.5,418,140,16.4,42,1310,72,18.7,978.2,1007.8,135,1003.5,1750,1006.3,14.6,10.3,1200,2.26,17.74,,,,,,3.3,2,26.8,10.7,,,,,,,,,,,,,,
135,추풍령,1993-07-07,23.3,17.4,520,29.2,1145,,,,,,,5.3,250,745,4.7,250,750,.9,765,70,17.6,45,1344,71.5,20.2,976.6,1006.5,26,1002.7,1656,1004.4,14.6,7.9,1045,2.21,13.65,,,,,,7,3.3,27.5,12.5,,,,,,,,,,,,,{박무}0120-{박무}{강도0}0300-{박무}{강도0}0600-{박무}{강도0}0900-{박무}{강도0}1200-1420.{박무}1935-{박무}{강도0}2100-{박무}{강도0}2400,
135,추풍령,1993-07-08,23.3,20.9,602,25.8,1704,4.07,6.5,2055,12.7,2030,13.2,3.9,70,1053,3,70,900,1.2,999,70,19.9,72,7,81,23.3,976.8,1006.5,2342,1003.7,1523,1004.6,14.5,0,1230,.79,4.98,,,,,,10,5.5,26.7,16.5,,,,,,,,,,,,,{비}1550-1710.{비}1918-{소나기}2030-{소나기}{강도1}2100-2202.,
135,추풍령,1993-07-09,24.3,22.1,540,28.4,1611,4.05,.7,508,1.8,420,2.7,4.8,250,1145,4.3,290,1220,1.1,936,250,20.5,56,1613,80,24.1,980.1,1009,2400,1006.4,0,1008,14.5,1.9,1345,1.6,9.65,,,,,,9.3,4.6,27.8,19.2,,,,,,,,,,,,,-{박무}-{박무}{강도0}0300-{박무}{강도0}0600-{박무}{강도0}0900-{박무}{강도0}1200-1410.{박무}1720-{박무}{강도0}1800-{박무}{강도0}2100-{박무}{강도0}2400-{비}0402-{비}{강도0}0600-0805.,
135,추풍령,1993-07-10,24.4,21.1,320,29.1,1410,1.25,0,,0,,0,5.3,160,1225,3.3,160,1240,.8,673,140,21,63,1345,81.5,25,980,1009.3,250,1002.8,1607,1007.8,14.5,1.9,1230,1.66,6.65,,,,,,7.3,3.5,27.2,17.3,,,,,,,,,,,,,{비}1048-1125.{비}1547-1625.-{박무}-{박무}{강도0}0300-{박무}{강도1}0600-{박무}{강도0}0900-{박무}{강도0}1200-1335.{박무}1910-{박무}{강도0}2100-{박무}{강도0}2400,
135,추풍령,1993-07-11,22.2,20.8,2400,26.5,1107,2.6,14.8,1410,20.4,1410,22.5,10.1,270,1404,9.7,270,1412,.9,775,250,19.9,71,1012,86.5,23.2,978.4,1007.4,0,1004.4,1402,1006.4,14.5,1.3,915,1.6,6.17,,,,,,6.8,3.9,24.9,17.6,,,,,,,,,,,,,{소나기}1320-{소나기}{강도2}1500-1556.-{박무}-{박무}{강도0}0300-{박무}{강도1}0600-{박무}{강도0}0900-{박무}{강도0}1200-1440.{박무}2210-{박무}{강도0}2400-{천둥}{강도0}(W)1305-{뇌전}{강도0}(W4-6)1320-{뇌전}{강도1}(W3-4)1330-{뇌전}{강도1}(W{이동}NW3)1350-{뇌전}{강도1}(NW{이동}N2)1425-{뇌전}{강도0}(N3-5)1450-{뇌전}{강도0}(N3-5)1500-1510.{뇌전}{강도0}(SE2-4)1446-{뇌전}{강도1}(SE1-2)1450-{뇌전}{강도1}(SE1-2)1500-{뇌전}{강도1}(SE{이동}E2)1512-{뇌전}{강도0}(E3-5)1520-1540.,
135,추풍령,1993-07-12,21.9,20,710,24.7,1627,15.2,7.5,607,16.1,532,66.5,4.8,270,250,4.3,270,245,.6,542,140,20,80,1525,88.3,23.3,976.4,1006.2,300,1002.2,2400,1004.4,14.5,0,1500,.84,2.63,,,,,,10,5.6,24.4,18,,,,,,,,,,,,,-{박무}-{박무}{강도0}0300-{박무}{강도0}0600-0735.{박무}2240-{박무}{강도0}2400-{소나기}0245-{소나기}{강도1}0300-{소나기}{강도1}0600-0750.{비}0818-{비}{강도0}0900-{비}{강도0}1200-{비}{강도0}1500-1650.{소나기}2120-2255.{뇌전}{강도0}(NW6-7)0512-{뇌전}{강도1}(NW{이동}N3-4)0518-{뇌전}{강도1}(N{이동}NE4-5)0532-{뇌전}{강도1}(NE5-6)0600-0603.{뇌전}{강도0}(NW5-6)0610-{뇌전}{강도1}(NW{이동}N4-5)0614-{뇌전}{강도1}(N{이동}NE5-6)0622-0635.,
135,추풍령,1993-07-13,23.1,21.7,810,25.5,1632,21.17,15.5,150,46,117,106.8,9.5,270,1445,7.3,270,1440,2,1749,270,20.8,74,1419,86.8,24.6,970.9,1002.2,0,995,1736,998.6,14.5,0,1000,.4,2.62,,,,,,10,5.1,25,19.7,,,,,,,,,,,,,{소나기}0020-{소나기}{강도1}0300-{비}0310-{비}{강도1}0600-{비}{강도0}0900-{비}{강도0}1200-{비}{강도0}1500-{소나기}1750-{소나기}{강도1}1800-{비}1820-{비}{강도0}2100-2110.{비}2340-{비}{강도0}2400--{박무}-0025.{천둥}{강도0}(NW-{뇌전}{강도0}(NW3-5)0043-{뇌전}{강도0}(NW{이동}N3)0102-{뇌전}{강도1}(N2-3)0108-{뇌전}{강도1}(N{이동}NE2)0120{뇌전}{강도0}(NE3-5)0125-{천둥}{강도0}(NE)0140-0152.{뇌전}{강도1}(N2-3)0210-{뇌전}{강도0}(N{이동}NE3-5)0225-{천둥}{강도0}(NE)0230-0234.{뇌전}{강도0}(W3-5)1754-{뇌전}{강도0}(W3-5)1800-{뇌전}{강도0}(W{이동}NW4)1808-1815.,
135,추풍령,1993-07-14,23.9,20.7,2242,28.4,1608,5.55,3.5,30,10.1,0,13.2,9.2,290,1330,8,290,1400,3.4,2933,270,19.4,51,1525,77,22.6,971,1003,2335,995.6,204,998.6,14.4,7,1145,2.72,19.19,,,,,,8.3,5.6,28.9,18.4,,,,,,,,,,,,,-{비}-0215.{비}0405-0440.{소나기}1840-1848.{소나기}2000-{소나기}{강도0}2100-2235.{뇌전}{강도0}(NW4-5)2039.{뇌전}{강도0}(NW5-6)2053-{뇌전}{강도0}(NW5-6)2100-2106.,
135,추풍령,1993-07-15,21.9,19.2,730,26.2,1439,2.68,.5,623,1.7,620,2.7,3.3,90,1335,3,90,1330,.8,724,90,18.5,63,1434,81,21.2,977.2,1007.6,2300,1002.2,33,1005.2,14.4,2.4,1245,2.23,11.5,,,,,,9.3,4.4,26.9,17.6,,,,,,,,,,,,,{박무}0040-{박무}{강도0}0300-{박무}{강도0}0600-{박무}{강도0}0900-{박무}{강도0}1200-1340.{박무}1940-{박무}{강도0}2100-{박무}{강도0}2400-{비}0617-0803.{비}2305-{비}{강도0}2400,
135,추풍령,1993-07-16,20.8,18.6,2400,23.2,1500,12.17,2,2155,3.4,2127,11.5,6.7,50,2110,4.7,50,2100,2.1,1808,70,18.3,72,1410,85.8,21.1,977.5,1007.5,7,1002.7,2400,1005.7,14.4,0,1400,.67,3.78,,,,,,10,5.8,25,16.9,,,,,,,,,,,,,-{비}-{비}{강도0}0300-0340.{비}1530-{비}{강도0}1800-{비}{강도0}2100-{비}{강도0}2400--{박무}-{박무}{강도0}0300{박무}{강도0}0600-{박무}{강도0}0900-{박무}{강도0}1200-{박무}{강도0}1500-{박무}{강도0}1800-{박무}{강도0}2100-2135.,
135,추풍령,1993-07-17,18.1,17.3,605,19.1,1807,24,2,200,7,146,28,4.3,70,17,4,70,10,2,1750,70,16.4,89,1748,90.3,18.7,971.1,1002.7,0,996.8,1800,999.3,14.4,0,1530,.14,.81,,,,,,10,5.8,22.1,16,,,,,,,,,,,,,-{비}-{비}{강도0}0300-{비}{강도0}0600-{비}{강도0}0900-{비}{강도0}1200-{비}{강도0}1500-{비}{강도0}1800-{비}{강도0}2100-{비}{강도0}2400,
135,추풍령,1993-07-18,19.1,17.2,425,21.1,1615,7.95,.7,310,2.1,10,6.5,4.5,160,1949,4.3,160,1950,1.6,1405,90,16.2,72,1647,83.3,18.4,973.6,1006.1,2400,998.7,0,1001.7,14.4,0,1015,.92,4.82,,,,,,9.5,5.6,23.7,15.7,,,,,,,,,,,,,-{비}-{비}{강도0}0300-{비}{강도0}0600-0602.{비}2205-{비}{강도0}2400,
135,추풍령,1993-07-19,20.4,16.6,513,25.6,1512,5.67,.4,0,2,0,3.7,4,90,942,3.3,90,950,1.4,1246,90,14.5,47,1504,70.5,16.5,978.5,1010.1,2400,1005,1610,1006.7,14.3,5.8,1400,2.31,11.51,,,,,,6,3.1,26.8,10.9,,,,,,,,,,,,,-{비}-{비}{강도0}0300-0540.,
135,추풍령,1993-07-20,18.6,13.3,519,23.7,1505,,,,,,,5.1,90,1528,4,90,1530,1.5,1270,70,12.7,50,1542,69.5,14.7,982.5,1013.8,2320,1009.9,224,1011,14.3,7.4,1230,1.79,12.48,,,,,,2.5,2.1,24.8,8.8,,,,,,,,,,,,,,
135,추풍령,1993-07-21,18.4,13,340,23.2,1410,,,,,,,4.1,70,954,3.7,70,940,1.3,1098,70,12.7,51,1257,70,14.7,985.2,1016.2,2332,1012.6,1510,1013.8,14.3,4.7,830,1.83,9.81,,,,,,5.3,4.3,26.1,8,,,,,,,,,,,,,,
135,추풍령,1993-07-22,19.4,13.1,314,24.5,1553,,,,,,,4.8,70,905,3.7,70,940,1.6,1400,70,14,55,1425,72,16,985.9,1016.4,525,1012.6,1535,1014.4,14.3,8.5,930,1.53,10.76,,,,,,4.8,4.1,26.2,8.8,,,,,,,,,,,,,,
135,추풍령,1993-07-23,21.3,16.2,603,25.6,1356,,,,,,,4.1,70,726,3,70,730,1.6,1390,70,16.1,54,1352,73.3,18.4,983.7,1014.9,0,1009.8,2400,1012,14.3,3.6,1245,2.4,13.9,,,,,,9.5,4,27.9,11.9,,,,,,,,,,,,,,
135,추풍령,1993-07-24,20.2,18.2,610,22.5,1512,5.78,.1,925,.1,850,.3,7,70,2030,6.3,70,1920,2.4,2041,70,16.8,75,1245,80.5,19.1,980.8,1010.3,852,1006.9,1805,1009,14.2,0,1115,.49,2.54,,,,,,10,5.3,22.5,16.1,,,,,,,,,,,,,{박무}0110-{박무}{강도0}0300-{박무}{강도0}0600-{박무}{강도0}0900-0950.{박무}1410-{박무}{강도0}1500-{박무}{강도0}1800-{박무}{강도0}2100-{박무}{강도0}2400-{비}0758-{비}{강도0}0900-1035.{비}1435-{비}{강도0}1500-1745.,
135,추풍령,1993-07-25,21.6,18.3,620,25.3,1535,,,,,,,4.8,70,1140,3.3,70,1150,1.5,1282,90,17.4,56,1642,76.8,19.9,978.8,1007.9,0,1005.7,1640,1006.8,14.2,.2,1115,1.03,5.79,,,,,,9,3.6,24.3,15.1,,,,,,,,,,,,,-{박무}-{박무}{강도0}0300-0510.,
135,추풍령,1993-07-26,20.3,18,611,22.1,1203,3,.2,1440,.6,1350,.8,6.1,140,1002,4.3,140,1000,1.6,1402,90,16.8,71,358,80.8,19.2,981.1,1011.2,2214,1007.6,155,1009.3,14.2,.3,730,.66,3.81,,,,,,8.3,4.6,22.3,13.8,,,,,,,,,,,,,{비}1240-{비}{강도0}1500-1540.{박무}1530-{박무}{강도0}1800-{박무}{강도0}2100-{박무}{강도0}2400,
135,추풍령,1993-07-27,20,18.2,345,22.4,1340,5.37,1.4,1708,2.9,1650,3.8,6.2,140,1043,4.7,140,1050,1.7,1492,70,17.3,74,1342,84.5,19.8,978.9,1010.6,0,1003.9,1815,1007.2,14.2,0,900,.95,4.13,,,,,,10,5.6,22.6,16.4,,,,,,,,,,,,,-{박무}-{박무}{강도0}0300-{박무}{강도0}0600-{박무}{강도0}0900-{박무}{강도0}1200-{박무}{강도0}1500-{박무}{강도1}1800-1820.{비}0225-0252.{비}1515-{비}{강도0}1800-2010.,
135,추풍령,1993-07-28,22.4,19.5,230,25.4,1730,2.17,.1,600,.4,555,.5,4.6,70,1315,3.3,70,1320,1.1,989,70,19.6,71,1710,84.3,22.8,978.4,1007.6,754,1005.2,1642,1006.3,14.1,0,1300,1.19,5.62,,,,,,10,5.5,24.9,17.8,,,,,,,,,,,,,{박무}0440-{박무}{강도1}0600-{박무}{강도0}0900-{박무}{강도0}1200-{박무}{강도0}1500-{박무}{강도0}1800-{박무}{강도0}2100-{박무}{강도0}2400{비}0505-{비}{강도0}0600-0715.,
135,추풍령,1993-07-29,21.7,20.2,2400,23.3,0,12.75,.9,1930,4,1120,18.3,6.3,50,1302,4.7,50,1310,1.9,1664,70,19.9,83,540,88.8,23.2,976.5,1007,0,1001.3,2400,1004.5,14.1,0,1230,.64,1.46,,,,,,10,5.5,22.6,18.5,,,,,,,,,,,,,{비}0845-{비}{강도0}0900-{비}{강도1}1200-1340. {비}1450-{비}{강도0}1500-1750. {비}1910-{비}{강도0}2100-{비}{강도0}2400- -{박무}-{박무}{강도0}0300-{박무}{강도0}0600-{박무}{강도0}0900-0930.,
135,추풍령,1993-07-30,22.9,19.8,40,26.6,1502,7.7,.2,200,.4,140,1.1,5.3,270,1930,5,270,1920,2.3,2005,270,19,61,1432,79.5,22.1,973.7,1005.8,2400,998.7,432,1001.5,14.1,1,1400,1.57,8.13,,,,,,9.3,4.8,24.9,17.6,,,,,,,,,,,,,-{비}-{비}{강도0}0300-0436.{비}0614-{비}{강도0}0900-0920.,
135,추풍령,1993-07-31,24.2,20.5,432,28.5,1656,1.08,6.5,2128,12.3,2115,12.3,6.5,320,2133,4.7,320,2140,1.5,1280,250,19.2,57,1500,74.8,22.3,978,1007.1,2145,1003.6,1808,1005.7,14,6.4,900,1.3,10.45,,,,,,7.5,3.3,26.9,16.6,,,,,,,,,,,,12.3,{소나기}2115-2220.{박무}1640-{박무}{강도0}1800-{박무}{강도0}2100-{박무}{강도0}2400-{천둥}{강도0}(SW)2035-2040.{천둥}{강도0}(SW)2108-{뇌전}{강도0}(SW4-5)2110-2117.,
135,추풍령,1993-08-01,22.7,20.7,556,24.6,1614,8.57,.4,2340,1.4,1130,5.2,2.5,160,1645,2,160,1650,.5,437,140,20.1,72,1423,85.3,23.5,979,1008.4,950,1006,1855,1006.9,14,0,1330,.71,2.57,,,,,,10,5.8,24.7,17.8,,,,,,,,,,,,,{비}0840-{비}{강도0}0900-{비}{강도0}1200-1450.{비}2136-{비}{강도0}2400--{박무}-{박무}{강도0}0300-{시정(미만)}{1km}{안개}0440-{안개}{강도0}0600-{시정(미만)}{0.5km}{안개}0620-{시정(이상)}{0.5km}{안개}0645-{시정(이상)}{1km}{박무}0720-{박무}{강도0}0900-{박무}{강도1}1200-{박무}{강도0}1500-{박무}{강도0}1800-{박무}{강도0}2100-2150.,2.67
135,추풍령,1993-08-02,21.2,18.7,2400,22.3,0,24,6.5,550,23,502,71,5.2,70,1940,4.7,70,1950,1.8,1578,70,19,84,1240,87.3,22,976.8,1006.5,0,1003.1,1550,1004.9,14,0,1545,.07,.11,,,,,,10,5.8,23,16.5,,,,,,,,,,,,,-{비}-{비}{강도1}0300-{비}{강도2}0600-{비}{강도0}0900-{비}{강도0}1200-{비}{강도0}1500-{비}{강도0}1800-{비}{강도0}2100-{소나기}2340-{소나기}{강도0}2400-{천둥}{강도0}(SW)2343-{뇌전}{강도0}(SW2-5)2349-{뇌전}{강도0}(SW2-5)2400,
135,추풍령,1993-08-03,17.9,17.1,811,18.7,0,20.58,5.5,22,15.3,400,38.7,3.7,90,1446,3.3,90,1430,2.1,1817,70,16.1,87,1756,89.3,18.3,978.2,1007.9,2340,1005.8,1557,1006.6,14,0,1230,.3,2.14,,,,,,10,5.8,20.4,15.5,,,,,,,,,,,,,-{소나기}-{비}0220-{비}{강도0}0300-{비}{강도0}0600-{비}{강도0}0900-{비}{강도0}1200-{비}{강도0}1500-{비}{강도0}1800-2035.-{뇌전}-{뇌전}{강도0}(SW{이동}W2)0012-{뇌전}{강도1}(W2-3)0015-{뇌전}{강도1}(W{이동}NW2-3)0040-{뇌전}{강도1}(NW{이동}N2-3)0112-{뇌전}{강도0}(N3-5)0120-{뇌전}{강도0}(N{이동}NE4)0140-{천둥}{강도0}(NE)0147-0205.,
135,추풍령,1993-08-04,19.2,16.8,540,22.7,1258,5.4,.4,510,.7,430,1.6,3.5,160,1148,3,160,1150,1.5,1270,160,16,64,1252,82,18.2,980,1010.4,2333,1007.2,420,1008.3,13.9,0,1145,1.39,4.98,,,,,,9.5,6,22.5,15.3,,,,,,,,,,,,,{비}0145-{비}{강도0}0300-0545.{비}0704-0828.{박무}0040-{박무}{강도0}0300-{박무}{강도0}0600-{박무}{강도0}0900-1030.{박무}1840-{박무}{강도0}2100-{박무}{강도0}2400,
135,추풍령,1993-08-05,20,16.9,620,23.7,1540,.42,0,,0,,0,4,70,1614,3.7,140,2030,1.6,1412,70,15.6,57,1530,76,17.7,982.3,1011.8,2130,1009.3,1550,1010.7,13.9,.6,1445,1.18,6.9,,,,,,8.8,4.4,22.7,12.9,,,,,,,,,,,,,-{박무}-{박무}{강도0}0300-0340.{박무}0820-{박무}{강도0}0900-1040.{비}1120-1145.,
135,추풍령,1993-08-06,19.1,16.6,310,22.3,1530,,,,,,,5,90,1450,4,90,1500,2.4,2098,70,13.8,63,1116,72,15.8,980.6,1011.5,20,1006.9,1520,1009,13.9,0,1045,1.02,6.17,,,,,,9.5,4.5,21.9,12.3,,,,,,,,,,,,,,
135,추풍령,1993-08-07,18,16.8,558,19.4,1610,8.57,1.2,1255,3.5,1255,4.6,6,70,2010,4.5,70,1950,2.1,1775,70,15.3,71,0,83.8,17.4,977.6,1007.7,0,1004.4,2400,1005.9,13.8,0,1515,.46,2.01,,,,,,10,5.3,20.1,14.8,,,,,,,,,,,,,{비}1245-{비}{강도0}1500-1710.{비}1832-1945.{비}2104-{비}{강도0}2400-{박무}1220-{박무}{강도0}1500-{박무}{강도0}1800-{박무}{강도0}2100-{박무}{강도0}2400,
135,추풍령,1993-08-08,20.2,18.5,0,21.5,2100,19.67,7.2,550,21.7,520,86.8,4.2,70,29,3.3,70,50,1,894,70,18.6,88,0,90,21.5,976.1,1005.6,2400,1003.1,400,1004.2,13.8,0,1400,.27,1.38,,,,,,10,5,21.5,15.9,,,,,,,,,,,,,-{비}-{비}{강도0}0300-{소나기}0510-{소나기}{강도2}0600-{비}0753-{비}{강도0}0900-{비}{강도0}1200-{비}{강도1}1500-{소나기}1510{비}1610-{비}{강도0}1800-1940.-{박무}-{박무}{강도0}0300-{박무}{강도1}0600-{박무}{강도0}0900-{박무}{강도0}1200-1425.{박무}1820-{박무}{강도0}2100-{박무}{강도0}2400-{뇌전}{강도1}(N2-3)0555-{뇌전}{강도1}(N2-3)0600-0624.{뇌전}{강도0}(NW2-5)1520-{뇌전}{강도1}(NW1-2)1535-1545.{뇌전}{강도0}(NE3-4)1602-1605.,
135,추풍령,1993-08-09,23.1,21.2,15,24.8,1500,8.58,.2,1610,.5,1540,2,4.9,50,1731,4,50,1730,1.3,1144,70,20.6,81,1503,86,24.3,977.1,1006.5,943,1002.7,2400,1005,13.8,0,1030,.44,2.7,,,,,,10,5.5,24.1,18.9,,,,,,,,,,,,,{비}1525-{비}{강도0}1800-{비}{강도0}2100-{비}{강도0}2400--{박무}-{박무}{강도0}0300-{박무}{강도1}0600-{박무}{강도1}0900-{박무}{강도0}1200-{박무}{강도0}1500-{박무}{강도0}1800-2040.,
135,추풍령,1993-08-10,22.6,21.1,804,24.5,1506,15.67,5,45,11.2,40,58.8,15.6,270,2227,13.8,270,2240,4.7,4103,270,19.5,76,1357,83,22.7,967.8,1002.7,0,990.4,1330,995.4,13.7,0,1245,.99,4.35,,,,,,7.5,4.5,23.4,17,,,,,,,,,,,,,-{비}-{비}{강도0}0300-{비}{강도1}0600-{비}{강도0}0900-{비}{강도1}1200-1430.{비}1530-1640.┃FONT,
135,추풍령,1993-08-11,24.2,18.5,525,30.8,1612,,,,,,,8.2,270,25,8,270,20,2,1734,250,19.3,47,1556,75.5,22.5,976.9,1007.3,2145,1000.7,0,1004.7,13.7,11.7,1300,2.14,16.95,,,,,,1.8,2.5,25.8,13.5,,,,,,,,,,,,,{박무}2010-{박무}{강도0}2100-{박무}{강도0}2400,
135,추풍령,1993-08-12,22.4,21.1,552,26.4,1313,13.37,1.2,1438,3.8,1420,10.6,3.5,250,350,2.3,250,400,.5,402,20,21.2,71,1300,93.3,25.2,979.9,1008.6,616,1006.5,217,1007.9,13.7,.5,1115,1.56,4.43,,,,,,10,4.6,23.7,19,,,,,,,,,,,,,{비}0220-{비}{강도0}0300-{비}{강도0}0600-0640.{소나기}1213-1225.{비}1340-{비}{강도0}1500-{비}{강도0}1800-1845.{비}2015-{비}{강도0}2100-{비}{강도0}2400--{박무}-{박무}{강도0}0300-{박무}{강도0}0600-0730.{박무}1240-{박무}{강도0}1500-{박무}{강도0}1800-{박무}{강도0}2100-{박무}{강도0}2400,
135,추풍령,1993-08-13,22.6,20.9,150,25.2,1217,11,1.1,410,4.4,500,23.6,12.2,250,1558,8,250,1610,1.9,1667,250,20.4,68,1724,87.3,23.9,977.1,1007.5,0,1003.2,1303,1005,13.6,.2,845,.56,3.5,,,,,,10,5.1,24,18,,,,,,,,,,,,,-{비}-{비}{강도0}0300-{비}{강도1}0600-0810.{비}1140-{비}{강도0}1200-1350.{비}2045-{비}{강도0}2100-2125.-{박무}-{박무}{강도0}0300-{박무}{강도0}0600-{박무}{강도0}0900-{박무}{강도0}1200-1415.,
135,추풍령,1993-08-14,23.8,20.4,533,28.7,1620,,,,,,,6.5,230,1002,5,250,50,1.8,1530,230,19.7,52,1612,78.8,23,977.9,1007.2,2325,1003.8,1504,1005.6,13.6,6.8,1245,3.4,18.79,,,,,,6.8,5.5,25.7,16.5,,,,,,,,,,,,,{박무}0310-{박무}{강도0}0600-{박무}{강도0}0900-{박무}{강도0}1200-{박무}{강도0}1500-{박무}{강도0}1800-{박무}{강도0}2100-{박무}{강도0}2400,
135,추풍령,1993-08-15,21.4,19.6,2400,23.3,1150,6.75,1.2,1240,4.2,1200,11.5,4.8,250,1620,3.7,250,1640,.4,366,250,20,84,1020,91.3,23.3,978,1007.3,2142,1005.1,1555,1006,13.6,0,900,.5,3.34,,,,,,10,6.1,23.2,17.1,,,,,,,,,,,,,-{박무}-{박무}{강도0}0300-{박무}{강도1}0600-{박무}{강도0}0900-{박무}{강도1}1200-{박무}{강도0}1500-{박무}{강도0}1800-{박무}{강도0}2100-{박무}{강도0}2400-{비}1125-{비}{강도0}1200-{비}{강도1}1500-{비}{강도0}1800-1810.,
135,추풍령,1993-08-16,19.6,18.4,2400,21.1,1503,20.83,.7,2342,1.2,2300,7.1,4.4,250,946,3,230,2340,.5,415,250,18.1,76,1356,90.3,20.7,978.7,1008.7,950,1005.9,1840,1007,13.5,0,1200,.89,6.04,,,,,,10,5.4,22.1,16.2,,,,,,,,,,,,,-{박무}-{박무}{강도0}0300-{박무}{강도0}0600-{박무}{강도0}0900-{박무}{강도0}1200-1240.{박무}1720-{박무}{강도0}1800-{박무}{강도0}2100-{박무}{강도0}2400-{비}0310-{비}{강도0}0600-{비}{강도0}0900-{비}{강도0}1200-{비}{강도0}1500-{비}{강도0}1800-{비}{강도0}2100-{비}{강도0}2400,
135,추풍령,1993-08-17,21.4,17.4,550,26.9,1620,1.63,.1,50,.2,0,.3,8,200,2137,5.3,230,2200,2.8,2448,230,17.2,51,1555,78,19.7,979.5,1011.1,2400,1006.1,352,1007.6,13.5,4.8,1430,3.34,19.71,,,,,,7.5,4.4,23.7,14.4,,,,,,,,,,,,,-{비}-0125.{소나기}1742-1755.-{박무}-{박무}{강도0}0300-{박무}{강도0}0600-{박무}{강도0}0900-1030.{박무}1930{박무}{강도0}2100-{박무}{강도0}2400,
135,추풍령,1993-08-18,20.5,17.4,622,23.7,1258,1.45,0,,0,,0,7,200,15,4.7,200,10,.9,760,20,17.4,59,1200,83,19.9,982.9,1012.3,2400,1010.1,1805,1011.2,13.5,1.2,1115,1.88,9.21,,,,,,6,5.5,21.7,12.1,,,,,,,,,,,,,{비}1628-1755.-{박무}-{박무}{강도0}0300-{박무}{강도1}0600-{박무}{강도0}0900-{박무}{강도0}1200-{박무}{강도0}1500-{박무}{강도0}1800-{박무}{강도0}2100-{박무}{강도0}2400,
135,추풍령,1993-08-19,20.9,17.4,605,27.4,1543,,,,,,,6.1,270,938,4.5,270,950,.8,690,20,16.7,44,1604,79.3,19,982.7,1012.4,2348,1009.4,1724,1010.9,13.4,7.6,1115,3.32,18.41,,,,,,7,3.3,24,13.2,,,,,,,,,,,,,-{박무}-{박무}{강도0}0300-{박무}{강도0}0600-{박무}{강도0}0900{박무}{강도0}1200-{박무}{강도0}1410.{박무}2035-{박무}{강도0}2100-{박무}{강도0}2400,
135,추풍령,1993-08-20,20.7,15.9,520,26.3,1130,4.67,1,2330,1.8,2255,3.1,8.9,70,2232,5,70,2220,1.2,1024,70,18.3,63,1148,86.8,21.2,983.6,1013,926,1010.3,1752,1011.9,13.4,3.1,1030,2.88,14.08,,,,,,5.5,3.5,25.6,12.2,,,,,,,,,,,,,-{박무}-{박무}{강도0}0300-{박무}{강도0}0600-{박무}{강도0}0900-1030.{박무}1420-{박무}{강도0}1500-{박무}{강도0}1800-{박무}{강도0}2100-{박무}{강도0}2400-{비}1730-{비}{강도0}1800-1840.{비}2030-{비}{강도0}2100-{비}{강도0}2400,
135,추풍령,1993-08-21,19.8,17.2,255,22.3,1620,10.3,7.7,547,13.8,508,23.1,9.5,270,2115,5.3,270,2120,1.5,1288,70,18.6,86,1455,92.8,21.5,979.7,1011.3,0,1006,1510,1008,13.4,0,1330,.84,4.93,,,,,,8.3,5.1,22.1,15.3,,,,,,,,,,,,,-{박무}-{박무}{강도0}0300-{박무}{강도0}0600-{박무}{강도1}0900-{박무}{강도0}1200-{박무}{강도0}1500-{박무}{강도0}1800-{박무}{강도0}2100-{박무}{강도0}2400--{비}-{비}{강도0}0300-{비}{강도1}0600-0710.{비}1440-{비}{강도0}1500-1748.,
135,추풍령,1993-08-22,20.6,18.4,2302,25,1743,,,,,,,8.3,270,331,6.3,270,340,2.2,1885,270,17,57,1700,80.5,19.3,983,1013.7,2400,1008.3,132,1011.3,13.3,3.1,1100,2.06,14.2,,,,,,7.5,3.4,22.6,13.4,,,,,,,,,,,,,-{박무}-{박무}{강도0}0300-0520.{박무}2120-{박무}{강도0}2400,
135,추풍령,1993-08-23,22.7,15.5,633,29.4,1635,,,,,,,4.8,20,249,3.7,20,250,.6,524,160,18.5,51,1345,78.5,21.4,983.8,1014.3,640,1008.9,1900,1011.8,13.3,10.8,1100,3.33,25.13,,,,,,3,1.5,26,11.5,,,,,,,,,,,,,-{박무}-{박무}{강도0}0300-{박무}{강도1}0600-0710.{박무}2020-{박무}{강도0}2100-{박무}{강도0}2400,
135,추풍령,1993-08-24,23.1,16.5,628,28.4,1225,.18,0,,0,,0,7.2,290,1550,4.7,290,1540,.9,763,180,20.7,59,1226,86.8,24.6,979,1010,0,1004.4,1600,1007,13.3,4.7,1030,2.88,14.74,,,,,,5.8,4.5,25.6,13,,,,,,,,,,,,,-{박무}-{박무}{강도2}0300-{시정(미만)}{1km}{안개}0320-{시정(미만)}{0.5km}{안개}0345-{시정(미만)}{0.2km}{안개}0420-{안개}{강도2}0600-{시정(이상)}{0.2km}{안개}0645-{시정(이상)}{0.5km}{안개}0720-{시정(이상)}{1km}{박무}0735-{박무}{강도0}0900-{박무}{강도0}1200-1220.{박무}1640-{박무}{강도0}1800-{박무}{강도0}2100-{박무}{강도0}2400-{소나기}1747-1758.,4.25
135,추풍령,1993-08-25,24.8,22.7,602,27.4,1548,6.92,1.3,2120,6,1947,15.7,4.3,290,1550,3,320,1600,.4,306,270,22.4,69,1352,86.5,27.1,977.2,1006.6,939,1003.1,1840,1004.9,13.2,.3,1230,1.74,8.76,,,,,,10,4.9,27.2,19.7,,,,,,,,,,,,,{비}1015-{비}{강도0}1200-1320.{비}1908-{비}{강도1}2100-2258.-{박무}-{박무}{강도0}0300-{박무}{강도1}0600-{박무}{강도0}0900-{박무}{강도0}1200-1320.{박무}1850-{박무}{강도0}2100-{박무}{강도0}2400,
135,추풍령,1993-08-26,20.1,17.8,2400,23.5,0,15.95,2,1540,4.2,1500,15.2,7.3,270,314,5.7,270,330,1.1,970,50,18.9,89,1257,92.3,21.8,976.6,1006.6,2135,1003.5,115,1004.7,13.2,0,900,.6,4.16,,,,,,9.8,4.6,22.2,13.3,,,,,,,,,,,,,-{박무}-{박무}{강도0}0300-{박무}{강도0}0600-0640.{박무}2210-{박무}{강도0}2400-{비}0148-{비}{강도0}0300-{비}{강도0}0600-{비}{강도0}0900-{비}{강도0}1200-{비}{강도0}1500-1745.,
135,추풍령,1993-08-27,21.2,15.8,429,26.5,1640,,,,,,,9,290,1328,6.3,270,840,2.4,2104,270,16.3,44,1730,75.3,18.6,976.9,1006.7,2400,1003.1,1630,1004.9,13.2,11,1200,3.5,25.36,,,,,,4,3.5,24.1,11.5,,,,,,,,,,,,,-{박무}-{시정(미만)}{1km}{안개}0135-{시정(미만)}{0.5km}{안개}0210-{안개}{강도1}0300-{시정(미만)}{0.2km}{안개}0320-{안개}{강도2}0600-{시정(이상)}{0.2km}{안개}0615-{시정(이상)}{0.5km}{안개}0645-{시정(이상)}{1km}{박무}0710-0750.,5.58
135,추풍령,1993-08-28,20.9,15.8,602,26.6,1634,,,,,,,8,270,1151,5.3,270,1200,2.6,2266,250,15.2,43,1604,71.8,17.4,980,1010.7,2400,1006.7,0,1008.2,13.1,11.6,1200,3.77,28.48,,,,,,1.8,1,23.9,11.4,,,,,,,,,,,,,{박무}2030-{박무}{강도0}2100-{박무}{강도0}2400,
135,추풍령,1993-08-29,20.6,15.1,640,25.9,1405,,,,,,,4,200,1015,3.7,200,1020,1,862,200,16.1,44,1255,76.8,18.3,984.1,1015.1,2400,1010.7,0,1012.4,13.1,7.5,1000,2.71,20.42,,,,,,7.3,1.4,23.6,10.4,,,,,,,,,,,,,-{박무}-{박무}{강도0}0300-{박무}{강도0}0600-0620.{박무}2030-{박무}{강도0}2100-{박무}{강도0}2400,
135,추풍령,1993-08-30,20.2,14,627,26.9,1304,,,,,,,4.7,290,1400,3.5,250,1100,1.2,1056,290,15.4,39,1307,75.8,17.5,987.1,1016.7,752,1013.6,1634,1015.6,13,10.9,1200,3.72,26.09,,,,,,5,1,23.1,8.6,,,,,,,,,,,,,-{박무}-{박무}{강도0}0300-{박무}{강도0}0600-0640.{박무}2130-{박무}{강도0}2400,
135,추풍령,1993-08-31,20.7,13.7,644,27.6,1312,,,,,,,4.7,290,1403,3.7,320,1530,.8,682,320,15.5,40,1424,74.8,17.7,986.1,1016.8,624,1012.4,1648,1014.5,13,7.8,1130,3.31,21.26,,,,,,5.8,4.8,23.9,8.9,,,,,,,,,,,,,-{박무}-{박무}{강도0}0300-{박무}{강도0}0600-{박무}{강도0}0900-0950.,
135,추풍령,1993-09-01,21.5,18.3,338,27.2,1613,,,,,,,5.4,340,708,4.3,340,410,1.3,1133,340,16,49,1649,71.5,18.3,983.8,1013.3,0,1010,1801,1012,13,5.5,1215,3.02,16.86,,,,,,8.5,5.1,23.6,13.5,,,,,,,,,,,,,{박무}2120-{박무}{강도0}2400,
135,추풍령,1993-09-02,21.1,16.4,618,26.1,1515,,,,,,,5.9,140,1805,3.3,140,1830,1.2,1015,110,17,58,1413,78.3,19.4,983.4,1012.9,750,1010.1,1808,1011.6,12.9,6.6,945,2.32,15.1,,,,,,4,1.4,24.3,11.2,,,,,,,,,,,,,-{박무}-{박무}{강도0}0300-{박무}{강도0}0600-{시정(미만)}{1km}{안개}0705-{시정(미만)}{0.5km}{안개}0718-{시정(이상)}{0.5km}{안개}0735-{시정(이상)}{1km}{박무}0740-{박무}{강도0}0900-{박무}{강도0}1200-{박무}{강도0}1500-1720.{달무리}2030,.58
135,추풍령,1993-09-03,18.8,14.4,625,23.4,1402,,,,,,,7.8,140,1450,4,140,1510,1.7,1428,140,13.7,56,1431,73.3,15.7,980.6,1012.2,15,1006.1,2103,1009,12.9,1.5,1330,2.38,14.53,,,,,,8.3,3.3,22.9,9.3,,,,,,,,,,,,,-{달무리}-0440.,
135,추풍령,1993-09-04,20.3,13.9,713,27.6,1455,,,,,,,4,250,843,3,250,850,.6,516,160,14.4,41,1431,70.8,16.5,980.1,1012.6,2400,1005.8,151,1008.4,12.9,10.6,1152,3.61,26.09,,,,,,3.8,2.4,24.2,8.7,,,,,,,,,,,,,{박무}2040-{박무}{강도0}2100-{박무}{강도0}2400,
135,추풍령,1993-09-05,20,13.9,642,27.1,1648,,,,,,,6,250,1528,4,230,1350,1.1,918,250,14.4,37,1542,73.8,16.5,986.6,1016.7,2400,1012.6,0,1015.1,12.8,10.5,1145,3.66,26,,,,,,.8,1,25.5,9.3,,,,,,,,,,,,,-{박무}-{박무}{강도0}0300-{박무}{강도0}0600-{박무}{강도0}0900-1040.,
135,추풍령,1993-09-06,20.5,13.5,655,27.8,1513,,,,,,,6.8,110,1846,4,110,1730,1.1,948,50,15.1,41,1643,73.5,17.1,988.1,1017.9,955,1014.4,1508,1016.5,12.8,10.3,1245,3.58,25.7,,,,,,1.5,.5,26.2,8.3,,,,,,,,,,,,,,
135,추풍령,1993-09-07,19.3,13.6,536,25.2,1517,,,,,,,6.5,70,1040,3.2,70,1100,.7,606,110,14.8,49,1625,76.3,16.8,986.1,1017.6,30,1011.4,1613,1014.7,12.7,8.9,1130,3.3,20.49,,,,,,2.8,2.4,24.7,8.5,,,,,,,,,,,,,,
135,추풍령,1993-09-08,19.2,12,630,26.8,1432,,,,,,,6.6,50,1445,2.8,340,1200,.6,544,20,13.4,46,1117,71,15.4,983.8,1013.9,552,1010.1,1608,1012.4,12.7,10.5,1130,3.55,25.47,,,,,,1.8,1,24.7,7.1,,,,,,,,,,,,,,
135,추풍령,1993-09-09,19,14.4,120,25.2,1330,,,,,,,4,20,1340,3,20,1345,.4,322,20,14.3,48,1411,75.8,16.3,984.5,1014.9,2400,1011.7,1455,1013,12.7,2.2,1230,2.66,13.22,,,,,,8.8,5.4,22.8,9.3,,,,,,,,,,,,,,
135,추풍령,1993-09-10,19.1,12.6,656,26.4,1524,,,,,,,2.1,160,1150,2,160,1200,.3,291,180,14.2,43,1550,76,16.2,986.4,1016.8,736,1013.2,1555,1014.9,12.6,9.9,1145,2.92,18.69,,,,,,2.8,2,24.4,7,,,,,,,,,,,,,{박무}2130-{박무}{강도0}2400,
135,추풍령,1993-09-11,18.8,14.7,112,24.4,1529,,,,,,,4.4,50,1633,2.3,50,1630,.4,384,50,15.4,53,1547,81.5,17.5,987.5,1017.2,918,1014.1,1636,1016,12.6,4.7,1230,1.77,11.88,,,,,,5.5,3.1,23.1,9.8,,,,,,,,,,,,,-{박무}-{박무}{강도0}0300-{박무}{강도0}0600-{박무}{강도0}0900-{박무}{강도0}1200-1340.{박무}2030-{박무}{강도0}2100-{박무}{강도0}2400,
135,추풍령,1993-09-12,18.8,15.4,310,23,1510,2,.2,840,.5,830,.5,3,110,743,1.7,110,740,.4,310,70,16.4,69,1250,86.8,18.7,986.9,1016.8,2400,1013.8,1445,1015.5,12.6,.1,1115,1.77,7.03,,,,,,9.3,5,21.2,9.7,,,,,,,,,,,,,-{박무}-{박무}{강도0}0300-{박무}{강도0}0600-{박무}{강도0}0900-{박무}{강도0}1200-{박무}{강도0}1500-{박무}{강도0}1800-{박무}{강도0}2100-{박무}{강도0}2400-{비}0748-{비}{강도0}0900-0948.,
135,추풍령,1993-09-13,19,13.8,650,24,1310,,,,,,,2.8,140,922,1.5,140,1510,.2,202,50,16.2,60,1608,84.8,18.4,987.1,1017,830,1013.7,1838,1015.6,12.5,0,1215,1.48,9.67,,,,,,10,7.6,22.3,9.5,,,,,,,,,,,,,-{박무}-{시정(미만)}{1km}{안개}0040-{시정(미만)}{0.5km}{안개}0120-{안개}{강도1}0300-{시정(미만)}{0.2km}{안개}0410-{안개}{강도2}0600-{시정(이상)}{0.2km}{안개}0640-{시정(이상)}{0.5km}{안개}0715-{시정(이상)}{1km}{박무}0810-{박무}{강도0}0900-1120.{박무}1920-{박무}{강도0}2100-{박무}{강도0}2400,7.5
135,추풍령,1993-09-14,21.4,16.9,2400,28.3,1655,,,,,,,6.2,250,935,4.3,250,930,1.7,1444,290,15.7,37,1607,73.3,17.9,986.6,1015.8,2117,1013.3,1550,1014.9,12.5,10.1,1200,2.69,18.89,,,,,,1.8,.8,25.7,10.9,,,,,,,,,,,,,-{박무}-{박무}{강도0}0300-{박무}{강도0}0600-{박무}{강도0}0900-0930.{박무}2010-{박무}{강도0}2100-{박무}{강도0}2400,
135,추풍령,1993-09-15,21,16.2,240,28.5,1505,,,,,,,6,290,1500,3.5,270,1520,.9,772,270,15.7,39,1312,75,17.8,985.6,1015.9,2400,1011.1,1545,1013.9,12.4,7.4,1230,2.51,16.63,,,,,,3.3,1.1,25.6,10.5,,,,,,,,,,,,,-{박무}-{박무}{강도0}0300-{박무}{강도0}0600-{박무}{강도0}0900-{박무}{강도0}1200-1240.,
135,추풍령,1993-09-16,21,13.6,712,29.1,1418,5.5,2.5,1923,5.7,2050,15.5,4.2,110,1747,2.3,110,1800,.4,351,70,17.4,46,1320,81.8,20,985.4,1016.5,713,1011,1707,1013.7,12.4,7.4,1230,2.45,14.94,,,,,,5.3,2.1,25.3,7.8,,,,,,,,,,,,,{박무}0110-{박무}{강도0}0300-{박무}{강도2}0600-0715.{비}1720-{비}{강도0}1800-{비}{강도1}2100-2250.,
135,추풍령,1993-09-17,21.8,19,534,24.8,1412,16.33,9.9,959,17.3,220,68.2,13.5,250,1950,6.3,250,2000,2.4,2114,250,19.7,72,2030,88.5,23.1,978.1,1011.1,0,1002.9,1505,1006.2,12.4,0,1230,.43,1.98,,,,,,8.5,5.3,22.2,17,,,,,,,,,,,,,{비}0110-{비}{강도2}0300-{비}{강도0}0600-{비}{강도1}0900-{소나기}0945-{비}1010-{비}{강도1}1200-{비}{강도0}1500-1730.{뇌전}{강도0}(SW2-3)0947-0955.,
135,추풍령,1993-09-18,20.6,12.5,2400,26,1517,,,,,,,12.5,250,430,7.3,250,350,3.5,2996,270,12.9,27,1519,64.8,15.4,985.7,1019.4,2400,1008.7,0,1014.1,12.3,5.2,1145,2.59,13.91,,,,,,6.8,3.1,21.3,6.5,,,,,,,,,,,,,{햇무리}1050-1320.,
135,추풍령,1993-09-19,16.9,9.9,640,26.8,1354,,,,,,,5,270,1433,2.7,290,1410,.4,357,320,9.7,27,1440,68,12.1,990.1,1021.2,721,1015.7,1550,1019,12.3,9.8,1200,2.6,17.62,,,,,,4,1.9,20.2,4.7,,,,,,,,,,,,,,
135,추풍령,1993-09-20,17.1,11.5,624,23.2,1658,,,,,,,4.9,250,1440,3.7,230,1500,.7,646,250,14,56,1130,83,16.2,988.1,1018.9,0,1014.6,1725,1016.9,12.2,0,1300,1.23,9.34,,,,,,5,4.3,19,7.5,,,,,,,,,,,,,{박무}1850-{박무}{강도0}2100-{박무}{강도0}2400,
135,추풍령,1993-09-21,20.3,14.9,640,27.1,1530,,,,,,,5.3,110,1146,3,70,1210,.7,604,70,14.9,33,1611,74.8,17,986.4,1016.7,113,1012.2,1620,1014.8,12.2,8.9,1045,2.54,18.23,,,,,,3,0,23.5,9.3,,,,,,,,,,,,,-{박무}-{박무}{강도0}0300-{박무}{강도0}0600-{박무}{강도0}0900-0940.{박무}1920-{박무}{강도0}2100-{박무}{강도0}2400,
135,추풍령,1993-09-22,19,12.8,650,26.4,1440,,,,,,,4.5,140,1610,2.2,140,1640,.4,380,140,14.4,41,1514,77.3,16.4,983.9,1015,308,1009,1650,1012.4,12.2,9,1200,2.41,17.46,,,,,,1,.4,22.9,7.3,,,,,,,,,,,,,-{박무}-{박무}{강도0}0300-{박무}{강도1}0600-{박무}{강도0}0900-{박무}{강도0}1200-1240.{박무}2210-{박무}{강도0}2400,
135,추풍령,1993-09-23,18.1,13,2400,22.7,1423,,,,,,,12.2,250,1214,7,250,1420,3.1,2696,270,10.9,40,1624,64,13.2,982.1,1013.7,2324,1009.1,412,1010.7,12.1,9.3,1225,2.71,17.76,,,,,,4,2.3,21.1,7.9,,,,,,,,,,,,,-{박무}-{박무}{강도0}0300-0520.,
135,추풍령,1993-09-24,15.9,9.4,655,23.7,1409,1.88,.6,1520,1.5,1508,2.3,10.6,270,1628,7.2,270,1620,1.8,1570,250,10.2,44,1019,70,12.5,985.9,1017.1,2400,1012.5,1413,1014.8,12.1,7.4,1200,2.55,14.73,,,,,,2.5,2.3,17.9,2.8,,,,,,,,,,,,,{소나기}1447-{소나기}{강도0}1500-1640.{박무}2130-{박무}{강도0}2400,
135,추풍령,1993-09-25,15.5,9.9,650,22.5,1542,,,,,,,8.6,230,1243,5,230,1220,1.5,1315,230,10.2,38,1512,75,12.5,988.2,1019.7,2250,1015.4,1500,1017.2,12.1,10.4,1115,2.65,19.16,,,,,,0,.3,19.5,5.3,,,,,,,,,,,,,-{박무}-{박무}{강도0}0300-{박무}{강도0}0600-0730.,
135,추풍령,1993-09-26,15.8,8.5,707,24.9,1510,,,,,,,4.2,270,1340,2.3,270,1350,.4,335,270,10.8,36,1502,76.8,13,988.7,1019.7,0,1014.8,1652,1017.7,12,10.1,1200,2.67,18.78,,,,,,.5,1,20.7,2.9,,,,,,,,,,,,,{박무}0110-{박무}{강도0}0300-{박무}{강도0}0600-0640.{박무}2130-{박무}{강도0}2400,
135,추풍령,1993-09-27,16.4,9.3,643,23.7,1520,,,,,,,6.5,320,1250,4.7,320,1230,1.3,1138,320,11.2,40,1234,74.5,13.3,984.2,1016.3,0,1009.7,1600,1013,12,9.3,1100,2.37,16.68,,,,,,3,3.1,20.8,4,,,,,,,,,,,,,-{박무}-{박무}{강도0}0300-{박무}{강도0}0600-0740.,
135,추풍령,1993-09-28,17.8,14.8,552,21.5,1215,.8,0,,0,,0,8.2,290,1615,5.5,290,1610,1.7,1483,290,14.1,61,1614,79.5,16.1,981.3,1012.8,2351,1007.9,1534,1009.9,11.9,2,1100,1.77,9.11,,,,,,9.3,4.9,19,10.2,,,,,,,,,,,,,{비}0612-0640.{비}0845-{비}{강도0}0900-0905.{박무}1340-{박무}{강도0}1500-{박무}{강도0}1800-{박무}{강도0}2100-{박무}{강도0}2400,
135,추풍령,1993-09-29,14.8,11.7,656,18.7,1342,,,,,,,7.1,290,2355,4,290,2350,.5,464,270,11.4,55,1149,80.8,13.5,984.8,1015,2150,1012.6,140,1013.7,11.9,.3,1045,1.33,6.81,,,,,,9.3,4.5,17.3,7.6,,,,,,,,,,,,,-{박무}-{박무}{강도0}0300-0510.,
135,추풍령,1993-09-30,15.2,11.4,604,19.9,1617,,,,,,,10.9,290,1319,6.5,290,1420,3.6,3112,290,6.8,31,1708,59.3,10,986,1016.9,2239,1013.5,1537,1015,11.9,9.7,1130,2.66,18.59,,,,,,1.3,.8,18.6,4.7,,,,,,,,,,,,,,
135,추풍령,1993-10-01,12.9,7,2312,19.6,1642,,,,,,,12,290,841,6.5,290,830,3.2,2792,250,6,36,1421,64.8,9.4,987.8,1021.6,2400,1014.7,1528,1017,11.8,10.4,1130,2.6,18.44,,,,,,0,0,16.8,-.3,,,,,,,,,,,,,,
135,추풍령,1993-10-02,11.1,5.2,452,16.9,1523,,,,,,,4.7,50,1320,2.7,50,1350,.5,408,50,7.9,52,1438,82.5,10.7,993,1024,935,1021.6,0,1022.6,11.8,.3,1200,1.32,8.95,,,,,,8.8,3,14.8,-.5,,,,,,,,,,,,,{달무리}0330-0540.{햇무리}1440-1520.,
135,추풍령,1993-10-03,14,8,340,22.7,1212,,,,,,,4.5,290,1613,2.7,290,1730,1,874,290,8.6,37,1348,73.3,11.2,991.1,1022,0,1017.8,1550,1020.3,11.7,8.9,1300,2.44,16.52,,,,,,3.3,2.6,18.2,1.5,,,,,,,,,,,,,,
135,추풍령,1993-10-04,14.6,8.2,603,21.2,1506,,,,,,,9.7,250,1525,6.3,250,1610,3,2582,250,9,43,1707,70.5,11.5,990.6,1022,909,1016.7,1642,1019.8,11.7,8.1,1215,2.51,16.5,,,,,,4.3,1.9,17.5,2.4,,,,,,,,,,,,,{박무}1910-{박무}{강도0}2100-{박무}{강도0}2400-{달무리}2310,
135,추풍령,1993-10-05,15.9,9,620,22.8,1455,,,,,,,8,50,1653,4,50,1650,1.4,1250,70,9.4,44,1304,67.3,11.8,990.2,1021.3,2255,1017.2,1456,1019.2,11.7,8.7,1015,2.04,14.42,,,,,,6.3,1.9,19.5,8.2,,,,,,,,,,,,,-{박무}-{박무}{강도0}0300-0340.-{달무리}-0430.,
135,추풍령,1993-10-06,14.5,9.8,630,19,1506,,,,,,,9.2,70,1114,4.7,70,1040,2,1760,70,8.2,47,1428,67.3,10.9,990.5,1021,0,1017.6,1800,1019.6,11.6,3.7,900,1.24,8.77,,,,,,6,5.3,17.4,9.1,,,,,,,,,,,,,,
135,추풍령,1993-10-07,15.2,10,2400,22,1550,,,,,,,5.5,70,1231,3,70,1220,.7,608,70,10.2,47,1340,74,12.4,986.8,1018.4,0,1012.9,1547,1015.8,11.6,6.8,1330,2.11,11.97,,,,,,4.8,3.1,16.1,2.4,,,,,,,,,,,,,,
135,추풍령,1993-10-08,14.8,6.3,730,23.2,1531,,,,,,,8.6,230,1357,5.7,230,1130,2.1,1800,250,9.1,40,1641,71.5,11.6,983.9,1014.7,0,1009.7,1500,1012.9,11.6,9.8,1130,2.57,17.75,,,,,,0,0,18.5,0,,,,,,,,,,,,,{박무}0340-{박무}{강도0}0600-0745.{박무}2140-{박무}{강도0}2400,
135,추풍령,1993-10-09,16.3,8.1,616,24.7,1524,,,,,,,6.8,230,1228,4.7,230,1220,1.3,1081,230,10.6,41,1405,72,12.9,985.9,1016.9,828,1012.5,1510,1014.8,11.5,7.7,1130,2.12,14.12,,,,,,1,0,18.6,.9,,,,,,,,,,,,,-{박무}-{박무}{강도0}0300-0340.{박무}1020-{박무}{강도0}1200-{박무}{강도0}1500-{박무}{강도0}1800-{박무}{강도0}2100-{박무}{강도0}2400,
135,추풍령,1993-10-10,14.9,7.8,2400,19.5,1554,.33,0,,0,,0,12.8,250,1225,8,250,1340,3,2578,250,7,33,1518,62,10.3,988.3,1023.9,2400,1014.2,445,1017.3,11.5,9.6,1115,2.55,17.45,,,,,,.3,.5,18.3,0,,,,,,,,,,,,,{비}0515-0535.-{박무}-{박무}{강도0}0300-{박무}{강도0}0600-0740.,
135,추풍령,1993-10-11,12.5,4.5,421,22,1350,,,,,,,5.8,110,1110,4,110,1120,.7,562,110,6.7,36,1340,71.8,9.9,994.4,1026.7,812,1021,1650,1023.9,11.4,9.8,1130,2.4,16.89,,,,,,0,.3,17,-1.2,,,,,,,,,,,,,{박무}0130-{박무}{강도0}0300-0440.{박무}2230-{박무}{강도0}2400,
135,추풍령,1993-10-12,14.5,8.2,156,20.3,1403,,,,,,,8.8,250,1520,6.3,250,1530,2.5,2168,250,7.1,40,1455,64.5,10.1,993.6,1024.9,933,1020.5,1514,1022.9,11.4,7.5,1145,2.12,13.8,,,,,,3.3,3.4,17.7,2.6,,,,,,,,,,,,,-{박무}-{박무}{강도0}0300-0450.{박무}2040-{박무}{강도0}2100-{박무}{강도0}2400,
135,추풍령,1993-10-13,15.3,12.2,637,20.1,1513,,,,,,,6.7,250,5,5,250,10,1.9,1662,270,10.1,48,1525,72,12.4,992.5,1023.9,930,1019.4,1518,1021.6,11.4,.7,1015,1.46,8.38,,,,,,8.8,8.1,17.9,8.7,,,,,,,,,,,,,-{박무}-{박무}{강도0}0300-0520.{박무}1920-{박무}{강도0}2100-{박무}{강도0}2400,
135,추풍령,1993-10-14,14,8.8,2400,20.1,1308,2.25,0,,0,,0,7.6,290,1506,4,290,1410,.6,518,290,9.3,43,1752,74.3,11.9,992.2,1025.1,2400,1019.2,1440,1021.5,11.3,.3,1100,1.31,7.19,,,,,,8.3,5,16.4,2.6,,,,,,,,,,,,,-{박무}-{박무}{강도0}0300-{박무}{강도0}0600-{박무}{강도0}0900-1045.{박무}2240-{박무}{강도0}2400-{비}0525-{비}{강도0}0600-0740.,
135,추풍령,1993-10-15,13.4,6.3,732,22.9,1442,,,,,,,5.3,290,1608,3.7,290,1630,.9,796,290,5.7,34,1545,63.3,9.2,994.4,1026.1,810,1020.7,1508,1023.8,11.3,7.8,1200,2.18,14.12,,,,,,3.3,.4,17,.6,,,,,,,,,,,,,-{박무}-{박무}{강도0}0300-{박무}{강도0}0600-0720.,
135,추풍령,1993-10-16,12,5.1,712,20.4,1554,,,,,,,8,250,1615,6,230,1210,1.4,1251,230,5.7,31,1608,69.8,9.2,994.4,1026.3,920,1021,1513,1024,11.3,9.4,1115,2.16,14.82,,,,,,1.3,.3,15.4,-2.6,,,,,,,,,,,,,{박무}2220-{박무}{강도0}2400,
135,추풍령,1993-10-17,14,6.9,40,21.4,1510,,,,,,,10,250,1532,6.3,250,1550,2.4,2034,250,6.8,34,1454,66,9.9,991.7,1023.7,0,1017.4,1618,1021,11.2,5.8,1130,2.24,11.93,,,,,,5.3,3.6,16.3,1,,,,,,,,,,,,,-{박무}-{박무}{강도0}0300-0530.{박무}1845-{박무}{강도0}2100-{박무}{강도0}2400,
135,추풍령,1993-10-18,11.3,6.4,719,17.6,1506,,,,,,,10.3,270,102,7,250,1530,3.4,2909,250,0,25,1509,48.5,6.2,991.6,1023.5,840,1018.2,1725,1021.1,11.2,8.9,1145,2.35,15.57,,,,,,.5,.4,14.4,.6,,,,,,,,,,,,,-{박무}-{박무}{강도0}0300-0530.,
135,추풍령,1993-10-19,10.9,5.1,642,18.8,1350,,,,,,,8.8,230,1245,4.7,230,1230,1.2,1021,230,5.6,38,1610,72.8,9.1,989.2,1021,0,1016.2,1527,1018.7,11.1,7.3,1115,2.25,11.71,,,,,,2.5,1.8,13.5,-8.1,,,,,,,,,,,,,,
135,추풍령,1993-10-20,11,3.8,718,19.9,1437,,,,,,,6.6,250,1350,4.3,250,1550,1.3,1152,250,4.8,29,1410,69.8,8.6,987.6,1018.7,0,1014.4,1502,1017.1,11.1,9.5,1200,2.25,15.17,,,,,,.3,0,14.7,-3.6,,,,,,,,,,,,,,
135,추풍령,1993-10-21,9.6,3.5,532,20.9,1204,1.25,4.1,1324,4.7,1255,4.7,19.5,250,1317,7.3,250,1330,2,1758,250,4.8,41,1205,73.5,8.8,986.6,1019.5,2400,1011.5,1245,1016.2,11.1,5.5,1030,1.77,8.61,,,,,,1.5,1.8,10.9,-3,,,,,,,,,,,,,{뇌전}{강도0}(S3-5)1325-{천둥}{강도0}(S)1330-1340.{천둥}{강도0}(NW)1250-{뇌전}{강도0}(NW2-5)1305-{뇌전}{강도0}(NW{이동}N2)1320-1330.{소나기}1255-1410.,
135,추풍령,1993-10-22,9.2,.8,722,17,1451,4.08,.7,1840,2.1,1810,2.4,10.2,250,1750,5.7,250,1800,2.7,2365,250,2.5,28,1510,68.3,7.5,988.5,1021.7,620,1014,1600,1018.1,11,8.5,1200,2.22,14.04,,,,,,2.8,1.9,13.2,-5,,,,,,,,,,,,,{소나기}1745-{소나기}{강도0}1800-{비}1920-{비}{강도0}2100-2150.,
135,추풍령,1993-10-23,6.9,2.8,730,11.7,1519,,,,,,,13.8,250,354,8,270,700,5.3,4608,250,-1.2,41,1236,56.8,5.6,989.6,1021.8,2214,1017.2,13,1019.5,11,9,1145,2.23,14.46,,,,,,0,.3,8.5,-2.6,,,,,,,,,,,,,,
135,추풍령,1993-10-24,8.8,1.6,725,15.4,1448,,,,,,,12.2,250,1416,7.7,250,1430,4,3495,250,2.4,35,1430,67,7.3,990.4,1022.1,900,1017.5,1523,1020.2,11,8.3,1200,2.14,13.3,,,,,,1.8,1.5,10.2,-4.9,,,,,,,,,,,,,,
135,추풍령,1993-10-25,11.9,6,2400,17.5,1548,,,,,,,12.4,250,1331,8,250,1340,4,3460,270,3.4,29,1510,58.8,8,990.8,1024,2400,1017.9,1504,1020.2,10.9,7.5,1145,2.2,13.51,,,,,,3,1.5,12.8,-3.8,,,,,,,,,,,,,,
135,추풍령,1993-10-26,6.9,1.2,2400,14.7,1556,,,,,,,8.5,230,1210,6.7,230,1220,2,1731,230,0,27,1514,67,6.2,996.1,1030.6,2330,1024,0,1026.4,10.9,7,1200,1.74,10.11,,,,,,3.8,.5,8.9,-7.4,,,,,,,,,,,,,{햇무리}1045-1220.,
135,추풍령,1993-10-27,7.1,-.8,705,18.6,1345,,,,,,,6.2,110,1215,4,110,1220,.8,720,70,1.7,31,1330,74,7,1001.4,1033.6,930,1029.2,1513,1031.8,10.9,9.5,1200,2.18,14.07,,,,,,0,0,11.2,-7.9,,,,,,,,,,,,,{박무}2020-{박무}{강도0}2100-{박무}{강도0}2400,
135,추풍령,1993-10-28,11.2,2.7,633,19.4,1516,.5,.2,2340,.4,2330,.2,6.3,50,1217,3.7,50,1220,1.1,989,20,5.6,40,1453,73,9.1,999.5,1032.7,0,1026,2400,1029.3,10.8,8.7,1215,1.92,11.92,,,,,,4.8,3.1,12.8,-4.2,,,,,,,,,,,,,-{박무}-{박무}{강도0}0300-{박무}{강도0}0600-0720.{비}2330-{비}{강도0}2400,
135,추풍령,1993-10-29,10.4,9,2035,12.3,1547,17.67,2.5,1232,9.4,1215,37.5,16.1,250,2020,10.7,250,2100,3.4,2924,250,9,78,2143,91,11.6,989.8,1026,0,1014.4,1522,1019.4,10.8,0,1330,.25,.93,,,,,,9.8,5.3,11.2,6.2,,,,,,,,,,,,,-{비}-{비}{강도0}0300-{비}{강도0}0600-{비}{강도1}0900-{비}{강도1}1200-{비}{강도0}1500-1740.{박무}0537-{박무}{강도0}0600-{박무}{강도0}0900-{박무}{강도0}1200-{박무}{강도0}1500-{박무}{강도0}1800-2020.,
135,추풍령,1993-10-30,6.2,3.3,2400,9.5,0,5.82,2,1315,3,1310,6.5,16.2,250,1312,11.3,250,1330,4.9,4198,250,1.8,57,1015,74,7,988.6,1020.5,850,1016.8,1310,1018.7,10.7,1.8,1145,1.5,5.58,,,,,,8.5,5.9,7.2,-1.4,,,,,,,,,,,,,{소나기}1245-{싸락우박}1313-{소나기}/{우박}1317-{소나기}1318-1338.{소나기}1424-{비}1450-{비}{강도0}1500-1720.{비}2020-2150.{비}2330-{비}{강도0}2400,
135,추풍령,1993-10-31,4.8,2.3,725,8.1,2400,5.07,.4,0,.9,0,1.4,13.7,250,1032,7.7,250,1040,4.6,4007,250,.2,58,1134,71.8,6.2,989.5,1021.7,2302,1017.2,306,1019.7,10.7,1.2,1045,1.99,5.13,,,,,,9.3,6,6,-2.2,,,,,,,,,,,,,-{비}-0150.{비}0710-0745.{진눈깨비}0830-{눈}0850-{눈}{강도0}0900-0942.{비}1408-{비}{강도0}1500-1535.,
135,추풍령,1993-11-01,11.7,6.2,2400,18.7,1513,,,,,,,11,250,1149,6,250,1230,3.7,3215,250,3,29,1513,58,7.7,994,1027.3,2320,1021.4,2,1023.6,10.7,7.5,1145,2.01,11.75,,,,,,3.5,2,10.2,-2.4,,,,,,,,,,,,,,
135,추풍령,1993-11-02,9.5,2,712,19.9,1612,,,,,,,8,250,1345,5.3,230,1200,1.2,1046,250,2.8,26,1310,69,7.5,996.2,1027.5,910,1023.7,1450,1026.1,10.6,9.1,1145,2.06,13.04,,,,,,2.3,0,10,-4.8,,,,,,,,,,,,,,
135,추풍령,1993-11-03,9.7,2,731,20.4,1546,,,,,,,7.9,230,1240,6.3,230,1220,1.8,1533,230,3,22,1540,69.3,7.6,995.1,1027.1,722,1021.8,1540,1024.9,10.6,9.1,1200,2.08,13.13,,,,,,0,0,10,-4.4,,,,,,,,,,,,,{박무}0220-{박무}{강도0}0300-{박무}{강도0}0600-0710.{박무}2210-{박무}{강도0}2400,
135,추풍령,1993-11-04,10,2.5,642,20.8,1640,,,,,,,11.3,230,1245,5.3,230,1140,1.5,1319,230,.7,20,1353,59.8,6.5,992.2,1024,830,1018.8,1543,1022,10.6,9.6,1200,2.1,13.23,,,,,,0,0,10,-4.5,,,,,,,,,,,,,-{박무}-{박무}{강도0}0300-{박무}{강도0}0600-0640.,
135,추풍령,1993-11-05,11,2.7,800,23,1520,,,,,,,6,230,1348,3.7,230,1410,.9,798,230,2.1,21,1357,60.5,7.2,992.1,1023.6,910,1018.9,1440,1021.7,10.5,9.4,1330,1.97,12.25,,,,,,1.3,.3,10.7,-5,,,,,,,,,,,,,{박무}0320-{박무}{강도0}0600-0720.{박무}2220-{박무}{강도0}2400,
135,추풍령,1993-11-06,10.6,7.9,240,12.9,1354,14.5,,,,,10.9,5.3,70,2325,3.7,110,1940,.6,545,110,9.1,86,0,90.8,11.6,990.5,1022.1,0,1018.5,1532,1020.1,10.5,0,915,.11,.71,,,,,,10,7.5,11.4,1.7,,,,,,,,,,,,,-{박무}-{박무}{강도0}0300-{박무}{강도0}0600-0720.{박무}1020-{박무}{강도2}1200-{박무}{강도1}1500-{박무}{강도0}1800-{박무}{강도0}2100-{박무}{강도0}2400-{비}0930-{비}{강도0}1200-{비}{강도0}1500-{비}{강도0}1800-{비}{강도0}2100-{비}{강도0}2400,
135,추풍령,1993-11-07,8.5,6.9,2040,11.5,0,20.58,,,,,15.6,10.2,20,521,5.3,20,540,3.3,2832,20,6.7,82,1550,89,9.9,995.1,1027.4,2057,1021.2,0,1025.1,10.5,0,1330,.29,1.36,,,,,,10,5,10.2,4.8,,,,,,,,,,,,,-{비}-{비}{강도0}0300-{비}{강도0}0600-{비}{강도0}0900-{비}{강도0}1200-{비}{강도0}1500-{비}{강도0}1800-2035.-{박무}{박무}{강도0}0300-{박무}{강도0}0600-{박무}{강도0}0900{박무}{강도0}1200-{박무}{강도0}1500-{박무}{강도0}1800-{박무}{강도0}2100-{박무}{강도0}2400,
135,추풍령,1993-11-08,10.2,6.7,540,15.5,1545,,,,,,,6,70,2030,3.3,50,2330,1.7,1484,90,5.8,53,1447,75.3,9.2,996.7,1029.1,2400,1024.6,1500,1026.5,10.4,2.9,1330,1.44,6.43,,,,,,8,5.3,11.8,2.6,,,,,,,,,,,,,-{박무}-{박무}{강도0}0300-{박무}{강도0}0600-0820.{박무}1930-{박무}{강도0}2100-{박무}{강도0}2400,
135,추풍령,1993-11-09,10.2,7.3,645,13.8,1227,,,,,,,12.7,50,1425,5.7,50,1430,4.4,3794,50,1.9,41,1240,56.5,7,999.7,1031.2,920,1028.1,1526,1029.7,10.4,6.5,1145,1.48,7.07,,,,,,5.8,2.9,10.7,2,,,,,,,,,,,,,-{박무}-{박무}{강도0}0300-0530.,
135,추풍령,1993-11-10,9.2,7.2,434,12.2,1403,7.45,,,,,3.6,5.5,50,110,4,50,10,2.1,1783,90,5.4,62,4,77,9.1,996.5,1029.9,0,1023.9,2400,1026.4,10.4,0,1300,.48,2.27,,,,,,10,4.9,10.2,1.9,,,,,,,,,,,,,{비}0902-0936.{비}1707-{비}{강도0}1800-{비}{강도0}2100-{비}{강도0}2400-{박무}2020-{박무}{강도0}2100-{박무}{강도0}2400,
135,추풍령,1993-11-11,10.6,9.2,240,12,1510,18.28,,,,,7.4,5.6,70,1146,3.7,70,1200,1.9,1642,70,9.3,83,2223,91.5,11.7,992.6,1024,25,1020.6,2400,1022.3,10.4,0,945,.41,1.99,,,,,,10,4.9,12,7.4,,,,,,,,,,,,,-{박무}-{박무}{강도0}0300-{박무}{강도0}0600-{박무}{강도0}0900-{박무}{강도0}1200-{박무}{강도0}1500-{박무}{강도0}1800-{박무}{강도0}2100-{박무}{강도0}2400--{비}-{비}{강도0}0300-{비}{강도0}0600-{비}{강도0}0900-{비}{강도0}1200-{비}{강도0}1500-1652.{비}1725-{비}{강도0}1800-1850.,
135,추풍령,1993-11-12,11.8,10.6,600,13.2,1504,12.42,,,,,.5,5,90,1203,3.7,110,1210,1.3,1136,90,10.2,84,0,89.8,12.5,987.8,1020.6,0,1012.8,2400,1017.2,10.3,0,1045,.43,1.89,,,,,,10,5.4,11.9,8.7,,,,,,,,,,,,,-{박무}-{박무}{강도0}0300-{박무}{강도0}0600-0740.{박무}0940-{박무}{강도0}1200-{박무}{강도0}1500-{박무}{강도0}1800-{박무}{강도0}2100-{박무}{강도0}2400-{이슬비}0725-{이슬비}{강도0}0900-{비}1030-1108.{비}1440-{비}{강도0}1500-{비}{강도0}1800{비}{강도0}2100-2322.,
135,추풍령,1993-11-13,14.2,12.4,0,17.4,1505,12.57,,,,,18.9,13.2,230,1138,7.3,230,1150,3.2,2792,230,10.6,53,1500,80.8,12.9,978.8,1012.8,0,1004.7,1503,1007.7,10.3,2.3,1400,1.02,2.3,,,,,,8.8,4.9,14.9,9.8,,,,,,,,,,,,,{비}0413-{소나기}0550-{소나기}{강도0}0600-{비}0643-{비}{강도0}0900-{비}{강도0}1200-1240.{비}1725-{비}{강도0}1800-2040.{비}2308-{비}{강도0}2400-{천둥}{강도0}(NW)0555-{천둥}{강도0}(NW)0600-{천둥}{강도0}(NW{이동}N)0605-{뇌전}{강도1}(N1-2)0610-0612.{뇌전}{강도0}(SE3-4)0625-0633.-{박무}-{박무}{강도0}0300-{박무}{강도1}0600-{박무}{강도0}0900-{박무}{강도0}1200-1240.,
135,추풍령,1993-11-14,12.6,8.5,2400,14.2,1615,9.8,,,,,.8,14,250,931,11.3,250,1030,4.8,4124,250,8.8,67,1420,78,11.4,985.7,1020.3,2400,1008.7,0,1014.9,10.3,0,1415,.41,2.26,,,,,,9,5,13,1.7,,,,,,,,,,,,,-{비}-{비}{강도0}0300-{비}{강도0}0600-{비}{강도0}0900-0948.{박무}1940-{박무}{강도0}2100-{박무}{강도0}2400,
135,추풍령,1993-11-15,11,4.9,603,20,1515,,,,,,,3.8,290,357,2.8,290,420,.7,634,360,7.6,48,1437,82.3,10.4,991.8,1023,2228,1019.5,1530,1021.4,10.2,6.4,1200,1.76,10.13,,,,,,2.5,1.3,11.7,-.6,,,,,,,,,,,,,-{박무}-{박무}{강도0}0300-{박무}{강도0}0600-{시정(미만)}{1km}{안개}0710-{시정(미만)}{0.5km}{안개}0725-{시정(미만)}{0.2km}{안개}0840-{안개}{강도2}0900-{시정(이상)}{0.2km}{안개}1004-{시정(이상)}{0.5km}{안개}1007-{시정(이상)}{1km}{박무}1009-{박무}{강도0}1200-1443.,2.98
135,추풍령,1993-11-16,11.2,4.3,612,20.1,1425,,,,,,,5.9,50,1425,3.7,50,1450,.9,770,50,6.7,43,1419,77.3,9.9,994,1025.4,903,1021.5,1556,1023.7,10.2,4.5,1245,1.9,8.28,,,,,,.8,1,12.1,.1,,,,,,,,,,,,,-{박무}-{박무}{강도1}0300-{박무}{강도2}0600-{시정(미만)}{1km}{안개}0615-{시정(미만)}{0.5km}{안개}0640-{시정(미만)}{0.2km}{안개}0720-{시정(이상)}{0.2km}{안개}0740-{시정(이상)}{0.5km}{안개}0815-{시정(이상)}{1km}{박무}0845-{박무}{강도2}0900-{박무}{강도0}1200-1240.{박무}1925-{박무}{강도0}2100-{박무}{강도0}2400,2.5
135,추풍령,1993-11-17,10.8,7.1,325,17.2,1237,,,,,,,5,160,1317,2.8,160,1330,.6,544,20,7.8,53,1230,83.8,10.6,994.1,1025.4,1025,1021.3,1551,1023.8,10.2,2,1130,1.33,5.97,,,,,,6.5,3.1,11.3,.5,,,,,,,,,,,,,-{박무}-{박무}{강도0}0300-{박무}{강도0}0600-0725.{박무}1830-{박무}{강도0}2100-{박무}{강도0}2400,
135,추풍령,1993-11-18,9.5,4.2,2400,11.3,602,1.83,,,,,0,10.1,250,908,6.3,250,920,3.6,3099,250,5.9,60,1754,79,9.5,995.2,1029.5,2327,1023.2,141,1025.1,10.2,.3,1530,.49,1.91,,,,,,7.8,5.4,9.4,-2,,,,,,,,,,,,,-{박무}-{박무}{강도0}0300-{박무}{강도0}0600-0720.{박무}1105-{박무}{강도0}1200-1345.{비}0855-{비}{강도0}0900-0925.{비}1115-{비}{강도0}1200-1235.,
135,추풍령,1993-11-19,7.1,3.9,20,8.3,1300,,,,,,,9.2,50,1700,7,50,1720,3.4,2913,50,2.6,65,1801,73.3,7.4,1000.2,1032.2,900,1029.2,247,1030.5,10.1,0,1115,.26,1.33,,,,,,10,5.4,7.6,1.7,,,,,,,,,,,,,,
135,추풍령,1993-11-20,8,4.8,740,11.5,1350,6.78,,,,,2.2,7,230,2204,6.3,230,2210,2.5,2148,50,5.3,68,1332,83.3,9,994.1,1029.4,155,1018.6,2400,1024.1,10.1,0,1030,.74,4.04,,,,,,9.8,5,9.5,2.9,,,,,,,,,,,,,{비}0540-{비}{강도0}0600-{비}{강도0}0900-0932.{비}2035-{비}{강도0}2100-2330.{박무}2120-{박무}{강도0}2400,
135,추풍령,1993-11-21,2.1,-2.8,2400,7.2,0,6.17,,,,,2.7,17.4,270,2252,9,270,1450,6.6,5676,270,-3.2,40,1630,69,5.3,988.1,1024.2,2400,1016.2,440,1018.6,10.1,3.7,1300,1.19,4.88,,,,,,6.8,4.1,3.7,-5.8,,,,,,,,,,,,,{비}0030-{비}{강도0}0300-{비}{강도0}0600-0640.-{박무}-{박무}{강도0}0300-{박무}{강도0}0600-0720.,
135,추풍령,1993-11-22,-2,-4.5,631,2.2,1424,2.48,,,,,0,12.5,230,220,6.7,230,330,4,3451,230,-7.3,48,1356,66.8,3.5,993.5,1027.2,923,1021.9,2400,1024.7,10.1,6.6,1230,1.77,8.96,,,,,,3.5,3.1,.8,-10.5,,,,,,,,,,,,,{눈}0014-0243.,
135,추풍령,1993-11-23,-1.7,-6,2400,2.1,855,7.08,,,,,1.5,13,250,1732,8.3,250,1720,4.3,3718,250,-6.4,56,1335,72.3,3.9,991.7,1030,2400,1018.8,650,1022.8,10,0,1145,1.35,4.52,2.9,1015,2.9,1015,4,8.3,4.4,1.3,-10.7,,,,,,,,,,,,,{눈}0210-{눈}{강도0}0300-{비}0448-0525.{눈}0904-1130.{눈}1420-{눈}{강도0}1500-1544.{박무}0517-{박무}{강도0}0600-0642.,
135,추풍령,1993-11-24,-3,-7.6,610,2,1457,,,,,,,10.7,250,129,6.5,230,1320,4.5,3888,250,-9.1,49,1516,63,3.1,998.1,1032.2,822,1027.6,1636,1029.6,10,8.4,1200,1.7,9.99,,,,,,2.8,2.4,-.4,-12.3,,,,,,,,,,,,,,
135,추풍령,1993-11-25,3.5,-.6,0,7.7,1319,,,,,,,9,250,1342,6.3,250,1340,2.2,1919,250,-1.7,53,1306,69.3,5.4,996.8,1029.3,1110,1026,2132,1027.4,10,0,1200,1.04,3.96,,,,,,7.5,4.6,3.2,-5.8,,,,,,,,,,,,,,
135,추풍령,1993-11-26,4.2,.5,445,7.5,1520,2.38,,,,,.2,6.2,230,2328,4.7,230,2400,.8,660,230,1.6,61,1350,84,6.9,992.3,1026.3,0,1020,1610,1022.6,10,0,1300,.4,1.92,,,,,,8.3,3.9,4.7,-6,,,,,,,,,,,,,{비}1302-1335.{비}1420-{비}{강도0}1500-1525.{비}1710-1735.{비}1920-1940.{박무}1810-{박무}{강도0}2100-{박무}{강도0}2400,
135,추풍령,1993-11-27,7.3,3,730,10.4,1332,,,,,,,16,250,1352,12,250,1340,5.4,4666,250,-1.1,30,1354,57.3,5.8,991.8,1024.2,2400,1020,1512,1021.8,9.9,7.5,1200,1.44,8.17,,,,,,5.3,3.3,5.7,-2,,,,,,,,,,,,,-{박무}-{박무}{강도0}0300-{박무}{강도0}0600-0810.,
135,추풍령,1993-11-28,1.9,-2.7,2328,5.3,1441,,,,,,,13.4,290,1046,9,250,320,4.8,4127,250,-7,38,1449,51.8,3.6,999.3,1033,2400,1024.2,0,1030.1,9.9,8.5,1200,1.75,10.03,,,,,,1.3,.6,2.6,-10.9,,,,,,,,,,,,,{달무리}2215,
135,추풍령,1993-11-29,1.2,-3,10,5.9,1501,,,,,,,3.2,110,1259,2.3,140,1640,.4,370,20,-4,52,1535,69.5,4.6,1000.5,1033.9,153,1029.2,1747,1031.5,9.9,0,1400,.59,2.7,,,,,,6.8,2.8,2.1,-8.9,,,,,,,,,,,,,-{달무리}-0145.,
135,추풍령,1993-11-30,.2,-2.8,255,4,2400,10.67,,,,,19.6,5,140,1640,4,140,1600,1.5,1311,140,-1,81,825,91.8,5.7,992.3,1030.2,32,1017.3,1703,1023.2,9.9,0,1000,.43,2.02,,,,,,7.5,5.5,1.4,-10,,,,,,,,,,,,,{비}1105-{비}{강도0}1200-{비}{강도0}1500-{비}{강도0}1800-{비}{강도0}2100-2145.{박무}1435-{박무}{강도0}1500-{박무}{강도0}1800-{박무}{강도0}2100-2218.,
135,추풍령,1993-12-01,6.4,-.3,2400,12.9,1523,,,,,,,7.2,270,937,6.7,270,930,2.3,1997,250,.1,30,1504,67.5,6.2,990.2,1022.2,1037,1018.2,146,1020.3,9.9,6.9,1130,1.72,8.57,,,,,,5.8,2.5,6.3,-8.5,,,,,,,,,,,,,,
135,추풍령,1993-12-02,4,-2.4,505,10.5,1400,,,,,,,9.3,250,1520,6.5,250,1440,2.5,2128,250,-.4,47,1455,75.3,6,988.6,1022.5,135,1016.1,1506,1018.9,9.8,3.9,1315,1.34,6.8,,,,,,6.8,3.8,4.4,-9.9,,,,,,,,,,,,,{햇무리}1120-1330.{박무}1830-{박무}{강도0}2100-{박무}{강도0}2400,
135,추풍령,1993-12-03,.8,-2.7,856,6.6,0,7.92,,,,,3.6,14.7,270,1625,7,270,1610,4.2,3670,250,-5.1,28,1455,69.3,4.6,987.8,1020.6,900,1015.9,1450,1018.4,9.8,4.9,1245,1.44,7.4,2.8,932,2.8,932,3,8,4.5,1.9,-6,,,,,,,,,,,,,-{박무}-{박무}{강도0}0300-{박무}{강도0}0600-0720.{비}0218-{비}{강도0}0300-0530.{눈}0615-{눈}{강도1}0900-0943.{눈}1920-2035.,
135,추풍령,1993-12-04,-1.3,-4.9,750,1.9,1430,1.43,,,,,0,11.6,250,1328,6.3,250,1400,3.9,3386,250,-6.3,44,1430,69.3,3.9,991.7,1025.6,2400,1019.8,122,1022.7,9.8,5.2,1145,1.6,7.32,,,,,,5.8,4.1,.2,-8.1,,,,,,,,,,,,,{눈}0627-0740.{눈}2315-2328.,
135,추풍령,1993-12-05,0,-2.5,2400,3.7,1400,,,,,,,12,250,1146,8,250,1310,4.1,3544,250,-8.2,36,1535,55.5,3.3,996.9,1030.8,2245,1025.6,0,1027.9,9.8,8,1200,1.59,8.92,,,,,,2,.4,.6,-12.1,,,,,,,,,,,,,{달무리}0340-0615.,
135,추풍령,1993-12-06,-.6,-5.9,439,4.6,1407,2.58,,,,,0,10.4,250,1303,7.2,250,1510,3.4,2975,250,-9.1,31,1434,56,3.1,998.2,1030.8,908,1027.3,1416,1029.3,9.8,7.7,1200,1.69,9.63,0,,0,,0,1.5,1.8,-.5,-13.1,,,,,,,,,,,,,{눈}0615-0850.,
135,추풍령,1993-12-07,-.2,-6.2,748,6.1,1558,,,,,,,6.3,230,1345,5.7,230,1320,2.2,1874,250,-5.5,46,1550,69.5,4.1,998,1030.3,900,1026.9,1542,1029.1,9.8,7.7,1200,1.56,8.55,,,,,,2,0,.1,-13.4,,,,,,,,,,,,,,
135,추풍령,1993-12-08,.7,-4.9,635,7.7,1525,,,,,,,9.2,250,1401,6,250,1310,1.6,1372,250,-4.2,37,1418,74.3,4.5,998.1,1030.6,2400,1027.3,1320,1029.1,9.7,7.6,1200,1.44,8.26,,,,,,.8,.5,1.4,-12.5,,,,,,,,,,,,,{박무}0045-{박무}{강도0}0300-{박무}{강도0}0600-0623.,
135,추풍령,1993-12-09,2,-4.6,753,10.9,1402,,,,,,,6.1,250,1058,4.5,250,1100,.8,666,250,-3.2,31,1526,74.3,4.9,996.7,1031.5,922,1020.6,2400,1027.5,9.7,6.8,1145,1.59,7.71,,,,,,3.8,-999,2.4,-12.5,,,,,,,,,,,,,{박무}0030-{박무}{강도0}0300-{박무}{강도0}0600-0840.,
135,추풍령,1993-12-10,2.5,.5,825,4.1,1755,10.25,,,,,6.1,14.8,250,2143,7.7,250,2150,2.8,2393,250,-.3,59,2239,82.3,6,984.8,1021.6,57,1012,1352,1015.1,9.7,0,1200,.26,.86,.7,609,.7,609,.7,10,5.9,2.4,-1.7,,,,,,,,,,,,,{박무}0140-{박무}{강도0}0300-{박무}{강도0}0600-{박무}{강도0}0900-{박무}{강도0}1200-{박무}{강도0}1500-{박무}{강도0}1800-{박무}{강도0}2100{박무}{강도0}2400-{눈}0435-{눈}{강도0}0600-{비}0612-{비}{강도0}0900-0905.{비}1040-{비}{강도0}1200-1230.{비}1630-{비}{강도0}1800-2025.,
135,추풍령,1993-12-11,1.2,-3.8,2400,4.9,1523,,,,,,,11.8,250,902,8.7,250,910,4.4,3800,250,-6,39,1605,58.5,3.9,990.5,1025.2,2205,1014.9,0,1021.1,9.7,6.6,1200,1.48,7.95,,,,,,3.8,2,1.9,-12.7,,,,,,,,,,,,,-{박무}-{박무}{강도0}0300-{박무}{강도0}0600-0643.{박무}2120-{박무}{강도0}2400,
135,추풍령,1993-12-12,-.9,-5.2,430,4.4,1459,,,,,,,5.6,270,1152,4.8,270,1340,1.1,958,270,-4.2,54,1212,80.5,4.5,993.9,1026,510,1023.3,1347,1025,9.7,1.5,1100,.88,3.36,,,,,,3.5,3,-.2,-12.5,,,,,,,,,,,,,-{박무}-{박무}{강도0}0300-{박무}{강도0}0600-0740.{박무}2015-{박무}{강도0}2100-{박무}{강도0}2400,
135,추풍령,1993-12-13,3,-.9,2400,4.8,620,,,,,,,6.8,230,2128,5.7,250,1420,3.7,3180,250,-3.3,42,1722,62.5,4.9,995.3,1029.2,2333,1024.4,46,1026,9.7,0,1400,.41,1.71,,,,,,9.5,7,2.4,-4.4,,,,,,,,,,,,,-{박무}-0120.{박무}0710-{박무}{강도0}0900-1120.,
135,추풍령,1993-12-14,-3.7,-6.9,2400,-.9,0,,,,,,,11.8,250,2040,9.8,250,2020,6,5150,250,-14.3,28,1520,45,2.1,1001.2,1036,2300,1028.5,105,1032.8,9.7,7.7,1130,1.59,9.06,,,,,,1.3,.4,-1.9,-13.1,,,,,,,,,,,,,,
135,추풍령,1993-12-15,-5.7,-10.2,817,-.4,1531,,,,,,,16,250,253,7.7,250,250,5.2,4526,250,-15.8,30,1500,45.5,1.8,1004.1,1038,1010,1034.4,1408,1036,9.7,8.3,1145,1.6,9.43,,,,,,.5,0,-3.5,-15.5,,,,,,,,,,,,,,
135,추풍령,1993-12-16,-3.8,-10.9,740,1.9,1452,,,,,,,19.5,250,2245,9,250,2240,4.7,4033,250,-10.1,42,1310,61.5,3,1000,1036.4,247,1025.4,2129,1031.5,9.7,8.1,1145,1.6,9.31,,,,,,2,1.6,-1.4,-17.2,,,,,,,,,,,,,,
135,추풍령,1993-12-17,-5.5,-8,2220,0,0,.42,,,,,0,19.4,270,147,11.3,270,350,6.3,5432,250,-14.8,38,1453,48.3,2,1000.9,1035.5,2130,1026.7,0,1032.6,9.7,8.2,1145,1.58,9,,,,,,.8,1.6,-2.8,-14.7,,,,,,,,,,,,,{눈}0020-0045.,
135,추풍령,1993-12-18,-.2,-7.4,0,4.1,1352,,,,,,,10.5,250,1051,6.3,250,1230,3.3,2854,270,-5.5,45,0,67.8,4.1,1000,1034.9,0,1028.7,1553,1031.1,9.7,2.9,1030,1.3,5.27,,,,,,6.8,3.9,-.5,-9.6,,,,,,,,,,,,,{박무}2120-{박무}{강도0}2400,
135,추풍령,1993-12-19,-.3,-5.2,425,7.4,1450,,,,,,,5,140,1510,2.3,140,1500,.5,467,20,-4.4,44,1438,77.5,4.4,994.7,1029.5,0,1022.9,1446,1025.8,9.7,2.5,1200,1.18,4.75,,,,,,4.8,2,-.1,-12.4,,,,,,,,,,,,,-{박무}-{박무}{강도0}0300-0510.{박무}2213-{박무}{강도0}2400,
135,추풍령,1993-12-20,2.2,-4.2,400,9.7,1418,,,,,,,13.2,250,1252,8.3,250,1440,2.2,1924,250,-3.3,39,1255,71,4.8,992.5,1026.2,920,1020,2145,1023.1,9.7,5.6,1145,1.41,7.51,,,,,,4,2.3,.7,-11.5,,,,,,,,,,,,,-{박무}-{박무}{강도0}0300-{박무}{강도0}0600-0635.,
135,추풍령,1993-12-21,-4.4,-8.4,2400,4,0,3.75,,,,,.4,19,250,814,7.8,250,1600,5.6,4844,270,-9.8,53,538,66,3,994.3,1029,2003,1021.1,0,1025.8,9.7,3.4,1015,1.08,5.14,.2,1400,.2,1400,.2,4.5,3.1,-2.4,-13.3,,,,,,,,,,,,,{박무}0020-{박무}{강도0}0300-0524.{눈}1135-{눈}{강도0}1200-{눈}{강도0}1500-1520.,
135,추풍령,1993-12-22,-3.9,-9.1,222,.2,1455,7.92,,,,,1.4,24.6,250,1431,10.7,250,1450,6.9,5968,250,-8.2,58,2004,70.8,3.4,993.5,1028.6,0,1022,1435,1024.9,9.7,3.4,1230,1.58,6.08,3,725,3,725,3.2,6.8,5.5,-2.9,-14,,,,,,,,,,,,,{눈}0425-{눈}{강도0}0600-{눈}{강도0}0900-{눈}{강도0}1200-1220.,
135,추풍령,1993-12-23,-2.3,-5.9,303,1.3,1338,,,,,,,18.8,250,59,13.3,250,10,5.8,4986,250,-9.4,45,1104,57.5,3.1,995.5,1028.6,1025,1025,2303,1026.7,9.7,7.3,1145,1.57,8.04,,,,,,2.8,3.5,-2.7,-10.3,,,,,,,,,,,,,,
135,추풍령,1993-12-24,2.7,-2,510,6.4,1505,,,,,,,12.1,250,116,6.5,250,140,2.5,2174,250,-3.2,54,1506,65.5,4.9,992.3,1025,0,1020.9,1509,1022.8,9.7,3.2,1300,.79,3.17,,,,,,5.5,4.3,0,-9.1,,,,,,,,,,,,,,
135,추풍령,1993-12-25,3,-1.9,2400,10.8,1640,,,,,,,9.5,250,1140,5.7,250,1210,1.5,1290,250,-1.9,36,1559,73.5,5.3,991.5,1024,940,1018.9,2400,1022,9.7,7.3,1230,1.37,7.58,,,,,,1.3,.6,1.2,-12.6,,,,,,,,,,,,,{박무}2015-{박무}{강도0}2100-{박무}{강도0}2400,
135,추풍령,1993-12-26,3.1,-2.8,325,8.1,1255,1.87,,,,,.2,19.3,250,1345,9.7,230,1400,5.3,4622,250,-2.3,37,1313,71.3,5.3,985.6,1020.6,2400,1012.6,1458,1015.9,9.7,.8,1100,1,4.46,,,,,,3.3,2.9,.4,-10.6,,,,,,,,,,,,,-{박무}-{박무}{강도0}0300-{박무}{강도0}0600-{박무}{강도0}0900-{박무}{강도0}1200-{박무}{강도0}1500-1640.{박무}1920-{박무}{강도0}2100-{박무}{강도0}2400-{비}0734-0755.{소낙눈}1335-1350.{소낙눈}1631-1655.{눈}1948-2040.,
135,추풍령,1993-12-27,1.8,.3,850,4.8,1507,,,,,,,16.2,250,1050,9,250,1120,7.2,6204,270,-5.6,33,1705,57.8,4.1,994.2,1027.3,2240,1020.6,0,1025,9.7,7,1100,1.41,7.36,,,,,,5.5,3.1,1,-5.3,,,,,,,,,,,,,-{박무}-{박무}{강도0}0300-{박무}{강도0}0600-0740.,
135,추풍령,1993-12-28,.6,-4.3,2400,5,1504,,,,,,,14.4,250,210,9,250,240,4.6,3964,250,-9.2,27,1543,49.5,3.1,998.7,1031.6,946,1026.9,130,1029.7,9.7,8.4,1115,1.58,8.97,,,,,,0,0,.1,-14.4,,,,,,,,,,,,,,
135,추풍령,1993-12-29,-1.5,-8.9,740,9,1505,,,,,,,4.8,230,1615,3,230,1630,.6,536,140,-8.2,29,1450,65,3.3,999.3,1032.9,920,1027.5,1530,1030.6,9.7,8.3,1100,1.48,8.67,,,,,,0,0,-1.1,-16.2,,,,,,,,,,,,,,
135,추풍령,1993-12-30,1.3,-6.7,830,10.3,1558,1.42,,,,,1.4,9.9,270,2340,5,270,2310,.7,625,230,-3.1,48,1316,74.5,5,990.7,1028.6,0,1012.2,2312,1021.4,9.7,.6,1200,.82,3.38,,,,,,6.5,4.1,.5,-14.1,,,,,,,,,,,,,{비}2235-{비}{강도0}2400,
135,추풍령,1993-12-31,.1,-2.7,2400,7.1,0,3.7,,,,,4.2,15,250,810,7.7,250,820,4.8,4169,250,-3.6,64,1418,76.5,4.8,990.1,1026.3,2231,1012.7,0,1020.9,9.7,4,1100,1.31,5.1,,,,,,8.5,4.9,1.7,-8.6,,,,,,,,,,,,,-{비}-{비}{강도0}0300-0342.{박무}1640-{박무}{강도0}1800-{박무}{강도0}2100-{박무}{강도0}2400,
135,추풍령,1994-01-01,-2,-4.7,745,2,1512,,,,,,,13.2,250,1402,9.7,250,1410,3.8,3296,250,-7.8,35,1217,66,3.4,993.2,1026,0,1022.6,1605,1024.4,9.7,8.2,1145,1.33,7.47,,,,,,2.3,.9,-1.7,-10.7,,,,,,,,,,,,,-{박무}-{박무}{강도0}0300-0540.,
135,추풍령,1994-01-02,1.8,-4.2,356,9,1420,,,,,,,11.2,250,1633,6.7,250,1330,2.6,2270,250,-3.3,46,1436,71,4.9,991.3,1024.3,0,1018.9,1503,1022,9.7,5,1215,1.54,7.7,,,,,,7,6.6,1.3,-11.7,,,,,,,,,,,,,,
135,추풍령,1994-01-03,5.4,2.2,2400,9.6,1510,,,,,,,12,250,1203,6.7,250,1220,2.8,2435,250,-.1,40,1540,68.5,6.1,988.5,1021.3,2332,1015.8,1431,1018.6,9.7,6,1300,1.38,7.29,,,,,,4.8,3,4.2,-5.2,,,,,,,,,,,,,{박무}1923-{박무}{강도0}2100-{박무}{강도0}2400,
135,추풍령,1994-01-04,.1,-2.7,2400,3.1,1407,,,,,,,16.8,250,815,11.3,250,620,5.4,4652,250,-10.2,28,1352,46.5,2.9,992.5,1025.2,2400,1021.2,0,1023.3,9.7,8.3,1130,1.59,9.7,,,,,,0,0,-.2,-11.2,,,,,,,,,,,,,-{박무}-{박무}{강도0}0300-0520.,
135,추풍령,1994-01-05,.1,-4.6,740,6,1245,,,,,,,6.1,230,1352,4.3,230,1400,.9,819,250,-7.8,37,1533,56,3.4,992.6,1026.3,714,1019.7,1446,1023.4,9.8,7,1245,1.4,7.95,,,,,,6.8,3.3,.6,-9.3,,,,,,,,,,,,,,
135,추풍령,1994-01-06,3.2,-1.4,455,7.5,1505,.63,,,,,0,19,250,1420,9,250,1420,4.3,3736,250,-3.2,45,1655,63.5,4.8,990.4,1025.7,2400,1018.6,1435,1020.9,9.8,3,1330,1.17,5.24,,,,,,2.5,2.4,2.1,-10.3,,,,,,,,,,,,,{비}0942-1020.  {박무}1640-{박무}{강도0}1800-{박무}{강도0}2100-{박무}{강도0}2400-,
135,추풍령,1994-01-07,-3.1,-6.7,810,1.9,1600,,,,,,,15.7,290,130,8,290,150,3.5,3066,250,-14.2,26,1430,42.8,2.1,996.3,1031.3,1012,1025.1,1540,1027.7,9.8,8.8,1130,1.6,9.87,,,,,,0,0,-.7,-13.5,,,,,,,,,,,,,-{박무}-0125.,
135,추풍령,1994-01-08,-1,-9.6,702,7.2,1425,,,,,,,10.2,250,1632,6,250,1630,1.4,1180,250,-6.9,38,1207,65,3.8,989.8,1025.9,0,1016.6,1540,1020.7,9.8,7.8,1245,1.54,9.12,,,,,,1.3,2.3,-.3,-17.3,,,,,,,,,,,,,,
135,추풍령,1994-01-09,3.3,-1.3,2355,10.7,1522,,,,,,,8,230,1159,5.3,230,1200,.8,719,230,-1.7,44,1550,71.3,5.4,988.6,1022.4,2400,1017.3,356,1019,9.8,6.6,1300,1.35,7.25,,,,,,4.3,3.5,2.8,-9.8,,,,,,,,,,,,,{박무}1837-{박무}{강도0}2100-{박무}{강도0}2400-,
135,추풍령,1994-01-10,1.8,-3.9,758,11.6,1423,,,,,,,5.2,250,2005,2.2,110,1620,.4,350,140,-2.5,38,1410,77.5,5.1,991.1,1023.9,910,1018.9,1615,1021.8,9.8,6.6,1130,1.31,7.27,,,,,,1.8,.5,2,-11.4,,,,,,,,,,,,,-{박무}-{박무}{강도0}0300-{박무}{강도0}0600-{박무}{강도1}0900-{박무}{강도0}1200-1440.  {박무}2010-{박무}{강도0}2100-{박무}{강도0}2400-,
135,추풍령,1994-01-11,2.2,-2.7,813,7.8,1411,,,,,,,5.7,250,1242,5.3,250,1220,2,1732,250,-1.3,48,1504,79.3,5.6,991.7,1024.6,2400,1020.2,1500,1022.4,9.8,4.7,1230,1.35,6.89,,,,,,2.3,2.1,2.1,-10,,,,,,,,,,,,,-{박무}-{박무}{강도0}0300-{박무}{강도0}0600-{박무}{강도0}0900-{박무}{강도0}1200-1440.  {박무}1935-{박무}{강도0}2100-{박무}{강도0}2400-,
135,추풍령,1994-01-12,1.3,-2.1,653,7,1532,,,,,,,6.5,250,1502,5,250,1520,1.3,1102,270,-4.5,31,1455,70.3,4.5,991.9,1025,856,1019.8,1446,1022.7,9.9,4,1245,1.11,5.4,,,,,,6,2.8,1.6,-10.3,,,,,,,,,,,,,-{박무}-{박무}{강도0}0300-{박무}{강도0}0600-{박무}{강도0}0900-{박무}{강도0}1200-1315.  {박무}2008-{박무}{강도0}2100-{박무}{강도0}2400-,
135,추풍령,1994-01-13,1,-2.9,2400,5.8,1440,,,,,,,6.8,270,1912,5,250,350,2.9,2490,250,-4.5,42,1543,67.8,4.4,989.7,1022.4,0,1016.9,1510,1020.3,9.9,5.9,1145,1.35,6.74,,,,,,5.3,.4,1.3,-9.9,,,,,,,,,,,,,-{박무}-{박무}{강도0}0300-{박무}{강도0}0600-{박무}{강도0}0900-{박무}{강도0}1200-1250.,
135,추풍령,1994-01-14,-1.8,-5.9,2400,2.7,1502,,,,,,,12.2,250,531,9.3,250,630,4.5,3872,250,-11.1,28,1507,52,2.7,991.2,1024.4,2345,1020.8,0,1022.2,9.9,8.4,1300,1.6,10.01,,,,,,.5,.3,-1.1,-15.4,,,,,,,,,,,,,,
135,추풍령,1994-01-15,-1.8,-10.2,739,9.7,1509,,,,,,,4.4,140,1522,3,140,1530,.5,428,140,-10.9,23,1455,54.3,2.7,993.3,1026.4,958,1022.1,1430,1024.4,9.9,8.5,1230,1.43,8.77,,,,,,0,0,-1,-17.8,,,,,,,,,,,,,,
135,추풍령,1994-01-16,0,-7.3,640,8.7,1457,7.2,,,,,.7,4,140,1215,2.7,140,1210,.4,388,140,-4.7,39,1450,74.8,4.5,990.9,1025.2,0,1017.7,1455,1021.7,9.9,2.6,1300,1.16,5.02,,,,,,6.5,3.6,.4,-14.9,,,,,,,,,,,,,{비}1648-{비}{강도0}1800-{비}{강도0}2100-{비}{강도0}2400-,
135,추풍령,1994-01-17,2.2,-.4,2400,4,1506,14.08,,,,,10.6,8.6,250,1550,7.3,250,1520,2.6,2222,250,.5,66,2346,88.8,6.4,985,1020,2247,1013.4,1418,1015.4,10,0,1130,.16,.66,,,,,,9.5,4.9,2.4,-4.8,,,,,,,,,,,,,-{비}-{비}{강도0}0300-{비}{강도0}0600-0820.  {비}1240-{비}{강도0}1500-{비}{강도0}1800-1825.  {박무}1920-{박무}{강도0}2100-{박무}{강도0}2400-,
135,추풍령,1994-01-18,-5.1,-8.9,2400,-.4,0,,,,,,,19,250,1420,13.7,250,1430,7.7,6642,250,-14.4,33,1600,48.5,2.1,992.3,1028.4,2340,1019.3,0,1023.8,10,5.4,1300,1.48,6.72,,,,,,6,1.8,-3.3,-12.7,,,,,,,,,,,,,-{박무}-0020.  {채운}0825-0955.,
135,추풍령,1994-01-19,-7.8,-12.2,500,-3.4,1423,.3,,,,,0,17,270,46,11.7,270,120,6.7,5802,250,-16.8,33,1138,48,1.7,997.4,1032.1,1008,1026.7,1437,1029.3,10,8.2,1200,1.59,9.93,,,,,,0,0,-6.4,-15.7,,,,,,,,,,,,,{눈}0027-0045.,
135,추풍령,1994-01-20,-5.5,-9.2,823,-.8,1530,,,,,,,16.2,250,1305,9.7,250,1300,5.2,4518,250,-14.7,29,1517,49,2,992.4,1028,0,1020.3,2400,1023.9,10,8.2,1145,1.6,9.82,,,,,,1.8,.8,-4.4,-14.5,,,,,,,,,,,,,,
135,추풍령,1994-01-21,-5.6,-8.5,250,-1.1,1509,1.72,,,,,0,13.2,250,1131,8.3,250,1140,4.7,4062,250,-12.9,32,1420,59,2.3,987.3,1020.3,0,1016.6,1547,1018.7,10.1,8.4,1200,1.59,9.83,,,,,,1.5,2.3,-4.6,-13.7,,,,,,,,,,,,,{눈}0535-{눈}{강도0}0600-0718.,
135,추풍령,1994-01-22,-3,-6.3,2400,.1,1207,9.47,,,,,2.3,14.8,250,1410,9.7,250,1430,4.3,3750,250,-6.3,56,1210,78,3.8,986.8,1021,2300,1015.8,1420,1017.9,10.1,4.9,1030,1.6,7.39,4,448,4,448,7.1,7.5,4.8,-.9,-9.4,,,,,,,,,,,,,{눈}0212-{눈}{강도0}0300-0453.  {눈}1418-{눈}{강도0}1500-1740.  {눈}1815-{눈}{강도0}2100-2140.,
135,추풍령,1994-01-23,-7.3,-9.8,2400,-3.9,636,4.3,,,,,2.5,18.1,250,1156,12,250,1350,5.1,4369,250,-13.1,35,1630,67,2.3,991.6,1028.9,2236,1018.2,530,1023.4,10.1,8,1115,1.82,10.83,2.5,908,5.4,908,3.8,4.8,3.3,-1.1,-18.5,,,,,,,,,,,,,{눈}0507-{눈}{강도0}0600-{눈}{강도1}0900-0925.,
135,추풍령,1994-01-24,-6.5,-12.6,623,0,1552,,,,,,,10.3,250,1050,7,250,1100,2.6,2255,250,-12.5,47,1620,62,2.4,994,1029.1,304,1021.9,1809,1025.9,10.1,8.9,1115,1.64,10.45,,,.2,0,,1.3,1,-3,-21,,,,,,,,,,,,,,
135,추풍령,1994-01-25,-2.8,-9.7,700,6.6,1544,,,,,,,5.8,270,1305,4.7,250,1450,.8,716,20,-6.3,49,1508,80.3,3.9,989.4,1022.7,0,1017.5,1505,1020.5,10.2,4.6,1100,1.64,7.79,,,,,,3.5,1.9,-1,-15.9,,,,,,,,,,,,,,
135,추풍령,1994-01-26,-.9,-5,320,5.4,1238,1.5,,,,,0,11.2,250,2306,8.7,270,2200,2.5,2136,250,-5.1,44,1917,75.3,4.3,990.1,1026.1,2400,1018.4,1352,1021.1,10.2,2.5,1100,1,4.67,0,,0,,,5,3,-.5,-13.1,,,,,,,,,,,,,{눈}1548-1718.,
135,추풍령,1994-01-27,-3.9,-7.8,805,1.5,1535,,,,,,,14.9,250,320,10.3,250,330,4.4,3767,250,-14.5,25,1634,46.5,2,995.4,1029.5,1009,1024.6,2400,1026.8,10.2,9,1100,1.7,10.22,,,,,,.5,0,-3.1,-15.9,,,,,,,,,,,,,,
135,추풍령,1994-01-28,-4,-9.4,640,2.8,1510,,,,,,,12.7,250,1547,10.7,250,1530,3.7,3154,250,-11.5,30,1500,59.8,2.6,989.6,1024.6,0,1016.7,1450,1020.9,10.3,6.7,1115,1.76,9.9,,,,,,3.3,1.1,-3.4,-16.3,,,,,,,,,,,,,,
135,추풍령,1994-01-29,-2.5,-5.4,832,.8,1414,,,,,,,11,250,1115,8,250,1150,4.5,3852,250,-9,46,1503,62,3.1,993.8,1029.2,2400,1022.3,0,1025,10.3,7.8,1100,1.69,9.44,,,,,,3.3,1.9,-2.1,-11.8,,,,,,,,,,,,,,
135,추풍령,1994-01-30,-3.4,-10.6,750,3.8,1513,,,,,,,4.8,250,155,3.3,250,150,.8,733,20,-9.3,36,1534,66.8,3,998.3,1031.7,906,1027.6,1805,1029.7,10.3,6.7,1030,1.56,9.21,,,,,,3.8,4.6,-1.9,-18.4,,,,,,,,,,,,,,
135,추풍령,1994-01-31,-.1,-3.2,202,4,1450,9.25,,,,,1.4,2.6,20,1150,1.5,20,610,.3,276,20,-4.7,53,1525,71.3,4.4,994.4,1028.8,200,1020.3,2400,1025.4,10.3,0,1200,.91,3.87,1,2320,1,2320,1.5,10,4.4,.3,-11.6,,,,,,,,,,,,,{눈}0835-{눈}{강도0}0900-1108.  {눈}1718-{눈}{강도0}1800-{진눈깨비}1820-{눈}2035-{눈}{강도0}2100-{진눈깨비}2320- {눈}2345-{눈}{강도0}2400-,
135,추풍령,1994-02-01,.2,-3.2,2400,2.9,1614,4.83,,,,,1.5,15.9,250,1330,13.7,250,1340,5.1,4425,250,-4,50,1854,74,4.7,988.1,1022.1,2350,1017.4,1501,1018.8,10.4,3.2,1130,1.41,5.38,3.1,435,4,435,3.4,6.3,3.5,.2,-7.7,,,,,,,,,,,,0,-{진눈깨비}-{눈}0140-{눈}{강도0}0300-0450.,
135,추풍령,1994-02-02,-2.9,-6.2,750,.8,1520,3.62,,,,,0,17.6,250,725,12.7,250,740,6.7,5829,250,-10.8,32,1455,56.3,2.7,990.8,1023.9,1050,1020.3,1648,1022,10.4,8.6,1145,1.83,10.92,,,,,,3,2.6,-1.5,-9.3,,,,,,,,,,,,0,{눈}0303-0435.  {눈}0715-{눈}{강도0}0900-0920.,
135,추풍령,1994-02-03,.3,-2.4,810,4.4,1610,,,,,,,15.3,250,1110,10.7,250,1150,5.4,4646,250,-10.7,27,1740,45.3,2.8,990.9,1024.4,2400,1020.3,40,1021.8,10.4,8.8,1130,1.85,11.68,,,,,,0,.6,-.3,-8.2,,,,,,,,,,,,,,
135,추풍령,1994-02-04,-.9,-3.2,602,2.2,1529,,,,,,,8.9,250,220,8,250,230,4.1,3574,250,-8.6,41,1438,56.8,3.2,990.8,1024.4,0,1019.4,1650,1021.7,10.5,0,1405,.92,3.87,,,,,,9.5,5.3,-.3,-7.2,,,,,,,,,,,,,,
135,추풍령,1994-02-05,.7,-3.7,600,5.8,1522,,,,,,,12.1,250,1208,8.3,250,1220,4.1,3516,250,-4.6,49,1544,67.8,4.4,989.6,1022.2,953,1018.1,1515,1020.3,10.5,5,1145,1.77,9.05,,,,,,3,2,.8,-10.7,,,,,,,,,,,,,{박무}2120-{박무}{강도0}2400-,
135,추풍령,1994-02-06,2.3,-1.6,450,6.6,1438,,,,,,,10.3,250,1450,9.3,250,1440,3.9,3384,250,-2.3,54,1510,72.8,5.2,988.1,1021.1,50,1015.8,1520,1018.5,10.5,3.6,1200,1.46,7.35,,,,,,6,4.9,1,-8.3,,,,,,,,,,,,,-{박무}-{박무}{강도0}0300-{박무}{강도0}0600-{박무}{강도0}0900-{박무}{강도0}1200-{박무}{강도0}1500-{박무}{강도0}1800-{박무}{강도0}2100-{박무} {강도0}2400-,
135,추풍령,1994-02-07,3.3,-1.4,2400,9.2,1517,,,,,,,16.7,250,1331,13,250,1340,4.9,4198,250,-3.7,28,1603,63,4.7,985.4,1018,1058,1013.7,2322,1015.7,10.6,7.8,1300,1.63,10.51,,,,,,2.5,1.8,2.1,-9.7,,,,,,,,,,,,,-{박무}-{박무}{강도0}0300-{박무}{강도0}0600-{박무}{강도0}0900-{박무}{강도0}1200-1425.  {박무}2240-{박무}{강도0}2400-,
135,추풍령,1994-02-08,1,-3.9,448,6.7,1524,4.48,,,,,.3,9.1,250,2227,6.5,250,2220,1.5,1318,250,-2.2,53,1218,80,5.3,975.5,1013.8,0,999.7,2027,1005.7,10.6,0,930,.55,3.4,,,,,,7.5,4.1,-.1,-11.6,,,,,,,,,,,,1.2,-{박무}-{박무}{강도0}0300-0420.  {박무}1105-{박무}{강도0}1200-{박무}{강도0}1500-{박무}{강도0}1800-{박무}{강도0}2100-{박무}{강도0}2400-  {비}1526-1548.  {비}1908-{비}{강도0}2100-2315.,
135,추풍령,1994-02-09,-3.9,-7.4,2400,2.3,0,19.42,,,,,1.2,23,250,1038,13.7,250,1040,7.8,6710,250,-6.6,55,2021,82,3.9,977,1018.6,2400,999.8,0,1007.8,10.6,0,1200,1.09,4.91,3.5,825,3.5,825,2.5,8.3,5.1,.3,-10.3,,,,,,,,,,,,.3,{눈}0018-{눈}{강도0}0300-{눈}{강도0}0600-{눈}{강도0}0900-{눈}{강도0}1200-{눈}{강도0}1500-{눈}{강도0}1800-1925.  {눈}2335-{눈}{강도0}2400-  -{박무}-{박무}{강도0}0300-{박무}{강도0}0600-{박무}{강도0}0900-1050.,
135,추풍령,1994-02-10,-5.2,-9.3,558,.7,1607,5.08,,,,,0,17.4,250,939,13.3,250,940,5.7,4892,250,-14.5,24,1755,50.8,2,991.4,1024.4,2311,1018.6,0,1022.9,10.7,9.1,1200,1.91,12.33,0,,.5,0,0,2,.6,-1.1,-13.3,,,,,,,,,,,,,-{눈}-{눈}{강도0}0300-0505.,
135,추풍령,1994-02-11,-4.1,-6.9,620,-1.6,1300,9.58,,,,,9.8,6.2,70,1427,4,90,1420,1.9,1636,70,-8.5,44,1326,72.5,3.4,989.1,1023.5,0,1014.9,2330,1020.4,10.7,0,1200,.39,2.16,7,2400,15.4,2400,16.2,7.5,4.6,-1.6,-14.1,,,,,,,,,,,,12.7,{눈}1425-{눈}{강도0}1500-{눈}{강도0}1800-{눈}{강도0}2100-{눈}{강도1}2400-,
135,추풍령,1994-02-12,-.4,-3.1,2400,2.7,1410,6.25,,,,,2.9,12.8,250,1404,11,250,1420,3.7,3220,250,-4.7,45,1848,74.5,4.4,987.3,1022.4,2400,1015,0,1018.1,10.7,4.1,1300,2.09,11.01,6,640,19.8,640,6.1,6.8,3.9,0,-8.3,,,,,,,,,,,,,-{눈}-0240.  {눈}0405-{눈}{강도0}0600-0740.,
135,추풍령,1994-02-13,-1.2,-5.6,727,3.9,1523,,,,,,,20,270,2014,14.7,270,2010,7.5,6437,270,-11.5,29,1515,46,2.6,993.4,1026.7,1005,1022.2,1458,1024.4,10.8,9.1,1200,2.08,13.59,,,4.7,0,,0,0,-1.1,-10.3,,,,,,,,,,,,,{폭풍}2010-2045.,
135,추풍령,1994-02-14,1,-4.9,544,9.4,1638,,,,,,,13.1,250,50,7.3,250,40,3.7,3207,250,-11.5,20,1630,40,2.6,992.3,1025.8,302,1019.3,2400,1023,10.8,8.6,1130,2.11,13.21,,,3.3,0,,3.5,2,0,-10.8,,,,,,,,,,,,,,
135,추풍령,1994-02-15,3,.1,630,5.8,1145,,,,,,,9.1,250,2350,7.7,250,2340,3.8,3258,250,-8.1,33,1218,43.5,3.3,986.5,1019.3,0,1014.2,1325,1016.9,10.9,1.5,1045,1.46,5.82,,,,,,9,7.1,.6,-5.3,,,,,,,,,,,,,,
135,추풍령,1994-02-16,2.6,-2.2,730,8.3,1514,,,,,,,11.1,250,1425,9.3,250,1430,4.5,3860,250,-4.3,37,1542,61.5,4.5,989.1,1023.5,2400,1017.8,1504,1019.6,10.9,8.4,1315,2.01,13.17,,,,,,1.3,1,2.8,-7.4,,,,,,,,,,,,,{박무}2310-{박무}{강도0}2400-,
135,추풍령,1994-02-17,2,-5.3,743,11.8,1449,,,,,,,5.5,270,45,4.7,270,50,.9,791,270,-4.8,24,1511,68,4.3,993.7,1026.7,909,1022.3,1508,1024.4,10.9,8.8,1330,1.89,12.2,,,,,,.8,0,4,-12.7,,,,,,,,,,,,,-{박무}-{박무}{강도0}0300-{박무}{강도0}0600-{박무}{강도0}0900-{박무}{강도0}1200-1340.  {박무}2115-{박무}{강도0}2400-,
135,추풍령,1994-02-18,2.7,-3.8,750,12.9,1557,,,,,,,8.4,230,1315,6.7,230,1330,1.3,1100,270,-2.8,38,1555,69.3,5,992.2,1025.3,140,1018.8,1553,1022.8,11,6.9,1300,2.06,12.69,,,,,,3.5,1.5,3,-10.7,,,,,,,,,,,,,-{박무}-{박무}{강도0}0300-{박무}{강도0}0600-0827.,
135,추풍령,1994-02-19,3.9,-2.8,717,12.8,1406,,,,,,,6,230,1235,4.2,230,1300,.9,742,200,-1.6,33,1645,72.3,5.4,989.4,1022.4,0,1016.5,1503,1019.7,11,7.6,1215,2.07,12.23,,,,,,4.3,1.1,4.1,-10.4,,,,,,,,,,,,,,
135,추풍령,1994-02-20,4.2,-3.6,747,12.8,1502,,,,,,,15,250,2322,11.7,250,2330,2.3,1950,250,-2.4,32,1511,67.3,5.1,980.9,1017.9,0,1004.7,2055,1010.9,11,7,1200,1.59,9.98,,,,,,7,2,4.6,-12.1,,,,,,,,,,,,,{햇무리}1130-1540.  {박무}2013-{박무}{강도0}2100-{박무}{강도0}2400-,
135,추풍령,1994-02-21,1.4,-2.2,2400,4.4,1435,,,,,,,19.6,250,1530,16.7,270,2320,7.1,6100,270,-10.2,21,1547,44.3,3,977.5,1013.7,2255,1005.2,210,1007.9,11.1,9.1,1230,2.2,14.85,,,,,,.8,.8,3,-7,,,,,,,,,,,,,-{박무}-{박무}{강도0}0300-{박무}{강도0}0600-0645.  {폭풍}2310-2350.,
135,추풍령,1994-02-22,.2,-4.6,651,5.6,1603,,,,,,,19.2,270,27,16.7,270,10,5,4328,250,-9.9,31,1452,47,2.9,983.8,1016.2,929,1011.7,1506,1014.4,11.1,5.6,1130,1.66,10.64,,,,,,6.5,2,1.9,-10.5,,,,,,,,,,,,0,{햇무리}1120-1530.  {폭풍}0000-0040.,
135,추풍령,1994-02-23,1.6,-2.5,2400,5.9,1503,.55,,,,,0,11.3,250,1325,8.3,250,1320,4.6,4015,250,-6.2,32,1500,58,3.9,989.9,1024,2400,1015.7,0,1020.5,11.1,7.8,1215,2.2,13.56,,,,,,6.3,1.6,4.1,-8.7,,,,,,,,,,,,,{눈}0235-{눈}{강도0}0300-0308.,
135,추풍령,1994-02-24,-.4,-6.1,745,8.6,1445,,,,,,,6.2,50,1028,4.3,50,1020,1.5,1286,110,-9,23,1700,56,3.1,993.8,1027,908,1022.7,1705,1024.8,11.2,8.5,1200,2.13,14.58,,,,,,2,.4,2.6,-11.3,,,,,,,,,,,,,,
135,추풍령,1994-02-25,.6,-4.5,555,8,1630,,,,,,,6.3,70,1004,4.2,90,1040,1,821,360,-7,36,1421,58.5,3.6,995.8,1028.6,842,1023.9,1507,1026.7,11.2,6.8,1045,1.93,12.32,,,,,,7,0,3.5,-13.1,,,,,,,,,,,,,{달무리}0150-0410.  {햇무리}1040-1525.,
135,추풍령,1994-02-26,.6,-6.8,710,9.1,1455,,,,,,,6,50,1025,4.3,50,1040,.9,807,360,-6.1,32,1505,63.8,3.9,996.9,1029.5,2400,1025.5,1457,1027.8,11.3,8.9,1315,2.2,14.57,,,,,,.5,0,4.4,-15.1,,,,,,,,,,,,,,
135,추풍령,1994-02-27,2.4,-4.8,710,10.1,1525,,,,,,,5,50,1728,2.7,50,1730,.7,598,50,-3.7,36,1523,66.5,4.7,997.3,1030.6,850,1025.1,1448,1028.1,11.3,7.8,1215,2.13,12.87,,,,,,6.5,2.5,5.8,-13.5,,,,,,,,,,,,,{달무리}0215-0323.  {달무리}2330-,
135,추풍령,1994-02-28,2.8,-2.8,2400,7.3,1425,,,,,,,19.9,270,2322,17.3,270,2330,5.7,4942,250,-5.4,40,1614,55.3,4.2,994.4,1026.7,0,1022.2,1647,1025,11.3,7.2,1245,2.18,13.56,,,,,,3.3,2.5,4.7,-7.1,,,,,,,,,,,,,-{달무리}-0120.  {폭풍}2210-,
135,추풍령,1994-03-01,-1.3,-6.5,736,4.4,1558,,,,,,,16.3,250,15,14.3,250,20,5.4,4630,250,-10.9,27,1708,51,2.7,995.5,1028.9,845,1024.2,1508,1026.6,11.4,9.7,1245,2.19,14.66,,,,,,2.5,1.1,2.8,-14,,,,,,,,,,,,,-{폭풍}-0020.,
135,추풍령,1994-03-02,1.4,-5.1,740,7.8,1525,,,,,,,12.7,250,1540,9.7,250,1550,3.8,3290,250,-7.4,27,1530,54,3.5,993.8,1026.9,0,1021.3,1720,1024.6,11.4,8.9,1215,2.24,14.75,,,,,,.8,.4,4.3,-11.3,,,,,,,,,,,,,,
135,추풍령,1994-03-03,2.6,-.6,228,7.6,1504,2.12,,,,,1.3,8.9,270,1912,7.7,270,1920,2.7,2346,250,-1.9,46,1502,74,5.4,990.4,1023.4,0,1017.7,1724,1021,11.4,0,1145,1.29,6.58,,,,,,9.3,4.6,4,-9,,,,,,,,,,,,1.3,{비}1908-{진눈깨비}1920-{눈}1931-{눈}{강도0}2100-2115.  {박무}1920-{박무}{강도0}2100-{박무}{강도0}2400-,
135,추풍령,1994-03-04,3.6,1.2,2400,7.6,1531,5.67,,,,,6.8,7.2,250,1716,6.3,250,1720,1.8,1558,250,.7,57,1513,82.3,6.4,988.3,1020.4,1005,1016.7,2400,1018.6,11.5,0,1245,.85,3.96,,,,,,10,5.5,4.8,-2.6,,,,,,,,,,,,12.1,-{박무}-{박무}{강도0}0300-{박무}{강도0}0600-{박무}{강도0}0900-{박무}{강도0}1200-{박무}{강도0}1500-{박무}{강도0}1800-{박무}{강도0}2100-{박무} {강도0}2400-  {비}1330-1415.  {비}1715-{비}{강도0}1800-1855.  {비}2045-{비}{강도0}2100-{비}{강도0}2400-,
135,추풍령,1994-03-05,2.7,-1.3,2400,8.1,1550,3.23,,,,,5.3,9.1,250,1610,8.3,250,1620,1.9,1664,250,-1.1,39,1650,78.8,5.7,990.3,1026.9,2400,1015.2,40,1020.8,11.5,5.5,1215,2.41,11.41,2.1,247,2.1,247,2.1,5.5,3.6,4.4,-10.1,,,,,,,,,,,,,-{비}-{진눈깨비}0113-{진눈깨비}{강도0}0300-{눈}0310-0314.  -{박무}-{박무}{강도0}0300-{박무}{강도0}0600-{박무}{강도0}0900-1120.  {박무}2140-{박무}{강도0}2400-,
135,추풍령,1994-03-06,5.2,-3,306,14.1,1530,,,,,,,9.7,70,1254,5.7,70,1300,1.9,1617,70,-.8,43,1506,67.5,5.8,994,1028,855,1020.3,1554,1024.3,11.6,6.8,1215,2.01,11.85,,,,,,6.8,2.8,5.7,-10.8,,,,,,,,,,,,3.4,-{박무}-{박무}{강도0}0300-{박무}{강도0}0600-{박무}{강도0}0900-{박무}{강도0}1200-12155.  {박무}1935-{박무}{강도0}2100-{박무}{강도0}2400-  {햇무리}0840-0940.  {햇무리}1530-1615.,
135,추풍령,1994-03-07,6.6,4.7,950,8.2,2250,16.95,,,,,16.8,9.7,50,1357,6.5,50,1410,3,2554,50,5.1,70,4,90.3,8.9,986.9,1021.5,0,1013.4,1624,1016.9,11.6,0,1330,.17,.68,,,,,,10,5.6,5.9,1.5,,,,,,,,,,,,13.5,{비}0703-{비}{강도0}0900-{비}{강도0}1200-{비}{강도0}1500-{비}{강도0}1800-{비}{강도0}2100-{비}{강도0}2400-  -{박무}-{박무} {강도0}0300-{박무}{강도0}0600-{박무}{강도0}0900-{박무}{강도0}1200-{박무}{강도0}1500-{박무}{강도0}1800-{박무}{강도0}2100-{박무}{강도0}2400-,
135,추풍령,1994-03-08,8.1,3.3,2400,11.4,1710,6.3,,,,,.3,13.2,250,1445,10.3,250,1840,3.2,2732,250,3.1,32,2050,74.3,8.2,985,1019.9,2352,1011.4,350,1014.7,11.6,1.8,1015,1.02,4.52,,,,,,7.8,4.3,7.4,-2,,,,,,,,,,,,.2,-{비}-0248.  {비}0805-{비}{강도0}0900-0945.  {비}1140-{비}{강도0}1200-1330.  -{박무}-{박무}{강도0}0300-{박무}{강도0}0600-{시정(미만)}{1km}{안개}0705-{시정(미만)}{0.5km}{안개}0715-{시정(미만)}{0.2km}{안개}0722-{시정(이상)} {0.2km}{안개}0740-{시정(이상)}{0.5km}{안개}0809-{시정(이상)}{1km} {박무}0820-{박무}{강도1}0900-{박무}{강도0}1200-1243.,1.07
135,추풍령,1994-03-09,.1,-3.6,2400,3.7,1533,,,,,,,17.3,250,1350,12.7,250,1340,5.8,4970,250,-10.9,26,1640,43.5,2.7,989.8,1022.8,958,1018.5,1600,1020.6,11.7,3,1200,1.77,8.76,,,,,,5.5,3.5,1,-9.3,,,,,,,,,,,,,,
135,추풍령,1994-03-10,-1.9,-6,720,3,1513,,,,,,,16.2,250,1410,13.7,250,1550,5.8,4988,250,-13.2,25,1554,41.5,2.2,991.6,1024.4,1000,1021.2,1550,1022.8,11.7,9.7,1200,2.57,16.69,,,,,,0,0,.4,-10.8,,,,,,,,,,,,,,
135,추풍령,1994-03-11,1.8,-3.1,724,6.4,1625,,,,,,,8.6,250,329,7.7,250,330,2.9,2464,250,-6,39,1408,56.8,3.9,991.7,1024.5,1018,1019.8,1815,1022.3,11.8,5.7,1300,2.37,13.03,,,,,,5.5,4.8,3.2,-10.1,,,,,,,,,,,,6.2,,
135,추풍령,1994-03-12,2.2,-.2,2400,7.1,1631,6.17,,,,,6.2,11.5,250,1622,7,250,1620,3.3,2831,250,-2.9,31,1720,72.3,5.1,988.9,1021.5,250,1016.1,1655,1019.4,11.8,3.9,1300,1.46,6.77,3.2,524,4,820,4.1,6.5,3.8,2.8,-5.6,,,,,,,,,,,,,{비}0230-{진눈깨비}0245-{진눈깨비}{강도0}0300-{눈}0327-{눈}{강도1}0600-0840.  {박무}0810-{박무}{강도0}0900-{박무}{강도0}1200-{박무}{강도0}1500-1640.,
135,추풍령,1994-03-13,.2,-2.8,2400,5.6,1535,,,,,,,17.8,250,1340,14.3,250,1330,5.7,4898,250,-10.5,29,1516,45,2.8,990.7,1023.4,827,1018.5,1606,1021.6,11.8,8,1200,2.22,15.09,,,,,,4,2.5,2.3,-8.8,,,,,,,,,,,,,{폭풍}1330-1345.,
135,추풍령,1994-03-14,-.2,-4.3,720,4.6,1540,,,,,,,15.8,230,1345,11.3,230,1410,5.1,4382,230,-9.8,29,1651,49.5,2.9,991.4,1023.4,1130,1020,1620,1022.3,11.9,8,1300,2.32,15.83,,,,,,1.5,1.6,1.6,-9.7,,,,,,,,,,,,,,
135,추풍령,1994-03-15,2.3,-1,427,7.9,1623,,,,,,,13.6,200,1509,11.7,230,1550,4,3425,230,-7.3,32,1614,49.8,3.6,993.4,1026.3,2300,1022,329,1024,11.9,9.8,1200,2.47,16.06,,,,,,.5,1,3.7,-8.7,,,,,,,,,,,,,,
135,추풍령,1994-03-16,2.8,-3.4,747,9.2,1420,,,,,,,16.7,230,1550,12.3,200,1420,4.7,4104,230,-4.8,33,1332,58.3,4.3,990.9,1025,0,1018.1,1526,1021.4,12,7.1,1200,2.48,14.72,,,,,,2,.5,4.3,-11.7,,,,,,,,,,,,,,
135,추풍령,1994-03-17,5,-1.6,708,11.5,1535,,,,,,,12.1,230,45,9.7,230,410,4.6,3992,230,-6.6,22,1635,47.3,3.9,990.9,1023.5,930,1018.9,1550,1021.1,12,10,1200,2.34,14.89,,,,,,2.8,0,6.6,-8.4,,,,,,,,,,,,,,
135,추풍령,1994-03-18,5.4,-3.5,708,13.2,1527,,,,,,,11,230,1350,7.7,230,1410,3.1,2694,230,-8.4,20,1520,36.5,3.3,988.7,1021.5,255,1015.3,1630,1018.8,12,10.3,1145,2.49,17.79,,,,,,1,0,7,-13.2,,,,,,,,,,,,,{박무}2235-{박무}{강도0}2400-,
135,추풍령,1994-03-19,5.6,-1.8,438,14.2,1615,,,,,,,10.9,230,1250,8.5,230,1450,3,2558,230,-5.4,24,1528,43,4.1,990.1,1022.7,1002,1017.5,1700,1020.3,12.1,9.4,1130,2.24,15.3,,,,,,3.3,0,7.6,-11.7,,,,,,,,,,,,,-{박무}-0230.,
135,추풍령,1994-03-20,5.8,1,410,13.6,1535,,,,,,,11.8,20,2015,7.7,20,2010,2.5,2155,20,-1,38,1613,64.5,5.7,993.1,1027.4,2330,1020.2,1525,1023.3,12.1,4,1200,2.08,12.18,,,,,,4.5,1.5,8.2,-7.4,,,,,,,,,,,,,,
135,추풍령,1994-03-21,4.8,-.9,650,10.9,1605,,,,,,,8.3,90,1550,6.3,20,1920,2.6,2239,50,-1.6,43,1520,64.8,5.4,996.2,1029.2,902,1024.1,1513,1026.7,12.1,0,1100,1.45,9.83,,,,,,7,6,7.5,-8.9,,,,,,,,,,,,,{햇무리}1030-1138.,
135,추풍령,1994-03-22,5.4,2.9,508,7.5,1534,4.1,,,,,.2,7.2,50,848,5,50,850,1.6,1391,50,2.3,64,1100,80.5,7.4,991.9,1025.9,0,1019.3,2400,1022.1,12.2,0,1430,.68,2.78,,,,,,10,4.8,7,-.7,,,,,,,,,,,,.2,{비}1145-{비}{강도0}1200-1437.{비}1606-1720.{박무}2045-{박무}{강도0}2100-{박무}{강도0}2400,
135,추풍령,1994-03-23,4.9,2,2400,7.9,1510,,,,,,,19.1,250,1116,9.7,250,1140,5.5,4785,250,-5.9,30,1420,46.3,4.1,987.7,1019.7,900,1016.1,1822,1017.9,12.2,9.4,1315,2.56,16.76,,,,,,3.5,2.1,7.5,-4.1,,,,,,,,,,,,,-{박무}-{박무}{강도0}0300-{박무}{강도0}0600-0735.,
135,추풍령,1994-03-24,-.1,-3.3,605,2,1623,5.4,,,,,1.4,18.4,250,1556,15.3,250,2200,5.3,4562,250,-6,47,0,64.8,4,982.1,1017.3,0,1010.3,905,1012.7,12.3,.8,1345,1.56,6.95,1.9,1147,1.9,1147,1.7,7,4.5,1.8,-11.1,,,,,,,,,,,,1.4,{눈}0913-{눈}{강도0}1200-1250.{눈}1545-1615.{눈}1640-1650.{눈}2108-2215.{폭풍}2110-2210.{폭풍}2310-2340.,
135,추풍령,1994-03-25,-.7,-3.1,607,3.3,1351,6.08,,,,,.9,16,250,1120,11.7,250,1130,5.3,4619,230,-7.4,39,1135,58.5,3.5,990,1025.2,2400,1016.8,0,1020.9,12.3,5.5,1030,1.47,9.74,.6,1748,.6,1748,.5,2.5,2.6,1.4,-9.1,,,,,,,,,,,,.9,{눈}1220-{눈}{강도0}1500-{눈}{강도0}1800-1825.,
135,추풍령,1994-03-26,.9,-2.6,700,5.3,1558,2.42,,,,,0,12.8,250,1524,10.3,230,1550,4.1,3503,230,-6.2,44,1350,59.5,3.9,996.2,1030.7,2400,1025.2,0,1027.1,12.3,3,1245,1.98,10.43,,,.4,0,,5.5,4.6,2.6,-9.8,,,,,,,,,,,,0,{눈}0930-1050.  {눈}1425-{눈}{강도0}1500-1530.,
135,추풍령,1994-03-27,4.4,-1.6,628,10.8,1514,,,,,,,19,250,1338,12.7,250,1430,5.9,5073,250,-6,27,1310,49,3.9,997.8,1031.3,258,1024.9,1806,1028.4,12.4,10.1,1230,2.45,17.42,,,,,,0,.1,5.4,-7.4,,,,,,,,,,,,,{달무리}2245-2340.,
135,추풍령,1994-03-28,6.3,1.6,407,10.8,1312,.17,,,,,0,14.3,250,612,8,250,650,6.3,5404,230,-.8,39,632,60.8,6,991.5,1025.3,0,1018.9,1850,1021.5,12.4,.7,1215,1.65,6.5,,,,,,7.8,4.9,5.4,-2.6,,,,,,,,,,,,0,{비}1235-1245.,
135,추풍령,1994-03-29,8.4,1.4,653,16.6,1450,,,,,,,11.5,250,38,8,250,110,2.7,2342,250,.1,29,1635,59,6.2,993.5,1025.7,905,1020.9,1640,1023.4,12.5,7.4,1230,2.42,13.24,,,,,,5.5,2.8,10.6,-4.8,,,,,,,,,,,,,{박무}0615-{박무}{강도0}0900-1038.,
135,추풍령,1994-03-30,7.8,-1.6,625,15.2,1539,,,,,,,12.5,230,2150,8.3,230,2200,3.4,2966,230,-3.2,21,1439,50.8,4.9,992.5,1025.3,600,1018.5,1737,1022.5,12.5,10.8,1200,2.67,18.47,,,,,,0,0,10.4,-9.5,,,,,,,,,,,,,{박무}0440-{박무}{강도0}0600-{박무}{강도0}0900-0940.  {박무}2340-{박무}{강도0}2400-,
135,추풍령,1994-03-31,10.7,3.3,550,20.5,1556,,,,,,,12.2,250,125,9.7,250,10,2.8,2446,230,-2.1,25,1547,40.8,5.3,991.2,1023,950,1017.5,1550,1020.7,12.5,10.6,1215,2.39,16.88,,,,,,2.3,0,13.2,-3,,,,,,,,,,,,,-{박무}-0135.,
135,추풍령,1994-04-01,10.4,5,730,17.5,1640,,,,,,,12.2,230,2235,10,230,2340,2.7,2294,230,1.9,35,1723,56.5,7,986.3,1020.4,0,1010.3,1830,1015.8,12.6,2.4,1430,1.19,7.37,,,,,,7,4.3,11.4,-1,,,,,,,,,,,,,{박무}0340-{박무}{강도0}0600-{박무}{강도0}0900-1120.,
135,추풍령,1994-04-02,13.2,7.9,312,19.5,1358,,,,,,,18.7,250,1538,15.7,250,1540,7.8,6770,250,4,39,1342,53.8,8.4,983.6,1015.2,2310,1010,1450,1012.7,12.6,10.4,1200,2.19,15.38,,,,,,0,0,14.2,3.2,,,,,,,,,,,,,{박무}1925-{박무}{강도0}2100-{박무}{강도0}2400-,
135,추풍령,1994-04-03,14.5,6.3,725,24,1414,,,,,,,11.3,230,252,6.7,230,320,1.9,1654,230,5.5,24,1640,60.5,9.1,987.7,1019,705,1014.5,1513,1016.8,12.7,9.4,1200,2.48,15.72,,,,,,4.5,2.5,16.1,0,,,,,,,,,,,,,-{박무}-{박무}{강도0}0300-{박무}{강도0}0600-{박무}{강도0}0900-1010.,
135,추풍령,1994-04-04,15.5,5.7,720,24.9,1532,,,,,,,9.7,230,1346,8,230,1350,1.7,1432,230,4.1,25,1622,48.5,8.2,988,1019.7,810,1013,1650,1017,12.7,9,1230,2.65,16.96,,,,,,1.3,0,17.4,-.9,,,,,,,,,,,,,,
135,추풍령,1994-04-05,17.8,5.7,710,28.3,1450,,,,,,,9.5,20,1502,5,50,1610,1.2,1029,110,5.2,19,1350,47.5,8.9,987.4,1019.6,736,1012.6,1627,1016.1,12.7,9.5,1145,2.72,17.07,,,,,,3.8,4,19.8,-1.2,,,,,,,,,,,,,,
135,추풍령,1994-04-06,18,8.1,640,25.4,1517,1.75,0,,0,,0,11.3,70,1133,7.2,90,1310,1.8,1536,140,9.5,44,1516,57.5,12.1,983.2,1015.5,0,1008.3,1807,1011.7,12.8,7.5,1030,2.29,13.47,,,,,,5.8,3.8,20.5,1,,,,,,,,,,,,0,{비}2215-{비}{강도0}2400-,
135,추풍령,1994-04-07,15.5,8.4,2400,23.4,1135,5.5,2,1355,4.5,1315,4.7,11.8,20,1725,9,50,1830,1.7,1457,20,11,42,2148,75,13.6,978.7,1015.3,2400,1003.5,1150,1007.4,12.8,3,1100,2.42,8.2,,,,,,9.8,5.8,16.3,3,,,,,,,,,,,,4.7,-{비}-0234.  {비}1310-{소나기}1355-{비}1407-1416.  {비}1750-{비}{강도0}1800-1940.  {박무}0340- {박무}{강도0}0600-{박무}{강도0}0900-1045.  {박무}1930-{박무}{강도0}2100-{박무}{강도0}2400-,
135,추풍령,1994-04-08,7.5,3.8,2400,9.8,1457,,,,,,,10.5,20,915,7,20,930,3.5,2986,50,-1.2,43,558,53,5.6,988,1023.3,2355,1015.1,27,1017.9,12.8,0,1315,.69,3.94,,,,,,10,5.3,9.1,1.4,,,,,,,,,,,,,-{박무}-{박무}{강도0}0300-0450.,
135,추풍령,1994-04-09,7.2,.3,650,15,1542,,,,,,,8,20,114,5,20,110,1.6,1346,20,-1.5,28,1602,56.5,5.5,993.1,1026.1,842,1020.7,1710,1023.3,12.9,7.4,1215,2.65,17.8,,,,,,6.3,3.1,10.7,-4.4,,,,,,,,,,,,,,
135,추풍령,1994-04-10,8.8,1,620,16.9,1338,,,,,,,8.1,90,1250,5,90,1230,1.2,1032,110,-.3,30,1255,55.3,6,991.3,1024.3,105,1017.6,1550,1021.1,12.9,5.1,1200,2.45,13.77,,,,,,7.5,2,11.1,-5.5,,,,,,,,,,,,,{햇무리}0940-1555.,
135,추풍령,1994-04-11,13.7,1.5,656,23.2,1503,,,,,,,9,110,1622,6,110,1630,1.8,1552,20,5.1,31,1242,58,9.1,986.1,1019.8,250,1007.4,2400,1015.2,13,7.3,1200,2.69,17.07,,,,,,4.8,2.4,17.4,-4.6,,,,,,,,,,,,9.7,,
135,추풍령,1994-04-12,11.5,6.8,2319,16.3,952,11.33,.7,320,2.8,300,10.5,19.3,230,1052,13.3,230,1100,4.5,3919,250,8.8,47,2400,84,11.8,972.9,1012.3,2400,994.8,933,1002,13,0,915,.65,1.23,,,,,,9.5,4.9,12.2,1.4,,,,,,,,,,,,.8,{비}0125-{비}{강도0}0300-{비}{강도0}0600-{비}{강도0}0900-{비}{강도0}1200-1245.,
135,추풍령,1994-04-13,9.5,4,620,15,1307,,,,,,,21.4,250,1440,16.7,250,1520,6.4,5496,250,-6.4,21,1512,32.3,3.8,985.1,1019.4,2400,1012,1532,1014.7,13,10,1130,2.8,18.68,,,,,,1,.6,9.3,-2.8,,,,,,,,,,,,,{폭풍}1510-1550.  {폭풍}1810-1840.,
135,추풍령,1994-04-14,11.5,3.6,652,18.3,1338,,,,,,,19.2,250,1639,15.3,250,1630,6.5,5607,250,-4.9,23,1305,31,4.3,989.5,1020.4,752,1017.3,1450,1019,13.1,11.3,1200,2.84,19.91,,,,,,0,0,12.1,-3.2,,,,,,,,,,,,,{폭풍}1605-1650.,
135,추풍령,1994-04-15,14.3,3.3,651,22.5,1506,,,,,,,11.9,250,1810,7.7,250,1810,2.9,2464,250,-.6,20,1434,35,5.9,991.1,1022.7,2340,1017.5,1555,1020.2,13.1,10.7,1145,2.89,20.28,,,,,,0,0,15.3,-4.8,,,,,,,,,,,,,,
135,추풍령,1994-04-16,14.1,4.4,650,21.5,1517,,,,,,,12.7,250,1701,7.7,250,1840,2.7,2336,250,1.7,32,1407,44,6.9,992.2,1024,930,1017,1550,1021.5,13.1,10.4,1200,2.68,19.6,,,,,,1.8,0,15.9,-3.4,,,,,,,,,,,,,,
135,추풍령,1994-04-17,15.5,3.9,702,25.2,1640,,,,,,,9.2,230,905,6,230,910,1.5,1298,230,2.5,20,1623,43,7.3,991.9,1023.7,910,1017.2,1715,1021,13.2,10.3,1130,2.75,19.77,,,,,,1.8,0,17.5,-3.4,,,,,,,,,,,,,,
135,추풍령,1994-04-18,12,7.9,2330,16,0,5.72,.3,1240,.6,1240,1.2,8,360,1210,4.3,360,1230,1.2,1080,90,7.1,42,0,73.3,10.2,987.4,1019.9,0,1014.9,1755,1016.7,13.2,0,1500,.53,4.28,,,,,,5.8,3.9,12.2,1.2,,,,,,,,,,,,1.2,{박무}0240-{박무}{강도0}0300-0440.  {비}1112-{비}{강도0}1200-1340.  {비}1415-{비}{강도0}1500-1730.,
135,추풍령,1994-04-19,14.9,6,423,25.3,1545,,,,,,,10,70,1645,6,50,1310,1.8,1522,20,6.5,28,1330,63,9.7,986.5,1017.2,2210,1012.6,1620,1015.5,13.3,8.4,1100,2.63,17.91,,,,,,4.3,3.8,17.4,-.6,,,,,,,,,,,,,{박무}0420-{시정(미만)}{1km}{안개}0505-{시정(미만)} {0.5km}{안개}0530-{시정(미만)}{0.2km}{안개}0550-{안개}{강도2}0600-{시정(이상)}{0.2km}{안개}0715-{시정(이상)}{0.5km}{안개}0740-{시정(이상)}{1km}{박무}0805-{박무}{강도0}0900-1015.,3
135,추풍령,1994-04-20,14.9,12.6,2343,17.2,1345,,,,,,,10.5,50,1355,6,50,1410,3.4,2941,50,6.6,40,0,57.3,9.8,986.4,1016.8,100,1013.2,1656,1015.4,13.3,0,1245,.93,4.28,,,,,,10,6,14.6,5.8,,,,,,,,,,,,,,
135,추풍령,1994-04-21,16.1,8.8,630,24.3,1456,,,,,,,13.9,50,1401,8,70,1540,4,3464,70,5.1,24,1545,50.8,8.9,985.9,1016.2,2230,1013.3,1430,1014.8,13.3,9.6,1130,2.86,19.41,,,,,,5.8,5.1,19.3,2,,,,,,,,,,,,4.7,,
135,추풍령,1994-04-22,10.4,8,610,12.4,1445,13.58,1,820,2.5,805,6.6,7.1,90,10,4,90,20,1.9,1664,90,8.9,63,0,90.8,11.5,983.4,1016,0,1010,1810,1012.9,13.4,0,1145,.53,2.43,,,,,,10,5.1,12.9,6.3,,,,,,,,,,,,3.6,{비}0125-{비}{강도0}0300-{비}{강도0}0600-{비}{강도0}0900-1110.  {비}1750-{비}{강도0}1800-{비}{강도0}2100-2140.  {박무}1820-{박무}{강도1}2100-{박무}{강도1}2400-,
135,추풍령,1994-04-23,14.6,11.1,20,18.9,1750,3.17,.3,615,.8,700,1.7,10.6,230,2117,7,230,2120,2.2,1880,230,11.3,61,1643,80.8,13.4,981.3,1011.4,0,1008.2,1729,1010.2,13.4,.9,1400,1.01,7.2,,,,,,7.5,5.1,15.7,9.1,,,,,,,,,,,,,-{박무}-{박무}{강도2}0300-{박무}{강도2}0600-0840.  {박무}1940-{박무}{강도0}2100-{박무}{강도0}2400-  {비}0540-{비}{강도0}0600-0850.,
135,추풍령,1994-04-24,16.6,7.1,602,25,1447,,,,,,,10.7,250,1759,8.7,230,2020,2.8,2438,230,2.2,17,1644,42.3,7.3,982.7,1013.5,642,1008.7,1643,1011.4,13.4,11.1,1145,2.85,21.76,,,,,,2.3,0,17.2,.3,,,,,,,,,,,,,-{박무}-{박무}{강도0}0300-0415.,
135,추풍령,1994-04-25,16.1,5.4,620,25.4,1623,,,,,,,9,230,1550,5.3,230,2150,1.6,1416,200,3.2,24,1612,43.5,7.7,982.2,1013.9,620,1007.4,1454,1010.9,13.5,10,1330,2.45,17.44,,,,,,5.3,1.5,17.8,-1.7,,,,,,,,,,,,,{달무리}0140-0340.,
135,추풍령,1994-04-26,17.8,8.4,606,27.3,1617,,,,,,,9.8,230,859,8,230,910,1.6,1365,230,4.2,20,1700,42.5,8.2,983.8,1015.7,2310,1010.3,1546,1012.5,13.5,11.3,1142,3.03,21.52,,,,,,2.8,0,19.5,.2,,,,,,,,,,,,,,
135,추풍령,1994-04-27,16.3,8.5,620,25.2,1422,,,,,,,13.2,200,1829,10.7,230,1840,2.6,2220,230,4.7,23,1642,49,8.6,982.7,1015.7,0,1007.5,1720,1011.5,13.5,8.2,1115,2.76,17.03,,,,,,7.8,.5,18.5,2.8,,,,,,,,,,,,,{햇무리}0845-0930.,
135,추풍령,1994-04-28,16.9,8.6,630,24.2,1612,,,,,,,12.7,250,2146,9,250,2210,3.7,3206,230,3.3,17,1543,43.5,7.9,979.7,1010.7,605,1004.8,1757,1008.4,13.6,10.4,1045,3.1,22.8,,,,,,3.3,1.6,19.6,1,,,,,,,,,,,,,,
135,추풍령,1994-04-29,18.8,13.6,2400,25.3,1505,,,,,,,12.9,200,1115,7,200,1110,3.3,2834,230,8.9,36,1257,53,11.4,977.7,1008.8,2400,1003.5,1635,1006.1,13.6,9.8,1130,2.92,18.33,,,,,,7,4.6,20.7,5.8,,,,,,,,,,,,,{박무}2250-{박무}{강도0}2400-,
135,추풍령,1994-04-30,17,8.7,606,24.9,1531,,,,,,,8,360,1140,4,360,930,1.5,1326,360,11,46,1517,69.3,13.3,980.5,1011.3,730,1006.7,1752,1009.1,13.6,7.4,1130,2.26,16.01,,,,,,7,6,20.5,2.2,,,,,,,,,,,,,-{박무}-0150.  {박무}1040-{박무}{강도0}1200-{박무}{강도0}1500-{박무}{강도0}1800-{박무}{강도0}2100-{박무}{강도0}2400-,
135,추풍령,1994-05-01,20.3,12.7,505,28.6,1458,,,,,,,11.3,250,1520,7.7,250,1400,1.6,1384,250,11.9,29,1738,63,14,982.8,1013.6,2400,1008.4,1640,1011.1,13.7,8.8,1115,2.26,15.18,,,,,,7.5,7.5,21.7,7.7,,,,,,,,,,,,,-{박무}-{박무}{강도0}0300-{박무}{강도0}0600-{박무}{강도0}0900-1040.,
135,추풍령,1994-05-02,20.2,12.8,531,28.6,1615,,,,,,,7.9,70,1810,4,90,2030,1,880,50,12.7,38,1540,65.5,14.8,984.6,1015.3,854,1009.5,1801,1013,13.7,6.5,1200,2.55,16.06,,,,,,6.3,3.3,22.6,5.7,,,,,,,,,,,,0,{박무}0140-{박무}{강도0}0300-{박무}{강도1}0600-{박무}{강도0}0900-1035.  {햇무리}1325-1720.,
135,추풍령,1994-05-03,15.5,11.5,2400,18.2,0,13.4,.7,1320,3.4,1320,12.5,18.5,250,2251,14.7,250,2300,2.4,2114,20,13.7,72,0,88.8,15.7,977.6,1012,0,1000,2056,1006.3,13.7,0,630,.05,.13,,,,,,8,6.1,13.9,7.2,,,,,,,,,,,,12.5,{폭풍}2300-2320.  {박무}0420-{박무}{강도0}0600-{박무}{강도0}0900-{박무}{강도0}1200-{박무}{강도0}1500-1620.  {비}0846-{비}{강도0}0900-{비}{강도0}1200-{비}{강도1}1500-1745.  {비}1825-{비}{강도0}2100-2250.,
135,추풍령,1994-05-04,12.5,9.7,630,17.5,1530,.83,0,,0,,0,16,230,1910,10.3,250,1810,4.5,3902,250,3.5,37,1529,54.3,7.9,972.3,1003.5,0,998,1552,1001.1,13.8,3.3,1000,1.46,10.4,,,,,,8.3,5.5,14.1,2.5,,,,,,,,,,,,.5,{소나기}1604-1654.,
135,추풍령,1994-05-05,9.8,7.5,714,12.4,1428,3.92,.2,450,.3,440,.5,15.2,250,1112,10.8,250,1710,5,4290,250,4.7,52,1442,70.5,8.5,969.9,1004.6,2400,996.7,300,999.1,13.8,0,1115,1.27,6.06,,,,,,8.3,5.9,10.8,4.4,,,,,,,,,,,,,{비}0435-{비}{강도0}0600-0830.,
135,추풍령,1994-05-06,15,5.9,542,22.5,1451,,,,,,,16.6,200,1645,10,200,1650,3.7,3197,200,2.2,21,1530,45,7.2,975.8,1007.8,2400,1002.5,1512,1004.5,13.8,11.6,1330,2.69,21.1,,,,,,.5,.5,16.6,-1.6,,,,,,,,,,,,,,
135,추풍령,1994-05-07,18.8,8.3,640,26,1430,,,,,,,17.9,180,1645,15.7,180,1650,3.5,3022,180,4,26,1554,38.5,8.2,977,1007.8,0,1003,1550,1005.3,13.9,11.7,1145,2.61,20.08,,,,,,1,.5,19.9,.7,,,,,,,,,,,,,{폭풍}1635-1720.,
135,추풍령,1994-05-08,18,10.4,2400,23.2,1555,,,,,,,13.8,180,1523,11.3,180,1400,3.4,2968,180,4.4,21,1446,41.8,8.5,982.2,1014.5,2330,1005.5,47,1010.7,13.9,11.3,1130,2.86,22.23,,,,,,0,0,20.2,1.2,,,,,,,,,,,,,,
135,추풍령,1994-05-09,17.6,4.6,607,29.4,1532,,,,,,,9.9,200,1520,5.3,200,1450,.9,808,200,5.7,21,1510,49.3,9.2,983.5,1015.4,600,1008,1710,1012.1,13.9,11.2,1200,2.85,22.33,,,,,,1,.1,21.4,-2.4,,,,,,,,,,,,,,
135,추풍령,1994-05-10,15.6,9.2,502,20.3,1523,4.47,.7,2043,1.8,2300,5.5,6,50,1043,3.3,50,1040,.3,272,340,10.9,57,1040,73.5,13.2,979.9,1011,546,1005.2,1812,1008.7,14,0,1015,.82,6.47,,,,,,7.5,6,17.2,2.9,,,,,,,,,,,,31,{비}1932-{비}{강도0}2100-{비}{강도0}2400-,
135,추풍령,1994-05-11,14.8,12.4,2400,16.3,1548,13.25,1.4,150,6.3,158,26.8,16.3,340,954,7,340,950,2.2,1937,320,12.3,75,1511,84.8,14.3,975,1007.4,2400,1001.8,1500,1003.7,14,0,1330,.55,3.74,,,,,,9.3,4.4,15.8,6.3,,,,,,,,,,,,1.3,-{비}-{비}{강도1}0300-{비}{강도0}0600-{비}{강도0}0900-{비}{강도0}1200-1315.,
135,추풍령,1994-05-12,17.9,9.7,413,27.4,1644,,,,,,,7.4,140,1005,4.5,160,930,1.1,950,160,10.4,27,1621,65,12.6,981.7,1012.2,2303,1007.4,0,1010.2,14,12.2,1145,2.94,23.27,,,,,,.8,.3,20.2,3.5,,,,,,,,,,,,,{박무}0040-{박무}{강도0}0300-0450.,
135,추풍령,1994-05-13,17.7,12.6,442,21.4,1250,,,,,,,7.5,250,920,4.7,250,900,.6,513,230,12.9,52,1226,74.5,14.9,983.1,1013.4,600,1009,1712,1011.7,14,.9,900,1.31,8.7,,,,,,7,4,18.4,7.8,,,,,,,,,,,,.3,{박무}0340-{박무}{강도0}0600-0815.  {박무}2215-{박무}{강도0}2400-,
135,추풍령,1994-05-14,16,14.4,1609,17,911,15.75,2.2,1830,7.9,1809,43.7,16,110,2127,6.7,110,2100,1.8,1565,50,14.5,84,2337,90.3,16.5,976.6,1011.1,0,995.3,2400,1005.2,14,0,1100,.55,2.59,,,,,,10,5.6,16.5,12.7,,,,,,,,,,,,43.8,{비}0815-{비}{강도0}0900-{비}{강도0}1200-{비}{강도1}1500-{비}{강도1}1800-{비}{강도1}2100-{비}{강도0}2400-  -{박무}-{박무} {강도0}0300-{박무}{강도0}0600-{박무}{강도0}0900-1020.,
135,추풍령,1994-05-15,14.8,12.6,1730,17.2,302,13.12,.5,1630,1.8,1616,7.5,16.5,290,1613,10.7,290,1620,4.9,4240,290,11.9,72,853,82.8,14,964.2,1002.1,2347,988.4,556,992.6,14.1,0,1230,.68,3.97,,,,,,9.5,5.4,15.4,10.8,,,,,,,,,,,,7.1,-{비}-0030.  {비}0615-0742.  {비}0922-{비}{강도0}1200-{비}{강도0}1500-{비}{강도0}1800-2032.  {박무}0420-{박무}{강도0}0600-0724.,
135,추풍령,1994-05-16,18.5,12.1,625,25.6,1430,,,,,,,14.1,270,1417,9.3,290,1430,3.7,3226,290,12.8,51,1410,69.8,14.9,974.9,1008.7,2400,1000.7,1350,1003.2,14.1,10.1,1200,2.66,19.95,,,,,,3.8,1.4,19.5,8.5,,,,,,,,,,,,,{박무}1730-{박무}{강도0}1800-{박무}{강도0}2100-{박무}{강도0}2400-,
135,추풍령,1994-05-17,13.7,8.2,2400,18.9,1626,,,,,,,11.1,270,1420,7,270,1730,2.6,2284,270,5.2,30,1959,56.3,8.9,981.4,1012.8,2345,1007.8,1707,1010.3,14.2,4.6,1500,2.24,12.92,,,,,,5.8,3.5,15,-.1,,,,,,,,,,,,,-{박무}-{박무}{강도0}0300-0430.,
135,추풍령,1994-05-18,15.3,6.1,650,20.9,1450,,,,,,,19.1,270,1710,14.3,270,1710,5.4,4636,290,1.1,29,910,37.5,6.8,981.8,1016.4,2324,1007.1,1304,1010.6,14.2,12.1,1215,2.86,23.13,,,,,,.3,.1,16.5,-1.2,,,,,,,,,,,,,{폭풍}1710-1730.,
135,추풍령,1994-05-19,13.6,5.5,530,20.8,1710,,,,,,,12.1,270,1358,8.3,270,1610,3.1,2698,270,2.6,26,1642,48.3,7.4,989.8,1021.7,2400,1016.3,0,1019,14.2,12.5,1030,3.11,25.07,,,,,,0,0,17.6,-1.2,,,,,,,,,,,,,,
135,추풍령,1994-05-20,16.6,5.6,645,25.5,1350,,,,,,,6.2,140,1402,2.3,140,1400,.6,524,140,8.1,35,1329,59,11,992.1,1024.2,734,1018,1900,1021,14.2,9.9,1200,2.75,19.6,,,,,,3.5,3.5,20.2,0,,,,,,,,,,,,,{햇무리}1110-1415.,
135,추풍령,1994-05-21,15.7,11.7,430,21.7,1538,,,,,,,7.2,140,1220,4.3,140,1230,.7,566,140,10.3,43,1204,71.3,12.6,987.7,1019.3,0,1014.6,1815,1016.7,14.3,1.4,1500,1.88,9.01,,,,,,6.5,3.5,18.5,5.9,,,,,,,,,,,,,{박무}2120-{박무}{강도0}2400-,
135,추풍령,1994-05-22,18.7,9.8,630,27.8,1640,,,,,,,6.2,250,1330,4,270,1520,.9,782,250,10.1,24,1504,63.3,12.5,987.2,1018.7,600,1012.4,1655,1015.8,14.3,12,1230,2.95,22.71,,,,,,3.5,2,23.3,4.4,,,,,,,,,,,,,-{박무}-{박무}{강도0}0300-{시정(미만)}{1km}{안개}0440-{시정(미만)}{0.5km}{안개}0510-{안개}{강도0}0600-{시정(이상)}{0.5km}{안개}0615-{시정(이상)}{1km}{박무}0630-0815.,1.83
135,추풍령,1994-05-23,20.6,12.4,645,27.9,1504,,,,,,,6.3,140,1305,3.7,140,1150,.5,467,140,12.4,38,1320,60.5,14.5,986.7,1017.7,600,1011.5,1740,1015.1,14.3,9.2,1130,2.94,19.83,,,,,,6.3,3,24.2,6.4,,,,,,,,,,,,,,
135,추풍령,1994-05-24,22,14,532,28.7,1504,1.25,.1,2110,.1,2110,.1,9.6,110,1455,4.3,110,1550,1.2,1058,70,14.7,44,1507,64.8,16.7,985,1015.7,0,1011,1550,1013.3,14.3,8.9,1100,2.56,18,,,,,,4.8,3.3,26.7,7.6,,,,,,,,,,,,1.9,{비}2015-{비}{강도0}2100-2130.,
135,추풍령,1994-05-25,18.8,17.4,550,20.1,20,15.5,1.5,1010,4,1210,12.4,6.1,70,1545,2.3,70,1530,.6,508,70,17.1,73,20,89.8,19.5,980.1,1011.8,0,1007.4,1740,1008.5,14.3,0,1400,.69,3.16,,,,,,10,5.1,20.6,14.8,,,,,,,,,,,,11,{비}0220-{비}{강도0}0300-{비}{강도0}0600-{비}{강도0}0900-{비}{강도0}1200-1415.{비}1605-{비}{강도0}1800-1830.{비}2140-2250.,
135,추풍령,1994-05-26,20.9,18.1,607,25.7,1356,2.58,.2,330,.2,320,.4,11.4,270,2340,6.3,270,2350,1.4,1246,70,17,35,2230,79,19.5,976,1008.3,0,1000.4,1735,1004.1,14.4,2.4,1230,2.45,11.31,,,,,,9.5,6.8,22.5,12.9,,,,,,,,,,,,,{비}0320-0430.{비}0705-0830.{박무}0450-{박무}{강도0}0600-{박무}{강도0}0900-1035.,
135,추풍령,1994-05-27,17.6,13.2,2400,21.7,1507,,,,,,,16.1,270,1608,11.5,270,1610,5.5,4784,270,3,28,1526,37,7.7,977.6,1010.4,2400,1003.9,118,1006.1,14.4,11,1215,3.16,23.44,,,,,,4,2.8,19.1,4.8,,,,,,,,,,,,,,
135,추풍령,1994-05-28,17.5,5.6,640,26.5,1643,,,,,,,10.7,290,1120,7,290,1140,1.8,1542,270,6.5,26,1140,51.3,9.9,979.5,1011.3,620,1004.2,1755,1008.2,14.4,11.4,1015,3,23.81,,,,,,0,0,20.8,-.3,,,,,,,,,,,,,,
135,추풍령,1994-05-29,19,10.6,604,25.3,1444,1.05,1.5,2222,1.7,2217,1.7,14.7,270,1140,7.3,270,1150,2.2,1868,270,13,45,1057,69.3,15.2,978.3,1009.4,610,1004,1625,1006.6,14.4,9.2,1200,2.79,20.62,,,,,,5.3,2,23.1,6.3,,,,,,,,,,,,1.7,{소나기}2217-2320.  {박무}2145-{박무}{강도0}2400-,
135,추풍령,1994-05-30,18.1,13.1,640,23,1607,,,,,,,13.1,270,1314,7.3,270,1320,3.1,2705,270,9.7,33,1714,61.3,12.3,980.8,1011.1,2155,1007.4,18,1009.4,14.4,12.8,1145,3.09,25.89,,,,,,.5,.9,22.1,5.3,,,,,,,,,,,,,-{박무}-{박무}{강도0}0300-0545.,
135,추풍령,1994-05-31,18.4,9.3,515,25.6,1553,,,,,,,11.9,270,1355,7,270,1240,2,1698,270,8,31,1520,53.8,10.8,982.2,1014,608,1006.8,1800,1010.6,14.5,10.4,1145,3.02,24.33,,,,,,0,1.1,22.6,2.2,,,,,,,,,,,,,,
135,추풍령,1994-06-01,18.8,10.4,530,26.4,1553,,,,,,,7.5,270,1510,6.7,270,1450,1.9,1603,270,8.3,27,1621,54.3,11,980.9,1011.9,700,1006.6,1550,1009.3,14.5,11.8,1215,2.98,24.55,,,,,,0,0,23.4,3.6,,,,,,,,,,,,,,
135,추풍령,1994-06-02,19.7,12,302,27.7,1604,,,,,,,9,250,1316,7.3,250,950,2.3,1993,290,10,29,1556,56.5,12.3,980.6,1010.5,2320,1006.9,1800,1008.9,14.5,12.6,1200,3.01,24.54,,,,,,.3,.1,24.3,4.7,,,,,,,,,,,,,,
135,추풍령,1994-06-03,19.9,10.9,430,28.7,1610,,,,,,,8.2,290,720,6.3,290,1830,1.5,1290,290,9.6,29,1400,54,12,982.5,1013.3,2400,1008.8,1545,1010.8,14.5,8.8,1230,2.52,19.17,,,,,,5.3,0,23,3.9,,,,,,,,,,,,,{햇무리}1025-1655.,
135,추풍령,1994-06-04,21.7,14.1,637,28.8,1443,,,,,,,7.8,320,2216,5,320,2240,.8,733,320,12.1,34,1653,55.5,14.1,985.1,1015.8,752,1011.3,1437,1013.3,14.5,10.2,1330,2.49,18.3,,,,,,7.5,1.9,25.1,9.1,,,,,,,,,,,,,{햇무리}1240-1640.,
135,추풍령,1994-06-05,21.1,13,630,27.9,1540,,,,,,,7.6,50,1522,3.5,70,1550,1,904,50,13.3,43,1349,61.8,15.3,986.7,1016.4,652,1013.6,1810,1015.1,14.5,9.4,1330,2.68,19.73,,,,,,4,1.4,25.7,6.8,,,,,,,,,,,,,,
135,추풍령,1994-06-06,18.1,12.1,550,23.9,1504,,,,,,,8,320,930,3.3,320,950,1.1,963,70,13.2,50,1505,73.8,15.2,986.8,1017.7,825,1012.7,1720,1015.5,14.6,3.6,1245,2.4,16.44,,,,,,6.3,2.3,23.8,6.8,,,,,,,,,,,,,{박무}0120-{박무}{강도0}0300-{박무}{강도0}0600-{박무}{강도0}0900-0925.  {박무}2030-{박무}{강도0}2100-{박무}{강도0}2400-  {햇무리}1320-1635.,
135,추풍령,1994-06-07,20.1,12.8,630,28.9,1715,,,,,,,7,50,139,3.7,270,2350,.5,445,110,13.6,30,1644,69,15.6,985.2,1015.9,603,1010,1730,1013.5,14.6,10.9,1200,2.93,20.33,,,,,,4.3,.8,24.1,7.5,,,,,,,,,,,,,-{박무}-{박무}{강도0}0300-{박무}{강도0}0600-{박무}{강도0}0900-{박무}{강도0}1200-1320.  {박무}2140-{박무}{강도0}2400-,
135,추풍령,1994-06-08,21.2,17.6,530,25.7,1430,,,,,,,8.6,270,2318,7,270,2350,2.2,1932,270,14.8,49,1402,67.8,16.9,981.2,1012.2,0,1006.5,1840,1009.3,14.6,.7,1315,1.97,11.3,,,,,,8,7.1,23.7,13.2,,,,,,,,,,,,,-{박무}-{박무}{강도0}0300-{박무}{강도0}0600-{박무}{강도0}0900-{박무}{강도0}1200-{박무}{강도0}1500-{박무}{강도0}1800-{박무}{강도0}2100-{박무} {강도0}2400-,
135,추풍령,1994-06-09,20.5,16.2,642,25.7,1525,,,,,,,10.2,270,445,7.7,270,620,4.2,3638,270,14,50,1438,67.3,16,977.8,1007.1,0,1003.2,1730,1005.9,14.6,6.1,1200,2.81,19.15,,,,,,6.8,4.9,24.8,13,,,,,,,,,,,,,-{박무}-{박무}{강도0}0300-{박무}{강도0}0600-{박무}{강도0}0900-{박무}{강도0}1200-{박무}{강도0}1500-{박무}{강도0}1800-{박무}{강도0}2100-{박무} {강도0}2400-,
135,추풍령,1994-06-10,21.6,15.6,516,28.2,1425,,,,,,,7,320,2319,5.5,320,2320,1.6,1383,320,15.6,44,1548,71,17.7,979.4,1009.7,2350,1005.5,1700,1007.4,14.6,5.4,1200,2.64,16.64,,,,,,9.3,6.6,26,10.3,,,,,,,,,,,,,-{박무}-{박무}{강도0}0300-{박무}{강도1}0600-{박무}{강도0}0900-{박무}{강도0}1200-{박무}{강도0}1500-{박무}{강도0}1800-{박무}{강도0}2100-{박무} {강도0}2400-,
135,추풍령,1994-06-11,22.5,15.2,600,29.9,1506,,,,,,,6.5,320,43,5,320,50,.9,787,290,13.5,37,1330,59.3,15.7,980.6,1011.7,903,1005,1802,1008.6,14.6,9.4,1240,2.96,22.07,,,,,,3.5,1.5,28.1,9.1,,,,,,,,,,,,,-{박무}-{박무}{강도0}0300-{박무}{강도0}0600-0855.,
135,추풍령,1994-06-12,22.7,16.9,635,28.5,1457,,,,,,,7.1,290,733,5.7,290,810,1.9,1626,290,13.8,41,1440,58.3,15.9,978.9,1008.4,555,1004.9,1803,1006.7,14.6,7.1,1045,2.11,16.2,,,,,,7.5,4.1,26.9,10.7,,,,,,,,,,,,,{햇무리}0740-1630.,
135,추풍령,1994-06-13,24.1,17.3,630,30.4,1452,,,,,,,7.5,180,1336,4.7,110,1350,1.1,909,110,14.7,39,1439,57.5,16.9,977.5,1007.1,0,1003,1737,1005.3,14.6,7.3,1200,3.18,22.85,,,,,,7,3,29.8,12.5,,,,,,,,,,,,,{박무}0040-{박무}{강도0}0300-{박무}{강도0}0600-{박무}{강도0}0900-{박무}{강도0}1200-1410.{햇무리}0830-1120.,
135,추풍령,1994-06-14,22.7,12.9,552,30,1534,,,,,,,7.2,140,1002,3.3,140,1010,.5,468,50,12.1,29,1555,53.8,14.1,978.7,1009.1,2400,1004.5,1648,1006.6,14.6,12.2,1245,2.96,25.57,,,,,,.5,0,29.2,6.9,,,,,,,,,,,,,{박무}2320-{박무}{강도0}2400-,
135,추풍령,1994-06-15,22.6,12.7,620,31.9,1615,,,,,,,5.8,90,1412,2.3,90,1410,.4,340,90,11.8,25,1615,54.5,13.9,980.4,1010.6,615,1005.4,1800,1008.4,14.6,10.9,1245,3.12,23.84,,,,,,1.8,.3,29.2,6.8,,,,,,,,,,,,,-{박무}-{박무}{강도0}0300-0525.,
135,추풍령,1994-06-16,24.2,14.2,505,32.8,1412,,,,,,,7.7,270,1038,6.7,270,1040,1.7,1507,290,15.1,34,1342,59.5,17.3,980,1010.3,230,1004.6,1730,1007.8,14.6,10.5,1300,2.91,21.08,,,,,,3,2,29.1,8.9,,,,,,,,,,,,,{박무}0720-{박무}{강도0}0900-0920.,
135,추풍령,1994-06-17,25.3,16.2,645,32.5,1427,,,,,,,8.4,180,1515,5.7,180,1530,1.1,988,140,15.1,27,1630,54.3,17.2,979.1,1008.8,707,1004.8,1740,1006.8,14.7,9.4,1300,2.71,19.38,,,,,,6.3,1.6,30.9,10,,,,,,,,,,,,,{박무}0940-{박무}{강도0}1200-1410.  {햇무리}1020-1425.,
135,추풍령,1994-06-18,17.9,15.5,1740,23,0,12.58,1.5,1443,3.5,1430,17.8,16.3,50,1638,7.3,50,1710,2.9,2542,70,14.8,60,11,82.8,16.9,978.8,1008.8,1155,1006,245,1007.3,14.7,0,1100,.66,3.34,,,,,,10,5.8,20.1,13.4,,,,,,,,,,,,20.2,{비}0905-{비}{강도0}1200-{비}{강도0}1500-{비}{강도0}1800-{비}{강도0}2100-2140.  {박무}0140-{박무}{강도0}0300-0525.,
135,추풍령,1994-06-19,16.9,13.9,2400,20.4,1340,7.25,.8,153,1,150,2.5,16,70,354,7,70,350,2.4,2111,50,12.9,55,1449,78.5,15,980.3,1013.3,2400,1005.7,146,1008.9,14.7,.7,1100,1.73,8.2,,,,,,10,5.9,19.2,10.5,,,,,,,,,,,,.1,{비}0145-{비}{강도0}0300-0355.  {비}0620-{비}{강도0}0900-1125.,
135,추풍령,1994-06-20,18.6,10.9,640,26.1,1613,,,,,,,5,180,1518,2.3,160,1650,.4,316,140,11.5,37,1643,66.5,13.7,984.4,1014.9,618,1010.6,1654,1013,14.7,13.3,1100,3.25,26.43,,,,,,3.3,2.1,22.8,5.8,,,,,,,,,,,,,,
135,추풍령,1994-06-21,20.7,11.7,442,28.7,1613,,,,,,,8.3,290,2033,5.7,290,2100,2.4,2070,290,13.5,37,1516,66.5,15.6,984.8,1015.8,353,1009.9,1740,1013.2,14.7,12.2,1215,3.03,24.52,,,,,,2.5,1,25,6.3,,,,,,,,,,,,,{박무}0130-{박무}{강도0}0300-{박무}{강도0}0600-0640.,
135,추풍령,1994-06-22,19.5,15,2400,25.2,1500,3.08,.3,2310,1,2210,2.3,8,290,38,6,290,40,1.4,1228,140,15.7,42,1700,79,17.9,982.1,1013.7,0,1007.9,1550,1010.5,14.7,0,1400,1.52,11.87,,,,,,9.3,6.4,22.4,11.8,,,,,,,,,,,,4.9,{박무}0620-{박무}{강도0}0900-{박무}{강도0}1200-{박무}{강도0}1500-1530.{박무}2215-{박무}{강도0}2400-{비}2035-{비}{강도0}2100-2340.,
135,추풍령,1994-06-23,17.7,14.5,20,20.5,1710,6.58,.5,357,1.5,304,2.6,5.6,270,2230,4.7,270,2240,1.3,1121,270,15.6,76,1546,88,17.8,979.2,1008.6,0,1006.4,1630,1007.6,14.7,0,1030,1.17,4.91,,,,,,10,5.9,19.8,13.8,,,,,,,,,,,,,-{박무}-{박무}{강도0}0300-{박무}{강도0}0600-{박무}{강도0}0900-{박무}{강도0}1200-{박무}{강도0}1500-{박무}{강도0}1800-{박무}{강도0}2100-{박무}{강도0}2400-{비}0210-{비}{강도0}0300-{비}{강도0}0600-0845.,
135,추풍령,1994-06-24,21.9,17.8,440,27.2,1650,,,,,,,9,320,1346,6,270,1050,2.5,2118,270,15.4,46,1535,67.5,17.5,979.3,1008.8,720,1005.2,1720,1007.3,14.7,8.8,1130,2.79,20.15,,,,,,6.5,5.8,24,14.3,,,,,,,,,,,,,-{박무}-{박무}{강도0}0300-{박무}{강도0}0600-{박무}{강도0}0900-1040.,
135,추풍령,1994-06-25,23.9,18.7,232,29.2,1243,.42,.3,1612,.3,1610,.3,6.6,90,1709,3,90,1710,.3,256,70,18.8,55,1122,73.5,21.9,977.1,1007.7,0,1000.8,1716,1004.8,14.7,2,930,1.81,10.95,,,,,,10,6.6,24.8,14.1,,,,,,,,,,,,.3,{박무}0320-{박무}{강도0}0600-{박무}{강도0}0900-{박무}{강도0}1200-{박무}{강도0}1500-{박무}{강도0}1800-{박무}{강도0}2100-{박무}{강도0}2400{소나기}1610-1635.,
135,추풍령,1994-06-26,26.1,21.2,605,30.1,1544,,,,,,,10.8,290,1514,6.3,290,1510,2.1,1839,290,19.1,45,1530,66.3,22.2,974.2,1006.2,2300,999.8,840,1001.6,14.7,5.4,1430,2.4,11.26,,,,,,6.3,3.5,27.1,17.5,,,,,,,,,,,,2,-{박무}-{박무}{강도0}0300-{박무}{강도0}0600-0650.,
135,추풍령,1994-06-27,20.4,18.8,2050,24,40,8.92,4.6,1205,8.8,1040,27.5,9.1,290,816,5,290,740,.9,776,110,18.8,80,0,90.5,21.7,980.6,1011.6,1300,1004.8,125,1008.8,14.6,0,1415,.45,2.5,,,,,,9.5,6.3,21.8,15.9,,,,,,,,,,,,25.5,{비}0815-{비}{강도0}0900-{비}{강도1}1200-{비}{강도0}1500-1710.{박무}0520-{박무}{강도0}0600-0850.{박무}1920-{박무}{강도0}2100-{박무}{강도0}2400,
135,추풍령,1994-06-28,22.6,18.5,310,28.2,1505,,,,,,,5.8,70,908,2.3,70,910,.6,482,70,19.3,59,1550,82.5,22.4,983.8,1014.1,1007,1010.1,1827,1012,14.6,4.4,1145,2.55,15.53,,,,,,7.8,5.4,25.7,15.4,,,,,,,,,,,,,-{박무}-{박무}{강도0}0300-{박무}{강도0}0600-{박무}{강도0}0900-1135.,
135,추풍령,1994-06-29,25.4,21,554,31.6,1318,.3,0,,0,,0,4.8,250,1333,2.8,270,1500,.2,207,90,21.1,52,1414,78,25,981.1,1012,0,1005.4,2400,1008.8,14.6,5.4,1115,2.73,16.49,,,,,,8.8,4,27.4,18.4,,,,,,,,,,,,24,{박무}0450-{박무}{강도0}0600-{박무}{강도0}0900-{박무}{강도0}1200-{박무}{강도0}1500-{박무}{강도0}1800-{박무}{강도0}2100-{박무}{강도0}2400{비}2342-{비}{강도0}2400,
135,추풍령,1994-06-30,24.1,21.1,520,28.8,1930,13.83,4.4,330,7.6,242,38.7,6.7,110,500,4.3,110,520,.9,764,250,21.7,62,1932,86.8,26,974.3,1005.4,0,998.9,1730,1001.9,14.6,0,1345,.94,3.53,,,,,,10,5.8,24.6,20.7,,,,,,,,,,,,19.5,-{비}-{비}{강도0}0300-{비}{강도1}0600-{비}{강도1}0900-{비}{강도1}1200-1350.-{박무}-{박무}{강도0}0300-{박무}{강도0}0600{박무}{강도0}0900-0950.,
135,추풍령,1994-07-01,26.4,23,514,32.4,1550,7.2,4.1,2130,9,2040,24.5,13.2,270,1620,8,270,1610,1.9,1607,270,22.8,57,1540,81,27.7,975.5,1007,2400,1001.5,1503,1002.9,14.6,.3,1500,1.88,9.44,,,,,,9.8,5.6,26.4,21.8,,,,,,,,,,,,66.2,{비}0015-0240.{비}0450-0550.{비}0815-0850.{소나기}0925-1120.{소나기}2023-{소나기}{강도0}2100-2140.{박무}0230-{박무}{강도0}0300-{박무}{강도0}0600-0740.{뇌전}{강도0}(E5~7)1005-1012.{박무}1920{박무}{강도0}2100-{박무}{강도0}2400,
135,추풍령,1994-07-02,25.2,23.7,810,28.4,1546,10.58,6.6,235,17.8,210,49.3,7.8,290,1941,6,290,1950,1.9,1646,290,23,77,1529,88,28.2,981.3,1011.7,2310,1006.3,200,1009.1,14.6,.2,1215,1.81,6.25,,,,,,9,5.6,25.3,22.4,,,,,,,,,,,,2.8,{뇌전}{강도0}(W4~6)0705-{뇌전}{강도0}(W{이동}SW3)0720-{뇌전}{강도1}(SW{이동}S2)0730-{뇌전}{강도0}(S{이동}SE3)0746-{뇌전}{강도0}(SE{이동}E4)0750-{천둥}{강도0}(E)0805-0810.{천둥}{강도0}(W)1010-{뇌전}{강도0}(W4~5)1025-{뇌전}{강도1}(W{이동}NW3)1034-{뇌전}{강도1}(NW{이동}N4)1048-{뇌전}{강도0}(N4~6)1110-1125.{뇌전}{강도0}(SE2~4)1115-{뇌전}{강도1}(SE2)1122-{뇌전}{강도1}(SE{이동}E2~3)1134-{뇌전}{강도1}(E3~5)1200-{뇌전}{강도0}(E3~5)1212-{천둥}{강도0}(E)1215-1220.{비}0115-{비}{강도1}0300-{비}{강도1}0600-{소나기}0702-{비}0825-0850.{비}0930-{소나기}0950-{소나기}{강도0}1200-1230.-{박무}-0130.{박무}1410-{박무}{강도0}1500-{박무}{강도0}1800-{박무}{강도0}2100-{박무}{강도0}2400,
135,추풍령,1994-07-03,26.6,22.8,425,33.5,1615,,,,,,,4.1,160,1640,2.7,140,1630,.4,388,270,23.2,57,1512,82.8,28.5,984.4,1013.7,906,1010.4,1730,1012.1,14.6,4.9,1245,2.74,15.95,,,,,,4.8,3.5,27.8,21.2,,,,,,,,,,,,,-{박무}-{박무}{강도0}0300-{박무}{강도0}0600-{박무}{강도0}0900-{박무}{강도0}1200-1340.{박무}1840-{박무}{강도0}2100-{박무}{강도0}2400,
135,추풍령,1994-07-04,27.2,22.1,438,33.3,1650,,,,,,,10,270,1231,6.7,270,1350,2,1753,270,21.4,49,1642,72,25.5,981.7,1012.2,0,1006.4,1802,1009.3,14.6,9.8,1300,2.78,20.5,,,,,,3,3.3,29,19.4,,,,,,,,,,,,,-{박무}-{박무}{강도0}0300-{박무}{강도1}0600-0740.,
135,추풍령,1994-07-05,26.8,21.6,2255,32.5,1416,1.58,.6,1655,1.2,1645,1.2,11.5,270,1625,8.7,270,1650,2.4,2108,270,21.7,57,1242,74.5,25.9,981,1009.7,1000,1007,1803,1008.6,14.6,5.4,1200,2.87,15.03,,,,,,3.8,3.9,29.9,19.2,,,,,,,,,,,,1.2,{소나기}1635-{소나기}{강도0}1800-1810.{천둥}{강도0}(SW)1640-1647.,
135,추풍령,1994-07-06,27.4,22.7,20,34.3,1615,.67,0,,0,,0,9.3,250,2157,4.3,320,2120,1.6,1408,270,21.6,49,1603,71.8,25.7,982.6,1011.3,2400,1007.9,1800,1010.1,14.6,7.3,1200,3.12,20.54,,,,,,6.8,4.1,31.1,21.2,,,,,,,,,,,,0,{소나기}1940-2020.{박무}2140-{박무}{강도0}2400,
135,추풍령,1994-07-07,27.5,24.4,2400,32.5,1710,,,,,,,9.6,250,1613,6.7,250,1620,2.8,2442,270,22.4,57,1535,74,27.1,983,1011.7,230,1009.2,1710,1010.6,14.6,8.4,1300,2.86,18.84,,,,,,2.8,3.6,33.3,21.1,,,,,,,,,,,,,-{박무}-{박무}{강도0}0300-0340.,
135,추풍령,1994-07-08,26.7,22.3,350,33.1,1613,,,,,,,8,250,1100,4.7,250,1120,1.5,1318,270,21.5,53,1603,74.3,25.7,981.9,1011.5,805,1007.3,1746,1009.6,14.5,9.5,1200,2.84,19.86,,,,,,5.3,2.9,32.8,20,,,,,,,,,,,,,,
135,추풍령,1994-07-09,28.9,23.8,550,35.1,1545,,,,,,,7.1,270,1230,4,270,1120,1,898,320,22.8,49,1429,70.8,27.8,980.2,1009.4,610,1004.7,1745,1007.6,14.5,12,1100,3.1,24.27,,,,,,3.8,2.3,35.5,21.6,,,,,,,,,,,,,,
135,추풍령,1994-07-10,27.7,23.7,413,33.3,1644,,,,,,,11.1,270,1151,7.7,270,1200,2.6,2282,270,21.3,47,1547,69.3,25.4,979.8,1008.8,2330,1005.6,1627,1007.3,14.5,12.6,1230,3.16,24.09,,,,,,1.5,2,34,21.1,,,,,,,,,,,,,,
135,추풍령,1994-07-11,27.8,24.3,730,34.3,1547,,,,,,,8,270,103,4.3,270,50,1.9,1668,270,21.7,48,1405,70.3,26,981.8,1010.7,930,1007.8,1552,1009.3,14.5,9.5,1145,2.98,21.04,,,,,,4,1.9,34.7,20.2,,,,,,,,,,,,,,
135,추풍령,1994-07-12,28.3,20.6,510,36.5,1629,,,,,,,4.7,270,940,2.7,270,930,.5,392,250,22,43,1435,70.8,26.4,981.9,1011.2,520,1006.8,1804,1009.4,14.5,12.9,1130,2.87,24.55,,,,,,1,.1,34.5,16.4,,,,,,,,,,,,,,
135,추풍령,1994-07-13,29.7,23.1,640,36.8,1627,,,,,,,5.5,230,1636,3,290,1710,.7,562,180,23.9,42,1646,72.3,29.7,980.9,1010.2,612,1005.1,1758,1008.2,14.5,12.3,1330,2.72,22.97,,,,,,1.8,1.1,35.6,20,,,,,,,,,,,,,{박무}0320-{박무}{강도0}0600-{박무}{강도0}0900-1040.,
135,추풍령,1994-07-14,28.4,23.1,343,33.5,1540,,,,,,,10.8,290,1052,5.7,290,1100,2.3,1965,270,22.9,53,1530,72.5,27.9,981.1,1010.2,2243,1007.7,1500,1008.5,14.4,10.8,1200,2.67,19.14,,,,,,2.3,2.1,33.9,19.5,,,,,,,,,,,,,,
135,추풍령,1994-07-15,29.3,24.7,515,35.6,1540,,,,,,,5.3,250,1022,2.7,270,250,.8,688,270,23.3,46,1604,72,28.6,982.3,1011,750,1007.8,1814,1009.6,14.4,11.6,1100,2.92,22.98,,,,,,3,2.6,35.7,21.8,,,,,,,,,,,,,{번개}{강도0}(SE)2020-{번개}{강도0}(SE)2100-{번개}{강도0}(SE{이동}E)2130-2220.{박무}2230-{박무}{강도0}2400,
135,추풍령,1994-07-16,27.7,20.3,1658,35.7,1326,4.47,7.3,1620,37,1609,56.4,31.5,290,1603,11.5,290,1608,.8,699,160,23,47,1402,77.5,28.2,981.4,1012,1617,1004.9,1503,1008.9,14.4,8.1,1145,2.66,15.52,,,,,,3.8,2.8,31.9,19.8,,,,,,,,,,,,56.4,{천둥}{강도0}(NW)1507-{뇌전}{강도0}(NW5~6)1510-1515.{뇌전}{강도1}(W4~5)1525-{뇌전}{강도2}(W2~4)1545-{뇌전}{강도2}(W0.3~0.5)1552-{뇌전}{강도2}(W0.3~0.5)1610-{뇌전}{강도2}(W{이동}SW0.3~0.5)1625-{뇌전}{강도2}(SW{이동}S1~2)1632-{뇌전}{강도2}(S{이동}SE2~3)1650-{뇌전}{강도1}(SE4~6)1704-1715.{뇌전}{강도2}(N2~3)1705-{뇌전}{강도1}(N{이동}NE3~6)1708-1720.{뇌전}{강도2}(N0.3~0.4)1740-{뇌전}{강도2}(N{이동}NE3~4)1755-{뇌전}{강도2}(NE3~4)1800-{뇌전}{강도0}(NE{이동}E5~6)1902-1925.-{박무}-{박무}{강도0}0300-{박무}{강도0}0600-{박무}{강도0}0900-1120.{박무}{강도0}2310-{박무}{강도0}2400-{소나기}1550-{소나기}{강도2}1800-2018.,
135,추풍령,1994-07-17,25.9,20.1,250,32.5,1552,,,,,,,5.2,200,1110,3,200,1120,.6,510,180,22.4,54,1604,82.3,27.3,982.1,1011.6,755,1007.5,1750,1009.8,14.4,9.3,1345,2.67,20.87,,,,,,4,3.6,29.9,18.8,,,,,,,,,,,,,-{박무}-{박무}{강도0}0300-{박무}{강도0}0600-{박무}{강도0}0900-{박무}{강도0}1200-1420.,
135,추풍령,1994-07-18,28.1,21.9,602,34.7,1558,,,,,,,4.2,70,1452,1.7,70,1450,.2,170,110,23,47,1603,75.3,28.2,982.5,1012.1,650,1007.5,1720,1009.9,14.4,12.1,1430,2.59,21.89,,,,,,1.8,.6,31.2,20.2,,,,,,,,,,,,,{박무}0120-{박무}{강도0}0300-{박무}{강도0}0600-{박무}{강도0}0900-{박무}{강도0}1200-1310.{박무}1840-{박무}{강도0}2100-{박무}{강도0}2400,
135,추풍령,1994-07-19,28.3,23.3,602,34.4,1650,,,,,,,6.7,250,948,4.2,250,950,1,846,250,21.9,46,1416,70,26.3,981,1010.8,748,1006,1756,1008.5,14.3,10.8,1100,2.48,20.79,,,,,,1.3,.4,31.9,20.2,,,,,,,,,,,,,-{박무}-{박무}{강도0}0300-{박무}{강도0}0600-{박무}{강도0}0900-1040.{박무}2120-{박무}{강도0}2400,
135,추풍령,1994-07-20,27.9,23.1,558,33.5,1612,,,,,,,8.3,270,1031,5,270,1020,1.8,1542,270,22.1,46,1602,72.3,26.6,980.2,1009.1,610,1006.1,1757,1007.6,14.3,11.4,1200,2.59,21.19,,,,,,.5,0,32.2,21.7,,,,,,,,,,,,,-{박무}-{박무}{강도0}0300-{박무}{강도0}0600-{박무}{강도0}0900-{박무}{강도0}1200-{박무}{강도0}1500-{박무}{강도0}1800-{박무}{강도0}2100-{박무}{강도0}2400,
135,추풍령,1994-07-21,28,24.3,530,33.5,1540,,,,,,,8.5,270,1708,6.3,270,720,2.9,2466,270,22.8,54,1600,74,27.7,979.4,1008.5,910,1004.4,1720,1006.8,14.3,11,1200,2.63,21.15,,,,,,1.5,.9,32.6,22.7,,,,,,,,,,,,,-{박무}-{박무}{강도0}0300-{박무}{강도0}0600-{박무}{강도0}0900-{박무}{강도0}1200-{박무}{강도0}1500-{박무}{강도0}1800-{박무}{강도0}2100-{박무}{강도0}2400,
135,추풍령,1994-07-22,29.1,23.8,524,35.3,1507,,,,,,,7,160,1806,3.7,160,1808,.3,282,90,23.1,46,1630,71.8,28.3,978.3,1007.7,814,1002.5,1720,1005.6,14.3,9.8,1330,2.53,19.42,,,,,,.8,.5,34.1,22.4,,,,,,,,,,,,,-{박무}-{박무}{강도0}0300-{박무}{강도0}0600-{박무}{강도0}0900-{박무}{강도0}1200-1425.{박무}1740-{박무}{강도0}1800-{박무}{강도0}2100-{박무}{강도0}2400,
135,추풍령,1994-07-23,28.6,22.2,546,35.4,1640,,,,,,,6,140,915,2.7,140,920,.4,344,50,21.9,45,1632,68,26.2,977,1006.1,558,1002.1,1800,1004.3,14.3,11.7,1300,2.74,21.87,,,,,,0,.3,33.7,19.7,,,,,,,,,,,,,-{박무}-{박무}{강도0}0300-{박무}{강도0}0600-{박무}{강도0}0900-{박무}{강도0}1200-1350.,
135,추풍령,1994-07-24,28,20.8,620,35.4,1650,,,,,,,6.3,70,2122,2.7,70,2140,.5,424,50,20.7,43,1606,66,24.5,976.5,1005.7,450,1000.2,1810,1003.8,14.2,12,1230,2.62,21.53,,,,,,0,.1,33.5,20.2,,,,,,,,,,,,,,
135,추풍령,1994-07-25,28.2,20.8,610,35.5,1625,,,,,,,6.4,50,1951,2.7,90,920,.7,610,50,19.7,41,1539,61.8,23,975.7,1005.2,604,999.7,1802,1003,14.2,12.4,1200,2.82,21.96,,,,,,1,1.3,33.3,18,,,,,,,,,,,,,,
135,추풍령,1994-07-26,24.4,21.5,610,28.1,1020,5.47,.7,1542,2.1,1500,7.4,5.5,110,1259,2.7,110,1310,.3,239,20,21,59,1025,81.5,24.9,976,1004.4,1325,1002.9,1800,1003.7,14.2,.9,845,1.29,4.5,,,,,,6.3,4.9,26.9,18.8,,,,,,,,,,,,7.4,{비}1212-{비}{강도0}1500-1740.{박무}2135-{박무}{강도0}2400,
135,추풍령,1994-07-27,27,23.2,520,31.9,1613,,,,,,,7.2,90,1602,3.7,70,1550,1.2,1028,70,21.6,54,1554,72.5,25.8,974.9,1003.7,0,1000.6,1710,1002.3,14.2,6,1500,2.06,14.86,,,,,,6.8,4.8,29.1,20.6,,,,,,,,,,,,,-{박무}-{박무}{강도0}0300-0520.{박무}2120-{박무}{강도0}2400,
135,추풍령,1994-07-28,27,23.9,602,31.7,1345,1.48,.5,1641,.9,1600,.9,5.9,50,1404,2.7,50,1420,.8,668,50,22.3,57,1344,75.8,27,974.4,1002.9,520,999.8,1723,1001.8,14.1,2.1,1230,1.8,9.73,,,,,,9.3,6.5,29.1,22.9,,,,,,,,,,,,.9,-{박무}-{박무}{강도0}0300-{박무}{강도0}0600-{박무}{강도0}0900-1135.{박무}1840-{박무}{강도0}2100-{박무}{강도0}2400-{비}1556-1725.,
135,추풍령,1994-07-29,27.9,24.1,550,33.6,1550,,,,,,,6,140,1635,3.3,140,1630,1,848,50,21.8,50,1520,70.5,26.2,975.5,1004.4,2340,1000.3,1622,1002.8,14.1,6.8,1300,2.67,15.82,,,,,,6.3,2.9,30.9,22,,,,,,,,,,,,,-{박무}-{박무}{강도0}0300-{박무}{강도0}0600-{박무}{강도0}0900-{박무}{강도0}1200-1350.{박무}1955-{박무}{강도0}2100-{박무}{강도0}2400,
135,추풍령,1994-07-30,27.1,22.3,605,34.4,1505,1.83,12.4,1937,24.5,1920,26.5,14.9,250,1942,9.7,250,1940,.9,752,70,21.6,47,1510,73.8,25.9,977.7,1008,2300,1002.8,1720,1005.2,14.1,8.2,1245,2.66,19.48,,,,,,5.5,3,32.1,18.8,,,,,,,,,,,,26.5,{소나기}1920-{소나기}{강도0}2100-2210.{번개}{강도0}(SW)1830-1855.{뇌전}{강도0}(W7~10)1905-{뇌전}{강도0}(W{이동}NW6~8)1912-{뇌전}{강도0}(NW{이동}N4~5)1917-{뇌전}{강도1}(N{이동}NE3~4)1930-{뇌전}{강도1}(NE{이동}E1~2)1934-{뇌전}{강도0}(E3~4)1954-{뇌전}{강도0}(E5~7)2012-2030.{번개}{강도0}(SE)2017-2035.-{박무}-{박무}{강도0}0300-{박무}{강도0}0600-{박무}{강도0}0900-{박무}{강도0}1200-1420.{박무}2140-{박무}{강도0}2400,
135,추풍령,1994-07-31,26.2,21.1,602,32.6,1439,,,,,,,6.1,160,1448,3.5,140,1500,.5,444,140,22.2,57,1430,79.8,26.8,980.3,1009.1,737,1006.5,1702,1007.9,14,4.3,1315,2.83,14.87,,,,,,6.8,4.6,28.7,19.7,,,,,,,,,,,,6.7,-{박무}-{박무}{강도1}0300-{박무}{강도1}0600-{박무}{강도0}0900-1120.{박무}1910-{박무}{강도0}2100-{박무}{강도0}2400,
135,추풍령,1994-08-01,25.2,23.5,525,28.1,1710,10.8,9.5,930,37.7,913,46.4,15.7,200,1658,8.7,250,1840,3.3,2863,50,22.5,64,1650,84.8,27.3,977.1,1008.2,0,1000,1508,1004.7,14,0,1000,.48,2.15,,,,,,10,5.3,25.2,22.6,,,,,,,,,,,,39.7,{비}0311-{소나기}0425-0548.{비}0638-{소나기}0830-{소나기}{강도0}0900-1022.{비}1115-{비}{강도0}1200-{비}{강도0}1500-1542.{천둥}{강도0}(SW)0428-{뇌전}{강도0}(SW10~12)0431-{뇌전}{강도0}(SW{이동}W10~12)0440-{뇌전}{강도0}(W{이동}NW10~12)0504-{뇌전}{강도0}(NW{이동}N8~10)0515-0522.{천둥}{강도0}(NE)0911-{뇌전}{강도0}(NE5~6)0913-{뇌전}{강도0}(NE{이동}N2~4)0915-{뇌전}{강도0}(N{이동}NW5~7)0918-0925.{뇌전}{강도0}(NE6~7)0922-{뇌전}{강도0}(NE{이동}N3~4)0924-{뇌전}{강도0}(N{이동}NW5~6)0930-0935.{뇌전}{강도0}(SE6~7)0945-{뇌전}{강도0}(SE{이동}E6~7)0952-1007.-{박무}-{박무}{강도0}0300-0325.,
135,추풍령,1994-08-02,27.7,23.9,610,32.5,1453,1.33,.7,2223,1,2220,1,9.2,270,114,5.7,270,120,1.6,1400,270,22.1,54,1340,72,26.5,982.1,1011.7,2227,1007.7,0,1009.6,14,5.9,1230,2.7,14.66,,,,,,7.8,4.1,28.8,21.7,,,,,,,,,,,,1,{번개}{강도0}(SW)2025-{번개}{강도0}(SW)2100-2115.{소나기}2220-2340.{박무}2140-{박무}{강도0}2400,
135,추풍령,1994-08-03,26.5,23.3,310,31.6,1734,3.8,6.5,1510,9.5,1447,11.5,10.4,270,1508,5.7,270,1510,.6,514,250,22.9,58,1720,81,27.9,982.8,1011.6,6,1008.5,1824,1010.5,14,7.9,1030,2.61,13.45,,,,,,6.3,2.8,28.1,21.2,,,,,,,,,,,,11.5,-{박무}-{박무}{강도0}0300-{박무}{강도0}0600-{박무}{강도0}0900-0950.{소나기}0915-1050.{소나기}1210-1330.{소나기}1447-{소나기}{강도0}1500-1540.{번개}{강도0}(SW)1157-{번개}{강도0}(SW)1200-{뇌전}{강도0}(SW{이동}S7~8)1205-1215.{천둥}{강도0}(NW)1452-{뇌전}{강도0}(NW{이동}W5~7)1457-{뇌전}{강도0}(W4~5)1500-{뇌전}{강도0}(W{이동}SW4~5)1505-1520.{뇌전}{강도0}(NE5~6)1504-{뇌전}{강도1}(NE{이동}E2~4)1507-{뇌전}{강도0}(E{이동}SE4~6)1514-{천둥}{강도0}(SE)1520-1530.,
135,추풍령,1994-08-04,27.6,22.7,613,33.3,1534,,,,,,,8.2,270,1031,5,270,1040,.9,819,270,21.4,43,1625,70.5,25.6,983.7,1012.3,2145,1009.8,50,1011.3,13.9,11.3,1200,2.82,21.11,,,,,,3.3,1.5,29.8,20.9,,,,,,,,,,,,,,
135,추풍령,1994-08-05,28.7,23.4,610,34.9,1602,,,,,,,5.1,230,1227,2.3,250,1330,.3,240,230,22.4,43,1602,70,27.1,985.2,1014.1,2400,1011,1653,1012.7,13.9,9.9,1100,2.88,21.36,,,,,,3,3.1,31.6,21.2,,,,,,,,,,,,,{박무}2120-{박무}{강도0}2400,
135,추풍령,1994-08-06,29.9,24.9,620,34.9,1616,,,,,,,6.8,290,2344,4.7,270,250,1.1,943,290,23.9,50,1440,71,29.6,985.9,1014.9,800,1010.4,1742,1013.3,13.9,10.4,1030,2.51,18.75,,,,,,3.5,2.4,32.3,22.6,,,,,,,,,,,,,-{박무}-{박무}{강도0}0300-0540.,
135,추풍령,1994-08-07,28.8,23.5,538,34.1,1545,,,,,,,8,290,2150,5,290,2200,1.7,1483,290,21.7,45,1342,67,26,984.9,1014.3,55,1010,1715,1012.4,13.8,10.9,1000,2.28,19,,,,,,2,2.8,31.5,20.6,,,,,,,,,,,,,,
135,추풍령,1994-08-08,28.3,22.1,603,34.2,1520,,,,,,,3.2,140,1302,1.5,140,1220,.2,202,140,22.4,47,1528,72,27.2,983.8,1013.9,730,1008.9,1833,1011.3,13.8,10.5,1200,2.7,20.07,,,,,,2.3,2,32.8,19.4,,,,,,,,,,,,,,
135,추풍령,1994-08-09,28.1,22,640,34.3,1418,,,,,,,7.3,160,1427,4.2,160,1420,1.1,953,140,22.3,47,1419,71.5,27,981.1,1011.2,130,1005.3,1750,1008.6,13.8,7.6,1300,1.92,14.43,,,,,,7.5,5.1,30.8,19.2,,,,,,,,,,,,2,,
135,추풍령,1994-08-10,25.3,22.7,540,26.9,1206,8.35,5.4,1839,10.5,1806,28,16.1,50,1728,7.3,50,1730,2.8,2393,50,22,71,1402,82.5,26.5,975.5,1007.3,0,998.7,1807,1003.1,13.7,0,800,.67,3.5,,,,,,10,6.1,25.8,21.2,,,,,,,,,,,,30.8,{소나기}0240-{소나기}{강도0}0300-0321.{비}1450-{비}{강도0}1500-1620.{비}1750-{비}{강도0}1800-{비}{강도1}2100-{비}{강도1}2400-{뇌전}{강도0}(E5~6)0238-{뇌전}{강도0}(E{이동}NE5~6)0250-{뇌전}{강도0}(NE{이동}N3~5)0255-{뇌전}{강도0}(N3~5)0300-{뇌전}{강도0}(N{이동}NW5~6)0302-0312.{번개}{강도0}(E)0323-0356.,
135,추풍령,1994-08-11,25.1,23.7,430,26.1,1308,18.8,1.4,1312,2.6,1312,10.6,12,90,652,5,90,710,3.3,2882,70,21.7,72,2056,81,25.9,973.7,1004,2120,999.4,300,1001.3,13.7,0,1430,.48,2.91,,,,,,8.5,4.6,24.7,23.3,,,,,,,,,,,,5.8,-{비}-{비}{강도0}0300-{비}{강도0}0600-{비}{강도0}0900-{비}{강도0}1200-{비}{강도0}1500-{비}{강도0}1800-1848.,
135,추풍령,1994-08-12,27.3,24.7,550,30.9,1330,,,,,,,8.6,50,550,4,50,350,1.9,1674,50,22.2,60,1628,74,26.8,978.1,1007.6,2149,1003.4,48,1005.5,13.7,3.6,1145,1.96,10.28,,,,,,6.5,5,28.4,21,,,,,,,,,,,,,,
135,추풍령,1994-08-13,27.9,21.3,602,34,1415,,,,,,,9,110,1433,4.7,110,1450,1.5,1308,90,20.5,48,1435,65.3,24.2,977.9,1007.6,415,1002.9,1658,1005.3,13.6,10.2,1300,2.51,17.83,,,,,,2.5,2.6,29.6,19.4,,,,,,,,,,,,,,
135,추풍령,1994-08-14,27.7,24.8,636,32.2,1258,,,,,,,10.3,90,2345,5,50,230,2.2,1868,90,21.3,53,1247,68.3,25.4,976.9,1006.9,2400,1003.3,416,1004.3,13.6,4,1130,2.65,13.28,,,,,,7.3,5,29.4,22.7,,,,,,,,,,,,,,
135,추풍령,1994-08-15,28.7,25.5,620,33.7,1452,,,,,,,9.4,110,2347,4.5,140,1730,1.9,1640,90,22.2,50,1510,68.8,26.8,980.2,1010.1,2330,1006.1,240,1007.6,13.6,8.7,1230,2.65,18.39,,,,,,6.8,4,30.9,22.4,,,,,,,,,,,,.5,{박무}0320-{박무}{강도0}0600-{박무}{강도0}0900-1030.,
135,추풍령,1994-08-16,26.1,24.1,718,28.8,1243,3.62,.2,650,.4,620,.5,8.1,90,448,4,90,500,1.2,1025,140,22,66,1305,78,26.5,983.4,1013,2350,1009.9,110,1011.1,13.5,1.2,915,1.31,6.34,,,,,,9.5,5.8,27.3,23.2,,,,,,,,,,,,,{비}0448-{비}{강도0}0600-0825.,
135,추풍령,1994-08-17,27.1,22.4,558,31.8,1514,1.48,.8,1550,1.5,1530,1.7,5.6,250,1701,3.7,250,1810,.6,536,250,21.2,55,1438,70.5,25.1,985,1014,914,1010.7,1618,1012.6,13.5,4.2,930,1.88,11.57,,,,,,6.5,5.3,29.2,21,,,,,,,,,,,,1.7,{소나기}0528-1614.{소나기}1757-{소나기}{강도0}1800-1840.{박무}1920-{박무}{강도0}2100-{박무}{강도0}2400,
135,추풍령,1994-08-18,26.2,22.9,2150,31.9,1401,1.12,0,,0,,0,7.4,140,1948,4.2,140,2000,.8,658,270,20.5,47,1346,71.8,24.1,984.4,1014,2400,1010.1,1525,1012.2,13.5,5.3,1145,2.34,15.48,,,,,,8.3,5.9,28.7,20.6,,,,,,,,,,,,0,-{박무}-{박무}{강도0}0300-{박무}{강도0}0600-0720.{소나기}1945-1952.{소나기}2024-{소나기}{강도0}2100-2124.{번개}{강도0}(SE)1940-{번개}{강도0}(SE{이동}S)1952-{뇌전}{강도0}(S{이동}SW5~6)1955-{뇌전}{강도0}(SW{이동}W6~7)2005-2015.{뇌전}{강도0}(S8~10)2014-{뇌전}{강도0}(S{이동}SW5~6)2016-{뇌전}{강도0}(SW{이동}W5~6)2021-{뇌전}{강도0}(W5~6)2027{뇌전}{강도0}(W{이동}NW6~7)2035-{뇌전}{강도0}(NW6~7)2045-{뇌전}{강도0}(NW7~8)2053-{뇌전}{강도0}(NW7~8)2100-2112.,
135,추풍령,1994-08-19,25.8,20.8,2400,31.4,1528,,,,,,,7,110,1145,3,110,1150,.7,616,70,19.4,46,1733,69,22.6,986.3,1017,2400,1012.3,1737,1014.2,13.4,8.2,1100,2.71,17.5,,,,,,5,2.5,29.7,15.1,,,,,,,,,,,,,{박무}0320-{박무}{강도0}0600-{박무}{강도0}0900-1020.,
135,추풍령,1994-08-20,23.8,16.3,645,31.4,1502,,,,,,,7.6,50,1715,3,90,1040,.7,612,50,14.9,40,1458,59.5,17.1,988.1,1018.4,620,1013.8,1600,1016.2,13.4,9.9,1115,2.72,19.47,,,,,,2.3,2.5,26.9,12.4,,,,,,,,,,,,,,
135,추풍령,1994-08-21,24.4,18.9,2400,30.9,1628,,,,,,,6.7,70,935,2.7,70,940,.8,656,90,15.6,38,1636,59,17.7,987.8,1017.3,0,1012.7,1801,1015.8,13.4,11.4,1300,2.82,21.22,,,,,,2.3,2.1,28.7,11.9,,,,,,,,,,,,,,
135,추풍령,1994-08-22,22.6,14.3,642,31,1635,,,,,,,5.6,70,1455,2.3,70,1450,.5,453,70,15.5,38,1625,66.5,17.6,986.9,1016.9,720,1012.2,1802,1015.1,13.3,11.7,1300,2.75,20.78,,,,,,.3,.4,29,10.4,,,,,,,,,,,,,,
135,추풍령,1994-08-23,23.8,17.2,620,31.9,1540,,,,,,,3.2,250,1214,1.3,250,1210,.1,118,50,16.5,34,1555,67,18.9,986,1016.1,637,1011,1744,1014,13.3,11.3,1100,2.88,21.14,,,,,,1.5,.9,30.4,13.3,,,,,,,,,,,,,,
135,추풍령,1994-08-24,24.1,16.4,345,32.6,1504,,,,,,,5,180,1502,2.7,250,1000,.4,319,180,17.7,40,1430,69.8,20.2,983.1,1013.4,0,1008,1827,1011,13.3,10.3,1115,2.75,20.06,,,,,,3,1.8,31,12.9,,,,,,,,,,,,,{달무리}2240,
135,추풍령,1994-08-25,25.2,18.5,435,32.5,1400,1.18,1,2240,2,2218,2,6.1,250,1813,3.7,250,1840,.5,389,140,20.2,48,1332,75.3,23.7,980.5,1010.7,0,1005.4,1635,1008.2,13.2,5.7,1245,2.47,14.05,,,,,,8.8,3.3,30.8,15.5,,,,,,,,,,,,2.5,-{달무리}-0410.{소나기}1755-{소나기}{강도0}1800-1828.{소나기}2218-2256.{박무}2025-{박무}{강도0}2100-{박무}{강도0}2400,
135,추풍령,1994-08-26,25.1,22.6,2400,30.4,1721,2.83,.2,704,.3,700,.5,8,250,1304,4.7,230,1350,1.6,1352,270,20,47,1714,75,23.4,981.9,1012.8,2400,1007.6,140,1009.7,13.2,5,1245,2.47,13.06,,,,,,5.8,2.9,27.8,19.8,,,,,,,,,,,,0,{비}0655-{비}{강도0}0900-0945.-{박무}-{박무}{강도0}0300-{박무}{강도0}0600-0840.,
135,추풍령,1994-08-27,25.8,19.3,642,32.9,1550,,,,,,,6.3,270,22,5,270,30,.9,736,270,18.6,35,1517,67.3,21.5,985.1,1014.6,802,1010.4,1544,1012.9,13.2,9.6,1115,2.77,19.02,,,,,,4.8,2.6,30.6,16.4,,,,,,,,,,,,5.3,{박무}0420-{박무}{강도0}0600-0820.,
135,추풍령,1994-08-28,24.9,21.3,340,30.3,1445,3.7,2.3,830,10.4,827,12.9,7,140,1252,3.3,140,1230,.6,476,140,21.3,60,1444,81.3,25.5,985.8,1016.3,906,1011.5,1455,1013.6,13.1,2.6,1345,2.19,8.76,,,,,,6.5,4.5,26.8,18.8,,,,,,,,,,,,7.6,{박무}0120-{박무}{강도0}0300-{박무}{강도0}0600-0815.{박무}1935-{박무}{강도0}2100-{박무}{강도0}2400-{비}0809-{비}{강도1}0900-1040.{소나기}1552-1640.{소나기}2002-2025.{번개}{강도0}(NW)2008-{번개}{강도0}(NW{이동}W)2015020.,
135,추풍령,1994-08-29,25.9,21.8,610,32.2,1610,4.08,12.7,1939,22.9,1933,25.7,12.4,290,1944,8.3,290,1950,.8,714,250,20.8,48,1454,75,24.6,987.4,1017.6,2350,1013.2,1504,1015.2,13.1,5.9,1130,2.77,15.79,,,,,,6,4.1,28.8,20.2,,,,,,,,,,,,25.7,{소나기}0905-1015.{소나기}1715-1750.{소나기}1920-{소나기}{강도0}2100-2140.{천둥}{강도0}(NW)1710-{천둥}{강도0}(NW{이동}N)1721-1726.{천둥}{강도0}(SW)1905-{뇌전}{강도0}(SW7~8)1915-{뇌전}{강도0}(SW{이동}S4~5)1924-{뇌전}{강도1}(S4~5)1928-{뇌전}{강도1}(S{이동}SE5~6)1935-{뇌전}{강도0}(SE7~8)1948-{뇌전}{강도0}(SE8~10)1957-{번개}{강도0}(SE)2008-2020.{뇌전}{강도1}(NW5~7)1940-{뇌전}{강도1}(NW{이동}N4~5)1949-{뇌전}{강도2}(N2~3)1953-{뇌전}{강도1}(N{이동}NE3~4)2005-{뇌전}{강도0}(NE4~6)2016-{뇌전}{강도0}(NE6~8)2025-{뇌전}{강도0}(NE8~10)2030-{번개}{강도0}(NE)2039-2115.-{박무}-{박무}{강도0}0300-0525.,
135,추풍령,1994-08-30,25.8,20.7,423,32.4,1546,,,,,,,6,270,1221,4,270,1200,.9,781,320,20.8,47,1526,75.8,24.5,988.4,1017.8,750,1014.5,1528,1016.3,13.1,10,1130,2.75,18.97,,,,,,3.8,3.3,28.3,19,,,,,,,,,,,,,{박무}0120-{박무}{강도0}0300-{시정(미만)}{1km}{안개}0345-{시정(미만)}{0.5km}{안개}0510-{안개}{강도1}0600-{시정(이상)}{0.5km}{안개}0730-{시정(이상)}{1km}{박무}0742-0805.{박무}2240-{박무}{강도0}2400,3.95
135,추풍령,1994-08-31,25.9,21.4,609,32.3,1627,,,,,,,8,320,1043,4.3,320,1050,1.7,1460,320,20.2,46,1622,73,23.8,988,1017.1,742,1014.1,1608,1015.9,13,10.6,1115,2.73,20.1,,,,,,.3,.5,28.3,19.3,,,,,,,,,,,,,-{박무}-{박무}{강도0}0300-{박무}{강도2}0600-0825.{박무}2020-{박무}{강도0}2100-{박무}{강도0}2400,
135,추풍령,1994-09-01,25.7,20.7,604,32.1,1635,,,,,,,7.7,250,1107,5.3,250,1110,1.7,1488,250,19.5,43,1535,70.8,22.7,987.4,1016.6,655,1013.3,1750,1015.3,13,11,1130,3.25,22.33,,,,,,1.3,.3,29.3,18,,,,,,,,,,,,,-{박무}-{박무}{강도0}0300-{박무}{강도0}0600-0725.{박무}2130-{박무}{강도0}2400,
135,추풍령,1994-09-02,24.6,21.4,2400,29.9,1408,,,,,,,9.2,250,1255,5.7,250,1310,2.3,1946,270,20,54,1359,76.3,23.4,986.1,1015.6,1022,1011.3,1503,1014,12.9,5.5,1050,2.86,13.33,,,,,,5.3,2.6,27.2,18,,,,,,,,,,,,,-{박무}-{박무}{강도0}0300-0530.,
135,추풍령,1994-09-03,25.4,19.8,533,32.7,1554,,,,,,,6,320,207,2.5,320,210,.5,430,320,19,39,1548,70,22,984.8,1014.7,0,1010.1,1655,1012.6,12.9,10,1300,2.66,18.82,,,,,,.5,2.6,29.6,16.5,,,,,,,,,,,,,{박무}0040-{박무}{강도0}0300-{박무}{강도0}0600-{박무}{강도0}0900-1020.{박무}2045-{박무}{강도0}2100-{박무}{강도0}2400,
135,추풍령,1994-09-04,25.3,19.2,605,32.5,1610,,,,,,,5.7,250,1119,2.7,250,1110,.6,527,250,20,44,1557,74.5,23.4,981.4,1012.2,0,1005.8,1747,1009.2,12.9,7.9,1030,2.46,16.1,,,,,,4.8,3.4,29.6,16.5,,,,,,,,,,,,,-{박무}-{박무}{강도0}0300-{박무}{강도0}0600-{박무}{강도0}0900-{박무}{강도0}1200-1410.{박무}2020-{박무}{강도0}2100-{박무}{강도0}2400,
135,추풍령,1994-09-05,24.6,20.6,2400,29.3,1322,1.83,1.5,1547,3.8,1547,4,10.2,270,1540,6.3,290,1610,2.5,2123,270,18.5,55,1348,69.8,21.3,977.5,1008.7,2340,1002.9,1516,1005.2,12.8,2.5,1230,1.38,8.9,,,,,,7.3,4.5,27.1,18,,,,,,,,,,,,4,-{박무}-{박무}{강도0}0300-{박무}{강도0}0600-0720.{소나기}1530-1720.{천둥}{강도0}(SW)1535-{뇌전}{강도0}(SW4~6)1542-1550.{뇌전}{강도0}(SE3~5)1622-1636.,
135,추풍령,1994-09-06,21.1,15.4,2400,27,1706,.53,0,,0,,0,7.8,290,150,5.3,290,310,2.5,2148,270,13.5,35,1547,63.8,15.6,982.3,1014.6,2400,1007.9,406,1010.5,12.8,5,1230,2.53,16.77,,,,,,8.3,4.8,23.6,10.7,,,,,,,,,,,,,{비}0248-{비}{강도0}0300-0320.,
135,추풍령,1994-09-07,20.8,12.6,633,30.4,1550,,,,,,,4.7,290,2045,3.7,290,2100,.4,305,180,13.1,34,1430,64.5,15.1,985.7,1016.1,818,1011.1,1740,1014,12.8,10.4,1115,2.66,19.58,,,,,,2,1.3,25.5,8.2,,,,,,,,,,,,,,
135,추풍령,1994-09-08,22,16.7,550,28.3,1502,,,,,,,8.3,270,1541,6,270,1520,2.7,2294,270,14.8,39,1408,66,16.9,985.5,1015.6,716,1011.3,1555,1013.7,12.7,10.2,1130,3.06,19.76,,,,,,1,.3,25.8,12.2,,,,,,,,,,,,,{박무}2310-{박무}{강도0}2400,
135,추풍령,1994-09-09,22.1,14.1,602,29.9,1503,,,,,,,4.8,160,1013,1.7,160,1030,.2,182,360,15.7,43,1354,69.3,17.8,982.9,1014.1,0,1007.9,1555,1011,12.7,6.4,1115,2.53,16.14,,,,,,5,3.4,26.4,10.1,,,,,,,,,,,,,-{박무}-{박무}{강도0}0300-{박무}{강도0}0600-{박무}{강도0}0900-{박무}{강도0}1200-1420.,
135,추풍령,1994-09-10,22.1,17.4,626,27.8,1330,1.47,0,,0,,0,9.7,250,1721,6.3,250,1710,1.8,1546,270,17,51,1400,73.3,19.3,978.5,1008.8,0,1002.5,1600,1006.5,12.6,2.8,1200,1.41,8.84,,,,,,7.8,5.5,24.4,14.3,,,,,,,,,,,,,{비}1545-1615.{비}1742-{비}{강도0}1800-1840.{박무}0110-{박무}{강도0}0300-{박무}{강도0}0600-{박무}{강도0}0900-{박무}{강도0}1200-1340.{박무}1920-{박무}{강도0}2100-{박무}{강도0}2400,
135,추풍령,1994-09-11,19.2,16.3,2400,22.2,1338,,,,,,,11.7,270,927,6.7,270,1550,3.5,3030,270,9.8,42,1454,54.8,12.2,982.9,1014.7,2340,1007.7,0,1011.3,12.6,4.4,900,2.06,12.77,,,,,,6.3,4.4,21.4,13.8,,,,,,,,,,,,,-{박무}-{박무}{강도0}0300-0440.,
135,추풍령,1994-09-12,18.5,14,2400,25.1,1610,,,,,,,10,270,1305,6,270,1240,2.4,2057,270,10,32,1600,58.3,12.3,986.9,1018.7,2400,1014,1535,1015.5,12.6,7.7,1300,2.22,13.74,,,,,,6.5,2.4,21.4,8.4,,,,,,,,,,,,,,
135,추풍령,1994-09-13,17.5,9.9,620,25,1542,,,,,,,8.2,230,1209,4.7,250,910,1.3,1130,250,8.6,30,1520,59.3,11.2,990.8,1022,2400,1017.2,1700,1019.6,12.5,11.3,1145,2.76,20.05,,,,,,.8,.4,22.4,4.7,,,,,,,,,,,,,,
135,추풍령,1994-09-14,17.9,9.5,649,27.2,1355,,,,,,,7.2,50,1429,3.5,70,1440,.8,679,70,10.7,38,1319,65.3,12.9,992.2,1023,752,1017.9,1710,1021,12.5,9.9,1200,2.51,16.22,,,,,,2,1.1,22.4,4.4,,,,,,,,,,,,,,
135,추풍령,1994-09-15,17.7,9.5,520,26.7,1646,,,,,,,8.3,20,1613,4,20,1610,.9,776,20,9.5,32,1630,61.5,11.9,989.8,1021.6,0,1015.3,1645,1018.6,12.5,10.3,1215,2.57,17.3,,,,,,.8,1.6,21.7,4.2,,,,,,,,,,,,,,
135,추풍령,1994-09-16,17.6,9.2,620,26.2,1248,,,,,,,7.5,250,955,5.7,250,950,1.7,1440,270,10,40,1240,63,12.3,983.4,1017.7,0,1007.1,2400,1012,12.4,7.2,1030,2.27,12.71,,,,,,5,3,20.7,4.3,,,,,,,,,,,,,,
135,추풍령,1994-09-17,17.3,15.4,720,19.8,1216,6.13,.2,1536,.2,1442,.3,10.9,270,1121,6.3,270,1020,3.8,3276,270,13.7,60,0,79.3,15.8,975.1,1007.1,0,1001.5,1732,1003.5,12.4,.5,1115,1.68,6.23,,,,,,10,4.9,18.8,13.7,,,,,,,,,,,,.3,{비}1442-{비}{강도0}1500-1615.{비}1840-{비}{강도0}2100-2315.,
135,추풍령,1994-09-18,20.5,13,610,27.3,1517,,,,,,,8.2,290,2120,6,290,2130,2.3,2015,270,13.2,35,1620,65.8,15.2,972.4,1002.5,0,997.9,1503,1000.4,12.3,9.4,1200,2.59,17.34,,,,,,4.5,3.9,24.4,9.5,,,,,,,,,,,,,,
135,추풍령,1994-09-19,20.6,16.2,2400,26.3,1533,,,,,,,11.2,270,1350,6,270,1400,2.8,2382,270,13.5,39,1750,65.5,15.5,976.9,1010.1,2400,1002.1,0,1005,12.3,8.3,1045,2.32,17.49,,,,,,3,2.8,24.1,10.7,,,,,,,,,,,,,,
135,추풍령,1994-09-20,18.1,11.2,620,26.6,1250,.75,1.6,1720,2.2,1705,2.2,11,290,1732,6.3,290,1730,1.3,1162,270,13.3,32,1156,77,15.4,981.8,1012.1,750,1007.7,1608,1010.3,12.3,4.8,1130,2.2,11.49,,,,,,8.3,2.8,21.7,7,,,,,,,,,,,,,{소나기}1705-1750.{천둥}{강도0}(N)1705-{천둥}{강도0}(N{이동}NW)1715-1720.{박무}1920-{박무}{강도0}2100-{박무}{강도0}2400,
135,추풍령,1994-09-21,19.1,15,2400,24.1,1432,.8,.5,142,.8,132,.8,9.1,270,1405,5,290,1030,1.9,1673,270,12,37,1456,66,14.2,983.6,1013.7,2210,1010.5,39,1012,12.2,9.7,1100,2.37,16.14,,,,,,7.5,2.9,22.7,10.1,,,,,,,,,,,,,-{박무}-{박무}{강도0}0300-{박무}{강도0}0600-0735.{소나기}0132-0220.,
135,추풍령,1994-09-22,17.4,10.9,640,24.6,1442,,,,,,,11,270,1230,6.3,270,1420,1.7,1485,270,9.6,33,1430,63,12,984.1,1014.4,626,1010.7,1453,1012.8,12.2,9.6,1200,2.5,16.85,,,,,,2.3,1.3,20.2,4.9,,,,,,,,,,,,,,
135,추풍령,1994-09-23,17.8,10.1,642,23.6,1520,,,,,,,10.5,290,1027,7,290,1030,2.6,2256,290,9.3,37,1456,58.5,11.7,984.4,1014.7,2200,1010.3,1540,1013.1,12.1,9.3,1215,2.54,17.16,,,,,,3.8,3.1,22.8,4.9,,,,,,,,,,,,,,
135,추풍령,1994-09-24,12.9,7.9,504,20.5,1347,.47,1.1,1402,1.1,1356,1.1,12,290,1349,6,290,1350,1.3,1156,290,8.5,42,1339,75,11.1,985.5,1016.2,2330,1012.7,1336,1014.8,12.1,8,1115,2.2,12.75,,,,,,2.3,1.5,15.8,2.3,,,,,,,,,,,,1.1,{소나기}1356-1424.{천둥}{강도0}(NW)1350-1415.,
135,추풍령,1994-09-25,15.5,6.8,653,24,1452,,,,,,,9.3,270,1240,5,270,1300,1.3,1107,270,9.1,38,1352,69,11.5,985.5,1016.2,0,1011.5,1420,1014.4,12.1,10.7,1145,2.57,17.7,,,,,,1,1.3,19.6,2.3,,,,,,,,,,,,,,
135,추풍령,1994-09-26,16.9,9.6,730,25.6,1534,,,,,,,8.3,270,1345,4.5,290,1410,.9,753,270,10.5,30,1323,70,12.7,985.2,1015.7,2340,1011.2,1450,1014,12,10,1145,2.42,16.31,,,,,,2.3,1.5,21,4.4,,,,,,,,,,,,,,
135,추풍령,1994-09-27,16.7,10.6,247,26.5,1540,,,,,,,8.5,270,946,6.3,270,940,1.5,1274,270,7.8,25,1445,61,10.7,987.1,1017.6,2400,1013.9,1538,1015.9,12,10.8,1200,2.52,18.02,,,,,,1.8,1.8,20.9,4.2,,,,,,,,,,,,,,
135,추풍령,1994-09-28,16.7,6.8,704,27.3,1446,,,,,,,9.7,90,1730,4,90,1740,1.2,1033,90,8.8,32,1535,62.3,11.3,986.7,1017.8,13,1011.8,1517,1015.5,12,10.8,1200,2.42,17.01,,,,,,.3,.1,20.2,1.7,,,,,,,,,,,,,,
135,추풍령,1994-09-29,15.8,10,640,24.2,1554,,,,,,,6.9,160,1553,3.3,160,1600,.7,624,70,9.9,40,1356,70.3,12.2,982.7,1015.5,0,1007.9,1620,1011.6,11.9,6.8,1245,1.85,12.03,,,,,,2.5,2.1,19,4.1,,,,,,,,,,,,,,
135,추풍령,1994-09-30,16.1,9.6,552,24.5,1504,,,,,,,9.3,270,1014,5.3,270,1000,2,1760,270,8.7,35,1540,64.8,11.3,982.4,1015.1,2400,1009.5,1435,1011.2,11.9,10.5,1200,2.42,16.77,,,,,,.5,.6,19.7,3.1,,,,,,,,,,,,,,
135,추풍령,1994-10-01,16,7.9,720,24.6,1451,,,,,,,8.3,250,1229,6,270,1210,1.4,1210,270,9,37,1443,66,11.5,986.5,1017.6,2250,1013.3,1435,1015.4,11.8,9.9,1215,2.33,15.84,,,,,,.3,.3,19.5,2.2,,,,,,,,,,,,,,
135,추풍령,1994-10-02,17.3,9,630,27.7,1524,,,,,,,6.1,290,1555,3.5,290,1600,.7,624,230,9.5,26,1630,65,11.9,988.3,1019.2,736,1013.8,1500,1017.1,11.8,9.7,1200,2.26,15.06,,,,,,.5,0,20.4,4.2,,,,,,,,,,,,,{박무}0140-{박무}{강도0}0300-{박무}{강도0}0600-0650.,
135,추풍령,1994-10-03,16.3,10.9,742,24.6,1525,,,,,,,6.3,270,1115,3.7,270,1130,.7,593,270,10.2,36,1514,70.8,12.5,988.6,1020.5,1033,1014.4,2400,1017.6,11.8,6.5,1300,1.52,9.64,,,,,,4.3,1.6,18.8,6.4,,,,,,,,,,,,.2,{박무}2020-{박무}{강도0}2100-{박무}{강도0}2400,
135,추풍령,1994-10-04,15.3,11.1,2400,20.2,1357,.58,.1,833,.2,810,.2,14.3,270,1522,10.3,290,1310,3,2579,290,8.6,36,1544,67.8,11.4,984.9,1017.1,2400,1012.4,633,1013.9,11.7,5.6,1230,2.3,11.34,,,,,,7.3,3.1,17.8,6.5,,,,,,,,,,,,,{소나기}0810-0845.-{박무}-{박무}{강도0}0300-0540.,
135,추풍령,1994-10-05,15.5,7.9,708,21.6,1411,,,,,,,12.3,270,1454,8.3,290,1440,2.3,2013,270,6.5,30,1444,57.3,9.8,987.7,1018.7,2320,1014.8,1427,1016.6,11.7,9.2,1330,1.84,12.09,,,,,,2,1.8,17.3,1.7,,,,,,,,,,,,,,
135,추풍령,1994-10-06,17,8.5,55,24.5,1441,,,,,,,11.5,270,1130,6.3,290,1350,2.5,2160,270,8.1,29,1310,58.5,10.8,990.3,1023.4,2400,1017.5,1434,1019.2,11.6,8.6,1130,2.46,14.73,,,,,,1.5,1.3,18.3,3.2,,,,,,,,,,,,,,
135,추풍령,1994-10-07,14.8,7.8,702,22.2,1503,,,,,,,5.2,250,1214,3,270,1230,.4,332,270,8.8,30,1226,70.5,11.4,996.1,1027.9,2330,1023.4,0,1025.4,11.6,4.5,930,1.6,8.64,,,,,,5.5,3,16.6,2.6,,,,,,,,,,,,,{햇무리}1120-1210.{박무}2140-{박무}{강도0}2400,
135,추풍령,1994-10-08,15.5,6.8,716,26.8,1438,,,,,,,5.4,180,1344,2.8,180,1330,.4,357,90,6.2,21,1629,61.3,9.5,997.7,1029.6,810,1023.5,1508,1027,11.6,9.2,1200,2.11,13.82,,,,,,.5,2.4,18.7,1.9,,,,,,,,,,,,,-{박무}-{박무}{강도0}0300-{박무}{강도0}0600-0840.,
135,추풍령,1994-10-09,17.8,10.2,729,26.9,1506,,,,,,,7,90,2208,3.3,90,2220,.8,718,90,9.5,37,1422,61,12,995.8,1027.3,0,1021.7,1600,1024.7,11.5,7.9,1200,2.12,12.51,,,,,,8,4.8,21.2,4.2,,,,,,,,,,,,,{박무}2010-{박무}{강도0}2100-{박무}{강도0}2400,
135,추풍령,1994-10-10,17.4,15,601,20.7,1332,2.23,.2,1444,.2,1440,.2,7.1,90,1114,3.3,70,950,1.4,1196,70,13.1,62,1336,75.8,15.1,993.8,1024.1,1006,1020.6,2400,1022.7,11.5,0,900,.68,3.79,,,,,,10,5.1,18.3,12,,,,,,,,,,,,.2,-{박무}-{박무}{강도0}0300-{박무}{강도0}0600-0635.{비}1440-{비}{강도0}1500-1540.{비}1620-1640.{비}1748-{비}{강도0}1800-1842.,
135,추풍령,1994-10-11,16.7,15.2,30,19,1228,9.8,2,2340,8.7,2250,34,10,70,2120,4.3,50,2350,1.9,1648,340,14.8,76,1210,88.3,16.9,986,1020.6,0,1002.2,2400,1014.9,11.5,0,1100,.6,1.85,,,,,,10,5.8,17.6,14.3,,,,,,,,,,,,82.7,{비}0732-0805.{비}1445-{비}{강도0}1500-{비}{강도0}1800-{비}{강도0}2100-{비}{강도0}2400-{박무}0120-{박무}{강도0}0300-{박무}{강도0}0600-{박무}{강도0}0900-1020.,
135,추풍령,1994-10-12,17.7,14.6,1230,20.2,540,12.58,4,10,13.2,0,53.7,18.9,270,914,11.7,270,920,4.9,4210,270,14.2,66,2133,80.3,16.4,971.9,1012.7,2400,987.4,637,1000.2,11.4,0,830,.45,1.99,,,,,,9.5,6,18,11.3,,,,,,,,,,,,5,-{비}-{비}{강도1}0300-{비}{강도0}0600-{비}{강도0}0900-{비}{강도0}1200-1235.,
135,추풍령,1994-10-13,17.1,13.4,2400,23.7,1406,,,,,,,12,290,1242,6,290,1140,2.6,2216,290,10.4,35,1636,66.5,12.7,985.4,1017.9,2400,1012.5,55,1014,11.4,7.5,1200,2.1,12.41,,,,,,2.3,2,16.5,9.5,,,,,,,,,,,,,{박무}2040-{박무}{강도0}2100-{박무}{강도0}2400,
135,추풍령,1994-10-14,16.9,10.3,2355,23.3,1451,,,,,,,9.4,270,1244,5,320,1310,1.6,1374,270,10.3,31,1423,69,12.7,991.2,1023.5,2400,1017.9,0,1020.1,11.3,9,1130,2.24,13.78,,,,,,2.3,.8,17,5.2,,,,,,,,,,,,,-{박무}-{박무}{강도0}0300-{박무}{강도0}0600-{박무}{강도0}0900-1015.{달무리}2330,
135,추풍령,1994-10-15,14.8,9.5,35,20.6,1512,,,,,,,5.8,110,1115,2.3,110,1130,.5,390,110,11.1,57,1526,79.8,13.3,992.4,1024.3,815,1017.9,2400,1021.6,11.3,2.1,1400,1.05,5.83,,,,,,6,4.1,16.8,5.6,,,,,,,,,,,,1.4,-{달무리}-0110.{박무}2045-{박무}{강도0}2100-{박무}{강도0}2400,
135,추풍령,1994-10-16,15.8,12.8,530,19,1503,10.35,2,1424,4.8,1420,14.5,10.6,290,1842,7,290,1850,1.4,1242,290,14.1,84,0,90.3,16.3,985.2,1017.9,0,1010.1,1354,1014,11.3,0,1015,.25,1.03,,,,,,8.5,5.5,16.3,9.5,,,,,,,,,,,,13.1,-{박무}-{박무}{강도0}0300-{박무}{강도0}0600-{박무}{강도0}0900-1120.{박무}2310-{박무}{강도0}2400-{비}0714-{비}{강도0}0900-{비}{강도0}1200-{비}{강도1}1500-1735.,
135,추풍령,1994-10-17,15,9.8,2400,18.2,1503,,,,,,,8.9,90,945,3.3,90,940,1.2,1002,90,10.3,59,1515,74.3,12.6,992.2,1024.6,2400,1017,0,1021.3,11.2,.2,1130,.84,5.01,,,,,,7.5,4.4,16.5,5,,,,,,,,,,,,,-{박무}-{박무}{강도0}0300-0440.,
135,추풍령,1994-10-18,12.8,6.1,602,20.2,1503,,,,,,,6.3,90,1247,2.7,160,1200,.5,433,90,8.8,43,1304,78.8,11.4,994.7,1026.7,835,1021.7,1653,1024.2,11.2,5.5,1045,1.62,9.87,,,,,,4.8,4.3,15.5,2,,,,,,,,,,,,0,,
135,추풍령,1994-10-19,13.9,11.5,610,16.5,1503,1.58,0,,0,,0,8.3,290,2340,5.7,290,2330,1.8,1561,290,9.5,58,1428,76,11.9,990.8,1022.6,0,1017.9,1500,1020,11.2,0,1100,.87,3.66,,,,,,9.5,4.5,15.1,9.3,,,,,,,,,,,,,{비}0705-0840.,
135,추풍령,1994-10-20,13.4,8.9,2400,21.3,1328,7.08,.3,2130,.8,2109,2.7,12.2,70,2110,4.7,50,1540,2.4,2092,290,8.1,40,1329,70.8,10.8,991.9,1023.6,2130,1018.9,1430,1021.3,11.1,6.7,1100,1.93,10.41,,,,,,7,3.1,14.8,3.7,,,,,,,,,,,,18.8,{비}1655-{비}{강도0}1800-{비}{강도0}2100-{비}{강도0}2400,
135,추풍령,1994-10-21,6.9,5.6,2400,9.1,5,22.83,1,740,4,700,28.5,9.3,270,2248,5.7,270,2250,2,1718,70,5.7,80,1253,92.5,9.2,989.7,1022.6,0,1017.6,1338,1019.7,11.1,0,900,.39,1.84,,,,,,10,4.6,9.5,4,,,,,,,,,,,,12.4,-{비}-{비}{강도0}0300-{비}{강도0}0600-{비}{강도0}0900-{비}{강도0}1200-{비}{강도0}1500-{비}{강도0}1800-{비}{강도0}2100-2250.,
135,추풍령,1994-10-22,10.8,5.4,10,16.4,1442,,,,,,,13.3,290,1230,7,290,1450,4.5,3908,290,3.9,37,1346,64,8.1,990.8,1023.1,2337,1019,35,1020.4,11,8.3,1145,2.16,13.68,,,,,,5,1.9,12,2.9,,,,,,,,,,,,,,
135,추풍령,1994-10-23,11.1,3.1,732,20.2,1425,,,,,,,6.5,270,938,3.3,270,940,.8,733,70,5.1,39,1158,69.8,8.8,995.8,1028.3,2400,1023.1,0,1025.4,11,9.6,1200,2.01,13.39,,,,,,0,0,12,-1.3,,,,,,,,,,,,,,
135,추풍령,1994-10-24,12,6.9,2323,18.7,1122,,,,,,,7.2,110,1110,3.8,110,1140,1.4,1232,70,6,45,1143,67.3,9.4,999.6,1030.7,900,1028,1456,1029.3,11,4.1,1030,2.36,7.9,,,,,,5.8,4.1,12.8,1.6,,,,,,,,,,,,,,
135,추풍령,1994-10-25,9.6,4.6,720,17.1,1457,,,,,,,8,90,1203,3.7,110,1220,.8,703,90,4.7,44,1452,74.8,8.6,997.5,1029.6,0,1024.3,1523,1027.4,10.9,6.6,1330,1.87,8.98,,,,,,2.5,2.4,11.4,.6,,,,,,,,,,,,,,
135,추풍령,1994-10-26,9.4,2,652,19.7,1416,,,,,,,4.5,160,1610,1.8,180,1630,.3,276,110,4.1,36,1524,74.3,8.2,994.8,1026.7,840,1021.8,1514,1024.7,10.9,9.7,1130,2.08,13.23,,,,,,.5,0,11.7,-1.4,,,,,,,,,,,,,,
135,추풍령,1994-10-27,10.1,1.9,607,21.6,1606,,,,,,,5.2,90,1505,2.7,90,1500,.4,368,50,5,35,1528,74.5,8.7,993.2,1025.3,900,1019.6,1520,1022.9,10.9,9.7,1245,1.89,12.69,,,,,,0,0,11.6,-2,,,,,,,,,,,,,,
135,추풍령,1994-10-28,11.2,3.1,537,19.1,1436,,,,,,,10.6,270,1145,6,270,1200,2.3,2024,270,6.1,42,1333,73.3,9.5,988.7,1021.8,130,1014.5,1446,1018.1,10.8,8.6,1115,1.92,11.95,,,,,,1,2.3,12.2,-1.4,,,,,,,,,,,,,{박무}2120-{박무}{강도0}2400,
135,추풍령,1994-10-29,11.5,7.6,725,16.7,1532,,,,,,,10.5,290,2320,7.7,290,2340,4.3,3722,290,2.3,34,1455,54.3,7.2,987.6,1019.3,2400,1014.5,1438,1017,10.8,9.3,1100,1.92,12.91,,,,,,.8,0,12.5,2.8,,,,,,,,,,,,,-{박무}-0230.,
135,추풍령,1994-10-30,9.7,3.9,742,15.2,1438,,,,,,,10.1,270,1250,6,270,230,3.6,3117,270,1.6,38,1341,57.5,6.9,991.5,1023.9,2400,1019.3,0,1021.2,10.8,8.1,1100,1.88,11.28,,,,,,2,1.1,9.9,-.9,,,,,,,,,,,,,,
135,추풍령,1994-10-31,8.5,3.7,2400,16.7,1544,,,,,,,10.3,290,132,7.3,290,110,3.4,2952,270,-1.4,29,1658,50.5,5.5,996.6,1030.1,2400,1023.9,0,1026.6,10.7,9.6,1100,1.91,12.83,,,,,,0,0,9.9,-3.4,,,,,,,,,,,,,,
135,추풍령,1994-11-01,7.1,-1.1,730,18.7,1335,,,,,,,6,270,1424,2.5,230,1410,.4,360,230,1,30,1632,70,6.6,999,1032.4,908,1025.6,1602,1029.2,10.7,9.5,1100,1.83,12.26,,,,,,0,0,9.9,-5.3,,,,,,,,,,,,,,
135,추풍령,1994-11-02,9.9,1.8,120,19.9,1503,.16,,,,,.5,14,290,2337,7.3,290,2330,2.1,1777,270,2.6,29,1438,66,7.4,994.1,1027.8,48,1019.7,1652,1023.9,10.7,7.8,1200,1.72,11.03,,,,,,.8,1.6,10.8,-3.3,,,,,,,,,,,,.5,{소나기}2335-2345.,
135,추풍령,1994-11-03,10.6,3.1,2353,16.2,1410,,,,,,,13.6,320,1132,7.7,320,1130,3.1,2648,270,1.5,31,1610,54,6.9,996.6,1031.1,2400,1021.5,0,1026.4,10.6,9.4,1200,1.92,12.84,,,,,,0,0,11.1,-3.2,,,,,,,,,,,,,,
135,추풍령,1994-11-04,7,-1.7,712,17.9,1605,,,,,,,5.1,180,1345,2.3,180,1350,.3,297,180,.4,28,1400,68.3,6.3,999.5,1032.8,604,1026.3,1450,1029.7,10.6,9.4,1100,1.83,12.12,,,,,,1,1.4,9.2,-7,,,,,,,,,,,,,,
135,추풍령,1994-11-05,8.6,1.7,605,16.8,1320,,,,,,,4.7,140,1155,2.3,140,1200,.2,209,140,4.3,48,1202,76,8.4,993.7,1028,30,1019.8,1736,1023.6,10.6,3.3,1145,1.25,6.02,,,,,,4.3,2.1,9.2,-2.6,,,,,,,,,,,,,,
135,추풍령,1994-11-06,12.5,5.6,732,20.8,1252,,,,,,,16,270,1345,9,270,1350,3.5,3033,270,6.2,34,1737,69.3,9.7,988.3,1023.1,2400,1013.5,1440,1017.6,10.5,7.4,1145,1.58,8.29,,,,,,1.8,.3,12.1,.4,,,,,,,,,,,,,,
135,추풍령,1994-11-07,10.2,2.4,2400,17.4,1401,,,,,,,12.7,290,247,7.7,290,300,3.1,2688,290,-3,25,1527,40,4.9,997.7,1031.1,2350,1023.1,0,1027.5,10.5,9.4,1115,1.87,12.1,,,,,,0,0,10.8,-4.6,,,,,,,,,,,,,,
135,추풍령,1994-11-08,7.7,-2.6,736,21.7,1447,,,,,,,5,180,1248,3,180,1240,.4,364,160,-.8,27,1446,59.5,5.8,1000.2,1033.1,950,1027.1,1455,1030.4,10.5,9.1,1115,1.89,11.7,,,,,,0,0,9.6,-8.2,,,,,,,,,,,,,,
135,추풍령,1994-11-09,9.4,-.3,738,21.3,1426,,,,,,,9,320,1527,6,290,2250,1.4,1212,270,4.5,41,1028,72.8,8.8,995.4,1029.6,0,1020.9,1446,1025.3,10.4,8.4,1130,1.74,11.12,,,,,,.5,.6,11.2,-5.9,,,,,,,,,,,,,,
135,추풍령,1994-11-10,14.4,7.8,810,23.3,1409,,,,,,,6.2,290,50,4.3,290,30,.9,794,290,8,37,1353,68,10.7,992.3,1024.4,900,1018.7,1455,1021.6,10.4,6.4,1145,1.58,9.05,,,,,,4,3.3,13.4,2.7,,,,,,,,,,,,,,
135,추풍령,1994-11-11,13.1,7.8,2400,19.6,1448,,,,,,,8.7,290,1039,5.3,290,1040,2.2,1876,270,5.9,33,1616,64.5,9.5,991.3,1023.9,2230,1017.5,1430,1020.6,10.4,7.2,1115,1.54,8.91,,,,,,2,1.6,12.8,1.8,,,,,,,,,,,,,{박무}0120-{박무}{강도0}0300-{박무}{강도0}0600-0635.{박무}{강도0}2310-{박무}{강도0}2400,
135,추풍령,1994-11-12,11.6,3.9,520,21.2,1518,,,,,,,6.5,290,2150,4.7,250,2140,1,892,270,2.5,24,1502,60.3,7.4,994.4,1028.4,2400,1020.6,1447,1024,10.3,6.1,1330,1.42,8.35,,,,,,3.5,2.9,12.5,-.5,,,,,,,,,,,,,-{박무}-{박무}{강도0}0300-{박무}{강도0}0600-{박무}{강도0}0900-1120.,
135,추풍령,1994-11-13,12.1,6.5,830,18.2,1502,,,,,,,7.2,70,1321,4.7,70,1330,2.4,2058,70,7.2,51,1407,73.3,10.1,1000.5,1031.9,857,1028.3,1435,1030.2,10.3,7.8,1100,1.43,8.42,,,,,,4.5,1.4,12.9,2.5,,,,,,,,,,,,0,{박무}2150-{박무}{강도0}2400,
135,추풍령,1994-11-14,9.2,6.3,2400,10.7,1320,16.37,,,,,5.5,10.6,70,2310,7.3,70,2310,2,1723,70,7.5,82,0,89.3,10.4,1002.3,1036.7,2400,1030.8,1435,1032.5,10.3,0,1215,.16,.34,,,,,,10,6,10,5.4,,,,,,,,,,,,11.3,{비}0738-{비}{강도0}0900-{비}{강도0}1200-{비}{강도0}1500-{비}{강도0}1800-{비}{강도0}2100-{비}{강도0}2400--{박무}-{박무}{강도0}0300-{박무}{강도0}0600-0715.{박무}1050-{박무}{강도0}1200-{박무}{강도0}1500-1640.,
135,추풍령,1994-11-15,5.7,4.8,805,6.6,1504,17.75,,,,,6.8,8.6,70,15,5.7,90,100,3.2,2752,70,3.4,73,1830,86,7.8,1007.6,1040,917,1036.7,0,1038.3,10.2,0,1200,.18,.99,,,,,,10,5.8,7.5,4.2,,,,,,,,,,,,1,{비}-{비}{강도0}0300-{비}{강도0}0600-{비}{강도0}0900-{비}{강도0}1200-{비}{강도0}1500-1545.{비}1822-2022.,
135,추풍령,1994-11-16,8.6,5.3,255,15.9,1503,,,,,,,6.8,90,1445,3.7,90,1450,1.3,1084,140,4.2,50,1420,75.8,8.3,1005,1038,0,1032.1,1610,1035.2,10.2,4.8,1400,1.43,7.07,,,,,,8.3,3.3,11.3,2.7,,,,,,,,,,,,,{달무리}2040-2130.,
135,추풍령,1994-11-17,10,3.9,753,17.5,1414,1.17,,,,,0,5.8,140,1502,4.3,140,1500,.7,594,70,6.3,49,1415,79.3,9.6,998,1033,0,1022.7,2400,1027.9,10.2,6.5,1100,1.44,7.27,,,,,,4.8,3.8,10.5,.3,,,,,,,,,,,,6,{박무}0620-{박무}{강도0}0900-{시정(미만)}{1km}{안개}0920-{시정(미만)}{0.5km}{안개}0932-{시정(이상)}{0.5km}{안개}1000-{시정(이상)}{1km}{박무}1015-{박무}{강도0}1200-1245.{비}1905-1120.,.92
135,추풍령,1994-11-18,12,10.1,450,15.4,1435,11.42,,,,,8.7,16,270,1802,9.3,270,1820,3.3,2870,270,9.5,71,1435,84.8,11.8,989,1022.7,0,1015.3,1440,1018.4,10.2,.3,1400,.56,1.47,,,,,,9.8,5.3,12.2,8.5,,,,,,,,,,,,2.7,{비}0050-{비}{강도0}0300-{비}{강도0}0600-{비}{강도0}0900-{비}{강도0}1200-1215.{박무}0840-{박무}{강도0}0900-1120,
135,추풍령,1994-11-19,10.8,8,2400,14.6,1354,,,,,,,13.2,290,1622,6.3,290,1430,3.5,3064,290,3.7,41,1338,62.8,8,992.4,1024,2330,1019.9,1430,1022,10.1,6.8,1200,1.36,7.23,,,,,,3.8,3.4,10.2,4.2,,,,,,,,,,,,,,
135,추풍령,1994-11-20,8.7,5.1,2220,13.6,1515,,,,,,,14.2,320,1403,6.7,320,1410,4.2,3657,290,.8,36,1440,59.5,6.6,996.2,1028.1,2205,1024,0,1026.1,10.1,7.6,1200,1.61,9.02,,,,,,2.3,1.5,8.1,-1.8,,,,,,,,,,,,,,
135,추풍령,1994-11-21,5.6,1.1,730,11.2,1502,,,,,,,13.3,290,1345,8.3,290,1400,2.7,2307,290,-1.7,33,1612,61.5,5.4,997.5,1029.3,914,1025.6,1430,1027.9,10.1,7.1,1230,1.73,8.87,,,,,,3.5,.9,5.7,-2.5,,,,,,,,,,,,,,
135,추풍령,1994-11-22,4.9,1.1,430,10.8,1415,,,,,,,11.8,290,1028,8,290,1020,3.3,2828,270,-1.9,37,1352,63.5,5.4,998.2,1030.8,2157,1026.5,1438,1028.7,10.1,8.4,1145,1.58,8.77,,,,,,0,.5,5,-3.9,,,,,,,,,,,,,,
135,추풍령,1994-11-23,5.9,1.6,2400,13.1,1333,,,,,,,6.3,180,1335,2.5,180,1330,.4,376,140,1.7,50,1434,75.5,6.9,999.4,1031.8,843,1027.4,1442,1029.9,10,4.6,1240,1.58,6.57,,,,,,6,2.6,7.3,-3.5,,,,,,,,,,,,,,
135,추풍령,1994-11-24,6.4,.7,30,10.4,1804,3.33,,,,,.7,12.5,250,2050,8,250,2040,1.7,1487,250,3.2,66,2250,80.5,7.8,994.2,1029,0,1020,2400,1024.4,10,.3,1200,.56,1.74,,,,,,9.3,6.4,7.1,-3.8,,,,,,,,,,,,.7,{박무}0950-{박무}{강도0}1200-1250.{박무}2025-{박무}{강도0}2100-{박무}{강도0}2400-{비}1005-1115.{비}1550-1610.{비}1705-{비}{강도0}1800-1955.,
135,추풍령,1994-11-25,7.2,1.4,2350,10.5,1501,,,,,,,13,270,910,8.7,270,1430,4.9,4241,270,-3.2,26,1600,49.5,5.1,990.4,1022,846,1018.7,1500,1020.3,10,8.2,1200,1.75,9.85,,,,,,3.5,1.5,6.9,-3.5,,,,,,,,,,,,,-{박무}-{박무}{강도0}0300-0530.,
135,추풍령,1994-11-26,2.6,-3.2,748,8.5,1410,,,,,,,14.9,270,1339,9.3,270,1340,4.1,3560,270,-6.4,38,1358,51.8,3.8,990.5,1023,2400,1018,1442,1021,10,8.8,1215,1.73,9.83,,,,,,0,0,2.5,-9.6,,,,,,,,,,,,,,
135,추풍령,1994-11-27,2.9,-1.5,700,9.6,1552,,,,,,,13.7,270,443,7.7,270,450,3.6,3114,270,-7.5,30,1435,48,3.5,993.4,1026,930,1022.2,1441,1023.9,9.9,8.9,1210,1.71,9.99,,,,,,0,0,2.8,-6.7,,,,,,,,,,,,,,
135,추풍령,1994-11-28,4.8,-2.1,717,12.4,1415,,,,,,,6.2,270,1554,3.7,270,1600,.6,508,270,-.8,40,1320,70,5.8,991.2,1024,0,1018.6,1441,1021.6,9.9,4.4,1145,1.12,5.73,,,,,,7.8,2.6,5.1,-5.5,,,,,,,,,,,,,{햇무리}1110-1220.,
135,추풍령,1994-11-29,6.1,1.3,2400,15.3,1503,,,,,,,6.4,270,1118,4.5,270,1120,.8,690,270,.7,30,1538,72.5,6.4,992.2,1025.5,2400,1019.8,1430,1022.4,9.9,8.3,1200,1.57,8.82,,,,,,1.3,1,6.4,-4.2,,,,,,,,,,,,,,
135,추풍령,1994-11-30,5.8,-2.5,730,16.9,1450,,,,,,,4.8,180,1145,1.7,180,1130,.2,193,180,1.2,40,1330,76.3,6.8,993.7,1026.5,842,1020.5,1444,1024,9.9,8.3,1200,1.56,8.73,,,,,,1.8,2.3,6.2,-7,,,,,,,,,,,,,{박무}0835-{박무}{강도0}0900-1035.{박무}2015-{박무}{강도0}2100-{박무}{강도0}2400,
135,추풍령,1994-12-01,10.8,6.3,152,17.6,1503,,,,,,,7.3,290,1513,4.7,290,2040,1.2,1061,290,5.7,49,1504,72.8,9.2,991.1,1023.1,0,1017.7,1439,1020.7,9.9,3.8,1200,1.46,6.15,,,,,,7.3,3.8,10.6,-.9,,,,,,,,,,,,.6,-{박무}-{박무}{강도0}0300-{박무}{강도0}0600-{박무}{강도0}0900-1137.,
135,추풍령,1994-12-02,3.6,-4,2400,11,50,1.5,,,,,.6,18.9,320,2020,10.3,320,2020,5.8,5018,270,-3,42,1458,62.8,5.4,992.4,1028.7,2400,1019.4,529,1022.8,9.8,6.6,1245,1.41,6.91,,,,,,6.5,3.1,5.1,-6.2,,,,,,,,,,,,,{비}0105-0235.,
135,추풍령,1994-12-03,-3,-6.6,620,1,1503,,,,,,,15.5,290,1346,8.7,290,2310,6.4,5490,290,-11.6,30,1534,52.3,2.5,998,1031.1,952,1027.5,1513,1029.4,9.8,8.5,1200,1.58,9.03,,,,,,.8,.3,-.1,-9.6,,,,,,,,,,,,,,
135,추풍령,1994-12-04,-.7,-5.1,742,4.4,1416,4.25,,,,,.9,13.6,290,1346,8.3,290,1250,4.8,4126,290,-6.3,45,1330,68,3.9,995.6,1029.5,21,1023.8,2400,1026.7,9.8,6.3,1145,1.45,7.7,1.6,2150,1.6,2150,1.6,4,2.1,.4,-7.6,,,,,,,,,,,,.9,{눈}1743-{눈}{강도0}1800-{눈}{강도0}2100-2158.,
135,추풍령,1994-12-05,1.7,-.6,2400,4.3,1518,,,,,,,17,270,820,8,270,810,4.8,4141,270,-5.4,36,1439,60.5,4.2,994,1027.9,2400,1021.8,430,1024.7,9.8,7.5,1130,1.62,7.38,,,1.2,300,,2.8,2.3,2.2,-6.7,,,,,,,,,,,,,,
135,추풍령,1994-12-06,1.9,-4.8,806,12.1,1416,,,,,,,5.4,180,1540,3,270,530,1,830,180,-3.7,37,1439,70.5,4.7,993.8,1028.7,650,1020.5,1814,1024.6,9.8,8.5,1200,1.42,8.21,,,,,,0,0,2.7,-10.1,,,,,,,,,,,,.2,,
135,추풍령,1994-12-07,8.4,-1.9,0,13.7,1455,.2,,,,,.2,15,270,1015,8.7,270,1030,3.9,3328,270,.6,39,1400,60.3,6.5,990.1,1024.9,1950,1016.3,505,1019.9,9.8,7,1215,1.29,7.12,,,,,,2,1.1,6.7,-6,,,,,,,,,,,,,{소나기}0718-{우박}(d 0.5)0728-0730.,
135,추풍령,1994-12-08,5.6,-2.3,613,13.1,1333,3.53,,,,,1.4,5.1,160,1555,2.3,160,1600,.5,417,160,-.4,42,1330,67.5,6,991.7,1026.3,818,1016.4,2333,1021.9,9.7,3.8,1030,1.28,5.67,,,,,,6.3,4.3,5,-8.6,,,,,,,,,,,,9.7,{비}2028-{비}{강도0}2100-{비}{강도0}2400-,
135,추풍령,1994-12-09,8.1,1.2,2400,12.4,1430,5.13,,,,,8.3,14,290,1310,8,290,1320,3.7,3175,290,3.6,42,1555,75.5,8,986.6,1023.4,2400,1012.5,632,1016.4,9.7,5,1245,1.42,5.59,,,,,,6.3,3.6,7.7,-4.7,,,,,,,,,,,,,-{비}-{비}{강도0}0300-0508.{박무}0705-{박무}{강도0}0900-1145.{박무}2125-{박무}{강도0}2400,
135,추풍령,1994-12-10,5.1,-1.9,602,13.4,1332,,,,,,,6,70,1450,3.7,70,1440,1.4,1189,70,.5,47,1406,74,6.4,993.3,1026.1,925,1020.8,2400,1023.6,9.7,5.4,1200,1.36,6.77,,,,,,3.5,2.9,5.6,-6.7,,,,,,,,,,,,,-{박무}-{박무}{강도0}0300-{박무}{강도0}0600-0750.,
135,추풍령,1994-12-11,6,.6,730,11.8,1545,,,,,,,8,270,2315,5.3,270,2320,.8,691,160,2.2,55,1527,78,7.2,987.6,1020.8,0,1014.7,1522,1017.6,9.7,2.6,1000,.84,4.71,,,,,,7.8,3.9,5.7,-3.6,,,,,,,,,,,,.3,,
135,추풍령,1994-12-12,5.6,2.6,2400,8.2,0,3.17,,,,,.3,10.3,270,1226,5.7,290,1300,3.1,2692,270,1.6,65,1930,75.3,6.9,988.3,1020.9,2334,1015.8,353,1018.4,9.7,0,945,.45,1.75,,,,,,9.5,5.5,5.6,1.2,,,,,,,,,,,,,{박무}0210-{박무}{강도0}0300-{박무}{강도0}0600-0740.{비}0440-{비}{강도0}0600-0750.,
135,추풍령,1994-12-13,.1,-2.8,2400,3,1520,,,,,,,17,270,1329,9,270,1330,5.3,4606,270,-8.6,39,1440,51.8,3.2,992.3,1026.5,2256,1020.7,0,1023.2,9.7,5.5,1130,1.42,6.55,,,,,,4.8,3,1.6,-8,,,,,,,,,,,,1.1,,
135,추풍령,1994-12-14,-1.3,-4.4,300,1.8,1507,13.4,,,,,1.8,9.6,270,1926,6,270,2010,2.9,2475,270,-3.6,58,10,85.3,4.8,994.4,1027.3,2352,1023,1434,1025.5,9.7,0,1000,.84,2.59,1.7,748,1.7,748,1.9,8.8,5.3,.1,-10,,,,,,,,,,,,.7,{눈}0515-0540.{눈}0608-0855.{눈}1135-{눈}{강도0}1200-{눈}{강도0}1500-{가루눈}1625-{눈}1745-{눈}{강도0}1800-1825.{눈}2038-{눈}{강도0}2100-{눈}{강도0}2400,
135,추풍령,1994-12-15,-4.8,-7.8,2400,-.8,1512,.87,,,,,0,12.2,270,1425,7.7,270,1430,4.5,3919,270,-12.6,40,1455,54.3,2.3,997,1032.9,2350,1025.3,1500,1028.6,9.7,7.7,1200,1.4,7.95,0,300,.5,0,0,1.3,1.1,-.9,-11.6,,,,,,,,,,,,,-{눈}-0052.,
135,추풍령,1994-12-16,-6.9,-11.3,746,-1.8,1417,,,,,,,12.6,290,127,9,290,130,4.8,4146,270,-16.6,31,1444,46.3,1.7,1003.6,1038.1,1003,1032.8,0,1035.6,9.7,6,1215,1.72,8.17,,,,,,4.5,1.4,-3.3,-14.1,,,,,,,,,,,,,{달무리}1910-2240.,
135,추풍령,1994-12-17,-4.7,-8.5,650,1.3,1510,,,,,,,12.5,270,1328,7.3,270,1320,4.6,3947,270,-11,42,1928,62,2.7,1004.5,1038.1,2400,1033.6,1450,1036.2,9.7,6.8,1200,1.41,7.42,,,,,,2,0,-2.5,-11.3,,,,,,,,,,,,,,
135,추풍령,1994-12-18,-3.4,-6,730,1.2,1450,,,,,,,13,320,1954,9.3,320,2010,5.6,4824,270,-14,33,1428,43.3,2.1,1007.6,1041.6,2340,1037.9,1503,1039.4,9.7,7.7,1145,1.38,7.57,,,,,,0,0,-2.2,-8.7,,,,,,,,,,,,,,
135,추풍령,1994-12-19,-3.4,-9.4,753,3.7,1515,,,,,,,10.6,270,307,8,270,340,2.9,2525,270,-12.8,30,1613,50.3,2.3,1008.9,1042.9,830,1037.2,1521,1040.7,9.7,6.7,1100,1.25,7.36,,,,,,5,.6,-1.6,-12.5,,,,,,,,,,,,,,
135,추풍령,1994-12-20,-1.7,-7.4,710,3,1506,,,,,,,13.9,270,1228,9.7,270,1330,3.9,3336,270,-10.1,44,10,53.5,2.9,1004.4,1039.1,40,1033.4,1449,1036,9.7,7.1,1230,1.28,7.21,,,,,,2.3,1.6,-1.5,-10,,,,,,,,,,,,,,
135,추풍령,1994-12-21,.5,-2.6,240,5.1,1350,,,,,,,14.3,270,1349,8,270,1350,3.6,3071,270,-4.7,51,1435,68.3,4.3,1001.4,1034.3,0,1030.3,1450,1032.5,9.7,5.8,1145,1.44,7.12,,,,,,3.8,3.6,.1,-6.4,,,,,,,,,,,,,,
135,추풍령,1994-12-22,1.2,-1.4,2332,5.7,1506,,,,,,,11.4,270,1015,6,270,1130,4.2,3588,290,-3.3,54,1454,73,4.8,999,1032.7,30,1027.2,1503,1030,9.7,8.1,1215,1.35,7.69,,,,,,2,1.8,.4,-9.9,,,,,,,,,,,,,{놀}1735-1802.,
135,추풍령,1994-12-23,2.5,-2.9,205,11.5,1523,,,,,,,8.5,270,1245,4.7,270,1250,1.2,1063,270,-1.8,44,1513,76.8,5.4,996.3,1028.6,0,1024.3,1455,1027.1,9.7,7.5,1200,1.38,7.68,,,,,,2.8,2.8,1.8,-11.2,,,,,,,,,,,,,{박무}2045-{박무}{강도0}2100-{박무}{강도0}2400,
135,추풍령,1994-12-24,4.7,-2.9,652,13.4,1516,,,,,,,13.2,270,2232,7.3,270,2000,2.4,2041,270,.8,51,1504,78.5,6.7,994.3,1027.4,0,1020.8,1510,1024.7,9.7,5.4,1200,1.38,5.74,,,,,,2.8,1.9,3.8,-9.8,,,,,,,,,,,,,-{박무}-{박무}{강도0}0300-{박무}{강도0}0600-0715.,
135,추풍령,1994-12-25,4.7,-1.8,745,9.1,1504,,,,,,,10.2,70,1950,5.7,70,1940,2.6,2219,70,.3,59,1423,74.5,6.3,999.1,1031.1,1030,1025.6,0,1029.6,9.7,1.7,915,.78,4.1,,,,,,6.3,4,4.3,-9.2,,,,,,,,,,,,,{박무}0720-{박무}{강도0}0900-1020.,
135,추풍령,1994-12-26,2,-.8,502,4.1,1504,3.05,,,,,.4,6.4,250,2335,3.3,290,1500,1,824,270,.1,68,1346,87.3,6.2,995.9,1031,0,1023.9,1338,1026.6,9.7,0,915,.39,1.66,,,,,,6.8,4.5,2,-8.8,,,,,,,,,,,,.4,{비}1405-{비}{강도0}1500-1615.{비}2015-{비}{강도0}2100-2108.,
135,추풍령,1994-12-27,2.7,.4,2400,5.7,1608,,,,,,,12.4,270,935,8.3,270,940,4,3477,270,-5.1,42,1555,57.5,4.2,994.6,1027.4,923,1023.4,1522,1025.3,9.7,4.6,1200,1.27,6.45,,,,,,4,3,2,-7.9,,,,,,,,,,,,,,
135,추풍령,1994-12-28,.9,-2.5,818,5.3,1428,,,,,,,13.8,270,1255,7.7,270,1210,4.4,3782,270,-7.5,34,1914,55.5,3.6,997,1032.4,2400,1026.3,0,1028,9.7,7.7,1200,1.41,7.89,,,,,,2.5,.4,.8,-10.3,,,,,,,,,,,,,,
135,추풍령,1994-12-29,-1.9,-7.4,812,5.5,1607,,,,,,,9,270,1353,6.7,270,1340,2.3,2017,270,-10.6,28,1533,55,2.7,1000.6,1033.3,920,1029.9,1433,1032,9.7,7.7,1200,1.5,8.87,,,,,,0,0,-.8,-15.4,,,,,,,,,,,,,,
135,추풍령,1994-12-30,-1.3,-7.9,603,5.5,1548,.47,,,,,0,4.5,160,1632,2.7,140,1700,.5,442,160,-8,38,1418,62.5,3.4,998.4,1032.8,709,1025.9,1718,1029.7,9.7,0,1200,.55,3.58,,,,,,7,5.6,-.7,-14.2,,,,,,,,,,,,0,{눈}2332-{눈}{강도0}2400,
135,추풍령,1994-12-31,.2,-3.8,2310,3.8,1422,2.3,,,,,0,13.9,270,1310,9.3,270,1330,5.2,4456,270,-7.1,34,1525,61.5,3.7,995.9,1031.3,2400,1024.5,1442,1026.9,9.7,7.8,1200,1.42,8.01,,,,,,3.3,2.6,.9,-11,,,,,,,,,,,,,-{눈}-0015.{눈}0505-{눈}{강도0}0600-0708.,
135,추풍령,1995-01-01,-2.2,-6.2,608,2.1,1502,,,,,,,13.2,270,1350,8,270,1300,5.7,4882,270,-11.2,35,1630,51.3,2.6,1000.1,1033.2,2330,1029.9,1500,1031.5,9.7,8.5,1200,1.43,8.32,,,,,,0,0,-1.5,-11.5,,,,,,,,,,,,,,
135,추풍령,1995-01-02,-2.7,-8.8,820,5.1,1420,,,,,,,9,270,1505,5.7,270,1510,1.7,1448,270,-9.1,34,1427,65.8,3.1,1000,1034.4,250,1027.7,2400,1031.4,9.7,8.4,1245,1.4,8.19,,,,,,1,1.3,-1.3,-16.5,,,,,,,,,,,,,,
135,추풍령,1995-01-03,.2,-1.8,31,2.9,1300,10.43,,,,,2.3,7.1,270,450,4.7,290,520,1.1,958,250,-2.5,65,0,82.5,5.2,991.1,1027.7,0,1017.3,2400,1021.9,9.7,0,1130,.41,1.49,2.6,2215,2.6,2215,2.6,10,6,.5,-4.8,,,,,,,,,,,,2.3,{눈}0945-1028.{눈}1235-{눈}{강도0}1500-{눈}{강도0}1800-{눈}{강도0}2100-2218.,
135,추풍령,1995-01-04,-.1,-2.2,2400,1.7,1420,3.35,,,,,.5,12.2,270,2156,7.7,270,2150,3.9,3382,270,-3.7,59,2025,76.8,4.7,985.1,1017.6,232,1013.3,1408,1015.8,9.7,.3,1200,.58,1.82,.6,1455,2.2,0,.6,7.3,5.1,.8,-6.9,,,,,,,,,,,,.8,{눈}0538-{눈}{강도0}0600-0725.{눈}1148-{눈}{강도0}1200-1225.{눈}1405-{눈}{강도0}1500-1502.,
135,추풍령,1995-01-05,-2.3,-3.6,2400,.9,1134,4.57,,,,,1.7,12.4,270,1310,7.7,270,1630,5,4277,270,-6.7,52,1810,70.8,3.8,984.9,1018.1,2400,1014,1407,1015.9,9.8,2.9,1030,1.32,4.34,3,1350,3.5,1350,3.6,4.3,3.9,-.9,-9.5,,,,,,,,,,,,1.4,{눈}0425-{눈}{강도0}0600-0620.{눈}1158-{눈}{강도0}1200-1354.{눈}2235-2318.,
135,추풍령,1995-01-06,-2.7,-6.6,627,.7,1450,,,,,,,14,290,1205,8.3,290,1210,5.6,4844,290,-11.2,39,1415,51.3,2.6,991.1,1024,1948,1018.1,0,1022.3,9.8,8,1200,1.47,8.56,,,3.4,0,,.3,.1,-1.2,-12.9,,,,,,,,,,,,,,
135,추풍령,1995-01-07,4.6,-.2,0,9.6,1418,,,,,,,12.3,290,219,7.7,290,150,4.6,3942,290,.1,56,1530,73,6.2,992,1024.1,2343,1020.8,600,1022.3,9.8,5.5,1200,1.27,6.72,,,.6,0,,3.8,2.5,2,-8.6,,,,,,,,,,,,,,
135,추풍령,1995-01-08,3.2,-3.8,750,12.2,1522,,,,,,,10.3,270,1508,6,270,1510,1.2,1030,270,-1.7,35,1455,74.5,5.5,989.6,1024,0,1016.2,2400,1020.1,9.8,6.6,1200,1.17,6.84,,,,,,1.8,1.1,2.6,-11.3,,,,,,,,,,,,,{박무}0435-{박무}{강도0}0600-{박무}{강도0}0900-1050.,
135,추풍령,1995-01-09,3,-4.2,2400,6.6,1055,2.1,,,,,0,20.6,270,1150,10.3,290,1220,6.3,5408,270,-4.2,36,1408,59.8,4.7,986.6,1023.4,2332,1013.4,458,1017,9.8,5.8,1230,1.2,6.7,,,,,,4.5,3.1,2.4,-8.7,,,,,,,,,,,,0,{눈}1908-1925.{눈}2023-{눈}{강도0}2100-2212.,
135,추풍령,1995-01-10,-4.1,-7.3,655,.1,1552,,,,,,,18,270,1314,8,270,1330,4.4,3824,270,-13.3,36,1513,49.5,2.2,992.8,1026.3,922,1021.6,1508,1024.2,9.8,8.1,1200,1.48,8.54,,,,,,1.5,1.1,-1.6,-12,,,,,,,,,,,,,,
135,추풍령,1995-01-11,-4.2,-8.4,817,-.1,1510,,,,,,,14.1,270,1320,8,290,1530,5,4330,290,-12.2,37,1032,54,2.5,993.5,1027.1,312,1022,1611,1025,9.8,8.1,1230,1.52,8.72,,,,,,2.8,1.1,-1.8,-13.2,,,,,,,,,,,,0,,
135,추풍령,1995-01-12,-1.4,-6.3,640,3.9,1346,2.55,,,,,0,15.3,270,1313,8.3,270,1320,3.2,2798,270,-7.3,44,1410,66,3.5,989.4,1024.4,240,1016.7,1452,1020.4,9.9,5.8,1300,1.44,7.75,.3,900,.3,900,.3,5.8,3.9,-.4,-13.5,,,,,,,,,,,,0,{눈}0225-{눈}{강도0}0300-0318.{눈}0755-{눈}{강도0}0900-0935.,
135,추풍령,1995-01-13,-3.9,-6.6,815,-.3,0,4.23,,,,,0,22.3,290,1429,8.7,290,1430,5.3,4596,290,-11.6,36,1515,55.3,2.5,989.7,1023.1,2400,1017.7,0,1021.1,9.9,8.2,1100,1.25,7.31,.1,48,.1,48,.1,2.5,1.8,-1.3,-11.7,,,,,,,,,,,,0,{눈}0018-0048.{눈}2016-{눈}{강도0}2100-{눈}{강도0}2400,
135,추풍령,1995-01-14,-5.9,-8.5,450,-1.8,1548,2.37,,,,,0,20.7,290,1159,11.3,290,1210,7,6085,290,-13.1,36,1435,58.5,2.3,994.1,1028.6,2400,1023.1,0,1025.7,9.9,8.2,1245,1.59,9.54,.1,856,.1,856,.1,2.8,1.6,-2.5,-12.6,,,,,,,,,,,,0,-{눈}-0022.{눈}0705-{눈}{강도0}0900-0905.,
135,추풍령,1995-01-15,-2.6,-5.6,2400,2.8,1448,,,,,,,13,320,328,7.5,320,330,4.4,3782,270,-11.6,28,1430,52,2.6,996.5,1029.6,940,1025.7,1500,1027.8,9.9,8.8,1245,1.54,9.09,,,,,,.8,1.3,-1.7,-12.9,,,,,,,,,,,,,,
135,추풍령,1995-01-16,-.2,-5.9,11,4.7,1502,,,,,,,12.1,250,1313,6.7,250,1320,2.4,2087,270,-6.8,40,1358,62,3.7,994.6,1027.9,0,1023.3,1500,1025.5,9.9,6.2,1145,1.66,8.05,,,,,,4.5,4.6,-.3,-11.7,,,,,,,,,,,,,,
135,추풍령,1995-01-17,-1.4,-6.8,804,4.2,1503,,,,,,,12,270,1346,7.7,270,1330,3,2550,270,-9.5,29,1620,58,3.1,996.6,1029.6,927,1025.7,1445,1027.8,10,8.6,1230,1.51,8.97,,,,,,0,.5,-1,-14.6,,,,,,,,,,,,,,
135,추풍령,1995-01-18,.1,-4.8,50,5.3,1418,,,,,,,17.2,270,1713,10,270,1720,5.8,5018,270,-6.7,48,0,60,3.7,993.5,1028.2,42,1021.3,1550,1024.3,10,5,1130,1.36,6.28,,,,,,3,3.6,-.6,-13.2,,,,,,,,,,,,,,
135,추풍령,1995-01-19,-3.2,-8.9,815,1.8,1502,,,,,,,13,270,2310,7.3,270,2320,4.4,3787,270,-13,31,1453,48,2.3,994.1,1028.5,915,1022.4,1712,1025.5,10,8.6,1130,1.46,8.07,,,,,,3,1.3,-1.5,-16.7,,,,,,,,,,,,,,
135,추풍령,1995-01-20,-1.9,-6.6,645,4.6,1640,,,,,,,11.3,270,1308,6.7,270,1310,3.2,2786,270,-9.3,47,1610,57,3.1,992.9,1025.4,2200,1022,1445,1024.1,10,8.7,1200,1.52,8.78,,,,,,2.5,.8,-1.2,-13.5,,,,,,,,,,,,,,
135,추풍령,1995-01-21,-1.7,-7.1,604,3.8,1516,.58,,,,,0,6.7,270,628,3.2,290,650,.6,513,110,-6.4,52,1622,72.8,3.8,992.5,1026.3,252,1019.3,2400,1023.6,10.1,0,1415,.58,2.88,,,,,,6.5,5.3,-.4,-13.9,,,,,,,,,,,,11,{눈}2325-{눈}{강도0}2400,
135,추풍령,1995-01-22,.9,-.7,447,2,1805,16.95,,,,,11.7,10.7,270,2252,6,270,2320,1.6,1422,270,.2,66,0,94.5,6.2,984.6,1019.3,0,1013.1,1400,1015.2,10.1,0,1300,.17,.71,1.6,215,1.6,215,1.6,10,4.1,.2,-3,,,,,,,,,,,,.7,-{눈}-{진눈깨비}0225-{비}0243-{비}{강도0}0300-{비}{강도0}0600-{진눈깨비}0619-{비}0835-{비}{강도0}0900-{비}{강도0}1200-1345.{비}1533-{비}{강도0}1800-1845.{박무}1135-{박무}{강도0}1200-{박무}{강도0}1500-{박무}{강도0}1800-{박무}{강도0}2100-{박무}{강도0}2400,
135,추풍령,1995-01-23,1.4,-2.8,2353,5.1,1524,,,,,,,16,270,1640,10,270,1430,5.8,4994,270,-6.6,26,1630,57,3.9,989.4,1024.7,2330,1017,5,1020,10.1,6.9,1145,1.57,8.16,,,,,,4,2.4,.8,-9.8,,,,,,,,,,,,0,-{박무}-{박무}{강도0}0300-{박무}{강도0}0600-0720.,
135,추풍령,1995-01-24,-2.6,-5.5,740,1.1,1427,2.78,,,,,0,15,290,1315,8,290,1310,3.8,3241,290,-11,36,1558,53.5,2.7,996,1030,2400,1024.7,0,1027.2,10.1,8.4,1200,1.61,9.3,,,,,,1,1.3,-1.6,-11.8,,,,,,,,,,,,,{눈}0225-{눈}{강도0}0300-0512.,
135,추풍령,1995-01-25,-2.3,-7.9,814,5.3,1435,.3,,,,,.1,14.5,270,1700,6,270,1610,2.1,1787,270,-8.4,34,1200,64.3,3.3,997.8,1031.9,853,1026,1450,1029.1,10.2,7.4,1200,1.43,7.81,.4,2400,.4,2400,.4,1.5,1.5,-1.1,-14.3,,,,,,,,,,,,.2,{소낙눈}2342-{소낙눈}{강도0}2400,
135,추풍령,1995-01-26,-2.1,-6.8,2400,1.3,1510,.47,,,,,.1,17,290,1220,10.7,290,1210,5.1,4390,290,-10.7,30,1710,53,2.9,998.2,1033.1,2210,1026.3,50,1029.4,10.2,8.7,1200,1.66,9.5,.3,35,.7,35,.3,1.3,.8,-1,-14.1,,,,,,,,,,,,,-{소낙눈}-0005.{소낙눈}0025-0048.,
135,추풍령,1995-01-27,-3.6,-9.6,812,2.7,1519,,,,,,,13.3,270,1714,9.3,290,10,4.8,4142,270,-12.7,29,1223,51,2.4,998.8,1033.2,830,1027,1502,1030.4,10.2,7.9,1220,1.6,9.45,,,,,,1,.8,-1.7,-15.1,,,,,,,,,,,,,,
135,추풍령,1995-01-28,-4.8,-9.5,2400,-.9,1545,,,,,,,15,290,1600,9,270,1510,5.2,4452,270,-13.7,30,1608,51.3,2.2,998.3,1031.4,1013,1028.1,1453,1030,10.3,8.6,1200,1.6,9.75,,,,,,0,0,-2.3,-17.6,,,,,,,,,,,,.2,,
135,추풍령,1995-01-29,-6.3,-11.5,148,-.6,1510,4.33,,,,,.3,23.4,270,1418,12.7,270,1520,5.3,4595,270,-12,42,1238,65.8,2.5,996.1,1030.9,2340,1025,1426,1027.8,10.3,7,1200,1.64,9.19,.7,717,.7,717,1,2,2.4,-1.8,-18.3,,,,,,,,,,,,.1,{눈}0517-{눈}{강도0}0600-0720.{소낙눈}1616-1758.{눈}2325-{눈}{강도0}2400,
135,추풍령,1995-01-30,-6.7,-10.8,630,-1.7,1508,.3,,,,,0,16,270,645,9,270,650,5,4348,270,-17,32,1450,44.8,1.6,999.9,1033.7,1000,1030,1456,1031.9,10.3,8.5,1215,1.68,10.61,,,,,,0,0,-3,-16.8,,,,,,,,,,,,,-{눈}-0018.,
135,추풍령,1995-01-31,-4.3,-8.2,810,.8,1352,,,,,,,15.5,290,1608,9.3,290,1610,5,4342,270,-11.6,38,1712,56.8,2.5,999.8,1033.3,2400,1028.7,1447,1031.5,10.3,7.8,1200,1.62,9.67,,,,,,1.5,1.4,-2.2,-14.5,,,,,,,,,,,,,,
135,추풍령,1995-02-01,-4.2,-9.8,813,2.9,1538,,,,,,,8.3,290,714,5.3,290,720,2.7,2316,290,-12.4,28,1543,55.3,2.4,1002.5,1035.4,755,1032.5,1430,1034.3,10.4,8.7,1230,1.74,10.78,,,,,,0,0,-2.5,-17.2,,,,,,,,,,,,,,
135,추풍령,1995-02-02,-3.4,-11.7,740,6.9,1430,,,,,,,6.3,140,1400,3.3,160,1410,1,904,290,-11.1,29,1335,60,2.6,1001.7,1035.4,233,1029.4,1513,1033.3,10.4,7.3,1245,1.54,9.12,,,,,,2.3,.8,-2,-18.9,,,,,,,,,,,,,,
135,추풍령,1995-02-03,-1.2,-7,814,4.6,1519,,,,,,,10.6,270,2344,6.7,270,2350,3.2,2770,270,-8.6,34,1430,60,3.2,1001.4,1034.9,756,1029.7,1445,1032.7,10.4,8.5,1215,1.74,10.34,,,,,,2,.4,-1,-14.7,,,,,,,,,,,,,,
135,추풍령,1995-02-04,-2.4,-5.9,434,2.4,1316,,,,,,,9.8,290,1312,6.3,290,1310,3.5,3048,270,-8.8,36,1308,64.3,3.2,997.2,1031.5,0,1025,1530,1028.6,10.5,5.9,1215,1.64,7.73,,,,,,3.8,.4,-1.5,-13.1,,,,,,,,,,,,,,
135,추풍령,1995-02-05,-3.1,-6.5,807,1,1555,,,,,,,13,270,1223,6.7,270,1410,5.6,4800,270,-12.1,34,1556,51.3,2.4,994.5,1027.1,812,1023.8,1500,1025.8,10.5,8.6,1200,1.69,10.75,,,,,,0,0,-1.9,-12.4,,,,,,,,,,,,,,
135,추풍령,1995-02-06,-.4,-4.6,112,4.1,1507,,,,,,,16.2,270,1522,10,270,1540,5.9,5078,270,-8.4,35,1402,55.3,3.3,994,1027.2,15,1022.4,1457,1024.9,10.5,9.1,1200,1.77,11.13,,,,,,1.5,1,-.4,-12,,,,,,,,,,,,,,
135,추풍령,1995-02-07,2.4,-3.6,732,9.3,1605,,,,,,,13,270,208,8.2,270,220,3.9,3359,270,-4.9,35,1630,59.8,4.2,992,1024.5,820,1020.2,1450,1022.6,10.6,8.9,1200,1.76,11.07,,,,,,0,0,.4,-11,,,,,,,,,,,,,,
135,추풍령,1995-02-08,2.4,-5.8,710,11.5,1440,,,,,,,7.3,290,1415,4.3,230,1320,.8,699,270,-5.9,25,1428,61,4,990.8,1024.6,900,1018.3,1515,1021.4,10.6,5.2,1245,1.66,8.13,,,,,,4.3,2.6,.6,-13.5,,,,,,,,,,,,,{햇무리}1120-1138.,
135,추풍령,1995-02-09,3.9,-1.5,2400,9.5,1429,,,,,,,11.4,270,1339,8.3,270,1530,3.1,2706,270,-3.1,39,1614,60.3,4.9,990.2,1027.4,2400,1017.8,1354,1020.5,10.6,7.9,1215,1.6,9.64,,,,,,3,.4,2,-7.5,,,,,,,,,,,,,{박무}1115-{박무}{강도0}1200-1305.,
135,추풍령,1995-02-10,.8,-6.1,800,10.2,1520,,,,,,,6.5,180,1215,3.3,180,1210,.7,630,50,-4.8,38,1440,70,4.3,998,1031.1,905,1026.9,1440,1029,10.7,9.1,1200,1.71,10.43,,,,,,.5,.1,1.7,-13.7,,,,,,,,,,,,,,
135,추풍령,1995-02-11,3.2,-5.2,642,13.4,1503,,,,,,,10.2,270,1400,6,270,1410,1,844,270,-1.9,44,1455,72.3,5.5,995.9,1030.1,0,1022.8,1446,1026.5,10.7,6.6,1200,1.64,8.89,,,,,,4.5,1.8,3.2,-12.6,,,,,,,,,,,,.1,,
135,추풍령,1995-02-12,3.3,.8,2140,5.3,1040,14.05,,,,,8.2,9,270,2035,5.3,270,2040,1.3,1122,270,1.9,82,0,90,7,990.1,1024.2,0,1017.4,1830,1020.5,10.7,0,1445,.32,2.17,,,,,,10,6,3.7,-2,,,,,,,,,,,,8.1,{비}0712-{비}{강도0}0900-0935.{비}1015-{비}{강도0}1200-{진눈깨비}1440-{진눈깨비}{강도0}1500-{비}1513-{비}{강도0}1800-{진눈깨비}1945-{진눈깨비}{강도0}2100-{눈}2145-2155.{박무}2340-{박무}{강도0}2400,
135,추풍령,1995-02-13,2.2,-1,2400,6.1,1412,,,,,,,13.2,270,1330,8,270,1530,5.2,4532,270,-4.7,36,1418,62.3,4.4,988.4,1021.2,924,1017.2,1445,1018.9,10.8,8.3,1200,1.85,11.22,,,,,,4.5,2.3,2.9,-7.6,,,,,,,,,,,,0,-{박무}-{박무}{강도0}0300-{박무}{강도0}0600-0740.,
135,추풍령,1995-02-14,0,-3.9,750,5.5,1538,.88,,,,,0,12.1,270,1358,7.7,270,1100,4.4,3834,270,-9.1,30,1508,52.5,3.1,988.1,1020.7,900,1015.8,1434,1018.8,10.8,9.3,1230,1.93,12.38,,,,,,.8,.4,1.2,-11,,,,,,,,,,,,0,{눈}0515-{눈}{강도0}0600-0608.,
135,추풍령,1995-02-15,-.7,-5.5,610,4.7,1506,1.73,,,,,0,14.2,270,1543,8.7,270,1510,3.5,3056,270,-9,29,1648,55.3,3.2,987.9,1022.6,2400,1016.1,1435,1018.7,10.8,8.6,1200,1.92,11.08,.1,900,.1,900,.1,3.5,2,.7,-13.3,,,,,,,,,,,,0,{눈}0640-0708.{눈}0756-{눈}{강도0}0900-0912.,
135,추풍령,1995-02-16,-1,-5.8,742,3.3,1548,,,,,,,14.2,270,1415,8,270,1420,4.2,3589,270,-9.7,33,1521,52.8,3,991.2,1025,2400,1019.9,1423,1022.1,10.9,9.8,1200,1.94,12.71,,,,,,.3,.1,.2,-12.3,,,,,,,,,,,,,,
135,추풍령,1995-02-17,-.7,-5.6,741,6.1,1630,,,,,,,11.2,270,1140,6.7,270,1310,2.2,1941,270,-7.4,35,1600,62,3.5,994.5,1026.9,900,1023.4,1445,1025.5,10.9,9.4,1200,1.91,12.51,,,,,,0,0,0,-13,,,,,,,,,,,,,,
135,추풍령,1995-02-18,-.6,-6.7,520,6.5,1550,,,,,,,5.6,90,1332,2.7,90,1330,.5,409,160,-6.4,39,1515,67.3,3.8,994.1,1026.7,430,1023.4,1550,1025.1,11,.3,1245,1.02,6.48,,,,,,7,3,1.1,-13.9,,,,,,,,,,,,,{달무리}0115-0535.{햇무리}0840-0943.,
135,추풍령,1995-02-19,1.9,-6.8,753,11,1550,,,,,,,10.2,270,1600,7,270,1620,2.5,2168,270,-6.7,27,1436,58.8,3.7,992.8,1025.7,823,1020.4,1452,1023.5,11,8.8,1215,1.94,12.8,,,,,,0,0,1.8,-14.6,,,,,,,,,,,,,,
135,추풍령,1995-02-20,1.8,-2.2,550,6.9,1456,,,,,,,12.5,270,1457,6.7,270,1510,3.6,3070,270,-4.5,45,1516,63.5,4.4,992.5,1024.7,2400,1020.6,1452,1023.2,11,6.3,1215,1.84,10.16,,,,,,2,1.8,2.3,-11,,,,,,,,,,,,,{박무}0420-{박무}{강도0}0600-{박무}{강도0}0900-{박무}{강도0}1200-1435.,
135,추풍령,1995-02-21,.4,-5,754,7.5,1426,,,,,,,8.3,270,115,6,270,120,2.4,2097,270,-9.1,29,1546,50.5,3.1,994.8,1027.9,2400,1023.3,1440,1025.8,11.1,8.9,1230,1.84,11.37,,,,,,.8,.1,2.1,-11.9,,,,,,,,,,,,,,
135,추풍령,1995-02-22,.7,-7.8,710,10.5,1522,,,,,,,9.2,270,1205,5,270,1220,1.5,1308,270,-7.9,26,1620,59,3.4,994.8,1028.4,900,1021.9,1455,1025.7,11.1,9,1200,1.84,11.57,,,,,,1.8,0,2.3,-14.7,,,,,,,,,,,,,,
135,추풍령,1995-02-23,2.2,-2.5,638,8.6,1514,,,,,,,10.5,270,1312,7.3,270,1410,4.4,3816,270,-7.2,34,1904,50.3,3.6,994.3,1026.7,830,1022.2,1706,1024.9,11.1,7.7,1230,1.83,11.81,,,,,,.8,0,2.8,-8.9,,,,,,,,,,,,,,
135,추풍령,1995-02-24,2,-5.6,735,10.9,1509,,,,,,,5.4,70,1454,3.3,270,1040,.6,547,20,-5.6,39,1700,57.8,4.1,991.7,1025,820,1018.4,1650,1022.3,11.2,5.9,1215,1.74,9.34,,,,,,1.8,1.5,3.2,-13.5,,,,,,,,,,,,,,
135,추풍령,1995-02-25,1.8,-3.2,608,8,1325,1.8,,,,,.3,10.1,270,1514,6.7,270,2050,1.4,1194,270,-3.8,38,1412,68.3,4.7,985.7,1021,30,1011.4,1910,1016.2,11.2,0,1230,.92,5.28,,,,,,7.5,6.3,2.8,-9.7,,,,,,,,,,,,,{비}2036-{비}{강도0}2100-2224.{박무}0940-{박무}{강도0}1200-1350.,
135,추풍령,1995-02-26,2.2,-2.2,2400,6.6,1539,6.78,,,,,0,17,290,1045,10,290,1040,5,4282,290,-4.8,40,1542,59.5,4.3,984.6,1019.4,2300,1012,0,1014.9,11.2,6.8,1145,1.94,11.18,,,,,,6.3,3.3,4.5,-11.5,,,,,,,,,,,,0,{눈}0218-{눈}{강도0}0300-{눈}{강도0}0600-{눈}{강도0}0900-0905.,
135,추풍령,1995-02-27,1.6,-5.5,802,11.3,1509,,,,,,,6.2,290,508,4.7,290,550,1.4,1179,70,-6.6,28,1408,58.3,3.8,987.2,1021.4,910,1014.4,1700,1017.8,11.3,8.3,1215,1.95,12.56,,,,,,.8,0,3.7,-13,,,,,,,,,,,,5.7,,
135,추풍령,1995-02-28,2.8,.5,2400,6.9,1505,6.27,,,,,7.2,17.6,270,1955,10,270,2010,4.3,3700,270,-1.3,54,1525,75,5.6,979.8,1015.4,2400,1006.5,1433,1010,11.3,3.2,1145,1.56,7.39,2.8,826,2.8,826,2.8,9.3,5.1,3.9,-6.7,,,,,,,,,,,,,{비}0634-{진눈깨비}0703-{소낙눈}0712-0852.{비}1747-{비}{강도0}1800-{비}{강도0}2100-2145.,
135,추풍령,1995-03-01,2.7,-1.9,736,9.5,1511,,,,,,,13.8,270,25,9.3,270,30,3,2599,270,-5.5,34,1500,56.5,4.1,989.1,1023,2334,1015.4,0,1019.6,11.4,9.5,1245,2.12,13.21,,,,,,3.5,1.4,5,-10.7,,,,,,,,,,,,,,
135,추풍령,1995-03-02,2.1,-5.8,728,11.2,1538,,,,,,,6.4,270,1614,4,290,2300,.9,783,270,-4.7,34,1540,65,4.3,989.5,1023.4,230,1016,1650,1020.1,11.4,8.8,1145,1.55,10.56,,,,,,3.8,1.5,4.4,-12.5,,,,,,,,,,,,,,
135,추풍령,1995-03-03,1.5,-1.6,730,6.3,1330,,,,,,,12.2,270,1307,7,270,1210,4,3415,270,-5.7,37,2016,57.8,4.1,985.7,1017.5,832,1013.7,1500,1016.3,11.4,5.8,1200,2.01,10.13,,,,,,4.5,1.6,2.7,-7.4,,,,,,,,,,,,.1,,
135,추풍령,1995-03-04,-.1,-2.6,555,4.4,1427,8.13,,,,,.1,12.5,270,1405,7.3,270,1440,4.4,3802,270,-4.5,46,1437,72.8,4.4,986.8,1021.2,2400,1015.5,1405,1017.4,11.5,4.7,1045,1.88,9.4,.4,815,.4,815,.4,5.3,4.1,1.5,-8.7,,,,,,,,,,,,0,{눈}0215-{눈}{강도0}0300-{눈}{강도0}0600-{눈}{강도0}0900-0925.{눈}1245-1325.{눈}1622-1640.,
135,추풍령,1995-03-05,2.5,-2.8,437,9.1,1542,,,,,,,14,270,1106,7.7,270,1120,5.7,4882,270,-5.4,40,1530,56,4.1,989.5,1022,955,1017.9,1708,1020.1,11.5,9.4,1200,2.17,13.2,,,,,,1.5,.6,3.4,-9.7,,,,,,,,,,,,,,
135,추풍령,1995-03-06,4.9,-3.6,724,13.3,1553,,,,,,,9.3,270,1540,6.3,270,30,2.1,1787,270,-2.2,29,1630,64.5,5.2,989.4,1021.9,653,1017.1,1430,1019.6,11.6,9,1200,2.1,12.67,,,,,,2.8,.4,4.8,-12.2,,,,,,,,,,,,,,
135,추풍령,1995-03-07,6.1,-2.3,745,15.6,1553,,,,,,,10.2,270,1525,6.3,270,1520,1.6,1361,270,-1.2,28,1633,64.8,5.6,990.2,1022.1,2400,1017.5,1800,1020.3,11.6,9.5,1145,1.93,12.55,,,,,,.8,.4,6.4,-9.7,,,,,,,,,,,,,{박무}0620-{박무}{강도0}0900-0928.,
135,추풍령,1995-03-08,7.3,-1.4,520,18.4,1518,,,,,,,9.4,250,1335,5.3,250,1340,1.6,1414,230,-3.5,22,1426,50.8,4.7,993.1,1025,2121,1019.8,1603,1023.1,11.6,10.2,1215,2.11,14.15,,,,,,0,0,7.6,-9.6,,,,,,,,,,,,,,
135,추풍령,1995-03-09,6,2.5,655,11.1,1310,8.75,,,,,13.5,12.7,110,1544,6.7,110,2000,2.6,2276,110,1.8,55,1255,74,7,988.3,1025.1,45,1006.7,2400,1018.4,11.7,0,1200,.69,3.01,,,,,,7.5,4.9,5.6,-4.9,,,,,,,,,,,,21.8,{비}1515-{비}{강도0}1800-{비}{강도0}2100-{비}{강도0}2400,
135,추풍령,1995-03-10,3.8,.5,2010,6.3,1455,14.47,,,,,10,21.8,270,1415,11.7,270,1440,7.5,6520,270,-1,42,1505,72.8,5.9,976.4,1010.5,2400,1003.7,315,1006.4,11.7,5.3,1000,1.7,7.79,4.7,2400,4.7,2400,4.7,7.3,5,5.4,-1.9,,,,,,,,,,,,1.7,-{비}-{비}{강도0}0300-{비}{강도0}0600-{진눈깨비}0615-{눈}0640-0718.{눈}1615-1750.{눈}1825-{눈}{강도0}2100-{눈}{강도0}2400,
135,추풍령,1995-03-11,3.9,0,2320,9,1338,.47,,,,,0,16.5,290,47,7,290,50,4.2,3614,290,-1.2,51,1353,70,5.6,982.5,1013.6,900,1009.8,2348,1012.6,11.7,5.5,1000,1.24,6.32,.3,8,5,8,.3,7.3,4.9,4.5,-7.6,,,,,,,,,,,,1.3,-{눈}-0028.,
135,추풍령,1995-03-12,2.7,.2,0,5.3,1550,12.4,,,,,2.7,13.5,270,915,7.7,270,920,3.5,2996,290,.4,75,1533,84.5,6.3,982.6,1019.5,2400,1007.7,513,1012.9,11.8,.6,1315,1.16,3.6,,,,,,9.5,5.3,3.9,-4.4,,,,,,,,,,,,1.4,{비}0048-{진눈깨비}0105-0235.{눈}0545-{눈}{강도0}0600-{진눈깨비}0740-{진눈깨비}{강도0}0900-{비}0910-{비}{강도0}1200-1335.{비}1448-{비}{강도0}1500-1735.{박무}2150-{박무}{강도0}2400,
135,추풍령,1995-03-13,5.6,2.1,2352,12.1,1548,,,,,,,9.2,320,658,5.7,320,710,2.6,2217,290,-.7,36,1547,65.3,5.8,993,1026.4,2300,1019.5,0,1023.2,11.8,8.6,1200,1.97,13.53,,,,,,6.8,4.4,7.4,-4.4,,,,,,,,,,,,,-{박무}-{박무}{강도0}0300-{박무}{강도0}0600-0625.,
135,추풍령,1995-03-14,4.6,-2.1,647,13,1519,,,,,,,5.3,270,1631,2.7,270,1630,.6,519,320,-.7,33,1614,71.5,5.8,998,1031.3,2150,1026.3,0,1028.5,11.9,7.3,1115,1.63,10.19,,,,,,4.3,1.1,5.7,-9,,,,,,,,,,,,,{햇무리}1425-1635.{박무}0625-0820.,
135,추풍령,1995-03-15,7.1,-2.3,720,17.1,1453,,,,,,,10,90,2133,5.7,90,2130,2.2,1886,90,0,32,1505,65.3,6.1,995.9,1031.1,0,1020.4,2400,1026,11.9,8.5,1230,2.1,12.66,,,,,,6.8,2.1,8,-9.8,,,,,,,,,,,,11.1,{햇무리}1515-1550.,
135,추풍령,1995-03-16,7.6,4.5,132,12.4,1053,11.28,,,,,11.1,14.4,270,2335,8.3,270,2340,3.6,3087,270,5.7,69,0,88.3,9.2,981.7,1020.4,0,1005,1216,1011.4,11.9,.9,920,1.42,2.79,,,,,,10,5.8,7.6,2.2,,,,,,,,,,,,0,{비}0012-{비}{강도0}0300-{비}{강도0}0600-{비}{강도0}0900-0907.{비}1336-1413.{비}1645-{비}{강도0}1800-1805.{비}1910-1935.,
135,추풍령,1995-03-17,1.1,-2.7,2400,6.7,0,,,,,,,20.3,270,1445,10,270,1450,6.4,5547,270,-8.5,24,1645,49,3.4,992.7,1028,2337,1017.5,0,1023.4,12,8.8,1100,2.23,12.94,,,,,,6.3,3.4,3.9,-8,,,,,,,,,,,,0,,
135,추풍령,1995-03-18,.9,-4.3,528,6.2,1518,2.77,,,,,.1,17.2,290,1832,9.3,290,1830,4.7,4060,270,-6.3,41,1355,59,3.9,994,1028.1,100,1021.5,1658,1024.9,12,8.9,1200,2.04,12.13,,,,,,5.3,3.3,2.9,-10.9,,,,,,,,,,,,.1,{달무리}0016-0120.{눈}0308-0412.{소낙눈}0923-1005.{눈}1538-1615.{눈}1808-1831.,
135,추풍령,1995-03-19,4.3,-.6,2400,10.5,1525,,,,,,,13.6,270,1506,8.3,270,1510,4.1,3549,290,-8.3,24,1424,41,3.3,993.8,1026.3,914,1021.4,1702,1024.2,12.1,10.1,1145,2.24,15.46,,,,,,1.8,1.3,5.4,-10.3,,,,,,,,,,,,,,
135,추풍령,1995-03-20,7.7,-1.6,130,17.1,1539,,,,,,,19.1,270,1547,10.7,270,1520,3.2,2786,270,-4.9,22,1631,44.5,4.3,990.6,1024.1,40,1016.7,1800,1020.6,12.1,8.9,1300,1.93,12.93,,,,,,1,.5,7.7,-9.3,,,,,,,,,,,,,,
135,추풍령,1995-03-21,11,1,630,20.4,1517,,,,,,,13,270,1320,8,270,1510,2.2,1933,270,3.2,36,1507,60.8,8,987.2,1019.7,30,1012.3,1453,1016.7,12.1,9.7,1030,2.05,13.73,,,,,,3.5,3.3,12.1,-6.7,,,,,,,,,,,,,,
135,추풍령,1995-03-22,7.4,5.8,410,10,0,1.17,,,,,0,7.3,70,1340,4.3,70,1350,2.1,1797,70,5.1,75,1250,85.8,8.8,989.4,1021.4,1100,1017.1,320,1019.3,12.2,0,1200,.27,1.04,,,,,,7.5,3.5,7.4,0,,,,,,,,,,,,0,{박무}0315-{박무}{강도0}0600-{박무}{강도0}0900-{박무}{강도0}1200-{박무}{강도0}1500-{박무}{강도0}1800-{박무}{강도0}2100-{박무}{강도0}2400{비}1505-1515.{비}1655-1735.{비}1920-1940.,
135,추풍령,1995-03-23,9.4,6,610,14.8,1523,,,,,,,6.3,70,2057,4,70,2050,1.3,1134,70,6.3,61,1520,82.3,9.6,988.5,1020.8,905,1014.6,1603,1018.2,12.2,.9,1330,.99,4.74,,,,,,10,4.8,10.8,4.4,,,,,,,,,,,,,-{박무}-{박무}{강도0}0300-{박무}{강도0}0600-{박무}{강도0}0900-{박무}{강도0}1200-{박무}{강도0}1500-{박무}{강도0}1800-{박무}{강도0}2100-{박무}{강도0}2400,
135,추풍령,1995-03-24,7.9,3.6,2400,10.2,1410,3.97,,,,,3,7.7,50,2042,5,50,2000,2.6,2221,70,5,69,1401,82,8.8,985.9,1018,2306,1013.4,1527,1015.6,12.3,0,1300,.42,1.58,,,,,,10,5,8.8,1.6,,,,,,,,,,,,8.8,-{박무}-{박무}{강도0}0300-{박무}{강도0}0600-{박무}{강도0}0900-{박무}{강도0}1200-1420.{비}2002-{비}{강도0}2100-{비}{강도0}2400,
135,추풍령,1995-03-25,3,.7,513,5.5,1414,6.93,,,,,5.8,5.6,70,108,3,70,110,1,829,70,1.1,73,1350,87,6.6,987,1018.4,830,1016,1640,1017.4,12.3,0,1330,.47,2.97,,,,,,9.5,5.5,5.9,-2,,,,,,,,,,,,0,-{비}-{비}{강도0}0300-{진눈깨비}0315-{진눈깨비}{강도0}0600-0618.{비}1445-{비}{강도0}1500-1510.{비}1635-1648.,
135,추풍령,1995-03-26,4.9,.7,630,10.3,1611,,,,,,,12.8,270,1405,8,270,1430,4.3,3731,270,-3.1,34,1444,59.5,5,985,1016.8,940,1012.4,1650,1015.1,12.3,10.1,1200,2.37,16.31,,,,,,4,2,8.5,-4.6,,,,,,,,,,,,,,
135,추풍령,1995-03-27,4.2,-.6,520,9.3,1228,3.88,,,,,9,13.2,290,1802,6.3,340,1710,2.7,2328,290,-1.7,32,2050,68.8,5.7,986,1021.1,2350,1013.8,1626,1016.2,12.4,0,1130,.7,2.54,,,,,,5,3.1,3.6,-7.5,,,,,,,,,,,,9,{비}1305-{비}{강도0}1500-1515.{비}1635-{비}{강도0}1800-1818.,
135,추풍령,1995-03-28,5.3,-3.9,650,11.1,1510,,,,,,,8.5,70,1015,5,70,1030,1.9,1651,50,-2.9,39,1420,56.8,5,992.5,1026.2,800,1019.9,1713,1022.8,12.4,9.9,1145,1.73,11.77,,,,,,5,2.4,5.7,-10.7,,,,,,,,,,,,,{햇무리}1117-1635.,
135,추풍령,1995-03-29,9.2,3,730,17,1426,,,,,,,7.3,250,1533,4.3,230,1540,.9,759,20,1.4,35,1510,59.3,6.8,988.2,1021.8,40,1014.6,1730,1017.9,12.5,8.2,1230,2.3,14.72,,,,,,5.3,3.4,12.1,-2,,,,,,,,,,,,,,
135,추풍령,1995-03-30,8.4,1.4,632,16.1,1613,,,,,,,6.2,250,1015,4.3,250,1010,.8,681,250,2.7,40,1418,71.3,7.4,983,1016.8,0,1008.3,1540,1012.6,12.5,4.5,1300,1.24,7.45,,,,,,6,2.5,9.4,-4,,,,,,,,,,,,,{햇무리}1127-1225.{박무}2045-{박무}{강도0}2100-{박무}{강도0}2400,
135,추풍령,1995-03-31,5,.7,735,11.7,1028,2.5,,,,,.3,17.2,270,1815,9,270,1820,4.1,3569,270,.4,46,2200,73,6.5,982.5,1015.8,2400,1009.7,1517,1012.5,12.5,2.6,930,1.5,5.51,,,,,,3.8,1.9,5.5,-3.9,,,,,,,,,,,,.3,-{박무}-{박무}{강도0}0300-{박무}{강도0}0600-{박무}{강도0}0900-1125.{비}1345-{비}{강도0}1500-1615.,
135,추풍령,1995-04-01,5.3,.3,605,10.7,1504,,,,,,,16.3,270,1220,10,270,1400,5.3,4596,270,-5.5,32,1118,46,4.1,987.5,1019.4,2203,1015.8,0,1017.7,12.6,10.8,1115,2.28,15.74,,,,,,.8,1.4,7.7,-4.8,,,,,,,,,,,,,,
135,추풍령,1995-04-02,3.6,.4,650,7.7,1449,,,,,,,16.8,270,1418,10.3,270,1520,6.2,5343,270,-7,27,1432,47,3.7,991.9,1026.3,2400,1018.4,125,1022.4,12.6,9.8,1215,2.51,18.43,,,,,,1.5,1.6,7.9,-5.1,,,,,,,,,,,,,,
135,추풍령,1995-04-03,5.1,-2.3,710,11.7,1634,,,,,,,14.3,250,1515,8.3,250,1530,5,4324,270,-4.9,32,1637,49.8,4.3,994.7,1027.7,828,1021.5,1800,1025.1,12.6,11.1,1200,2.36,17.71,,,,,,0,0,8.4,-10.5,,,,,,,,,,,,,,
135,추풍령,1995-04-04,8.4,-1.3,650,17.6,1557,,,,,,,12,270,47,9.3,270,50,4,3418,270,-5.2,21,1526,40,4.2,992.1,1024.9,620,1017.5,1620,1022,12.7,10.9,1215,2.44,18.06,,,,,,2,0,10.8,-8.8,,,,,,,,,,,,,,
135,추풍령,1995-04-05,9.4,-.3,625,17.6,1614,,,,,,,10.1,270,1321,7.3,270,2200,3.3,2877,270,-3.7,22,1218,41,4.7,989.2,1021.7,637,1015.7,1700,1018.8,12.7,10.1,1200,2.46,16.64,,,,,,3.3,.3,11.2,-9.1,,,,,,,,,,,,,{햇무리}1423-1640.,
135,추풍령,1995-04-06,8.9,-.4,425,18,1430,.9,.6,1640,1.2,1628,1.2,13.3,250,1355,8.3,250,1400,3.8,3316,270,.2,41,0,54,6.5,982.1,1017.5,25,1005.8,1500,1011.7,12.8,6.8,1245,1.64,11.12,,,,,,5,3.3,10.1,-9.5,,,,,,,,,,,,1.2,{비}1628-1722.{박무}2035-{박무}{강도0}2100-{박무}{강도0}2400-{햇무리}0835-0937.,
135,추풍령,1995-04-07,10.5,2.2,533,18.5,1510,,,,,,,12,270,1447,6.7,270,1900,2.6,2210,270,-2.4,23,1532,41.8,5.1,983,1014.5,2345,1009.5,1506,1012.4,12.8,10.8,1200,2.25,16.22,,,,,,1.3,.6,12,-4.5,,,,,,,,,,,,,-{박무}-0150.{황사}1520-{황사}{강도0}1800-{황사}{강도0}2100-{황사}{강도0}2400,
135,추풍령,1995-04-08,12.5,1.2,633,22,1420,,,,,,,12.1,270,1625,7.7,270,1440,1.6,1407,270,.2,29,1429,43.8,6.3,982.5,1014.8,10,1008.6,1500,1011.7,12.8,9.3,1200,2.17,12.24,,,,,,5.3,.3,12.7,-5.4,,,,,,,,,,,,0,-{황사}-{황사}{강도0}0300-{황사}{강도0}0600-{황사}{강도0}0900-{황사}{강도0}1200-{황사}{강도0}1500-{황사}{강도0}1800-{황사}{강도0}2100-{황사}{강도0}2400,
135,추풍령,1995-04-09,11.9,5.6,2400,16,1412,2.65,.1,920,.1,930,.1,12.3,270,1540,7.3,270,1600,4,3455,270,1.4,25,1823,53,7.5,984.7,1021.2,2400,1011.7,454,1014,12.9,3.4,1245,1.58,7.22,,,,,,7.5,4,11.4,-.2,,,,,,,,,,,,.1,-{황사}-{황사}{강도0}0300-{황사}{강도0}0600-{황사}{강도0}0900-{황사}{강도0}1200-{황사}{강도0}1500-1720.{비}0758-{비}{강도0}0900-1037.{박무}0815-{박무}{강도0}0900-{박무}{강도0}1200-1345.,
135,추풍령,1995-04-10,7.7,2,655,14.6,1611,,,,,,,12.8,270,159,7.7,270,220,4.5,3852,250,-3.6,26,1638,44.3,4.7,991.1,1023.3,900,1018.1,1740,1021.1,12.9,9.8,1130,2.27,15.21,,,,,,4.8,1.3,11.4,-2.3,,,,,,,,,,,,,,
135,추풍령,1995-04-11,6.1,-.3,602,14.3,1324,8.53,.8,1800,3.3,1730,5,11.2,270,2345,7.3,270,2340,2.1,1806,270,.5,45,0,67.8,6.4,986.2,1022.1,128,1011.7,1503,1016.2,12.9,1.4,900,1.3,5.56,,,,,,9,3.4,8.1,-8,,,,,,,,,,,,5.1,{비}0528-{비}{강도0}1800-{비}{강도0}2100-{비}{강도0}2400,
135,추풍령,1995-04-12,6.9,2.1,220,13,1624,4.73,.1,600,.1,524,.1,13,270,1645,9.3,270,1650,5.2,4502,270,-.4,35,1806,61.3,6,984.2,1017.5,2400,1012.2,152,1014.1,13,9,1200,2.43,15.48,,,,,,5.8,3.1,8.4,-2.7,,,,,,,,,,,,,-{비}-0035.{비}0215-{비}{강도0}0300-{비}{강도0}0600-0624.,
135,추풍령,1995-04-13,11.3,-.7,650,21.8,1513,,,,,,,9.5,110,1527,4.3,110,1530,1.3,1144,110,.2,24,1518,49.5,6.2,986.4,1019.3,817,1012.2,1520,1015.8,13,9.2,1215,2.28,15.38,,,,,,3.3,1.1,13.9,-7.4,,,,,,,,,,,,.5,,
135,추풍령,1995-04-14,12.6,7.7,630,19.7,1640,6.68,.1,410,.2,400,.6,8,70,1252,4.7,70,830,1.8,1532,90,7.4,48,1631,71.5,10.3,982.5,1014.2,2400,1009,1600,1011.6,13.1,4.2,1400,1.89,9.93,,,,,,8.8,3.4,15.3,4.4,,,,,,,,,,,,.1,{비}0252-{비}{강도0}0300-{비}{강도0}0600-0845.{비}0917-1005.,
135,추풍령,1995-04-15,12.9,5.7,647,20.8,1535,,,,,,,7.6,110,1130,4.3,90,1100,1.6,1373,110,6.3,39,1527,66.8,9.5,985.7,1017.3,942,1011.8,1634,1015,13.1,9.4,1230,2.18,15.6,,,,,,4.5,1.3,16.4,.7,,,,,,,,,,,,,{박무}0420-{박무}{강도0}0600-{박무}{강도0}0900-1030.,
135,추풍령,1995-04-16,12.5,3.1,630,20.1,1510,,,,,,,11,270,1422,7,270,1500,3,2584,270,6.2,39,1452,68,9.5,986,1016.7,2230,1012.2,1523,1015.2,13.1,9.3,1200,2.24,15.98,,,,,,3.8,2.9,15.9,-1.5,,,,,,,,,,,,,{박무}0325-{박무}{강도0}0600-{박무}{강도0}0900-{박무}{강도0}1200-1305.,
135,추풍령,1995-04-17,15.8,5.9,645,25,1503,,,,,,,6.2,160,942,3.8,160,940,1.1,913,110,7.2,30,1504,60.5,10.2,987.1,1018.5,806,1012.4,1802,1016,13.2,10.2,1200,2.27,16.66,,,,,,2.8,.6,19,-.9,,,,,,,,,,,,,{박무}0245-{박무}{강도0}0300-{박무}{강도0}0600-{박무}{강도0}0900-0925.{달무리}2335,
135,추풍령,1995-04-18,14.7,6.6,640,22.9,1357,,,,,,,11.5,270,2343,8,270,2350,2.8,2442,270,6.2,35,1300,58,9.5,982.3,1016.3,0,1006.8,1515,1011.2,13.2,5.9,1030,2.12,11.65,,,,,,7.3,3,17.1,.7,,,,,,,,,,,,,-{달무리}-0430.{박무}2325-{박무}{강도0}2400,
135,추풍령,1995-04-19,10.5,6,630,15.3,1425,,,,,,,15.2,250,528,8.3,250,550,5,4288,270,.9,30,1740,53,6.7,984.7,1020,2400,1008.4,0,1014.1,13.2,10,1230,2.53,18.11,,,,,,4.5,3.3,15.2,-1,,,,,,,,,,,,,-{박무}-0220.,
135,추풍령,1995-04-20,10.7,-.8,625,20.7,1627,,,,,,,7.6,250,1322,4.7,290,1700,1.5,1298,270,-1.5,23,1531,46,5.5,991.2,1023.4,740,1016.9,1735,1020.8,13.3,11.8,1200,2.56,19.8,,,,,,.8,0,16.3,-8.6,,,,,,,,,,,,,,
135,추풍령,1995-04-21,10.2,2,522,16.2,1318,10.87,.6,1520,2.1,1520,13.5,9,90,1435,4.3,90,1430,1.4,1212,70,6.8,54,1129,79.3,10.4,985.6,1020.8,0,1007.5,2258,1015.1,13.3,1.8,945,1.08,4.84,,,,,,8.3,4.1,11.6,-5.1,,,,,,,,,,,,13.8,{햇무리}0835-0920.{비}1308-{비}{강도0}1500-{비}{강도0}1800-{비}{강도0}2100-{비}{강도0}2400-{박무}1440-{박무}{강도0}1500-{박무}{강도0}1800-1835.,
135,추풍령,1995-04-22,16.1,12.4,53,21.7,1318,10.17,3,1850,12.3,1810,45.3,8,250,2120,6,250,2110,1.9,1667,270,12.4,57,1429,79.5,14.4,974.8,1007.5,0,997.4,1937,1003.4,13.4,2.1,1215,1.61,6.29,,,,,,9.3,5.8,16.7,10.3,,,,,,,,,,,,46.7,-{비}-0045.{비}0120--147.{비}1502-{소나기}1635-{비}1732-{비}{강도0}1800-{비}{강도1}2100-{비}{강도0}2400-{박무}0150-{박무}{강도0}0300-{박무}{강도0}0600-0720.{천둥}{강도0}(S)1642-{뇌전}{강도0}(S6~8)1648-{뇌전}{강도0}({이동}SE5~7)1650-{뇌전}{강도0}(SE{이동}E3~5)1655-{천둥}{강도0}(E)1708-1715.,
135,추풍령,1995-04-23,13,8.9,640,17.8,1517,1.42,.6,10,1.6,0,1.7,18.5,270,1610,10.3,270,1550,5.9,5077,270,-.4,20,1616,44.3,6.5,977.8,1016.6,2400,998.7,0,1006.9,13.4,10.6,1145,2.46,17.81,,,,,,4.5,1.4,14,2.6,,,,,,,,,,,,,-{비}-0125.{황사}1215-{황사}{강도0}1500-{황사}{강도0}1800-{황사}{강도0}2100-{황사}{강도0}2400,
135,추풍령,1995-04-24,12,4.9,620,19.2,1430,,,,,,,11.2,270,1712,7,250,1320,2,1760,270,-1.1,21,1648,41.5,5.7,986.5,1017.6,814,1013,1620,1015.8,13.4,7.7,1110,2.47,14.84,,,,,,4.8,2.3,13.2,-2.5,,,,,,,,,,,,,-{황사}-{황사}{강도0}0300-{황사}{강도0}0600-{황사}{강도0}0900-{황사}{강도0}1200-{황사}{강도0}1500-{황사}{강도0}1800-{황사}{강도0}2100-{황사}{강도0}2400-{햇무리}1415-1645.,
135,추풍령,1995-04-25,12.6,2.9,650,22,1547,.47,0,,0,,0,15.5,250,1905,10.7,250,1910,3.7,3186,270,1,25,1103,46.8,6.6,982.7,1016.7,0,1006.1,1622,1011.9,13.5,10.9,1200,2.54,18.22,,,,,,2.8,1.3,15.8,-4.6,,,,,,,,,,,,0,-{황사}-{황사}{강도0}0300-{황사}{강도0}0600-{황사}{강도0}0900-1115.{비}1850-1918.,
135,추풍령,1995-04-26,13.1,6.9,320,20,1708,,,,,,,17.1,270,1247,11,270,1250,7,6023,270,.5,27,1610,42.3,6.3,987.1,1021.7,2400,1013.4,0,1016.4,13.5,11.9,1200,2.54,18.8,,,,,,0,0,15.7,3.2,,,,,,,,,,,,,,
135,추풍령,1995-04-27,14.6,8.4,642,23.7,1405,,,,,,,7,270,2331,4.7,270,2340,1.7,1483,270,3.8,29,1547,49.3,8.1,989.7,1022,728,1015.1,1705,1018.9,13.5,5.9,1300,2.26,13.21,,,,,,5.3,2.6,17.1,3.5,,,,,,,,,,,,,,
135,추풍령,1995-04-28,17.2,7.2,640,27.2,1529,,,,,,,5.7,270,15,4.3,270,20,1.4,1175,270,6.1,34,1616,48.3,9.6,988.2,1019.3,607,1013.7,1740,1017,13.6,11.6,1215,2.54,18.92,,,,,,1,0,19.5,2.7,,,,,,,,,,,,,,
135,추풍령,1995-04-29,16.3,8.3,650,25.3,1225,,,,,,,9.3,270,1758,7.3,270,1800,2.2,1866,270,7.2,32,1237,55.8,10.2,984.4,1016.8,30,1010,1433,1013.2,13.6,6.2,945,2.01,11.63,,,,,,4.8,1.3,16.7,2.2,,,,,,,,,,,,,,
135,추풍령,1995-04-30,18.5,9.9,640,27.1,1523,,,,,,,9.1,290,447,5.7,290,440,2.2,1907,110,7.3,32,1532,48.5,10.2,985,1015.4,900,1010.8,1640,1013.7,13.6,9.9,1100,2.32,16,,,,,,6,2.1,21.1,2.6,,,,,,,,,,,,,{햇무리}0815-1105.,
135,추풍령,1995-05-01,15.2,10.3,2317,19.6,1420,.92,0,,0,,0,4.5,90,1514,3,90,1520,.4,387,140,9.7,50,1138,69.8,12.1,982.9,1016.2,2340,1009.2,1506,1011.8,13.7,0,1315,.88,4.86,,,,,,8.5,4.3,15.4,2.2,,,,,,,,,,,,0,{비}1413-{비}{강도0}1500-1508.{박무}2320-{박무}{강도0}2400,
135,추풍령,1995-05-02,17.2,9,348,24.4,1501,,,,,,,10.7,270,2339,8.7,270,2340,2.4,2043,270,6.6,32,1352,50.8,9.7,985.3,1016,0,1011.8,1528,1014.1,13.7,6.4,1215,1.66,11.95,,,,,,7.5,5,18.3,1.4,,,,,,,,,,,,,{햇무리}0850-1445.-{박무}-{박무}{강도0}0300-0345.,
135,추풍령,1995-05-03,14.4,8.3,2400,18,1529,,,,,,,15.5,270,1153,8.3,270,1140,5.2,4496,270,2.1,26,2010,45,7.7,985.6,1018.6,2400,1012.6,448,1014.6,13.7,10.8,1200,2.64,19.64,,,,,,4.3,1.3,18.6,6.2,,,,,,,,,,,,,{박무}0415-{박무}{강도0}0600-0645.,
135,추풍령,1995-05-04,10.5,4.6,653,16.7,1558,,,,,,,10.1,270,2242,7,270,2250,4,3454,270,-.7,37,0,45,5.9,986.6,1019.1,218,1011.6,1730,1016.1,13.8,6.2,1200,1.97,12.51,,,,,,4.8,1.6,14.7,-1.9,,,,,,,,,,,,,{햇무리}1125-1645.,
135,추풍령,1995-05-05,13.9,6,608,20.2,1430,,,,,,,16.4,270,1500,10.7,270,1500,5.3,4580,270,3.4,39,1130,48.5,7.9,982.4,1013.7,0,1008.3,1603,1011.4,13.8,12,1215,2.46,18.29,,,,,,.5,.3,17.4,-1.7,,,,,,,,,,,,,,
135,추풍령,1995-05-06,16.9,6.9,612,24.3,1442,,,,,,,11.2,270,1010,6.7,270,1010,2.4,2114,270,7.8,44,1448,54.3,10.8,984.2,1017.3,2400,1011,1435,1012.9,13.8,11.2,1200,2.25,16.64,,,,,,.5,.3,19.3,-.3,,,,,,,,,,,,,{박무}2145-{박무}{강도0}2400,
135,추풍령,1995-05-07,15.7,6.4,605,24.6,1554,,,,,,,8.3,270,1410,5,270,1410,1.2,1052,250,5.1,27,1530,52.3,8.8,986.3,1017.7,40,1012.2,1630,1015.2,13.9,7.4,1230,2.11,14.23,,,,,,3.8,1.9,18.8,-1.2,,,,,,,,,,,,,-{박무}-0210.,
135,추풍령,1995-05-08,18,6.5,614,28,1616,,,,,,,6,250,929,4.3,250,930,1.4,1200,270,8.9,35,1434,57,11.5,984.5,1015.5,710,1009.5,1740,1013.2,13.9,11.7,1200,2.47,19.01,,,,,,1,0,22.4,-1.2,,,,,,,,,,,,,,
135,추풍령,1995-05-09,19.9,9.2,630,29.6,1424,,,,,,,8.9,250,1540,5.7,250,1550,1.5,1270,250,10.8,29,1450,59.8,12.9,983.1,1015.1,640,1007.7,1650,1011.5,13.9,11.5,1200,2.4,18.77,,,,,,.3,.1,23.3,1.2,,,,,,,,,,,,,,
135,추풍령,1995-05-10,13.2,7.5,2400,22.5,948,5.82,.7,1730,2.7,1730,6.6,14.9,290,1432,9.7,290,1440,3,2629,290,9.3,49,1003,78.3,11.8,982,1014.7,2200,1008.1,905,1011.1,14,1.3,845,1.02,4.57,,,,,,6.5,3,14.4,3.4,,,,,,,,,,,,6.6,{비}1036-{비}{강도0}1200-1318.{비}1548-{비}{강도0}1800-1855.{달무리}2035-2124.,
135,추풍령,1995-05-11,10.8,5.1,242,18.1,1644,,,,,,,9.9,270,958,7.3,270,1010,3.4,2958,290,1.8,32,1238,54.5,7,987.8,1020.7,2340,1014.6,0,1017.2,14,11.9,1135,2.66,19.18,,,,,,4.3,.5,13.1,.6,,,,,,,,,,,,,{햇무리}1435-1610.,
135,추풍령,1995-05-12,13.8,2.5,634,23.6,1443,,,,,,,7.8,70,1650,4,70,1700,1.3,1091,140,5,35,1727,58,8.8,991.3,1022.7,710,1017.8,1750,1020.5,14,12.3,1200,2.58,20.15,,,,,,0,0,17.5,-2.6,,,,,,,,,,,,,,
135,추풍령,1995-05-13,9.8,6.5,620,15.2,1230,8.55,.7,2130,.8,2130,2.7,8.5,110,2020,6,110,2010,1.7,1496,50,4.5,47,1219,70,8.6,987.2,1020.7,0,1012,2400,1016.7,14,.3,1130,1.01,3.43,,,,,,9,4.8,12,1.2,,,,,,,,,,,,3,{비}1302-{비}{강도0}1500-1618.{비}1717-{비}{강도0}1800-2018.{비}2119-2335.{달무리}0210-0420.,
135,추풍령,1995-05-14,10.3,8.2,0,11.8,1729,14.07,.1,1943,.2,1943,1,6.4,70,116,4.3,90,120,1.9,1645,50,9,90,1456,91.5,11.5,978.4,1012,0,1005.6,1645,1007.8,14.1,0,1345,.23,1.26,,,,,,10,5.5,12.3,7.6,,,,,,,,,,,,.7,{비}0428-{비}{강도0}0600-0825.{비}0950-{비}{강도0}1200-1235.{비}1420-1445.{이슬비}1703-{이슬비}{강도0}1800-{비}1906-{비}{강도0}2100-{이슬비}2240-{이슬비}{강도0}2400-{박무}0315-{박무}{강도0}0600-{박무}{강도0}0900-{박무}{강도0}1200-{박무}{강도0}1500-{박무}{강도0}1800-{박무}{강도0}2100{박무}{강도0}2400,
135,추풍령,1995-05-15,12.7,10.6,350,15.4,1400,8.58,0,,0,,0,5.5,70,1008,4,70,1020,.8,710,70,10.4,71,1323,86,12.6,977.1,1007.5,2400,1004.9,1530,1006.1,14.1,.3,1245,.87,3.42,,,,,,10,5.3,14.8,7.1,,,,,,,,,,,,0,-{이슬비}-{이슬비}{강도0}0300-{이슬비}{강도0}0600-0635.{비}0915-0950.{비}1545-1710.-{박무}-{박무}{강도0}0300{박무}{강도0}0600-{박무}{강도0}0900-{박무}{강도0}1200-1250.,
135,추풍령,1995-05-16,15.2,9.5,100,23.1,1537,1.1,0,,0,,0,14.3,290,1732,6.7,290,730,3,2583,290,9.2,42,1642,68.8,11.6,980.2,1013.3,2400,1007.1,150,1009,14.1,6.9,1330,2.26,13.6,,,,,,4,2.9,17.3,6.1,,,,,,,,,,,,0,{비}1012-1106.{소나기}1712-1724.{천둥}{강도0}(NE)1653-{천둥}{강도0}(NE{이동}E)1713-1718.,
135,추풍령,1995-05-17,18.8,9.3,503,27.6,1624,,,,,,,6.6,250,1135,4.7,250,930,1.7,1480,320,6.3,24,1417,48.3,9.6,986.3,1017.7,2400,1012.7,1500,1014.9,14.1,10.7,1200,2.59,19.38,,,,,,2.3,2,20.8,4.5,,,,,,,,,,,,,,
135,추풍령,1995-05-18,19.6,7.8,648,28.9,1523,,,,,,,8.6,140,1405,5,140,1400,1.2,1057,140,6.7,26,1415,45.8,9.8,989.3,1020.6,725,1015.6,1515,1017.8,14.2,12,1200,2.47,19.8,,,,,,0,0,22.7,2.1,,,,,,,,,,,,,,
135,추풍령,1995-05-19,17.6,7,630,26.3,1629,,,,,,,10,160,1432,6,160,1420,1.4,1181,160,8.4,35,1543,56.5,11.1,987.6,1020.5,610,1012,1903,1016.3,14.2,9.7,1400,1.77,14.4,,,,,,6.8,3.3,21.3,1.5,,,,,,,,,,,,15.6,,
135,추풍령,1995-05-20,17,15.1,12,18.6,104,20.38,1.7,614,5.4,530,24.2,7.4,90,644,3.3,90,650,.8,673,70,14.9,66,16,87,16.9,976.4,1012,0,1001.1,1724,1005,14.2,0,1400,.3,1.62,,,,,,10,5.4,17.7,13,,,,,,,,,,,,8.6,{비}0212-{비}{강도0}0300-{비}{강도1}0600-{비}{강도0}0900-{비}{강도0}1200-{비}{강도0}1500-{비}{강도0}1800-1943.{비}2108-{비}{강도0}2400,
135,추풍령,1995-05-21,17.2,11.8,2400,21.6,1504,5.75,.7,2210,1.5,2130,2.5,7,90,1140,4.7,90,1130,1.1,953,70,12.7,48,1538,77,14.8,974.2,1006,2207,1000.7,200,1002.6,14.3,0,1115,1.62,10.29,,,,,,9.8,5,20.3,10.4,,,,,,,,,,,,2.5,-{비}-0038.{이슬비}0611-0708.{비}1910-{비}{강도0}2100-2320.,
135,추풍령,1995-05-22,17,8.5,435,24.4,1505,,,,,,,10.3,290,1600,7,290,1600,2.6,2244,290,7.5,32,1556,56.5,10.4,977.6,1009.6,2400,1004.4,1512,1006,14.3,10.9,1145,3.03,22.58,,,,,,.8,1.5,18.3,4.2,,,,,,,,,,,,,,
135,추풍령,1995-05-23,19.1,11.8,553,26.4,1624,,,,,,,11,290,1604,5.8,270,1240,2.7,2302,290,7.6,22,1558,49.8,10.6,984.1,1015.3,2400,1009.6,0,1012.7,14.3,12.1,1230,3.02,23.48,,,,,,.3,.1,20.5,5.8,,,,,,,,,,,,,,
135,추풍령,1995-05-24,18.8,10.4,415,26.8,1356,,,,,,,8,290,1405,5.3,290,1410,1.5,1275,290,10,31,1315,59.5,12.4,984.2,1015.6,700,1009.6,1800,1012.7,14.3,5.4,1315,2.37,15.47,,,,,,6.8,4.1,20.8,5.6,,,,,,,,,,,,0,,
135,추풍령,1995-05-25,18.7,12.9,244,26.3,1645,.17,0,,0,,0,8.3,270,2352,5.7,270,2400,1.4,1183,270,13.4,53,149,70,15.7,979.6,1011.3,0,1003.3,1720,1008,14.3,6,1415,2.31,13.78,,,,,,7.5,5.6,22.7,8.3,,,,,,,,,,,,,{비}0815-0825.,
135,추풍령,1995-05-26,19,13.9,624,23.9,1635,,,,,,,12.2,320,2035,6.7,290,2120,3.6,3113,290,7.6,25,1557,52.8,11.2,982.9,1015.1,2350,1008.7,0,1011.3,14.4,11.9,1300,2.62,21.18,,,,,,1.8,1.3,22.9,8.4,,,,,,,,,,,,,,
135,추풍령,1995-05-27,17.8,10,630,25.7,1519,,,,,,,7.8,250,1427,6,250,1420,2.5,2200,250,2.7,24,1554,36.5,7.6,988.4,1019.7,908,1014.8,1828,1017.2,14.4,12.5,1230,3.01,23.25,,,,,,0,0,22.3,5.2,,,,,,,,,,,,,,
135,추풍령,1995-05-28,14.6,11.7,110,19.4,1734,1.88,0,,0,,0,9.2,140,1817,4.7,140,1840,1.1,945,90,9.5,48,1732,71.3,11.9,987,1019.1,1040,1011.8,1806,1016,14.4,0,1145,.76,4.98,,,,,,10,4.1,16.9,7.1,,,,,,,,,,,,0,{비}0910-1028.{비}2325-{비}{강도0}2400,
135,추풍령,1995-05-29,17.8,11.9,620,23.9,1534,.33,0,,0,,0,11,270,1445,7.3,290,2110,2.5,2150,290,11,43,1524,66.3,13.1,980.1,1012.6,0,1005.4,1802,1008.7,14.4,10,1215,3.02,20.39,,,,,,6.5,3.8,20,10.7,,,,,,,,,,,,0,-{비}-0020.{박무}0320-{박무}{강도0}0600-0715.,
135,추풍령,1995-05-30,18.6,13.5,630,24.3,1520,.77,0,,0,,0,10.3,290,1859,7.3,290,1900,3.5,2999,290,10.2,32,1623,59.3,12.5,982.4,1012.8,2345,1008.5,1730,1010.9,14.4,10.2,1200,3.04,21.97,,,,,,4.3,3.5,25,11.3,,,,,,,,,,,,,{이슬비}0532-{이슬비}{강도0}0600-0618.{박무}0415-{박무}{강도0}0600-0805.,
135,추풍령,1995-05-31,17.7,12.7,520,23.5,1302,,,,,,,7.5,320,120,5,320,120,2.6,2220,290,8.9,36,1627,57.5,11.4,986.4,1016.3,2340,1012.7,0,1015,14.5,7,1200,2.3,16.35,,,,,,6.8,3.8,21.5,9.7,,,,,,,,,,,,,,
135,추풍령,1995-06-01,19.7,10.5,630,28.7,1634,,,,,,,4.6,270,1536,3.5,270,920,.7,588,270,8.9,26,1656,51.8,11.4,986.8,1017.5,804,1012.1,1625,1015.4,14.5,12,1145,2.72,22.33,,,,,,1.5,.9,25.1,4.7,,,,,,,,,,,,,,
135,추풍령,1995-06-02,18.5,12.5,155,25.5,1323,1.25,1.2,2350,5.4,2300,5.7,7,70,2239,3.7,70,2230,1,904,50,11.8,45,1205,66,13.9,984.6,1016.4,38,1009.1,2400,1013.1,14.5,4.6,1115,2.11,12.82,,,,,,9.5,7.1,23.4,7.5,,,,,,,,,,,,26.7,{햇무리}1130-1239.{비}2245-{비}{강도1}2400,
135,추풍령,1995-06-03,14.6,12,705,17.1,1730,17.72,3,840,9.5,840,31.1,7.6,270,2315,6,270,2320,2,1759,50,12.9,85,2354,89.3,15,974.6,1009.8,30,1000.1,1810,1003.3,14.5,0,1245,.56,3.03,,,,,,10,6.3,17.2,11.4,,,,,,,,,,,,10.1,-{비}-0155.{비}0505-{비}{강도0}0600-{비}{강도1}0900-{비}{강도0}1200-{비}{강도0}1500-1748.{비}1952-{비}{강도0}2100-2257.{박무}0120-{박무}{강도0}0300-0520.{박무}0840-{박무}{강도0}0900-{박무}{강도0}1200-{박무}{강도0}1500-{박무}{강도0}1800-{박무}{강도0}2100-{박무}{강도0}2400,
135,추풍령,1995-06-04,17.2,13.7,546,21.8,1504,2.1,.3,1910,.7,1848,1.2,9,290,36,6.3,290,40,2.8,2442,290,11.2,47,1504,69,13.3,977.4,1008.3,2140,1002.7,0,1005.8,14.5,5.6,1100,2.97,16.55,,,,,,7.8,5.4,20.5,9.8,,,,,,,,,,,,1.2,-{박무}-{박무}{강도0}0300-0525.{박무}1925-{박무}{강도0}2100-{박무}{강도0}2400-{비}1837-2006.{비}2128-2205.,
135,추풍령,1995-06-05,16.9,12.9,30,24.1,1732,,,,,,,9.8,290,1452,6.7,290,1500,3.2,2804,290,11.5,41,1731,71.5,13.5,979.6,1010.6,2400,1006.4,1542,1008.2,14.5,8.8,1100,2.89,20.85,,,,,,2.5,3.5,20.1,9.7,,,,,,,,,,,,,-{박무}-{박무}{강도0}0300-{박무}{강도0}0600-{박무}{강도0}0900-1120.{천둥}{강도0}(NE)1732-1748.,
135,추풍령,1995-06-06,20,14,425,27.1,1608,,,,,,,6,270,1415,5,270,1330,2.4,2079,270,12,36,1413,62.8,14,983.5,1014.6,2400,1010.3,52,1011.9,14.6,11.3,1130,2.84,20.88,,,,,,3,1.4,23,10.5,,,,,,,,,,,,,{박무}0145-{박무}{강도0}0300-{박무}{강도0}0600-0820.,
135,추풍령,1995-06-07,20.6,12.7,430,27.2,1503,,,,,,,7.2,50,2227,3.7,50,2230,.8,698,70,14.3,47,1707,68.8,16.5,986,1016.1,656,1011.8,1734,1014.4,14.6,6.7,1100,2.36,16.71,,,,,,5.8,2.6,24.2,9.5,,,,,,,,,,,,,{박무}0325-{박무}{강도0}0600-{박무}{강도0}0900-{박무}{강도0}1200-1435.{햇무리}1220-1550.,
135,추풍령,1995-06-08,18.6,14.3,554,24.5,1625,,,,,,,6.1,70,1235,4,70,1240,1.7,1508,70,11.9,45,1605,66.3,14,984.6,1016,0,1009.3,1750,1013.2,14.6,8.8,1200,3.1,19.14,,,,,,6.5,3.9,25.5,10.6,,,,,,,,,,,,,,
135,추풍령,1995-06-09,18.6,12.9,407,25,1429,,,,,,,6.7,90,1452,4,180,1530,1.2,1027,50,12.1,43,1417,67.3,14.1,981.3,1011.7,0,1006.9,1706,1009.8,14.6,5.9,1230,2.89,16.24,,,,,,4,4.1,24.3,9.1,,,,,,,,,,,,,{박무}0320-{박무}{강도0}0600-0810.,
135,추풍령,1995-06-10,19.8,12.3,550,27.1,1420,,,,,,,5.5,90,1427,4,140,1810,.9,798,110,12.1,39,1510,63,14.1,982.5,1013.8,2350,1008.6,1550,1010.8,14.6,10.3,1300,2.74,18.92,,,,,,2.5,1.5,26.6,9.4,,,,,,,,,,,,,{박무}0345-{박무}{강도0}0600-0835.,
135,추풍령,1995-06-11,18.1,15,220,23.3,1544,,,,,,,7.3,90,1250,4,90,1350,1.9,1654,70,11.8,48,1723,67.3,13.9,986.7,1016.7,2400,1013.8,0,1015.4,14.6,2.7,1330,1.35,8.78,,,,,,8.5,4.8,22.4,10.8,,,,,,,,,,,,,,
135,추풍령,1995-06-12,17.2,15,556,20.2,1712,,,,,,,7.4,70,206,4.3,70,820,1.9,1615,70,11.4,62,1710,68.5,13.6,986.8,1017.4,954,1013.1,1950,1015.6,14.6,0,1615,.85,7.42,,,,,,10,5.8,21.3,13.2,,,,,,,,,,,,.7,,
135,추풍령,1995-06-13,17.6,13.5,558,22.7,1732,5.15,.2,237,.3,230,.7,4.2,70,119,2.3,140,1030,.6,519,70,13.4,48,2248,76.8,15.4,983.1,1013.9,50,1009,1745,1011.7,14.6,1.4,1300,1.41,8.62,,,,,,9.8,4.8,21.2,12.1,,,,,,,,,,,,,{비}0216-{비}{강도0}0300-{비}{강도0}0600-0725.{박무}0135-{박무}{강도0}0300-{박무}{강도0}0600-{박무}{강도0}0900-1045.,
135,추풍령,1995-06-14,18.7,13.3,640,25.1,1613,,,,,,,7.2,250,1259,4.3,250,1150,.7,639,50,10.5,38,1626,59.5,12.7,982.7,1013.1,458,1008,1614,1011.2,14.6,6.5,1153,3.25,17.1,,,,,,7.5,5.3,22.3,9.4,,,,,,,,,,,,,,
135,추풍령,1995-06-15,19.5,11.2,420,25.8,1614,,,,,,,7.8,270,1457,4.7,250,1030,2,1705,250,11.5,37,1558,62.8,13.6,981.1,1011.8,600,1007.2,1602,1009.4,14.6,5.6,1145,2.76,18.02,,,,,,4.8,3.3,25.5,8.1,,,,,,,,,,,,,{박무}0320-{박무}{강도0}0600-{박무}{강도0}0900-{박무}{강도0}1200-1315.{박무}2240-{박무}{강도0}2400,
135,추풍령,1995-06-16,21.3,15.1,505,28.7,1605,,,,,,,9.2,270,910,6,270,920,3.2,2783,270,13.6,36,1524,64,15.6,979.2,1009.8,130,1004.1,1730,1007.4,14.6,11.1,1200,2.79,22.1,,,,,,.8,0,27,13.1,,,,,,,,,,,,,-{박무}-{박무}{강도0}0300-{박무}{강도0}0600-{박무}{강도0}0900-1045.,
135,추풍령,1995-06-17,22.9,15.8,555,29.1,1311,,,,,,,5.5,50,1128,4.7,290,350,1.3,1142,140,15.1,39,1716,62.8,17.2,977.9,1008.4,546,1003.4,1650,1005.8,14.7,3.2,1215,2.24,15.13,,,,,,7.3,4.6,27.5,11.5,,,,,,,,,,,,2.5,{박무}0805-{박무}{강도0}0900-{박무}{강도0}1200-{박무}{강도0}1500-1645.{박무}2010-{박무}{강도0}2100-{박무}{강도0}2400,
135,추풍령,1995-06-18,16.8,15.2,732,21.7,0,20.08,.4,1027,.9,1027,5.1,7.8,110,735,5.7,110,740,.7,571,70,14.2,75,0,84.3,16.3,974.2,1004.3,21,1001,1730,1002.7,14.7,0,1100,.37,1.88,,,,,,10,5.4,19.3,15.1,,,,,,,,,,,,2.6,-{박무}-{박무}{강도0}0300-{박무}{강도0}0600-0735.{박무}1435-{박무}{강도0}1500-{박무}{강도0}1800-{박무}{강도0}2100-{박무}{강도0}2400-{비}0115-{비}{강도0}0300-{비}{강도0}0600-0740.{비}0845-{비}{강도0}0900-{비}{강도0}1200-{비}{강도0}1500{비}{강도0}1800-{비}{강도0}2100-2225.,
135,추풍령,1995-06-19,19.9,15.6,20,25.1,1542,.75,0,,0,,0,9.3,290,2020,6.3,290,2020,2.7,2335,290,13.9,47,1703,68.5,15.9,974.1,1005.1,2340,1001,1550,1002.3,14.7,2.5,1500,1.77,10.42,,,,,,7,6.5,22,14.1,,,,,,,,,,,,0,{비}1120-{비}{강도0}1200-1205.-{박무}-{박무}{강도0}0300-0515.,
135,추풍령,1995-06-20,22.1,17.4,450,28.5,1556,,,,,,,8.1,270,1335,4.7,270,1340,2.3,1998,270,14.5,40,1703,63.8,16.6,978,1008,750,1004,1651,1006,14.7,9.6,1145,2.74,20.37,,,,,,4,3.5,25.9,15.9,,,,,,,,,,,,,{박무}2240-{박무}{강도0}2400,
135,추풍령,1995-06-21,19.3,15.7,2340,20.8,950,.45,0,,0,,0,6.1,70,1218,3.3,70,1230,1.7,1469,70,15,70,930,76.3,17,978.1,1008.4,2330,1005.2,1543,1006.4,14.7,0,845,.64,2.84,,,,,,9.3,5,21.2,12.6,,,,,,,,,,,,0,-{박무}-{박무}{강도0}0300-0445.{박무}1420-{박무}{강도0}1500-1715.{비}1328-1355.,
135,추풍령,1995-06-22,18.3,15.1,2400,21.8,1247,,,,,,,5.9,110,2021,3.7,110,2030,1.5,1320,90,12.7,59,1234,69,14.7,978.3,1008.3,0,1004.6,1809,1006.6,14.7,.3,1200,1.32,7.73,,,,,,10,5.6,21.4,11.1,,,,,,,,,,,,,{박무}2250-{박무}{강도0}2400,
135,추풍령,1995-06-23,20.4,13.6,150,27.5,1523,,,,,,,6.2,230,1145,4.3,230,1150,1.4,1241,270,13.8,45,1409,67,15.9,976.2,1006.7,0,1002,1548,1004.3,14.7,9,1130,2.72,19.9,,,,,,6.3,4.4,26.4,10.2,,,,,,,,,,,,,-{박무}-{박무}{강도0}0300-{박무}{강도0}0600-{박무}{강도0}0900-0925.{박무}1940-{박무}{강도0}2100-{박무}{강도0}2400,
135,추풍령,1995-06-24,23.5,18.3,458,30.9,1625,,,,,,,6.2,270,112,5,270,120,.8,715,270,15.5,36,1532,62.3,17.6,975.5,1006.1,750,999.8,1805,1003.2,14.7,8.4,1357,2.23,16.93,,,,,,5.3,2.4,29.4,16.2,,,,,,,,,,,,,-{박무}-{박무}{강도0}0300-{박무}{강도0}0600-{박무}{강도0}0900-{박무}{강도0}1200-1235.{박무}2325-{박무}{강도0}2400,
135,추풍령,1995-06-25,23.5,18.1,640,30.3,1334,.4,0,,0,,0,6.5,270,1629,4.2,270,1630,1.3,1132,270,16.6,44,1336,66.8,18.9,970,1002.4,0,993.3,1530,997.6,14.7,5.6,1300,2.25,14.36,,,,,,8.3,5.8,28.7,15.9,,,,,,,,,,,,0,-{박무}-{박무}{강도0}0300-{박무}{강도0}0600-0835.{박무}1610-{박무}{강도0}1800-{박무}{강도0}2100-{박무}{강도0}2400-{소나기}1645-1654.{소나기}1748-{소나기}{강도0}1800-1803.{천둥}{강도0}(S)1828-1855.,
135,추풍령,1995-06-26,22.7,18.8,2400,27.4,1512,,,,,,,10,270,1141,6.3,270,1140,3.8,3248,270,14.4,39,1540,60.5,16.5,971.6,1003.1,2340,997.7,253,999.4,14.7,9.3,1200,2.79,20.75,,,,,,3,2.8,29.2,16.1,,,,,,,,,,,,,-{박무}-{박무}{강도0}0300-{박무}{강도0}0600-0710.,
135,추풍령,1995-06-27,21.7,14,630,28.9,1538,,,,,,,5.7,290,3,4.3,290,10,1,824,290,13,35,1505,59.8,15,975,1004.3,600,1001.3,1510,1002.8,14.6,7.4,1145,2.59,17.85,,,,,,4.8,3.8,27.6,10.2,,,,,,,,,,,,,{박무}0320-{박무}{강도0}0600-0745.,
135,추풍령,1995-06-28,23,18.1,620,28.3,1552,,,,,,,7,270,1850,6,270,2010,2,1710,270,14.2,39,1451,59.5,16.3,977.6,1008.8,2328,1003.7,1629,1005.4,14.6,7.1,1200,3.04,19.04,,,,,,5.5,3.8,29.6,16.6,,,,,,,,,,,,,{박무}0610-0835.,
135,추풍령,1995-06-29,23.3,14.2,625,31.9,1555,,,,,,,6,250,1231,4.7,270,2330,1.3,1095,250,14,36,1554,58,16,980.5,1011.2,744,1005.6,1547,1008.5,14.6,10.1,1200,2.86,20.12,,,,,,2.5,2.8,30.2,10.3,,,,,,,,,,,,,{박무}2135-{박무}{강도0}2400,
135,추풍령,1995-06-30,21.5,17,550,25.2,1351,,,,,,,4.8,140,1400,3,140,1400,.7,580,140,16.2,54,1346,72.3,18.4,977.8,1008.8,0,1002.6,1832,1005.8,14.6,.8,1145,1.4,8.03,,,,,,8.5,4.1,25.1,13.5,,,,,,,,,,,,,-{박무}-{박무}{강도0}0300-{박무}{강도0}0600-{박무}{강도0}0900-{박무}{강도0}1200-{박무}{강도0}1500-1640.,
135,추풍령,1995-07-01,23.4,16.5,623,29.5,1502,,,,,,,5.3,270,2113,4,270,2130,.7,566,290,17.4,51,1516,70.3,19.9,975.8,1005.3,2330,1002.2,1430,1003.6,14.6,3.8,930,1.81,9.84,,,,,,8.8,4.3,29,13.3,,,,,,,,,,,,.5,{박무}0125-{박무}{강도0}0300-0545.{박무}1615-{박무}{강도0}1800-{박무}{강도0}2100-{박무}{강도0}2400-{번개}{강도0}(W)0305-0358.,
135,추풍령,1995-07-02,20.9,17.2,2400,23.5,1205,4.98,.5,1311,.6,1311,1.2,4.2,110,1255,3,110,1300,.5,402,110,17.3,61,1439,80.5,19.8,975.7,1005.7,135,1002.5,1518,1003.8,14.6,0,1300,.73,3.49,,,,,,10,4,23,14.3,,,,,,,,,,,,.7,-{박무}-{박무}{강도0}0300-{박무}{강도0}0600-{박무}{강도0}0900-{박무}{강도0}1200-1445.{박무}1920-{박무}{강도0}2100-{박무}{강도0}2400-{비}0528-{비}{강도0}0600-0815.{비}1228-1342.{비}1652-1750.,
135,추풍령,1995-07-03,21.2,16,158,27.3,1614,,,,,,,4.9,290,2143,3.3,290,2010,1,824,320,15.6,48,1607,71.8,17.8,977,1007.6,2343,1004.2,1524,1005.1,14.6,3,1115,2.13,9.46,,,,,,9,5.1,23.5,14.4,,,,,,,,,,,,,-{박무}-{박무}{강도0}0300-{박무}{강도0}0600-{박무}{강도0}0900-{박무}{강도0}1200-1335.{박무}2235-{박무}{강도0}2400,
135,추풍령,1995-07-04,21.7,16.2,548,27.2,1504,,,,,,,5,290,8,3.3,290,10,.4,388,180,14.5,42,1506,65,16.5,980.4,1009.9,2230,1007.3,1816,1008.5,14.6,4.5,1208,1.58,10.13,,,,,,8.8,3.4,25,14.3,,,,,,,,,,,,,-{박무}-{박무}{강도0}0300-{박무}{강도0}0600-{박무}{강도0}0900-1045.,
135,추풍령,1995-07-05,22.5,17.4,610,28.7,1525,,,,,,,5,270,100,4.3,270,110,1.2,1049,290,14,39,1455,60.3,16,981.3,1011.2,835,1007.1,1730,1009.4,14.6,6.2,1130,2.55,12.53,,,,,,8.5,5,28.3,15.3,,,,,,,,,,,,,{박무}0315-{박무}{강도0}0600-{박무}{강도0}0900-1020.{박무}2320-{박무}{강도0}2400,
135,추풍령,1995-07-06,22.6,17.6,638,28.2,1604,,,,,,,5.3,290,150,3.7,290,120,1.4,1184,270,14.8,44,1447,62.5,16.9,982.8,1012.1,840,1009.4,1728,1010.8,14.6,6.1,1230,2.88,12.18,,,,,,8.8,5.9,26.9,15.4,,,,,,,,,,,,,-{박무}-{박무}{강도0}0300-{박무}{강도0}0600-0835.{박무}2135-{박무}{강도0}2400,
135,추풍령,1995-07-07,21.1,18.1,545,25.1,1534,.42,0,,0,,0,5.5,160,1404,3.3,160,1410,.8,723,140,17,58,1602,77.5,19.4,983.5,1012.8,2235,1009.9,1524,1011.7,14.6,.6,1300,1.22,6.78,,,,,,10,5.8,24.5,16.8,,,,,,,,,,,,16.7,-{박무}-{박무}{강도0}0300-{박무}{강도0}0600-{박무}{강도0}0900-{박무}{강도0}1200-1350.{비}1320-1345.,
135,추풍령,1995-07-08,21.5,19,255,25.3,1621,8.13,1.7,807,5.2,717,23.5,3.2,140,1405,2,140,1400,.2,142,140,19.1,74,1556,85.8,22.2,983.1,1013.2,930,1009,2400,1011.3,14.5,.6,1300,.97,4.55,,,,,,10,5.6,23.1,18.2,,,,,,,,,,,,6.8,{박무}0315-{박무}{강도0}0600-{박무}{강도0}0900-{박무}{강도0}1200-{박무}{강도0}1500-1650.{박무}2025-{박무}{강도0}2100-{박무}{강도0}2400-{비}0420-{비}{강도1}0600-{비}{강도1}0900-{비}{강도0}1200-1228.,
135,추풍령,1995-07-09,26.2,20.2,610,30.9,1334,,,,,,,10.7,250,906,6.3,250,910,2.4,2107,230,18.6,50,1248,64.3,21.5,978.6,1009,0,1005.3,1738,1006.2,14.5,7.9,1230,2.8,12.93,,,,,,6,4.5,25.8,19,,,,,,,,,,,,,-{박무}-{박무}{강도0}0300-0350.,
135,추풍령,1995-07-10,26.2,22.5,527,29.9,1311,.3,2.8,1406,2.8,1358,2.8,7.5,270,1400,4.8,290,1410,1.1,989,200,21.5,55,1207,75.5,25.8,976.8,1005.4,0,1002.6,1346,1004.3,14.5,2.8,900,1.22,7.66,,,,,,6.8,4.9,26.1,21,,,,,,,,,,,,5.2,{소나기}1358-1416.{뇌전}{강도0}(NW3~4)1357-{뇌전}{강도0}(NW{이동}N3~4)1359-{뇌전}{강도0}(N{이동}NE4~5)1404-1410.,
135,추풍령,1995-07-11,25.6,23,920,30.9,1527,4.12,.5,813,1.3,730,2.5,7.5,230,1350,5.7,270,1300,.9,773,250,21.4,58,1527,78.5,25.5,979.3,1009.5,2252,1004.6,0,1006.9,14.5,2.9,1100,1.98,9.67,,,,,,8.8,4.3,26.4,21,,,,,,,,,,,,.1,{소나기}0535-{소나기}{강도0}0600-{소나기}{강도0}0900-0942.{박무}0915-{박무}{강도0}1200-1245.{천둥}{강도0}(W)0548-{천둥}{강도0}(W)0600-{뇌전}{강도0}(W{이동}NW3~4)0603-{뇌전}{강도0}(NW{이동}N5~6)0608-{천둥}{강도0}(N{이동}NE)0614-0632.{뇌전}{강도0}(SE3~4)0702-{천둥}{강도0}(SE{이동}E)0707-0735.{뇌전}{강도0}(SE5~6)0750-{뇌전}{강도0}(SE{이동}E5~6)0805-0825.{천둥}{강도0}(W)0832-{천둥}{강도0}(W{이동}NW)0835-{천둥}{강도0}(NW{이동}N)0852-{천둥}{강도0}(N)0900-0925.,
135,추풍령,1995-07-12,26.3,22,602,31.2,1333,.3,.1,1607,.2,1607,.2,6.7,250,1607,5.3,250,1620,.9,769,250,20.7,53,1546,71.8,24.4,982.4,1011.2,2230,1009.4,0,1010.2,14.5,3.4,930,1.56,8.88,,,,,,8.8,5,27,20.7,,,,,,,,,,,,.2,{소나기}1607-1625.{박무}0430-{박무}{강도0}0600-0755.,
135,추풍령,1995-07-13,27.6,25.5,12,29.9,1421,,,,,,,10,250,1650,7.7,250,1640,4.5,3873,250,20.1,61,1440,63.5,23.5,981.5,1010.6,0,1007.8,1620,1009,14.5,5.7,1000,1.88,12.11,,,,,,7,4.8,27.5,23.9,,,,,,,,,,,,,,
135,추풍령,1995-07-14,27.7,24.8,432,32.3,1406,,,,,,,8.6,250,530,6.7,250,540,4,3486,250,20.5,55,1403,64.5,24.1,979.3,1010,0,1004.2,1750,1006.8,14.5,10,1200,2.82,18.25,,,,,,3.8,2.3,29.5,22,,,,,,,,,,,,,,
135,추풍령,1995-07-15,26.5,22,530,32.1,1448,1.4,2,1616,4,1616,4.2,8.6,270,1627,5,270,1630,1,877,270,20.7,50,1430,72,24.5,974.4,1005.3,130,999.5,1530,1001.8,14.4,3.4,1200,1.88,11.16,,,,,,8.3,4.8,29.6,20.4,,,,,,,,,,,,4.4,{소나기}1608-1732.{박무}1845-{박무}{강도0}2100-{박무}{강도0}2400-{천둥}{강도0}(NW)1602-{천둥}{강도0}(NW{이동}N)1605{천둥}{강도0}(N{이동}NE)1611-1614.{천둥}{강도0}(NW)1613-{천둥}{강도0}(NW{이동}N)1616-{천둥}{강도0}(N{이동}NE)1623-1645.,
135,추풍령,1995-07-16,25,22.2,2400,28.9,1204,.75,.3,1616,.3,1610,.5,10,250,1253,6.7,250,1310,2.7,2342,250,20.9,64,1107,78,24.9,972.1,1002.7,2234,998.3,1113,999.6,14.4,.9,1010,.92,5.4,,,,,,8,5,25.5,19.6,,,,,,,,,,,,.3,-{박무}-{박무}{강도0}0300-0515.{비}0740-0805.{소나기}1610-1630.,
135,추풍령,1995-07-17,23.7,19.5,620,29.5,1602,,,,,,,5.3,230,412,4.3,230,420,2.3,1966,230,16.5,39,1550,65.3,18.8,977.4,1008.5,2338,1002.6,0,1005.2,14.4,8.2,1200,2.78,16.66,,,,,,7.3,4.3,25.3,18.6,,,,,,,,,,,,,{박무}2320-{박무}{강도0}2400,
135,추풍령,1995-07-18,21.9,18.7,618,27.4,1646,,,,,,,3.2,110,1322,2.3,110,1150,.7,616,50,16.7,51,1548,72.8,19,980.3,1009.8,904,1007.2,1620,1008.3,14.4,5.2,1130,2.45,14.25,,,,,,8,4.5,26.1,17.8,,,,,,,,,,,,.1,-{박무}-{박무}{강도0}0300-{박무}{강도0}0600-{박무}{강도0}0900-1045.{박무}2005-{박무}{강도0}2100-{박무}{강도0}2400,
135,추풍령,1995-07-19,20.2,19.1,703,21.4,1622,6.5,4.2,1715,5.8,1714,7.7,4.5,20,1150,3.3,20,1210,.6,510,50,17.3,75,14,83.8,19.8,976.6,1007.9,25,1001.3,1717,1004.8,14.4,0,1045,.29,1.35,,,,,,10,5.9,22.3,18.9,,,,,,,,,,,,7.6,-{박무}-{박무}{강도0}0300-{박무}{강도0}0600-{박무}{강도0}0900-1050.{박무}1735-{박무}{강도0}1800-{박무}{강도0}2100-{박무}{강도0}2400-{비}0758-{비}{강도0}0900-1030.{비}1620-{소나기}1713-{비}1735-{비}{강도1}1800-2018.{천둥}{강도0}(NW)1712-{천둥}{강도0}(NW{이동}W)1715-{천둥}{강도0}(W{이동}SW)1720-1725.,
135,추풍령,1995-07-20,22.4,19.6,357,25.7,1214,2.32,.5,1532,1.5,1642,2.3,6.5,250,1525,5,250,1520,1.9,1600,250,17.8,64,1205,75.8,20.4,976,1006.6,2315,1002.3,24,1003.9,14.3,.6,1130,1.19,5.89,,,,,,8.3,5.8,23.7,19,,,,,,,,,,,,11.5,-{박무}-{박무}{강도0}0300-0525.{비}1526-1745.{박무}1925-{박무}{강도0}2100-{박무}{강도0}2400,
135,추풍령,1995-07-21,21.6,20.1,630,24.1,1244,9.82,1.1,810,4.3,738,9.3,4.8,250,408,3.8,250,400,.6,524,140,18.9,74,1055,84.5,21.8,977,1006.1,0,1003.6,1727,1005.1,14.3,.2,945,1.09,3.98,,,,,,10,4.6,22.8,19.5,,,,,,,,,,,,.1,{비}0250-{비}{강도0}0300-{비}{강도0}0600-{비}{강도1}0900-0908.{비}1404-{비}{강도0}1500-1735.-{박무}-{박무}{강도0}0300-0520.{박무}0720-{박무}{강도0}0900-{박무}{강도0}1200-{박무}{강도0}1500-{박무}{강도0}1800-{박무}{강도0}2100-{박무}{강도0}2400,
135,추풍령,1995-07-22,24.9,21,333,30.9,1426,,,,,,,3.7,160,1626,3.2,110,1150,.4,320,110,20.8,60,1706,78.3,24.6,978.8,1008.4,2218,1004.6,1757,1006.5,14.3,5,1015,2.08,11.23,,,,,,8.5,3.4,26.5,20.2,,,,,,,,,,,,,-{박무}-{박무}{강도0}0300-{박무}{강도0}0600-{박무}{강도0}0900-{박무}{강도0}1200-1325.{천둥}{강도0}(NW)1542-{천둥}{강도0}(NW{이동}W)1546-{천둥}{강도0}(W{이동}SW)1549-{천둥}{강도0}(SW{이동}S)1552-{천둥}{강도0}(S{이동}SE)1555-1604.,
135,추풍령,1995-07-23,24,20.6,550,27.3,1342,8.13,6,2059,17.2,2020,41.6,21.2,20,1923,8,20,1930,2.7,2328,20,20.8,65,1020,82.5,24.7,974,1007.6,20,991.8,2005,1001.6,14.3,2.6,800,1.11,6.98,,,,,,8.8,5.3,25.3,19.1,,,,,,,,,,,,64.8,{박무}0515-{박무}{강도0}0600-0835.{박무}1425-{박무}{강도0}1500-1535.{소나기}1420-{소나기}{강도1}1500-1528.{비}1650-{비}{강도0}1800-{비}{강도1}2100-{비}{강도0}2400,
135,추풍령,1995-07-24,26.1,22.1,2318,31.9,1641,6.75,2.7,558,8.5,520,23.2,13,270,549,7.3,270,550,3.6,3096,270,19.7,41,1538,68.8,22.9,980.2,1013.6,2358,997.4,0,1007.8,14.2,8.1,1330,2.52,16.14,,,,,,4.5,4,27.8,20.6,,,,,,,,,,,,,-{비}-{비}{강도0}0300-{비}{강도1}0600-0645.{박무}2215-{박무}{강도0}2400,
135,추풍령,1995-07-25,26,22,20,31.9,1227,1.25,9,1249,10.3,1237,13.2,10.2,110,1517,6,110,1530,.8,678,140,21.9,55,1224,77.5,26.3,985.7,1015.8,2400,1011.9,1524,1013.5,14.2,6.2,1500,1.97,13.5,,,,,,4.3,3.4,28.1,21.1,,,,,,,,,,,,13.2,-{박무}-{박무}{강도0}0300-{박무}{강도0}0600-0815.{소나기}1237-1315.{소나기}1338-1415.,
135,추풍령,1995-07-26,26.4,19.6,520,33.2,1605,,,,,,,5,110,1250,3.3,110,1240,.7,583,140,19.7,42,1812,68.5,23,987.8,1017.2,2340,1013.6,1810,1015.7,14.2,11.2,1300,2.47,19.3,,,,,,1.5,1.5,28.9,18.4,,,,,,,,,,,,,{박무}0345-{박무}{강도0}0600-0815.,
135,추풍령,1995-07-27,25.7,18.6,620,32.9,1633,,,,,,,5.5,250,1037,3.5,250,1110,.8,659,270,19.3,42,1621,69.8,22.4,988.6,1018.2,642,1014.2,1757,1016.6,14.2,11.9,1245,2.57,20.93,,,,,,1.3,1.3,30.4,17.6,,,,,,,,,,,,,{박무}0420-{박무}{강도0}0600-0805.,
135,추풍령,1995-07-28,26.5,20.3,550,33.8,1604,,,,,,,3.7,250,917,3.3,250,920,.6,500,230,19.1,33,1657,66.5,22.1,986.2,1016.7,616,1011,1800,1013.9,14.1,11.7,1100,2.54,20.95,,,,,,1.5,.8,32.4,18.5,,,,,,,,,,,,,,
135,추풍령,1995-07-29,25.9,20.3,1528,32.3,1430,,,,,,,6.2,250,1000,4.3,270,1030,1.8,1520,270,18.4,41,1425,65,21.2,982.3,1013.1,0,1007.7,1550,1010,14.1,10.9,1100,2.44,19.62,,,,,,4,2.9,30.7,18.6,,,,,,,,,,,,,{박무}0315-{박무}{강도0}0600-0655.,
135,추풍령,1995-07-30,26.3,19.9,630,32.4,1527,.2,0,,0,,0,7.2,250,1311,5.3,250,1240,1.4,1230,250,19.7,41,1444,68.8,23,981.4,1010.7,12,1007.6,1507,1009,14.1,9.3,1200,2.4,17.04,,,,,,3.8,2.6,31.6,18,,,,,,,,,,,,0,{소나기}2020-2032.,
135,추풍령,1995-07-31,27,21.8,556,32.6,1558,.1,0,,0,,0,7.1,250,1618,5.2,250,1620,1.5,1259,250,20.2,45,1604,67.3,23.8,983.5,1012.8,2400,1009.5,1807,1011.1,14.1,5.9,1315,2.59,14.31,,,,,,5.3,4.9,31.4,19.9,,,,,,,,,,,,0,{소나기}2052-2058.,
135,추풍령,1995-08-01,26.5,24.2,640,31.4,1348,.63,.3,1430,.5,1410,.5,6.1,270,1433,5,270,1430,1.3,1156,270,22,53,1325,76.5,26.6,983.1,1013.1,28,1008.5,1750,1010.7,14,3.8,1145,1.93,10.34,,,,,,8,3.4,28,22.2,,,,,,,,,,,,.5,{소나기}1410-1448.,
135,추풍령,1995-08-02,26.4,22.6,405,32.1,1632,,,,,,,7.2,250,1327,5.7,250,1320,1,896,230,21.4,50,1308,75.8,25.6,980.4,1010,30,1005.7,1748,1008,14,5.6,1215,2.41,11.43,,,,,,6,3.4,29.8,21.4,,,,,,,,,,,,,,
135,추풍령,1995-08-03,27.3,20.6,630,33.1,1421,,,,,,,8.3,230,1206,6,250,1050,1.5,1317,230,19.7,40,1406,65,23,982.1,1012.4,2400,1008.3,1430,1009.6,14,10.7,1130,2.62,18.99,,,,,,2.3,1.8,33,18.7,,,,,,,,,,,,,,
135,추풍령,1995-08-04,26.9,20.6,555,32.9,1440,,,,,,,7,250,1245,5,250,1240,1,893,230,19.4,43,1235,65.5,22.6,984.3,1013.5,655,1010,1805,1011.9,13.9,10,1115,2.6,17.87,,,,,,4,2.5,33,18.7,,,,,,,,,,,,,{햇무리}0835-0945.,
135,추풍령,1995-08-05,26.8,21.2,610,33.3,1600,,,,,,,6.1,250,1118,4.7,250,1120,1.4,1194,250,19.8,41,1554,67,23.1,983.7,1013.3,608,1009.4,1530,1011.3,13.9,6.5,1230,2.69,15.59,,,,,,4.8,3.1,31.2,19.3,,,,,,,,,,,,,,
135,추풍령,1995-08-06,28.1,21.2,552,34.6,1607,,,,,,,5.7,270,2147,5,270,2150,1.3,1095,230,20.3,36,1554,64.5,23.8,982.8,1012.3,26,1007.7,1736,1010.2,13.9,10.8,1308,2.59,18.19,,,,,,2,2.1,34,19,,,,,,,,,,,,,,
135,추풍령,1995-08-07,27.9,21.2,632,33.6,1650,,,,,,,8.5,250,1129,6,250,1130,1.9,1605,250,19.8,40,1652,62.8,23.1,981,1010.2,542,1005.9,1720,1008.5,13.8,11.4,1100,2.67,19.01,,,,,,2.5,2.6,32.9,18.9,,,,,,,,,,,,,,
135,추풍령,1995-08-08,27.2,20.8,609,33.7,1348,.3,0,,0,,0,7.1,230,1602,5.7,250,1530,1.1,974,230,19.4,39,1216,63.8,22.5,980.1,1009.6,603,1005.6,1610,1007.7,13.8,7.7,1145,2.87,17.4,,,,,,4.8,3.1,32.3,18.9,,,,,,,,,,,,0,{소나기}1416-1434.,
135,추풍령,1995-08-09,25.4,22.5,2238,26.9,205,8.08,3.6,1055,10.3,1047,17,8,230,215,3.7,230,220,1.2,1036,230,19.7,55,200,71.3,23,980.6,1010.6,2330,1006.7,232,1008.3,13.8,0,1352,1.09,4.15,,,,,,8.8,5.6,27.2,21.8,,,,,,,,,,,,17,{소나기}1023-1155.{소나기}1227-1350.{소나기}1525-{소나기}{강도0}1800-2035.{천둥}{강도0}(NW)1030-{천둥}{강도0}(NW{이동}N)1034-1043.{천둥}{강도0}(N)1302-{천둥}{강도0}(N{이동}NW)1304-{천둥}{강도0}(NW{이동}W)1307-{천둥}{강도0}(W{이동}SW)1311-{천둥}{강도0}(SW{이동}S)1325.{천둥}{강도0}(E)1316-1328.{천둥}{강도0}((W)1517-{천둥}{강도0}(W{이동}SW)1522-{천둥}{강도0}(SW{이동}S)1525-1537.{천둥}{강도0}(SW)1608-{천둥}{강도0}(SW{이동}S)1621-1647.,
135,추풍령,1995-08-10,25.9,22.2,8,31.1,1556,,,,,,,7.3,270,1259,5.3,270,1410,2.6,2224,250,19.7,44,1600,69.8,23,983.1,1012,2400,1009,1735,1010.8,13.8,7.8,1330,2.3,15.55,,,,,,6.8,4.1,27.3,20.6,,,,,,,,,,,,,{햇무리}1055-1245.,
135,추풍령,1995-08-11,26.3,21.6,645,32.6,1528,,,,,,,6,250,842,5,250,850,1.3,1126,250,19.9,43,1537,69.5,23.2,982.8,1012.4,730,1008.6,1528,1010.5,13.7,9.7,1035,2.55,19.17,,,,,,5.8,2.3,28.6,20.4,,,,,,,,,,,,,,
135,추풍령,1995-08-12,27.6,22,430,33.5,1543,,,,,,,6,290,1933,5,290,1940,1.6,1342,270,20.3,40,1508,66.3,23.9,980,1010.2,0,1004.9,1804,1007.5,13.7,10.6,1215,2.47,18.55,,,,,,3.5,3.1,31.4,20.8,,,,,,,,,,,,,{박무}0320-{박무}{강도0}0600-0815.,
135,추풍령,1995-08-13,27.7,23.3,450,33.2,1502,,,,,,,8.2,250,1425,5.7,250,1420,1.7,1469,250,21.4,48,1445,70.5,25.5,980.4,1011,2400,1006.5,1818,1007.8,13.7,5.5,1115,2.3,13.53,,,,,,3.5,3.5,31.2,22.2,,,,,,,,,,,,,{박무}0420-{박무}{강도0}0600-0825.{박무}2025-{박무}{강도0}2100-{박무}{강도0}2400,
135,추풍령,1995-08-14,28.6,23.7,623,35.2,1417,,,,,,,4.5,270,2356,3.7,270,2400,.6,481,270,22,41,1642,69.5,26.5,984.5,1014.2,2352,1010.5,1627,1012,13.6,7,1115,2.47,15.39,,,,,,6.3,3.9,32.3,22.1,,,,,,,,,,,,,-{박무}-{박무}{강도0}0300-{박무}{강도0}0600-0840.{박무}2345-{박무}{강도0}2400,
135,추풍령,1995-08-15,27.1,21.5,2342,34.1,1420,5.97,6.4,1610,34,1603,61.3,10,90,1550,5.7,90,1550,2,1735,270,22,50,1407,74.5,26.5,987.3,1017,2340,1012.8,1347,1015,13.6,5.1,1212,2.2,10.56,,,,,,7.5,3.1,29.6,20.7,,,,,,,,,,,,61.3,-{박무}-{박무}{강도0}0300-0525.{박무}2145-{박무}{강도0}2400-{소나기}1440-{소나기}{강도0}1500-{소나기}{강도1}1800-2038.{천둥}{강도0}(W)1206-{천둥}{강도0}(W{이동}SW)1209-1219.{천둥}{강도0}(NW)1237-{천둥}{강도0}(NW{이동}W)1242-{천둥}{강도0}({이동}SW)1245-{천둥}{강도0}(SW{이동}S)1250-1320.{천둥}{강도0}(N)1420-{천둥}{강도0}(N{이동}NE)1427-{천둥}{강도0}(NE{이동}E)1433-{천둥}{강도0}(E{이동}SE)1442-1452.{뇌전}{강도0}(W3~4)1502-{뇌전}{강도0}(W{이동}SW5~6)1508-1519.{뇌전}{강도0}(E3~4)1506-{뇌전}{강도1}(E{이동}SE2~3)1508-{뇌전}{강도1}(SE{이동}S2~4)1517-{뇌전}{강도1}(S{이동}SW3~4)1529-{뇌전}{강도0}(SW{이동}W5~6)1537-1547.{뇌전}{강도1}(N2~3)1532-{뇌전}{강도1}(N{이동}NE3~4)1541-{뇌전}{강도0}(NE{이동}E5~6)1555-{뇌전}{강도0}(E{이동}SE5~6)1603-{뇌전}{강도0}(SE{이동}S5~6)1610-{뇌전}{강도0}(S{이동}SW6~8)1625{천둥}{강도0}(SW{이동}W)1635-1718.{뇌전}{강도0}(E5~6)1643-{뇌전}{강도0}(E{이동}NE3~4)1645-{뇌전}{강도0}(NE{이동}N3~4,
135,추풍령,1995-08-16,25.7,20.5,250,33.4,1621,.7,0,,0,,0,6,250,1146,5.3,250,1140,1.3,1120,250,20,40,1656,73.5,23.4,987.1,1017,0,1012,1625,1014.9,13.6,10.3,1200,2.42,17.94,,,,,,4,2.5,28,20,,,,,,,,,,,,0,-{박무}-{박무}{강도0}0300-{박무}{강도0}0600-0835.{소나기}2310-2352.{박무}2250-{박무}{강도0}2400,
135,추풍령,1995-08-17,25.8,22.1,531,31.7,1535,2.13,.3,1254,.7,1254,1.2,7.1,270,1708,6,290,1840,.8,649,90,22,59,1148,80,26.5,985.1,1015.2,630,1010.3,1624,1012.9,13.5,3.9,1017,2.12,10.63,,,,,,6,4.1,28.3,21.6,,,,,,,,,,,,1.2,-{박무}-{박무}{강도0}0300-{박무}{강도0}0600-{박무}{강도0}0900-{박무}{강도0}1200-1440.{박무}2325-{박무}{강도0}2400-{소나기}1214-1222.{소나기}1251-1331.{소나기}1348-1406.{소나기}1632-1734.{천둥}{강도0}(E)1321-{천둥}{강도0}(E{이동}SE)1329-1335.{천둥}{강도0}(SE)1710-{천둥}{강도0}(E{이동}NE)1715-1736.,
135,추풍령,1995-08-18,26.4,20.9,630,32.7,1547,,,,,,,7.1,270,922,5.7,270,920,1.5,1268,270,19.9,44,1539,68.8,23.3,982.9,1012.6,3,1008.3,1802,1010.6,13.5,10.4,1145,2.7,16.74,,,,,,3.3,2.9,27.8,16.2,,,,,,,,,,,,0,-{박무}-{박무}{강도1}0300-0432.,
135,추풍령,1995-08-19,24.9,22.2,527,31.5,1303,7.5,.7,1509,1.7,1430,3.9,5.2,230,1435,4.7,230,1440,.6,548,360,20.9,52,1425,78.3,24.6,983.5,1012.5,626,1009.4,1356,1011.3,13.5,2.5,1100,2.29,7.51,,,,,,7.3,4.3,26.5,17.8,,,,,,,,,,,,41.7,{소나기}0631-0648.{소나기}1005-1050.{소나기}1430-{소나기}{강도0}1500-1748.{비}1840-{비}{강도0}2100-2150.,
135,추풍령,1995-08-20,24.1,21.9,915,29.1,1708,4.7,10.5,840,30.5,820,50.4,4.2,250,1242,3.7,250,1240,1.1,966,250,19.9,56,1702,78,23.2,981.5,1011.1,0,1007.6,1722,1009.4,13.4,1.8,1145,1.14,6.76,,,,,,7,3.3,25.3,20.4,,,,,,,,,,,,12.6,{소나기}0445-{비}0520-0540.{비}0655-{비}{강도2}0900-1042.{박무}0625-0830.,
135,추풍령,1995-08-21,24.1,19.9,601,29.9,1556,,,,,,,2.3,140,1532,2,140,1500,.5,460,140,19.9,49,1635,78.3,23.3,982.9,1011.9,923,1008.8,1617,1010.8,13.4,4.3,940,1.77,10.89,,,,,,5.5,2.3,26.5,19.1,,,,,,,,,,,,,{박무}0125-{박무}{강도0}0300-{박무}{강도1}0600-{시정(미만)}{1km}{안개}0615-{시정(미만)}{0.5km}{안개}0630-{시정(미만)}{0.2km}{안개}0650-{시정(이상)}{0.2km}{안개}0700{시정(이상)}{0.5km}{안개}0720-{시정(이상)}{1km}{박무}0735-{박무}{강도0}0900-1020.{박무}2120-{박무}{강도0}2400,1.33
135,추풍령,1995-08-22,24.5,20.4,540,30,1412,,,,,,,3.7,70,1243,2.7,70,1300,.7,573,50,20,53,1205,76.8,23.3,982.9,1012,833,1008,1710,1010.7,13.4,4.5,1245,2.06,12.61,,,,,,4,3.3,27,19.1,,,,,,,,,,,,1.2,-{박무}-{박무}{강도0}0300-{박무}{강도0}0600-{박무}{강도0}0900-1035.{박무}2140-{박무}{강도0}2400,
135,추풍령,1995-08-23,25.4,23.2,448,30.5,1436,2.85,.8,438,1.6,1528,3.5,7.1,160,1516,4.3,160,1520,1.1,973,70,21.8,60,1351,80.8,26.2,981.9,1010.6,234,1008.3,1415,1009.6,13.3,1.6,900,1.41,9.16,,,,,,8.3,5.1,27.5,21.7,,,,,,,,,,,,16.6,{소나기}0430-0452.{소나기}0753-0820.{소나기}1436-{소나기}{강도0}1500-1608.{소나기}1835-1905.-{박무}{박무}{강도0}0300-0515.{번개}{강도0}(NW)1954-{번개}{강도0}(NW{이동}N)2048-{번개}{강도0}(N)2100-2155.{번개}{강도0}(NW)2350-{번개}{강도0}(NW)2400,
135,추풍령,1995-08-24,24.4,23.2,602,27,1237,10.55,6.8,2012,13.4,2001,35,4.4,230,919,3.3,230,920,.7,565,90,22,73,1147,86.3,26.4,983.9,1013.2,1058,1010.3,150,1011.9,13.3,.4,1100,1.15,3.63,,,,,,8.3,4.5,25.8,22.8,,,,,,,,,,,,22.7,-{번개}-{번개}{강도0}(NW{이동}N)0055-0145.{소나기}0148-{비}0205-{비}{강도1}0300-0532.{비}0730-0810.{소나기}0945-1030.{소나기}1315-1415.{소나기}1540-{소나기}{강도0}1800-1838.{소나기}1944-2041.{소나기}2117-2138.{소나기}2325-2333.{뇌전}{강도0}(NW5~6)1304-1315.{뇌전}{강도0}(S3~4)1648-{천둥}{강도0}(S)1658-{천둥}{강도0}(S{이동}SW)1708-{천둥}{강도0}(SW{이동}W)1715-1735.{뇌전}{강도0}(S5~7)1717-{뇌전}{강도0}(S{이동}SE4~6)1728-1742.{뇌전}{강도0}(S4~6)1734-{뇌전}{강도0}(S4~6)1800-{천둥}{강도0}(S)1806-1816.,
135,추풍령,1995-08-25,23.5,20.7,2143,28.7,1342,9.45,3.8,1558,6.6,1545,14.8,12.5,230,1500,6,230,1500,.8,650,70,20.9,64,1220,85.3,24.7,983.4,1013.6,2347,1009.8,1422,1011.3,13.2,.6,1200,1.18,5.16,,,,,,9.8,4.9,26.1,20.3,,,,,,,,,,,,14.5,{소나기}0018-0042.{소나기}0257-{소나기}{강도0}0300-0448.{소나기}0533-{소나기}{강도0}0600-0612.{소나기}0643-0725.{소나기}1352-{소나기}{강도0}1500-1705.{소나기}1920-1955.{소나기}2157-{비}2230-{비}{강도0}2400-{번개}{강도0}(E)0342-{번개}{강도0}(E{이동}NE)0435-9515.{천둥}{강도0}(W)1410-{천둥}{강도0}(W{이동}NW)1425-1437.{천둥}{강도0}(SW)1508-{천둥}{강도0}(SW{이동}W)1532-{천둥}{강도0}(W{이동}NW)1541-{뇌전}{강도0}(NW3~4)1554-{천둥}{강도0}(NW{이동}N)1603-1612.{번개}{강도0}(S)1943-{번개}{강도0}(S{이동}SW)2020-{번개}{강도0}(SW)2100-2115.,
135,추풍령,1995-08-26,22.2,20.1,450,25.9,1227,8.62,10.3,1613,17.5,1536,24.7,7.7,70,1549,4,70,1550,1.4,1217,90,19.6,55,2400,85.3,22.8,980,1013.7,20,1001.8,2357,1008.1,13.2,0,1130,1.1,3.2,,,,,,7.5,3.9,24.2,19.5,,,,,,,,,,,,23.3,-{비}0220.{소나기}1404-{소나기}{강도0}1500-{비}1644-1748.{비}1812-2045.{박무}0520-{박무}{강도0}0600{박무}{강도0}0900-{박무}{강도0}1200-{박무}{강도0}1500-1635.{번개}{강도0}(N)1432-1442.,
135,추풍령,1995-08-27,23.5,21.1,450,28.1,1732,1.72,.2,445,.3,355,.3,13.2,270,900,8.7,250,630,3.8,3308,270,18.4,53,25,73.5,21.2,978.9,1012,2400,1001,155,1006.7,13.2,2.2,1530,1.54,7.81,,,,,,7,4.6,24.2,20.3,,,,,,,,,,,,,{비}0335-0457.{비}0705-0726.,
135,추풍령,1995-08-28,23.8,20.5,2400,29.9,1254,1.28,1.5,1703,4,1630,4.8,3,270,1255,2.7,270,1300,.5,444,140,18.7,49,1411,74,21.6,984.3,1013.9,910,1010.9,1512,1012.3,13.1,5.5,1145,2.67,13.31,,,,,,6,5,26.5,19.7,,,,,,,,,,,,4.8,{소나기}1632-1740.{박무}0450-{박무}{강도0}0600-0830.{박무}1840-{박무}{강도0}2100-{박무}{강도0}2400,
135,추풍령,1995-08-29,23.5,18.8,625,29.6,1438,,,,,,,2.6,140,1335,2.2,140,1340,.5,411,140,18.4,50,1703,74.5,21.3,985,1014.6,730,1011.4,1728,1013.1,13.1,5.7,1136,2.2,11.82,,,,,,4,4.1,26.3,18.1,,,,,,,,,,,,32.4,-{박무}-{박무}{강도0}0300-{박무}{강도0}0600-{박무}{강도0}0900-1025.{박무}2320-{박무}{강도0}2400,
135,추풍령,1995-08-30,20.5,19.4,1257,21.6,20,18.77,12,1720,45.5,1655,172.3,5.6,320,1145,2.7,140,840,.5,433,320,18.3,84,1200,86.5,21,982.2,1013.3,0,1008.1,1646,1010.4,13.1,0,1200,.09,.26,,,,,,9.5,6.3,21.8,19.2,,,,,,,,,,,,222.6,-{박무}-{박무}{강도0}0300-{박무}{강도0}0600-{박무}{강도0}0900-{박무}{강도0}1200-{박무}{강도0}1500-{박무}{강도0}1800-1940.{비}0514-{비}{강도1}0600-{비}{강도1}0900-{비}{강도1}1200-{소나기}1440-{소나기}{강도2}1500-{소나기}{강도2}1800-{비}1827-{비}{강도0}2100{비}{강도0}2400-{뇌전}{강도0}(S2~3)1423-1434.{천둥}{강도0}(W)1537-{뇌전}{강도0}(W4~6)1555-{뇌전}{강도0}(W{이동}NW3~4)1615-{뇌전}{강도0}(NW{이동}N4~6)1623-{뇌전}{강도0}(N{이동}NE5~7)1632-{뇌전}{강도0}(NE{이동}E5~7)1650-1738.{뇌전}{강도0}(W5~6)1752-{뇌전}{강도0}(W5~6)1800-1812.,
135,추풍령,1995-08-31,24.4,20.7,2400,29.3,1454,5.33,11.5,150,47.5,110,82.7,8.3,270,103,5,250,1020,2.6,2236,250,18.5,43,1601,71.3,21.3,983.1,1014,2315,1008.1,148,1010.9,13,8,1130,2.5,16.52,,,,,,6.8,4.4,25.8,18.1,,,,,,,,,,,,,-{비}-{소나기}0015-{비}0120-{비}{강도1}0300-0520.{뇌전}{강도0}(E4~5)0030-0115.{박무}2215-{박무}{강도0}2400,
135,추풍령,1995-09-01,23.7,19,1613,29.2,1455,.42,0,,0,,0,4.5,90,1120,3.3,90,1120,.8,696,50,17.9,44,1420,71.5,20.6,986.5,1016.1,955,1013.4,2350,1014.6,13,3.9,1008,1.82,11.91,,,,,,8,5.9,26.1,17.4,,,,,,,,,,,,1.1,-{박무}-{박무}{강도0}0300-{박무}{강도0}0600-{박무}{강도0}0900-1020.{박무}2130-{박무}{강도0}2400-{비}2015-2040.,
135,추풍령,1995-09-02,23.5,20.5,725,26.5,1710,3.6,4,1210,5.5,1200,7.2,11.2,270,1233,6.3,270,1240,2.3,2013,270,20.2,71,1648,81.8,23.7,978.4,1013.4,0,1002.1,1735,1006.2,13,0,1030,.54,2.42,,,,,,10,5.9,24.2,20.1,,,,,,,,,,,,6.1,-{박무}-{박무}{강도0}0300-{박무}{강도0}0600-{박무}{강도0}0900-{박무}{강도0}1200-1232.{비}0640-0845.{소나기}1157-{소나기}{강도0}1200-1328.{천둥}{강도0}(W)1208-1220.,
135,추풍령,1995-09-03,23.7,20.4,2325,27.2,1322,,,,,,,10,290,35,7,270,1600,4.8,4187,270,16.5,49,1542,64,19,975,1004.1,950,1000.9,1610,1002.7,12.9,1.5,1145,2.03,9.3,,,,,,8.8,4.1,23.4,17.3,,,,,,,,,,,,,,
135,추풍령,1995-09-04,22.2,16.5,630,27.8,1532,,,,,,,8.2,270,1628,6,250,1130,2.9,2483,250,12.1,33,1528,55,14.4,975.6,1005.3,2335,1001.4,1630,1003.4,12.9,11.2,1225,2.62,17.6,,,,,,3.3,1.4,23.4,12.9,,,,,,,,,,,,,,
135,추풍령,1995-09-05,19.8,13.9,537,27.6,1528,,,,,,,3.9,160,1209,2.7,290,1620,.6,514,20,13.8,42,1209,69.8,15.8,978,1007.7,2323,1004.4,1610,1006.3,12.8,8,1100,2.4,14.36,,,,,,5.3,2.1,23,11.1,,,,,,,,,,,,,,
135,추풍령,1995-09-06,18.5,16.3,130,23.7,1328,7.33,.6,1544,1.7,1513,2.5,3.4,250,958,2.7,250,1000,.4,370,230,14.7,52,1242,78.8,16.7,979.1,1008.5,912,1006.6,520,1007.4,12.8,.3,1140,1.77,4.39,,,,,,9.5,6.6,21.2,14.6,,,,,,,,,,,,15,{비}1353-{비}{강도0}1500-{비}{강도0}1800-1918.{비}2115-2232.{비}2322-{비}{강도0}2400-{박무}1715-{박무}{강도0}1800-{박무}{강도0}2100-{박무}{강도0}2400,
135,추풍령,1995-09-07,18.5,16.8,535,21.1,1350,15.5,1.7,538,5,448,21.9,6.1,70,2115,3.7,70,2120,1.2,1055,70,16.3,82,1351,86.8,18.5,981.4,1012.8,2313,1007.5,257,1009.8,12.8,0,1015,.58,3.06,,,,,,10,6,20.5,16.1,,,,,,,,,,,,17.3,-{비}-{비}{강도0}0300-{비}{강도1}0600-{비}{강도0}0900-0945.{비}1815-{비}{강도0}2100-{비}{강도0}2400--{박무}{박무}{강도0}0300-{박무}{강도0}0600-{박무}{강도0}0900-{박무}{강도0}1200-{박무}{강도0}1500-{박무}{강도0}1800-{박무}{강도0}2100-{박무}{강도0}2400,
135,추풍령,1995-09-08,17.5,16,802,19.2,1622,8.83,1.5,105,4.8,57,7.9,7.3,50,959,3.7,50,950,1.6,1389,50,14.7,73,1602,83.5,16.7,986,1016.5,1035,1012.3,112,1014.7,12.7,0,1145,.74,3.8,,,,,,9.5,5.4,19.6,15.1,,,,,,,,,,,,,-{박무}-{박무}{강도0}0300-{박무}{강도0}0600-0845.-{비}-{비}{강도0}0300-{비}{강도0}0600-0850.,
135,추풍령,1995-09-09,17.5,15.9,622,19.3,1212,10.23,.4,1535,1.1,1500,3.8,5.2,290,1417,4,290,1410,1.2,1035,270,14.9,76,1407,84.5,16.9,982.9,1014.7,0,1009.4,1553,1011.5,12.7,0,1115,.51,2.47,,,,,,9.5,5.4,19.1,15,,,,,,,,,,,,3.8,{박무}0330-{박무}{강도0}0600-{박무}{강도0}0900-{박무}{강도0}1200-{박무}{강도0}1500-{박무}{강도0}1800-{박무}{강도0}2100-{박무}{강도0}2400{비}1015-{비}{강도0}1200-{비}{강도0}1500-{비}{강도0}1800-1842.{비}2105-2252.,
135,추풍령,1995-09-10,19.7,15.4,502,23.6,1422,.23,.7,1522,.7,,.7,9.3,290,2224,6.3,250,1430,3.3,2883,270,14.3,44,2227,71.5,16.3,981.2,1014.6,2400,1007.8,1620,1009.5,12.7,4.4,945,1.66,8.39,,,,,,6.3,4.5,20.6,13.2,,,,,,,,,,,,.7,{소나기}1522-1536.-{박무}-{박무}{강도0}0300-{박무}{강도0}0600-0735.,
135,추풍령,1995-09-11,17,12.7,710,22.2,1634,,,,,,,9.6,270,1446,6.3,270,1450,2.4,2034,290,7.8,40,1340,56,10.7,988.6,1021.1,2330,1014.6,0,1017.5,12.6,4.8,1245,1.85,9.54,,,,,,7,5.9,17.9,10.1,,,,,,,,,,,,,,
135,추풍령,1995-09-12,16.9,9.7,650,25.2,1611,,,,,,,5,270,1622,3.7,270,1540,1.2,1046,230,8.8,28,1447,61.8,11.4,991.7,1022.8,840,1017.5,1807,1020.5,12.6,10.9,1145,2.64,18.01,,,,,,3.8,1.1,19.9,7.1,,,,,,,,,,,,0,,
135,추풍령,1995-09-13,16.2,13,138,19.1,1637,5.97,.3,1450,.3,1400,.5,8.6,270,2022,7.7,270,2020,1.9,1680,270,12.3,65,1507,78,14.4,988.2,1019.8,0,1015,1822,1017.1,12.5,0,1000,.73,4.49,,,,,,8.5,3.5,16.6,10.9,,,,,,,,,,,,.5,{비}0730-0835.{비}1115-{비}{강도0}1200-{비}{강도0}1500-1608.,
135,추풍령,1995-09-14,19.2,13.3,632,25.7,1616,,,,,,,6,250,30,5.2,230,10,1.2,1062,270,13.6,43,1605,71.3,15.6,987.2,1017.2,723,1013.7,1652,1015.8,12.5,8.4,1040,2.41,12.94,,,,,,5.8,2.4,20.5,11.1,,,,,,,,,,,,,{박무}2250-{박무}{강도0}2400,
135,추풍령,1995-09-15,18.4,12.1,623,26.7,1540,,,,,,,4.2,160,1143,3.7,290,2340,.5,446,360,12.6,38,1511,72.5,14.7,986.8,1018.4,752,1012.4,1655,1015.4,12.5,9,1200,2.28,16.31,,,,,,3.3,2.8,21.7,10,,,,,,,,,,,,,-{박무}-{박무}{강도0}0300-{시정(미만)}{1km}{안개}0440-{시정(미만)}{0.5km}{안개}0505-{시정(미만)}{0.2km}{안개}0530-{시정(미만)}{0.1km}{안개}0545-{안개}{강도2}0600-{시정(이상)}{0.1km}{안개}0605-{시정(이상)}{0.2km}{안개}0618-{시정(이상)}{0.5km}{안개}0625-{시정(이상)}{1km}{박무}0633-{박무}{강도0}0900-{박무}{강도0}1200-1245.{박무}2145-{박무}{강도0}2400,1.88
135,추풍령,1995-09-16,18.3,12.1,640,26.1,1409,,,,,,,8.3,20,2110,4,20,2100,1.7,1444,20,11.7,45,1430,66.5,13.8,985.4,1015.9,2130,1011.6,1510,1014,12.4,8.4,1215,2.3,13.83,,,,,,2,1.9,20.9,8.1,,,,,,,,,,,,,-{박무}-{박무}{강도0}0300-{박무}{강도1}0600-{박무}{강도0}0900-{박무}{강도0}1200-1215.,
135,추풍령,1995-09-17,14.7,7.3,642,22.7,1350,,,,,,,2.4,250,1046,2.2,250,1050,.2,195,110,7.8,37,1236,65.5,10.6,986.5,1018,2246,1013.2,1343,1015.5,12.4,8.8,1130,2.4,13.95,,,,,,1.5,1.6,18.5,4.5,,,,,,,,,,,,,,
135,추풍령,1995-09-18,14.5,6.1,658,23.5,1513,,,,,,,4,50,1420,2.7,50,1350,.5,459,360,7.8,32,1433,68.3,10.6,990.1,1021.5,2400,1017.2,1525,1019.2,12.3,10.7,1230,2.34,16.64,,,,,,0,.4,19.5,3.2,,,,,,,,,,,,,,
135,추풍령,1995-09-19,16.2,8.3,652,24,1342,,,,,,,5.3,110,1228,2.7,50,1150,.6,491,50,9.6,37,1423,67.5,12,991.4,1023,839,1017.6,1640,1020.4,12.3,9.6,1122,2.36,15.08,,,,,,2.5,1.1,20.3,5.1,,,,,,,,,,,,,,
135,추풍령,1995-09-20,15.2,10.2,640,21.3,1321,,,,,,,5.8,50,945,3.7,70,1010,.5,409,70,10.5,46,1330,75,12.7,990.5,1020.7,34,1017.7,1520,1019.5,12.3,6.4,1100,1.54,10.23,,,,,,5.8,2.5,18.9,6.7,,,,,,,,,,,,,,
135,추풍령,1995-09-21,15.2,7.5,625,23.1,1355,,,,,,,4.2,50,1310,3.3,70,1320,.7,599,360,9.7,40,1438,72.3,12.1,989.9,1020.9,740,1016.3,1632,1019,12.2,9,1315,1.97,12.01,,,,,,4.5,1.8,18.9,4.6,,,,,,,,,,,,,,
135,추풍령,1995-09-22,16.8,8.9,656,24.8,1528,,,,,,,5,110,1247,3.3,110,1250,1,893,50,11.3,44,1512,71.5,13.5,988.8,1019.5,910,1015,1608,1017.7,12.2,7.4,949,2.08,11.95,,,,,,4.3,2,19.7,5.3,,,,,,,,,,,,3.5,,
135,추풍령,1995-09-23,17.5,15.8,252,19.7,1353,11.8,.6,910,2,820,7,4.1,20,1140,3.2,110,820,1.4,1184,20,15.1,80,36,85.8,17.2,984.4,1016.6,0,1009.1,2400,1013.1,12.2,0,1245,.47,1.67,,,,,,10,4.9,18.8,14.5,,,,,,,,,,,,3.5,{비}0623-{비}{강도0}0900-{비}{강도0}1200-1230.{비}1435-{비}{강도0}1500-1745.{비}2002-{비}{강도0}2100-2233.,
135,추풍령,1995-09-24,19.3,17.8,2141,22.2,1230,.62,0,,0,,0,8.4,270,2331,6.3,270,2330,2.7,2313,250,15.4,61,1555,78.5,17.5,981.3,1014.1,2400,1006.5,546,1009.6,12.1,2.6,1400,1.1,6.31,,,,,,6.8,4.9,20.7,16.5,,,,,,,,,,,,0,{비}0838-{비}{강도0}0900-0915.,
135,추풍령,1995-09-25,18.3,13.1,2353,22.7,1458,,,,,,,9.3,290,1530,6,270,10,2.3,1994,270,12.9,51,1443,71.5,14.9,986.9,1017.7,2400,1013.8,7,1015.5,12.1,4.5,1215,2.3,11.68,,,,,,7,3.8,20.3,10.8,,,,,,,,,,,,,,
135,추풍령,1995-09-26,15.7,8.7,703,23,1532,1.48,4.2,2252,5.2,2250,5.2,12.1,250,2310,6.3,270,2320,1,907,250,9.2,36,1358,68,11.7,987.6,1018,727,1014.3,1609,1016.5,12,9.3,1015,2.62,16.21,,,,,,1,2,18.8,6,,,,,,,,,,,,5.4,{박무}0325-{박무}{강도0}0600-0630.{소나기}2231-{비}2335-{비}{강도0}2400-{번개}{강도0}(W)2128-{뇌전}{강도0}(W5~6)2222-{뇌전}{강도0}(W{이동}NW5~6)2238-{번개}{강도0}(NW)2308-2316.,
135,추풍령,1995-09-27,15.1,10.6,2342,19.7,1518,.72,.2,8,.2,0,.2,14.5,270,1235,8.3,270,1140,3.7,3214,270,7.2,40,1306,60.3,10.2,988.5,1021.8,2213,1015.8,545,1017.6,12,6.9,1130,2.38,13.05,,,,,,4.3,3.9,16.7,7,,,,,,,,,,,,0,-{비}-0018.{소나기}0848-{소나기}{강도0}0900-0913.,
135,추풍령,1995-09-28,15.6,10.2,107,21.9,1655,,,,,,,6.7,250,1245,4.7,250,1150,2.4,2044,250,9.2,43,1346,67,11.7,991.1,1021.8,927,1017.5,1647,1020.1,12,8.1,1145,2.1,14.48,,,,,,3.8,.5,17.5,6.9,,,,,,,,,,,,,,
135,추풍령,1995-09-29,16,10,530,24,1519,,,,,,,5.9,250,1310,4.7,250,1350,1.3,1096,250,10.3,36,1451,72.5,12.5,991.9,1023.1,2400,1019.2,1440,1021,11.9,8.6,1200,2.08,13.39,,,,,,3,.6,18.5,8,,,,,,,,,,,,,{박무}0125-{박무}{강도0}0300-{박무}{강도0}0600-0645.,
135,추풍령,1995-09-30,16,9.5,721,23.1,1448,,,,,,,4.2,50,1140,3,50,1140,1,869,50,11.9,50,1248,78.5,14,995.1,1025.4,2205,1022.9,1440,1024.2,11.9,5.4,1130,1.65,8.83,,,,,,6.3,3.6,18.2,7.6,,,,,,,,,,,,,{박무}0330-{박무}{강도0}0600-{시정(미만)}{1km}{안개}0613-{시정(미만)}{0.5km}{안개}0625-{시정(이상)}{0.5km}{안개}0710-{시정(이상)}{1km}{박무}0718-{박무}{강도0}0900-1145.,1.08
135,추풍령,1995-10-01,16.8,14.3,626,20.9,1558,.93,0,,0,,0,6.4,50,1547,3,50,1540,.9,795,50,12.7,58,1548,77,14.7,992.2,1024.4,30,1017.6,1810,1021.2,11.8,1,1338,1.02,4.03,,,,,,10,6.1,18.1,13.1,,,,,,,,,,,,0,{비}1322-1418.{박무}1115-{박무}{강도0}1200-{박무}{강도0}1500-{박무}{강도0}1800-{박무}{강도0}2100-{박무}{강도0}2400,
135,추풍령,1995-10-02,17.9,12.3,630,25.1,1504,,,,,,,7.6,250,1155,6,250,1140,1.9,1636,290,11.4,36,1451,69.5,13.5,989.1,1019.7,927,1016.1,1633,1017.9,11.8,8.9,1307,2.29,14.95,,,,,,2.8,2,20.2,9.3,,,,,,,,,,,,,-{박무}-{박무}{강도0}0300-{박무}{강도0}0600-0715.,
135,추풍령,1995-10-03,17.2,13.3,503,21.4,1131,1.13,0,,0,,0,5.5,270,1200,4.3,270,1130,1.5,1303,270,13.4,60,1041,78.5,15.4,986.9,1017.8,340,1013.5,1623,1015.7,11.8,2.6,1000,1.41,6.5,,,,,,6.8,4.3,18.6,9.7,,,,,,,,,,,,0,{박무}0515-{박무}{강도0}0600-{박무}{강도0}0900-{박무}{강도0}1200-{박무}{강도0}1500-{박무}{강도0}2100-{박무}{강도0}2400-{비}13121420.,
135,추풍령,1995-10-04,16.8,14.3,1032,19.6,1414,.42,0,,0,,0,9,270,1212,7,270,2150,3.5,3006,270,9.3,36,1406,62.8,11.9,986.6,1017.7,2232,1013.1,458,1015.4,11.7,5.1,1215,2.23,9.16,,,,,,9,3.5,17.9,10.7,,,,,,,,,,,,,-{박무}-{박무}{강도0}0300-{박무}{강도0}0600-0735.{비}0520-0545.,
135,추풍령,1995-10-05,14.9,8.8,2400,19,1326,,,,,,,10.4,270,1243,7,270,1150,3.4,2932,290,6.1,30,1832,56,9.6,989.3,1023.5,2354,1016.2,1523,1018.3,11.7,6.2,1138,2.37,10.77,,,,,,7.5,3,16.1,5.1,,,,,,,,,,,,,,
135,추풍령,1995-10-06,11,4,657,19.5,1402,,,,,,,8.6,250,15,6.7,250,10,1.9,1678,230,-.1,21,1559,50,6.2,995.8,1027.2,910,1023.3,1555,1025.5,11.7,10.3,1200,2.19,15.15,,,,,,3,1.1,15.6,.8,,,,,,,,,,,,,,
135,추풍령,1995-10-07,11.5,5.9,558,19.1,1452,,,,,,,6,250,1246,5.3,250,1300,1.8,1571,250,2.9,29,1443,58.8,7.6,994.9,1026.8,110,1021.9,1550,1024.6,11.6,7.7,1145,2.24,12.86,,,,,,7.3,5.5,16.3,3.6,,,,,,,,,,,,,,
135,추풍령,1995-10-08,13.2,5.6,712,20.8,1434,,,,,,,6.8,250,1450,6,250,1410,2.3,1950,250,7.3,41,1547,69.3,10.3,992.8,1024.3,30,1019.6,1502,1022.2,11.6,9.5,1145,2.38,14.94,,,,,,1.8,1.4,16.5,2.4,,,,,,,,,,,,,,
135,추풍령,1995-10-09,12.9,8.4,526,20.3,1325,,,,,,,5.8,250,1124,5,250,1030,1.5,1335,250,7.2,36,1438,71.8,10.2,992.3,1024.3,2345,1019.6,1410,1021.7,11.5,5.8,1245,1.87,9.41,,,,,,4.8,1.8,15.7,4.6,,,,,,,,,,,,,{박무}0615-{박무}{강도0}0900-{박무}{강도0}1200-1305.,
135,추풍령,1995-10-10,13.4,7.2,640,22.8,1337,,,,,,,3.2,160,1147,2.7,160,1150,.6,514,160,8,39,1332,73.5,10.7,995.2,1026.5,930,1022.4,1440,1024.5,11.5,7.8,1200,2.03,12.67,,,,,,2,.5,17,2.9,,,,,,,,,,,,,{박무}0035-{박무}{강도0}0300-{박무}{강도0}0600-{박무}{강도0}0900-{박무}{강도0}1200-{박무}{강도0}1500-1735.{박무}2205-{박무}{강도0}2400,
135,추풍령,1995-10-11,13.6,6,716,23.3,1458,,,,,,,4.9,270,1607,4,270,1610,.8,727,270,8.2,36,1454,74.5,10.9,995.6,1027,907,1022.5,1634,1025.1,11.5,9,1145,2.05,13.15,,,,,,0,0,17.2,2.2,,,,,,,,,,,,,-{박무}-{박무}{강도0}0300-{박무}{강도0}0600-{시정(미만)}{1km}{안개}0708-{시정(미만)}{0.5km}{안개}0715-{시정(이상)}{0.5km}{안개}0738-{시정(이상)}{1km}{박무}0752-{박무}{강도0}0900-1050.{박무}2120-{박무}{강도0}2400,.73
135,추풍령,1995-10-12,14.8,6.4,730,26.7,1503,,,,,,,4.8,250,1133,3.7,250,1140,.9,798,250,7.3,19,1546,68.8,10.3,993.8,1025,348,1019.7,1712,1023.1,11.4,9.7,1200,2.38,14.84,,,,,,.8,0,18,3.3,,,,,,,,,,,,,-{박무}-{박무}{강도0}0300-{박무}{강도0}0600-{시정(미만)}{1km}{안개}0612-{시정(미만)}{0.5km}{안개}0634-{시정(이상)}{0.5km}{안개}0718-{시정(이상)}{1km}{박무}0802-{박무}{강도0}0900-1035.,1.83
135,추풍령,1995-10-13,15.5,6.1,702,27.8,1508,,,,,,,3.3,160,1208,3,160,1200,.8,681,160,7.8,26,1424,65.3,10.6,991,1023,902,1016.6,1635,1020.2,11.4,9.5,1140,2.12,13.96,,,,,,1.3,0,18.3,2.8,,,,,,,,,,,,,,
135,추풍령,1995-10-14,17.5,8,630,26.9,1457,,,,,,,5.4,270,1919,4.2,270,1920,1.1,943,50,10.1,32,1358,65,12.4,986,1018.1,0,1010.6,1530,1014.6,11.3,8.4,1145,2.11,13.17,,,,,,5,4.3,19.2,3.6,,,,,,,,,,,,8.7,,
135,추풍령,1995-10-15,17.3,14.7,2400,22.2,1615,8.73,1.2,847,5,847,14.2,10,270,1915,7,270,1920,2,1746,270,13.5,65,1733,78.5,15.6,984,1014.8,2308,1010.4,1500,1012.7,11.3,1.3,1515,.98,3.09,,,,,,8.3,4.8,18.2,13.5,,,,,,,,,,,,5.5,{비}0228-{비}{강도0}0300-{비}{강도0}0600-{비}{강도1}0900-1112.{박무}0515-{박무}{강도0}0600-{박무}{강도2}0900-{박무}{강도0}1200-1340.,
135,추풍령,1995-10-16,14.6,13.1,607,16.2,1445,,,,,,,11.5,270,623,7.7,270,630,5.1,4371,270,7.4,54,1115,61.5,10.3,987.3,1019.9,2400,1013.9,325,1016.4,11.3,2.1,900,1.34,6.11,,,,,,7,5.8,15,10.8,,,,,,,,,,,,,,
135,추풍령,1995-10-17,14.2,7.1,723,23.1,1601,,,,,,,5.3,270,5,4,290,30,1,873,140,8.7,39,1513,72.3,11.3,991.6,1022.2,2238,1018.9,1430,1020.8,11.2,9.5,1152,2.17,13.86,,,,,,3.3,1.1,16.4,3.6,,,,,,,,,,,,,{박무}2145-{박무}{강도0}2400,
135,추풍령,1995-10-18,14,9.2,720,21.3,1510,,,,,,,7.4,250,1348,5.7,250,1340,2,1764,270,8.3,37,1402,72,11,991.4,1022.3,918,1018,1455,1020.7,11.2,5.8,1245,1.78,9.2,,,,,,6.3,2.5,16.1,6.3,,,,,,,,,,,,,-{박무}-{박무}{강도0}0300-{박무}{강도0}0600-0845.,
135,추풍령,1995-10-19,15.1,9.7,2352,20.8,1600,,,,,,,4.9,50,2105,3.3,70,900,1.4,1226,50,8.6,44,1559,65.8,11.2,993.2,1024.9,2340,1020.6,33,1022.3,11.2,3.7,1445,1.29,7.41,,,,,,5.5,3.6,16.8,5.5,,,,,,,,,,,,,,
135,추풍령,1995-10-20,12,5.6,615,20.5,1330,,,,,,,7,70,1340,4.2,340,1250,1,864,20,6.3,38,1317,70.5,9.5,993.7,1025.4,930,1020.3,1616,1023.2,11.1,7.9,1200,2.16,11.87,,,,,,1.3,1.6,13.9,1.4,,,,,,,,,,,,,,
135,추풍령,1995-10-21,11.3,7.6,502,19,1613,,,,,,,4,90,1255,3.3,140,1640,.6,500,20,6.8,43,1611,75.5,9.9,991.6,1022.9,0,1017.6,1642,1021.2,11.1,3.2,1345,1.31,6.44,,,,,,6.5,5.3,13.9,4,,,,,,,,,,,,,,
135,추풍령,1995-10-22,12.1,4.9,723,22.7,1509,,,,,,,3.7,110,1206,3,110,1230,.5,473,110,5.8,26,1608,71,9.3,991.9,1023.4,2400,1018.6,1430,1021.3,11.1,8.9,1100,2.09,12.9,,,,,,1,.3,14.5,2.2,,,,,,,,,,,,,,
135,추풍령,1995-10-23,13.3,5,712,22.8,1532,,,,,,,4.1,160,1313,3.7,270,2210,.8,670,140,7.3,38,1413,70.3,10.3,992.4,1024.8,907,1018.2,1530,1021.8,11,8.3,1145,1.87,12.07,,,,,,4.5,3.5,15.2,1.3,,,,,,,,,,,,0,{박무}0635-0733.,
135,추풍령,1995-10-24,12,9.8,2323,16.2,1412,3.92,.5,1420,.9,1418,1.3,12.9,270,1616,8.3,270,1610,3.5,3036,270,6.1,40,1618,67.5,9.6,988.5,1020.7,2350,1014.8,1412,1017.9,11,3.2,1305,1.23,4.54,,,,,,7.5,3.8,12.8,6.2,,,,,,,,,,,,1.3,{비}0815-{비}{강도0}0900-1145.  {소나기}1418-1443.,
135,추풍령,1995-10-25,11.7,7.7,724,17.2,1544,,,,,,,12.2,270,1240,9,270,1230,5,4335,270,2,33,1812,51.8,7.1,992.5,1024,917,1020.6,1422,1022,10.9,9.5,1200,2.03,13.22,,,,,,0,0,12,3.8,,,,,,,,,,,,,,
135,추풍령,1995-10-26,11.6,5.7,121,19.1,1527,,,,,,,9,250,1530,7.3,250,1540,2.1,1827,270,5.1,39,1526,66.3,8.8,993.2,1023.9,302,1020.5,1534,1022.8,10.9,6.9,1130,1.65,9.83,,,,,,3.3,2.6,12.3,1.4,,,,,,,,,,,,,,
135,추풍령,1995-10-27,12.2,4.6,725,21.1,1433,,,,,,,7.7,50,1229,4.3,50,1240,1.2,1024,90,6.6,37,1553,72.5,9.8,995.2,1026.3,840,1022.4,1435,1024.7,10.9,7.9,1015,1.61,10.08,,,,,,1.5,1.5,13.5,1,,,,,,,,,,,,,{박무}0608-{박무}{강도0}0900-1140.,
135,추풍령,1995-10-28,11.8,5,633,20.5,1453,,,,,,,4.9,50,1112,3.5,50,1130,.9,741,140,6.1,37,1350,71.3,9.4,993.3,1026.1,602,1019.4,1430,1022.9,10.8,7.1,1200,2.02,10.71,,,,,,3.8,2.8,13.1,1.5,,,,,,,,,,,,,,
135,추풍령,1995-10-29,11.3,3.7,730,21.7,1518,,,,,,,6.4,270,1644,4.7,250,1110,1,873,230,5.8,42,1517,71.8,9.3,987.6,1020.4,0,1013.2,1530,1017,10.8,8.6,1200,1.91,11.61,,,,,,0,.1,12.7,0,,,,,,,,,,,,,,
135,추풍령,1995-10-30,11.6,7.6,2350,16.3,1242,,,,,,,14,270,1130,9.3,270,1140,3.3,2830,270,3.6,47,1650,58.8,8,983.3,1014,0,1010.7,1704,1012.6,10.8,5.3,1200,1.89,8.71,,,,,,5.5,3.6,11.9,3.2,,,,,,,,,,,,5.5,{박무}0635-0810.,
135,추풍령,1995-10-31,7.4,3.9,2316,12.1,1132,5.43,1.4,512,4,500,6.5,16.2,270,1750,10.3,270,1750,4.3,3743,270,2,53,1144,68.5,7.2,979.5,1011.7,2350,1006.8,1332,1009.2,10.7,3.9,1230,1.25,5.7,,,,,,6.3,4.3,9,2.3,,,,,,,,,,,,1,{비}0455-{비}{강도1}0600-0735.{소나기}1208-1229.{소나기}1335-1402.{소나기}1452-{소나기}{강도0}1500-1504.{비}2214-{비}{강도0}2400,
135,추풍령,1995-11-01,3.9,.9,719,7.2,1444,2.12,,,,,0,13.4,270,1049,10,270,1220,5.4,4636,270,-2.8,47,1053,61.5,5,986.9,1020,2338,1011.7,0,1017.1,10.7,6.8,1140,1.89,10.12,,,,,,4.3,3,5.8,-2.1,,,,,,,,,,,,0,-{비}-0034.{소낙눈}1327-1342.{소낙눈}1507-1558.{눈}2333-{눈}{강도0}2400,
135,추풍령,1995-11-02,5.7,.6,640,10.9,1439,.43,,,,,0,18.3,270,1605,11.7,250,1300,6.6,5702,270,-1.3,51,1404,60.3,5.6,990.1,1023.4,920,1017.5,1642,1020.2,10.7,8.5,1230,1.89,11.09,,,,,,2.5,1.9,6.1,-1.2,,,,,,,,,,,,,-{눈}-0026.,
135,추풍령,1995-11-03,11.5,7.5,730,16.9,1522,,,,,,,14.2,270,1344,11.7,270,1350,6,5196,270,4.2,50,1305,60.8,8.3,988.3,1019.9,930,1015.6,1640,1017.8,10.6,8.4,1215,1.86,11.07,,,,,,1.3,1.1,9.8,4,,,,,,,,,,,,,,
135,추풍령,1995-11-04,10.6,4.7,742,17.5,1611,,,,,,,9.7,230,1124,7.3,230,1130,2.8,2404,250,4.5,48,1443,67,8.4,991.7,1024,2210,1019,0,1021.3,10.6,9.3,1200,1.85,11.64,,,,,,1.8,.9,10.2,-.6,,,,,,,,,,,,,,
135,추풍령,1995-11-05,9.3,1.5,740,19.7,1517,,,,,,,6.2,250,1613,5.7,250,1240,1.8,1550,250,2.6,42,1504,64.8,7.5,994.7,1026.4,856,1021.9,1422,1024.6,10.6,9,1200,1.76,11.1,,,,,,0,0,9.5,-2.5,,,,,,,,,,,,,,
135,추풍령,1995-11-06,8.4,.6,747,20.9,1506,,,,,,,6.7,230,1312,3.8,270,1300,.7,591,250,2.2,42,1340,67.5,7.3,992.1,1025,130,1018.1,1452,1021.9,10.5,6.8,1110,1.75,9.55,,,,,,2.8,1.8,9.2,-2.9,,,,,,,,,,,,,,
135,추풍령,1995-11-07,5.3,0,727,19.2,1403,4.62,,,,,13.5,24.2,250,1515,13.7,290,1950,4.7,4026,270,1.4,50,1202,75,7.2,982.2,1019.3,0,1000.6,1408,1012.2,10.5,5.5,1130,1.7,7.63,,,,,,4.5,3.3,6.5,-3.2,,,,,,,,,,,,13.5,{비}1415-{비}{강도1}1500-{비}{강도0}1800-1828.{눈}2336-{눈}{강도0}2400,
135,추풍령,1995-11-08,1.6,-1.1,645,5.3,1348,4.23,,,,,0,17.5,320,158,9.7,320,200,5.8,5014,320,-5.2,51,250,59.8,4.2,988,1020.6,2300,1015.9,0,1018.5,10.5,5.1,1045,1.69,8.22,,,,,,3.8,3.5,3.9,-3,,,,,,,,,,,,0,-{눈}-0224.{눈}0732-0844.{눈}1242-1308.{눈}1434-1446.,
135,추풍령,1995-11-09,4.9,-.7,630,10.6,1505,,,,,,,11.9,290,503,9.3,290,420,6.2,5370,270,-2.9,47,1447,56,5,989.3,1022.7,940,1016.4,2400,1019.6,10.4,9.1,1200,1.77,10.99,,,,,,.5,1.1,5.2,-3.2,,,,,,,,,,,,.2,,
135,추풍령,1995-11-10,6.9,2.9,734,11.2,1203,1.27,,,,,4.2,16,270,1406,9,270,1410,3.8,3278,270,1.5,47,1457,70.5,6.9,982.8,1016.8,2330,1008.7,1405,1012.6,10.4,3.7,1415,1.25,6.39,,,,,,7,3.8,7.2,0,,,,,,,,,,,,4,{소나기}0050-0118.{소나기}0906-0922.{비}1155-{비}{강도0}1200-1227.,
135,추풍령,1995-11-11,7.2,2.3,732,12.3,1437,,,,,,,11.5,270,10,8.7,250,1310,5,4352,270,-1.1,47,1436,54.8,5.7,988.1,1019.8,2330,1016.2,1430,1018,10.4,8.8,1145,1.75,10.81,,,,,,.5,.5,6.4,-1,,,,,,,,,,,,,,
135,추풍령,1995-11-12,8.8,1.9,740,18.5,1441,,,,,,,8,270,1448,6,270,1500,1.4,1216,250,3.8,47,1437,73.3,8.1,991.8,1024.4,2330,1019.8,0,1021.7,10.3,7.7,1145,1.67,10.16,,,,,,2,1,8.8,-2.1,,,,,,,,,,,,,,
135,추풍령,1995-11-13,9.7,.8,624,18.9,1402,.35,,,,,.3,4.6,140,1526,3.7,140,1520,.8,686,50,5.2,51,1300,75.8,9,991.2,1025,812,1015.5,2356,1020.9,10.3,3.9,1150,1.31,7.04,,,,,,6,2.6,9.6,-2.4,,,,,,,,,,,,7,{박무}0040-{박무}{강도0}0300-{박무}{강도0}0600-0705.{소나기}2253-2306.{소나기}2352-{소나기}{강도0}2400-{번개}{강도0}(SW)2210-{번개}{강도0}(SW{이동}W)2217-{뇌전}{강도0}(W7~9)2224-{뇌전}{강도0}(W{이동}NW7~9)2235-{뇌전}{강도0}(NW{이동}N7~9)2246-2258.{천둥}{강도0}(N)2335-{천둥}{강도0}(N)2400,
135,추풍령,1995-11-14,8.3,2,2400,13.3,8,1.57,,,,,6.7,17,250,1412,11.3,250,1410,5.9,5108,250,.3,40,1312,57.8,6.7,988.7,1024.8,2400,1014.5,332,1018.5,10.3,8.4,1145,1.75,10.13,,,,,,3,1.6,8.3,-2.1,,,,,,,,,,,,,-{천둥}-{천둥}{강도0}(N{이동}NE)0003-0018.-{소나기}-0134.,
135,추풍령,1995-11-15,4.2,-2.5,750,12.2,1513,,,,,,,8.1,250,243,6.7,250,300,3.3,2886,250,-5.4,39,1518,48,4.2,994.9,1027.2,903,1023.4,1450,1025.3,10.3,8.8,1200,1.72,10.39,,,,,,0,0,4.4,-6.7,,,,,,,,,,,,,,
135,추풍령,1995-11-16,4.4,-2.6,743,14.2,1528,,,,,,,10.1,250,1105,8.7,250,1110,2.2,1875,250,-3.5,32,1618,57.3,4.8,994.7,1027.2,2338,1022.5,1440,1025.1,10.2,8.6,1200,1.69,10.13,,,,,,.5,0,5,-6.7,,,,,,,,,,,,,,
135,추풍령,1995-11-17,5.6,-.9,705,14.2,1420,,,,,,,7,250,1146,6.3,230,1340,1.7,1466,250,2.4,53,1543,81,7.4,998.1,1031.3,2400,1026.6,1434,1028.5,10.2,7.4,1130,1.41,8.09,,,,,,.5,.5,5.7,-4.5,,,,,,,,,,,,,,
135,추풍령,1995-11-18,6.1,-.2,830,16.8,1522,,,,,,,6,200,1315,5.3,250,1350,.8,658,20,-1.3,21,1503,68,5.6,999,1032.5,910,1026.6,1432,1029.4,10.2,7.7,1145,1.54,8.68,,,,,,.8,0,6.4,-3.9,,,,,,,,,,,,,{박무}0035-{박무}{강도0}0300-{박무}{강도0}0600-{시정(미만)}{1km}{안개}0625-{시정(미만)}{0.5km}{안개}0640-{시정(이상)}{0.5km}{안개}0755-{시정(이상)}{강도1}{박무}0840{박무}{강도1}0900-{박무}{강도0}1200-1335.{박무}2235-{박무}{강도0}2400,2.25
135,추풍령,1995-11-19,5.7,-.2,656,13.8,1242,3.55,,,,,.2,13.2,270,2231,7.7,250,1830,2,1707,250,0,37,1230,69.5,6.2,991.6,1026.7,0,1016.9,1724,1021.8,10.1,1.2,1130,1.4,4.34,,,,,,7.5,3.4,5.9,-3.5,,,,,,,,,,,,.2,-{박무}-{박무}{강도0}0300-{박무}{강도0}0600-0825.{비}1348-1404.{비}1906-{비}{강도0}2100-2223.,
135,추풍령,1995-11-20,3.7,.5,2400,7.6,1512,,,,,,,15.2,250,443,11.3,250,430,5.3,4547,250,-7.1,22,1452,47.3,3.7,992.9,1025.8,2310,1020.8,0,1023.3,10.1,8.5,1145,1.63,9.82,,,,,,0,0,3.7,-5.4,,,,,,,,,,,,,,
135,추풍령,1995-11-21,3,-1.2,2400,8.3,1418,,,,,,,10.6,250,1310,8.3,250,1310,3.6,3123,250,-1.8,49,1504,72,5.4,994.1,1026.1,920,1022.8,1450,1024.8,10.1,8.3,1200,1.6,9.35,,,,,,1.8,.5,3,-6.2,,,,,,,,,,,,,,
135,추풍령,1995-11-22,3.4,-3.5,438,10.7,1226,.48,,,,,0,9.7,290,1333,7.3,290,1350,1.2,1066,270,-1.3,53,1153,72,5.7,991.7,1025.5,0,1018,2400,1022.2,10.1,2.4,1047,1.38,5.5,,,,,,5.5,3.8,3.1,-7.6,,,,,,,,,,,,.3,{비}2313-2342.,
135,추풍령,1995-11-23,3.1,-1.2,2400,7.2,525,2.47,,,,,.3,13,270,2130,8.3,270,2140,4.4,3762,270,-.8,42,1022,76,6,987.8,1019.3,1200,1015.9,528,1018.2,10,5.7,1020,1.34,6.3,,,,,,3.3,3.4,3.9,-4.8,,,,,,,,,,,,0,{비}0541-{비}{강도0}0600-0632.{소낙눈}1418-{소낙눈}{강도0}1500-1515.{눈}1812-1852.,
135,추풍령,1995-11-24,1.3,-2.3,430,4.8,2221,8.1,,,,,3.9,10.8,270,1442,7.7,270,1340,4.5,3929,290,0,71,7,90.3,6.2,984.9,1018.3,0,1012.3,1413,1015.4,10,0,1115,.61,1.62,,,,,,8.3,5.8,1.9,-4.8,,,,,,,,,,,,3.9,{눈}0710-0730.{눈}0824-{눈}{강도0}0900-1133.{비}1404-{비}{강도0}1500-1718.{비}2052-{비}{강도0}2100-2215.,
135,추풍령,1995-11-25,3.6,-1.6,702,9.2,1515,,,,,,,12,290,1230,9,290,1240,2.9,2498,290,-3.2,39,1546,61.8,4.8,987.7,1019.6,910,1016.2,1452,1018,10,8.5,1200,1.57,9.06,,,,,,.5,1.1,3.2,-6.9,,,,,,,,,,,,,,
135,추풍령,1995-11-26,4.7,-1,630,12.6,1411,,,,,,,16.5,270,1417,10.7,270,1430,3.6,3098,270,-2.2,36,1407,64.3,5.2,986.1,1020.3,2340,1013.1,1452,1016.3,10,5,1215,1.22,6.24,,,,,,2.8,2.4,3.9,-4,,,,,,,,,,,,,,
135,추풍령,1995-11-27,2.4,-1.9,515,8,1523,,,,,,,8.8,270,2304,7.7,270,2320,4.6,3994,270,-11.6,20,1526,35.3,2.5,992.7,1025.3,1000,1020.3,0,1023.3,9.9,8.4,1200,1.58,9.35,,,,,,0,0,2.5,-6.6,,,,,,,,,,,,,,
135,추풍령,1995-11-28,2.9,-2.6,720,9.2,1510,,,,,,,10.8,250,1326,9.3,250,1330,3.9,3404,270,-7,33,1040,48.3,3.7,994.9,1027.2,1013,1023.7,1540,1025.5,9.9,8.3,1145,1.49,8.81,,,,,,0,0,2.4,-8.4,,,,,,,,,,,,,,
135,추풍령,1995-11-29,2.2,-3.9,809,11.8,1400,,,,,,,5,250,1040,4.3,250,1020,1,835,20,-3.5,33,1528,70.8,4.7,995,1027.5,855,1023.3,1436,1025.7,9.9,8.1,1130,1.41,8.27,,,,,,0,0,3.2,-7.8,,,,,,,,,,,,,,
135,추풍령,1995-11-30,2.6,-3.1,752,9,1447,,,,,,,11.7,250,1359,8.3,250,1240,3,2552,250,-4,34,1327,64,4.5,990.6,1025.1,0,1017.1,1730,1021.1,9.9,6.4,1130,1.42,7.74,,,,,,2.8,1.6,2.8,-7.6,,,,,,,,,,,,,,
135,추풍령,1995-12-01,2.2,-1.2,718,6.3,1430,,,,,,,11.3,270,407,9.7,270,410,4.6,3941,270,-6.6,37,1446,51.5,3.8,989.1,1021.7,2400,1018,1430,1019.6,9.9,7.7,1145,1.43,8.18,,,,,,0,0,2.4,-6.1,,,,,,,,,,,,,,
135,추풍령,1995-12-02,1.6,-3.2,432,7.4,1335,,,,,,,10.9,250,1645,9,250,1640,3.1,2692,270,-3.7,46,1321,68,4.7,991.3,1023.5,854,1020.1,1710,1022,9.8,6.3,1200,1.42,6.81,,,,,,1.3,1.9,1.6,-7.2,,,,,,,,,,,,,,
135,추풍령,1995-12-03,2.4,.2,446,5.8,1317,.32,,,,,0,13.1,290,2257,8.3,290,2300,4.1,3580,290,-2.3,54,1317,70.8,5.2,990.1,1021.9,0,1018.6,1630,1020.7,9.8,.2,1222,1.07,4.36,,,,,,4.8,3.6,2.2,-3.3,,,,,,,,,,,,0,{눈}1623-1642.,
135,추풍령,1995-12-04,-.1,-2.8,719,4.6,1250,.85,,,,,0,13.8,290,121,11.7,290,210,4.3,3729,290,-5.3,36,1212,67.5,4.2,990.3,1023,742,1018.7,1624,1021.1,9.8,3.8,1145,1.32,4.81,,,,,,3.8,3.5,.4,-7.1,,,,,,,,,,,,.2,{눈}1405-{눈}{강도0}1500-1508.{눈}1822-1855.,
135,추풍령,1995-12-05,-2.9,-4.4,2400,-1.2,1304,8.6,,,,,.2,13.2,270,1345,10.3,270,1350,4.5,3882,290,-7.7,58,1346,70,3.5,991,1024.4,2400,1020.6,356,1022.2,9.8,1.2,1045,1.41,5,1.2,530,1.2,530,1.2,8,5.9,.1,-6.3,,,,,,,,,,,,0,{눈}0238-{눈}{강도0}0300-0546.{눈}0635-{눈}{강도0}0900-0905.{눈}1228-1242.{눈}1506-1710.{눈}2235-2315.,
135,추풍령,1995-12-06,-2.6,-6,620,1.8,1504,,,,,,,12.9,290,458,11.7,290,420,5.9,5065,270,-10.2,40,1551,57.5,2.8,994.1,1027.3,2350,1023.5,410,1025.4,9.8,7.5,1145,1.46,8.49,,,,,,1.3,1,-.7,-8.6,,,,,,,,,,,,,,
135,추풍령,1995-12-07,-.8,-3.6,817,3.7,1319,,,,,,,10.3,270,1510,8.7,270,310,4.8,4130,270,-5.3,54,1312,71.5,4.2,995.3,1027.8,1013,1024.6,1317,1026.4,9.8,4.7,1205,1.47,6.55,,,,,,5.3,4.1,-.1,-8.2,,,,,,,,,,,,,,
135,추풍령,1995-12-08,-.8,-5,2400,3.5,1452,,,,,,,13,320,427,10.7,320,430,5.1,4390,270,-9,38,1455,54.3,3.1,996.6,1031.5,2400,1024.3,118,1027.7,9.8,7.7,1145,1.5,8.46,,,,,,2.8,1.9,.8,-10.4,,,,,,,,,,,,,,
135,추풍령,1995-12-09,-2.7,-9.3,605,6.9,1506,,,,,,,6.4,250,1401,5.3,250,1350,.8,672,270,-8.7,33,1506,67.3,3.2,1000.6,1034.1,837,1028.6,1520,1032,9.7,7,1045,1.29,8.33,,,,,,1.5,.5,-1.9,-13.1,,,,,,,,,,,,,,
135,추풍령,1995-12-10,-.2,-5.5,630,6.3,1455,,,,,,,11.4,270,1516,9,270,1520,2.6,2256,290,-8,39,1500,57,3.4,998.5,1031.8,812,1027.3,1443,1029.7,9.7,7.6,1220,1.43,7.99,,,,,,0,0,.3,-10.3,,,,,,,,,,,,,,
135,추풍령,1995-12-11,2.9,-4.1,808,8.6,1522,,,,,,,10,270,215,7.7,270,230,2.6,2250,290,-3.2,49,1528,65,4.9,994,1029,0,1021.3,1655,1024.6,9.7,5.1,1200,1.26,6.1,,,,,,4,2,2.5,-7.8,,,,,,,,,,,,,,
135,추풍령,1995-12-12,4.2,-2.2,2400,9.1,1543,,,,,,,9.5,270,1356,8,270,1400,2.9,2493,270,-.9,43,1455,71,5.8,993.7,1027.9,2322,1020.8,330,1024.1,9.7,4.8,1200,1.27,6.67,,,,,,2.8,2.6,3.7,-7.7,,,,,,,,,,,,,{박무}0635-{박무}{강도0}0900-1122.,
135,추풍령,1995-12-13,1,-5.3,811,8.8,1233,,,,,,,5.7,290,2350,3.3,290,2400,.7,630,160,-3.4,43,1237,75.3,4.8,993.8,1028,247,1020.7,1450,1024.6,9.7,.5,1130,1.21,4.73,,,,,,6.8,3,1.5,-9.4,,,,,,,,,,,,,{박무}0035-{박무}{강도0}0300-{박무}{강도0}0600-{박무}{강도0}0900-1125.{박무}1715-{박무}{강도0}1800-{박무}{강도0}2100,
135,추풍령,1995-12-14,4,.4,812,7.1,1353,2.72,,,,,.9,12.4,270,2105,7.7,290,1840,3.9,3356,290,-.7,52,1347,71.8,5.8,991.1,1023.3,1000,1019.1,1418,1021.5,9.7,1.4,1245,1.09,4.54,,,,,,7.5,4.5,3.2,-5.8,,,,,,,,,,,,.9,-{박무}-0140.{비}1752-{비}{강도0}1800-2035.{박무}2125-{박무}{강도0}2400,
135,추풍령,1995-12-15,2.3,-1.9,2352,5.4,1430,.5,,,,,0,13.3,290,1350,8.3,290,1400,3.9,3341,290,-6.4,33,1452,54,4,995,1029.6,2223,1021.6,30,1025.6,9.7,5.3,1200,1.32,6.35,,,,,,4.5,2.8,2.9,-5.8,,,,,,,,,,,,,{비}0715-0745.-{박무}-0240.,
135,추풍령,1995-12-16,-.4,-3.6,430,3.9,1506,,,,,,,11.6,270,1546,9,270,1630,4.7,4097,270,-8.8,26,1646,55.3,3.2,996.7,1029.5,700,1025.1,1513,1027.7,9.7,2.9,1145,1.16,6.35,,,,,,3.8,1.4,.6,-8.3,,,,,,,,,,,,,,
135,추풍령,1995-12-17,-.7,-4.2,2400,3.6,1458,,,,,,,13.3,270,1029,9.3,270,1040,4.4,3810,270,-8.8,35,1554,55,3.2,997.4,1030.5,2330,1026.6,1437,1028.5,9.7,7.2,1200,1.41,7.92,,,,,,1.5,.5,.9,-8.4,,,,,,,,,,,,,,
135,추풍령,1995-12-18,-1.8,-6,800,1.5,1459,,,,,,,10.8,270,2259,7.7,290,220,3.6,3102,290,-8.2,47,1720,63.3,3.3,997.4,1030.5,6,1026.3,1455,1028.7,9.7,.8,1100,.83,4.66,,,,,,5.5,1.9,-1.1,-10.5,,,,,,,,,,,,,,
135,추풍령,1995-12-19,1.3,-2.2,748,6.3,1505,,,,,,,12.7,270,1201,10,270,1210,4.3,3756,270,-6.5,37,1502,57.5,3.8,997.6,1030,1014,1027,1447,1028.5,9.7,7.6,1215,1.37,7.53,,,,,,0,0,1.3,-6.1,,,,,,,,,,,,,,
135,추풍령,1995-12-20,-.6,-6.1,817,6,1231,.6,,,,,0,11.5,270,1415,7.7,270,1430,2.8,2407,270,-6.3,49,1228,66.5,3.9,996,1029.2,552,1024.4,1440,1027.1,9.7,3.6,1115,1.24,5,,,,,,4.3,2.9,-.7,-10.8,,,,,,,,,,,,0,{비}1552-1628.{박무}1538-1650.,
135,추풍령,1995-12-21,.5,-2,2350,4.7,1439,,,,,,,14.5,320,103,11.7,320,110,4.6,3973,270,-9.6,35,1510,47.8,3,998.1,1031,2230,1026.9,5,1029.1,9.7,7.3,1200,1.38,7.72,,,,,,0,0,1.8,-7.3,,,,,,,,,,,,,,
135,추풍령,1995-12-22,-.3,-6.5,730,5.3,1527,,,,,,,13,290,1713,9,270,1510,3.6,3083,290,-6.2,45,1526,66.5,3.9,997.8,1031.8,720,1026.3,1457,1029,9.7,4.5,1215,1.45,6.2,,,,,,2.5,2,.7,-11.3,,,,,,,,,,,,,,
135,추풍령,1995-12-23,3,-1.4,758,6.7,1320,,,,,,,13.2,270,1547,10,270,1610,3.7,3197,290,-1.9,53,1533,70.5,5.3,993.7,1027.2,10,1021.1,2400,1024.3,9.7,.3,1130,.78,3.28,,,,,,6.3,3.6,2.1,-6.8,,,,,,,,,,,,.8,{박무}0625-{박무}{강도0}0600-{박무}{강도0}0900-{박무}{강도0}1200-{박무}{강도0}1500-{박무}{강도0}1800-{박무}{강도0}2100-{박무}{강도0}2400,
135,추풍령,1995-12-24,-3.2,-7.4,2353,2.7,47,7.98,,,,,1,23.2,270,424,13.3,290,1320,7,6076,290,-9.2,41,1317,65.5,3.2,994.2,1031.8,2355,1018.6,354,1025.5,9.7,5.7,1142,1.48,7.03,2.8,1020,2.8,1020,3.1,7.8,3.5,-.2,-9.2,,,,,,,,,,,,.2,-{박무}-{박무}{강도0}0300-0440.{눈}0320-0450.{눈}0708-{눈}{강도0}0900-0908.{눈}0940-1026.{눈}1925-{눈}{강도0}2100-2308.,
135,추풍령,1995-12-25,-7,-10.1,757,-3.2,1507,,,,,,,17.3,290,1229,12.7,270,800,6.7,5748,290,-15.8,38,1704,49.8,1.8,1002.4,1036.1,951,1031.8,0,1034.4,9.7,7.8,1230,1.46,8.05,,,2.1,0,,0,0,-5.1,-12.5,,,,,,,,,,,,,,
135,추풍령,1995-12-26,-5.2,-9.8,450,.2,1506,,,,,,,15,290,2,11.8,290,20,5.5,4763,270,-16.4,26,1505,41.5,1.7,1004.1,1037.5,1025,1033.6,1450,1035.9,9.7,7.6,1215,1.41,7.88,,,0,,,0,0,-3,-13,,,,,,,,,,,,,,
135,추풍령,1995-12-27,-3.8,-9.9,818,3.7,1514,,,,,,,9,270,1459,7.5,270,1510,2.1,1780,290,-14.2,20,1445,48,2.1,1004.5,1038.4,900,1033.7,1747,1036.2,9.7,7.2,1200,1.46,8.03,,,,,,.8,0,-2.4,-14.6,,,,,,,,,,,,,,
135,추풍령,1995-12-28,-1.9,-7.5,130,5.3,1154,5.05,,,,,1.8,17.4,250,2356,10.7,250,2350,2.7,2312,270,-6.9,41,1146,68,3.8,994.5,1034.6,0,1020.2,1501,1025.7,9.7,1.7,1015,1.23,3.9,2.1,2314,2.1,2314,2.2,6,2.8,-.9,-12,,,,,,,,,,,,1.8,{눈}0515-{눈}1543-{눈}{강도0}1800-1856.{눈}2141-2222.{눈}2238-2319.,
135,추풍령,1995-12-29,-3.4,-5.9,2400,-.4,1319,9.58,,,,,.7,20.5,270,115,11.3,270,330,6,5144,290,-8.3,61,1220,69.3,3.3,989.1,1022.6,1022,1018.7,1824,1020.3,9.7,1.3,1230,1.27,4.1,1.6,2400,1.9,0,1.6,6.3,5.3,-.7,-6.6,,,,,,,,,,,,.9,{눈}0021-0115.{눈}0251-{눈}{강도0}0300-0314.{눈}1052-1138.{눈}1405-{눈}{강도0}1500-{눈}{강도0}1800-1925.{눈}2005-2035.{눈}2218-{눈}{강도0}2400,
135,추풍령,1995-12-30,-6,-9.2,607,-1.8,1553,1.75,,,,,.2,16,250,1131,8.3,250,1140,5.1,4430,250,-12.9,37,1525,59,2.3,990.4,1023.6,2252,1019.5,100,1022,9.7,7.7,1225,1.42,8.11,.6,445,2.1,445,.6,3,1,-1.6,-12.2,,,,,,,,,,,,,-{눈}-0035.{눈}0340-0450.,
135,추풍령,1995-12-31,-2.8,-7.8,525,5.4,1347,1.08,,,,,.3,15.1,270,2302,11,270,1950,4,3448,270,-8.2,51,1927,67.5,3.7,987.6,1023.1,0,1014.1,1427,1018.7,9.7,0,1245,.82,3.03,,,.2,0,,4.3,3.5,-2.1,-11.1,,,,,,,,,,,,,{비}1425-{비}{강도0}1500-1530.,
135,추풍령,1996-01-01,-2.3,-6.5,742,3.4,1529,,,,,,,15,270,442,10,270,450,5.3,4604,270,-13.5,26,1403,41.3,2.2,992.5,1025.5,1036,1020.8,0,1023.6,9.7,8.3,1200,1.43,8.17,,,,,,0,0,-1.6,-9.1,,,,,,,,,,,,,,
135,추풍령,1996-01-02,-.5,-8,738,8.8,1456,,,,,,,9.9,250,1245,5,230,1210,1.3,1091,290,-6.4,30,1257,69.3,3.8,988.8,1024,0,1014.4,2400,1019.6,9.7,8.3,1220,1.45,8.45,,,,,,.5,.9,-.2,-11.2,,,,,,,,,,,,,,
135,추풍령,1996-01-03,-.9,-7.9,2340,7,224,,,,,,,24.5,230,947,16.7,250,800,8.4,7245,270,-10.7,33,1530,48,3.1,988.9,1027,2400,1012.5,230,1019.9,9.7,7.9,1215,1.44,7.98,,,,,,4,2.5,.6,-10.2,,,,,,,,,,,,,{폭풍}0350-0420.{폭풍}0540-0600.{폭풍}0710-0830.{폭풍}0910-1150.{폭풍}1220-1400.{폭풍}1510-1630.,
135,추풍령,1996-01-04,-5.8,-11.1,750,1.1,1521,,,,,,,15,320,31,9,320,30,3.1,2645,290,-13.4,38,1536,56,2.2,995.1,1029.7,1000,1024.1,1655,1026.7,9.7,8.3,1200,1.43,8.33,,,,,,0,0,-3,-15.6,,,,,,,,,,,,,,
135,추풍령,1996-01-05,-2.1,-7.3,50,2.3,1608,1.58,,,,,0,3.2,230,1255,2.3,110,1300,.9,751,50,-7.6,53,1630,66.3,3.5,992,1025.4,608,1020.5,1530,1023.1,9.8,0,1145,.27,1.33,,,,,,7.3,3.6,-1.7,-11.3,,,,,,,,,,,,.1,{비}2025-2038.{비}2158-2320.,
135,추풍령,1996-01-06,2.9,-.7,811,8,1540,1.57,,,,,.1,3,140,1351,2.2,70,2200,.6,536,90,-.2,61,1333,80.5,6.1,993.8,1027.3,2340,1022.7,530,1024.3,9.8,0,1230,.68,3.32,,,,,,9,6,1.9,-4.1,,,,,,,,,,,,,{비}0012-0223.{비}0825-0848.,
135,추풍령,1996-01-07,4.8,2.4,811,8.3,1453,3.42,,,,,.1,12.6,250,2313,8,250,2350,2.3,1950,110,2,63,1450,83.8,7.1,993.6,1027.8,914,1019.6,2326,1023.9,9.8,0,1345,.82,2.94,,,,,,9.8,6.8,4.4,-.8,,,,,,,,,,,,.8,{박무}0310-{박무}{강도0}0600-{박무}{강도2}0900-{박무}{강도0}1200-{박무}{강도0}1500-{박무}{강도0}1800-{박무}{강도0}2100-{박무}{강도0}2400{비}2035-{비}{강도0}2100-{비}{강도0}2400,
135,추풍령,1996-01-08,-4.3,-8.6,2330,3.9,0,8.23,,,,,.9,22.4,250,1300,14.7,250,620,7,6077,250,-10.4,33,1603,63.8,3.2,992,1028.5,2140,1018.2,426,1023.4,9.8,5.4,1115,1.4,5.92,1.1,945,1.1,945,1.1,7.3,4.3,-1.3,-10.3,,,,,,,,,,,,.2,-{비}-{진눈깨비}0052-{눈}0126-{눈}{강도0}0300-0538.{눈}0708-0742.{눈}0812-{눈}{강도0}0900-1014.-{박무}-{박무}{강도0}0300-0340.{폭풍}0620.{폭풍}1050-1100.{폭풍}1210.,
135,추풍령,1996-01-09,-6,-10,706,-1.6,1507,1.83,,,,,0,15.6,250,1522,11.7,250,1530,6.2,5374,250,-12.2,44,1430,61.8,2.4,994.3,1028.7,819,1023.2,1502,1026,9.8,7.9,1210,1.56,8.85,.2,328,.2,328,.2,3,2.6,-2.3,-11.8,,,,,,,,,,,,,{눈}0205-{눈}{강도0}0300-0355.,
135,추풍령,1996-01-10,-2.1,-5,255,2.4,1510,,,,,,,14,250,837,11.2,250,840,6.1,5277,250,-12,36,1443,48.3,2.5,993.2,1026.3,2350,1023,1500,1024.4,9.8,7.9,1200,1.47,8.33,,,,,,.3,.8,-2.7,-8.2,,,,,,,,,,,,,,
135,추풍령,1996-01-11,-2.4,-6.6,2400,4.2,1544,,,,,,,9.1,250,128,8.7,250,200,3.9,3368,250,-12.5,28,1530,47,2.4,997.4,1032.4,2330,1026.3,0,1028.7,9.8,8.3,1230,1.57,9.32,,,,,,.5,0,-2.3,-12.5,,,,,,,,,,,,,,
135,추풍령,1996-01-12,-1.8,-9.5,546,9.3,1508,,,,,,,4.9,140,1512,4.3,160,1250,1.2,1017,160,-8.9,30,1532,62.5,3.2,1003.3,1036.9,2236,1032.4,0,1034.8,9.9,8.4,1200,1.51,9.12,,,,,,0,0,-.7,-14.4,,,,,,,,,,,,,,
135,추풍령,1996-01-13,-.2,-5.7,751,7.2,1330,,,,,,,5,230,1155,4.7,230,1210,1.3,1153,230,-4.1,48,1317,75.8,4.5,1000.9,1036.4,0,1026.7,2400,1032.1,9.9,3.7,1215,1.23,5.72,,,,,,2.8,2.5,-.3,-9.8,,,,,,,,,,,,1.9,,
135,추풍령,1996-01-14,4.5,.6,440,7.8,1802,9.63,,,,,4.9,9.6,270,1840,6.3,270,1840,2.1,1782,200,2.2,69,2028,84.8,7.2,989.3,1026.7,0,1015,1330,1019.5,9.9,0,1100,.44,1.21,,,,,,10,5.4,2.8,.4,,,,,,,,,,,,5.8,{비}0107-{비}{강도0}0300-{비}{강도0}0600-{비}{강도0}0900-0927.{비}1015-1118.{비}1410-1425.{박무}0430-{박무}{강도0}0600-{박무}{강도0}0900-1050.,
135,추풍령,1996-01-15,2,.4,2105,5.2,0,12.8,,,,,11.6,9.3,250,1819,7,250,2000,2.7,2309,250,.5,78,2,89.3,6.4,987.9,1021,0,1015.4,1528,1018.4,9.9,0,1200,.17,1.02,1.4,1616,1.4,1616,1.5,9,4.9,1.2,-1.5,,,,,,,,,,,,8.8,{박무}0545-{박무}{강도0}0600-{박무}{강도0}0900-0945.{비}0628-{비}{강도0}0900-{진눈깨비}1140-{진눈깨비}{강도0}1200-{눈}1220-{눈}{강도0}1500-{눈}{강도0}1800-1848.{눈}2025-2053.,
135,추풍령,1996-01-16,-1.6,-6.4,2400,1,203,,,,,,,14,230,1939,10,250,230,5.5,4775,200,-8.7,41,1521,58.8,3.3,991.5,1027.3,2310,1017.2,32,1022.5,9.9,7.7,1200,1.55,8.81,,,1,0,,5.3,3,.9,-9.4,,,,,,,,,,,,,,
135,추풍령,1996-01-17,-4.1,-7.5,330,.7,1505,,,,,,,12.4,230,801,8.3,230,1240,4.8,4153,230,-12,42,1543,54.8,2.5,994.9,1029,805,1023.8,1457,1026.4,10,4.5,1215,1.48,6.74,,,,,,5,2.5,-2.3,-9.8,,,,,,,,,,,,,,
135,추풍령,1996-01-18,-3.1,-5.8,820,1.7,1537,,,,,,,9.8,200,1349,7.7,200,1310,3.9,3370,230,-13.7,30,1426,44.5,2.1,995.6,1028.8,940,1024.9,1805,1026.9,10,7.7,1215,1.57,9.15,,,,,,5.3,1,-.8,-8.1,,,,,,,,,,,,,,
135,추풍령,1996-01-19,-2.7,-6.6,542,2,1520,,,,,,,13.3,250,1612,9.7,270,1620,4.3,3734,250,-12.4,35,1615,49,2.4,991.1,1026.1,0,1019,1458,1022.3,10,6.2,1230,1.56,7.75,,,,,,5.5,2.6,-.8,-9.7,,,,,,,,,,,,,,
135,추풍령,1996-01-20,-.1,-2.3,130,2.5,1400,,,,,,,14.6,270,1149,9,270,1550,3.8,3278,270,-7.4,51,0,57.8,3.5,991.3,1024.8,2351,1020.7,430,1022.1,10,3.5,1310,.8,4.03,,,,,,7.3,4.4,-.1,-4.7,,,,,,,,,,,,,,
135,추풍령,1996-01-21,-1.1,-5.4,713,4.3,1505,,,,,,,11,250,1505,7.3,270,1250,2.3,1966,270,-7.7,36,1702,61.8,3.4,994.7,1027.8,920,1024,1538,1025.8,10.1,6,1230,1.46,7.79,,,,,,3.8,1.6,-.2,-10.3,,,,,,,,,,,,,,
135,추풍령,1996-01-22,-.2,-3.6,750,4.4,1508,,,,,,,12.5,250,1315,8.3,250,1330,4.2,3668,250,-10.4,31,1342,46.8,2.8,991.5,1025.2,0,1019.3,1712,1022.4,10.1,7.2,1230,1.56,8,,,,,,5,1.8,0,-6.3,,,,,,,,,,,,,,
135,추풍령,1996-01-23,-1.2,-3.8,2322,2.8,1434,,,,,,,13.8,250,1215,11,250,1200,5.5,4728,250,-12.2,26,1555,45.8,2.5,991.1,1024.3,2340,1020.8,1352,1022,10.1,8.1,1200,1.58,9.3,,,,,,1.8,0,-.3,-7.5,,,,,,,,,,,,,,
135,추풍령,1996-01-24,-3.2,-5.9,757,.7,1536,,,,,,,14.2,250,1415,10.7,250,1420,4.9,4274,250,-11.6,37,1130,52.5,2.5,993.6,1027,1010,1023.5,130,1024.9,10.1,8.5,1200,1.59,9.77,,,,,,.5,.6,-1.1,-10.2,,,,,,,,,,,,0,,
135,추풍령,1996-01-25,-4.8,-7.2,2250,-.2,1505,3.68,,,,,0,17.2,250,1350,10.7,250,1410,5.3,4620,250,-12.6,36,1508,56,2.4,992.5,1026.4,2205,1021.2,1450,1024,10.2,8.3,1200,1.6,9.27,0,,0,,0,2,1.9,-1.6,-11.5,,,,,,,,,,,,,{눈}0515-{눈}{강도0}0600-0856.,
135,추풍령,1996-01-26,-5.5,-9.8,820,.1,1503,,,,,,,11.5,270,248,9,270,300,4.3,3741,250,-15.4,30,1605,47,1.9,995.5,1029.2,904,1025,1448,1027.1,10.2,8.5,1215,1.64,10.02,,,,,,.5,.3,-2.6,-13.9,,,,,,,,,,,,,,
135,추풍령,1996-01-27,-2.5,-9.3,608,3.7,1548,,,,,,,9.4,270,317,8.3,270,330,3.9,3388,250,-11.5,37,1530,50.5,2.7,995.6,1029.4,901,1023.5,1630,1026.8,10.2,8,1215,1.6,9.84,,,,,,2.5,.9,-.6,-13.2,,,,,,,,,,,,,,
135,추풍령,1996-01-28,-1.1,-6.6,809,5.5,1230,2.77,,,,,1.6,14,270,1255,9.7,270,1300,2.8,2427,270,-4,49,2323,81.8,4.7,990.9,1025.4,240,1018.6,1455,1021.9,10.2,2,1145,.93,3.86,,,,,,3.5,2.4,-1.6,-10.8,,,,,,,,,,,,1.6,28854-{진눈깨비}1318-{진눈깨비}{강도0}1500-1540.{박무}1820-{박무}{강도0}2100-{박무}{강도0}2400,
135,추풍령,1996-01-29,1.2,-2.3,745,4.5,1410,,,,,,,15.5,250,2328,10.3,270,1340,5.5,4783,270,-9.7,23,1435,45.8,3,990.8,1024.4,940,1019.4,125,1021.5,10.3,8.4,1215,1.61,9.47,,,,,,3,1,.5,-5.9,,,,,,,,,,,,,-{박무}-{박무}{강도0}0300-0450.,
135,추풍령,1996-01-30,-4.7,-7.5,758,-.8,1524,,,,,,,18.2,270,125,13,250,1330,5.7,4954,270,-16.5,29,1110,38.8,1.7,997.2,1031.6,941,1023.1,0,1028.9,10.3,8.2,1215,1.63,10.14,,,,,,2,1.3,-4.1,-11.2,,,,,,,,,,,,,,
135,추풍령,1996-01-31,-5.5,-10.3,740,0,1440,1.47,,,,,.2,18.4,250,1850,11.6,250,1610,5.5,4740,250,-14.1,30,1210,50.8,2.1,996.9,1032,307,1023.1,1720,1028.6,10.3,7.6,1130,1.52,8.34,.4,1930,.4,1930,.4,4,2,-2.4,-14.4,,,,,,,,,,,,.2,{눈}1820-1935.{눈}2012-2025.,
135,추풍령,1996-02-01,-7.8,-10.4,2400,-3.5,1430,6.25,,,,,.6,18.2,270,1952,11.7,250,1450,6.1,5304,270,-13.7,45,1310,62,2.1,994,1028.3,915,1022.8,1650,1025.9,10.4,5.9,1200,1.63,8.34,1.8,2158,1.8,2158,1.9,5.5,4.9,-4,-12.5,,,,,,,,,,,,.6,{눈}1442-{눈}{강도0}1500-{눈}{강도0}1800-1930.  {눈}2045-{눈}{강도0}2100-2212.,
135,추풍령,1996-02-02,-9.6,-13.9,810,-4.5,1654,,,,,,,18,270,45,13.3,250,930,6.4,5570,250,-19.2,36,1510,44.8,1.4,996.8,1031.7,954,1024.9,30,1029,10.4,8.7,1230,1.74,10.97,,,1.7,0,,.3,.5,-4.4,-16.1,,,,,,,,,,,,0,,
135,추풍령,1996-02-03,-3.2,-8,250,2.5,1456,1.58,,,,,0,14,270,1252,10,270,1210,5.7,4936,270,-11.2,35,1540,55,2.6,994.9,1028.5,310,1023.3,1750,1026.3,10.4,9,1200,1.75,10.82,,,,,,3.8,3,-1.3,-11.1,,,,,,,,,,,,0,{눈}0606-0648.  {눈}0813-{눈}{강도0}0900-0906.,
135,추풍령,1996-02-04,-1.1,-6.5,533,4.4,1503,,,,,,,8.1,270,1742,6,270,1750,1.8,1518,250,-6.2,47,1229,69,3.9,989.5,1024,0,1015.9,2350,1020.4,10.5,0,1115,.93,4.35,,,,,,7,4.5,-1.1,-11,,,,,,,,,,,,.8,,
135,추풍령,1996-02-05,-4.1,-7.5,2400,1.2,139,4.93,,,,,.8,20.3,250,1338,15.7,250,1350,7.5,6504,250,-11.6,31,1629,57.8,2.8,989.9,1027.7,2400,1015.3,230,1021.2,10.5,8.1,1200,1.93,11.47,2.7,846,2.7,846,2.7,5.8,4.8,-1.1,-11,,,,,,,,,,,,.2,{눈}0015-{눈}{강도0}0300--315.  {눈}0618-0652.  {눈}0805-{눈}{강도0}0900-0915.  {눈}2348-{눈} {강도0}2400-  {폭풍}1310-1350.,
135,추풍령,1996-02-06,-6.4,-9.3,720,-.4,1643,7.18,,,,,.2,14,250,1027,12.7,270,340,4.9,4249,250,-14.1,31,1627,56.8,2.1,999.6,1034.4,2156,1027.7,0,1031.5,10.5,8.1,1230,1.75,10.77,1,322,1.3,322,1,3,2.3,-2.9,-12.7,,,,,,,,,,,,0,-{눈}-{눈}{강도0}0300-0352.  {눈}0505-{눈}{강도0}0600-0718.  {눈}0836-{눈}{강도0}0900-0942.,
135,추풍령,1996-02-07,-5.3,-13.8,730,3.9,1404,,,,,,,8.2,250,1447,7.7,250,1500,1.2,1007,250,-12.3,30,1400,61.5,2.4,999.2,1034.5,50,1027,1530,1031,10.6,6.5,1300,1.47,8.65,,,,,,4.3,4.6,-1.8,-16.7,,,,,,,,,,,,,,
135,추풍령,1996-02-08,-.5,-4,2400,4,1508,2.57,,,,,0,12.4,270,1730,10,270,1710,4.2,3656,250,-9,42,1130,52.8,3.1,993.7,1028,0,1021,1504,1024.7,10.6,1.2,1330,1.09,5.28,0,,0,,0,8.8,5,.8,-5.7,,,,,,,,,,,,.1,{눈}1831-2036.  {눈}2314-2343.,
135,추풍령,1996-02-09,-5.4,-6.9,2324,-3.2,1355,11.42,,,,,.1,15.8,250,115,9.7,250,120,5.8,4973,270,-12.1,49,1720,59.3,2.4,992.6,1026.4,2228,1022,1450,1024.2,10.6,2.2,1315,1.33,6.39,.4,828,.4,828,.4,3.8,4.9,-2.6,-9.2,,,,,,,,,,,,.3,{눈}0102-0240.  {눈}0305-{눈}{강도0}0600-{눈}{강도0}0900-{눈}{강도0}1200-1215.  {눈}1255-1332.,
135,추풍령,1996-02-10,-4.5,-8,609,.3,1547,2.17,,,,,.3,14.6,270,1328,11,270,1330,5.7,4906,270,-13.1,28,1621,53.3,2.3,996,1029.6,1005,1026.1,57,1027.5,10.7,7.4,1230,1.84,10.52,.8,528,.8,528,.8,2,1.5,-2.5,-9.9,,,,,,,,,,,,,{눈}0150-0245.  {눈}0420-0535.,
135,추풍령,1996-02-11,-1.9,-9.6,702,7,1629,,,,,,,12,250,1547,9.3,250,1600,3.1,2650,270,-9.6,30,1623,56.8,3,991.2,1027.8,0,1016.7,2400,1022.3,10.7,8.8,1245,1.9,12.18,,,,,,1.3,.8,-.3,-14.3,,,,,,,,,,,,,,
135,추풍령,1996-02-12,3.7,-5.1,356,15,1458,,,,,,,12,250,1509,9,250,1520,2.3,1953,250,-4.1,29,1630,59.3,4.6,981.4,1016.7,0,1007.7,1702,1011.6,10.7,8.6,1230,1.75,10.83,,,,,,.5,1.1,2.3,-9.6,,,,,,,,,,,,,,
135,추풍령,1996-02-13,9.6,1.1,30,19,1507,,,,,,,16.2,250,1435,12.7,250,1450,2.8,2406,290,1.5,37,1220,58.5,7,975.4,1008.4,0,1000.4,1407,1004.8,10.8,6,1315,1.28,7.71,,,,,,5,2.1,4.9,-2.7,,,,,,,,,,,,,{박무}0920-1135.,
135,추풍령,1996-02-14,9.8,6,718,18.2,1226,,,,,,,9.5,250,1216,7.7,250,1130,3.1,2636,270,3.5,36,1214,65.8,8,978.2,1009.8,2228,1005.2,1420,1007.6,10.8,3.5,1130,1.71,8.08,,,,,,5,1,4.6,-1.5,,,,,,,,,,,,,{박무}0020-{박무}{강도0}0300-{박무}{강도0}0600-0715.  {박무}1410-{박무}{강도0}1500-{박무}{강도0}1800-{박무}{강도0}2100-{박무}{강도0}2400-,
135,추풍령,1996-02-15,3.5,-1.3,2400,8.4,1446,,,,,,,13.4,250,2243,12,250,2240,6.6,5733,250,-8.3,19,1735,44.8,3.6,985.7,1021.1,2330,1009.3,15,1015.9,10.8,7.3,1145,1.77,10.25,,,,,,1.8,.6,2.8,-3.7,,,,,,,,,,,,,-{박무}-{박무}{강도0}0300-{박무}{강도0}0600-{박무}{강도0}0900-0935.,
135,추풍령,1996-02-16,-1.8,-5.8,728,1.7,1602,,,,,,,11.2,270,133,9.3,250,520,3.8,3278,250,-12.4,35,57,44.8,2.4,993.2,1026.9,1120,1021,0,1024.3,10.9,4.3,1145,1.5,8.23,,,,,,4.8,5.6,.6,-9.4,,,,,,,,,,,,,,
135,추풍령,1996-02-17,.1,-3,814,5.5,1508,,,,,,,8.5,250,1205,7.3,250,1200,4.6,3960,250,-11.8,26,1505,41.8,2.5,994.9,1030.1,2400,1023,1606,1025.9,10.9,6.2,1230,1.8,9.72,,,,,,8.5,6.1,2.2,-5.2,,,,,,,,,,,,0,,
135,추풍령,1996-02-18,-1.9,-4.3,632,4.8,1619,2.73,,,,,0,7,250,753,6.7,250,800,3.2,2724,250,-10.6,44,0,51.5,2.8,1000.7,1035.7,2355,1030,257,1032.1,10.9,4.2,1445,1.46,8.06,,,,,,5.3,5.3,1.3,-7.4,,,,,,,,,,,,0,{눈}0829-{눈}{강도0}0900-0942.  {눈}1204-1335.,
135,추풍령,1996-02-19,-3.3,-7,714,1.9,1615,,,,,,,10.8,250,1419,8.7,250,1120,4.1,3582,270,-13.5,27,1448,48,2.2,1004.5,1038.2,853,1034.1,1433,1036.2,11,9.2,1113,1.78,12.08,,,,,,1.5,.3,-.8,-11,,,,,,,,,,,,,,
135,추풍령,1996-02-20,-4.1,-7.4,651,1.2,1504,,,,,,,14.2,250,1448,12,250,1440,4.9,4254,250,-13.9,23,1726,46,2.1,1003.1,1037.5,208,1031.7,1714,1034.9,11,9.4,1230,2.07,13.1,,,,,,1,.3,-1.7,-11.5,,,,,,,,,,,,,,
135,추풍령,1996-02-21,-3.7,-8.5,710,2.2,1630,,,,,,,12.2,250,1330,10.7,250,1320,5.4,4626,250,-13.9,26,1620,46,2.1,1001.7,1035.7,850,1029.9,1704,1033.3,11.1,9.3,1215,2.04,13.45,,,,,,0,0,-1.9,-11.7,,,,,,,,,,,,,,
135,추풍령,1996-02-22,-2.5,-7,623,2.9,1512,,,,,,,13.2,250,1114,10.3,250,1310,4.9,4266,250,-12,30,1835,49.3,2.5,999.5,1033.5,30,1027.9,1527,1030.9,11.1,9.4,1230,1.99,12.55,,,,,,1.3,.5,-1.3,-11.3,,,,,,,,,,,,,,
135,추풍령,1996-02-23,.2,-4.7,442,5.7,1634,,,,,,,13,250,1350,9,250,1400,3.7,3228,250,-10.7,29,1830,45,2.8,998.5,1031.5,2246,1026.8,1538,1029.5,11.1,9.5,1200,2.08,13.37,,,,,,1.8,.8,1.3,-9.2,,,,,,,,,,,,,,
135,추풍령,1996-02-24,-.8,-8.3,749,7.4,1518,,,,,,,6.2,90,1222,4.3,90,1210,1.2,1078,110,-10.4,31,1533,49.8,2.8,999.5,1033.2,854,1027.1,1730,1030.7,11.2,8.3,1000,1.46,10.15,,,,,,6,.8,1.6,-12.3,,,,,,,,,,,,,,
135,추풍령,1996-02-25,-.7,-5.5,624,5.4,1457,,,,,,,12,340,1437,10.3,340,1400,2.5,2191,340,-8.4,29,1250,59.8,3.3,994.3,1029.3,0,1022.3,1810,1025.3,11.2,5.1,1407,1.55,8.51,,,,,,5.5,1.5,1.5,-9.8,,,,,,,,,,,,,,
135,추풍령,1996-02-26,1.5,-4.6,714,9,1527,,,,,,,15,250,2255,8,250,2330,3,2628,270,-9.5,20,1319,49.3,3,990.4,1024.7,810,1017.2,2233,1021.1,11.2,7.7,1150,1.9,12.01,,,,,,5.3,2,3.4,-9.4,,,,,,,,,,,,0,,
135,추풍령,1996-02-27,-.7,-4.4,520,3.6,1443,1.22,,,,,0,16.8,270,1245,11,250,1320,6.3,5437,270,-9.4,36,1500,52,3,990.8,1026.4,2300,1017.5,0,1021.8,11.3,9.5,1215,2.05,13.22,,,,,,1,.6,2.3,-7.6,,,,,,,,,,,,,{눈}0018-0042.  {눈}0736-0825.,
135,추풍령,1996-02-28,-1.1,-8.4,716,7.3,1611,,,,,,,11,250,943,9,250,950,3.3,2875,250,-9,32,1535,55.5,3.1,995.8,1029.7,855,1024.3,1830,1026.9,11.3,10.1,1230,2.15,14.55,,,,,,.5,.3,1.6,-11.9,,,,,,,,,,,,,,
135,추풍령,1996-02-29,.9,-5.7,350,8.3,1619,,,,,,,13.1,290,1434,7.3,270,1510,2.7,2308,250,-6.5,36,1440,59.5,3.8,989.2,1025.3,0,1015.9,1604,1019.9,11.4,4.2,1400,1.72,8.63,,,,,,4.8,1.6,1.8,-10.4,,,,,,,,,,,,.2,,
135,추풍령,1996-03-01,1.6,-2.5,2400,4.6,1522,3,,,,,.2,17,270,1316,10.7,270,1150,5.9,5058,270,-8.3,29,1542,49.5,3.5,986.4,1021.1,2400,1013.2,425,1016.9,11.4,10,1200,2.08,14.21,,,,,,2.8,1.3,3.3,-5.7,,,,,,,,,,,,,{비}0246-{비}{강도0}0300-{진눈깨비}0324-{눈}0342-0546.,
135,추풍령,1996-03-02,1.9,-3.2,425,7.8,1524,,,,,,,13.4,230,1603,9.7,250,1330,4.8,4118,270,-7.6,30,1411,49.8,3.5,989.8,1022.4,956,1017.7,1440,1020.4,11.4,9.2,1230,2.13,13.98,,,,,,2.8,1.6,3.8,-8.8,,,,,,,,,,,,,,
135,추풍령,1996-03-03,2,-4.9,703,8.5,1506,,,,,,,10.4,250,1348,9.3,270,1710,4.6,3938,270,-8.6,26,1447,47.3,3.2,990.6,1023.2,823,1018.6,1628,1021.3,11.5,10.1,1230,2.17,15.07,,,,,,0,0,4.2,-10.4,,,,,,,,,,,,,,
135,추풍령,1996-03-04,2.8,-2.2,746,9.4,1550,.45,,,,,0,14,270,1357,9.7,270,1340,4.6,3958,270,-5.3,29,1650,55.3,4.2,989.9,1024.8,2333,1016.8,1357,1020.3,11.5,8.2,1423,1.85,11.84,,,,,,2.5,2.8,4.6,-5.7,,,,,,,,,,,,0,{눈}1349-1416.,
135,추풍령,1996-03-05,.8,-6,745,9.8,1516,,,,,,,3.2,200,1315,2.7,200,1250,1.1,956,90,-7.7,22,1600,60.3,3.5,994.2,1027.6,905,1022.2,1818,1025,11.5,9.1,1200,2.21,14.59,,,,,,2,.3,5.3,-10.6,,,,,,,,,,,,,{박무}0815-{박무}{강도0}0900-1030.,
135,추풍령,1996-03-06,2.3,-6,635,12.3,1545,.42,,,,,0,4.6,160,1326,3.7,160,1310,1.2,1004,160,-6.5,33,1632,53.3,3.9,991.1,1025.3,106,1017.3,2400,1021.7,11.6,4.7,1130,1.53,9.59,,,,,,6.5,2.8,5,-10.4,,,,,,,,,,,,30,{햇무리}1050-1310.  {비}2335-{비}{강도0}2400-,
135,추풍령,1996-03-07,4.9,2.8,1118,7.2,2058,13.32,,,,,32.8,17,250,2340,10,250,2340,3.5,3003,20,2.7,59,0,85.8,7.4,981.3,1017.3,0,1008.2,1600,1011.3,11.6,0,1430,.23,.98,,,,,,10,5.1,5.3,2.7,,,,,,,,,,,,2.8,-{비}-{비}{강도0}0300-{비}{강도1}0600-{비}{강도0}0900-{비}{강도0}1200-1225.  {비}1332-1426.,
135,추풍령,1996-03-08,3,.2,530,7.5,1542,,,,,,,18.1,250,343,15,230,510,7.3,6315,230,-8.6,28,1238,41.8,3.2,984.4,1019.6,2253,1011.3,0,1014.7,11.7,9.6,1215,2.17,14.78,,,,,,1.3,1,3.4,-3.3,,,,,,,,,,,,,{폭풍}0440.  {폭풍}0510.,
135,추풍령,1996-03-09,1.1,-1.6,612,4.2,1355,1.05,,,,,0,14.2,250,1630,11,200,1800,5.2,4471,230,-5,48,1604,62.3,4.2,987.7,1020.1,844,1015.5,1602,1018.4,11.7,.3,1245,1.12,5.59,,,,,,5.5,4.8,2.1,-4.4,,,,,,,,,,,,0,{눈}1648-1751.,
135,추풍령,1996-03-10,2.2,-2.8,715,7.7,1517,,,,,,,10.3,250,2115,8,250,2130,5.2,4458,230,-7.9,28,1615,47.3,3.4,988,1020.7,931,1015.4,1456,1018.5,11.7,9.6,1200,2.24,14.83,,,,,,1.8,0,3.5,-7.2,,,,,,,,,,,,,,
135,추풍령,1996-03-11,1.4,-2,2400,4.5,1241,,,,,,,18.3,250,1215,13.3,200,1110,5.9,5120,230,-10.3,22,1430,43,3,988,1026.1,2400,1014.6,603,1018.5,11.8,9.3,1215,2.28,15.51,,,,,,1.5,1.1,3.2,-5.2,,,,,,,,,,,,,,
135,추풍령,1996-03-12,-.5,-6.4,629,6.8,1654,,,,,,,8.2,250,47,7,250,40,1.4,1194,200,-10,27,1640,50.5,2.9,993.4,1027.1,346,1020.9,1704,1024.4,11.8,4.1,1330,1.34,9.92,,,,,,6.3,1.9,2.4,-10.6,,,,,,,,,,,,,{햇무리}1340-1620.,
135,추풍령,1996-03-13,3.2,-5.8,600,12.9,1512,,,,,,,11,250,1650,6.7,250,1440,1.9,1670,230,-6.1,27,1410,53,3.9,989.9,1023,143,1017.2,1440,1020.3,11.9,9,1230,2.05,13.42,,,,,,.8,.4,4.4,-10,,,,,,,,,,,,,,
135,추풍령,1996-03-14,6.1,-.9,417,13.1,1443,4.25,,,,,1.4,6.5,160,2228,5.3,250,1010,1.5,1334,230,-.3,39,1438,65.8,6.1,988.7,1021.2,900,1015.4,2333,1018.8,11.9,.2,1315,1.16,6.65,,,,,,7.5,5.1,6.7,-4.9,,,,,,,,,,,,11.4,{비}1945-{비}{강도0}2100-{비}{강도0}2400-,
135,추풍령,1996-03-15,5.3,.5,2400,10.3,1652,11.72,,,,,12.5,10.7,340,818,6.7,340,840,2.3,2012,20,.9,45,1712,74.3,6.6,980.7,1015.9,2400,1007.7,1413,1010.6,11.9,2.8,1420,1.31,6.06,,,,,,7.5,3.5,6.6,-3.5,,,,,,,,,,,,2.5,-{비}-{비}{강도0}0300-{비}{강도0}0600-{비}{강도0}0900-1143.,
135,추풍령,1996-03-16,2.9,-1.5,652,7,1220,9.63,,,,,23.5,9.2,90,1240,5.3,90,1230,2.3,2006,70,0,59,1235,82,6.2,981.7,1018.2,705,999.7,2353,1012,12,0,1000,.66,3.14,,,,,,7.3,4.4,3.4,-4.9,,,,,,,,,,,,30.5,{박무}0430-{박무}{강도0}0600-{박무}{강도0}0900-{박무}{강도0}1200-1253.  {비}1422-{비}{강도0}1500-{비}{강도0}1800-{비}{강도0}2100-{비}{강도0}2400-,
135,추풍령,1996-03-17,5.3,-.3,2400,9.8,1400,7.75,,,,,7,15.7,200,1419,13.7,200,1430,5.1,4386,230,-1.8,35,1504,62.5,5.6,975.9,1016.1,2313,998.3,242,1005.8,12,4.2,1240,2.09,8.36,,,,,,6.3,3.3,5.8,-2.6,,,,,,,,,,,,,-{비}-{비}{강도0}0300-{비}{강도0}0600-0745.,
135,추풍령,1996-03-18,2.2,-2.6,712,8.1,1441,.43,,,,,0,14.6,270,1801,12.7,270,1810,6.4,5545,270,-8.6,27,1404,45.3,3.2,987.5,1020.9,823,1015.3,1803,1017.9,12.1,10.1,1215,2.22,15.61,,,,,,3.5,1.3,3.9,-6.6,,,,,,,,,,,,0,{눈}2052-{눈}{강도0}2100-2118.,
135,추풍령,1996-03-19,2.3,-2.4,652,7.5,1501,,,,,,,11.8,200,25,8,230,600,3.8,3298,250,-11.6,19,1830,35.8,2.5,991.7,1025.2,1038,1019.8,0,1022.3,12.1,10.1,1200,2.3,15.21,,,,,,2.8,.5,4.1,-6.1,,,,,,,,,,,,,{햇무리}1415-1825.,
135,추풍령,1996-03-20,4.7,-4.1,620,13.6,1448,,,,,,,8.6,110,1110,6.7,110,1120,1.5,1264,110,-6.1,27,1546,47.8,3.9,993,1025.8,641,1021.1,1625,1023.3,12.1,8.1,1345,2.03,13.43,,,,,,5.8,.8,7.5,-7.6,,,,,,,,,,,,,,
135,추풍령,1996-03-21,3.1,.4,322,4.8,2150,13.5,,,,,27.9,5.9,360,1535,5.3,360,1540,2.2,1938,20,.5,64,0,82.5,6.4,988.4,1023.8,0,1013.6,2400,1018.8,12.2,0,1130,.28,1.25,,,,,,9.8,5.4,3.8,-4.6,,,,,,,,,,,,27.9,{비}0920-{비}{강도0}1200-{비}{강도0}1500-{비}{강도0}1800-{비}{강도0}2100-2250.  {박무}1120-{박무}{강도0}1200-{박무}{강도0}1500-1645.,
135,추풍령,1996-03-22,6.8,3.9,550,11.6,1530,,,,,,,7,270,1509,6.3,250,1450,2.7,2375,230,1.3,47,1527,69.5,6.7,989.5,1025,2345,1013.6,0,1019.5,12.2,4.3,1345,1.77,9.79,,,,,,7.3,3.6,7.7,2.7,,,,,,,,,,,,.1,{박무}0815-{박무}{강도0}0900-1115.,
135,추풍령,1996-03-23,3.8,1,2400,5.3,0,4.1,,,,,.2,6.7,20,1240,6,230,1720,2.8,2428,50,-.3,62,1954,74.5,6,998.9,1032.3,2120,1025,0,1029.5,12.2,0,1200,.47,1.93,,,,,,9,3.6,5,-2.7,,,,,,,,,,,,.1,{비}0735-{비}{강도0}0900-1105.  {비}1448-{비}{강도0}1500-1524.,
135,추풍령,1996-03-24,4.9,-.4,135,10.3,1445,4.62,,,,,.2,5.2,290,2155,4.7,290,2200,2,1768,140,-1,44,1425,66.8,5.7,994.4,1030.9,0,1019.4,1711,1024.8,12.3,1.1,1230,1.74,8.75,,,,,,10,5.1,6.4,-4.2,,,,,,,,,,,,.2,{햇무리}1430-1625.  {비}1923-{비}{강도0}2100-{비}{강도0}2400-,
135,추풍령,1996-03-25,5.4,1.9,650,11.5,1555,2.13,,,,,0,9,270,1740,8.7,250,1750,4.4,3766,230,-2.2,29,1558,61,5.3,991.1,1024.2,2400,1019.7,1635,1021.3,12.3,8.5,1215,2.36,14.92,,,,,,5.8,1.9,6.9,.9,,,,,,,,,,,,,-{비}-0038.  {비}0204-{비}{강도0}0300-0334.,
135,추풍령,1996-03-26,8,-.7,650,16.8,1525,,,,,,,7,110,1054,6.7,270,50,2.2,1932,110,-2,22,1455,53.5,5.3,994.8,1026.8,820,1022.6,1720,1024.9,12.4,9.4,1115,2.24,15.81,,,,,,3.3,0,10.4,-4.3,,,,,,,,,,,,,{박무}0420-{박무}{강도0}0600-0825.,
135,추풍령,1996-03-27,9.9,3.6,654,16.7,1458,,,,,,,7.6,250,1543,7,250,1600,2.8,2379,250,-3.2,22,1407,41,4.8,995.9,1028.4,738,1022.7,1445,1025.7,12.4,7.5,1305,1.93,13.2,,,,,,4.5,2.6,11.2,-1.1,,,,,,,,,,,,,,
135,추풍령,1996-03-28,6.3,.2,451,11,1402,,,,,,,5.6,90,1006,5.3,90,1020,2,1715,90,.1,46,0,64.3,6.3,996.2,1028.2,0,1024.8,1745,1026.4,12.4,.4,1215,1,6.87,,,,,,7.5,5,7.7,-3.8,,,,,,,,,,,,,{박무}1920-{박무}{강도0}2100-2310.  {달무리}2030-,
135,추풍령,1996-03-29,6.8,3.7,550,12.3,1154,10.95,,,,,8.6,6.3,90,2350,5,90,1920,2.5,2146,90,3.8,50,1153,81,8.1,989.2,1025.9,0,1006.5,2400,1019.2,12.5,1,1010,1.27,5.81,,,,,,8.8,6,8.6,.9,,,,,,,,,,,,11.5,-{달무리}-0120.  {비}1303-{비}{강도0}1500-{비}{강도0}1800-{비}{강도0}2100-{비}{강도0}2400-,
135,추풍령,1996-03-30,7.3,5,1845,11.3,929,8.95,,,,,2.9,16.7,270,1652,13.3,250,2100,5.2,4488,250,4.5,57,1157,81.8,8.5,973.6,1010.4,2400,999.4,1402,1003,12.5,.9,830,.87,2.84,,,,,,9.3,6.4,8.5,3.9,,,,,,,,,,,,0,-{비}-{비}{강도0}0300-{비}{강도0}0600-0805.  {비}1450-{비}{강도0}1500-1542.,
135,추풍령,1996-03-31,6.1,2.1,2350,10.4,1526,,,,,,,13,230,1408,9.7,230,1410,5.3,4620,230,-2.5,27,1858,55,5.2,982.6,1016.6,2400,1010.4,0,1012.6,12.6,5.1,1330,1.72,9.52,,,,,,8,3.8,6.9,-1.2,,,,,,,,,,,,,{박무}0340-{박무}{강도0}0600-{박무}{강도0}0900-1125.,
135,추풍령,1996-04-01,3.6,.6,2400,8.2,1534,,,,,,,14.8,230,1549,10.3,250,1500,5.3,4541,270,-7.1,22,1740,46,3.7,985,1017.3,2158,1012.2,1508,1015.2,12.6,6.9,1238,1.87,12.6,,,,,,6.3,2.4,5.2,-2.5,,,,,,,,,,,,,,
135,추풍령,1996-04-02,1.9,-1.3,640,6.4,1539,,,,,,,16.5,290,1447,14.7,290,1450,5.9,5106,250,-9.3,24,1551,43.5,3.1,985.7,1018.5,2330,1014,1423,1016.2,12.6,10.9,1205,2.55,18.78,,,,,,1.8,1.6,4.4,-4.8,,,,,,,,,,,,,{폭풍}1450.,
135,추풍령,1996-04-03,2.6,-2.7,430,8.5,1532,,,,,,,15.7,230,1408,13.3,230,1630,4.9,4206,250,-11.2,22,1500,35.8,2.6,987.9,1021.1,2330,1016.4,1411,1018.4,12.7,11,1200,2.63,18.99,,,,,,0,.1,5.8,-7,,,,,,,,,,,,,,
135,추풍령,1996-04-04,4.8,-.9,520,11,1435,,,,,,,14.6,200,1243,11.3,250,1710,5.1,4376,270,-9.2,21,1530,35.8,3.1,990.8,1023.5,2400,1019.3,1453,1021.1,12.7,11.2,1145,2.61,18.71,,,,,,.8,.5,7.5,-6.8,,,,,,,,,,,,,,
135,추풍령,1996-04-05,8.6,1.1,614,15.8,1545,,,,,,,12.2,250,1559,9.7,250,1520,4.6,3935,250,-5.1,22,1537,39,4.2,993.6,1025.4,902,1020.9,1712,1023.5,12.8,10.3,1200,2.47,17.95,,,,,,0,0,11.2,-4,,,,,,,,,,,,,,
135,추풍령,1996-04-06,6.7,2.3,522,10.6,1310,6.3,.2,1450,.4,1450,.7,4.5,140,1305,3.3,140,1350,.9,743,50,.7,41,1020,66.3,6.6,990.3,1025.4,150,1016,1840,1020.3,12.8,.3,845,.64,3.22,,,,,,9.5,5,7.5,-1.3,,,,,,,,,,,,.7,{달무리}0050-0345.  {비}1125-{비}{강도0}1200-1212.  {비}1354-{비}{강도0}1500-{비}{강도0}1800-1835.   {비}2310-{비}{강도0}2400-  {박무}1720-{박무}{강도0}1800-{박무}{강도0}2100-{박무}{강도0}2400-,
135,추풍령,1996-04-07,10.9,6.3,2330,16.4,1508,.58,0,,0,,0,13,230,1534,10.3,230,1540,5.3,4596,230,1.9,30,1538,55.5,7.1,986.9,1018.3,2350,1014.6,1618,1016.4,12.8,9,1200,2.5,16.08,,,,,,5.5,3.6,13.8,3.1,,,,,,,,,,,,,-{비}-0035.  -{박무}-{박무}{강도0}0300-{박무}{강도0}0600-{박무}{강도0}0900-{박무}{강도0}1200-1225.  {박무}2235-{박무}{강도0}2400-,
135,추풍령,1996-04-08,9.3,4.4,550,16.1,1604,,,,,,,12.3,270,1150,10,270,1200,4.7,4058,320,-2.7,22,1519,47,5.1,989,1020.4,2217,1016.5,1536,1018.7,12.9,8.1,1200,2.55,16.74,,,,,,5,2.4,12.5,1.3,,,,,,,,,,,,,-{박무}-{박무}{강도0}0300-{박무}{강도0}0600-0845.,
135,추풍령,1996-04-09,9.2,4,436,16.2,1504,,,,,,,13,230,1432,9.7,230,1430,4.9,4252,320,-4.9,19,1706,37.8,4.3,990.6,1022.4,924,1017.1,1617,1020.4,12.9,9.4,1230,2.45,14.98,,,,,,3.3,0,12.1,-2.1,,,,,,,,,,,,,{햇무리}0725-1425.,
135,추풍령,1996-04-10,7.7,3,121,13.9,1347,,,,,,,13.2,250,1432,11,230,1700,5.1,4374,250,-8.4,19,1328,30.8,3.3,991.1,1023.5,730,1018.2,1530,1021,12.9,8.3,1215,2.55,15.19,,,,,,2.5,.9,10.8,-2.1,,,,,,,,,,,,,,
135,추풍령,1996-04-11,5.5,.4,629,11.2,1459,,,,,,,15.6,250,1542,12.3,250,1510,5.3,4576,270,-9.4,19,1550,33.5,3,993.9,1027.1,2400,1020.7,1546,1024.1,13,10.9,1215,2.65,19.09,,,,,,0,0,9.6,-4.6,,,,,,,,,,,,,,
135,추풍령,1996-04-12,6.5,-.8,647,13,1518,,,,,,,8.6,290,1243,7.3,230,1140,3.9,3382,270,-8.9,19,1800,35.3,3.2,998,1031.1,815,1025.1,1651,1028.2,13,11.1,1145,2.55,18.07,,,,,,.8,0,10.6,-7.4,,,,,,,,,,,,,,
135,추풍령,1996-04-13,7.7,-1,710,15.1,1453,,,,,,,10.3,250,1658,8.7,250,1600,3.3,2871,250,-7.5,23,1620,33.3,3.5,999.3,1032.1,842,1025.8,1630,1029.4,13.1,10.8,1215,2.53,18.34,,,,,,0,0,11.5,-8.3,,,,,,,,,,,,,,
135,추풍령,1996-04-14,8.7,-1,602,16.6,1604,,,,,,,10.4,250,1715,8,250,1710,3.5,3037,250,-4.5,27,1126,39,4.4,994.5,1029.6,0,1019.1,1808,1024.4,13.1,9.9,1145,2.51,16.71,,,,,,2.8,.8,11.7,-6.9,,,,,,,,,,,,,,
135,추풍령,1996-04-15,11.2,2.3,702,19,1444,,,,,,,9,270,2114,8.3,250,910,3.7,3228,270,-3.4,27,1542,35.3,4.9,984.5,1021.7,40,1007.6,1942,1013.9,13.1,8.8,1200,2.61,15.97,,,,,,5,4,14,-3.8,,,,,,,,,,,,,{박무}2015-{박무}{강도0}2100-2330.,
135,추풍령,1996-04-16,11.7,6.2,720,18.3,1536,1.9,.7,2237,2,2200,2.2,9.5,270,721,8.7,270,730,4,3459,250,.2,30,1556,44.5,6.2,974.4,1008.3,0,1000.3,1606,1003.4,13.2,9.6,1200,2.55,18.15,,,,,,5,3.6,16.7,2.4,,,,,,,,,,,,8.4,{비}2148-2342.,
135,추풍령,1996-04-17,10,5.4,2400,13.9,1540,9.25,.9,540,3,523,9.8,14.4,290,2101,13,320,2240,3.9,3348,320,5.6,50,2323,74.8,9.3,973.2,1010.9,2400,998,1328,1002.3,13.2,0,1315,.81,2.62,,,,,,9,5,10.9,.8,,,,,,,,,,,,3.6,{박무}0425-{박무}{강도0}0600-{박무}{강도0}0900-0935.  {비}0438-{비}{강도0}0600-{비}{강도0}0900-0945.  {비}1142-{비}{강도0}1200-1315.  {비}1553-{비}{강도0}1800-1828.,
135,추풍령,1996-04-18,8.4,3.4,434,14.5,1325,,,,,,,13.1,250,1427,10.7,270,1500,6.8,5879,270,-6.5,20,1603,34.8,3.8,984.4,1017.3,2350,1010.9,0,1014.1,13.2,11,1200,2.56,17.02,,,,,,2,.8,8.6,-1,,,,,,,,,,,,,,
135,추풍령,1996-04-19,9.2,2.3,510,16.7,1440,,,,,,,7.5,270,1704,7,250,920,2.3,1975,20,-6.1,20,1710,33.5,3.9,985.3,1017.8,650,1011.1,1645,1015,13.3,8.8,1240,2.51,16.43,,,,,,3.8,3.8,10.2,-2.1,,,,,,,,,,,,,,
135,추풍령,1996-04-20,9.1,2.6,703,14.8,1512,,,,,,,8,270,1640,7,270,1610,2.3,2024,340,-1.3,25,1707,48.5,5.6,987.2,1022,2400,1014.5,200,1016.9,13.3,7.8,945,1.89,13.3,,,,,,4,2.1,12,-2.5,,,,,,,,,,,,,,
135,추풍령,1996-04-21,8.5,.9,408,15.9,1350,.33,0,,0,,0,10,270,1550,8,270,1600,3.2,2795,270,-.4,28,1345,56.8,6,991.1,1022.6,2400,1018.2,1527,1021,13.3,9.7,1200,2.51,16.05,,,,,,1.8,1.5,11.8,-4.1,,,,,,,,,,,,0,{소나기}1628-1633.  {소나기}1720-1735.,
135,추풍령,1996-04-22,11.7,2.2,648,20,1501,,,,,,,10.3,270,1453,8.7,270,1500,3,2617,270,-.9,22,1501,45,5.8,991.8,1023.1,710,1018.5,1730,1021.3,13.4,10.7,1200,2.47,18.21,,,,,,.5,.3,15.1,-3.9,,,,,,,,,,,,,,
135,추풍령,1996-04-23,13.8,1.9,635,23.2,1600,,,,,,,9,320,1445,7,290,1510,2.8,2446,320,-1.7,16,1843,36.3,5.4,991.8,1023.7,710,1018.1,1612,1021.2,13.4,11.7,1045,2.86,23.23,,,,,,0,0,16.8,-4.5,,,,,,,,,,,,,,
135,추풍령,1996-04-24,14.9,3.9,631,23.3,1529,,,,,,,8.7,270,946,7.7,320,930,3.3,2820,290,2.3,30,1445,42.8,7.5,990.5,1022.6,720,1015.9,1720,1019.6,13.5,11.7,1200,2.52,18.51,,,,,,1.3,.4,17.8,-2.8,,,,,,,,,,,,,,
135,추풍령,1996-04-25,16.4,7.6,635,23.4,1627,,,,,,,8,250,1051,7.3,250,1100,3.1,2684,270,6.7,30,1614,54.5,9.8,989.1,1020.5,710,1015,1720,1018.1,13.5,8.6,1330,2.3,15.32,,,,,,4.8,0,19.2,3.1,,,,,,,,,,,,,{햇무리}0850-1330.  {햇무리}1540-1650.,
135,추풍령,1996-04-26,18.2,9.9,632,24.4,1458,,,,,,,12.5,250,1016,10.7,250,1020,4.2,3638,250,6.8,30,1453,48.8,9.9,987.8,1018.5,653,1013.6,1605,1016.4,13.5,11.3,1200,2.55,19.48,,,,,,3.5,.8,21.4,5,,,,,,,,,,,,,,
135,추풍령,1996-04-27,19.8,13.5,320,27.2,1708,,,,,,,9.3,250,1345,8.7,250,1350,3.9,3396,250,9.5,29,1712,54.8,11.9,987.4,1017.8,930,1013,1732,1015.9,13.6,10.4,1115,2.42,17.87,,,,,,5,2.1,22.6,7.9,,,,,,,,,,,,,{햇무리}1115-1635.,
135,추풍령,1996-04-28,19.4,12,513,25.9,1427,,,,,,,7.4,270,32,7,270,50,2.4,2114,270,11.1,32,1230,61.8,13.3,985.9,1017.1,40,1011.3,1650,1014.4,13.6,3.9,1030,1.3,9.83,,,,,,7.5,7.5,20.7,7.3,,,,,,,,,,,,0,,
135,추풍령,1996-04-29,14.7,12.7,1802,17.8,1013,14.9,1.2,1526,4.2,1347,10.9,12.9,140,1314,8.7,140,1330,3.7,3188,90,10.8,59,808,77.5,13,981.3,1013.3,0,1007,1924,1010.2,13.6,0,1215,.51,2.64,,,,,,10,4.4,14.8,12.3,,,,,,,,,,,,12.2,{비}0722-{비}{강도0}0900-{비}{강도0}1200-{비}{강도0}1500-{비}{강도0}1800-{비}{강도0}2100-2216.,
135,추풍령,1996-04-30,13.7,12.2,510,15.7,1248,12.77,.8,1143,2.1,1110,4.5,11,110,2,7,110,20,3.2,2795,70,11.5,75,0,86,13.6,975.9,1007.4,0,1002.6,1658,1004.8,13.7,0,1215,.8,2.3,,,,,,10,6.8,15,11.9,,,,,,,,,,,,3.2,{비}0224-{비}{강도0}0300-{비}{강도0}0600-{비}{강도0}0900-{비}{강도0}1200-1438.  {비}1748-{비}{강도0}1800-1820.  {박무}1848-{박무}{강도0}2100-{박무}{강도0}2400-,
135,추풍령,1996-05-01,13.8,12.6,550,17.6,1624,3.82,.1,940,.1,854,.1,9.5,200,1751,8,200,1740,3.8,3248,200,10.2,58,1625,79,12.5,977.8,1011.4,2340,1002.9,235,1006.7,13.7,.8,1600,1.09,5.17,,,,,,10,5.9,14.8,12.2,,,,,,,,,,,,.1,{비}0510-{비}{강도0}0600-0740.  {비}0835-{비}{강도0}0900-0954.  -{박무}-{박무}{강도0}0300-0450.  {박무}1040-{박무}{강도0}1200-{박무}{강도0}1500-1535.,
135,추풍령,1996-05-02,16,12,627,22.1,1541,,,,,,,13.8,270,1250,12.7,270,1250,6.2,5364,270,4.6,18,1630,50.3,8.7,985.6,1020.8,2400,1011.1,121,1014.4,13.7,9.4,1115,2.46,17.59,,,,,,7,2.3,16.8,7.7,,,,,,,,,,,,,{달무리}2035-,
135,추풍령,1996-05-03,16.4,6.8,623,24.2,1504,,,,,,,6.2,140,1520,5.7,140,1520,1.4,1204,50,2.9,23,1512,41.5,7.5,989.6,1022.2,706,1014.7,2400,1018.5,13.8,1.9,1145,1.51,10.26,,,,,,8.3,5,17,3.1,,,,,,,,,,,,5.7,-{달무리}-0140.  {햇무리}0720-0815.,
135,추풍령,1996-05-04,12.1,9.9,2400,17.3,0,11.57,1.6,850,5,850,27,8.4,20,1148,6,20,1150,1.7,1455,360,7.5,36,3,75,10.5,981.3,1014.7,0,1006.3,1813,1010.5,13.8,0,1145,.36,1.7,,,,,,9.5,4.6,12.9,7.1,,,,,,,,,,,,21.3,{비}0510-{비}{강도0}0600-{비}{강도1}0900-{비}{강도0}1200-{비}{강도1}1500-1644.,
135,추풍령,1996-05-05,14.1,9.8,20,20.2,1554,,,,,,,9.7,180,1115,8,180,1120,4,3449,200,4.3,30,1640,54.8,8.5,982,1015.6,2325,1008.7,124,1011,13.8,9.7,1100,2.62,19.28,,,,,,5.3,4.5,16.1,8.2,,,,,,,,,,,,,{박무}0325-{박무}{강도0}0600-{박무}{강도0}0900-1020.,
135,추풍령,1996-05-06,13.7,4.6,540,21.2,1608,,,,,,,8.1,140,1238,6.3,140,1230,1.5,1258,140,5.5,39,1503,58.3,9.1,986.3,1017.3,852,1013.1,1650,1015.4,13.9,6.8,1500,1.84,12.63,,,,,,3.5,.5,16.3,1.8,,,,,,,,,,,,,{햇무리}0845-1255.,
135,추풍령,1996-05-07,14.3,9.8,558,18.7,1415,.67,0,,0,,0,6.3,160,1248,5.7,160,1250,1.7,1455,140,4.1,36,1133,50.3,8.2,982.9,1014.6,0,1009,1933,1011.9,13.9,.5,1015,1.19,8,,,,,,10,8.1,16.1,7,,,,,,,,,,,,10.4,{비}2320-{비}{강도0}2400-,
135,추풍령,1996-05-08,14.3,10.2,2326,19.8,1526,8.33,.9,220,3.9,200,10.4,12.4,200,1355,10.7,200,1400,3.3,2836,230,4.9,26,1540,58,9.1,976.9,1009.3,0,1002.3,1630,1005.7,13.9,7.2,1145,2.64,17.1,,,,,,6.8,4.8,15.7,5.9,,,,,,,,,,,,,-{비}-{비}{강도1}0300-{비}{강도0}0600-0820.  {황사}1040-{황사}{강도0}1200-{황사}{강도0}1500-{황사}{강도0}1800-2005.,
135,추풍령,1996-05-09,14.8,6.2,553,22,1504,,,,,,,19.2,270,1534,15,270,1530,5.2,4488,270,2.1,23,1436,44,7.1,977.7,1009.1,2400,1003.7,1642,1006.5,13.9,8.9,1130,2.76,19.27,,,,,,.8,1.4,16,2.6,,,,,,,,,,,,,{폭풍}1530.,
135,추풍령,1996-05-10,17.7,10.1,509,25.6,1526,,,,,,,16.1,250,1745,12.3,250,1810,5.8,4980,230,4.6,24,1735,43.5,8.5,981.2,1013,1029,1007.6,1830,1009.8,14,10.8,1130,2.69,20.69,,,,,,1.5,2.8,18.8,7.2,,,,,,,,,,,,,,
135,추풍령,1996-05-11,16.5,11,2400,20.4,1550,,,,,,,15.2,230,1500,12.3,230,1510,4.9,4254,200,6.4,35,1700,51.8,9.7,982.3,1013.8,2340,1008.9,227,1011,14,6.2,1300,2.49,16.05,,,,,,5.5,4.9,19.2,5.9,,,,,,,,,,,,,,
135,추풍령,1996-05-12,14.7,8,628,21.3,1626,,,,,,,10.1,270,1429,8.3,270,1210,4,3460,270,6.2,36,1548,57,9.5,985.4,1016.4,2400,1012.5,1742,1014.5,14,11.8,1212,2.95,21.47,,,,,,2.3,2.3,17.5,4.5,,,,,,,,,,,,,,
135,추풍령,1996-05-13,16,8.3,625,23.3,1327,,,,,,,10.1,290,118,7,290,120,2,1764,270,7.4,28,1341,58.8,10.4,987,1018,700,1014.3,1815,1016,14.1,8.5,1145,2.67,16.45,,,,,,4.8,3.3,18.8,4,,,,,,,,,,,,0,,
135,추풍령,1996-05-14,16.3,8.2,407,25,1703,.25,0,,0,,0,8.8,270,1309,6.7,250,1140,2.1,1794,50,7.1,27,1643,58.3,10.2,987.5,1020.2,2400,1014.2,1556,1016.4,14.1,10.6,1245,2.96,22.66,,,,,,3.3,3.6,21,5.3,,,,,,,,,,,,,{소나기}0515-0530.  {박무}2035-{박무}{강도0}2100-{박무}{강도0}2400-,
135,추풍령,1996-05-15,18,11,612,27.5,1503,,,,,,,5.2,160,1428,3,160,1430,1,889,160,8.8,20,1700,59.3,11.3,991.4,1023.3,2400,1017.9,1725,1020.2,14.1,11.3,1145,2.53,19.93,,,,,,4.3,1,23.2,7.9,,,,,,,,,,,,,-{박무}-{박무}{강도0}0300-{박무}{강도0}0600-{박무}{강도0}0900-1050.,
135,추풍령,1996-05-16,21,12.7,550,29.6,1450,,,,,,,5.9,230,37,5.2,320,2220,2.5,2155,230,8.5,28,1350,46.5,11.1,992.6,1023.4,852,1017,1812,1021.1,14.1,10.7,1245,2.57,18.64,,,,,,.5,0,23.7,9.3,,,,,,,,,,,,,,
135,추풍령,1996-05-17,19.9,10.8,625,29.2,1342,,,,,,,6,140,1652,3.3,110,1640,1.1,954,320,8.3,31,1350,48.3,11,989.7,1021.5,0,1014.9,1655,1018.2,14.2,7.7,1115,2.24,14.63,,,,,,4.3,1.1,21.6,6.4,,,,,,,,,,,,,{햇무리}0842-1450.  {박무}2040-{박무}{강도0}2100-{박무}{강도0}2400-,
135,추풍령,1996-05-18,18.9,9.7,607,28.6,1505,,,,,,,4.6,160,1745,3,140,1810,.8,714,140,9,25,1510,56.8,11.5,985.4,1016.6,132,1009.7,1756,1014,14.2,7.8,1400,2.37,15.84,,,,,,3.8,.9,22.7,5.5,,,,,,,,,,,,,-{박무}-{박무}{강도0}0300-{박무}{강도0}0600-0840.  {햇무리}1050-420.,
135,추풍령,1996-05-19,18.2,10.2,610,25.3,1325,,,,,,,9,320,1440,5.7,290,1720,1.3,1096,290,9.3,35,1408,58,11.8,983,1013.5,620,1009.3,1522,1011.6,14.2,4.7,1000,1.76,11.03,,,,,,6.5,4.1,20.5,6.5,,,,,,,,,,,,,{박무}0430-{박무}{강도0}0600-0830.  {햇무리}1120-1328.,
135,추풍령,1996-05-20,17.5,14.1,2348,20.9,1657,1.75,2.3,1000,6.2,950,7.5,7.5,270,1602,5.7,270,1610,.9,749,50,12.8,58,1554,73.8,14.9,981.5,1011.5,0,1007.7,1756,1010.1,14.2,.9,1100,1.12,5.56,,,,,,8.8,5.6,17.9,10.4,,,,,,,,,,,,10.5,{소나기}0905-1050.  {천둥}{강도0}(SW)0942-{뇌전}{강도0}(SW7~9)0957-{뇌전}{강도0}(SW{이동}S5~7)1015-{뇌전}{강도0}(S{이동}SE7~9)1026-{천둥}{강도0}(SE)1038-1052.  {박무}2150-{박무}{강도0}2400-,
135,추풍령,1996-05-21,16.7,9.9,2400,22.4,1603,2.92,1.3,250,2.3,245,3,10,320,1247,7.8,270,1430,2.1,1795,320,8.3,23,1800,60.5,11.3,981.3,1013,2400,1008.3,405,1009.9,14.3,9.8,1200,2.39,16.41,,,,,,6.8,4.3,17.7,6,,,,,,,,,,,,,{소나기}0245-{소나기}{강도0}0300-{비}0425-0540.  -{박무}-{박무}{강도0}0300-0515.  {천둥}{강도0}(N)0240-{뇌전}{강도0}(NE4~5)0250-{뇌전}{강도0}(NE{이동}E3~4)0300-0310.  {뇌전}{강도0}(NW5~7)0320-{뇌전}{강도0}(NW{이동}W4~6)0334-0345.,
135,추풍령,1996-05-22,15.5,8.2,320,22.9,1629,,,,,,,10.9,290,1431,8.3,290,1430,3.4,2972,270,7,36,1742,58,10.1,983,1014.1,734,1009.6,1708,1011.9,14.3,11.8,1200,2.53,20.45,,,,,,.5,.5,17.6,3.7,,,,,,,,,,,,,,
135,추풍령,1996-05-23,18.6,11,547,24.9,1556,,,,,,,7.5,270,1131,6.3,270,1120,2.9,2514,270,10,38,1340,58.8,12.3,982.8,1012.3,0,1009.6,1730,1011.3,14.3,9.7,1145,2.49,17.67,,,,,,5.5,.3,21.5,7.3,,,,,,,,,,,,,{햇무리}1412-1645.  {박무}2250-{박무}{강도0}2400-,
135,추풍령,1996-05-24,20.5,12.4,614,29,1550,,,,,,,6.2,270,1315,5,270,920,2,1724,270,10.1,28,1519,54.8,12.4,983.3,1013,2400,1009.3,1634,1011.7,14.3,11.2,1300,2.37,19.03,,,,,,.5,.5,23.6,8.1,,,,,,,,,,,,,-{박무}-{박무}{강도0}0300-{박무}{강도0}0600-0625.,
135,추풍령,1996-05-25,21,12.8,635,28.8,1610,,,,,,,7.2,250,2335,5.3,250,2230,2.3,1964,200,10.1,30,1450,51,12.4,984.9,1014.9,800,1011,1740,1013.2,14.4,10.6,1230,2.32,17.9,,,,,,0,0,24,8.2,,,,,,,,,,,,,,
135,추풍령,1996-05-26,19.9,12.8,610,26.5,1600,,,,,,,7.5,290,942,6.7,290,920,2.6,2254,320,11.4,39,1523,58.3,13.5,985.1,1014.8,816,1011.6,1725,1013.5,14.4,6.9,1030,1.77,13.79,,,,,,3.5,2.3,21.6,9.4,,,,,,,,,,,,,{햇무리}1042-1430.  {박무}2145-{박무}{강도0}2400-,
135,추풍령,1996-05-27,18.7,12.8,622,25.3,1434,,,,,,,7.6,320,754,6.3,290,930,2,1696,320,11.7,37,1440,65.5,13.8,984.4,1014.3,2255,1009.9,1730,1013,14.4,9.8,1330,2.05,13.07,,,,,,5.8,3,21.4,9.1,,,,,,,,,,,,,-{박무}-{박무}{강도0}0300-{박무}{강도0}0600-0745.,
135,추풍령,1996-05-28,20.4,12.5,610,28,1502,,,,,,,5.9,250,1358,3.3,250,1400,.9,739,140,12,34,1729,61.5,14,983.3,1014.3,454,1008.2,1750,1011.7,14.4,6.6,1400,2.1,13.29,,,,,,4.8,3.6,25.1,8.9,,,,,,,,,,,,0,{박무}0415-{박무}{강도0}0600-{박무}{강도0}0900-1040.,
135,추풍령,1996-05-29,18.9,16.2,550,22.4,1612,2.83,.1,1020,.2,1000,.3,6.3,140,1312,3.3,140,1320,1.3,1085,110,13.9,63,1613,72.8,15.9,983.8,1013.8,1018,1010.3,225,1012.3,14.4,1.7,1130,1.75,8.57,,,,,,9.8,6.1,21.5,13.9,,,,,,,,,,,,.3,{소나기}0815-0820.  {비}0850-{비}{강도0}0900-1135.  {박무}2040-{박무}{강도0}2100-{박무}{강도0}2400-,
135,추풍령,1996-05-30,19.3,15.2,525,25.5,1355,.8,9.3,1442,10.4,1430,10.6,9.8,360,1440,7,270,2330,2,1712,290,15.1,48,1342,77,17.2,984.1,1013.6,0,1010.3,1712,1012.6,14.5,5.5,1030,2.14,14.32,,,,,,7,4.9,20.7,11.6,,,,,,,,,,,,10.6,{소나기}1430-{소나기}{강도1}1500-1510.  {소나기}1525-1533.  -{박무}-{박무}{강도0}0300-{박무}{강도0}0600-0745.  {박무}1920-{박무}{강도0}2100-{박무}{강도0}2400-  {천둥}{강도0}(N)1425-{뇌전}{강도0}(N2~3)1430-{뇌전}{강도1}(N{이동}NE1~2)1440- {뇌전}{강도1}(NE{이동}E2~3)1447-{뇌전}{강도1}(E{이동}SE3~4)1454-{뇌전}{강도0}(SE5~6)1500-{천둥}{강도0}(SE)1515-1538.,
135,추풍령,1996-05-31,22.3,16.7,535,30.3,1622,,,,,,,10.2,250,1115,8.3,250,1050,3,2568,250,14.6,37,1635,63.3,16.7,984.1,1014.1,910,1009.5,1818,1012.3,14.5,9.2,1200,2.52,19.12,,,,,,2.8,1.3,23.8,14.1,,,,,,,,,,,,,-{박무}-{박무}{강도0}0300-{박무}{강도0}0600-{박무}{강도0}0900-{박무}{강도0}1200-1320.,
135,추풍령,1996-06-01,24,16.3,557,32.5,1510,,,,,,,6.3,20,2315,5.7,20,2330,1,882,200,16.3,33,1506,66,18.7,984.5,1014.3,918,1009.8,1740,1012.5,14.5,9.5,1115,2.28,17.59,,,,,,1.5,0,26.1,13.3,,,,,,,,,,,,,{박무}0410-{박무}{강도1}0600-{박무}{강도0}0900-1124.  {박무}2250-{박무}{강도0}2400-,
135,추풍령,1996-06-02,24.4,17.7,551,29.9,1256,,,,,,,6.7,270,1550,4.7,270,1510,2,1744,290,16,44,1722,60,18.1,983.5,1013.3,250,1008.7,1814,1011.4,14.5,6.5,1145,2.07,13.32,,,,,,6,3.4,26.4,14.7,,,,,,,,,,,,,-{박무}-{박무}{강도0}0300-{박무}{강도0}0600-{박무}{강도0}0900-0930.,
135,추풍령,1996-06-03,19.9,17.3,2400,22.2,0,5.5,1.2,1202,2.7,1140,4.9,7.3,290,230,4.7,290,210,2,1729,290,16.2,72,242,79.5,18.4,979.6,1011.2,30,1004.2,1903,1007.9,14.5,0,1230,.74,4.65,,,,,,8.3,6.1,21.1,15.1,,,,,,,,,,,,4.9,{박무}0425-{박무}{강도0}0600-{박무}{강도0}0900-{박무}{강도0}1200-1250.  {비}1120-{비}{강도0}1200-{비}{강도0}1500-1650.,
135,추풍령,1996-06-04,21.3,14.8,447,27.8,1458,,,,,,,7.1,250,1333,6,270,1710,2.6,2251,270,12.6,36,1313,60.5,14.7,977.5,1007.9,2400,1003.4,1553,1005.6,14.5,10.4,1200,2.74,21.54,,,,,,5.8,2.5,23.2,13,,,,,,,,,,,,,{박무}0245-{박무}{강도0}0300-{박무}{강도0}0600-{박무}{강도0}0900-1042.,
135,추풍령,1996-06-05,21,13.7,542,28.1,1510,,,,,,,5.6,160,1335,3.2,110,1620,1.4,1226,110,11.5,37,1538,56.5,13.6,982.3,1015,2400,1007.9,0,1010.5,14.6,11.6,1130,2.48,20.05,,,,,,3.8,2.9,25.1,9.9,,,,,,,,,,,,,,
135,추풍령,1996-06-06,21.3,12.1,558,29.6,1550,,,,,,,5.9,110,1405,3.7,110,1410,1.2,1047,110,10.5,26,1347,53.5,12.8,986.9,1017.8,727,1013,1552,1015.2,14.6,10.5,1130,2.57,19.4,,,,,,4.5,.4,25.9,8.9,,,,,,,,,,,,1.2,,
135,추풍령,1996-06-07,16.8,15.6,1940,19.4,0,13.48,1.2,1240,6.4,1240,20.2,5.5,20,1817,3,20,1810,1.2,1004,20,14.3,63,20,85.3,16.3,986.7,1017.9,1030,1013.7,2400,1015.5,14.6,0,1500,.37,2.48,,,,,,10,6,19.3,15.2,,,,,,,,,,,,20.1,{비}0625-{비}{강도0}0900-{비}{강도0}1200-{비}{강도0}1500-{비}{강도0}1800-1845.  {비}2201-2250.  {비}2340-{비}{강도0}2400-  {박무}0630-{박무}{강도0}0900-{박무}{강도0}1200-{박무}{강도0}1500-{박무}{강도0}1800-{박무}{강도0}2100-{박무}{강도0}2400-,
135,추풍령,1996-06-08,19.5,16,50,24.3,1530,3.77,.3,40,.5,0,1.1,4.4,160,1816,3.2,160,1850,1.1,979,160,16.2,67,1557,81.8,18.5,983.9,1013.7,0,1011.1,1510,1012.2,14.6,.4,1145,.93,5.79,,,,,,9.5,6.4,21.6,14.5,,,,,,,,,,,,,-{비}-0050.  {비}0414-{비}{강도0}0600-0710.  -{박무}-{박무}{강도1}0300-{박무}{강도1}0600-{박무}{강도0}0900-{박무}{강도0}1200-1350.  {박무}1830-{박무}{강도0}2100-{박무}{강도0}2400-,
135,추풍령,1996-06-09,21.2,17.5,508,25.7,1410,.6,0,,0,,0,5.7,70,1413,3.7,70,1420,1.3,1143,110,16.6,57,1413,75.8,18.9,985,1015.3,802,1011.7,1701,1013.2,14.6,3.5,1300,1.48,9.42,,,,,,9.5,7.5,23.5,16.8,,,,,,,,,,,,23.2,-{박무}-{박무}{강도0}0300-{박무}{강도0}0600-{박무}{강도0}0900-1045.  {비}1914-1950.,
135,추풍령,1996-06-10,18.4,17,530,22.5,1532,19.5,3,626,10.5,608,27.6,4.5,90,510,3,90,520,.8,665,90,16,78,0,86,18.2,981.7,1013,0,1007.9,1802,1010.2,14.6,0,1100,.42,2.01,,,,,,10,6.4,20.4,16.8,,,,,,,,,,,,4.4,{비}0110-{비}{강도0}0300-{비}{강도0}0600-{비}{강도1}0900-{비}{강도0}1200-{비}{강도0}1500-{비}{강도0}1800-2040.  {박무}0340-{박무}{강도0}0600-{박무}{강도0}0900-{박무}{강도0}1200-{박무}{강도1}1500-{박무}{강도1}1800-{박무}{강도1}2100-{박무}{강도1}2400-,
135,추풍령,1996-06-11,21.9,18.6,435,27,1420,,,,,,,6.3,320,845,4.2,50,530,1.5,1312,320,16.8,49,1410,73.8,19.2,981.2,1011,857,1007.1,1703,1009.3,14.6,5.3,1330,2.35,14.83,,,,,,9,5.4,24.4,17.2,,,,,,,,,,,,,-{박무}-{박무}{강도0}0300-0525.,
135,추풍령,1996-06-12,21.2,18,527,26.9,1352,.75,1,1740,1.3,1735,1.3,7.1,110,1758,4.3,70,1810,1,864,200,17.1,53,1412,78.3,19.5,980.4,1010,2210,1006.7,1553,1008.6,14.6,3.5,1200,1.89,9.64,,,,,,8.5,4.8,23.4,16,,,,,,,,,,,,1.3,{박무}0410-{박무}{강도1}0600-{박무}{강도1}0900-1120.  {박무}1943-{박무}{강도0}2100-{박무}{강도0}2400-  {소나기}1735-{소나기}{강도0}1800-1820.  {천둥}{강도0}(SE)1744-1755.,
135,추풍령,1996-06-13,22.2,18.1,129,28.1,1615,,,,,,,6.2,70,1515,3.7,90,1550,1.2,1022,90,17.4,52,1613,75.8,19.9,982.3,1011.8,830,1008.8,1730,1010.4,14.6,5.9,1330,2.05,12.16,,,,,,7.3,4.9,24.6,16.3,,,,,,,,,,,,,-{박무}-{박무}{강도1}0300-{시정(미만)}{1km}{안개}0420-{안개}{강도0}0600-{안개}{강도0}0900-{시정(이상)}{1km}{박무}0924-{박무}{강도0}1200-1320.,5.07
135,추풍령,1996-06-14,22.5,16.1,617,28.2,1316,,,,,,,7.5,270,1711,5.5,270,1720,1.7,1455,90,16.6,47,1255,70.3,18.9,980.4,1010.6,0,1005.8,1604,1008.4,14.6,10.5,1145,2.68,18.1,,,,,,3.3,2.9,24.9,13.6,,,,,,,,,,,,,{박무}0130-{박무}{강도0}0300-{박무}{강도1}0600-{박무}{강도0}0900-1115.,
135,추풍령,1996-06-15,23.9,19.7,532,28.7,1501,,,,,,,7,320,14,5.7,340,40,1.6,1423,270,18.2,51,1316,71.3,21,981.4,1010.7,905,1007.6,1700,1009.2,14.6,5.8,1100,2.59,14.99,,,,,,7,4.9,26.5,18.3,,,,,,,,,,,,,{박무}0410-{박무}{강도0}0600-{박무}{강도0}0900-1120.,
135,추풍령,1996-06-16,24.3,20.6,115,29.8,1610,3.58,1.7,2320,5.1,2300,9.3,6.1,70,1146,5.3,70,1150,1.1,948,320,19.5,52,1434,75.3,22.7,979.6,1010.1,900,1004.6,1710,1007.4,14.7,4.6,1030,2.11,12.31,,,,,,9.5,5.8,26.9,17.6,,,,,,,,,,,,127.2,{박무}0215-{박무}{강도0}0300-{시정(미만)}{1km}{안개}0512-{안개}{강도0}0600-{시정(이상)}{1km}{박무}0815-{박무}{강도2}0900-1115.  {박무}2010-{박무}{강도0}2100-{박무}{강도0}2400-  {햇무리}1425-1640.  {소나기}2025-{소나기}{강도0}2100-{소나기}{강도1}2400-  {천둥}{강도0}(N)2023-{뇌전}{강도0}(N3~5)2040-{뇌전}{강도0}(N{이동}NE3~4)2055-{뇌전}{강도1}(NE3)2100-{뇌전}{강도0}(NE{이동}E4~6)2113-{뇌전}{강도0}(E{이동}SE4~6)2125-2140.  {뇌전}{강도0}(N4~6)2115-{뇌전}{강도0}(N{이동}NE4~6)2123-2130.  {뇌전} {강도0}(NW5~6)2240-2255.  {뇌전}{강도0}(W5~7)2320-{뇌전}{강도0}(W{이동}NE4~5)2334-{뇌전}{강도0}(NW{이동}N4~5)2356-{뇌전}{강도0}(N5~7)2400-,3.05
135,추풍령,1996-06-17,20.2,19.5,2355,22.5,20,22.25,18.5,222,44.8,140,215.4,6.1,320,215,4,320,220,.8,733,110,18.1,85,5,87.5,20.8,970.8,1006.1,0,988.8,2400,999.2,14.7,0,900,.19,.97,,,,,,10,6.5,20.9,19,,,,,,,,,,,,100.2,-{뇌전}-{뇌전}{강도0}(N{이동}NE4~5)0005-{뇌전}{강도0}(NE{이동}E4~6)0019-{뇌전}{강도0}(E{이동}SE5~7)0030-0105.  {뇌전}{강도0}(N5)0120-{뇌전}{강도0}(N{이동}NE3~5)0132-0145.  {천둥}{강도0}(SW)1020-{천둥}{강도0}(SW{이동}W)1042-{천둥}{강도0}(W{이동}NW)1056-{천둥}{강도0}(NW{이동}N)1112-1135.  -{소나기}-{비}0225-{비}{강도2}0300-{비}{강도0}0600-0755. {비}0855-{비}{강도0}0900-{소나기}1015-{비}1145-{비}{강도1}1200-{비}{강도1}1500-{비}{강도1}1800-{비}{강도0}2100-2315.  -{박무}-{박무}{강도1}0300-{박무}{강도0}0600-{박무}{강도0}0900-{박무}{강도1}1200-{박무}{강도1}1500-{박무}{강도1}1800-{박무}{강도1}2100-{박무}{강도0}2400-,
135,추풍령,1996-06-18,17.9,15.1,755,21.4,1638,4.62,1.3,750,2.5,750,3.4,18.1,250,303,13,250,320,5.1,4381,250,13.4,57,1623,75.3,15.4,967.6,1002.9,2212,987.7,120,995.7,14.7,3.8,1215,2.03,9.5,,,,,,6.8,4.3,18.5,14.4,,,,,,,,,,,,.7,-{박무}-0035.  {비}0613-{비}{강도0}0900-1050.,
135,추풍령,1996-06-19,20.8,16.1,313,26.4,1732,,,,,,,9.9,290,440,8,290,450,2.4,2062,290,15.4,45,1649,72.3,17.6,973,1003.1,240,997.8,1741,1000.9,14.7,6.1,1500,1.77,12.73,,,,,,6.5,2.8,23.1,13.8,,,,,,,,,,,,,{박무}0042-{박무}{강도0}0300-{박무}{강도0}0600-0835.  {박무}2015-{박무}{강도0}2100-{박무}{강도0}2400-  {햇무리}0952-1035.,
135,추풍령,1996-06-20,18.9,17.5,540,20.3,0,5.37,2.7,1054,3.3,1050,5,6.4,360,525,3.3,360,550,1.4,1226,70,16.2,72,26,84,18.5,968.4,998.2,0,994.8,1713,996.4,14.7,0,1400,.29,1.64,,,,,,9.3,6.1,20.2,15.7,,,,,,,,,,,,5,{비}1043-{비}{강도0}1200-{비}{강도0}1500-1605.  -{박무}-{박무}{강도0}0300-{박무}{강도0}0600-{박무}{강도0}0900-{박무}{강도0}1200-{박무}{강도0}1500-{박무}{강도0}1800-{박무}{강도1}2100-{박무}{강도1}2400-,
135,추풍령,1996-06-21,22.2,18.7,51,27.7,1237,.17,0,,0,,0,8.6,160,1346,5,200,1350,1.4,1207,320,16.9,44,1531,73.3,19.3,971.2,1002.2,2340,997,0,998.9,14.7,7.2,1200,2.24,14.83,,,,,,7.3,4.9,24.7,15.3,,,,,,,,,,,,0,-{박무}-{박무}{강도1}0300-{박무}{강도1}0600-{박무}{강도0}0900-{박무}{강도0}1200-1435.  {소나기}1405-1415.,
135,추풍령,1996-06-22,21.8,17.3,450,26.8,1457,1.08,1.1,1903,1.5,1855,1.5,5.8,180,1348,4,180,1400,1,874,180,16.8,57,1229,74.3,19.2,976.9,1008,2400,1002,0,1004.9,14.7,6.7,1400,1.93,13.02,,,,,,7.5,6,25.2,14.9,,,,,,,,,,,,1.5,{박무}0140-{박무}{강도0}0300-{박무}{강도0}0600-{박무}{강도0}0900-{박무}{강도0}1200-{박무}{강도0}1500-{박무}{강도0}1800-{박무}{강도0}2100-{박무}{강도0}2400-  {소나기}1850-1955.,
135,추풍령,1996-06-23,21.8,19.8,115,25.3,1320,,,,,,,7.3,70,1512,3.2,70,1520,1,855,70,18.1,61,1123,79.3,20.7,981.9,1011.7,2144,1008,0,1010,14.7,1.7,1030,1.62,9.87,,,,,,9.3,6,24.8,19.2,,,,,,,,,,,,3.5,-{박무}-{박무}{강도0}0300-{박무}{강도1}0600-{박무}{강도1}0900-{박무}{강도0}1200-{박무}{강도0}1500-{박무}{강도0}1800-{박무}{강도0}2100-{박무} {강도0}2400-,
135,추풍령,1996-06-24,18,15.8,2120,20.8,0,18.17,5,2230,10.7,2210,81.8,9.4,70,1210,4.7,70,1220,2.1,1796,70,15.9,81,0,87.8,18.1,980.1,1011.6,17,1005.2,1326,1008.3,14.7,0,1230,.26,1.53,,,,,,9.8,6,19.5,15.3,,,,,,,,,,,,127.8,{비}0550-{비}{강도0}0600-{비}{강도0}0900-{비}{강도1}1200-{비}{강도1}1500-{비}{강도0}1800-{비}{강도1}2100-{비}{강도0}2400-  -{박무}-{박무}{강도0}0300-{박무}{강도1}0600-{박무}{강도0}0900-{박무}{강도0}1200-{박무}{강도0}1500-{박무}{강도0}1800-{박무}{강도0}2100- {박무}{강도0}2400-,
135,추풍령,1996-06-25,16.5,15.6,345,17.7,1440,24,4.8,437,12.2,437,60,6.4,50,658,3.7,50,700,2.2,1934,70,15.1,87,155,91,17.2,978.7,1010.8,2323,1005.6,326,1007.3,14.7,0,1215,.45,2.54,,,,,,10,6,18.2,15.3,,,,,,,,,,,,11.1,-{비}-{비}{강도1}0300-{비}{강도1}0600-{비}{강도1}0900-{비}{강도0}1200-{비}{강도0}1500-{비}{강도0}1800-{비}{강도0}2100-{비} {강도0}2400-,
135,추풍령,1996-06-26,19,15.6,532,24.6,1542,9.75,.1,235,.3,220,.6,4.2,140,1742,3.2,140,1800,1,869,70,16,58,1533,83.8,18.2,983.1,1012.8,1018,1010.3,18,1011.5,14.6,5,1500,1.99,12.62,,,,,,8,3.5,22,15.2,,,,,,,,,,,,3.3,-{비}-{비}{강도0}0300-{비}{강도0}0600-{비}{강도0}0900-0945.  -{박무}-{박무}{강도0}0300-{박무}{강도0}0600-{박무}{강도0}0900- {박무}{강도0}1200-{박무}{강도0}1500-{박무}{강도0}1800-{박무}{강도0}2100-{박무}{강도0}2400-,
135,추풍령,1996-06-27,17.5,16.7,435,19.8,958,13.75,3.8,1037,6.8,1140,28.4,5.9,70,1429,3.6,70,1420,.7,564,50,16.2,89,0,91.5,18.4,980.8,1012,844,1005.6,1942,1009.3,14.6,0,1330,.23,.84,,,,,,10,6.8,19.3,14.4,,,,,,,,,,,,27.2,-{박무}-{시정(미만)}{1km}{안개}0215-{안개}{강도0}0300-{시정(미만)}{0.5km}{안개}0415-{시정(이상)} {0.5km}{안개}0540-{안개}{강도0}0600-{시정(이상)}{1km}{박무}0640-{박무} {강도1}0900-{박무}{강도0}1200-{박무}{강도0}1500-{박무}{강도0}1800-{박무}{강도0}2100-{박무}{강도0}2400-  {비}0645-{비}{강도0}0900-{비}{강도1}1200-{비}{강도0}1500-{비}{강도0}1800-1840.  {비}1935-{비}{강도0}2100-2125.,4.42
135,추풍령,1996-06-28,20.9,17,556,26.4,1615,1.67,1.8,806,2.1,755,2.2,5.8,230,1713,3.7,230,320,.9,800,110,18.1,64,1608,84.8,20.8,978,1007.1,2150,1004.3,1605,1006.1,14.6,3,1330,1.46,7.39,,,,,,8.8,5.3,22.5,15.6,,,,,,,,,,,,.1,-{박무}-{박무}{강도1}0300-{시정(미만)}{1km}{안개}0325-{시정(미만)}{0.5km}{안개}0345-{시정(미만)}{0.2km}{안개}0415-{안개}{강도2}0600-{시정(이상)}{0.2km}{안개}0620-{시정(이상)}{0.5km}{안개}0645-{시정(이상)}{1km}{박무}0720-{박무}{강도1}0900-{박무}{강도0}1200-1320.  {박무}1920-{박무}{강도0}2100-{박무}{강도0}2400-  {비}0750-{비}{강도0}0900-0930.,3.92
135,추풍령,1996-06-29,22.5,19.3,350,27.8,1352,1.83,.6,1721,1.2,1720,1.2,16.4,290,2005,12,290,2000,3.4,2922,180,18.6,60,1431,78.8,21.4,973,1006.9,0,993.5,1715,1000.8,14.6,2.2,1300,1.26,6.3,,,,,,8.8,4.5,23.8,16.9,,,,,,,,,,,,1.2,{비}1710-{비}{강도0}1800-1835.  {비}2115-2140.  -{박무}-{박무}{강도1}0300-{박무}{강도2}0600-{박무}{강도1}0900-{박무}{강도0}1200-1330.,
135,추풍령,1996-06-30,22.6,19,110,25.9,1509,.48,0,,0,,0,13.7,340,48,8.7,340,50,4.9,4239,290,16.4,58,1553,68,18.7,972.9,1001.8,2243,999.6,1655,1000.7,14.6,3.9,1200,1.49,10.08,,,,,,8,5,23.3,17.5,,,,,,,,,,,,,{소나기}0005-0034.  {박무}2320-{박무}{강도0}2400-,
135,추풍령,1996-07-01,24.6,20.8,2400,30.8,1538,.67,0,,0,,0,11.7,320,1808,8,290,950,3.3,2828,290,17.7,42,1521,66.3,20.3,976.7,1008,2105,1001.4,0,1004.3,14.6,10.4,1100,2.57,19.67,,,,,,6.3,2.9,25.9,18,,,,,,,,,,,,0,-{박무}-{박무}{강도0}0300-{박무}{강도0}0600-{박무}{강도0}0900-1045.  {박무}2020-{박무}{강도0}2100-{박무}{강도0}2400-  {소나기}1755-{소나기}{강도0}1800-1835.  {천둥}{강도0}(W)1725-{천둥}{강도0}(W)1800-{천둥}{강도0}(W{이동}SW)1805-{천둥}{강도0}(SW{이동}S)1832-1845.  {천둥}{강도0}(S)1907-1920.,
135,추풍령,1996-07-02,24.3,19.7,124,30.7,1528,,,,,,,8.9,290,1640,4.8,270,2100,1.9,1630,270,19,49,1428,73.5,21.9,981.6,1012.2,2400,1007.4,0,1009.5,14.6,9.1,1100,2.58,17.72,,,,,,7.5,4.5,28.3,16.9,,,,,,,,,,,,,-{박무}-{박무}{강도0}0300-{박무}{강도0}0600-0750.,
135,추풍령,1996-07-03,24.7,20.1,602,30.1,1604,,,,,,,4.8,200,1029,2.3,180,1050,.6,530,110,19.7,49,1552,74.5,22.9,983.2,1012.5,542,1009.6,1635,1011,14.6,9.6,1000,2.08,15.21,,,,,,7.3,3.8,28.7,17.1,,,,,,,,,,,,0,{박무}0215-{박무}{강도0}0300-{박무}{강도1}0600-{박무}{강도0}0900-1010.  {박무}1935-{박무}{강도0}2100-{박무}{강도0}2400-,
135,추풍령,1996-07-04,19.2,18.5,733,21.4,0,16.92,4,1306,14.3,1306,53.8,6.2,90,738,3,90,740,1.6,1404,110,17.5,83,57,89.8,20,978.4,1011.1,0,998.5,2400,1006.8,14.6,0,1200,.18,.66,,,,,,10,5.6,21.3,17.9,,,,,,,,,,,,61.8,-{박무}-{박무}{강도0}0300-{박무}{강도1}0600-{박무}{강도1}0900-{박무}{강도0}1200-{박무}{강도1}1500-{박무}{강도1}1800-{박무}{강도0}2100-{박무} {강도0}2400-  {비}0705-{비}{강도0}0900-{비}{강도1}1200-{비}{강도1}1500-{비}{강도1}1800-{비}{강도0}2100-{비}{강도0}2400-,
135,추풍령,1996-07-05,20.8,18.4,445,25.9,1630,8.17,.8,430,2,120,8,6.2,90,628,3.3,160,1900,1,845,180,17.5,54,1530,82.8,20,973.6,1005.3,2153,997,300,1001.6,14.6,5.8,1430,2.31,10.84,,,,,,7.5,5.1,24.9,17.7,,,,,,,,,,,,,-{비}-{비}{강도0}0300-{비}{강도0}0600-0810.  -{박무}-{박무}{강도0}0300-{박무}{강도0}0600-0835.,
135,추풍령,1996-07-06,22.1,18.5,2400,27.9,1547,,,,,,,8,110,1415,4.5,110,1427,1.8,1572,50,16.7,44,1458,72.8,19,977.3,1008.4,2400,1003.6,1614,1005.3,14.6,8.9,1300,2.49,17.81,,,,,,6,4.8,26.3,16.4,,,,,,,,,,,,,{박무}0415-{박무}{강도1}0600-{박무}{강도0}0900-1020.,
135,추풍령,1996-07-07,19.4,15.9,2400,23.7,1547,,,,,,,8,70,10,4.7,70,10,2.5,2186,90,13.5,53,1548,69.3,15.5,983.4,1016,2352,1008.4,0,1011.8,14.6,8.2,1500,1.67,13.2,,,,,,6,5.4,23.9,12.3,,,,,,,,,,,,,,
135,추풍령,1996-07-08,19.7,12.8,520,26.1,1505,,,,,,,6.9,90,1220,3.7,90,1000,1.7,1489,70,13.6,43,1830,69.5,15.6,985.9,1016.5,630,1011.8,1750,1014.4,14.5,12.2,1300,2.42,20.51,,,,,,3.8,1.9,25.4,9.4,,,,,,,,,,,,,,
135,추풍령,1996-07-09,18.1,12.7,320,24.5,1602,,,,,,,7.1,50,1328,3.3,50,1340,1.7,1441,50,12.8,49,1559,72,14.8,983.7,1015.1,25,1008.6,1800,1012.3,14.5,7.4,1500,2.32,13.04,,,,,,5.8,5.6,23.5,9.6,,,,,,,,,,,,,,
135,추풍령,1996-07-10,17.7,14.6,120,21.5,1532,,,,,,,7.3,50,655,3.3,50,650,1.8,1551,50,13.6,64,1528,76.8,15.6,980.9,1011.3,0,1007.9,1542,1009.4,14.5,1.6,1500,1.01,6.51,,,,,,10,6.1,21.6,11.3,,,,,,,,,,,,,{박무}0345-{박무}{강도0}0600-0840.  {박무}1940-{박무}{강도0}2100-{박무}{강도0}2400-,
135,추풍령,1996-07-11,18.7,15.6,552,23.3,1205,6.33,0,,0,,0,6.2,110,850,3.3,110,1000,2,1744,160,13.8,54,1213,73.5,15.8,980.7,1010.2,2350,1007.9,1215,1009.1,14.5,6.4,1100,2.15,10.49,,,,,,10,4.4,22.1,14.7,,,,,,,,,,,,0,{비}1740-{비}{강도0}1800-{비}{강도0}2100-{비}{강도0}2400-  -{박무}-{박무}{강도0}0300-{박무}{강도0}0600-0750.,
135,추풍령,1996-07-12,16.7,15.8,310,18.8,1251,14.48,.6,2322,1,1510,3,7.7,70,1142,4.3,70,1150,1.8,1524,20,14,75,1628,84.3,16,982.1,1011.6,2334,1009.4,342,1010.7,14.5,0,1100,.51,2.91,,,,,,10,6,19.1,15.3,,,,,,,,,,,,13,-{비}-0114.  {비}0715-0835.  {비}0925-1055.  {비}1335-{비}{강도0}1500-{비}{강도0}1800-{비}{강도0}2100-{비}{강도0}2400-  {박무}1540-{박무}{강도0}1800-{박무}{강도0}2100-{박무}{강도1}2400-,
135,추풍령,1996-07-13,20.4,15.5,430,26.4,1522,5.5,1.6,340,6.6,330,10.1,5.2,200,1605,3.8,200,1619,1.5,1288,90,17.5,65,1503,84.3,20.1,982.5,1012.5,2250,1009.6,1556,1010.8,14.5,5.1,1200,2.16,13.07,,,,,,8.8,5.1,24.5,14.8,,,,,,,,,,,,.1,-{비}-0050.  {비}0240-{비}{강도0}0300-{비}{강도0}0600-0645.  {비}0850-{비}{강도0}0900-0925.  -{박무}-{박무}{강도1}0300-{박무}{강도2}0600-{박무}{강도1}0900-{박무}{강도0}1200-1312.  {박무}1745-{박무}{강도0}1800-{박무}{강도0}2100-{박무}{강도0}2400-,
135,추풍령,1996-07-14,23.2,20.8,2350,28.7,1715,.33,0,,0,,0,6.7,270,1113,4.7,270,1110,1,843,250,19.5,56,1659,80.5,22.6,984.1,1013.8,922,1010,1712,1012.1,14.4,5.6,1330,2.16,12.39,,,,,,7.3,3.5,26.1,19.2,,,,,,,,,,,,1.8,{이슬비}0815-0835.  -{박무}-{박무}{강도0}0300-{박무}{강도1}0600-{박무}{강도1}0900-{박무}{강도0}1200-{박무}{강도0}1500-1540.  {박무}2130-{박무}{강도0}2400-,
135,추풍령,1996-07-15,23,20.1,240,28.3,1759,4.25,.5,857,1.6,820,2.2,5.7,160,1749,3.3,160,1800,.9,789,50,20.2,62,1801,84.8,23.7,980,1011.7,0,1004.4,2400,1008,14.4,3.2,1500,1.07,6.75,,,,,,10,4.4,24.7,19.2,,,,,,,,,,,,1.3,-{박무}-{박무}{강도0}0300-{박무}{강도0}0600-{박무}{강도0}0900-{박무}{강도0}1200-1440.  {비}0520-{비}{강도0}0600-{비}{강도0}0900-0935.,
135,추풍령,1996-07-16,24.5,21.6,2342,27.1,1443,2.83,.2,250,.8,250,.9,12.2,250,843,8.7,250,850,2.9,2503,250,18.9,55,1435,71.8,21.9,978.3,1010.4,2400,1002.8,432,1006.1,14.4,9.9,1000,2.05,16.43,,,,,,7.8,3.9,26.4,20.3,,,,,,,,,,,,,{비}0235-{비}{강도0}0300-0525.  {박무}2030-{박무}{강도0}2100-{박무}{강도0}2400-,
135,추풍령,1996-07-17,26,21,320,32.6,1525,,,,,,,2.7,160,1503,2.2,160,1510,.7,579,140,20.9,51,1532,75,24.8,981.8,1011.1,2400,1007.3,1535,1009.5,14.4,10.6,1100,2.34,15.44,,,,,,5.8,3.3,28.3,19,,,,,,,,,,,,,-{박무}-{박무}{강도0}0300-0520.,
135,추풍령,1996-07-18,26.9,21.1,534,34.1,1540,,,,,,,5.7,200,1429,3.2,200,1510,.9,736,160,22.3,47,1239,77.3,26.9,981.4,1011.2,840,1006.3,1819,1009,14.4,10.6,1200,2.38,19.47,,,,,,2.5,1.4,30.9,17.8,,,,,,,,,,,,,{박무}0340-{시정(미만)}{1km}{안개}0420-{시정(미만)}{0.5km}{안개}0452-{시정(이상)}{0.5km}{안개}0510-{시정(이상)}{1km}{박무}0545-{박무}{강도2}0600-0825.,1.42
135,추풍령,1996-07-19,27.4,23.6,442,32.7,1637,,,,,,,8,360,1258,5.3,360,1310,2.4,2090,250,21.9,47,1625,72.3,26.2,980.2,1009.1,755,1006.4,1715,1007.6,14.3,10.4,1100,2.37,19.06,,,,,,2,2.3,31.6,21.4,,,,,,,,,,,,,{박무}0450-{박무}{강도0}0600-0830.,
135,추풍령,1996-07-20,26.4,22.7,550,31.5,1315,,,,,,,8.2,250,1345,5.8,270,1510,1.6,1371,250,21.8,51,1149,77,26.1,980.6,1009.4,2400,1006.7,1704,1008.2,14.3,8,1300,2.4,15.5,,,,,,7.8,3.6,29.4,21.6,,,,,,,,,,,,,,
135,추풍령,1996-07-21,25,21.8,442,30.9,1503,5.45,2.6,1911,8.2,1720,18.9,6.9,290,1718,5,290,1720,2.1,1788,50,22.3,70,1506,85.3,26.9,980.4,1009.9,735,1006.4,1430,1008.1,14.3,3.2,900,1.24,6.44,,,,,,7.5,3.4,28.8,20.2,,,,,,,,,,,,31.4,{비}1148-{비}{강도0}1200-1230.  {비}1625-{비}{강도1}1800-{비}{강도0}2100-2105.  {비}2355-{비}{강도0}2400-  {박무}0420-{박무}{강도0}0600-{박무}{강도0}0900-{박무}{강도0}1200-1310.,
135,추풍령,1996-07-22,25.5,22.5,2345,29,1458,4,3.4,208,8.5,208,12.7,10,320,1215,6.3,320,1230,2.5,2175,320,21.3,60,1423,79,25.3,978.3,1008.2,2350,1004.7,348,1005.9,14.3,4.8,1500,1.67,9.43,,,,,,7.3,3.5,27,20.2,,,,,,,,,,,,.2,-{비}-{소나기}0105-{소나기}{강도1}0300-0325.  {소나기}0940-1015.  {박무}2110-{박무}{강도0}2400-  {천둥}{강도0}(NW)0144-{뇌전}{강도0}(NW{이동}N2~3)0157-{뇌전}{강도0}(N{이동}NE4~5)0214-{뇌전}{강도0}(NE{이동}E4~5)0228-0243.  {천둥}  (W)0118-{뇌전}{강도0}(W5~7)0123-{뇌전}{강도1}(W{이동}SW3~4)0132-{뇌전}{강도0}(SW{이동}S4~5)0147-{뇌전}{강도0}(S{이동} SE4~5)0155-0218.  {천둥}{강도0}(N)0247-{천둥}{강도0}(N{이동}NE)0254-{천둥}{강도0}(NE{이동}E)0305-0318.,
135,추풍령,1996-07-23,25.7,22.3,30,31.1,1612,,,,,,,6.2,320,828,4,320,830,1.8,1518,320,21.1,50,1622,77.8,25.1,980.4,1009.4,857,1005.8,1740,1008,14.2,8.1,1100,2.51,16.24,,,,,,4.3,3.1,28.3,20.2,,,,,,,,,,,,,-{박무}-{박무}{강도0}0300-{박무}{강도0}0600-{박무}{강도0}0900-{박무}{강도0}1200-1230.  {박무}1930-{박무}{강도0}2100-{박무}{강도0}2400-,
135,추풍령,1996-07-24,27.1,21.6,2400,33.3,1552,,,,,,,8,340,1412,5.7,340,1400,1.7,1490,340,21.3,46,1519,72.5,25.4,980.3,1008.9,2346,1006.4,1645,1007.7,14.2,12.2,1200,2.75,20.11,,,,,,5,3.1,30.1,17.9,,,,,,,,,,,,,-{박무}-{박무}{강도0}0300-{박무}{강도1}0600-0815.,
135,추풍령,1996-07-25,26.5,19.8,530,34.3,1502,,,,,,,5.5,290,1828,4,320,1630,1.1,921,180,20.1,37,1441,71.3,23.7,981.3,1011.3,650,1007.1,1520,1008.9,14.2,12.5,1100,2.4,20.67,,,,,,1.5,1,30.6,17.5,,,,,,,,,,,,,,
135,추풍령,1996-07-26,26,20.9,548,33.2,1554,1.33,5,1715,6.4,1700,8.6,8.8,340,1738,6.7,340,1740,.9,788,320,21.4,47,1617,77.8,25.6,983.1,1012.5,2332,1008.6,1617,1010.8,14.2,9.2,1500,2.05,14.39,,,,,,5.3,3.8,28.5,20,,,,,,,,,,,,8.6,{천둥}{강도0}(SW)1650-{뇌전}{강도0}(SW7~8)1705-{뇌전}{강도0}(SW{이동}S)1715-{뇌전}{강도0}(S{이동}SE5~7)1726-1745. {천둥}{강도0}(NW)1815-{천둥}{강도0}(NW{이동}W)1827-1840.  {소나기}1655-1742.  {소나기}1847-1920.,
135,추풍령,1996-07-27,26.7,22.3,456,32.6,1601,,,,,,,4.5,160,1149,2.5,360,1950,.5,436,160,22.7,54,1450,80.3,27.6,983.3,1012.6,1020,1009.2,1657,1011,14.1,8.4,1015,2.47,14.75,,,,,,7.8,4.1,29.8,21.5,,,,,,,,,,,,0,{박무}0410-{박무}{강도1}0600-{박무}{강도0}0900-1045.  {천둥}{강도0}(NW)2324-{천둥}{강도0}(NW{이동}N)2337-{천둥}{강도0}(N{이동}NE)2345-{천둥}{강도0}(NE{이동}E)2353-2358.,
135,추풍령,1996-07-28,26.3,23,250,32.3,1318,1.42,0,,0,,0,5.8,110,1401,3.7,110,1400,.6,542,50,22.7,54,1320,81,27.6,983.6,1012.9,2330,1009.7,1615,1011.3,14.1,4.2,1215,2.32,11.2,,,,,,10,3.3,27.5,21.5,,,,,,,,,,,,,{박무}0345-{박무}{강도0}0600-{박무}{강도0}0900-1120.  {소나기}0620-0745.,
135,추풍령,1996-07-29,27.1,22.6,548,33.8,1558,,,,,,,6.5,230,1735,4.2,230,1730,.8,659,20,23.2,50,1609,79.5,28.5,982.8,1012.8,0,1007.4,1755,1010.4,14.1,8.9,1145,2.29,14.83,,,,,,7,3,29.8,21.7,,,,,,,,,,,,,,
135,추풍령,1996-07-30,27.6,22.8,621,33.6,1515,,,,,,,7.5,340,945,4.3,320,1000,1.5,1321,20,21.4,45,1457,71.5,25.6,982.1,1010.7,2400,1008.1,1739,1009.6,14.1,12.8,1100,2.53,20.74,,,,,,3.5,1.6,31.2,20.5,,,,,,,,,,,,,,
135,추풍령,1996-07-31,28.2,22.3,605,34.7,1702,,,,,,,6,340,157,5.3,340,210,.7,613,140,22.4,44,1640,72.5,27.2,983.4,1013,2400,1009.6,1800,1010.9,14,12.1,1145,2.54,20.31,,,,,,4,1.1,32.5,20.1,,,,,,,,,,,,,,
135,추풍령,1996-08-01,28.3,22.9,618,34.9,1542,,,,,,,5.2,50,1152,2.7,180,910,.7,632,110,23.2,43,1532,75.3,28.4,986.3,1015,2400,1011.8,1752,1013.9,14,11.9,1315,2.53,19.46,,,,,,3.5,1.4,33.9,20.7,,,,,,,,,,,,,,
135,추풍령,1996-08-02,28.2,22.3,602,35.1,1303,,,,,,,4.3,110,1259,2,110,1140,.5,448,160,22.8,39,1623,74.8,27.8,986.1,1015,0,1011.4,1750,1013.6,14,11.3,1430,2.58,20.15,,,,,,3,1.5,32.3,18.6,,,,,,,,,,,,,,
135,추풍령,1996-08-03,28.4,22.9,514,34.9,1525,,,,,,,6.2,320,1839,3.7,320,1840,1.4,1197,360,22.7,46,1446,74,27.7,985,1013.7,757,1010.5,1814,1012.6,13.9,10.7,1200,2.77,21.63,,,,,,3.8,3.1,33.7,18.8,,,,,,,,,,,,,{박무}0315-{시정(미만)}{1km}{안개}0425-{안개}{강도0}0600-{시정(이상)}{1km}{박무}0645-{박무}{강도0}0900-1010.,2.33
135,추풍령,1996-08-04,27.4,24,2400,32.5,1455,.17,0,,0,,0,8.3,250,1202,6.2,360,1730,3,2560,320,23.5,58,1428,79.8,29,983.7,1013.3,0,1009.1,1352,1011.3,13.9,6.5,1200,2.78,12.26,,,,,,6.3,3,31.7,20.7,,,,,,,,,,,,0,{소나기}1130-1140.,
135,추풍령,1996-08-05,25.6,22.5,256,30.2,1607,.42,0,,0,,0,5.9,180,1059,2.8,180,1110,1.1,912,110,22.8,64,1731,85.3,27.7,981,1010.6,550,1005.9,1530,1008.7,13.9,3.8,1400,1.99,8.53,,,,,,4.8,2.9,30.4,18.4,,,,,,,,,,,,0,{비}1015-1040.,
135,추풍령,1996-08-06,25.5,19.9,601,31.9,1436,,,,,,,5.2,90,2312,3.3,90,2310,.9,772,90,19.6,41,1335,71.5,22.9,978.5,1008.4,650,1004.1,1803,1006.1,13.9,11.1,1215,2.41,18.21,,,,,,4.3,1.8,31.1,15.5,,,,,,,,,,,,,,
135,추풍령,1996-08-07,24.1,20.1,535,29.8,1404,,,,,,,4,50,1712,2.2,110,1600,.8,680,90,20.8,62,1355,82.8,24.7,979.3,1008.4,814,1004.6,1745,1007,13.8,5.9,1300,2,12.24,,,,,,7.3,4.9,29.5,15.8,,,,,,,,,,,,,,
135,추풍령,1996-08-08,26.7,21.6,549,32.8,1459,,,,,,,6.2,340,1613,3.5,20,910,1.5,1318,340,22.5,53,1520,78.8,27.2,979.2,1007.9,857,1004.8,1522,1006.8,13.8,8.2,1145,2.46,15.46,,,,,,4.5,3.6,31.5,17.6,,,,,,,,,,,,,{박무}0415-{박무}{강도1}0600-0820.  {박무}1910-{박무}{강도0}2100-{박무}{강도0}2400-,
135,추풍령,1996-08-09,27.2,21.8,535,33.9,1457,,,,,,,5.8,230,917,3.7,230,920,1.3,1155,110,21.9,48,1428,74.5,26.2,979.5,1009.3,2400,1005.1,1458,1007,13.8,9.5,1230,2.52,17.91,,,,,,4.8,3,32.6,17.4,,,,,,,,,,,,,-{박무}-{박무}{강도0}0300-{박무}{강도0}0600-0735.  {박무}2020-{박무}{강도0}2100-{박무}{강도0}2400-,
135,추풍령,1996-08-10,26.4,24,540,31.8,1534,,,,,,,5.2,90,850,2.7,90,830,1.8,1568,90,22.5,59,1542,79.8,27.2,981,1010.2,2330,1006.5,1533,1008.6,13.7,5.9,1400,1.63,12.22,,,,,,8.5,5,31.7,20.6,,,,,,,,,,,,,-{박무}-{박무}{강도0}0300-{박무}{강도0}0600-0750.  {박무}2015-{박무}{강도0}2100-{박무}{강도0}2400-,
135,추풍령,1996-08-11,26.6,22.2,543,33.2,1452,,,,,,,5,140,1116,3.3,140,1130,1.1,977,90,22.5,54,1330,79.5,27.3,980.8,1010.3,552,1005.9,1748,1008.4,13.7,8.3,1300,2.44,16.42,,,,,,7,3.9,32.6,18.6,,,,,,,,,,,,,-{박무}-{박무}{강도0}0300-{박무}{강도0}0600-{박무}{강도0}0900-1120.  {박무}2215-{박무}{강도0}2400-,
135,추풍령,1996-08-12,27.5,22.1,425,34.9,1528,,,,,,,7,180,1202,4,180,1130,.9,808,140,21.9,42,1517,74,26.3,978,1008.2,0,1003,1551,1005.5,13.7,10,1300,2.55,19.58,,,,,,2.5,3.4,33.2,17.4,,,,,,,,,,,,,-{박무}-{박무}{강도0}0300-{박무}{강도1}0600-0840.  {박무}2030-{박무}{강도0}2100-{박무}{강도0}2400-,
135,추풍령,1996-08-13,28,23.2,536,34.2,1554,,,,,,,3.8,230,1415,2.5,270,1520,1,891,270,22.1,45,1438,72.5,26.7,974.6,1004.3,0,998.6,1805,1001.9,13.6,10.7,1300,2.5,17.07,,,,,,6,2.5,34.1,19.3,,,,,,,,,,,,,-{박무}-{박무}{강도0}0300-{박무}{강도0}0600-0740.,
135,추풍령,1996-08-14,27.4,23.6,452,33,1511,,,,,,,8,20,2153,7,20,2210,1.6,1375,20,22.4,54,1503,75.3,27,970.7,1002.6,2400,995.1,1439,997.9,13.6,5.6,1200,1.75,11.13,,,,,,7.5,4.9,32.4,19.3,,,,,,,,,,,,,{천둥}{강도0}(W)1945-{뇌전}{강도0}(W6~7)2004-{뇌전}{강도0}(W{이동}SW5~6)2015-{뇌전}{강도1}(SW{이동}S3~4)2026-{뇌전}{강도1}(S{이동}SE3~4)2030-{뇌전}{강도1}(SE{이동}E4~5)2048-{뇌전}{강도0}(E4~5)2100-{번개}{강도0}(E)2105-2114.,
135,추풍령,1996-08-15,26,22.6,2400,30.8,1545,,,,,,,12,320,1113,9.3,320,410,4.6,3946,320,18.5,41,1630,64,21.4,977.9,1010.2,2400,1001.6,30,1005.5,13.6,11,1130,2.67,19.42,,,,,,4.3,2.6,31,17.6,,,,,,,,,,,,,,
135,추풍령,1996-08-16,24.9,20.4,557,32.1,1640,,,,,,,6.2,320,1050,5.8,320,30,2.1,1856,320,18.2,38,1440,68.8,20.8,982.5,1011.9,2400,1008.7,1542,1010.3,13.5,11.1,1200,2.71,20.29,,,,,,3.3,2.5,31.2,14.8,,,,,,,,,,,,,,
135,추풍령,1996-08-17,25.3,18.3,601,33.1,1534,,,,,,,3.8,200,1342,3,160,1130,.7,643,160,18.8,35,1545,70.3,21.8,984,1013.7,2400,1009.5,1714,1011.8,13.5,11,1130,2.51,18.13,,,,,,.5,1,30.9,13.7,,,,,,,,,,,,,{박무}0345-{박무}{강도1}0600-{박무}{강도0}0900-1040.,
135,추풍령,1996-08-18,25.2,18.9,525,33.3,1523,,,,,,,5.3,180,1150,3.3,200,1340,.7,602,140,19.4,40,1626,72,22.5,985.4,1015,650,1011.4,1642,1013.3,13.5,10.4,1245,2.45,17.18,,,,,,1.5,1.3,30.9,14.7,,,,,,,,,,,,,{박무}0340-{박무}{강도0}0600-{박무}{강도0}0900-{박무}{강도0}1200-1310.,
135,추풍령,1996-08-19,25.1,19.5,620,33.9,1350,.58,.2,1805,.3,1750,.3,10.9,270,1810,7.2,270,1820,1.1,975,360,19.7,40,1444,75.5,23,985.9,1015.4,604,1011.7,1735,1013.9,13.4,8.9,1200,2.47,15.89,,,,,,4.3,2.5,29.9,15.1,,,,,,,,,,,,.3,{소나기}1750-{소나기}{강도0}1800-1825.  {천둥}{강도0}(W)1706-{뇌전}{강도0}(W5~6)1734-{뇌전}{강도0}(W4~5)1800-{뇌전}{강도0}(W{이동}NW4~5)1804-{뇌전}{강도0}(NW{이동}N6~7)1812-{천둥}{강도0}(N)1824-1835.,
135,추풍령,1996-08-20,26.1,20.3,508,33.7,1615,,,,,,,6.2,250,1745,4.3,250,1750,1.5,1274,250,20.5,44,1604,74,24.1,984.6,1014.3,902,1009.9,1543,1012.3,13.4,8.7,1130,2.59,15.96,,,,,,5,3.6,32.1,16.7,,,,,,,,,,,,0,{박무}0415-{박무}{강도1}0600-0845.,
135,추풍령,1996-08-21,24.5,20.2,529,29.1,1610,.75,0,,0,,0,6.4,160,1624,4,160,1610,1.2,1027,140,21.9,65,1603,85.8,26.3,982.6,1012.4,0,1008.7,1608,1010.4,13.4,1.5,1515,1.63,6.34,,,,,,9,5.9,28.7,18.7,,,,,,,,,,,,,{박무}0410-{박무}{강도0}0600-{박무}{강도0}0900-1020.  {비}0550-{비}{강도0}0600-0635.,
135,추풍령,1996-08-22,26.6,22.3,525,32.3,1440,.38,.5,1215,.5,,.5,8.2,290,1929,5.8,290,1920,1.5,1269,290,22.3,52,1522,78.8,27,980.5,1010.3,8,1005.1,1557,1008.1,13.3,7.3,1345,2.88,12.01,,,,,,7.8,4.6,31,17.4,,,,,,,,,,,,.5,{비}1205-1228.  {박무}0450-{박무}{강도0}0600-{박무}{강도0}0900-1045.,
135,추풍령,1996-08-23,23.8,20.5,2400,28.9,1438,,,,,,,8.8,270,1022,5.3,270,1030,2.3,1999,290,18,48,1548,71,20.7,980.7,1012.7,2400,1006.8,1559,1008.7,13.3,4.9,1100,1.81,11.7,,,,,,7.3,4,28.5,15.8,,,,,,,,,,,,,{박무}0425-{박무}{강도0}0600-0835.,
135,추풍령,1996-08-24,21.7,17.1,611,26.6,1507,,,,,,,8.4,50,1155,4.7,50,1150,2.4,2046,50,15.6,52,1337,68.8,17.7,985.9,1016,2105,1012.5,10,1014.1,13.3,4.1,1245,1.6,10.45,,,,,,7.3,4,27.2,14.2,,,,,,,,,,,,,,
135,추풍령,1996-08-25,21.3,17.6,346,24.7,1010,,,,,,,6.5,50,1127,3.3,50,1110,1.7,1476,70,17.1,60,1305,77,19.6,986.7,1016,250,1013.3,1609,1015.1,13.2,1,1015,1.55,6.16,,,,,,9.5,5.4,24.5,14.1,,,,,,,,,,,,.7,,
135,추풍령,1996-08-26,19.2,17.8,610,20.2,1308,15.67,1.2,1210,3.3,1200,19.2,4.2,50,2047,2,70,1110,1,840,70,18,82,0,93,20.7,985.4,1015.1,920,1012.5,1526,1013.9,13.2,0,1215,.33,1.42,,,,,,10,5.3,21.6,15.5,,,,,,,,,,,,24.7,{비}0820-{비}{강도0}0900-{비}{강도0}1200-{비}{강도0}1500-{비}{강도0}1800-{비}{강도0}2100-{비}{강도0}2400-  {박무}1420-{박무}{강도0}1500-{박무}{강도0}1800-{박무}{강도0}2100-{박무}{강도0}2400-,
135,추풍령,1996-08-27,18.7,17.8,513,19.3,1320,17.33,4,1350,14.4,1440,49.8,5.6,50,2220,2.7,50,2230,1.2,1031,50,18,95,640,95.5,20.7,982.3,1013.4,0,1008.3,2340,1010.8,13.1,0,1115,.21,1.44,,,,,,10,5.4,20.3,16,,,,,,,,,,,,61.3,-{비}-0030.  {비}0310-{비}{강도0}0600-{비}{강도0}0900-{비}{강도1}1200-{비}{강도1}1500-{비}{강도0}1800-1930.  {비}2330-{비}{강도0}2400-  -{박무}-{박무}{강도0}0300-{박무}{강도0}0600-{박무}{강도0}0900-{박무}{강도0}1200-{박무}{강도0}1500-{박무} {강도0}1800-1830.,
135,추풍령,1996-08-28,19.7,17.9,534,22.4,1410,14.42,2.2,235,6.2,208,17.9,5,70,525,2.3,70,520,1.1,980,70,18.4,85,1415,91.8,21.1,977.9,1008.3,0,1004.5,1332,1006.1,13.1,0,1310,.9,5.15,,,,,,10,5.8,22,16.2,,,,,,,,,,,,.2,-{비}-{비}{강도1}0300-{비}{강도0}0600-0850.  {비}0940-{비}{강도0}1200-1310.  {비}1520-1640.  {비}1750-{비}{강도0}1800-1835.  {박무}0830-{박무}{강도0}0900-{박무}{강도0}1200-{박무}{강도0}1500-{박무}{강도0}1800-2015.,
135,추풍령,1996-08-29,21.9,17.3,555,27.4,1530,,,,,,,6.1,70,2139,3.2,70,2200,1.3,1102,70,17.4,56,1454,76.5,19.9,980.4,1012,2400,1007.1,0,1008.5,13.1,6.7,1145,2.33,13.88,,,,,,8,5.4,24.6,13.2,,,,,,,,,,,,,,
135,추풍령,1996-08-30,19.8,18.1,556,21.4,1252,3.37,.1,1130,.2,1130,.5,5.6,50,1402,3.3,70,1130,1.4,1238,70,18,81,1052,89.5,20.7,984.9,1014.6,2247,1012,0,1013.3,13,0,1115,.69,4.48,,,,,,10,5.4,22.2,15.9,,,,,,,,,,,,.8,{비}1045-{비}{강도0}1200-1230.  {비}1345-1412.  {비}2010-{비}{강도0}2100-2120.,
135,추풍령,1996-08-31,19.7,17.3,2400,23.7,1542,4.58,.3,1050,.5,1030,1.2,9,90,1015,4.3,90,1030,1.2,1046,90,17.1,62,1733,85.5,19.5,985,1014.8,814,1012.2,1523,1013.4,13,2.3,1230,1.15,6.72,,,,,,9.5,5,23.1,16.1,,,,,,,,,,,,.9,{비}0620-0640.  {비}0730-{비}{강도0}0900-1145.,
135,추풍령,1996-09-01,20.6,13.8,550,28.5,1604,,,,,,,4,90,1503,2.8,90,1500,.7,612,20,16,43,1530,78,18.2,984.5,1014,831,1010.1,1705,1012.8,13,11.1,1130,2.45,17.72,,,,,,.8,.9,23.8,10.5,,,,,,,,,,,,,,
135,추풍령,1996-09-02,20.3,15.1,433,28.4,1528,,,,,,,4.4,70,1339,2.8,70,1440,.9,744,110,16.3,42,1613,80.8,18.5,984.4,1014.8,814,1010.6,1712,1012.8,12.9,9.5,1130,2.4,17.84,,,,,,1.5,2,24.3,10.7,,,,,,,,,,,,,{박무}0310-{시정(미만)}{1km}{안개}0420-{안개}{강도0}0600-{시정(미만)}{0.5km}{안개}0625-{시정(미만)}{0.2km}{안개}0650-{시정(이상)}{0.2km}{안개}0710-{시정(이상)}{0.5km}-{시정(이상)}{1km}{박무}0805-{박무}{강도2}0900-1045.,3.75
135,추풍령,1996-09-03,21.5,14,430,30.3,1535,.17,0,,0,,0,4.5,270,950,3.8,270,1000,1,822,50,16.6,41,1535,76.8,19,984.2,1013.8,738,1010.3,1510,1012.4,12.9,9.3,1100,2.33,15.84,,,,,,3.5,2.1,24.9,9.7,,,,,,,,,,,,0,{소나기}2040-2050.,
135,추풍령,1996-09-04,22.3,17.3,630,27.5,1442,,,,,,,7.5,290,2042,5.8,290,2010,2,1770,290,17.7,48,1253,76.3,20.2,984.9,1014.2,945,1011,1634,1013,12.8,6.9,1130,2.22,14.04,,,,,,7.5,4.1,24.8,12.9,,,,,,,,,,,,,{박무}1835-{박무}{강도0}2100-{박무}{강도0}2400,
135,추풍령,1996-09-05,21.4,17.3,640,25.6,1412,,,,,,,4.5,320,1940,3.7,320,1940,1.2,1011,250,18.4,63,1156,83.3,21.1,984.6,1013.9,829,1011.4,1458,1012.8,12.8,2.1,1100,1.77,8.49,,,,,,10,4.6,23.8,14.3,,,,,,,,,,,,2,-{박무}-{박무}{강도0}0300-{박무}{강도0}0600-{박무}{강도0}0900-{박무}{강도0}1200-{박무}{강도0}1500-{박무}{강도0}1800-{박무}{강도0}2100-{박무}{강도0}2400,
135,추풍령,1996-09-06,18.8,15.8,2400,21.3,1045,6.17,.4,245,1,640,2,4.2,320,1847,3,20,1800,.8,667,320,16.8,70,1143,88.8,19.2,984.4,1015.7,2400,1011.5,1355,1013,12.8,.2,1000,1.16,3.63,,,,,,8.5,5.8,21.2,12.1,,,,,,,,,,,,,{비}0245-{비}{강도0}0300-{비}{강도0}0600-0855.-{박무}-{박무}{강도0}0300-{박무}{강도0}0600-0820.{박무}1742-{박무}{강도0}1800-{박무}{강도0}2100-{박무}{강도0}2400,
135,추풍령,1996-09-07,19.6,12.7,542,27.7,1653,,,,,,,5,140,1402,2.5,140,1400,.7,610,140,15.8,35,1530,81.5,18,987.8,1017.7,2255,1014.6,1650,1016.4,12.7,10.5,1300,2.29,16.77,,,,,,1.3,1.9,23.2,8.6,,,,,,,,,,,,,-{박무}-{박무}{강도0}0300-{시정(미만)}{1km}{안개}0512-{시정(미만)}{0.5km}{안개}0534-{시정(미만)}{0.2km}{안개}0552-{안개}{강도2}0600-{시정(이상)}{0.2km}{안개}0624-{시정(이상)}{0.5km}{안개}0715-{시정(이상)}{1km}{박무}0745-0840.,2.55
135,추풍령,1996-09-08,20.2,14.4,623,27.3,1418,1.33,0,,0,,0,5,180,1210,3.7,180,1230,.6,561,140,16.1,46,1238,79.3,18.4,988,1019.6,738,1014.1,1554,1016.5,12.7,6,1045,2.22,13.13,,,,,,6,3.9,23.7,9.5,,,,,,,,,,,,9.1,{비}2240-{비}{강도0}2400,
135,추풍령,1996-09-09,17.5,15.4,603,22.6,1624,7.67,.9,813,4.2,730,10.2,4,140,1445,2.8,90,2230,.4,388,140,15.4,57,1724,87.8,17.5,985.7,1016.6,0,1012,1654,1014.4,12.7,3.7,1300,1.55,6.86,,,,,,9.5,4.5,21.3,12.4,,,,,,,,,,,,1.1,-{비}-0040.{비}0415-{비}{강도0}0600-0840.{비}0915-1150.,
135,추풍령,1996-09-10,20.4,15.7,2400,26.6,1502,,,,,,,6.8,340,853,5.3,320,1020,2.5,2177,320,15.9,48,1522,77.5,18.1,985.7,1015.4,805,1012.1,1551,1014.1,12.6,8.3,1200,2.17,15.16,,,,,,5.5,2,22.4,10.7,,,,,,,,,,,,,{박무}1945-{박무}{강도0}2100-{박무}{강도0}2400,
135,추풍령,1996-09-11,19.2,13.2,554,26.8,1524,,,,,,,3,180,1132,1.7,230,1210,.5,420,70,14.9,42,1552,78.8,17,985.6,1015.7,915,1011.5,1604,1014.1,12.6,8.8,1100,1.91,11.96,,,,,,6.5,3.8,21.2,7.8,,,,,,,,,,,,,-{박무}-{박무}{강도0}0300-{박무}{강도0}0600-{박무}{강도0}0900-1040.,
135,추풍령,1996-09-12,20,13.3,624,28,1300,,,,,,,2.8,160,1108,1.8,160,1110,.5,403,70,15.6,39,1145,78.5,17.8,984.3,1014.2,855,1010.1,1503,1012.7,12.5,7.7,1100,2.34,13.28,,,,,,7,3.9,21.4,8,,,,,,,,,,,,,{박무}0420-{박무}{강도0}0600-{박무}{강도0}0900-1015.,
135,추풍령,1996-09-13,20.9,16.2,610,27.9,1457,,,,,,,6.3,250,1513,5.3,250,1510,1.9,1610,250,15.3,39,1555,73.3,17.5,982.7,1012.8,2400,1008.7,1659,1010.9,12.5,11,1100,2.17,15.22,,,,,,2.5,1.9,23.1,11.2,,,,,,,,,,,,,,
135,추풍령,1996-09-14,20.2,14.2,743,28.1,1550,,,,,,,6.2,230,1336,5.3,230,1340,1.7,1486,70,15.3,46,1430,76,17.5,984.7,1015,2350,1011.4,1500,1013.2,12.5,8.8,1130,2.08,14.21,,,,,,.8,.4,22.5,8.9,,,,,,,,,,,,,{박무}0340-{박무}{강도0}0600-{박무}{강도0}0900-1040.{박무}1920-{박무}{강도0}2100-{박무}{강도0}2400,
135,추풍령,1996-09-15,21.4,14.8,612,29.7,1512,,,,,,,3.4,160,1205,2.8,160,1210,.6,548,180,17.6,47,1444,82,20.2,986,1015.8,630,1012.2,1532,1014.3,12.4,9.5,1100,1.93,13.76,,,,,,0,.3,23.2,10.1,,,,,,,,,,,,,-{박무}-{박무}{강도0}0300-{박무}{강도0}0600-{박무}{강도0}0900-1040.{박무}1845-{박무}{강도0}2100-{박무}{강도0}2400,
135,추풍령,1996-09-16,21.9,17.3,644,29.2,1407,.75,2.6,2120,3.5,2110,3.5,7.9,160,1841,4.5,250,1750,.8,727,160,18.5,51,1312,82.8,21.3,983.1,1014.2,110,1008.5,1507,1011.2,12.4,6.2,1100,1.86,10.19,,,,,,5.5,2.6,24.6,12.7,,,,,,,,,,,,3.5,-{박무}-{박무}{강도0}0300-{박무}{강도0}0600-{박무}{강도0}0900-{박무}{강도0}1200-{박무}{강도0}1500-{박무}{강도0}1800-{박무}{강도0}2100-{박무}{강도0}2400-{천둥}{강도0}(S)1740-1752.{천둥}{강도0}(S)1830-{천둥}{강도0}(S{이동}SE)1842-1855.{천둥}{강도0}(W)2045-{뇌전}{강도0}(W6~8)2055-{뇌전}{강도0}(W{이동}NW5~7)2100-{뇌전}{강도0}(NW{이동}N4~5)2125-{뇌전}{강도0}(N{이동}NE4~5)2132-{뇌전}{강도0}(NE{이동}E6~8)2140-{천둥}{강도0}(E)2148-2225.{소나기}2110-2155.,
135,추풍령,1996-09-17,20.5,15.5,518,27.9,1450,,,,,,,5.3,250,1029,4.7,250,1030,1,865,250,16.7,43,1531,81.8,19,981,1010.5,717,1007.4,1519,1009.3,12.4,7,1300,2.08,13.61,,,,,,7,3.4,23.7,11.7,,,,,,,,,,,,,-{박무}-{박무}{강도0}0300-{박무}{강도2}0600-{시정(미만)}{1km}{안개}0620-{시정(미만)}{0.5km}{안개}0628-{시정(미만)}{0.2km}{안개}0652-{시정(이상)}{0.2km}{안개}0842-{안개}{강도1}0900-{시정(이상)}{0.5km}{안개}0912-{시정(이상)}{1km}{박무}0934-1042.{박무}1920-{박무}{강도0}2100-{박무}{강도0}2400,3.23
135,추풍령,1996-09-18,21.4,18.6,2400,27.1,1525,,,,,,,5.2,50,1045,2.5,50,1100,.8,728,50,17.5,53,1513,79.8,19.9,981.5,1011.5,928,1007.7,1635,1009.7,12.3,4.9,1330,1.96,9.91,,,,,,7.3,3.8,24.9,14,,,,,,,,,,,,0,-{박무}-{박무}{강도0}0300-{박무}{강도0}0600-0740.{박무}2035-{박무}{강도0}2100-{박무}{강도0}2400,
135,추풍령,1996-09-19,18.4,17.2,2100,20.8,1606,4,.5,930,2,900,2.4,4,290,1412,3.3,290,1220,.9,786,290,16.9,79,1704,91,19.3,980.6,1010,1100,1007.4,1605,1009,12.3,0,1315,.59,2.65,,,,,,9.3,5.8,20.8,13.3,,,,,,,,,,,,2.4,-{박무}-{박무}{강도0}0300-{박무}{강도0}0600-{박무}{강도0}0900-{박무}{강도0}1200-1410.{박무}2015-{박무}{강도0}2100-{박무}{강도0}2400-{비}0820-{비}{강도0}0900-{비}{강도0}1200-1220.,
135,추풍령,1996-09-20,18.3,11.7,2400,24.8,1510,,,,,,,9.2,320,1342,6.7,320,1350,2.5,2150,320,12.2,32,1550,72.3,14.7,982,1013.3,2220,1008.4,1410,1010.5,12.2,7.4,1200,2.25,12.57,,,,,,5.5,2,20.6,4.3,,,,,,,,,,,,,-{박무}-{박무}{강도0}0300-{박무}{강도0}0600-{박무}{강도0}0900-1040.,
135,추풍령,1996-09-21,15.7,7.7,655,25.4,1434,,,,,,,4.7,180,1142,3,340,420,.8,728,20,9.8,38,1602,70.8,12.2,983.5,1014.9,740,1009.8,1625,1012.4,12.2,10.5,1300,2.36,16.98,,,,,,0,0,19,1.7,,,,,,,,,,,,,,
135,추풍령,1996-09-22,16.9,8.9,656,25.2,1511,,,,,,,7.1,250,1523,5.8,290,1000,2.1,1786,270,10.2,36,1504,68.8,12.5,983.4,1014.2,2340,1009,1502,1012,12.2,10.9,1100,2.31,16.09,,,,,,0,0,19.5,3.4,,,,,,,,,,,,,,
135,추풍령,1996-09-23,18.5,10.4,710,27.1,1552,,,,,,,6.4,320,1445,5.3,320,1420,1.5,1273,320,12.8,43,1120,71,14.8,987.4,1019.5,2400,1013.4,40,1016.1,12.1,10.2,1130,1.95,13.98,,,,,,0,0,20.4,4.9,,,,,,,,,,,,,,
135,추풍령,1996-09-24,18.7,10.9,650,27.9,1555,,,,,,,6.4,270,1437,4.8,250,1450,1.6,1375,270,12.8,32,1350,74.5,14.9,991,1022.7,950,1017.3,1430,1019.7,12.1,10.2,1130,2.17,15.14,,,,,,0,0,20.8,5.4,,,,,,,,,,,,,,
135,추풍령,1996-09-25,19.2,12.7,558,27.8,1453,,,,,,,7.1,270,1332,5.7,270,1350,2.3,1988,70,14.3,43,1556,76.8,16.3,989.6,1020.2,0,1015.6,1642,1018.3,12,10.4,1200,2.22,15.2,,,,,,2,.5,21.5,6.2,,,,,,,,,,,,,,
135,추풍령,1996-09-26,18.6,9.9,605,28.3,1540,,,,,,,5.2,270,1037,4.7,270,1030,1.4,1230,360,10.9,32,1428,64.8,13.2,989.2,1021.1,2340,1015.4,1440,1017.8,12,10.2,1145,2.22,14.65,,,,,,.5,0,20.8,3.2,,,,,,,,,,,,,,
135,추풍령,1996-09-27,19.8,15.4,607,26.2,1358,,,,,,,8,110,1720,5,110,1550,1.7,1457,180,14.5,50,1407,73.8,16.7,993.5,1024.4,2320,1020,34,1022.2,12,5.2,1300,2.09,11.51,,,,,,6,2.9,22.8,8.7,,,,,,,,,,,,,{박무}0640-0835.,
135,추풍령,1996-09-28,16.6,13.2,230,20.4,1504,,,,,,,7.2,110,1227,3.5,110,1210,2.1,1779,140,11.9,52,1455,75,13.9,993.2,1024.3,0,1020.2,2400,1022.3,11.9,2.4,1130,1.13,6.91,,,,,,8.8,2.8,19.1,7.8,,,,,,,,,,,,,{달무리}2310-2400,
135,추풍령,1996-09-29,16.6,13.8,310,21.1,1611,,,,,,,4.7,160,959,3.3,160,1000,1.1,954,90,14.6,71,1134,88.5,16.7,987.9,1020.2,0,1013.3,2400,1016.7,11.9,1.9,1045,1.08,4.39,,,,,,8.5,3.9,18.9,9.8,,,,,,,,,,,,,-{달무리}-0140.,
135,추풍령,1996-09-30,18.2,13.6,542,24.9,1410,,,,,,,7,140,1122,3.3,140,1130,1.1,958,140,14.9,56,1330,82.8,17,983.2,1013.3,0,1009.5,1255,1011.8,11.9,4.2,1000,2.05,8.92,,,,,,7.5,4.6,20.3,9.9,,,,,,,,,,,,,{달무리}0120-0230.,
135,추풍령,1996-10-01,18.4,11.9,539,24.7,1423,,,,,,,6,160,1012,4.5,160,1020,1.4,1221,50,11.8,41,1428,68.3,13.9,986,1017.9,2340,1012.8,0,1014.7,11.8,7.9,1200,2.42,13.42,,,,,,5,5,21.8,5.6,,,,,,,,,,,,0,,
135,추풍령,1996-10-02,13.4,12.6,131,15,2225,7.73,1.3,2232,2.7,2255,5.9,5.2,360,2231,4,360,2230,1.2,1076,200,11.2,69,250,87,13.4,986.1,1017.9,0,1013.1,1850,1015.3,11.8,0,945,.24,1.11,,,,,,9.3,5.9,15.9,9.2,,,,,,,,,,,,11.9,{비}0850-{비}{강도0}0900-1115.{비}1135-{비}{강도0}1200-{비}{강도0}1500-1524.{소나기}2230-{비}2245{비}{강도0}2400-{천둥}{강도0}(W)2225-2235.{박무}1105-{박무}{강도0}1200-{박무}{강도0}1500-{박무}{강도0}1800-{박무}{강도0}2100-{박무}{강도0}2400,
135,추풍령,1996-10-03,15,12.7,357,21.1,1415,7.38,1.7,118,2.6,30,6.8,8.7,270,1005,7.2,270,1020,1.9,1603,270,12,51,1518,83.8,14,981,1013.3,0,1007.6,1542,1009.9,11.7,4.3,1215,2.43,8.81,,,,,,9,5.1,17,10.1,,,,,,,,,,,,4.1,-{비}-0230.{비}0525-{비}{강도0}0600-0758.{소나기}2050-{소나기}{강도0}2100-2250.{소나기}2340-{소나기}{강도0}2400--{박무}-{박무}{강도0}0300-0330.,
135,추풍령,1996-10-04,16.2,10.9,2400,22,1513,1.42,1.3,200,3,142,3.3,8.9,270,1255,6,250,1410,2.1,1802,250,12.1,49,1521,79.5,14.2,983.2,1015.7,2350,1009,310,1011.9,11.7,8.9,1200,2.28,14.9,,,,,,5,2.8,18.7,7.1,,,,,,,,,,,,,-{소나기}0040.{소나기}0130-0215.,
135,추풍령,1996-10-05,15.5,8.3,630,24,1452,,,,,,,5.9,140,1315,2.7,140,1340,.7,615,160,12,51,1240,82.5,14.1,986.8,1018.1,823,1012.9,1508,1015.8,11.7,7.1,1100,1.7,10.71,,,,,,2.8,.5,17.7,3.3,,,,,,,,,,,,,{박무}0450-{박무}{강도0}0600-{시정(미만)}{1km}{안개}0630-{시정(미만)}{0.5km}{안개}0655-{시정(이상)}{0.5km}{안개}0720-{시정(이상)}{1km}{박무}0735-{박무}{강도0}0900-1042.{박무}2030-{박무}{강도0}2100-{박무}{강도0}2400,1.08
135,추풍령,1996-10-06,15,11,2213,18,1250,11.08,5.1,1604,11.4,1530,31.5,11.5,270,2339,8.7,290,2200,1.3,1140,70,13.9,78,2400,93.5,16,984,1015.5,0,1009.5,1653,1012.9,11.6,0,1130,.37,1.58,,,,,,9,4.1,16.6,8.5,,,,,,,,,,,,31.5,{비}1010-1125.{비}1305-{비}{강도0}1500-{비}{강도0}1800-{비}{강도0}2100-2255.-{박무}-{박무}{강도0}0300-{박무}{강도0}0600-0835.{박무}1340-{박무}{강도0}1500-{박무}{강도0}1800-{박무}{강도0}2100-{박무}{강도0}2400,
135,추풍령,1996-10-07,11.3,7.6,2400,13,1259,,,,,,,10.9,270,130,8.7,290,10,3.3,2864,250,6.5,54,1347,72,9.7,989.4,1021,2400,1015.1,0,1018.9,11.6,0,1300,.7,3.87,,,,,,10,4.1,13.7,6.2,,,,,,,,,,,,,-{박무}-0230.,
135,추풍령,1996-10-08,10.5,5.7,558,16.9,1556,,,,,,,10,270,1130,7,250,1340,1.9,1651,250,3.9,34,1437,67.5,8.2,989.8,1021,0,1017,1455,1019.4,11.5,6.8,1245,2.18,11.53,,,,,,3.8,3.1,13.1,.3,,,,,,,,,,,,,{박무}0420-{박무}{강도0}0600-0715.,
135,추풍령,1996-10-09,12.4,6,104,20.1,1452,,,,,,,9.3,270,1315,6.7,270,1540,2.1,1783,290,4.6,34,1536,62.5,8.6,990.9,1022.4,2400,1018,1435,1020.3,11.5,8.1,1130,2.18,13.39,,,,,,3.8,2,14.5,.2,,,,,,,,,,,,,,
135,추풍령,1996-10-10,10.8,3.6,656,20.8,1348,,,,,,,5.1,320,918,4.3,320,950,.7,580,340,6.1,32,1217,74.8,9.5,993.5,1025.1,2250,1021.5,1455,1023.2,11.5,8.4,1100,2.1,12.29,,,,,,4,.9,12.4,-2.8,,,,,,,,,,,,,,
135,추풍령,1996-10-11,12.9,5,610,23.6,1410,,,,,,,5.8,200,1240,3.3,200,1250,.6,506,140,8.9,41,1509,81.3,11.5,994.7,1026.2,910,1021.6,1450,1024.1,11.4,8.8,1200,2.16,13.03,,,,,,4.8,2.5,14.8,-.9,,,,,,,,,,,,,{박무}0430-{박무}{강도0}0600-0810.{박무}2140-{박무}{강도0}2400,
135,추풍령,1996-10-12,14.9,9.7,2400,23.6,1540,,,,,,,6.3,250,1428,5.2,250,1430,.9,753,250,10.5,38,1530,79,12.7,994.9,1026.1,1018,1021.8,1415,1024.1,11.4,6.4,1200,1.93,9.79,,,,,,4.5,1.8,16.3,2.9,,,,,,,,,,,,,-{박무}-{박무}{강도0}0300-{박무}{강도0}0600-0740.,
135,추풍령,1996-10-13,13.8,6.8,630,23.9,1502,,,,,,,5.2,140,1230,2.8,70,250,.9,795,160,8.3,37,1651,73,11,991.3,1024.3,0,1016.7,2400,1020.5,11.4,8.9,1245,2.07,12.94,,,,,,2,1,15.5,1.1,,,,,,,,,,,,,,
135,추풍령,1996-10-14,15.5,10.8,10,22.4,1455,,,,,,,8.6,290,1550,6.2,250,1520,2.6,2281,270,9,37,1442,68,11.5,984.2,1016.7,0,1010,1723,1013.1,11.3,8.7,1200,1.87,11.96,,,,,,.8,1,15.6,5.8,,,,,,,,,,,,,{박무}0450-{박무}{강도0}0600-0740.{박무}2012-{박무}{강도0}2100-{박무}{강도0}2400,
135,추풍령,1996-10-15,13.2,9.5,2340,17,1450,,,,,,,14,270,1546,11.3,270,1550,5.8,4996,270,3.6,29,1532,54.3,8.2,984.7,1017.1,2300,1011.1,30,1013.9,11.3,10,1200,2.12,14.22,,,,,,.8,.4,13.9,2.2,,,,,,,,,,,,,-{박무}-{박무}{강도0}0300-0420.,
135,추풍령,1996-10-16,10.4,4,543,17.4,1349,,,,,,,9.2,250,1022,6.3,250,1030,2.5,2192,290,3.1,35,1638,62.5,7.6,991.1,1022.3,919,1017.1,0,1020.7,11.2,10.3,1200,2.1,14.09,,,,,,0,0,12,-4.1,,,,,,,,,,,,,,
135,추풍령,1996-10-17,9.8,2.2,308,18.1,1510,,,,,,,6.1,290,1115,4.8,270,1000,1.2,1075,290,4.4,32,1400,72.3,8.4,991.4,1024,258,1017.7,1615,1021.2,11.2,6.1,1230,1.4,8.86,,,,,,5.8,2.8,12.1,-2.9,,,,,,,,,,,,,,
135,추풍령,1996-10-18,13.2,8.3,724,19,1040,,,,,,,5.3,290,1228,4,290,1230,1.1,924,270,8.9,48,1045,75.5,11.5,987.3,1020,0,1014,1503,1016.4,11.2,4.1,945,1.58,7.06,,,,,,7,3,14.4,2.7,,,,,,,,,,,,,,
135,추풍령,1996-10-19,12.4,7.5,2400,19.1,1502,,,,,,,7.7,290,1311,6.7,290,1320,2.7,2334,290,7,35,1528,73.8,10.1,990.2,1024.6,2240,1017.2,229,1019.5,11.1,8.4,1230,1.91,12.25,,,,,,1.5,1.8,13.8,2.4,,,,,,,,,,,,,{박무}0417-{박무}{강도0}0600-{박무}{강도0}0900-1050.,
135,추풍령,1996-10-20,11.5,5,540,21,1433,,,,,,,4,160,1317,2.7,160,1250,.7,630,20,6.8,37,1457,78.5,9.9,996.7,1029,2245,1024.1,10,1026.3,11.1,8.1,1200,2.14,12.32,,,,,,.8,1.8,14.2,-.6,,,,,,,,,,,,,,
135,추풍령,1996-10-21,11.9,5.7,717,20.6,1403,,,,,,,5.7,180,1243,4.7,180,1210,.9,749,90,7.1,40,1436,76,10.1,998.8,1030,947,1026.5,1520,1028.4,11.1,9.6,1230,2.02,12.51,,,,,,2.8,.4,14.2,-.6,,,,,,,,,,,,,,
135,추풍령,1996-10-22,12.7,4.5,656,21.6,1440,,,,,,,4.2,110,1318,3.8,110,1310,1.2,1050,110,7.7,38,1517,75.8,10.6,998.4,1029.9,0,1024.9,1530,1028,11,9.3,1200,1.98,12.16,,,,,,0,0,14.1,-2.4,,,,,,,,,,,,,{박무}0510-{박무}{강도0}0600-0840.,
135,추풍령,1996-10-23,14.9,7.8,610,23,1318,,,,,,,5,180,1137,3.3,180,1140,.8,715,160,11.6,52,1310,82.5,13.8,996.8,1029.5,0,1023,1508,1026.1,11,5.5,1130,1.88,9.65,,,,,,4.5,2.3,15.7,1.1,,,,,,,,,,,,1.5,{박무}0445-{박무}{강도0}0600-{시정(미만)}{1km}{안개}0620-{시정(미만)}{0.5km}{안개}0643-{시정(이상)}{0.5km}{안개}0715-{시정(이상)}{1km}{박무}0738-0835.,1.3
135,추풍령,1996-10-24,17.1,14.4,35,21.2,1555,2.5,1.7,1930,2.4,1915,4,6,320,1858,3.5,320,1910,.6,476,20,15.2,71,1140,90.3,17.4,993.4,1024.7,0,1020.2,1804,1022.4,11,1.5,1030,1.14,4.8,,,,,,8.5,4.5,18.1,9.2,,,,,,,,,,,,8.2,{비}0530-0650.{비}1723-1752{소나기}1915-1956.{박무}0845-{박무}{강도0}0900-{박무}{강도0}1200-{박무}{강도0}1500-{박무}{강도0}1800-{박무}{강도0}2100-{박무}{강도0}2400-{번개}{강도0}(NW)1815-{뇌전}{강도0}(NW7~9)1835NW{이동}N6~8)1848-{뇌전}{강도0}(N{이동}NE7~9)1855-{번개}{강도0}(NE)1905-1910.,
135,추풍령,1996-10-25,14.3,11,2400,16.8,630,5.75,1.5,330,2.3,320,5.7,11.7,270,1521,8.7,270,1530,3.8,3270,270,10.7,58,1512,79.3,13.1,989.9,1021,2325,1017.6,1440,1019.1,10.9,0,1345,.7,2.55,,,,,,10,6,15,8.4,,,,,,,,,,,,0,-{박무}-{시정(미만)}{1km}{안개}0125-{시정(미만)}{0.5km}{안개}0145-{시정(이상)}{0.5km}{안개}0222-{안개}{강도0}0300-{시정(이상)}{1km}{박무}0305-{박무}{강도0}0600-0625.{비}0320-{비}{강도0}0600-0810.{비}1125-{비}{강도0}1200-1220.,1.67
135,추풍령,1996-10-26,6.9,1.5,2400,12.2,1520,,,,,,,12.1,360,235,10.3,360,240,4.2,3644,250,-1.6,33,1632,54.5,5.5,993.6,1025.7,2258,1019.8,25,1023.7,10.9,8.9,1230,1.91,12.01,,,,,,2.5,1.1,9.7,-5.1,,,,,,,,,,,,,,
135,추풍령,1996-10-27,5.7,-3.2,554,17,1456,,,,,,,6,320,50,5.3,290,100,.9,813,200,-1,29,1300,65.3,5.7,994.7,1027.2,840,1022.3,1536,1025,10.8,9.7,1215,2.01,13.03,,,,,,0,0,8.1,-9.9,,,,,,,,,,,,,,
135,추풍령,1996-10-28,10.9,.5,514,21.8,1436,,,,,,,5.2,270,1713,5,250,1650,1,828,200,5.8,39,1102,73.8,9.4,990.9,1024.2,0,1016.3,1430,1020.5,10.8,8.9,1230,1.9,12.12,,,,,,4,3.6,10.8,-4.3,,,,,,,,,,,,,,
135,추풍령,1996-10-29,12.9,6,340,24.6,1533,,,,,,,4,320,1046,2.7,320,1040,.8,700,160,7.3,36,1426,73.3,10.3,989.3,1021.2,837,1014.9,1452,1018.6,10.8,9.2,1215,1.86,11.36,,,,,,0,.5,12.5,-.6,,,,,,,,,,,,,,
135,추풍령,1996-10-30,14.3,4.5,700,23.1,1248,,,,,,,6.1,250,1350,4.7,140,1050,1.3,1113,250,9.6,46,1326,75.5,12.1,989.3,1020,2400,1015.8,1440,1018.4,10.7,5.9,1100,1.75,9.54,,,,,,4.3,1.9,13.9,-.8,,,,,,,,,,,,,{박무}2030-{박무}{강도0}2100-{박무}{강도0}2400,
135,추풍령,1996-10-31,13.8,12.1,2400,16.2,1205,10.83,.6,2032,2.7,2010,16.4,6.3,90,1930,3.7,90,1900,1.9,1668,90,11.9,70,1145,88.8,13.9,990.5,1022.4,655,1017.1,2400,1019.7,10.7,0,1100,.29,.96,,,,,,9.5,5.3,14.6,9.2,,,,,,,,,,,,26.5,-{박무}-{박무}{강도0}0300-{박무}{강도0}0600-{박무}{강도0}0900-1020.{비}1310-{비}{강도0}1500-{비}{강도0}1800-{비}{강도0}2100-{비}{강도0}2400,
135,추풍령,1996-11-01,12.8,12,558,13.9,1223,18.43,,,,,21.2,4.1,50,452,3.7,290,2120,1.3,1111,50,11.8,92,2200,93.5,13.8,985.1,1017.1,0,1011.9,1505,1014.3,10.7,0,1100,.41,2.22,,,,,,10,5.8,14.1,10.1,,,,,,,,,,,,11.1,-{비}-0043.{비}0237-{비}{강도0}0300-{비}{강도0}0600-{비}{강도0}0900-{비}{강도0}1200-{비}{강도0}1500-{비}{강도0}1800-2020.{박무}0410-{박무}{강도0}0600-{박무}{강도0}0900-{박무}{강도0}1200-{박무}{강도0}1500-{박무}{강도0}1800-{박무}{강도0}21002240.,
135,추풍령,1996-11-02,11.2,6.2,2400,15,1525,,,,,,,5.6,250,1258,5.3,250,1310,2.4,2110,290,7.5,48,1650,79,10.4,991.2,1027,2400,1015.8,40,1020.7,10.6,2.3,1230,1.33,4.51,,,,,,6.3,3.8,12.6,-.4,,,,,,,,,,,,,{박무}0420-{박무}{강도0}0600-{박무}{강도0}0900-{박무}{강도0}1200-1425.,
135,추풍령,1996-11-03,8.1,1.3,718,17.7,1457,,,,,,,6.4,250,1148,5.8,250,1150,1.6,1340,90,1.8,30,1505,70,7,999.3,1032.1,2220,1027,0,1029.5,10.6,9.2,1230,1.88,11.82,,,,,,.5,.3,9.7,-5.6,,,,,,,,,,,,,,
135,추풍령,1996-11-04,9.5,2,150,16.9,1512,.67,,,,,0,5.2,180,1142,3.3,180,1020,.9,804,110,6.1,53,1406,81.3,9.6,997.1,1032,105,1020.4,2400,1027.1,10.6,1.2,1300,1.22,5.53,,,,,,6.5,4.4,10.9,-4.4,,,,,,,,,,,,4.5,{비}2110-2150.{박무}2015-{박무}{강도0}2100-{박무}{강도0}2400,
135,추풍령,1996-11-05,13.3,11.2,300,16.3,1542,8.25,,,,,5.5,9.2,270,2303,6.5,270,2300,2.2,1940,270,11.6,78,1520,89.5,13.7,988.7,1020.4,0,1016.2,1505,1018,10.5,.3,1300,.76,2.34,,,,,,9,4.5,14.2,7.4,,,,,,,,,,,,1,{비}0015-0245.{비}0510-{비}{강도0}0600-{비}{강도0}0900-1025.{비}1120-1150.-{박무}-{박무}{강도0}0300-{박무}{강도0}0600-{박무}{강도1}0900-1030.,
135,추풍령,1996-11-06,9.2,2.6,2400,14.7,1500,,,,,,,13,270,750,10.7,270,800,3.9,3350,70,0,33,1328,54.3,6.3,996.2,1031.5,2328,1019.8,0,1026.1,10.5,8.9,1145,1.79,10.3,,,,,,.8,.3,10.1,-4.6,,,,,,,,,,,,,,
135,추풍령,1996-11-07,4.6,-.3,650,9.4,1332,2.92,,,,,.7,4.1,290,1735,3.3,290,1730,.9,818,160,2.3,58,1239,84.8,7.3,997.2,1031.3,0,1024.9,1653,1027.6,10.5,1.2,1100,.72,3.52,,,,,,7,3.5,7.6,-6.1,,,,,,,,,,,,.7,{비}1250-{비}{강도0}1500-1545.{박무}1940-{박무}{강도0}2100-{박무}{강도0}2400,
135,추풍령,1996-11-08,7.6,5.2,612,11.4,1203,11.5,,,,,2.9,4.2,70,1510,3.2,70,1450,1.1,937,140,5.9,61,1212,89.5,9.3,993.6,1026.1,835,1019.3,2400,1023.6,10.4,0,1000,.74,3.37,,,,,,8,5.1,10.4,2.1,,,,,,,,,,,,16.8,{비}1230-{비}{강도0}1500-{비}{강도0}1800-{비}{강도0}2100-{비}{강도0}2400--{박무}-{박무}{강도0}0300-{박무}{강도0}0600-0630.{박무}1645-{박무}{강도0}1800-{박무}{강도0}2100-{박무}{강도0}2400,
135,추풍령,1996-11-09,10,6.7,2400,12.4,1503,9.25,,,,,13.9,11.2,270,1730,6.7,270,1720,3.1,2652,270,7.4,67,1540,84.3,10.3,988.4,1022.9,2400,1015.2,422,1018,10.4,0,1430,.53,1.68,,,,,,8.3,5.6,11.2,.9,,,,,,,,,,,,0,-{비}-{비}{강도0}0300-{비}{강도0}0600-{비}{강도0}0900-0915.-{박무}-{박무}{강도0}0300-{박무}{강도0}0600-{박무}{강도0}0900-1045.,
135,추풍령,1996-11-10,8.9,2.3,348,19.6,1455,,,,,,,6.5,140,457,5,140,510,1.3,1114,50,4.1,34,1423,76.3,8.2,993.3,1025.4,930,1020,1443,1023.1,10.4,6.8,1200,1.56,9.04,,,,,,3.5,1.3,10.2,-4.1,,,,,,,,,,,,,{박무}0340-{박무}{강도0}0600-{시정(미만)}{1km}{안개}0710-{시정(미만)}{0.5km}{안개}0815-{안개}{강도1}0900-{시정(이상)}{0.5km}{안개}0912-{시정(이상)}{1km}{박무}0925-1030.,2.25
135,추풍령,1996-11-11,10.2,5.3,430,19.2,1522,.58,,,,,0,8.8,290,2350,7.2,290,2400,2,1731,70,4.6,33,1535,72,8.5,988.8,1023.4,0,1014.5,1515,1018.4,10.3,5.1,1200,1.74,7.74,,,,,,2,1.5,10.7,-1.8,,,,,,,,,,,,0,{비}1015-1050.,
135,추풍령,1996-11-12,9.5,6.5,2400,13.1,1540,,,,,,,8.9,290,3,8.7,290,20,4.5,3860,290,5.2,63,1552,75,8.9,986.6,1018,2400,1013.9,1610,1016.3,10.3,7.1,1200,1.38,7.82,,,,,,4.5,3.3,10.3,.1,,,,,,,,,,,,,{박무}0625-{박무}{강도0}0900-{박무}{강도0}1200-1320.,
135,추풍령,1996-11-13,6.2,.3,740,14,1443,,,,,,,7.2,270,2305,6.7,270,2310,1.7,1457,320,.7,38,1503,70.8,6.5,992.2,1025.5,2400,1018,0,1022.3,10.3,7.8,1100,1.71,9.6,,,,,,4.8,2.8,8.9,-6.1,,,,,,,,,,,,,,
135,추풍령,1996-11-14,4.6,2.7,2400,8.2,1319,,,,,,,14,230,1358,9.7,230,1340,2,1754,230,-1.8,39,1602,64,5.4,997.3,1030.4,2400,1025.5,0,1027.9,10.3,7,1215,1.66,8.42,,,,,,2.3,1.4,6.1,-4.7,,,,,,,,,,,,,,
135,추풍령,1996-11-15,3.3,.6,805,7.2,1334,,,,,,,12.3,290,1718,8.7,290,1720,4.3,3744,250,-4.5,33,1245,57.5,4.4,1000.4,1032.8,2400,1029.8,1504,1031.1,10.2,9.1,1200,1.75,10.19,,,,,,1.5,.5,5,-5.1,,,,,,,,,,,,,,
135,추풍령,1996-11-16,2.2,-1.8,545,7,1323,,,,,,,9.4,270,623,8.7,290,640,4.2,3661,290,-7.2,31,1610,51,3.6,1000.4,1033.9,150,1027.8,2156,1031.2,10.2,7.2,1200,1.67,9.03,,,,,,3.8,1.3,2.9,-7.3,,,,,,,,,,,,,,
135,추풍령,1996-11-17,4.5,1.7,45,8.5,1150,4.2,,,,,4.2,13.3,250,2200,8,270,510,4.1,3581,290,-1.7,47,0,64.5,5.7,992.2,1028.2,0,1018.6,1725,1022.5,10.2,2.6,1100,1.53,5.51,,,,,,9.3,3.8,5.1,-1,,,,,,,,,,,,5.5,{비}1750-{비}{강도0}1800-2015.{비}2213-{비}{강도0}2400,
135,추풍령,1996-11-18,4,1.9,547,6.5,1603,1.75,,,,,1.3,13.2,290,2215,9.5,290,2200,5.6,4824,290,-.8,53,1600,71.5,5.8,992.7,1025,1100,1021,0,1023.1,10.1,2,1100,1.37,4.89,,,,,,7.8,4.9,4.5,-1.9,,,,,,,,,,,,,-{비}-0145.,
135,추풍령,1996-11-19,6.3,1.8,2400,12.3,1441,,,,,,,8.5,270,153,6.7,270,150,2.2,1914,290,-1.3,38,1416,59.5,5.6,997.3,1029.8,920,1024.8,0,1027.6,10.1,8.8,1200,1.6,9.49,,,,,,.8,.6,6.1,-5,,,,,,,,,,,,,,
135,추풍령,1996-11-20,5.9,-.1,610,12,1252,,,,,,,8.5,270,2315,5,230,1520,1,902,270,1.4,50,1532,73.8,6.8,993.1,1028.6,0,1017.5,2400,1023.3,10.1,.8,1200,1.09,2.97,,,,,,5.5,4.3,6.5,-7,,,,,,,,,,,,,,
135,추풍령,1996-11-21,7.4,2,2400,10.5,1503,,,,,,,13.8,270,335,10.8,270,350,5.6,4825,270,-1,42,1453,55.3,5.8,991.6,1025.9,2400,1017.3,52,1021.6,10.1,4,1345,1.32,5.43,,,,,,2.3,2.1,6.7,-3.1,,,,,,,,,,,,,{달무리}2035,
135,추풍령,1996-11-22,2.5,-3,2400,8.9,1435,,,,,,,9.6,180,1218,8.3,180,1220,3.9,3392,230,-6.1,33,1432,54.3,3.9,996,1028.1,910,1024.8,1500,1026.7,10,8.7,1200,1.57,9.44,,,,,,1.5,0,3.7,-11.7,,,,,,,,,,,,,-{달무리}-0120.,
135,추풍령,1996-11-23,1,-4.6,330,10.6,1428,.25,,,,,0,3.9,140,1547,2.8,140,1550,.7,629,140,-4.8,36,1435,67.5,4.3,993.5,1027.5,0,1020.3,1605,1024.3,10,3.2,1300,1.25,5.36,,,,,,6.5,2.6,3.5,-12,,,,,,,,,,,,.1,{비}2345-{비}{강도0}2400-{달무리}0135-0410.,
135,추풍령,1996-11-24,5,-.6,2400,11.6,1450,.75,,,,,.1,7.3,250,1048,6.3,250,1050,1.6,1350,270,.9,42,1442,79,6.6,993.1,1026.3,2400,1021.2,1522,1023.4,10,6.3,1130,1.52,7.87,,,,,,3.5,2.3,6,-6,,,,,,,,,,,,,-{비}-0045.{박무}0415-{박무}{강도0}0600-{박무}{강도0}0900-1040.,
135,추풍령,1996-11-25,4.4,-2.5,652,14.1,1430,,,,,,,4.2,90,1532,3.7,90,1540,.9,791,90,-1.2,29,1520,72.5,5.6,997.6,1030,900,1026.3,0,1028.1,10,8.2,1145,1.46,8.03,,,,,,0,0,5.4,-10.1,,,,,,,,,,,,,,
135,추풍령,1996-11-26,6.1,1.4,52,12.8,1226,5.3,,,,,4.4,3.8,50,1358,3.2,140,1750,1.2,1032,90,3.3,55,1228,83.5,7.8,992.6,1028.5,318,1014.6,2400,1022.7,10,.5,1130,1.34,3.85,,,,,,8.5,3,6.8,-5.5,,,,,,,,,,,,6.3,{비}1830-{비}{강도0}2100-{비}{강도0}2400,
135,추풍령,1996-11-27,4.4,-1.7,2400,8.4,0,2.17,,,,,1.9,16.2,230,755,11.3,230,820,5.9,5116,250,-2.5,44,1541,62.8,5.6,989.4,1023.9,2400,1014.5,35,1019.8,9.9,6.8,1230,1.58,7.54,,,,,,5.8,4.3,6,-6.3,,,,,,,,,,,,,-{비}-0210.,
135,추풍령,1996-11-28,-1,-4.7,730,4.8,1550,,,,,,,16.8,250,205,8.7,250,210,3.9,3374,250,-9.4,37,1440,54.5,3,994.7,1028,830,1023,1735,1025.8,9.9,8.7,1200,1.46,8.58,,,,,,3.5,1.9,1.2,-9,,,,,,,,,,,,.1,,
135,추풍령,1996-11-29,1,-1.2,2400,2.3,1443,4.08,,,,,.7,11,230,1340,9.3,230,1500,3.6,3085,230,-2.6,59,1630,76.8,5.1,990.6,1024.7,0,1019.4,1540,1021.3,9.9,2.7,1300,1.34,4.55,1.4,1120,1.4,1120,1.4,9.3,5.4,2.8,-5.1,,,,,,,,,,,,1.2,{눈}0530-0545.{눈}0840-{눈}{강도0}0900-1145.{소낙눈}2045-{소낙눈}{강도0}2100-2130.,
135,추풍령,1996-11-30,-3.3,-7.5,2400,.6,1340,6.58,,,,,2.1,18,230,1845,12.3,230,1850,2.7,2344,250,-6.9,63,1132,75.5,3.7,986.6,1021.5,0,1012.9,1630,1017.8,9.9,.9,1245,.83,1.56,2.8,1715,2.8,1715,5,8.5,5.6,-.1,-12.2,,,,,,,,,,,,2.2,{눈}0710-0855.{눈}1020-{눈}{강도0}1200-1210.{눈}1555-{눈}{강도0}1800-1815.{눈}2320-{눈}{강도0}2400,
135,추풍령,1996-12-01,-7.6,-9.7,855,-4.8,1504,8.33,,,,,1.4,16,250,712,10.7,250,1320,5.4,4692,250,-11.6,56,1635,73.8,2.5,993.9,1031.4,2400,1020.4,0,1025.8,9.9,4.3,1215,1.32,5.97,3.3,1130,5.2,1130,3.5,5.8,4,-3.3,-13.4,,,,,,,,,,,,.7,-{눈}-{눈}{강도0}0300-0325.{눈}0740-{눈}{강도0}0900-{눈}{강도1}1200-1235.,
135,추풍령,1996-12-02,-3.3,-9.8,628,2.4,1510,,,,,,,9.3,250,1408,8.3,250,1230,3.6,3121,250,-8.9,41,1622,65,3.1,999.6,1032.8,535,1028.7,1605,1031.2,9.8,8.4,1200,1.55,9.12,,,.1,0,,0,0,-2.8,-16.5,,,,,,,,,,,,,,
135,추풍령,1996-12-03,-2.3,-9.2,748,7.1,1410,,,,,,,5.9,250,1619,5.3,250,1640,1.3,1132,250,-7.2,33,1340,74.8,3.6,1000.1,1033.3,755,1029.4,1446,1031.5,9.8,8.2,1230,1.46,8.81,,,,,,.8,.8,.5,-15,,,,,,,,,,,,,,
135,추풍령,1996-12-04,-.7,-3.5,10,1.1,1210,10.83,,,,,17.7,5.8,160,1322,5.3,160,1320,1.2,1062,160,-2.5,63,1006,88.5,5.2,991.3,1029.9,0,1012.8,2400,1022.4,9.8,0,1100,.18,.78,.7,1235,.7,1235,.9,8.8,4.4,-.1,-8.8,,,,,,,,,,,,17.7,{달무리}0215-0340.{눈}1040-{눈}{강도0}1200-{진눈깨비}1250-{진눈깨비}{강도0}1500-{진눈깨비}{강도0}1800-{비}1815-{비}{강도0}2100-2130.,
135,추풍령,1996-12-05,-.4,-6.2,2400,2.7,610,6.33,,,,,.6,15.3,290,1515,11.7,290,1530,5.8,4997,290,-5.1,42,1010,70.8,4.4,983.8,1020.4,2400,1011.1,1353,1014.5,9.8,1.6,945,.73,2.92,.2,1545,.2,1545,.2,7,3.9,.6,-10.9,,,,,,,,,,,,.6,{눈}1025-{눈}{강도0}1200-{눈}{강도0}1500-1645.,
135,추풍령,1996-12-06,-4.7,-8.1,653,.3,1501,.33,,,,,0,10.8,290,30,7.7,290,120,3.3,2864,270,-11.8,40,1402,58.5,2.5,989.3,1023.3,830,1018.8,2103,1020.6,9.8,8.2,1200,1.44,8.3,,,,,,1.5,1.4,-2.4,-13.8,,,,,,,,,,,,1.9,{눈}2340-{눈}{강도0}2400,
135,추풍령,1996-12-07,-3.3,-6,2400,-.9,1555,3.42,,,,,1.9,14,270,1410,11,270,1420,4.2,3604,270,-8.8,42,1335,67.5,3.3,992,1028,2316,1019.1,230,1023.4,9.8,8.6,1245,1.49,8.2,3.7,320,3.7,320,3.8,3.3,2.5,-.9,-13.4,,,,,,,,,,,,,-{눈}-{눈}{강도0}0300-0325.,
135,추풍령,1996-12-08,.5,-6.2,15,5.8,1210,.5,,,,,0,8,250,1034,7.2,250,1120,3.4,2970,250,-3,53,1213,76.3,5,995.3,1028.3,148,1024.5,1710,1026.2,9.7,3,1115,1.45,4.3,,,,,,8,5.1,0,-13,,,,,,,,,,,,0,{비}1545-1615.,
135,추풍령,1996-12-09,3.8,-.7,2400,7.8,1420,.17,,,,,0,5.7,250,310,5,250,50,1.3,1123,250,.1,55,1536,78,6.2,993.6,1025.4,12,1022.3,1539,1024.1,9.7,3.2,1330,1.01,3.42,,,,,,7.3,4.5,3.3,-7.6,,,,,,,,,,,,0,{비}1105-1115.{박무}2045-{박무}{강도0}2100-{박무}{강도0}2400,
135,추풍령,1996-12-10,2.3,-2.5,720,9.1,1340,,,,,,,10.3,250,1515,8.3,250,1510,2.7,2324,250,-3.5,37,1454,69.8,4.7,990.4,1023.5,0,1017.6,1504,1021,9.7,6.5,1245,1.24,4.59,,,,,,2.8,2.9,2.5,-9.3,,,,,,,,,,,,,-{박무}-{박무}{강도0}0300-{박무}{강도0}0600-{박무}{강도0}0900-1035.,
135,추풍령,1996-12-11,3.1,-2.6,525,9,1502,,,,,,,10,250,1510,7.7,250,1520,3.1,2707,250,-4,40,1355,62.8,4.6,992.1,1025.5,2400,1020.3,1510,1022.7,9.7,7.3,1230,1.23,6.51,,,,,,1.8,2.3,2.7,-10.3,,,,,,,,,,,,,,
135,추풍령,1996-12-12,.8,-3.4,2400,8.8,1457,,,,,,,6.1,250,1322,6,250,1320,2.6,2210,290,-7.4,28,1448,56.5,3.5,994.5,1026.8,740,1023.1,1458,1025.4,9.7,7.6,1215,1.41,7.22,,,,,,4,.4,1.6,-12.6,,,,,,,,,,,,,,
135,추풍령,1996-12-13,.4,-6.2,725,11.8,1527,,,,,,,4,160,1520,2.7,160,1550,.5,418,160,-5.5,31,1453,67.8,4.1,992.9,1026.4,300,1020.1,1445,1023.7,9.7,8.6,1200,1.39,7.84,,,,,,0,0,1,-13.8,,,,,,,,,,,,,,
135,추풍령,1996-12-14,1.7,-4.1,602,11.6,1450,,,,,,,5.8,250,1227,5.3,250,1220,1,899,250,-2.9,37,1600,76.3,5,994,1027,2240,1023.1,1400,1024.8,9.7,8.3,1215,1.26,6.83,,,,,,1.3,.3,2.2,-11,,,,,,,,,,,,,{박무}2140-{박무}{강도0}2400,
135,추풍령,1996-12-15,3.1,-3.1,655,13.7,1504,,,,,,,2.9,160,1243,2.5,160,1250,.7,609,20,-1.5,37,1506,76,5.5,997.2,1029.8,938,1025.4,1532,1027.9,9.7,8,1200,1.27,6.94,,,,,,1,0,2.9,-10.5,,,,,,,,,,,,,-{박무}-{박무}{강도0}0300-{박무}{강도0}0600-{박무}{강도0}0900-{박무}{강도0}1200-1420.{박무}1745-{박무}{강도0}1800-{박무}{강도0}2100-{박무}{강도0}2400,
135,추풍령,1996-12-16,4.8,-1.6,747,14.3,1505,,,,,,,4,70,1116,3.3,70,1120,.6,526,20,.3,42,1455,75.8,6.3,996.9,1030,850,1024.1,1510,1027.3,9.7,7.6,1230,1.27,6.61,,,,,,7,3.4,4.4,-8.6,,,,,,,,,,,,,-{박무}-{박무}{강도0}0300-{박무}{강도0}0600-{박무}{강도0}0900-1040.{박무}2140-{박무}{강도0}2400,
135,추풍령,1996-12-17,3.5,-1,2400,7.6,1205,4.17,,,,,.9,9.1,270,2303,8,250,2000,2.9,2481,270,.1,49,2400,79,6.2,992.2,1025.3,0,1020.1,1450,1022.7,9.7,0,1030,.54,1.56,,,,,,8.5,3.4,3.6,-7.5,,,,,,,,,,,,.9,{비}1405-{비}{강도0}1500-{비}{강도0}1800-1815.-{박무}-{박무}{강도0}0300-{박무}{강도0}0600-0830.{박무}1410-{박무}{강도0}1500-{박무}{강도0}1800-1820.,
135,추풍령,1996-12-18,-3.8,-6.2,730,-.2,1510,,,,,,,13.2,290,1917,9,250,1110,5.9,5060,270,-12.6,36,1322,47.5,2.3,996.4,1029.3,856,1025,0,1027.8,9.7,8.2,1200,1.44,8.19,,,,,,0,0,-1,-11.3,,,,,,,,,,,,.2,,
135,추풍령,1996-12-19,-2.2,-6.2,323,1.2,1450,5.4,,,,,.9,10.5,270,1447,9,270,1420,4,3477,270,-7.1,50,1450,71.5,3.7,996,1029.9,2400,1025.1,1445,1027.3,9.7,3.4,1330,1.27,3.53,2.5,1130,2.5,1130,3.3,6,4.4,-1,-11.4,,,,,,,,,,,,.7,{눈}0708-{눈}{강도0}0900-1140.{눈}1645-1715.{눈}1830-1852.,
135,추풍령,1996-12-20,-1,-6.3,815,4.8,1502,,,,,,,11.1,250,1504,6,250,1540,3.3,2876,270,-8.2,35,1425,59.5,3.3,998.7,1032.7,920,1027.4,1540,1029.9,9.7,8.5,1215,1.42,8,,,,,,0,0,-.2,-13.4,,,,,,,,,,,,,,
135,추풍령,1996-12-21,-.1,-5,130,7.5,1543,,,,,,,7,230,1355,6.2,230,1410,1.3,1092,230,-2.9,55,1514,83,5,993.8,1029.1,0,1021.1,2400,1024.7,9.7,4.5,1130,1.22,5.83,,,,,,6.3,4.8,1,-12.4,,,,,,,,,,,,,,
135,추풍령,1996-12-22,1.9,-3.4,640,8.2,1103,1.42,,,,,.9,21.2,250,1434,20,250,1420,4.2,3626,250,-4.3,31,1412,64,4.5,984.8,1021.1,0,1008.9,1355,1015.3,9.7,1.2,1300,.77,2.64,,,,,,8,5.6,.7,-9.4,,,,,,,,,,,,.9,{비}1105-1115.{비}1140-{비}{강도0}1200-1215.{눈}1445-{눈}{강도0}1500-1515.{눈}1705-1715.{박무}0645-{박무}{강도0}0900-{박무}{강도0}1200-1340.{폭풍}1400-1420.,
135,추풍령,1996-12-23,-.4,-3.2,810,3.2,1512,,,,,,,16,270,20,13.3,270,10,5.2,4477,270,-9,36,1500,52.8,3.1,992.6,1025.8,1105,1018.9,0,1023.6,9.7,8.3,1230,1.41,8.1,,,,,,2.3,1.8,.3,-8.5,,,,,,,,,,,,,,
135,추풍령,1996-12-24,3.3,-3.2,410,10.7,1543,,,,,,,12.9,250,1702,10.3,250,1720,4,3495,250,-3.7,35,1655,61.8,4.7,989.9,1024,0,1016.6,1510,1020.4,9.7,7.1,1200,1.31,7.49,,,,,,2.8,1,1.4,-9.7,,,,,,,,,,,,,,
135,추풍령,1996-12-25,6.4,.1,2400,10.7,1418,,,,,,,13,270,1345,10.3,270,1350,4.7,4023,270,-2.1,32,1628,57,5.6,990.7,1024.3,2400,1019.1,0,1020.8,9.7,6.8,1215,1.33,7.12,,,,,,4,2.5,3.3,-8.4,,,,,,,,,,,,,,
135,추풍령,1996-12-26,1.4,-4.3,750,10.7,1520,,,,,,,11,270,7,8.3,270,10,1.9,1608,270,-7.5,29,1520,53.8,3.5,993.9,1026.8,908,1022.6,1500,1024.7,9.7,8.3,1230,1.42,8.01,,,,,,.8,0,1.2,-12.5,,,,,,,,,,,,,,
135,추풍령,1996-12-27,2.4,-6.6,730,12.7,1420,,,,,,,14,250,1506,11,250,1510,3.1,2639,270,-3.8,29,1503,68.8,4.8,992,1026.2,5,1018.5,1537,1022.6,9.7,8.2,1215,1.43,8.03,,,,,,2.8,.8,.6,-13.9,,,,,,,,,,,,,,
135,추풍령,1996-12-28,4.3,-2.4,2400,10,1452,,,,,,,15,250,40,11,230,50,3.8,3292,250,-3,32,1500,62.8,5.1,991.4,1023.2,910,1020.1,1540,1021.7,9.7,8.1,1200,1.35,7.72,,,,,,2.3,1.8,3,-12.3,,,,,,,,,,,,,{박무}0740-{박무}{강도0}0900-1120.,
135,추풍령,1996-12-29,1.1,-4.6,622,9.8,1507,,,,,,,10.2,140,1152,8.8,140,1230,2.5,2176,360,-5.5,34,1500,65.8,4.1,990.5,1023,850,1018.5,1442,1021.2,9.7,8.2,1200,1.42,7.89,,,,,,.8,0,.9,-14.2,,,,,,,,,,,,,,
135,추풍령,1996-12-30,1.4,-5.5,807,8.9,1514,,,,,,,9.2,290,1227,7.3,270,1220,3.3,2886,270,-2.4,51,1510,78.3,5.2,990.7,1023.1,2400,1019,1500,1021.4,9.7,8.1,1200,1.3,7.61,,,,,,1.3,0,1.1,-13.2,,,,,,,,,,,,,,
135,추풍령,1996-12-31,2.1,-2.5,840,9.1,1550,,,,,,,7.5,270,27,5,270,30,1.4,1195,270,-1.9,45,1540,77.3,5.3,991.3,1024,750,1019.5,2400,1021.9,9.7,7.6,1130,1.23,6.5,,,,,,4.8,.6,2.4,-10.6,,,,,,,,,,,,,{박무}0130-{박무}{강도0}0300-{박무}{강도0}0600-{박무}{강도0}0900-{박무}{강도0}1200-1350.{박무}1735-{박무}{강도0}1800-{박무}{강도0}2100-{박무}{강도0}2400,
135,추풍령,1997-01-01,-.6,-6,2240,7.1,1102,13.42,,,,,4.8,24.3,270,1339,15,290,1410,6.1,5228,270,-4.3,55,1345,76.3,4.7,982.8,1019.6,40,1008.1,1010,1013.5,9.7,0,1300,.55,1.82,3.5,2330,3.5,2330,4.4,8.8,4.9,1,-8.8,,,,,,,,,,,,7.3,{비}0940-{비}{강도0}1200-{진눈깨비}1250-1315.  {눈}1410-{눈}{강도0}1500-{눈}{강도0}1800-{눈}{강도0}2100-{눈}{강도0}2400-  -{박무}-{박무}{강도0}0300-{박무}{강도0}0600-{박무}{강도0}0900-{박무}{강도0}1200-{박무}{강도0}1500-{박무}{강도0}1800-{박무}{강도0}2100-{박무}{강도0}2400-  {폭풍}1410.,
135,추풍령,1997-01-02,-5.9,-7.6,740,-2.9,1555,10,,,,,2.5,23.2,270,18,14.8,270,20,7.5,6498,290,-11.8,48,1515,62.5,2.5,989.3,1024.6,2400,1016.8,0,1020.8,9.7,5.6,1145,1.18,6.79,3.6,840,6.9,840,4.2,6.3,5.1,-1,-12.2,,,,,,,,,,,,0,-{눈}-0235.  {눈}0320-{눈}{강도0}0600-{눈}{강도0}0900-1045.  -{박무}-{박무}{강도0}0300-{박무}{강도0}0600-{박무}{강도0}0900-1020.  {폭풍}0020-0050.,
135,추풍령,1997-01-03,-5.2,-8.1,750,-1.2,1503,,,,,,,17,250,1331,11.3,250,1320,5.6,4862,250,-14.2,31,1600,50.5,2.1,994.8,1028.3,2255,1024.6,0,1026.4,9.7,8.5,1200,1.5,8.8,,,2.9,0,,.4,0,-2.8,-13.7,,,,,,,,,,,,,,
135,추풍령,1997-01-04,-3.8,-7.7,122,4.6,1618,,,,,,,10.7,270,658,9,270,710,3.2,2751,270,-12.6,25,1600,53.1,2.3,996.4,1029.1,1048,1025.7,1820,1027.8,9.7,7.4,1230,1.47,8.46,,,,,,2.1,.3,-1.2,-13.8,,,,,,,,,,,,.3,,
135,추풍령,1997-01-05,-3.5,-6.9,119,-.2,1334,15.75,,,,,4.9,17,270,2213,12.3,270,2330,3.3,2840,270,-6.8,58,714,78.1,3.8,990.5,1027.1,0,1016.9,1436,1021.8,9.8,0,1345,.45,1.51,6.3,1248,6.3,1248,9.9,9.5,6.1,-1.2,-13.7,,,,,,,,,,,,5.8,{눈}0815-{눈}{강도0}0900-{눈}{강도0}1200-{눈}{강도0}1500-{눈}{강도0}1800-{눈}{강도0}2100-{눈}{강도0}2400-,
135,추풍령,1997-01-06,-6.4,-8.3,2400,-3.9,1450,8.45,,,,,1.2,14,290,648,10.7,270,730,5.3,4563,270,-11.5,53,1734,66.6,2.6,998.2,1033.6,2242,1024.3,0,1030,9.8,5.8,1200,1.48,7.69,2.5,610,7.6,610,2.1,5.1,4,-1.2,-14,,,,,,,,,,,,0,-{눈}-0135.  {눈}0410-{눈}{강도0}0600-0615.  {눈}0750-{눈}{강도0}0900-0940.  {눈}1135-{눈}{강도0}1200-1432.,
135,추풍령,1997-01-07,-5.8,-9.2,258,-2,1500,2.67,,,,,0,11.6,290,612,9.3,290,620,5.9,5117,270,-9.8,54,1550,74.3,2.9,1001.4,1035.1,930,1031.1,1615,1033.2,9.8,5,1230,1.44,7.54,,,3.3,0,,5.4,4.1,-2,-14.2,,,,,,,,,,,,0,{눈}1805-2045.,
135,추풍령,1997-01-08,-3.3,-6.1,312,1.2,1610,,,,,,,11.1,250,1702,9.7,250,1720,5.8,5036,270,-7.7,44,1600,73.3,3.4,1002.4,1036.1,1028,1032,1620,1034,9.8,5.8,1230,1.43,7.54,,,2.2,0,,2.5,1.4,-1.8,-10.9,,,,,,,,,,,,,,
135,추풍령,1997-01-09,-2.6,-6.8,630,1.5,1505,,,,,,,13,270,1415,9.5,270,1420,4.2,3648,250,-8.5,46,1440,64.3,3.2,998.9,1033.7,0,1028.2,1503,1030.3,9.8,7.6,1315,1.48,8.68,,,.5,0,,2.9,2.1,-1.5,-14.1,,,,,,,,,,,,,,
135,추풍령,1997-01-10,-1.5,-5.7,2400,2.1,1509,,,,,,,10.2,290,417,7.3,290,420,3.6,3150,290,-7.7,49,1453,63.4,3.4,995.4,1028.6,0,1024.7,1530,1026.5,9.8,6.7,1230,1.32,6.68,,,,,,4.1,1.6,-.1,-14.3,,,,,,,,,,,,,{박무}1845-{박무}{강도0}2100-{박무}{강도0}2400-,
135,추풍령,1997-01-11,-2.5,-9.1,753,4.1,1514,,,,,,,6.7,270,1342,5.8,270,1350,1.6,1387,270,-6.9,47,1452,74.3,3.7,994.8,1027.5,825,1023.8,1515,1026.1,9.9,7.6,1145,1.43,7.78,,,,,,1.3,0,-1.4,-15.2,,,,,,,,,,,,,-{박무}-{박무}{강도0}0300-{박무}{강도0}0600-{박무}{강도0}0900-{박무}{강도0}1200-1240.  {박무}1730-{박무}{강도0}1800-{박무}{강도0}2100-{박무}{강도0}2400-,
135,추풍령,1997-01-12,-.9,-5.9,757,3.4,1513,,,,,,,7.3,230,1312,6,230,1300,1.9,1679,230,-4.9,53,1423,75.4,4.3,995.8,1028.2,905,1025.5,1450,1026.9,9.9,4.2,1130,1.27,5.8,,,,,,5.1,4.4,-.2,-12.3,,,,,,,,,,,,,-{박무}-{박무}{강도0}0300-{박무}{강도0}0600-{박무}{강도0}0900-{박무}{강도0}1200-{박무}{강도0}1500-{박무}{강도0}1800-{박무}{강도0}2100-{박무}{강도0}2400-,
135,추풍령,1997-01-13,.9,-6.9,804,9.7,1635,,,,,,,8,290,2332,6.5,230,2030,1.8,1536,50,-5.4,38,1625,66.1,4.1,994,1028,306,1021.7,1636,1024.8,9.9,8.6,1215,1.5,8.98,,,,,,3.3,1.3,.9,-14.2,,,,,,,,,,,,0,-{박무}-{박무}{강도0}0300-{박무}{강도0}0600-{박무}{강도0}0900-{박무}{강도0}1200-1210.,
135,추풍령,1997-01-14,-1.1,-6.5,2400,3.3,108,.52,,,,,0,12.7,290,204,11.3,290,200,5.4,4664,290,-10.3,27,1558,51.3,3,995.2,1029.8,2340,1021.9,130,1026.3,9.9,8.4,1215,1.57,9.39,,,,,,2,.8,.6,-10.9,,,,,,,,,,,,,{비}0225-0256.,
135,추풍령,1997-01-15,-2.6,-8.2,650,3.5,1432,,,,,,,10,290,512,9,290,520,5,4356,270,-13.8,23,1520,41.5,2.2,995.9,1030.3,850,1024.7,1710,1027.2,9.9,7.8,1300,1.49,8.17,,,,,,3.4,0,-1.9,-13.7,,,,,,,,,,,,,,
135,추풍령,1997-01-16,-1.5,-5,254,3.3,1505,,,,,,,9.2,270,1626,8.7,270,1620,4.2,3658,270,-10,36,1414,52.6,2.9,993.6,1026.7,2400,1021.9,1430,1024.7,10,8,1200,1.42,8.25,,,,,,2.3,.4,-.3,-13,,,,,,,,,,,,,,
135,추풍령,1997-01-17,-.5,-5.5,436,4,1504,,,,,,,9.9,270,2332,7.3,250,1120,3.8,3319,270,-5.2,49,1506,72.1,4.2,992.9,1027.9,1008,1021.2,1802,1023.9,10,4.2,1315,1.37,6.38,,,,,,5.6,2.3,.1,-13.9,,,,,,,,,,,,,,
135,추풍령,1997-01-18,-2.1,-5.2,2400,1.8,40,,,,,,,15,250,1229,11.7,250,1400,5.5,4763,270,-13.3,21,1520,45,2.4,992,1024.6,2400,1021.2,100,1023.2,10,8.5,1200,1.58,9.65,,,,,,1.6,1.4,-.2,-13.2,,,,,,,,,,,,,,
135,추풍령,1997-01-19,-2.9,-7.7,803,4.1,1609,,,,,,,9,290,148,8.7,320,110,3.7,3162,290,-12,24,1623,51.9,2.5,991.9,1024.7,824,1020.6,1610,1023.2,10,8.6,1200,1.59,9.84,,,,,,1,.4,-1.2,-15.4,,,,,,,,,,,,,,
135,추풍령,1997-01-20,2,-5.2,130,6.9,1354,,,,,,,11.7,290,1350,8.8,320,1210,4.5,3892,270,-4.4,50,1348,61.6,4.5,988.4,1023.5,0,1016.4,1758,1019,10,2.8,1145,1.54,6.67,,,,,,6,4.3,.8,-12.9,,,,,,,,,,,,0,,
135,추풍령,1997-01-21,-7.6,-12.2,2400,-.8,0,.42,,,,,0,18,270,415,15.3,270,440,7.2,6220,270,-16.1,40,1550,50.4,1.9,990.7,1029.1,2400,1017.1,350,1022.4,10.1,8.2,1215,1.62,9.9,,,,,,.5,.5,-3.1,-16.7,,,,,,,,,,,,,{눈}0810-0835.  {폭풍}0440.,
135,추풍령,1997-01-22,-7,-13.5,450,.2,1534,,,,,,,14,320,204,10.5,320,200,5.3,4581,320,-17.3,29,1539,44.3,1.6,995.6,1030.1,313,1025.1,2335,1027.4,10.1,8.6,1200,1.62,9.93,,,,,,.4,0,-3.2,-18.1,,,,,,,,,,,,,,
135,추풍령,1997-01-23,-4.2,-8.2,354,-1.4,1550,7,,,,,.1,12.2,250,2213,7,290,110,3.9,3393,270,-7.6,53,0,78,3.6,990.4,1026,300,1018.5,1943,1021.7,10.1,0,1230,.45,2.17,.2,1235,.2,1235,.2,8.3,4.4,-2.8,-14.3,,,,,,,,,,,,.1,{눈}1040-{눈}{강도0}1200-{눈}{강도0}1500-1635.  {눈}1920-2025.,
135,추풍령,1997-01-24,-5,-8.2,910,-1.2,1520,,,,,,,17.4,270,1659,13.3,250,1350,7,6041,250,-13,36,1430,54.9,2.3,986.2,1019.5,900,1015.3,1500,1017.5,10.2,7.7,1230,1.63,8.82,,,.1,0,,2.5,1.1,-3,-16.9,,,,,,,,,,,,,,
135,추풍령,1997-01-25,-2.5,-8.1,526,3.2,1442,,,,,,,18.4,290,1614,11.7,290,1540,7,6086,290,-9.8,35,1220,57.9,3,988.9,1021.3,1145,1018.3,0,1020,10.2,8.6,1230,1.63,9.63,,,,,,2.5,2.5,-.7,-15,,,,,,,,,,,,,,
135,추풍령,1997-01-26,1.8,-.4,755,6.2,1458,,,,,,,14.1,250,1345,8.8,250,1350,4.9,4251,270,-5.1,42,1443,60.6,4.2,989,1020.6,2400,1017.6,1506,1019.5,10.2,4,1230,1.73,7.38,,,,,,5,4.4,2,-4.7,,,,,,,,,,,,,{박무}0615-{박무}{강도0}0900-1120.  {박무}2010-{박무}{강도0}2100-{박무}{강도0}2400-,
135,추풍령,1997-01-27,.3,-4.7,835,6.2,1520,,,,,,,11,270,1630,8,250,1530,2.4,2098,250,-4.8,44,1623,69.3,4.3,984.5,1020.6,0,1012.3,2352,1015.1,10.2,4,1145,1.24,6.87,,,,,,2.4,1.9,-.5,-11.4,,,,,,,,,,,,0,-{박무}-{박무}{강도0}0300-{박무}{강도0}0600-{박무}{강도0}0900-{박무}{강도0}1200-1245.,
135,추풍령,1997-01-28,-1.6,-3.9,152,.5,343,8.08,,,,,.6,20.2,270,1815,12,270,1820,6.6,5726,270,-6.6,55,1232,69.1,3.8,982.2,1017,2400,1010,440,1012.9,10.3,.8,1300,.74,3.49,.4,1125,.4,1125,.4,7,5.5,-.8,-12.1,,,,,,,,,,,,.6,{눈}0840-{눈}{강도0}0900-1145.  {눈}1320-{눈}{강도0}1500-1540.  {눈}1615-1720.  {눈}2040{눈}{강도0}2100-2215.,
135,추풍령,1997-01-29,-2.4,-4.8,311,1.5,1504,3.33,,,,,0,18.8,290,946,11,180,1340,6.3,5468,250,-9.3,37,1322,60.1,3.1,988.1,1022,2330,1016.3,28,1019.1,10.3,4.9,1230,1.61,8.34,,,,,,4.8,4.5,-1.1,-8.9,,,,,,,,,,,,0,{눈}0145-0232.  {눈}0535-{눈}{강도0}0600-0725.  {눈}1542-1625.,
135,추풍령,1997-01-30,-1.8,-8.1,744,3.3,1453,,,,,,,13.3,250,8,7.3,250,10,2.4,2033,250,-13.1,26,1422,42.4,2.3,991.2,1024.2,942,1019.8,1506,1022.3,10.3,6.5,1230,1.6,9.04,,,,,,5.3,1.1,-1,-17.2,,,,,,,,,,,,,,
135,추풍령,1997-01-31,-1.4,-7.1,630,4.9,1228,3.4,,,,,1.1,12.3,270,1332,8,250,2220,2.9,2530,270,-8,30,1213,62.9,3.6,991.5,1025.5,2400,1020.3,1412,1022.5,10.4,3.3,1130,1.44,5.19,.6,1425,.6,1425,.8,5.3,3.6,-1.2,-16.5,,,,,,,,,,,,1.1,{눈}1310-{눈}{강도0}1500-1634.,
135,추풍령,1997-02-01,-2.3,-6.1,610,4.1,1427,,,,,,,8.9,250,214,6.2,250,240,2.6,2287,250,-9.6,28,1527,59.8,3,996,1029.8,1030,1025.5,0,1027.4,10.4,6.5,1200,1.68,9.36,,,,,,3.3,.6,-.4,-13.8,,,,,,,,,,,,,,
135,추풍령,1997-02-02,-2.9,-8.5,725,4,1424,,,,,,,10.7,290,1359,8,250,1050,2.6,2277,320,-9.7,38,1317,60.6,2.9,993,1027,0,1020.9,1607,1024.3,10.4,8.8,1200,1.64,9.87,,,,,,1.5,.4,-1.3,-16.8,,,,,,,,,,,,,,
135,추풍령,1997-02-03,-3.5,-7.8,830,2.3,1505,,,,,,,10,270,1002,8.6,320,550,4.8,4143,270,-11.3,33,1652,56.4,2.6,994.7,1028.4,2400,1024.1,1508,1026,10.5,8.1,1230,1.64,10.3,,,,,,0,0,-.7,-12.8,,,,,,,,,,,,,,
135,추풍령,1997-02-04,-2.9,-11.1,810,5,1605,,,,,,,8.3,270,17,7,270,10,1.1,982,50,-10,36,1340,61,2.9,995.9,1029.7,902,1024.7,1503,1027.2,10.5,3.3,930,.91,5.95,,,,,,4.3,1.3,-1.7,-18.7,,,,,,,,,,,,,{박무}2140-{박무}{강도0}2400-,
135,추풍령,1997-02-05,-1,-8.4,437,6.8,1510,,,,,,,12,270,2245,8.7,270,2250,2.8,2421,250,-9.5,25,1509,57.6,3,993,1027.1,0,1021.1,1650,1024,10.5,7.5,1330,1.58,8.7,,,,,,4.3,.6,.5,-16.2,,,,,,,,,,,,0,-{박무}-{박무}{강도0}0300-{박무}{강도0}0600-0730.,
135,추풍령,1997-02-06,-1.2,-5.6,2400,2.9,1503,3.33,,,,,0,16.2,320,1047,11.2,320,1110,3.3,2857,320,-8,30,1610,61.6,3.5,992.8,1027.4,2400,1021.2,603,1023.9,10.5,6,1130,1.86,10.73,,,,,,5.4,2.5,1.6,-13.4,,,,,,,,,,,,0,{눈}0725-{눈}{강도0}0900-0935.  {눈}1020-1130.,
135,추풍령,1997-02-07,-1.6,-9.5,503,8.2,1514,,,,,,,7.8,20,1613,3.7,160,1500,.6,560,160,-9,27,1640,62.6,3.1,992.8,1027.4,0,1020.7,1730,1023.8,10.6,5.3,1200,1.58,8.78,,,,,,3.1,.5,-.3,-17.1,,,,,,,,,,,,,{박무}0645-{박무}{강도0}0900-1020.,
135,추풍령,1997-02-08,.5,-7,620,8,1630,,,,,,,8.5,250,1346,7.8,250,1340,2.5,2164,250,-9.5,24,1210,51.1,3,989.2,1022.2,910,1017.7,1440,1019.9,10.6,6.2,1145,1.52,8.77,,,,,,3.1,.4,.1,-13.8,,,,,,,,,,,,,,
135,추풍령,1997-02-09,2.5,-5.6,805,11.8,1604,,,,,,,8.8,250,1102,7.8,250,1250,2.7,2357,250,-8,23,1548,47.6,3.4,987.3,1019.9,808,1014.7,1702,1017.8,10.7,8.7,1230,1.8,11.22,,,,,,1.8,0,1.7,-13.8,,,,,,,,,,,,,,
135,추풍령,1997-02-10,.3,-3.6,423,6.3,1410,1,,,,,.2,14.9,290,2152,8.3,290,2140,3.6,3118,290,-5.6,47,1343,64.6,4.1,985.5,1019.1,232,1013.7,1520,1016.3,10.7,2.8,1230,1.17,5.9,.2,2400,.2,2400,.2,6.8,2.8,.5,-12.1,,,,,,,,,,,,2.2,{박무}0615-{박무}{강도0}0900-1010.  {햇무리}1050-1320.  {진눈깨비}1620-1635.  {눈}2315-{눈}{강도0}2400-,
135,추풍령,1997-02-11,-2.5,-5.2,640,2.2,1630,9.92,,,,,2.1,17.7,320,532,14.3,320,550,7.7,6645,250,-8.2,40,1647,66.3,3.3,986,1021.3,2400,1012.9,535,1017,10.7,6.8,1300,1.68,10.26,2.3,816,2.4,816,2.4,5.3,3.8,0,-7.6,,,,,,,,,,,,.1,-{눈}-{눈}{강도0}0300-0440.  {눈}0530-{눈}{강도0}0600-{눈}{강도0}0900-1045.  {폭풍}0550.,
135,추풍령,1997-02-12,-2.3,-5.2,2400,3,1610,,,,,,,15.5,250,852,13.8,250,900,6,5212,250,-10.8,34,1636,53.9,2.7,993.3,1027.7,2400,1021.3,0,1024.5,10.8,8.3,1230,1.8,11.16,,,,,,.9,.9,-1,-12.5,,,,,,,,,,,,,,
135,추풍령,1997-02-13,-1.9,-7.4,541,3.7,1520,,,,,,,13.2,250,1543,11,250,1410,4.3,3680,250,-10.2,36,1452,54.1,2.8,996.4,1029.4,902,1025.1,1456,1027.7,10.8,8.3,1230,1.89,11.75,,,,,,.5,.5,-.9,-15.4,,,,,,,,,,,,,,
135,추풍령,1997-02-14,-.3,-7.2,805,7.4,1440,,,,,,,8,270,1050,7,270,1020,2.3,1958,290,-11.1,24,1630,48.5,2.6,996.5,1031,840,1024.6,1511,1027.6,10.8,8.4,1230,1.87,11.37,,,,,,3.4,1.8,1.4,-15.9,,,,,,,,,,,,,,
135,추풍령,1997-02-15,1.2,-6.2,730,10,1428,,,,,,,5.2,250,2158,3.5,250,2220,.6,543,270,-7,30,1631,56.5,3.7,989.4,1026,0,1014.5,2400,1020,10.9,3.7,1215,1.54,7.71,,,,,,6.4,1.8,1.7,-13.2,,,,,,,,,,,,0,{햇무리}1015-1230.,
135,추풍령,1997-02-16,-3.3,-6,910,2.9,0,.48,,,,,0,19.9,270,713,13.8,270,710,6.1,5238,290,-12.1,32,1437,50.6,2.5,988.1,1024.7,2254,1013.2,103,1019.1,10.9,8.4,1245,1.83,11.55,,,,,,2.5,1.6,.4,-13.2,,,,,,,,,,,,,{눈}0015-0024.  {눈}0105-0125.,
135,추풍령,1997-02-17,-3.1,-7.8,730,2.6,1626,,,,,,,12.7,200,1352,11.7,270,1520,5.4,4630,270,-11.8,35,1550,51.8,2.5,991.3,1025.2,903,1019.2,1613,1022.5,10.9,8.7,1300,1.83,11.8,,,,,,2,0,-.6,-13,,,,,,,,,,,,,{햇무리}1115-1215.,
135,추풍령,1997-02-18,-2.7,-6.1,628,2.3,1425,4.03,,,,,.8,18.2,270,1432,12,270,1450,4.6,4010,270,-8.7,47,1638,63.3,3.3,991.1,1025,2232,1018.9,1437,1022.3,11,3.4,1100,1.38,7.65,.4,1447,.4,1447,.4,4.1,3,-1,-12.7,,,,,,,,,,,,.8,{눈}1010-1124.  {눈}1150-{눈}{강도0}1200-1220.  {눈}1245-1403.  {눈}1420-{눈}{강도0}1500-1520.,
135,추풍령,1997-02-19,-.3,-7.7,712,5.5,1553,,,,,,,15.1,270,1548,13.7,270,1450,5.3,4606,270,-8.7,31,1406,54.8,3.2,994.2,1027.2,820,1023.1,1554,1025.1,11,9.1,1230,1.92,12.01,,,,,,0,0,0,-15.2,,,,,,,,,,,,,,
135,추풍령,1997-02-20,3.7,-3.2,749,10.9,1601,1.92,,,,,.5,17.2,270,2347,13.5,270,2340,5.3,4592,270,-3.6,33,1130,60.4,4.8,988.8,1024.7,0,1013.6,1717,1019.2,11,7.2,1300,1.63,9.89,,,,,,3.1,2.6,2.5,-12.9,,,,,,,,,,,,.5,{비}1730-{비}{강도0}1800-1925.,
135,추풍령,1997-02-21,.3,-4,2400,4.6,1500,,,,,,,19.7,290,432,11,290,440,5.5,4788,290,-12.6,21,1510,37.5,2.4,995.4,1031.3,2400,1019.9,0,1026.3,11.1,9.6,1230,1.94,12.88,,,,,,.4,.4,1.8,-11.3,,,,,,,,,,,,,,
135,추풍령,1997-02-22,-.9,-9.2,804,8,1540,,,,,,,5.6,140,1210,4.7,270,130,1,888,110,-12.6,22,1551,43.3,2.4,1001.2,1035.9,903,1030.1,1655,1032.5,11.1,9.1,1200,1.89,12.49,,,,,,1.9,0,.7,-17.7,,,,,,,,,,,,,,
135,추풍령,1997-02-23,1.7,-9.2,710,11.8,1518,,,,,,,9,270,1559,5,320,1500,1.2,1055,270,-5.4,37,1425,62,4.3,999.8,1033.4,210,1027.4,1732,1030.6,11.2,8.6,1215,1.89,12.22,,,,,,.8,0,1.6,-16.5,,,,,,,,,,,,,,
135,추풍령,1997-02-24,6,-3.9,742,15.6,1513,,,,,,,7.7,250,1033,6.2,250,1040,.9,773,250,-1.3,31,1548,64,5.6,996.9,1030.9,856,1024.1,1542,1027.2,11.2,7.5,1200,1.91,11.99,,,,,,3.8,1.9,5,-11,,,,,,,,,,,,9.4,,
135,추풍령,1997-02-25,6.9,4.3,755,10.2,1629,15.72,,,,,18,10.3,290,1748,8,290,1710,1.5,1295,250,5.7,61,0,91.8,9.2,990.2,1025,0,1016.2,1430,1020.2,11.2,0,1115,.46,1.7,,,,,,10,5.6,6.4,2.5,,,,,,,,,,,,8.6,{비}0247-{비}{강도0}0300-{비}{강도0}0600-{비}{강도0}0900-{비}{강도0}1200-{비}{강도0}1500-{비}{강도0}1800-1830.{박무}0125-{박무}{강도0}0300-{박무}{강도0}0600-{박무}{강도0}0900-{박무}{강도0}1200-{박무}{강도0}1500-{박무}{강도0}1800-1925.,
135,추풍령,1997-02-26,6.1,4,744,8.8,1352,,,,,,,6.2,290,13,5.3,70,1520,1.9,1611,70,3.5,73,1358,84.4,7.9,996.3,1029.3,2350,1022.3,0,1026.6,11.3,.4,1200,.79,4.28,,,,,,9,5.4,8,.5,,,,,,,,,,,,,{박무}0415-{박무}{강도0}0600-{박무}{강도1}0900-{박무}{강도0}1200-{박무}{강도0}1500-{박무}{강도0}1800-2045.,
135,추풍령,1997-02-27,6.9,-.3,735,15.4,1537,,,,,,,4.8,70,1628,2.8,70,1610,.6,477,140,1.7,45,1643,72.5,6.9,997.8,1031.9,900,1024.8,2052,1028,11.3,8.1,1230,1.75,11.07,,,,,,1.5,1.1,7.3,-7,,,,,,,,,,,,,{박무}0420-{박무}{강도0}0600-{박무}{강도0}0900-1025.,
135,추풍령,1997-02-28,6.4,1.5,608,10.3,1711,7.37,,,,,11.2,12,20,1716,7.7,270,2400,1.9,1620,270,4.2,66,1124,85.9,8.4,986.5,1025.3,0,1010.3,1640,1016.5,11.3,.8,1030,.5,1.49,,,,,,7.5,5.6,6.5,-5,,,,,,,,,,,,11.2,{박무}0435-{박무}{강도0}0600-{박무}{강도0}0900-1040.  {비}1330-{비}{강도0}1500-{비}{강도0}1800-2052.,
135,추풍령,1997-03-01,3.6,-.8,2128,9.2,1606,,,,,,,13.2,290,158,11.3,290,200,4.6,3952,250,-5.8,24,1653,51.9,4.1,991.9,1025.9,2400,1015.8,0,1022.3,11.4,10.1,1200,2.04,13.32,,,,,,2,1.1,4.9,-9,,,,,,,,,,,,,,
135,추풍령,1997-03-02,.7,-3.8,720,4.8,1315,,,,,,,17.2,250,1430,9.2,250,1440,3.6,3112,270,-10.3,30,1543,43.9,2.8,995.5,1028.5,2310,1024.5,1430,1026.4,11.4,7.9,1200,1.98,11.43,,,,,,5.1,1,3.2,-11.9,,,,,,,,,,,,,,
135,추풍령,1997-03-03,.3,-5.4,720,5.1,1507,,,,,,,13.1,250,1718,8,250,1420,4.3,3722,250,-10.7,31,1447,43.9,2.7,996,1029.3,820,1024.1,1713,1027,11.5,10.2,1215,2.11,13.89,,,,,,0,0,3,-11.5,,,,,,,,,,,,,,
135,추풍령,1997-03-04,4.4,-1.3,738,10.5,1420,,,,,,,12.5,270,1605,10,270,1630,4.8,4184,270,-3,42,1602,58.5,5,994.9,1027.6,842,1022.4,1628,1025.3,11.5,9,1230,1.95,12.54,,,,,,1.5,1.5,4.5,-8.4,,,,,,,,,,,,,,
135,추풍령,1997-03-05,6.3,-2,730,16.2,1608,,,,,,,8.8,290,1052,5.7,290,1100,1.7,1450,290,-1.8,31,1543,59.5,5.4,993.8,1026.7,855,1021.5,1830,1024,11.5,10,1230,1.95,13.09,,,,,,.4,0,6.5,-9.8,,,,,,,,,,,,,,
135,추풍령,1997-03-06,5,-.5,518,9.8,1830,5.58,,,,,9.2,11.9,270,1703,8.3,270,1620,1.3,1126,230,2.6,71,913,84.1,7.5,987.5,1023,0,1013.3,1440,1017.6,11.6,0,1130,.27,1.32,,,,,,6.1,4,5,-7.5,,,,,,,,,,,,9.2,{박무}0615-{박무}{강도0}0900-{박무}{강도0}1200-{박무}{강도0}1500-1625.{비}0955-{비}{강도0}1200-{비}{강도0}1500-1530.,
135,추풍령,1997-03-07,7.2,.5,2330,12.1,1620,,,,,,,15,270,920,10.7,270,850,5.5,4721,250,-3.8,22,1630,48.3,4.9,992.3,1025.7,2400,1017.4,15,1022.3,11.6,9.7,1215,2.1,13.94,,,,,,2.5,2.1,7.4,-7.6,,,,,,,,,,,,,{박무}0625-{박무}{강도0}0900-0950.,
135,추풍령,1997-03-08,6.8,-2.4,710,14.6,1419,,,,,,,14.7,270,1549,11.8,270,1510,4.1,3572,270,-6.5,22,1440,41,3.8,994.1,1026.2,910,1021,1532,1024.2,11.7,9.7,1215,2.12,14.12,,,,,,.5,0,6.2,-10.3,,,,,,,,,,,,,,
135,추풍령,1997-03-09,8.4,2.3,608,16.2,1551,,,,,,,9.6,270,44,7,270,30,2.1,1798,250,-.1,28,1608,57.5,6.1,994.9,1026.8,1033,1023.2,1730,1025,11.7,7.1,1200,1.95,9.24,,,,,,5.6,3.3,7.5,-6.4,,,,,,,,,,,,.9,{햇무리}1020-1130.,
135,추풍령,1997-03-10,6.7,4.2,230,8.6,2400,10.05,,,,,2.6,10,320,2332,9,290,2300,2.1,1809,90,5.4,66,0,91,9,989.3,1025.2,0,1015.8,1732,1019.2,11.7,0,1200,.22,1.28,,,,,,10,4.4,7.4,-4.5,,,,,,,,,,,,1.7,{비}0545-{비}{강도0}0600-{비}{강도0}0900-{비}{강도0}1200-{비}{강도0}1500-1525.  {비}1715-1738.  {박무}0415-{박무}{강도0}0600-{박무}{강도0}0900-{박무}{강도1}1200-{박무}{강도1}1500-{박무}{강도0}1800-{박무}{강도0}2100-{박무}{강도0}2400-,
135,추풍령,1997-03-11,8.8,4.5,732,17.2,1603,,,,,,,10.1,270,127,8.7,270,120,3.6,3068,270,-.2,21,1517,56.9,6.1,992.7,1025.5,2400,1019,0,1022.6,11.8,10.2,1200,2.11,14.48,,,,,,4.4,1.5,10,-.8,,,,,,,,,,,,,-{박무}-{박무}{강도0}0300-{박무}{강도0}0600-0720.,
135,추풍령,1997-03-12,8.5,1.4,656,15.6,1303,,,,,,,6.3,140,1209,4.7,70,910,1.8,1560,70,2,40,1352,65.6,7.1,993.9,1026,210,1021.8,1957,1023.8,11.8,8.1,845,1.69,12.4,,,,,,7.3,1.6,9.7,-5.4,,,,,,,,,,,,,{박무}0615-{박무}{강도0}0900-1020.  {햇무리}1030-1705.  {박무}1910-{박무}{강도0}2100-{박무}{강도0}2400-,
135,추풍령,1997-03-13,11.1,3.2,650,20.3,1446,,,,,,,6.7,70,856,4.7,70,840,.8,648,70,3.7,38,1415,63.3,8,988.4,1022.9,0,1013.4,1743,1017.9,11.8,10.3,1200,2.1,14.42,,,,,,1.8,1,12.6,-4.1,,,,,,,,,,,,,-{박무}-{박무}{강도0}0300-{박무}{강도0}0600-0710.,
135,추풍령,1997-03-14,4.9,2.2,2400,9.7,1043,8.83,,,,,11.4,12.2,70,1622,8.5,70,1600,2.7,2297,90,2.6,58,1215,85.1,7.4,987.3,1020.8,2400,1014.6,552,1017.4,11.9,0,1000,.63,1.58,,,,,,8.1,5.4,6.9,-1.3,,,,,,,,,,,,11.4,{비}1225-{비}{강도0}1500-{비}{강도0}1800-{비}{강도0}2100-2115.,
135,추풍령,1997-03-15,2.6,1.6,2400,4,1258,13.33,,,,,4.1,7,70,1029,4.5,70,1040,2.5,2188,70,.3,77,30,84.6,6.3,992.5,1025.2,2250,1020.5,418,1023.1,11.9,0,1000,.37,2.16,,,,,,10,5.9,6,-.4,,,,,,,,,,,,4.7,{비}0845-{비}{강도0}0900-0940.  {비}1135-{비}{강도0}1200-{비}{강도0}1500-{비}{강도0}1800-{비}{강도0}2100-{비}{강도0}2400-,
135,추풍령,1997-03-16,3.1,.3,2400,8.2,1350,2.5,,,,,.6,8.3,90,1931,4.7,90,1940,1.9,1630,90,-2.3,49,1424,68.6,5.2,997.6,1031.5,2400,1021.5,0,1028.3,12,1.8,1300,.97,5.42,,,,,,8.9,6.3,6.9,-5,,,,,,,,,,,,,-{비}-{진눈깨비}0042-0150.  {눈}0250-{눈}{강도0}0300-0330.,
135,추풍령,1997-03-17,3.3,-1.7,510,10.9,1527,,,,,,,5.5,140,1052,4,140,1100,1.3,1149,90,-3.6,39,1533,62.3,4.7,999.3,1031.9,928,1027.7,1710,1030,12,8.1,1415,2.03,11.83,,,,,,2.8,2.3,7,-9,,,,,,,,,,,,,,
135,추풍령,1997-03-18,5.3,-3.8,713,14,1529,,,,,,,7.9,230,1052,6,230,1110,2,1767,290,-1.8,35,1539,63.8,5.4,994.1,1029.7,143,1019.6,1818,1024.4,12,10.7,1230,2.3,15.15,,,,,,2.9,.6,7.4,-10.9,,,,,,,,,,,,,{박무}2320-{박무}{강도0}2400-,
135,추풍령,1997-03-19,8,1.7,729,16.1,1430,,,,,,,8.8,70,1618,7,70,1640,3.1,2645,290,-.3,29,1421,57.6,6.1,990.1,1022.3,32,1016.6,1512,1020,12.1,10.1,1300,2.09,14.62,,,,,,3.5,.8,10.4,-2,,,,,,,,,,,,,-{박무}-{박무}{강도0}0300-0540.,
135,추풍령,1997-03-20,7.3,2.1,2400,15.3,1602,,,,,,,6.1,90,1252,4,70,1310,1.3,1112,70,.5,33,1630,65.6,6.4,990.4,1022.2,904,1017.7,1653,1020.4,12.1,6.8,1400,1.95,11.69,,,,,,5.9,2.9,11,-2.9,,,,,,,,,,,,,,
135,추풍령,1997-03-21,6.1,-1.2,630,13.6,1513,,,,,,,9.9,320,1517,7,320,1530,2.4,2053,270,0,40,1513,67.3,6.1,987,1020.2,0,1013.6,1652,1017,12.2,4.8,1400,1.36,9.1,,,,,,4.5,3.5,8.7,-5.4,,,,,,,,,,,,,{박무}0612-{박무}{강도0}0900-1045.  {달코로나}1950-2045.,
135,추풍령,1997-03-22,8,1.7,722,15.7,1442,,,,,,,9,290,1758,8.3,270,20,2.9,2499,270,-.3,30,1508,58.4,6,986.3,1018.7,850,1012.5,1515,1016.1,12.2,9,1230,2.25,14.6,,,,,,2.4,.9,7.8,-2.7,,,,,,,,,,,,,{박무}0410-{박무}{강도0}0600-{박무}{강도0}0900-0940.,
135,추풍령,1997-03-23,3.7,-1.8,2400,9.1,1503,,,,,,,13.6,290,1457,11.7,290,1420,3.8,3324,270,-2.6,27,1508,66.6,5.1,990,1027.4,2400,1017,325,1020.4,12.2,10.1,1200,2.45,16.34,,,,,,2.6,2.3,8.1,-8.1,,,,,,,,,,,,,{박무}0320-{박무}{강도0}0600-0810.,
135,추풍령,1997-03-24,4,-5.1,556,12.1,1553,,,,,,,12.6,270,2213,8.7,270,1540,3.5,2983,270,-6.2,24,1419,52.6,3.9,996.8,1029.9,840,1024.5,1758,1027.4,12.3,10.8,1200,2.36,16.8,,,,,,.9,0,7.9,-11.5,,,,,,,,,,,,,,
135,추풍령,1997-03-25,7.6,-.5,555,16.1,1640,,,,,,,11,250,1348,9,250,1010,4.3,3719,250,-5.2,22,1510,42.9,4.1,994.6,1027.5,200,1021.3,1730,1024.7,12.3,10.6,1300,2.13,15.27,,,,,,4.8,.8,12.4,-5.8,,,,,,,,,,,,,,
135,추풍령,1997-03-26,9.3,4.9,528,16.2,1505,,,,,,,9.8,270,2312,6.7,270,2250,3.3,2872,270,-2.6,28,1532,44,5,993.2,1024.6,300,1020,1710,1023,12.4,5.6,1415,1.54,9.4,,,,,,5.3,1.4,11.6,2.3,,,,,,,,,,,,,,
135,추풍령,1997-03-27,9.8,1.2,653,16.8,1616,,,,,,,15,250,1438,9.3,250,1440,4.7,4081,250,.6,33,1618,54.8,6.4,993.8,1025.8,855,1020.8,1800,1023.6,12.4,10.2,1200,2.2,15.28,,,,,,.8,0,11.6,-4.7,,,,,,,,,,,,,{박무}2020-{박무}{강도0}2100-{박무}{강도0}2400-,
135,추풍령,1997-03-28,11.7,2.3,708,20.9,1445,,,,,,,10.3,290,1845,7.3,270,1930,2.3,1961,270,-.3,25,1450,47.5,6,989.1,1024.2,120,1013.9,1735,1018.5,12.4,10.1,1200,2.24,14.99,,,,,,2.5,0,13.8,-4.3,,,,,,,,,,,,,-{박무}-{박무}{강도0}0300-{박무}{강도0}0600-{박무}{강도0}0900-0920.,
135,추풍령,1997-03-29,9.3,2.9,636,18.9,1528,.33,,,,,0,20.6,290,2347,12,270,2310,4.1,3555,270,2.3,33,1528,63.1,7.3,981.1,1015.8,0,1005,1557,1010.6,12.5,6.8,1400,1.98,12.45,,,,,,6.9,2.8,12.8,-2.5,,,,,,,,,,,,0,{비}2025-2045.,
135,추풍령,1997-03-30,2.5,-1.2,2400,8.5,1520,,,,,,,19.4,250,1101,11.7,250,1440,7.4,6422,270,-9.6,26,1403,40.4,3,991.8,1027.1,2400,1013.6,0,1022.4,12.5,11.3,1230,2.3,16.38,,,,,,.5,0,7.9,-4.3,,,,,,,,,,,,,{황사}0815-{황사}{강도0}0900-{황사}{강도0}1200-1445.,
135,추풍령,1997-03-31,4,-4.9,656,12.6,1553,,,,,,,11,270,22,9.3,270,10,3.4,2954,250,-7.8,25,1553,43.5,3.4,996.2,1029.3,830,1024,1810,1026.8,12.5,10.9,1145,2.38,16.83,,,,,,.5,0,10.9,-11.3,,,,,,,,,,,,,,
135,추풍령,1997-04-01,9.9,-2.4,603,21.6,1438,2.75,.3,2245,.7,2230,.9,8.1,140,1952,4.7,140,2050,1.5,1263,90,-1.6,24,1245,49.5,5.5,992.9,1027.1,34,1017.8,1700,1022.7,12.6,8.1,1145,2.36,13.83,,,,,,5.8,3.3,12.6,-7.9,,,,,,,,,,,,27.1,{비}2115-{비}{강도0}2400-,
135,추풍령,1997-04-02,7.8,4.8,257,10.2,1558,20.67,1.4,41,6.2,20,30.8,7,70,239,4.3,70,410,1.7,1509,70,6.7,83,0,92.3,9.9,985.1,1021,34,1012.3,1631,1014.9,12.6,0,1430,.38,1.31,,,,,,10,6.1,9.9,4.6,,,,,,,,,,,,6.2,-{비}-{비}{강도1}0300-{비}{강도0}0600-{비}{강도0}0900-{비}{강도0}1200-{비}{강도0}1500-1530.  {비}1615-{비}{강도0}1800-2050.  {비}2325-{비}{강도0}2400-   {박무}1545-{박무}{강도0}1800-{박무}{강도0}2100-{박무}{강도1}2400-,
135,추풍령,1997-04-03,9.5,7.8,2400,11.4,1218,7.83,.3,132,.7,130,1.6,7.1,70,1015,5.3,70,1040,2.4,2104,90,7.3,76,1317,86.4,10.2,988.8,1020.9,2220,1015.7,0,1018.4,12.7,0,1145,.72,2.85,,,,,,10,6.3,11.1,7.6,,,,,,,,,,,,0,-{비}-0045. {비}0130-{비}{강도0}0300-{비}{강도0}0600-0815. {비}2010-2030. -{박무}-{박무}{강도0}0300{박무}{강도0}0600-0835. {박무}2150-{박무}{강도0}2400-,
135,추풍령,1997-04-04,7.9,6.9,540,9.4,1435,8.08,.3,1740,.8,1710,3.8,4.8,90,1229,3.3,70,640,1.7,1427,70,5.8,75,1336,86.6,9.2,988.2,1020.8,0,1015.6,2340,1018,12.7,0,930,.3,1.65,,,,,,10,6.1,10.1,6.7,,,,,,,,,,,,5.6,{비}1435-{비}{강도0}1500-{비}{강도0}1800-{비}{강도0}2100-2240.  -{박무}-{박무}{강도0}0300-{박무}{강도0}0600-0630.  {박무}1350-{박무}{강도0}1500-{박무}{강도1}1800-{박무}{강도1}2100-{박무}{강도0}2400-,
135,추풍령,1997-04-05,8.5,6.8,514,10.1,1405,16.33,.4,751,.8,751,2.9,4.2,70,1448,2.8,70,1450,1.1,972,70,7.1,86,1327,90.9,10.1,985.6,1016.3,900,1014.3,330,1015.3,12.7,0,1130,.36,1.89,,,,,,10,6.6,10.2,6.5,,,,,,,,,,,,6.3,{비}0250-{비}{강도0}0300-{비}{강도0}0600-0625.  {비}0735-{비}{강도0}0900-1025.  {비}1220-{비}{강도0}1500-1630.  {비}1815-{비}{강도0}2100-{비}{강도0}2400-  -{박무}-{박무}{강도0}0300-{박무}{강도1}0600-{박무}{강도1}0900-1050.  {박무}1740-{박무}{강도0}1800-{박무}{강도1}2100-{박무}{강도1}2400-,
135,추풍령,1997-04-06,8.4,5.8,2130,12.6,1634,6.83,1.1,920,2.5,830,7.7,9.4,250,1533,5.7,250,1540,1.8,1574,270,5.4,56,1630,82,9,984.2,1016,0,1012,1640,1014,12.8,1.4,1600,1.34,4.61,,,,,,7.9,5.8,9.9,.2,,,,,,,,,,,,2.5,-{비}-0045.  {비}0345-{비}{강도0}0600-{비}{강도0}0900-0950.  -{박무}-{박무}{강도1}0300-{박무}{강도1}0600-{박무}{강도0}0900-1045.,
135,추풍령,1997-04-07,11.1,6,557,18,1652,,,,,,,11.1,270,512,7.8,250,1410,4.5,3914,270,3.4,36,1650,61.5,7.8,985.2,1017.1,1000,1011.9,1620,1014.6,12.8,7.9,1200,2.51,15.53,,,,,,4.3,2.6,13.3,4.1,,,,,,,,,,,,,,
135,추풍령,1997-04-08,12.2,6.7,621,16.5,1637,,,,,,,12,270,2128,8.7,270,2150,3.8,3310,270,1.9,35,1144,46.4,7,982.6,1015.1,116,1009.2,1814,1011.9,12.9,3.6,1100,1.62,8.17,,,,,,7.3,6.1,11.9,3.8,,,,,,,,,,,,,,
135,추풍령,1997-04-09,9.8,6,2400,14.8,1452,,,,,,,20,270,1352,12,270,1410,5.6,4856,270,-3.2,28,1523,40,4.9,983,1016,2400,1009.9,1557,1012.5,12.9,11,1145,2.59,19,,,,,,2.5,.8,11.9,.9,,,,,,,,,,,,,,
135,추풍령,1997-04-10,9.2,1.9,652,15.6,1350,,,,,,,18.2,270,1429,10.8,270,1430,4.6,3969,270,-3.4,31,1355,41,4.8,985.9,1017.9,628,1012.4,1653,1015.6,12.9,11.1,1130,2.66,19.75,,,,,,.3,.3,11.6,-4.7,,,,,,,,,,,,,,
135,추풍령,1997-04-11,10.8,2.9,642,17,1556,,,,,,,18.1,270,1512,13.7,270,1520,5.6,4840,270,-3.1,25,1704,37,5,983.7,1015.7,0,1009.8,1547,1013.1,13,10.9,1145,2.59,19.11,,,,,,1,.4,12.6,-3.4,,,,,,,,,,,,,,
135,추풍령,1997-04-12,12.5,4.6,627,20.3,1410,,,,,,,18,250,1059,13.3,270,40,4.6,3993,270,-3.4,23,1640,32.3,4.8,983.9,1017,740,1009.7,1653,1013.1,13,11.3,1200,2.7,20.26,,,,,,0,0,14.3,2.3,,,,,,,,,,,,,,
135,추풍령,1997-04-13,14.5,3.2,642,22.3,1530,,,,,,,13,270,1617,8.2,250,1120,3.7,3235,270,1.1,19,1619,40.6,6.7,985.1,1016.3,2400,1012.1,1600,1014.1,13,10.5,1200,2.57,18.31,,,,,,3.9,.4,16.5,-3.6,,,,,,,,,,,,,,
135,추풍령,1997-04-14,16.2,8.5,532,23.1,1531,,,,,,,12.1,270,1601,8.5,270,1630,3.4,2914,270,5.4,31,1520,50,9,987,1017.8,803,1013.5,1630,1015.9,13.1,9.7,1200,2.28,16.35,,,,,,6.1,.8,17.6,.1,,,,,,,,,,,,,,
135,추풍령,1997-04-15,12.3,7,605,19.8,1352,,,,,,,7.8,70,843,5,70,850,2.4,2082,70,4,39,1454,59,8.3,987.7,1020.1,2238,1013.9,1554,1017,13.1,5.8,1315,2.34,13.09,,,,,,4.8,3.8,17.4,.2,,,,,,,,,,,,,{박무}0435-{박무}{강도0}0600-{박무}{강도0}0900-1030.,
135,추풍령,1997-04-16,10.6,3.1,635,18.7,1310,,,,,,,9.5,270,1637,5.7,270,1640,1,881,270,2.6,33,1424,60.3,7.4,989,1020.9,842,1015.6,1504,1018.5,13.2,5.5,1200,2.23,13.24,,,,,,5.4,2.9,13.3,-2.2,,,,,,,,,,,,,,
135,추풍령,1997-04-17,11.6,5.9,457,17.2,1609,,,,,,,12.6,270,1100,6.8,270,930,2.6,2259,270,4,40,1517,61.5,8.2,989.1,1021.6,2400,1016.6,308,1018.5,13.2,9.1,1215,2.66,19.08,,,,,,6.3,3.9,17,-.6,,,,,,,,,,,,.5,,
135,추풍령,1997-04-18,12.4,5.6,650,19.7,1417,2.42,.2,252,.4,250,.5,10.2,290,1457,5.7,250,1640,2.3,1984,270,2.5,29,1625,56.1,7.5,992.1,1023.5,2356,1019.2,1544,1021.5,13.2,9.6,1030,2.52,17.65,,,,,,4.4,3,16.2,2.9,,,,,,,,,,,,,{비}0245-{비}{강도0}0300-0510.  {박무}0120-{박무}{강도0}0300-{박무}{강도0}0600-{박무}{강도0}0900-1030.,
135,추풍령,1997-04-19,13.4,2.5,632,22.6,1408,,,,,,,7,270,845,5.5,250,910,1.5,1255,270,-.3,19,1636,41.3,6,993.3,1024.9,812,1019.7,1730,1022.7,13.3,10.9,1200,2.55,19.51,,,,,,0,0,17.2,-2.8,,,,,,,,,,,,,,
135,추풍령,1997-04-20,14.5,3.1,604,23.2,1607,,,,,,,6.9,160,1842,4,20,2200,1.1,922,160,4.2,28,1716,54.3,8.3,991.8,1024.4,644,1016.7,1650,1021,13.3,9.6,1215,2.34,16.21,,,,,,4.6,.4,17.3,-2.3,,,,,,,,,,,,,{박무}0410-{박무}{강도0}0600-0845.  {햇무리}1030-1620.,
135,추풍령,1997-04-21,14,8.8,610,19.8,1150,,,,,,,7.2,160,1331,4.7,250,940,1.2,1053,160,5.9,36,1130,59.6,9.4,989.6,1021.1,622,1016,1653,1018.8,13.3,.8,1100,1.46,7.73,,,,,,8.3,2.6,15.5,2,,,,,,,,,,,,,,
135,추풍령,1997-04-22,12.5,4,605,20.5,1456,,,,,,,12.7,270,1502,7.2,270,1450,3.2,2741,270,-.7,22,1615,41.9,5.8,989.9,1023.1,2400,1016.7,1357,1019.3,13.4,11.1,1230,2.74,20.26,,,,,,.6,0,17.2,-2.7,,,,,,,,,,,,,,
135,추풍령,1997-04-23,12,2.8,454,21.2,1430,,,,,,,8.9,70,932,3.8,70,2110,1.4,1201,70,2.9,29,1523,56.8,7.6,994.6,1027.2,2325,1021.1,1722,1024.2,13.4,10,1200,2.53,18.46,,,,,,1.4,1.4,17.6,-4.1,,,,,,,,,,,,,,
135,추풍령,1997-04-24,11.2,1.7,550,18.6,1420,,,,,,,12,250,1520,7.7,250,1230,2.5,2201,270,1.8,31,1422,56.3,7,993.8,1027,0,1020.3,1635,1023.5,13.4,9.1,1300,1.97,14.3,,,,,,3.4,1.3,14.3,-4.3,,,,,,,,,,,,,{햇무리}1045-1335.,
135,추풍령,1997-04-25,12.6,4.8,616,18.5,1517,,,,,,,17,320,1245,10.2,270,1330,3.9,3366,270,1.8,36,1542,48.5,7,992.8,1024.2,2400,1020.2,1630,1022.2,13.5,9.9,1300,2.33,17.16,,,,,,2.3,1.1,15.8,-2.2,,,,,,,,,,,,,,
135,추풍령,1997-04-26,14.1,3.1,600,22.8,1547,,,,,,,11.8,270,1415,7.2,270,1600,2.6,2266,250,2,30,1504,45.9,7.1,992.8,1025.2,720,1018.5,1814,1022.1,13.5,11.1,1200,2.66,20.25,,,,,,0,0,17.1,-4,,,,,,,,,,,,,,
135,추풍령,1997-04-27,14,3.6,630,21.4,1342,,,,,,,9.2,250,1301,5.7,250,1240,2,1710,290,1.1,27,1440,44.6,6.6,988.8,1023.1,250,1014,1905,1018,13.5,9.7,1030,2.11,14.79,,,,,,5.4,.9,15.2,-4.1,,,,,,,,,,,,,{햇무리}1130-1310.,
135,추풍령,1997-04-28,15.9,9.6,520,22.7,1623,,,,,,,16.2,270,1432,10,270,1420,3.7,3230,270,5.3,35,1122,49.8,9.1,981.1,1014.4,0,1006.6,1820,1009.9,13.6,11.4,1145,2.62,19.37,,,,,,1.5,1,19.9,3.5,,,,,,,,,,,,,,
135,추풍령,1997-04-29,18.1,13,126,24.3,1514,4.33,.5,1735,.7,1735,1.5,18.2,290,810,10.7,290,800,2.9,2517,290,12.4,43,1514,71.1,14.5,979.7,1010.1,850,1005.8,1500,1008.1,13.6,5.7,1130,2.34,11.68,,,,,,8.6,6,19.4,7.8,,,,,,,,,,,,1.5,{비}1615-1635.  {비}1725-{비}{강도0}1800-1935.  {비}2030-{비}{강도0}2100-2220.  {박무}0410-{박무}{강도0}0600-{박무}{강도0}0900-1030.,
135,추풍령,1997-04-30,17,11.3,2352,24.1,1522,,,,,,,9.2,270,1335,5.3,290,1740,2.8,2381,270,7.3,23,1540,56.9,10.5,982,1015,2400,1008.1,1622,1010.6,13.6,9.6,1215,2.72,17.39,,,,,,5,2.8,20,4.8,,,,,,,,,,,,,{박무}0525-{박무}{강도0}0600-{박무}{강도0}0900-1010.,
135,추풍령,1997-05-01,15.5,5.5,455,25.3,1558,,,,,,,12,270,1433,7.3,270,1200,2.5,2117,270,1.6,20,1445,44,6.9,984.2,1016.2,630,1009.2,1650,1013,13.7,12.2,1200,2.78,22.02,,,,,,1.8,1.3,21.1,0,,,,,,,,,,,,,,
135,추풍령,1997-05-02,17.1,6.3,632,25.7,1412,,,,,,,6.9,250,1008,5,250,1010,1,907,250,6.3,31,1422,50.8,9.7,982.3,1014.2,620,1007.2,1722,1011,13.7,8.9,1115,2.65,16.09,,,,,,7.4,2.9,19.7,1,,,,,,,,,,,,,,
135,추풍령,1997-05-03,19.5,12.3,610,27.7,1451,,,,,,,9,290,1905,6.3,290,2010,1.3,1107,290,10.9,34,1420,59.8,13,980.3,1012.2,904,1005.2,1650,1008.6,13.7,6.8,1300,2.34,14.39,,,,,,5.3,2.1,23.6,8.6,,,,,,,,,,,,,{박무}0532-{박무}{강도0}0600-{박무}{강도0}0900-0925.,
135,추풍령,1997-05-04,19.2,11,532,28.8,1345,,,,,,,15.3,270,1116,9.8,270,1300,2.8,2453,270,12.4,38,1220,67.9,14.5,979,1012,2400,1003.2,1505,1007.3,13.8,7.1,1245,2.34,12.72,,,,,,5.8,4.1,21.6,6.7,,,,,,,,,,,,,,
135,추풍령,1997-05-05,20.8,10.9,622,30.8,1526,1.53,.9,2059,2.3,2010,3.2,14.6,270,1943,7.3,270,2000,1.5,1297,290,12.7,26,1634,66,14.9,983.9,1014.2,856,1009.1,1540,1012.1,13.8,10.7,1215,2.66,19.55,,,,,,4.5,1.5,25.1,5.6,,,,,,,,,,,,3.2,{박무}0415-{박무}{강도1}0600-0845. {소나기}1940-2015. {소나기}2023-{소나기}{강도0}2100-2120. {번개}{강도0}(W)1923-{뇌전}{강도0}(W 3-4)1932-{뇌전}{강도0}(W{이동}SW 3-4)1940-{뇌전}{강도1}(SW{이동}S 2-3)2003-{뇌전}{강도0}(S{이동}SE 3-4)2018-{뇌전}{강도0}(SE{이동}E 5-6)2023-2040. {천둥}{강도0}(W)2015-{뇌전}{강도0}(W{이동}NW 5-6)2024-{뇌전}{강도1}(NW{이동}N 3-4)2032-{뇌전}{강도0}(N{이동}NE 5-6)2048-{뇌전}{강도0}(NE{이동}E 7-8)2052-{뇌전}{강도0}(E 7-8)2100-{천둥}{강도0}(E)2115-2128.,
135,추풍령,1997-05-06,22.3,16.1,608,29.3,1335,,,,,,,12,270,1045,8.3,270,1140,2.3,2009,290,16,44,1411,70,18.2,985.7,1015.5,2400,1012.2,1600,1013.8,13.8,9.4,1215,2.7,17.51,,,,,,7.3,3.6,24.3,6.2,,,,,,,,,,,,3,{박무}0230-{박무}{강도0}0300-{박무}{강도1}0600-{박무}{강도0}0900-1010.,
135,추풍령,1997-05-07,19.9,18.3,157,21.2,1255,18.67,2.3,1000,8.6,940,57.2,4.8,160,1230,1.8,160,1240,.1,68,160,18.5,81,0,91.6,21.3,979.3,1015.5,0,999.8,2400,1007.5,13.9,0,1145,.49,1.4,,,,,,10,6.4,20.7,14.3,,,,,,,,,,,,57.2,{박무}0510-{박무}{강도0}0600-{박무}{강도0}0900-{박무}{강도0}1200-{박무}{강도0}1500-{박무}{강도0}1800-{박무}{강도0}2100-{박무}{강도0}2400-  {비}0520-{비}{강도0}0600-{비}{강도0}0900-{비}{강도0}1200-{비}{강도1}1500-{비}{강도0}1800-{비}{강도1}2100-{비}{강도1}2400-,
135,추풍령,1997-05-08,12.3,10,2059,19.9,0,3,.5,210,1.5,130,3,13.7,270,829,9.3,270,750,5.1,4409,270,9.7,72,1458,84.1,12.3,978.1,1015.5,2400,999.8,0,1007.2,13.9,0,1430,.4,1.9,,,,,,9.8,6.5,15.6,8.6,,,,,,,,,,,,0,-{비}-0235.  {비}2115-2140.  -{박무}-0245.  {박무}2010-{박무}{강도0}2100-{박무}{강도0}2400-,
135,추풍령,1997-05-09,14.2,7.2,640,21.3,1555,,,,,,,15.7,270,1240,9.7,270,1250,4.4,3827,270,4.3,29,1446,55.4,8.3,987.1,1018,632,1013.4,1800,1016.1,13.9,12.2,1130,2.45,20.09,,,,,,.3,.3,16.1,3.6,,,,,,,,,,,,,-{박무}-{박무}{강도0}0300-0410.,
135,추풍령,1997-05-10,15.7,7.5,630,24.2,1418,,,,,,,9.5,320,1532,5.3,320,1600,1.4,1229,270,3.5,28,1553,45.3,7.9,985.6,1017.8,622,1011.1,1545,1014.5,14,10.2,1200,2.4,17.02,,,,,,5.5,2.8,16.7,1.2,,,,,,,,,,,,.3,{햇무리}1120-1310.,
135,추풍령,1997-05-11,14.1,8.3,409,19.8,1558,5.17,.3,1020,.4,1000,1.2,7,90,2250,3.7,110,2310,.8,718,160,11.2,57,34,82.3,13.5,986.3,1016.8,1115,1013.9,1550,1015.3,14,1,1445,1.44,6.6,,,,,,8.8,5.3,17.2,4.3,,,,,,,,,,,,2.9,{비}0720-{비}{강도0}0900-{비}{강도0}1200-1230.  {박무}2020-{박무}{강도0}2100-{박무}{강도0}2400-,
135,추풍령,1997-05-12,15.2,13.5,2400,17,1330,12.08,3.9,1732,8.3,1908,31.7,10,90,1710,5.7,90,1650,2.8,2378,90,13.5,80,110,90,15.5,987.2,1017.3,753,1014.6,1745,1016.1,14,0,800,.64,2.32,,,,,,10,6.9,16.7,13.3,,,,,,,,,,,,48.9,{비}0310-0430.  {비}1315-{비}{강도0}1500-{비}{강도1}1800-{비}{강도0}2100-{비}{강도0}2400-  -{박무}-{박무}{강도0}0300-{박무}{강도0}0600-{박무}{강도0}0900-{박무}{강도0}1200-{박무}{강도0}1500-{박무}{강도0}1800-{박무}{강도0}2100-{박무}{강도0}2400-,
135,추풍령,1997-05-13,15,13.2,300,17,1730,12,4.6,230,12,150,24.8,9,90,8,3.3,90,30,1.5,1283,90,13.9,91,1805,92.4,15.9,980,1015.1,0,1006.1,1804,1008.8,14.1,0,1615,.21,1.28,,,,,,10,6.9,16,12.8,,,,,,,,,,,,5.6,-{비}-0030. {비}0135-{비}{강도1}0300-{비}{강도0}0600-0640. {비}0915-1040. {비}1130-{비}{강도0}1200-{비}{강도0}1500-1630. {천둥}{강도0}(S)0225-{뇌전}{강도0}(S 3-5)0230-0245.  -{박무}-{박무}{강도0}0300-{박무}{강도0}0600-{박무}{강도0}0900-{박무}{강도0}1200-{박무}{강도0}1500-{박무}{강도0}1800-{박무}{강도0}2100-{박무}{강도0}2400-,
135,추풍령,1997-05-14,18.7,15.9,0,23.1,1504,.67,0,,0,,0,9.2,290,1121,5.7,290,1320,2.2,1884,270,15.8,64,1449,83.8,18,976.8,1006.9,0,1003.6,1808,1005.1,14.1,1.9,1200,1.62,9.48,,,,,,9.1,5.9,20.2,15.4,,,,,,,,,,,,.6,{이슬비}2310-2350.  -{박무}-{박무}{강도0}0300-{박무}{강도0}0600-{박무}{강도0}0900-1020.  {박무}1840-{박무}{강도1}2100-{박무}{강도0}2400-,
135,추풍령,1997-05-15,20.7,16.9,250,25.4,1600,4,.2,110,.4,110,.8,12,270,1220,7.3,270,1220,2.9,2503,270,16.2,59,1620,76.4,18.5,975.6,1005.6,920,1001.6,1810,1003.6,14.1,7.3,1230,2.37,13.98,,,,,,9,5.4,21.2,16.5,,,,,,,,,,,,.2,{비}0105-0240.  {비}0505-{비}{강도0}0600-0620.  {비}0835-{비}{강도0}0900-0945.  -{박무}-{박무}{강도0}0300-{박무}{강도0}0600-{박무}{강도0}0900-{박무}{강도0}1200-1310.  {박무}1920-{박무}{강도0}2100-{박무}{강도0}2400-,
135,추풍령,1997-05-16,19.9,13,2400,25.6,1242,,,,,,,16.2,270,1233,10.3,270,1150,4.1,3514,290,9.3,30,1207,52.5,12.6,975.4,1008.4,2250,1001,1352,1003.6,14.1,10.5,1130,2.67,18.84,,,,,,6.9,1.8,20.9,5.7,,,,,,,,,,,,,-{박무}-{박무}{강도0}0300-{박무}{강도0}0600-0840.  {햇무리}1320-1610.,
135,추풍령,1997-05-17,18.4,7.5,239,24.7,1517,,,,,,,17.8,270,1815,9.7,270,1440,5.5,4712,270,3.9,30,2400,38.3,8.2,977.3,1008.3,0,1002.6,1640,1005.6,14.2,11.9,1130,2.56,21.05,,,,,,0,0,18.7,1.8,,,,,,,,,,,,,,
135,추풍령,1997-05-18,20.6,13.3,2400,27.3,1432,,,,,,,15.2,290,147,12,290,220,4.7,4065,290,7.6,28,110,44.1,10.7,976.2,1006.7,928,1001.8,1702,1004.3,14.2,11,1145,2.4,19.81,,,,,,2.1,0,21.9,7.2,,,,,,,,,,,,,,
135,추풍령,1997-05-19,15.7,11.1,432,21.6,1516,.33,0,,0,,0,15,270,1845,8.7,270,1850,2.9,2545,270,8.7,43,1827,63.5,11.3,972.7,1003.8,0,998.8,1607,1001.2,14.2,7.8,1445,2.07,13.46,,,,,,6.3,3.8,20.3,5.7,,,,,,,,,,,,0,{소나기}0945-0955.  {소나기}1645-1655.,
135,추풍령,1997-05-20,13.4,10.1,2400,18.3,1305,,,,,,,10.9,320,1230,6.7,270,210,3,2613,290,7.4,43,1303,68.6,10.4,976.4,1010.1,2400,1002,310,1005.4,14.2,5.1,1200,2.97,15.72,,,,,,6.3,4.4,17.5,4.1,,,,,,,,,,,,,,
135,추풍령,1997-05-21,12.8,5.7,630,19.8,1344,.62,.2,1530,.2,1505,.2,12.2,270,1519,8.7,270,1520,1.8,1526,270,7.6,41,1348,73.3,10.5,982.2,1014.4,2315,1008.6,1503,1011.4,14.3,5.3,1200,2.69,14.75,,,,,,5.6,2.9,18.5,1,,,,,,,,,,,,.2,{소나기}1505-1542.,
135,추풍령,1997-05-22,15.7,8.3,310,22.9,1532,,,,,,,9.9,270,2114,6.5,270,2110,3,2591,270,8.1,34,1636,64.5,10.8,985.4,1016.4,915,1011.4,1820,1014.3,14.3,9.1,1100,2.73,20.01,,,,,,4.5,2.5,21,3.5,,,,,,,,,,,,,{박무}0520-{박무}{강도0}0600-{박무}{강도0}0900-0950.,
135,추풍령,1997-05-23,15.3,7.2,609,22.8,1510,1.88,.5,2306,1.3,2235,1.4,12.1,270,2244,7,270,2300,2.2,1860,270,7.7,36,1053,64.1,10.6,981.8,1015.3,53,1006.4,2400,1010.6,14.3,8.3,1130,2.71,17.06,,,,,,5.5,2.1,20,2.2,,,,,,,,,,,,11.3,{비}2120-2148.  {비}2210-2335.,
135,추풍령,1997-05-24,11.4,9.1,550,15,1614,4.35,4.5,158,7,150,10.3,14.5,270,204,6.7,270,210,3.9,3358,270,8.8,63,1607,84.1,11.3,976.7,1007.8,2340,1004,1650,1005.8,14.3,1.5,1415,1.04,5.36,,,,,,7.1,3.5,15,7.5,,,,,,,,,,,,.4,{소나기}0145-{소나기}{강도1}0300-0520.  {소나기}1125-1145.  {소나기}1704-1730.  {천둥}{강도0}(W)0133-{뇌전}{강도0}(W 4-5)0147-{뇌전}{강도0}(W{이동}NW 3-4)0155-{뇌전}{강도1}(NW{이동}N 2-3)0205-{뇌전}{강도0}(N{이동}NE 4-5)0215-{뇌전}{강도0}(NE{이동}E 4-5)0218-{천둥}{강도0}(E)0225-0242.  {천둥}{강도0}(NW)0248-{뇌전}{강도0}(NW 3-4)0252-{뇌전}{강도1}(NW{이동}N 2-3)0257-{뇌전}{강도1}(N 2-3)0300-{뇌전}{강도0}(N{이동}NE 3-4)0312-{뇌전}{강도0}(NE{이동}E 4-5)0322-{천둥}{강도0}(E)0325-0346.,
135,추풍령,1997-05-25,15.1,9.8,2400,21.2,1454,,,,,,,18.9,270,1427,10.5,270,1430,4.1,3559,270,7.3,35,1442,62.3,10.2,977.6,1007.9,558,1003.6,1606,1006.3,14.4,12.3,1200,3.48,27.1,,,,,,1.4,1.1,17.1,4.4,,,,,,,,,,,,2,,
135,추풍령,1997-05-26,16,7,258,24.3,1534,1.33,.5,452,1.9,445,2,7,20,1746,3,70,2350,1.1,961,70,9.8,39,1510,70.3,12.2,980.9,1013.6,2400,1007.9,0,1009.6,14.4,10.7,1245,3.31,25.17,,,,,,4.5,2.6,20,1.7,,,,,,,,,,,,,{소나기}0445-{소나기}{강도0}0600-0605.,
135,추풍령,1997-05-27,15.2,12,2400,20,1705,,,,,,,7.2,140,1008,4.7,140,1010,2,1713,70,11,56,1703,76.9,13.2,985.8,1016.3,2400,1012.9,1547,1014.7,14.4,3.4,1600,1.76,12.88,,,,,,7.3,3.8,18.7,7.2,,,,,,,,,,,,,{박무}2030-{박무}{강도0}2100-{박무}{강도0}2400-,
135,추풍령,1997-05-28,15.7,11.2,240,21.4,1440,.78,0,,0,,0,6.3,110,1145,4.2,140,1000,1.6,1388,70,11.2,50,1432,76.1,13.4,985.9,1016.4,830,1012.5,1738,1014.7,14.4,3.2,1300,2.2,12.23,,,,,,10,5.8,19.7,7.2,,,,,,,,,,,,0,{비}2035-2052.  {비}2145-2215.  -{박무}-{박무}{강도0}0300-0520.  {박무}2115-{박무}{강도0}2400-,
135,추풍령,1997-05-29,16.3,13.5,2400,20.8,1340,1.82,.1,,.1,,.2,4.8,290,656,3.7,290,710,.5,413,140,14,65,1801,87,16,981.3,1014.2,0,1007.8,1757,1010,14.4,1.2,1215,1.45,7.11,,,,,,8.3,4.9,17.6,10.2,,,,,,,,,,,,.2,{비}0005-0024.  {비}1420-{비}{강도0}1500-1550.  -{박무}-{박무}{강도0}0300-{박무}{강도1}0600-{박무}{강도0}0900-{박무}{강도0}1200-{박무}{강도0}1500-{박무}{강도0}1800-{박무}{강도1}2100-{박무}{강도1}2400-,
135,추풍령,1997-05-30,15.8,11.1,610,22,1105,2.33,6.2,1357,11.6,1357,12.7,19,270,1340,10,270,1400,2.3,1947,270,12.5,56,1120,82.4,14.6,975.4,1008.9,45,1000.4,1606,1004,14.5,6.1,1000,2.59,11.57,,,,,,7.1,5.4,16.8,8.9,,,,,,,,,,,,12.7,-{박무}-{시정(미만)}{1km}{안개}0150-{시정(미만)}{0.5km}{안개}0245-{안개}{강도1}0300-{시정(미만)}{0.2km}{안개}0420-{시정(미만)}{0.1km}{안개}0510-{안개}{강도2}0600-{시정(이상)}{0.1km}{안개}0610-{시정(이상)}{0.2km}{안개}0645-{시정(이상)}{0.5km}{안개}0705-{시정(이상)}{1km}{박무}0730-{박무}{강도1}0900-1042. {비}1210-1220. {소나기}1315-{소나기}{강도1}1500-1525. {천둥}{강도0}(W)1320-{뇌전}{강도0}(W 8-10)1332-{뇌전}{강도0}(W{이동}NW 7-8)1342-{뇌전}{강도0}(NW{이동}N 6-7)1352-{뇌전}{강도0}(N{이동}NE 7-8)1405-{뇌전}{강도0}(NE{이동}E 8-10)1415-{천둥}{강도0}(E)1424-1445. {박무}2020-{박무}{강도0}2100-{박무}2400-,5.67
135,추풍령,1997-05-31,18.6,13,110,26.1,1654,,,,,,,7.1,270,439,6.2,270,450,2.4,2068,270,11.6,35,1617,66.8,13.7,978.6,1009,2400,1004.8,0,1007,14.5,10.5,1100,3.43,27.07,,,,,,2,1.6,20.5,9.5,,,,,,,,,,,,,-{박무}-{박무}{강도0}0300-0530.,
135,추풍령,1997-06-01,17.6,11.8,514,26.3,1418,5.42,12.8,2019,13.9,2019,19.2,16.9,250,2014,6.3,270,2330,2,1739,160,14.1,50,1413,82.3,16.3,978,1009,0,1002.2,1449,1006.5,14.5,6.1,1130,3.04,13.76,,,,,,8.6,3.8,19.5,8,,,,,,,,,,,,19.2,{소나기}1540-1645. {소나기}1720-1755. {소나기}1830-1850. {소나기}1900-1925. {소나기}2005-{소나기}{강도1}2100-2145. {소나기}2210-2330. {햇무리}0850-0940. {천둥}{강도0}(W)1725-1735. {천둥}{강도0}(W)1953-{뇌전}{강도0}(W 4-5)1957-{뇌전}{강도0}(W{이동}NW 3-4)2002-{뇌전}{강도1}(NW{이동}N 2-3)2012-{뇌전}{강도0}(N{이동}NE 3-4)2019-{뇌전}{강도0}(NE{이동}E 4-5)2023-2028. {천둥}{강도0}(SW)2008-{뇌전}{강도0}(SW 5-6)2023-{뇌전}{강도0}(SW{이동}S 4-5)2042-{뇌전}{강도0}(S{이동}SE 5-6)2100-{뇌전}{강도0}(SE{이동}E 6-7)2115-2135.,
135,추풍령,1997-06-02,16.8,9.7,610,22.8,1531,,,,,,,9.2,270,1342,6,270,1650,2.6,2282,270,9.4,37,1550,64.5,11.9,981.3,1013.4,2400,1007.8,1540,1010,14.5,12.6,1100,3.7,28.23,,,,,,2.5,2.1,20,5.8,,,,,,,,,,,,,{박무}0420-{박무}{강도2}0600-0810.,
135,추풍령,1997-06-03,17.9,10.4,530,24.6,1448,,,,,,,9.4,270,129,7.2,270,130,2.2,1915,250,9.6,32,1607,61.3,12,983.5,1014.1,555,1010.2,1800,1012.1,14.5,11.1,1100,3.23,26.58,,,,,,4,1.1,21.6,6.6,,,,,,,,,,,,,{햇무리}0950-1410.,
135,추풍령,1997-06-04,19.6,11.9,521,27.3,1503,,,,,,,7.1,110,1506,4.3,250,910,.9,757,20,12.2,36,1621,65.6,14.2,980.7,1011.6,34,1005.6,1755,1009,14.5,10.9,1245,3.12,26.04,,,,,,4.3,2.5,24.2,7,,,,,,,,,,,,,,
135,추풍령,1997-06-05,15.1,12.6,532,20.4,950,9.92,2.5,1510,7.6,1428,24.2,11.5,160,1212,6.7,160,1220,.6,550,50,14,68,905,93.6,16,979.5,1010.3,1117,1004.2,1219,1008.3,14.5,1,800,.98,3.95,,,,,,9.3,4.9,17.8,9.6,,,,,,,,,,,,24.2,{소나기}1025-{소나기}{강도1}1200-{비}1425-{비}{강도1}1500-{비}{강도0}1800-2020. {박무}1415-{박무}{강도1}1500-{박무}{강도2}1800-{박무}{강도1}2100-{박무}{강도1}2400-  {천둥}{강도0}(NW)1050-{뇌전}{강도0}(NW 6~7)1105-{뇌전}{강도0}(NW{이동}N 4~5)1125-{뇌전}{강도1}(N{이동}NE 2~3)1200-{뇌전}{강도0}(NE{이동}E 4~5)1215-{천둥}{강도0}(E)1218-1225. {천둥}{강도0}(SW)1245-{뇌전}{강도0}(SW 4~5)1254-{뇌전}{강도0}(SW{이동}S 4~5)1305-{뇌전}{강도0}(S{이동}SE 4~5)1325-1348.,
135,추풍령,1997-06-06,18.6,13.8,245,24.8,1535,,,,,,,5.2,50,1334,3.5,270,600,1.1,924,140,14.7,47,1503,80.5,16.8,981.5,1012.6,2400,1007.6,42,1010,14.6,8.9,1130,3.59,23.97,,,,,,6.8,2.6,22.5,11.7,,,,,,,,,,,,,-{박무}-{박무}{강도1}0300-{박무}{강도1}0600-{박무}{강도0}0900-1110. {햇무리}1420-1735.,
135,추풍령,1997-06-07,20.3,11.8,515,28.5,1452,,,,,,,4.2,140,1347,2.7,140,1340,.8,666,140,14.2,39,1613,71.3,16.2,982.8,1014,620,1008,1804,1011.1,14.6,11.3,1245,3.06,25.41,,,,,,2.5,1.3,24,8,,,,,,,,,,,,,{박무}0320-{시정(미만)}{1km}{안개}0440-{시정(미만)}{0.5km}{안개}0450-{안개}{강도1}0600-{시정(미만)}{0.2km}{안개}0612-{시정(이상)}{0.2km}{안개}0705-{시정(이상)}{0.5km}{안개}0720-{시정(이상)}{1km}{박무}0745-{박무}{강도0}0900-1040.,3.08
135,추풍령,1997-06-08,18.3,15.3,215,20.2,910,4.08,.5,1608,1.5,1530,1.8,6,70,1420,3.7,90,1000,1.2,1058,70,16.9,77,940,91.5,19.3,975.4,1010.2,0,1000.2,2330,1003.7,14.6,.3,745,.92,4.08,,,,,,9.8,5.4,20.3,11.8,,,,,,,,,,,,1.8,{비}1010-1035. {비}1210-1225. {비}1525-{비}{강도0}1800-1850. {박무}0415-{박무}{강도0}0600-{박무}{강도0}0900-{박무}{강도0}1200-{박무}{강도0}1500-{박무}{강도1}1800-{박무}{강도0}2100-{박무}{강도0}2400-,
135,추풍령,1997-06-09,20.7,17.8,300,25.6,1608,.58,0,,0,,0,12.3,250,1438,7.8,270,1350,3.1,2702,270,15,38,1704,71.6,17.2,971.6,1001.9,2252,998.1,1330,999.6,14.6,7.6,1300,2.63,17.23,,,,,,7.4,4,21.9,16.3,,,,,,,,,,,,0,{비}0845-{비}{강도0}0900-0920. -{박무}-{박무}{강도0}0300-{박무}{강도1}0600-{박무}{강도1}0900-{박무}{강도0}1200-1340.,
135,추풍령,1997-06-10,19.8,15,550,26.3,1802,,,,,,,9.2,270,1259,5.8,270,1210,2,1689,270,11.6,34,1758,61.1,13.7,974.6,1005.7,2400,1001.4,137,1002.8,14.6,6.1,1130,2.53,19.12,,,,,,5.8,4.4,22.2,9.9,,,,,,,,,,,,,,
135,추풍령,1997-06-11,19.3,11.7,610,29.1,1606,3.75,10.5,1825,33.3,1825,49.1,10.1,160,1720,5.3,160,1730,1.8,1538,250,11.9,31,1558,67.5,14,978.1,1009.8,2400,1003.3,1525,1006.4,14.6,10.8,1100,3.16,24.4,,,,,,5.5,2.8,23.4,8.3,,,,,,,,,,,,49.1,{천둥}{강도0}(SW)1705-{천둥}{강도0}(SW{이동}S)1723-{천둥}{강도1}(S{이동}SE)1740-{천둥}{강도1}(SE)1800-{천둥}{강도1}(SE{이동}E)1808-{뇌전}{강도1}(E 5~6)1813-1825. {뇌전}{강도1}(SW 5~6)1815-{뇌전}{강도1}(SW{이동}S 3~4)1822-{뇌전}{강도0}(S{이동}SE 2~3)1830-{뇌전}{강도0}(SE{이동}E 3~4)1843-1852. {뇌전}{강도1}(SE 4~5)1905-{뇌전}{강도1}(SE{이동}E 3~4)1924-1932. {뇌전}{강도1}(W 3~4)2010-{뇌전}{강도1}(W{이동}NW 4~5)2024-{뇌전}{강도0}(NW{이동}N 5~6)2033-2045. {소나기}1825-{소나기}{강도0}2100-2210.,
135,추풍령,1997-06-12,19.5,12.2,514,27,1605,,,,,,,8.2,250,931,5.8,250,1330,1.9,1660,270,13.6,40,1550,72.3,15.7,983.5,1015.7,2400,1009.6,10,1011.9,14.6,10.2,1130,3.07,24,,,,,,2.6,2.4,22.6,9.5,,,,,,,,,,,,,,
135,추풍령,1997-06-13,21.7,13.7,558,30.1,1652,,,,,,,5,140,1330,2.5,160,1300,.7,580,20,14.7,31,1651,69.1,16.8,987.1,1017.3,618,1012.9,1713,1015.4,14.6,12.4,1330,2.93,24.78,,,,,,1.6,1,24.6,10.5,,,,,,,,,,,,,{박무}0415-{박무}{강도0}0600-{박무}{강도0}0900-1120.,
135,추풍령,1997-06-14,22.2,15,430,31,1540,.58,5,2022,5.7,2010,5.7,6.6,320,2014,5.7,270,2100,1.4,1197,250,17,41,1517,74.9,19.5,986.7,1017.1,649,1012.1,1633,1015,14.6,7.5,1115,2.84,19.8,,,,,,4.4,2.4,25.6,12.6,,,,,,,,,,,,5.7,{소나기}2010-2045. {뇌전}{강도0}(W 6~7)2008-{뇌전}{강도0}(W{이동}SW 8~10)2040-{뇌전}{강도0}(SW 8~10)2100-{뇌전}{강도0}(SW{이동}S 8~10)2115-2135.,
135,추풍령,1997-06-15,22.2,16.2,540,29.2,1403,,,,,,,5.1,50,1115,3,70,1310,.8,709,70,16.2,40,1602,71.5,18.4,985.7,1016,705,1011.3,1810,1013.9,14.6,9.2,1300,3.23,22.97,,,,,,5.9,.6,25,14.3,,,,,,,,,,,,,{박무}0120-{박무}{강도0}0300-{박무}{강도1}0600-{박무}{강도0}0900-1025.  {햇무리}1120-1615.,
135,추풍령,1997-06-16,22.5,12,550,31.3,1633,,,,,,,5.3,320,919,5,320,940,1.4,1195,320,14.2,29,1408,64.1,16.4,986.3,1016.8,730,1011.7,1745,1014.5,14.6,12.5,1330,3.15,27.29,,,,,,.3,0,26,9.5,,,,,,,,,,,,,,
135,추풍령,1997-06-17,25.1,18.6,555,31.8,1546,,,,,,,7,250,1423,5.7,250,1530,2.9,2511,320,17.7,42,1707,65.8,20.3,985.5,1015.5,20,1010.5,1633,1013.4,14.7,11,1100,3.01,24.57,,,,,,.4,0,28.6,15.7,,,,,,,,,,,,,{박무}0430-{박무}{강도0}0600-{박무}{강도0}0900-0925.,
135,추풍령,1997-06-18,24.4,16.6,540,33.2,1518,,,,,,,13,50,1702,5,50,1710,.5,474,70,17.9,35,1512,70.4,20.5,984.6,1014.8,718,1009.4,1605,1012.5,14.7,10.5,1145,2.42,18.21,,,,,,4.6,1.4,28.5,14.5,,,,,,,,,,,,,{박무}0420-{박무}{강도0}0600-{박무}{강도0}0900-0920. {천둥}{강도0}(E)1720-1740.,
135,추풍령,1997-06-19,23.4,17.2,554,29.5,1603,,,,,,,5.9,70,1815,2.8,140,1910,.7,594,50,18.2,47,1643,74.4,20.9,982.3,1013,740,1007,1905,1010.2,14.7,4.9,1245,2.65,15.06,,,,,,8.1,2.4,27.6,13.2,,,,,,,,,,,,9.3,{박무}0415-{박무}{강도0}0600-{박무}{강도0}0900-1020. {박무}2010-{박무}{강도0}2100-{박무}{강도0}2400-,
135,추풍령,1997-06-20,22.7,18,655,28.5,1625,3.28,1.8,648,6,610,9.3,8,290,555,6,290,610,1.7,1473,270,18.3,44,1610,78,21,979.9,1010,600,1005.6,1550,1007.8,14.7,7.1,1345,2.66,17.01,,,,,,7.4,3.4,25,17.3,,,,,,,,,,,,,-{박무}-{박무}{강도0}0300-{박무}{강도0}0600-{박무}{강도0}0900-1040. {박무}2140-{박무}{강도0}2400-  {소나기}0515-{소나기}{강도0}0600-0832. {천둥}{강도0}(SW)0502-{뇌전}{강도0}(SW 5~6)0512-{뇌전}{강도1}(SW{이동}W 3~4)0543-{뇌전}{강도1}(W 2~3)0600-{뇌전}{강도0}(W{이동}NW 2~3)0615-{천둥}{강도0}(NW)0620-0632.,
135,추풍령,1997-06-21,22.9,19,642,27.8,1543,,,,,,,8.8,250,1014,6,250,610,3,2593,250,18.6,54,1543,78,21.5,981.6,1010.9,2400,1007.8,1800,1009.6,14.7,8.9,1200,2.44,18.93,,,,,,6.4,2.3,25.8,16.8,,,,,,,,,,,,,-{박무}-{박무}{강도1}0300-{박무}{강도0}0600-{박무}{강도0}0900-{박무}{강도0}1200-1430. {박무}1920-{박무}{강도0}2100-{박무}{강도0}2400-,
135,추풍령,1997-06-22,22.6,16.5,530,28,1425,,,,,,,6.7,250,15,6.3,250,10,1.4,1197,290,17.7,49,1401,75.3,20.3,980.6,1011.8,542,1005.7,1710,1008.6,14.7,4,1100,2.4,14.61,,,,,,7.3,3.1,25.7,13.7,,,,,,,,,,,,,-{박무}-{박무}{강도0}0300-0520.  {박무}2140-{박무}{강도0}2400-,
135,추풍령,1997-06-23,24.1,18.6,540,31.6,1626,,,,,,,6.3,230,929,5.7,230,930,1.5,1276,230,17.6,34,1448,69.9,20.2,979.8,1009.4,820,1005.5,1810,1007.6,14.7,11.2,1200,2.55,19.96,,,,,,1.5,1.5,28.7,15.9,,,,,,,,,,,,,-{박무}-{박무}{강도0}0300-{박무}{강도0}0600-{박무}{강도0}0900-1035.  {박무}2250-{박무}{강도0}2400-,
135,추풍령,1997-06-24,25.5,19.2,520,32,1503,,,,,,,5,140,1544,3.7,140,1600,1,827,320,19.6,46,1422,71.6,22.8,979.7,1009.1,550,1005.6,1555,1007.4,14.7,9,1100,2.34,16.42,,,,,,5.4,2.1,30.1,16.3,,,,,,,,,,,,35.6,-{박무}-{박무}{강도0}0300-{박무}{강도0}0600-{박무}{강도0}0900-1030.  {햇무리}1220-1350.  {박무}1910-{박무}{강도0}2100-{박무}{강도0}2400-,
135,추풍령,1997-06-25,21.2,20.3,1140,23.9,0,13.47,7,540,16.6,521,72.8,6.1,270,158,4.3,270,220,1,852,50,20.2,83,223,94,23.6,978.6,1008.5,758,1005.4,1755,1006.8,14.7,0,1600,.31,1.76,,,,,,10,5.9,22.4,20.2,,,,,,,,,,,,41.8,-{박무}-{박무}{강도0}0300-{박무}{강도1}0600-{박무}{강도1}0900-1140. {박무}2310-{박무}{강도0}2400- {비}0415-{비}{강도2}0600-{비}{강도1}0900-{비}{강도0}1200-{비}{강도1}1500-1620. {비}2032-{비}{강도0}2100-2120. {비}2250-2325.,
135,추풍령,1997-06-26,22.4,20.5,38,25.2,1336,11.72,3,831,3.7,831,10.8,3.1,160,1325,2.3,160,1340,.3,242,160,21.5,89,1414,94.5,25.7,979,1008.2,2320,1005,1718,1006.9,14.7,0,1245,.95,3.52,,,,,,10,6.6,23.5,19.4,,,,,,,,,,,,12,-{박무}-{박무}{강도0}0300-{박무}{강도0}0600-{박무}{강도0}0900-{박무}{강도0}1200-1345. {비}0217-{비}{강도0}0300-{비}{강도0}0600-0635. {비}0710-{비}{강도0}0900-{비}{강도0}1200-1335. {비}1425-{비}{강도0}1500-1525.,
135,추풍령,1997-06-27,23.6,21.2,630,27.5,1602,5.17,1.8,510,3.6,450,5.9,5.8,250,938,4.2,250,950,1.1,990,250,21,67,1512,86.1,24.9,978.3,1008.6,710,1002.9,2400,1006.1,14.6,2.1,1415,1.28,9.2,,,,,,9.9,5.5,25.8,20.4,,,,,,,,,,,,.1,{비}0145-{비}{강도0}0300-0550.  {비}1945-2050.,
135,추풍령,1997-06-28,23.3,16.8,2400,29.8,1615,.67,0,,0,,0,6.8,250,1306,2.7,70,520,1.3,1160,70,18.7,44,1759,77.8,21.7,971.6,1005.3,2400,995.9,1235,999.2,14.6,7.9,1300,2.71,16.09,,,,,,5.6,3.1,25.8,13.5,,,,,,,,,,,,,{박무}0512-{박무}{강도0}0600-{박무}{강도0}0900-0940.  {비}0705-0745.,
135,추풍령,1997-06-29,23.5,13.7,532,32.1,1538,,,,,,,7.5,290,1119,5.3,320,1130,.8,662,290,18.1,45,1554,74.8,21.2,979.5,1009.6,810,1005.3,0,1007.4,14.6,11.9,1115,2.45,20.34,,,,,,4,1.5,26.6,11.7,,,,,,,,,,,,,,
135,추풍령,1997-06-30,23.7,19.6,2400,29.3,1400,2.5,2.7,2230,5.5,2230,6.4,4,250,40,3.7,250,100,1.1,980,140,19.5,50,1412,78.3,22.6,980.6,1009.7,2304,1006.6,1730,1008.5,14.6,2.7,1300,2.03,13.5,,,,,,7.9,4.6,27.2,18.1,,,,,,,,,,,,14.4,{비}2130-{비}{강도0}2400-  {박무}0420-{박무}{강도0}0600-0840.,
135,추풍령,1997-07-01,21.7,19.1,256,24.1,1615,21.17,2.3,105,7.4,1030,30.7,4.3,250,1857,3.8,230,1920,.6,550,160,20.9,93,1920,95.5,24.8,976.6,1009.3,0,1001.4,1722,1004.6,14.6,0,1430,.46,3.1,,,,,,10,6.8,23.3,18.6,,,,,,,,,,,,22.7,-{비}-{비}{강도0}0300-{비}{강도0}0600-{비}{강도0}0900-{비}{강도0}1200-1445.  {비}1630-{비}{강도0}1800-{비}{강도0}2100-2145.  {비}2250-{비}{강도0}2400-    {박무}0625-{박무}{강도0}0900-{박무}{강도0}1200-1345.,
135,추풍령,1997-07-02,25.2,21.9,523,30.2,1510,.33,0,,0,,0,7.3,270,1817,6.3,270,1830,1.1,936,270,22.7,68,1511,86,27.6,979.4,1009,2400,1006.1,0,1007.1,14.6,4.6,1200,1.74,12.4,,,,,,7.8,5.1,27.7,20,,,,,,,,,,,,0,-{비}-0020.,
135,추풍령,1997-07-03,26.7,23.3,30,30.7,1523,.67,0,,0,,0,15.2,270,1632,10,270,1640,2.9,2489,230,21.4,51,1630,74,25.4,981.1,1009.7,957,1007.4,1633,1008.7,14.6,7.5,1000,2.62,15.26,,,,,,7.6,4.6,27.6,21,,,,,,,,,,,,0,{비}0325-0345.  {비}0815-0835.,
135,추풍령,1997-07-04,26.2,23.1,2400,29.8,1243,2.47,1.5,2202,2.2,2158,2.5,11.8,270,1609,6.7,230,1300,3,2603,270,20.5,58,1258,71.1,24.1,977,1008.8,0,1001.9,1753,1004.6,14.6,6.2,1200,2.18,10.51,,,,,,8.4,6,27.7,20.9,,,,,,,,,,,,4.6,{비}2132-{비}{강도0}2400-,
135,추풍령,1997-07-05,20.5,17.4,2400,24.8,651,19.08,7.5,910,18.7,900,62.6,9.2,270,1245,7.3,270,1230,2.2,1934,270,19.8,81,645,95.4,23.2,974.9,1004.6,1332,1001.6,836,1002.9,14.6,0,1130,.71,2.6,,,,,,10,6.8,22.4,17.2,,,,,,,,,,,,106.8,-{비}-0015.  {비}0140-{비}{강도0}0300-0505.  {비}0835-{비}{강도0}0900-{비}{강도0}1200-{비}{강도1}1500-{비}{강도1}1800-{비}{강도0}2100-{비}{강도1}2400-,
135,추풍령,1997-07-06,17.5,16.9,408,18.4,1504,18.5,4.5,100,13.2,100,87.6,7,250,1808,6,250,1810,1.9,1669,270,16.8,93,1953,95.4,19.1,973.8,1003.8,0,999.9,1640,1002.1,14.6,0,1145,.21,1.69,,,,,,9.1,6.5,19.1,15.2,,,,,,,,,,,,41.3,-{비}-{비}{강도1}0300-{비}{강도1}0600-{비}{강도0}0900-{비}{강도1}1200-{비}{강도1}1500-{비}{강도0}1800-1830.  {박무}0540-{박무}{강도0}0600-{박무}{강도0}0900-{박무}{강도0}1200-{박무}{강도0}1500-{박무}{강도0}1800-1850.,
135,추풍령,1997-07-07,21.5,15.8,530,29.9,1604,,,,,,,7,270,359,5.7,270,420,2,1723,290,16,38,1532,73.9,18.2,977.9,1009.1,2400,1002.6,43,1005.9,14.6,8.5,1145,2.55,19.71,,,,,,5.3,2.6,23.8,13.1,,,,,,,,,,,,,{박무}0235-{박무}{강도0}0300-{박무}{강도0}0600-{박무}{강도0}0900-1120.,
135,추풍령,1997-07-08,20.6,17.3,540,25.3,1350,,,,,,,3.2,230,1410,2.3,230,1430,.4,328,110,18.9,76,1257,90.3,21.9,980.6,1010.1,240,1007,1713,1008.8,14.5,.2,1300,1.11,6.22,,,,,,8.3,4.3,22.4,16.4,,,,,,,,,,,,,{박무}0415-{박무}{강도0}0600-{박무}{강도0}0900-{박무}{강도0}1200-{박무}{강도0}1500-1620.  {박무}1940-{박무}{강도0}2100-{박무}{강도0}2400-,
135,추풍령,1997-07-09,21,17.7,507,25.7,1526,,,,,,,5.5,250,1032,5,250,1130,2.1,1801,270,18,64,1338,84.6,20.7,981.7,1011,845,1008.2,1747,1009.9,14.5,5.8,1200,2,13.46,,,,,,6.6,1.9,24,15.8,,,,,,,,,,,,,-{박무}-{박무}{강도0}0300-0520.  {박무}2125-{박무}{강도0}2400-,
135,추풍령,1997-07-10,22.3,16.4,550,28.8,1502,,,,,,,4.4,110,1503,3.5,160,1010,.8,660,110,18.8,56,1337,82,21.8,981.8,1011.1,2400,1008,1758,1009.9,14.5,8.1,1400,2.03,15.35,,,,,,5.6,1.4,25.4,14.5,,,,,,,,,,,,0,-{박무}-{박무}{강도0}0300-{박무}{강도1}0600-{박무}{강도0}0900-1140.  {박무}1920-{박무}{강도0}2100-{박무}{강도0}2400-,
135,추풍령,1997-07-11,18.1,17,2400,20.5,1331,15.45,1.5,1858,6,1812,23.3,10,140,1408,4.3,140,1420,1.5,1271,90,16.9,79,1420,92.3,19.2,981,1012.2,600,1007.1,2336,1009.5,14.5,0,1130,.89,4,,,,,,9.6,4.9,20.7,15.8,,,,,,,,,,,,24.4,{비}0833-{비}{강도0}0900-{비}{강도0}1200-{비}{강도0}1500-{비}{강도1}1800-{비}{강도0}2100-{비}{강도0}2400-  -{박무}-{박무} {강도0}0300-{박무}{강도0}0600-{박무}{강도0}0900-{박무}{강도0}1200-{박무}{강도0}1500-{박무}{강도0}1800-{박무}{강도0}2100-{박무}{강도0}2400-,
135,추풍령,1997-07-12,19.2,16.9,115,21.2,1415,15.13,.5,1110,1.5,1100,6,6.1,70,2,2.7,70,50,1,867,140,18.1,91,1430,93.1,20.8,978.1,1007.9,2400,1005.5,312,1006.4,14.5,0,1330,.52,2.83,,,,,,10,6.6,21.4,16.7,,,,,,,,,,,,6,-{비}-0020.  {비}0510-{비}{강도0}0600-{비}{강도0}0900-{비}{강도0}1200-{비}{강도0}1500-1653.  {비}2015-2055.  {비}2135-{비}{강도0}2400-  -{박무}-{박무}{강도0}0300-{박무}{강도0}0600-{박무}{강도0}0900-{박무}{강도0}1200-{박무}{강도0}1500-{박무}{강도0}1800-{박무}{강도0}2100-{박무}{강도0}2400-,
135,추풍령,1997-07-13,22.4,19.3,530,26.9,1502,7.67,.2,320,.3,230,1.1,7.3,290,2217,6,290,2140,2.1,1838,290,19.7,67,1540,84.1,22.9,981.3,1011.5,2400,1007.2,110,1009.4,14.5,4.8,1330,1.79,11.9,,,,,,7.8,5.5,24.7,18.3,,,,,,,,,,,,0,-{비}-{비}{강도0}0300-{비}{강도0}0600-0645.  {비}0825-{비}{강도0}0900-0920.  -{박무}-{박무}{강도0}0300-{박무}{강도0}0600-{박무}{강도0}0900-0930.,
135,추풍령,1997-07-14,24.1,20.2,536,29.1,1559,,,,,,,8.2,270,411,6.3,270,430,3.2,2780,290,20.5,63,1520,80.8,24.1,982.3,1012.3,550,1007.8,1733,1010.2,14.4,5.9,1045,2.45,16.06,,,,,,6.8,4.4,25.3,19.1,,,,,,,,,,,,1.7,{박무}0320-{박무}{강도0}0600-{박무}{강도0}0900-1040.  {박무}2020-{박무}{강도0}2100-{박무}{강도0}2400-,
135,추풍령,1997-07-15,23.6,21.7,145,27.1,1605,7.92,4.3,1440,7,2130,18.2,5,250,1052,4.3,250,1110,.7,568,250,22.2,79,1237,92.1,26.8,978.9,1009.2,50,1004.8,2040,1006.7,14.4,1.7,1000,1.31,6.92,,,,,,10,5.5,24.4,20.7,,,,,,,,,,,,29.8,-{박무}-{박무}{강도0}0300-{박무}{강도0}0600-{박무}{강도0}0900-{박무}{강도0}1200-{박무}{강도0}1500-1620.  {비}0620-0830.  {비}1235-1455.  {비}1715-1750.  {소나기}2035-{소나기}{강도0}2100-2325.  {천둥}{강도0}(SW)2125-{뇌전}{강도0}(SW 8-10)2132-{뇌전}{강도0}(SW{이동}S 7-8)2140-{뇌전}{강도0}(S{이동}SE 8-10)2145-2155.,
135,추풍령,1997-07-16,23.9,21.6,554,27.3,1114,5.35,5.6,510,12,453,15.1,10.1,250,1028,6,250,1050,1.7,1486,270,22.1,74,1112,90.3,26.7,976,1006.2,2400,1002.3,556,1003.7,14.4,1.9,1015,2.54,10.34,,,,,,10,4.9,25.3,21,,,,,,,,,,,,1.8,{소나기}0415-{소나기}{강도1}0600-0645.  {소나기}1240-1310.  {소나기}2055-{소나기}{강도0}2100-2158.  {소나기}2232-2350.   {번개}{강도0}(W)0410-{뇌전}{강도0}(W 7-8)0435-{뇌전}{강도1}(W{이동}NW 2-3)0455-{뇌전}{강도2}(NW{이동}N 1-2)0510-{뇌전}{강도1}(N{이동}NE 2-3)0515-{뇌전}{강도0}(NE{이동}E 4-5)0525-{천둥}{강도0}(E)0545-{천둥}{강도0}(E)0600-0610. {박무}1940-{박무}{강도0}2100-{박무}{강도0}2400-,
135,추풍령,1997-07-17,23.4,19.2,2400,28.4,1353,.33,0,,0,,0,6,90,2040,3.3,110,1840,1.3,1103,90,20.7,65,1401,84.9,24.5,981.4,1013.4,2400,1006,153,1009.4,14.4,3,1300,2.06,11.33,,,,,,8,3.9,26.6,16.8,,,,,,,,,,,,0,-{박무}-{박무}{강도1}0300-{박무}{강도2}0600-0830.  {소나기}1545-1605.,
135,추풍령,1997-07-18,23.4,16.8,554,30.4,1611,,,,,,,4,180,1245,2,180,1240,.5,407,140,19.1,49,1554,78.6,22.2,984.8,1014.8,840,1010.9,1618,1012.9,14.4,9,1300,2.7,21.23,,,,,,2.5,1.9,26.9,15.2,,,,,,,,,,,,,,
135,추풍령,1997-07-19,24.8,19.1,536,31.6,1615,,,,,,,4,140,1414,3.3,160,1530,.8,686,160,19.9,43,1711,76.4,23.3,983.8,1013.3,742,1009.4,1650,1011.6,14.3,10.3,1145,2.6,20.53,,,,,,2.8,2.5,28.4,17.3,,,,,,,,,,,,,{박무}0535-{박무}{강도0}0600-{박무}{강도0}0900-0940.,
135,추풍령,1997-07-20,26.1,18.6,533,33.2,1522,,,,,,,5.2,230,1420,3,230,1430,.9,751,200,21.9,55,1313,79,26.4,983.7,1013.8,608,1008.6,1812,1011.5,14.3,11.3,1200,3.01,26.55,,,,,,2.5,1.8,30.5,16.6,,,,,,,,,,,,,{박무}0440-{박무}{강도0}0600-0720.,
135,추풍령,1997-07-21,27.3,21.1,555,33.4,1620,,,,,,,3.7,250,1340,3.3,250,1400,.8,734,140,22.4,49,1420,76,27.1,984.8,1013.7,2400,1010.8,1740,1012.5,14.3,12.4,1130,2.99,27.34,,,,,,3,1.6,32.1,18.8,,,,,,,,,,,,,,
135,추풍령,1997-07-22,27.4,23.7,446,33,1600,,,,,,,7.5,270,1324,5,250,1650,2.3,2026,270,22.7,54,1518,76.9,27.5,986.1,1015.5,842,1011.9,1753,1013.7,14.3,10.2,1215,3.17,23.31,,,,,,3.4,2,31.7,22.2,,,,,,,,,,,,,,
135,추풍령,1997-07-23,26.2,23,555,33.1,1625,1.17,.9,1752,1.8,1730,2.1,9.2,360,1709,7,360,1710,1.6,1341,320,23,54,1308,83.9,28.3,984.9,1014.7,728,1009.9,1600,1012.6,14.3,7.6,1200,2.79,17.79,,,,,,6.3,1.9,28.8,21,,,,,,,,,,,,2.1,{소나기}1425-1440.  {소나기}1730-{소나기}{강도0}1800-1825.  {천둥}{강도0}(NE)1650-{천둥}{강도0}(NE{이동}N)1710-{천둥}{강도0}(N)1800-1810.  {박무}0345-{박무}{강도0}0600-{박무}{강도0}0900-0920.  {박무}1940-{박무}{강도0}2100-{박무}{강도0}2400-,
135,추풍령,1997-07-24,27.1,23.7,530,32.7,1530,,,,,,,5,70,1136,2,70,1130,.8,732,70,22.8,53,1655,78.5,27.8,983.3,1013,0,1008.6,1820,1010.9,14.2,6.5,1330,2.57,15.36,,,,,,6.9,4.3,32,23.6,,,,,,,,,,,,,-{박무}-{박무}{강도0}0300-{박무}{강도0}0600-{박무}{강도0}0900-{박무}{강도0}1200-1340.,
135,추풍령,1997-07-25,26.5,20.8,600,33,1543,,,,,,,4.1,200,1144,2.3,160,1500,.5,465,140,21.4,44,1237,76.5,25.6,980.8,1011.7,711,1005.3,1757,1008.4,14.2,8.8,1245,2.76,20.38,,,,,,3.9,1.5,30.3,18.6,,,,,,,,,,,,,{박무}0512-{박무}{강도0}0600-{박무}{강도0}0900-1020.,
135,추풍령,1997-07-26,24.9,19,605,30.8,1408,,,,,,,5.2,140,918,3.3,140,920,.7,572,140,20.5,51,1330,77.9,24.1,977.4,1007.8,550,1003.2,2010,1005.1,14.2,7.6,1300,2.16,14.38,,,,,,6,2.8,30,16.6,,,,,,,,,,,,,,
135,추풍령,1997-07-27,25.1,21.3,500,29.2,1423,,,,,,,7.3,250,1410,5,250,1400,2.3,2003,270,19.7,52,1427,72.3,23,976.6,1007.1,2400,1002.9,1330,1004.3,14.2,6.3,1215,2.03,12.78,,,,,,9.8,3,29.1,19.9,,,,,,,,,,,,,{햇무리}1040-1420.,
135,추풍령,1997-07-28,25.6,21.9,307,30.9,1506,,,,,,,5,290,459,4.7,270,900,1.8,1572,270,20.6,54,1202,74.5,24.3,979.8,1008.7,900,1005.7,1801,1007.5,14.1,4.7,1330,1.95,11.39,,,,,,9.6,3.8,29.3,20.1,,,,,,,,,,,,,,
135,추풍령,1997-07-29,27.5,23.2,510,33.1,1610,,,,,,,5.8,250,852,5,250,850,1.3,1091,250,21.9,46,1545,73.3,26.4,980.6,1009.1,900,1006.6,1648,1008.1,14.1,7.2,1200,2.51,18.21,,,,,,8,4.3,32.5,21.2,,,,,,,,,,,,,{박무}0420-{박무}{강도0}0600-{박무}{강도0}0900-1120.  {박무}2130-{박무}{강도0}2400-  {번개}{강도0}(E 8~10)2030-{번개} {강도0}(E 8~10)2100-2118.,
135,추풍령,1997-07-30,26.1,24.3,330,31,1550,,,,,,,4,140,1315,3,140,1325,.6,556,180,23.4,65,1650,85.4,28.8,980.7,1010,2400,1006.3,1707,1008.3,14.1,3.9,1250,1.84,9.02,,,,,,8.3,5.4,30.6,23,,,,,,,,,,,,,-{박무}-{박무}{강도0}0300-{박무}{강도0}0600-{박무}{강도1}0900-{박무}{강도1}1200-{박무}{강도1}1500-{박무}{강도0}1800-{박무}{강도1}2100-{박무}{강도1}2400-,
135,추풍령,1997-07-31,26.4,23.6,450,31.9,1612,,,,,,,3.9,140,1441,2.2,140,1510,.5,400,180,23,60,1602,82.9,28.2,981.5,1010.2,2230,1007.5,1540,1009.1,14,5.2,1245,2.28,12.55,,,,,,7.8,6,29.7,21.8,,,,,,,,,,,,,-{박무}-{박무}{강도1}0300-{박무}{강도1}0600-{박무}{강도1}0900-{박무}{강도1}1200-1420.  {박무}1920-{박무}{강도0}2100-{박무}{강도0}2400-,
135,추풍령,1997-08-01,27.1,22,435,33.2,1350,,,,,,,6,250,2325,4.7,250,2330,.9,752,230,23.2,52,1620,80.4,28.5,982.4,1011.4,836,1007.7,1648,1009.9,14,7.7,1200,2.51,16.25,,,,,,5.1,2.6,30.6,20.3,,,,,,,,,,,,,-{박무}-{박무}{강도1}0300-{박무}{강도1}0600-{박무}{강도1}0900-1040.  {박무}2040-{박무}{강도0}2100-{박무}{강도0}2400-  {번개}{강도0}(W 8~10)2110-2125.,
135,추풍령,1997-08-02,27.5,23.4,550,32.8,1533,,,,,,,7.7,270,1220,6,250,1200,1.9,1652,270,21.4,44,1505,71.3,25.6,982.7,1011.3,600,1008,1810,1010.3,14,10.2,1130,2.64,18.86,,,,,,2.5,1.6,33.4,21.4,,,,,,,,,,,,,-{박무}-{박무}{강도0}0300-{박무}{강도0}0600-{박무}{강도0}0900-0950.,
135,추풍령,1997-08-03,25.5,22.3,2240,32.2,1308,1.25,1.9,1410,2.1,1340,2.5,12.3,270,1343,5.5,270,1340,1.5,1327,250,21.6,51,1215,80.8,25.9,980.9,1011.3,0,1006.6,1450,1008.5,14,6.3,1130,3.03,14.39,,,,,,7.1,4.3,29.6,20.2,,,,,,,,,,,,45.6,{소나기}1340-1352. {소나기}1410-1420. {소나기}1932-1950. {소나기}2325-{소나기}{강도0}2400-  {천둥}{강도0}(NW)1335-{천둥}{강도0}(NW{이동}W)1346-{천둥}{강도0}(W{이동}SW)1355-1424.  {천둥}{강도0}(W)1550-{천둥}{강도0}(W{이동}SW)1603-{천둥}{강도0}(SW{이동}S)1625-{천둥}{강도0}(S{이동} SE)1632-1643.  {뇌전}{강도0}(SW 6~7)2003-{뇌전}{강도0}(SW{이동}W 6~7)2024-{뇌전}{강도0}(W{이동}NW 5~6)2035-{뇌전}{강도1}(NW{이동}N 4~5)2050-{뇌전}{강도1}(N 4~5)2100-2109.  {뇌전}{강도0}(W 7~8)2120-{뇌전}{강도1}(W{이동}NW 5~7)2136-{뇌전}{강도1}(NW{이동}N 5~6)2221-{천둥}{강도0}(N)2230-2237.  {번개}{강도0}(SW 8~10)2229-{뇌전}{강도0}(SW 7~8)2250-{뇌전}{강도0}(SW{이동}S 5~6)2322-{뇌전}{강도1}(S 3~4)2333-{뇌전}{강도2}(S{이동}SE 3~4)2357-{뇌전}{강도1}(SE 3~4)2400-,
135,추풍령,1997-08-04,21.7,20.6,2300,23,1403,20.7,9.9,640,25.8,620,84.2,12,290,1820,7.7,290,1830,.5,463,90,20.6,89,1730,93.4,24.3,976.6,1009.1,20,1001.7,2245,1004.6,13.9,0,1215,.44,2.18,,,,,,10,5.1,23.4,19.6,,,,,,,,,,,,41.1,-{소나기}-0225. {소나기}0258-{소나기}{강도0}0300-0325. {소나기}0445-{소나기}{강도1}0600-{비}0835-{비}{강도0}0900-{비}{강도0}1200-{비}{강도1}1500-{비}{강도0}1800-{비}{강도0}2100-2235.  -{뇌전}-{뇌전}{강도0}(SE{이동}E 4~5)0028-0035. {뇌전}{강도0}(W 5~6)0047-{뇌전}{강도1}(W{이동}SW 3~4)0120-{뇌전}{강도2}(SW{이동}S 2~3)0154-{뇌전}{강도1}(S{이동}SE 2~3)0203-{뇌전}{강도0}(SE{이동}E 3~4)0213-0226. {뇌전}{강도0}(W 4~5)0145-{뇌전}{강도1}(W{이동}SW 2~3)0210- {뇌전}{강도1}(SW{이동}S 3~4)0231-{뇌전}{강도0}(S 3~4)0300-{천둥}{강도0}(S)0310-{천둥}{강도0}(S{이동}SE)0314-0332.{천둥}{강도0}(W)0538-{천둥}{강도0}(W{이동}SW)0557-{천둥}{강도0}(SW)0600-0620. {박무}0510-{박무}{강도1}0600-{박무}{강도0}0900-{박무}{강도0}1200-{박무}{강도0}1500-{박무}{강도0}1800-1830.,
135,추풍령,1997-08-05,25,20.3,530,31.5,1505,,,,,,,5,160,1315,3.7,290,820,.9,740,140,20.5,43,1520,77.8,24.1,975,1004.7,2400,1001.4,300,1002.7,13.9,10.5,1215,2.58,20.98,,,,,,3.8,2.1,28.4,18.3,,,,,,,,,,,,,,
135,추풍령,1997-08-06,24.8,19.1,558,31.6,1620,,,,,,,5.6,270,1446,4.3,110,1330,.9,776,340,20,45,1617,77.1,23.4,976.4,1005.4,2330,1001.9,1802,1004.1,13.9,9.8,1245,2.57,19.34,,,,,,2.5,1.9,28.4,16.5,,,,,,,,,,,,,,
135,추풍령,1997-08-07,23.7,18.5,543,28.2,1605,.05,0,,.1,,.1,6.5,290,1435,4,290,1440,.4,377,70,20.9,65,1520,84.3,24.9,977.2,1005.9,920,1003.6,1542,1005,13.8,1.5,1315,1.69,7.71,,,,,,7.3,5,26.1,16.4,,,,,,,,,,,,.1,{박무}0130-{박무}{강도0}0300-{박무}{강도0}0600-{박무}{강도0}0900-0940.  {소나기}0925-0928.,
135,추풍령,1997-08-08,27.2,23.2,430,32.3,1423,.88,.8,2350,.9,1945,2,9,140,1620,4.3,140,1630,1.3,1114,180,23.4,56,1420,80.5,28.8,974.6,1005.1,0,998.7,2400,1002,13.8,7.7,1330,2.15,11.68,,,,,,7.6,4.3,29.8,22.2,,,,,,,,,,,,10,{소나기}1624-1630.  {소나기}1945-1950.  {소나기}2032-2043.  {소나기}2251-2307.  {소나기}2345-{소나기}{강도0}2400-,
135,추풍령,1997-08-09,26,23.8,550,30.3,1510,8.87,3.4,9,4.5,9,12.2,10.2,290,1548,6.7,290,1700,3.2,2724,290,23.1,68,1451,84.8,28.4,969.3,1002.2,2400,991.4,850,996.7,13.8,1.6,1400,1.29,6.02,,,,,,8.9,4.8,27.4,23.2,,,,,,,,,,,,12.8,-{소나기}-0132.  {비}0215-{비}{강도0}0330-0335.  {비}0530-{비}{강도0}0600-{비}{강도0}0900-1040.   {소나기}1550-1640.,
135,추풍령,1997-08-10,22.8,20.8,2258,24.7,0,11.17,2.5,1255,8.9,1220,32.7,5,160,1410,3,180,1450,.5,435,110,21,83,1636,89.5,24.9,976,1006.5,2340,1002.2,0,1003.8,13.7,.3,1545,.88,2.82,,,,,,10,5.1,25.3,20.3,,,,,,,,,,,,24.1,{비}0410-{비}{강도1}0600-{비}{강도0}0900-{비}{강도0}1200-{비}{강도0}1500-1520. {박무}0520-{박무}{강도0}0600-{박무}{강도0}0900-{박무}{강도0}1200-{박무}{강도0}1500-1509.,
135,추풍령,1997-08-11,22.1,21,0,24.2,1600,5.27,1.7,2312,2.9,2250,3.2,5.8,70,1345,3,70,1150,.7,627,90,20.3,82,1915,89.5,23.8,980,1010,2400,1006.5,0,1008.1,13.7,.4,1140,.57,3.89,,,,,,10,6.1,24.3,20.7,,,,,,,,,,,,4.9,{이슬비}1125-{이슬비}{강도0}1200-{비}1308-{비}{강도0}1500-1528. {비}2247-{비}{강도0}2400- {박무}0220-{박무}{강도0}0300-{박무}{강도0}0600-{박무}{강도0}0900-{박무}{강도0}1200-1430.,
135,추풍령,1997-08-12,21.9,19.6,2400,25.9,1431,12.55,1.3,1657,4.1,1625,8,7.1,50,1302,3.5,50,1300,1,855,50,20,72,1402,89.3,23.5,983.4,1013.7,2400,1010,0,1011.6,13.7,0,1200,1.7,7.25,,,,,,8.4,4.4,24.7,17.2,,,,,,,,,,,,6.3,-{비}-0045.  {비}0230-{비}{강도0}0300-{비}{강도0}0600-{비}{강도0}0900-1145.  {비}1610-{비}{강도0}1800-1843.,
135,추풍령,1997-08-13,22.3,19,230,26.5,1433,,,,,,,7,50,2040,3,50,2030,1.1,935,50,19.4,67,1427,83.8,22.5,985.1,1014.4,2350,1011.4,1702,1013.3,13.6,.7,1400,1.42,6.88,,,,,,8,3.9,25.4,17.2,,,,,,,,,,,,,,
135,추풍령,1997-08-14,21.6,20.1,700,24.1,1500,,,,,,,6.5,90,1129,3.7,90,1130,1.6,1392,90,18.5,71,1450,82.3,21.3,986.4,1016.6,2340,1013.1,1512,1014.7,13.6,0,1300,.81,4.88,,,,,,9.1,5.4,24.1,19.1,,,,,,,,,,,,,{박무}0640-0735.,
135,추풍령,1997-08-15,21.9,18.1,510,27.4,1501,,,,,,,8.5,50,1227,4.3,160,1510,2.1,1835,110,17.5,56,1653,77,20.1,987.2,1017.1,803,1013.4,1558,1015.5,13.6,6.6,1245,2.79,16.04,,,,,,5.9,4.6,24.9,16.1,,,,,,,,,,,,,,
135,추풍령,1997-08-16,21.2,18.7,2400,25.5,1550,,,,,,,7,110,1230,3,110,1240,1.9,1670,110,17.4,60,1605,79.4,19.8,985.8,1016.6,710,1011.5,1800,1014.1,13.5,1.8,1500,1.41,9.03,,,,,,7.1,4.5,24.1,15.3,,,,,,,,,,,,,,
135,추풍령,1997-08-17,23.7,17.2,335,29.5,1615,,,,,,,5.5,90,1200,3.3,90,1210,1.6,1398,90,19.5,61,1450,77.9,22.7,982.2,1012.7,0,1007.7,1610,1010.1,13.5,6.4,1145,2.49,15.6,,,,,,7.1,5.1,26.5,14.9,,,,,,,,,,,,,,
135,추풍령,1997-08-18,24.3,20.6,527,28.9,1455,.28,0,,0,,0,6,140,657,3,140,730,1.6,1367,90,21.6,67,1520,84.5,25.9,984.5,1014.6,2330,1010.6,406,1012.4,13.5,1.2,1400,1.75,7.36,,,,,,8.5,5.6,27.6,18.8,,,,,,,,,,,,3.3,{소나기}2208-2225.  {박무}2320-{박무}{강도0}2400-,
135,추풍령,1997-08-19,24.4,22.1,630,27,1459,14.65,1,230,2.6,213,5.7,6.1,70,2036,3,70,2050,1.5,1294,70,22.3,80,1210,88,26.9,987.9,1017.6,2400,1014.5,0,1015.9,13.4,0,1130,.87,5.19,,,,,,10,5.1,26.1,20.7,,,,,,,,,,,,2.4,{소나기}0104-0110. {소나기}0120-{소나기}{강도0}0300-0510. {비}0847-{비}{강도0}0900-{비}{강도0}1200-{비}{강도0}1500-{비}{강도0}1800-1930. {천둥}{강도0}(W)0314-{뇌전}{강도0}(W 8~10)0327-0342.  -{박무}-{박무}{강도0}0300-{박무}{강도1}0600-{박무}{강도0}0900-1140. {박무}1730-{박무}{강도0}1800-{박무}{강도0}2100-{박무}{강도0}2400-,
135,추풍령,1997-08-20,25.8,22.6,550,31.5,1555,,,,,,,6.1,110,1540,3.7,110,1520,1.4,1206,180,22,57,1606,80.8,26.5,987.2,1017.6,0,1012.6,1802,1015.1,13.4,5.8,1512,1.99,12.03,,,,,,7.4,5.3,28.5,21.1,,,,,,,,,,,,,-{박무}-0120. {박무}0430-{박무}{강도0}0600-{박무}{강도0}0900-{박무}{강도0}1200-1240.,
135,추풍령,1997-08-21,25.7,21,2348,31.5,1354,4.78,.6,1947,1.4,1947,2.7,11,270,2042,6.7,270,2200,2,1739,270,21.2,58,1257,77.1,25.2,981.8,1014.5,0,1006,1820,1009.5,13.4,5.6,1030,2.4,13.98,,,,,,7.3,5.3,27.8,20.3,,,,,,,,,,,,3.2,{비}1913-{비}{강도0}2100-{비}{강도0}2400-,
135,추풍령,1997-08-22,23.1,19.2,545,27.8,1448,2.25,.2,40,.5,28,.5,11,290,255,7,290,300,4.1,3507,320,17.5,49,1757,72,20,981.8,1011.2,930,1008.1,1655,1009.8,13.3,6.9,1215,2.65,17.65,,,,,,4.6,2.3,25.5,17.5,,,,,,,,,,,,,-{비}-0215.,
135,추풍령,1997-08-23,24,19.3,530,28.9,1540,,,,,,,10.9,250,1110,8,270,350,4.9,4254,250,17.9,50,1500,69.9,20.6,982.2,1011.4,900,1008.2,1820,1010.1,13.3,10.7,1145,2.67,20.11,,,,,,1.9,.4,26,16.6,,,,,,,,,,,,,,
135,추풍령,1997-08-24,24.6,19.3,650,30.4,1557,,,,,,,9.7,250,1000,7,270,20,3.5,3009,270,19.6,54,1506,75,22.9,982.1,1011.3,2400,1008,1650,1010,13.3,10.4,1130,2.57,19.21,,,,,,2,1.4,27.7,17.4,,,,,,,,,,,,,{박무}1850-{박무}{강도1}2100-{박무}{강도0}2400-,
135,추풍령,1997-08-25,23.3,19.7,540,29,1348,,,,,,,5.4,110,1613,2.7,110,1630,1,892,90,18.9,57,1327,76.9,21.8,984.3,1014,2400,1010.9,1600,1012.4,13.2,3.1,1230,2.42,13.62,,,,,,8.5,3.9,27.3,17.5,,,,,,,,,,,,,-{박무}-{박무}{강도0}0300-0515.,
135,추풍령,1997-08-26,23.7,18,550,29.7,1355,,,,,,,5.1,270,2320,4,250,2240,.7,580,160,19.2,50,1510,77.4,22.3,985.6,1015.3,900,1011.4,1700,1013.7,13.2,5.2,1045,2.34,15.42,,,,,,4,2.6,27.1,15.1,,,,,,,,,,,,,,
135,추풍령,1997-08-27,24,20.1,637,30.1,1604,,,,,,,8.2,230,859,5.7,250,900,2.2,1859,290,19.3,51,1549,77,22.5,986.1,1016.3,732,1011.7,1555,1014.1,13.2,10.8,1200,2.44,17.73,,,,,,2,1.1,28.3,17.3,,,,,,,,,,,,,{박무}0535-{박무}{강도0}0600-0820. {박무}1910-{박무}{강도0}2100-{박무}{강도0}2400-,
135,추풍령,1997-08-28,24.7,19.6,305,31.3,1552,,,,,,,6.8,290,1320,4,320,1340,1.6,1369,320,18.2,39,1315,69.6,20.9,984.5,1014.4,823,1010,1600,1012.4,13.1,8.7,1130,2.58,17.94,,,,,,3.3,2.3,29.4,17.4,,,,,,,,,,,,,-{박무}-{박무}{강도0}0300-{박무}{강도1}0600-{박무}{강도0}0900-0924.,
135,추풍령,1997-08-29,23.3,19.3,530,29,1358,,,,,,,4.6,290,227,4,290,250,1.2,1036,270,18.9,55,1655,79.8,22,986.5,1016.1,910,1013,1615,1014.6,13.1,3.4,1307,1.93,8.44,,,,,,6.9,4,26.2,16.6,,,,,,,,,,,,,,
135,추풍령,1997-08-30,25.3,20.6,340,30.1,1236,,,,,,,5.6,250,1136,4.3,270,1420,1.4,1236,270,20.5,55,1217,75.8,24.1,986.3,1016.1,130,1011.4,1602,1014.2,13,6.2,1145,2.8,15.47,,,,,,5.3,3.6,28.4,17.6,,,,,,,,,,,,,,
135,추풍령,1997-08-31,25.8,21.6,340,31.2,1420,.2,.6,1622,.6,,.6,8.4,270,1916,6.3,270,1940,3,2634,270,21.1,55,1422,75.8,25,983,1014,34,1008.5,1526,1010.7,13,6.7,1300,2.05,13.13,,,,,,4.5,1.9,28.8,20,,,,,,,,,,,,.6,{소나기}1618-1630.,
135,추풍령,1997-09-01,27.3,22.7,700,32.8,1550,.13,0,,0,,0,8.4,270,425,7.3,270,430,2.4,2046,270,21.4,47,1455,72.4,25.6,979.4,1009.9,200,1003.8,1700,1006.8,13,9.5,1130,2.76,18.39,,,,,,5.4,4.3,30.5,21.1,,,,,,,,,,,,2.8,{비}2312-2320.,
135,추풍령,1997-09-02,24.7,20,2320,29.9,1356,3.45,2,710,2.8,702,5.9,12,230,1342,6.3,230,1350,2.7,2329,250,21.2,64,1432,81.5,25.4,975.2,1006,0,999.9,1553,1002.8,12.9,3.5,1145,2.66,11.08,,,,,,9.1,6.3,26.9,19.3,,,,,,,,,,,,3.1,{비}0702-0756. {비}0950-1020. {비}1652-{비}{강도0}1800-1855. {박무}2010-{박무}{강도0}2100-{박무}{강도0}2400-,
135,추풍령,1997-09-03,21.7,17.1,630,27.2,1315,,,,,,,8.8,270,420,5.2,270,430,1.2,1073,270,16.6,46,1436,73.5,19,977.3,1008.2,2400,1003.1,1626,1005.3,12.9,6.1,1230,2.56,13.74,,,,,,6,5,25.9,15.1,,,,,,,,,,,,,-{박무}-{박무}{강도0}0300-0330.,
135,추풍령,1997-09-04,21,15.6,635,27,1410,,,,,,,2.9,160,1255,2.2,160,1640,.4,352,90,16,47,1253,74.5,18.2,981.9,1012,2400,1008.2,0,1010,12.9,7.6,1130,2.37,14.68,,,,,,7.3,4.5,24.9,14,,,,,,,,,,,,,,
135,추풍령,1997-09-05,21.2,16.7,642,28.1,1448,,,,,,,4.9,140,1241,2.8,140,1500,.8,652,140,16.2,51,1441,74.4,18.4,984.7,1014.4,1005,1011.4,1456,1013,12.8,4.3,1200,2.44,11.37,,,,,,7.5,3.4,25.2,14,,,,,,,,,,,,,,
135,추풍령,1997-09-06,21.7,14.8,550,28.9,1510,,,,,,,6.7,140,1110,4,140,1120,.6,544,50,15.8,40,1315,71.6,18,985.2,1015.3,2400,1011.2,1510,1013.4,12.8,11.2,1230,2.47,16.76,,,,,,2.1,1.1,26.2,12.2,,,,,,,,,,,,,,
135,추풍령,1997-09-07,21.9,14.2,605,30.3,1400,,,,,,,3.8,50,1358,2.5,50,1400,.4,353,50,15.2,36,1410,68,17.3,986.5,1016.1,700,1012.2,1550,1014.7,12.7,11.3,1245,2.32,17.36,,,,,,0,0,27.2,11.6,,,,,,,,,,,,,,
135,추풍령,1997-09-08,22.5,14.4,651,31.6,1600,,,,,,,3.6,230,1222,3.2,230,1220,.9,804,250,15.5,34,1542,68,17.6,987.1,1017.1,558,1012.9,1557,1015.3,12.7,10.9,1130,2.4,16.97,,,,,,0,0,27.6,11.1,,,,,,,,,,,,,,
135,추풍령,1997-09-09,22.9,17.3,650,30,1450,,,,,,,9,270,1138,6.3,270,1200,2.6,2221,270,16.4,38,1318,68.6,18.7,985.7,1015,0,1011.7,1646,1013.9,12.7,10.5,1200,2.42,17.39,,,,,,.4,.4,27.1,14.2,,,,,,,,,,,,,{박무}0340-{박무}{강도0}0600-{박무}{강도0}0900-0930.,
135,추풍령,1997-09-10,23.7,18.8,655,28.9,1603,,,,,,,4.5,270,732,3.3,250,910,1.1,927,180,18.2,49,1340,73.5,21,986.3,1016,830,1011.6,1540,1014.3,12.6,6.6,1200,1.87,12.69,,,,,,5,1.5,27.6,16.2,,,,,,,,,,,,,,
135,추풍령,1997-09-11,23,19.2,700,28.9,1430,,,,,,,3.5,270,1533,2,270,1430,.5,454,90,16.8,37,1312,69.8,19.2,985.8,1016.3,2400,1011.5,1537,1013.9,12.6,8.2,1130,2.02,12.27,,,,,,6.1,3.6,27.1,16.2,,,,,,,,,,,,,,
135,추풍령,1997-09-12,22.4,18.5,40,27.5,1457,,,,,,,8,140,2050,3.7,140,2000,1.5,1260,140,16,49,1448,68,18.2,989.1,1020.4,2250,1015.4,1556,1017.4,12.6,6.1,1100,1.69,7.32,,,,,,8.3,5.5,27.1,15.6,,,,,,,,,,,,,,
135,추풍령,1997-09-13,20.5,17.2,535,25.7,1512,,,,,,,6.7,140,1447,3.7,140,1450,1.5,1280,140,14.6,59,1510,69.3,16.7,991.3,1021.9,830,1016.9,1510,1019.8,12.5,2.1,1415,.96,5.84,,,,,,9,4,26.2,16,,,,,,,,,,,,,,
135,추풍령,1997-09-14,18,15.6,420,20.5,1411,,,,,,,7.3,90,1503,3.5,90,1530,1.8,1522,90,12,59,1602,67.9,14.1,990.4,1021.5,0,1017.2,1510,1019.2,12.5,.2,1000,.59,3.29,,,,,,8.9,5.1,22.2,10.9,,,,,,,,,,,,,,
135,추풍령,1997-09-15,18.1,14,2400,23,1145,1.33,.1,,.1,,.1,16.7,110,1202,8,110,1300,3.7,3228,90,8.5,39,1453,54.4,11.1,990.4,1020.6,27,1017.4,1512,1019.1,12.4,9.8,1200,1.71,13.28,,,,,,6.1,3.9,23.7,10,,,,,,,,,,,,20.1,{비}2240-{비}{강도0}2400-,
135,추풍령,1997-09-16,16,12.9,425,19.5,1526,13.75,2.5,550,6.7,730,22.1,10,90,12,4,90,10,1.8,1549,90,12.8,70,1558,81.5,14.9,985,1018.7,0,1010.8,1525,1013.9,12.4,0,1300,.6,3.64,,,,,,8.9,4.9,19.6,12.5,,,,,,,,,,,,2.1,-{비}-{비}{강도0}0300-{비}{강도1}0600-{비}{강도1}0900-{비}{강도0}1200-1345.  {박무}0640-{박무}{강도0}0900-{박무}{강도0}1200-1320.,
135,추풍령,1997-09-17,18.2,14,319,23.3,1510,,,,,,,7.5,250,1125,5.2,270,430,2.7,2292,290,11.6,46,1659,66.6,13.7,986.6,1017,2200,1013.8,1517,1015.3,12.4,8.9,1130,2.95,18.03,,,,,,5.1,3.1,20.4,11,,,,,,,,,,,,,,
135,추풍령,1997-09-18,18.2,13.1,540,26,1441,,,,,,,8,340,1731,6.7,320,1530,2.4,2056,290,8.9,36,1456,55.6,11.6,987,1017.6,53,1013.3,1512,1015.6,12.3,9.9,1300,2.45,16.7,,,,,,3.6,2.8,21.2,9.3,,,,,,,,,,,,,,
135,추풍령,1997-09-19,14.7,8.6,530,22.9,1455,,,,,,,7.5,290,1230,5.7,290,1110,2.1,1850,290,6.3,32,1420,60,9.6,986.8,1018.4,2400,1013.1,1500,1015.8,12.3,11,1200,2.51,18.03,,,,,,.3,.3,19,4.6,,,,,,,,,,,,,,
135,추풍령,1997-09-20,16.3,8.5,406,23,1453,,,,,,,5.9,290,1726,4.2,290,1400,1.9,1682,290,8.4,33,1602,62.1,11,987.9,1018.4,0,1014.1,1610,1016.8,12.2,7.7,1130,2.45,15.31,,,,,,6.1,3.1,18.8,5.7,,,,,,,,,,,,,,
135,추풍령,1997-09-21,14.3,8.2,2340,20.8,1450,,,,,,,10,270,20,6,270,20,2.8,2453,270,5.6,34,1627,58.1,9.1,991.2,1023.5,2400,1018.4,0,1020.4,12.2,10.6,1100,2.4,16.85,,,,,,2.5,1.8,18.7,4.7,,,,,,,,,,,,,,
135,추풍령,1997-09-22,14.6,5.8,700,23.3,1435,,,,,,,6.7,140,1010,3.2,140,1030,1,866,90,7.2,39,1425,63.5,10.3,993.9,1025.1,2400,1020.5,1510,1023.2,12.2,9.1,1130,2.55,16.47,,,,,,3.8,3,19,1.5,,,,,,,,,,,,,,
135,추풍령,1997-09-23,16.2,7.8,634,24.1,1459,,,,,,,7.1,90,1847,3,90,1020,1,826,90,8.3,33,1543,62.5,11,995.4,1026.3,706,1021.7,1530,1024.5,12.1,10.9,1245,2.46,16.82,,,,,,1.8,1.5,21,1.8,,,,,,,,,,,,,,
135,추풍령,1997-09-24,15,7.7,612,20.9,1532,,,,,,,5.5,70,1104,2.7,70,1120,.7,623,70,8.9,44,1438,68.6,11.5,994.5,1026.3,58,1022,1600,1023.7,12.1,7.9,1115,1.69,10.45,,,,,,6.3,2.1,18.8,1.5,,,,,,,,,,,,0,,
135,추풍령,1997-09-25,14.2,12.1,630,16.9,1140,2.83,.1,2020,.2,,.2,2.7,160,1005,2.2,160,1010,.5,425,50,10.6,64,1125,79,12.9,987.4,1022.6,0,1011.9,2400,1016.5,12.1,0,1030,.56,2.41,,,,,,10,5.3,17.1,8.1,,,,,,,,,,,,.2,{비}0730-0840. {비}1310-1340. {비}2010-{비}{강도0}2100-2120.,
135,추풍령,1997-09-26,15.3,13.1,2200,20.4,1403,.28,.2,1428,.2,,.2,13.8,290,1601,7,290,1550,2.7,2365,290,10.5,50,1402,72.9,12.8,979.3,1011.9,0,1005.6,1544,1008,12,3.4,1330,1.69,7.6,,,,,,7.8,4.8,17.9,8.5,,,,,,,,,,,,.2,{천둥}{강도0}(W)1423-{천둥}{강도0}(W{이동}S)1427-{뇌전}{강도0}(S 3~4)1430-1440.  {소나기}1428-1445.,
135,추풍령,1997-09-27,15.6,12.1,2343,21.5,1540,.5,1,1830,1.5,1825,1.5,10.4,270,315,6.7,270,320,3.4,2931,270,9.9,42,1528,70.5,12.2,983.8,1015.8,2400,1008.6,0,1012.7,12,9.6,1200,2.38,16.32,,,,,,3.1,2.9,18.6,7.3,,,,,,,,,,,,1.5,{소나기}1825-1855.,
135,추풍령,1997-09-28,15,10.2,650,21.3,1530,,,,,,,11.3,320,1307,5.7,290,900,2.1,1856,290,7.9,37,1507,65.4,10.7,987.6,1019.1,2400,1014.8,1510,1016.6,11.9,9.6,1200,2.35,16.01,,,,,,1,1,21.1,5,,,,,,,,,,,,,,
135,추풍령,1997-09-29,14.6,8.4,658,22.9,1450,,,,,,,7.8,290,1331,4.5,230,1240,1.3,1109,270,8.3,35,1447,69.9,11,990.2,1021.7,2400,1016.7,1512,1019.3,11.9,10.4,1300,2.38,16.28,,,,,,1.4,1.4,19.3,2.4,,,,,,,,,,,,,,
135,추풍령,1997-09-30,15.2,6.9,705,25.3,1440,,,,,,,4,140,1310,2.3,70,1350,.6,481,360,8.4,33,1430,68.3,11,993.6,1024.3,2250,1020.6,1540,1022.7,11.9,10.1,1220,2.03,13.68,,,,,,1.1,.4,18.7,2.2,,,,,,,,,,,,,{박무}0510-{박무}{강도0}0600-{박무}{강도0}0900-0927.,
135,추풍령,1997-10-01,15.4,8,510,23.9,1337,,,,,,,3.7,70,1254,2,70,1300,.5,447,70,9.3,39,1550,70.3,11.8,994.5,1025.7,900,1021.1,1607,1023.7,11.8,8,1025,2,13.11,,,,,,4.6,.6,18.4,2.5,,,,,,,,,,,,,,
135,추풍령,1997-10-02,16.4,8.6,640,25.5,1327,,,,,,,4.7,180,1315,3.3,160,1310,.6,507,20,9.1,23,1614,66.5,11.6,993.5,1024.1,750,1019.4,1505,1022.5,11.8,10.4,1215,2.4,16.93,,,,,,.4,.4,19.6,3,,,,,,,,,,,,,,
135,추풍령,1997-10-03,17,9,637,25.7,1332,,,,,,,4.5,160,1256,2.7,160,1300,.5,435,160,11.1,30,1318,71.4,13.3,991.5,1024,140,1017.6,1515,1020.5,11.7,8.8,1215,2.1,13.31,,,,,,3.6,1.4,20.3,3.6,,,,,,,,,,,,,{박무}0350-{박무}{강도0}0600-0820.,
135,추풍령,1997-10-04,16.5,13.1,645,21.5,1450,1.17,.1,,.1,,.1,8,290,2145,5.7,290,2000,2.1,1831,270,11.2,49,1515,72.1,13.4,987.7,1019.1,0,1013.9,1505,1016.5,11.7,3.3,1010,1.62,8.54,,,,,,8.4,3.8,20.2,8.4,,,,,,,,,,,,.1,{비}1725-{비}{강도0}1800-1835.  {박무}1310-{박무}{강도0}1500-{박무}{강도0}1800-1920.,
135,추풍령,1997-10-05,14,7.6,2400,20.8,1538,,,,,,,9.2,270,1031,6.7,290,500,2.8,2455,250,5.5,30,1527,60,9.2,988.8,1020.8,2400,1015.7,1503,1017.9,11.7,10.5,1200,2.34,16.84,,,,,,1.1,1.1,18.6,2.1,,,,,,,,,,,,,,
135,추풍령,1997-10-06,13,3.9,710,22.4,1536,,,,,,,8.8,270,1450,5,270,1510,1.2,1040,290,4,24,1658,58.8,8.2,989.6,1021.3,150,1015.7,1508,1018.9,11.6,9.7,1230,1.99,12.59,,,,,,1.3,1.3,17.1,-.9,,,,,,,,,,,,,,
135,추풍령,1997-10-07,13.9,7.1,540,21.2,1400,,,,,,,16.5,250,1555,8.3,250,1620,2.5,2124,270,5.7,26,1620,59.1,9.2,988.4,1020.7,2400,1014.3,1520,1017.6,11.6,5.8,1300,1.62,10.76,,,,,,3.5,2.5,17.1,1.7,,,,,,,,,,,,,,
135,추풍령,1997-10-08,12.7,7.7,1321,18.8,1454,,,,,,,16.1,270,930,7,270,950,3,2633,270,2.5,26,1510,51.9,7.3,992.6,1024,2330,1020.1,1507,1022,11.6,10.5,1200,2.24,14.87,,,,,,.8,.8,16.8,1.1,,,,,,,,,,,,,,
135,추풍령,1997-10-09,12,4,730,20.9,1517,,,,,,,10.8,270,1409,6.3,270,1410,2.3,2010,290,2.3,21,1310,55.9,7.3,989.5,1023.7,0,1015.6,1640,1018.9,11.5,10,1215,2.31,15.57,,,,,,1.5,1.3,15.8,-1,,,,,,,,,,,,,,
135,추풍령,1997-10-10,14.7,7.5,520,23.5,1350,,,,,,,20.3,290,1450,11.3,290,1520,3.7,3184,290,6.2,36,1610,59.1,9.8,982.4,1016.2,0,1006.7,1440,1011.3,11.5,4.9,1200,1.9,10.57,,,,,,5.1,3.3,16.4,2.9,,,,,,,,,,,,,,
135,추풍령,1997-10-11,11.9,7.2,653,15.8,1405,,,,,,,17,290,1801,9.7,290,1810,4.8,4130,290,0,31,1007,43.6,6.2,986.6,1017.3,944,1014.1,1651,1015.9,11.4,5.7,1100,2.03,10.68,,,,,,3.1,2.6,13,.5,,,,,,,,,,,,,,
135,추풍령,1997-10-12,10.1,5.3,2347,16.6,1436,,,,,,,13.5,270,1350,8.3,270,1400,4,3468,270,-1,30,1433,46.6,5.7,989,1020,910,1016.7,1528,1018.7,11.4,9.9,1215,2.13,14.18,,,,,,1.5,.8,14.1,-.8,,,,,,,,,,,,,,
135,추풍령,1997-10-13,11.3,2.2,717,21.6,1620,,,,,,,8.1,250,1330,4,270,1510,1.2,1055,270,1.1,19,1520,54.6,6.7,986.6,1019.8,100,1011.9,2400,1016,11.4,9.6,1200,2.06,14.46,,,,,,1.1,1.1,14.1,-3.3,,,,,,,,,,,,,,
135,추풍령,1997-10-14,16.1,7.2,2400,20.8,1327,,,,,,,14.3,320,1239,8,290,1110,3.8,3326,270,6.3,27,1446,54.3,9.9,985,1019.1,2400,1010.5,42,1013.8,11.3,5.6,1215,2.03,12.25,,,,,,2.9,2.5,17.9,-.7,,,,,,,,,,,,,,
135,추풍령,1997-10-15,10.4,3,710,19.4,1528,,,,,,,9.2,230,1325,5,230,1330,1.3,1093,230,2.6,26,1546,64,7.4,990.6,1022.7,2238,1018.3,1432,1020.2,11.3,6.9,1200,1.84,11.99,,,,,,1.8,.5,14.1,-2.9,,,,,,,,,,,,,,
135,추풍령,1997-10-16,12.2,2.7,643,23.8,1505,,,,,,,6.3,250,1245,3.2,250,1250,.7,622,200,2,15,1500,57.8,7.1,990.8,1022.9,830,1016.7,1710,1020.2,11.3,9.8,1130,1.93,12.49,,,,,,.3,0,14.7,-2.6,,,,,,,,,,,,,,
135,추풍령,1997-10-17,13.6,5.3,340,21.8,1550,,,,,,,14.5,270,1415,7.5,270,1440,2.4,2041,270,6.2,35,1800,62.8,9.7,987.4,1019.9,0,1013.3,1530,1016.6,11.2,7.7,1220,1.73,10.2,,,,,,2.3,1.4,14.7,.2,,,,,,,,,,,,,,
135,추풍령,1997-10-18,14.1,7.3,2350,21.4,1348,,,,,,,10,250,1200,5.7,250,1140,2.2,1943,230,5.4,25,1620,58.8,9.1,988.8,1020.1,2250,1016.3,1510,1018,11.2,9.4,1200,2.05,13.17,,,,,,1,.6,15.8,0,,,,,,,,,,,,,,
135,추풍령,1997-10-19,15.6,2.2,700,25.9,1352,,,,,,,13.5,250,1535,7.3,250,1540,2,1770,320,3.7,18,1542,51.9,8.2,986,1019.8,0,1011.1,1808,1014.9,11.1,9.6,1130,1.94,12.36,,,,,,.6,0,15.6,-2.7,,,,,,,,,,,,,,
135,추풍령,1997-10-20,20.6,13.6,807,27.3,1341,,,,,,,16.8,290,1545,9,290,1540,3,2582,290,9.4,24,1300,50.9,12,983.8,1015.4,857,1009.3,1502,1012.1,11.1,9.4,1200,1.77,10.64,,,,,,1.4,.4,19.1,6.2,,,,,,,,,,,,,,
135,추풍령,1997-10-21,19.8,12.8,2400,26,1412,,,,,,,13,270,1342,6.7,270,1330,2.7,2361,270,10.4,41,1320,56.1,12.8,983.8,1014.7,2220,1009.8,1355,1012.1,11.1,9,1200,1.75,11.1,,,,,,0,0,18.5,7,,,,,,,,,,,,,,
135,추풍령,1997-10-22,16.4,8,720,25.4,1400,,,,,,,5.1,160,1340,3,160,1350,.5,422,140,10.3,38,1310,70.1,12.6,985.2,1015.5,900,1011.8,1430,1014,11,6.9,1200,1.77,9.48,,,,,,4.9,3.4,17.2,3.5,,,,,,,,,,,,, {박무}0450-{박무}{강도0}0600-{박무}{강도0}0900-{박무}{강도0}1200-1340. {박무}1710-{박무}{강도0}1800-{박무}{강도0}2100-2135.,
135,추풍령,1997-10-23,18,8.2,723,25.6,1450,,,,,,,9.2,250,1434,5.3,250,1440,2,1718,270,8.8,34,1241,56.9,11.4,987,1017.6,2215,1013.7,1500,1015.7,11,9.3,1200,1.8,11.22,,,,,,.6,.3,17.8,3.2,,,,,,,,,,,,,,
135,추풍령,1997-10-24,13.4,7,2400,17.5,1409,,,,,,,15.8,270,1150,9,270,1240,4.7,4078,270,1.1,19,1614,48.4,7.8,990.7,1023.3,2400,1017.5,0,1020,11,5.7,1130,1.81,9.27,,,,,,2.8,1.6,14.6,3.5,,,,,,,,,,,,,{박무}0510-{박무}{강도0}0600-{박무}{강도0}0900-0955.,
135,추풍령,1997-10-25,7.5,1.2,715,11.7,1355,,,,,,,20.6,270,1255,10,250,1230,4.7,4032,270,-2.4,31,1320,49.6,5.2,991.8,1024,900,1019.2,1650,1021.8,10.9,7.7,1100,1.81,10.3,,,,,,4,4,9.5,-4.1,,,,,,,,,,,,,,
135,추풍령,1997-10-26,8.4,4.1,729,12.5,1455,.33,0,,0,,0,20.1,250,1231,13.7,250,1250,4.9,4213,250,-1.1,39,1226,50.8,5.7,990.7,1022.1,850,1017.6,1457,1020.4,10.9,7.3,1130,2.02,11.56,,,,,,5.6,5.4,11.2,-.1,,,,,,,,,,,,0,{소나기}1415-1430.  {소나기}1640-1645.,
135,추풍령,1997-10-27,7.1,2.7,2341,12.7,1519,,,,,,,16.7,250,1307,9.3,270,1000,4.2,3648,250,-2.5,34,1355,52.1,5.1,994.3,1027.1,2400,1021.5,0,1024.5,10.9,9.6,1200,1.89,12.13,,,,,,0,0,9.7,-3.3,,,,,,,,,,,,,,
135,추풍령,1997-10-28,6.3,-.7,640,12.9,1430,,,,,,,11.7,270,1710,7.3,270,1720,2.4,2074,270,1.4,48,1435,72.6,6.8,995,1027.2,115,1023.1,1500,1025.3,10.8,3.8,1330,1.53,7.65,,,,,,4.4,3.6,8.6,-5.5,,,,,,,,,,,,0,,
135,추풍령,1997-10-29,7.7,2.5,551,14.4,1141,5.13,.2,1530,.6,1440,1.4,15,250,1225,6.7,250,1220,3.1,2672,270,3.4,40,1222,76.3,7.9,992.9,1024.8,212,1021.3,2100,1022.9,10.8,3.6,1045,1.64,5.74,,,,,,7,4.9,8,-2.2,,,,,,,,,,,,1.4,{비}0630-0650. {비}1340-{비}{강도0}1500-1652. {비}1820-1850. {비}1930-2036.,
135,추풍령,1997-10-30,4.4,.5,2350,8.4,1409,4.25,.5,2242,1.3,2240,2.7,16.8,250,1535,9.7,250,1600,3.8,3262,250,-3.1,35,1542,60.6,5,993.9,1026.2,1000,1022.7,300,1024.3,10.7,4.1,1327,1.56,7.55,,,,,,6.3,5.3,6.4,-.5,,,,,,,,,,,,2.7,{비}1915-{진눈깨비}2015-{진눈깨비}{강도0}2100-{눈}2140-2330.,
135,추풍령,1997-10-31,2.4,-2.7,630,8,1555,,,,,,,19.3,270,1505,11.7,270,1510,6.2,5360,270,-7.2,30,1740,50.4,3.6,997.5,1030,2240,1025.7,0,1028.3,10.7,9.7,1145,1.89,12.16,,,,,,0,0,3.4,-6,,,,,,,,,,,,,,
135,추풍령,1997-11-01,5.9,1.5,729,12.8,1510,,,,,,,12,250,514,8.3,230,530,3.4,2966,270,-5.2,22,1547,45.4,4.2,1000.6,1032.3,2123,1029.1,1500,1031,10.7,9.7,1200,1.78,11.62,,,,,,.3,0,6.5,-3.9,,,,,,,,,,,,,,
135,추풍령,1997-11-02,6.5,-2.5,615,17,1420,,,,,,,7.6,250,1600,5,250,1000,1.7,1490,250,-3,17,1510,56.6,5,999.7,1033.7,300,1026.5,1550,1030,10.6,9.6,1145,1.85,12.21,,,,,,0,0,6.7,-7.9,,,,,,,,,,,,,,
135,추풍령,1997-11-03,7.5,-.5,732,15.9,1415,,,,,,,10.7,270,1508,7,270,1510,2.1,1792,250,.6,30,1500,65.9,6.4,995.4,1028.7,0,1022.7,1630,1025.5,10.6,8.9,1130,1.91,13.08,,,,,,0,0,7.9,-5,,,,,,,,,,,,,,
135,추풍령,1997-11-04,9.9,1.9,742,18.2,1501,,,,,,,6.3,290,2356,4.5,290,2400,1.3,1141,290,3.6,35,1517,68.5,8,991.5,1024.8,0,1017.4,1459,1021.2,10.6,7.6,1145,1.6,8.71,,,,,,4.1,1,9.3,-2.1,,,,,,,,,,,,,{박무}0330-{박무}{강도0}0600-{박무}{강도0}0900-1120.,
135,추풍령,1997-11-05,10.5,7.1,612,16,1420,,,,,,,11.2,250,1430,6.3,250,1440,4,3438,270,3.8,28,1616,65.8,8.1,993.5,1024.7,2400,1021.2,1506,1023.2,10.5,6,1100,2.2,12.97,,,,,,3,2.6,10.4,2.4,,,,,,,,,,,,,{박무}0350-{박무}{강도0}0600-{박무}{강도0}0900-{박무}{강도0}1200-1310.,
135,추풍령,1997-11-06,8.4,2.5,730,16.2,1445,,,,,,,11,270,1115,7.7,270,1120,2.7,2298,250,.3,29,1610,59.6,6.3,996.3,1028.8,2400,1024.6,1433,1026.3,10.5,9.5,1145,1.9,12.25,,,,,,.6,.4,9.2,-2.2,,,,,,,,,,,,,,
135,추풍령,1997-11-07,7.7,-1.5,720,17.8,1340,,,,,,,5.3,160,1048,2.5,160,1050,.7,563,70,-1.1,25,1412,57.6,5.7,997.9,1030.1,916,1025.6,1515,1028,10.5,7.6,1100,1.46,8.27,,,,,,4.4,0,8.2,-7.6,,,,,,,,,,,,,{햇무리}1040-1532.,
135,추풍령,1997-11-08,8.9,1.1,738,19.2,1510,,,,,,,7,270,1150,3.7,270,1200,.9,748,270,.5,22,1500,62.4,6.4,997.5,1029.1,847,1024.2,1512,1027.5,10.4,8.9,1200,1.58,9.66,,,,,,0,0,9.4,-4.9,,,,,,,,,,,,,{박무}0630-{박무}{강도0}0900-1014.,
135,추풍령,1997-11-09,10,.5,705,19.4,1335,,,,,,,3.6,140,1435,2.3,140,1440,.6,526,140,2.5,32,1350,63.4,7.4,999.9,1032.5,930,1028.1,1510,1029.8,10.4,5.4,1100,1.42,7.51,,,,,,4.8,4.5,10.1,-5.2,,,,,,,,,,,,,{박무}0450-{박무}{강도0}0600-{박무}{강도0}0900-{박무}{강도0}1200-1410.,
135,추풍령,1997-11-10,11,5.7,710,18.4,1400,,,,,,,7.9,290,1301,4.3,270,1350,.8,684,270,6.1,49,1407,73.9,9.4,1000.1,1031.5,920,1027.8,1544,1030,10.4,3.1,1300,1.26,5.25,,,,,,4.8,1,11.7,.8,,,,,,,,,,,,,,
135,추풍령,1997-11-11,11.6,3.7,738,20.7,1408,,,,,,,5,70,1445,3,70,1500,.6,541,70,6.5,42,1405,74.5,9.8,997.8,1031,743,1024.3,2317,1027.5,10.4,8.3,1145,1.55,8.96,,,,,,4,1.8,11.7,-1.5,,,,,,,,,,,,5.4,{박무}0040-{박무}{강도0}0300-{시정(미만)}{1km}{안개}0450-{시정(미만)}{0.5km}{안개}0535-{안개}{강도1}0600-{시정(미만)}{0.2km}{안개}0615-{시정(미만)}{0.1km}{안개}0704- {시정(이상)}{0.1km}{안개}0730-{시정(이상)}{0.2km}{안개}0802-{시정(이상)}{0.5km}{안개}0818-{시정(이상)}{1km}{박무}0835-{박무}{강도1}0900-{박무}{강도0}1200-1345.   {박무}2030-{박무}{강도0}2100-{박무}{강도0}2400-,3.75
135,추풍령,1997-11-12,10.9,9.3,24,12,2338,14.67,,,,,35.5,7.1,360,2057,4,360,2100,1,878,140,9.4,81,146,90.9,11.8,988,1024.4,0,1012.7,1740,1017.5,10.3,0,1315,.11,.25,,,,,,10,5.4,11.2,4.6,,,,,,,,,,,,30.1,{비}0320-{비}{강도0}0600-0720. {비}0850-{비}{강도0}0900-0915. {비}1030-{비}{강도0}1200-{비}{강도1}1500-{비}{강도0}1800-2045. -{박무}-{박무}{강도0}0300-{박무}{강도0}0600-{박무}{강도1}0900-{시정(미만)}{1km}{안개}0954-{시정(미만)}{0.5km}{안개}1020-{시정(이상)}{0.5km}{안개}1135-{시정(이상)}{1km}{박무}1150-{박무}{강도2}1200-{박무}{강도1}1500-{박무}{강도0}1800-2030.,1.93
135,추풍령,1997-11-13,10.7,9,810,12.8,1329,,,,,,,8.3,70,417,4.2,70,430,2.6,2215,70,5.8,61,657,71.6,9.3,990,1021.8,911,1018,300,1019.6,10.3,0,1200,.71,3.49,,,,,,9.9,5.8,12.1,6,,,,,,,,,,,,5.1,,
135,추풍령,1997-11-14,9.4,6.8,730,11.9,1520,10.33,,,,,14.3,6.1,270,2055,3.8,270,2330,1.4,1212,270,7.6,70,27,88.4,10.5,987.2,1019.1,0,1014.2,1456,1016.8,10.3,.2,1400,.63,2.47,,,,,,9.8,5.4,11.7,5.3,,,,,,,,,,,,9.2,{비}0405-{비}{강도0}0600-{비}{강도0}0900-{비}{강도0}1200-1425.  {박무}0620-{박무}{강도0}0900-1120.,
135,추풍령,1997-11-15,8.4,3,2340,14.2,1445,,,,,,,10,250,1350,6,270,1100,2.6,2266,290,1.6,33,1450,65.3,7,989.8,1022.6,2350,1017,1510,1019.7,10.2,7.9,1215,1.56,9.18,,,,,,1.5,1.3,9,-1.5,,,,,,,,,,,,,{박무}0630-{박무}{강도0}0900-1130.,
135,추풍령,1997-11-16,6.6,-.1,512,13.6,1457,,,,,,,9.5,270,1128,6.3,270,1130,2,1711,270,.7,34,1550,68.8,6.5,988.6,1022.8,20,1015.1,1635,1018.6,10.2,8.4,1100,1.65,11.03,,,,,,5.4,3.8,7.4,-5.2,,,,,,,,,,,,.3,,
135,추풍령,1997-11-17,3.6,.7,2310,7.3,240,5.1,,,,,.5,21,250,2045,11.3,250,1320,6.4,5525,250,-1.4,45,1520,70,5.7,984.1,1017.2,2400,1012.4,1323,1014.3,10.2,2.4,1230,1.77,8.14,,,,,,7,4,6.1,-3,,,,,,,,,,,,.3,{비}0545-{비}{강도0}0600-0630.  {비}0825-{비}{강도0}0900-{비}{강도0}1200-1214.  {진눈깨비}1342-1414.,
135,추풍령,1997-11-18,.8,-1.3,2400,4.8,1510,.58,,,,,.1,18,250,340,9,250,340,4.8,4148,290,-7.6,36,1600,53.5,3.5,993.1,1029.2,2400,1017.2,0,1023.9,10.2,7.1,1230,1.97,12.71,.2,45,.2,45,.2,1.9,1.9,2.2,-6.6,,,,,,,,,,,,,{눈}0015-0050.,
135,추풍령,1997-11-19,1.9,-6.3,731,8.7,1410,,,,,,,4.9,250,1305,3.8,250,1300,1.1,957,270,-7.3,22,1259,54.1,3.6,999.7,1032.4,930,1028.7,1437,1030.6,10.1,7.6,1200,1.65,8.78,,,,,,4.8,.9,3.4,-10.8,,,,,,,,,,,,,,
135,추풍령,1997-11-20,6,.1,820,15.7,1434,,,,,,,8,230,1036,6.3,230,1100,1.5,1284,70,-3.4,26,1451,52.8,4.7,999.3,1031.5,38,1027.8,1511,1029.7,10.1,8.3,1215,1.57,9.36,,,,,,2.9,1.4,6.2,-5.7,,,,,,,,,,,,,,
135,추풍령,1997-11-21,4.8,2.9,100,7.8,2400,14.3,,,,,20.9,7.3,140,1628,4,160,1300,1.6,1390,140,2.2,63,10,83.5,7.3,990.7,1029,0,1013,2400,1020.9,10.1,0,1200,.29,1.02,,,,,,9.8,4.6,5.8,-3.1,,,,,,,,,,,,23.6,{비}0942-{비}{강도0}1200-{비}{강도0}1500-{비}{강도0}1800-{비}{강도0}2100-{비}{강도0}2400-  {박무}1130-{박무}{강도0}1200-{박무}{강도1}1500-{시정(미만)}{1km}{안개}1645-{시정(이상)}{1km}{박무}1720-{박무}{강도1}1800-{박무}{강도0}2100-{박무}{강도0}2400-,.58
135,추풍령,1997-11-22,8.9,4,2340,13.9,1331,6.75,,,,,2.7,9.8,250,1438,6,250,1450,2.2,1898,250,5.8,58,1525,81.9,9.3,987.5,1019.9,2100,1013,0,1017.3,10.1,6.7,1130,1.75,8.66,,,,,,5.1,2.8,9.4,-3.1,,,,,,,,,,,,,-{비}-{비}{강도0}0300-{비}{강도0}0600-0645.  -{박무}-0210.,
135,추풍령,1997-11-23,6.8,1.4,2400,12.6,1410,,,,,,,10.8,270,1345,5.3,270,1350,2.3,2028,270,2.3,44,1610,75.1,7.3,990,1022.9,2400,1017.7,1500,1020,10,5.7,1200,1.42,6.89,,,,,,3.4,2.3,7.7,-6.1,,,,,,,,,,,,,,
135,추풍령,1997-11-24,6,-1.4,640,14.6,1345,,,,,,,5,140,1120,2.3,140,1130,.8,698,50,1.7,45,1422,76.3,7,993.4,1025.3,915,1021.8,1512,1023.7,10,8.3,1200,1.42,7.96,,,,,,1.9,1.3,6.2,-7.8,,,,,,,,,,,,10.3,{박무}0720-{박무}{강도0}0900-{박무}{강도0}1200-{박무}{강도0}1500-1525.,
135,추풍령,1997-11-25,10,5.3,150,12.9,1747,10.92,,,,,20.1,18.4,160,1122,8.3,160,1130,2.3,1960,140,8.7,83,416,91.4,11.4,982.4,1023.8,0,1005.4,2343,1011.9,10,0,1115,.23,.81,,,,,,10,6.3,8.9,-.1,,,,,,,,,,,,10.1,{비}0525-{비}{강도0}0600-{비}{강도0}0900-{비}{강도0}1200-{비}{강도0}1500-1620.   {박무}0420-{시정(미만)}{1km}{안개}0540- {안개}{강도0}0600-{시정(미만)}{0.5km}{안개}0712-{시정(이상)}{0.5km}{안개}0835-{안개}{강도0}0900-{시정(이상)}{1km}{박무}0925-1045.   {박무}2150-{시정(미만)}{1km}{안개}2306-{시정(미만)}{0.5km}{안개}2330-{시정(미만)}{0.2km}{안개}2352-{안개}{강도2}2400-,4.65
135,추풍령,1997-11-26,10.7,6.9,2400,13.4,618,1.67,,,,,.3,18.6,270,2318,11.3,270,2320,5.2,4525,270,7.8,67,2350,82.3,10.8,981.1,1019.8,2400,1004.5,450,1010.5,10,0,1500,.21,.93,,,,,,9.8,5.6,10.2,3,,,,,,,,,,,,,-{안개}-{시정(이상)}{0.2km}{안개}0025-{시정(이상)}{0.5km}{안개}0114-{시정(이상)}{1km}{박무}0210-{박무}{강도1}0300-0510.  {비}0535-{비}{강도0}0600-0715.,2.17
135,추풍령,1997-11-27,6.7,3.6,618,11.9,1403,,,,,,,18,270,45,11.7,270,10,3.8,3255,230,-1.2,35,1450,57.5,5.6,997.7,1032.3,2120,1019.8,0,1028,9.9,6.2,1115,1.48,8.03,,,,,,5.5,4.8,7,-1.7,,,,,,,,,,,,,,
135,추풍령,1997-11-28,8.4,4.5,400,11.2,1500,5.13,,,,,9,10,90,1842,4.7,90,1840,2.1,1850,70,4.2,61,1109,75,8.4,996.5,1031.5,0,1020.8,2354,1026.5,9.9,0,1145,.84,3.85,,,,,,9.3,5.8,8.6,-1.6,,,,,,,,,,,,38.1,{비}1710-1745.  {비}1927-{비}{강도0}2100-{비}{강도0}2400-,
135,추풍령,1997-11-29,8.1,6.8,2100,10.2,1250,17.72,,,,,37.3,13.6,290,2208,8,290,2300,3.7,3159,270,6.8,81,2400,90.8,9.9,986.6,1021.7,2325,1012.6,1204,1016.4,9.9,0,1230,.65,3.62,,,,,,10,5.5,8.9,3,,,,,,,,,,,,8.2,-{비}-{비}{강도1}0300-{비}{강도0}0600-{비}{강도1}0900-{비}{강도0}1200-{비}{강도0}1500-1623.  {비}1710-{비}{강도0}1800-1830.   {박무}0220-{박무}{강도0}0300-{박무}{강도0}0600-{박무}{강도0}0900-{박무}{강도0}1200-1240.  {박무}1720-{박무} {강도0}1800-1840.,
135,추풍령,1997-11-30,6.5,1.8,2140,11.6,1512,,,,,,,11.1,270,125,7.7,270,100,2.7,2364,270,1.5,40,1525,71.9,6.9,995.5,1028.1,2330,1021.6,0,1025.7,9.9,6.8,1215,2.01,9.6,,,,,,4.3,3.4,8,-4.4,,,,,,,,,,,,,,
135,추풍령,1997-12-01,1.2,-3.3,2400,6.2,1313,1.78,,,,,0,16.5,270,2132,10.3,270,2140,4.8,4104,270,-6.7,34,1336,56.5,3.8,997.5,1029.7,910,1026.6,1343,1028.4,9.9,0,1200,1.16,3.33,.2,2315,.2,2315,.2,8.4,2.8,2.9,-8.5,,,,,,,,,,,,0,{눈}2200-2347.,
135,추풍령,1997-12-02,-5.3,-7.4,730,-1.4,1346,.92,,,,,0,21.9,290,1459,10.7,290,1420,5.1,4435,270,-15,28,1040,49.3,2,999.8,1034.6,2250,1029,0,1031.4,9.8,8.2,1145,1.46,8.61,0,2100,.2,0,0,2.5,1.9,-1.3,-13,,,,,,,,,,,,0,{눈}2020-{눈}{강도0}2100-2115.,
135,추풍령,1997-12-03,-6.2,-10.3,752,-.8,1430,,,,,,,13.7,320,310,8.3,320,320,5.3,4564,320,-17.7,22,1540,41.4,1.5,1004.7,1038.5,920,1034.6,0,1036.8,9.8,8.8,1145,1.5,8.9,,,,,,1,0,-2.6,-15.6,,,,,,,,,,,,,,
135,추풍령,1997-12-04,-3.3,-10.1,712,3.8,1549,,,,,,,11.7,290,1547,6.8,290,1110,2.8,2452,290,-12.5,34,1628,51.4,2.4,1005.1,1038.4,300,1034.6,1430,1036.7,9.8,8.7,1145,1.57,9.25,,,,,,.6,0,-1.4,-16.6,,,,,,,,,,,,,,
135,추풍령,1997-12-05,.7,-8.1,720,10.8,1410,,,,,,,4.9,140,1625,2.7,140,1620,.8,726,160,-5.5,31,1403,64.6,4.1,1003.7,1036.9,755,1032.9,1554,1034.8,9.8,8.4,1200,1.66,9.31,,,,,,3.6,1.9,0,-11.8,,,,,,,,,,,,2.3,,
135,추풍령,1997-12-06,2.2,-.1,840,4.8,2400,17.17,,,,,29.1,7.4,140,1053,4,140,1100,1.7,1478,140,.1,64,425,86.4,6.3,993.1,1033.3,0,1016.3,2400,1023.7,9.8,0,1400,.15,.86,,,,,,10,5.3,2.2,-1.2,,,,,,,,,,,,29.8,{비}0650-{비}{강도0}0900-{비}{강도1}1200-{비}{강도0}1500-{비}{강도0}1800-{비}{강도0}2100-{비}{강도0}2400-  {박무}0910-{박무}{강도1}1200-{박무}{강도2}1500-{박무}{강도2}1800-{박무}{강도1}2100-{박무}{강도1}2400-,
135,추풍령,1997-12-07,7.1,4.6,250,9.2,1720,8.97,,,,,8.6,7.4,250,2224,5,270,1850,1.3,1124,70,5.7,83,1905,90.5,9.2,986,1018.6,2216,1014,1305,1015.9,9.8,0,1245,.42,.63,,,,,,10,5.6,6.5,1.8,,,,,,,,,,,,6,-{박무}-{박무}{강도1}0300-{박무}{강도0}0600-{박무}{강도2}0900-{박무}{강도2}1200-{박무}{강도2}1500-{시정(미만)}{1km}{안개}1520-{시정(이상)}{1km}{박무}1550-1620. -{비}-{비}{강도0}0300-{비}{강도0}0600-0815. {비}1447-{비}{강도0}1500-1530.,.5
135,추풍령,1997-12-08,2.7,-.6,2400,6.5,0,6.87,,,,,2.8,18.2,250,1906,9,250,1910,5.6,4836,250,-.5,64,1921,79.3,6,988.8,1021.9,2353,1016.9,1230,1019.3,9.7,0,1130,.39,1.19,.3,1750,.3,1750,.4,9.4,5.4,4,-2.6,,,,,,,,,,,,3.3,{비}0450-0530.  {비}0710-0740.  {비}0920-1130.  {눈}1410-{눈}{강도0}1500-1607.  {눈}1710-1755.  {눈}2310-{눈}{강도0}2400-  {박무}1430-{박무}{강도0}1500-1540.  {박무}1725-{박무}{강도0}1800-1840.,
135,추풍령,1997-12-09,-2.4,-5.7,2400,.1,1530,6.92,,,,,.9,15.7,250,10,7.7,250,20,5.4,4646,250,-9.3,42,1450,60.4,3.1,993.4,1026.8,2200,1021.8,50,1024.6,9.7,3.2,1300,1.25,5.4,1.7,900,1.7,900,1.7,7,5.4,-.9,-8.5,,,,,,,,,,,,.1,-{눈}-0040. {눈}0320-{눈}{강도0}0600-{눈}{강도0}0900-0910.  {눈}1045-1110. {박무}0842-{박무}{강도0}0900-0912.,
135,추풍령,1997-12-10,-6.7,-10,734,-2.4,1513,1.7,,,,,.1,16.7,230,1346,9.6,230,1320,3.7,3192,250,-13.6,39,1102,60.4,2.2,994.3,1029.1,954,1024.2,1436,1026,9.7,8.4,1200,1.47,8.87,.4,555,.4,555,.4,4,2.4,-3.7,-12.2,,,,,,,,,,,,1.7,{눈}0245-{눈}{강도0}0300-0314.   {눈}0512-{눈}{강도0}0600-0625.,
135,추풍령,1997-12-11,-4.9,-7.8,0,-.9,1535,7.3,,,,,3.1,17.2,200,1445,10,200,1450,3.4,2908,200,-9.6,45,1500,71.6,3,991.8,1028.2,2300,1019.4,900,1023.3,9.7,3.1,1345,1.28,3.72,9.9,1210,9.9,1210,9.9,7.5,5.3,-2,-9.1,,,,,,,,,,,,1.4,{눈}0150-0230.  {눈}0440-{눈}{강도0}0600-0835.  {눈}0932-{눈}{강도0}1200-1215.,
135,추풍령,1997-12-12,-2.6,-6.5,705,1.4,1533,,,,,,,14.8,230,1340,8.3,230,1340,3.5,3046,230,-7.3,56,1354,69.1,3.6,995.9,1029.4,928,1025.4,1650,1027.2,9.7,7,1200,1.41,8.36,,,4.8,0,,7,5.1,-1.1,-9.2,,,,,,,,,,,,,,
135,추풍령,1997-12-13,0,-4.8,815,4.6,1503,,,,,,,11,250,1310,7.3,250,1400,2.3,2000,250,-5.7,44,1335,67.8,4,996.5,1029.4,2310,1025.2,1507,1027.6,9.7,7.3,1145,1.4,8.06,,,.8,0,,3.3,1.9,.2,-9.3,,,,,,,,,,,,,,
135,추풍령,1997-12-14,2.1,-4.9,230,7.6,1510,,,,,,,11,250,1417,6.7,250,1420,1.7,1508,290,-3.5,42,1500,67.5,4.7,994.5,1029,0,1022,2400,1025.3,9.7,3.1,1315,1.05,5.01,,,,,,5.5,5,1.2,-7.1,,,,,,,,,,,,,,
135,추풍령,1997-12-15,3.9,-.7,2245,6.8,1432,,,,,,,18.4,290,417,10,290,430,5.3,4616,270,-5.9,26,1330,51.4,4.2,995.3,1028.7,2400,1022,0,1025.8,9.7,8.1,1200,1.43,8.12,,,,,,3.1,1.6,3.3,-3.5,,,,,,,,,,,,,{달무리}2340-,
135,추풍령,1997-12-16,2.2,-2.5,758,6.5,1400,,,,,,,8.1,290,1220,5.2,290,350,2.1,1828,290,-5.5,31,1430,57.4,4.1,994.9,1028.7,0,1022.9,2330,1025.6,9.7,1.7,1315,.92,4.8,,,,,,7.9,3,1.6,-6.7,,,,,,,,,,,,,-{달무리}-0054.  {햇무리}1020-1340.,
135,추풍령,1997-12-17,2.7,1.2,610,4.8,1300,1.17,,,,,0,14.6,250,2150,8.8,250,2150,3.8,3268,250,-1.8,47,1220,72.6,5.4,987.8,1022.9,0,1015.6,1340,1018.2,9.7,0,1100,.58,2.27,,,,,,8.3,5.3,2.5,.1,,,,,,,,,,,,0,{눈}1417-1425.  {비}1445-{비}{강도0}1500-1547.,
135,추풍령,1997-12-18,5.9,1.6,20,9.3,1505,,,,,,,11.2,270,500,6.5,270,510,2.6,2237,270,1.3,56,1410,72.6,6.7,988.7,1020.8,2400,1017.5,1515,1018.8,9.7,.5,1145,.63,3,,,,,,8.3,8.3,4.3,-1.6,,,,,,,,,,,,,,
135,추풍령,1997-12-19,7.6,.9,820,14.7,1533,,,,,,,11.4,320,1328,7,320,1330,1.8,1566,290,1.5,39,1353,67.6,6.8,989.7,1021.2,934,1017,1548,1019.6,9.7,8.3,1145,1.44,8.29,,,,,,2.3,1,4.6,-2.6,,,,,,,,,,,,,,
135,추풍령,1997-12-20,8.5,5,2400,15.8,1422,,,,,,,7,270,2133,5,270,2120,2.2,1874,270,3.9,40,1614,74.1,8.1,992.4,1025.3,2333,1019.7,1510,1022.3,9.7,6.1,1215,1.32,6.9,,,,,,3.6,3.4,6.1,-.6,,,,,,,,,,,,,{박무}2130-{박무}{강도0}2400-,
135,추풍령,1997-12-21,5,1,646,9,1459,,,,,,,9.1,90,1347,4.8,50,2250,2.5,2119,70,.8,55,1508,75.4,6.5,998.8,1033.1,2355,1025.3,0,1029.2,9.7,0,1115,.49,2.58,,,,,,8,6.8,5.5,-1.9,,,,,,,,,,,,,-{박무}-{박무}{강도0}0300-{박무}{강도0}0600-{박무}{강도2}0900-1049.,
135,추풍령,1997-12-22,4.2,2,2400,8.6,1527,,,,,,,7,110,1328,3.7,110,1250,2.1,1811,70,.6,57,1527,77.3,6.4,1000.2,1034,130,1027.8,1356,1030.8,9.7,2.7,1300,.94,4.35,,,,,,7.3,5,4.9,-3.7,,,,,,,,,,,,,,
135,추풍령,1997-12-23,2.1,-2.4,722,7.4,1548,,,,,,,6.8,90,1040,3.7,50,1300,1.1,955,20,-1,56,1633,81,5.7,997.9,1029.7,900,1026.9,1507,1028.7,9.7,1.6,930,.81,4.02,,,,,,3.1,2.4,2.6,-7.5,,,,,,,,,,,,,,
135,추풍령,1997-12-24,1.6,-4,740,9.7,1533,,,,,,,5.4,70,1503,4,70,1510,.8,723,70,-3.6,37,1538,72,4.7,997.8,1030,2400,1026.2,1510,1028.6,9.7,8.5,1200,1.45,8.71,,,,,,.9,0,2.4,-9.1,,,,,,,,,,,,,,
135,추풍령,1997-12-25,2.2,-4.3,753,11.9,1426,,,,,,,4.7,90,1301,3.2,90,1650,.6,515,90,-2.8,38,1430,73.4,5,999.2,1031.7,855,1027.8,1500,1030,9.7,8.4,1130,1.44,8.64,,,,,,.6,.3,2.5,-9.4,,,,,,,,,,,,,,
135,추풍령,1997-12-26,3.4,-3.4,620,12.7,1314,,,,,,,4.2,140,1309,3,140,1300,.6,484,140,-1.1,43,1343,75.4,5.7,996.4,1030.1,0,1023.8,1500,1027,9.7,7.3,1230,1.45,8.07,,,,,,2.5,1.8,3,-8.3,,,,,,,,,,,,,,
135,추풍령,1997-12-27,4.1,1.1,610,8.5,1607,,,,,,,14,250,1200,7,250,1250,3,2575,250,-.2,56,1135,74.5,6,996.5,1028.3,2400,1025.6,1420,1027,9.7,2.1,1115,1.13,4.39,,,,,,4.9,3.9,3.1,-3.8,,,,,,,,,,,,,{박무}1740-{박무}{강도0}1800-{박무}{강도0}2100-{박무}{강도0}2400-,
135,추풍령,1997-12-28,1.2,-3.2,2400,6.6,1600,,,,,,,11.8,290,1430,7.5,290,1440,3.7,3182,270,-9.1,19,1523,49.9,3.3,999.1,1031.5,900,1028.3,0,1030.1,9.7,8.2,1215,1.44,8.33,,,,,,.8,.4,1.9,-9.4,,,,,,,,,,,,,-{박무}-{박무}{강도0}0300-{박무}{강도0}0600-0720.,
135,추풍령,1997-12-29,-2,-8.3,750,2.3,1516,,,,,,,11,270,2344,7.3,270,2350,2,1759,250,-12.2,24,1300,47,2.4,995.6,1032.5,234,1021.9,2352,1026.8,9.7,3,1100,1.49,6.96,,,,,,5.6,2,-.1,-13.4,,,,,,,,,,,,,,
135,추풍령,1997-12-30,1.5,-2.3,800,6.6,1512,,,,,,,21,250,1542,10,250,1550,5.1,4430,250,-6.4,42,340,55.4,3.9,990.3,1023,2400,1018.5,1505,1021,9.7,.7,1215,1.15,4.25,,,,,,4.3,3.4,1.3,-6.9,,,,,,,,,,,,,{박무}1415-{박무}{강도0}1500-{박무}{강도0}1800-1840.,
135,추풍령,1997-12-31,1.4,-1.8,2210,7.2,1609,,,,,,,12,290,447,7.3,290,420,3.5,3054,290,-6.5,33,1717,57.3,3.8,992.7,1025.7,1002,1021.6,2400,1023.4,9.7,7.4,1200,1.35,7.5,,,,,,2.6,.3,1,-5.3,,,,,,,,,,,,,,
135,추풍령,1998-01-01,1.7,-1.5,2400,4.9,1605,1.37,,,,,0,8.8,290,1310,6,290,1320,1.8,1513,270,-1.2,66,1027,80.6,5.6,989.2,1022.4,2400,1017.7,1350,1019.8,9.7,0,1210,.66,2.73,,,,,,7.5,2.5,1.5,-6.3,,,,,,,,,,,,0,{눈}1050-{눈}{강도0}1200-1212.  {박무}2020-{박무}{강도0}2100-{박무}{강도0}2400-,
135,추풍령,1998-01-02,.2,-5.8,830,8.7,1526,,,,,,,8.3,270,1310,5.3,270,1340,.9,737,230,-5.5,30,1525,68.8,4.1,993.1,1025.6,1000,1022,1500,1024,9.7,8.1,1215,1.35,7.63,,,,,,.4,0,.6,-10.5,,,,,,,,,,,,,-{박무}-{박무}{강도0}0300-{박무}{강도0}0600-{시정(미만)}{1km}{안개}0720-{시정(미만)}{0.5km}{안개}0742-{시정(이상)}{0.5km}{안개}0810-{안개}{강도0}0900-{시정(이상)}{1km}{박무}0930-{박무}{강도0}1200-1410.,2.17
135,추풍령,1998-01-03,6.2,-2.1,0,11.5,1234,,,,,,,12.2,290,2322,8,290,2340,2.6,2280,270,-1,42,1312,60.5,5.7,990.9,1024.6,730,1017.5,2400,1021,9.7,5.4,1200,1.53,5.97,,,,,,6,2.1,3.3,-6.4,,,,,,,,,,,,,,
135,추풍령,1998-01-04,-2.9,-7.6,2320,6.6,0,,,,,,,19.5,270,725,11,290,530,5.4,4696,290,-12,26,1550,50.5,2.6,993.2,1027.5,2117,1017.5,0,1024.4,9.7,8.1,1215,1.43,8.7,,,,,,2.3,1.3,.2,-14.1,,,,,,,,,,,,,,
135,추풍령,1998-01-05,-1.2,-7.8,15,3,1310,3.83,,,,,.8,14,270,2258,8.3,250,1900,5,4300,290,-5.5,48,1325,73.1,4.1,991.7,1026.1,0,1019.8,1430,1022.7,9.8,4.7,1200,1.58,7.59,1.4,2035,1.4,2035,1.4,3.8,3.8,-.1,-11.5,,,,,,,,,,,,1.9,{눈}1505-1730.  {눈}1920-2045.,
135,추풍령,1998-01-06,-1,-4.3,730,2.2,1323,2.37,,,,,1.1,20.1,290,1346,10.7,290,1400,5.8,4970,290,-6.8,47,1344,63.6,3.7,996.9,1031.8,2150,1023.4,0,1028.1,9.8,6.5,1200,1.4,7.24,1.8,430,3,430,1.8,3.4,1.9,.5,-9,,,,,,,,,,,,0,{눈}0215-{눈}{강도0}0300-0432. {눈}1450-1455.,
135,추풍령,1998-01-07,-1,-5.9,610,3.4,1426,1.17,,,,,.7,8.2,270,20,5.3,270,10,.6,519,90,-5.2,47,1524,72.6,4.2,997.3,1031.9,38,1024.2,2348,1028.5,9.8,0,1100,.63,3.46,2,2400,2,2400,2,8.6,6.8,.5,-9.9,,,,,,,,,,,,8.7,{눈}2250-{눈}{강도1}2400-,
135,추풍령,1998-01-08,-.1,-1.6,140,1.3,1502,23.82,,,,,18.3,9.3,270,2157,5.7,270,2200,1.7,1449,270,-1.2,91,1435,92.9,5.6,986.8,1024.3,0,1013.3,1335,1017.5,9.8,0,1400,.29,1.02,22.6,1227,23.1,1227,25.7,10,5.9,1.2,-1.6,,,,,,,,,,,,10.3,-{눈}-{눈}{강도1}0300-{눈}{강도1}0600-{눈}{강도1}0900-{눈}{강도0}1200-{눈}{강도1}1500-{진눈깨비}1743-{진눈깨비}{강도0}1800-{눈}1828-{눈}{강도0}2100-2349.,
135,추풍령,1998-01-09,.3,-2.8,2320,4.2,1508,,,,,,,7,250,1207,5.5,250,1210,2.7,2327,250,-2.1,64,1501,84.3,5.3,995.6,1028.3,2310,1022.6,0,1026.5,9.8,7.6,1300,1.71,9.28,,,20.4,0,,5.9,2.6,1,-5.5,,,,,,,,,,,,,,
135,추풍령,1998-01-10,.2,-4.4,858,8.2,1438,,,,,,,2.5,50,1520,2,50,1530,.5,398,50,-3.2,46,1442,80.1,4.9,995.2,1028.6,57,1023.4,1540,1026.1,9.8,4.8,1300,1.38,8.22,,,9.5,0,,6.1,1.3,1.2,-6.5,,,,,,,,,,,,0,{박무}0640-{박무}{강도0}0900-0927.  {박무}1325-{박무}{강도0}1500-{박무}{강도0}1800-{박무}{강도0}2100-{박무}{강도0}2400-,
135,추풍령,1998-01-11,2.3,-1.5,30,3.2,1340,1.5,,,,,0,10.3,90,2015,4.3,70,600,2.4,2074,90,-1.4,67,1442,76.1,5.5,991.9,1025.4,318,1020,1510,1022.5,9.8,0,1245,.26,1.38,,,7,0,,10,5,1.4,-5,,,,,,,,,,,,.1,-{박무}-{박무}{강도0}0300-0450.  {비}0840-{비}{강도0}0900-0945.  {눈}2335-{눈}{강도0}2400-,
135,추풍령,1998-01-12,.6,-1.8,2400,3.4,1310,3.47,,,,,.1,5.7,270,1602,3.8,270,1620,.6,553,290,-1.8,69,1803,84.5,5.4,993.6,1028,2221,1022.2,100,1024.6,9.9,0,1230,.76,3.16,.2,205,6.7,205,.2,8.8,4,1.7,-5.6,,,,,,,,,,,,0,-{눈}-0210.  {눈}0842-{눈}{강도0}0900-0930.  {눈}1210-1240.,
135,추풍령,1998-01-13,-.7,-4.3,450,4,1452,,,,,,,6,360,1233,5,360,1230,1,842,90,-3.9,47,1635,79.9,4.6,997.8,1030.6,900,1027.2,1600,1028.9,9.9,1.4,1145,1.13,5.16,,,6.4,0,,8.5,6.3,1.1,-7.5,,,,,,,,,,,,,{박무}1940-{박무}{강도0}2100-2240.  {달무리}2320-,
135,추풍령,1998-01-14,.8,-4,820,4.1,2100,2.2,,,,,1,11.2,70,2345,6.2,70,1940,2.1,1848,90,-2.2,67,1843,80.1,5.3,994.1,1029.1,30,1020.3,2332,1025,9.9,0,1230,.53,2.98,,,6.1,0,,8.4,3.6,1,-8,,,,,,,,,,,,1.2,-{달무리}-0230.  {비}2148-{비}{강도0}2400-,
135,추풍령,1998-01-15,1.5,.1,2330,3.2,1340,6.83,,,,,.2,15,70,126,7,70,150,3.2,2740,90,-3.9,52,1513,67.1,4.6,987.5,1021.3,2400,1015.8,1430,1018.1,9.9,.6,1230,1.33,6.03,.2,730,5.1,730,.2,9.6,5.5,1.9,-4.9,,,,,,,,,,,,0,-{비}-{비}{강도0}0300-0308.  {눈}0510-{눈}{강도0}0600-0812.  {눈}0940-1020.,
135,추풍령,1998-01-16,.5,-4.5,815,6.4,1258,,,,,,,5.3,90,1330,4,70,1350,1.4,1240,50,-4.5,45,1304,69.1,4.4,993.9,1026.3,2322,1021.3,0,1024.7,9.9,8.1,1200,1.54,9.12,,,4.5,0,,1.9,.6,1.8,-8.9,,,,,,,,,,,,,,
135,추풍령,1998-01-17,.5,-2.8,235,3.7,1505,5.95,,,,,1.8,7.3,320,2312,5,320,2300,1.4,1211,160,-1.9,68,1513,84.1,5.4,990.6,1026.3,0,1016.8,2400,1021.4,10,0,1215,.7,4.52,,,.8,0,,8.8,6,1.4,-7.3,,,,,,,,,,,,2,{비}1803-{눈}2035-{눈}{강도0}2100-{눈}{강도0}2400-,
135,추풍령,1998-01-18,-3.9,-9.2,2400,1,0,3.13,,,,,.2,22,270,2042,10.7,270,2050,6.1,5301,290,-10.3,42,1635,63.1,3.1,987.4,1021.9,2400,1016,127,1018.6,10,7.6,1200,1.57,8.56,,,,,,4.5,3.3,-.1,-11.3,,,,,,,,,,,,,-{눈}-{눈}{강도0}0300-0308.,
135,추풍령,1998-01-19,-8.9,-12.7,750,-5.2,1540,,,,,,,18.2,270,1502,10.3,270,1510,5,4280,270,-17.1,40,1410,51.1,1.6,994.7,1028.4,2400,1021.9,0,1026.7,10,8.4,1215,1.65,10.09,,,,,,.4,.4,-3.5,-15.6,,,,,,,,,,,,0,,
135,추풍령,1998-01-20,-4.6,-10.8,640,-.4,1200,8.63,,,,,1.9,15.3,270,2337,8.7,270,1900,3.5,3024,270,-8.1,57,1115,75.8,3.5,992.7,1028.4,0,1020.8,1640,1024.2,10,.5,1000,1.07,5.29,4.7,1957,4.7,1957,4.7,5.1,4.3,-2.2,-15,,,,,,,,,,,,2.1,{눈}0805-0835.  {눈}1105-1143.  {눈}1210-1450.  {눈}1515-{눈}{강도1}1800-2005.,
135,추풍령,1998-01-21,-3.6,-5.8,837,-.4,1400,6.45,,,,,.2,17.6,270,1522,9.7,270,1500,4.4,3760,270,-9.7,39,1548,62.8,2.9,995.5,1028.8,2226,1023.9,0,1026.9,10.1,7,1200,1.51,9.21,.4,755,5,755,.4,4.9,3.8,-.2,-11.7,,,,,,,,,,,,.5,{눈}0103-0148.  {눈}0418-{눈}{강도0}0600-0815.  {눈}1130-1150.  {눈}2215-2340.,
135,추풍령,1998-01-22,-3.1,-8.6,410,.8,1610,7.67,,,,,1.3,8.8,250,1310,6.3,250,1330,1.4,1184,270,-5.7,67,1616,82.1,4,994,1029.7,100,1022.9,1720,1025.3,10.1,0,1245,.78,3.08,3.3,1056,3.8,1056,3.5,8.4,5.4,-.4,-12.9,,,,,,,,,,,,.8,{눈}0445-{눈}{강도0}0600-{눈}{강도0}0900-{눈}{강도0}1200-1225.,
135,추풍령,1998-01-23,-5,-8.5,2400,-1.7,1434,.08,,,,,0,15.2,270,1540,8,270,1550,4.1,3559,270,-15.8,23,1343,44.3,1.9,991.3,1024.9,933,1021.1,1720,1022.7,10.1,6,1215,1.68,9.13,,,.5,0,,5.5,2.8,-.9,-11.6,,,,,,,,,,,,0,{눈}2355-{눈}{강도0}2400-,
135,추풍령,1998-01-24,-10.4,-13.2,830,-7.3,1508,.9,,,,,0,17,290,1224,11.3,290,1230,5.8,5028,290,-17.8,40,1550,55.5,1.5,995.2,1031.3,2400,1023.3,0,1027.4,10.1,6.9,1215,1.66,8.95,.2,54,.2,54,.2,3,3,-2.2,-15.2,,,,,,,,,,,,0,-{눈}-0054.,
135,추풍령,1998-01-25,-5.2,-10.6,30,.4,1512,4.37,,,,,.2,16.8,290,112,10.7,290,610,5.9,5113,290,-10.4,48,1518,67.9,2.8,997.4,1031.9,240,1026.7,1750,1029,10.2,7.4,1230,1.81,9.55,.4,2400,.4,2400,.5,6.3,4.5,-1.5,-12.5,,,,,,,,,,,,.4,{눈}0710-{눈}{강도0}0900-0912.  {눈}2020-2050.  {눈}2210-{눈}{강도0}2400-,
135,추풍령,1998-01-26,-2.1,-4.2,40,1.1,1523,7.22,,,,,.4,12.4,270,1455,7.3,270,1500,4.3,3744,320,-10.4,29,2108,56.9,3,996.4,1030.4,2400,1025.6,602,1027.7,10.2,2.8,1445,1.08,4.93,1.2,1200,1.6,1200,1.2,4.8,3,-.5,-9.4,,,,,,,,,,,,.2,-{눈}-0250.  {눈}0740-{눈}{강도0}0900-{눈}{강도0}1200-1203.,
135,추풍령,1998-01-27,-3.1,-6.8,743,1,1510,,,,,,,13.8,250,1320,8.7,250,1350,4.6,3972,250,-14.1,28,2028,42.4,2.1,1000.6,1033.7,936,1030.4,0,1032.2,10.2,5.9,1245,1.54,7.85,,,,,,4.5,2.3,-1.2,-10.4,,,,,,,,,,,,,{햇무리}1050-1245.,
135,추풍령,1998-01-28,-4.1,-7.3,427,.5,1528,,,,,,,13.6,250,1628,9,250,1320,4.6,3953,250,-16.6,23,1526,37.4,1.7,1000.6,1034.4,2400,1029.7,1500,1032.2,10.3,7.9,1200,1.75,10.96,,,,,,.3,0,-2,-11.6,,,,,,,,,,,,,,
135,추풍령,1998-01-29,-3.7,-8.3,710,2.7,1530,,,,,,,12.8,250,1400,8.3,270,400,5,4310,270,-15.6,20,1600,41.1,1.9,1002,1035.9,815,1031.8,1800,1033.7,10.3,8.9,1230,1.81,11.58,,,,,,0,0,-2.2,-11.8,,,,,,,,,,,,,,
135,추풍령,1998-01-30,-.5,-7.6,210,2.6,1208,3.03,,,,,0,16.2,270,1213,8,270,1220,4.2,3600,270,-6.4,47,0,64.4,3.9,998.9,1032.8,0,1028.7,1807,1030,10.3,.4,1115,1.64,5.63,,,,,,6.5,5.9,-1.1,-12.7,,,,,,,,,,,,0,{눈}1240-{눈}{강도0}1500-1542.,
135,추풍령,1998-01-31,.3,-3.8,2400,4.7,1458,,,,,,,14,270,807,8.7,270,830,5.4,4644,250,-13.1,18,1633,38.5,2.4,999.9,1032.6,852,1029.3,100,1030.9,10.3,9.1,1215,1.75,11.03,,,,,,.9,.6,-.3,-7.6,,,,,,,,,,,,,,
135,추풍령,1998-02-01,-1.3,-5.9,445,6.2,1527,,,,,,,8.5,270,1130,6.2,270,1130,1.9,1619,250,-13.5,16,1640,41.5,2.2,998.5,1031.9,300,1027,1518,1029.8,10.4,4.5,1330,2.05,11.22,,,,,,2.5,.3,-.8,-10.1,,,,,,,,,,,,,{햇무리}0845-1210.,
135,추풍령,1998-02-02,-.5,-5.2,410,5.4,1542,,,,,,,11.4,290,1033,8.3,290,1100,4.1,3516,290,-11.1,34,1400,44.6,2.6,996.2,1029.7,930,1024.9,1549,1027.3,10.4,8.4,1330,1.64,9.7,,,,,,3.1,.4,-.7,-10.4,,,,,,,,,,,,,{햇무리}1030-1305.,
135,추풍령,1998-02-03,-.2,-3.4,636,3.8,1528,,,,,,,11,270,1213,7,270,1220,3.8,3294,290,-7.2,47,1530,60.3,3.6,994.2,1027.7,16,1023,1528,1025.2,10.4,4.1,1345,1.66,8.44,,,,,,6.5,3.6,-.3,-7.6,,,,,,,,,,,,,,
135,추풍령,1998-02-04,-.4,-4,806,4.9,1456,,,,,,,12.6,340,1536,6.7,270,1010,4.1,3532,290,-6.7,37,1600,65,3.8,995.8,1028.5,1110,1024.5,1540,1026.9,10.5,9.3,1230,1.74,10.78,,,,,,.5,.1,-.2,-8.4,,,,,,,,,,,,,,
135,추풍령,1998-02-05,-.9,-5.3,730,4.4,1618,,,,,,,15.9,270,1312,10.7,270,1220,5.6,4809,340,-10.3,28,1650,50.6,2.8,994.9,1027.7,220,1023.5,1605,1026,10.5,9,1215,1.75,10.95,,,,,,0,0,-1.1,-9.5,,,,,,,,,,,,,,
135,추풍령,1998-02-06,1.7,-2.8,743,9,1531,,,,,,,13.4,270,1140,8.3,270,1140,3.8,3277,270,-4.9,26,1620,58.8,4.3,992.3,1025.5,0,1019.9,1520,1023,10.5,9.4,1200,1.77,11.22,,,,,,.8,.3,.4,-7.9,,,,,,,,,,,,,{달무리}2130-,
135,추풍령,1998-02-07,.9,-4.6,730,7.9,1335,1.88,,,,,.8,15,270,1650,7.8,270,1520,2.4,2114,270,-4.2,39,1340,71.6,4.6,986,1022.4,0,1013.4,1640,1016.7,10.6,2.3,1230,1.63,7.27,,,,,,7.4,5.5,.4,-9.3,,,,,,,,,,,,1,-{달무리}-0130.  {박무}0420-{박무}{강도0}0600-0740.  {박무}1710-{박무}{강도0}1800-1900.  {비}1642-1655. {비}1730-{비}{강도0}1800-1910.,
135,추풍령,1998-02-08,-3.4,-5,2400,-.1,0,2.22,,,,,.2,25.4,290,1043,12.7,290,1100,8.2,7054,290,-11.1,44,1713,55.1,2.7,985.8,1022.4,2400,1012.3,422,1016.9,10.6,1.6,1130,1.01,4.88,.7,415,.7,415,.7,5.9,4.8,-.5,-8.1,,,,,,,,,,,,0,{눈}0335-0418.  {눈}1140-{눈}{강도0}1200-1310.,
135,추풍령,1998-02-09,-2.7,-8.3,750,3,1309,5.25,,,,,1.7,16.7,270,115,9.7,270,120,3,2633,270,-9,37,1400,64.4,3.2,988.9,1024.9,813,1013.9,2045,1020,10.6,2.3,1215,1.34,7.38,5.1,2250,5.1,2250,5.1,6.6,4.9,-.7,-13.1,,,,,,,,,,,,1.7,{눈}1750-{눈}{강도0}1800-{눈}{강도0}2100-2305.,
135,추풍령,1998-02-10,-2.6,-6.1,2400,2.9,1605,,,,,,,15.3,290,133,8.8,290,200,4.3,3735,290,-10.3,27,1523,59.4,2.9,993.9,1027.4,2220,1016.4,0,1025.2,10.7,8.7,1215,1.81,11.41,,,5,0,,3,1.3,-.4,-8.6,,,,,,,,,,,,,,
135,추풍령,1998-02-11,.5,-10.4,550,9.7,1617,,,,,,,4,180,1056,2,50,2100,.5,474,50,-6.6,27,1602,64,3.9,989.7,1027.1,0,1014.5,2400,1020.4,10.7,9,1215,1.97,12.25,,,,,,2.6,2.1,.1,-14.1,,,,,,,,,,,,.4,,
135,추풍령,1998-02-12,9.3,1.4,2400,16.6,1515,2.05,,,,,.4,16,270,1012,8.7,270,1300,3,2617,270,.8,21,1545,60.9,6.8,986.8,1022.4,2400,1010.9,520,1016.4,10.7,7.4,1230,1.83,11.32,,,,,,3.9,2.1,6.2,-4.5,,,,,,,,,,,,,{비}0405-{비}{강도0}0600-0608.  {박무}0430-{박무}{강도0}0600-{박무}{강도0}0900-{박무}{강도0}1200-1320.,
135,추풍령,1998-02-13,5.3,-2.5,740,14.8,1345,.37,,,,,0,11.8,290,2345,7.5,270,2220,1.4,1230,50,-2.2,29,1340,61.6,5.2,988.5,1023.1,618,1014.8,1804,1018.8,10.8,4.9,1200,1.5,7.36,,,,,,5.4,2.9,4,-7.5,,,,,,,,,,,,1.6,{비}2230-2240.  {비}2348-{비}{강도0}2400-,
135,추풍령,1998-02-14,3.2,.7,820,5.2,1509,1.58,,,,,1.6,10.9,290,24,7,290,50,3.8,3317,270,-.7,56,2127,75.1,5.8,987.5,1019.3,1222,1016.2,26,1017.8,10.8,3.5,1015,1.27,6.53,,,,,,9,5.1,4.4,-2.8,,,,,,,,,,,,0,-{비}-0135.,
135,추풍령,1998-02-15,3.9,1.1,2253,10.2,1437,.67,,,,,0,9.3,290,2132,6.7,290,2140,1.9,1600,290,-2.6,35,1645,64.5,5.1,990.3,1024.3,2340,1017.9,0,1020.7,10.9,5.8,1300,1.78,8.94,,,,,,4.8,4,5,-4.7,,,,,,,,,,,,,{박무}0640-{박무}{강도0}0900-1035.  {비}0750-0830.,
135,추풍령,1998-02-16,2.5,-2.6,432,9.9,1530,,,,,,,10.7,250,1525,7,250,1600,2.6,2226,290,-8.1,20,1650,49,3.4,994.3,1027.8,2400,1022.7,1512,1025,10.9,8.5,1215,1.74,9.96,,,,,,1.6,1.3,2.8,-7.4,,,,,,,,,,,,,{달무리}0440-0530.,
135,추풍령,1998-02-17,2.9,-4.8,740,11,1335,,,,,,,9.5,50,1443,4.7,90,120,2.1,1781,50,-6,24,1553,57.8,4,1002.7,1038.7,2400,1027.8,0,1033.5,10.9,9.8,1230,1.87,12.43,,,,,,0,0,3,-10.1,,,,,,,,,,,,,,
135,추풍령,1998-02-18,3.2,-2.6,715,9.8,1614,,,,,,,9.5,50,1212,5.3,50,1220,2.7,2340,70,-3.6,41,1630,61.9,4.7,1005.2,1038.9,15,1033.7,1521,1036.2,11,7.8,1300,1.44,8.25,,,,,,4.4,1.9,3.5,-9.1,,,,,,,,,,,,,{햇무리}1428-1710.,
135,추풍령,1998-02-19,5.6,0,556,11.2,1320,9.25,,,,,11,10,70,2200,4.7,70,2240,2.4,2106,70,2.9,54,1330,82.8,7.7,996.7,1034.9,0,1020,2400,1027.1,11,2,1000,1.19,4.7,,,,,,8.9,4.9,5,-5.3,,,,,,,,,,,,30.6,{비}1445-{비}{강도0}1500-{비}{강도0}1800-{비}{강도0}2100-{비}{강도0}2400-,
135,추풍령,1998-02-20,8.7,6.8,2300,10.5,1357,16.92,,,,,24.3,9.8,70,847,4.5,70,800,2.7,2335,90,7.3,75,2040,90,10.2,984.8,1020,0,1011.3,1505,1014.5,11,0,1100,.35,1.49,,,,,,10,6,8.6,3.9,,,,,,,,,,,,5.1,-{비}-{비}{강도0}0300-{비}{강도0}0600-{비}{강도0}0900-{비}{강도0}1200-1440.  {비}2015-{비}{강도0}2100-2230.,
135,추풍령,1998-02-21,4.5,1.7,2350,8.2,1455,2.42,,,,,.4,15.4,90,1040,7.7,90,1150,4.2,3645,90,-2.3,42,1500,61.3,5.2,995.5,1030.6,2400,1017.5,0,1026,11.1,3,1415,1.32,5.9,,,,,,9.5,6.6,7.4,-.4,,,,,,,,,,,,,{비}0615-0840.,
135,추풍령,1998-02-22,4.2,.6,2400,11.3,1508,,,,,,,13.2,90,1030,7.2,90,1030,3.4,2934,90,-3.7,34,1515,57.4,4.6,999.3,1031.8,800,1027.9,1440,1029.9,11.1,7.1,1200,1.93,11.19,,,,,,4.4,3,6.9,-4.6,,,,,,,,,,,,,,
135,추풍령,1998-02-23,4.1,-1.7,413,9,1344,,,,,,,7.2,70,1558,4.3,70,1600,1.8,1541,70,-.8,51,1314,71.4,5.8,994.9,1029.9,0,1022.4,2400,1025.4,11.1,2.3,1200,1.07,6.39,,,,,,8.3,5.1,5.6,-7.1,,,,,,,,,,,,2.7,,
135,추풍령,1998-02-24,4.8,3.6,550,6.6,1558,14.17,,,,,5.5,9.4,90,1131,4.3,90,1200,2.2,1908,90,2.4,69,2347,84.3,7.3,991.3,1022.8,853,1020.1,1530,1021.6,11.2,0,1400,.69,3.77,,,,,,10,5.1,7.4,0,,,,,,,,,,,,2.8,{비}0250-{비}{강도0}0300-0324.  {비}0517-{비}{강도0}0600-{비}{강도0}0900-{비}{강도0}1200-{비}{강도0}1500-1643.  {비}1810-2020.,
135,추풍령,1998-02-25,6.2,1.2,2400,14.5,1553,,,,,,,6.2,70,1025,3,70,1020,1.1,947,160,-1.7,33,1624,59.5,5.4,988.6,1021.2,0,1015.6,1608,1018.6,11.2,8.1,1230,1.93,12.34,,,,,,3.6,1.8,8.9,-5.2,,,,,,,,,,,,,,
135,추풍령,1998-02-26,5.4,-1.9,550,14,1535,,,,,,,10.4,270,1537,6.3,270,1140,2.3,1956,270,-2.2,31,1543,62,5.2,988.5,1020.4,2400,1015.8,1530,1018.7,11.3,9.5,1300,1.78,11.29,,,,,,3.3,.5,6.6,-7.4,,,,,,,,,,,,,{박무}0420-{박무}{강도0}0600-0740.  {햇무리}1050-1140.  {햇무리}1320-1440.,
135,추풍령,1998-02-27,3.8,-1.6,710,8,1118,5.23,,,,,3.3,11.8,270,2153,6.3,270,2140,2.2,1940,320,-1,41,1056,71.1,5.9,988.6,1022.1,240,1016.3,1650,1018.9,11.3,.6,950,.96,3.6,,,,,,8.5,3.6,4.6,-7.5,,,,,,,,,,,,3.3,{비}1148-{비}{강도0}1200-{비}{강도0}1500-1527.  {비}1720-1745.  {비}1810-1920.  {박무}1540-{박무} {강도0}1800-{박무}{강도0}2100-{박무}{강도0}2400-,
135,추풍령,1998-02-28,3.2,1.6,945,5.4,1735,2.97,,,,,.4,12.3,250,1315,6.7,250,1330,4.2,3652,270,-1.6,57,1910,70,5.4,989.2,1024.3,2400,1017.1,500,1019.6,11.3,1.3,1330,1.2,3.83,,,,,,8.1,5.1,4.5,-2,,,,,,,,,,,,.4,-{박무}-{박무}{강도0}0300-{박무}{강도0}0600-0820.  {박무}0940-{박무}{강도0}1200-{박무}{강도0}1500-{박무}{강도0}1800-1825.  {눈}0916-{진눈깨비}1115-{비}1140-{비}{강도0}1200-1214.,
135,추풍령,1998-03-01,4.4,-1.2,540,11.3,1442,,,,,,,11.2,270,1310,5.7,270,1350,3.3,2850,270,-4.3,32,1504,55.5,4.5,994.6,1026.5,920,1023.3,1500,1025,11.4,8.6,1315,2.03,11.87,,,,,,1.8,1.1,5.3,-7.6,,,,,,,,,,,,,,
135,추풍령,1998-03-02,4.8,-2.4,740,11.7,1550,,,,,,,13.1,270,1050,7.7,270,1200,3.9,3379,270,-6.1,22,1622,47.3,3.9,995.3,1028,900,1023,1505,1025.7,11.4,10.1,1230,2.13,14.14,,,,,,0,0,5.3,-8.3,,,,,,,,,,,,,,
135,추풍령,1998-03-03,6.8,.5,620,12.8,1453,,,,,,,14,250,1235,7.3,270,1100,4.5,3864,270,-5.7,32,1410,40.6,4.1,994.9,1026.7,30,1022.4,1518,1025.1,11.4,8.8,1200,1.79,11.33,,,,,,1.6,0,5.7,-5.3,,,,,,,,,,,,,,
135,추풍령,1998-03-04,7.4,-.7,740,16,1348,,,,,,,7.4,110,1842,4.5,270,20,2.1,1780,90,-2.2,23,1617,54.4,5.3,994.3,1026.3,846,1021.6,1558,1024.4,11.5,7.5,1115,1.79,10.44,,,,,,6,4.1,7.4,-7.6,,,,,,,,,,,,,{햇무리}1405-1605.,
135,추풍령,1998-03-05,7.9,-.4,743,16,1530,,,,,,,8,320,1710,4.3,290,1730,1.5,1322,70,-1.9,22,1435,55.6,5.4,991.1,1024.8,0,1017.8,1613,1021.1,11.5,10,1245,1.94,12.92,,,,,,1.6,0,8.9,-7.7,,,,,,,,,,,,,{박무}0320-{박무}{강도0}0600-0810.,
135,추풍령,1998-03-06,7.5,-.1,548,14.2,1510,,,,,,,18.4,250,1330,8.8,250,1400,3.5,2999,250,-1.1,30,1513,56.9,5.7,989.1,1020.6,900,1016.3,1527,1019,11.6,6.4,1315,1.83,11.23,,,,,,2.9,.4,7.8,-7.3,,,,,,,,,,,,,{박무}0410-{박무}{강도0}0600-0710.  {박무}1310-{박무}{강도0}1500-{박무}{강도0}1800-1948.,
135,추풍령,1998-03-07,6.2,-.1,540,13.9,1513,,,,,,,8.7,50,1420,5.3,270,50,2.1,1827,70,-2.4,30,1627,57.4,5.2,995,1029,2400,1020.3,0,1025.3,11.6,7.6,1300,2,12.78,,,,,,3.6,1.8,8.6,-7.8,,,,,,,,,,,,,{박무}0625-0815.,
135,추풍령,1998-03-08,6.3,-2.7,740,15,1616,,,,,,,5.7,20,1545,3.3,20,1600,.6,541,20,-2.4,27,1520,58,5.2,993.5,1029.5,30,1019.4,1810,1023.7,11.6,8.4,1200,1.81,12.61,,,,,,4.4,2.6,7.7,-11.4,,,,,,,,,,,,,{달무리}2010-2250.,
135,추풍령,1998-03-09,8,1.3,730,15.7,1325,,,,,,,15.3,70,2010,7,70,2020,2.8,2394,70,-2.5,24,1300,48.8,5.1,989.4,1023.5,2245,1016.1,1600,1019.3,11.7,3,1200,1.46,7,,,,,,8,5.4,7.9,-4.3,,,,,,,,,,,,,{박무}1040-{박무}{강도0}1200-1410.,
135,추풍령,1998-03-10,5.4,3.1,620,8.7,1502,,,,,,,16.9,90,1621,8,70,1720,5.2,4489,90,-3.1,44,1529,53.5,4.9,993.3,1025.8,946,1021.9,1605,1023.6,11.7,1.3,1130,1.11,7.15,,,,,,10,5.4,7.7,-1.7,,,,,,,,,,,,6.9,,
135,추풍령,1998-03-11,3.8,.6,650,5.8,1455,12.15,,,,,8.2,8.3,90,15,4,70,50,1.9,1612,50,2.3,68,0,89.8,7.2,985.8,1022.3,0,1011.8,1945,1016,11.8,0,1100,.76,3.54,.2,656,.2,656,.2,10,5.1,6.8,-4,,,,,,,,,,,,1.4,{비}0235-{비}{강도0}0300-{진눈깨비}0540-{진눈깨비}{강도0}0600-{눈}0608-{진눈깨비}0823-{진눈깨비}{강도0}0900-{비}1027-1125. {비}1309-{비}{강도0}1500-1628.,
135,추풍령,1998-03-12,6.1,2.4,725,11.3,1444,.33,,,,,.1,18.4,250,1345,8.7,250,1340,5.7,4910,270,-3.5,22,1800,53.4,4.9,980.4,1012.2,0,1008.1,1603,1010.2,11.8,8.2,1300,2.07,12.27,,,,,,4.5,3,8,-2.7,,,,,,,,,,,,,{비}0230-0250.,
135,추풍령,1998-03-13,8.8,1.5,607,15.1,1556,,,,,,,15.9,250,1418,7.8,270,2310,5.1,4418,270,-3.4,19,1803,45.4,4.9,979.3,1011.1,0,1006.2,1707,1008.8,11.8,9.8,1200,2.28,16.03,,,,,,1.3,.4,7.8,-6.4,,,,,,,,,,,,,{박무}2215-{박무}{강도0}2400-,
135,추풍령,1998-03-14,6,-2.2,2317,11.5,1354,1.88,,,,,.5,21.2,230,2350,9.3,230,2250,6.4,5536,270,-4.4,25,1410,48.9,4.6,980.2,1014.4,2400,1007.6,1507,1010.1,11.9,8.1,1230,2.33,13.3,1.3,2310,1.3,2310,1.3,5.6,4.4,8,-4.3,,,,,,,,,,,,.5,{눈}2120-2313.  -{박무}-{박무}{강도0}0300-{박무}{강도0}0600-0750.,
135,추풍령,1998-03-15,2.1,-2.8,530,8.3,1627,,,,,,,19,270,1236,10.3,270,1450,6.3,5406,270,-11.3,25,1300,36.4,2.6,989.4,1022.7,940,1014.4,0,1020,11.9,10.1,1230,2.42,16.99,,,1.2,0,,3,.6,5.2,-9.8,,,,,,,,,,,,,,
135,추풍령,1998-03-16,4.1,-.9,618,10.9,1630,,,,,,,13.4,250,1318,7.2,250,1340,2.7,2351,250,-5.2,25,1712,52.8,4.2,991.1,1024.2,2400,1018.9,1530,1021.4,12,5.3,1330,2.33,11.91,,,,,,4.8,2.5,6.3,-7.8,,,,,,,,,,,,,,
135,추풍령,1998-03-17,7,-1.9,722,16.5,1610,,,,,,,7,230,1357,3.7,230,1640,1.4,1178,50,-4.1,19,1625,52.9,4.6,995.6,1029,2400,1023.5,1650,1025.7,12,10.1,1230,2.23,15.64,,,,,,0,0,7.8,-11.4,,,,,,,,,,,,,,
135,추풍령,1998-03-18,9.7,.2,710,18.9,1523,,,,,,,10.8,160,1640,6,160,1700,2.2,1922,160,-1.4,22,1630,52.9,5.7,996.1,1030.7,830,1021.2,2400,1025.9,12,7.5,1200,2.13,13.06,,,,,,3.5,2.5,10.6,-7.5,,,,,,,,,,,,,{박무}0240-{박무}{강도0}0300-{박무}{강도0}0600-{박무}{강도0}0900-{박무}{강도0}1200-1330. {햇무리}1510-1545.,
135,추풍령,1998-03-19,9.5,1.9,2400,16,1250,11.92,,,,,16.2,24.2,270,2216,12.7,270,2310,3.4,2946,160,6,45,0,78.4,9.7,981.2,1021.2,0,1003.8,1810,1010.7,12.1,0,1430,.39,1.71,,,,,,10,5.3,9.2,-2.8,,,,,,,,,,,,16.2,{비}0940-1110.  {비}1320-{비}{강도0}1500-{비}{강도0}1800-{비}{강도0}2100-2345.  {박무}1830-{박무}{강도0}2100-2330.,
135,추풍령,1998-03-20,-.7,-2.4,655,1.9,0,,,,,,,25.2,270,359,11.2,270,410,6.3,5452,270,-10.3,38,1640,47.4,2.8,988.1,1024.7,2400,1010.3,125,1018.9,12.1,.6,1300,.95,7.05,,,,,,9.3,5.1,2.6,-8.4,,,,,,,,,,,,,,
135,추풍령,1998-03-21,.5,-3.6,645,4.9,1433,,,,,,,15.6,270,1542,9.7,270,1720,5.2,4456,270,-10.9,25,1735,44.1,2.7,992.8,1026.2,2325,1020.6,1510,1023.7,12.1,8.8,1300,1.73,13.24,,,,,,3.1,.8,3,-11.2,,,,,,,,,,,,,,
135,추풍령,1998-03-22,1.4,-2.5,628,6.7,1537,,,,,,,19.1,250,1313,10.3,250,1320,5.2,4480,270,-10.5,23,1557,42,2.8,998.3,1032.4,2326,1025.9,0,1029.2,12.2,9,1200,2.51,16.55,,,,,,1.5,.6,3.6,-10.2,,,,,,,,,,,,,,
135,추풍령,1998-03-23,4.5,-1.5,710,10.1,1447,,,,,,,14.5,250,144,7.7,250,220,4.4,3775,250,-8.4,28,1710,39.1,3.3,999,1033.1,210,1026.1,1747,1029.5,12.2,10.1,1145,2.32,15.3,,,,,,4.3,.4,6.3,-10.3,,,,,,,,,,,,,,
135,추풍령,1998-03-24,6.8,.7,705,12.4,1550,,,,,,,15.8,250,1240,8.2,250,1300,4.9,4197,250,-5.4,28,1355,41.5,4.2,994.1,1028,0,1020.5,1720,1024.3,12.3,9.2,1215,2.32,15.69,,,,,,4.9,1.9,8.5,-8,,,,,,,,,,,,,{박무}1635-{박무}{강도0}1800-{박무}{강도0}2100-2320.,
135,추풍령,1998-03-25,9.3,5.1,640,15.4,1500,,,,,,,13.4,290,1500,7.7,250,810,4.4,3808,250,-3.1,26,1638,43.1,4.9,994,1026.6,2400,1021.8,1547,1023.9,12.3,7.8,1215,2.21,13.5,,,,,,8.3,4,10.3,-.4,,,,,,,,,,,,,{박무}0712-{박무}{강도0}0900-{박무}{강도0}1200-1350.  {박무}1950-{박무}{강도0}2100-{박무}{강도0}2400-,
135,추풍령,1998-03-26,8,2.6,611,14.5,1135,4.33,,,,,3,13.5,200,1459,6,200,1510,1.7,1450,50,-.2,35,1158,58.8,6.2,993.7,1027.2,632,1019,2352,1023.8,12.3,.5,1100,1.12,5.34,,,,,,9.5,5,8.3,-5.3,,,,,,,,,,,,5.9,-{박무}-{박무}{강도0}0300-{박무}{강도0}0600-{박무}{강도0}0900-{박무}{강도0}1200-1335. {비}1603-1638. {비}2015-{비}{강도0}2100-{비}{강도0}2400-  {박무}1930-{박무}{강도0}2100-{박무}{강도0}2400-,
135,추풍령,1998-03-27,7.8,5.2,240,11.3,1620,5.33,,,,,2.9,13.8,290,1255,8.3,270,1220,3.8,3320,250,3.6,56,1615,75.1,7.9,989.3,1021.7,2235,1016.2,305,1019.1,12.4,5.3,1215,1.99,9.71,,,,,,9.8,5.4,9.2,.8,,,,,,,,,,,,,-{비}-{비}{강도0}0300-0520.  -{박무}-{박무}{강도0}0300-{박무}{강도0}0600-{박무}{강도0}0900-{박무}{강도0}1200-{박무}{강도0}1500- {박무}{강도0}1800-{박무}{강도0}2100-{박무}{강도0}2400-,
135,추풍령,1998-03-28,11,3.7,706,19.6,1517,,,,,,,8,290,936,7.3,290,940,3.2,2776,250,0,22,1519,53.3,6.3,992,1023.8,2240,1018.4,1603,1021.6,12.4,9.1,1300,2.29,15.51,,,,,,4.3,1.3,11.2,-3.4,,,,,,,,,,,,,-{박무}-{박무}{강도0}0300-{박무}{강도0}0600-{시정(미만)}{1km}{안개}0640-{시정(이상)}{1km}{박무}0827-{박무}{강도0}0900-1130.  {황사}1825-{황사} {강도0}2100-{황사}{강도0}2400-,1.78
135,추풍령,1998-03-29,14.3,4.1,652,23.9,1505,,,,,,,12,290,1905,9.3,290,1910,3.2,2792,320,-1.5,18,1510,37.4,5.5,994.6,1025.9,850,1020.9,1610,1023.9,12.5,10.2,1200,2.44,16.79,,,,,,2.6,0,13,-4,,,,,,,,,,,,,-{황사}-{황사}{강도0}0300-{황사}{강도0}0600-{황사}{강도0}0900-{황사}{강도0}1200-{황사}{강도0}1500-{황사}{강도0}1800-1820. {박무}0215-{박무}{강도0}0300-{박무}{강도0}0600-0830.,
135,추풍령,1998-03-30,14.1,5.6,700,22.4,1618,,,,,,,11,270,1635,8.3,290,1120,2.5,2137,250,-.8,22,1250,38.3,5.8,992.3,1024.3,145,1018.5,1650,1021.6,12.5,9.5,1330,2.13,15.28,,,,,,4.1,0,12.8,-4.4,,,,,,,,,,,,,{황사}1050-{황사}{강도0}1200-{황사}{강도0}1500-{황사}{강도0}1800-{황사}{강도0}2100-2145.,
135,추풍령,1998-03-31,13.4,7.1,716,20.5,1525,,,,,,,10.2,250,332,6.3,250,350,3.1,2683,250,.3,22,1647,43.5,6.4,990.2,1022.3,837,1015.3,1804,1019.5,12.5,9.9,1215,2.36,16.79,,,,,,4.6,1.6,14,-1.2,,,,,,,,,,,,25,,
135,추풍령,1998-04-01,3.9,.8,2158,9.6,0,21.88,2.4,940,7.8,928,61.2,14.4,70,705,7,70,750,3.5,2989,70,2.8,66,0,92.1,7.6,986.8,1020.2,133,1015,1500,1017.1,12.6,0,1100,.31,1.31,,,,,,10,4.9,7.1,-4.4,,,,,,,,,,,,37.5,{비}0207-{비}{강도0}0300-{비}{강도0}0600-{비}{강도0}0900-{비}{강도0}1200-{비}{강도0}1500-{비}{강도0}1800-{진눈깨비}1820-{비}1950-{비}{강도0}2100-{비}{강도0}2400-  {박무}0230-{박무}{강도0}0300-{박무}{강도0}0600-{박무}{강도0}0900-1012.  {박무}1640-{박무}{강도0}1800-{박무}{강도0}2100-2325.,
135,추풍령,1998-04-02,5.1,1.4,0,9.6,1530,3.82,.3,10,.5,0,1.3,8.4,250,1407,6.2,250,1120,2.2,1874,250,.1,39,1800,71.5,6.2,991.7,1024.6,2400,1018.1,30,1022,12.6,4.8,1100,2.11,10.92,,,,,,5.9,4.6,8.4,-3.4,,,,,,,,,,,,,-{비}-0150.  {비}0306-0440.  {비}0550-0555.  {비}0650-0710.,
135,추풍령,1998-04-03,7.6,1.5,650,15.4,1653,,,,,,,9.4,250,1535,5.7,230,1210,2.3,1944,230,-3.4,19,1600,51.3,4.9,995.2,1027.2,908,1023,1804,1025.3,12.7,10.8,1230,2.67,19.72,,,,,,1.5,1.1,10.9,-6.4,,,,,,,,,,,,,,
135,추풍령,1998-04-04,10.8,-.7,648,20.4,1640,,,,,,,10,290,1216,6,250,930,2,1700,270,-3.3,18,1552,44.3,4.8,995.6,1028.2,710,1022.1,1710,1025.4,12.7,10.3,1215,2.65,19.07,,,,,,1.9,1.6,12.2,-9.6,,,,,,,,,,,,2.4,,
135,추풍령,1998-04-05,9.1,7.8,500,10.5,0,16.67,2.5,1546,9.7,1540,64.5,7.5,50,1245,4.5,50,1240,1.5,1272,20,6.6,46,0,84.6,9.9,992.2,1025.3,56,1018.8,1805,1022.1,12.7,0,1300,.16,1.48,,,,,,10,5,9.7,.7,,,,,,,,,,,,62.9,{비}0720-{비}{강도0}0900-{비}{강도1}1200-{비}{강도1}1500-{비}{강도0}1800-{비}{강도0}2100-{비}{강도0}2400-  {박무}0925-{박무}{강도0}1200-{박무}{강도0}1500-{박무}{강도0}1800-{박무}{강도0}2100-{박무}{강도0}2400-,
135,추풍령,1998-04-06,12.3,9.6,2400,16.1,1708,4.42,.3,5,.4,0,.8,6.2,20,17,4.2,360,40,2.2,1859,50,9.6,65,1706,83.5,12,989.9,1020.7,2235,1017.5,1726,1019.2,12.8,1,1415,.83,5.31,,,,,,8,4.9,13.2,.1,,,,,,,,,,,,,-{박무}-{박무}{강도0}0300-{박무}{강도0}0600-0748.  -{비}-0210.  {비}0320-0535.,
135,추풍령,1998-04-07,14.6,4.8,615,23.9,1555,,,,,,,4.8,160,1143,3.7,160,1130,.8,730,160,5.4,23,1612,60,9.2,986.7,1019.9,0,1012,1740,1015.7,12.8,9.4,1200,2.3,16.94,,,,,,4.1,2.3,15.2,-3.9,,,,,,,,,,,,.6,{박무}0035-{박무}{강도1}0300-{박무}{강도0}0600-{시정(미만)}{1km}{안개}0640-{시정(이상)}{1km}{박무}0715-0820.,.58
135,추풍령,1998-04-08,14.1,11.5,730,18.1,1435,3.58,.2,420,.3,405,.6,7.8,70,2155,4,70,2210,1.3,1099,70,7.4,42,1505,65.4,10.4,984.3,1014.6,840,1012.3,1610,1013.4,12.8,.4,1240,1.41,6.04,,,,,,10,5.5,14.8,5.2,,,,,,,,,,,,,{비}0405-{비}{강도0}0600-0740.,
135,추풍령,1998-04-09,12,10,2400,13.7,0,3.67,.1,,.2,,.2,5.1,340,36,3.2,340,120,1.3,1148,340,8,49,0,77.1,10.8,986,1018.4,2244,1013.3,535,1015.3,12.9,0,1600,.62,3.94,,,,,,9,4.8,12.8,.2,,,,,,,,,,,,.2,{비}1050-{비}{강도0}1200-1430.  {박무}2125-{박무}{강도0}2400-,
135,추풍령,1998-04-10,14.6,7.6,322,21.3,1628,,,,,,,10.6,250,1250,7.3,250,1250,3.1,2690,250,8.6,41,1710,69.8,11.2,989.3,1020.1,820,1015.9,1740,1018.4,12.9,8.4,1200,2.47,17.48,,,,,,2.5,1.4,15.8,-1.8,,,,,,,,,,,,,-{박무}-{박무}{강도0}0300-{박무}{강도0}0600-{박무}{강도0}0900-1038.,
135,추풍령,1998-04-11,18.9,10.1,453,27.9,1510,,,,,,,7.3,270,5,5.3,250,910,2.5,2149,70,9.6,31,1445,59,12,987.9,1019.3,805,1013.1,1615,1016.5,13,9.9,1200,2.38,17.29,,,,,,1.6,0,19,1.5,,,,,,,,,,,,,{박무}0330-{박무}{강도0}0600-0840.  {박무}1425-{박무}{강도0}1500-{박무}{강도0}1800-1910.,
135,추풍령,1998-04-12,17.7,13,705,24.3,1300,6.45,2,2030,5.8,1800,16.2,7.6,110,1220,4.2,70,910,2.2,1878,70,13.6,54,1300,78,15.9,979.5,1016.7,7,1002.4,2400,1008,13,2.6,1200,2.34,7.64,,,,,,9.3,4.4,17.6,6.3,,,,,,,,,,,,22.9,{박무}0340-{박무}{강도0}0600-{박무}{강도0}0900-1020. {박무}1840-{박무}{강도0}2100-{박무}{강도0}2400-  {비}1550-1605. {비}1715-{소나기}1730-{소나기}{강도0}1800-{비}1820-1942. {비}2015-{비}{강도0}2100-{비}{강도0}2400-  {천둥}{강도0}(W)1748-1815.,
135,추풍령,1998-04-13,14.6,10.8,2352,18.3,0,7.33,1,550,3,20,6.7,11.2,180,745,6.7,180,800,2.7,2293,180,11.9,63,1712,84.4,14,977.1,1010.7,2150,1001.6,355,1005.9,13,1.7,1615,1.27,6.66,,,,,,8.9,5.8,16.4,4.5,,,,,,,,,,,,,-{비}-{비}{강도0}0300-{비}{강도0}0600-0720.  -{박무}-{시정(미만)}{1km}{안개}0210-{안개}{강도0}0300-{시정(이상)}{1km}{박무}0535-{박무}{강도0}0600-0830.  {박무}1235-{박무}{강도0}1500-1630.,3.42
135,추풍령,1998-04-14,15.8,10.5,645,22.9,1420,2.77,1.2,2210,3.2,2210,6.5,8,90,2320,4.7,90,2340,1.6,1346,270,10.2,39,1425,72.5,12.5,982,1013.4,2400,1008.2,1800,1010.7,13.1,4.6,1115,2.61,13.65,,,,,,8,4.3,17.3,5.1,,,,,,,,,,,,7,{박무}0520-{박무}{강도0}0600-0820. {소나기}1832-1835. {소나기}2020-2043. {비}2110-2330.,
135,추풍령,1998-04-15,13.8,9,600,19.4,1430,1.05,.2,,.5,140,.5,7.7,50,213,4.3,50,230,1.2,1021,70,8.1,43,1440,70.4,10.8,985.9,1017.2,2200,1013.4,0,1015,13.1,7.1,1115,2.38,13.16,,,,,,6.5,4.9,15.7,5.7,,,,,,,,,,,,,{박무}0030-{박무}{강도0}0300-0530.  {비}0140-0243.  {황사}1745-{황사}{강도0}1800-{황사}{강도0}2100-2310.,
135,추풍령,1998-04-16,13.5,10.5,540,18.4,1405,,,,,,,7.5,70,1016,4.3,70,1100,2.4,2092,70,9.1,55,1438,75.1,11.5,986.8,1018.1,900,1013.8,1600,1015.9,13.1,.3,1200,1.19,6.89,,,,,,9.4,4.6,15.8,5.3,,,,,,,,,,,,,{박무}0125-{박무}{강도0}0300-{박무}{강도0}0600-{박무}{강도0}0900-0945.  {황사}1025-{황사}{강도0}1200-{황사}{강도0}1500-{황사}{강도0}1800-{황사}{강도0}2100-{황사}{강도0}2400-,
135,추풍령,1998-04-17,10.3,6.9,635,15.3,1420,4.43,5.1,1550,7.1,1550,11,14.5,270,1530,8,290,1600,1.8,1522,70,7.7,58,1556,83.9,10.5,983.6,1015,0,1011,1525,1013.1,13.2,1.2,1315,1.37,4.95,,,,,,8.1,3.8,13.4,1.4,,,,,,,,,,,,11,-{황사}-{황사}{강도0}0300-{황사}{강도0}0600-0725. {비}1122-{비}{강도0}1200-1240. {소나기}1542-{소나기}/{우박}(d 0.5)1544-{소나기}1545-1708. {천둥}{강도0}(W)1522-{뇌전}{강도0}(W 6~7)1535-{뇌전}{강도0}(W{이동}NW 4~5)1548-{뇌전}{강도1}(NW{이동}N 3~4)1600-{천둥}{강도2}(N)1613-{천둥}{강도0}(N{이동}NW)1630-{천둥}{강도1}(NW)1652-1704. {황사}1850-{황사}{강도0}2100-{황사}{강도0}2400-  {비}2005-{비}{강도0}2100-2147.,
135,추풍령,1998-04-18,13.2,6.3,636,20.6,1600,,,,,,,9,270,1309,6.7,250,1340,2,1766,270,7.1,35,1652,69.9,10.1,985.4,1016.7,2340,1012.5,1605,1014.6,13.2,8.7,1200,2.29,15.56,,,,,,4.9,1.3,15.1,2.2,,,,,,,,,,,,,{박무}0215-{박무}{강도0}0300-{박무}{강도1}0600-{시정(미만)}{1km}{안개}0615-{시정(이상)}{1km}{박무}0825-{박무}{강도0}0900-1040.  {박무}2015-{박무}{강도0}2100-{박무}{강도0}2400-   -{황사}-{황사}{강도0}0300-{황사}{강도0}0600-{황사}{강도0}0900-{황사}{강도0}1200-{황사}{강도0}1500-{황사}{강도0}1800-{황사}{강도0}2100-{황사}{강도0}2400-,2.17
135,추풍령,1998-04-19,16.2,7.8,632,26,1537,,,,,,,7.3,290,1205,5,290,1200,1.7,1475,270,5.8,24,1553,55.5,9.2,989.1,1020.1,2315,1015.7,1540,1018.1,13.3,10.8,1200,2.53,18.55,,,,,,0,0,17.1,2.7,,,,,,,,,,,,,-{박무}-{박무}{강도0}0300-{박무}{강도0}0600-{박무}{강도0}0900-1120.  -{황사}-{황사}{강도0}0300-{황사}{강도0}0600-{황사}{강도0}0900- {황사}{강도0}1200-{황사}{강도0}1500-{황사}{강도0}1800-{황사}{강도0}2100-{황사}{강도0}2400-,
135,추풍령,1998-04-20,18.9,8,625,27.9,1512,,,,,,,8.2,250,1922,6,270,1000,1.9,1613,270,10.9,34,1340,63.4,13.4,991.5,1021.9,600,1017.9,1610,1020.3,13.3,9.7,1200,2.58,17.73,,,,,,5.3,2.5,19.5,4.4,,,,,,,,,,,,,-{황사}-{황사}{강도0}0300-{황사}{강도0}0600-{황사}{강도0}0900-{황사}{강도0}1200-{황사}{강도0}1500-{황사}{강도0}1800-{황사}{강도0}2100-{황사}{강도0}2400-,
135,추풍령,1998-04-21,19.9,15.2,530,27.2,1520,,,,,,,7.1,160,1718,5.3,160,1750,1.2,1023,160,14.4,41,1336,73,16.4,990.1,1021.4,718,1015.5,1443,1018.7,13.3,4.4,1115,2.26,12.85,,,,,,8.4,5.8,20,13.2,,,,,,,,,,,,,-{황사}-{황사}{강도0}0300-{황사}{강도0}0600-{황사}{강도0}0900-{황사}{강도0}1200-{황사}{강도0}1500-{황사}{강도0}1800-{황사}{강도0}2100-{황사}{강도0}2400-,
135,추풍령,1998-04-22,20,15.9,556,26.1,1220,1.95,3.7,1615,10.1,1603,13.2,4.1,160,1255,2.7,160,1300,.7,635,140,16.8,58,1223,83.3,19.2,984.6,1018,0,1010.2,1910,1012.9,13.4,3.5,930,2.14,9.74,,,,,,9.3,4.9,21.5,15.2,,,,,,,,,,,,29.4,-{황사}-{황사}{강도0}0300-{황사}{강도0}0600-{황사}{강도0}0900-1120.  {박무}0340-{박무}{강도0}0600-{박무}{강도0}0900-0919.  {소나기}1528-1725.  {천둥}{강도0}(SW)1435-{천둥}{강도0}(SW{이동}S)1517-{뇌전}{강도0}(S 4~6)1648-1708.  {박무}1840-{박무}{강도0}2100-{박무}{강도0}2400-,
135,추풍령,1998-04-23,20,17.8,2400,24.7,1444,7.78,3.3,620,8,610,18.4,4,320,1627,3,320,1630,.3,225,290,17.5,66,1505,86.5,20,979.4,1010.5,0,1005.8,1730,1007.7,13.4,1.5,1300,2.05,7.41,,,,,,6.9,3.8,21.8,14.5,,,,,,,,,,,,2.2,-{박무}-{박무}{강도0}0300-{박무}{강도0}0600-0845.  {비}0430-{비}{강도0}0600-0850.  {비}0915-{비}{강도0}1200-1242.,
135,추풍령,1998-04-24,20.7,16.4,327,25.5,1240,.3,0,,0,,0,8.2,200,1201,4.7,270,1330,1.9,1679,270,17.1,59,1217,80.9,19.5,977.6,1007.5,0,1003,1550,1005.7,13.4,4,1130,2.73,12.78,,,,,,7.8,5.3,21.1,13.8,,,,,,,,,,,,.4,{박무}1632-{박무}{강도0}1800-{박무}{강도0}2100-{박무}{강도0}2400-  {비}2342-{비}{강도0}2400-,
135,추풍령,1998-04-25,12.9,9,2400,18.5,0,3.03,.2,738,.3,730,.4,6,250,100,4.7,250,50,1.9,1660,180,10.8,76,1654,86.5,13,983.3,1016.3,2400,1006.6,0,1012.5,13.5,.3,1045,.72,4.23,,,,,,7.6,4.8,16,6.2,,,,,,,,,,,,0,-{비}-0025.  {비}0710-{비}{강도0}0900-0947.  -{박무}-{박무}{강도0}0300-{박무}{강도1}0600-{박무}{강도0}0900-0930.,
135,추풍령,1998-04-26,14.1,8.7,625,19.7,1525,,,,,,,5.3,90,1145,3.7,140,1200,1.7,1484,90,7.8,48,1506,66.8,10.6,988.1,1019.1,2400,1015.8,1626,1017.3,13.5,6.2,1430,1.98,15.11,,,,,,6.4,5.3,18.7,6.2,,,,,,,,,,,,,,
135,추풍령,1998-04-27,17,10.6,630,24,1633,,,,,,,7.3,140,1247,4,160,1130,1.1,962,50,9,35,1708,62.3,11.5,991.1,1022.1,2254,1017.3,1748,1020,13.5,8.6,1300,2.4,18.6,,,,,,5,3.5,18.4,9.4,,,,,,,,,,,,,,
135,추풍령,1998-04-28,18.4,9.1,610,27.8,1710,,,,,,,6,290,2214,4,290,2230,.8,682,290,9.7,30,1705,60.1,12.1,991.8,1024.6,745,1016.1,1825,1020.5,13.6,10.8,1145,2.26,18.14,,,,,,0,0,21.2,6.1,,,,,,,,,,,,,{황사}1320-{황사}{강도0}1500-{황사}{강도0}1800-1820.,
135,추풍령,1998-04-29,19.3,15,200,26.9,1510,,,,,,,8.9,110,1723,4.3,90,1800,1.5,1286,70,13.2,51,1520,68.3,15.3,992.2,1023.5,2200,1018.6,1605,1020.9,13.6,2.1,1200,2.01,11.84,,,,,,8.1,6.1,23.4,11.7,,,,,,,,,,,,,,
135,추풍령,1998-04-30,17.6,11.7,607,24.4,1354,,,,,,,12.2,70,1647,6,70,1650,2.9,2510,70,6,22,1920,50.3,9.9,993.5,1025.1,710,1020.9,1630,1022.4,13.6,7.7,1300,2.59,17.09,,,,,,6.5,2.6,22.1,9,,,,,,,,,,,,1.1,,
135,추풍령,1998-05-01,16.1,10.5,646,20.1,1535,1.27,.4,540,1,525,1.4,7.4,90,1455,4.3,90,1520,2.3,1945,90,10,33,20,68.6,13,986.2,1021.6,0,1008.7,2400,1014.9,13.7,.9,1415,1.26,7.79,,,,,,9,5.3,20.3,9.4,,,,,,,,,,,,2.8,{비}0525-{비}{강도0}0600-0610.  {비}1249-1320.  {박무}1830-{박무}{강도0}2100-{박무}{강도0}2400-,
135,추풍령,1998-05-02,19,15.1,2400,22.8,1430,7.58,1.2,842,2.5,805,5.2,14,270,1407,7.3,270,1440,2.4,2106,270,16.9,78,1430,87.3,19.4,975,1008.7,0,999.1,1020,1003.3,13.7,0,1400,1.14,4.77,,,,,,10,5.4,20.1,14.2,,,,,,,,,,,,2.7,-{박무}-{박무}{강도0}0300-0340.  {비}0720-{비}{강도0}0900-1048.  {비}1205-1340.  {비}1443-{비}{강도0}1500-1507.  {비}1630-{비}{강도0}1800-1838.,
135,추풍령,1998-05-03,15.3,11.6,2400,20.4,1430,,,,,,,11.2,270,119,6.3,290,140,2.5,2123,270,10.7,57,1438,73.9,12.9,985.9,1020.6,2400,1007.7,0,1014.8,13.7,1.3,1000,1.3,7.45,,,,,,7.6,6.1,18,8.3,,,,,,,,,,,,,,
135,추풍령,1998-05-04,15.1,6.6,635,22.7,1545,,,,,,,7,110,1535,3,110,1520,1.1,964,140,7.7,37,1327,64.3,10.6,991.9,1023.5,757,1018.2,1812,1021,13.8,12,1215,2.69,21.8,,,,,,2.6,.3,20,2.8,,,,,,,,,,,,,{달무리}2320,
135,추풍령,1998-05-05,15.5,5.6,620,25.2,1457,,,,,,,3.8,70,1012,2.3,20,1040,.7,586,70,6.7,29,1340,60.4,9.9,991.6,1022.5,305,1018.1,1600,1020.7,13.8,11.6,1315,2.61,22.15,,,,,,1,0,20.4,2.2,,,,,,,,,,,,,-{달무리}-0120.,
135,추풍령,1998-05-06,19.3,8.5,550,29.1,1600,,,,,,,4.9,320,1412,3,230,1400,.6,555,200,11,31,1518,63.4,13.3,990.8,1021.9,0,1016.1,1813,1019.4,13.8,11.7,1100,2.44,20.07,,,,,,2.1,.8,23.3,4.8,,,,,,,,,,,,,,
135,추풍령,1998-05-07,20.1,16.6,2237,25.2,1510,2.45,.1,,.2,,.2,6.7,270,2115,5.7,270,2120,1.9,1644,270,17,64,910,82.9,19.5,988.1,1019.8,0,1014,1650,1016.5,13.9,1.3,1430,1.56,7.77,,,,,,9.3,7.4,23.7,14.9,,,,,,,,,,,,.5,{비}1405-1412. {비}1705-{비}{강도0}1800-1810. {비}2030-{비}{강도0}2100-2145. {박무}2020-{박무}{강도0}2100-2145.,
135,추풍령,1998-05-08,16.6,12.8,2400,21.8,1605,.67,.3,737,.3,730,.3,7.8,290,1132,5.7,290,1130,3,2574,250,11.1,38,1825,71.6,13.3,988.1,1018.9,2400,1015.1,1705,1016.9,13.9,7.4,1300,2.5,15.67,,,,,,5.4,3,21.3,8.3,,,,,,,,,,,,,{비}0730-0810.  {박무}1245-{박무}{강도0}1500-1630.,
135,추풍령,1998-05-09,16,7.6,548,22.6,1440,,,,,,,8.9,320,2044,6.5,250,2040,1.7,1428,290,6,29,1507,55.6,9.4,989.2,1020.7,628,1015.5,1556,1018.2,13.9,6.2,1330,2.33,14.7,,,,,,7.1,3.4,20.6,3.7,,,,,,,,,,,,,,
135,추풍령,1998-05-10,14.4,12.2,1656,17.8,1300,2.58,.4,1605,1.2,1550,1.3,8.3,90,1540,5.7,270,450,2.1,1828,90,8.9,52,1327,69.6,11.4,991.6,1022,2200,1019.3,0,1020.8,14,0,1130,.76,4.76,,,,,,10,6.8,16.8,10.8,,,,,,,,,,,,10.8,{비}1505-1740.,
135,추풍령,1998-05-11,9.5,8.6,2120,13,0,22.67,2.8,1857,6.8,1850,59.4,10.3,70,950,5,70,1830,3.1,2702,70,8.2,78,0,91.5,10.9,987.6,1021.1,0,1012.7,2400,1017.2,14,0,1300,.37,2.28,,,,,,10,6.1,12.6,7.8,,,,,,,,,,,,53.1,{비}0120-{비}{강도0}0300-{비}{강도0}0600-{비}{강도0}0900-{비}{강도0}1200-{비}{강도0}1500-{비}{강도0}1800-{비}{강도0}2100-{비}{강도0}2400-   {박무}1025-{박무}{강도0}1200-{박무}{강도0}1500-{박무}{강도0}1800-{박무}{강도0}2100-{박무}{강도0}2400-,
135,추풍령,1998-05-12,11.9,8.8,310,14,1325,8.05,1.8,41,3.1,32,3.4,12.7,270,2213,8,290,1450,3.1,2656,270,9.3,75,1939,84.3,11.7,982.1,1015.8,2400,1009,1150,1011.3,14,0,1515,.6,3.72,,,,,,9.8,7.5,12.8,7.7,,,,,,,,,,,,.2,-{비}-0203.  {이슬비}0740-{이슬비}{강도0}0900-{비}1120-{비}{강도0}1200-1340.  -{박무}-{시정(미만)}{1km}{안개}0420-{안개}{강도0}0600-{안개}{강도0}0900-{시정(이상)}{1km}{박무}1010-{박무}{강도0}1200-1220.,5.83
135,추풍령,1998-05-13,15.3,11.5,323,21.7,1554,,,,,,,16,270,210,7.7,270,310,3.8,3264,270,9.9,46,1543,71.4,12.2,988,1018.5,810,1015,1727,1017,14,9.5,1200,2.85,19.17,,,,,,5.1,2.9,16.4,9.5,,,,,,,,,,,,,{박무}2035-{박무}{강도0}2100-{박무}{강도0}2400-,
135,추풍령,1998-05-14,17.9,10,600,26.2,1400,,,,,,,5.3,110,1740,4,90,1800,.7,646,50,10.8,37,1412,65.6,13,987.6,1018.1,2240,1013.8,1620,1016.3,14,10.1,1200,2.68,19.86,,,,,,3.6,1.6,20.1,6.2,,,,,,,,,,,,,-{박무}-{박무}{강도0}0300-{박무}{강도1}0600-{박무}{강도0}0900-1037.,
135,추풍령,1998-05-15,17.1,8.3,550,25.2,1504,,,,,,,10.1,20,1504,4.7,50,1700,1.7,1452,20,6,25,1640,52.3,9.5,987.2,1018.4,737,1013.5,1803,1015.9,14.1,8.7,1300,2.78,18.51,,,,,,6,4,20.3,4.5,,,,,,,,,,,,12.8,,
135,추풍령,1998-05-16,14.8,11.4,640,17.6,1356,12.95,1.4,833,4.6,800,16.6,7.5,270,2340,4,270,2350,1.1,976,70,12.2,43,0,86.8,14.5,981.1,1014.5,0,1006.5,1540,1009.9,14.1,.5,1300,1.54,4.84,,,,,,10,5.5,16.6,11.2,,,,,,,,,,,,3.8,{비}0425-{비}{강도0}0600-{비}{강도1}0900-{비}{강도0}1200-1307.  {비}1725-{비}{강도0}1800-{비}{강도0}2100-2140.  {박무}0740-{박무}{강도0}0900-{박무}{강도0}1200-{박무}{강도0}1500-{박무}{강도1}1800-{박무}{강도1}2100-2310.,
135,추풍령,1998-05-17,16.3,13.3,445,20.2,1456,.25,0,,0,,0,11.8,270,342,6.7,270,340,2.7,2306,270,11.5,53,1605,74.3,13.6,984.6,1015.4,2400,1009.6,0,1013.4,14.2,2.1,1430,1.65,9.35,,,,,,9.6,6.6,17.6,12.6,,,,,,,,,,,,0,{비}2330-2345.,
135,추풍령,1998-05-18,17.9,13,508,23.4,1620,,,,,,,7.9,320,1347,4.3,320,1340,1.5,1319,320,12.7,48,1630,73.1,14.7,985.8,1016.3,614,1012.1,1737,1014.4,14.2,6.1,1300,3.08,16.77,,,,,,6.9,3.3,20.5,11.8,,,,,,,,,,,,,{박무}0540-{박무}{강도0}0600-{박무}{강도0}0900-{박무}{강도0}1200-1430.  {박무}1835-{박무}{강도0}2100-{박무}{강도0}2400-,
135,추풍령,1998-05-19,19.8,14.2,625,27.6,1500,,,,,,,6.2,250,55,4.7,230,830,1,840,230,11.7,26,1720,64.4,13.9,986.9,1018.7,810,1012.3,1800,1015.4,14.2,11.6,1130,3.01,22.25,,,,,,2.9,1.4,22.6,10,,,,,,,,,,,,,-{박무}-{박무}{강도0}0300-{박무}{강도1}0600-{박무}{강도0}0900-1040.,
135,추풍령,1998-05-20,21.2,13.2,556,29.3,1520,,,,,,,4.3,230,835,3.8,230,840,.8,706,290,12.2,26,1415,60.4,14.3,989.3,1020.3,2400,1015.6,1638,1017.7,14.2,12,1200,2.71,22.22,,,,,,.5,0,23.6,9.6,,,,,,,,,,,,,{박무}0330-{박무}{강도0}0600-{박무}{강도0}0900-{박무}{강도0}1200-1245.,
135,추풍령,1998-05-21,20.9,12.2,536,29.6,1510,,,,,,,4.9,110,1252,3.3,110,1430,.6,482,140,10.9,24,1726,57.8,13.1,990.6,1021,600,1016.4,1753,1019.1,14.3,11.9,1215,2.76,22.41,,,,,,.3,0,24.9,9,,,,,,,,,,,,,,
135,추풍령,1998-05-22,20.8,11.5,533,29.1,1500,,,,,,,5.4,50,1444,2.7,50,1440,.6,505,140,12,37,1228,60.4,14.1,988.9,1020.2,803,1014.4,1600,1017.3,14.3,9.6,1115,2.61,19.08,,,,,,5.9,3.6,24.6,7.1,,,,,,,,,,,,,,
135,추풍령,1998-05-23,21.5,14.3,600,28.3,1417,,,,,,,4,140,1038,2.5,140,1020,.4,380,140,14.6,38,1522,66.1,16.6,986.6,1018.4,615,1012.1,1810,1015,14.3,7.3,1200,2.64,16.63,,,,,,8.5,3.9,25.4,10.9,,,,,,,,,,,,,,
135,추풍령,1998-05-24,18.8,16.5,559,22.2,1240,,,,,,,8.2,290,2308,5,270,2300,1.8,1540,290,13.3,54,1300,71.4,15.4,979.2,1013,10,1004.8,1642,1007.6,14.3,0,1145,1.02,4.77,,,,,,10,5.4,21,15.3,,,,,,,,,,,,,{박무}1740-{박무}{강도0}1800-{박무}{강도0}2100-{박무}{강도0}2400-,
135,추풍령,1998-05-25,16.5,11.7,2400,21.6,1721,,,,,,,8,250,450,5.3,250,450,2,1732,250,11.4,47,1834,72.5,13.6,979.5,1011,2250,1006.1,45,1008.2,14.3,4.4,1245,1.99,11.52,,,,,,7.3,3.8,21,6.7,,,,,,,,,,,,,-{박무}-0040.,
135,추풍령,1998-05-26,18,9.6,524,25.3,1545,,,,,,,9.6,250,1455,5.7,250,1410,2.7,2368,250,6.5,30,1500,48.6,9.7,983,1013.4,2400,1009.8,1530,1011.5,14.4,12.9,1200,2.97,23.72,,,,,,0,0,23.1,5.2,,,,,,,,,,,,,,
135,추풍령,1998-05-27,19,10.8,630,27.3,1542,,,,,,,7.1,360,134,5,360,10,.7,562,360,6.5,23,1556,46.8,9.7,987.8,1017.6,2214,1013.4,0,1016.3,14.4,12.6,1200,2.97,22.72,,,,,,3.6,.6,22.6,6.4,,,,,,,,,,,,,,
135,추풍령,1998-05-28,17.3,10.8,535,23.2,1708,,,,,,,7.7,270,1708,3.7,270,1800,.5,459,270,11.2,49,1415,71.9,13.4,984.4,1017.5,50,1009.8,1754,1013.1,14.4,1.7,1300,1.2,9.97,,,,,,7.8,5,20.2,8.7,,,,,,,,,,,,,{박무}2130-{박무}{강도0}2400-,
135,추풍령,1998-05-29,18.9,13.6,455,25.1,1350,,,,,,,10,250,1348,4.3,250,1340,1.8,1526,250,11.5,37,1255,65.1,13.6,980.5,1011.5,0,1005.9,1730,1008.9,14.4,9.6,1245,2.75,20.21,,,,,,6.6,4.6,23.5,10.8,,,,,,,,,,,,,-{박무}-{박무}{강도0}0300-{박무}{강도1}0600-{박무}{강도0}0900-{박무}{강도0}1200-1335.,
135,추풍령,1998-05-30,18.3,12.8,228,24.4,1640,,,,,,,9.8,340,1318,5.7,290,1300,3.3,2894,270,3.8,19,1742,42.1,8.3,982.9,1014,2400,1009.4,0,1011.4,14.4,12.3,1215,3.01,23.79,,,,,,.6,0,23.2,9.5,,,,,,,,,,,,,,
135,추풍령,1998-05-31,17.3,8.9,610,23,1655,,,,,,,8.5,290,215,4.7,290,210,2.5,2155,290,4.8,28,1525,44.5,8.7,986,1017.3,624,1012.7,1800,1014.7,14.5,8.2,915,1.86,15.71,,,,,,6.4,4.9,21.7,4.2,,,,,,,,,,,,,,
135,추풍령,1998-06-01,17.2,12.4,530,20.4,1320,,,,,,,8.4,20,1008,5.3,20,1440,1.9,1628,290,9.5,47,1320,61.1,12,981.7,1013.8,0,1007.8,2400,1010.3,14.5,0,1130,.89,6.61,,,,,,8.8,6.3,19,8.8,,,,,,,,,,,,9.1,,
135,추풍령,1998-06-02,14.3,13.2,600,15.7,0,22.12,1,653,2.6,630,16.8,11.2,90,1247,4.7,90,1250,2.5,2159,90,12.8,74,103,91,14.8,973.7,1007.8,0,999.8,1650,1002.4,14.5,0,1300,.32,1.61,,,,,,10,5.6,16.1,12.9,,,,,,,,,,,,9.4,{비}0153-{비}{강도0}0300-{비}{강도0}0600-{비}{강도0}0900-{비}{강도0}1200-{비}{강도0}1500-{비}{강도0}1800-{비}{강도0}2100-{비}{강도0}2400-  {박무}1350-{박무}{강도0}1500-{박무}{강도0}1800-{박무}{강도0}2100-{박무}{강도0}2400-,
135,추풍령,1998-06-03,15.3,14.2,2305,17.2,1526,6.63,.2,100,.8,30,2,13.7,270,928,6.3,270,940,1.9,1602,270,12.6,69,1307,83.9,14.6,976,1009.1,2252,1001.6,0,1004.7,14.5,.6,900,1.31,5.63,,,,,,9.8,6.5,17.2,13.6,,,,,,,,,,,,.3,-{비}-{비}{강도0}0300-0315.  {비}0430-{비}{강도0}0600-0644.  {비}1155-{비}{강도0}1200-1214.  {비}2250-2340.  -{박무}-{박무}{강도0}0300-{박무}{강도0}0600-0610.  {박무}2310-{박무}{강도0}2400-,
135,추풍령,1998-06-04,15.5,13.7,304,20.4,1212,.78,.3,1315,.4,,.6,6.3,110,1155,3.3,70,1220,1.3,1088,50,13.4,66,1218,87.1,15.4,983.4,1015.1,2400,1008.7,15,1012.2,14.5,.3,1130,1.53,5.17,,,,,,10,5.5,17.1,13.3,,,,,,,,,,,,1.9,{비}1305-1330. {비}1628-1650. -{박무}-{박무}{강도0}0300-{박무}{강도0}0600-{박무}{강도0}0900-{박무}{강도0}1200-{박무}{강도0}1500-{박무}{강도0}1800-{박무}{강도0}2100-{박무}-{박무}{강도0}2400-,
135,추풍령,1998-06-05,13.2,12.1,2255,14.4,1503,16.37,2.1,1932,4.4,1932,7.5,8.6,70,1829,4,70,1830,1.8,1535,50,11.8,87,1420,91.5,13.8,985.9,1016.4,1932,1013.7,1500,1015,14.5,0,1215,.33,1.38,,,,,,10,6,15.4,11.9,,,,,,,,,,,,6.2,{비}0238-{비}{강도0}0300-{비}{강도0}0600-{이슬비}0810-{이슬비}{강도0}0900-{이슬비}{강도0}1200-1240.  {비}1610-{비}{강도0}1800-{비}{강도0}2100-2230.  -{박무}-{박무}{강도0}0300-{박무}{강도1}0600-{박무}{강도1}0900-{박무}{강도0}1200-1250.  {박무}1620-{박무}{강도0}1800-{박무}{강도0}2100-{박무}{강도0}2400-,
135,추풍령,1998-06-06,13.9,11.3,2350,17.3,1600,.62,0,,0,,0,6.5,90,1027,2.7,90,830,1.1,973,90,11.4,71,1509,84.5,13.5,986.6,1017.1,850,1014.2,1750,1015.7,14.6,0,1200,.7,5.17,,,,,,8.1,4.9,16.4,7.2,,,,,,,,,,,,0,-{박무}-{박무}{강도0}0300-{박무}{강도0}0600-0810.  {이슬비}0843-{이슬비}{강도0}0900-0920.,
135,추풍령,1998-06-07,17,6.8,546,25.1,1600,,,,,,,6.7,270,2301,3.7,270,2310,.6,518,110,10.1,39,1600,67.4,12.5,985.3,1016.8,608,1011.3,1809,1014.1,14.6,12.3,1330,2.88,23.13,,,,,,2.6,2.6,20.5,4.1,,,,,,,,,,,,,,
135,추풍령,1998-06-08,18.2,13.8,600,22.8,1543,,,,,,,4.5,320,10,2.7,320,10,.3,270,160,14.1,57,1614,77.6,16.2,984.7,1015.3,52,1011.4,1648,1013.3,14.6,.9,1130,1.48,11.84,,,,,,7.5,3.6,20.3,11.2,,,,,,,,,,,,,{박무}0025-{박무}{강도1}0300-{박무}{강도2}0600-{박무}{강도1}0900-{박무}{강도0}1200-{박무}{강도0}1500-{박무}{강도0}1800-{박무}{강도0}2100-2150. {햇무리}0820-1050.,
135,추풍령,1998-06-09,17.7,13.6,440,22.6,1342,3.5,.1,,.3,1648,.4,7.2,50,1236,3.2,110,1350,.8,729,140,14.6,63,1343,82.8,16.7,984.4,1014.2,830,1011.5,2357,1013,14.6,0,1245,1.51,7.42,,,,,,9.1,4,19.1,11,,,,,,,,,,,,.8,{비}1515-{비}{강도0}1800-1845. {박무}0440-{박무}{강도0}0600-{박무}{강도0}0900-1125. {박무}1540-{박무}{강도0}1800-1830.,
135,추풍령,1998-06-10,20.9,16.2,450,27.2,1544,3.45,.1,,.2,,.4,5.2,160,1240,3,160,1240,.6,528,70,16.1,50,1638,75.4,18.3,983.2,1013.5,2353,1009.4,1800,1011.4,14.6,7.1,1330,2.81,15.67,,,,,,6.4,3.9,23.3,14.9,,,,,,,,,,,,,{비}0010-{비}{강도0}0300-0337.,
135,추풍령,1998-06-11,20.6,15.6,413,27.3,1623,,,,,,,5.7,140,1222,3,180,1710,.9,775,160,16.2,55,1617,77.3,18.5,985.4,1016,844,1011,1810,1013.8,14.6,7.6,1330,2.7,20.8,,,,,,5.1,2.6,24.5,13.6,,,,,,,,,,,,,{박무}0510-{박무}{강도0}0600-0830.{박무}1124-{박무}{강도0}1200-{박무}{강도0}1500-{박무}{강도0}1800-{박무}{강도0}2100-{박무}{강도0}2400,
135,추풍령,1998-06-12,20.2,14.2,528,26.5,1406,,,,,,,9.2,70,2344,4.3,70,2340,1.6,1413,90,14.9,52,1534,73,17,983,1014.7,45,1008.2,1950,1011.3,14.6,5.7,930,2.14,16.76,,,,,,6.3,2.9,24.1,11.8,,,,,,,,,,,,16.3,-{박무}-{박무}{강도0}0300-{박무}{강도0}0600-{박무}{강도0}0900-{박무}{강도0}1200-1435.{햇무리}1032-1340.,
135,추풍령,1998-06-13,16.6,15.5,400,17.8,0,18,1.4,828,4.8,817,26.3,9.3,70,127,4,70,10,2.5,2148,90,15.2,81,0,91,17.2,975.4,1008.7,0,1001.7,1835,1003.9,14.6,0,930,.89,4.01,,,,,,10,6.4,18.5,15.2,,,,,,,,,,,,19.5,{비}0140-{비}{강도0}0300-{비}{강도0}0600-{비}{강도1}0900-{비}{강도0}1200-{비}{강도0}1500-{비}{강도0}1800-1940. {박무}0820-{박무}{강도0}0900-{박무}{강도0}1200-{박무}{강도0}1500-1735.,
135,추풍령,1998-06-14,16.9,14.1,2352,20.2,1620,8,1,810,3.6,750,13.2,6,90,58,3.3,110,10,1.2,1064,90,14.7,71,1600,86.5,16.7,975.7,1007.4,2340,1002.4,256,1004.2,14.6,0,1500,1.05,7.05,,,,,,8,4.5,18.9,11.2,,,,,,,,,,,,3.7,{비}0310-{비}{강도0}0600-{비}{강도1}0900-1110.,
135,추풍령,1998-06-15,20.3,13.1,246,26.5,1552,,,,,,,8.6,250,1350,6.3,250,1420,2.3,1962,250,14.9,47,1517,73.4,17,978.6,1008.8,340,1004.7,1800,1006.7,14.6,12.5,1100,2.88,23.48,,,,,,3.4,1,22.6,10.9,,,,,,,,,,,,,{햇무리}0825-0930.{박무}2010-{박무}{강도0}2100-{박무}{강도0}2400,
135,추풍령,1998-06-16,21.3,14.5,600,28.5,1303,.52,.4,1400,.4,1354,.4,4.8,50,1500,2.8,50,1510,.4,303,50,17.9,52,1237,81.6,20.7,978.3,1007.8,630,1005.1,1805,1006.4,14.6,4.8,1130,2.29,15.44,,,,,,6,2.3,23.3,12.6,,,,,,,,,,,,.4,-{박무}-{박무}{강도0}0300-{박무}{강도2}0600-{시정(미만)}{1km}{안개}0615-{시정(이상)}{1km}{박무}0710-{박무}{강도0}0900-{박무}{강도0}1200-{박무}{강도0}1500-{박무}{강도0}1800-{박무}{강도0}2100-{박무}{강도0}2400- {소나기}1354-1425. {천둥}{강도0}(S)1403-{천둥}{강도0}(S{이동}SE)1418-{천둥}{강도1}(SE{이동}E)1427-1436. {천둥}{강도0}(S)1430-1504.,.92
135,추풍령,1998-06-17,22.8,16.5,427,29.7,1500,,,,,,,7,230,1448,3.7,160,1710,.9,784,90,17.3,44,1720,73.9,19.8,978.1,1009.1,2400,1003.5,1458,1006,14.7,10.1,1300,2.32,18.86,,,,,,6.4,3,26.5,14.8,,,,,,,,,,,,,-{박무}-{시정(미만)}{1km}{안개}0220-{안개}{강도0}0300-{안개}{강도0}0600-{시정(이상)}{1km}{박무}0825-{박무}{강도1}0900-{박무}{강도1}1200-{박무}{강도0}1500-{박무}{강도0}1800-{박무}{강도0}2100-{박무}{강도0}2400,6.08
135,추풍령,1998-06-18,21.5,15.4,507,26.9,1518,,,,,,,6.5,160,1517,3.7,160,1530,.7,632,110,16.6,49,1345,74.6,19,978.4,1009.9,556,1003.9,1757,1006.5,14.7,6,1100,2.24,15.71,,,,,,8,6.4,25.9,12.9,,,,,,,,,,,,5.4,-{박무}-{박무}{강도0}0300-{박무}{강도1}0600-0840.{박무}1920-{박무}{강도0}2100-{박무}{강도0}2400,
135,추풍령,1998-06-19,19.3,17.2,2305,22.9,1550,10.52,1.8,1710,2.4,1648,8.8,5.7,270,1345,4.3,270,1340,1,866,270,17.3,71,1455,88.3,19.8,976,1008,2400,1002,950,1004.1,14.7,0,1245,1.18,6.16,,,,,,9.3,4.6,22.1,16,,,,,,,,,,,,3.4,{비}0250-{비}{강도0}0300-{비}{강도0}0600-{비}{강도0}0900-{비}{강도0}1200-1225.{소나기}1648-1744.-{박무}-{박무}{강도0}0300-{박무}{강도2}0600-{박무}{강도1}0900-{박무}{강도0}1200-{박무}{강도0}1500-1532.{박무}1650-{박무}{강도0}1800-{박무}{강도0}2100-{박무}{강도0}2400,
135,추풍령,1998-06-20,21.6,15.4,547,27.6,1608,,,,,,,5.1,110,1233,3,160,1600,.8,661,110,16.5,48,1613,74.5,18.9,982.5,1012.3,2253,1007.9,10,1010.6,14.7,8,1445,2.51,18.56,,,,,,8.8,7.8,25.4,13.8,,,,,,,,,,,,,-{박무}-{박무}{강도0}0300-{시정(미만)}{1km}{안개}0340-{시정(미만)}{0.5km}{안개}0520-{안개}{강도1}0600-{시정(이상)}{0.5km}{안개}0740-{시정(이상)}{1km}{박무}0810-0830.{박무}2010-{박무}{강도0}2100-{박무}{강도0}2400,4.5
135,추풍령,1998-06-21,20.3,17.8,2350,23,1621,,,,,,,9,50,1845,3.7,50,1900,1.7,1504,70,16.6,67,1551,79.3,18.9,983.5,1013.6,2325,1010.2,1548,1011.9,14.7,1,900,1.33,11.75,,,,,,9.4,5.9,23,14.8,,,,,,,,,,,,,-{박무}-{박무}{강도0}0300-{박무}{강도0}0600-{박무}{강도0}0900-{박무}{강도0}1200-1325.,
135,추풍령,1998-06-22,20.2,15.3,2400,26.7,1429,,,,,,,9.3,320,1247,4.3,320,1450,2.2,1908,70,13.5,44,1648,66.9,15.6,986.3,1018.1,2354,1013,49,1014.7,14.7,10.5,1200,2.89,23.28,,,,,,5,2.4,24.9,11.9,,,,,,,,,,,,,,
135,추풍령,1998-06-23,19.5,13.3,255,24.8,1604,,,,,,,7.2,70,859,4.3,110,2020,1.9,1672,110,13.8,55,1314,71.1,15.9,986.9,1017.9,0,1012.6,1758,1015.4,14.7,6.6,900,2.05,15.59,,,,,,5.6,4,23.5,11,,,,,,,,,,,,,,
135,추풍령,1998-06-24,18.3,16.1,430,21.6,1340,2.62,.4,1420,.6,1420,.6,5.3,70,59,3.7,140,1440,1.4,1184,70,16.1,76,1341,87,18.4,985.2,1015.6,36,1012.1,1803,1013.8,14.7,0,1300,.95,5.47,,,,,,10,5.4,21.3,15.8,,,,,,,,,,,,32.5,{비}1142-{비}{강도0}1200-1220.{소나기}1410-1434.{비}1450-{비}{강도0}1500-1625.{박무}1125-{박무}{강도0}1200-{박무}{강도1}1500-{박무}{강도0}1800-{박무}{강도0}2100-{박무}{강도0}2400,
135,추풍령,1998-06-25,20.8,18.5,532,22.6,1347,19.5,3.6,222,11.3,150,41.6,4.8,140,350,3.3,160,1130,.6,485,140,19.3,90,1400,91.5,22.5,981.8,1013.9,32,1006.7,2400,1010,14.7,0,845,.78,4.49,,,,,,10,6.6,21.7,18.2,,,,,,,,,,,,16.7,{비}0050-{비}{강도1}0300-{비}{강도0}0600-{비}{강도0}0900-0910.{비}1010-{비}{강도0}1200-1210.{비}1450-{비}{강도0}1500-{비}{강도0}1800-{비}{강도0}2100-{비}{강도0}2400--{박무}-{박무}{강도0}0300-{박무}{강도0}0600-0810.{박무}1340-{박무}{강도0}1500-{박무}{강도0}1800-{박무}{강도0}2100-{박무}{강도0}2400,
135,추풍령,1998-06-26,21.6,20,2352,23.1,1502,8.1,1.6,640,5,1002,13.1,11.2,250,1020,6.7,250,1040,1.5,1296,250,18.7,64,1627,83.6,21.6,979.5,1010.7,2300,1004.6,614,1007.6,14.7,0,1300,1.26,6.38,,,,,,10,4.1,22.9,19,,,,,,,,,,,,48.3,-{비}-0140.  -{박무}-0045.  {비}0510-{비}{강도0}0600-{비}{강도0}0900-0926.  {비}0950-1145.  {박무}0720-{박무}{강도0}0900-1010.  {무지개}1915-1940.  {소나기}2020-2035.,
135,추풍령,1998-06-27,21.9,18.3,650,25.8,1545,9.5,5.8,459,15.5,432,45.5,5.4,250,1425,4,270,1450,.6,546,200,19.8,77,1546,87.9,23.1,983.4,1013.1,514,1010.2,1540,1011.5,14.6,0,1445,1.22,7.74,,,,,,10,5.3,23.4,17.8,,,,,,,,,,,,26.3,{비}0240-{비}{강도0}0300-{비}{강도1}0600-0730.  {비}1920-{비}{강도0}2100-{비}{강도0}2400-  {천둥}{강도0}(SW)0503-0515.  {박무}0310-0535.,
135,추풍령,1998-06-28,22.8,20.6,655,26.9,1554,11.3,1.9,200,7.8,155,23.6,7.2,250,1345,4.5,250,1400,1.4,1176,250,20.2,70,1335,85.9,23.7,982,1011.3,0,1008.5,1615,1010,14.6,3.3,1215,2.05,10.15,,,,,,8.1,4.6,24.9,20.1,,,,,,,,,,,,.6,-{비}-{비}{강도1}0300-{비}{강도0}0600-0800. {비}0830-{비}{강도0}0900-1055. {비}1130-{비}{강도0}1200-1223. {박무}0520-{박무}{강도0}0600-0725.,
135,추풍령,1998-06-29,25.1,21.2,320,30.8,1530,,,,,,,6.9,270,42,5,270,20,1.5,1333,270,21.1,58,1309,79,25.1,982.4,1012.1,648,1007.6,1553,1010.2,14.6,11.4,1130,2.64,18.6,,,,,,6.6,5.5,28,19.7,,,,,,,,,,,,,{박무}0350-{박무}{강도0}0600-{박무}{강도0}0900-1140.  {박무}1820-{박무}{강도1}2100-{박무}{강도0}2400-,
135,추풍령,1998-06-30,23.5,21.1,450,27,1114,7.25,3.1,1537,11.5,1730,26.2,9,50,1940,3.7,50,1940,.8,710,160,21.4,78,1120,88.3,25.6,979.9,1010.9,0,1004.7,2353,1007.8,14.6,0,1030,.69,4.06,,,,,,9.6,6.1,25.4,19.8,,,,,,,,,,,,28.1,-{박무}-{박무}{강도1}0300-{박무}{강도1}0600-{박무}{강도0}0900-{박무}{강도0}1200-{박무}{강도0}1500-{박무}{강도0}1800-1950.  {비}1435-{비}{강도0}1500-{비}{강도1}1800-{비}{강도0}2100-2150.,
135,추풍령,1998-07-01,22.5,21.5,1707,24.3,857,16,.4,320,.9,320,2.9,12.3,270,1955,6.7,270,1910,2.2,1929,270,20.4,82,1320,87.9,24,976.4,1008.5,2345,1001.1,710,1004.2,14.6,0,1330,.59,2.72,,,,,,10,6.1,23.7,20.7,,,,,,,,,,,,6.5,{비}0020-0120.  {비}0320-{비}{강도0}0600-0730.  {비}0830-{비}{강도0}0900-{비}{강도0}1200-{이슬비}1428- {이슬비}{강도0}1500-{비}1545-{비}{강도0}1800-1920.,
135,추풍령,1998-07-02,22.5,19.6,529,25.3,1502,6.2,7,1209,11.5,1204,17.6,13.1,250,1206,7.7,250,1200,.8,711,270,20.5,75,1548,88.6,24.2,979.4,1008.6,1320,1006,1130,1007.3,14.6,.5,1400,1.4,4.71,,,,,,9.1,5.4,23.7,17.2,,,,,,,,,,,,17.1,{비}0728-{비}{강도1}0900-{비}{강도0}1200-{소나기}1204-{비}1245-1340.  {박무}0920-{박무}{강도0}1200-1220    {천둥}{강도0}(N)1205-{뇌전}{강도0}(N 3-4)1215-{뇌전}{강도0}(N{이동}NE 3-4)1218-{뇌전}{강도0}(NE{이동}E 5-6)1240-1250.,
135,추풍령,1998-07-03,24.1,21.2,2355,26.7,1335,5.1,1.9,2348,6.1,2300,11.8,9.5,360,1020,5.3,360,1030,2,1717,360,21.1,73,953,83.5,25.1,982.2,1013,2342,1006,136,1010.1,14.6,4,1015,2.15,12.11,,,,,,9.3,5.6,25.7,20.3,,,,,,,,,,,,22.3,{소나기}0057-0130.  {비}0204-{비}{강도0}0300-0440.  {번개}{강도0}(S)0112-0125.  {박무}0110-{박무}{강도0}0300-0435.  {소나기}2103-2140.  {비}2240-{비}{강도1}2400-  {박무}2220-{박무}{강도0}2400-,
135,추풍령,1998-07-04,21.7,19.1,510,27.3,1723,7.77,4,230,8.2,205,20.5,5.3,270,30,3.3,270,30,.3,291,320,19.1,59,1723,85.8,22.1,985.6,1015.5,1200,1012.2,1805,1013.8,14.6,3.1,1545,1.15,6.19,,,,,,7.6,4.3,24.1,18.7,,,,,,,,,,,,5,-{비}-{비}{강도1}0300-0435.  {비}0934-1035.  {비}1058-{비}{강도0}1200-1240.  {소나기}1315-1343. -{박무}-{박무}{강도0}0300-0430.  {박무}0950-1140.,
135,추풍령,1998-07-05,24.6,19.4,122,30.6,1535,,,,,,,8,320,1105,5,320,1050,1.3,1112,320,20,51,1336,76.8,23.3,986.8,1016,910,1013.1,1504,1014.7,14.6,9.6,1130,2.61,19.16,,,,,,6,3.9,28,17.5,,,,,,,,,,,,,{박무}0340-{시정(미만)}{1km}{안개}0542-{안개}{강도0}0600-{시정(이상)}{1km}{박무}0638-0740.  {박무}2040-{박무}{강도0}2100-{박무}{강도0}2400-,.93
135,추풍령,1998-07-06,26.1,21,520,32.6,1445,,,,,,,6.8,250,1537,3.5,270,1545,.2,202,180,21.3,52,1538,75.9,25.4,985.9,1015.8,0,1011.7,1807,1013.7,14.6,7.1,1100,2.45,17.74,,,,,,6.3,4.5,28.8,20.6,,,,,,,,,,,,,-{박무}-{박무}{강도0}0300-0520.,
135,추풍령,1998-07-07,26.1,20.2,613,31.3,1641,,,,,,,11,290,1331,6.7,290,1330,1.2,1064,270,20.6,54,1332,72.6,24.3,982.9,1013.4,0,1008,1751,1010.6,14.6,11.7,1100,2.2,15.69,,,,,,5.1,2.6,28.9,18.7,,,,,,,,,,,,,,
135,추풍령,1998-07-08,27.3,23.4,34,29.9,1225,,,,,,,11.9,250,1147,6.7,250,1150,4.1,3518,250,21.8,62,1238,71.8,26.1,980.5,1009.8,0,1006.1,1620,1008,14.5,3.6,1023,2.56,13.86,,,,,,8.4,4.9,27.9,21,,,,,,,,,,,,,,
135,추풍령,1998-07-09,27.2,25.3,459,30.7,1323,,,,,,,13.7,270,1130,6.7,250,100,3.9,3361,270,22.2,60,1508,74.5,26.8,980.3,1008.9,917,1006.9,1808,1007.8,14.5,1.8,1200,2.82,16.07,,,,,,7.6,4.8,29.6,23,,,,,,,,,,,,,,
135,추풍령,1998-07-10,25.6,24,2230,28.3,1326,4.02,1,1618,3.8,1600,7.5,12,270,137,6.7,270,50,3,2595,270,22.6,77,50,83.9,27.5,978.8,1007.8,46,1005.3,2340,1006.4,14.5,.3,1230,1.01,3.45,,,,,,9.6,3.6,26.1,22.6,,,,,,,,,,,,10.8,{비}0954-1003.  {비}1428-{비}{강도0}1500-1750.  {비}1920-1950.,
135,추풍령,1998-07-11,23.7,22.4,1320,25.3,256,11.73,1.2,1022,3.7,1010,14.9,6.9,270,228,4,270,300,.9,801,270,22,82,335,90.3,26.5,978,1007.4,2300,1004.7,305,1005.7,14.5,0,1700,.49,2.58,,,,,,9.6,5.6,24.6,22.1,,,,,,,,,,,,11.6,{비}0540-{비}{강도0}0600-{비}{강도0}0900-{비}{강도0}1200-{비}{강도0}1500-1724. {박무}1020-{박무}{강도0}1200-{박무}{강도0}1500-1710. {박무}2307-{박무}{강도0}2400-,
135,추풍령,1998-07-12,22.4,20.5,2400,25.3,1450,.33,0,,0,,0,7,70,2103,2.8,70,2340,1.1,970,70,20.4,75,1342,88.6,24.1,981.9,1012.3,2354,1007.2,47,1010,14.5,0,1200,1.3,5.19,,,,,,10,6.5,25,20,,,,,,,,,,,,0,-{박무}-{박무}{강도2}0300-{박무}{강도2}0600-{박무}{강도1}0900-1120.  {비}1150-{비}{강도0}1200-1210.,
135,추풍령,1998-07-13,21,19.2,556,25,1429,,,,,,,6.3,140,759,3,140,800,1,900,90,18,67,1434,83,20.6,984.7,1014.6,930,1011.8,1700,1013,14.5,.3,1345,1.67,6.82,,,,,,9.4,5.6,25.2,18.1,,,,,,,,,,,,,,
135,추풍령,1998-07-14,21.1,17.4,550,24.4,1503,3.53,1.2,2242,4.2,2200,8,8.3,70,2245,3,70,2300,1.4,1207,70,18.1,70,1048,82.4,20.9,983.2,1014.2,615,1009.4,2024,1011.4,14.4,1.8,1000,1.51,10,,,,,,9.3,4.6,24.8,16.2,,,,,,,,,,,,88.7,{비}2028-{비}{강도0}2100-{비}{강도0}2400-  {박무}1840-{박무}{강도0}2100-{박무}{강도0}2400-,
135,추풍령,1998-07-15,20.9,19.1,653,23.1,1227,9.13,7,207,30.6,142,80.7,7.7,50,831,3,90,350,1.1,946,70,19.1,83,1218,89.5,22.1,977.3,1009.4,0,1002.6,1730,1005.3,14.4,.4,1000,2.04,6.87,,,,,,10,5.1,22.4,18.9,,,,,,,,,,,,4.1,{천둥}{강도0}(S)0009-0022. -{비}-{비}{강도2}0300-{비}{강도2}0600-0738. {이슬비}1855-1940. {이슬비}2315-{이슬비}{강도0}2400-  -{박무}-{박무}{강도0}0300-{박무}{강도0}0600-{박무}{강도0}0900-0930. {박무}1830-{박무}{강도0}2100-{박무}{강도0}2400-,
135,추풍령,1998-07-16,21.6,20.2,2400,24.8,1603,9.43,.6,820,2,732,5,8.5,50,2300,3.7,70,2130,1.2,1015,70,19.6,83,1555,88.5,22.9,974.5,1004,2400,1000.9,1503,1002.4,14.4,0,1000,.86,4.37,,,,,,10,5.5,23.5,19.5,,,,,,,,,,,,.9,-{이슬비}-0145.  {이슬비}0332-{비}0545-{비}{강도0}0600-{비}{강도0}0900-1113.  -{박무}-{박무}{강도0}0300-{박무}{강도0}0600-0630.,
135,추풍령,1998-07-17,21.4,18.6,630,25.4,1553,,,,,,,7.8,70,1315,3,70,1340,1.6,1397,90,17.6,66,1021,78.5,20.1,976.5,1005.8,2220,1003.4,310,1004.5,14.4,2.6,950,2.05,10.91,,,,,,9,5.3,24.7,18.4,,,,,,,,,,,,,,
135,추풍령,1998-07-18,20,18.5,2300,22.1,1502,7.78,2.9,1929,4.5,1900,8.2,8.9,70,1929,4.7,140,1730,1.7,1441,90,18,83,1123,88.8,20.7,974.7,1005.8,23,999.9,2352,1002.7,14.4,0,1000,.61,3.06,,,,,,10,5.9,22.4,17.9,,,,,,,,,,,,11.6,{박무}1425-{박무}{강도0}1500-{박무}{강도0}1800-{박무}{강도0}2100-{박무}{강도0}2400-{이슬비}1613-{비}1723-{비}{강도0}1800-{비}{강도0}2100-{비}{강도0}2400,
135,추풍령,1998-07-19,22.2,18.3,600,27.4,1525,4.25,1,40,1.7,0,3.4,9.7,270,1743,7,270,1730,2.3,1994,270,19.1,62,1533,82.9,22.1,970,1000.3,2353,995.9,1500,997.7,14.3,4.9,1345,2.44,14.44,,,,,,7.4,5.5,25,17.8,,,,,,,,,,,,,-{비}-{비}{강도0}0300-0415.-{박무}-{박무}{강도0}0300-{박무}{강도0}0600-{박무}{강도0}0900-1025.,
135,추풍령,1998-07-20,23.9,16.7,610,29.8,1445,,,,,,,4.5,250,45,3,250,50,.4,321,160,20,56,1452,80,23.5,973.2,1002.7,2320,999.5,1650,1000.9,14.3,9.2,1215,2.1,16.19,,,,,,4.8,2.1,27.4,14.5,,,,,,,,,,,,,{박무}2040-{박무}{강도0}2100-{박무}{강도0}2400-{햇무리}1145-1410.,
135,추풍령,1998-07-21,22.5,20.4,2200,25.4,1420,1.2,17,1611,26.1,1601,26.1,14.1,140,1614,8,140,1630,.8,672,110,20.8,80,1038,90.1,24.6,976.2,1006.6,2340,1002.4,0,1004.1,14.3,.8,1000,.95,4.73,,,,,,9.6,5,24.7,19.2,,,,,,,,,,,,35.8,-{박무}-{박무}{강도0}0300-{박무}{강도1}0600-{박무}{강도1}0900-{박무}{강도0}1200-{박무}{강도0}1500-1620.{소나기}1448-{소나기}{강도0}1500-1503.{소나기}1601-1658.{천둥}{강도0}(SE)1403-1418.,
135,추풍령,1998-07-22,21.7,19.8,343,24.9,1612,4.58,2.1,148,7.6,140,9.7,5.8,110,752,2.8,110,1510,1.2,1018,110,19.6,76,1700,88.3,22.9,978.8,1008.5,2140,1005.8,1633,1006.9,14.3,.3,1445,1.54,5.57,,,,,,9.3,5,24.3,19.7,,,,,,,,,,,,,{소나기}0100-{소나기}{강도1}0300-{비}0305-0535.{천둥}{강도0}(NW)0107-0125.{천둥}{강도0}(SW)0142-{뇌전}{강도0}(SW3~4)0148-{뇌전}{강도0}(SW{이동}S3~4)0204-{천둥}{강도0}(S)0217-0245.{박무}0420-{박무}{강도0}0600-0720.,
135,추풍령,1998-07-23,23.3,19,545,28.5,1615,,,,,,,7,230,1515,3.7,200,1500,1.3,1154,110,19.7,64,1232,80.5,22.9,980.5,1010,2300,1006.5,1714,1008.5,14.3,4.3,1400,2.11,13.4,,,,,,5.6,4.1,26.7,17.5,,,,,,,,,,,,,,
135,추풍령,1998-07-24,22.2,20.6,550,26.5,1537,,,,,,,10.1,140,1317,4.5,110,1530,2.4,2076,110,18.4,61,1557,78.9,21.1,981.1,1010.5,2206,1007.1,1653,1009.1,14.2,3,1315,2.67,12.71,,,,,,9.1,5.3,26.5,19.8,,,,,,,,,,,,,,
135,추풍령,1998-07-25,21,20,2400,22.4,1415,11.82,1.4,1430,4.2,1600,13,9.3,140,1545,3.5,140,1600,2.3,1948,90,19.2,79,55,89.5,22.3,978.5,1010.9,100,1003.8,1750,1006.5,14.2,0,1330,.72,3.28,,,,,,10,6,23.5,19.8,,,,,,,,,,,,14,{비}1035-{비}{강도0}1200-{비}{강도1}1500-{비}{강도0}1800-1820.{비}1956-{비}{강도0}2100-{비}{강도0}2400,
135,추풍령,1998-07-26,21.5,19.8,28,23,1410,11.15,.3,155,.6,140,1.2,8,90,15,3.3,90,20,1.5,1261,90,19.8,85,950,90.1,23.1,974.8,1004.7,0,1001.5,1650,1002.7,14.2,0,915,.6,3.79,,,,,,10,5,24.1,19.7,,,,,,,,,,,,.2,-{비}-0040.{비}0140-{비}{강도0}0300-{비}{강도0}0600-0620.{비}0709-0743.{이슬비}1105-{이슬비}{강도0}1200-{이슬비}{강도0}1500-1620.{박무}1040-{박무}{강도0}1200-{박무}{강도0}1500-1625.,
135,추풍령,1998-07-27,23.9,20.8,250,28.9,1511,1.17,1.5,1850,2.6,1830,2.6,5.1,50,843,4.3,320,1050,1.4,1207,50,20.4,59,1400,81.1,24,975.4,1004.2,2150,1001.8,1559,1003.1,14.2,4.3,1130,3.08,15.61,,,,,,8.4,4.3,26.5,20.2,,,,,,,,,,,,2.6,{소나기}1825-1935.{무지개}1925-1931.,
135,추풍령,1998-07-28,23.6,21.2,553,29,1530,1.92,.1,,.2,,.2,5.9,340,1057,4.5,340,730,1.5,1325,360,21,65,1535,85.6,24.9,977.1,1006.2,2400,1003.3,1520,1004.9,14.1,2.2,945,2.13,10.25,,,,,,8.1,4.9,25.7,20.4,,,,,,,,,,,,.2,{비}1625-{비}{강도0}1800-1820.,
135,추풍령,1998-07-29,25.4,20.6,530,30.8,1528,.25,.3,1825,.3,,.3,2.6,230,1450,2,230,1500,.2,178,230,22,56,1400,82.3,26.5,978.3,1007.1,1010,1004.5,1721,1006,14.1,5.7,1030,2.81,16.63,,,,,,6,3.4,27.8,19.3,,,,,,,,,,,,1.6,{소나기}1825-1840.{박무}2025-{박무}{강도0}2100-{박무}{강도0}2400,
135,추풍령,1998-07-30,24.3,22.5,650,27.8,1633,.27,1.3,320,1.3,,1.3,3.6,230,1641,1.8,200,1600,.3,250,140,22.1,78,1600,88,26.7,981,1010.2,1036,1006.7,0,1008.8,14.1,.4,1345,1.21,5.47,,,,,,9.5,4.3,26.8,22.3,,,,,,,,,,,,,{소나기}0320-0336.-{박무}-{박무}{강도0}0300-{박무}{강도1}0600-{박무}{강도2}0900-{박무}{강도1}1200-{박무}{강도0}1500-1725.{박무}1826-{박무}{강도0}2100-{박무}{강도0}2400,
135,추풍령,1998-07-31,23,22.4,2100,24.3,1453,7.58,1.4,2320,6.7,2247,9.9,8.6,180,2203,3.3,180,2300,1.3,1149,140,21.2,83,1458,89.5,25.2,980.1,1010.8,823,1003.3,2350,1008.1,14,0,800,.42,1.85,,,,,,10,5.3,25.2,21.8,,,,,,,,,,,,39.5,-{박무}-{박무}{강도0}0300-{박무}{강도0}0600-{박무}{강도0}0900-{박무}{강도0}1200-{박무}{강도0}1500-{박무}{강도0}1800-{박무}{강도0}2100-{박무}{강도0}2400-{비}1625-{비}{강도0}1800-{비}{강도0}2100-{비}{강도1}2400,
135,추풍령,1998-08-01,25.4,23.1,0,30.4,1242,7.75,2.4,610,8.3,540,30.7,7.5,360,1632,4.7,360,1640,.7,603,320,22.7,65,1322,85.9,27.7,976.1,1006.1,2350,1002.3,1240,1003.7,14,1.8,1145,2.21,9.69,,,,,,8.9,4.8,26.2,22.7,,,,,,,,,,,,1.1,-{박무}-{박무}{강도0}0300-{박무}{강도0}0600-0830.{박무}2030-{박무}{강도0}2100-{박무}{강도0}2400--{비}-{비}{강도0}0300{비}{강도0}0600-0725.{비}0930-0950.,
135,추풍령,1998-08-02,25.1,22.1,504,29.9,1630,.92,.4,1220,1,1153,1,5.3,250,1713,3.2,250,1800,.4,310,230,22.9,66,1630,87.5,28,980.5,1010.2,2400,1006,50,1008.2,14,1.9,1345,2.1,11.18,,,,,,8.6,6.3,28.1,20.6,,,,,,,,,,,,5.5,-{박무}-{박무}{강도0}0300-{박무}{강도2}0600-{시정(미만)}{1km}{안개}0610-{시정(미만)}{0.5km}{안개}0620-{시정(미만)}{0.2km}{안개}0625-{시정(이상)}{0.2km}{안개}0730-{시정(이상)}{0.5km}{안개}0732-{시정(이상)}{1km}{박무}0740-{박무}{강도0}0900-{박무}{강도0}1200-1410.{비}1153-{비}{강도0}1200-1248.,1.5
135,추풍령,1998-08-03,25,22,2400,30.3,1445,9.37,7.8,2148,21,2000,32.4,9.7,360,2042,4.7,360,2040,.6,560,340,22.8,66,1430,88.1,27.9,983.5,1013.6,2105,1009.9,1545,1011.3,14,.9,1345,1.67,8.34,,,,,,8.9,4.6,27.1,21,,,,,,,,,,,,27.9,{비}0211-{비}{강도0}0300-0420.{비}0812-{비}{강도0}0900-1030.{소나기}1715-{비}1735-{비}{강도0}1800{비}{강도2}2100-2210.{박무}0428-{박무}{강도0}0600-{박무}{강도0}0900-1120.{뇌전}{강도0}(NW5-6)2015-{뇌전}{강도1}(W3-4)2020-2030.{천둥}{강도0}(W)2125-2135.,
135,추풍령,1998-08-04,26.4,21,325,32.3,1719,,,,,,,3.2,340,1538,2.7,320,1600,.3,248,360,23.4,63,1700,83.6,29,983.8,1013.3,600,1008.9,1840,1011.6,13.9,5.7,1000,2.23,16.61,,,,,,5.6,3.8,29.4,20,,,,,,,,,,,,,,
135,추풍령,1998-08-05,26.9,22.5,548,31.2,1445,.22,.2,1845,.2,,.2,10,360,1329,6.3,340,1100,1.1,964,340,23,61,1230,80,28.1,980.7,1011.1,0,1005.9,1813,1008.2,13.9,4,1030,2.19,14.3,,,,,,5.4,4.6,28.8,21.9,,,,,,,,,,,,.2,{박무}0312-{시정(미만)}{1km}{안개}0425-{시정(미만)}{0.5km}{안개}0520-{안개}{강도1}0600-{시정(이상)}{0.5km}{안개}0635-{시정(이상)}{1km}{박무}0725-0743.{소나기}1715-1717.{소나기}1845-1856.,3
135,추풍령,1998-08-06,25.7,23.2,557,29.5,1308,1.27,.5,1520,1.1,1610,1.7,5.6,20,1355,3.8,20,1400,.4,322,20,22.9,69,1400,84.8,27.9,980,1009.8,2400,1006.6,520,1007.7,13.9,.3,1245,1.54,6.07,,,,,,8.1,5.5,27.6,23,,,,,,,,,,,,1.7,{소나기}0902-0912.{소나기}1512-1540.{소나기}1610-1648.,
135,추풍령,1998-08-07,27.2,23.2,340,32,1440,,,,,,,4.5,250,1210,2.3,250,1200,.3,263,140,24.3,66,1320,84.4,30.4,982,1011.1,2340,1008.3,1754,1009.6,13.8,3.8,945,2.14,13,,,,,,7.3,5.4,30,22.9,,,,,,,,,,,,3,{박무}0125-{시정(미만)}{1km}{안개}0235-{안개}{강도0}0300-{시정(이상)}{1km}{박무}0520-{박무}{강도0}0600-0735.,2.75
135,추풍령,1998-08-08,25.1,23.2,530,29.1,1510,3.92,1,823,1.2,800,3.1,5.3,110,2050,2,110,2100,.3,252,110,23.5,86,1512,90.6,29.1,981,1011.1,0,1006.4,1700,1008.7,13.8,0,1415,1.25,6.74,,,,,,10,3.9,28.4,23,,,,,,,,,,,,.1,{비}0330-0550.{비}0740-{비}{강도0}0900-0915.{박무}0410-{박무}{강도0}0600-{박무}{강도0}0900-1025.{천둥}{강도1}(N)1810-1825.,
135,추풍령,1998-08-09,24.8,23.5,420,26.4,1804,1.83,.2,1520,.3,1430,.3,5,360,607,3.3,360,620,.2,162,110,23.2,86,638,90.6,28.4,981.3,1011,1100,1007.7,603,1009,13.8,0,1300,.62,3.75,,,,,,9.8,4.5,26.6,23.3,,,,,,,,,,,,.6,{박무}0820-{박무}{강도1}0900-{박무}{강도0}1200-{박무}{강도0}1500-{박무}{강도0}1800-{박무}{강도1}2100-{박무}{강도0}2400- {비}1430-{비}{강도0}1500-1620.,
135,추풍령,1998-08-10,24.9,23.1,456,27.3,1640,1.3,1,930,4.1,855,4.3,3.5,140,1530,2.3,200,205,.2,210,140,23.2,81,1333,90.6,28.6,980.6,1010.3,1025,1006.3,1930,1008.3,13.7,0,1230,.98,4.82,,,,,,10,4.9,27,23,,,,,,,,,,,,5.5,-{박무}-{박무}{강도0}0300-{박무}{강도2}0600-{박무}{강도1}0900-{박무}{강도1}1200-1240.{비}0850-{비}{강도0}0900-1008.,
135,추풍령,1998-08-11,25,22,510,28.9,1525,5.15,4.6,1047,6.1,1045,13.8,6.3,250,1050,3.3,250,1040,.2,190,160,23.1,76,1450,88.9,28.3,978.6,1007,0,1004.8,1700,1006.2,13.7,.4,1345,1.39,4.1,,,,,,8.8,5.8,27.1,21.2,,,,,,,,,,,,25.8,{박무}0145-{시정(미만)}{1km}{안개}0240-{안개}{강도0}0300-{시정(이상)}{1km}{박무}0440-0455.{박무}0720-{박무}{강도0}0900-1120.{박무}2020-{박무}{강도0}2100-2230.{비}0650-0755.{소나기}0806-{비}0830-{비}{강도0}0900-1130.{비}1230-1310.{천둥}{강도0}(S)1045-1107.{번개}{강도0}(NW)2250-2340.{번개}{강도0}(N)2310,2
135,추풍령,1998-08-12,23,21.1,1115,25.2,1355,5.73,13.5,850,40,850,62.3,10.4,360,1720,5.8,360,1735,.6,476,50,21.7,82,1345,92.4,26,980.6,1012.5,1037,1006.6,114,1008.6,13.7,.2,1240,1.32,2.14,,,,,,9.8,5.4,24.3,20.2,,,,,,,,,,,,50.4,{소나기}0850-{소나기}{강도2}0900-{비}1035-{비}{강도0}1200-1235.{비}1340-1410.{소나기}1640-{비}1710-{비}{강도0}1800-1809.-{번개}-{뇌전}{강도0}(N6-7)0140-{뇌전}{강도1}(N4-5)0220-{뇌전}{강도0}(N{이동}NE4-5)0250-{뇌전}{강도0}(NE{이동}E4-6)0303-0410.{뇌전}{강도0}(NW3-4)0840-{뇌전}{강도2}(NW{이동}N2-3)0900-{뇌전}{강도0}(N{이동}NE3-4)0930-{뇌전}{강도0}(NE{이동}E6-8)1030-1050.{천둥}{강도0}(S)1410-1450.{천둥}{강도0}(N)1630-1650.{박무}0120-{박무}{강도0}0300-{박무}{강도0}0600-{박무}{강도1}0900-{박무}{강도0}1200-1320.,
135,추풍령,1998-08-13,23.3,21.3,310,26.7,1425,4.38,.5,1153,2,1153,4.7,6.1,340,1506,3.7,360,1750,.5,394,360,21.5,77,1544,89.6,25.7,979.5,1008.8,2140,1005.9,1505,1007.4,13.6,.2,1315,1.44,5.28,,,,,,7.6,3.3,25.6,19.8,,,,,,,,,,,,3.1,{비}0008-0223.{비}1102-{비}{강도0}1200-1310.{박무}0820-{박무}{강도0}0900-{박무}{강도0}1200-1403.,
135,추풍령,1998-08-14,24.5,20.3,654,28.6,1035,6.55,1.4,2320,4.7,2250,9.7,3.3,230,1259,2.5,230,955,.3,227,230,22.9,78,1215,90.8,28.1,980.2,1008.8,932,1007.1,2335,1008,13.6,1.2,900,1.7,7.44,,,,,,8.3,4.5,25.1,19.2,,,,,,,,,,,,69.2,{비}1310-1448. {비}1645-1728. {비}1948-{비}{강도0}2100-{비}{강도1}2400- {박무}0636-{시정(미만)}{1km}{안개}0640-{시정(이상)}{1km}{박무}0710-0725. {박무}1728-{박무}{강도0}1800-{박무}{강도0}2100-{박무}{강도0}2400-,.5
135,추풍령,1998-08-15,25.9,23.5,245,29.4,1220,9.13,9.5,650,33.7,610,64,10,360,921,7,360,1100,1.7,1503,360,23.6,71,1221,87,29.2,977.5,1007.1,0,1003.7,556,1005.2,13.6,1.2,1015,2.09,9.63,,,,,,9.5,4.8,26.5,23,,,,,,,,,,,,97.8,-{비}-0225. {비}0440-{비}{강도1}0600-{소나기}0620-{비}0710-0738. {비}1405-{비}{강도0}1500-1610. {소나기}2220-{소나기}{강도0}2400- -{박무}-{박무}{강도0}0300-{박무}{강도0}0600-0725. {박무}2150-{박무}{강도0}2400- {뇌전}{강도0}(S 6-7)2205-2215. {뇌전}{강도0}(S{이동}E 5-6)2235-{뇌전}{강도0}(E{이동}S 4-5)2310-{뇌전}{강도0}(S 3-4)2345.,
135,추풍령,1998-08-16,22.6,21.3,2400,25.2,25,16.22,6.2,650,25,600,106.1,5.8,320,105,3.3,320,30,.3,235,110,21.6,92,1425,93.6,25.8,977.9,1007.2,2245,1004.4,525,1005.8,13.5,0,1135,.39,1,,,,,,10,5.5,24.1,21,,,,,,,,,,,,13,-{소나기}-0059.{소나기}0220-{소나기}{강도1}0300-{비}0450-{비}{강도2}0600-{비}{강도0}0900-0905.{비}1002-1010.{비}1050-1108.{비}1250-{비}{강도0}1500-{비}{강도0}1800-2053.-{뇌전}-{뇌전}{강도0}(S{이동}SW3-4)0040.{뇌전}{강도0}(N4-5)0230-{뇌전}{강도1}(N{이동}NE2-3)0315-0350.-{박무}-{박무}{강도0}0300-0320.{박무}0540-{박무}{강도0}0600-0642.{박무}0958-{박무}{강도0}1200-{박무}{강도2}1500-{박무}{강도0}1800-{박무}{강도0}2100-2320.,
135,추풍령,1998-08-17,22.8,21.1,330,25.9,1522,3.87,.1,,.1,,.4,3.3,250,1508,2,250,1510,.3,222,230,21.2,82,1405,90.5,25.1,980.5,1010.6,2400,1006.6,150,1008.5,13.5,0,1515,1.05,6.89,,,,,,10,4.4,24.4,20.9,,,,,,,,,,,,23.6,{이슬비}0238-{이슬비}{강도0}0300-0315.{이슬비}0505-0540.{비}1730-{비}{강도0}1800-2010.{박무}0120-{박무}{강도0}0300-0338.{박무}0730-{박무}{강도0}0900-1020.{박무}1820-{박무}{강도0}2100-{박무}{강도0}2400,
135,추풍령,1998-08-18,22.1,21.2,740,24.2,1557,10.33,2,740,7.2,740,29.8,4.9,160,1037,2.2,160,1040,.3,243,140,20.9,87,1557,92.9,24.7,980.6,1010.6,0,1007.8,1540,1008.7,13.5,0,1515,.62,2.8,,,,,,9.1,5.1,24.1,20.8,,,,,,,,,,,,6.4,{비}0150-{비}{강도0}0300-{비}{강도1}0600-{비}{강도1}0900-1130.{이슬비}1640-1720.-{박무}-{박무}{강도2}0300-{박무}{강도0}0600-{박무}{강도1}0900-{박무}{강도0}1200-1320.{박무}1630-1730.,
135,추풍령,1998-08-19,23.9,21,706,28,1545,,,,,,,9,360,515,6.3,360,520,2.9,2472,360,19.3,54,1435,75.9,22.4,982.9,1013,2400,1009.1,1650,1010.8,13.4,3.9,1315,2.17,14.82,,,,,,4.3,2.4,25.7,19.2,,,,,,,,,,,,.1,{박무}0620-{박무}{강도0}0900-{박무}{강도0}1200-1320.{박무}1910-{박무}{강도0}2100-{박무}{강도0}2400,
135,추풍령,1998-08-20,23.9,20.2,2400,28.1,1525,1.97,0,,.1,,.1,9.6,360,255,6,360,310,2.4,2081,360,20.5,67,1530,81.4,24.1,983.9,1013.7,2400,1009.8,1600,1011.8,13.4,.3,1300,1.64,8.31,,,,,,6.6,4,25.1,18.6,,,,,,,,,,,,,-{박무}-{박무}{강도0}0300-{박무}{강도0}0600-{박무}{강도0}0900-{박무}{강도0}1200-{박무}{강도0}1500-{박무}{강도0}1800-{박무}{강도0}2100{박무}{강도0}2400- {비}0440-{비}{강도0}0600-0638.,
135,추풍령,1998-08-21,22.9,16.7,653,30.3,1537,,,,,,,4.7,360,930,3.7,360,940,.5,405,360,18.1,48,1455,76.4,20.8,985.7,1015.1,2330,1011.9,1150,1013.9,13.4,10.1,1150,2.88,17.85,,,,,,3.3,1.5,26.5,14.5,,,,,,,,,,,,0,-{박무}-{박무}{강도0}0300-0410.,
135,추풍령,1998-08-22,24.2,20.9,13,28.6,1540,1,0,,0,,0,4.7,90,1420,2,90,1410,.5,424,90,21.1,63,1542,83.1,25,985.4,1015.1,0,1011.9,1745,1013.4,13.3,1.6,1245,1.26,7.92,,,,,,8.9,3.4,26.9,19.6,,,,,,,,,,,,,{이슬비}0520-{이슬비}{강도0}0600-0620. {박무}0530-{박무}{강도0}0600-{박무}{강도0}0900-{박무}{강도0}1200-{박무}{강도0}1500-{박무}{강도0}1800-{박무}{강도0}2100-{박무}{강도0}2400,
135,추풍령,1998-08-23,23.2,21.8,600,25.6,1502,5.25,.5,1030,1.8,1027,3.5,4.3,90,40,2.3,90,210,.6,491,90,21.2,85,907,88.6,25.3,980.7,1013.1,0,1006.1,1555,1008.6,13.3,0,1300,.66,3.72,,,,,,9.9,5.4,25.1,21.5,,,,,,,,,,,,3.5,{비}1020-{비}{강도0}1200-1250.{비}1430-{비}{강도0}1500-1650.{비}1803-1828.-{박무}-{박무}{강도0}0300-{박무}{강도0}0600-{박무}{강도0}0900-{박무}{강도0}1200-{박무}{강도0}1500-1740.,
135,추풍령,1998-08-24,23.1,21.2,2345,26.3,1520,,,,,,,9.8,290,1645,6.3,290,1600,3.7,3204,290,18.3,60,1530,74.3,21,978.5,1007.8,0,1004.8,1754,1006.4,13.3,7.6,900,1.85,12.55,,,,,,5.3,3.8,25.5,19.9,,,,,,,,,,,,,,
135,추풍령,1998-08-25,22.2,19.2,620,26.8,1550,,,,,,,9,290,1446,5,320,750,1.9,1679,290,17.1,50,1546,73.8,19.5,978.4,1008,2344,1005.3,1543,1006.4,13.2,6.8,1300,1.47,11.39,,,,,,5.4,5.1,25.1,15.4,,,,,,,,,,,,,,
135,추풍령,1998-08-26,21.8,18.9,638,26,1550,,,,,,,5.5,320,337,4,320,500,1.7,1460,320,18.3,65,1715,80.6,21.1,979.9,1009.2,710,1006.6,1553,1008,13.2,4.6,940,1.63,10.56,,,,,,6.3,4.8,23,16.2,,,,,,,,,,,,,,
135,추풍령,1998-08-27,20.8,17.8,2400,25.6,1757,,,,,,,4.5,270,1057,3.8,270,1050,.6,502,270,17.7,61,1737,83,20.2,978.8,1008,0,1005.3,1800,1006.9,13.2,1.2,815,.88,5.61,,,,,,6,3.9,23.3,14.6,,,,,,,,,,,,,{박무}0540-{박무}{강도0}0600-0835.,
135,추풍령,1998-08-28,21.6,15.5,515,29.1,1512,,,,,,,5.7,20,2010,3.7,20,2020,.3,261,140,17.5,51,1510,78.9,20,978.9,1008.3,700,1004.5,1508,1007,13.1,8.3,1330,2.59,16.26,,,,,,4.6,3.4,26.1,13.4,,,,,,,,,,,,,{박무}0430-{박무}{강도1}0600-{시정(미만)}{1km}{안개}0730-{시정(이상)}{1km}{박무}0842-{박무}{강도1}0900-1040.  {뇌전}{강도0}(N 6-7)1950-2020.,1.2
135,추풍령,1998-08-29,22.4,18.7,0,28.2,1500,,,,,,,3.4,90,1213,1.3,90,1230,.2,177,50,17.6,48,1513,75.8,20.1,980.2,1009.6,2400,1006.1,1536,1008.3,13.1,6.3,1300,2.38,13.82,,,,,,5.3,2.8,27,16.9,,,,,,,,,,,,,{박무}0320-{박무}{강도0}0600-{박무}{강도0}0900-1020.,
135,추풍령,1998-08-30,21.7,17.6,642,26.7,1605,,,,,,,4,160,1357,2,160,1400,.4,364,140,17.4,56,1607,78.1,19.8,982.1,1011.6,2150,1008.8,1540,1010.2,13.1,7.5,1000,1.75,12.79,,,,,,5.9,3.5,25.2,14.9,,,,,,,,,,,,,,
135,추풍령,1998-08-31,21.8,16.5,507,27.7,1522,1.5,.6,2350,.8,2300,.8,4.7,50,1315,1.7,50,1320,.3,269,70,17.4,49,1638,77.6,19.9,983.4,1013.1,2345,1010.1,1650,1011.6,13,8.7,1200,1.99,14.33,,,,,,6.3,3.8,24.8,13.6,,,,,,,,,,,,1.3,{박무}0440-{박무}{강도1}0600-{시정(미만)}{1km}{안개}0630-{시정(미만)}{0.5km}{안개}0650-{시정(이상)}{0.5km}{안개}0800-{시정(이상)}{1km}{박무}0810-{박무}{강도0}0900-0930. {비}2230-{비}{강도0}2400-,1.5
135,추풍령,1998-09-01,21.1,17.2,635,28,1643,2,.2,,.4,130,.5,10.8,160,1702,5.7,70,1730,.3,234,70,17.2,55,1655,79.5,19.7,983.7,1013.6,710,1009.6,1705,1012,13,6.9,1100,2.34,15.85,,,,,,6.8,4.6,26.1,15,,,,,,,,,,,,,-{비}-0040.  {비}0120-0240.  {박무}0450-{박무}{강도0}0600-{박무}{강도0}0900-1020.,
135,추풍령,1998-09-02,20.6,15.7,540,27.9,1535,,,,,,,6.1,230,1213,4,230,1100,.9,745,230,16.3,45,1500,78.5,18.6,983.6,1013.1,2400,1009.6,1555,1011.9,12.9,6.4,1120,2.55,14.85,,,,,,5.1,4.8,25.3,13.1,,,,,,,,,,,,,{박무}0410-{시정(미만)}{1km}{안개}0520-{안개}{강도0}0600-{안개}{강도0}0900-{시정(이상)}{1km}{박무}0940-1120.,4.33
135,추풍령,1998-09-03,21,15.8,335,27.9,1443,,,,,,,6,250,930,4.3,230,940,1.1,993,230,15,35,1510,71.5,17.1,984.2,1013.7,2400,1010.8,1505,1012.5,12.9,10.2,1215,2.14,13.04,,,,,,4.3,2.6,25,12.3,,,,,,,,,,,,,{박무}0450-{박무}{강도0}0600-0715.,
135,추풍령,1998-09-04,21.5,15.1,643,29.5,1625,,,,,,,5.9,360,1130,4,360,1000,.7,643,340,15.2,35,1330,70.6,17.3,983.3,1013.7,740,1008.9,1633,1011.5,12.9,10.9,1030,2.08,13.34,,,,,,.6,.4,25.5,11.6,,,,,,,,,,,,,,
135,추풍령,1998-09-05,21.4,15.9,620,27.2,1535,,,,,,,6.5,90,2040,3.5,20,1630,.5,440,20,16,44,1625,72.4,18.2,980.6,1011,117,1005.6,1615,1008.7,12.8,4.7,1000,1.67,11.19,,,,,,7.4,3.9,24.2,12.8,,,,,,,,,,,,,,
135,추풍령,1998-09-06,23,17.6,210,30.3,1612,,,,,,,7,50,957,4,50,1000,.9,768,20,17.1,41,1546,72.1,19.6,979.9,1009.7,0,1005.4,1750,1007.8,12.8,6.8,1145,2.52,18.49,,,,,,3.5,2.4,28,13.6,,,,,,,,,,,,,,
135,추풍령,1998-09-07,21.4,16,650,27.5,1314,.15,.1,,.1,,.1,8,50,1308,5,50,1300,1.4,1229,50,17.9,54,1650,81.4,20.5,980.3,1010.2,2400,1005.9,1358,1008.4,12.8,8.6,1030,1.91,10.55,,,,,,5.3,4,23.3,12.8,,,,,,,,,,,,.1,{소나기}1421-1430.{박무}0420-{시정(미만)}{1km}{안개}0510-{시정(미만)}{0.5km}{안개}0520-{안개}{강도1}0600-{시정(이상)}{0.5km}{안개}0720-{시정(이상)}{1km}{박무}0740-{박무}{강도0}0900-1020.{박무}1940-{박무}{강도0}2100-{박무}{강도0}2400,2.5
135,추풍령,1998-09-08,23.9,17.7,528,30.4,1504,,,,,,,8.3,50,1807,4,50,1410,1.1,987,50,19.7,52,1532,78.8,23,982.3,1011.8,2400,1008.6,1557,1010.2,12.7,8.1,1115,2.2,14.11,,,,,,4.5,3.9,26.7,12.6,,,,,,,,,,,,,-{박무}-{박무}{강도1}0300-{박무}{강도1}0600-{박무}{강도1}0900-{박무}{강도0}1200-{박무}{강도0}1500-{박무}{강도0}1800-{박무}{강도0}2100-{박무}{박무}{강도1}2400,
135,추풍령,1998-09-09,24.4,19.8,555,32.4,1513,,,,,,,3.1,160,1621,1.8,160,1630,.1,116,20,19.7,42,1420,77.3,22.9,984.9,1015.8,2400,1010.9,1530,1012.9,12.7,6.4,1230,2.26,14.63,,,,,,4.9,4.4,28.3,15.7,,,,,,,,,,,,,-{박무}-{시정(미만)}{1km}{안개}0120-{시정(미만)}{0.5km}{안개}0240-{안개}{강도1}0300-{시정(이상)}{0.5km}{안개}0520-{안개}{강도0}0600-{안개}{강도0}0900-{시정(이상)}{1km}{박무}0940-{박무}{강도0}1200-{박무}{강도0}1500-{박무}{강도0}1800-2010.,8.33
135,추풍령,1998-09-10,24.7,18.2,640,32.9,1607,,,,,,,5.3,250,1114,3.7,250,1140,.3,233,250,19.5,41,1614,75.1,22.8,987.3,1016.5,750,1013.4,1630,1015.3,12.6,10.5,1215,2.27,14.78,,,,,,2.9,1.1,27.8,13.6,,,,,,,,,,,,,{박무}0535-{박무}{강도0}0600-{박무}{강도0}0900-1025.{박무}2020-{박무}{강도0}2100-{박무}{강도0}2400,
135,추풍령,1998-09-11,24.3,20,2400,32.3,1602,,,,,,,6,250,928,4,250,950,1.1,934,250,19.4,35,1655,76.4,22.6,986.5,1016.2,0,1012.4,1603,1014.5,12.6,9.7,1400,1.97,13.93,,,,,,3.5,.9,27.7,16.2,,,,,,,,,,,,,-{박무}-{박무}{강도0}0300-{박무}{강도0}0600-{박무}{강도2}0900-{박무}{강도2}1200-{박무}{강도0}1500-1540.{박무}2320-{박무}{강도0}2400,
135,추풍령,1998-09-12,23.7,16.6,700,32.8,1403,,,,,,,4.1,140,1152,1.7,140,1230,.2,149,160,18.9,44,1425,76.8,22,987.1,1017,2400,1012.9,1650,1015.2,12.6,10.2,1230,2.22,15.61,,,,,,2.1,1.8,27.7,12.9,,,,,,,,,,,,,-{박무}-{박무}{강도0}0300-{시정(미만)}{1km}{안개}0450-{시정(미만)}{0.5km}{안개}0525-{안개}{강도1}0600-{시정(이상)}{0.5km}{안개}0740-{시정(이상)}{1km}{박무}0835-{박무}{강도0}0900-{박무}{강도0}1200-1240.,3.75
135,추풍령,1998-09-13,23.3,17.7,637,30.1,1450,,,,,,,5.2,160,912,2.2,140,950,.3,260,90,18.1,48,1550,75.3,20.8,987.7,1017.7,736,1013.2,1556,1015.8,12.5,10.6,1130,2.27,15.41,,,,,,1.3,.6,27,13,,,,,,,,,,,,,,
135,추풍령,1998-09-14,22.7,15.1,625,31.7,1437,,,,,,,5.7,270,1535,3,270,1530,.4,324,250,17.1,35,1430,73.4,19.5,983.2,1016,0,1008,1630,1011.3,12.5,10.8,1200,2.35,16.39,,,,,,.6,.6,27.3,10.9,,,,,,,,,,,,,{박무}0540-{박무}{강도0}0600-{박무}{강도0}0900-1020.{박무}2135-{박무}{강도0}2400,
135,추풍령,1998-09-15,21.4,17,2400,26.6,1205,.25,0,,0,,0,9.4,270,1742,5.7,270,1800,1.9,1642,270,17.4,62,1207,78.4,20,978.2,1010,0,1003.4,1640,1006.3,12.5,2,1100,1.77,7.5,,,,,,5.6,3,24,12.8,,,,,,,,,,,,0,-{박무}-{박무}{강도0}0300-{박무}{강도0}0600-{박무}{강도0}0900-1020.{소나기}1630-1645.,
135,추풍령,1998-09-16,17.8,11.4,2400,25.8,1515,,,,,,,8,250,847,5.7,250,840,1.6,1421,270,11.3,35,1528,69.3,13.5,980.4,1014.9,2400,1005.8,0,1008.9,12.4,9.8,1400,2.13,14.63,,,,,,2.4,2.4,23.4,7.5,,,,,,,,,,,,,,
135,추풍령,1998-09-17,17,7.6,630,27,1435,,,,,,,5.3,160,1410,2.8,110,1420,.3,224,70,9,29,1434,64.9,11.5,986.8,1017.3,2400,1012.9,1620,1015.6,12.4,11.4,1230,2.39,17.95,,,,,,0,0,21.8,5.2,,,,,,,,,,,,,,
135,추풍령,1998-09-18,18.3,10.7,630,26.5,1407,,,,,,,4.3,140,1009,2,180,900,.3,263,90,10.9,36,1437,65.3,13.1,986.7,1017.5,950,1013.1,1750,1015.3,12.3,10.6,1130,2.35,16.53,,,,,,0,0,23.6,8.2,,,,,,,,,,,,,,
135,추풍령,1998-09-19,21.1,13.9,35,25.3,1330,,,,,,,7.3,180,1254,2.7,180,1240,.8,701,180,15.9,56,120,72.8,18.4,985.9,1015.8,2220,1012.5,1520,1014.2,12.3,1.1,1230,1.48,8.49,,,,,,7.6,4.5,25.7,10.7,,,,,,,,,,,,,,
135,추풍령,1998-09-20,21.6,20.4,557,23.4,1203,6.18,2,1410,9.3,1320,12.6,4.1,20,1227,2,140,1940,.5,393,70,20,85,1205,90.8,23.4,983.1,1015.5,0,1006.7,2400,1011.3,12.3,0,930,.46,2.12,,,,,,10,5,23.3,20,,,,,,,,,,,,12.9,{박무}0740-0830.{박무}1220-{박무}{강도0}1500-{박무}{강도0}1800-{박무}{강도0}2100-{박무}{강도1}2400-{비}1154-{비}{강도0}1200-{비}{강도0}1500-1730.{비}1835-1910.,
135,추풍령,1998-09-21,20.4,17.4,2400,24.6,1003,2.73,.9,1050,.9,1035,2,14.9,360,1125,7,250,1240,2.4,2082,250,18.8,79,1540,89.9,21.8,976.9,1007.5,2400,1003.3,850,1005,12.2,0,1330,1.11,4.99,,,,,,9,5.5,22.5,15.1,,,,,,,,,,,,1.7,-{박무}-{박무}{강도0}0300-{박무}{강도0}0600-{박무}{강도1}0900-1040.{비}0640-0739.{소나기}1035-1110.{소나기}1145-{소나기}{강도0}1200-{비}1215-1255.,
135,추풍령,1998-09-22,18.8,14.3,638,25.8,1305,,,,,,,7.4,50,1740,4,270,100,1.2,1008,50,14.4,52,1534,77.1,16.5,982.6,1017.3,2400,1007.1,135,1011,12.2,5.1,1000,1.92,12.41,,,,,,4.3,3.8,22.4,11.6,,,,,,,,,,,,,,
135,추풍령,1998-09-23,17.2,10.4,505,24,1253,1.17,.1,,.2,,.2,7,70,1810,2.8,70,1805,.7,636,50,13,57,1304,76.6,15.1,990.3,1020.6,1005,1017.3,0,1019.1,12.1,4.5,1200,2.05,10.81,,,,,,5.6,4.5,20.4,8,,,,,,,,,,,,2.7,{비}2250-{비}{강도0}2400,
135,추풍령,1998-09-24,16.9,15,610,19.4,1620,9.5,.5,548,.9,548,3.4,4,70,1512,1.7,140,1650,.2,199,70,15.5,84,1625,91.5,17.6,989.7,1019.4,0,1017.3,1600,1018.6,12.1,0,1300,.56,3.08,,,,,,9.6,5,21.1,14.6,,,,,,,,,,,,.9,-{비}-0025.{비}0235-{비}{강도0}0300-{비}{강도0}0600-0735.{비}0818-{비}{강도0}0900-0945.{비}1012-{비}{강도0}1200-1250.,
135,추풍령,1998-09-25,19.8,14.9,432,26,1517,,,,,,,4,270,1220,2.7,250,1340,.3,217,70,15.8,52,1525,79.6,18,989.7,1019.8,850,1016.7,1505,1018.3,12.1,6.8,1015,2.14,12.3,,,,,,7.3,5.3,22.4,12.8,,,,,,,,,,,,,{박무}0451-{박무}{강도1}0600-{시정(미만)}{1km}{안개}0612-{시정(미만)}{0.5km}{안개}0715-{시정(이상)}{0.5km}{안개}0750-{시정(미만)}{0.5km}{안개}0814-{시정(미만)}{0.2km}{안개}0830-{시정(이상)}{0.2km}{안개}0848-{안개}{강도1}0900-{시정(이상)}{0.5km}{안개}0925-{시정(이상)}{1km}{박무}0935-0950.,3.38
135,추풍령,1998-09-26,20.4,16.8,635,26.9,1354,,,,,,,6.3,360,323,2.2,360,340,.2,214,160,16,40,1417,77.9,18.3,990.9,1020.3,2320,1018,1500,1019.4,12,2.5,1200,1.6,8.41,,,,,,9.1,5.8,21.7,15.9,,,,,,,,,,,,,{박무}0820-{박무}{강도0}0900-1020.,
135,추풍령,1998-09-27,19.5,16.1,718,23.5,1410,,,,,,,4,180,1340,2.2,340,820,.2,203,90,16.4,62,1512,83.1,18.6,992.2,1022.4,2400,1019.3,1510,1020.9,12,0,1100,1.29,7.04,,,,,,9.6,4.3,21.3,14,,,,,,,,,,,,,{박무}0212-{박무}{강도0}0300-{박무}{강도0}0600-{박무}{강도0}0900-{박무}{강도0}1200-{박무}{강도0}1500-{박무}{강도0}1800-{박무}{강도0}2100{박무}{강도0}2400,
135,추풍령,1998-09-28,17.4,15.8,2325,19.9,1050,5.75,.3,1600,.7,1600,2.4,7.5,70,1902,2.3,70,1840,.5,396,70,15.6,77,1148,89.6,17.7,992.8,1023.1,1203,1020.9,2342,1021.8,12,0,1000,.73,3.28,,,,,,9.6,4.1,19.4,15.2,,,,,,,,,,,,21.8,{비}1335-{비}{강도0}1500-{비}{강도0}1800-1920.-{박무}-{박무}{강도0}0300-{박무}{강도0}0600-{시정(미만)}{1km}{안개}0620-{시정(이상)}{1km}{박무}0730-{박무}{강도1}0900-{박무}{강도0}1200-{박무}{강도0}1500-{박무}{강도0}1800-{박무}{강도0}2100-2250.,1.17
135,추풍령,1998-09-29,15.9,15.2,254,17.1,2400,22.67,2.8,2250,10.3,2220,68,13.7,50,2128,3.2,50,2400,1.1,965,50,14.7,90,0,92.8,16.8,988.3,1021,0,1012.3,2400,1017.3,11.9,0,1200,.27,1.01,,,,,,10,5.8,17.8,14.9,,,,,,,,,,,,102,{비}0120-{비}{강도0}0300-{비}{강도0}0600-{비}{강도1}0900-{비}{강도0}1200-{비}{강도0}1500-{비}{강도0}1800-{비}{강도1}2100-{비}{강도1}2400-  {박무}0650-{박무}{강도0}0900-{박무}{강도0}1200-{박무}{강도0}1500-{박무}{강도0}1800-{박무}{강도0}2100-{박무}{강도0}2400-,
135,추풍령,1998-09-30,17.3,16.5,2215,17.5,51,24,4,2040,15.5,1500,193.5,21.8,50,1407,6.5,50,1320,2.6,2239,70,16.2,92,1200,92.8,18.4,975.4,1012.3,0,998.4,1404,1003.8,11.9,0,845,.14,.31,,,,,,10,6,17.8,16.3,,,,,,,,,,,,147.2,-{비}-{비}{강도1}0300-{비}{강도1}0600-{비}{강도1}0900-{비}{강도1}1200-{비}{강도1}1500-{비}{강도1}1800-{비}{강도1}2100-{비}{강도0}2400- -{박무}-{박무}{강도0}0300-{박무}{강도0}0600-{박무}{강도0}0900-{박무}{강도0}1200-{박무}{강도0}1500-{박무}{강도0}1800-{박무}{강도0}2100-{박무}{강도0}2400-,
135,추풍령,1998-10-01,19,15.8,2325,25.7,1608,6.1,.9,0,4.1,0,7.1,10.3,230,1253,5.7,230,1230,2,1754,250,15.6,51,1606,81.8,17.8,976.6,1010.2,2400,1000.4,130,1004.9,11.8,4.2,1200,1.96,8.1,,,,,,5.8,3.6,19.7,12.9,,,,,,,,,,,,0,-{비}-{비}{강도0}0300-{이슬비}0321-0423.{비}0845-{비}{강도0}0900-1028.-{박무}-{박무}{강도0}0300-0432.,
135,추풍령,1998-10-02,19.1,14.2,558,25.8,1510,,,,,,,8.5,230,1101,5,230,1100,2.3,1989,230,14.7,49,1407,77.3,16.7,984.7,1016.1,2240,1009.7,25,1013.2,11.8,10.1,1145,2.04,13.7,,,,,,.1,.1,20,10.7,,,,,,,,,,,,,,
135,추풍령,1998-10-03,18.5,14.8,2400,24.4,1508,,,,,,,12.2,230,1525,6,250,2200,1.8,1568,230,12.7,33,1525,71.8,14.9,989,1022.1,2400,1015.9,0,1017.7,11.8,8.6,1100,2.23,14.26,,,,,,5.8,4,20.1,11.4,,,,,,,,,,,,,{박무}0125-{시정(미만)}{1km}{안개}0158-{안개}{강도0}0300-{안개}{강도0}0600-{안개}{강도0}0900-{시정(이상)}{1km}{박무}0940-1020.,7.7
135,추풍령,1998-10-04,16.6,12,638,23.4,1427,,,,,,,11.2,90,1129,4,90,1130,1.1,968,70,11.9,51,1032,75.5,13.9,995.2,1026.1,2330,1022,5,1024.3,11.7,9.7,1000,2.08,13.79,,,,,,5,2.5,18.8,8.6,,,,,,,,,,,,,{달무리}2120-,
135,추풍령,1998-10-05,16.4,11.8,643,23.6,1504,,,,,,,10.2,90,1107,2,110,1145,.3,238,110,12,47,1450,76.8,14,993.4,1026.1,0,1019.7,1803,1022.4,11.7,7.8,1300,2.27,14.93,,,,,,5.1,3.1,20.8,8.9,,,,,,,,,,,,,-{달무리}-0220.,
135,추풍령,1998-10-06,18.1,11.9,119,25.8,1505,,,,,,,7,50,1505,3.7,230,1030,.6,504,50,12.7,37,1307,72.5,14.7,989.3,1020.8,0,1015.2,1520,1018,11.6,8.8,1045,2.54,15.32,,,,,,6.3,2.4,21.3,9.4,,,,,,,,,,,,,{달무리}0010-0120.,
135,추풍령,1998-10-07,18.1,13.3,610,25.5,1520,,,,,,,8.6,110,1116,2.7,110,1240,.6,534,140,13.5,48,1535,76.6,15.5,986.3,1017.5,0,1012.5,1556,1014.9,11.6,8.6,1200,1.88,13.62,,,,,,3.9,2.9,20.9,10.1,,,,,,,,,,,,,,
135,추풍령,1998-10-08,16.9,11.2,647,24.2,1404,,,,,,,10,230,1345,5,230,1040,1.3,1109,230,12.1,43,1405,75.4,14.2,987.5,1018.6,2400,1014.2,1430,1016.2,11.6,10.1,1200,2.47,14.49,,,,,,.9,.9,19.1,8.3,,,,,,,,,,,,,,
135,추풍령,1998-10-09,17.5,11.5,535,24.7,1502,,,,,,,8.3,200,1157,5.7,200,1150,1.2,995,200,12.8,47,1515,76.3,14.8,990,1020.6,2400,1016.3,1510,1018.9,11.5,8.8,1145,2,12.95,,,,,,1.3,0,19.8,7.4,,,,,,,,,,,,,{박무}2220-{박무}{강도0}2400,
135,추풍령,1998-10-10,18.5,13,645,24.3,1505,,,,,,,6,70,2112,2.3,90,1220,.3,249,70,15.4,60,1510,82.9,17.6,993.7,1025.7,2300,1020.4,10,1022.5,11.5,6,1230,1.64,9.4,,,,,,6.6,4.6,20.9,10.4,,,,,,,,,,,,,-{박무}-{박무}{강도0}0300-{박무}{강도0}0600-{시정(미만)}{1km}{안개}0617-{시정(이상)}{1km}{박무}0835-{박무}{강도0}0900-{박무}{강도0}1200-{박무}{강도0}1500-{박무}{강도0}1800-{박무}{강도0}2100-{박무}{강도0}2400,2.3
135,추풍령,1998-10-11,18.7,15.5,645,21.6,1503,.33,0,,0,,0,7,70,1115,1.8,70,1120,.4,303,70,16,72,1102,84.5,18.1,997.6,1028.1,1000,1025.2,1503,1026.5,11.5,0,1045,.78,5.15,,,,,,9.4,3.3,20.6,12.8,,,,,,,,,,,,6.9,-{박무}-{박무}{강도0}0300-{박무}{강도0}0600-{박무}{강도0}0900-1120.{비}2310-2330.,
135,추풍령,1998-10-12,16.8,16,1930,18.3,20,22.28,1.4,1320,4,1850,27.6,14.9,50,1547,5,50,1550,1.6,1388,70,15.6,91,0,92.5,17.7,994.9,1026.4,0,1021.2,2400,1024,11.4,0,1315,.42,1.87,,,,,,10,4.9,17.9,15.5,,,,,,,,,,,,22.6,{비}0113-{비}{강도0}0300-{비}{강도0}0600-{비}{강도0}0900-{비}{강도0}1200-{비}{강도0}1500-{비}{강도0}1800-{비}{강도0}2100-2330.{박무}0038-{박무}{강도0}0300-{박무}{강도0}0600-{박무}{강도0}0900-{박무}{강도0}1200-{박무}{강도0}1500-{박무}{강도0}1800{박무}{강도0}2100-{박무}{강도0}2400,
135,추풍령,1998-10-13,18.3,16.7,0,19.9,1255,4.03,.5,350,1.2,310,2,7.6,70,12,2.5,70,10,.2,152,70,16.7,84,1230,90,19,989.3,1021.2,0,1016.3,2400,1018,11.4,0,1145,.84,3.93,,,,,,9,4,19.4,15,,,,,,,,,,,,.1,{이슬비}0120-0238.{비}0310-0537.{이슬비}1032-1049.-{박무}-{박무}{강도0}0300-{박무}{강도0}0600-{박무}{강도0}0900-{박무}{강도0}1200-{박무}{강도0}1500-{박무}{강도0}1800-1920.{박무}2320-{박무}{강도0}2400,
135,추풍령,1998-10-14,18.9,16.4,2400,23.2,1310,7.03,.9,1840,3.5,1850,11.8,17.8,270,2102,7.6,270,2110,1.2,1001,270,16.6,71,1320,86.4,18.9,982.7,1016.3,0,1007.8,1630,1011.2,11.3,0,1100,.89,4.08,,,,,,9.9,6.4,19.5,14.1,,,,,,,,,,,,11.8,-{박무}-{박무}{강도2}0300-{시정(미만)}{1km}{안개}0420-{안개}{강도0}0600-{시정(미만)}{0.5km}{안개}0620-{시정(이상)}{0.5km}{안개}0820-{시정(이상)}{1km}{박무}0840-{박무}{강도2}0900-1123.{박무}1525-{박무}{강도0}1800-{박무}{강도0}2100-{박무}{강도0}2400-{비}1440-{비}{강도0}1500-{비}{강도0}1800-{비}{강도0}2100-2142.,4.33
135,추풍령,1998-10-15,15,10,2400,20.3,1437,,,,,,,17,250,250,7,250,1430,3.3,2893,270,8.5,41,1440,66.9,11.1,985.2,1017.5,2400,1011.1,30,1014.2,11.3,7.9,1030,2.4,13.78,,,,,,2.8,2.8,16.1,5.6,,,,,,,,,,,,,-{박무}-0013.,
135,추풍령,1998-10-16,11.9,7.3,626,16.8,1430,,,,,,,6,250,1002,3.7,250,1020,.1,123,70,9.2,51,1330,84.1,11.6,986.5,1018,910,1013.9,1550,1015.8,11.3,0,1145,.98,6.05,,,,,,6.4,3.6,14.5,4.1,,,,,,,,,,,,,{박무}2250-{박무}{강도0}2400,
135,추풍령,1998-10-17,15.4,11,114,19.5,1242,,,,,,,12,270,2310,7.3,270,2320,1.3,1144,270,11.5,59,1300,77.8,13.5,978.2,1014,0,1002.5,2110,1006.8,11.2,.4,1200,1.29,4.73,,,,,,7.5,3.9,15.9,8.2,,,,,,,,,,,,,-{박무}-{박무}{강도0}0300-{박무}{강도0}0600-0720.,
135,추풍령,1998-10-18,15.3,11.3,2400,20.2,1422,,,,,,,18,270,1705,8.3,270,300,5.5,4724,270,8.3,42,1500,63.3,11.1,981.6,1016.8,2400,1003.3,0,1010.4,11.2,6.2,1000,2.22,14.12,,,,,,3.5,3.5,14.8,8.1,,,,,,,,,,,,,,
135,추풍령,1998-10-19,10.7,4.6,2347,15.8,1405,,,,,,,20,270,1337,8,320,1220,3.8,3251,270,2.4,35,1506,58.4,7.4,992.8,1027.8,2340,1016.6,10,1022.4,11.2,10,1045,2.3,15.15,,,,,,1.6,1,12.4,1,,,,,,,,,,,,,,
135,추풍령,1998-10-20,9.8,1.3,720,18.9,1520,,,,,,,7.8,90,1415,3.3,110,1530,.5,404,90,3.9,37,1600,71.3,8.2,998.1,1030.1,905,1025.9,1500,1028,11.1,9.9,1200,2.24,14.14,,,,,,2.1,0,12.7,-1.2,,,,,,,,,,,,,,
135,추풍령,1998-10-21,11.1,4.1,550,19.4,1508,,,,,,,7,70,1046,2.3,50,1200,.6,483,50,6.4,41,1519,75.4,9.7,995.7,1028.3,0,1022.6,1450,1025.4,11.1,9.7,1000,2.68,18.03,,,,,,2.9,2.5,13.5,.8,,,,,,,,,,,,,,
135,추풍령,1998-10-22,13,7.1,346,17.9,1558,,,,,,,9.4,50,1215,3.5,70,1210,1.1,956,110,8.1,53,1122,73.5,10.8,995.1,1026.3,812,1022.4,1450,1024.6,11,4.1,1000,1.69,6.65,,,,,,5.3,4,14,3.7,,,,,,,,,,,,,,
135,추풍령,1998-10-23,13.6,7.6,725,21.5,1435,,,,,,,6.3,50,1043,2.2,110,1230,.3,226,70,9.2,43,1430,77,11.6,994.1,1025.3,600,1021,1500,1023.5,11,7,1330,1.85,12.12,,,,,,1.9,1.3,15.5,4.1,,,,,,,,,,,,,,
135,추풍령,1998-10-24,13.3,7.6,545,21.2,1436,,,,,,,10.9,270,1605,5,250,1530,1.2,1036,250,7.7,39,1250,72.4,10.6,993.6,1024.3,750,1020.9,1530,1023,11,7.6,1215,2.24,13.31,,,,,,1.5,1.5,15.6,4,,,,,,,,,,,,,,
135,추풍령,1998-10-25,12.2,6.6,540,20.3,1433,,,,,,,10.5,270,1506,5.7,270,1400,1.6,1384,250,4.7,24,1635,64.6,8.6,993,1024.4,817,1020.2,1520,1022.5,10.9,9.3,1215,2.34,12.79,,,,,,.5,.1,14.6,2.6,,,,,,,,,,,,,,
135,추풍령,1998-10-26,12.9,5.3,420,21.4,1507,,,,,,,10,140,1217,4,90,1240,.6,531,90,6.8,36,1210,70.4,10,992.2,1023.6,847,1019.3,1500,1021.6,10.9,7.3,1230,1.85,10.55,,,,,,3.6,1.4,14.4,1.8,,,,,,,,,,,,,,
135,추풍령,1998-10-27,12.8,7.3,450,19.2,1432,,,,,,,17.1,270,1357,8.3,270,1400,2.1,1795,270,7.7,41,1457,73.4,10.6,989.8,1021.7,2250,1016.3,1430,1019.1,10.9,5.3,1000,1.9,10.73,,,,,,2.8,2,14.5,4.1,,,,,,,,,,,,,{박무}0140-{박무}{강도0}0300-{박무}{강도0}0600-{시정(미만)}{1km}{안개}0608-{시정(미만)}{0.5km}{안개}0625-{시정(이상)}{0.5km}{안개}0740-{시정(이상)}{1km}{박무}0815-0840.,2.12
135,추풍령,1998-10-28,12.6,9.3,733,16.8,1530,,,,,,,10.8,250,1228,6,250,1200,3.4,2895,270,5.9,49,1535,64,9.3,990.6,1021.7,843,1017.7,1435,1020,10.8,6,1150,2.16,13.13,,,,,,5.9,5,14.9,5.9,,,,,,,,,,,,,,
135,추풍령,1998-10-29,13.3,9.5,743,20.2,1420,,,,,,,11.2,290,320,7.3,290,330,2.3,1984,270,7.6,40,1531,70.3,10.4,989.3,1020.4,900,1016.3,1500,1018.6,10.8,8.8,1100,2.06,13.42,,,,,,4.6,2.4,15.8,5.7,,,,,,,,,,,,1.1,,
135,추풍령,1998-10-30,11.2,8,2300,14.1,1505,5.58,.3,530,.6,650,1.4,8,270,1618,4,270,1750,1.1,918,270,9.1,71,1630,87.4,11.6,988.7,1019.6,440,1016.4,1410,1018.2,10.8,0,1028,1.1,4.13,,,,,,6.6,3.6,12.2,5.3,,,,,,,,,,,,.3,{비}0510-{비}{강도0}0600-{비}{강도0}0900-1045.{박무}0620-{박무}{강도1}0900-{박무}{강도0}1200-{박무}{강도0}1500-1744.{박무}2140-{박무}{강도0}2400,
135,추풍령,1998-10-31,13.1,6.7,705,19.3,1402,,,,,,,16,270,1220,7.7,270,1420,2.8,2429,270,7.7,49,1350,72.8,10.7,988.6,1020.3,900,1015.3,2028,1017.9,10.7,6.1,1100,1.75,10.95,,,,,,8,5.4,14.7,4.1,,,,,,,,,,,,,-{박무}-{시정(미만)}{1km}{안개}0120-{시정(미만)}{0.5km}{안개}0150-{안개}{강도1}0300-{안개}{강도1}0600-{시정(미만)}{0.2km}{안개}0610-{시정(이상)}{0.2km}{안개}0650-{시정(이상)}{0.5km}{안개}0803-{시정(이상)}{1km}{박무}0825-0840.,7.08
135,추풍령,1998-11-01,8.2,1.8,2400,15.8,1450,,,,,,,14.3,290,32,6,250,1300,2.5,2185,250,.1,26,1600,59.5,6.2,991.8,1024.3,900,1018.6,0,1021.8,10.7,9.5,1120,2.3,13.22,,,,,,.3,.3,11.1,-1.6,,,,,,,,,,,,,,
135,추풍령,1998-11-02,8.5,-.7,720,18.8,1506,.92,,,,,1.3,16,250,1517,9.7,250,1350,2.3,1992,250,3.2,28,1325,72.9,7.9,988.2,1022.6,2400,1011.7,1457,1018,10.7,5.8,1230,1.68,8.7,,,,,,3.4,1.5,9.4,-2.5,,,,,,,,,,,,1.3,{소나기}1535-1630.{뇌전}{강도0}(W5-6)1555-{뇌전}{강도0}(W{이동}SW5-6)1605-1615.,
135,추풍령,1998-11-03,8.4,.4,735,19.7,1445,,,,,,,7,140,1341,3.2,110,1310,.5,454,140,1.9,23,1340,70,7.1,993,1026.4,824,1020.1,1600,1022.9,10.6,9.5,1200,1.95,11.78,,,,,,.3,0,10.7,-1.8,,,,,,,,,,,,,,
135,추풍령,1998-11-04,11.8,2.9,214,19,1350,,,,,,,24.3,270,1400,8.5,270,1420,2.9,2519,250,3.6,18,1720,60.6,8.3,991.5,1025.7,2400,1018,1342,1021.1,10.6,6.1,1038,1.72,9.51,,,,,,4.4,1.9,11.1,.2,,,,,,,,,,,,,,
135,추풍령,1998-11-05,10,.8,716,17.9,1515,,,,,,,9.2,20,1141,4.7,20,1150,1.7,1434,90,3.8,40,1520,68.3,8.1,996.7,1028,850,1024.5,1545,1026.6,10.6,7.9,1130,1.63,9.83,,,,,,2.9,1.3,11.9,-2,,,,,,,,,,,,,,
135,추풍령,1998-11-06,10.6,5.4,2400,15.1,1037,,,,,,,11.3,90,947,5.7,90,950,2,1709,90,5.4,51,1213,71.6,9,994.5,1027.4,0,1022.4,1403,1024.3,10.5,2,1030,1.25,5.41,,,,,,6.3,5.8,11.6,.7,,,,,,,,,,,,,,
135,추풍령,1998-11-07,9.9,1.7,653,17.7,1423,,,,,,,13,250,2302,7.3,250,2050,2.6,2263,250,4,43,1335,69,8.2,988.9,1023.1,0,1015.6,1450,1018.5,10.5,7.4,1145,1.59,8.92,,,,,,2.4,1.9,11.1,-2.1,,,,,,,,,,,,,,
135,추풍령,1998-11-08,11.2,3.2,723,17.5,1521,,,,,,,11,250,1537,4.8,250,1220,2,1707,250,.9,20,1315,53.6,6.7,985.8,1018.6,300,1012.4,1800,1015.3,10.5,7.7,1130,1.65,9.07,,,,,,3.3,1.3,11.1,-1.5,,,,,,,,,,,,4.8,,
135,추풍령,1998-11-09,9.6,3.6,2400,13.9,450,1,,,,,4.8,22,270,1330,9.3,270,1320,4.7,4061,250,-1.3,20,1340,49.5,6.2,986.3,1021.3,2350,1012.2,440,1015.9,10.4,8.3,1215,1.7,9.96,,,,,,1.9,1.3,10.3,-.2,,,,,,,,,,,,,{번개}{강도0}(W)0240-{번개}{강도0}(W)0300-0310.{뇌전}{강도0}(SE2-3)0505-0545.{소나기}0440-0540,
135,추풍령,1998-11-10,4.5,1,650,10,1446,,,,,,,15.5,250,1003,8,250,1010,4.3,3739,270,-9.9,19,1630,34,2.9,993.1,1025.1,900,1021.3,0,1023.5,10.4,9.3,1145,1.75,10.79,,,,,,0,0,5.6,-4,,,,,,,,,,,,,,
135,추풍령,1998-11-11,9.6,.8,412,16.3,1507,,,,,,,18.3,270,1427,7,270,1200,4.4,3798,270,1,42,0,54.9,6.7,991.3,1024,0,1017.6,1540,1021,10.4,4.2,1030,1.62,7.01,,,,,,2.4,2.4,9.4,-3.9,,,,,,,,,,,,,,
135,추풍령,1998-11-12,9.2,2.9,722,17.9,1332,,,,,,,10.5,270,115,5,270,50,1.7,1446,270,-2.2,19,1450,49.6,5.3,992.5,1024.4,850,1020.5,1512,1022.3,10.3,9,1200,1.73,10.81,,,,,,0,0,9.6,-3.2,,,,,,,,,,,,,,
135,추풍령,1998-11-13,10,1.1,745,19.2,1403,,,,,,,15.3,270,1333,7,270,1150,1.8,1569,270,4.3,35,1330,67.9,8.5,988.6,1021.3,0,1015.1,1500,1018.2,10.3,8.1,1130,1.62,9.37,,,,,,1.8,1.5,9.7,-3.3,,,,,,,,,,,,,,
135,추풍령,1998-11-14,12.8,6.7,440,22.2,1505,,,,,,,9.6,250,1521,3.7,270,1500,.5,465,250,7.6,40,1510,73.3,10.5,990.2,1021.2,2400,1017.6,1420,1019.5,10.3,6.2,1200,1.4,7.89,,,,,,0,0,12.1,2.3,,,,,,,,,,,,,,
135,추풍령,1998-11-15,13.1,5.3,715,23.6,1444,,,,,,,12.7,270,1242,6.3,270,1230,1.2,1016,270,4.1,20,1500,62.1,8.3,989.9,1022.2,820,1016.6,1614,1019.1,10.2,8.5,1200,1.61,9.67,,,,,,0,0,12.4,1,,,,,,,,,,,,,{박무}0120-{박무}{강도0}0300-{박무}{강도0}0600-{시정(미만)}{1km}{안개}0630-{시정(미만)}{0.5km}{안개}0705-{시정(이상)}{0.5km}{안개}0810-{시정(이상)}{1km}{박무}0840-{박무}{강도0}0900-1040.,2.17
135,추풍령,1998-11-16,12.8,5.7,538,21.3,1330,1.95,,,,,.4,17.3,270,2245,8,270,2350,1.6,1425,270,8.3,43,1400,76,11.1,981.7,1017.2,0,1006.2,1455,1010.8,10.2,4.2,1242,1.46,6.77,,,,,,4.8,2.5,12,1.7,,,,,,,,,,,,.4,{소나기}1550-{비}1620-1710.{비}2303-2340.,
135,추풍령,1998-11-17,4.1,-.8,2400,12.9,0,1.03,,,,,0,26.5,270,642,10,270,1610,6.6,5736,270,-5.6,33,1058,49,4.2,985.4,1021.6,2400,1008.6,0,1015.7,10.2,2.9,1000,1.34,6.49,,,,,,4.6,4.3,7.2,-2.7,,,,,,,,,,,,.2,{눈}1220-1310.{눈}2150-2202.,
135,추풍령,1998-11-18,-1.1,-4.1,725,3.4,1525,1.87,,,,,.2,17.2,270,1215,8.3,270,1230,4.2,3598,270,-9.8,33,1438,52,3,994.5,1027.7,2330,1021.6,0,1025.5,10.2,8.7,1200,1.58,9.37,.5,55,.5,55,.5,2.5,1.8,3.1,-7.6,,,,,,,,,,,,,{눈}0010-0135.{눈}0245-{눈}{강도0}0300-0312..,
135,추풍령,1998-11-19,1.1,-5.5,740,6.7,1547,.92,,,,,.1,15,270,2004,6.6,270,2020,3.1,2644,270,-8.6,25,1508,51.9,3.4,996.7,1029.7,900,1026,1500,1027.7,10.1,7.7,1200,1.65,10.2,,,,,,3.6,2.8,4.2,-9.5,,,,,,,,,,,,.1,{눈}2305-{눈}{강도0}2400,
135,추풍령,1998-11-20,.1,-4.2,2400,5,1444,.33,,,,,0,11,270,1116,9.3,270,1130,4.2,3596,270,-9.9,20,1558,46.4,3,997.6,1030.3,2400,1026.5,57,1028.6,10.1,8.3,1200,1.59,9.29,,,,,,.4,.4,3,-10,,,,,,,,,,,,,-{눈}-0020.,
135,추풍령,1998-11-21,1.3,-5.7,208,5.5,1355,,,,,,,13.5,270,842,8,270,900,2.7,2324,270,-9.5,29,1452,45.4,3,996.5,1030.3,0,1025,2205,1027.3,10.1,1.8,1004,.99,5.07,,,,,,9.1,6.9,3.3,-10.2,,,,,,,,,,,,3.6,,
135,추풍령,1998-11-22,.8,-1,600,3.8,1508,4,,,,,3.6,14.6,250,1203,7,250,1220,3,2620,270,-2.3,61,1517,80.4,5.2,994.8,1026.9,2400,1024.2,510,1025.6,10.1,2.1,1230,1.6,4.01,10.9,428,10.9,428,10.9,7.4,4.6,2.8,-5.7,,,,,,,,,,,,,{눈}0030-{눈}{강도1}0300-0430.,
135,추풍령,1998-11-23,3.4,-1.7,735,10.5,1507,,,,,,,11.6,250,1217,4.7,270,120,1.6,1418,250,-2.5,38,1521,66.8,5.1,995.4,1028.2,850,1024.3,1455,1026,10,6.8,1200,1.38,7.67,,,,,,2.3,1.4,4.2,-6.6,,,,,,,,,,,,1.4,,
135,추풍령,1998-11-24,3.7,2.1,2400,7.2,1405,2.37,,,,,1.4,12.7,320,1428,6.7,270,1410,2.6,2283,270,-2.3,41,1558,66.5,5.3,994.3,1028.8,2400,1021.2,433,1024.8,10,.4,1330,1.04,3.21,,,,,,7.8,5.8,4.8,-2,,,,,,,,,,,,,{비}0510-{비}{강도0}0600-0730.,
135,추풍령,1998-11-25,2.7,-1,750,11.7,1525,,,,,,,11.2,270,55,6.3,270,640,2.2,1913,270,-5.7,22,1505,56.8,4,998.7,1032.3,905,1026,1510,1029.4,10,8.3,1200,1.51,8.93,,,,,,.6,.6,4.2,-6.8,,,,,,,,,,,,,,
135,추풍령,1998-11-26,4.7,-2.5,746,16.2,1505,,,,,,,4.1,160,1243,2.3,140,1640,.4,329,160,-3,21,1440,64.4,4.9,997.2,1030.1,0,1025,1543,1027.6,10,8.1,1200,1.43,8.3,,,,,,1.5,.6,5.1,-7,,,,,,,,,,,,2,{박무}0830-{박무}{강도0}0900-0940.,
135,추풍령,1998-11-27,5.7,2.3,10,8.3,1509,5.42,,,,,3.4,18,290,2355,7.3,290,2400,2.7,2300,270,1.8,61,2400,76.3,7,990.6,1026,5,1017.8,1534,1020.8,9.9,0,1230,.64,2.95,,,,,,7,3.8,6.4,-.8,,,,,,,,,,,,1.4,{비}0715-{비}{강도0}0900-{비}{강도0}1200-1240.{박무}0745-{박무}{강도0}0900-{박무}{강도0}1200-1445.,
135,추풍령,1998-11-28,3.4,-2.3,2352,9.6,1458,,,,,,,17.3,290,15,7.3,270,100,3.3,2826,250,-3.2,34,1450,63.4,4.8,992.3,1023.8,855,1020.6,40,1022.8,9.9,7.8,1145,1.51,8.71,,,,,,.3,.3,4.4,-8.2,,,,,,,,,,,,,,
135,추풍령,1998-11-29,2.7,-5,755,14.2,1359,,,,,,,4.5,160,1458,2.2,160,1540,.3,255,160,-4.9,22,1420,63.9,4.3,991.5,1024.2,855,1019.1,1500,1022.1,9.9,6.9,1230,1.45,7.85,,,,,,2,.5,3.5,-9.6,,,,,,,,,,,,,,
135,추풍령,1998-11-30,3.9,-.6,130,14.3,1435,,,,,,,6,140,1255,2.8,140,1310,.4,337,140,-1.8,34,1448,68.8,5.4,989.5,1022.7,0,1016.5,1345,1019.9,9.9,3.8,1320,1.27,5.1,,,,,,4.8,2.8,5.9,-4.5,,,,,,,,,,,,,,
135,추풍령,1998-12-01,4.1,-.1,431,6.8,1505,.92,,,,,0,11.4,250,1339,6.8,250,1340,1.4,1200,250,1.5,68,1740,83.3,6.8,992,1024.6,2254,1020,57,1022.4,9.9,0,1400,.35,1.56,,,,,,7.5,3.3,4.3,-3.9,,,,,,,,,,,,0,{비}1335-1430.{박무}1540-{박무}{강도0}1800-1940.,
135,추풍령,1998-12-02,3.5,-.4,2400,6.5,1415,,,,,,,12.3,270,2030,7.3,270,2040,3,2597,270,-1,39,1635,73.9,5.8,996.2,1030,2400,1024.3,0,1026.7,9.8,.7,1345,1.01,2.61,,,,,,7,3,5,-4.2,,,,,,,,,,,,,{박무}0620-{박무}{강도1}0900-{박무}{강도1}1200-{박무}{강도0}1500-1540.{달무리}2040-2130.,
135,추풍령,1998-12-03,1.3,-2.5,2345,7.1,715,,,,,,,12.6,270,1221,7.7,250,1130,4.2,3657,270,-7.3,20,1549,56.4,3.8,998.4,1031,858,1026.8,1529,1029.3,9.8,6.8,1200,1.34,7.62,,,,,,3.5,.9,3,-9.2,,,,,,,,,,,,,{박무}0610-{박무}{강도0}0900-1020.,
135,추풍령,1998-12-04,-.1,-5.8,757,8.5,1418,,,,,,,11.6,250,1224,6,250,1100,2.1,1843,250,-13.5,13,1500,39.5,2.2,997,1029.2,0,1025.9,1440,1028.1,9.8,8,1230,1.73,11.07,,,,,,0,0,1.9,-11.9,,,,,,,,,,,,,,
135,추풍령,1998-12-05,.5,-4,436,5.4,1453,,,,,,,15.5,270,1345,7,270,1200,2.3,1996,270,-6.8,43,935,57.1,3.7,998.7,1033.2,2330,1027.7,410,1029.7,9.8,2.6,1300,1.07,3.73,,,,,,3.8,3,1.6,-7.5,,,,,,,,,,,,,,
135,추풍령,1998-12-06,1.4,-3.5,433,5.6,1445,,,,,,,8,290,200,4.7,250,1030,1.6,1349,290,-3,54,1510,72.9,5,1001.1,1035,1000,1027.5,2400,1032,9.8,0,1240,.7,3.13,,,,,,8.5,3.1,2.6,-8.6,,,,,,,,,,,,,,
135,추풍령,1998-12-07,3.4,1.7,2400,5.8,1556,4.18,,,,,1.4,17,270,946,9,270,1030,2.4,2116,270,-.3,56,1620,77.3,6,993.6,1027.5,0,1021.8,1555,1024.2,9.8,0,1300,.48,2.13,,,,,,9,5,4.4,-1.3,,,,,,,,,,,,1.4,{비}1110-1145.{비}1704-{비}{강도0}1800-2040.{박무}1020-{박무}{강도0}1200-1420.,
135,추풍령,1998-12-08,-.4,-3.3,2400,3.3,1445,,,,,,,19.5,270,313,9,270,310,5.3,4543,270,-9.8,31,1625,49.4,3,999.5,1034.7,2400,1026.1,0,1030.6,9.7,7.4,1200,1.44,8.26,,,,,,2.5,2.5,2.1,-8.4,,,,,,,,,,,,,,
135,추풍령,1998-12-09,-2.4,-5.5,643,2.6,1421,,,,,,,19.3,250,1301,10,250,1310,3.9,3350,270,-10.9,35,1440,53.1,2.7,1004.1,1037.7,2330,1034,1455,1035.7,9.7,6.1,1215,1.52,8.18,,,,,,1.3,1.1,.2,-10.1,,,,,,,,,,,,,,
135,추풍령,1998-12-10,-2,-7.7,654,4,1537,,,,,,,13.7,270,1233,7.3,270,1100,2.4,2103,270,-10.5,28,1320,55.3,2.8,1004.1,1038.6,855,1032.3,2400,1035.5,9.7,8,1237,1.48,8.71,,,,,,1.3,.4,-.1,-12.7,,,,,,,,,,,,0,,
135,추풍령,1998-12-11,-.4,-5.3,2400,2.7,408,.37,,,,,0,21.9,270,959,9.3,270,1020,4.9,4200,270,-11.9,29,1550,41,2.6,1003.2,1036.4,855,1029.6,314,1034.5,9.7,8,1215,1.46,8.51,.1,530,.1,530,.1,1.5,1.5,.7,-10.2,,,,,,,,,,,,,{진눈깨비}0508-0530.,
135,추풍령,1998-12-12,-1.9,-8.4,758,6.3,1515,,,,,,,11.2,270,1445,6.8,250,1130,1.6,1413,270,-15.1,14,1410,41.6,2,1001.4,1035.7,0,1030.2,1630,1032.8,9.7,7.3,1200,1.44,8.1,,,,,,.6,.4,-.6,-14.3,,,,,,,,,,,,,,
135,추풍령,1998-12-13,3.7,-5.4,253,10.4,1458,,,,,,,17.4,270,1530,8.3,250,1210,2.6,2281,250,-2.9,48,1258,61.8,5.1,996.3,1032.3,0,1024.4,1457,1026.8,9.7,4.8,1200,1.36,6.01,,,,,,4.6,3.6,1.8,-11.5,,,,,,,,,,,,,,
135,추풍령,1998-12-14,6.3,3,830,12.2,1355,.97,,,,,3,23,270,1758,10.7,270,1800,3.6,3073,270,0,35,1420,66,6.2,990.2,1024.8,0,1016,1610,1020.2,9.7,1.8,1236,1.26,5.54,,,,,,8.3,4,4.7,-1.9,,,,,,,,,,,,3,{비}1729-{비}{강도0}1800-1808.{비}2045-{비}{강도0}2100-2104.,
135,추풍령,1998-12-15,3.5,.2,751,7.8,1508,,,,,,,20.2,270,355,9.3,270,10,5,4288,270,-5.9,38,1432,50.3,4,992.6,1025.8,928,1020,1510,1023,9.7,6,1215,1.5,8.04,,,,,,2.5,2,2.4,-4.1,,,,,,,,,,,,,,
135,추풍령,1998-12-16,7.3,2.7,205,12.3,1450,,,,,,,17.2,270,1415,9.5,270,1300,5.7,4884,270,-2.1,30,1500,52.3,5.3,992,1025.9,2400,1020.1,1340,1022,9.7,7.5,1145,1.24,7.02,,,,,,.4,.4,4,-1.7,,,,,,,,,,,,,,
135,추풍령,1998-12-17,4.5,-1.1,2400,14.2,1550,,,,,,,9.1,250,1051,5.8,250,1120,1.5,1326,270,-3.2,23,1558,60.1,4.9,996.3,1028.4,956,1024.7,1450,1026.8,9.7,7.5,1230,1.44,8.47,,,,,,0,0,3.8,-7,,,,,,,,,,,,,,
135,추풍령,1998-12-18,4.1,-4,749,15.6,1457,,,,,,,7.1,250,1540,3.3,270,1555,.4,376,140,-3.8,17,1620,62.6,4.6,993.3,1028,0,1019.8,1610,1023.7,9.7,8.2,1200,1.34,7.73,,,,,,.3,.3,3.6,-10,,,,,,,,,,,,,,
135,추풍령,1998-12-19,6.7,.9,50,13.4,1333,,,,,,,18.9,270,2131,7.7,270,1430,3.7,3188,270,-.8,35,1857,60.5,6.1,988.8,1021.6,0,1015.9,1510,1018.8,9.7,3,1230,1.31,5.77,,,,,,3.4,2.3,4.8,-4.6,,,,,,,,,,,,,,
135,추풍령,1998-12-20,2,-2.1,2400,8.2,1505,,,,,,,14.7,290,205,8.3,290,200,4.2,3612,250,-13.1,19,1630,31.9,2.2,992.8,1025.5,2400,1021.3,1450,1023.5,9.7,7.9,1300,1.51,8.38,,,,,,0,0,2.4,-10.1,,,,,,,,,,,,,,
135,추풍령,1998-12-21,1.1,-6.5,700,12.7,1503,,,,,,,4,140,1101,2.5,160,1200,.5,416,160,-9.6,18,1520,49.5,3,993,1026.3,855,1021.1,1455,1023.7,9.7,7.1,1200,1.33,7.77,,,,,,0,0,1.9,-12.2,,,,,,,,,,,,,,
135,추풍령,1998-12-22,5.9,-1.7,208,11.5,1412,,,,,,,14.8,270,1103,8.3,270,1120,2.6,2213,270,-1.3,38,1630,60.4,5.7,990.5,1022.9,310,1018.6,1415,1020.6,9.7,3.2,1233,1.31,5.12,,,,,,4.3,3.9,3.3,-8.1,,,,,,,,,,,,,,
135,추풍령,1998-12-23,3.6,.6,2400,8.1,1511,,,,,,,17.9,270,1347,8.3,270,1310,4.9,4275,270,-4.4,29,1645,59,4.6,990.7,1025.1,2400,1019.2,200,1021.1,9.7,6.3,1215,1.36,7.2,,,,,,2.6,2.6,3.8,-4.3,,,,,,,,,,,,,,
135,추풍령,1998-12-24,1.5,-4.6,818,10.2,1602,,,,,,,9.2,290,110,5.3,270,1200,1.9,1632,250,-6.2,32,1620,58.9,3.9,995.5,1028.4,1005,1024.2,1507,1026.4,9.7,7.5,1200,1.43,8.51,,,,,,0,0,2.3,-9.7,,,,,,,,,,,,,,
135,추풍령,1998-12-25,1.4,-5.6,543,7.1,1515,,,,,,,17,270,1522,8.5,250,1410,3.2,2743,250,-5,34,1410,64.5,4.2,993.3,1026.9,258,1021.6,1455,1024.1,9.7,6.5,1215,1.4,7.46,,,,,,3,1.3,1.9,-11.6,,,,,,,,,,,,,,
135,추풍령,1998-12-26,3.4,-1,810,10.2,1355,,,,,,,10.8,290,53,6.7,290,50,2.1,1814,250,-5.1,20,1545,57.5,4.3,992.4,1024.8,915,1021.4,1525,1022.9,9.7,7.1,1200,1.44,8,,,,,,3,3,3.1,-8.8,,,,,,,,,,,,,,
135,추풍령,1998-12-27,2.1,-3,2400,8.7,1510,,,,,,,14,250,1159,6.7,250,1200,3,2582,270,-6.4,26,1540,55.8,3.8,994.7,1029.9,2400,1022.6,520,1025.4,9.7,8.2,1200,1.37,7.69,,,,,,.9,0,2.5,-9.2,,,,,,,,,,,,,,
135,추풍령,1998-12-28,1.4,-5.6,815,10.4,1534,,,,,,,9.4,250,1300,6.3,250,1230,1.4,1188,250,-7.7,14,1350,57.3,3.5,998.2,1031.5,900,1027.2,1530,1029.1,9.7,7.5,1245,1.44,8.41,,,,,,0,0,1.6,-11.1,,,,,,,,,,,,,,
135,추풍령,1998-12-29,1.9,-3.4,310,7.9,1441,,,,,,,17.3,270,1243,8,270,1150,3.6,3134,270,-8.5,17,1714,50.4,3.5,995.7,1028.7,2400,1024.5,1407,1026.4,9.7,7,1215,1.44,7.51,,,,,,3.5,1.5,2.4,-8.3,,,,,,,,,,,,,,
135,추풍령,1998-12-30,-2.8,-5.8,809,.7,1340,,,,,,,20.8,270,300,10.3,270,600,7,6091,270,-13.6,26,1730,43.8,2.2,997.5,1030.4,1100,1027.3,1440,1028.9,9.7,4.3,1123,1.42,7.44,,,,,,4,2.5,0,-8.5,,,,,,,,,,,,,,
135,추풍령,1998-12-31,-2.3,-5.3,745,2.5,1610,,,,,,,17,270,1230,9.7,270,1220,5.3,4560,270,-13,27,1610,44.5,2.3,998.7,1031.5,855,1028.4,1455,1030.1,9.7,8.5,1215,1.5,9.01,,,,,,.1,.1,-.6,-12.5,,,,,,,,,,,,,,
135,추풍령,1999-01-01,-2.4,-7.4,725,3.1,1445,,,,,,,15.2,250,1432,8.5,250,1430,3.5,2984,250,-8.8,44,1535,61.8,3.2,995.4,1030.6,300,1022.4,2400,1026.7,9.7,7.9,1200,1.37,7.19,,,,,,.8,.8,-.9,-13.1,,,,,,,,,,,,,,
135,추풍령,1999-01-02,2.2,-3.6,110,7.1,1520,,,,,,,17.6,270,1318,7.3,270,1300,2.6,2218,270,-2.1,35,1500,71.4,5.3,987.7,1022.4,0,1016.3,1457,1018.1,9.7,3.8,1215,1.22,4.82,,,,,,8,3.1,1.7,-6.9,,,,,,,,,,,,,{박무}0940-1130.,
135,추풍령,1999-01-03,1.6,-3.3,2337,10.5,1510,,,,,,,11.6,270,1225,6.2,270,1220,1.3,1083,230,-6.2,17,1545,62.6,4.1,989.8,1023.4,2400,1017.9,1430,1020.4,9.7,7.9,1230,1.35,7.54,,,,,,1.5,1.5,2.1,-10.3,,,,,,,,,,,,,{박무}0640-{박무}{강도0}0900-{박무}{강도0}1200-1410.,
135,추풍령,1999-01-04,.1,-6.6,754,10.8,1503,,,,,,,8.4,250,1133,5.6,250,1150,1.3,1117,250,-9.3,19,1500,55.5,3.1,994.3,1027.1,2340,1022.9,1520,1025.2,9.7,8,1130,1.31,7.49,,,,,,0,0,1,-12,,,,,,,,,,,,,,
135,추풍령,1999-01-05,1.2,-6.2,835,9.8,1508,,,,,,,11.3,250,1425,7.3,250,1430,1.6,1349,250,-5.6,33,1230,63.3,4.1,993.5,1027,0,1021.6,1500,1024.3,9.8,7.7,1245,1.37,8.13,,,,,,.6,.6,.9,-12.4,,,,,,,,,,,,,,
135,추풍령,1999-01-06,1.6,-3.3,806,7.8,1511,1.85,,,,,.2,21.2,320,1857,7,270,1550,2.2,1900,270,-1.2,63,1513,80.9,5.7,987.5,1023.3,0,1014.6,1610,1018.1,9.8,0,1230,.46,1.77,,,,,,8.4,4.8,3.1,-7.5,,,,,,,,,,,,.2,{박무}0120-{박무}{강도0}0300-{박무}{강도0}0600-{박무}{강도0}0900-{박무}{강도0}1200-1420. {비}1104-1130. {박무}1730{박무}{강도0}1800-2010. {비}1705-{비}{강도0}1800-1830.,
135,추풍령,1999-01-07,-4.4,-7.6,2200,.3,0,.17,,,,,0,26.2,270,625,10.7,270,1050,6.6,5721,270,-15.8,23,1540,41.9,1.9,988.2,1021.6,1100,1017.6,600,1019.5,9.8,8.1,1215,1.45,8.51,,,,,,2.5,2.5,-.7,-10.8,,,,,,,,,,,,.1,{눈}2350-{눈}{강도0}2400- .,
135,추풍령,1999-01-08,-8.1,-10.8,740,-4.3,1511,3.67,,,,,.3,24.9,250,1403,11,250,1430,4.3,3737,250,-14.8,40,1638,58.6,2,989.1,1023.9,2400,1017.9,1343,1020.9,9.8,8,1130,1.33,7.84,.6,2258,.6,2258,.8,2.6,2.6,-2.3,-14.1,,,,,,,,,,,,.2,-{눈}-0120. {눈}2105-2325.,
135,추풍령,1999-01-09,-8.3,-12.1,815,-4.5,1602,.5,,,,,0,21,250,1308,10,250,1320,5.7,4964,270,-16.1,37,1443,54.8,1.8,994.6,1028.8,1010,1023.9,0,1026.6,9.8,8.3,1215,1.36,7.26,,,.6,0,,1.8,.8,-2.9,-16.6,,,,,,,,,,,,0,{눈}2330-{눈}{강도0}2400-,
135,추풍령,1999-01-10,-6.1,-9.8,710,-.4,1458,.25,,,,,0,22.3,250,1258,10.7,250,1300,6.9,5968,270,-16.3,25,1324,45.6,1.7,996.1,1028.9,758,1026.3,1448,1027.8,9.8,8.3,1230,1.64,9.12,,,,,,1,1,-2.9,-12.1,,,,,,,,,,,,,-{눈}-0015.,
135,추풍령,1999-01-11,-4.2,-7.3,705,.2,1543,2.95,,,,,0,21.2,290,1407,10.2,290,1410,6.3,5441,270,-13.1,31,1320,51.1,2.3,997.2,1029.9,825,1027.4,1550,1028.8,9.8,8,1215,1.48,8.39,0,,0,,0,2.1,2.1,-1.9,-9.8,,,,,,,,,,,,.1,{눈}2103-{눈}{강도0}2400- .,
135,추풍령,1999-01-12,-4.2,-7.8,710,.5,1550,3.08,,,,,.1,21.2,270,1152,11,270,1140,6,5146,250,-10.7,37,1506,62,2.7,998,1030.5,757,1027.8,1412,1029.6,9.9,7.2,1230,1.38,7.69,.3,300,.3,300,.3,6,5.3,-1.1,-10.6,,,,,,,,,,,,.1,-{눈}-0105. {눈}0212-{눈}{강도0}0300-0310. {눈}0840-{눈}{강도0}0900-0942.,
135,추풍령,1999-01-13,-1.8,-4.4,10,1.9,1335,5.17,,,,,.1,16.4,250,320,8.3,250,500,5.4,4641,290,-8.1,47,1635,62.3,3.3,998.4,1031.1,850,1028.5,1747,1029.7,9.9,2.6,1300,1.39,6.57,,,,,,5.1,4.4,-.6,-6.2,,,,,,,,,,,,,{눈}0210-{눈}{강도0}0300-{눈}{강도0}0600-0720.,
135,추풍령,1999-01-14,-1.3,-3.7,140,3,1435,,,,,,,16.7,270,531,9,270,500,4.5,3928,270,-8.3,42,1513,59.4,3.3,995.6,1029.5,0,1024.1,1857,1026.7,9.9,6,1215,1.31,6.95,,,,,,5,4.3,-.1,-6.5,,,,,,,,,,,,0,,
135,추풍령,1999-01-15,-2.2,-4.2,635,.9,1427,3.33,,,,,.1,17.3,250,1435,9.7,250,1430,5.8,5044,270,-8.3,49,1652,63.1,3.3,993.7,1026.9,2100,1023.3,625,1024.9,9.9,4.3,1340,1.32,5.62,.2,936,.2,936,.2,5,4.4,-.8,-7.3,,,,,,,,,,,,.1,{눈}0830-{눈}{강도0}0900-1150.,
135,추풍령,1999-01-16,0,-4.9,2400,5,1532,,,,,,,19,250,146,10.7,250,150,4.7,4064,270,-10,26,2100,48.8,3,998,1034.5,2345,1025.8,135,1029.2,9.9,7,1200,1.62,8.43,,,,,,4.5,3.6,.5,-11.8,,,,,,,,,,,,,,
135,추풍령,1999-01-17,-2.5,-11.8,735,6.6,1434,,,,,,,7.6,200,1308,4.3,200,1410,.8,700,250,-12.5,22,1500,50,2.4,1001.2,1036.3,910,1029.7,1757,1032.7,10,7,1200,1.59,8.47,,,,,,3,1.8,-1,-17.4,,,,,,,,,,,,,,
135,추풍령,1999-01-18,1.3,-5.5,825,10.4,1502,,,,,,,7.1,250,1135,5.2,250,1130,1.2,1027,50,-6.2,24,1426,60.1,3.9,997.4,1031,906,1025.6,2400,1028.3,10,7.9,1230,1.58,8.96,,,,,,2.1,1.9,1,-10.9,,,,,,,,,,,,.7,,
135,추풍령,1999-01-19,2.9,-.6,707,7.6,1554,3.97,,,,,.7,12.1,250,1450,6.3,270,1620,2.7,2294,270,-2.4,50,1610,69.5,5.2,992.4,1025.6,0,1020.8,1437,1022.9,10,2.1,1353,1.22,4.68,2.1,900,2.1,900,2.1,7,4.8,2.1,-1.7,,,,,,,,,,,,0,{눈}0512-{눈}{강도0}0600-{눈}{강도0}0900-0910. {박무}0820-{박무}{강도0}0900-1038.,
135,추풍령,1999-01-20,-1.4,-3.3,833,2.2,0,,,,,,,16.9,250,1322,9.7,250,1230,5.6,4846,250,-12.4,17,1535,45.5,2.5,995.7,1028.8,2400,1023.8,207,1026.8,10,8.1,1300,1.91,11.99,,,,,,2,2,.4,-6.2,,,,,,,,,,,,,,
135,추풍령,1999-01-21,-.9,-7.8,748,4.7,1505,,,,,,,13.7,250,1328,8.8,250,1320,3.4,2954,250,-9.3,33,1550,54.4,3,996.3,1030.3,1000,1024.8,2400,1027.3,10.1,7.3,1245,2.02,11.5,,,,,,1.4,1.4,-.1,-12.7,,,,,,,,,,,,,,
135,추풍령,1999-01-22,3.8,-1.3,10,9.5,1603,,,,,,,11.7,250,1143,7,250,1210,3.4,2969,250,-3.7,41,1545,58.5,4.7,992.8,1024.8,0,1020.9,1650,1023.3,10.1,6.6,1300,1.37,7.72,,,,,,4.8,4.8,2.8,-7.8,,,,,,,,,,,,,,
135,추풍령,1999-01-23,2.4,-3.2,310,6.3,1218,6.87,,,,,.5,6.2,180,1220,4.3,160,1230,.9,798,110,-1.2,53,1224,77.8,5.6,991.3,1024.4,347,1019.2,1605,1021.9,10.1,0,1115,.66,2.19,,,,,,8.6,5.3,1.9,-8.7,,,,,,,,,,,,1,{비}1708-{비}{강도0}1800-{비}{강도0}2100-{비}{강도0}2400- .,
135,추풍령,1999-01-24,5,.4,2400,11.5,1540,2.58,,,,,.5,6.1,110,630,3.8,70,620,1.3,1115,160,1.9,51,1550,81.1,7,990,1022.3,855,1017.5,2400,1020.2,10.1,2.1,1315,1.12,4.49,,,,,,6.8,3.3,5.4,-3.7,,,,,,,,,,,,0,-{비}-0235.,
135,추풍령,1999-01-25,3.9,-.1,219,8.7,1423,4.73,,,,,.2,19.7,290,1443,11,290,1440,4.2,3630,270,-3.5,31,1925,62,5.1,982.5,1017.7,20,1009.3,1340,1012.7,10.2,3.3,1223,1.25,4.16,,,,,,5.9,3.4,3.7,-2.9,,,,,,,,,,,,.2,{비}0725-{비}{강도0}0900-{비}{강도0}1200-1209. {황사}1240-{황사}{강도0}1500-{황사}{강도0}1800-{황사}{강도0}2100-{황사}{강도0}2400- .,
135,추풍령,1999-01-26,2.6,-2.3,820,8.3,1531,,,,,,,15,250,1413,8.3,250,1330,3.8,3305,270,-8.8,24,1520,42.9,3.2,987.7,1019.4,2400,1014.7,0,1018.2,10.2,8.5,1145,1.53,8.76,,,,,,0,0,1.9,-7.5,,,,,,,,,,,,,-{황사}-{황사}{강도0}0300-{황사}{강도0}0600-{황사}{강도0}0900-{황사}{강도0}1200-{황사}{강도0}1500-{황사}{강도0}1800-{황사}{강도0}2100-{황사}{강도0}2400- .,
135,추풍령,1999-01-27,3.4,-3.7,738,11,1352,,,,,,,17.9,270,1202,9.2,270,1210,3.5,2981,270,-4,31,1517,60.9,4.7,985.6,1019.4,0,1012,1643,1016,10.2,7,1100,1.51,7.98,,,,,,3.9,3.8,3.1,-7,,,,,,,,,,,,,-{황사}-{황사}{강도0}0300-{황사}{강도0}0600-{황사}{강도0}0900-{황사}{강도0}1200-{황사}{강도0}1500-{황사}{강도0}1800-{황사}{강도0}2100-{황사}{강도0}2400- .,
135,추풍령,1999-01-28,-2.3,-6.2,2400,2.5,1550,,,,,,,17.4,250,358,10,250,430,5.6,4849,270,-18.7,15,1350,28.1,1.4,990.9,1023.5,908,1018.3,0,1022,10.3,8.1,1215,1.62,9.84,,,,,,0,0,.3,-12,,,,,,,,,,,,.1,-{황사}-{황사}{강도0}0300-0340.,
135,추풍령,1999-01-29,-3.5,-7.1,200,.3,1540,1.43,,,,,.1,21.4,270,1347,12,270,1150,5.4,4692,270,-12,30,1305,53.3,2.5,990.1,1023.9,2400,1018.6,400,1021.2,10.3,8.8,1200,1.68,10.04,.1,500,.1,500,.1,2.6,1.9,-.5,-11.8,,,,,,,,,,,,0,{눈}0408-0534.,
135,추풍령,1999-01-30,-4.6,-8.3,740,1.4,1555,4.6,,,,,0,14.3,250,1240,8,250,1240,4.2,3657,270,-13.6,27,1640,52.4,2.2,992.3,1025.5,940,1021.7,1457,1023.7,10.3,8.5,1215,1.7,9.86,,,,,,3.1,2.9,-1.1,-12.1,,,,,,,,,,,,0,{눈}0550-{눈}{강도0}0600-{눈}{강도0}0900-1026.,
135,추풍령,1999-01-31,-1.3,-11.2,747,10.2,1543,,,,,,,5.8,160,1225,3.3,200,1510,.5,457,180,-12.9,14,1500,47.6,2.3,990.2,1024.8,910,1017.6,1813,1021.2,10.3,8.9,1215,1.72,10.5,,,,,,1.3,.9,-.3,-15.2,,,,,,,,,,,,,,
135,추풍령,1999-02-01,.8,-5.5,655,7.2,1530,,,,,,,10.3,250,1633,7.3,250,1600,3,2609,250,-8.2,36,2150,51.3,3.4,986.3,1019.7,0,1014.5,1610,1016.9,10.4,6.1,1404,1.17,7.33,,,,,,3,1.4,1.1,-8.7,,,,,,,,,,,,,,
135,추풍령,1999-02-02,-3.5,-6.8,2400,-.5,0,7.42,,,,,2.3,18,270,1428,9.7,270,1430,4.5,3864,270,-10,38,930,62.1,2.9,983.3,1017.2,0,1012.5,1428,1014.4,10.4,.7,1150,1.22,4.91,3.2,2400,3.2,2400,4.5,7.9,3.8,-.4,-8.9,,,,,,,,,,,,2.7,{눈}0925-{눈}{강도1}1200-1235. {눈}1413-{눈}{강도0}1500-1635. {눈}2107-2245. {눈}2345-{눈}{강도1}2400- .,
135,추풍령,1999-02-03,-8.8,-12.5,757,-4.4,1605,.32,,,,,.4,19,250,1655,11,250,1200,6.3,5464,250,-16.7,43,1630,52.6,1.7,989.6,1028.2,2400,1015.1,0,1021.4,10.4,8.8,1200,1.75,10.91,1.2,17,4.5,17,1.2,1.5,1.5,-1,-14.9,,,,,,,,,,,,,-{눈}-0019.,
135,추풍령,1999-02-04,-6.2,-13.8,718,-1.1,1527,,,,,,,19.4,250,1455,9.5,250,1320,4.3,3749,270,-12.1,43,1530,63.9,2.5,994.4,1028.5,100,1023.7,1734,1026.1,10.5,7.8,1230,1.89,10.29,,,,,,2.3,2.3,-1.3,-16.1,,,,,,,,,,,,,,
135,추풍령,1999-02-05,-.8,-4.8,436,3.1,1626,,,,,,,18.9,250,1329,10,250,1330,6.3,5426,250,-9.4,29,1424,54.3,3.1,997.3,1030.5,2252,1025.7,0,1028.4,10.5,8.3,1130,2.37,15.87,,,,,,2.9,2.9,-.5,-8,,,,,,,,,,,,,,
135,추풍령,1999-02-06,.7,-4.9,820,6.4,1439,,,,,,,11.8,250,1407,7.2,250,1300,3.9,3390,270,-9.2,23,1600,51.5,3.1,998.2,1031.8,835,1026.7,1532,1029.1,10.5,8.5,1135,2.19,14.47,,,,,,2.4,1,-.2,-10.4,,,,,,,,,,,,,,
135,추풍령,1999-02-07,3.2,-3.2,232,9.2,1545,,,,,,,14.1,270,1637,8.3,270,1610,3.8,3240,250,-3,39,1550,64.3,5,995.4,1028.3,255,1023.2,1628,1026,10.6,3.7,1215,1.54,6.79,,,,,,5.3,4.9,1,-8.1,,,,,,,,,,,,,,
135,추풍령,1999-02-08,4.1,-2.2,2358,11,1501,,,,,,,12.5,250,1520,7.7,250,1540,3.1,2647,270,-5.9,19,1606,54.5,4.2,993.8,1025.9,900,1021.6,1515,1024.2,10.6,8.1,1200,2.31,12.99,,,,,,1.8,.8,3.1,-9,,,,,,,,,,,,,{박무}0640-{박무}{강도0}0900-{박무}{강도0}1200-1310.,
135,추풍령,1999-02-09,4.3,-3.4,145,10.3,1409,,,,,,,16,250,1514,9.3,250,1210,4.3,3741,250,-7.1,15,1557,49.1,3.8,992.3,1025.2,0,1020.5,1526,1022.7,10.6,8.1,1130,2.39,12.95,,,,,,1.1,1.1,2.7,-9.8,,,,,,,,,,,,,{박무}0530-{박무}{강도0}0600-{박무}{강도0}0900-1050.,
135,추풍령,1999-02-10,3.2,-2.1,805,8.2,1510,.83,,,,,0,12.2,270,2104,7.3,270,2120,2.3,1954,270,-3.9,27,1353,62.4,4.6,992.3,1026.1,935,1019.9,1730,1022.7,10.7,0,1100,1.15,6.83,,,,,,8.3,5.9,3.7,-6.6,,,,,,,,,,,,.1,{박무}0640-{박무}{강도0}0900-1110. {눈}2310-{눈}{강도0}2400- .,
135,추풍령,1999-02-11,.6,-1.7,810,5.6,1356,3.45,,,,,2.1,16,270,1644,9.3,270,1230,5.8,5052,270,-5,39,1334,67.3,4.3,988.1,1021.3,0,1016.6,1435,1018.8,10.7,6.7,1200,2.24,13.98,2.7,1750,2.7,1750,2.7,5.5,4.4,2.7,-5.4,,,,,,,,,,,,2,-{눈}-0203. {눈}1630-1754. {박무}0245-{박무}{강도0}0300-0530.,
135,추풍령,1999-02-12,-4.1,-6.2,2358,-1,0,2.12,,,,,0,23.6,250,1640,12.3,270,1420,6,5200,270,-14.2,22,1520,48.3,2.2,993.1,1027.5,2204,1020.7,233,1024.5,10.7,8.1,1200,2.5,15.97,,,1.7,0,,3.6,2.9,.3,-9.8,,,,,,,,,,,,,{눈}0230-{눈}{강도0}0300-0320. {눈}0510-{눈}{강도0}0600-0627.,
135,추풍령,1999-02-13,-3.6,-8.1,605,2.5,1559,,,,,,,16.8,270,147,7.7,250,1430,5.4,4654,250,-15.9,19,1540,39.1,1.8,996.6,1030.1,2400,1025.8,1640,1028,10.8,8.7,1200,2.3,15.62,,,,,,0,0,-1.1,-11.3,,,,,,,,,,,,,,
135,추풍령,1999-02-14,-.6,-9.2,705,7.4,1414,,,,,,,12,250,1145,7.8,250,1200,1.8,1549,270,-6.4,51,1445,65.4,4,999.9,1032.7,903,1028.9,1510,1031.2,10.8,3.2,1130,2.11,10.31,,,,,,5.5,3.3,1.4,-13.7,,,,,,,,,,,,,,
135,추풍령,1999-02-15,3.1,-3.3,740,11.2,1504,,,,,,,11.8,270,1558,7,250,1400,1.5,1309,250,-4.7,28,1540,61.8,4.4,998.6,1031.9,0,1026.3,1557,1029.3,10.8,7.1,1200,1.88,11.07,,,,,,4.5,3.5,3.5,-9,,,,,,,,,,,,,,
135,추풍령,1999-02-16,3.5,-6,735,13,1435,,,,,,,15.2,250,1517,8,270,1710,2.1,1783,270,-4.5,24,1530,61.8,4.4,994.1,1029.1,0,1020.8,1635,1024.6,10.9,8.3,1215,1.84,11.22,,,,,,1.6,1,3.9,-11,,,,,,,,,,,,,,
135,추풍령,1999-02-17,7.4,-.9,203,12.7,1425,,,,,,,16.2,270,1545,8,230,1300,3.2,2769,250,1,42,1230,65.8,6.6,988.8,1022.3,0,1016.1,1515,1018.7,10.9,1.9,1030,1.23,6.25,,,,,,7.3,4.4,7,-6.3,,,,,,,,,,,,3.6,{박무}1520-{박무}{강도0}1800-{박무}{강도0}2100-{박무}{강도0}2400- .,
135,추풍령,1999-02-18,4.3,-1.3,2400,8.9,0,4.42,,,,,3.6,12.8,250,1548,7.2,250,1600,4.5,3925,270,-7.1,13,1642,48.8,4.1,989.6,1022.4,2400,1018.2,430,1020,11,5.1,1215,1.47,7.65,,,,,,5.5,4.1,7.2,-4.2,,,,,,,,,,,,0,-{박무}-{박무}{강도0}0300-{박무}{강도0}0600-{박무}{강도0}0900-{박무}{강도0}1200-1303. {비}0005-{비}{강도0}0300-0430.,
135,추풍령,1999-02-19,-1.2,-3.8,723,3.5,1502,.18,,,,,0,19.5,250,902,10.2,270,1400,7.1,6111,270,-9.9,25,1653,53.6,2.9,992.6,1025.1,957,1022.2,1653,1023.6,11,8.5,1215,2.02,12.15,,,,,,2.6,2.6,2,-5.8,,,,,,,,,,,,.6,{눈}0719-0730.,
135,추풍령,1999-02-20,-2.2,-4.5,723,2.4,1547,6.78,,,,,.6,17.5,270,1610,10.3,250,1240,4.5,3913,270,-10.9,25,1618,54.1,2.8,993.6,1025.8,1100,1023.1,1550,1024.7,11,5.9,1145,1.52,8.27,1.5,758,1.5,758,1.5,5.4,4.5,1.2,-6,,,,,,,,,,,,0,{눈}0220-{눈}{강도0}0300-{눈}{강도0}0600-0830. {눈}0932-1009.,
135,추풍령,1999-02-21,-1.9,-6.5,722,3,1530,.33,,,,,0,19.7,250,1316,11.3,270,1330,6.2,5314,270,-12.5,22,1554,45.6,2.4,994.6,1027.2,2255,1024.1,1513,1025.8,11.1,9.2,1230,2.23,15.04,,,,,,1.4,.5,.9,-9.4,,,,,,,,,,,,,{눈}0250-{눈}{강도0}0300-0310.,
135,추풍령,1999-02-22,2.1,-2.2,438,6.7,1535,,,,,,,18,270,1212,8.8,270,1600,5.5,4790,270,-6.2,37,1610,55,3.9,995,1027.1,2400,1023.4,1608,1025.7,11.1,5.7,1215,1.71,9.7,,,,,,3.8,3.8,2.3,-5.9,,,,,,,,,,,,,,
135,추풍령,1999-02-23,4.2,-2.9,708,10,1547,,,,,,,10.5,270,17,5.8,270,10,2.3,1970,250,-4.9,26,1536,55.3,4.3,995.2,1028.8,1057,1023.3,1731,1025.7,11.1,2.9,1115,1.54,8.23,,,,,,7.5,4.4,3.9,-7.7,,,,,,,,,,,,3.9,,
135,추풍령,1999-02-24,2.5,.1,754,4.9,0,9.25,,,,,4.8,10,160,122,4.5,160,110,1,823,110,.5,45,0,87,6.4,988.8,1023.9,0,1015.5,1500,1019.3,11.2,0,1300,.48,2.22,2.9,1000,2.9,1000,2.9,10,4.4,3.4,0,,,,,,,,,,,,.9,{비}0118-{비}{강도0}0300-{진눈깨비}0330-{눈}0425-{눈}{강도0}0600-{눈}{강도0}0900-1033. {박무}0840-{박무}{강도1}0900-1110.,
135,추풍령,1999-02-25,6,1.2,2400,12.9,1503,,,,,,,8.2,270,103,5.6,270,110,2.3,2017,250,-1.1,30,1548,63.8,5.7,992.4,1025,800,1020.7,1810,1022.6,11.2,8.6,1200,2.57,18.15,,,,,,4.5,1.1,6.7,-2.4,,,,,,,,,,,,0,{박무}0710-{박무}{강도0}0900-1040.,
135,추풍령,1999-02-26,2.8,.6,325,4,1405,8.17,,,,,6.3,11.3,250,2234,6.7,250,2250,2.2,1921,250,.8,77,524,86.1,6.5,987.8,1022.1,0,1015.4,1550,1018.2,11.2,0,1330,.45,1.9,,,,,,9.9,4.8,3.6,-2.8,,,,,,,,,,,,6.3,{박무}0720-{박무}{강도0}0900-{박무}{강도0}1200-{박무}{강도0}1500-{박무}{강도0}1800-{박무}{강도0}2100-{박무}{강도0}2400- {비}0830{비}{강도0}0900-{비}{강도0}1200-{비}{강도0}1500-1640.,
135,추풍령,1999-02-27,-.8,-4.2,2400,4,200,,,,,,,22.9,250,517,10.7,250,1200,7,6036,250,-13.9,16,1630,38.1,2.3,993,1029.2,2400,1017.1,350,1024,11.3,9.3,1200,2.47,18.79,,,,,,1.8,1.8,2.5,-7,,,,,,,,,,,,,-{박무}-{박무}{강도0}0300-0312. {황사}1030-{황사}{강도0}1200-1430.,
135,추풍령,1999-02-28,-.2,-6,747,5.4,1624,,,,,,,14.8,250,303,7.3,270,420,4.8,4142,250,-12,22,1620,41.8,2.5,995.5,1030.7,600,1022.7,1700,1026.5,11.3,9.1,1200,2.01,12.19,,,,,,2.8,1.9,1.6,-9.9,,,,,,,,,,,,,,
135,추풍령,1999-03-01,5.9,-.6,250,11.3,1502,,,,,,,17.2,270,2108,9,270,2200,5.4,4646,270,-3.3,31,1502,52.8,4.9,988.1,1022.9,0,1015.1,1758,1018.2,11.4,7.5,1130,2.05,12.65,,,,,,4.1,3.1,4.7,-4.2,,,,,,,,,,,,,,
135,추풍령,1999-03-02,6.6,2.5,2400,12.4,1506,,,,,,,13.5,270,3,7.6,270,210,3.7,3209,250,-7.4,14,1455,41.3,3.8,990.2,1021.5,843,1017.9,0,1020.3,11.4,7.9,1215,1.95,12.13,,,,,,4.9,2,6.9,-1.8,,,,,,,,,,,,,,
135,추풍령,1999-03-03,7.4,-.6,315,16.4,1451,,,,,,,14,250,1413,8.3,250,1400,2.3,1963,270,-3.6,20,1114,48.4,4.8,988.9,1021.2,0,1015.6,1510,1018.8,11.4,8,1215,2.02,12.25,,,,,,2.5,0,6.5,-6.1,,,,,,,,,,,,,{달무리}0230-0340.,
135,추풍령,1999-03-04,8.8,-2.5,655,20.1,1403,,,,,,,9.7,110,1520,5,140,1530,1.5,1275,160,-6.4,12,1550,44,4,983.7,1019.4,130,1008.4,2400,1013.3,11.5,7.8,1310,2.1,13.01,,,,,,2.9,1.1,8.4,-7.5,,,,,,,,,,,,3.5,,
135,추풍령,1999-03-05,8.6,1.9,2400,13.2,1502,2.5,,,,,3.5,24.6,250,1558,11.7,250,1600,4.6,3935,270,-3,14,1740,49.6,5.8,979.7,1016.8,2400,1004.1,757,1009.3,11.5,5,1245,2.32,9.2,,,,,,6.8,3.9,8.6,-1.6,,,,,,,,,,,,0,{비}0504-0538. {비}0714-{비}{강도0}0900-0910. {박무}1020-{박무}{강도0}1200-1240.,
135,추풍령,1999-03-06,6.6,-1,547,14.4,1400,3.07,,,,,1,8,160,1340,4.7,70,1130,1.8,1541,50,-2.6,32,1400,53.4,5.2,985.8,1018.6,920,1010.3,1807,1014.4,11.6,4.6,1245,2.01,10.52,,,,,,7.9,5.1,7.2,-5.6,,,,,,,,,,,,1,{비}2008-{비}{강도0}2100-2312.,
135,추풍령,1999-03-07,4.2,.6,2400,9.1,1531,,,,,,,10.2,270,423,7.2,270,1110,4,3438,250,-5.4,22,1650,51.3,4.3,982.4,1015.7,2400,1010.5,1422,1012.5,11.6,5.7,1345,1.27,7.14,,,,,,5.9,4,6,-5.2,,,,,,,,,,,,,,
135,추풍령,1999-03-08,2.9,-.5,118,7.4,1103,,,,,,,8.2,140,1105,4.7,70,900,2.2,1885,270,-4,44,1825,60.8,4.5,986.3,1019.5,2400,1014.1,1425,1016.6,11.6,0,1038,1.27,5.3,,,,,,8.8,5.8,3.9,-3.6,,,,,,,,,,,,,,
135,추풍령,1999-03-09,2.2,-1.3,445,8.3,1602,,,,,,,9.6,250,1514,6,250,1600,3,2593,250,-7.4,26,1610,50.9,3.6,990.2,1023.1,2257,1018.4,1432,1020.7,11.7,5.1,1315,1.71,8.31,,,,,,7,6,4.2,-5.8,,,,,,,,,,,,,,
135,추풍령,1999-03-10,5.5,.1,12,11.6,1335,,,,,,,8.9,230,1215,6.7,230,1220,2.9,2480,250,-7.6,25,1622,38.3,3.5,991.6,1024.2,800,1019,1715,1021.8,11.7,4.3,1230,1.73,9.87,,,,,,9.6,7.8,5.9,-2.7,,,,,,,,,,,,,,
135,추풍령,1999-03-11,3.6,-.4,740,9.8,1618,,,,,,,11.5,250,1543,8.2,250,1340,4.1,3510,250,-12.2,12,1530,36.5,2.7,993.1,1025.6,2400,1021.9,1743,1023.6,11.7,9.1,1200,2.36,16.07,,,,,,4.9,4,6.4,-5.8,,,,,,,,,,,,,,
135,추풍령,1999-03-12,4.1,-3.1,710,11.8,1630,,,,,,,8.6,290,10,4.5,290,10,.8,733,70,-9.6,17,1310,39.1,3,995.1,1028.3,915,1022.9,1710,1025.6,11.8,7.8,1245,1.71,11.97,,,,,,7.3,5,5.9,-7.4,,,,,,,,,,,,,,
135,추풍령,1999-03-13,7.5,-3.1,703,18.7,1512,,,,,,,6.4,160,1329,3.8,70,1630,.9,770,70,-4.6,15,1720,49.3,4.4,992.6,1025.7,758,1019,1556,1022.6,11.8,9.5,1230,2.2,14.93,,,,,,0,0,9.6,-7.2,,,,,,,,,,,,,,
135,추풍령,1999-03-14,8,1.3,350,15.8,1308,8.57,,,,,16.6,9.5,70,2245,5.2,70,2310,1.1,916,70,1,29,1252,66.8,6.8,988.3,1022.2,20,1015.3,2400,1018.1,11.9,.9,1123,1.4,6.23,,,,,,7.8,4,8.4,-3.5,,,,,,,,,,,,43.6,{비}1526-{비}{강도0}1800-{비}{강도0}2100-{비}{강도0}2400- {박무}1710-{박무}{강도0}1800-{박무}{강도0}2100-{박무}{강도0}2400- .,
135,추풍령,1999-03-15,5.5,1.1,2400,10,1707,12.67,,,,,27.9,10.1,50,309,4.5,70,10,1.7,1511,50,1.5,49,1740,77.4,6.9,982.7,1015.7,2400,1010.6,1440,1012.8,11.9,1.1,1400,1.13,4.42,,,,,,7.6,4.1,7.1,-3.8,,,,,,,,,,,,.9,-{비}-{비}{강도1}0300-{비}{강도0}0600-{비}{강도0}0900-{비}{강도0}1200-1240. -{박무}-0210.,
135,추풍령,1999-03-16,7.3,-1.9,658,17.5,1558,,,,,,,7.5,250,1230,5.7,250,1220,1.1,962,230,-1.8,21,1710,59.4,5.4,985.8,1017.9,913,1012.8,1820,1015.6,11.9,9.5,1145,2.08,14.5,,,,,,3.4,3.1,7.7,-6,,,,,,,,,,,,,,
135,추풍령,1999-03-17,9.7,1,715,17.7,1634,,,,,,,7.2,250,1008,5.8,250,1100,1.4,1193,250,2.1,32,1608,62.1,7.1,986.8,1018.5,958,1013.3,1540,1016.3,12,8.7,1130,2.2,14.25,,,,,,3.3,3.3,10.6,-3.2,,,,,,,,,,,,,,
135,추풍령,1999-03-18,11.4,6.7,245,15.2,1500,8.78,,,,,9.5,8.8,70,2259,5.3,50,2310,1.8,1523,70,8,62,1115,80.4,10.9,982.5,1017.3,0,1007.2,2305,1011.8,12,0,1000,1,3.67,,,,,,8.8,5.3,11.2,2.7,,,,,,,,,,,,14.4,{비}1513-{비}{강도0}1800-{비}{강도0}2100-{비}{강도0}2400- {박무}1720-{박무}{강도0}1800-{박무}{강도0}2100-{박무}{강도0}2400-,
135,추풍령,1999-03-19,5.1,1.1,1725,13.4,0,7.98,,,,,8.7,12.6,90,1323,6.7,70,1240,4,3424,70,.4,56,2320,72.3,6.6,985.8,1021.3,2142,1007.2,110,1015.8,12.1,0,1200,.48,1.65,,,,,,10,5,7.4,.1,,,,,,,,,,,,4.3,-{박무}-{박무}{강도0}0300-0523. -{비}-{비}{강도0}0300-0514. {비}1154-{비}{강도0}1200-1210. {비}1516-{진눈깨비}1620-{비}1730-1745.,
135,추풍령,1999-03-20,2.7,-.5,806,6.1,1418,3.4,,,,,.5,9.5,70,20,4.8,140,2030,2.3,2027,90,-3.6,49,207,63.6,4.7,990.6,1023.2,1053,1018.4,1920,1021.2,12.1,.4,1306,1.24,5.71,.5,840,.5,840,.5,10,4,4.9,-.6,,,,,,,,,,,,.2,{눈}0520-{눈}{강도0}0600-0844.,
135,추풍령,1999-03-21,.5,-3.5,2400,4.8,1140,5.07,,,,,1.7,18.7,270,1834,8.3,250,1550,3.8,3253,250,-5.8,30,2000,65.5,4.4,986.5,1022.3,2400,1014,1500,1017.2,12.1,0,1100,.82,4.11,,,,,,7.3,3.1,3.5,-5.6,,,,,,,,,,,,1.5,{비}0739-{진눈깨비}0835-0853. {비}1150-{비}{강도0}1200-{진눈깨비}1430-{진눈깨비}{강도0}1500-{눈}1530-1540.,
135,추풍령,1999-03-22,-1.1,-6.1,705,5,1633,,,,,,,17.2,290,45,8.7,290,40,4.7,4083,250,-17,13,1945,29.3,1.6,995.6,1028.8,1045,1022.3,0,1026.8,12.2,10.6,1200,2.49,18.44,,,,,,.3,.3,2.5,-9.7,,,,,,,,,,,,,,
135,추풍령,1999-03-23,3.4,-3.4,647,12.7,1655,,,,,,,7.4,270,232,6,270,150,2.1,1852,250,-10.4,14,1650,39.1,2.8,995.6,1029.5,820,1022.6,1640,1026.2,12.2,9.8,1130,2.27,16.47,,,,,,.8,0,5.2,-6.7,,,,,,,,,,,,,,
135,추풍령,1999-03-24,1.8,-3.6,705,5.4,1025,9.17,,,,,4.3,5.7,70,1403,3.8,70,1400,.9,739,70,-1.8,44,1040,78.3,5.5,991,1025.1,0,1018.7,2150,1021.6,12.3,0,927,.62,2.76,,,,,,7.5,2.1,3,-8.6,,,,,,,,,,,,4.3,{비}1135-{비}{강도0}1200-{비}{강도0}1500-{비}{강도0}1800-{이슬비}1920-2045. {박무}1740-{박무}{강도0}1800-{박무}{강도1}2100-{박무}{강도1}2400- .,
135,추풍령,1999-03-25,8.1,1.5,330,15.4,1619,,,,,,,8.5,230,1454,6.2,230,1500,.5,458,110,4.5,52,1613,79.4,8.5,985.3,1018.9,0,1011.7,2400,1015.1,12.3,3.1,1215,1.45,7.7,,,,,,7.8,5.5,8.9,-1.3,,,,,,,,,,,,4.7,-{박무}-{박무}{강도2}0300-{시정(미만)}{1km}{안개}0345-{시정(미만)}{0.5km}{안개}0420-{시정(미만)}{0.2km}{안개}0510-{안개}{강도1}0600-{안개}{강도1}0900-{시정(이상)}{0.2km}{안개}0930-{시정(이상)}{0.5km}{안개}1000-{시정(이상)}{1km}{박무}1050-{박무}{강도1}1200-1240.,7.08
135,추풍령,1999-03-26,8.5,5.6,2400,10.7,1348,17.92,,,,,12.6,8.8,70,1942,4.8,70,2000,1.1,940,70,7,84,1833,89.9,10,981,1015.3,2400,1007.6,1502,1010.5,12.3,0,1300,.24,1.29,,,,,,10,5.4,9.1,5.3,,,,,,,,,,,,8.3,{박무}0540-{박무}{강도0}0600-{시정(미만)}{1km}{안개}0710-{시정(미만)}{0.5km}{안개}0730-{시정(미만)}{0.2km}{안개}0740-{시정(이상)}{0.2km}{안개}0810-{시정(이상)}{0.5km}{안개}0820-{시정(이상)}{1km}{박무}0840-{박무}{강도2}0900-{박무}{강도0}1200-{박무}{강도0}1500-{박무}{강도0}1800-{박무}{강도0}2100-{박무}{강도0}2400- {이슬비}0605-{비}0625-{비}{강도1}0900-{이슬비}1040-{비}1118-{비}{강도0}1200-{비}{강도0}1500-{비}{강도0}1800-{비}{강도0}2100-{이슬비}2340-{이슬비}{강도0}2400- .,1.5
135,추풍령,1999-03-27,8.6,3.4,650,15.9,1352,2.6,,,,,.4,17.6,250,1703,7,250,1740,2.1,1787,270,-5,15,1654,45.3,4.8,989.9,1024.3,2400,1015.3,0,1019.7,12.4,9.3,1145,2.25,15.76,,,,,,2.5,1.6,11.5,.2,,,,,,,,,,,,,-{이슬비}-0236. -{박무}-{박무}{강도0}0300-0410.,
135,추풍령,1999-03-28,4.3,.5,650,9.7,1356,,,,,,,17.5,250,1545,10.3,250,1600,5.3,4603,250,-14.5,13,1730,23.6,2.1,996.6,1030,2400,1024.3,0,1027.1,12.4,10.3,1145,3.12,21.76,,,,,,.3,.3,7.1,-3.4,,,,,,,,,,,,,,
135,추풍령,1999-03-29,3.5,-2.5,635,9.9,1508,,,,,,,9.2,290,55,5.5,290,100,1.3,1089,160,-9.2,23,1355,39.1,3.1,997.9,1030.6,732,1025.9,1520,1028.5,12.5,6.2,1145,1.6,10.17,,,,,,6.4,6.4,6.3,-5.8,,,,,,,,,,,,,,
135,추풍령,1999-03-30,7.2,-1.3,705,16,1502,,,,,,,9,70,1410,4.8,50,1230,1.2,1060,90,-2.9,24,1625,51.3,5,994.2,1027.8,0,1020.5,1635,1024.3,12.5,8.6,1130,2.3,16.3,,,,,,1.4,.5,12,-5.9,,,,,,,,,,,,,,
135,추풍령,1999-03-31,9.7,-1.3,656,20.3,1458,,,,,,,8.1,250,958,6.2,250,1000,.8,650,160,-2.9,17,1346,49.3,5,992.6,1025.3,558,1018.8,1550,1022.4,12.5,9.5,1145,2.23,15.66,,,,,,2.1,0,13.6,-5.4,,,,,,,,,,,,,,
135,추풍령,1999-04-01,9.7,2.7,420,15.5,1253,5.37,.8,2130,2.1,2100,4.2,5.6,230,1835,3.5,230,2400,.5,448,90,3.7,37,1310,68,8.3,987.9,1022.4,810,1013.4,1800,1017.5,12.6,.2,1215,1.22,4.06,,,,,,8.1,3.5,10.2,-1.6,,,,,,,,,,,,7.5,{비}1820-{비}{강도0}2100-2342.,
135,추풍령,1999-04-02,9.2,4.8,2400,12.8,1501,3.5,.8,240,2.6,210,3.3,15.3,250,1528,10,250,1510,4.5,3928,250,-.2,24,1720,55.3,6.6,988.2,1023.5,2400,1012.9,310,1017.9,12.6,7.7,1100,2.27,15.15,,,,,,5.3,3.1,11,1.5,,,,,,,,,,,,,{비}0210-{비}{강도0}0300-0540.,
135,추풍령,1999-04-03,5.8,1.7,628,11.9,1515,,,,,,,14.2,270,220,9.3,270,230,4.7,4019,270,-4,32,1720,50.8,4.6,993.9,1026.7,945,1021.9,1700,1024.2,12.6,6.1,1230,1.99,11.9,,,,,,6.3,4.6,9.5,-1.1,,,,,,,,,,,,,{달무리}2345-.,
135,추풍령,1999-04-04,8.3,-1.6,630,16.6,1247,,,,,,,15.8,250,1632,8.3,250,1650,3.4,2906,250,-4.2,15,1839,48.1,4.6,988.7,1023.5,0,1014.6,1740,1018.5,12.7,10.3,1215,2.38,17.31,,,,,,1.3,1,11.5,-6.5,,,,,,,,,,,,,-{달무리}-0130.,
135,추풍령,1999-04-05,11,1.1,634,20,1518,3.47,2.4,2150,6.3,2101,8.4,13.3,160,2145,8,110,1500,2.6,2240,140,.9,21,1527,55.4,6.6,983.3,1018.6,600,1007.6,2040,1012.7,12.7,9,1200,2.16,14.22,,,,,,5.4,2.4,14.5,-3.1,,,,,,,,,,,,9.1,{비}1940-2009. {비}2101-{비}{강도0}2400- .,
135,추풍령,1999-04-06,5.2,4.2,2400,7.6,0,6.47,.3,1135,.6,1128,1.6,18.4,250,1034,11,250,1040,4.3,3719,250,2.8,62,525,84.4,7.5,980.8,1018.4,2400,1003.6,510,1010.8,12.8,0,1030,1.38,5.78,,,,,,9.1,5.3,8,1.4,,,,,,,,,,,,.9,-{비}-0018. {박무}0035-{박무}{강도0}0300-0350. {비}0720-{비}{강도0}0900-{비}{강도0}1200-1330.,
135,추풍령,1999-04-07,6.8,-.7,643,13.8,1550,,,,,,,11.2,250,1520,6.7,250,1530,2.1,1856,250,-1.2,27,1640,61.4,5.6,992,1024.7,2400,1018.4,0,1022,12.8,10.4,1230,2.26,15.34,,,,,,1.3,.8,9.9,-5,,,,,,,,,,,,,{박무}0645-{시정(미만)}{1km}{안개}0650-{시정(이상)}{1km}{박무}0710-0730.,.33
135,추풍령,1999-04-08,9.7,-.4,640,18.6,1555,,,,,,,9.3,270,1419,5.8,270,1420,1,829,290,-.9,23,1548,54,5.8,993.5,1026.1,810,1020.2,1758,1023.3,12.8,10,1245,2.26,16.53,,,,,,3.6,2.5,13.1,-3.6,,,,,,,,,,,,,,
135,추풍령,1999-04-09,9.1,4.8,350,11.7,1145,12.53,1.5,2140,4.5,1800,28.2,19,70,2047,8.3,90,2200,2.1,1836,90,6.2,62,1050,82.1,9.7,987,1022.6,0,1006.9,2305,1016.7,12.9,0,1045,.43,1.93,,,,,,10,4,9.6,2.3,,,,,,,,,,,,35.4,{비}1128-{비}{강도0}1200-{비}{강도0}1500-{비}{강도1}1800-{비}{강도0}2100-{비}{강도1}2400- {박무}1548-{박무}{강도0}1800{박무}{강도0}2100-{박무}{강도0}2400- .,
135,추풍령,1999-04-10,12,10.8,30,14.6,1604,14.93,.5,110,1.9,0,12.2,20.6,90,29,10,90,20,4.3,3746,50,8.3,56,1815,79.3,11,978.9,1014.8,2312,1003.3,450,1008,12.9,0,1300,.72,4.78,,,,,,9.4,5,11.7,6.5,,,,,,,,,,,,5,-{비}-{비}{강도0}0300-{비}{강도0}0600-{비}{강도0}0900-{비}{강도0}1200-1456. -{박무}-{박무}{강도0}0300-{박무}{강도1}0600{박무}{강도0}0900-{박무}{강도0}1200-1230.,
135,추풍령,1999-04-11,14.1,7.9,430,21.4,1545,,,,,,,11.5,70,1312,6.3,90,1300,2.1,1802,90,4.8,36,1555,54.6,8.7,984.4,1017.1,735,1010,1740,1013.4,13,7.9,1255,2.46,16.15,,,,,,6.4,3,14.9,5.1,,,,,,,,,,,,1.5,,
135,추풍령,1999-04-12,9,7.9,830,11.2,0,15.8,.8,930,3.5,930,15,19,250,2052,10,250,2050,2.9,2534,20,6.6,52,0,85.1,9.8,970.9,1011.5,0,993.6,1730,1000.1,13,0,1045,.15,.69,,,,,,10,4.8,9.6,7.4,,,,,,,,,,,,15.1,{비}0712-{비}{강도0}0900-{비}{강도0}1200-{이슬비}1312-{이슬비}{강도0}1500-1620. {비}1720-{비}{강도0}1800-{비}{강도0}2100-{비}{강도0}2400- {박무}0740-{박무}{강도0}0900-{박무}{강도0}1200-{박무}{강도0}1500-{박무}{강도1}1800-{박무}{강도0}2100-{박무}{강도0}2400- .,
135,추풍령,1999-04-13,5.4,4.2,2345,8.4,0,12.58,.3,555,.5,405,1.7,24.8,250,1507,11.2,250,110,8.1,7016,250,-.3,50,2100,67,6.1,974.6,1011.7,2400,997.9,345,1004.3,13,0,1015,.16,.81,,,,,,8.6,5.6,5.7,1.7,,,,,,,,,,,,.1,-{비}-{비}{강도0}0300-{비}{강도0}0600-{비}{강도0}0900-{이슬비}1010-{이슬비}{강도0}1200-1235. -{박무}-{박무}{강도0}0300-0520.,
135,추풍령,1999-04-14,8.8,3.9,540,15.3,1458,,,,,,,25.1,250,1028,11.2,250,850,6.8,5888,250,-5,15,1633,39,4.3,987.6,1022,2400,1011.7,0,1017.3,13.1,11.5,1100,2.57,19.63,,,,,,0,0,10,1.3,,,,,,,,,,,,,,
135,추풍령,1999-04-15,11.9,.7,608,21.8,1535,,,,,,,14.3,270,1813,5.3,270,1850,2.1,1848,270,-3.3,17,1620,38.4,4.8,990.2,1024.4,610,1014.9,1650,1019.7,13.1,10.7,1218,2.5,18.78,,,,,,.3,0,14.2,-3.2,,,,,,,,,,,,,,
135,추풍령,1999-04-16,13,2.9,620,21,1554,,,,,,,14.2,250,1621,7,250,1630,2.9,2509,250,4.6,28,1513,59.5,8.6,987.7,1018.3,644,1014.6,1540,1017,13.1,10.9,1200,2.53,18.08,,,,,,2.6,2.6,15.7,.1,,,,,,,,,,,,,,
135,추풍령,1999-04-17,16.2,8,610,25.8,1540,,,,,,,6.9,90,1602,3.7,90,1740,.8,725,50,4.9,20,1230,54.5,8.8,985.5,1017.8,700,1010.8,1720,1014.4,13.2,7.3,1210,2.5,16.3,,,,,,5.8,5,18.1,5.4,,,,,,,,,,,,,{박무}0320-{박무}{강도2}0600-{시정(미만)}{1km}{안개}0630-{시정(미만)}{0.5km}{안개}0710-{시정(이상)}{0.5km}{안개}0730-{시정(이상)}{1km}{박무}0820-{박무}{강도1}0900-1020.,1.83
135,추풍령,1999-04-18,18.1,8.5,654,27.2,1502,,,,,,,11.1,110,1314,5.3,180,1830,1.5,1326,50,6.4,24,1316,48.4,9.6,981.2,1013.3,0,1006.1,1648,1009.7,13.2,10.5,1145,2.55,18.1,,,,,,3.8,2.5,22.4,4.7,,,,,,,,,,,,,,
135,추풍령,1999-04-19,18.7,9.7,448,27,1525,,,,,,,12.3,270,1045,7.8,270,1100,3.5,2987,250,6,19,1640,48.5,9.4,981.6,1013.6,2400,1007.3,1600,1010.1,13.2,10.5,1230,2.48,18.17,,,,,,3.5,.5,21.9,6.1,,,,,,,,,,,,,,
135,추풍령,1999-04-20,17.2,8.5,650,26.3,1508,,,,,,,13,230,1545,7,90,2150,3,2632,230,7.2,26,1603,55.9,10.2,988.4,1022.9,2400,1013.6,0,1017.2,13.3,10.5,1200,2.23,16.05,,,,,,.3,0,21.3,4.4,,,,,,,,,,,,,,
135,추풍령,1999-04-21,14.7,10.7,132,21.2,1621,,,,,,,8.9,70,1120,5.3,70,840,2.5,2125,70,10.1,51,1635,74.8,12.4,991.7,1024,900,1017.8,1808,1020.9,13.3,1.2,1240,1.93,11.96,,,,,,8.5,5.6,18.6,6.4,,,,,,,,,,,,,,
135,추풍령,1999-04-22,18.5,9,600,27.8,1455,,,,,,,10,250,1906,6.3,250,1920,1.1,936,110,9.6,29,1600,61,12,984.1,1019.3,0,1009,1800,1013.5,13.4,9.7,1130,1.96,14.32,,,,,,4.5,.4,22,5.3,,,,,,,,,,,,,{박무}0430-{박무}{강도1}0600-{박무}{강도0}0900-1030.,
135,추풍령,1999-04-23,17.8,10.8,655,27.3,1443,4.6,.3,2000,1,1805,1.8,19.4,360,1718,9.7,360,1720,1.1,959,20,9.7,22,1528,65.4,12.3,980.3,1012.6,2230,1005.1,1640,1008.8,13.4,7.3,1215,2.34,14.4,,,,,,6.6,2,20.8,7.3,,,,,,,,,,,,1.8,{박무}0420-{박무}{강도0}0600-0835. {소나기}1757-{소나기}{강도0}1800-{비}1910-{비}{강도0}2100-2233.,
135,추풍령,1999-04-24,18.9,9.9,640,27.3,1512,,,,,,,7.3,140,1346,3.7,70,100,.9,798,50,9.5,26,1640,59.8,12,985.6,1016.4,2400,1011.6,1730,1014.2,13.4,11.2,1200,2.54,18.5,,,,,,1.8,1.8,24.4,5.6,,,,,,,,,,,,,,
135,추풍령,1999-04-25,18.6,8.5,630,28.8,1530,,,,,,,14,90,1910,7,90,1920,1.1,944,160,6.6,20,1500,51.6,9.8,987.6,1018.1,700,1012.4,1700,1016.2,13.5,11.1,1200,2.55,20.88,,,,,,.4,.1,23.7,3.9,,,,,,,,,,,,,,
135,추풍령,1999-04-26,18.4,7.9,620,27,1434,,,,,,,11.6,250,2312,6.7,250,2230,2.4,2036,200,6.9,28,1352,50.4,10,986.4,1018.1,600,1011.4,1700,1015,13.5,11,1200,2.52,19.01,,,,,,0,0,23.6,3.8,,,,,,,,,,,,,,
135,추풍령,1999-04-27,17.4,11.7,2400,24.8,1408,,,,,,,17.6,230,1240,9,250,1430,5,4348,250,8.3,35,1455,56.5,11,981.7,1013.7,0,1007.1,1620,1010.3,13.5,9.7,1130,2.44,18.24,,,,,,4.5,3.6,23.3,6.6,,,,,,,,,,,,,,
135,추풍령,1999-04-28,11.7,7.3,609,17.5,1740,,,,,,,13.7,290,58,7.2,290,20,1.9,1678,230,5,39,1815,64,8.7,984.7,1019.4,2400,1010.2,0,1014,13.6,3.4,1357,1.36,8.65,,,,,,4.6,3.9,16.9,3,,,,,,,,,,,,,,
135,추풍령,1999-04-29,13,3.3,605,22.3,1555,,,,,,,10.5,200,1448,5.8,230,1500,1.4,1247,230,1,18,1555,52.3,6.7,990.2,1021.9,2400,1016.6,1610,1019.5,13.6,11.6,1300,3.14,20.81,,,,,,1.4,.6,20.8,-1.2,,,,,,,,,,,,,,
135,추풍령,1999-04-30,15.1,3.9,630,24.2,1524,,,,,,,12.8,290,1943,7,290,2010,2.2,1900,290,.8,16,1440,43.6,6.5,993.7,1025.5,2400,1019.6,1620,1022.9,13.6,11,1230,2.67,20.22,,,,,,.8,.8,22,-1.2,,,,,,,,,,,,,,
135,추풍령,1999-05-01,15.2,5.4,552,23.1,1502,,,,,,,15,270,1248,8.3,270,1310,2.8,2456,270,.1,13,1404,41.4,6.3,996.4,1027.2,605,1023.3,1730,1025.7,13.7,11.5,1145,2.63,20.29,,,,,,.1,.1,21,.3,,,,,,,,,,,,,,
135,추풍령,1999-05-02,16.1,6.5,620,25,1530,,,,,,,8.5,290,42,4.3,290,40,.7,578,90,4.3,20,1415,50.3,8.4,994.8,1027.9,55,1019.9,1920,1023.8,13.7,7.8,1230,2.46,17.34,,,,,,4.9,4.3,22.4,2.1,,,,,,,,,,,,,,
135,추풍령,1999-05-03,14,11.5,2400,16.3,903,14.8,1.8,1520,6,1430,51.8,12.2,70,1713,5.3,360,1910,1.2,1060,90,11.2,60,105,83.9,13.4,985.8,1022,23,1011.4,1830,1014.9,13.7,0,1055,.42,2.32,,,,,,10,5,15.9,10.2,,,,,,,,,,,,58.8,{비}0912-{비}{강도1}1200-{비}{강도1}1500-{비}{강도0}1800-{비}{강도0}2100-{비}{강도1}2400- {박무}1040-{박무}{강도0}1200-{박무}{강도0}1500-{박무}{강도0}1800-{박무}{강도0}2100-{박무}{강도0}2400- .,
135,추풍령,1999-05-04,15.4,10.9,600,21.6,1618,4.67,.9,10,3.7,0,7,13.7,270,1215,7.7,270,1410,4,3452,270,9,33,1648,67.8,11.5,978.2,1011.7,0,1004.4,1550,1006.9,13.8,9.4,1145,2.54,17.14,,,,,,5.1,4,18,8.6,,,,,,,,,,,,,-{비}-{비}{강도1}0300-0440. -{박무}-{박무}{강도0}0300-0319.,
135,추풍령,1999-05-05,16.2,10.7,630,22,1450,,,,,,,16,270,1340,7.8,270,1340,4.2,3614,290,4.7,29,1420,47.4,8.6,978.9,1010,2400,1005.3,1500,1007.5,13.8,11.7,1335,2.96,24.65,,,,,,1.1,.8,19.2,5.4,,,,,,,,,,,,,,
135,추풍령,1999-05-06,15.9,6.9,620,22.7,1530,,,,,,,21.6,270,1250,9.3,270,1250,5.2,4493,270,2.1,25,1410,43.6,7.2,981.1,1011.7,755,1008,1640,1009.8,13.8,11.7,1115,3.03,24.4,,,,,,0,0,18.9,2.9,,,,,,,,,,,,,,
135,추풍령,1999-05-07,19.8,14.7,358,26.8,1517,,,,,,,17.6,270,923,8.7,270,1540,5.8,5051,270,5.3,27,1450,39,9.2,980.3,1011,2300,1005.6,1500,1008.7,13.9,11.6,1200,2.49,18.62,,,,,,.9,.3,22.1,9.1,,,,,,,,,,,,,,
135,추풍령,1999-05-08,18.1,11.1,620,25.2,1501,,,,,,,14.9,290,1231,5.3,270,1600,3.4,2933,270,8.2,25,1339,56.5,11,983.9,1014.5,2210,1009.9,1530,1012.4,13.9,9.7,1130,2.6,18.2,,,,,,2.5,1.9,22.5,7.5,,,,,,,,,,,,,{박무}0450-{박무}{강도0}0600-0720.,
135,추풍령,1999-05-09,18,8.9,630,28.1,1458,,,,,,,17.4,270,1750,8.8,270,1800,2.3,1959,270,3,16,1210,43.3,7.8,984,1014.9,640,1009.7,1510,1012.6,13.9,11.3,1200,2.57,18.89,,,,,,.9,.4,22.9,3.8,,,,,,,,,,,,,,
135,추풍령,1999-05-10,16.2,8.1,624,25.1,1409,.55,0,,0,,0,12.2,110,1801,6.2,110,1810,1.3,1151,90,8.4,35,1257,62.6,11.1,984.3,1016.6,2400,1010,1610,1013.1,14,7.1,1145,2.36,14.77,,,,,,5.1,2.1,20.7,3.7,,,,,,,,,,,,0,{소나기}1830-1840. {소나기}1940-2003.,
135,추풍령,1999-05-11,16.8,11.9,630,24,1504,,,,,,,5.5,160,1710,3.2,160,1710,1,893,110,10.4,43,1450,68.4,12.6,987.8,1018.1,900,1014.4,1820,1016.6,14,7.2,1200,2.58,16.75,,,,,,3.8,3.6,23.4,9.7,,,,,,,,,,,,,,
135,추풍령,1999-05-12,17.8,10.1,610,25.3,1610,,,,,,,12,270,1325,7,270,1500,2.9,2523,270,7.7,29,1450,55.5,10.5,986.8,1018.5,710,1012.3,1810,1015.5,14,11.5,1200,2.59,20.11,,,,,,0,0,23.1,6.7,,,,,,,,,,,,,,
135,추풍령,1999-05-13,18.7,11.3,438,26.4,1527,,,,,,,10.5,270,833,6.7,270,1110,2.9,2508,270,8.5,31,1630,53.8,11.2,985.9,1016.3,842,1011.5,1755,1014.4,14,11.4,1215,2.49,18.23,,,,,,0,0,24.3,6.7,,,,,,,,,,,,,,
135,추풍령,1999-05-14,18.8,11.4,540,26.5,1601,,,,,,,7.8,270,1420,3.5,290,2250,.7,640,270,10.9,38,1606,64.1,13.1,985.7,1016.5,755,1011.3,1808,1014.3,14.1,9.7,1115,2.32,17.15,,,,,,2,1.9,24.3,7.2,,,,,,,,,,,,,{박무}0445-{박무}{강도0}0600-{박무}{강도0}0900-0950.,
135,추풍령,1999-05-15,17,12.5,602,21.9,1502,,,,,,,9.3,270,1345,4.3,270,1410,1.6,1380,270,11.9,50,1315,73.8,14,984.1,1014.8,835,1011,1700,1012.9,14.1,0,1322,1.59,9.57,,,,,,7.5,3.1,21.6,8,,,,,,,,,,,,,{박무}0420-{박무}{강도0}0600-0745. {박무}1703-{박무}{강도0}1800-{박무}{강도0}2100-{박무}{강도0}2400- .,
135,추풍령,1999-05-16,19.2,12.8,455,27.1,1501,,,,,,,9,110,1150,3.7,290,320,.9,756,110,10.7,28,1555,62.4,12.9,983.7,1014,710,1009.5,1730,1012.2,14.1,11.4,1200,2.51,19.25,,,,,,1.6,.9,25.3,6.9,,,,,,,,,,,,,-{박무}-{박무}{강도0}0300-{박무}{강도0}0600-{박무}{강도0}0900-0930.,
135,추풍령,1999-05-17,18.6,11.1,545,26.9,1445,,,,,,,10.8,110,1204,5.3,110,1430,1.6,1375,110,9.2,26,1450,57.8,11.7,985.1,1015.1,2356,1011.7,1700,1013.7,14.1,10.1,1300,2.61,21.85,,,,,,1.3,.5,24.6,5.2,,,,,,,,,,,,.1,{박무}0430-{박무}{강도0}0600-{박무}{강도0}0900-{박무}{강도0}1200-1218.,
135,추풍령,1999-05-18,14.3,12.1,512,15.4,1800,15.75,.9,1502,2.4,1605,9.6,14.7,90,1621,6,90,1600,2.4,2037,90,11.6,60,0,83.9,13.8,977.6,1015,0,997.7,2400,1006.5,14.2,0,1045,1.05,4.73,,,,,,9.3,5.3,15.5,6.1,,,,,,,,,,,,11.6,{비}0815-{비}{강도0}0900-{비}{강도0}1200-{비}{강도0}1500-{비}{강도0}1800-{비}{강도0}2100-{비}{강도0}2400- {박무}1050-{박무}{강도0}1200-{박무}{강도0}1500-{박무}{강도0}1800-{박무}{강도0}2100-{박무}{강도0}2400- .,
135,추풍령,1999-05-19,13.4,12,2400,15,0,8.75,.3,445,.9,420,2.2,26.8,270,1540,10,270,1630,5.8,5043,270,8.8,56,1948,74.1,11.5,973.9,1008.7,2400,996.9,330,1002.7,14.2,0,1315,.82,5,,,,,,7.9,4.6,14.5,9.6,,,,,,,,,,,,.1,-{비}-{비}{강도0}0300-{비}{강도0}0600-0713. {비}0820-{비}{강도0}0900-0940. {비}1153-{비}{강도0}1200-1205. -{박무}-{박무}{강도0}0300-{박무}{강도0}0600-0632.,
135,추풍령,1999-05-20,16.7,11,333,23,1511,,,,,,,27.5,270,1557,11.2,270,1600,6.4,5546,270,4.9,22,1559,48.4,8.7,982.3,1015.1,2400,1008.7,0,1011,14.2,12.3,1100,2.7,21.62,,,,,,.1,.1,18.1,5.3,,,,,,,,,,,,,,
135,추풍령,1999-05-21,18.9,7.7,605,28.2,1555,,,,,,,10,290,1818,4.8,290,1810,1,892,270,6.8,20,1500,52.3,10.1,986.9,1017.9,600,1012.7,1800,1015.6,14.3,11.7,1055,2.45,20.11,,,,,,0,0,23.8,.5,,,,,,,,,,,,,,
135,추풍령,1999-05-22,21,13.4,610,28.1,1558,,,,,,,9.9,270,948,4.5,270,930,1.2,1005,270,9,25,1229,50.1,11.6,986.7,1017.1,558,1011.9,1750,1015.1,14.3,11.8,1145,2.97,23.59,,,,,,1.5,1,25.7,7.9,,,,,,,,,,,,,,
135,추풍령,1999-05-23,16.9,11.9,555,21,1118,6.57,1,2200,3.2,2150,7.3,7.5,90,1645,3.7,110,2150,.9,766,110,12.5,54,1033,76.4,14.7,982.3,1015.5,10,1006.9,2400,1011,14.3,.6,1100,1.69,9.12,,,,,,8.9,5,19.4,5.4,,,,,,,,,,,,24.3,{비}1219-1456. {비}2003-{비}{강도0}2100-{비}{강도0}2400- {박무}2230-{박무}{강도0}2400- .,
135,추풍령,1999-05-24,15.4,13.5,2400,16.3,1502,17.58,1.5,538,3.8,500,23.8,11,110,551,5.2,110,600,2.1,1845,110,13.6,82,1926,89.1,15.7,971.5,1006.9,0,995.8,1450,1000,14.3,0,1415,.33,2.31,,,,,,10,5.5,16.9,9.4,,,,,,,,,,,,6.8,-{비}-{비}{강도0}0300-{비}{강도0}0600-{비}{강도0}0900-{비}{강도0}1200-{비}{강도0}1500-1735. -{박무}-{박무}{강도0}0300{박무}{강도0}0600-{박무}{강도0}0900-{박무}{강도0}1200-{박무}{강도0}1500-1740.,
135,추풍령,1999-05-25,16.8,11.1,610,22.6,1513,,,,,,,13.8,270,1605,6.7,270,1630,3.6,3100,270,9.3,44,1446,62.6,11.8,978.4,1008.8,620,1004.6,1705,1007,14.3,10.2,1220,2.77,19.95,,,,,,3.1,2.3,20.6,5.2,,,,,,,,,,,,,,
135,추풍령,1999-05-26,16.1,11.3,540,22.7,1246,8.67,.6,1850,2.3,1830,8.5,10.9,270,41,6.2,270,30,.9,754,90,11.7,43,1300,77.4,13.8,978.1,1009.1,600,1004.8,2400,1006.8,14.4,3.7,1000,1.61,9.46,,,,,,8,3.6,18.9,3.9,,,,,,,,,,,,11.5,{비}1520-{비}{강도0}1800-{비}{강도0}2100-{비}{강도0}2400- {박무}0340-{박무}{강도1}0600-0830. {박무}1730-{박무}{강도0}1800-{박무}{강도0}2100-{박무}{강도0}2400- .,
135,추풍령,1999-05-27,15.2,11.6,2400,19.6,1450,3.67,.6,10,2.3,0,3,17,290,1500,8.5,290,1400,4.1,3569,290,9.4,44,2210,69.5,12.1,976.5,1009.3,2400,1003.5,500,1005.2,14.4,1.6,1200,1.6,9.56,,,,,,6.3,4.4,16.5,3.7,,,,,,,,,,,,,-{비}-{비}{강도0}0300-0340. -{박무}-{박무}{강도0}0300-{박무}{강도0}0600-{박무}{강도0}0900-1030.,
135,추풍령,1999-05-28,14.6,7.2,430,21.2,1610,,,,,,,18,270,1115,8.3,270,1110,3.1,2640,270,5.3,36,1740,55.4,9,980.5,1011.7,2400,1007.2,1735,1009.4,14.4,12.2,1030,2.81,21.83,,,,,,0,0,18.8,-.5,,,,,,,,,,,,,,
135,추풍령,1999-05-29,16.1,7.6,545,24.2,1504,,,,,,,11.3,250,1228,6,250,1230,2.3,2022,270,5.7,28,1515,55.1,9.2,983.9,1014.9,2400,1010.4,1600,1012.7,14.4,11.6,1115,2.88,23.35,,,,,,.4,0,21.2,1.1,,,,,,,,,,,,,{달무리}2310-.,
135,추풍령,1999-05-30,18.6,8.5,403,28.1,1527,,,,,,,5.8,180,1500,3.3,270,850,.5,415,180,8.7,30,1644,55.5,11.3,986,1016.4,650,1011.7,1750,1014.6,14.4,10.8,1315,2.61,20.88,,,,,,1,0,23.4,.8,,,,,,,,,,,,,-{달무리}-0050.,
135,추풍령,1999-05-31,19.7,9.5,530,28.8,1555,,,,,,,6.5,20,1643,2,160,1420,.3,261,180,9.5,23,1607,57.3,12.1,985.5,1016.6,658,1010.4,1813,1014,14.5,11.2,1145,2.7,19.87,,,,,,3.4,0,25.3,1.5,,,,,,,,,,,,,,
135,추풍령,1999-06-01,19.6,13.8,545,25.5,1157,2.57,0,,.1,,.1,8.2,270,1425,4,270,1420,.5,468,270,16,58,1205,80.3,18.3,982.5,1014,0,1009.2,1740,1010.9,14.5,0,1215,1.3,5.92,,,,,,9.5,4.6,21.9,6,,,,,,,,,,,,.6,{비}1730-{비}{강도0}1800-1820. {비}1920-{비}{강도0}2100-2104. {박무}1930-{박무}{강도0}2100-{박무}{강도0}2400- .,
135,추풍령,1999-06-02,18,17.2,2400,19.4,1040,12.28,.6,1430,1.8,1150,8,5.1,50,1913,2.3,50,1900,.3,263,50,16.4,72,1000,90.3,18.6,980.4,1010.1,0,1008.3,1810,1009,14.5,0,945,.56,4.96,,,,,,10,5.1,20.5,12.7,,,,,,,,,,,,7.5,{비}0203-{비}{강도0}0300-0535. {비}0755-{비}{강도0}0900-{비}{강도0}1200-{비}{강도0}1500-1640. -{박무}-{박무}{강도0}0300-{박무}{강도1}0600-{박무}{강도1}0900-0940. {박무}1130-{박무}{강도0}1200-{박무}{강도0}1500-{박무}{강도0}1800-{박무}{강도0}2100-{박무}{강도0}2400- .,
135,추풍령,1999-06-03,21.2,16.5,450,27.3,1527,,,,,,,5.8,110,1158,3.2,110,1600,.5,465,110,16.2,49,1555,74.4,18.4,980.6,1010.4,830,1006.9,1700,1008.8,14.5,7.3,1352,2.55,16.36,,,,,,5.1,4,24.5,11.2,,,,,,,,,,,,,-{박무}-{박무}{강도0}0300-{박무}{강도0}0600-0730.,
135,추풍령,1999-06-04,22.6,16,543,30.5,1543,,,,,,,9.2,250,1023,6,250,940,1.7,1480,250,16.1,38,1524,69.4,18.3,982.7,1012.9,2340,1009,1600,1010.8,14.5,10.8,1115,2.63,20.63,,,,,,1.4,1.3,26.8,8.4,,,,,,,,,,,,,{박무}0340-{시정(미만)}{1km}{안개}0450-{안개}{강도0}0600-{시정(이상)}{1km}{박무}0730-{박무}{강도1}0900-0940.,2.67
135,추풍령,1999-06-05,22.2,17.7,357,28.6,1455,,,,,,,8,70,1050,5,70,1210,1.2,1079,70,17,52,1455,74,19.4,986.6,1016.5,905,1012.8,0,1014.8,14.5,9.3,1245,2.4,19.02,,,,,,2,0,27.6,10.2,,,,,,,,,,,,,{박무}0420-{박무}{강도0}0600-0830.,
135,추풍령,1999-06-06,22.6,16.2,550,28.9,1336,.58,0,,0,,0,6.1,270,2218,3.3,290,2050,.7,600,270,18.4,49,1320,78.5,21.3,984.1,1015.5,0,1009.2,1810,1012.2,14.6,2.3,1145,2.34,12.15,,,,,,7.4,3.6,26.2,8.6,,,,,,,,,,,,6.7,{박무}0420-{시정(미만)}{1km}{안개}0450-{안개}{강도0}0600-{안개}{강도0}0900-{시정(이상)}{1km}{박무}0950-1030.  {박무}1840-{박무}{강도0}2100-{박무}{강도0}2400-  {비}2230-2305.,5
135,추풍령,1999-06-07,21.1,17.9,642,25.9,1605,4.33,2.5,209,6,140,6.7,9.1,250,1120,4.3,250,1140,2.6,2289,250,16.2,49,1825,75.3,18.4,981.7,1011.1,2400,1007.8,1745,1009.9,14.6,3.9,1030,2.32,14.62,,,,,,6.3,3.9,23.5,11.2,,,,,,,,,,,,,{비}0130-{비}{강도0}0300-0550. -{박무}-{박무}{강도0}0300-{시정(미만)}{1km}{안개}0510-{안개}{강도0}0600-{시정(이상)}{1km}{박무}0730-{박무}{강도0}0900-0948.,2.33
135,추풍령,1999-06-08,21.8,15.5,543,28.4,1414,,,,,,,6.9,320,1804,3,290,730,.9,774,290,12.9,27,1300,61.3,15,982.3,1011.9,2250,1008.4,1720,1010.4,14.6,9.6,1100,2.55,17.3,,,,,,4.1,1.3,24.6,7.5,,,,,,,,,,,,,,
135,추풍령,1999-06-09,21.3,13.3,557,27.7,1511,,,,,,,7.2,70,1108,4.5,90,950,1,883,90,12.7,38,1505,61.4,14.8,985.4,1015.5,2240,1011.8,1700,1013.7,14.6,11.1,1115,2.69,21.26,,,,,,2.5,1.3,26.4,4,,,,,,,,,,,,,,
135,추풍령,1999-06-10,22.2,14.5,553,29.3,1544,,,,,,,7.5,250,2313,4.3,250,2310,.6,537,90,15.1,40,1434,66.8,17.2,984.3,1015.5,600,1009,1750,1012.4,14.6,10.8,1215,2.38,19.55,,,,,,3.4,1.4,27.2,5.6,,,,,,,,,,,,,,
135,추풍령,1999-06-11,22.5,16.1,545,29.3,1500,,,,,,,8.4,250,910,5,250,920,2.7,2344,270,13.7,36,1430,59.8,15.7,983.4,1013.1,700,1009.5,1600,1011.5,14.6,11.4,1215,2.64,20.93,,,,,,.6,.6,27.8,6,,,,,,,,,,,,,{박무}0520-{박무}{강도0}0600-{박무}{강도0}0900-1020.,
135,추풍령,1999-06-12,22.7,13,551,31.6,1545,,,,,,,7.2,250,1451,5.2,250,1050,1.4,1218,250,11.9,26,1553,55.1,13.9,983.5,1013,900,1009.3,1800,1011.6,14.6,12.5,1218,2.71,20.42,,,,,,.1,0,28,2.9,,,,,,,,,,,,,,
135,추풍령,1999-06-13,23.3,15.3,403,30.1,1548,,,,,,,11.2,270,1018,5.3,270,1130,3.4,2911,270,12.7,37,1550,52.8,14.8,982.3,1012.5,525,1007.7,1730,1010.3,14.6,12.4,1145,2.69,20.3,,,,,,0,0,28.2,4.1,,,,,,,,,,,,,,
135,추풍령,1999-06-14,24.6,16.6,430,33.3,1530,,,,,,,8,230,852,5,230,930,1.7,1469,230,14,24,1552,54.5,16,980,1010,0,1004.8,1725,1007.8,14.6,11.7,1230,2.71,21.59,,,,,,1.5,0,29.3,7.1,,,,,,,,,,,,,,
135,추풍령,1999-06-15,24.9,16.7,530,32.1,1332,,,,,,,8.5,270,2300,6,270,2310,.9,808,270,17.1,46,1335,62.8,19.6,978.2,1008.4,100,1003.4,1800,1005.9,14.6,7.4,1200,2.69,17.58,,,,,,6.1,3.1,29.5,8.2,,,,,,,,,,,,,,
135,추풍령,1999-06-16,19.9,16.6,2400,23.4,0,9.83,2,1620,8.3,1610,48,10.4,50,1714,4.7,50,1520,1.3,1080,50,17.1,62,1201,84.6,19.6,975.5,1006.2,158,1001,1830,1003.7,14.6,0,1115,1.32,5.44,,,,,,9.9,4.8,22.1,9.9,,,,,,,,,,,,56.8,{비}1410-{비}{강도0}1500-{비}{강도1}1800-{비}{강도1}2100-{비}{강도0}2400- {박무}1420-{박무}{강도0}1500-{박무}{강도0}1800{박무}{강도0}2100-{박무}{강도0}2400- .,
135,추풍령,1999-06-17,18,16,545,21.3,1333,5.5,1.1,10,4.5,0,8.8,9,70,950,4.3,90,1100,1.7,1497,70,15.2,66,1330,84,17.3,976.6,1007.8,2400,1002.5,0,1005.1,14.7,0,918,1.21,6.93,,,,,,10,5,20.3,10,,,,,,,,,,,,.9,-{비}-{비}{강도0}0300-0530. -{박무}-{박무}{강도0}0300-0520.,
135,추풍령,1999-06-18,19.2,14.4,540,26,1552,3.75,.2,350,.4,220,.9,6.1,160,1229,3,160,1240,.8,649,140,14.1,43,1458,74.6,16.1,979.9,1009.8,2400,1007,400,1008.3,14.7,7.7,1434,2.19,16.6,,,,,,8,6,22.2,7.8,,,,,,,,,,,,,{비}0205-{비}{강도0}0300-0550.,
135,추풍령,1999-06-19,20.7,14.8,535,27.5,1616,,,,,,,7.8,250,1020,4.3,250,1010,1.7,1466,250,13.3,37,1417,65.3,15.3,981.6,1011.7,2400,1007.7,1715,1009.8,14.7,11.6,1100,2.92,21.94,,,,,,2.3,1.9,24.9,6.1,,,,,,,,,,,,,,
135,추풍령,1999-06-20,20.3,12.9,620,27.5,1531,,,,,,,7.8,250,1602,4.7,250,1620,1.1,908,230,13.8,38,1324,69.5,15.8,983.6,1013.3,850,1009.6,1550,1011.9,14.7,9.7,1130,2.78,20.25,,,,,,1.5,0,25.1,4,,,,,,,,,,,,,,
135,추풍령,1999-06-21,21.5,14.7,535,28,1200,,,,,,,8,20,1305,4.5,20,1300,1.6,1404,340,15.2,53,1145,68.8,17.5,984,1013.5,710,1010.5,1530,1012.3,14.7,5.7,1130,2.11,13.95,,,,,,5.5,4,27.5,6.1,,,,,,,,,,,,,{박무}0520-{박무}{강도0}0600-{박무}{강도0}0900-1040.,
135,추풍령,1999-06-22,22,14.8,620,28.3,1559,,,,,,,6.6,70,1221,4,360,100,1.7,1451,70,15.3,50,1555,67.1,17.5,983.7,1014.2,710,1009.3,1806,1011.9,14.7,10.4,1100,2.68,20.07,,,,,,4.4,4.4,27.2,5,,,,,,,,,,,,14,,
135,추풍령,1999-06-23,17.4,16.4,750,19.2,0,18.65,3.7,800,13,1510,93,7.2,90,920,4.3,90,1150,2.3,2010,70,16.2,76,20,91.9,18.4,975.3,1012,0,994.8,2118,1003.7,14.7,0,1500,.47,2.97,,,,,,9.8,6.3,18.8,10.1,,,,,,,,,,,,80.8,{비}0515-{비}{강도0}0600-{비}{강도1}0900-{비}{강도1}1200-{비}{강도1}1500-{비}{강도1}1800-{비}{강도1}2100-2354. {박무}0630-{박무}{강도0}0900-{박무}{강도0}1200-{박무}{강도0}1500-{박무}{강도0}1800-{박무}{강도0}2100-{박무}{강도0}2400- .,
135,추풍령,1999-06-24,21.1,17.3,120,25.6,1737,4.92,.2,430,.7,420,1.8,8.8,270,2143,5,270,2220,2.7,2335,270,17,53,1714,78.4,19.4,974.4,1005.7,2400,997.7,0,1002.4,14.7,7.1,1500,1.92,14.42,,,,,,6.8,5.6,23.3,11.3,,,,,,,,,,,,,{비}0145-{비}{강도0}0300-{비}{강도0}0600-0640. -{박무}-{박무}{강도0}0300-{박무}{강도0}0600-0630.,
135,추풍령,1999-06-25,21.9,17.8,610,27,1720,,,,,,,8.7,270,135,5.3,270,910,3.3,2832,270,17.4,55,1440,76.5,19.9,978.5,1009.1,2400,1004.4,305,1006.5,14.7,7.8,1310,2.41,19.74,,,,,,4.5,3.9,23.6,10.5,,,,,,,,,,,,,,
135,추풍령,1999-06-26,22.8,17.6,540,28.8,1625,,,,,,,7.9,270,123,4.7,270,2400,1.2,1009,270,18,46,1602,75.5,20.6,981,1011.2,906,1007,1800,1009,14.7,5.1,1400,2.1,12.74,,,,,,5.6,3.8,25.1,10,,,,,,,,,,,,,{박무}0420-{시정(미만)}{1km}{안개}0540-{안개}{강도0}0600-{안개}{강도0}0900-{시정(이상)}{1km}{박무}0940-{박무}{강도0}1200-1410. {박무}1935{박무}{강도0}2100-{박무}{강도0}2400- .,4
135,추풍령,1999-06-27,24.3,19.8,600,30.3,1620,,,,,,,11.6,290,115,6.7,290,140,4,3419,290,18.7,50,1447,71.5,21.6,981.5,1010.4,2400,1007.5,1600,1009.4,14.6,9,1220,3.03,20.23,,,,,,3.9,2.1,28.7,14,,,,,,,,,,,,,-{박무}-{박무}{강도0}0300-{시정(미만)}{1km}{안개}0530-{안개}{강도0}0600-{안개}{강도0}0900-{시정(이상)}{1km}{박무}0930-{박무}{강도0}1200-1215.,4
135,추풍령,1999-06-28,22.6,18.9,510,26.1,1544,,,,,,,6.8,290,138,4.2,290,130,.8,664,200,18.9,67,1557,79.8,22,980.5,1010.4,0,1006.9,1810,1008.5,14.6,0,1130,.68,5.06,,,,,,9.3,8.4,24.2,10,,,,,,,,,,,,0,{박무}1720-{박무}{강도0}1800-{박무}{강도0}2100-{박무}{강도0}2400- .,
135,추풍령,1999-06-29,22,17.2,625,28.3,1453,.57,0,,0,,0,11.7,90,925,6,200,150,1.7,1495,70,15.9,46,1533,69.8,18.1,978.4,1008.8,2400,1003.8,1600,1006.4,14.6,7.3,1210,2.67,16.97,,,,,,5,4.4,28,7.8,,,,,,,,,,,,,-{박무}-0230. {비}0436-0510.,
135,추풍령,1999-06-30,22.6,14.3,540,29.6,1318,,,,,,,6.5,250,1533,4,200,1350,.7,642,250,17.2,48,1253,73.5,19.8,981.4,1011.1,2400,1007.4,1730,1009.5,14.6,6.8,1200,2.49,16.5,,,,,,4.1,3.6,27.6,5.4,,,,,,,,,,,,,{박무}1940-{박무}{강도0}2100-{박무}{강도0}2400- .,
135,추풍령,1999-07-01,20.3,18,2335,22.3,1405,3.55,.4,2310,2.1,2300,3.3,10,160,2305,5.7,90,1550,2.2,1876,70,18.2,80,1659,88,20.9,980.8,1011.1,0,1007.2,2113,1009,14.6,0,1300,.57,3.66,,,,,,10,6.8,23,11.4,,,,,,,,,,,,22.3,-{박무}-{박무}{강도0}0300-{시정(미만)}{1km}{안개}0520-{안개}{강도0}0600-{안개}{강도0}0900-{시정(이상)}{1km}{박무}0955-{박무}{강도0}1200-1240. {박무}1950-{박무}{강도0}2100-{박무}{강도0}2400- {비}2027-{비}{강도0}2100-{비}{강도0}2400-,4.58
135,추풍령,1999-07-02,18.5,17.1,610,19.7,1202,19.73,1.4,458,5.5,458,33.7,10.7,50,929,4.8,70,740,2,1764,70,17.1,88,1230,91.4,19.5,976.7,1008.3,0,1003.9,1458,1005,14.6,0,1200,.43,3.6,,,,,,10,5.9,20.1,11,,,,,,,,,,,,14.7,-{비}-{비}{강도0}0300-{비}{강도1}0600-0751. {비}0832-{비}{강도0}0900-{비}{강도0}1200-{비}{강도0}1500-1550. {비}1610-{비}{강도0}1800-2045. -{박무}-{박무}{강도0}0300-{박무}{강도0}0600-0742. {박무}1120-{박무}{강도0}1200-{박무}{강도0}1500-{박무}{강도0}1800-{박무}{강도0}2100-{박무}{강도0}2400-,
135,추풍령,1999-07-03,22.3,16.3,555,27.6,1535,,,,,,,7,70,1345,3.8,70,1500,.7,597,70,17.2,53,1634,74.9,19.7,980.7,1011,2400,1005.8,55,1008.7,14.6,9.5,1200,2.65,18.6,,,,,,3.8,2.6,25.7,8.1,,,,,,,,,,,,,-{박무}-0130.,
135,추풍령,1999-07-04,21.8,16.9,430,27.8,1551,2.95,.3,1800,.3,1730,.5,6.8,70,1632,3.7,160,1330,.5,428,160,18.9,63,1549,84.3,22,983.1,1012.4,2300,1009.2,1555,1011.3,14.6,2.1,1230,.99,7.39,,,,,,8.5,3.8,25.2,8.4,,,,,,,,,,,,.5,{박무}0530-{박무}{강도0}0600-{박무}{강도0}0900-1045. {소나기}1616-{소나기}{강도0}1800-1830. {소나기}2230-2258. {소나기}2315-2330. {천둥}{강도0}(N)1620-{천둥}{강도0}(N{이동}W)1640-1720.,
135,추풍령,1999-07-05,21.9,17.7,604,26.7,1445,,,,,,,7.3,70,1233,4.3,70,300,1,907,70,16.2,51,1458,71.8,18.5,984.2,1014.1,715,1010.6,1721,1012.4,14.6,6.5,1100,1.84,12.57,,,,,,5.8,4.4,26.5,10.4,,,,,,,,,,,,,{박무}0420-{박무}{강도0}0600-0650.,
135,추풍령,1999-07-06,21.5,16,620,27.2,1455,,,,,,,7.4,90,1335,2.8,90,1200,.5,425,90,16.4,48,1548,74.5,18.7,984.8,1014.5,555,1010.7,1756,1013,14.6,6.8,1315,2.65,16.57,,,,,,6.5,6.1,29.3,7.4,,,,,,,,,,,,,,
135,추풍령,1999-07-07,21,16.3,405,26.6,1500,,,,,,,8.4,110,1355,3.8,70,930,1.5,1330,70,16.5,53,1502,76.6,18.8,984.1,1014.3,743,1010.2,1700,1012.4,14.6,4,1430,1.9,13.59,,,,,,6.6,5.6,24.6,7.7,,,,,,,,,,,,,,
135,추풍령,1999-07-08,21.5,18.1,557,26.4,1555,,,,,,,9.9,90,1820,4.7,70,1930,2.2,1913,70,18.5,66,1700,83.1,21.4,982.2,1012.9,58,1008.1,1820,1010.3,14.5,1.1,1500,1.21,7.57,,,,,,9.8,5.3,25.3,10,,,,,,,,,,,,16.1,,
135,추풍령,1999-07-09,20.5,18.6,820,23.9,1343,9.37,1.9,800,8.1,750,18.8,11.8,110,1220,5.3,110,1230,3.2,2761,70,18.2,66,1548,86.9,20.9,979.6,1009.6,115,1006.1,1455,1007.8,14.5,0,1415,1.01,6.04,,,,,,10,4.1,22.6,11.9,,,,,,,,,,,,2.7,{비}0302-{비}{강도0}0600-{비}{강도1}0900-1046. {비}2110-2248. {박무}0510-{박무}{강도0}0600-{박무}{강도1}0900-1108. {박무}1955-{박무}{강도0}2100-{박무}{강도0}2400-,
135,추풍령,1999-07-10,21.6,18.9,2400,26,1434,,,,,,,8.2,70,1128,4.5,70,820,2.7,2300,70,18,63,1348,80.1,20.6,980.2,1009.7,930,1006.8,1750,1008.3,14.5,.5,1230,1.24,8.48,,,,,,10,3.4,23.7,10.5,,,,,,,,,,,,,-{박무}-{박무}{강도0}0300-0430.,
135,추풍령,1999-07-11,20.1,16.4,550,23.8,1345,,,,,,,9.6,50,1040,4.5,110,1210,2.2,1898,90,14.8,59,1345,72.5,16.9,981.2,1010.9,2305,1007.6,1720,1009.5,14.5,4.9,1015,1.87,16.28,,,,,,6,3,22.5,7.7,,,,,,,,,,,,,,
135,추풍령,1999-07-12,21,16,42,24.9,1341,.67,.2,2118,.2,,.2,7.7,160,921,2.8,140,930,.5,403,180,17.9,66,932,82.4,20.5,980.4,1010.5,0,1007,1725,1008.6,14.5,2.3,800,1.46,8.12,,,,,,7.6,6.1,23.4,7,,,,,,,,,,,,.2,{소나기}1920-1940. {소나기}2110-2130.,
135,추풍령,1999-07-13,22.4,18.8,115,26.8,1405,,,,,,,7.3,140,1010,3.3,140,1020,.8,730,110,19.3,66,1435,83.1,22.4,978.7,1008.2,0,1005.2,1710,1006.6,14.5,1.4,845,1.39,11.12,,,,,,9,7.3,24.8,11.1,,,,,,,,,,,,,,
135,추풍령,1999-07-14,22.3,17.2,530,29.4,1715,.67,.6,1810,.8,1810,.8,10.9,50,1821,4.2,20,1810,.6,556,50,17.8,48,1704,77.4,20.5,977.3,1007.4,0,1002.8,1730,1005.2,14.5,7.3,1400,2.48,17.31,,,,,,5.6,4.5,26.5,9.2,,,,,,,,,,,,.8,{소나기}1810-1850.,
135,추풍령,1999-07-15,21.1,16.9,430,25.2,1027,3.17,.4,1410,.7,1220,1.4,8.6,250,835,5.5,270,1800,2.3,1970,270,18.1,59,1037,82.8,20.8,975.8,1004.8,0,1002.1,1745,1003.8,14.4,2.7,930,1.51,10.57,,,,,,7.6,4.9,23.5,8.8,,,,,,,,,,,,1.4,{비}1145-{비}{강도0}1200-1455. {박무}1345-1430.,
135,추풍령,1999-07-16,23.7,18.6,540,29.1,1520,,,,,,,13.1,270,1051,7,270,1100,2.9,2492,270,18,51,1627,71.9,20.6,975.9,1006,2400,1002.6,1540,1003.7,14.4,10,1230,2.87,19.07,,,,,,2.9,2.9,26.9,10,,,,,,,,,,,,,,
135,추풍령,1999-07-17,24.2,17.8,630,30.5,1530,,,,,,,9,290,155,5,290,200,1.6,1342,270,18.3,45,1505,71.5,21.1,977.3,1006.8,630,1003,1805,1005,14.4,8.6,1315,2.61,19.22,,,,,,3.6,2.9,28.8,8.7,,,,,,,,,,,,,,
135,추풍령,1999-07-18,24.9,19.9,605,31.5,1549,,,,,,,7,270,10,6,270,10,1.5,1299,270,19.3,44,1444,73.9,22.5,976.6,1005.9,10,1002,1750,1004.3,14.4,10.5,1330,2.08,18.14,,,,,,4.3,3.3,31.1,11.2,,,,,,,,,,,,,{박무}0150-{박무}{강도0}0300-{박무}{강도0}0600-0635.,
135,추풍령,1999-07-19,24.8,18.7,543,30.9,1556,,,,,,,7.7,70,1145,4,70,1215,1,897,70,19,46,1415,72.8,22,978.3,1007.6,2300,1004.3,1740,1006,14.4,10,1220,2.69,19.28,,,,,,3,2.6,32.2,10.1,,,,,,,,,,,,,{박무}0330-{박무}{강도0}0600-{박무}{강도0}0900-1005.,
135,추풍령,1999-07-20,23.3,19.2,430,26.8,1418,.17,0,,0,,0,9,110,946,4.3,70,930,1.4,1237,70,20.2,68,1430,83,23.7,981.2,1010.6,550,1007.5,0,1009.1,14.3,0,1307,1.08,8.32,,,,,,8.3,5.4,27.5,9.6,,,,,,,,,,,,13.7,{박무}1530-{박무}{강도0}1800-{박무}{강도0}2100-{박무}{강도0}2400- {소나기}2210-2220.,
135,추풍령,1999-07-21,25.2,21.9,700,30,1648,1.33,6.5,605,13,520,13.7,6.2,160,1300,3.2,90,1750,1,887,90,22.9,67,1638,87,27.9,982.3,1011.5,948,1008.2,1750,1010,14.3,1,1440,1.94,10.79,,,,,,8.8,6,27.4,14.3,,,,,,,,,,,,18.2,-{박무}-{박무}{강도0}0300-{박무}{강도0}0600-{박무}{강도0}0900-{박무}{강도0}1200-{박무}{강도0}1500-{박무}{강도0}1800-1930. {박무}2235-{박무}{강도0}2400- {비}0510-{비}{강도1}0600-0630.,
135,추풍령,1999-07-22,25.1,23.8,500,27.2,1643,5.05,6,850,13.5,825,23.5,10.3,70,1957,4.3,50,2030,1.1,956,70,23.4,79,1639,90.1,28.8,979.6,1009.9,845,1003.9,2400,1007.2,14.3,0,1500,.9,6.71,,,,,,10,4.9,26.2,15.2,,,,,,,,,,,,12.2,-{박무}-{박무}{강도0}0300-{시정(미만)}{1km}{안개}0435-{안개}{강도0}0600-{시정(이상)}{1km}{박무}0628-{시정(미만)}{1km}{안개}0804-{안개}{강도0}0900-{시정(이상)}{1km}{박무}0920-0950. {소나기}0445-0520. {소나기}0540-{소나기}{강도0}0600-0642. {비}0740-{소나기}0815-{소나기}{강도1}0900-0940. {천둥}{강도0}(E)0611-0632. {천둥}{강도0}(W)0855-{천둥}{강도0}(W)0900-0912. {소나기}1304-1340. {소나기}1407-1430. {소나기}1505-1530. {소나기}1548-1550.,3.15
135,추풍령,1999-07-23,25.4,22.5,2250,29.2,1600,2.08,3.5,730,6.9,658,10.5,11.1,250,1220,6,270,1530,3.1,2639,270,21.8,60,1550,81.4,26.2,977.6,1006.5,1000,1003.7,200,1005.2,14.3,4.4,1400,2.49,15.58,,,,,,6.1,4.1,27.2,13.5,,,,,,,,,,,,3.6,{비}0635-{소나기}0720-0758. {소나기}0915-0933. {소나기}1253-1317.,
135,추풍령,1999-07-24,25.5,21,510,30.9,1553,.17,0,,0,,0,9.9,250,1337,5.3,270,1700,1.4,1198,250,21.4,53,1555,78.9,25.5,978.2,1007.7,2400,1004,1640,1005.9,14.2,7.6,1215,2.41,16.02,,,,,,4.6,2.6,27.7,12.4,,,,,,,,,,,,0,{박무}0428-{박무}{강도0}0600-{박무}{강도0}0900-00930. {소나기}1130-1140.,
135,추풍령,1999-07-25,26.3,21.6,145,31.3,1508,.28,.9,1553,.9,,1.7,9.2,160,1540,5,160,1542,.2,196,110,22.6,57,1105,81.5,27.6,981.4,1010.9,2400,1007.3,1820,1009,14.2,6.1,935,1.8,15.12,,,,,,4.6,3.4,27.6,12.9,,,,,,,,,,,,1.7,{소나기}1303-1310. {소나기}1553-1603. {천둥}{강도0}(NE)1558.,
135,추풍령,1999-07-26,25.3,21.6,425,28.5,1300,.17,0,,0,,0,9,140,1503,4.2,140,1510,1.4,1172,70,22.5,70,1340,84.4,27.2,981.2,1011.4,735,1006.1,2400,1008.9,14.2,3.6,1200,1.46,9.8,,,,,,6.8,2.8,26.6,12.8,,,,,,,,,,,,2,{소나기}1930-1940.,
135,추풍령,1999-07-27,23.8,23.1,2300,24.6,1313,13.97,1.2,1447,2.8,1620,11.3,16.2,90,1440,8.3,90,1700,5,4361,90,22.1,80,540,90.1,26.6,970.9,1006.1,0,995.3,1720,998.5,14.2,0,1145,.53,5.11,,,,,,10,5.8,23.6,15,,,,,,,,,,,,15.9,{비}0557-{비}{강도0}0600-{비}{강도0}0900-0905. {비}0945-1010. {비}1030-1045. {비}1138-1153. {비}1325-1340. {비}1420-{비}{강도0}1500-{비}{강도0}1800-{비}{강도0}2100-{비}{강도0}2400- {박무}2330{박무}{강도0}2400-,
135,추풍령,1999-07-28,24.2,22.9,500,27.1,1405,15.08,1,1908,2.8,1833,13.5,12.6,90,142,7,90,10,1.4,1250,110,22.5,80,1417,90.6,27.3,973.9,1004.4,2300,998.4,100,1001.6,14.1,0,1315,1.03,4.28,,,,,,10,5.8,25.4,15.3,,,,,,,,,,,,7.1,-{비}-{비}{강도0}0300-{비}{강도0}0600-0730. {비}0813-0828. {비}0915-0930. {비}1530-1540. {비}1605-1620. {비}1625-{비}{강도0}1800-{비}{강도0}2100-2130. {비}2215-2350. -{박무}-{박무}{강도0}0300-0535. {박무}1720-{박무}{강도0}1800-{박무}{강도0}2100-{박무}{강도0}2400-,
135,추풍령,1999-07-29,25.2,22.2,605,29.9,1553,1.75,.1,,.3,820,.4,6.2,180,1630,3,180,1600,.1,128,180,23.2,71,1245,88.9,28.5,977.4,1006.7,2400,1003.6,1600,1005,14.1,.8,945,1.68,11.22,,,,,,9.8,5.9,27.3,14.9,,,,,,,,,,,,1.2,-{박무}-0140. {비}0810-{비}{강도0}0900-0955.,
135,추풍령,1999-07-30,25.4,23.3,300,28.4,1108,6.45,1.4,1617,1.6,1603,4.8,6.3,110,1131,2.8,110,1140,.3,218,110,23.8,80,1025,90.5,29.5,979.5,1009.6,2400,1006,1710,1007.2,14.1,.8,915,1.07,6.77,,,,,,9,6.3,26.9,15.4,,,,,,,,,,,,7.5,{비}0510-0550. {비}0719-0825. {비}1105-{비}{강도0}1200-1258. {소나기}1402-{소나기}{강도0}1500-1535. {소나기}1603-1635. {소나기}2112-2130. {소나기}2330-2355.,
135,추풍령,1999-07-31,24.8,23.3,615,27.6,1630,5.98,1.2,620,2.6,555,5.2,6.6,180,1750,2.8,180,1840,.3,255,180,22.9,79,1740,89.6,28,980,1009.6,0,1006.1,1740,1007.8,14.1,0,1530,.72,4.18,,,,,,9,6.4,27.1,15.7,,,,,,,,,,,,1.5,{비}0520-{비}{강도0}0600-0655. {비}0720-0847. {비}1138-{비}{강도0}1200-1435.,
135,추풍령,1999-08-01,26.2,21.3,500,30.4,1335,,,,,,,5.6,160,1206,2.7,160,1640,.6,498,160,23,63,1325,82.8,28.2,978.6,1007.7,2400,1004.8,1620,1006.2,14,1.1,1030,1.05,7.99,,,,,,7.8,6.9,28,12.8,,,,,,,,,,,,.1,,
135,추풍령,1999-08-02,24.5,20.8,2235,27.5,1208,9.58,7.5,2218,16.4,2148,35.8,9.6,50,2210,4,70,2120,.8,655,90,22.8,78,1147,90.3,27.8,978,1007.7,0,1004.2,1552,1005.7,14,0,1500,.7,4.52,,,,,,10,5.4,26.1,13.4,,,,,,,,,,,,54.7,{소나기}0525-0545. {소나기}0840-0850. {비}1218-1250. {비}1310-1357. {비}1438-1455. {비}1505-1749. {비}1825-2033. {비}2108-2345.,
135,추풍령,1999-08-03,22.6,21,530,25.2,2037,12.3,12,730,18.7,650,48.7,26.7,110,1357,10.3,110,1410,4.2,3635,110,19.8,54,2036,84.8,23.2,974.6,1007,301,994.9,1648,1002.4,14,0,1000,.48,4.51,,,,,,9.4,6,22.7,11.9,,,,,,,,,,,,29.7,{비}0515-0548. {비}0645-{비}{강도0}0900-{비}{강도1}1200-{비}{강도0}1500-{비}{강도0}1800-1830. {박무}0815-{박무}{강도0}0900-{박무}{강도1}1200-1235.,
135,추풍령,1999-08-04,21.7,18,450,24.2,1200,2.25,.4,1330,1.2,1330,1.2,9,290,38,4.5,290,40,.7,614,110,19.7,76,930,88.3,23,982.3,1011.9,2330,1006.4,0,1010.4,13.9,0,845,.85,4.74,,,,,,9,5.8,22.6,8.9,,,,,,,,,,,,1.2,{비}1305-{비}{강도0}1500-1520. {박무}2340-{박무}{강도0}2400-,
135,추풍령,1999-08-05,24.7,20.3,520,29.4,1503,,,,,,,5.6,110,1207,3.3,110,1620,.8,683,70,21.6,64,1400,83.4,25.9,981.5,1012,44,1006.9,1730,1009.3,13.9,4.6,1000,1.33,8.62,,,,,,7.3,4.4,27.7,13.3,,,,,,,,,,,,,-{박무}-{박무}{강도0}0300-{박무}{강도0}0600-0830.,
135,추풍령,1999-08-06,24.6,21.4,425,28.3,1435,,,,,,,8.5,90,2220,4.3,90,2230,1.8,1526,90,21.7,73,1744,84.4,26.1,977.4,1007.9,0,1003.3,1810,1005.2,13.9,.3,1410,1.35,7.63,,,,,,8.9,6.5,26.4,12.9,,,,,,,,,,,,,,
135,추풍령,1999-08-07,25.6,22.2,520,30.2,1344,.5,0,,0,,0,10.2,20,1120,5.3,70,1420,1.9,1658,90,22.7,66,1319,84.6,27.7,973.8,1004.1,25,999.3,1430,1001.3,13.8,1.9,1300,1.87,11.06,,,,,,9.3,7.1,27,13.9,,,,,,,,,,,,1.9,{비}2330-{비}{강도0}2400-,
135,추풍령,1999-08-08,26.6,23.9,455,31.3,1425,3,.8,220,1.5,130,1.9,12.7,110,950,5.5,90,910,3.1,2673,70,23.3,62,1436,82.8,28.6,976.6,1007.7,2400,1001.1,300,1004,13.8,2.2,1345,1.9,12.46,,,,,,9,5.6,28.5,16.2,,,,,,,,,,,,14.8,-{비}-0020. {비}0120-{비}{강도0}0300-0310. {비}0420-0510.,
135,추풍령,1999-08-09,26.1,23.4,630,30.2,1506,3.6,2.3,710,9.1,630,14.9,9,90,558,4.5,50,300,1.4,1241,90,23.6,74,1813,86.5,29.2,980.5,1010,2400,1006.6,305,1008.2,13.8,.7,1300,.78,5.01,,,,,,7.9,5.3,27.2,14.1,,,,,,,,,,,,.1,{비}0545-{비}{강도0}0600-0848. {비}1107-1140. {박무}0535-{박무}{강도0}0600-{박무}{강도0}0900-{박무}{강도0}1200-1340.,
135,추풍령,1999-08-10,27.4,22,605,32.7,1420,,,,,,,7.3,90,920,3.5,90,910,.7,596,90,22.8,52,1550,77.5,27.8,980.8,1010.1,225,1005.6,1825,1008.3,13.8,11.3,1240,2.5,18.76,,,,,,2.4,2.3,30.5,13.5,,,,,,,,,,,,,,
135,추풍령,1999-08-11,27,22.4,520,33.5,1449,,,,,,,9,180,1644,4.8,90,1630,.5,439,90,22.9,53,1520,79.9,28,980,1009.1,55,1005.4,1558,1007.6,13.7,8.8,1345,1.96,13.4,,,,,,4.3,3.4,30.3,13.6,,,,,,,,,,,,,{천둥}{강도0}(E)1550-1610.,
135,추풍령,1999-08-12,25.8,21.4,500,30.7,1325,,,,,,,8.8,110,1225,3.7,70,1420,.9,769,70,21.3,54,1505,77.6,25.3,979.7,1009.1,700,1004.9,1750,1007.3,13.7,10.8,1200,2.67,18.12,,,,,,4.9,3.9,30.2,12.7,,,,,,,,,,,,,{박무}0420-{시정(미만)}{1km}{안개}0510-{안개}{강도0}0600-{시정(이상)}{1km}{박무}0720-0745.,2.17
135,추풍령,1999-08-13,25.9,19.7,555,31,1504,,,,,,,10.7,70,1126,4.8,110,1150,.7,596,110,20.9,53,1606,75.5,24.7,980.7,1010.7,2400,1006.5,1550,1008.3,13.7,8.5,1130,2.28,16.39,,,,,,3.1,2.5,30.3,10.5,,,,,,,,,,,,,,
135,추풍령,1999-08-14,25.2,19.4,557,30.5,1355,,,,,,,7.1,110,1430,3.8,90,1440,.8,677,160,20.4,48,1525,76.6,24,983.2,1012.9,2240,1009.7,1745,1011.1,13.6,8,1400,2.48,18.47,,,,,,3,1.8,30.8,10.4,,,,,,,,,,,,,,
135,추풍령,1999-08-15,24.2,20,530,29.6,1557,.8,3.8,1954,3.9,1945,4.2,7.7,140,1205,4,140,1210,.9,780,110,20.8,63,1640,81.6,24.5,984.3,1013.9,620,1010.6,1700,1012.3,13.6,2.9,1445,1.24,8.02,,,,,,5.3,4.5,26.8,10.9,,,,,,,,,,,,4.2,{소나기}1905-1920. {소나기}1945-2018.,
135,추풍령,1999-08-16,24.7,19.1,615,29.9,1510,,,,,,,8.1,50,1020,3,110,1310,.8,730,70,19.9,51,1553,76.1,23.3,981.9,1012.6,0,1007.3,1800,1009.8,13.6,7,1345,1.68,14.06,,,,,,5.8,5.4,29.3,10.4,,,,,,,,,,,,,,
135,추풍령,1999-08-17,25.6,19,605,32.2,1549,,,,,,,6,90,1213,1.8,180,1600,.2,184,180,19.9,40,1457,73.5,23.3,979.5,1008.9,655,1004.9,1550,1007.1,13.6,10.4,1230,2.88,22.84,,,,,,2,2,31.5,10.2,,,,,,,,,,,,4.8,,
135,추풍령,1999-08-18,23.6,21.4,330,26.6,1535,4.05,4,835,5.5,820,6.4,7.3,70,1350,2.7,70,1424,.1,103,50,21.3,71,1415,87.3,25.4,981.2,1010.4,840,1007.9,1827,1009.1,13.5,0,1251,1.34,6.76,,,,,,8.4,6.3,25.7,12.8,,,,,,,,,,,,1.6,{비}0803-{비}{강도1}0900-1053. {소나기}1702-{소나기}{강도0}1800-1815.,
135,추풍령,1999-08-19,25,21.9,2400,30.4,1642,,,,,,,8.8,270,930,4.3,290,1000,1.5,1307,290,20.9,57,1712,79.4,24.7,982.1,1011.7,2150,1008.4,320,1009.9,13.5,4.3,1236,2.64,14.67,,,,,,5.6,4.8,28.5,13.4,,,,,,,,,,,,,,
135,추풍령,1999-08-20,24.1,21,305,27.9,1200,.25,.7,1504,.8,,.8,10,340,1427,4.2,340,1423,.3,277,70,21.8,71,1245,87.4,26.3,981.5,1011.7,0,1007.4,1625,1009.4,13.4,0,1100,1.16,6.72,,,,,,8.9,4.5,25.5,12.4,,,,,,,,,,,,7.6,{박무}0520-{시정(미만)}{1km}{안개}0540-{안개}{강도0}0600-{안개}{강도0}0900-{시정(이상)}{1km}{박무}0950-{박무}{강도0}1200-1320. {소나기}15031518. {박무}2020-{박무}{강도0}2100-{박무}{강도0}2400-,4.17
135,추풍령,1999-08-21,23.1,21.6,600,25.3,1225,3.67,1.8,520,5.7,442,6.9,10.2,270,1136,5.7,270,1220,1.7,1469,270,20.4,72,1312,85.3,24,980.9,1011.5,2305,1006.9,440,1008.9,13.4,0,1133,1.03,5.31,,,,,,10,4.5,24.8,14.3,,,,,,,,,,,,.1,-{박무}-{박무}{강도0}0300-{박무}{강도0}0600-0730. {비}0302-0557. {비}1635-1720.,
135,추풍령,1999-08-22,21.3,19.5,2400,24.9,1514,3.63,.1,,.4,2220,.7,7.9,290,400,4.7,320,410,.8,656,270,17.6,49,1403,80.9,20.2,984.2,1014.2,2137,1010.2,120,1012.4,13.3,.2,1300,1.94,8.1,,,,,,10,4.4,24.4,12.3,,,,,,,,,,,,.9,{비}1157-{비}{강도0}1200-1320. {비}2105-2320.,
135,추풍령,1999-08-23,20.9,17.6,555,24.4,1534,2.8,.1,,.1,,.2,6.6,90,1205,3.5,70,2100,.8,666,90,18.2,73,1421,84.6,21,986.4,1016.7,2400,1013.5,510,1014.8,13.3,0,900,1.19,7.47,,,,,,9.9,4.5,24.2,10.4,,,,,,,,,,,,0,{비}0025-{비}{강도0}0300-0313. {박무}0235-{박무}{강도0}0300-0415.,
135,추풍령,1999-08-24,22.5,18.4,520,27.9,1520,.47,0,,0,,0,5.6,70,1542,2.7,70,1633,.3,273,90,18.3,57,1425,77.9,21,987.1,1017.2,730,1012.9,1700,1015.3,13.3,5,1237,2.12,15.13,,,,,,6.4,4.8,26.6,11,,,,,,,,,,,,,{비}0520-0548.,
135,추풍령,1999-08-25,21,18.3,600,23.7,1104,10.52,.5,2153,1.4,2153,3.1,4.2,180,1205,1.5,180,1210,.1,62,20,18.9,65,1034,87.9,21.9,984.8,1014.9,728,1011.2,1740,1013.1,13.2,0,918,1.11,5.81,,,,,,8.5,5,23.5,10.3,,,,,,,,,,,,68.8,{박무}0455-{박무}{강도0}0600-{박무}{강도0}0900-1020. {비}1125-1130. {비}1202-{비}{강도0}1500-1758. {비}1930-{비}{강도0}2100-{비}{강도0}2400- {박무}2235-{박무}{강도0}2400-,
135,추풍령,1999-08-26,18.3,16.8,507,20.6,0,23.17,3.5,255,16,255,79.3,9.6,90,1023,4.3,70,1100,1.7,1460,90,17,90,1325,92.3,19.3,981.6,1012.4,0,1008.7,1600,1010.1,13.2,0,1000,.66,4.56,,,,,,10,5.9,20.2,10.3,,,,,,,,,,,,13.8,-{비}-{비}{강도1}0300-{비}{강도1}0600-{비}{강도0}0900-{비}{강도0}1200-1215. {비}1305-{비}{강도0}1500-{비}{강도0}1800-{비}{강도0}2100-{비}{강도0}2400- -{박무}-{박무}{강도0}0300-{박무}{강도0}0600-{박무}{강도0}0900-{박무}{강도0}1200-{박무}{강도0}1500-{박무}{강도0}1800-{박무}{강도0}2100-{박무}{강도0}2400-,
135,추풍령,1999-08-27,19.9,18.2,605,21.2,1730,16.32,.6,1120,2.1,2110,7.1,5.6,90,457,3.8,90,150,1.2,1033,90,18.5,91,1355,92,21.4,981,1010.9,1045,1007.8,1922,1009.3,13.2,0,1115,.55,3.05,,,,,,10,5.8,21.3,11.7,,,,,,,,,,,,8,-{박무}-{박무}{강도0}0300-{박무}{강도0}0600-{박무}{강도0}0900-{박무}{강도0}1200-{박무}{강도0}1500-{박무}{강도0}1800-{박무}{강도0}2100-{박무}{강도0}2400- -{비}-0239. {비}1020-{비}{강도0}1200-{비}{강도0}1500-{비}{강도0}1800-{비}{강도0}2100-{비}{강도0}2400-,
135,추풍령,1999-08-28,22.5,19,2400,27.7,1642,4.83,.3,0,.4,0,1.1,9.4,270,505,5,270,510,2.2,1864,270,18.6,52,1600,79.8,21.5,983.6,1013,2300,1009.4,0,1011.7,13.1,3.3,1132,2.64,14.47,,,,,,6.5,4.8,25.3,10.8,,,,,,,,,,,,,-{비}-0045. {비}0425-{비}{강도0}0600-0830. -{박무}-0030. {박무}0740-0825.,
135,추풍령,1999-08-29,22.6,17.8,630,28.6,1359,2.37,.5,1840,1.2,1800,2.1,6.2,70,1423,3,70,1650,.5,415,70,20,60,1312,85.8,23.5,983.6,1013.4,700,1009.6,1530,1011.7,13.1,4.3,945,1.87,12.13,,,,,,6.9,3.4,25.7,9.5,,,,,,,,,,,,2.2,{박무}0430-{박무}{강도0}0600-0820. {천둥}{강도0}(E)1630-{천둥}{강도0}(E{이동}NE)1800-1840. {소나기}1658-{소나기}{강도0}1800-1920. {박무}2320-{박무}{강도0}2400-,
135,추풍령,1999-08-30,21.8,20.1,2400,23.9,1414,13.25,.2,,.3,1700,1.3,6.2,110,1410,3,70,1425,.5,415,140,20.1,81,1512,90.1,23.6,981.5,1011.7,0,1007.6,1913,1009.6,13.1,0,1215,1.13,7.26,,,,,,10,5.6,23.8,13.3,,,,,,,,,,,,25.5,-{박무}-{박무}{강도0}0300-{박무}{강도0}0600-{시정(미만)}{1km}{안개}0730-{시정(이상)}{1km}{박무}0840-{박무}{강도1}0900-1045. {박무}1828-{박무}{강도0}2100-{박무}{강도0}2400- {비}0520-{비}{강도0}0600-0620. {비}0830-{비}{강도0}0900-0938. {비}1155-{비}{강도0}1200-{비}{강도0}1500-{비}{강도0}1800-{비}{강도0}2100-2230. {비}2328-{비}{강도0}2400-,1.17
135,추풍령,1999-08-31,21.4,19.2,705,25.7,1600,10.5,2.5,614,7.3,600,24.4,7,50,1453,2.8,70,1110,.6,492,50,18.7,69,1501,85.1,21.6,980.3,1012.3,2400,1006.2,606,1008.4,13,1,1415,1.69,9.5,,,,,,8.9,7.4,24,12.9,,,,,,,,,,,,.1,-{비}-{비}{강도0}0300-{비}{강도1}0600-{비}{강도0}0900-1030. -{박무}-{박무}{강도0}0300-{박무}{강도0}0600-0820.,
135,추풍령,1999-09-01,22.6,17.8,550,27.9,1250,,,,,,,7,160,1208,3.3,90,1540,.7,606,90,18.5,54,1244,79.6,21.4,986.5,1017.3,2400,1012.3,0,1014.8,13,5,1100,2.31,14.76,,,,,,5,4.4,25.9,9.3,,,,,,,,,,,,,{박무}0420-{박무}{강도0}0600-{시정(미만)}{1km}{안개}0730-{시정(이상)}{1km}{박무}0830-{박무}{강도1}0900-1030.,1
135,추풍령,1999-09-02,22.2,16.5,625,28.4,1540,,,,,,,6.5,140,1341,2.5,160,1130,.5,423,160,18.4,54,1424,80.6,21.3,990.6,1020.8,2400,1017.3,0,1018.9,13,8.5,1045,2.14,15.59,,,,,,4.1,2,25.3,8.5,,,,,,,,,,,,,{박무}0425-{시정(미만)}{1km}{안개}0520-{안개}{강도0}0600-{시정(이상)}{1km}{박무}0830-1020.,3.17
135,추풍령,1999-09-03,21.5,15.3,545,28.4,1437,,,,,,,6.7,90,1550,3,70,1130,.6,495,90,17,46,1350,78.3,19.4,991.9,1021.9,815,1018.6,1700,1020.3,12.9,8.4,945,2.64,20.35,,,,,,2.1,.8,25.4,6.6,,,,,,,,,,,,,,
135,추풍령,1999-09-04,22.3,16.2,539,28,1344,,,,,,,7.2,70,1102,3.5,70,1120,.7,614,70,17.9,51,1243,77.3,20.6,989.4,1020.7,0,1015.3,1610,1017.7,12.9,9.2,1200,2.34,15.95,,,,,,3,1.8,26,8,,,,,,,,,,,,,{박무}0540-{박무}{강도1}0600-0720.,
135,추풍령,1999-09-05,21.8,20.2,40,23.1,1715,6.83,3.5,1210,12.5,1310,34.8,7.1,70,1033,4,70,1030,.5,411,70,20.5,88,1025,92,24.1,982.6,1016.4,0,1007.7,2225,1010.7,12.8,0,1000,.37,2.53,,,,,,8.4,5.6,23.1,12.9,,,,,,,,,,,,35.1,{박무}0430-{박무}{강도0}0600-{박무}{강도1}0900-{박무}{강도1}1200-{박무}{강도1}1500-1715. {박무}1920-{박무}{강도1}2100-{박무}{강도0}2400- {비}1020-{비}{강도0}1200-{비}{강도1}1500-1710.,
135,추풍령,1999-09-06,25,21.6,120,29.8,1600,.3,.2,,.3,,.3,6.1,160,1326,2.3,160,1340,.5,452,50,22.2,57,1550,85,26.9,979.8,1008.6,2400,1005.8,1630,1007.6,12.8,4.9,1200,1.38,9.39,,,,,,7.6,6.3,26.7,15.5,,,,,,,,,,,,1.5,-{박무}-0220. {비}0602-0620.,
135,추풍령,1999-09-07,23,21.2,525,25.2,1659,2.98,.5,850,1.2,820,2.4,7,270,2210,4,270,2210,.5,411,70,21.1,81,1430,89.3,25.1,980.3,1009.6,2400,1006.9,1645,1008.3,12.8,.2,1245,1.06,7.14,,,,,,8.6,6.9,24.7,14.9,,,,,,,,,,,,.9,{비}0716-{비}{강도0}0900-0920. {비}1010-1105.,
135,추풍령,1999-09-08,24.1,20.8,2343,29,1648,,,,,,,8.7,270,746,5,270,140,1.8,1514,270,20.1,55,1644,78.8,23.4,982.9,1011.9,1045,1009.6,0,1010.8,12.7,7.1,1330,1.99,15.03,,,,,,3.6,3.1,25.7,12.9,,,,,,,,,,,,,,
135,추풍령,1999-09-09,24.2,18.5,555,30.2,1425,2.4,.5,2150,2,2135,1.8,6.2,250,1358,3,250,1310,.6,480,270,20.7,53,1430,82.4,24.5,980.3,1011.8,0,1005.7,1715,1008.2,12.7,6.2,1130,2.39,15.86,,,,,,5.5,3.3,27,11.3,,,,,,,,,,,,18.3,{박무}0420-{박무}{강도0}0600-{박무}{강도0}0900-{박무}{강도0}1200-1430. {박무}2310-{박무}{강도0}2400- {비}2125-2349.,
135,추풍령,1999-09-10,23.5,21.3,530,27.6,1552,14.5,8,1108,21.8,1056,50.7,19.1,270,1240,6.5,290,1310,2.1,1807,270,21.6,70,1553,89.5,25.9,974.4,1006.4,0,999.4,1130,1002.2,12.7,2.4,1400,2.29,8.05,,,,,,8.4,6,25.6,15.5,,,,,,,,,,,,34.2,-{박무}-{박무}{강도0}0300-{박무}{강도0}0600-{박무}{강도1}0900-{박무}{강도1}1200-1232. {비}0010-{비}{강도0}0300-{비}{강도0}0600-{비}{강도0}0900-{비}{강도2}1200-1230. {비}2120-2250. {비}2305-2345.,
135,추풍령,1999-09-11,25.1,22.1,640,29.7,1450,,,,,,,12.9,270,1005,7,290,130,3,2592,270,21.7,62,1530,81.8,26,977.1,1006.4,2300,1003.6,1737,1004.8,12.6,5.9,1200,2.22,15.36,,,,,,6.8,5.6,27,15.2,,,,,,,,,,,,,{박무}2038-{박무}{강도0}2100-{박무}{강도0}2400-,
135,추풍령,1999-09-12,23.7,20.7,2400,26.6,1514,,,,,,,7.1,250,331,4,270,1200,1.6,1346,270,21.4,78,1500,86.9,25.5,980.8,1010.6,2400,1006.3,215,1008.7,12.6,1,1126,1.54,10.11,,,,,,7.8,3.5,23.9,13.6,,,,,,,,,,,,,-{박무}-{박무}{강도0}0300-0520. {박무}0740-{박무}{강도0}0900-1040. {박무}1920-{박무}{강도0}2100-{박무}{강도0}2400-,
135,추풍령,1999-09-13,23.9,20,2300,30.1,1510,,,,,,,5.4,250,1202,3,250,1200,.5,407,250,19.8,47,1635,79.6,23.1,981.8,1011.1,400,1007.7,1600,1009.8,12.5,7.2,1150,2.04,12.17,,,,,,4.5,3.9,26.9,13.7,,,,,,,,,,,,,-{박무}-{박무}{강도0}0300-{시정(미만)}{1km}{안개}0542-{안개}{강도0}0600-{시정(이상)}{1km}{박무}0845-{박무}{강도1}0900-{박무}{강도0}1200-1245.,3.05
135,추풍령,1999-09-14,24.1,19.5,425,29.9,1210,.67,.1,,.2,,.2,6.3,70,1359,3,70,1400,.4,365,70,20.5,58,1420,81.5,24.2,979.6,1010.6,0,1004.8,1610,1007.4,12.5,6.9,1215,2.37,14.12,,,,,,6.1,5.6,27,13,,,,,,,,,,,,.2,{박무}0642-{박무}{강도0}0900-1020. {소나기}1930-2010.,
135,추풍령,1999-09-15,22.9,18.5,657,29,1408,,,,,,,14.5,90,1930,6.3,90,1930,1.3,1119,90,17.6,41,1425,73.4,20.2,982.7,1015.3,2400,1007.5,30,1010.7,12.5,8.5,1158,2.5,18.09,,,,,,5.8,5,26.7,10.8,,,,,,,,,,,,,,
135,추풍령,1999-09-16,21.7,18.4,2400,27.1,1356,,,,,,,10,70,1633,5.2,70,1640,2,1712,90,17.2,53,1400,76.5,19.6,988,1018.4,2250,1014.4,1620,1016.3,12.4,5.1,1130,2.18,11.99,,,,,,6.9,5.8,24.4,10.4,,,,,,,,,,,,,,
135,추풍령,1999-09-17,17.9,16.8,2253,19.9,900,14.33,1.4,1914,3.3,2210,24.2,11,90,1845,5.7,90,1530,2.8,2440,110,16.6,81,925,91.8,18.9,988.8,1018.6,2200,1016.7,1535,1017.5,12.4,0,810,.57,3.13,,,,,,9.4,5.3,20.7,10.4,,,,,,,,,,,,39,{비}0940-{비}{강도0}1200-{비}{강도0}1500-{비}{강도0}1800-{비}{강도0}2100-{비}{강도0}2400- {박무}1238-{박무}{강도0}1500-1540. {박무}1645-{박무}{강도0}1800-{박무}{강도0}2100-{박무}{강도0}2400-,
135,추풍령,1999-09-18,20.1,16.7,323,22.4,1553,10.83,1.9,340,6.2,320,15.1,8.3,110,1610,3.5,110,1700,2.2,1887,110,18.5,80,1700,90.5,21.3,988.3,1018.4,1010,1015.1,1550,1016.8,12.3,0,1425,1.09,5.71,,,,,,9.8,5.8,21.4,10.6,,,,,,,,,,,,.3,-{비}-{비}{강도0}0300-{비}{강도0}0600-{비}{강도0}0900-1050. -{박무}-{박무}{강도0}0300-{박무}{강도0}0600-{박무}{강도0}0900-0936.,
135,추풍령,1999-09-19,23.3,19.8,518,28.5,1335,4.32,2.2,2330,7,2300,8.7,6.7,180,1337,3.3,160,1410,.7,642,160,21.3,73,1433,89,25.6,983.6,1016.6,0,1008.2,2400,1011.6,12.3,.9,1245,2.64,9.59,,,,,,9.8,6.3,24.5,14.6,,,,,,,,,,,,29.2,{박무}0730-{박무}{강도0}0900-{박무}{강도0}1200-1238. {박무}2038-{박무}{강도0}2100-{박무}{강도0}2400- {비}1904-1935. {비}2012-{비}{강도0}2100-{비}{강도1}2400-,
135,추풍령,1999-09-20,19.8,17.1,2400,23.8,0,22.97,2.5,510,6.3,0,26,11.1,20,730,6,20,740,2.2,1908,110,18.6,89,1536,92.8,21.6,982.7,1014.8,2150,1006.9,510,1011.1,12.3,0,1100,.5,2.75,,,,,,10,6,21.4,11.6,,,,,,,,,,,,7.3,-{비}-{비}{강도0}0300-0338. {비}0440-{비}{강도1}0600-{비}{강도1}0900-{비}{강도0}1200-{비}{강도0}1500-{비}{강도0}1800-{비}{강도0}2100-{비}{강도0}2400- -{박무}-{박무}{강도0}0300-{박무}{강도0}0600-{박무}{강도0}0900-{박무}{강도0}1200-{박무}{강도0}1500-{박무}{강도0}1800-{박무}{강도0}2100-{박무}{강도0}2400-,
135,추풍령,1999-09-21,16.2,15.1,936,17.2,37,18.73,.4,910,1.3,1000,6.2,12.4,110,417,6,90,510,3.6,3073,90,14.9,81,513,91.5,16.9,985.8,1016.3,1002,1013.6,1810,1014.6,12.2,0,1220,.57,2.92,,,,,,10,5.3,19.2,9.8,,,,,,,,,,,,13.9,-{비}-{비}{강도0}0300-0550. {비}0820-{비}{강도0}0900-{비}{강도0}1200-{비}{강도0}1500-1609. {비}1715-{비}{강도0}1800-{비}{강도0}2100-2205. {비}2345-{비}{강도0}2400- -{박무}-{박무}{강도0}0300-0520. {박무}1035-{박무}{강도0}1200-1425.,
135,추풍령,1999-09-22,16.1,14.5,542,17.3,1406,17.75,1,320,2.9,310,15.7,8.8,110,201,3.8,110,1020,2.1,1779,110,14.9,85,1250,92.6,16.9,985,1014.6,1030,1013,621,1013.9,12.2,0,1200,.41,2.19,,,,,,10,5.5,18.4,9.2,,,,,,,,,,,,15.4,-{비}-{비}{강도0}0300-{비}{강도0}0600-0850. {비}1245-{비}{강도0}1500-{비}{강도0}1800-{비}{강도0}2100-2140. {박무}1420-{박무}{강도0}1500-1530.,
135,추풍령,1999-09-23,17.3,16,305,18.2,1800,22.17,4.5,1326,12.7,1500,81.2,7.4,140,1828,3.7,140,1820,.8,668,140,16.4,93,1820,94,18.6,983,1014.2,20,1009.7,2400,1011.7,12.2,0,1152,.22,.54,,,,,,10,6,18.4,10.9,,,,,,,,,,,,98.2,-{비}-{비}{강도0}0300-{비}{강도0}0600-0620. {비}0810-{비}{강도1}0900-{비}{강도1}1200-{비}{강도1}1500-{비}{강도0}1800-{비}{강도0}2100-{비}{강도1}2400- {박무}1040-{박무}{강도0}1200-{박무}{강도0}1500-{박무}{강도0}1800-{박무}{강도0}2100-{박무}{강도0}2400-,
135,추풍령,1999-09-24,18.7,17,320,19.8,1152,16.83,5.3,50,13.5,30,27.2,11.7,290,1205,6.7,290,1150,2.9,2512,290,17.4,87,2258,91.6,19.8,977.5,1011.3,2400,1001.7,712,1005.7,12.1,0,1000,1.13,5.33,,,,,,9.6,5.8,19.4,11.8,,,,,,,,,,,,1,-{비}-{비}{강도0}0300-{비}{강도0}0600-{비}{강도0}0900-1040. {비}1220-{비}{강도0}1500-{비}{강도0}1800-1830. -{박무}-{박무}{강도0}0300-0528. {박무}1720-{박무}{강도0}1800-{박무}{강도0}2100-2210.,
135,추풍령,1999-09-25,19.3,15.6,2247,24,1455,,,,,,,11.3,270,1520,5.8,290,1700,3.6,3126,270,13.8,47,1350,72.6,15.9,987.4,1020.3,2400,1011.3,0,1015.9,12.1,8.6,1130,2.27,16.09,,,,,,2.8,2.8,21.4,7.9,,,,,,,,,,,,,,
135,추풍령,1999-09-26,18,11.2,658,27.1,1558,,,,,,,6.1,290,242,3.7,290,220,.4,381,180,12.1,35,1600,73.1,14.2,992.6,1023.5,912,1019.2,1520,1021.5,12,9.9,1130,2.26,16.35,,,,,,.9,.9,20.6,4.2,,,,,,,,,,,,,{박무}0530-{박무}{강도0}0600-{시정(미만)}{1km}{안개}0618-{시정(이상)}{1km}{박무}0850-{박무}{강도0}0900-1020.,2.53
135,추풍령,1999-09-27,17.8,10.1,450,27.8,1504,,,,,,,8.4,250,1210,5.2,250,1300,.9,760,270,13.3,45,1220,77.9,15.6,993.3,1024,800,1019.4,1540,1022.2,12,6.1,1130,2.04,12.97,,,,,,3.1,2,20.1,3.1,,,,,,,,,,,,,{박무}0610-{시정(미만)}{1km}{안개}0630-{시정(미만)}{0.5km}{안개}0650-{시정(이상)}{1km}{안개}0702-{시정(이상)}{1km}{박무}0730-0750. {박무}2008-{박무}{강도0}2100-{박무}{강도0}2400-,1
135,추풍령,1999-09-28,18.8,12.9,605,27.8,1511,,,,,,,5.3,110,1032,2.3,20,1300,.2,182,110,14.7,37,1549,79.8,16.9,991.7,1022.8,720,1017.7,1515,1020.5,12,6,1230,2.18,13.26,,,,,,5.4,2.8,22.4,5.9,,,,,,,,,,,,,-{박무}-{박무}{강도0}0300-{박무}{강도1}0600-{시정(미만)}{1km}{안개}0608-{시정(미만)}{0.5km}{안개}0810-{시정(미만)}{0.2km}{안개}0823-{시정(미만)}{0.1km}{안개}0850-{안개}{강도2}0900-{시정(이상)}{0.1km}{안개}0920-{시정(이상)}{0.2km}{안개}0925-{시정(이상)}{0.5km}{안개}0940-{시정(이상)}{1km}{박무}1008-{박무}{강도0}1200-1220.,4
135,추풍령,1999-09-29,20.1,14.7,455,25.8,1505,,,,,,,10.5,290,1407,5.3,290,1310,1.1,990,270,16.2,52,1415,80,18.5,989.5,1020.1,140,1015.9,1500,1018,11.9,2.4,1315,1.9,10.89,,,,,,7.6,5.5,22.1,8.4,,,,,,,,,,,,,{박무}0420-{박무}{강도0}0600-{박무}{강도0}0900-1055. {박무}2340-{박무}{강도0}2400-,
135,추풍령,1999-09-30,20.6,17.6,2245,25.4,1312,,,,,,,8.1,250,1031,4.5,250,1040,2,1722,250,15.6,33,1311,74.3,17.8,991,1020.5,2230,1017.8,1414,1019.5,11.9,5.5,1200,2.23,12.13,,,,,,6.8,5.4,22.3,10.3,,,,,,,,,,,,,-{박무}-{박무}{강도0}0300-{박무}{강도0}0600-0720.,
135,추풍령,1999-10-01,20.3,16.1,550,24.7,1335,,,,,,,8.6,90,1030,4.8,70,1035,1.5,1282,90,17.2,63,1255,82.8,19.7,989.1,1020.8,250,1014.4,2400,1017.5,11.8,2,1020,1.59,9.37,,,,,,7.6,5,22.3,10.2,,,,,,,,,,,,1.2,{박무}0420-{박무}{강도0}0600-{박무}{강도0}0900-{박무}{강도0}1200-1240.  {박무}2310-{박무}{강도0}2400-,
135,추풍령,1999-10-02,14.9,10.4,2400,19.4,624,9.5,.5,1340,1.2,1300,3.9,14.1,270,1751,6.7,270,1610,3.3,2881,270,12.2,63,1824,83.4,14.7,986.7,1020.3,2400,1011.6,625,1015.8,11.8,0,1130,.78,2.93,,,,,,10,5.5,18.1,4.9,,,,,,,,,,,,2.7,-{박무}-{박무}{강도0}0300-{박무}{강도0}0600-0628.  {박무}0830-{박무}{강도0}0900-1130.  {비}0645-0658.  {비}0710-{비}{강도0}0900-1145.  {비}1230-{비}{강도0}1500-1640.  {비}1748-{비}{강도0}1800-1820.,
135,추풍령,1999-10-03,12.3,8,2400,19.8,1450,,,,,,,10.1,290,315,5.7,290,320,1.9,1623,270,5.3,39,1355,64.1,9,993.7,1025.7,2400,1020.3,0,1023.2,11.8,9.6,1200,2.25,15.82,,,,,,2.4,1.4,16.4,-.2,,,,,,,,,,,,,,
135,추풍령,1999-10-04,13.6,5.7,400,21.9,1458,,,,,,,7,160,1138,2.8,90,1530,.3,251,90,8.3,39,1500,73.5,11.1,994.6,1026.2,755,1021.6,1646,1023.9,11.7,7.3,1200,2.16,14.33,,,,,,6.3,4.4,17.6,-1.5,,,,,,,,,,,,,,
135,추풍령,1999-10-05,13.7,10.7,2337,19.9,1513,,,,,,,8,250,1350,4.3,270,1030,.9,784,270,9,41,1702,75.4,11.6,992.2,1022.8,1110,1019.4,1525,1021.5,11.7,3.3,1330,1.93,7.79,,,,,,4.9,4.8,17.1,4.2,,,,,,,,,,,,,,
135,추풍령,1999-10-06,11,9.3,2400,12.9,1503,5.25,.4,1130,1.1,1100,3.6,7.6,270,1106,4.7,270,1120,1,844,270,9.2,75,1023,88.6,11.7,990.4,1021.9,0,1018.3,1715,1019.8,11.7,0,1415,.48,2.8,,,,,,7.3,4.4,14.1,1.9,,,,,,,,,,,,3.6,{비}0930-{비}{강도0}1200-1445.,
135,추풍령,1999-10-07,13.6,6.8,635,19.5,1445,,,,,,,9.7,290,1415,5,290,1410,1,835,270,11,66,1650,85,13.3,987.7,1019.2,205,1013.7,1615,1016.6,11.6,1.7,1400,1.54,9.59,,,,,,6,5.4,15.5,-.2,,,,,,,,,,,,,{박무}0150-{박무}{강도0}0300-{박무}{강도0}0600-{시정(미만)}{1km}{안개}0630-{시정(미만)}{0.5km}{안개}0735-{시정(이상)}{0.5km}{안개}0820-{안개}{강도0}0900-{시정(이상)}{1km}{박무}0928-1012.,2.97
135,추풍령,1999-10-08,16,11.5,2400,23.2,1600,,,,,,,9.8,270,822,5.2,270,800,2,1734,250,10.8,38,1604,74.8,13.1,989.3,1021,2400,1015.9,1510,1018,11.6,8.9,1200,2.33,15.41,,,,,,1.1,1,17.7,2.5,,,,,,,,,,,,,{박무}0650-{시정(미만)}{1km}{안개}0705-{시정(미만)}{0.5km}{안개}0708-{시정(이상)}{0.5km}{안개}0735-{시정(이상)}{1km}{박무}0740-0745.,.58
135,추풍령,1999-10-09,15.2,7.5,650,24.1,1455,,,,,,,7,110,1334,3.2,110,1312,.4,354,110,9.8,26,1503,75.5,12.3,992.9,1023.7,800,1019.8,1708,1021.9,11.5,9.7,1240,2.16,15.13,,,,,,2.3,1.8,17.4,-.1,,,,,,,,,,,,.2,{박무}0610-{시정(미만)}{1km}{안개}0625-{시정(이상)}{1km}{박무}0725-0745.,1
135,추풍령,1999-10-10,14.7,13,136,16.3,1400,14.67,3,1720,8.2,1700,21.5,7.7,70,1830,3.3,70,1830,.6,497,70,13.5,88,1355,92.9,15.5,990.7,1022.9,145,1014.4,2400,1019.6,11.5,0,1045,.77,3.47,,,,,,9.3,5.8,16.1,7,,,,,,,,,,,,37.6,{비}0713-0758.  {비}0948-{비}{강도0}1200-1445.  {비}1502-{비}{강도1}1800-{비}{강도0}2100-{비}{강도0}2400-  {박무}0950-{박무}{강도0}1200-{박무}{강도0}1500-{박무}{강도0}1800-{박무}{강도0}2100-{박무}{강도0}2400-,
135,추풍령,1999-10-11,16.1,14.5,2348,18.2,1202,13.52,3.2,850,11.1,800,24.4,11,270,1150,5.5,270,1200,1.5,1287,270,14.9,87,1710,92.4,16.9,986.6,1019.1,2325,1012.5,700,1015.3,11.5,0,1000,1.15,5.24,,,,,,8.8,6.1,16.5,8.4,,,,,,,,,,,,8.1,-{비}-0030.  {비}0106-{비}{강도0}0300-{비}{강도0}0600-{비}{강도1}0900-{비}{강도0}1200-1215.  {비}1423-{비}{강도0}1500-1615.  -{박무}-0050.  {박무}0140-{박무}{강도0}0300-{박무}{강도0}0600-{박무}{강도1}0900-{박무}{강도0}1200-1208.,
135,추풍령,1999-10-12,17,11.1,730,22.7,1422,,,,,,,9.2,70,1225,4.3,90,1340,1,895,70,13.9,59,1432,83.4,15.9,991.2,1021.4,908,1018.7,1500,1019.9,11.4,6.7,1100,2.33,14.88,,,,,,5.1,4.3,18.2,3.4,,,,,,,,,,,,1.8,{박무}0232-{박무}{강도0}0300-{박무}{강도0}0600-{박무}{강도0}0900-1030.,
135,추풍령,1999-10-13,15.3,14.3,2120,17.2,1116,7.52,.7,858,1.7,1300,4.8,6.8,270,2215,3.3,270,2300,.8,685,250,14,84,1450,92,16,991.3,1021.1,2153,1018.7,413,1020.1,11.4,0,1340,.91,3.78,,,,,,9,6.3,17.1,8.9,,,,,,,,,,,,3,{비}0415-0545.  {비}0710-{비}{강도0}0900-1153.  {비}1245-1403.  {박무}0640-{박무}{강도0}0900-1130.  {박무}1308-1448.,
135,추풍령,1999-10-14,16.2,13.5,705,22,1315,2.42,.1,2310,.2,2300,.3,7.8,90,1411,4.8,270,50,1.5,1290,290,12.8,47,1354,81.4,14.8,992.1,1022.8,930,1018.7,1600,1020.9,11.3,4.8,1145,2.17,10.66,,,,,,7.5,6.1,18.7,7.8,,,,,,,,,,,,1.6,{비}2135-{비}{강도0}2400-,
135,추풍령,1999-10-15,15.2,11,2400,19.6,1507,9.13,.2,,.4,20,1.3,14.7,270,2115,6.8,270,2310,2.9,2466,290,8.8,39,2250,68,11.9,990.8,1022.7,2400,1016.1,1510,1019.6,11.3,2.4,1255,2.18,10.6,,,,,,7.8,5.3,16.8,4.8,,,,,,,,,,,,0,-{비}-{비}{강도0}0300-{비}{강도0}0600-{비}{강도0}0900-0908.,
135,추풍령,1999-10-16,6.1,2.8,2200,11,0,,,,,,,20.2,320,1531,8.2,270,1400,4.8,4159,250,-6.8,26,1202,39.1,3.7,996.2,1028.4,2250,1022.7,0,1026.3,11.3,3.7,1156,2.15,8.19,,,,,,4.4,4.4,8.7,-1,,,,,,,,,,,,,,
135,추풍령,1999-10-17,6.9,-2.2,700,14.1,1414,1,0,,0,,0,11,250,1327,7.2,270,1350,2.2,1892,270,.9,38,1350,68.3,6.7,995.4,1028.3,0,1022.1,1500,1025.3,11.2,5.1,1245,2.23,11.47,,,,,,4.5,3.9,8.4,-10,,,,,,,,,,,,0,{비}2030-{비}{강도0}2100-2130.,
135,추풍령,1999-10-18,9.5,3.6,628,17.5,1310,,,,,,,7.2,90,1200,3.3,70,1210,.6,526,70,4.4,36,1507,74,8.4,996.4,1028.1,920,1023.8,1520,1026.1,11.2,6,1205,2.13,13.28,,,,,,1.5,1.5,12.9,-4.8,,,,,,,,,,,,,,
135,추풍령,1999-10-19,10.5,2.8,635,19.3,1533,,,,,,,7,250,1212,4,290,2310,.8,692,290,4.7,36,1530,71.9,8.6,993.3,1026.4,0,1020,1500,1022.8,11.2,9.5,1200,2.06,14.66,,,,,,0,0,12.3,-5.4,,,,,,,,,,,,,,
135,추풍령,1999-10-20,11.1,5.8,551,18.6,1503,,,,,,,10,230,1232,5.3,250,1100,2.2,1916,250,6,41,1510,74.1,9.4,991.5,1022.1,850,1018.6,1450,1020.9,11.1,9.1,1130,1.83,11.91,,,,,,0,0,12.7,-2.2,,,,,,,,,,,,,,
135,추풍령,1999-10-21,11.4,4.1,559,20.1,1459,,,,,,,7.9,270,1300,4.7,270,1300,.9,782,270,7,42,1449,77.9,10.1,992,1022.9,845,1019.1,1454,1021.4,11.1,8,1230,1.78,11.04,,,,,,0,0,13.5,-3.2,,,,,,,,,,,,,{박무}0350-{시정(미만)}{1km}{안개}0450-{시정(미만)}{0.5km}{안개}0520-{안개}{강도1}0600-{시정(이상)}{0.5km}{안개}0620-{시정(이상)}{1km}{박무}0650-0740.  {박무}1020-{박무}{강도0}1200-1230.,2
135,추풍령,1999-10-22,14.4,9.1,537,20.6,1517,,,,,,,10,250,1327,6.7,270,1300,2.9,2473,270,5.1,25,1540,59.4,9.1,992.4,1022.9,2400,1019.1,1540,1021.5,11.1,7.7,1130,2.01,12.76,,,,,,.9,.9,14.3,2.9,,,,,,,,,,,,,{박무}0020-{박무}{강도0}0300-0302.  {박무}0320-{시정(미만)}{1km}{안개}0440-{안개}{강도0}0600-{안개}{강도0}0900-{시정(이상)}{1km}{박무}0915-1045.,4.58
135,추풍령,1999-10-23,11.5,6.5,552,17.6,1416,,,,,,,11.1,90,809,6.7,90,1150,2.3,1951,70,6.2,47,1423,72,9.5,995.2,1025.9,2245,1022.9,0,1024.7,11,3.5,1415,1.61,8.41,,,,,,3.8,3.4,14.2,0,,,,,,,,,,,,,,
135,추풍령,1999-10-24,10.7,3.4,700,20.3,1511,,,,,,,5,140,1229,1.8,140,1230,.3,260,110,5.7,39,1356,75.5,9.2,994,1025.5,0,1020.7,1458,1023.5,11,9.2,1200,1.93,12.5,,,,,,0,0,13.6,-1.2,,,,,,,,,,,,,,
135,추풍령,1999-10-25,10.7,2,707,23.1,1429,,,,,,,3.6,180,1215,1.8,200,1520,.3,257,200,4.5,30,1510,71.5,8.5,993.2,1025,840,1019.7,1450,1022.7,10.9,9.1,1200,2.04,12.8,,,,,,0,0,13.6,-6.7,,,,,,,,,,,,,,
135,추풍령,1999-10-26,11.2,3.9,540,19.3,1326,,,,,,,4.6,230,1244,2.2,230,1220,.3,298,200,7.2,48,1201,79.5,10.3,990.2,1022.9,0,1016.8,1630,1019.5,10.9,4.1,1054,1.82,7.3,,,,,,7.8,3.3,12.4,-.5,,,,,,,,,,,,,,
135,추풍령,1999-10-27,12.7,6.9,334,19.8,1459,,,,,,,13.2,250,1127,7.7,250,1130,2.2,1919,270,7.5,41,1600,72.9,10.4,986.1,1017.4,225,1013,1430,1015.2,10.9,7.1,1215,1.34,7.64,,,,,,1.5,.3,12.9,.5,,,,,,,,,,,,,,
135,추풍령,1999-10-28,13.5,5.8,700,22.7,1502,,,,,,,9.6,250,1242,4.5,250,1240,.9,792,250,6.7,24,1552,69.6,9.9,986.2,1017.7,410,1012.4,1450,1015.2,10.8,8,1100,1.44,9.98,,,,,,2.5,1.1,15.2,1.2,,,,,,,,,,,,3.8,{박무}0420-{박무}{강도0}0600-{박무}{강도0}0900-1020.,
135,추풍령,1999-10-29,9.9,2.3,2337,15.7,243,1,2.7,328,3.8,250,3.8,14.7,270,1321,9,270,1140,3.1,2670,270,.6,22,1650,56,7.2,989.5,1024.6,2350,1013.3,245,1018.9,10.8,6.8,1215,1.9,11.65,,,,,,3.5,2,12.3,-2.4,,,,,,,,,,,,,{뇌전}{강도0}(W 7-9)0245-{뇌전}{강도1}(W{이동}NW 3-5)0256-{뇌전}{강도1}(NW 3-5)0300-{뇌전}{강도0}(NW{이동}N 7-9)0320-0340.  {소나기}0250-{소나기}{강도0}0300-0350.,
135,추풍령,1999-10-30,6.4,-.2,346,15,1539,,,,,,,9.3,250,1314,6,250,1200,1.2,1036,250,.7,36,1530,71.4,6.4,995.9,1027.7,850,1024.2,1440,1026,10.8,8.7,1200,1.83,11.89,,,,,,2.4,0,9.7,-3.4,,,,,,,,,,,,,,
135,추풍령,1999-10-31,6,2.6,305,8.5,1207,9.92,2.9,2030,6.3,2010,29.9,5,90,2008,3.8,90,1920,.6,514,140,4.5,67,1349,90.1,8.4,989.6,1026.4,0,1011.8,2350,1019.5,10.7,0,1000,.4,2.22,,,,,,8,5,7.9,-.5,,,,,,,,,,,,36.6,{비}1405-{비}{강도0}1500-{비}{강도0}1800-{비}{강도1}2100-{비}{강도1}2400-,
135,추풍령,1999-11-01,7.6,6,2400,10.5,1614,8.13,,,,,7,14.7,270,1125,7.5,250,1100,3.7,3192,250,3.9,53,1628,78.4,8.3,986.2,1021.6,2400,1009.6,212,1015.9,10.7,0,1500,.54,2.2,,,,,,8.5,6,8.7,3.4,,,,,,,,,,,,.3,-{비}-0225.  {비}0402-0445.  {비}0615-{비}{강도0}0900-1115.,
135,추풍령,1999-11-02,5.4,1.2,2350,10.5,1507,.2,,,,,0,16.3,200,1129,10.7,200,1150,3.9,3375,200,-2.8,28,1608,58.4,5,993.4,1025.7,2330,1021.6,0,1023.5,10.7,7.7,1200,1.9,11.26,,,,,,2.6,2.6,7.1,-1.7,,,,,,,,,,,,,{비}0803-0815.,
135,추풍령,1999-11-03,6.3,1,730,11.7,1352,,,,,,,12,250,1227,7.5,250,1230,2.5,2181,250,-.1,41,1302,65.3,6.1,995.5,1027.3,2400,1024,1500,1025.6,10.6,6.8,1230,1.91,9.14,,,,,,1.9,1.9,6.9,-2,,,,,,,,,,,,,,
135,추풍령,1999-11-04,7.8,.9,730,14,1506,,,,,,,11.5,250,1319,6.5,290,350,3.2,2755,290,-.1,35,1210,59.3,6.1,997.2,1029.6,850,1025.5,1428,1027.2,10.6,8.5,1145,1.83,11.25,,,,,,0,0,7.9,-2.1,,,,,,,,,,,,,,
135,추풍령,1999-11-05,10.9,5.2,548,17.7,1501,,,,,,,9.8,270,1232,6.3,270,1300,2,1769,250,4.7,40,1450,67.5,8.6,996.1,1027.2,910,1023.2,1442,1025.7,10.6,5.3,1145,1.65,10.06,,,,,,4.4,1.1,10.9,1.5,,,,,,,,,,,,,,
135,추풍령,1999-11-06,9.9,4.6,740,19.6,1409,,,,,,,4,110,1638,2.5,110,1640,.2,197,140,5.2,37,1322,76.3,8.8,995,1027.1,850,1021.6,1450,1024.6,10.5,3.5,1213,1.71,9.19,,,,,,2.6,.9,11.2,1.7,,,,,,,,,,,,,{박무}2130-{박무}{강도0}2400-,
135,추풍령,1999-11-07,10.6,2.1,642,19.8,1442,,,,,,,5.3,160,1243,2,160,1250,.4,325,160,6,39,1440,77,9.5,989.7,1024.2,0,1015.6,1750,1019.1,10.5,5.3,1200,1.46,8.26,,,,,,6.4,4.3,11.2,.7,,,,,,,,,,,,1.1,-{박무}-{박무}{강도0}0300-{시정(미만)}{1km}{안개}0350-{시정(미만)}{0.5km}{안개}0423-{시정(미만)}{0.2km}{안개}0450-{시정(미만)}{0.1km}{안개}0525-{안개}{강도2}0600-{시정(이상)}{0.1km}{안개}0745-{안개}{강도2}0900-{시정(이상)}{0.2km}{안개}0920-{시정(이상)}{0.5km}{안개}0950-{시정(이상)}{1km}{박무}1020-1130.,6.5
135,추풍령,1999-11-08,12.2,9.3,50,17.3,1511,.83,,,,,1.1,9.4,250,1216,6.3,250,1230,2.4,2042,290,7.5,46,1515,75.1,10.4,987.1,1019.7,2330,1014.1,1425,1016.3,10.5,6.8,1146,1.75,10.27,,,,,,5.4,3.5,12.8,6.6,,,,,,,,,,,,,{비}0115-0205.  {박무}0620-{박무}{강도0}0900-1020.,
135,추풍령,1999-11-09,10.3,5.8,2330,17.3,1402,,,,,,,7.3,70,1138,3.7,90,1520,1.1,990,110,3,38,1438,62.1,7.6,992.7,1025.3,2400,1019.7,0,1022.2,10.4,5.9,1221,1.71,9.78,,,,,,4.1,.5,11.1,.9,,,,,,,,,,,,,,
135,추풍령,1999-11-10,8.6,2.1,730,18,1411,,,,,,,5,70,1452,3.7,70,1440,.4,367,180,2.8,37,1413,70.8,7.5,993.6,1026,225,1020.7,1806,1023.3,10.4,8.7,1200,1.61,9.64,,,,,,.1,.1,9.7,-.7,,,,,,,,,,,,,,
135,추풍령,1999-11-11,8,3,300,12.4,1410,7.67,,,,,2.4,6.2,160,1032,2.5,160,1040,.2,152,160,5.9,62,1300,87.3,9.4,986.3,1021.7,0,1010.7,2400,1015.8,10.4,0,1145,.66,2.75,,,,,,8.8,5.5,8.8,.7,,,,,,,,,,,,4.7,{비}1620-{비}{강도0}1800-{비}{강도0}2100-{비}{강도0}2400-,
135,추풍령,1999-11-12,11.5,8.5,330,15.6,1523,5.02,,,,,2.3,15.7,250,1341,9.3,250,1400,4.1,3502,270,7,43,1619,75.1,10.1,985.4,1020.8,2400,1009.6,431,1014.6,10.3,3.8,1155,1.5,6.45,,,,,,3.8,2.8,11.8,5.3,,,,,,,,,,,,,-{비}-0230.  {비}0512-{비}{강도0}0600-0743.  {박무}0620-{박무}{강도0}0900-1040.,
135,추풍령,1999-11-13,9,3.4,2350,18.1,1505,,,,,,,7.2,250,1158,5.7,250,1000,1.5,1295,250,1.6,22,1508,66.1,7,995,1026.4,2225,1020.8,0,1024.7,10.3,8.1,1215,1.83,11.84,,,,,,0,0,10,-1,,,,,,,,,,,,,{박무}0410-{박무}{강도0}0600-0835.,
135,추풍령,1999-11-14,9.1,1.7,733,17.1,1525,,,,,,,7.6,70,1357,5.2,70,1220,.9,814,70,4.9,48,1410,76.9,8.7,992.9,1025.9,0,1019.3,1522,1022.5,10.3,8.2,1130,1.62,9.61,,,,,,2.6,1.6,9.5,-2.3,,,,,,,,,,,,,,
135,추풍령,1999-11-15,10.2,7.6,2400,14.3,1414,,,,,,,11.1,270,1059,7.3,270,1000,4.1,3533,270,5,50,1450,71,8.7,990,1021.3,2400,1017.1,1450,1019.4,10.3,6.2,1220,1.54,8.17,,,,,,6.6,3.9,11.2,5.7,,,,,,,,,,,,.8,,
135,추풍령,1999-11-16,6.2,2,2400,10.5,1453,1.23,,,,,.8,8,320,1515,4.3,290,1500,1.4,1244,270,1.3,40,1646,72.8,6.9,995.2,1029.1,2400,1021.3,0,1025.2,10.2,1.5,1045,.77,3.68,,,,,,5.4,4.3,8.3,-2.3,,,,,,,,,,,,0,{비}0502-0538.  {비}0905-0943.,
135,추풍령,1999-11-17,4.1,-1.3,800,8.7,1230,,,,,,,8.8,270,1543,5.5,270,1600,1.7,1472,270,-4.4,23,1236,58.8,4.5,996.8,1029.5,830,1024.7,2400,1027.2,10.2,1,1115,1.23,5.22,,,,,,5.5,1.9,4.3,-3.6,,,,,,,,,,,,,,
135,추풍령,1999-11-18,5,-1.2,2400,10.2,1513,,,,,,,15.3,270,1242,9.7,250,1150,4.1,3509,270,-4.4,21,1630,53.9,4.7,994.2,1026.3,2140,1022.9,1513,1024.3,10.2,6.4,1230,2.21,13.7,,,,,,2.4,.8,5,-4.8,,,,,,,,,,,,,,
135,추풍령,1999-11-19,3.3,-4,620,12.2,1458,,,,,,,8.2,250,1259,5.3,250,1120,.9,765,250,-2.1,35,1223,71.6,5.3,994.3,1026.7,854,1022.6,1458,1024.6,10.1,4.5,1230,1.42,7.35,,,,,,4.8,0,4.4,-6.7,,,,,,,,,,,,,,
135,추풍령,1999-11-20,6.4,-1.3,520,14.6,1313,,,,,,,10.3,200,1313,5.5,230,1340,.9,792,270,.7,37,1147,72,6.5,992.9,1025.1,2310,1019.9,1410,1022.9,10.1,5.5,1105,1.61,7.85,,,,,,4.4,4,6.8,-3.1,,,,,,,,,,,,,,
135,추풍령,1999-11-21,6.5,2.1,2400,14.3,1520,,,,,,,11,270,1414,6.2,270,1430,1,903,250,-1,22,1724,65,5.8,995.4,1026.9,2057,1023.4,1450,1025.4,10.1,7.6,1130,1.62,9.71,,,,,,2,.8,7.1,-1.9,,,,,,,,,,,,,{박무}0630-{박무}{강도0}0900-0945.,
135,추풍령,1999-11-22,6.5,-1.2,717,16.7,1451,,,,,,,6,180,1618,2.5,180,1620,.2,192,270,-.6,21,1327,66,5.9,995.1,1027.7,906,1022.3,1514,1025.1,10.1,7.2,1200,1.33,8.07,,,,,,5.3,0,6.9,-3.7,,,,,,,,,,,,,,
135,추풍령,1999-11-23,7.1,-.6,718,20.8,1438,,,,,,,6,160,1500,2.8,160,1450,.2,174,160,-.4,19,1443,65,6,993.4,1025.6,850,1020.4,1445,1023.3,10,6.9,1200,1.57,7.89,,,,,,1.6,.8,7.7,-2.3,,,,,,,,,,,,,,
135,추풍령,1999-11-24,9.4,0,714,20.9,1532,.67,,,,,.3,7.1,250,1108,5,270,1110,.7,626,270,1.9,22,1508,65.5,7.1,985.9,1022.3,0,1010.1,2348,1015.3,10,6.2,1115,1.43,8.31,,,,,,5.1,1.8,9.8,-2.5,,,,,,,,,,,,.8,{비}2048-{비}{강도0}2100-2128.,
135,추풍령,1999-11-25,7,1.3,2400,13.5,202,.78,,,,,.5,20.9,270,1304,10.3,290,500,6.8,5891,270,-1.9,27,1540,55.1,5.9,985.7,1020.7,2400,1009.1,400,1015.4,10,7.1,1200,1.56,9.15,,,,,,4,3.1,8.1,-.6,,,,,,,,,,,,,{비}0043-0130.,
135,추풍령,1999-11-26,-1.8,-5.2,2400,1.3,0,1.12,,,,,0,19,270,1230,11.3,290,10,5.5,4728,270,-9.1,37,1537,57.5,3.1,994.6,1028.5,2101,1020.6,23,1025.5,10,5.6,1134,1.7,8.01,,,,,,2.6,2.6,1.6,-8,,,,,,,,,,,,0,{눈}1018-1125.,
135,추풍령,1999-11-27,-1.4,-5.5,30,1.9,1443,6.22,,,,,1.1,11,270,1440,5.3,270,1540,1.2,994,270,-5.3,49,1628,75.6,4.2,994,1027.9,0,1022.6,1440,1024.8,9.9,0,1155,.5,1.94,1.4,2400,1.4,2400,1.4,9.8,5.9,-.8,-8.2,,,,,,,,,,,,1.9,{눈}0902-{눈}{강도0}1200-1325.  {눈}2210-{눈}{강도0}2400-,
135,추풍령,1999-11-28,-.4,-3.1,752,2.4,1215,5.17,,,,,.8,16.9,250,1448,10.7,250,1450,3.7,3230,270,-7.3,39,1259,60.4,3.6,996.2,1029.1,2320,1024.3,110,1027.1,9.9,7.2,1130,1.55,8.75,.8,510,1.8,510,.8,4.3,3.3,1.7,-8,,,,,,,,,,,,,-{눈}-{눈}{강도0}0300-0510.,
135,추풍령,1999-11-29,-.6,-5.7,745,3.9,1505,,,,,,,9.4,250,1145,5.8,250,1310,1.8,1595,290,-4.6,53,1508,75.1,4.3,997.4,1030,910,1026.2,1550,1028.3,9.9,4.9,1200,.86,5.23,,,,,,4.3,4.3,1.3,-8.6,,,,,,,,,,,,,,
135,추풍령,1999-11-30,4.1,-1.6,2337,10.1,1426,,,,,,,15.6,270,1305,10,250,1350,2.8,2409,270,-4.4,28,1322,57.3,4.4,999.6,1033.6,2330,1027.8,320,1030,9.9,7.4,1215,1.39,6.83,,,,,,4,1.8,4.1,-5,,,,,,,,,,,,,,
135,추풍령,1999-12-01,1.9,-3,340,6.7,1428,,,,,,,7.8,250,1458,5.2,250,1510,1.3,1145,250,-3,48,1400,72.6,4.9,1001,1033.8,1120,1029,1554,1031.7,9.9,0,1300,.74,4.69,,,,,,6.6,2.1,2.1,-7.2,,,,,,,,,,,,,,
135,추풍령,1999-12-02,3.8,-2.1,710,10.6,1507,,,,,,,12,290,1324,7.3,250,1230,2.1,1817,250,-1.7,40,1616,69,5.4,1003,1037,2400,1031.3,50,1033.6,9.8,6.1,1128,1.25,6.17,,,,,,1.8,1.4,3.4,-6.6,,,,,,,,,,,,,,
135,추풍령,1999-12-03,3.1,-3,739,12.3,1328,,,,,,,6.6,270,5,4.5,270,30,.9,800,160,-4.6,19,1522,63.5,4.4,1005.2,1039.4,753,1033.3,1612,1035.8,9.8,8.3,1200,1.39,7.99,,,,,,1.1,0,3,-6.2,,,,,,,,,,,,,,
135,추풍령,1999-12-04,4.8,-3.8,409,10.5,1431,,,,,,,13.3,270,1224,6.7,270,1220,2.7,2340,270,-.4,51,1440,70,6.1,997.8,1034,0,1025.3,2400,1028.1,9.8,.6,1200,1.07,3.26,,,,,,7.5,5.3,3.9,-6.6,,,,,,,,,,,,.2,,
135,추풍령,1999-12-05,5,3,2400,7.4,0,2,,,,,.2,12,290,1816,5.5,320,1620,3.1,2703,270,-.1,54,1420,69.8,6.2,993.1,1025.3,0,1021.6,1500,1023.3,9.8,0,1245,.32,1.58,,,,,,10,4.8,4.9,.8,,,,,,,,,,,,.9,{비}0315-0515.  {박무}0620-{박무}{강도0}0900-1120.,
135,추풍령,1999-12-06,.7,-.9,2350,4,1411,9,,,,,2.2,20,290,1324,10.3,290,2250,4.9,4217,270,-5.6,43,1427,64.4,4.1,993.4,1029.1,2331,1021.5,521,1024,9.8,3.2,1108,1.43,6.08,1.8,1045,1.8,1045,1.8,5.1,4.1,1.5,-3.7,,,,,,,,,,,,1.3,{눈}0105-0240.  {눈}0410-{눈}{강도0}0600-{눈}{강도0}0900-1045.  {눈}1230-1320.,
135,추풍령,1999-12-07,.2,-3.2,744,5.8,1440,,,,,,,15.1,250,1445,9,290,100,4.2,3608,250,-9.3,28,1445,49,3.1,999.8,1032.3,1050,1029.1,0,1030.8,9.8,8.3,1200,1.47,8.84,,,,,,.5,.5,1.2,-6.5,,,,,,,,,,,,,,
135,추풍령,1999-12-08,3.2,-4.7,615,9.7,1326,,,,,,,10.2,250,1333,5.7,270,1600,1.9,1674,270,-2.5,44,1418,68.8,5.1,995.5,1031.8,245,1020,2400,1026,9.8,4.8,1230,1.18,6.23,,,,,,6.5,2.6,2.7,-7.8,,,,,,,,,,,,.7,,
135,추풍령,1999-12-09,5.8,-.5,2230,10.5,1503,2.17,,,,,.7,18.5,270,1333,10.7,270,1210,4.6,3951,270,-4,28,1516,50.9,4.7,991.4,1023.5,2140,1018.8,520,1021.3,9.7,7.7,1230,1.47,8.75,,,,,,1.4,1.3,4.3,-5.4,,,,,,,,,,,,,{비}0010-0220.,
135,추풍령,1999-12-10,5.5,-2.5,752,11.8,1431,,,,,,,20.1,270,2024,10.8,250,1510,5.1,4372,270,-1.6,44,1440,60.8,5.6,989.2,1023.3,0,1015.3,1705,1019.2,9.7,6.3,1200,1.39,7.69,,,,,,4,4,5.2,-6.4,,,,,,,,,,,,,,
135,추풍령,1999-12-11,.6,-2.3,2240,4.6,1402,,,,,,,16.9,290,102,9.7,270,1020,5.3,4580,290,-13.4,20,1610,35.1,2.2,996.7,1029.2,2120,1022.1,0,1027.4,9.7,8.6,1200,1.55,9.15,,,,,,0,0,1.7,-8.8,,,,,,,,,,,,,,
135,추풍령,1999-12-12,.3,-5.2,807,5.3,1509,,,,,,,11.5,250,310,7.3,290,2400,3.8,3270,270,-8.4,39,0,52.4,3.3,995.9,1029.6,330,1023.1,2352,1026.5,9.7,8.4,1230,1.39,8.1,,,,,,1.5,1.5,.4,-7.2,,,,,,,,,,,,,,
135,추풍령,1999-12-13,2.9,-1.5,2355,6.1,1352,,,,,,,13.7,270,1426,7.3,270,1500,3.7,3236,270,-3.1,45,1617,64.8,5,992.1,1023.5,2058,1021,1430,1022.5,9.7,2.6,1400,.92,4.64,,,,,,5.6,5,3.6,-4.6,,,,,,,,,,,,,,
135,추풍령,1999-12-14,.2,-2.9,2400,4.9,1501,,,,,,,10.1,290,358,7.5,270,1500,3.1,2675,270,-5.3,50,1248,67,4.1,992.6,1024.7,940,1021.4,1510,1023.2,9.7,3.8,1100,1.12,5.1,,,,,,2.9,1.8,.8,-9,,,,,,,,,,,,3.1,,
135,추풍령,1999-12-15,.9,-3.6,2343,5.6,1519,6.08,,,,,3.1,18.5,340,937,7.3,270,1420,2.6,2230,270,-2.5,49,1528,79.6,5.1,994.9,1028,2207,1023.1,0,1025.5,9.7,6.3,1200,.9,4.6,4.8,540,4.8,540,4.8,5.8,5.3,2.7,-7.4,,,,,,,,,,,,,{눈}0025-{눈}{강도0}0300-0540.  {눈}0720-0810.,
135,추풍령,1999-12-16,1.8,-5.5,610,10.4,1241,3.83,,,,,3.7,17,270,1228,7.7,270,1240,1.9,1678,270,-1,47,1234,82.5,5.9,994.2,1028.1,310,1021.5,1340,1024.7,9.7,2.9,1100,1.06,4.04,,,,,,4.5,3.4,.8,-7.6,,,,,,,,,,,,3.7,{비}1335-{비}{강도0}1500-1725.,
135,추풍령,1999-12-17,-1.3,-4.3,2400,2.5,0,,,,,,,17.7,200,932,8,200,1040,5,4292,290,-10.2,30,1713,51.6,3,996.5,1030.1,2400,1025.2,250,1027.4,9.7,8,1145,1.42,8.2,,,,,,1.5,1.3,.6,-7.3,,,,,,,,,,,,0,,
135,추풍령,1999-12-18,-3.8,-5.6,750,-.4,1557,1.25,,,,,0,19.9,270,1312,10.3,270,1310,5.1,4397,270,-12.7,34,1605,51.9,2.4,998.5,1031.3,913,1027.8,1243,1029.6,9.7,5.9,1215,1.42,7.68,,,,,,4,3.3,-1.3,-7.3,,,,,,,,,,,,0,{눈}0550-{눈}{강도0}0600-0610.  {눈}0725-0820.,
135,추풍령,1999-12-19,-5.8,-8.1,800,-1.8,1455,4.13,,,,,0,15.8,250,1335,9,250,1400,3.7,3178,270,-14.3,29,1600,52.8,2.1,997.2,1030.6,913,1027,1517,1028.7,9.7,3.7,1345,1.13,5.28,,,,,,5.5,5.5,-1.7,-8.8,,,,,,,,,,,,.2,{눈}0540-{눈}{강도0}0600-0710.  {눈}0812-{눈}{강도0}0900-1050.,
135,추풍령,1999-12-20,-6.7,-9.3,258,-2.3,1506,4.77,,,,,.2,16.7,270,1208,10.3,270,1300,4.2,3635,270,-13,40,0,62.3,2.3,997.3,1030.7,2400,1027.2,1307,1028.9,9.7,7.5,1148,1.46,8.05,.3,820,.3,820,.3,4.1,3.6,-3.1,-10.4,,,,,,,,,,,,.3,{눈}0514-{눈}{강도0}0600-0820.  {눈}1020-1115.  {눈}2315-{눈}{강도0}2400-,
135,추풍령,1999-12-21,-5.9,-9.6,750,-1.4,1511,2.92,,,,,.3,13.5,270,1220,8.7,250,1500,4.6,4011,270,-12.8,34,1609,60.5,2.3,997.4,1030.7,0,1026.9,1500,1028.9,9.7,7.4,1145,1.4,8.22,.5,255,.5,255,.5,.5,.5,-5.5,-11.4,,,,,,,,,,,,,-{눈}-0255.,
135,추풍령,1999-12-22,-3.6,-7.5,600,1.1,1428,,,,,,,17.2,270,1147,11.3,270,550,6,5178,270,-11.1,37,1357,57.5,2.6,996.7,1029.4,1000,1026,1620,1027.9,9.7,7.5,1200,1.42,8.29,,,,,,1.9,1.9,-2.1,-9.8,,,,,,,,,,,,,,
135,추풍령,1999-12-23,-.9,-4,820,2.8,1506,,,,,,,13,270,147,8.2,270,130,2.8,2436,270,-5.5,56,1234,71.6,4.1,995,1028.9,450,1022.6,2400,1025.8,9.7,3.2,1030,1.15,5.3,,,,,,5.5,5,-1,-7.4,,,,,,,,,,,,,,
135,추풍령,1999-12-24,-.2,-3.3,30,3,953,9.05,,,,,4.9,15.4,290,1638,7.2,270,2030,2.6,2220,270,-2.6,65,950,83.9,5.1,986.2,1022.6,0,1012.6,1434,1016.6,9.7,0,1145,.85,3,4.5,2200,4.5,2200,4.5,9.4,7.8,-.5,-6.9,,,,,,,,,,,,4.9,{눈}0945-{눈}{강도0}1200-1240.  {눈}1345-{눈}{강도0}1500-1752.  {눈}1838-1940.  {눈}2103-2202.,
135,추풍령,1999-12-25,-2,-3.3,2400,.8,1121,2.55,,,,,0,15.7,270,517,6.5,270,250,4.6,3946,270,-6.8,54,1127,69.6,3.7,991.1,1024.7,2400,1018.5,50,1022,9.7,3.4,1030,1.48,6.13,.1,330,4.4,0,.1,7.9,6.9,-1,-5.2,,,,,,,,,,,,0,{눈}0250-{눈}{강도0}0300-0330.  {눈}1320-1348.  {눈}1410-{눈}{강도0}1500-1535.,
135,추풍령,1999-12-26,-2.5,-6.4,2400,3.4,1525,,,,,,,11,270,24,5.8,270,400,2.4,2100,270,-9.1,39,1540,61.3,3.1,998.3,1032.6,2400,1024.7,0,1029.4,9.7,7.8,1230,1.45,8.58,,,1.7,0,,1.8,1.8,-1.1,-9.8,,,,,,,,,,,,,,
135,추풍령,1999-12-27,-1.8,-10.5,802,10.2,1515,,,,,,,6.3,230,1340,5.3,230,1340,.4,323,180,-9.4,21,1535,63.8,3,1000.1,1034.3,830,1028.3,1522,1031.2,9.7,8,1230,1.47,9.08,,,.3,0,,0,0,-.8,-11,,,,,,,,,,,,,,
135,추풍령,1999-12-28,1.7,-7.2,722,9.5,1403,,,,,,,10.8,250,1230,7.7,250,1430,1.8,1577,270,-1.8,56,1130,78.4,5.5,994.1,1029.6,0,1020.6,1500,1024.6,9.7,1.3,1100,1.06,4.61,,,,,,6.3,4.6,.2,-7.9,,,,,,,,,,,,,,
135,추풍령,1999-12-29,0,-4.5,2400,5.8,1428,,,,,,,8.1,270,1416,7,250,1320,1.8,1541,250,-6.6,28,1710,64.3,3.9,992.4,1024.2,2400,1020.7,1500,1023.1,9.7,7.4,1200,1.43,8.14,,,,,,.8,.8,.9,-7.6,,,,,,,,,,,,,,
135,추풍령,1999-12-30,-.6,-8.3,803,10.3,1434,,,,,,,3.7,180,1248,2,180,1250,.4,305,180,-8.6,20,1547,61.6,3.2,993.8,1027,900,1022,1500,1024.6,9.7,7.9,1200,1.45,8.09,,,,,,.3,.3,0,-8.6,,,,,,,,,,,,,,
135,추풍령,1999-12-31,.4,-6.8,721,11.3,1428,,,,,,,5.9,250,1641,3.3,200,1510,.2,193,200,-6.2,25,1506,66.6,3.9,995.8,1028.2,1025,1024.3,1450,1026.5,9.7,6.7,1230,1.11,6.43,,,,,,.5,.5,.2,-8.6,,,,,,,,,,,,,,
