¡ˆ¡°,¡ˆ¡°∏Ì,¿œΩ√,∆Ú±’±‚ø¬(°∆C),√÷¿˙±‚ø¬(°∆C),√÷¿˙±‚ø¬ Ω√∞¢(hhmi),√÷∞Ì±‚ø¬(°∆C),√÷∞Ì±‚ø¬ Ω√∞¢(hhmi),∞≠ºˆ ∞Ëº”Ω√∞£(hr),10∫– √÷¥Ÿ ∞≠ºˆ∑Æ(mm),10∫– √÷¥Ÿ∞≠ºˆ∑Æ Ω√∞¢(hhmi),1Ω√∞£ √÷¥Ÿ∞≠ºˆ∑Æ(mm),1Ω√∞£ √÷¥Ÿ ∞≠ºˆ∑Æ Ω√∞¢(hhmi),¿œ∞≠ºˆ∑Æ(mm),√÷¥Î º¯∞£ «≥º”(m/s),√÷¥Î º¯∞£ «≥º” «≥«‚(16πÊ¿ß),√÷¥Î º¯∞£«≥º” Ω√∞¢(hhmi),√÷¥Î «≥º”(m/s),√÷¥Î «≥º” «≥«‚(16πÊ¿ß),√÷¥Î «≥º” Ω√∞¢(hhmi),∆Ú±’ «≥º”(m/s),«≥¡§«’(100m),√÷¥Ÿ«≥«‚(16πÊ¿ß),∆Ú±’ ¿ÃΩΩ¡°ø¬µµ(°∆C),√÷º“ ªÛ¥ÎΩ¿µµ(%),√÷º“ ªÛ¥ÎΩ¿µµ Ω√∞¢(hhmi),∆Ú±’ ªÛ¥ÎΩ¿µµ(%),∆Ú±’ ¡ı±‚æ–(hPa),∆Ú±’ «ˆ¡ˆ±‚æ–(hPa),√÷∞Ì «ÿ∏È±‚æ–(hPa),√÷∞Ì «ÿ∏È±‚æ– Ω√∞¢(hhmi),√÷¿˙ «ÿ∏È±‚æ–(hPa),√÷¿˙ «ÿ∏È±‚æ– Ω√∞¢(hhmi),∆Ú±’ «ÿ∏È±‚æ–(hPa),∞°¡∂Ω√∞£(hr),«’∞Ë ¿œ¡∂Ω√∞£(hr),1Ω√∞£ √÷¥Ÿ¿œªÁ Ω√∞¢(hhmi),1Ω√∞£ √÷¥Ÿ¿œªÁ∑Æ(MJ/m2),«’∞Ë ¿œªÁ∑Æ(MJ/m2),¿œ √÷Ω…Ω≈¿˚º≥(cm),¿œ √÷Ω…Ω≈¿˚º≥ Ω√∞¢(hhmi),¿œ √÷Ω…¿˚º≥(cm),¿œ √÷Ω…¿˚º≥ Ω√∞¢(hhmi),«’∞Ë 3Ω√∞£ Ω≈¿˚º≥(cm),∆Ú±’ ¿¸øÓ∑Æ(1/10),∆Ú±’ ¡ﬂ«œ√˛øÓ∑Æ(1/10),∆Ú±’ ¡ˆ∏Èø¬µµ(°∆C),√÷¿˙ √ ªÛø¬µµ(°∆C),∆Ú±’ 5cm ¡ˆ¡ﬂø¬µµ(°∆C),∆Ú±’ 10cm ¡ˆ¡ﬂø¬µµ(°∆C),∆Ú±’ 20cm ¡ˆ¡ﬂø¬µµ(°∆C),∆Ú±’ 30cm ¡ˆ¡ﬂø¬µµ(°∆C),0.5m ¡ˆ¡ﬂø¬µµ(°∆C),1.0m ¡ˆ¡ﬂø¬µµ(°∆C),1.5m ¡ˆ¡ﬂø¬µµ(°∆C),3.0m ¡ˆ¡ﬂø¬µµ(°∆C),5.0m ¡ˆ¡ﬂø¬µµ(°∆C),«’∞Ë ¥Î«¸¡ıπﬂ∑Æ(mm),«’∞Ë º“«¸¡ıπﬂ∑Æ(mm),9-9∞≠ºˆ(mm),±‚ªÁ,æ»∞≥ ∞Ëº”Ω√∞£(hr)
135,√ﬂ«≥∑…,2020-01-01,-1.3,-8.2,22,2.9,1454,,,,,,,12,270,1316,6.1,250,1317,3.2,2765,250,-8.7,44,1441,57.4,3.2,1000.7,1034.7,1,1030.1,1445,1031.8,9.7,3.8,1300,1.71,7.26,,,,,,4.6,3.9,-1.7,-9.7,,,,,,,,,,1.2,1.8,,,
135,√ﬂ«≥∑…,2020-01-02,1.3,-2.8,329,3.4,1507,,,,,,,12.2,290,2215,7.7,250,2315,3.7,3223,270,-5.2,54,1109,62,4.2,998.6,1031.3,900,1027.9,1414,1029.3,9.8,.5,1000,.97,4.61,,,,,,,,-.5,-6.4,,,,,,,,,,1.3,1.8,,,
135,√ﬂ«≥∑…,2020-01-03,1.7,-2.8,2337,5,1428,,,,,,,13.1,230,1335,7.7,250,1213,4.4,3823,250,-5.6,41,1512,59.3,4,995.8,1028.5,1014,1024.3,1508,1026.4,9.8,5.2,1300,1.72,8.26,,,,,,1.2,,.2,-5.9,,,,,,,,,,1.3,1.9,,,
135,√ﬂ«≥∑…,2020-01-04,.5,-5.5,629,5.4,1544,,,,,,,12.2,270,1817,7.4,250,1428,3,2616,270,-6,45,1555,62.5,3.9,995.4,1028.7,2348,1023.7,1423,1026.1,9.8,5.2,1200,1.81,8.39,,,,,,1.9,.9,-.7,-8,,,,,,,,,,1.4,2,,,
135,√ﬂ«≥∑…,2020-01-05,0,-7,806,7.6,1418,,,,,,,6.1,250,1004,4.8,250,1006,1.6,1395,250,-9.9,16,1352,52.4,2.9,999.8,1032.6,924,1028.5,2,1030.7,9.8,8.2,1200,2.01,11.64,,,,,,3.1,2.8,-.9,-10,,,,,,,,,,1.7,2.4,,,
135,√ﬂ«≥∑…,2020-01-06,0,-3.1,6,.7,825,,,,,,14.8,5.5,160,1338,3.9,160,1341,1.7,1435,140,-3.5,52,250,78.4,4.8,996.8,1031.3,109,1022.9,2350,1027.6,9.8,0,1200,.24,1.21,,,,,,9.9,9.3,-.3,-6.7,,,,,,,,,,.3,.5,,,
135,√ﬂ«≥∑…,2020-01-07,4.7,.3,105,11.9,2359,,,,,,30.6,8.2,250,2357,4.1,250,2400,1.5,1321,140,3.5,85,2338,92,8,981.9,1022.8,1,999.1,2320,1011.7,9.8,0,1400,.24,1.28,,,,,,9,,3.2,.3,,,,,,,,,,.7,1.1,,,
135,√ﬂ«≥∑…,2020-01-08,3.5,1.3,2358,12.3,14,,,,,,3.3,23,270,404,15.5,270,444,7.1,6112,270,.4,71,152,80.4,6.3,983.9,1022,2328,999.3,2,1013.9,9.8,0,1100,.32,1.2,,,,,,9.5,9.4,3.8,.6,,,,,,,,,,.8,1.1,,,
135,√ﬂ«≥∑…,2020-01-09,.4,-2,2323,3.5,1449,,,,,,,15.5,270,609,8.2,270,1444,5.3,4572,270,-5.8,47,1506,63.3,4,992.4,1025.3,2256,1020.9,1423,1023,9.8,6.2,1100,1.8,9.6,,,,,,3.8,2.3,1,-3.1,,,,,,,,,,1.4,1.9,,,
135,√ﬂ«≥∑…,2020-01-10,-.3,-5.5,745,6.4,1413,,,,,,,10.2,270,108,7.1,270,4,3,2577,270,-7.5,28,1340,61,3.5,992.6,1026.1,851,1020.4,1415,1023.4,9.9,8,1200,2.04,11.42,,,,,,4,1.1,-.1,-7,,,,,,,,,,1.7,2.4,,,
135,√ﬂ«≥∑…,2020-01-11,.1,-4.6,721,4.5,1417,,,,,,,10.1,250,1321,6.8,250,1310,2.8,2429,250,-6.6,47,1540,61.4,3.7,989.3,1022.5,917,1017.4,1443,1019.9,9.9,8.6,1200,1.98,11.14,,,,,,3.3,1.9,-.4,-7.1,,,,,,,,,,1.5,2.2,,,
135,√ﬂ«≥∑…,2020-01-12,0,-1.5,906,3,1608,,,,,,,14.2,270,1322,9,270,1458,5,4360,270,-7.3,45,1611,58.1,3.5,987.2,1020.3,2346,1015.4,1449,1017.7,9.9,5.1,1200,1.95,9.38,,,,,,5.6,3.9,-.2,-2.7,,,,,,,,,,1.7,2.4,,,
135,√ﬂ«≥∑…,2020-01-13,-.8,-3.8,2322,2,1503,,,,,,,13,250,1240,8.2,250,1452,3.9,3405,270,-9.5,35,2114,52.8,3.1,991.6,1026.1,2330,1019.5,121,1022.4,9.9,2.6,1400,1.32,6.17,,,,,,5.1,4.4,-.3,-7.2,,,,,,,,,,1.2,1.8,,,
135,√ﬂ«≥∑…,2020-01-14,-1.4,-4.6,2226,3.2,1431,,,,,,,9.8,250,1332,6.2,250,1332,2.6,2236,290,-10.4,36,1319,51.4,2.8,994.6,1027.8,2353,1022.6,1314,1025.6,9.9,7.1,1200,1.86,10.42,,,,,,2.5,1.9,-.7,-8,,,,,,,,,,1.6,2.2,,,
135,√ﬂ«≥∑…,2020-01-15,-2,-5.7,343,1.8,1426,,,,,,,9.9,250,1415,6.5,250,1516,3.3,2831,250,-10.2,33,1434,54.6,2.8,997.1,1029.5,1031,1026.2,1513,1028.2,10,8.9,1200,2.06,12.47,,,,,,1.1,.1,-1.2,-8.4,,,,,,,,,,1.6,2.3,,,
135,√ﬂ«≥∑…,2020-01-16,-1.2,-5.7,410,3.7,1504,,,,,,,8.7,250,1404,6.3,250,1503,3.6,3111,270,-12.2,25,1352,45.4,2.4,995.6,1029.1,649,1023.9,1626,1026.5,10,8,1300,2,11.6,,,,,,6.8,2.6,-1.3,-7.8,,,,,,,,,,1.9,2.8,,,
135,√ﬂ«≥∑…,2020-01-17,-.7,-4.6,802,4,1516,,,,,,,7.2,270,2356,5.6,250,1543,2.7,2300,250,-12,23,1535,43.3,2.5,992.1,1025.4,1,1020.3,1506,1022.8,10,3.7,1300,1.53,8.47,,,,,,6.4,3.1,-1,-6.5,,,,,,,,,,2,2.9,,,
135,√ﬂ«≥∑…,2020-01-18,0,-4.6,2348,5.5,1444,,,,,,,11.9,270,1512,7.2,250,1516,4.2,3650,270,-12.3,17,1514,41,2.4,990.7,1022.6,1002,1019.2,1435,1021.3,10,5.6,1300,1.92,9.88,,,,,,3.6,3.5,-.9,-9.2,,,,,,,,,,1.9,2.8,,,
135,√ﬂ«≥∑…,2020-01-19,1.7,-6,213,6,1342,,,,,,,14.4,250,1425,9,250,1433,3.7,3171,270,-6.5,36,1651,55,3.8,988.8,1022.1,7,1015.9,1424,1019.2,10.1,2.6,1300,1.61,7.11,,,,,,5.6,3.9,-.6,-9.2,,,,,,,,,,1.8,2.5,,,
135,√ﬂ«≥∑…,2020-01-20,2.2,-.9,2349,5.5,1537,,,,,,,16.7,270,1230,9.2,270,2335,5,4324,270,-7.4,29,1538,49.9,3.5,991.7,1026.4,2310,1020,354,1022.1,10.1,6.7,1200,2.19,11.44,,,,,,2.9,2.9,.3,-2.4,,,,,,,,,,2.2,3.2,,,
135,√ﬂ«≥∑…,2020-01-21,-.7,-6.4,759,6.5,1536,,,,,,,11.7,270,42,7.9,270,2,2.4,2095,270,-14.2,13,1325,37.1,2.1,998.9,1032.5,900,1026.5,1,1029.9,10.1,9.4,1200,2.23,13.38,,,,,,2.3,1.8,-.8,-8.4,,,,,,,,,,1.8,2.6,,,
135,√ﬂ«≥∑…,2020-01-22,.8,-2.6,1,2.5,1541,,,,,,.6,4.9,200,227,3,70,227,1,895,140,-8.3,32,1002,51.6,3.3,995.1,1029.7,1,1023,2400,1025.7,10.1,0,1400,.32,2.07,,,,,,9.9,9.6,-.1,-3.5,,,,,,,,,,.6,.8,,,
135,√ﬂ«≥∑…,2020-01-23,3.1,.2,301,6.5,1632,,,,,,7.1,7.5,270,2329,5,270,2338,1.5,1289,270,.7,67,2319,85.1,6.5,993.4,1026.6,2350,1021.5,526,1023.7,10.1,0,1200,.87,4.03,,,,,,8.3,7.6,3,-1.7,,,,,,,,,,.8,1.1,,,
135,√ﬂ«≥∑…,2020-01-24,4,.4,2057,9.8,1409,,,,,,,8.7,270,521,6,270,702,2.8,2432,290,-2.6,33,1400,63.9,5.1,999.2,1031.8,2129,1026.5,107,1029.7,10.2,7.9,1200,2.04,11.97,,,,,,6,1.9,2.4,-3.5,,,,,,,,,,1.8,2.6,,,
135,√ﬂ«≥∑…,2020-01-25,4.6,1.6,2305,7.8,1437,,,,,,,5.5,90,42,4,70,19,1.8,1576,90,.6,62,1234,76.3,6.4,999.1,1031.4,1,1027.3,1603,1029.5,10.2,0,1200,.98,5.8,,,,,,8.6,5.6,4.6,-1.7,,,,,,,,,,.8,1.2,,,
135,√ﬂ«≥∑…,2020-01-26,4.3,-1.9,740,8.8,1515,,,,,,,12.1,70,1955,7.2,90,1957,2.7,2368,70,-.8,49,1720,71.6,5.8,996.6,1029,250,1024.4,2349,1026.9,10.2,2.8,1100,1.62,7.92,,,,,,9,4.5,3.2,-5,,,,,,,,,,1.7,2.4,,,
135,√ﬂ«≥∑…,2020-01-27,3.9,2.5,2216,5.6,24,,,,,,14.3,13.4,70,1022,7.4,70,354,4,3416,70,.8,70,1,81.3,6.5,988.8,1025,42,1016.1,1458,1019,10.3,0,1100,.34,1.72,,,,,,10,9.6,3.9,2.4,,,,,,,,,,.5,.7,,,
135,√ﬂ«≥∑…,2020-01-28,5,1.1,723,9.2,1501,,,,,,.2,6.4,110,1149,4.9,90,1151,.9,812,50,.6,52,1343,75,6.4,987.2,1018.2,919,1015.6,1405,1017.1,10.3,1.4,1100,2.39,8.1,,,,,,8.1,8,5.2,.2,,,,,,,,,,1.1,1.6,,,
135,√ﬂ«≥∑…,2020-01-29,4.5,2.2,700,7,1557,,,,,,.1,3.6,90,1352,2.5,90,1354,.6,520,50,-.5,54,1204,70.4,5.9,985.4,1018,5,1013.3,1626,1015.3,10.3,0,1000,.9,5.17,,,,,,8.8,7.1,5.4,1.6,,,,,,,,,,.7,1,,,
135,√ﬂ«≥∑…,2020-01-30,4,.8,805,7.4,1514,,,,,,0,6.6,250,1611,4.3,250,1617,1.2,1057,20,-2.5,38,1133,65.3,5.1,984.5,1017.2,2323,1012.7,1449,1014.5,10.3,2.8,1000,1.64,7.94,,,,,,7.5,6.6,4.8,-.7,,,,,,,,,,1.2,1.7,,,
135,√ﬂ«≥∑…,2020-01-31,2.8,.2,2348,6.8,1528,,,,,,0,8.1,250,1546,5.4,250,1548,1.9,1633,270,-3.2,40,1529,66.1,4.9,989.5,1023.1,2338,1017.1,11,1019.8,10.4,1.7,1100,1.43,7.32,,,,,,5.5,4.6,3.4,-4.5,,,,,,,,,,1.2,1.7,,,
135,√ﬂ«≥∑…,2020-02-01,1.6,-2.8,650,5,1524,,,,,,,10.5,250,1316,5.9,250,1342,2.6,2284,250,-3.6,57,1540,68.6,4.7,994,1026.1,959,1023,6,1024.6,10.4,1.7,1300,1.38,7.13,,,,,,4,3.3,1.6,-5.2,,,,,,,,,,1,1.5,,,
135,√ﬂ«≥∑…,2020-02-02,1.9,-2.4,745,6.5,1522,,,,,,,8.2,270,1319,5.6,250,2216,2.8,2414,270,-6.3,32,1250,57.6,3.9,994.6,1027.3,742,1023,1635,1025.2,10.4,8.6,1200,2.08,12.42,,,,,,3.6,1.5,2,-5.7,,,,,,,,,,2,2.8,,,
135,√ﬂ«≥∑…,2020-02-03,.5,-3.8,2347,3.9,1448,,,,,,,14.3,250,1415,9.1,250,1420,3.7,3227,270,-9.3,26,1436,49.4,3.1,995.5,1029.1,2338,1023.6,502,1026.2,10.5,8.7,1200,2.35,14.1,,,,,,2.3,2,1.2,-8.2,,,,,,,,,,2,2.8,,,
135,√ﬂ«≥∑…,2020-02-04,-1,-8.2,729,4.5,1511,,,,,,,11.5,250,2355,7.2,270,2349,2.9,2542,270,-10.7,21,1434,51.9,2.8,995.5,1030.1,834,1023,1616,1026.4,10.5,9.7,1200,2.44,15.52,,,,,,.6,.3,-.7,-11.7,,,,,,,,,,2.2,3.2,,,
135,√ﬂ«≥∑…,2020-02-05,-5.5,-8.6,2400,-.2,1,,,,,,.3,14.6,250,34,8.7,250,1323,5.6,4828,270,-17.8,18,1643,39.8,1.6,998.4,1034,2325,1024.2,42,1029.9,10.5,9.9,1200,2.5,15.77,,,,,,0,0,-2.2,-10.4,,,,,,,,,,2,2.8,,,
135,√ﬂ«≥∑…,2020-02-06,-5.7,-11.2,542,.8,1600,,,,,,,6.1,250,1042,4.5,250,1009,1.6,1405,250,-18.2,15,1523,40.4,1.5,1001.7,1035.8,928,1031.2,1600,1033.3,10.6,8.3,1200,2.16,13.15,,,,,,3.8,0,-2,-13.5,,,,,,,,,,1.3,1.9,,,
135,√ﬂ«≥∑…,2020-02-07,-2.3,-9.4,754,2.5,1408,,,,,,,13.2,250,1423,7.9,250,1400,3.6,3117,250,-13.4,18,1150,44.1,2.3,997.8,1032.5,155,1026.4,1518,1029,10.6,7.7,1200,2.17,12.9,,,,,,4.6,1.1,-1.7,-12.7,,,,,,,,,,2.1,3,,,
135,√ﬂ«≥∑…,2020-02-08,.3,-2.5,2359,4,1442,,,,,,,15.7,270,1224,9.1,250,1416,5.3,4607,270,-9.2,28,1542,50.4,3.1,995.6,1028.9,2318,1023.5,1453,1026.4,10.6,7.9,1200,2.44,14.28,,,,,,2.1,1.6,.2,-4.9,,,,,,,,,,2.2,3.2,,,
135,√ﬂ«≥∑…,2020-02-09,-1.1,-7.9,552,4.3,1425,,,,,,,12.7,270,1503,7,250,1708,3.4,2966,270,-10.3,23,1601,52.1,2.8,994.5,1029.4,103,1022.4,1632,1025.4,10.7,9.8,1200,2.5,15.93,,,,,,1.3,1.1,-.3,-12.2,,,,,,,,,,2.5,3.6,,,
135,√ﬂ«≥∑…,2020-02-10,3.4,-2.3,2329,9.6,1527,,,,,,,12.4,250,1302,6.5,250,1328,3.1,2667,290,-6.1,25,1444,52.5,3.9,993.7,1028.5,2357,1021.6,435,1024,10.7,7.2,1200,2.37,13.06,,,,,,2.4,1.3,2.1,-6.5,,,,,,,,,,2,2.8,,,
135,√ﬂ«≥∑…,2020-02-11,4.2,-5.1,751,13,1448,,,,,,,5.3,50,1702,3.2,70,1704,1.1,970,70,-6.4,23,1421,49.6,3.8,997.5,1030.5,748,1025.5,1627,1027.9,10.7,8.1,1300,2.32,14.17,,,,,,4.8,2.6,3,-8.9,,,,,,,,,,2.3,3.3,,,
135,√ﬂ«≥∑…,2020-02-12,5.6,3.9,706,8.6,2220,,,,,,10.9,8.3,250,2216,5.3,270,2219,1.3,1144,90,2.9,49,245,83.8,7.6,987.6,1025.9,1,1013.3,1724,1017.4,10.8,0,1400,.23,1.49,,,,,,9.4,9.1,4.7,2.9,,,,,,,,,,.5,.7,,,
135,√ﬂ«≥∑…,2020-02-13,6.5,.3,2315,9.9,1505,,,,,,1.5,9.9,270,106,5.5,270,141,3,2569,270,3.6,65,1605,82.3,8,989.1,1021.6,2234,1014.2,1,1018.9,10.8,.7,1500,1.15,5.71,,,,,,6.5,6.4,6.5,-3.3,,,,,,,,,,.9,1.3,,,
135,√ﬂ«≥∑…,2020-02-14,6.7,1.7,7,15.8,1434,,,,,,,7,250,1127,5.3,250,1122,2.5,2181,250,1.1,33,1659,70.6,6.6,990.7,1023.8,2322,1017.8,1434,1020.5,10.8,8.4,1200,2.48,15.47,,,,,,5.4,3.4,6.1,-2.5,,,,,,,,,,2.3,3.3,,,
135,√ﬂ«≥∑…,2020-02-15,9.3,2.7,12,14.8,1330,,,,,,1.4,9.9,140,1142,6.1,140,1144,2.1,1772,50,3.7,48,1310,69.8,8.1,988.7,1023.9,800,1011.8,2355,1018.2,10.9,2.4,1100,1.83,9,,,,,,7.9,5.3,7.1,-.9,,,,,,,,,,1.6,2.3,,,
135,√ﬂ«≥∑…,2020-02-16,.4,-3.6,2359,8.5,238,,,,,,4.4,17.7,270,554,11.2,270,600,6.3,5411,270,-3.4,59,1550,75.6,5,982.2,1015.8,2247,1009.2,239,1012.6,10.9,.6,1300,.94,4.4,,,,,,9.1,9,3.8,-3.8,,,,,,,,,,1,1.4,,,
135,√ﬂ«≥∑…,2020-02-17,-4.6,-6.6,2353,-2.6,1459,,,,,,.2,17.7,250,1421,8.9,270,1424,6,5146,270,-10.6,49,1122,63.1,2.8,986.1,1022.3,2354,1014.5,1421,1017.2,10.9,2.7,1100,1.55,9.43,,,,,,8.8,7,1.1,-7.6,,,,,,,,,,1.1,1.6,,,
135,√ﬂ«≥∑…,2020-02-18,-2.8,-7.5,146,2.4,1550,,,,,,.2,14.6,270,42,8.2,250,1150,4.8,4155,270,-11.3,32,1557,53.6,2.6,995.7,1029.6,2354,1022.2,3,1026.8,11,10,1200,2.7,17.9,,,,,,2.8,2.6,.2,-8.7,,,,,,,,,,2,2.9,,,
135,√ﬂ«≥∑…,2020-02-19,1,-5.2,500,8.1,1459,,,,,,,10,250,1535,5.5,250,1129,2.5,2129,250,-6.6,35,1452,58.4,3.8,999.1,1031.3,838,1027.6,1422,1030,11,9,1200,2.66,16.34,,,,,,6.1,2.1,1.7,-8.3,,,,,,,,,,2,2.8,,,
135,√ﬂ«≥∑…,2020-02-20,3.5,-3,727,11.8,1550,,,,,,,6.9,230,1452,4.6,250,1124,1.6,1357,250,-4.5,22,1607,60.3,4.4,1002.8,1035.7,2154,1030.9,4,1033.4,11,9.8,1200,2.46,15.92,,,,,,2.3,1.6,3.3,-6.1,,,,,,,,,,2.2,3.1,,,
135,√ﬂ«≥∑…,2020-02-21,5.6,-3,755,14.1,1446,,,,,,.6,4.9,70,1341,3,270,1624,.9,813,250,-2.4,28,1618,60.5,5.2,999.9,1036,754,1023.6,2355,1030.1,11.1,6.6,1300,2.39,13.06,,,,,,6.8,4.1,5.2,-7.9,,,,,,,,,,2.1,3,,,
135,√ﬂ«≥∑…,2020-02-22,5,.2,2353,8.6,1341,,,,,,2.3,20.6,250,1139,11.7,250,1410,6.5,5625,270,-4.8,23,1536,52.1,4.6,994.1,1029.3,2344,1020.6,320,1024.3,11.1,8,1300,2.59,14.51,,,,,,3.1,1.5,4.2,-1.2,,,,,,,,,,3.3,4.8,,,
135,√ﬂ«≥∑…,2020-02-23,2.4,-1.4,552,8.3,1618,,,,,,,11.4,320,247,6.1,250,1312,3.4,2907,270,-9.5,21,1447,43.1,3,998.3,1031.8,846,1026.1,1707,1028.8,11.2,10.4,1200,2.76,18.43,,,,,,0,0,2.9,-5.2,,,,,,,,,,2.4,3.5,,,
135,√ﬂ«≥∑…,2020-02-24,6.2,-4.6,658,15.5,1538,,,,,,,8.3,250,1528,4.7,250,1023,1.5,1299,20,-8.8,5,1231,42,3.3,994.2,1028.2,107,1020.6,1700,1024.2,11.2,9.3,1200,2.7,17.45,,,,,,3.8,2.4,4.7,-8.2,,,,,,,,,,3.6,5.2,,,
135,√ﬂ«≥∑…,2020-02-25,4.9,3.9,547,8.2,41,,,,,,44.2,10.6,50,1931,7.2,50,1135,2.6,2277,110,2.9,43,40,87,7.5,988,1022.2,5,1014.1,1415,1018,11.2,0,1200,.19,1.14,,,,,,8.9,8.9,5.1,3.7,,,,,,,,,,.5,.7,,,
135,√ﬂ«≥∑…,2020-02-26,7.3,2.7,2356,13.3,1500,,,,,,,10.9,270,1555,6.3,250,1604,1.9,1599,250,1.8,45,1445,70.4,7,992.4,1025.6,2335,1019.1,1443,1022.2,11.3,3.7,1300,2.67,12.5,,,,,,6.5,5.6,8.1,1,,,,,,,,,,2.1,3,,,
135,√ﬂ«≥∑…,2020-02-27,4.1,.2,2205,8.5,1424,,,,,,,7.4,20,1023,4.9,50,1023,2.3,1966,50,-2.4,44,1436,63.8,5.2,997.8,1030,940,1025.6,1,1028.2,11.3,4.4,1400,2.36,12.48,,,,,,5.4,5.4,6.4,-2.8,,,,,,,,,,1.6,2.3,,,
135,√ﬂ«≥∑…,2020-02-28,2.5,.5,545,4.4,1229,,,,,,2.2,5.3,90,1535,3.9,70,1538,1.4,1248,50,-.2,70,47,82.5,6.1,993.2,1028.3,1,1020.4,2256,1023.6,11.3,0,1100,.66,3.67,,,,,,8,5.4,3.8,-1.8,,,,,,,,,,.5,.8,,,
135,√ﬂ«≥∑…,2020-02-29,4.5,.5,512,11.2,1539,,,,,,,4.7,140,1518,3,140,1559,.9,774,140,.8,49,1536,79.6,6.5,988.3,1020.4,1,1015.6,1534,1018.3,11.4,4.6,1400,2.07,12.25,,,,,,3.9,3.1,6.7,-3,,,,,,,,,,1.4,2,,,
135,√ﬂ«≥∑…,2020-03-01,6,-.5,411,12.7,1328,,,,,,.1,13.2,270,2309,8.8,270,2314,2.4,2075,160,1.5,51,1237,74.3,6.9,988.5,1020.3,739,1014.8,1540,1018.4,11.4,3.8,1200,2.81,12.18,,,,,,8,7.6,6.7,-4.5,,,,,,,,,,2.1,3.1,,,
135,√ﬂ«≥∑…,2020-03-02,3.9,.6,2354,8.6,1452,,,,,,,12.8,250,1204,8.6,250,1120,3.6,3109,270,-5.6,28,1458,51.9,4.1,992.5,1026.3,2344,1019.5,319,1022.7,11.5,9.4,1200,2.86,19.1,,,,,,4.8,4.5,5.9,-2,,,,,,,,,,2.6,3.7,,,
135,√ﬂ«≥∑…,2020-03-03,5.6,-1.7,240,11.8,1618,,,,,,,7.6,140,1133,5,110,1142,1.8,1512,50,-1.7,41,1457,60.9,5.5,993.8,1027.6,817,1020.7,1719,1023.9,11.5,4.4,1200,2.88,15.46,,,,,,7.4,5,6.5,-5,,,,,,,,,,2.2,3.2,,,
135,√ﬂ«≥∑…,2020-03-04,2.6,-2.1,2345,7.3,1352,,,,,,0,21.6,250,1448,12.9,250,1452,6.1,5235,270,-6.6,18,1506,54.3,3.9,991,1024.1,2300,1017.7,1448,1021.3,11.5,6.9,1300,2.92,17.2,,,,,,7.9,7.3,5.4,-2.5,,,,,,,,,,3.2,4.6,,,
135,√ﬂ«≥∑…,2020-03-05,1.1,-2.1,1,6.9,1504,,,,,,,13.4,270,19,8.2,270,125,4.2,3653,270,-10,22,1506,45.9,2.9,994.1,1027,859,1022.6,1705,1024.7,11.6,10.1,1200,2.98,20.12,,,,,,.3,.3,3.3,-5.9,,,,,,,,,,2.6,3.7,,,
135,√ﬂ«≥∑…,2020-03-06,3.2,-6.2,723,11.7,1507,,,,,,,7.5,250,1422,5.1,250,1429,1.8,1521,50,-11.8,7,1355,38.4,2.6,991.8,1025.7,729,1018.3,1726,1022.1,11.6,10.7,1200,3.16,21.13,,,,,,2.4,1.1,4.6,-10.2,,,,,,,,,,3.2,4.6,,,
135,√ﬂ«≥∑…,2020-03-07,3.3,-1.8,547,8.1,1211,,,,,,.4,5.1,160,1009,3.6,160,1036,.8,658,90,-4,35,946,61.4,4.7,988.6,1020.9,1,1016.1,1520,1018.8,11.6,0,1000,1.11,4.96,,,,,,7,5,3.6,-4.6,,,,,,,,,,1,1.4,,,
135,√ﬂ«≥∑…,2020-03-08,6.2,-2.8,427,15.3,1603,,,,,,,7.3,70,1220,4.9,70,1220,1.4,1222,250,-2.1,22,1548,61.5,5.3,989.2,1022.3,905,1016.2,1655,1019,11.7,10,1200,2.95,20.4,,,,,,1.4,.6,7,-5.7,,,,,,,,,,2.9,4.1,,,
135,√ﬂ«≥∑…,2020-03-09,7.2,-.5,617,13.1,1445,,,,,,2.1,7.2,110,1238,4.3,140,1244,1.3,1114,20,2,44,1409,71.6,7.1,984.7,1019.5,118,1009.6,2358,1014.2,11.7,3.5,1000,1.65,10.72,,,,,,8.3,4.3,7.6,-5.5,,,,,,,,,,1.5,2.2,,,
135,√ﬂ«≥∑…,2020-03-10,5.9,2.1,2359,7.6,334,,,,,,10,13.9,270,1957,8.3,270,1632,4,3429,270,3.2,67,2204,83.8,7.9,977.4,1011.9,2357,1003.7,1400,1006.9,11.8,0,1300,.73,2.9,,,,,,8.5,8.1,6.9,-.5,,,,,,,,,,1.1,1.6,,,
135,√ﬂ«≥∑…,2020-03-11,3.6,.1,708,8.5,1521,,,,,,,17,270,1249,9.1,250,1201,5.2,4504,270,-9.1,21,1426,41.4,3.1,987.6,1023.3,2355,1011.8,1,1017.7,11.8,10.7,1200,3.11,21.9,,,,,,0,0,4,-2.2,,,,,,,,,,3.6,5.2,,,
135,√ﬂ«≥∑…,2020-03-12,6.4,-4.6,614,15.6,1600,,,,,,,8.9,270,1625,6.1,250,1626,2.3,2006,270,-8.3,13,1503,39.9,3.3,991.7,1024.8,613,1017.4,1528,1021.7,11.8,10.7,1200,3.01,21.14,,,,,,.8,0,6.2,-7.9,,,,,,,,,,4.4,6.3,,,
135,√ﬂ«≥∑…,2020-03-13,6,1,2356,11.6,1400,,,,,,,11.7,250,1237,7.8,250,1239,3.7,3226,250,-9.7,7,1506,37.8,3.4,990.6,1023.1,851,1017.5,1706,1020.5,11.9,6.9,1200,2.95,16.86,,,,,,6.8,4.5,6.6,-2.5,,,,,,,,,,4.1,5.9,,,
135,√ﬂ«≥∑…,2020-03-14,3.5,-2.1,650,9.3,1635,,,,,,,14.2,250,1606,7.7,270,1849,5.2,4485,250,-9.7,20,1339,39.4,3,985.5,1020.6,16,1011.7,1713,1015.5,11.9,10.6,1200,3.13,21.79,,,,,,1.1,.8,5.5,-4.5,,,,,,,,,,4,5.7,,,
135,√ﬂ«≥∑…,2020-03-15,3.9,-.9,2302,9,1228,,,,,,0,20.3,270,1622,13,250,1629,5,4327,270,-8.1,23,1622,42.9,3.4,981.6,1016.9,2348,1006.8,1447,1011.5,11.9,5.5,1000,1.9,13.31,,,,,,3.9,2.9,4.9,-3.9,,,,,,,,,,3.1,4.4,,,
135,√ﬂ«≥∑…,2020-03-16,3.6,-2,607,9.9,1545,,,,,,,10.2,250,52,6.3,270,301,3.8,3284,270,-9.7,18,1248,39.1,2.9,991.1,1024.2,927,1016.9,1,1021.3,12,10.8,1200,3.2,22.54,,,,,,.1,0,6,-5.9,,,,,,,,,,3.9,5.6,,,
135,√ﬂ«≥∑…,2020-03-17,7.5,-1,632,13.5,1443,,,,,,,17.5,250,1454,11.8,250,1457,4.5,3895,270,-2.5,34,116,50.3,5.4,986,1020.4,1,1011.8,1736,1015.6,12,6.6,1100,2.62,16.01,,,,,,1.8,1.5,7.7,-4.6,,,,,,,,,,3,4.3,,,
135,√ﬂ«≥∑…,2020-03-18,8.7,-1.5,651,18.2,1554,,,,,,,7.8,270,1204,4.6,270,1816,1.8,1524,250,-5,13,1545,45.8,4.3,984.4,1018,738,1010,1715,1013.8,12.1,10.9,1200,3.18,22.81,,,,,,0,0,10.4,-7.6,,,,,,,,,,4.7,6.7,,,
135,√ﬂ«≥∑…,2020-03-19,7.6,1.3,656,15.8,842,,,,,,,27.9,270,1709,13.2,270,1133,6.7,5828,270,-4.3,21,1701,44.5,4.6,977.8,1012.8,2359,1002.5,913,1007.1,12.1,7,1200,3.1,16.37,,,,,,2.9,1.6,8.5,-1.9,,,,,,,,,,5,7.2,,,
135,√ﬂ«≥∑…,2020-03-20,8.2,3,2355,15.1,1543,,,,,,,17,270,1,8.4,270,3,4.2,3599,270,-7.6,13,1732,35,3.5,984.4,1015.7,710,1011.5,1626,1013.9,12.1,11,1200,3.11,22.29,,,,,,0,0,9.8,-3.5,,,,,,,,,,4.8,6.8,,,
135,√ﬂ«≥∑…,2020-03-21,14.7,1.5,106,23.4,1532,,,,,,,13,270,1735,7.9,270,1328,3.1,2658,270,.4,24,1506,38.8,6.6,982.1,1014.7,206,1006.7,1747,1010.7,12.2,9.6,1200,2.84,19.51,,,,,,1.6,.1,12.2,-3.3,,,,,,,,,,5.2,7.4,,,
135,√ﬂ«≥∑…,2020-03-22,13.1,6.6,2324,19,1434,,,,,,,12,270,57,6.6,270,143,3.9,3356,250,-1.9,15,1526,40.5,5.9,983.5,1017.1,2351,1008.5,57,1012.4,12.2,11,1200,3.18,22.82,,,,,,1.9,.9,15.3,1.4,,,,,,,,,,5.7,8.1,,,
135,√ﬂ«≥∑…,2020-03-23,10.4,1.7,652,16.2,1546,,,,,,,15.5,250,1420,9.5,250,1441,4.2,3663,250,-4.9,21,1526,35.3,4.3,987.5,1018.8,652,1013.4,1622,1016.8,12.3,11.2,1200,3.15,22.63,,,,,,0,0,12.1,-1.8,,,,,,,,,,5.2,7.4,,,
135,√ﬂ«≥∑…,2020-03-24,9,-.5,651,17.8,1543,,,,,,,6.8,250,1634,4.1,250,1552,1.2,1073,250,-3.8,14,1443,46.9,4.7,990.5,1022.3,739,1017,1600,1020.1,12.3,11.3,1200,3.17,22.71,,,,,,0,0,13.1,-5.6,,,,,,,,,,4.2,6,,,
135,√ﬂ«≥∑…,2020-03-25,11.3,.5,633,20.1,1449,,,,,,,6.6,140,1602,4.1,50,1648,1.4,1176,20,0,27,1453,49.6,6.1,990.7,1023.6,651,1016.4,1615,1020,12.3,11.1,1200,3.11,22.04,,,,,,2.3,1.1,14.6,-3.8,,,,,,,,,,3.8,5.5,,,
135,√ﬂ«≥∑…,2020-03-26,12.1,6.5,652,16.3,1221,,,,,,.6,6.2,160,1156,4.3,160,1325,2.1,1784,90,4.9,35,1153,64.3,9,986.8,1020.1,715,1011.5,2353,1015.9,12.4,1,1100,1.77,7.94,,,,,,9.4,7.9,13,3.2,,,,,,,,,,1.7,2.4,,,
135,√ﬂ«≥∑…,2020-03-27,10.7,5,2355,13.5,1200,,,,,,7.8,13.3,270,1647,8.1,270,1651,3.5,3017,270,8.1,70,2359,84.6,11.2,983.5,1020,2353,1008.9,457,1012.6,12.4,0,1100,.47,3.17,,,,,,9,8,12.2,3.5,,,,,,,,,,1.3,1.8,,,
135,√ﬂ«≥∑…,2020-03-28,5.8,1.2,637,10.5,1519,,,,,,,10.5,290,7,7.3,270,15,3.4,2904,250,-4.3,36,1456,49.4,4.5,990.5,1022.4,752,1017.4,1604,1020.4,12.5,2.6,1000,2.03,13.89,,,,,,8.4,3.5,8.2,-2,,,,,,,,,,2.3,3.3,,,
135,√ﬂ«≥∑…,2020-03-29,6.8,-2.5,648,13.6,1527,,,,,,,8.7,90,1221,5.6,90,1043,2.1,1819,70,-1.2,34,1451,59.1,5.7,991.7,1024.8,636,1018.5,1628,1021.6,12.5,8.1,1400,2.67,19.54,,,,,,5,3,10.7,-7,,,,,,,,,,2.8,4.1,,,
135,√ﬂ«≥∑…,2020-03-30,9.7,3,456,17.3,1531,,,,,,,5.6,270,1337,3.4,250,1503,1.3,1092,20,-.2,22,1642,54.6,6.1,990.5,1022.5,635,1016.3,1634,1020,12.5,10.6,1300,3.15,23.39,,,,,,4.1,2.1,14.3,-.9,,,,,,,,,,3.8,5.5,,,
135,√ﬂ«≥∑…,2020-03-31,11.2,.8,653,19.6,1356,,,,,,,8.5,250,1439,4.9,250,1444,1.5,1275,230,-1.6,18,1452,46.9,5.5,987.3,1021.4,44,1011.9,1641,1016.5,12.6,10.7,1200,3.2,22.29,,,,,,4.4,1.5,13.5,-3.3,,,,,,,,,,4.8,6.8,,,
135,√ﬂ«≥∑…,2020-04-01,11.1,5.8,2400,17.5,1504,,,,,,,16,250,1628,9.2,270,1852,4.8,4184,270,-6.2,19,1757,29.8,4,984.3,1019,2306,1009.4,1614,1013.4,12.6,6.2,1300,2.88,16.57,,,,,,4.6,2.5,13.3,3.4,,,,,,,,,,5.1,7.2,,,
135,√ﬂ«≥∑…,2020-04-02,9.1,1.1,541,16.4,1559,,,,,,,9.2,250,1341,5.5,250,1145,3.4,2917,250,-6.3,14,1413,36.5,3.9,991.8,1023.7,842,1018.2,7,1021.3,12.6,10.8,1300,3.14,22.75,,,,,,3.5,.8,12.4,-2.8,,,,,,,,,,5,7.1,,,
135,√ﬂ«≥∑…,2020-04-03,10.3,2.3,512,17,1602,,,,,,,12.2,250,1652,7.1,250,1402,3.7,3171,250,-6.7,12,1353,32,3.7,991,1023.5,733,1016.4,1639,1020.4,12.7,11.5,1200,3.37,24.67,,,,,,.6,.4,13.3,-2.8,,,,,,,,,,6.6,9.4,,,
135,√ﬂ«≥∑…,2020-04-04,9.1,4,2400,15.5,1453,,,,,,,14.5,270,1809,8.2,250,956,5.3,4572,270,-5.7,19,1956,36,4.3,988.7,1021.9,2256,1014.3,1621,1018.2,12.7,11.1,1300,3.25,23.87,,,,,,1.1,.6,13.1,1.2,,,,,,,,,,4.9,7.1,,,
135,√ﬂ«≥∑…,2020-04-05,6.9,-1.2,603,13.9,1624,,,,,,,12.1,270,1746,7.4,250,1805,4,3485,270,-11.7,9,1522,28,2.6,991.8,1023.5,852,1018.1,1714,1021.7,12.7,11.6,1200,3.5,26.26,,,,,,0,0,11.8,-5.5,,,,,,,,,,5.9,8.4,,,
135,√ﬂ«≥∑…,2020-04-06,9,-.1,456,16.1,1517,,,,,,,9.8,270,1246,6.4,250,1324,3.7,3199,250,-7.3,14,1318,34.3,3.6,990.4,1023.4,645,1016,1718,1019.9,12.8,10.3,1200,3.4,24.7,,,,,,3.4,1.4,13.3,-4.9,,,,,,,,,,5.9,8.5,,,
135,√ﬂ«≥∑…,2020-04-07,11.4,3.1,635,18.3,1520,,,,,,,13.6,250,1350,8.1,250,1356,4,3489,250,-3,24,834,37.6,5,986.1,1018.5,9,1012,1700,1015.2,12.8,11.4,1200,2.95,22.16,,,,,,1,0,14.2,.2,,,,,,,,,,5,7.1,,,
135,√ﬂ«≥∑…,2020-04-08,9.1,3.2,2319,14.9,1434,,,,,,,16.7,250,1309,9.9,250,1316,4,3443,290,-9.8,7,1406,30.5,3.2,988,1021.9,2319,1015,1,1017.5,12.9,11.9,1200,3.49,26.6,,,,,,0,0,13.7,-3.9,,,,,,,,,,6.4,9.1,,,
135,√ﬂ«≥∑…,2020-04-09,8.3,-.7,404,14.6,1549,,,,,,,11.5,250,1210,7.4,250,1046,3.1,2643,250,-6,20,1647,37.4,3.9,992,1025.5,2400,1019.1,1542,1021.7,12.9,11.6,1200,3.24,24.28,,,,,,2.5,0,12.3,-5.5,,,,,,,,,,4.6,6.6,,,
135,√ﬂ«≥∑…,2020-04-10,9.1,4.9,617,14.1,1348,,,,,,,7.1,180,1431,4.6,70,151,2.5,2183,70,.4,37,1352,55.4,6.3,994.8,1026.8,1005,1021.9,1618,1024.4,12.9,3.1,1100,2.64,16.37,,,,,,6.9,3.5,13.5,3.1,,,,,,,,,,2.7,3.8,,,
135,√ﬂ«≥∑…,2020-04-11,8.2,1.6,531,13.5,1342,,,,,,,7.4,270,1744,4.9,270,2327,2.4,2107,270,-2.5,29,1251,48.9,5.1,989.6,1024.4,2,1016.1,2359,1019.3,13,4.1,1000,2.54,15.85,,,,,,7.5,2.4,12.7,-2.8,,,,,,,,,,3.1,4.5,,,
135,√ﬂ«≥∑…,2020-04-12,6.7,1.2,602,12.5,1224,,.9,1456,1.2,1450,1.9,15.6,50,1656,8.2,50,1701,2.8,2378,50,-.5,43,1234,60.9,6,983.8,1016.2,1,1011.2,1619,1013.4,13,4,1400,2.03,13.42,,,,,,5.1,3.6,9.7,-2.4,,,,,,,,,,2.1,3,,,
135,√ﬂ«≥∑…,2020-04-13,7.8,2.5,114,16,1643,,,,,,,13.8,50,1425,6.3,360,1353,2.3,1950,20,-5,15,1736,44.8,4.3,983.8,1017.5,2359,1010.8,1449,1013.3,13,9.3,1300,3.21,22.1,,,,,,3,1.6,12.8,-3,,,,,,,,,,4.3,6.1,,,
135,√ﬂ«≥∑…,2020-04-14,12.5,2.2,45,20.6,1540,,,,,,,12.7,250,1357,7.6,250,1400,3.5,2987,270,-8.2,8,1512,27.6,3.4,986.8,1018.2,752,1012.8,1706,1015.9,13.1,11.9,1200,3.55,27.13,,,,,,0,0,14.8,-3,,,,,,,,,,7.7,11,,,
135,√ﬂ«≥∑…,2020-04-15,12,3.4,515,20.5,1522,,,,,,,9.1,270,832,6.4,250,914,2.8,2398,250,-5.6,14,1421,31.6,4.1,985.2,1016.5,2352,1010.8,1553,1014.2,13.1,7.7,1200,3.22,21.61,,,,,,6.8,.9,15.5,-1.5,,,,,,,,,,4.8,6.9,,,
135,√ﬂ«≥∑…,2020-04-16,12.3,4.5,407,20,1528,,,,,,,9.9,90,1510,6.2,70,2258,3.2,2793,70,2.3,30,1541,52.9,7.2,988.7,1019.6,834,1014.7,1654,1017.8,13.2,11.4,1200,3.22,24.28,,,,,,2.5,1.9,16.7,.5,,,,,,,,,,4.6,6.6,,,
135,√ﬂ«≥∑…,2020-04-17,10.1,7.5,759,16.6,1406,,3.5,1556,6.6,1648,14.4,9,50,1526,5.7,70,311,2.7,2364,70,6.6,57,1339,79.8,9.8,984.4,1019.5,11,1009.6,1653,1013.6,13.2,2.1,1200,3.4,10.59,,,,,,7.8,5.8,12.1,4.8,,,,,,,,,,1.8,2.6,,,
135,√ﬂ«≥∑…,2020-04-18,11.7,6.6,2337,18.8,1634,,1.5,338,2.7,337,3.2,10.8,270,734,6.5,270,630,3.3,2840,270,5.3,36,1638,68,8.9,986.4,1019.5,2319,1010.7,143,1015.5,13.2,5.1,1200,2.83,18.29,,,,,,3.8,3.3,13.8,3.6,,,,,,,,,,3.1,4.5,,,
135,√ﬂ«≥∑…,2020-04-19,9.4,6,202,12.1,1139,,1,1845,4.4,1836,20.2,13,50,1628,7.6,70,1739,3.4,2971,70,6,63,1318,80.1,9.3,985,1019.6,41,1008.4,2313,1014.4,13.3,0,800,.78,4.73,,,,,,10,8.6,10.6,3,,,,,,,,,,1.1,1.6,,,
135,√ﬂ«≥∑…,2020-04-20,9.9,6.9,2357,14.8,1323,,0,,0,,0,16.2,270,1914,9.5,270,1639,4.6,3965,270,5,55,1332,73,8.8,981.4,1014,2357,1008.4,54,1010.5,13.3,1.2,1200,2.49,10.68,,,,,,9,8.6,11.5,5.9,,,,,,,,,,2.7,3.8,,,
135,√ﬂ«≥∑…,2020-04-21,7.8,3.4,2352,12.2,1141,,,,,,,22.7,320,1710,13.3,270,1700,6.8,5875,270,-5.3,12,1529,41.5,4.3,984.2,1017.3,2349,1010.3,1552,1013.7,13.3,10.8,1300,3.39,26.61,,,,,,4.9,1.8,9.1,1.3,,,,,,,,,,6.2,8.8,,,
135,√ﬂ«≥∑…,2020-04-22,5.6,3,107,9.8,1225,,,,,,,19,250,1251,11.3,250,1258,6.2,5366,270,-7.8,25,1148,38.1,3.4,985.8,1018,2206,1013.3,1515,1015.6,13.4,7.4,1200,3.46,21.78,,,,,,4,2.4,6.7,.3,,,,,,,,,,4.3,6.2,,,
135,√ﬂ«≥∑…,2020-04-23,7.2,3,1,13.3,1412,,,,,,,16.9,250,1143,10.2,250,1144,5.8,5036,270,-5.6,21,1413,41.5,4.1,986,1017.8,6,1012.8,1512,1015.6,13.4,7.3,1300,3.41,22.26,,,,,,3.6,2.9,8.7,.8,,,,,,,,,,4.8,6.9,,,
135,√ﬂ«≥∑…,2020-04-24,8.8,3.2,453,15.2,1354,,,,,,,20.3,270,1422,11.8,250,1336,5.1,4392,270,-8,12,1411,33.4,3.5,985.2,1017,3,1011.8,1541,1014.6,13.5,12.4,1200,3.67,28.35,,,,,,0,0,11.8,-2.2,,,,,,,,,,6.5,9.3,,,
135,√ﬂ«≥∑…,2020-04-25,13.2,1.2,508,22.5,1553,,,,,,,17.5,250,1149,10.6,250,1417,4.3,3716,270,-.3,19,1522,42.4,6.2,981.2,1015,11,1004.4,1522,1010,13.5,11.4,1100,3.24,25.2,,,,,,.6,0,15.2,-3,,,,,,,,,,6.8,9.8,,,
135,√ﬂ«≥∑…,2020-04-26,11.4,4.7,609,17.4,1540,,,,,,,16,270,1218,7.9,250,1237,3.7,3202,270,-3.2,19,1350,40.6,5,987.6,1020.6,2352,1013.2,1,1016.8,13.5,12.1,1200,3.58,28.11,,,,,,1,.8,16.2,1.7,,,,,,,,,,5.6,8.1,,,
135,√ﬂ«≥∑…,2020-04-27,10.8,2.7,543,16.7,1502,,0,,0,,0,14.1,270,1508,8.4,250,1146,3.1,2665,250,-3.2,22,1346,39.1,4.8,990.3,1021.1,2400,1017.4,1458,1019.6,13.5,9.1,1100,3.22,22.34,,,,,,2.5,1.1,15.9,-1,,,,,,,,,,4.7,6.8,,,
135,√ﬂ«≥∑…,2020-04-28,13,5.1,159,19.5,1430,,,,,,,12.5,270,1201,7.3,250,1206,4.1,3582,270,-2.8,16,1340,35.9,5,990.7,1022.7,840,1016.4,1606,1019.7,13.6,12.4,1200,3.53,27.78,,,,,,.1,0,17.1,.8,,,,,,,,,,6.9,9.9,,,
135,√ﬂ«≥∑…,2020-04-29,15.7,7.2,542,23.2,1503,,,,,,,8.3,250,1122,5.4,270,2059,2.9,2500,270,-.6,19,1235,35.9,5.9,989.7,1021.4,724,1015.6,1602,1018.5,13.6,12.5,1200,3.46,27.29,,,,,,.1,0,20.1,4.7,,,,,,,,,,6.3,9,,,
135,√ﬂ«≥∑…,2020-04-30,17,4,546,25.8,1544,,,,,,,11.4,250,1454,6.8,250,1457,2.2,1884,250,4.4,25,1429,46.9,8.8,986.7,1020,414,1010.7,1802,1015.3,13.7,12.6,1200,3.51,27.98,,,,,,.1,0,21.1,-1.1,,,,,,,,,,6.1,8.8,,,
135,√ﬂ«≥∑…,2020-05-01,21.4,10.6,557,29.7,1440,,,,,,,11.2,270,1419,7.4,250,1449,2.8,2398,270,11.1,33,1441,56,13.3,984.2,1015,736,1008.8,1636,1012.2,13.7,12,1200,3.42,26.2,,,,,,.6,0,24.5,6.4,,,,,,,,,,6.9,9.9,,,
135,√ﬂ«≥∑…,2020-05-02,21.3,16.7,2343,26.5,1452,,,,,,,12.2,270,230,8.3,270,240,3,2561,270,11.6,36,1447,55.6,13.7,982.5,1013.2,727,1007.8,1742,1010.4,13.7,3.5,1100,2.51,17.48,,,,,,8.6,3.4,24.1,15,,,,,,,,,,3.5,5.1,,,
135,√ﬂ«≥∑…,2020-05-03,16.6,15.3,153,18.8,1639,,.4,1116,1.2,1030,3.3,7.6,50,1249,5.4,70,1251,2.2,1893,70,13.9,66,10,84.4,15.9,978.2,1008.8,25,1004.1,1604,1006.5,13.7,0,1600,.68,4.92,,,,,,8.8,8.4,17.8,13.1,,,,,,,,,,1.4,2,,,
135,√ﬂ«≥∑…,2020-05-04,20.3,14.8,158,25.9,1459,,,,,,,12.7,250,1428,7.4,250,1431,3.4,2970,270,14,46,1441,69.5,16,979.3,1010.8,2358,1005.2,1520,1007.3,13.8,8.5,1200,3.26,24.05,,,,,,6.4,4.8,24.6,12.6,,,,,,,,,,4.6,6.6,,,
135,√ﬂ«≥∑…,2020-05-05,15.3,13,2115,19.8,1127,,.8,1302,1.7,1302,3.4,9.2,70,1019,6,70,1004,2.9,2494,70,11.8,60,1130,80.5,13.9,982.9,1013.5,1335,1010,1134,1011.5,13.8,.7,1000,2.23,9.59,,,,,,8.1,6.8,17.8,12.2,,,,,,,,,,1.8,2.6,,,
135,√ﬂ«≥∑…,2020-05-06,17,10.5,224,25.8,1440,,,,,,,10.7,90,1846,7.5,90,1809,2.6,2213,160,8.6,30,1646,62,11.3,985.1,1017.8,2343,1009.4,1702,1013.6,13.8,10.3,1200,3.51,27.7,,,,,,3,1,22.5,6.5,,,,,,,,,,5.9,8.4,,,
135,√ﬂ«≥∑…,2020-05-07,14.7,6.9,548,22.6,1534,,,,,,,11.7,20,1225,7.4,70,1225,3.6,3068,70,2,20,1645,46.9,7.2,989.7,1020.8,639,1015.9,1539,1018.6,13.9,11.4,1200,3.62,28.12,,,,,,4.5,0,21.2,3.1,,,,,,,,,,6.3,9,,,
135,√ﬂ«≥∑…,2020-05-08,15.7,5,551,23.2,1616,,.8,2319,3.3,2243,4.7,8.9,160,1904,6.3,160,1909,2.6,2279,160,5.3,31,1150,53.1,9.3,986.4,1019.8,5,1011.1,1616,1015,13.9,8.9,1000,3.31,24.27,,,,,,6.9,3.1,21.3,1.3,,,,,,,,,,4.2,5.9,,,
135,√ﬂ«≥∑…,2020-05-09,15.7,14.1,18,17.3,1311,,1.6,53,7,14,22.2,10.9,90,646,5.8,110,712,2.5,2127,90,13.2,79,1321,85.8,15.2,977.2,1013.8,1,1002.3,1717,1005.6,13.9,0,1200,.73,2.97,,,,,,9.1,9,17,14,,,,,,,,,,1.1,1.5,,,
135,√ﬂ«≥∑…,2020-05-10,14.6,13.1,321,17.3,1640,,,,,,,13.2,270,803,8.1,270,2117,5.6,4830,270,10.8,68,1645,78.4,12.9,978.3,1010.3,2359,1003.9,208,1006.8,14,.2,1200,1.11,7.59,,,,,,7.8,7.5,15.3,12.1,,,,,,,,,,2.3,3.3,,,
135,√ﬂ«≥∑…,2020-05-11,17.7,12.6,440,23.7,1252,,,,,,,14.3,250,1232,9.3,250,1317,4.2,3623,270,5.9,24,1345,50,9.5,979.1,1010.7,151,1004.5,1705,1007.3,14,11.1,1200,3.53,27.21,,,,,,4.5,2.6,18.5,9.3,,,,,,,,,,6.2,8.9,,,
135,√ﬂ«≥∑…,2020-05-12,15.7,11.1,2345,22.7,1336,,0,,0,,0,16.7,250,1509,9.8,270,1504,5,4328,270,5,33,1211,50.5,8.7,976.5,1011.2,2354,1001,1400,1004.8,14,11.1,1100,3.07,26.17,,,,,,2.9,1.6,19.4,8.9,,,,,,,,,,6,8.6,,,
135,√ﬂ«≥∑…,2020-05-13,15.1,9,613,21.3,1430,,,,,,,14.2,250,1405,7.8,250,1407,4,3420,270,.7,20,1710,41.5,6.5,986.8,1019.3,2335,1011.2,1,1015.6,14.1,12.8,1200,3.66,29.82,,,,,,.8,0,21.6,5.5,,,,,,,,,,6.6,9.5,,,
135,√ﬂ«≥∑…,2020-05-14,17.3,6.9,520,25.4,1523,,,,,,,6,160,1458,4,70,1650,1.4,1169,50,4.7,21,1022,47.1,8.6,987.6,1019.8,623,1012.8,1634,1016,14.1,8.2,1100,2.99,23.5,,,,,,7.8,4.1,24.1,4.5,,,,,,,,,,4.7,6.6,,,
135,√ﬂ«≥∑…,2020-05-15,14.6,13.1,2129,18.2,52,,1,817,3.5,807,12.3,12.4,90,1337,6.6,90,1057,3.2,2723,70,10.3,37,136,77.8,12.7,981.1,1014.2,27,1007.8,1456,1009.7,14.1,0,1200,.23,1.57,,,,,,9.8,9.1,15.2,12.5,,,,,,,,,,.8,1.2,,,
135,√ﬂ«≥∑…,2020-05-16,17.3,13,530,23,1539,,,,,,,6.9,250,1221,4,250,1822,1.6,1425,250,13.5,57,1348,80.1,15.5,977.7,1008.5,18,1003.2,1544,1005.9,14.1,5.1,1200,2.96,20.57,,,,,,8.9,5.8,21,12.2,,,,,,,,,,3.4,4.8,,,
135,√ﬂ«≥∑…,2020-05-17,20.6,14.6,50,27.6,1500,,,,,,,6.2,160,1519,4.2,110,1641,1.6,1363,270,15,44,1446,72.9,17.1,976.4,1007.4,652,1001.4,1613,1004.2,14.2,10,1200,3.4,26.2,,,,,,5,3.4,26.4,12.3,,,,,,,,,,5,7.2,,,
135,√ﬂ«≥∑…,2020-05-18,18.2,13,2352,22.8,1332,,4.6,2054,12.3,2035,17.3,13.4,270,2149,8.9,110,1451,3.6,3106,110,13.7,61,1333,75.9,15.8,971.6,1003.5,758,995.4,1624,999.6,14.2,2.8,1200,2.25,16.75,,,,,,8,4.9,22.8,11.8,,,,,,,,,,3.2,4.6,,,
135,√ﬂ«≥∑…,2020-05-19,12.5,10.3,2346,15.2,1158,,.2,,.2,,.4,11.8,250,622,7.5,270,50,3.7,3238,270,8,64,1201,74.8,10.8,971.1,1006.7,2322,996.1,1151,999.7,14.2,1.6,1400,2.5,12.06,,,,,,6.9,6.4,16.1,8.8,,,,,,,,,,1.9,2.7,,,
135,√ﬂ«≥∑…,2020-05-20,12.5,5.5,531,19.2,1417,,,,,,,9.7,250,1457,6,270,47,2.7,2294,250,5.9,45,1405,65.9,9.4,981.9,1014.6,2246,1006.6,1,1010.8,14.2,7.6,1200,3.75,26.19,,,,,,4.1,3,17.4,3.7,,,,,,,,,,4.3,6.1,,,
135,√ﬂ«≥∑…,2020-05-21,15,6.5,546,22.1,1534,,,,,,,6.7,200,1513,4.2,70,2328,1.5,1275,50,9.1,42,1644,70.5,11.7,985.8,1016.1,702,1012.1,1647,1014.5,14.2,11.4,1000,3.43,26.82,,,,,,4.6,3.6,20.5,4.5,,,,,,,,,,4,5.8,,,
135,√ﬂ«≥∑…,2020-05-22,16.5,12.3,359,22.2,1620,,,,,,,9.6,110,942,5.5,140,1148,3.3,2871,70,10.3,49,1406,68.3,12.5,984.9,1016.1,34,1010.8,1916,1013.4,14.3,5.4,1200,3.35,20.76,,,,,,5.9,3.5,21.1,11.8,,,,,,,,,,3.8,5.4,,,
135,√ﬂ«≥∑…,2020-05-23,17.4,10.8,417,25,1548,,,,,,,6.1,160,952,3.8,70,536,1.9,1610,160,10.8,41,1441,67.6,13,982.9,1014.3,659,1008,1616,1011.3,14.3,9.8,1200,3.58,26.98,,,,,,3.8,1.9,24.8,8.5,,,,,,,,,,4.6,6.6,,,
135,√ﬂ«≥∑…,2020-05-24,18.1,14.1,113,22.5,857,,1.2,1118,1.7,1041,1.7,12.6,270,949,7.2,270,913,2.4,2100,270,13.1,54,950,73.9,15.1,981.2,1011.9,2354,1007.5,854,1009.4,14.3,5,1300,2.47,16.65,,,,,,7.9,4.5,22.4,12.6,,,,,,,,,,3,4.2,,,
135,√ﬂ«≥∑…,2020-05-25,17.1,13.8,556,21.8,1520,,,,,,,8.7,250,1010,5.7,250,1015,3.2,2803,250,12.1,55,1523,73.8,14.2,982.8,1012.7,828,1009.3,1824,1011.2,14.3,3.5,1200,3.03,20.59,,,,,,9.1,3.8,23.1,12.6,,,,,,,,,,3.4,4.8,,,
135,√ﬂ«≥∑…,2020-05-26,18.5,13,529,24.5,1547,,,,,,,8.7,270,2255,5.1,270,1828,2.8,2457,270,10.7,41,1337,63.3,12.9,979.8,1011.6,7,1004.9,1713,1007.9,14.4,8.1,1300,3.51,23.45,,,,,,5.8,.5,24.8,11.3,,,,,,,,,,4.9,7,,,
135,√ﬂ«≥∑…,2020-05-27,17.5,12.6,2341,23.2,1608,,,,,,,10.1,270,241,5.6,250,944,3.1,2643,250,7.8,26,1746,55.6,10.6,980,1009.7,729,1006.4,1556,1008.2,14.4,12.3,1200,3.45,27.73,,,,,,5.3,1,26.3,8.6,,,,,,,,,,5.1,7.2,,,
135,√ﬂ«≥∑…,2020-05-28,17.8,8.1,548,24.8,1505,,,,,,,9,250,1352,4.8,270,1306,2.2,1892,250,7.9,29,1116,56.6,10.7,980.6,1011.8,2347,,1407,1008.8,14.4,12.5,1100,3.63,29.7,,,,,,2.8,.1,27.1,5.4,,,,,,,,,,5.9,8.4,,,
135,√ﬂ«≥∑…,2020-05-29,19.6,14,322,26.7,1449,,,,,,,6.2,270,801,4.4,250,801,1.9,1675,270,10.2,30,1727,58.1,12.5,986.1,1017.3,2326,1011.6,4,1014.3,14.4,9.2,1200,3.72,27.53,,,,,,4.5,.5,29.2,11.6,,,,,,,,,,4.9,7.1,,,
135,√ﬂ«≥∑…,2020-05-30,19.4,11.8,513,26.6,1404,,,,,,,7.1,90,1237,4.6,90,1255,1.6,1350,50,10.2,31,1335,58.8,12.5,988,1019.4,645,1013.8,1746,1016.3,14.4,10,1100,3.56,26.09,,,,,,6,1.6,30,9.3,,,,,,,,,,4.8,6.9,,,
135,√ﬂ«≥∑…,2020-05-31,19.9,11.6,323,26.5,1502,,,,,,,8.1,250,2258,5.6,270,2302,2.1,1850,270,10.9,35,1510,59.3,13.1,983,1015.9,20,1007.3,1808,1011.1,14.5,5,1200,3.41,22.64,,,,,,7.5,4.6,30.7,8.8,,,,,,,,,,4.7,6.8,,,
135,√ﬂ«≥∑…,2020-06-01,20,16.8,306,25,1616,,.6,259,1.3,259,2.3,14.6,250,1236,7.9,270,1151,3.7,3210,270,9.5,29,1713,55.1,12.3,981,1010.2,2209,1006.7,1709,1009,14.5,9.5,1200,3.72,27.64,,,,,,5.3,4,27.4,13,,,,,,,,,,6.3,9,,,
135,√ﬂ«≥∑…,2020-06-02,18.5,10.7,534,24.7,1142,,0,,0,,0,5.2,270,1237,3.8,200,1458,1.1,908,270,7.5,24,1158,51.5,10.5,979.2,1010.9,715,1003.8,1656,1007.3,14.5,3.9,1000,3.16,17.69,,,,,,8.1,4.8,25.2,8.3,,,,,,,,,,3.4,4.9,,,
135,√ﬂ«≥∑…,2020-06-03,22.1,14.8,130,28.2,1633,,,,,,,7.7,270,2108,5.4,270,2114,1.8,1597,250,14,37,1837,62.4,16.1,975.5,1005.8,7,1000,1726,1003.1,14.5,8.6,1200,3.64,25.51,,,,,,6.3,3.6,28.8,12.8,,,,,,,,,,5.6,7.9,,,
135,√ﬂ«≥∑…,2020-06-04,25,18.2,19,31.3,1551,,,,,,,10.5,250,2314,6.8,270,2211,3.8,3310,270,15,24,1624,57.4,17.2,975.5,1005.5,2354,1000.8,1506,1002.8,14.5,11.9,1200,3.51,28.36,,,,,,1,.3,31,15.1,,,,,,,,,,7.5,10.7,,,
135,√ﬂ«≥∑…,2020-06-05,24.7,21,2327,30.4,1443,,,,,,,10.4,270,40,6.7,270,442,3.3,2816,250,16.7,42,1501,62.5,19,978.2,1007.9,2325,1003.9,1537,1005.7,14.5,8.6,1200,3.24,24.14,,,,,,5.9,1.8,30.6,19.7,,,,,,,,,,4.9,7,,,
135,√ﬂ«≥∑…,2020-06-06,21.6,17.6,2338,27.1,1551,,,,,,,8.7,70,1321,5.9,160,1646,3.5,3010,70,13.5,47,1604,61.1,15.7,980.8,1011.4,2342,1006.1,1543,1008.6,14.5,9.1,1300,3.06,24.86,,,,,,6.5,2.1,29.4,16,,,,,,,,,,5,7.1,,,
135,√ﬂ«≥∑…,2020-06-07,22.1,16.6,156,29,1635,,,,,,,5.3,50,1348,3.4,90,1346,1.4,1190,90,13.2,44,1000,57.9,15.4,983.3,1013.2,852,1008.5,1637,1011.2,14.6,7.6,1200,3.5,24.56,,,,,,4.3,3.9,32.5,14.1,,,,,,,,,,5.1,7.2,,,
135,√ﬂ«≥∑…,2020-06-08,24.9,17.6,521,32,1521,,,,,,,6,290,2400,3.5,290,2339,1.6,1363,230,15.7,35,1522,59.5,17.8,985.8,1015.2,2308,1011.3,1508,1013.4,14.6,12.3,1200,3.51,28.42,,,,,,.6,.4,34.3,15.4,,,,,,,,,,6.1,8.7,,,
135,√ﬂ«≥∑…,2020-06-09,26.2,17.5,533,33.6,1448,,,,,,,6.9,290,2357,5,250,850,1.9,1674,270,16,33,1514,56.5,18.2,985.6,1015.8,624,1010.2,1653,1013.2,14.6,11.5,1200,3.53,27.88,,,,,,2.5,.5,36.2,15.3,,,,,,,,,,6,8.6,,,
135,√ﬂ«≥∑…,2020-06-10,24.6,18.8,500,32.4,1433,,2.2,1732,4.2,1710,11.5,15.3,250,1726,9.2,270,1734,1.7,1497,70,17.3,37,1439,67,19.8,980.6,1013.1,1,1003.6,1707,1008.1,14.6,7.9,1200,3.12,22.68,,,,,,6.8,3.8,35.8,16.2,,,,,,,,,,4.2,6,,,
135,√ﬂ«≥∑…,2020-06-11,23.2,19.2,456,29.5,1702,,3.8,30,13.3,30,24,7.1,50,738,4.6,50,743,1.2,1035,250,19.1,53,1659,79.3,22.1,975.4,1005.8,115,1000.1,1643,1002.9,14.6,5.8,1300,3.73,21.27,,,,,,5,,27.6,19.2,,,,,,,,,,3.9,5.6,,,
135,√ﬂ«≥∑…,2020-06-12,22.8,19.5,2400,26.7,1001,,.6,2320,1.6,2250,3.6,6.1,110,2318,4.4,140,2319,1.2,1076,200,20,68,1044,84.9,23.5,976.9,1005.9,2359,1003.3,1806,1004.5,14.6,1.1,1000,1.56,9.8,,,,,,8.9,4.9,28.2,19.5,,,,,,,,,,1.7,2.4,,,
135,√ﬂ«≥∑…,2020-06-13,22.7,18.5,324,28.1,1331,,.7,1917,2,1,7.8,6.8,70,32,4.9,70,33,1.5,1263,140,19.1,55,1421,81.3,22.2,976.8,1006.2,808,1002.8,1601,1004.3,14.6,3.8,1000,3.15,19.5,,,,,,8.8,7.6,26.6,18.5,,,,,,,,,,3.3,4.8,,,
135,√ﬂ«≥∑…,2020-06-14,22.8,20.2,2341,26.2,1522,,4.9,427,20.6,610,79.5,14.5,270,2339,9.8,270,2333,3.9,3347,270,18.9,58,1928,79.8,22.2,975.8,1006.2,2356,1001.9,1220,1003.3,14.6,1.4,1500,1.87,12.44,,,,,,8.4,7.1,26.4,18.2,,,,,,,,,,3.8,5.4,,,
135,√ﬂ«≥∑…,2020-06-15,22.5,17.3,512,27.6,1553,,,,,,,14,250,51,8.6,270,11,4.3,3750,270,13.3,40,1557,57.6,15.3,978.2,1007.8,721,1003.6,1654,1005.9,14.6,12.1,1200,3.68,28.04,,,,,,6,.8,27.7,16.1,,,,,,,,,,6.8,9.8,,,
135,√ﬂ«≥∑…,2020-06-16,22,15.2,526,28.1,1603,,,,,,,11.7,250,109,8,270,204,3,2635,270,13,35,1631,58.4,15.1,977.7,1006.9,535,1003.4,1636,1005.5,14.6,10.9,1200,3.67,26.14,,,,,,5.5,1,29.6,14.1,,,,,,,,,,4.7,6.7,,,
135,√ﬂ«≥∑…,2020-06-17,21.3,15.8,445,26.1,1510,,,,,,,5.6,270,2149,3.8,270,2150,1.5,1286,20,14.8,54,1433,67.4,16.9,977.5,1007,546,1003.3,1706,1005.2,14.6,4.1,1000,2.62,18.35,,,,,,9.5,3.1,27.3,15.7,,,,,,,,,,3.3,4.6,,,
135,√ﬂ«≥∑…,2020-06-18,17.8,16.7,2044,20.2,1,,.3,1354,1,1313,1.9,6.8,70,1710,4.8,70,1736,1.9,1678,90,14.8,65,952,83.4,16.9,975.1,1005,12,1001.4,1731,1003.1,14.6,0,1100,.81,7.21,,,,,,9.3,6.8,20.4,16.5,,,,,,,,,,1.7,2.4,,,
135,√ﬂ«≥∑…,2020-06-19,21.3,15.3,503,27.7,1516,,0,,0,,0,5.6,70,1255,3,50,26,1,830,250,14.9,44,1517,69.3,17,977.9,1009.7,2303,1002.5,5,1005.7,14.6,8.7,1200,3,24.53,,,,,,4.8,4.4,27.5,15.3,,,,,,,,,,4.2,6,,,
135,√ﬂ«≥∑…,2020-06-20,21.8,17.6,538,27.7,1609,,,,,,,5.5,140,1340,3.4,180,1557,1.6,1342,110,16.2,44,1728,72.6,18.5,982,1012,840,1007.3,1750,1009.8,14.6,7.8,1300,3.71,24.4,,,,,,5.3,3.6,28.7,17.6,,,,,,,,,,4.6,6.5,,,
135,√ﬂ«≥∑…,2020-06-21,22.8,17.4,535,29.6,1533,,,,,,,6.2,90,1223,3.5,110,1210,1.4,1241,20,17,42,1525,71.8,19.5,979.9,1009.9,558,1004.7,1637,1007.5,14.6,10.1,1200,3.83,26.64,,,,,,1.1,1,31.3,17.4,,,,,,,,,,5,7.1,,,
135,√ﬂ«≥∑…,2020-06-22,23.3,14.8,536,31.1,1702,,,,,,,7.4,50,1404,5,70,1329,1.4,1251,250,15.1,30,1402,63.8,17.3,980.2,1009.7,2300,1006.1,1646,1007.9,14.6,13.2,1200,3.62,30.15,,,,,,.9,0,30.3,14.8,,,,,,,,,,6.1,8.7,,,
135,√ﬂ«≥∑…,2020-06-23,24.5,18,553,30.6,1413,,,,,,,8.4,140,1238,5.2,110,1434,1.8,1572,110,16.9,35,1559,64.4,19.3,980.7,1010.2,609,1007.1,1722,1008.1,14.6,7.5,1100,3.59,24.94,,,,,,7.3,2.4,29.3,18.7,,,,,,,,,,5.2,7.4,,,
135,√ﬂ«≥∑…,2020-06-24,21,19.8,2233,23.6,13,,1.3,1445,5.5,1414,7.1,10.1,140,1601,5.2,110,1612,2.3,2019,70,16.6,54,17,77,18.9,976.5,1007.3,1,1002,1807,1004.3,14.6,0,800,.84,5.23,,,,,,9.1,8,22.4,19.8,,,,,,,,,,1.2,1.8,,,
135,√ﬂ«≥∑…,2020-06-25,20.5,18.7,2350,22.8,1619,,.2,,.2,,.9,4.8,270,1632,3.1,90,214,1.3,1097,250,18.6,82,1700,89.1,21.4,974.3,1003.9,2231,1000.6,1722,1002.1,14.6,0,1200,1.06,5.09,,,,,,8.4,8,22.5,18.7,,,,,,,,,,1.3,1.8,,,
135,√ﬂ«≥∑…,2020-06-26,21.3,18.7,1,26.1,1600,,0,,0,,0,11.8,270,449,7.3,270,507,3.1,2650,270,16.7,56,1604,75.9,18.9,978.3,1008.1,2153,1003.1,22,1006.1,14.6,3.7,1200,2.52,16.32,,,,,,8.7,,24.2,18.7,,,,,,,,,,3.1,4.4,,,
135,√ﬂ«≥∑…,2020-06-27,22.2,17.7,224,28.4,1525,,0,,0,,0,5.2,250,1608,3.1,250,1608,.9,754,270,16.8,38,1401,74.4,19.2,977.1,1007.8,9,1002.2,1816,1004.7,14.6,4.5,1300,2.86,18.45,,,,,,7.4,2.3,26.6,17.7,,,,,,,,,,3.8,5.5,,,
135,√ﬂ«≥∑…,2020-06-28,22.5,17.8,308,28.2,1552,,,,,,,8.3,250,1146,5.3,250,1410,2.2,1880,250,16.8,45,1753,72.3,19.2,976.3,1006.5,2222,1002.6,1500,1003.8,14.6,11.4,1200,3.66,28.15,,,,,,1.1,.3,31,17.8,,,,,,,,,,4.9,7,,,
135,√ﬂ«≥∑…,2020-06-29,20.3,16.9,342,24.4,1332,,3.5,2131,11.1,2055,35.4,16.5,70,2238,9.3,50,2159,3.3,2841,90,17.3,67,1336,83.8,19.8,974.1,1006.5,615,991.7,2400,1001.8,14.6,0,1300,1.46,8.64,,,,,,8.6,4.9,23.4,16.9,,,,,,,,,,1.9,2.7,,,
135,√ﬂ«≥∑…,2020-06-30,19.6,17.2,2357,21.7,1124,,.7,2039,2.2,2029,8.8,15.1,50,129,8.4,270,1232,4.2,3643,270,17.1,70,1529,85.9,19.5,964,998.7,2352,986.2,325,991.6,14.6,0,1300,1.17,7,,,,,,8.3,8.1,21.8,17.2,,,,,,,,,,2,2.9,,,
135,√ﬂ«≥∑…,2020-07-01,19.2,16.2,429,23.6,1308,,.2,,.3,149,.3,8.5,270,1019,5.3,250,1024,2.9,2479,270,15.4,60,1311,79.5,17.5,976.5,1008.9,2326,998.7,1,1004.4,14.6,2.9,1200,3.42,17.87,,,,,,6.4,5.9,23.8,16.2,,,,,,,,,,3,4.3,,,
135,√ﬂ«≥∑…,2020-07-02,21.2,15.3,543,27.2,1505,,,,,,,5.8,90,1312,3.6,70,1449,1.2,1062,70,16.1,47,1409,74.9,18.3,982.8,1013.4,2350,1008.8,1,1010.7,14.6,6.5,1200,3.34,23.03,,,,,,6.9,3.1,27,15.3,,,,,,,,,,4,5.7,,,
135,√ﬂ«≥∑…,2020-07-03,19.3,16.6,2305,20.9,1218,,.5,2142,2.1,2159,4.9,9.6,90,1239,5.9,70,1244,2.2,1911,70,15.4,63,1024,79.1,17.5,982.7,1013.3,1,1009,1556,1010.9,14.6,0,1200,1.18,8.39,,,,,,10,6,21.9,16.6,,,,,,,,,,1.8,2.5,,,
135,√ﬂ«≥∑…,2020-07-04,19.8,16.4,313,23.9,1448,,.1,,.1,,.1,5.2,140,1422,3.4,160,1424,1.2,1074,140,15.9,57,1516,79.6,18.1,978.9,1009.7,1,1005.1,1754,1006.9,14.6,.6,1100,1.96,13.96,,,,,,8.6,8.3,24.3,16.4,,,,,,,,,,2.5,3.6,,,
135,√ﬂ«≥∑…,2020-07-05,21,17.3,536,25.2,1821,,,,,,,4.6,270,135,3.2,270,203,1.2,1071,360,17,61,1731,78.8,19.4,976.3,1006.7,810,1001.4,1846,1004,14.6,1.6,1100,2.11,14.56,,,,,,7.9,4.5,26.4,17.3,,,,,,,,,,2.5,3.5,,,
135,√ﬂ«≥∑…,2020-07-06,21,16.3,501,26.3,1239,,9.9,1824,31.3,1751,67,5.8,270,1822,3.8,160,902,1.2,996,140,18.4,64,1204,86.1,21.2,973.5,1002.7,41,999.2,1512,1001.2,14.5,1.4,1100,3.22,13.85,,,,,,8.9,6.6,23.7,16.3,,,,,,,,,,2.7,3.9,,,
135,√ﬂ«≥∑…,2020-07-07,23.3,20,2240,27.5,1412,,0,,0,,0,7.5,270,1553,4.3,250,1658,1.7,1472,250,19.4,62,1407,79.6,22.5,975.6,1004.4,2156,1001.6,40,1003.1,14.5,6.1,1300,2.49,19.98,,,,,,4.8,4.1,28.5,20,,,,,,,,,,3.6,5.2,,,
135,√ﬂ«≥∑…,2020-07-08,23.3,18.8,448,28.8,1603,,,,,,,8.2,250,948,5.2,250,818,2.1,1834,250,17.9,49,1608,73.3,20.5,976.5,1005.2,546,1002.2,1601,1004,14.5,8.3,1200,3.8,27.62,,,,,,5.6,1.5,31.8,18.8,,,,,,,,,,4.8,6.8,,,
135,√ﬂ«≥∑…,2020-07-09,23.7,19.1,443,28.4,1545,,.5,2232,.5,2142,.5,9.3,140,1903,5.6,110,1911,2.3,1995,110,18.9,57,1228,75.8,21.8,976.6,1005.4,755,1002.1,1529,1004.1,14.5,4.7,1200,3.28,20.27,,,,,,5.8,5,31.5,19.1,,,,,,,,,,3.7,5.3,,,
135,√ﬂ«≥∑…,2020-07-10,22.2,20.1,549,26.7,1656,,2.1,534,4.7,529,14.5,12.6,90,934,9,70,936,2.3,1972,20,19.7,68,1657,86.5,22.9,973.8,1004.2,1,998.8,1536,1001.3,14.5,1.9,1600,1.83,10.52,,,,,,9.4,,23.3,20.1,,,,,,,,,,2.4,3.4,,,
135,√ﬂ«≥∑…,2020-07-11,24.7,21.2,50,28.8,1457,,.1,,.1,,.1,6.6,270,945,3.8,90,2150,2.1,1855,270,19.3,53,1514,73.1,22.4,978.5,1010.2,2350,1002.1,9,1005.9,14.5,4,1200,2.87,18.96,,,,,,,,32.5,21,,,,,,,,,,3.6,5.1,,,
135,√ﬂ«≥∑…,2020-07-12,19.5,17.5,2354,21.6,121,,3,2037,13.1,2033,49.3,11.3,50,2354,7.8,70,1954,3.8,3251,70,17,76,124,86.1,19.4,982.1,1012.1,948,1008,1933,1010.2,14.5,0,1300,.4,2.71,,,,,,,,20.4,17.5,,,,,,,,,,1.1,1.6,,,
135,√ﬂ«≥∑…,2020-07-13,17.6,16.7,407,18.3,1543,,2.8,1004,10.9,925,83.8,13.6,90,848,7.9,70,233,4.9,4217,70,15.7,87,20,89,17.8,975.4,1008.2,20,1001.7,1743,1003.4,14.4,0,1100,.69,3.42,,,,,,9.7,,18,16.5,,,,,,,,,,1.1,1.6,,,
135,√ﬂ«≥∑…,2020-07-14,18.2,17.4,745,19.3,1509,,.3,210,.6,141,2.7,8.6,50,704,5.2,50,710,2.7,2320,70,16.2,82,1611,88.5,18.5,974.9,1005,2305,1000.4,355,1002.8,14.4,0,1100,1.14,8.82,,,,,,,,20.5,17.4,,,,,,,,,,1.4,2,,,
135,√ﬂ«≥∑…,2020-07-15,18.4,16.7,555,21.1,1644,,.3,207,1.1,239,6.4,5.7,160,1428,4,160,1433,1.2,1069,160,16.5,79,1649,89.4,18.8,977.5,1007.1,2225,1004.4,213,1005.6,14.4,.1,1400,1.31,8.39,,,,,,7.4,7.3,23.1,16.7,,,,,,,,,,1.5,2.2,,,
135,√ﬂ«≥∑…,2020-07-16,21.2,17.4,555,27,1520,,,,,,,4.5,140,1432,2.5,90,1622,.8,708,20,16.5,52,1521,76.8,18.8,978.8,1008.4,2358,1004.5,1723,1006.6,14.4,6.9,1300,3.2,22.87,,,,,,4.5,3.5,31.1,17.4,,,,,,,,,,3.7,5.3,,,
135,√ﬂ«≥∑…,2020-07-17,21.8,17,401,28.3,1614,,,,,,,4.9,90,1203,3.7,90,1807,1.1,985,50,17.3,51,1325,77.4,19.7,980.5,1009.9,845,1006.1,1732,1008.3,14.3,9.1,1200,3.61,25.78,,,,,,2.1,.8,27,17,,,,,,,,,,4.8,6.9,,,
135,√ﬂ«≥∑…,2020-07-18,20.6,16.2,458,25.1,1516,,,,,,,7.6,140,1604,4.8,160,1510,2,1692,50,16.4,53,1534,77.8,18.6,981.3,1010.8,1005,1007.6,1755,1009.3,14.3,5.2,1500,2.72,16.87,,,,,,6.3,5,26.7,16.2,,,,,,,,,,3.1,4.4,,,
135,√ﬂ«≥∑…,2020-07-19,22,19.6,539,24.7,1734,,0,,0,,0,9.9,50,1348,5.4,70,1337,3,2562,70,19.1,76,9,83.8,22.1,979,1009.4,18,1004.7,2353,1006.7,14.3,.7,1700,1.08,6.71,,,,,,9,8.1,22.6,19.5,,,,,,,,,,1.5,2.1,,,
135,√ﬂ«≥∑…,2020-07-20,23.7,21.7,2351,27.8,1346,,4.2,845,17.9,755,23.7,10.3,270,1856,6.8,270,1859,2.4,2080,270,20.8,67,1351,83.9,24.6,978.8,1010.1,2346,1003.2,150,1006.2,14.3,1.1,1300,2.41,9.63,,,,,,9.4,7.9,26.1,21,,,,,,,,,,2.4,3.4,,,
135,√ﬂ«≥∑…,2020-07-21,24.4,21.1,549,29.5,1555,,,,,,,6.5,270,42,4.1,250,2,1.7,1450,230,19,50,1229,73.5,22.1,983.2,1012.4,943,1009.4,1657,1010.8,14.3,7.6,1200,3.68,26.29,,,,,,7.5,5.9,32.6,20.7,,,,,,,,,,4.5,6.4,,,
135,√ﬂ«≥∑…,2020-07-22,21.9,20.5,2249,24.5,124,,3.5,653,8.7,600,42.6,5,90,153,3.2,70,621,1.1,930,160,20.1,80,133,90.1,23.5,981.9,1010.8,32,1008.9,1514,1009.7,14.2,0,1200,.96,5.71,,,,,,10,9.4,25.4,20.5,,,,,,,,,,1.1,1.6,,,
135,√ﬂ«≥∑…,2020-07-23,20.5,20,2302,21.7,837,,3.1,2101,11.5,2022,53.6,14.9,70,1814,8.3,70,1815,3.6,3103,70,18.9,86,1612,90.5,21.8,978,1010.5,706,999.5,2359,1005.9,14.2,0,1200,.38,3.23,,,,,,9.4,8.9,21.6,19.7,,,,,,,,,,1.2,1.7,,,
135,√ﬂ«≥∑…,2020-07-24,20,19,503,21.7,1155,,1.2,1519,4.8,1518,26.3,11.1,50,206,7,70,232,3,2555,70,18.2,83,1320,89.8,20.9,969.6,999.6,1,996.2,558,997.2,14.2,0,1100,.74,4.23,,,,,,,,20.9,19,,,,,,,,,,1,1.4,,,
135,√ﬂ«≥∑…,2020-07-25,21,19.2,10,23.8,1454,,.8,1200,1.4,109,6.8,6.3,50,1404,3.8,50,1408,1.1,964,50,19.2,77,1014,89.5,22.2,974.2,1005.8,2315,998.7,1,1001.9,14.2,.5,1300,1.92,11.02,,,,,,7.6,7.4,25.5,19.2,,,,,,,,,,1.7,2.5,,,
135,√ﬂ«≥∑…,2020-07-26,21.8,20.2,2258,25.8,1521,,1.6,1205,3.3,1201,5.2,3.9,140,1718,2.9,50,1558,.7,586,20,19.8,73,1516,88.8,23.1,979.1,1008.5,2140,1005.1,249,1006.9,14.2,.8,1400,1.89,8.39,,,,,,8.3,7.6,27.3,20.2,,,,,,,,,,1.6,2.3,,,
135,√ﬂ«≥∑…,2020-07-27,21.9,19.6,327,24.5,1431,,.6,2202,1,1750,3,7.1,70,2203,5,70,1824,2,1760,70,19.6,77,1158,87.4,22.8,980.5,1009.3,817,1007.4,1817,1008.3,14.1,0,1400,1.38,8.67,,,,,,10,8.6,25.6,19.6,,,,,,,,,,1.6,2.3,,,
135,√ﬂ«≥∑…,2020-07-28,21.6,20.5,348,22.5,1259,,3.5,230,9.2,1509,30.8,5.3,50,114,3.8,70,132,1.7,1463,70,20.2,88,1019,91.9,23.7,982.6,1012.2,2313,1007.9,103,1010.5,14.1,0,1000,.77,4.38,,,,,,10,9.8,23.1,20.5,,,,,,,,,,.9,1.2,,,
135,√ﬂ«≥∑…,2020-07-29,22.3,21.6,351,23.6,1726,,.9,943,3.4,853,22.6,5.2,50,1236,3.6,50,1240,1,822,50,21,89,1755,92.8,24.9,984.7,1013.7,1033,1011.1,343,1012.5,14.1,0,1600,.39,3.24,,,,,,9,9,23.6,21.6,,,,,,,,,,.7,1,,,
135,√ﬂ«≥∑…,2020-07-30,22.2,20.7,656,25,1520,,16.5,624,29.4,610,54.9,11.6,340,623,4.7,290,617,.9,745,20,20.6,80,1439,91.3,24.3,985.8,1015.6,903,1012.3,406,1013.7,14,.3,1400,1.86,6.1,,,,,,8.7,6.3,25.9,20.7,,,,,,,,,,1.3,1.9,,,
135,√ﬂ«≥∑…,2020-07-31,25,20.7,20,29.6,1447,,.2,,.2,,.2,7.4,250,1159,4.8,250,1203,1.8,1582,250,22,64,1454,84.4,26.5,985.8,1015.2,747,1011.8,1554,1013.4,14,3.2,1300,3.01,15.85,,,,,,9.5,7.3,31.9,20.7,,,,,,,,,,3,4.3,,,
135,√ﬂ«≥∑…,2020-08-01,24.8,22.2,2145,30.1,1305,,.3,1721,.3,1631,.4,6.2,290,1247,3.7,290,1317,.9,796,250,21.5,57,1242,83,25.6,983.3,1013.3,105,1008.7,1902,1010.9,14,4,1200,2.93,17.29,,,,,,8.6,4.8,31.2,22.2,,,,,,,,,,3.1,4.4,,,
135,√ﬂ«≥∑…,2020-08-02,25.4,22.5,1,29.6,1344,,0,,0,,0,6.6,270,1558,4.1,270,1605,1,824,270,22.1,63,1324,82.6,26.5,981.2,1009.8,23,1007.4,1732,1008.6,13.9,.8,1300,1.65,11.15,,,,,,9.4,7.3,28.8,22.5,,,,,,,,,,2.3,3.2,,,
135,√ﬂ«≥∑…,2020-08-03,25.1,21.7,602,30.2,1334,,0,,0,,0,9.2,270,1339,5.3,270,1346,1.1,940,270,21.5,58,1339,81.9,25.6,981.5,1010.4,2349,1008.2,1213,1009,13.9,.5,1100,1.95,12.14,,,,,,9.4,6.4,28.4,21.7,,,,,,,,,,2.6,3.8,,,
135,√ﬂ«≥∑…,2020-08-04,26,21,600,32.3,1458,,,,,,,7.2,140,1758,4.4,140,1806,1.1,923,50,21.8,53,1501,79.5,26.1,983.8,1013.6,2231,1009.5,1759,1011.3,13.9,5.4,1000,3.04,18.82,,,,,,6.9,2.6,34.2,21,,,,,,,,,,3.4,4.8,,,
135,√ﬂ«≥∑…,2020-08-05,25,22.7,236,30,1047,,1,1314,3.3,1418,8.3,6.8,140,1130,4.2,140,1135,1.2,1020,50,22.7,64,1048,87.6,27.6,984.3,1013.4,1,1009.7,2355,1011.9,13.9,.8,1000,2.26,9.52,,,,,,9.7,6.3,27.7,22.7,,,,,,,,,,1.6,2.3,,,
135,√ﬂ«≥∑…,2020-08-06,25.1,23.5,502,28,1605,,1,1710,2,926,5.7,9.3,270,1613,5.2,270,1620,2.2,1940,270,22.5,74,1603,86.3,27.2,978.9,1009.7,1,1004.8,616,1006.3,13.8,.2,1400,1.01,6.63,,,,,,10,9,27.3,23.5,,,,,,,,,,1.6,2.3,,,
135,√ﬂ«≥∑…,2020-08-07,22.2,20.6,2207,24,1238,,4.3,1436,17.3,1506,69.4,5.2,50,1150,3.9,70,1308,1.3,1090,50,20.9,90,105,92.9,24.8,978.9,1008.2,841,1004.7,2344,1006.6,13.8,0,1200,.66,2.6,,,,,,10,9.3,23.5,20.6,,,,,,,,,,.6,.9,,,
135,√ﬂ«≥∑…,2020-08-08,21.9,20.7,143,23.3,2131,,5.5,1,10.1,413,61.9,3.3,140,1,2.4,160,2,.4,364,20,20.8,91,2151,93.9,24.6,976,1004.9,1,1002.7,1621,1003.6,13.8,0,1200,.37,2.26,,,,,,8.8,8,23.6,20.7,,,,,,,,,,.6,.9,,,
135,√ﬂ«≥∑…,2020-08-09,25.5,22.2,526,31.3,1455,,.9,138,2.8,114,5.2,6.1,180,1832,4.2,180,1835,1.1,993,20,21.7,53,1510,81.3,26,976.5,1005.1,959,1002.1,1722,1003.8,13.7,2.9,1200,3.17,15.17,,,,,,8.1,5.1,30.1,22.2,,,,,,,,,,2.8,4,,,
135,√ﬂ«≥∑…,2020-08-10,23.4,22.2,549,26.7,1112,,4.1,1231,16.9,1343,50.9,6.8,270,1849,4.5,250,1649,1.1,938,270,21.9,84,1114,92.1,26.4,976.9,1005.9,942,1001.8,1558,1004.3,13.7,.3,1000,1.35,4.34,,,,,,8.4,7.4,24.7,22.2,,,,,,,,,,1.2,1.7,,,
135,√ﬂ«≥∑…,2020-08-11,24.8,22.2,221,28,1107,,6.3,1940,13,2153,41.8,9.5,270,1235,4.1,270,1402,1.2,1001,20,22.3,73,1526,87.1,27,981.9,1012.3,2204,1005.4,223,1009.3,13.7,1.5,1400,1.69,11.74,,,,,,8.9,7.1,29.5,22.2,,,,,,,,,,2,2.8,,,
135,√ﬂ«≥∑…,2020-08-12,25.9,22.8,511,30.4,1510,,.1,,.1,,.1,3.9,250,1723,2.7,140,1221,.5,448,250,23.6,67,1512,88.3,29.2,984.7,1013.6,656,1010.6,1658,1012.2,13.6,1.5,1400,1.83,12.52,,,,,,8.9,5.6,33,22.8,,,,,,,,,,2.4,3.4,,,
135,√ﬂ«≥∑…,2020-08-13,27,22.1,559,32.2,1522,,,,,,,8.3,270,1347,4.7,270,1327,1,887,250,22.6,57,1253,78.8,27.4,982.1,1012.5,21,1006.5,1803,1009.4,13.6,9.7,1000,2.98,23.45,,,,,,5.8,1.8,34.4,22.1,,,,,,,,,,4,5.8,,,
135,√ﬂ«≥∑…,2020-08-14,27.2,22.1,559,31.5,1630,,.3,1338,.3,1248,.3,10.7,270,1328,6.1,250,1254,3,2617,270,22.4,62,1653,76.4,27.2,978.8,1007.5,235,1004.2,1622,1006.1,13.6,8.7,1200,2.91,21.37,,,,,,6.3,1.3,32.7,22.1,,,,,,,,,,4.4,6.3,,,
135,√ﬂ«≥∑…,2020-08-15,27.9,23.5,612,32.2,1504,,,,,,,9.8,250,1216,5.8,250,1211,2.3,1997,270,22.5,59,1321,74,27.3,981,1010.3,2141,1006.4,140,1008.2,13.5,9.5,1300,3.07,21.34,,,,,,6,3.1,32.7,23.5,,,,,,,,,,4.4,6.3,,,
135,√ﬂ«≥∑…,2020-08-16,26.7,21.4,450,32.3,1507,,,,,,,9,270,1332,4.9,290,1338,1.7,1438,270,21.2,54,1627,73.6,25.2,983.3,1012.2,2347,1009,1458,1010.7,13.5,11.7,1200,3.63,26.44,,,,,,4.9,.4,34.2,21.4,,,,,,,,,,4.9,7,,,
135,√ﬂ«≥∑…,2020-08-17,25.8,22.3,2332,30.9,1548,,,,,,,6.1,250,1426,3.9,250,1411,1.5,1282,250,21.6,56,1540,78.6,25.7,985.7,1014.6,928,1011.9,1734,1013.2,13.5,8.9,1300,3.09,21.46,,,,,,5.8,2.9,32.2,23.8,,,,,,,,,,4,5.7,,,
135,√ﬂ«≥∑…,2020-08-18,26.1,21.6,308,31.8,1532,,,,,,,7.6,250,1245,4.9,250,1251,1.7,1441,250,21.3,51,1510,77.1,25.4,984.7,1014.4,823,1009.8,1800,1012.2,13.4,9.4,1200,3.41,25.1,,,,,,1.9,1.3,32.6,21.6,,,,,,,,,,5,7.1,,,
135,√ﬂ«≥∑…,2020-08-19,26.9,22,115,32.2,1540,,,,,,,8.2,250,608,5.6,250,1045,2.5,2123,270,21.7,50,1308,75,25.9,983.1,1012,828,1008,1659,1010.5,13.4,10.6,1200,3.41,25.89,,,,,,2.1,1.8,34.4,22,,,,,,,,,,5.1,7.3,,,
135,√ﬂ«≥∑…,2020-08-20,26.6,22.5,307,32.9,1608,,,,,,,6.7,250,902,4.5,250,903,1.8,1557,250,21.1,43,1427,74.1,25,984.1,1013.2,2352,1009.4,1515,1011.5,13.4,10.2,1200,3.38,25.81,,,,,,1.9,1.1,33.9,22.5,,,,,,,,,,4.6,6.6,,,
135,√ﬂ«≥∑…,2020-08-21,26,21.6,508,31.8,1536,,,,,,,5.2,270,1436,3.3,70,2345,.9,814,20,21.4,49,1618,77.4,25.5,985.8,1015,906,1011.7,1713,1013.3,13.3,7.2,1200,3.45,20.86,,,,,,3.8,2.1,32.2,21.6,,,,,,,,,,4.1,5.8,,,
135,√ﬂ«≥∑…,2020-08-22,24.1,22.2,2314,29.3,1345,,.4,1540,.4,1450,.7,6.2,140,1337,3.9,90,12,2.2,1915,90,20.8,60,1350,82.8,24.7,984.5,1014.6,926,1009.4,1821,1012.1,13.3,4.2,1300,2.55,10.56,,,,,,8.8,7.5,26.3,22.2,,,,,,,,,,2.4,3.5,,,
135,√ﬂ«≥∑…,2020-08-23,24.9,21,614,30.5,1430,,,,,,,6.3,250,1144,3.8,250,1151,1.3,1134,230,19.8,50,1608,75.6,23.1,980.4,1010.7,6,1005.4,1635,1007.9,13.3,10.5,1200,3.41,25.61,,,,,,4.3,1.8,32.9,21,,,,,,,,,,4.7,6.7,,,
135,√ﬂ«≥∑…,2020-08-24,25.2,19.6,601,30.5,1617,,,,,,,4.9,90,1240,3.3,90,1305,1.2,1027,50,21.1,62,1421,79.4,25.1,977.7,1007.7,1,1002.8,1720,1005.1,13.2,7.3,1100,2.91,18.29,,,,,,5.1,2.9,30.6,19.6,,,,,,,,,,3.3,4.7,,,
135,√ﬂ«≥∑…,2020-08-25,25.7,20.8,541,32.2,1250,,1.5,1522,2.1,1513,2.4,10.3,180,1518,5.5,180,1522,1.1,992,20,22,50,1236,81.5,26.5,977.7,1006.3,807,1003.7,1729,1005.1,13.2,8,1100,3.14,19.29,,,,,,5.3,.9,30.8,20.8,,,,,,,,,,3.5,4.9,,,
135,√ﬂ«≥∑…,2020-08-26,25.7,23.1,135,30.1,1306,,4.8,1151,10.9,1057,24.6,15.5,70,1504,9,70,1508,3.8,3299,90,22.3,65,1635,81.9,26.9,974.9,1006.2,1,998.7,2400,1002.1,13.2,1.4,1200,1.77,10.56,,,,,,8,6.8,28,23.1,,,,,,,,,,2.9,4.2,,,
135,√ﬂ«≥∑…,2020-08-27,26.9,24.1,220,30.5,1506,,7.4,149,18.5,133,21.2,14.4,90,59,7.9,110,59,2.7,2318,140,23.1,67,1203,80.8,28.3,975.5,1006.6,2323,998.5,57,1002.6,13.1,3.9,1100,3.09,15.81,,,,,,8.3,5.3,31.8,24,,,,,,,,,,2.9,4.2,,,
135,√ﬂ«≥∑…,2020-08-28,25.9,23.3,2311,31.3,1346,,1.4,1524,1.9,1501,1.9,8.1,250,1722,5.3,160,1507,1.5,1291,70,22.6,61,1321,83.1,27.4,979.7,1009.1,2311,1005.1,1502,1007.1,13.1,5.2,1200,3.53,18.12,,,,,,9,6.5,31,23.3,,,,,,,,,,3.5,4.9,,,
135,√ﬂ«≥∑…,2020-08-29,25.3,22.7,453,30.9,1355,,10.6,1525,25.2,1521,31.6,8.7,270,1434,6.2,270,1535,1.2,1054,20,22.8,63,1357,87,27.8,981.6,1011.1,2304,1007.2,1411,1009.1,13.1,2.8,1300,2.62,14.93,,,,,,7.9,7.1,30.2,22.7,,,,,,,,,,2.6,3.7,,,
135,√ﬂ«≥∑…,2020-08-30,26,23,612,31.3,1346,,1.6,28,3,10,3.6,9.5,50,2114,5.2,50,2028,1.8,1538,270,22.9,61,1321,84.1,27.9,983.2,1012.6,2344,1008.6,1554,1010.7,13,4.7,1300,3.24,17.54,,,,,,7.8,7.1,31.3,23,,,,,,,,,,3.3,4.8,,,
135,√ﬂ«≥∑…,2020-08-31,23.5,22,2354,26.1,1211,,1.3,145,3.3,117,3.5,8.5,90,1955,5.4,70,2028,2.5,2178,70,20.5,74,1217,83.8,24.2,985,1013.8,923,1011.7,1632,1012.7,13,0,1100,1.24,7.49,,,,,,6.5,6.4,26.2,22,,,,,,,,,,1.9,2.7,,,
135,√ﬂ«≥∑…,2020-09-01,23.3,19.2,515,27,1348,,.2,,.2,,.2,6.5,70,1102,4.1,70,1424,2,1731,70,19.9,69,1342,82.1,23.4,981.8,1013.2,23,1007.4,1559,1009.5,12.9,.7,1300,2.51,11.97,,,,,,6.5,5.9,27.6,19.2,,,,,,,,,,2.1,3,,,
135,√ﬂ«≥∑…,2020-09-02,23.2,22.5,128,24.5,1734,,4.1,1024,9.4,938,45.9,14.9,50,2326,8.7,50,2348,4.2,3621,50,21.4,85,1949,89.8,25.5,973,1008.3,1,986,2400,1000.3,12.9,0,1200,.34,2.28,,,,,,10,9,23.7,22.5,,,,,,,,,,1.4,2.1,,,
135,√ﬂ«≥∑…,2020-09-03,22.2,17.3,2355,27.2,1600,,3.3,648,16,230,78,22.4,270,455,13.7,270,619,6.4,5557,270,17.7,55,1322,76.5,20.3,969.4,1010.6,2357,974.5,407,996.8,12.9,5.5,1300,2.97,18.87,,,,,,5.1,4.5,25.6,17.3,,,,,,,,,,3.9,5.5,,,
135,√ﬂ«≥∑…,2020-09-04,20.6,14.8,607,27.5,1517,,,,,,,9.1,250,1204,5.2,250,1042,1.5,1305,250,14.7,35,1434,72.4,16.8,984.6,1014.8,2230,1010.5,14,1012.7,12.8,10.7,1100,3.11,23.86,,,,,,3,.3,27.4,14.8,,,,,,,,,,4.5,6.5,,,
135,√ﬂ«≥∑…,2020-09-05,19.2,16.6,423,23,1431,,.1,,.2,,.2,7.4,70,2103,4.8,90,1230,1.6,1351,90,16.1,61,1426,82.9,18.3,985.7,1015.4,1107,1012.4,1835,1013.9,12.8,0,1400,1.29,7.15,,,,,,9.9,7.8,23.7,16.6,,,,,,,,,,1.5,2.2,,,
135,√ﬂ«≥∑…,2020-09-06,18.6,17.1,316,20.6,1108,,2.4,1816,5.5,2208,17.1,9.1,20,2352,4.9,90,2052,1.6,1387,70,16.4,78,948,87.3,18.7,979.6,1013.8,9,999.8,2400,1007.7,12.8,0,900,.99,4.17,,,,,,10,8.3,21.4,17.1,,,,,,,,,,1.1,1.6,,,
135,√ﬂ«≥∑…,2020-09-07,19.1,17.2,932,21.2,2234,,3.7,959,11.7,913,49.9,19.7,270,1239,12.6,270,1143,6.5,5627,270,16.2,70,2229,84.1,18.4,963.6,1003,2358,979.5,1017,991.2,12.7,0,1300,1.43,6.67,,,,,,8.6,8.3,19.1,17.2,,,,,,,,,,2.3,3.2,,,
135,√ﬂ«≥∑…,2020-09-08,22.1,17.5,2332,26.5,1358,,,,,,,11.7,250,1011,7.6,270,1017,3.1,2709,250,16.2,51,1531,70.6,18.4,981.9,1013.2,2225,1003,1,1009.7,12.7,9.4,1200,2.88,20.78,,,,,,3.6,1.1,26.2,17.5,,,,,,,,,,3.9,5.5,,,
135,√ﬂ«≥∑…,2020-09-09,20.1,16.7,533,25.7,1548,,5.4,2132,9.7,2115,16.3,12.2,270,237,6.1,270,239,1.9,1618,270,16,50,1621,79.1,18.2,982.3,1013.9,241,1007,1555,1010.3,12.6,5.8,1300,3.05,17.04,,,,,,7.6,4.9,25.7,16.7,,,,,,,,,,3.1,4.4,,,
135,√ﬂ«≥∑…,2020-09-10,20,16.2,548,25.7,1524,,,,,,,4.8,50,2320,3,20,2325,.8,656,20,16.4,49,1512,81.4,18.6,981.3,1012,2352,1007.9,1540,1009.3,12.6,5.8,1300,2.28,16.42,,,,,,8.3,4.9,26.9,16.2,,,,,,,,,,2.7,3.9,,,
135,√ﬂ«≥∑…,2020-09-11,19.3,16.5,2326,22.5,1356,,.5,2252,2,2256,4,8.8,50,1905,5.4,70,1912,2,1701,70,16.7,71,1907,85.1,19,985.9,1016.2,2251,1011.2,22,1014.1,12.6,0,1300,1.51,6.13,,,,,,10,6.4,21,16.5,,,,,,,,,,1.4,2,,,
135,√ﬂ«≥∑…,2020-09-12,17.9,16.2,512,21.7,1448,,1.2,455,4.6,440,12.9,7.6,50,52,4.9,70,100,1.2,1028,160,15.7,72,1441,87.4,17.9,986.3,1016.1,2152,1012.7,1436,1014.6,12.5,0,1200,1.3,7.03,,,,,,5.8,5.4,21.8,16.2,,,,,,,,,,1.3,1.9,,,
135,√ﬂ«≥∑…,2020-09-13,19.5,15.8,2340,25.5,1526,,,,,,,6.1,250,1225,3.6,250,1229,1.1,928,20,15.1,50,1617,77.8,17.2,986.5,1016,702,1012.6,1454,1014.7,12.5,8,1300,3.39,22.29,,,,,,5.5,3.9,26.3,15.8,,,,,,,,,,3.8,5.4,,,
135,√ﬂ«≥∑…,2020-09-14,19.3,13.6,608,25,1358,,,,,,,8,270,1319,4.9,250,1208,1.7,1477,250,14.5,50,1417,76.4,16.6,985.9,1015.7,703,1011.8,1600,1014.1,12.5,10.3,1100,3.27,22.07,,,,,,3.3,1,24,13.6,,,,,,,,,,3.6,5.2,,,
135,√ﬂ«≥∑…,2020-09-15,21,15.4,655,26.6,1425,,,,,,,6,70,1214,4,140,1451,1.3,1103,70,16.4,54,1426,76.6,18.7,984.5,1014.9,7,1010.4,1720,1012.5,12.4,6.9,1100,2.77,18.2,,,,,,6.6,5.3,25.8,15.4,,,,,,,,,,3,4.3,,,
135,√ﬂ«≥∑…,2020-09-16,19.9,18.2,449,22,1341,,.3,1931,.7,1015,1.6,5.3,140,1007,3.3,140,1015,1.2,1062,20,17.7,75,1353,87.5,20.3,981.6,1011.9,11,1007.5,1754,1009.6,12.4,0,1300,1.27,6.69,,,,,,8,7.1,23.4,18.2,,,,,,,,,,1.2,1.8,,,
135,√ﬂ«≥∑…,2020-09-17,20,17,2400,23.7,1331,,.3,2318,.6,2243,.6,7.2,290,1950,4.3,270,2256,1.6,1410,250,17,60,1353,83.3,19.4,981.9,1011.1,1009,1008.4,1358,1009.9,12.3,.2,1300,1.79,7.84,,,,,,10,6.3,23,17,,,,,,,,,,1.7,2.4,,,
135,√ﬂ«≥∑…,2020-09-18,18.7,13.8,2321,23.7,1531,,.1,,.1,,.1,9.7,250,1439,6.2,250,1621,2.7,2327,270,12.7,38,1536,70.1,14.8,985,1016.4,2353,1011.1,1,1013.2,12.3,4.2,1500,2.11,15.31,,,,,,6.5,3.1,23.1,13.8,,,,,,,,,,3.4,4.8,,,
135,√ﬂ«≥∑…,2020-09-19,18.5,11.3,639,24.9,1359,,,,,,,11.6,270,1200,7.2,250,1505,2.6,2210,270,12.1,39,1607,68.8,14.2,987.1,1017.1,652,1012.8,1522,1015.4,12.3,7.8,1100,3.05,19.14,,,,,,3.8,2.6,22.1,11.3,,,,,,,,,,4.1,5.9,,,
135,√ﬂ«≥∑…,2020-09-20,16.7,10.5,2251,23.4,1548,,,,,,,11.1,230,1113,6.2,250,1052,2.6,2212,290,9.2,32,1651,64.6,11.7,988.3,1019.4,2400,1014.9,1513,1016.9,12.2,10.6,1200,3.07,20.87,,,,,,0,0,21.4,10.5,,,,,,,,,,3.8,5.4,,,
135,√ﬂ«≥∑…,2020-09-21,14.8,8.4,613,21.7,1523,,,,,,,5.8,90,1412,3.6,90,1413,1.2,1007,70,8.5,33,1438,70,11.2,989.6,1020.1,2336,1016.4,1635,1018.5,12.2,9.4,1400,2.54,17.9,,,,,,2.8,0,20.7,8.4,,,,,,,,,,2.8,4,,,
135,√ﬂ«≥∑…,2020-09-22,15.2,11,528,21.5,1429,,,,,,,9,70,1304,6.1,70,1313,2,1688,70,10.8,53,1432,76.3,13,989.9,1020.2,41,1015.8,1525,1018.7,12.2,2.9,1300,2.87,13.76,,,,,,7.1,4,18.5,11,,,,,,,,,,2.4,3.5,,,
135,√ﬂ«≥∑…,2020-09-23,16.4,10.1,236,20.7,1320,,,,,,,9.7,70,1220,6.1,90,1227,2.3,1983,70,11.1,57,1331,72,13.3,988.8,1019.1,128,1015.8,1502,1017.4,12.1,1,1200,2.31,10.68,,,,,,8.6,8,18.7,10.1,,,,,,,,,,2.2,3.2,,,
135,√ﬂ«≥∑…,2020-09-24,17,12.8,2353,22.3,1309,,,,,,,7.3,50,1551,4.6,90,1330,1.8,1528,50,12.5,58,1254,75.8,14.5,986.2,1017.4,121,1012.5,1527,1014.7,12.1,1.7,1200,2.81,11.53,,,,,,5.8,5,21.2,12.8,,,,,,,,,,2.2,3.1,,,
135,√ﬂ«≥∑…,2020-09-25,16.8,11.6,309,23.6,1306,,,,,,,7.5,110,1135,5.3,90,1139,1.8,1548,50,12.3,54,1259,76,14.4,984,1015,2159,1010.2,1358,1012.4,12.1,3.6,900,2.19,13.35,,,,,,6.5,5.6,19.9,11.6,,,,,,,,,,2.3,3.3,,,
135,√ﬂ«≥∑…,2020-09-26,16.3,10.6,524,22.6,1413,,,,,,,7.6,90,1329,4.7,90,1322,1.2,1004,50,11.2,49,1523,73.8,13.3,987,1018.2,2342,1013.9,1451,1015.6,12,7.8,1100,3.07,17.69,,,,,,3.9,1.9,21.6,10.6,,,,,,,,,,3,4.3,,,
135,√ﬂ«≥∑…,2020-09-27,16.2,11,636,22.6,1512,,,,,,,5.5,180,1003,3.8,70,1324,1.3,1085,20,11.2,46,1602,74.4,13.3,989.9,1019.9,717,1016.3,1544,1018.5,12,8.2,1100,2.97,16.75,,,,,,1.1,.6,20.3,11,,,,,,,,,,2.6,3.8,,,
135,√ﬂ«≥∑…,2020-09-28,15,9.1,612,22.8,1452,,,,,,,6.3,70,1219,3,180,1515,1,825,20,9.8,36,1422,74.8,12.2,988.4,1020,37,1014.6,1601,1017.2,11.9,10.8,1300,2.86,20.79,,,,,,2.3,0,20.2,9.1,,,,,,,,,,3.4,4.9,,,
135,√ﬂ«≥∑…,2020-09-29,15.2,8.1,644,23.9,1415,,,,,,,5.7,250,1436,3.6,250,1135,1.1,919,50,9.8,42,1348,73.4,12.2,983,1016.1,24,1008,1520,1011.6,11.9,7.7,1200,2.92,18.32,,,,,,4,1.6,18.3,8.1,,,,,,,,,,3,4.2,,,
135,√ﬂ«≥∑…,2020-09-30,16.2,10.6,544,23,1436,,,,,,,5.1,140,1123,3.7,140,1127,1.1,938,90,10.6,38,1124,72.6,12.8,982.2,1012.9,2332,1008.5,1542,1010.6,11.9,8.2,1200,2.93,17.51,,,,,,5.4,2.4,20.8,10.6,,,,,,,,,,2.9,4.2,,,
135,√ﬂ«≥∑…,2020-10-01,16.9,10.8,657,23.1,1513,,,,,,,5.3,160,1520,3.9,70,1438,1.2,1004,50,12.5,52,1515,77,14.5,985.3,1015.4,842,1011.6,1527,1013.8,11.8,8.2,1100,2.57,17.7,,,,,,5.8,4.9,22.5,10.8,,,,,,,,,,2.8,4,,,
135,√ﬂ«≥∑…,2020-10-02,18.4,12.6,637,24.4,1447,,,,,,,8.2,270,1137,4.8,250,1201,1.3,1089,270,12.5,44,1311,71.3,14.5,986.5,1016.4,803,1012.6,1443,1014.9,11.8,7.5,1200,2.94,17.45,,,,,,7.3,3.5,23.5,12.6,,,,,,,,,,3.2,4.6,,,
135,√ﬂ«≥∑…,2020-10-03,18.1,14.5,501,23.2,1445,,.3,312,.7,247,1,6.3,250,1400,4.4,250,1409,1.2,1010,250,14.8,61,1406,81.9,16.8,986.6,1017.1,930,1012.5,1426,1014.9,11.7,2.2,1300,2.52,10.71,,,,,,9.3,6.6,23.5,14.5,,,,,,,,,,1.8,2.6,,,
135,√ﬂ«≥∑…,2020-10-04,17.1,12.1,2352,20.3,1146,,.4,652,.6,608,.9,10.6,250,1312,5.9,250,1326,2.9,2509,270,11.9,53,2208,72.5,14.3,983.5,1014.7,2355,1009,1457,1011.9,11.7,.5,1100,1.81,7.9,,,,,,9.6,7.8,20,12.1,,,,,,,,,,2.5,3.6,,,
135,√ﬂ«≥∑…,2020-10-05,12.6,7.6,613,17.8,1437,,,,,,,12.5,320,1358,7.4,270,19,3.7,3226,270,2.9,40,1343,52.6,7.6,988.5,1020.2,2310,1014.7,1,1017.5,11.7,9.5,1100,2.87,18.45,,,,,,3.8,1.8,16.3,7.6,,,,,,,,,,3.4,4.9,,,
135,√ﬂ«≥∑…,2020-10-06,11.5,4.8,620,18.7,1418,,,,,,,7.9,230,1339,5.4,250,1146,2.2,1899,250,4.7,31,1647,66.3,8.5,992.7,1024.9,2359,1019.4,1449,1022,11.6,10.4,1200,2.91,20.09,,,,,,3.6,2.9,15.2,4.8,,,,,,,,,,3.4,4.9,,,
135,√ﬂ«≥∑…,2020-10-07,14.4,7,647,20.3,1403,,,,,,,8.8,70,1416,5.8,70,1418,2.5,2202,50,7.9,41,1300,67.5,10.7,996,1026.8,747,1022.4,1526,1025.1,11.6,7.5,1200,2.79,17.7,,,,,,6.5,5.6,19.1,7,,,,,,,,,,3.4,4.9,,,
135,√ﬂ«≥∑…,2020-10-08,15.2,10.2,615,20.2,1443,,,,,,,13,70,1303,7.6,90,1305,3.8,3291,70,6.4,34,1525,58.3,9.7,997,1027.9,941,1024,1410,1026,11.6,9.7,1200,2.74,19.04,,,,,,2.6,2.4,18.1,10.2,,,,,,,,,,4.7,6.7,,,
135,√ﬂ«≥∑…,2020-10-09,16.2,12.5,220,20.9,1415,,,,,,,11.8,50,1320,7.3,70,1334,4.1,3518,90,7.1,42,1417,55.6,10.1,993.8,1025.7,1,1020.2,1522,1022.6,11.5,8.4,1200,2.84,17.44,,,,,,5.1,4.1,18.6,11.6,,,,,,,,,,3.6,5.2,,,
135,√ﬂ«≥∑…,2020-10-10,15,9.1,658,21.2,1441,,,,,,,7,90,1016,4.9,90,1017,1.6,1354,50,8.4,43,1436,66.5,11,990.4,1021.6,21,1016.3,1649,1019.2,11.5,9.4,1200,2.74,18.44,,,,,,6.1,4.3,19.3,9.1,,,,,,,,,,3.3,4.7,,,
135,√ﬂ«≥∑…,2020-10-11,14,7.4,649,19.4,1219,,,,,,,6,160,1128,3.9,90,1039,1.3,1152,20,8.8,51,1226,72.9,11.4,987.5,1019.6,8,1013.6,1518,1016.4,11.4,5.9,1100,2.57,13.69,,,,,,5.1,3.4,18,7.4,,,,,,,,,,2.1,2.9,,,
135,√ﬂ«≥∑…,2020-10-12,15.4,10.8,103,20.5,1312,,0,,0,,0,10.2,230,1335,7,250,1401,2.4,2058,250,9.8,40,1448,71.9,12.2,986.3,1017.2,2348,1012.6,1544,1014.9,11.4,5.1,1300,2.44,12.44,,,,,,6.9,5.3,17.2,10.8,,,,,,,,,,2.6,3.7,,,
135,√ﬂ«≥∑…,2020-10-13,11.9,7.4,2334,16.4,1338,,,,,,,11.1,270,1251,6.6,250,1252,3.2,2795,270,3.1,30,1317,57.1,7.7,991.2,1024,2233,1017,1,1020.5,11.4,5.8,1000,2.23,13.92,,,,,,4.9,2.3,13.6,7.4,,,,,,,,,,2.8,4,,,
135,√ﬂ«≥∑…,2020-10-14,10.7,5.5,337,16.8,1516,,,,,,,7.8,230,1612,5.2,250,1614,1.8,1574,270,4.1,37,2006,65,8.3,995.3,1026.2,632,1022.4,1700,1024.7,11.3,2.8,1500,1.5,6.9,,,,,,7.1,3.8,13.9,5.5,,,,,,,,,,1.9,2.7,,,
135,√ﬂ«≥∑…,2020-10-15,10.9,3.1,621,18.2,1421,,,,,,,6.7,270,243,4.8,270,241,2.4,2070,250,.2,24,1345,50,6.2,995.6,1027.3,724,1022.4,1459,1025.1,11.3,9.5,1200,2.67,17.87,,,,,,6.3,3.8,15.3,2.5,,,,,,,,,,3.4,4.8,,,
135,√ﬂ«≥∑…,2020-10-16,9.7,3.2,530,15.8,1409,,,,,,,4.6,250,1529,3.2,250,1533,.9,740,250,4.3,40,1311,70.5,8.4,994.2,1026.4,802,1021.4,1646,1023.8,11.3,.5,1200,1.09,7.15,,,,,,8,3.5,12.4,3.2,,,,,,,,,,1.2,1.8,,,
135,√ﬂ«≥∑…,2020-10-17,10.5,4.4,638,17.7,1328,,,,,,,9.1,250,1345,6.2,250,1418,1.9,1620,250,5.3,43,1420,73,9,993.8,1025.1,2327,1020.8,1435,1023.3,11.2,10.1,1200,2.66,17.29,,,,,,1.4,.8,13.5,4.3,,,,,,,,,,2.9,4.1,,,
135,√ﬂ«≥∑…,2020-10-18,10.6,2.7,619,18.2,1403,,,,,,,9.7,250,1411,5.7,250,1041,2.3,1944,250,3.3,35,1407,64.6,7.8,994.5,1026,812,1020.9,1447,1024,11.2,10.2,1200,2.65,18.03,,,,,,.8,0,11.7,2.2,,,,,,,,,,3.3,4.7,,,
135,√ﬂ«≥∑…,2020-10-19,11.1,4.2,508,20.1,1500,,,,,,,6.1,70,1158,3.8,70,1216,1.2,1013,70,4.4,28,1400,68.4,8.4,995.6,1027.6,2354,1022,1443,1025,11.1,9.8,1100,2.48,16.15,,,,,,1.8,0,14.6,3.7,,,,,,,,,,2.8,4,,,
135,√ﬂ«≥∑…,2020-10-20,11.1,3.5,652,20.2,1404,,,,,,,6.1,70,1238,3.9,70,1212,1.2,1008,90,3.3,22,1523,64.4,7.8,996.7,1029.3,755,1023.8,1609,1026.2,11.1,10,1200,2.55,16.54,,,,,,1.4,0,14.2,3,,,,,,,,,,3,4.3,,,
135,√ﬂ«≥∑…,2020-10-21,10.7,5.9,410,15.5,1236,,.7,1747,1.6,1704,3.1,6.9,180,1502,3.4,140,1504,1,878,20,7.8,58,1240,83,10.7,990.7,1025.2,29,1016.7,2320,1020.1,11.1,.1,1200,1.25,5.3,,,,,,9.6,7.8,12.1,5.5,,,,,,,,,,.9,1.3,,,
135,√ﬂ«≥∑…,2020-10-22,11.4,8.2,613,16.5,1326,,,,,,,12.8,270,2217,8.4,270,2335,2.7,2293,270,6.9,53,1850,76,10.2,984.5,1016.9,38,1010.5,1516,1013.6,11,2.2,1200,1.81,9.68,,,,,,7.1,5,13.7,7.1,,,,,,,,,,2.2,3.2,,,
135,√ﬂ«≥∑…,2020-10-23,9,6.4,2339,13.5,1410,,,,,,,15.5,270,1434,9,250,1438,4.6,3989,270,-1.1,26,1632,51,5.7,984.7,1016.5,2256,1011.4,1421,1014.1,11,9.8,1200,2.63,16.43,,,,,,.4,.3,10.7,4.5,,,,,,,,,,3.5,5.1,,,
135,√ﬂ«≥∑…,2020-10-24,8.6,5.1,559,13.1,1330,,,,,,,15.5,270,1435,10.2,270,902,6.1,5306,270,-3.1,23,1343,45.9,5,988.5,1020,2326,1016.1,116,1018.1,11,10.2,1100,2.59,16.95,,,,,,0,0,10,3,,,,,,,,,,4.2,6,,,
135,√ﬂ«≥∑…,2020-10-25,12.2,6.4,416,17.5,1432,,,,,,,14.2,270,946,7.8,250,1133,3.9,3350,270,3.8,35,1434,58.1,8,990.6,1021.4,856,1017.5,1639,1019.8,10.9,8.7,1200,2.54,15.4,,,,,,3.8,2.3,12.6,4.9,,,,,,,,,,3.2,4.5,,,
135,√ﬂ«≥∑…,2020-10-26,10.9,3.9,716,18.6,1512,,,,,,,8.3,270,927,5.4,250,1037,2.3,1994,250,4.1,32,1354,66,8.2,990.6,1022.2,756,1017.3,1408,1019.9,10.9,9.4,1100,2.4,15.1,,,,,,2.1,.9,13.5,3.7,,,,,,,,,,2.7,3.8,,,
135,√ﬂ«≥∑…,2020-10-27,11.6,3.2,510,20.2,1424,,,,,,,7.9,250,1605,5.5,250,1610,1.5,1330,250,4.6,30,1350,66,8.5,991.8,1023.4,809,1018.4,1408,1021.1,10.9,9,1200,2.26,14.15,,,,,,3,1,12.9,3,,,,,,,,,,2.8,4.1,,,
135,√ﬂ«≥∑…,2020-10-28,12.8,9.8,427,18.3,1520,,,,,,,11.7,270,1441,7.5,250,1249,3,2624,250,3.5,28,1918,55.6,8.2,992.9,1024,2330,1019.4,1438,1022.1,10.8,4.7,1300,2.25,10.22,,,,,,6.6,3,14.7,7,,,,,,,,,,3,4.3,,,
135,√ﬂ«≥∑…,2020-10-29,8.6,2,541,15.4,1518,,,,,,,7.3,320,5,4.8,250,1435,2.2,1858,250,-3,23,1410,46.3,4.9,994.1,1026.2,830,1021.1,1451,1023.8,10.8,8.9,1000,2.28,13.35,,,,,,5,1.6,10.7,1.2,,,,,,,,,,2.5,3.6,,,
135,√ﬂ«≥∑…,2020-10-30,8.1,-.3,655,16.8,1443,,,,,,,7,70,1143,4.9,70,1138,1.2,1079,90,1.2,36,1341,64.6,6.7,996,1028.4,2226,1023.5,1442,1025.8,10.8,9.6,1100,2.29,14.46,,,,,,.3,0,10.8,-.3,,,,,,,,,,2.3,3.3,,,
135,√ﬂ«≥∑…,2020-10-31,9.5,2.9,643,17.1,1350,,,,,,,5.3,160,1103,3.3,180,1116,.9,753,180,4.2,37,1341,72.1,8.2,995.8,1029.2,746,1022.1,1535,1025.5,10.7,8.4,1200,2.25,13.21,,,,,,6.6,3.3,11.2,2,,,,,,,,,,1.9,2.8,,,
135,√ﬂ«≥∑…,2020-11-01,10.7,8.3,15,12.6,1440,,,,,,3,8.7,270,1234,5,270,1241,.9,807,250,8.4,78,401,86.4,11.1,991.6,1023.2,15,1019.2,1541,1021,10.7,0,1200,.66,3.41,,,,,,10,9.1,12.4,8.3,,,,,,,,,,.7,1,,,
135,√ﬂ«≥∑…,2020-11-02,9.7,1.3,2359,15.6,1452,,,,,,,10.1,250,1408,6.8,250,1409,2.3,2005,250,1.8,22,1455,63,7.5,990.8,1021.9,845,1018.4,1439,1020.3,10.7,6.1,1200,2.19,12.18,,,,,,4.1,.9,11.3,1.3,,,,,,,,,,2.7,3.8,,,
135,√ﬂ«≥∑…,2020-11-03,4.6,.3,133,8.4,1309,,,,,,.4,17.7,270,1438,9.1,270,1451,4.4,3828,270,-5.5,24,847,50.6,4.2,991.1,1023.4,2358,1018.4,1445,1021.2,10.6,7.8,1100,2.34,14.13,,,,,,1.6,1.4,5.7,.3,,,,,,,,,,3,4.2,,,
135,√ﬂ«≥∑…,2020-11-04,3.5,-1.3,2322,9.4,1439,,,,,,,15,250,539,8.5,270,525,4.5,3925,250,-9.8,17,1129,40.6,3,995.1,1027.8,2321,1023.1,1426,1025.4,10.6,9.9,1200,2.46,15.67,,,,,,0,0,4.6,-2,,,,,,,,,,3.1,4.4,,,
135,√ﬂ«≥∑…,2020-11-05,6.8,-3.4,706,16.7,1513,,,,,,,5.5,160,1517,3.8,160,1532,1.1,949,160,-3.1,25,1356,51.8,4.9,997.4,1030,727,1024.5,1514,1027.5,10.6,8.3,1200,2.3,14.01,,,,,,5.4,4,10.3,-3.4,,,,,,,,,,2.3,3.3,,,
135,√ﬂ«≥∑…,2020-11-06,9.5,6.5,716,14.1,1532,,,,,,0,3.6,160,1248,2.3,160,1135,.7,617,160,2.8,42,1044,64.1,7.5,992.6,1026.8,2,1019.3,1735,1022.1,10.5,0,1000,.72,4.03,,,,,,9.1,8.1,11.6,6.1,,,,,,,,,,1,1.4,,,
135,√ﬂ«≥∑…,2020-11-07,13.7,7.1,25,18.9,1318,,,,,,,12.7,270,1452,7.8,270,1456,3.6,3091,270,4.7,33,1927,57.9,8.9,988.9,1020.1,1,1014.8,1438,1017.8,10.5,6.5,1000,1.75,11.13,,,,,,3.5,1.6,14.5,6.1,,,,,,,,,,3.2,4.6,,,
135,√ﬂ«≥∑…,2020-11-08,9.8,4.6,2400,14.4,1251,,,,,,,14.8,250,1130,9.4,250,1133,4.7,4063,270,-4.1,10,1551,41.5,5.1,991.8,1024.8,2345,1018.9,1310,1021.3,10.5,9.7,1200,2.25,14.22,,,,,,1.1,1,12.2,3,,,,,,,,,,4.4,6.3,,,
135,√ﬂ«≥∑…,2020-11-09,5.9,-1.3,649,10.2,1425,,,,,,,13.3,290,11,8.7,290,0,3.2,2794,270,-8.7,18,1237,35.5,3.3,995.3,1027.1,732,1023.4,1454,1025.3,10.4,8.3,1200,2.32,14.31,,,,,,2,2,7.7,-2.3,,,,,,,,,,3,4.3,,,
135,√ﬂ«≥∑…,2020-11-10,7.7,2.2,650,12,1324,,,,,,,11.4,270,1418,7.7,250,1423,3.1,2661,250,-4.8,24,1358,42.5,4.3,998.1,1030.9,2307,1025.1,19,1028,10.4,9.8,1200,2.29,14.15,,,,,,1.1,1.1,10,.7,,,,,,,,,,3,4.3,,,
135,√ﬂ«≥∑…,2020-11-11,6.1,-1.4,720,14.9,1407,,,,,,,5,270,5,3.9,270,9,1.1,925,50,-3.9,18,1602,52.8,4.6,1002.1,1034,826,1030.3,1431,1032.3,10.4,9.7,1200,2.19,13.72,,,,,,0,0,7.8,-3.5,,,,,,,,,,2.3,3.2,,,
135,√ﬂ«≥∑…,2020-11-12,6.8,-1.9,713,17.5,1510,,,,,,,6.6,250,1146,4.7,250,1151,1.1,923,250,-3.3,22,1351,52.9,4.8,1000.6,1033.9,739,1027.3,1511,1030.7,10.3,9.7,1200,2.23,13.93,,,,,,.5,.3,6.4,-4.6,,,,,,,,,,2.7,3.8,,,
135,√ﬂ«≥∑…,2020-11-13,8.6,1.5,451,16.6,1459,,,,,,,8.7,250,1400,6.2,250,1314,2.2,1887,250,2,44,1411,65,7.1,998.8,1030.2,8,1025.7,1458,1028.7,10.3,9.3,1200,2,12.09,,,,,,.3,0,8.7,-.9,,,,,,,,,,2.1,3,,,
135,√ﬂ«≥∑…,2020-11-14,9,2.2,450,16.7,1452,,,,,,,8.8,160,1338,5.5,140,1410,1.7,1475,50,4.1,48,1435,73.5,8.2,1000.1,1032.4,829,1028,1451,1029.9,10.3,7.5,1300,2.06,11.81,,,,,,4.7,1.6,10.3,-1.2,,,,,,,,,,1.9,2.8,,,
135,√ﬂ«≥∑…,2020-11-15,9.8,2.4,713,17.3,1430,,,,,,,8.4,290,1212,4.4,290,1504,1.2,1046,270,3.9,39,1414,70.3,8.1,997.6,1030.1,828,1024.5,1540,1027.3,10.3,8.9,1200,2.06,12.22,,,,,,1.9,0,9,-.7,,,,,,,,,,2.2,3.1,,,
135,√ﬂ«≥∑…,2020-11-16,11.2,4.6,733,18.3,1450,,,,,,,6.8,270,326,4.8,270,233,2.1,1772,90,4.2,39,1444,64.1,8.2,996.8,1028,800,1023.7,1427,1026.3,10.2,7,1200,1.82,10.18,,,,,,3.5,0,13.8,2.2,,,,,,,,,,2,2.8,,,
135,√ﬂ«≥∑…,2020-11-17,11.8,8.1,705,16.7,1258,,,,,,6.8,4.9,90,1206,3.6,70,1215,1.3,1127,70,8.5,59,1134,81.5,11.3,995.7,1027.6,111,1023.1,1258,1025.1,10.2,1.3,1100,1.49,5.03,,,,,,5.9,5.8,12.6,4.8,,,,,,,,,,.9,1.2,,,
135,√ﬂ«≥∑…,2020-11-18,14.9,11.3,545,19,1425,,,,,,3.6,5.3,140,1710,2.9,70,1352,1,889,70,12.8,73,1501,88.1,14.9,989,1023.4,1,1012.2,2400,1017.8,10.2,.2,1200,1.21,4.78,,,,,,8.9,7.1,16.9,11.1,,,,,,,,,,.9,1.3,,,
135,√ﬂ«≥∑…,2020-11-19,14.9,9.6,2353,21.7,948,,,,,,22.3,16,270,1601,8.5,250,1356,4,3415,270,12.1,67,956,83.8,14.6,979.9,1013.3,18,1003.6,1244,1008.5,10.2,.6,900,.65,1.94,,,,,,8.8,7.3,13.1,8.2,,,,,,,,,,1.5,2.1,,,
135,√ﬂ«≥∑…,2020-11-20,5.6,3.4,2335,9.6,1,,,,,,,15.5,270,1201,9.4,270,1206,5.9,5110,270,.9,67,1018,72,6.6,988,1024,2353,1011.8,141,1017.9,10.1,.1,1000,.71,2.85,,,,,,8,7.5,6.2,3.4,,,,,,,,,,1,1.5,,,
135,√ﬂ«≥∑…,2020-11-21,5.5,-1.8,715,10.8,1352,,,,,,,10.2,110,1323,6.8,110,1309,2.7,2300,70,.5,54,1154,70.8,6.4,994.2,1026.4,832,1022.4,1422,1024.3,10.1,6.7,1100,2.01,11.31,,,,,,5.1,4.9,6.2,-1.8,,,,,,,,,,1.6,2.2,,,
135,√ﬂ«≥∑…,2020-11-22,6.3,3.7,2359,8,1129,,,,,,2.2,11.5,250,2352,7.3,270,2400,3.4,2947,270,2.5,61,2209,77.3,7.4,991.9,1024.5,2343,1020.1,1443,1021.8,10.1,0,1300,.48,1.83,,,,,,9.5,9,6.5,2.2,,,,,,,,,,1.1,1.6,,,
135,√ﬂ«≥∑…,2020-11-23,2.9,.2,2136,6.9,1459,,,,,,,12.2,250,27,7.6,270,5,4.5,3858,270,-5.1,36,1627,56.5,4.2,996.7,1029,2250,1024.4,4,1027.2,10.1,8.9,1200,2.08,12.43,,,,,,1.4,.3,4,-.9,,,,,,,,,,2.1,3,,,
135,√ﬂ«≥∑…,2020-11-24,3.5,.3,48,9.6,1534,,,,,,,9.5,250,19,7.1,270,14,2.6,2254,270,-8,17,1502,45.3,3.4,997.5,1030,718,1025.5,1553,1028,10,5.1,1000,1.74,9.89,,,,,,7,6.3,4.2,-.7,,,,,,,,,,1.9,2.7,,,
135,√ﬂ«≥∑…,2020-11-25,3.7,-2,641,10.3,1234,,,,,,,10.6,250,1351,7.6,250,1518,2.7,2296,250,-4.9,37,1307,54.4,4.3,996.9,1029.2,816,1025.3,1630,1027.2,10,0,1200,2.02,12.02,,,,,,1.5,.3,3.4,-2,,,,,,,,,,2.1,3,,,
135,√ﬂ«≥∑…,2020-11-26,6,2.2,121,12.1,1358,,,,,,,6.8,270,49,5,270,16,1.9,1684,250,-1.4,36,1238,60.4,5.5,996.1,1028.1,833,1023.2,1440,1026.2,10,6.5,1100,1.81,10.43,,,,,,6.6,4.9,8.3,.2,,,,,,,,,,1.9,2.7,,,
135,√ﬂ«≥∑…,2020-11-27,4.6,1.7,2342,7.8,1329,,,,,,,16.8,250,1740,9.7,250,1344,4.5,3881,270,-3,47,1744,57.6,4.9,994.8,1026.9,2344,1022,1538,1025,10,1.1,1300,1.01,4.53,,,,,,5.4,5.4,4.9,-.2,,,,,,,,,,1.7,2.5,,,
135,√ﬂ«≥∑…,2020-11-28,1.4,0,811,4,1413,,,,,,,13.4,290,930,8.5,290,803,4.6,3948,250,-9.1,21,1546,47,3.1,997.1,1029.4,1029,1026.2,1453,1027.8,9.9,7.6,1200,2.02,11.1,,,,,,5.4,3,2.5,-.9,,,,,,,,,,2.1,2.9,,,
135,√ﬂ«≥∑…,2020-11-29,1.3,-1.2,618,4.1,1312,,,,,,,12.4,250,1205,6.8,250,1210,4.1,3527,270,-6,50,1407,58.5,3.9,998.7,1032.4,2400,1027.2,136,1029.4,9.9,2.4,1100,1.9,7.07,,,,,,6.5,5.4,1.9,-1.4,,,,,,,,,,1.4,2,,,
135,√ﬂ«≥∑…,2020-11-30,.9,-2,728,4.7,1350,,,,,,,13.1,250,1301,7.6,250,1309,4.1,3565,250,-7,36,1454,56.6,3.6,1003.2,1036.5,2205,1032.2,153,1034.1,9.9,9.1,1200,2.02,11.92,,,,,,.1,0,1.9,-2,,,,,,,,,,1.8,2.6,,,
135,√ﬂ«≥∑…,2020-12-01,.8,-5.2,720,7,1416,,,,,,,7.8,270,31,5.8,270,37,2.5,2201,250,-10.7,20,1254,44.4,2.7,1003.8,1037.5,603,1032.2,1438,1034.7,9.9,8.6,1200,2,11.63,,,,,,2.8,1,2.6,-5.2,,,,,,,,,,2,2.9,,,
135,√ﬂ«≥∑…,2020-12-02,2.2,-2.8,554,7.7,1431,,,,,,,8.9,270,1613,5.9,250,1621,2.4,2073,270,-10.2,24,1050,40.4,2.8,999.3,1033.8,37,1027,1451,1030,9.9,6.3,1300,1.88,10.06,,,,,,4.8,2.3,2.1,-2.8,,,,,,,,,,2.2,3.1,,,
135,√ﬂ«≥∑…,2020-12-03,1.3,-2.1,412,5,1252,,,,,,,13.1,250,1359,8.1,250,1404,3.8,3319,270,-9.4,33,1529,45.4,3,998.4,1030.9,2333,1027.1,1458,1029.1,9.9,8.3,1100,1.88,10.48,,,,,,5,2.5,1.9,-2.1,,,,,,,,,,2,2.8,,,
135,√ﬂ«≥∑…,2020-12-04,-.3,-4,702,4,1423,,,,,,,10.8,270,1511,6.9,250,1449,3.6,3093,250,-10,26,1524,49.1,2.9,999.2,1031.8,950,1027.7,1425,1030.1,9.8,8.8,1100,1.95,10.72,,,,,,1.6,.4,.2,-4,,,,,,,,,,1.6,2.2,,,
135,√ﬂ«≥∑…,2020-12-05,-.2,-5.5,752,6.1,1513,,,,,,,10.4,250,1243,6.6,250,1244,1.7,1451,250,-5.1,53,1456,70.3,4.2,999.3,1032.4,936,1028.2,1457,1030.2,9.8,3.6,1200,1.59,7.53,,,,,,4.4,2.9,-.1,-5.5,,,,,,,,,,1,1.4,,,
135,√ﬂ«≥∑…,2020-12-06,1.1,-5,736,7.5,1450,,,,,,,10.1,270,1320,6.5,250,1319,1.8,1560,250,-3.8,45,1430,71.8,4.6,998,1031,813,1026.4,1504,1028.7,9.8,9,1200,2.04,11.53,,,,,,.6,0,.2,-5,,,,,,,,,,1.4,2,,,
135,√ﬂ«≥∑…,2020-12-07,1.8,-4.5,700,7.5,1201,,,,,,,9.6,270,1649,5.3,320,1434,2.2,1867,270,-4.2,49,1402,65.8,4.5,997.2,1029.8,117,1025.3,1252,1027.8,9.8,2.4,1100,1.51,5.8,,,,,,3.5,2.1,.8,-4.5,,,,,,,,,,1.3,1.9,,,
135,√ﬂ«≥∑…,2020-12-08,-.6,-4.3,625,3.9,1352,,,,,,,10.6,250,1303,7.1,250,1426,3.1,2701,250,-9,37,1435,53.9,3.1,997.6,1030.4,719,1026.3,1355,1028.6,9.8,7.9,1200,1.98,10.1,,,,,,.8,.8,.8,-4.3,,,,,,,,,,1.5,2.2,,,
135,√ﬂ«≥∑…,2020-12-09,.5,-6.9,736,6.5,1453,,,,,,,8.6,250,1139,6.6,250,1143,2.4,2113,250,-12,17,1432,41.3,2.5,996,1029.7,744,1024.1,1403,1026.7,9.8,8.3,1200,1.95,11.1,,,,,,3.9,3,1.4,-6.9,,,,,,,,,,2,2.9,,,
135,√ﬂ«≥∑…,2020-12-10,4.4,.3,2333,9.1,1403,,,,,,,9.1,270,1524,5.7,250,1255,2.3,2018,250,-3.4,40,3,57.8,4.9,992.4,1024.6,910,1020.5,1412,1022.6,9.8,4.1,1200,1.89,7.98,,,,,,6.6,5.1,3.8,-.5,,,,,,,,,,1.3,1.8,,,
135,√ﬂ«≥∑…,2020-12-11,4.6,-.7,102,8.8,1415,,,,,,,9.7,250,1426,6.6,250,1427,1.7,1443,250,-1,48,1419,68,5.7,989.7,1022.9,2,1017.3,1506,1019.8,9.8,2.5,1300,1.52,6.44,,,,,,8.8,4.8,3.6,-.7,,,,,,,,,,1.3,1.9,,,
135,√ﬂ«≥∑…,2020-12-12,3.4,-1.8,2354,7.2,1426,,,,,,,14.5,270,1016,7.3,250,1608,3.7,3167,290,-8.7,24,1410,42.5,3.3,988.5,1019.8,1000,1017.2,1428,1018.6,9.7,8.5,1200,1.91,10.52,,,,,,2.3,1.3,4.4,-1.8,,,,,,,,,,2.1,3,,,
135,√ﬂ«≥∑…,2020-12-13,-.8,-4,413,4.1,1614,,,,,,1.5,15.5,290,1646,8.1,290,1649,2.4,2084,270,-7.7,48,248,60,3.6,988.3,1023.7,2350,1013.1,1402,1018.9,9.7,.3,1300,.99,2.03,,,,,,8.8,7.1,-.7,-4,,,,,,,,,,1,1.4,,,
135,√ﬂ«≥∑…,2020-12-14,-6.2,-8,2129,-3.6,1335,,,,,,,16.3,250,1200,9,250,1418,5.1,4437,270,-18.3,17,1500,40.5,1.5,996.2,1030.1,2200,1023.3,22,1027.8,9.7,8.8,1200,2.02,11.69,,,,,,3.6,2.3,-5.1,-8,,,,,,,,,,1.7,2.5,,,
135,√ﬂ«≥∑…,2020-12-15,-7,-10.7,700,-3.1,1501,,,,,,,13.6,270,1417,8,270,1354,4.8,4139,270,-18.5,21,1050,40.8,1.5,998.8,1032.5,849,1029,1512,1030.5,9.7,8.9,1200,2.02,11.72,,,,,,.1,0,-5.3,-10.7,,,,,,,,,,1.5,2.2,,,
135,√ﬂ«≥∑…,2020-12-16,-6.4,-9.4,711,-3,1440,,,,,,,16.6,250,1317,10.2,250,1330,5.3,4613,270,-16.6,25,1443,46,1.7,998.9,1032,1002,1028.9,1445,1030.5,9.7,8.9,1200,2,11.64,,,,,,0,0,-5.4,-9.4,,,,,,,,,,1.6,2.3,,,
135,√ﬂ«≥∑…,2020-12-17,-5.1,-8.5,722,-.4,1559,,,,,,,13.5,250,1313,7.5,250,1114,3.8,3318,250,-14.4,27,1445,49.5,2,999.3,1032.2,312,1029.3,1514,1030.8,9.7,8.9,1200,1.96,11.52,,,,,,.4,0,-4.7,-8.5,,,,,,,,,,1.4,1.9,,,
135,√ﬂ«≥∑…,2020-12-18,-1,-8.2,1,3.6,1118,,,,,,,12.6,270,1423,6.6,270,1431,3.2,2806,270,-8.1,39,1856,58.9,3.4,996.9,1030.6,1,1025.7,1147,1027.9,9.7,2.7,1000,1.36,4.75,,,,,,6,5.6,-1.2,-8.2,,,,,,,,,,1.2,1.7,,,
135,√ﬂ«≥∑…,2020-12-19,-4.5,-8.2,750,-.9,1350,,,,,,,13.7,270,448,8.5,270,546,5,4278,270,-17.6,12,1339,38.1,1.6,1001.1,1034.5,1039,1030.1,1,1032.6,9.7,8.7,1200,2.04,11.73,,,,,,3.3,1.1,-3.6,-8.2,,,,,,,,,,2,2.9,,,
135,√ﬂ«≥∑…,2020-12-20,-2.5,-6.9,825,1.7,1406,,,,,,,12.4,270,1229,8.3,250,1548,4,3485,250,-13.3,31,1143,44.6,2.2,1000.9,1033.6,336,1029.8,1413,1032.2,9.7,8.4,1200,1.94,10.97,,,,,,.3,0,-1.8,-6.9,,,,,,,,,,1.8,2.5,,,
135,√ﬂ«≥∑…,2020-12-21,-1.2,-8.2,503,4,1517,,,,,,,9.8,250,1226,5.7,250,1424,2.2,1892,270,-7.3,47,1,63.9,3.6,998.4,1032.3,212,1027.4,1509,1029.4,9.7,4.4,1200,1.81,8.42,,,,,,3,2.6,-1.1,-8.2,,,,,,,,,,1,1.5,,,
135,√ﬂ«≥∑…,2020-12-22,.3,-5.1,536,5.5,1500,,,,,,,11.6,270,1207,7.6,250,1215,2.6,2204,270,-5.5,40,1502,67.5,4.1,995.9,1028.7,200,1023.9,1452,1026.7,9.7,6.7,1100,1.74,9.27,,,,,,.6,.3,-.9,-5.1,,,,,,,,,,1.4,2,,,
135,√ﬂ«≥∑…,2020-12-23,2.6,-5.4,624,8,1537,,,,,,,10,270,1639,5.6,270,1641,1.9,1612,270,-3.4,47,1421,66.8,4.8,992.9,1028,55,1019.3,2143,1023.3,9.7,3.4,1100,1.3,6.75,,,,,,4.9,2.9,.7,-5.4,,,,,,,,,,1.3,1.9,,,
135,√ﬂ«≥∑…,2020-12-24,3.9,-.5,143,7.6,1414,,,,,,,15.3,270,1731,9.4,270,1313,4.9,4210,270,-5.7,22,1631,52.4,4.2,987.6,1020.3,2327,1015.3,1343,1017.6,9.7,6.9,1200,1.84,9.32,,,,,,3.5,2,3.2,-2.1,,,,,,,,,,2.6,3.6,,,
135,√ﬂ«≥∑…,2020-12-25,-.8,-4.5,2356,2.7,1349,,,,,,,13.3,250,1424,7.5,250,1107,4,3451,270,-8.9,38,1253,55.4,3.1,992.9,1026.7,2358,1019.8,52,1023.7,9.7,6.8,1200,1.83,10.09,,,,,,1,1,-.6,-4.5,,,,,,,,,,1.3,1.8,,,
135,√ﬂ«≥∑…,2020-12-26,-1,-7.5,327,5.3,1324,,,,,,,8.9,270,1236,5.9,250,1249,1.3,1103,270,-5.7,51,1109,71.9,4.1,994.9,1028,837,1023.6,1430,1025.8,9.7,1.7,1000,1.22,5.32,,,,,,6,3.9,-2.3,-7.5,,,,,,,,,,.8,1.1,,,
135,√ﬂ«≥∑…,2020-12-27,.5,-4,308,6.1,1404,,,,,,,3.3,160,1047,2.6,160,1440,.7,611,160,-3.8,53,1356,74.3,4.6,992.6,1025.9,300,1020.4,1434,1023.2,9.7,.6,1000,1.01,4.75,,,,,,8.3,5,-.4,-4,,,,,,,,,,.7,.9,,,
135,√ﬂ«≥∑…,2020-12-28,2.7,-3.5,721,11.8,1448,,,,,,,6.4,230,1139,4.1,250,1226,1,856,250,-2.2,36,1603,72.8,5.3,993.5,1025.6,922,1021.7,1425,1023.9,9.7,7.3,1200,1.92,10.4,,,,,,2.8,2.3,2.9,-3.5,,,,,,,,,,1.4,2,,,
135,√ﬂ«≥∑…,2020-12-29,.5,-3.5,222,9.8,1320,,,,,,1,11.8,250,2229,7.9,250,2237,3,2571,270,-3.3,40,1234,77.4,4.8,989.7,1024.5,330,1016.3,1437,1020.2,9.7,3.7,1200,1.69,7.75,,,,,,8.6,4.3,0,-3.5,,,,,,,,,,1.3,1.9,,,
135,√ﬂ«≥∑…,2020-12-30,-9.2,-10.9,2349,-2.8,1,,,,,,.6,17.4,270,1524,8.5,270,448,5.5,4773,270,-15.1,47,1216,62.5,1.9,989.9,1025.2,2355,1017.4,46,1021.6,9.7,4.1,1200,1.95,8.93,,,,,,7.6,7.4,-6.7,-10.9,,,,,,,,,,.9,1.3,,,
135,√ﬂ«≥∑…,2020-12-31,-8.5,-13.5,440,-3.7,1528,,,,,,0,16.8,290,13,8.6,270,45,4.7,4047,270,-14.8,49,1419,61.1,2,994.5,1028.1,1001,1023.3,1527,1026.2,9.7,7.2,1200,2,10.98,,,,,,5,3,-8.8,-13.5,,,,,,,,,,1,1.4,,,
135,√ﬂ«≥∑…,2021-01-01,-4.4,-9,810,-1.8,1425,,,,,,2,8.6,270,434,6.1,270,416,2.7,2292,270,-7.8,63,1112,77.3,3.5,994.9,1028.2,836,1024.6,1407,1026.2,9.8,.9,1200,1.26,4.88,,,,,,6.6,6.3,-3.9,-9,,,,,,,,,,.6,.8,,,
135,√ﬂ«≥∑…,2021-01-02,-3.9,-5.8,2357,-1.8,1338,,,,,,,14.1,250,1414,8.5,250,1419,4.3,3744,270,-12.8,30,1335,52.4,2.4,997.5,1031.6,2005,1025.1,1,1028.8,9.8,8.8,1200,1.98,11.35,,,,,,1.1,.4,-4.7,-5.8,,,,,,,,,,1.6,2.3,,,
135,√ﬂ«≥∑…,2021-01-03,-4.4,-7.5,716,-1.3,1414,,,,,,,10.9,250,1208,7,250,1134,4.2,3658,270,-13.4,37,1009,50,2.2,1002.4,1035.7,717,1031.2,13,1033.9,9.8,5.8,1100,1.81,9.35,,,,,,5.6,1.3,-5.2,-7.5,,,,,,,,,,1.3,1.8,,,
135,√ﬂ«≥∑…,2021-01-04,-3.7,-9.7,814,1.8,1542,,,,,,,7.8,270,157,5.2,250,1213,2.1,1807,250,-10.5,32,1229,60.9,2.8,1000.1,1034.3,237,1028.8,2338,1031.5,9.8,7.5,1200,1.83,9.72,,,,,,3.6,1.8,-3,-9.7,,,,,,,,,,1.1,1.6,,,
135,√ﬂ«≥∑…,2021-01-05,-3.2,-8.2,2338,1.7,236,,,,,,.2,13.4,250,1226,8.3,250,1257,3.8,3299,270,-11.9,26,1536,53.1,2.7,997.4,1031.1,1052,1026,459,1028.6,9.8,6.9,1100,1.77,9.57,,,,,,5,3.4,-2.1,-8.2,,,,,,,,,,1.3,1.9,,,
135,√ﬂ«≥∑…,2021-01-06,-7.1,-11.7,723,-3.1,1344,,,,,,.8,11.6,250,1213,7.1,250,1403,3.3,2879,250,-14,37,1524,59,2.1,992.6,1029.7,208,1017.5,2354,1024.2,9.8,9,1200,2.04,11.81,,,,,,2.4,2,-6.1,-11.7,,,,,,,,,,1.2,1.6,,,
135,√ﬂ«≥∑…,2021-01-07,-12.6,-15.7,2315,-4.7,6,,,,,,1.6,21.5,250,925,10.3,270,200,5.6,4847,270,-22.9,25,1759,43.6,1.1,992.8,1027.3,1940,1017,102,1025.1,9.8,8.4,1100,2.01,11.85,,,,,,3.5,.8,-9.8,-15.7,,,,,,,,,,1,1.5,,,
135,√ﬂ«≥∑…,2021-01-08,-13.9,-17.4,719,-9.9,1418,,,,,,,12.7,270,1504,8.2,250,1520,4.9,4237,270,-23,36,1,46.4,1,992.7,1027.6,911,1022.2,1456,1025.1,9.8,8.9,1200,2.09,12.27,,,,,,1.6,.4,-12.6,-17.4,,,,,,,,,,1,1.4,,,
135,√ﬂ«≥∑…,2021-01-09,-11.7,-15.2,621,-7.4,1330,,,,,,,11.5,250,1854,7.2,270,2335,4.8,4128,270,-20.1,31,1045,50.4,1.3,992.9,1027.1,2237,1022.3,1349,1025.1,9.9,7.6,1200,2.06,10.68,,,,,,2.6,1.8,-10.7,-15.2,,,,,,,,,,1.1,1.5,,,
135,√ﬂ«≥∑…,2021-01-10,-8.3,-12.5,803,-3,1440,,,,,,,11.9,270,434,7,270,11,3.6,3073,250,-16.9,30,1426,51.5,1.7,996.3,1030.3,2312,1026.1,1431,1028.1,9.9,8,1100,1.94,10.81,,,,,,2.5,.9,-8.3,-12.5,,,,,,,,,,1,1.4,,,
135,√ﬂ«≥∑…,2021-01-11,-8,-13,13,-3.5,1432,,,,,,,6.6,250,1058,5.1,250,1103,1.3,1150,250,-13,56,1226,68,2.3,995,1030.8,39,1023.6,2345,1026.8,9.9,1,1000,.86,5.05,,,,,,7.1,1.9,-7.5,-13,,,,,,,,,,.5,.7,,,
135,√ﬂ«≥∑…,2021-01-12,-3.2,-11.2,8,2,1446,,,,,,.2,10.4,270,1457,6.6,250,1501,2.1,1796,250,-9,38,1548,66.1,3.2,987.9,1023.7,1,1015.7,1544,1018.8,9.9,4.4,1200,2.03,10.06,,,,,,5.3,4.5,-3,-11.2,,,,,,,,,,1.2,1.7,,,
135,√ﬂ«≥∑…,2021-01-13,2.5,-6.8,741,9.3,1535,,,,,,0,13.8,270,1315,8.6,250,1413,2.7,2344,250,-4.3,35,1540,63.9,4.5,986,1018.3,2357,1012.8,1558,1016.2,9.9,8,1200,1.83,11.03,,,,,,1.4,1.3,1.2,-6.8,,,,,,,,,,2.1,3.1,,,
135,√ﬂ«≥∑…,2021-01-14,3.1,-3.3,752,9.7,1506,,,,,,,9.3,320,228,6.4,270,334,2,1719,70,-11.1,10,1455,41.5,2.9,991.7,1025,921,1018.2,1,1022,10,8.9,1200,2,11.89,,,,,,.8,.8,4.1,-3.3,,,,,,,,,,2.2,3.2,,,
135,√ﬂ«≥∑…,2021-01-15,5.2,-3.5,813,13.5,1333,,,,,,,13.5,250,1405,7.6,250,1408,2.7,2337,270,-2.7,37,1226,57.6,5.2,986.9,1022.2,318,1012,1443,1016.8,10,3.4,1100,1.61,8,,,,,,7.1,3.3,4.2,-3.5,,,,,,,,,,2,2.8,,,
135,√ﬂ«≥∑…,2021-01-16,-2.1,-6.1,2342,3.4,1,,,,,,,15,270,1344,9.8,250,1151,5.5,4712,270,-10.2,35,1538,54.6,2.9,992.9,1028,2330,1016.6,12,1023.9,10,7.5,1200,2,11.69,,,,,,3.8,2.4,-.8,-6.1,,,,,,,,,,1.8,2.5,,,
135,√ﬂ«≥∑…,2021-01-17,-4.8,-8.5,755,-1.3,1535,,,,,,.3,13.9,250,859,8,270,855,4.8,4144,270,-13.8,29,1317,51.5,2.2,996.2,1030.5,954,1025,2351,1027.6,10,,1200,2.17,12.93,,,,,,3.5,3.4,-1.8,-8.5,,,,,,,,,,1.3,1.9,,,
135,√ﬂ«≥∑…,2021-01-18,-3.8,-8.3,750,1.8,1546,,,,,,1.3,18.2,270,1738,9,270,1731,2.8,2422,270,-8.8,47,1547,69.1,3.2,990.7,1027,2350,1015.9,1544,1021.8,10,.4,1500,.67,3.41,,,,,,5.3,4.4,-4.8,-8.3,,,,,,,,,,.8,1.1,,,
135,√ﬂ«≥∑…,2021-01-19,-6.3,-11.8,803,-.2,1527,,,,,,,14.9,270,19,6.6,270,34,2.3,2018,250,-16.1,17,1538,49.1,1.8,1000.4,1034.2,2108,1026.9,1,1032.1,10.1,8.9,1200,2.2,13.07,,,,,,1.6,0,-5.4,-11.8,,,,,,,,,,1.3,1.9,,,
135,√ﬂ«≥∑…,2021-01-20,-3.3,-11.4,700,6.6,1535,,,,,,,3.7,160,1419,2.6,160,1417,.8,702,160,-14.1,18,1546,47,2.1,999.7,1034.8,651,1028,1506,1031.1,10.1,9.2,1200,2.08,12.32,,,,,,.4,0,-1.7,-11.4,,,,,,,,,,1.4,1.9,,,
135,√ﬂ«≥∑…,2021-01-21,3,-4.9,1,8.9,1210,,,,,,3.4,5,160,1224,3.5,160,1232,.7,631,160,-3.6,31,1019,64.6,5,993.8,1029.4,1,1020.9,2355,1024.2,10.1,3.4,1000,1.56,6.86,,,,,,8.1,6.9,1.8,-4.9,,,,,,,,,,1,1.4,,,
135,√ﬂ«≥∑…,2021-01-22,5.7,2.9,246,11.9,1415,,,,,,2.4,4.7,160,1503,3.3,160,1522,.7,631,160,3.9,70,1417,88.8,8.2,989.5,1020.9,1,1017.2,1412,1019.3,10.1,1.6,1300,1.68,6.61,,,,,,7.3,6.4,5.4,.6,,,,,,,,,,.8,1.2,,,
135,√ﬂ«≥∑…,2021-01-23,7.3,5.1,340,9.3,1300,,,,,,,9.1,90,1555,5.7,70,1603,3,2567,90,3.2,67,1509,75.9,7.7,990.2,1022.9,2356,1017.6,1352,1020,10.2,0,1100,.58,2.27,,,,,,9.1,9,5.8,1.6,,,,,,,,,,.9,1.3,,,
135,√ﬂ«≥∑…,2021-01-24,5.2,-.3,747,10.7,1357,,,,,,,7.2,50,1246,4.8,90,1117,2.2,1890,70,-.4,46,1349,69,5.9,995.7,1029.3,2359,1022.7,34,1025.9,10.2,7.8,1100,2.02,12.25,,,,,,3.9,1.5,6.2,-.9,,,,,,,,,,1.7,2.4,,,
135,√ﬂ«≥∑…,2021-01-25,5,-.3,431,10.7,1342,,,,,,,9.2,50,1056,5.8,50,1103,2.3,1994,70,-.4,49,1507,69.6,6,996.6,1030.2,152,1023.4,2207,1026.8,10.2,8,1300,2.08,11.31,,,,,,6.5,3.3,6,-.9,,,,,,,,,,1.7,2.4,,,
135,√ﬂ«≥∑…,2021-01-26,4,2,557,5.5,1830,,,,,,3.9,10.1,250,2032,6.3,250,2033,2.5,2183,250,1.3,75,6,82.9,6.8,990,1023.6,1,1017.2,1600,1020.2,10.2,0,1400,.6,2.43,,,,,,9.4,8.6,4.1,.9,,,,,,,,,,.8,1.1,,,
135,√ﬂ«≥∑…,2021-01-27,2.2,-2.3,2322,7.3,1504,,,,,,,12.3,270,340,8.3,270,348,3.7,3170,270,-8.1,22,1631,49.8,3.4,992.4,1025.2,918,1020.7,1416,1022.8,10.3,7.4,1200,2.19,12.47,,,,,,6,2,2.9,-2.6,,,,,,,,,,2,2.8,,,
135,√ﬂ«≥∑…,2021-01-28,-2.7,-8.2,2359,6.7,1147,,,,,,2,20.1,250,2122,10.8,270,2233,4.2,3648,270,-9.9,29,1105,59.3,3,986.3,1022.4,2348,1010.9,1214,1017.2,10.3,3.4,1100,1.65,5.88,,,,,,6.3,4.1,-2.8,-8.2,,,,,,,,,,1.4,2,,,
135,√ﬂ«≥∑…,2021-01-29,-7.6,-10.7,722,-3.6,1545,,,,,,.1,17.3,250,1736,10.5,270,33,5.4,4652,270,-17.4,26,1607,46.6,1.6,994.4,1028.3,2235,1022.3,4,1026.1,10.3,9.1,1200,2.33,14.19,,,,,,2.6,2.6,-7.3,-10.7,,,,,,,,,,1.4,2,,,
135,√ﬂ«≥∑…,2021-01-30,-1.6,-11.2,305,7,1459,,,,,,0,16.6,250,1248,9.6,270,1501,3.2,2801,270,-9.9,26,2332,54.1,3.1,995.4,1029.7,2357,1022.2,1424,1026.3,10.4,4.6,1200,1.83,10.27,,,,,,3.3,2.6,-1.7,-11.2,,,,,,,,,,1.6,2.2,,,
135,√ﬂ«≥∑…,2021-01-31,1.3,-7,631,8.8,1523,,,,,,,4.7,70,1358,3.3,70,1503,1.2,1010,50,-8.6,25,1525,50.1,3.2,997.2,1032.2,716,1023.1,2359,1027.8,10.4,8.5,1100,1.98,12.18,,,,,,3.5,.8,2.3,-7,,,,,,,,,,1.6,2.3,,,
135,√ﬂ«≥∑…,2021-02-01,5.8,1.7,730,10.8,1520,,,,,,8.4,13,270,2106,7.8,270,1633,3.2,2748,270,.2,46,2254,69.8,6.3,986.7,1023.2,2,1012.3,1547,1016.5,10.4,.4,1300,1.21,6.48,,,,,,7.5,5.1,5.5,-.7,,,,,,,,,,2.2,3.1,,,
135,√ﬂ«≥∑…,2021-02-02,-3.8,-5.5,753,3.2,1,,,,,,,20.1,270,703,11.7,250,1159,5.7,4910,270,-17.1,22,1238,36.1,1.7,993.4,1026.3,1022,1019,1,1024.6,10.5,9.8,1200,2.47,15.28,,,,,,1,1,-.4,-6.5,,,,,,,,,,2,2.9,,,
135,√ﬂ«≥∑…,2021-02-03,-3.4,-8.4,626,2,1502,,,,,,.2,13.9,270,325,7.4,250,104,3.5,3017,270,-14.3,20,1518,45.5,2.1,994.7,1029.5,912,1021.7,2358,1025.9,10.5,9.7,1200,2.44,15.15,,,,,,1.3,1.3,-2.1,-9,,,,,,,,,,2.1,2.9,,,
135,√ﬂ«≥∑…,2021-02-04,-1.5,-4.2,2125,1.5,1508,,,,,,.9,17.4,270,543,9.4,270,1227,5,4328,270,-13.8,21,1322,41.3,2.3,995.1,1028,1054,1021.4,20,1026,10.5,9.9,1200,2.5,15.71,,,,,,1.1,1.1,-1.3,-5.6,,,,,,,,,,2.2,3.2,,,
135,√ﬂ«≥∑…,2021-02-05,-.4,-9.2,718,7.9,1438,,,,,,,8.6,320,1343,5.2,290,1346,1.2,1069,250,-12.5,17,1306,43,2.4,991.3,1027.5,248,1018,1725,1022,10.6,4.8,1300,2.18,11.63,,,,,,5.9,1.1,.3,-9.2,,,,,,,,,,1.7,2.4,,,
135,√ﬂ«≥∑…,2021-02-06,3.8,-4.6,320,10.2,1539,,,,,,,11.3,270,1345,7.5,270,1347,2.3,1968,270,-2.9,41,147,62.5,5.3,986.5,1018.5,5,1014.5,1411,1016.6,10.6,3.4,1300,1.83,8.31,,,,,,5.3,3.5,1.9,-5.2,,,,,,,,,,1.7,2.4,,,
135,√ﬂ«≥∑…,2021-02-07,5.6,-.5,2348,9.9,1351,,,,,,,13.3,270,2143,8.5,250,1430,4.7,4023,270,-4.1,31,1529,51.6,4.8,990.1,1023.5,2351,1016.7,1,1020.1,10.6,7.9,1200,2.18,13.09,,,,,,1,.8,6.9,-3.1,,,,,,,,,,2.9,4.2,,,
135,√ﬂ«≥∑…,2021-02-08,-2.9,-4.7,719,.7,1504,,,,,,,15,250,1405,9.9,250,1355,6.1,5247,270,-15,20,1259,40.5,2,995.9,1029.5,2244,1023.4,1,1027,10.7,9.9,1200,2.52,16.07,,,,,,0,0,-1,-6.4,,,,,,,,,,2.6,3.7,,,
135,√ﬂ«≥∑…,2021-02-09,-1,-5.9,602,4.5,1432,,,,,,,13.4,270,21,7.8,270,22,4.2,3659,250,-13.2,25,1341,39.9,2.2,997.2,1030.2,752,1025.9,1503,1028.1,10.7,9.9,1200,2.55,16.1,,,,,,0,0,.1,-7.9,,,,,,,,,,2.2,3.2,,,
135,√ﬂ«≥∑…,2021-02-10,1.6,-6.6,639,7.5,1520,,,,,,,12.2,270,1224,7,250,1228,2.6,2269,250,-6.2,42,1528,56.9,3.9,995,1027.8,105,1023,1506,1025.6,10.7,9,1200,2.25,13.64,,,,,,.9,.4,3.1,-7.7,,,,,,,,,,1.7,2.5,,,
135,√ﬂ«≥∑…,2021-02-11,3.3,-3.3,740,10.3,1442,,,,,,,6.3,270,16,4,270,16,1.3,1158,20,-3.4,39,1552,63.9,4.8,995.2,1028.1,834,1023,1617,1025.6,10.8,6.4,1200,2.09,12.27,,,,,,6.4,1.6,4.3,-4,,,,,,,,,,1.6,2.2,,,
135,√ﬂ«≥∑…,2021-02-12,4.6,-2.9,711,14.1,1421,,,,,,,9.3,270,1439,6,250,1457,1.8,1549,250,-6.5,17,1510,50.8,3.8,994.5,1026.2,219,1022,1457,1024.7,10.8,8.4,1300,2.33,14.64,,,,,,5.3,2.3,4.1,-3.5,,,,,,,,,,3,4.2,,,
135,√ﬂ«≥∑…,2021-02-13,5.9,-3.3,654,16.8,1545,,,,,,,6.8,250,1011,5.5,250,1042,1.8,1537,250,-9.1,8,1533,40.1,3.1,994,1027.4,830,1020.7,1627,1024.1,10.8,9.9,1200,2.49,16.12,,,,,,0,0,5.3,-4.6,,,,,,,,,,3.4,4.9,,,
135,√ﬂ«≥∑…,2021-02-14,7.7,.5,300,14.8,1430,,,,,,1.4,6.2,180,1440,4.4,160,1449,1,876,160,-2,31,1229,53.6,5.6,985.9,1022.1,5,1010.4,2355,1015.5,10.9,1.3,1200,1.87,7.3,,,,,,9,7.3,6.8,-2.3,,,,,,,,,,1.6,2.2,,,
135,√ﬂ«≥∑…,2021-02-15,2.1,-4,2244,7.5,105,,,,,,.4,21.3,270,1607,13.5,250,1506,7.5,6443,270,-4.7,37,1603,62.6,4.9,980.2,1016,2258,1007.5,1042,1010.3,10.9,4.4,1300,2.91,10.88,,,,,,6.4,5.9,3.8,-5.1,,,,,,,,,,2.2,3.2,,,
135,√ﬂ«≥∑…,2021-02-16,-3.8,-7.9,747,1.6,1326,,,,,,1.8,14.7,250,2221,8.5,270,125,4.5,3896,270,-12.6,30,1048,51.5,2.4,985,1017.8,434,1012,1434,1015.9,10.9,6,1200,2.41,12.28,,,,,,4.1,3,-2.5,-8.2,,,,,,,,,,1.8,2.6,,,
135,√ﬂ«≥∑…,2021-02-17,-8.1,-9.4,2358,-6.2,1531,,,,,,.1,22.2,270,1031,12.3,270,1104,7.9,6800,270,-17.1,35,1608,48.9,1.6,986.2,1019.7,2354,1015.8,1344,1017.6,11,6.8,1200,2.13,13.38,,,,,,3.5,3,-7.5,-9.5,,,,,,,,,,1.3,1.9,,,
135,√ﬂ«≥∑…,2021-02-18,-6.5,-10.5,223,-2.5,1557,,,,,,1.2,18,270,645,10.2,270,738,5,4291,270,-13.3,45,1708,59.3,2.2,990.2,1023.6,2215,1019.7,6,1021.6,11,7.5,1200,2.56,15.19,,,,,,4.1,4.1,-5.1,-10.5,,,,,,,,,,1.6,2.3,,,
135,√ﬂ«≥∑…,2021-02-19,2.8,-5.4,1,9.1,1500,,,,,,,15.1,270,1545,8.7,270,1547,5.7,4950,270,-7.4,30,1510,48.8,3.6,987.5,1023.5,106,1012.4,2348,1017.7,11,9.5,1200,2.66,17.06,,,,,,0,0,3.6,-7,,,,,,,,,,3.5,5,,,
135,√ﬂ«≥∑…,2021-02-20,9.7,1.6,2334,16.2,1510,,,,,,,14.7,250,1001,9,250,1023,4.1,3561,270,-.4,27,1549,50.9,6,981,1012.6,2326,1008.2,1424,1010.2,11.1,9.8,1200,2.32,15.09,,,,,,.1,0,9.7,-2.3,,,,,,,,,,2.9,4.2,,,
135,√ﬂ«≥∑…,2021-02-21,14.5,1.9,22,22.1,1435,,,,,,,17,250,1248,10.9,250,1248,4.1,3584,270,-1.6,18,1631,37.5,5.5,981.4,1012.7,138,1007,1436,1010,11.1,10.3,1200,2.61,16.89,,,,,,0,0,13.1,-2.5,,,,,,,,,,6.5,9.3,,,
135,√ﬂ«≥∑…,2021-02-22,11.1,2.2,2356,18.7,1054,,,,,,,17.4,270,1857,10.1,270,1948,4.5,3893,270,-3.7,17,1734,36.3,4.9,983.9,1021,2345,1008.6,1057,1013,11.1,10,1200,2.36,15.75,,,,,,.4,0,13.3,.1,,,,,,,,,,4.9,7,,,
135,√ﬂ«≥∑…,2021-02-23,1.4,-2.3,712,6.6,1531,,,,,,,15,270,40,9.5,270,19,5,4321,250,-16.3,11,1640,26.9,1.7,994,1026.4,833,1020.9,2,1024.6,11.2,9.7,1100,2.55,17.03,,,,,,2,0,3.1,-4.5,,,,,,,,,,3.3,4.8,,,
135,√ﬂ«≥∑…,2021-02-24,2.3,-3.5,713,9.8,1447,,,,,,,8.6,270,327,5.5,270,329,1.8,1585,70,-13.8,11,1342,33.1,2.2,994.8,1027.8,830,1022.5,1712,1025.3,11.2,4.6,1300,2.48,13.06,,,,,,7.3,2.6,5.4,-5.2,,,,,,,,,,2.2,3.2,,,
135,√ﬂ«≥∑…,2021-02-25,3.2,-2.6,419,8.2,1557,,,,,,.3,4.5,160,1914,3.3,90,1654,.9,759,110,-1.9,48,1514,70.5,5.4,993.8,1026,527,1022.1,1558,1024.1,11.3,1.2,900,.84,5.98,,,,,,9.4,5.6,4.2,-5,,,,,,,,,,.9,1.3,,,
135,√ﬂ«≥∑…,2021-02-26,6.5,.7,631,12,1458,,,,,,,10.7,90,1505,7.3,70,1536,3.1,2697,70,-2.5,26,1527,56.3,5.2,993.8,1026.8,2250,1020.6,1441,1023.7,11.3,7.6,1300,2.5,14.8,,,,,,8.1,4.3,9.4,-1.9,,,,,,,,,,3.1,4.5,,,
135,√ﬂ«≥∑…,2021-02-27,5.7,2.5,2400,8.8,1455,,,,,,,13,70,1059,8.5,70,1513,5,4348,90,-2.8,42,1414,54.8,5,999.5,1031.8,2228,1026.6,28,1029.7,11.3,4.4,1400,2.04,10.39,,,,,,7.4,4.4,8.8,0,,,,,,,,,,2.3,3.3,,,
135,√ﬂ«≥∑…,2021-02-28,5.5,0,612,9.3,1257,,,,,,.1,6.8,50,452,5.1,70,743,2.5,2150,70,-.7,50,1259,65,5.9,997,1031.2,1,1023.5,2400,1027.2,11.4,2.8,1000,1.79,9.02,,,,,,6.8,5.6,6.4,-2.2,,,,,,,,,,1.3,1.8,,,
135,√ﬂ«≥∑…,2021-03-01,7.2,2.7,2351,12.5,1504,,,,,,37.1,11.7,50,2024,7.6,50,2016,2.4,2078,140,5.2,75,50,87.4,9.1,984.7,1023.5,1,1007.5,1727,1014.3,11.4,0,1200,.64,3.33,,,,,,9.8,9.3,7.6,2.7,,,,,,,,,,.7,.9,,,
135,√ﬂ«≥∑…,2021-03-02,.5,-3.8,2400,4.4,1609,,,,,,1.6,9.2,320,1621,5.3,250,1315,2.3,1962,270,-2.9,51,1745,78.5,4.9,993.8,1030.4,2400,1013.2,1,1024.4,11.5,2.3,1300,2.38,8.02,,,,,,6.1,6,1.6,-3.8,,,,,,,,,,.9,1.2,,,
135,√ﬂ«≥∑…,2021-03-03,1.3,-5.2,727,8.2,1410,,,,,,,5,180,1121,2.9,70,1727,1.1,939,160,-3.6,47,1414,71.6,4.7,999.3,1033.7,815,1027.2,1653,1030.1,11.5,6.8,1100,2.47,15.6,,,,,,6.6,2.4,2.7,-5.2,,,,,,,,,,1.6,2.3,,,
135,√ﬂ«≥∑…,2021-03-04,3.5,-1.9,340,9.1,1400,,,,,,2.6,5.6,90,1420,3.8,70,1437,.8,727,50,0,49,1349,79.1,6.2,994.8,1029,4,1022,1447,1025.2,11.5,.1,1200,1.19,7.71,,,,,,8.9,5,5,-1.9,,,,,,,,,,1,1.5,,,
135,√ﬂ«≥∑…,2021-03-05,7.8,.4,604,15.5,1611,,,,,,,8.4,250,1424,6.7,250,1049,3.1,2691,250,1.6,33,1513,68.9,6.9,990.7,1022.8,1,1016.8,1604,1020.4,11.6,8.4,1200,2.97,19.45,,,,,,5.9,4.3,10,.4,,,,,,,,,,3,4.3,,,
135,√ﬂ«≥∑…,2021-03-06,4.9,2,2310,8.8,919,,,,,,,10.6,90,1454,7.1,90,1511,4,3437,90,0,63,149,70.8,6.1,997.4,1032.1,2253,1022.1,25,1027.7,11.6,1.7,900,1.12,4.4,,,,,,5.3,3.6,6.3,1.7,,,,,,,,,,1.2,1.7,,,
135,√ﬂ«≥∑…,2021-03-07,3.5,.8,2400,8.6,1540,,,,,,,7.5,90,7,5,70,231,2.2,1917,70,-1.2,55,1546,72,5.6,998.4,1031.5,1,1025.7,1700,1028.8,11.6,1,1300,1.66,9.14,,,,,,7.1,5.8,6.6,.6,,,,,,,,,,1.1,1.6,,,
135,√ﬂ«≥∑…,2021-03-08,5.5,-1.9,721,12.8,1517,,,,,,,6.2,90,1242,4.2,70,1249,1.4,1234,70,-2.1,26,1417,64,5.3,996.6,1029.2,816,1023.9,1613,1026.8,11.7,10,1300,2.86,19.06,,,,,,1.6,.9,7.4,-1.9,,,,,,,,,,3,4.2,,,
135,√ﬂ«≥∑…,2021-03-09,6.7,.8,347,12.8,1517,,,,,,,15.1,270,2202,9.9,270,2204,3.1,2647,250,-2.9,31,1504,54.3,5,995.2,1027.3,850,1021.8,1457,1025.2,11.7,5.6,1200,2.82,15.98,,,,,,6.4,2.9,8.9,.4,,,,,,,,,,3.5,4.9,,,
135,√ﬂ«≥∑…,2021-03-10,7.4,.2,644,14.5,1453,,,,,,,10.3,270,127,6.3,250,100,2.8,2388,70,-3,28,1610,49.9,5,998.6,1031,937,1026.2,1618,1028.6,11.8,10.5,1200,2.95,19.93,,,,,,0,0,11.6,-.9,,,,,,,,,,3.1,4.5,,,
135,√ﬂ«≥∑…,2021-03-11,8.6,-1.3,629,17.2,1552,,,,,,,5.7,180,1405,3.2,160,1406,1.1,948,160,-1,25,1438,55.5,5.7,996.1,1030.8,629,1021.5,1716,1025.8,11.8,7.8,1200,2.87,18.45,,,,,,5.4,3.4,10.9,-1.3,,,,,,,,,,2.8,4,,,
135,√ﬂ«≥∑…,2021-03-12,6.5,4.5,2351,8.6,11,,,,,,21.5,9.6,70,1408,5.2,50,1452,1.8,1594,50,4.2,58,9,85.5,8.3,991.5,1022.9,2254,1019.5,1420,1021.4,11.8,0,1000,.45,2.7,,,,,,8.5,7.3,6.8,4.5,,,,,,,,,,.6,.8,,,
135,√ﬂ«≥∑…,2021-03-13,7.4,.8,711,13.8,1506,,,,,,,9.7,270,1600,5.9,250,1535,1.9,1671,270,.8,33,1453,67.3,6.5,991.3,1024.2,751,1018.2,1643,1021,11.9,7.6,1300,2.83,18.44,,,,,,4.8,2.8,10.4,.8,,,,,,,,,,2.7,3.8,,,
135,√ﬂ«≥∑…,2021-03-14,7.3,1.7,421,13.5,1519,,,,,,,10.7,250,1355,6.7,250,1337,2.2,1929,250,1.4,42,1523,68.4,6.8,990.4,1022,829,1018,1657,1020.1,11.9,8.1,1100,2.77,18.57,,,,,,4.3,2.3,8.3,1.2,,,,,,,,,,2.4,3.5,,,
135,√ﬂ«≥∑…,2021-03-15,10.4,.1,550,18.1,1548,,,,,,,8.1,270,1729,4.6,250,1728,1.4,1219,250,.3,20,1428,56.3,6.3,986.9,1020.6,541,1012.1,1619,1016.2,11.9,8,1100,2.73,17.62,,,,,,6.5,3.8,11.3,.1,,,,,,,,,,3.3,4.7,,,
135,√ﬂ«≥∑…,2021-03-16,10.8,5,2348,15.8,1528,,,,,,2.1,13.3,290,811,7.9,250,1141,4.7,4084,270,-2.4,13,1552,45.6,5.8,984.9,1017.7,2359,1011.4,415,1014,12,9.5,1200,3.16,21.27,,,,,,3.3,3,13.2,3,,,,,,,,,,5.3,7.6,,,
135,√ﬂ«≥∑…,2021-03-17,8.5,-.5,541,17.1,1612,,,,,,,9.1,270,56,6.1,270,129,2,1732,70,-4.4,20,1448,42.9,4.5,989.1,1020.5,2333,1016.3,1547,1018.7,12,10.7,1200,3.07,21.2,,,,,,1.4,0,12.8,-.9,,,,,,,,,,3.8,5.5,,,
135,√ﬂ«≥∑…,2021-03-18,9.7,2.6,603,16.1,1548,,,,,,,8.7,70,2226,6.5,70,2254,3.1,2655,70,2.9,42,1622,64.6,7.6,990.7,1022.7,840,1016.8,1545,1020.2,12.1,9.6,1200,2.96,20.15,,,,,,4,2.1,13.7,2.2,,,,,,,,,,3.4,4.8,,,
135,√ﬂ«≥∑…,2021-03-19,9.9,6.5,558,14.5,1620,,,,,,,9.5,90,1049,6.3,90,1053,4.2,3643,70,2,44,1546,59,7.1,990.7,1022.9,841,1016.8,1700,1020.1,12.1,6.9,1100,2.52,16.42,,,,,,4.9,2.6,13.4,6.1,,,,,,,,,,3,4.3,,,
135,√ﬂ«≥∑…,2021-03-20,7.3,5.9,651,8.6,1354,,,,,,2.2,7.9,50,49,5.3,70,29,3,2590,270,4.4,62,1,82.8,8.4,984.1,1019.2,1,1010.9,1544,1013.6,12.1,0,1300,.91,3.64,,,,,,8.7,8.3,7.5,5,,,,,,,,,,.8,1.2,,,
135,√ﬂ«≥∑…,2021-03-21,5.1,2.4,2340,8.8,1509,,,,,,,17.9,270,1537,10,270,1514,5.9,5125,270,-2.1,35,1513,61.6,5.4,984.5,1019.4,2358,1011.5,1511,1014.3,12.2,2.8,1400,2.08,9.89,,,,,,8.8,7.5,7.8,1.6,,,,,,,,,,2.5,3.6,,,
135,√ﬂ«≥∑…,2021-03-22,5.3,.6,614,10.3,1640,,,,,,,16.1,270,1328,9.5,250,1417,5.7,4932,270,-6.9,23,1141,43.6,3.7,990.4,1022.5,2343,1017.7,1646,1020.4,12.2,8.7,1200,3.26,19.36,,,,,,1.5,.6,6.8,-.9,,,,,,,,,,3.6,5.1,,,
135,√ﬂ«≥∑…,2021-03-23,8.4,-1,652,16.3,1433,,,,,,,14.8,250,1325,8.9,250,1329,3.8,3316,270,-4.3,19,1314,43.5,4.4,991.5,1023.5,548,1018.2,1519,1021.2,12.2,11,1200,3.12,21.95,,,,,,0,0,10.7,-1.3,,,,,,,,,,5,7.2,,,
135,√ﬂ«≥∑…,2021-03-24,10.2,-.2,704,18.3,1455,,,,,,,9.9,270,127,4.8,270,240,1.8,1548,250,-5.3,10,1559,38,4.2,990.7,1023.9,740,1016.3,1543,1020.1,12.3,8.7,1300,3.25,20.37,,,,,,5.3,1.1,14,-.5,,,,,,,,,,4.4,6.3,,,
135,√ﬂ«≥∑…,2021-03-25,12.3,4.3,616,19.7,1618,,,,,,,10.9,250,1322,6.1,250,1324,2.9,2544,250,.9,19,1640,49.9,6.6,991.2,1022.6,931,1017.7,1635,1020.4,12.3,11.2,1200,3.14,22.79,,,,,,.8,.3,14.2,2.2,,,,,,,,,,4.7,6.7,,,
135,√ﬂ«≥∑…,2021-03-26,13.5,2.5,648,22,1452,,,,,,,6.8,140,1420,3.9,90,1337,1.5,1277,110,-3.4,10,1510,39,4.9,991.2,1023.8,755,1016.7,1644,1020.3,12.4,9.1,1100,3.08,19.87,,,,,,4.3,.3,16,1.7,,,,,,,,,,4.7,6.7,,,
135,√ﬂ«≥∑…,2021-03-27,11.5,6.2,546,13.8,1230,,,,,,14.2,7.9,70,1630,5,70,1642,2.3,2019,50,6.2,37,23,71.6,9.9,982.7,1019.8,5,1003,2348,1011.7,12.4,0,900,.93,4.73,,,,,,9.9,7.1,11.1,4.4,,,,,,,,,,1.3,1.8,,,
135,√ﬂ«≥∑…,2021-03-28,10.4,6.5,2253,14.1,401,,,,,,2.5,12.4,250,1032,7.9,270,630,4,3439,270,6.9,67,1637,79.6,10,974.8,1006.1,2244,1000,355,1003.7,12.4,.6,1500,1.08,5.13,,,,,,7.3,6.5,10.3,5.8,,,,,,,,,,1.6,2.2,,,
135,√ﬂ«≥∑…,2021-03-29,11.6,8.3,731,15.4,1347,,,,,,,15.9,250,221,10,270,322,5.4,4666,270,.4,30,2122,49,6.5,978.7,1010.4,2339,1004.6,30,1007.6,12.5,7.4,1200,2.91,19.15,,,,,,5.6,4.6,13.4,6.5,,,,,,,,,,4.3,6.2,,,
135,√ﬂ«≥∑…,2021-03-30,11,4.2,635,18.5,1556,,,,,,,9.6,270,246,6.2,270,248,3.2,2797,250,-5.5,14,1604,33.9,4.1,982.7,1014.9,2339,1009.5,1442,1011.8,12.5,11.2,1200,3.33,23.98,,,,,,2,.3,13.8,2.7,,,,,,,,,,5.4,7.7,,,
135,√ﬂ«≥∑…,2021-03-31,12.2,.5,646,21.7,1510,,,,,,,7.3,70,2304,5.3,70,2318,1.6,1377,70,-2.4,15,1342,41.1,5.2,985.3,1016.5,2354,1010.9,1539,1014.3,12.6,10.3,1200,3.28,23.11,,,,,,4.6,0,15.7,.2,,,,,,,,,,5.2,7.5,,,
135,√ﬂ«≥∑…,2021-04-01,12.2,5.3,635,18.3,1456,,,,,,,14.5,110,1309,8.5,110,1315,4.8,4128,90,.3,27,1503,46.5,6.3,990.9,1022.3,2354,1016.5,1,1020.1,12.6,6.5,1100,2.12,17.06,,,,,,6.6,2.4,16.7,4.4,,,,,,,,,,4.8,6.9,,,
135,√ﬂ«≥∑…,2021-04-02,14.6,9.8,612,20.6,1507,,,,,,,10.4,90,1319,6.3,70,828,4.5,3852,90,5.1,42,1501,53.5,8.9,991,1022.7,138,1017.1,1722,1019.9,12.6,4.9,1200,3.17,18.29,,,,,,6.9,6,20.3,8,,,,,,,,,,3.6,5.2,,,
135,√ﬂ«≥∑…,2021-04-03,13.6,10.6,434,15.1,1226,,1.1,1627,4.1,1536,13.4,6.3,140,1726,4.6,90,157,1.7,1501,70,10.1,64,1,80.4,12.5,983.8,1018.4,1,1008.2,2356,1012.6,12.7,0,1100,.53,3.11,,,,,,8.1,7.5,13.4,10.3,,,,,,,,,,.8,1.1,,,
135,√ﬂ«≥∑…,2021-04-04,8.8,4.4,2400,14.1,1,,1.1,359,3.1,359,14.1,8.2,50,557,5.3,50,547,2.7,2339,50,6.3,72,1611,85.1,9.7,985.6,1020.9,2400,1008.2,1,1015,12.7,0,1400,.69,3.71,,,,,,9.7,8.4,10.8,4.4,,,,,,,,,,.9,1.2,,,
135,√ﬂ«≥∑…,2021-04-05,7.6,.2,614,15.2,1541,,,,,,,7.3,70,1456,4.9,90,1456,1.3,1142,50,-.4,28,1608,63.4,6.1,992.5,1024.8,801,1019.6,1709,1022.3,12.7,11.1,1200,3.41,25.63,,,,,,2.1,1.4,12.3,.2,,,,,,,,,,3.8,5.4,,,
135,√ﬂ«≥∑…,2021-04-06,11.1,.6,508,18.7,1434,,,,,,,12.2,320,1422,6.8,270,2221,3.1,2659,270,-2,17,1555,45.1,5.3,990.5,1022.7,100,1016.1,1655,1019.8,12.8,9.4,1200,3.41,22.92,,,,,,3.4,2.6,12.8,.6,,,,,,,,,,5.9,8.4,,,
135,√ﬂ«≥∑…,2021-04-07,14.2,5.6,648,20.9,1414,,,,,,,12,250,1526,7.4,270,227,3.9,3344,250,-2.9,14,1552,32.8,5,989.5,1021.1,645,1015.4,1701,1018.4,12.8,11.7,1200,3.38,25.46,,,,,,1.5,0,16.7,4.6,,,,,,,,,,6.4,9.1,,,
135,√ﬂ«≥∑…,2021-04-08,12.3,7,2340,18.3,1502,,,,,,,10.8,250,1305,6.9,250,1210,3,2623,270,-5.1,13,1401,31.3,4.2,988.5,1020.1,2340,1014.6,1622,1017.6,12.9,10.7,1200,3.45,25.05,,,,,,2.7,0,15.3,5.8,,,,,,,,,,6,8.5,,,
135,√ﬂ«≥∑…,2021-04-09,9.1,2.2,608,14.4,1257,,,,,,,12.1,70,1628,6.7,70,1406,3.7,3192,70,-.6,36,15,51.4,5.9,995.9,1031.1,2356,1019.9,10,1025.5,12.9,9.2,1100,3,21.02,,,,,,3.3,1.5,12.8,2.2,,,,,,,,,,3.5,4.9,,,
135,√ﬂ«≥∑…,2021-04-10,9.4,1.4,619,17.4,1514,,,,,,,6.7,70,1218,4.3,140,941,1.9,1616,50,-.2,28,1637,54,6,1000.9,1033.3,855,1027.6,1635,1030.8,12.9,11.5,1200,3.3,24.04,,,,,,1.6,0,14.1,1.4,,,,,,,,,,3.5,5,,,
135,√ﬂ«≥∑…,2021-04-11,12.3,2,520,20.5,1436,,,,,,,10,160,1429,5,110,1151,1.6,1419,50,-.6,19,1432,46.8,5.9,1000,1032.9,627,1025.5,1730,1029.4,13,11.7,1200,3.25,24.23,,,,,,2.3,1.1,16.2,2,,,,,,,,,,4.8,6.8,,,
135,√ﬂ«≥∑…,2021-04-12,11,9.7,1516,13.3,31,,.9,1950,2.9,1746,15.1,8,70,1356,5.1,110,1840,2.1,1827,90,4.6,33,425,68.1,8.9,990,1027.4,3,1009.9,2356,1019.3,13,0,1100,.81,4.07,,,,,,9.3,8.3,11.1,8.8,,,,,,,,,,1,1.5,,,
135,√ﬂ«≥∑…,2021-04-13,10.6,4,2348,15.9,1437,,.3,405,.6,328,1.1,15.6,270,1337,9.7,250,1507,5.3,4575,270,4.6,34,1632,68.1,8.8,982.8,1017.8,2353,1007.8,324,1012,13,5.1,1400,2.62,14.88,,,,,,6.8,6.4,12.8,4,,,,,,,,,,3.4,4.9,,,
135,√ﬂ«≥∑…,2021-04-14,8.3,2.5,604,14.6,1514,,,,,,,14.7,270,1404,7.6,250,1638,4.6,3988,250,-4.6,15,1532,44.1,4.4,989,1020.5,2228,1016.4,1604,1018.6,13.1,11.8,1200,3.55,27.12,,,,,,2.4,1.1,10.7,1.7,,,,,,,,,,5,7.1,,,
135,√ﬂ«≥∑…,2021-04-15,8.8,-.5,452,17,1637,,,,,,,6.5,160,1640,3.7,90,1454,1.4,1197,50,-4.5,18,1309,43.1,4.4,989.2,1022.1,714,1015.1,1847,1018.8,13.1,10,1000,2.44,21.31,,,,,,4.8,.8,13,-.5,,,,,,,,,,3.6,5.1,,,
135,√ﬂ«≥∑…,2021-04-16,10.1,2.5,305,17.2,1125,,.1,,.1,,.1,11.2,290,1200,7.1,270,1129,1.9,1658,270,3.1,37,1127,63.8,7.8,987.3,1018.4,113,1014.6,1750,1016.7,13.2,1.8,1100,2.74,11.42,,,,,,7.8,5.4,10.7,2,,,,,,,,,,2.5,3.5,,,
135,√ﬂ«≥∑…,2021-04-17,9.1,3.4,629,14.3,1207,,,,,,,17.1,290,1840,9.8,250,1227,4.1,3505,270,-2.4,22,1435,49.5,5.4,984.8,1018.2,1,1010.7,1601,1014.2,13.2,8.7,1100,3.07,20.59,,,,,,3.5,.8,10.3,3.4,,,,,,,,,,4.5,6.4,,,
135,√ﬂ«≥∑…,2021-04-18,9.6,5.5,546,15.3,1602,,,,,,,14.4,250,1331,8.2,250,1153,5.4,4629,270,-1.4,24,1649,48.9,5.5,986.4,1018.1,2353,1013,1606,1015.8,13.2,8.1,1200,3.4,22.23,,,,,,4.1,3.9,12.2,4.5,,,,,,,,,,4.9,7,,,
135,√ﬂ«≥∑…,2021-04-19,13,3.1,608,19.7,1421,,,,,,,16.5,250,1104,10.5,250,1140,5.1,4437,270,-2.2,20,1205,37.1,5.2,987.8,1018.4,428,1013.8,1633,1016.8,13.3,12.2,1200,3.48,27.19,,,,,,.3,0,15.2,2.6,,,,,,,,,,7.4,10.5,,,
135,√ﬂ«≥∑…,2021-04-20,15.9,6.1,441,25.3,1602,,,,,,,8.9,250,3,5.8,270,1,2.5,2164,250,-.3,14,1717,37.4,6.1,990.9,1021.6,2354,1016.6,1652,1019.7,13.3,11.6,1200,3.41,25.98,,,,,,2,1.1,20.1,5,,,,,,,,,,5.5,7.8,,,
135,√ﬂ«≥∑…,2021-04-21,18.3,7.4,502,27.3,1454,,,,,,,8.9,70,1210,5.1,70,1615,1.4,1230,140,2.6,13,1701,41.1,7.5,992.2,1023.5,640,1017.5,1613,1020.8,13.3,10.9,1200,3.25,24.45,,,,,,5.5,3.1,22.5,7.4,,,,,,,,,,5.6,8,,,
135,√ﬂ«≥∑…,2021-04-22,19.6,12.6,539,26.1,1530,,,,,,,10.1,160,1314,6.4,140,1242,2.4,2055,140,2.5,18,1314,35.5,7.4,990.5,1021.3,635,1016.2,1615,1018.8,13.4,4.5,1200,3.22,19.27,,,,,,8.6,4.8,23.5,12.3,,,,,,,,,,6.2,8.9,,,
135,√ﬂ«≥∑…,2021-04-23,15.5,13,2400,18.8,1537,,,,,,,10.3,70,1552,6.3,70,1439,3.9,3353,90,.6,26,1819,36.4,6.4,991.2,1022,2109,1017.8,1603,1020,13.4,0,1400,1.42,10.05,,,,,,9.5,5.8,18,11.8,,,,,,,,,,3.9,5.6,,,
135,√ﬂ«≥∑…,2021-04-24,15.8,9.1,626,22.2,1436,,,,,,,6.1,70,1044,4.2,70,835,2,1737,50,3.2,30,1424,44.1,7.7,990.5,1022.2,645,1016.4,1727,1019.3,13.4,5.7,1200,3.08,20.62,,,,,,7.3,5.1,20.6,9.1,,,,,,,,,,4,5.8,,,
135,√ﬂ«≥∑…,2021-04-25,14,7.6,540,21.2,1536,,,,,,,10.7,50,629,6.5,20,632,3.1,2697,70,3.3,32,1539,50.6,7.8,990.8,1023.9,2359,1016.5,1605,1019.8,13.5,11.6,1200,3.43,26.56,,,,,,.8,0,20.3,7.6,,,,,,,,,,5.1,7.3,,,
135,√ﬂ«≥∑…,2021-04-26,12.5,4.9,558,19.7,1600,,,,,,,8.9,110,1106,5.5,70,931,2.6,2257,50,.7,18,1333,48.9,6.5,992.4,1024,1,1018.7,1714,1021.6,13.5,12,1100,3.43,26.64,,,,,,4,0,17.8,4.9,,,,,,,,,,4.7,6.7,,,
135,√ﬂ«≥∑…,2021-04-27,14,7.3,603,20.6,1421,,,,,,,7.2,290,1817,3.9,270,1807,1.1,942,160,4.5,33,1622,55,8.4,989,1021.6,40,1014.3,1558,1017.8,13.5,2.1,1100,2.1,15.86,,,,,,8.6,4.5,17.3,7.3,,,,,,,,,,3.2,4.6,,,
135,√ﬂ«≥∑…,2021-04-28,15.4,10.5,2333,19.7,1153,,0,,0,,0,11,250,1257,6.7,250,1232,3,2592,270,3.2,23,1255,46.9,7.8,987,1017.6,48,1013.9,1622,1015.6,13.6,4.5,1000,2.8,17.6,,,,,,7.5,1.6,17.3,10.5,,,,,,,,,,3.9,5.5,,,
135,√ﬂ«≥∑…,2021-04-29,14.8,9.1,159,20.5,1346,,0,,0,,0,20.2,230,2325,10,250,2332,2.6,2209,270,2.1,20,1521,44.5,7.1,977.3,1014.3,1,1002,2357,1005.8,13.6,6.8,1300,3.41,20.67,,,,,,7.8,3.5,17.9,9.1,,,,,,,,,,5.5,7.8,,,
135,√ﬂ«≥∑…,2021-04-30,12.9,9.1,2309,17.3,1252,,0,,0,,0,17.3,250,352,10.8,250,406,5.2,4450,270,3.3,24,1230,54.3,7.8,975.1,1008.9,2107,998.5,258,1003.8,13.6,7.6,1200,3.69,24.73,,,,,,8.3,4.5,16.1,9.1,,,,,,,,,,4.4,6.3,,,
135,√ﬂ«≥∑…,2021-05-01,9,7.8,642,11.5,1444,,.4,524,1.6,515,2.4,13.4,270,1828,7.7,270,1834,3.5,3007,270,3.9,55,1453,71.1,8.1,976.3,1008.8,2256,1002.7,506,1005.4,13.7,.2,1300,1.33,6.09,,,,,,7.4,7.3,10.2,6.5,,,,,,,,,,1.6,2.3,,,
135,√ﬂ«≥∑…,2021-05-02,10.7,6.1,449,17.2,1542,,.8,246,3.4,240,8.2,14,250,123,7.9,270,23,4.4,3817,270,4,36,1625,65.9,8.1,986.4,1020.2,2355,1008.4,21,1015.7,13.7,8.1,1100,3.71,25.78,,,,,,4.5,4,13,5.9,,,,,,,,,,4.1,5.8,,,
135,√ﬂ«≥∑…,2021-05-03,13.7,4.8,513,22.5,1548,,,,,,,9,270,1747,5.3,270,1639,2.1,1810,270,2.4,18,1723,52.9,7.3,988.6,1020.9,612,1013.7,1547,1017.5,13.7,11.6,1200,3.54,27.94,,,,,,4.3,.4,16.2,4.7,,,,,,,,,,5.2,7.4,,,
135,√ﬂ«≥∑…,2021-05-04,14.7,8.3,521,19.3,1355,,.9,1855,1.9,1842,5.3,10.6,160,1511,6.6,160,1511,2.1,1807,140,10.2,56,1107,75.5,12.7,981.6,1017.4,4,1002.4,2334,1010.2,13.8,0,1300,1.21,7.61,,,,,,10,4.9,15.9,8.3,,,,,,,,,,2.1,3,,,
135,√ﬂ«≥∑…,2021-05-05,14.2,8.5,2351,18.8,1457,,.6,110,1.8,20,2.8,23.3,250,1118,11.1,270,1126,5.4,4655,270,2.1,23,1727,48,7.6,983.8,1018.8,2345,1002.6,1,1012.5,13.8,11.4,1200,3.63,28.48,,,,,,2.4,2.1,17.1,6.8,,,,,,,,,,6,8.6,,,
135,√ﬂ«≥∑…,2021-05-06,13,1.7,531,21.9,1532,,,,,,,6.3,230,1511,3.8,160,1046,1.1,954,160,1.8,23,1333,50.4,7.1,987.2,1020,529,1013,1634,1016.2,13.8,7.4,900,2.44,20.95,,,,,,6.4,.4,16.6,1.7,,,,,,,,,,3.6,5.2,,,
135,√ﬂ«≥∑…,2021-05-07,12.6,6.1,556,21.5,1051,,.6,1323,1.2,1305,1.2,15.6,270,1211,9.2,250,1659,3.8,3270,270,4.5,40,1750,59.9,8.6,978.6,1013.3,1,1003.3,1150,1007.5,13.9,6.5,900,2.45,14.43,,,,,,4.8,2.5,13.9,6.1,,,,,,,,,,3.7,5.2,,,
135,√ﬂ«≥∑…,2021-05-08,14.9,2.9,511,23.3,1403,,,,,,,17.4,250,1619,9.3,270,1623,4.3,3694,270,3.8,23,1315,51,8.2,976.1,1009.3,23,998.8,1732,1004.5,13.9,11.4,1200,3.54,27.65,,,,,,.7,0,17.5,2.9,,,,,,,,,,6.8,9.8,,,
135,√ﬂ«≥∑…,2021-05-09,15.1,8.2,550,21.9,1451,,,,,,,14.9,290,1535,8.9,270,1539,3.1,2720,290,1.2,19,1440,43.5,6.8,980.8,1012.3,2353,1006.3,1,1009.5,13.9,12.6,1200,3.65,29.54,,,,,,.8,0,18.8,7.6,,,,,,,,,,6.3,9,,,
135,√ﬂ«≥∑…,2021-05-10,10.1,6.4,321,12.5,842,,2.5,1300,6.4,1258,17,6.8,270,933,4.6,90,1716,1.5,1319,90,6.4,49,841,79.4,9.8,985.2,1018.3,933,1012,252,1014.5,14,0,1600,.73,4.11,,,,,,8,6.1,9.8,6.4,,,,,,,,,,.8,1.1,,,
135,√ﬂ«≥∑…,2021-05-11,12.6,9.8,146,15.3,1323,,1.6,135,2.7,48,5.8,7.8,140,1310,5.6,140,1301,3,2596,70,8,56,1939,74.8,10.8,986.4,1016.6,808,1014.4,1514,1015.4,14,0,1200,1.41,8.43,,,,,,9.6,7.3,14.3,9.1,,,,,,,,,,2.2,3.1,,,
135,√ﬂ«≥∑…,2021-05-12,15.7,7.6,545,23.7,1512,,,,,,,8.5,70,1137,6,70,1244,2.8,2396,70,7.2,40,1130,59.4,10.2,984.5,1016.1,30,1009.4,1738,1013.1,14,12.1,1000,3.16,27.25,,,,,,2,.1,20.4,7,,,,,,,,,,4.9,7.1,,,
135,√ﬂ«≥∑…,2021-05-13,18.9,9.4,542,27.6,1520,,,,,,,5.5,90,1521,3.7,90,1626,1.2,1032,20,11.1,30,1627,64.1,13.3,983,1013.2,538,1008.3,1711,1011.2,14,12.6,1200,3.5,28.04,,,,,,3.5,.1,24.7,9.1,,,,,,,,,,4.9,6.9,,,
135,√ﬂ«≥∑…,2021-05-14,21.1,12.7,525,28.5,1639,,,,,,,7.4,70,1423,4.6,50,1227,1.7,1437,70,13.3,40,1640,63.8,15.4,983.1,1013.9,618,1008.5,1730,1011.1,14.1,11.6,1100,3.23,24.21,,,,,,6,1.8,24.7,12.1,,,,,,,,,,4.4,6.3,,,
135,√ﬂ«≥∑…,2021-05-15,19.2,16.7,424,21.1,1446,,.6,355,1.1,624,2.2,6.2,90,1147,4.4,70,1146,2,1754,90,16.2,57,21,83.8,18.5,979,1010.1,1,1004.4,1713,1007,14.1,0,1100,1.3,7.09,,,,,,8.8,8.3,21,16.7,,,,,,,,,,1.3,1.9,,,
135,√ﬂ«≥∑…,2021-05-16,20.5,19.2,258,22.2,1459,,13.4,506,22.5,455,53,5.4,270,2344,3.2,250,2328,1,853,250,19.2,90,1510,92.5,22.3,973.1,1005.3,148,997.7,1724,1000.8,14.1,0,1400,.61,3.52,,,,,,9.6,9.1,21.3,18.3,,,,,,,,,,.8,1.1,,,
135,√ﬂ«≥∑…,2021-05-17,16.1,13.6,2341,20.1,1,,.5,1419,2,1404,7.3,8.1,270,1407,5.4,270,1410,1.8,1522,270,14.6,85,1720,91.4,16.7,977.7,1010.3,2203,1000.7,29,1006.1,14.2,0,1300,.66,3.96,,,,,,8.9,8,17.4,13.6,,,,,,,,,,1,1.4,,,
135,√ﬂ«≥∑…,2021-05-18,16.5,12.6,2309,22.3,1641,,,,,,,6.8,270,1424,3.9,270,1333,2,1735,250,12.2,48,1548,77.4,14.3,981.7,1011.9,837,1007.9,1727,1010.1,14.2,6.3,1300,3.4,20.81,,,,,,6.9,4.6,20.8,12.6,,,,,,,,,,3.8,5.4,,,
135,√ﬂ«≥∑…,2021-05-19,18.9,12.3,548,26.2,1552,,,,,,,8.4,250,1115,6.2,270,851,2.6,2277,270,11.5,36,1416,66.1,13.6,982.8,1012.8,805,1008.3,1750,1010.9,14.2,11.1,1200,3.62,28.94,,,,,,5.6,2.3,22.5,12.1,,,,,,,,,,5.1,7.3,,,
135,√ﬂ«≥∑…,2021-05-20,14.6,13.6,331,16.9,812,,1,1120,4.5,1050,14.7,9.9,50,1222,6.2,70,1140,2.1,1778,90,12.4,73,715,87.3,14.4,976.7,1012.1,45,1000.9,1954,1005.2,14.2,0,1300,.71,4.51,,,,,,9.8,9.1,15.6,13.6,,,,,,,,,,1.1,1.6,,,
135,√ﬂ«≥∑…,2021-05-21,13.8,13.1,1956,15.1,802,,.4,11,.9,-2348,1.5,12.3,270,743,8,270,743,4.1,3503,270,11.2,78,818,84.8,13.3,977.1,1010.1,2252,1000.4,101,1005.6,14.2,.3,700,.95,4.82,,,,,,6.9,6.6,14.3,12,,,,,,,,,,1.3,1.8,,,
135,√ﬂ«≥∑…,2021-05-22,17.8,12.8,9,23,1638,,,,,,,12.3,250,1531,7.3,250,1112,4.7,4046,250,11.6,52,1642,68.6,13.7,981.7,1012,840,1007.3,1600,1010,14.3,9.5,1200,3.55,26.86,,,,,,3,2.9,20.1,11.8,,,,,,,,,,5.1,7.3,,,
135,√ﬂ«≥∑…,2021-05-23,19.5,12,554,26.7,1423,,,,,,,8,270,11,5.9,270,17,2.6,2272,270,11.9,29,1442,63.9,14,981.9,1012.8,550,1007.6,1508,1010,14.3,8.2,1300,3.4,22.75,,,,,,6.8,3.8,22.8,10.8,,,,,,,,,,4.3,6.2,,,
135,√ﬂ«≥∑…,2021-05-24,18.6,11.6,2320,23.5,1512,,,,,,,11.4,250,1639,6.2,250,1540,2.7,2297,250,8.5,21,1828,54.5,11.5,979,1010.2,2323,1004.5,1506,1007.1,14.3,7,1100,3.3,22.95,,,,,,6.4,3.9,22,11.6,,,,,,,,,,4.5,6.4,,,
135,√ﬂ«≥∑…,2021-05-25,13.6,7.6,434,20.2,1456,,1.2,834,3,826,3.2,18.6,270,1508,10.6,270,1438,3.1,2651,290,4.6,22,1807,60.4,8.7,978.6,1011,2334,1004.3,1403,1007.2,14.3,0,1300,3.17,21.45,,,,,,3.4,1.8,15.1,7.6,,,,,,,,,,4.5,6.4,,,
135,√ﬂ«≥∑…,2021-05-26,14.6,7.5,500,20.1,1426,,,,,,,5.1,180,2249,2.7,160,1216,1.1,931,160,7.6,45,1301,64.3,10.5,980.1,1012.6,449,1005.3,1756,1008.7,14.4,0,1100,2.61,14.86,,,,,,9.5,2.4,17.7,7.5,,,,,,,,,,2.5,3.6,,,
135,√ﬂ«≥∑…,2021-05-27,15.2,9.8,2335,20.3,1527,,.7,926,.9,858,1.2,14.2,270,1624,7.8,270,1541,2.6,2252,270,9.8,51,1646,71.1,12.2,973.9,1006.6,2359,999.9,1355,1002.2,14.4,0,1400,2.29,13.1,,,,,,5.1,4.5,16.7,9.6,,,,,,,,,,3,4.3,,,
135,√ﬂ«≥∑…,2021-05-28,13.3,6.4,420,22.4,1100,,3.2,1239,10.8,1220,17.7,18.5,360,1202,12.4,360,1211,2.9,2500,270,8.8,43,1046,75.5,11.5,973,1006.6,4,997.2,1123,1001.5,14.4,0,1000,3.21,15.71,,,,,,5.9,4.5,15,6.4,,,,,,,,,,3.2,4.6,,,
135,√ﬂ«≥∑…,2021-05-29,16.8,11.8,2358,22.6,1432,,,,,,,13.9,270,303,8.7,270,234,3.6,3079,270,8.8,41,1138,61.8,11.3,977.7,1009.8,2319,1002.1,13,1006,14.4,0,1100,3.54,24.71,,,,,,4.4,2.8,19.2,10.8,,,,,,,,,,4.3,6.1,,,
135,√ﬂ«≥∑…,2021-05-30,18.4,8.6,519,25.8,1529,,5,2305,15.1,2254,15.5,6.9,90,1408,4.1,90,1428,1.3,1156,70,10.8,38,1337,65.4,13.1,980.6,1011.2,2328,1006.1,1730,1008.8,14.4,8,1200,3.61,28.87,,,,,,3,1.5,24.3,9.3,,,,,,,,,,4.8,6.9,,,
135,√ﬂ«≥∑…,2021-05-31,18.4,14.6,553,24.1,1511,,1.9,222,3.6,147,6.7,5.8,50,1552,3.9,50,1553,1.7,1461,70,14.9,60,1507,81.3,16.9,983.1,1013.7,2303,1009.6,1423,1011.3,14.4,.9,1300,2.42,15.43,,,,,,6.6,6.3,23.7,14.6,,,,,,,,,,2.7,3.9,,,
135,√ﬂ«≥∑…,2021-06-01,19.6,13.3,500,26.2,1435,,,,,,,6.8,290,1414,4.4,270,1420,1.4,1172,70,13.7,44,1658,71.3,15.7,985.8,1016,825,1012.5,1648,1013.9,14.5,8.7,1200,3.22,24.7,,,,,,6.9,2,25.5,13.3,,,,,,,,,,4.1,5.9,,,
135,√ﬂ«≥∑…,2021-06-02,20.8,14.6,535,28,1358,,,,,,,6.9,70,1309,3.9,70,1203,1.2,1015,70,13.9,30,1621,67.3,15.9,984.5,1015.6,629,1009.9,1713,1012.5,14.5,10.8,1200,3.38,26.01,,,,,,4.9,.9,25.6,14.6,,,,,,,,,,4.3,6.1,,,
135,√ﬂ«≥∑…,2021-06-03,16.7,12.3,524,18.5,843,,1.9,1503,6.7,1439,25.2,8.9,270,2338,6.3,270,2345,1.3,1142,70,14.7,77,825,88.9,16.9,976.1,1012.1,35,999.3,1802,1004.3,14.5,.1,1000,.48,4.61,,,,,,9.1,6.6,17.9,12.3,,,,,,,,,,1.2,1.7,,,
135,√ﬂ«≥∑…,2021-06-04,16.8,11.1,2353,23.7,1603,,1,202,2.6,128,2.6,9.7,270,336,7,270,339,3.3,2835,270,10.2,38,1612,67.6,12.5,973.9,1004.1,2309,999.8,108,1002.1,14.5,7.8,1200,3.71,24.62,,,,,,5.8,2.5,20.5,11.1,,,,,,,,,,4.6,6.6,,,
135,√ﬂ«≥∑…,2021-06-05,18.4,8.5,527,26.2,1337,,,,,,,14.2,270,1112,8.7,270,1112,2.1,1839,270,11.8,47,1142,68.1,14,973.6,1004.1,2331,999.2,1733,1001.6,14.5,11.3,1100,3.41,25.84,,,,,,2.3,0,21.3,8.5,,,,,,,,,,4.5,6.5,,,
135,√ﬂ«≥∑…,2021-06-06,20.4,14.3,551,27,1542,,0,,0,,0,7.6,250,1627,4.5,270,1510,1.6,1392,290,13.9,43,1550,69.8,15.9,978.9,1011.6,2355,1003.9,1,1006.9,14.5,9,1200,3.41,23.27,,,,,,2.1,.6,24,14.3,,,,,,,,,,4.8,6.9,,,
135,√ﬂ«≥∑…,2021-06-07,20.5,12.4,520,28,1611,,,,,,,8.5,270,1050,4,250,1053,1,868,250,12.9,32,1213,65.9,15,985.2,1014.7,2157,1011.5,11,1013.2,14.5,8.2,1000,2.97,21.94,,,,,,4.5,1,23.6,12.4,,,,,,,,,,4.1,5.8,,,
135,√ﬂ«≥∑…,2021-06-08,23.1,15.6,505,30.5,1545,,,,,,,4.5,250,1417,2.9,250,1031,1,860,250,12.8,21,1327,57.6,14.9,986.7,1016.4,755,1013,1732,1014.5,14.6,11.5,1200,3.48,27.7,,,,,,5.6,2,29,15.6,,,,,,,,,,5.6,8.1,,,
135,√ﬂ«≥∑…,2021-06-09,23.3,17.6,458,29.4,1542,,,,,,,7.1,50,1326,4.4,50,1327,1.9,1633,20,15.1,38,1717,62.1,17.2,986.9,1016.7,723,1012.4,1551,1014.7,14.6,12.1,1200,3.44,27.85,,,,,,4,1,29.6,17.6,,,,,,,,,,5.5,7.9,,,
135,√ﬂ«≥∑…,2021-06-10,21.9,16.3,520,27.2,1517,,.3,2156,.9,2200,1.7,6.9,90,1125,4.8,70,1157,1.8,1560,70,15.1,46,1432,67.1,17.2,984.2,1014.8,29,1009.6,2343,1012.1,14.6,4.3,1000,2.54,18.11,,,,,,8.5,2.4,26.4,16.3,,,,,,,,,,3.5,4.9,,,
135,√ﬂ«≥∑…,2021-06-11,21.2,17.8,647,26.6,1553,,1,522,2.9,522,11.1,5,50,330,3.2,50,335,1.1,949,20,17.9,61,1359,82.4,20.5,982.2,1012.2,2241,1008.6,1556,1010.1,14.6,3.5,1300,3.37,17.15,,,,,,7.6,7,24.9,17.8,,,,,,,,,,3,4.4,,,
135,√ﬂ«≥∑…,2021-06-12,23.2,18.6,439,27.7,1445,,,,,,,5.7,50,1536,3.7,70,1156,1.5,1335,70,18.6,58,1430,77.1,21.5,983.3,1013.1,809,1008.8,1745,1011,14.6,7.4,1300,2.67,22.29,,,,,,6.6,4.5,29.4,18.6,,,,,,,,,,4.1,5.8,,,
135,√ﬂ«≥∑…,2021-06-13,23.2,18.5,435,30,1644,,,,,,,6.2,50,1417,3.1,110,1251,1,905,50,18.2,38,1300,75.6,20.9,979.9,1010.8,101,1004.1,1711,1007.5,14.6,8.3,1200,3.47,25.21,,,,,,3.9,1.9,31.2,18.5,,,,,,,,,,4.6,6.5,,,
135,√ﬂ«≥∑…,2021-06-14,22.9,19.5,102,27.1,1544,,,,,,,6.4,50,1156,4.4,50,1040,1.6,1412,90,18.6,60,1549,77.6,21.4,977.8,1007.4,609,1003.7,1828,1005.5,14.6,1.7,1300,2.3,14.43,,,,,,8.1,5.6,26.6,19.5,,,,,,,,,,2.9,4.2,,,
135,√ﬂ«≥∑…,2021-06-15,19.9,18.3,2304,21.6,7,,.3,1148,1,1146,1.5,8.5,90,1902,5.1,90,1857,3.5,3019,70,16.8,74,1042,82.3,19.1,976.4,1005.6,1,1003.2,1644,1004.4,14.6,0,900,.85,6.84,,,,,,7,5.1,21.7,18.3,,,,,,,,,,1.6,2.3,,,
135,√ﬂ«≥∑…,2021-06-16,19.6,17.5,556,23.1,1637,,.2,144,.8,146,2.2,10.1,90,1249,5.4,90,1231,3.4,2980,90,15.7,64,1628,78.6,17.8,977.5,1007.7,2106,1003.4,252,1005.4,14.6,1.1,1600,1.87,11.26,,,,,,6.9,6.5,22,17.5,,,,,,,,,,2.4,3.4,,,
135,√ﬂ«≥∑…,2021-06-17,19,16.7,418,22.2,1414,,.1,,.1,,.1,6.3,70,718,4.3,70,952,2.2,1872,70,15.3,67,1145,79.3,17.4,978.4,1008.2,827,1004.8,2359,1006.4,14.6,.3,1300,1.83,11.13,,,,,,9.7,9,22.8,16.7,,,,,,,,,,1.9,2.7,,,
135,√ﬂ«≥∑…,2021-06-18,20.2,17.7,312,23.1,1300,,.6,230,1.2,229,2.8,6.5,270,1822,4.4,270,1335,1.9,1603,270,17.3,72,1310,84,19.8,973.6,1004.8,1,998.9,1739,1001.4,14.6,.2,1200,2,9.51,,,,,,8.1,7.1,22.7,17.7,,,,,,,,,,2.3,3.3,,,
135,√ﬂ«≥∑…,2021-06-19,21.7,17.1,2356,27.8,1652,,,,,,,6.8,270,150,4.7,250,942,2.1,1811,270,14.5,35,1657,66.9,16.5,973,1002.4,2307,998.7,1526,1000.6,14.6,10.9,1200,3.67,29.36,,,,,,4.3,1.8,28.4,17.1,,,,,,,,,,5.1,7.3,,,
135,√ﬂ«≥∑…,2021-06-20,22.4,14.1,545,30.6,1439,,,,,,,8.6,270,1337,5.6,250,1607,1.8,1557,270,11.6,23,1524,56.4,13.8,973.6,1002.7,711,999.2,1514,1001.1,14.6,10.9,1200,3.66,27.82,,,,,,4.6,.5,25.8,14.1,,,,,,,,,,6.2,8.8,,,
135,√ﬂ«≥∑…,2021-06-21,21.9,16.7,243,28.2,1541,,,,,,,9.6,270,1258,5.2,250,1121,2.3,1955,250,13.8,38,1756,62.3,15.8,976.3,1007.6,2356,1001.8,116,1004,14.6,10,1200,3.6,28.04,,,,,,2.9,.6,24.8,16.7,,,,,,,,,,5.3,7.6,,,
135,√ﬂ«≥∑…,2021-06-22,19.4,14,528,24.7,1450,,.4,1756,.4,1707,.5,7.9,160,1643,5.7,180,1643,2,1700,70,15.6,61,1205,79.8,17.7,980.9,1010.8,2330,1007,1605,1009,14.6,5,1100,3.18,20.19,,,,,,6.4,4,24.8,14,,,,,,,,,,3.3,4.7,,,
135,√ﬂ«≥∑…,2021-06-23,18.2,17.3,436,19.5,1618,,.2,,.2,,.6,7.1,90,951,5.2,70,948,2.4,2065,50,15.9,80,1220,86.5,18.1,982.8,1012.4,2302,1009.9,253,1010.9,14.6,0,1100,.96,5.8,,,,,,7.8,7.5,18.9,17.3,,,,,,,,,,1.3,1.8,,,
135,√ﬂ«≥∑…,2021-06-24,21.1,17.6,445,26.2,1506,,,,,,,4.9,160,1309,2.9,160,1314,1.3,1100,90,15.8,49,1629,73.6,18,983.1,1012.8,809,1008.8,1748,1011.1,14.6,4.2,1200,3.33,19.96,,,,,,6.9,4.5,25.3,17.6,,,,,,,,,,3.8,5.4,,,
135,√ﬂ«≥∑…,2021-06-25,22.9,16.8,515,29,1440,,0,,0,,0,7.5,160,1455,5.1,270,2121,1.8,1575,270,16.3,41,1430,68.4,18.6,982.3,1012.1,557,1007.4,1652,1010.1,14.6,10.1,1300,3.28,26.8,,,,,,5.1,3.8,28.8,16.8,,,,,,,,,,4.6,6.6,,,
135,√ﬂ«≥∑…,2021-06-26,20.9,18.5,535,26,1448,,.2,458,.9,734,2.2,6.4,290,101,4.4,270,23,1.3,1158,270,17.3,53,1421,81,19.7,982.2,1011.9,837,1008.1,1717,1010,14.6,1.4,1300,3.02,14.09,,,,,,8.9,7.8,25,18.5,,,,,,,,,,2.7,3.9,,,
135,√ﬂ«≥∑…,2021-06-27,22,15.8,513,27.7,1353,,,,,,,7.2,70,2335,4.9,70,2339,1.8,1538,50,16.2,51,1306,71.5,18.4,979.4,1009.7,429,1004.3,1715,1007.2,14.6,6,1300,3.1,21.32,,,,,,5.6,1.9,25.7,15.8,,,,,,,,,,4.4,6.2,,,
135,√ﬂ«≥∑…,2021-06-28,22.4,17.9,506,27.9,1408,,,,,,,7.7,70,1308,5,70,1513,2.7,2337,70,16.5,51,1406,70.4,18.7,977.4,1007,500,1002.6,1700,1005.1,14.6,7.5,1300,3.47,24.31,,,,,,7.1,4.3,28.1,17.9,,,,,,,,,,4.6,6.6,,,
135,√ﬂ«≥∑…,2021-06-29,21.9,16.5,530,28.3,1335,,.3,1839,.3,1839,.3,6.8,70,1224,4,70,1301,1.6,1400,70,17,49,1418,75.3,19.4,977.7,1007.2,2348,1003.5,1621,1005.4,14.6,7.2,1200,3.7,22.54,,,,,,5.5,3.9,25.3,16.3,,,,,,,,,,3.8,5.5,,,
135,√ﬂ«≥∑…,2021-06-30,22.3,19.2,208,27.3,1538,,0,,0,,0,5.3,110,1435,3.5,70,1623,1.4,1191,70,18.6,57,1528,80.5,21.4,978.9,1008.1,1045,1005.1,1750,1006.7,14.6,2.7,1400,2.67,15.18,,,,,,6.7,4.1,26.9,19.2,,,,,,,,,,2.8,4,,,
135,√ﬂ«≥∑…,2021-07-01,23.9,19,158,29.7,1551,,,,,,,5.9,70,2231,4.5,70,2237,1.8,1567,70,17.6,47,1528,69.9,20.2,978.9,1008,720,1003.8,1726,1006.4,14.6,7.3,1000,2.79,22.68,,,,,,5.3,2.1,29.1,18.8,,,,,,,,,,4.4,6.3,,,
135,√ﬂ«≥∑…,2021-07-02,23.5,16.3,537,28.8,1505,,0,,0,,0,9,90,1833,5.6,90,1940,2.6,2288,70,16.6,49,1454,66.5,18.9,981.2,1011.5,2327,1006.9,1554,1008.9,14.6,7.9,1200,3.52,24.86,,,,,,5.4,1.8,29.4,16.3,,,,,,,,,,5.3,7.5,,,
135,√ﬂ«≥∑…,2021-07-03,20.9,20,1857,23.1,1140,,2.3,2217,6.9,2158,24,17.4,50,1419,8.6,70,1424,4.5,3899,70,17.9,73,1113,83.1,20.5,979.3,1011.5,1,1002.9,2400,1007.2,14.6,.1,800,1.01,5.61,,,,,,8.6,,22.1,19.9,,,,,,,,,,1.7,2.4,,,
135,√ﬂ«≥∑…,2021-07-04,23.6,20.1,20,27.8,1103,,2.3,9,5.4,1,5.9,11.4,290,1605,6.8,270,1940,3,2612,270,18.7,61,1104,75.1,21.5,977,1009.3,2315,1000.1,324,1004.5,14.6,3.7,1100,3.02,20.45,,,,,,7.1,6.4,27.5,20.1,,,,,,,,,,4,5.7,,,
135,√ﬂ«≥∑…,2021-07-05,21.3,19.5,547,23.7,1121,,3.1,2053,11.6,2030,31,6.7,270,17,4.2,270,13,1.3,1153,250,18.2,71,1122,83.1,21,981.7,1011.4,945,1008.3,2311,1009.6,14.6,0,1100,1.25,8.14,,,,,,9.6,6.4,24.3,19.5,,,,,,,,,,1.5,2.2,,,
135,√ﬂ«≥∑…,2021-07-06,22,20.1,457,24.8,1223,,4.6,1720,9.2,1705,25.2,5,250,1023,3.6,250,1012,1,868,140,20.4,78,1216,91.1,24,979.5,1009,2342,1006.1,1247,1007.3,14.5,.1,900,1.56,8.85,,,,,,8.8,8.3,23.2,20.1,,,,,,,,,,1.4,2,,,
135,√ﬂ«≥∑…,2021-07-07,23.2,21.3,151,26.5,1534,,11.8,535,25.2,505,42.7,4.7,160,1802,3.3,160,1809,.9,797,140,21.7,79,1359,91.6,26,979.4,1009.4,1035,1005,1808,1007,14.5,.3,1300,2.34,8.84,,,,,,9.6,9,25.6,21.3,,,,,,,,,,2,2.8,,,
135,√ﬂ«≥∑…,2021-07-08,23.9,21.1,606,27.3,1532,,13.2,226,36.7,211,69.1,7.5,50,511,4.4,50,518,1.4,1181,180,21,70,1152,85,24.9,977.5,1006.2,727,1003.5,159,1005,14.5,1.9,1100,1.98,16.04,,,,,,9.6,8.5,28.7,21.1,,,,,,,,,,2.5,3.5,,,
135,√ﬂ«≥∑…,2021-07-09,24.2,21.2,2338,29.8,1524,,.5,631,1.4,631,2.2,5.8,50,759,3.8,50,740,1.2,1029,270,20.7,55,1607,82.5,24.4,977.4,1007,2353,1003,1536,1004.9,14.5,5.7,1400,3.22,20.79,,,,,,5.6,4,29.7,21.2,,,,,,,,,,4.2,6,,,
135,√ﬂ«≥∑…,2021-07-10,23.6,20.5,522,30.3,1412,,3.2,1654,3.2,1644,5.8,13.5,360,1657,5.3,270,1519,1.5,1293,180,19.8,53,1605,81.3,23.1,980.1,1011.3,2235,1005,1620,1007.7,14.5,6,1300,2.9,20.29,,,,,,6,4,28.7,20.5,,,,,,,,,,3.7,5.2,,,
135,√ﬂ«≥∑…,2021-07-11,24.1,19.6,603,30.3,1421,,.7,2102,1.2,2012,1.2,13.8,50,1941,7.8,20,1948,1.6,1394,270,20.6,59,1451,82.5,24.3,982.4,1011.4,2113,1008.2,1727,1010.1,14.5,7.8,1300,3.6,23.79,,,,,,6.8,5,27.7,19.6,,,,,,,,,,4.5,6.4,,,
135,√ﬂ«≥∑…,2021-07-12,26,20.9,549,31.6,1243,,0,,0,,0,5.3,110,1513,3.4,70,1259,1.2,995,50,22.1,57,1245,80.6,26.7,982.3,1011.6,515,1007.9,1735,1009.7,14.5,8.1,1200,3.29,23.78,,,,,,6.6,3.1,32.4,20.9,,,,,,,,,,4.1,5.9,,,
135,√ﬂ«≥∑…,2021-07-13,26.5,21.7,312,32.4,1445,,,,,,,5.9,160,1340,4.4,70,1604,1.5,1303,20,22.4,56,1409,79.8,27.1,982.6,1011.4,2330,1008.2,1551,1010,14.4,5.5,1300,3.47,20.79,,,,,,5.6,2.8,32.9,21.7,,,,,,,,,,4.3,6.1,,,
135,√ﬂ«≥∑…,2021-07-14,26.3,21.6,433,32.5,1353,,0,,0,,0,7.2,160,1345,4,290,1803,1,903,50,22.2,55,1356,80,26.8,984.7,1013.6,747,1010.4,1626,1012.1,14.4,7.7,1200,3.3,24.45,,,,,,5.3,3.1,33.4,21.6,,,,,,,,,,4.3,6.1,,,
135,√ﬂ«≥∑…,2021-07-15,25.5,21.7,2316,32.5,1348,,0,,0,,0,7.4,90,1628,4.3,70,1634,1.3,1121,160,22,53,1340,82.1,26.5,986.7,1015.5,2225,1012.7,1408,1014.2,14.4,4.9,1200,3.54,18.06,,,,,,7,2.1,27.3,21.7,,,,,,,,,,3.7,5.2,,,
135,√ﬂ«≥∑…,2021-07-16,25.3,21,354,31.1,1557,,,,,,,9.2,70,1717,5.4,70,1720,1.8,1531,70,20.6,53,1523,76.6,24.2,986.8,1016.4,745,1011.3,1618,1014.4,14.4,6.3,1300,3.56,23.84,,,,,,4.8,3.6,31.9,21,,,,,,,,,,4.6,6.6,,,
135,√ﬂ«≥∑…,2021-07-17,24.8,21.3,548,28.7,1248,,0,,0,,0,9,70,1250,5.9,70,1232,2.2,1890,70,20.3,62,1213,76.6,23.8,984.5,1014.1,10,1010.1,1805,1012.1,14.4,4.4,1100,2.56,19.1,,,,,,6.5,5.8,30.2,21.3,,,,,,,,,,3.7,5.3,,,
135,√ﬂ«≥∑…,2021-07-18,24.2,20.1,556,30,1518,,2.2,1727,2.2,1726,2.3,12.2,110,1727,7.6,90,1734,1.7,1509,90,20.4,56,1504,80.5,24,984,1012.9,2357,1009.3,1628,1011.7,14.3,7.1,1200,3.17,21.13,,,,,,7.8,4.3,30.7,20.1,,,,,,,,,,3.7,5.2,,,
135,√ﬂ«≥∑…,2021-07-19,24.2,21.7,525,29.1,1212,,1.6,1423,4.6,1422,5,6.6,160,1416,4.2,140,1424,1.1,984,50,21.3,59,1219,84.6,25.4,985.6,1014.5,2332,1012.2,1726,1013.2,14.3,2.2,1200,3.43,16.67,,,,,,9.1,6.5,26.7,21.7,,,,,,,,,,3,4.3,,,
135,√ﬂ«≥∑…,2021-07-20,25.7,22.5,534,29.7,1622,,0,,0,,0,6.1,70,924,4.1,70,927,1.4,1217,50,21.7,60,1303,80,26,986.5,1015.7,806,1012.1,1757,1014,14.3,3.8,1100,2.19,17.15,,,,,,8.9,2.3,29.6,22.5,,,,,,,,,,3.4,4.9,,,
135,√ﬂ«≥∑…,2021-07-21,25.7,20.5,556,31.4,1701,,,,,,,7,70,1456,4.7,90,1445,2.1,1821,70,20,53,1420,72.5,23.5,985.3,1014.7,642,1010.4,1733,1012.9,14.3,10.6,1200,3.54,27.62,,,,,,5.8,.4,31.7,20.5,,,,,,,,,,5.7,8.1,,,
135,√ﬂ«≥∑…,2021-07-22,25.1,19.6,427,29.9,1349,,,,,,,7.3,90,940,4.7,90,947,1.6,1411,50,20.9,59,1350,78.5,24.8,983.8,1013.6,19,1009.3,1819,1011.4,14.3,9.3,1300,2.75,23.04,,,,,,6.6,1.6,30.9,19.6,,,,,,,,,,4.1,5.9,,,
135,√ﬂ«≥∑…,2021-07-23,25.7,20.7,522,30.5,1607,,,,,,,6.7,50,1450,4.1,70,1454,1.5,1315,50,21.2,55,1638,77.5,25.1,982,1011.3,628,1007.5,1742,1009.5,14.2,9.9,1200,3.2,23.57,,,,,,7.3,1.4,30.9,20.7,,,,,,,,,,4,5.8,,,
135,√ﬂ«≥∑…,2021-07-24,26.2,22.1,527,31.2,1428,,,,,,,6.8,90,1313,4.6,70,1258,1.9,1675,90,21,55,1258,74.4,24.9,981,1010.1,837,1006.5,1808,1008.4,14.2,8.7,1300,3.16,23.01,,,,,,7.4,.8,29.6,22.1,,,,,,,,,,4.8,6.8,,,
135,√ﬂ«≥∑…,2021-07-25,25.8,20.9,500,29.9,1520,,,,,,,7.1,90,1249,4.5,70,1530,2.5,2134,70,21.1,62,1524,76.4,25.1,979.5,1008.8,324,1004.7,1807,1006.9,14.2,7.3,1200,2.34,20.29,,,,,,7,1.9,29.7,20.9,,,,,,,,,,4,5.7,,,
135,√ﬂ«≥∑…,2021-07-26,25.6,21.2,551,31.2,1418,,,,,,,8.8,160,1015,5,140,1015,2.2,1859,90,20.2,51,1420,73.9,23.7,977.4,1006.8,1,1002.6,1742,1004.7,14.2,7.6,1300,2.75,21.79,,,,,,4,2.8,30.9,21.2,,,,,,,,,,4.2,5.9,,,
135,√ﬂ«≥∑…,2021-07-27,26,19.7,458,31.7,1518,,.3,2139,.4,2134,.4,6.9,90,1200,4.4,50,2109,1.4,1210,50,20.6,52,1515,74.1,24.3,975.9,1004.7,130,1000.7,1659,1003.2,14.1,10,1200,3.28,23.64,,,,,,2.4,1.5,31.3,19.7,,,,,,,,,,4.5,6.4,,,
135,√ﬂ«≥∑…,2021-07-28,26.3,20.7,449,32.5,1547,,,,,,,6.5,70,1328,3.6,50,1317,1.3,1122,70,20,43,1532,71,23.5,975.5,1004.5,618,1000.1,1709,1002.7,14.1,11.8,1300,3.49,27.61,,,,,,3.6,2.1,33.1,20.7,,,,,,,,,,5.3,7.5,,,
135,√ﬂ«≥∑…,2021-07-29,27.4,21.7,541,32.6,1310,,,,,,,5.9,270,2354,4,270,2358,1.2,1001,20,21.4,47,1603,71.5,25.4,974.4,1003.7,732,999.5,1741,1001.5,14.1,8.7,1100,3.5,23.31,,,,,,6,1.6,32,21.7,,,,,,,,,,4.6,6.6,,,
135,√ﬂ«≥∑…,2021-07-30,27.6,23.2,554,33.7,1444,,,,,,,6.9,140,1430,4,140,1518,1.4,1216,110,22,47,1431,73.1,26.4,973.2,1002.1,728,998.3,1700,1000.3,14,8.2,1300,3.41,23.38,,,,,,5.8,1.1,33.3,23.2,,,,,,,,,,4.7,6.7,,,
135,√ﬂ«≥∑…,2021-07-31,28.2,23.2,4,33,1513,,1.1,531,2,450,2.3,5.1,250,429,3.5,270,434,1.3,1105,270,22.2,52,1339,71.6,26.8,973.1,1001.8,817,998,1733,1000,14,8.2,1100,3.25,22.85,,,,,,6.5,6,31.7,23.2,,,,,,,,,,4.6,6.6,,,
135,√ﬂ«≥∑…,2021-08-01,26.1,22.8,2109,33,1344,,5.7,1528,9.7,1458,26.6,10.3,270,1504,7,270,1509,1.5,1304,50,21.7,50,1211,78.6,26,973.3,1002.6,2138,997.8,1403,1000.5,14,4.8,1100,3.44,16.6,,,,,,7.3,5.4,28.8,22.8,,,,,,,,,,3.1,4.4,,,
135,√ﬂ«≥∑…,2021-08-02,24.3,22.7,206,28.8,1204,,15.8,1825,27.6,1814,41,6.7,270,1309,4.2,270,1247,1.2,1006,90,22.3,74,1206,89.1,27,976,1006,2349,1001.5,130,1003.3,14,1.2,1500,2.46,11.57,,,,,,9.1,7.8,26.5,22.7,,,,,,,,,,2,2.9,,,
135,√ﬂ«≥∑…,2021-08-03,26,22.7,7,30.7,1552,,.4,536,.9,505,.9,4.5,160,1456,2.8,160,1458,1.1,926,160,22.7,59,1523,83.1,27.6,980.1,1009.6,2333,1005.2,211,1007.5,13.9,4.9,1300,2.59,17.46,,,,,,8.3,,29.7,22.7,,,,,,,,,,3.5,4.9,,,
135,√ﬂ«≥∑…,2021-08-04,26.8,22.2,528,32.1,1324,,0,,0,,0,5.7,250,1010,3.2,270,1051,1,881,20,22.5,54,1412,79.1,27.3,981.1,1010.4,737,1006.3,1807,1008.4,13.9,9,1200,3.62,23.18,,,,,,4.3,2.5,29.5,22.2,,,,,,,,,,4.2,6.1,,,
135,√ﬂ«≥∑…,2021-08-05,27.5,22.9,557,33.2,1424,,,,,,,7,270,1921,5.1,270,1916,1.6,1415,250,22.3,49,1317,75,26.9,978.4,1008.1,33,1002.9,1730,1005.6,13.9,11,1200,3.58,26.96,,,,,,5.4,1.5,31.2,22.9,,,,,,,,,,5.3,7.6,,,
135,√ﬂ«≥∑…,2021-08-06,26.6,21.5,2348,33.4,1436,,1.9,1912,2.2,1840,2.2,12.3,250,1832,8.1,250,1839,1.6,1380,360,21.8,46,1438,77,26.2,975.7,1005,1,1000,1609,1002.9,13.8,9,1300,3.27,22.14,,,,,,4.9,2.3,32.2,21.5,,,,,,,,,,4.4,6.3,,,
135,√ﬂ«≥∑…,2021-08-07,25.9,20.5,557,32.4,1415,,,,,,,8.6,160,2204,5.5,160,2206,1.7,1493,250,21,48,1418,76.4,24.9,975.3,1004.6,2313,1000.6,1743,1002.6,13.8,9.1,1200,3.5,24.6,,,,,,6.3,2.5,28.2,20.5,,,,,,,,,,4.4,6.3,,,
135,√ﬂ«≥∑…,2021-08-08,23.5,21.2,514,27.4,1038,,.8,1550,1,1513,1,10.7,50,1443,7.1,50,1444,1.8,1544,50,20.8,72,1153,85.5,24.5,975.3,1004.1,644,1001.3,2311,1002.7,13.8,.6,1000,1.94,8.35,,,,,,9.4,6.5,26.1,21.2,,,,,,,,,,2,2.9,,,
135,√ﬂ«≥∑…,2021-08-09,25.1,21.2,309,30.3,1515,,0,,0,,0,9.5,20,1841,6,20,1850,2.5,2183,270,19.5,52,1519,72.6,22.6,975.2,1005.9,2254,1001,432,1002.5,13.8,7.7,1300,3.3,21.58,,,,,,6.7,3,28.2,21.2,,,,,,,,,,3.6,5.1,,,
135,√ﬂ«≥∑…,2021-08-10,22.8,20.2,2354,26.1,1551,,.4,1421,.4,,.5,6.6,90,1312,4.6,50,1103,2.1,1791,70,19.5,67,1636,82.6,22.7,980.7,1010.5,2320,1005.6,10,1008.4,13.7,1.3,1500,1.74,11.58,,,,,,7.4,6.6,24.7,20.2,,,,,,,,,,2.2,3.2,,,
135,√ﬂ«≥∑…,2021-08-11,24.1,19.2,148,30.2,1600,,,,,,,6.6,160,1048,4.7,160,1049,1.2,1076,160,19.7,47,1611,78.6,23,982.5,1012.3,806,1007.6,1651,1010.1,13.7,10,,,,,,,,,3.3,2.5,29.9,19.2,,,,,,,,,,2.1,3,,,
135,√ﬂ«≥∑…,2021-08-12,24.6,20.6,432,29.8,1406,,,,,,,6.5,50,2155,4.5,50,2203,1.4,1242,50,20.6,56,1435,79.4,24.3,981.8,1011.4,909,1007.4,1554,1009.4,13.6,2.8,,,,,,,,,7.1,4.6,29.7,20.6,,,,,,,,,,,,,,
135,√ﬂ«≥∑…,2021-08-13,23.7,20.7,202,27.8,1448,,.1,2348,.1,2258,.1,6.6,90,1158,4.6,70,1041,1.8,1584,90,20.1,62,1359,81.1,23.5,978.5,1008.5,203,1003.8,1608,1006.1,13.6,2.2,1000,2.61,15.53,,,,,,9,4.3,28.6,20.7,,,,,,,,,,2.8,4,,,
135,√ﬂ«≥∑…,2021-08-14,21.8,19.7,2316,26.2,1553,,1.6,523,3.8,459,5.8,7.6,20,1505,4.6,20,1524,1.6,1405,90,19.2,64,1547,85.9,22.3,979.8,1011.3,2341,1005.9,53,1007.6,13.6,2.8,1500,2.4,12.81,,,,,,9.1,7.4,27.3,19.7,,,,,,,,,,2.6,3.6,,,
135,√ﬂ«≥∑…,2021-08-15,22.3,18,533,26.9,1504,,0,,0,,0,7.8,110,1724,4.9,70,1739,2,1709,160,18.2,62,953,79,20.9,986.1,1016.4,2340,1010.9,120,1014,13.6,7.4,1000,2.36,18.07,,,,,,7.1,4.5,27,18,,,,,,,,,,3.4,4.9,,,
135,√ﬂ«≥∑…,2021-08-16,22.5,19.5,2400,26.6,1341,,0,,0,,0,7.1,70,1329,4.4,70,1036,2.5,2160,70,17.8,62,1330,75.4,20.3,986.5,1016.4,1,1012.6,1528,1014.5,13.5,1.9,1100,2.04,14.94,,,,,,6.3,,25.6,19.5,,,,,,,,,,2.9,4.1,,,
135,√ﬂ«≥∑…,2021-08-17,22.4,19,429,27.3,1434,,.1,,.2,,.2,10.3,50,1607,6.8,50,1548,2.1,1796,50,17.8,60,1302,76.6,20.4,981.7,1013.7,12,1006.6,1543,1009.5,13.5,4.2,1100,3.16,17.86,,,,,,7.6,,26.6,19,,,,,,,,,,3.3,4.8,,,
135,√ﬂ«≥∑…,2021-08-18,21.6,17.7,553,26.1,1406,,.8,2131,2.2,2047,4.2,9.1,50,1341,6.5,90,1526,2,1730,70,17.7,59,1422,79.8,20.3,982,1011.4,2215,1008.1,1648,1009.8,13.5,2.5,1300,2.67,15,,,,,,8.6,7.1,25.9,17.7,,,,,,,,,,2.7,3.8,,,
135,√ﬂ«≥∑…,2021-08-19,21.2,17.7,508,25.6,1348,,1.5,841,1.6,837,1.6,5.6,90,1541,3.7,70,1719,1.3,1139,20,18.1,63,1654,83.3,20.7,983.8,1013.4,2326,1010.4,52,1011.7,13.4,2.8,1200,2.14,14.22,,,,,,8.3,7.1,23.3,17.7,,,,,,,,,,2.5,3.6,,,
135,√ﬂ«≥∑…,2021-08-20,23.5,19,513,28.7,1441,,,,,,,8,160,1328,4.4,110,1256,1.6,1357,110,18.9,54,1503,77.3,21.9,984.4,1014.1,831,1009.9,1743,1012.1,13.4,6.8,1300,3.33,20.6,,,,,,4.7,2.8,28.6,19,,,,,,,,,,4,5.6,,,
135,√ﬂ«≥∑…,2021-08-21,22.9,21.5,1041,24.2,1818,,3.3,1558,4.7,1032,20.2,8.3,140,755,5.1,70,630,2.1,1784,90,20.3,80,2,85.6,23.8,977.4,1011.1,1,1000.4,1454,1004.9,13.3,0,1200,.5,3.08,,,,,,9.4,8.9,23.1,21.5,,,,,,,,,,1.1,1.5,,,
135,√ﬂ«≥∑…,2021-08-22,23.4,20.7,2351,27.7,1510,,0,,0,,0,8.1,250,946,4.9,250,1527,1.8,1519,250,19.3,61,1513,79.1,22.4,980.9,1010.7,2358,1006.2,1,1008.5,13.3,1.7,1400,1.86,12.94,,,,,,9.1,6,26.2,20.7,,,,,,,,,,2.3,3.3,,,
135,√ﬂ«≥∑…,2021-08-23,21.1,19.8,2132,22.6,831,,2.8,1704,8.1,2044,53.6,10.2,20,2357,7.1,50,2358,1.8,1577,50,19.6,87,829,91.4,22.8,981.2,1012.1,928,1003.2,2357,1009.1,13.3,0,1100,.54,3.55,,,,,,10,8.3,22.3,19.8,,,,,,,,,,.9,1.2,,,
135,√ﬂ«≥∑…,2021-08-24,22.6,20,5,26.4,1809,,14.9,1213,45.5,1124,73.8,10.2,270,1808,6.7,50,3,2,1744,250,20.3,76,1807,87.5,23.8,973.6,1004.5,2340,998.4,1421,1001.2,13.2,1,1400,1.86,6.36,,,,,,9.4,7.9,24.8,20,,,,,,,,,,1.4,2,,,
135,√ﬂ«≥∑…,2021-08-25,22.7,21,603,25.7,1344,,1.8,1029,2.8,1021,4.5,6.1,270,25,3.5,270,26,1.1,962,20,20.9,78,1349,89.8,24.7,979,1009.4,2345,1004.3,1,1006.6,13.2,.1,1300,1.21,5.17,,,,,,7.9,7.4,23.9,21,,,,,,,,,,1.4,2,,,
135,√ﬂ«≥∑…,2021-08-26,24.2,20.1,618,30.6,1424,,0,,0,,0,6,270,859,3.8,250,1217,1.2,1020,250,19.9,50,1224,78.5,23.2,984.6,1014,2034,1009.1,134,1012.3,13.2,5.4,1200,3.44,19.79,,,,,,7.1,5.3,26.8,20.1,,,,,,,,,,3.3,4.7,,,
135,√ﬂ«≥∑…,2021-08-27,20,18.6,530,22.4,1402,,3.2,1655,10,1605,25.1,6.4,250,1721,4.9,270,1745,1.1,964,270,18.6,82,1325,91.4,21.4,984.8,1014.3,1014,1010.8,1502,1012.9,13.1,.1,1300,.86,3.99,,,,,,8.5,7.9,22,18.6,,,,,,,,,,1.1,1.6,,,
135,√ﬂ«≥∑…,2021-08-28,22.1,18.9,627,27.8,1422,,,,,,,6.2,250,1401,4.5,250,1430,1.9,1683,290,17.4,43,1425,76.3,19.9,985.9,1015.7,725,1012.7,1830,1013.8,13.1,5.6,1200,3.36,19.65,,,,,,8,6,24.8,18.9,,,,,,,,,,3.3,4.8,,,
135,√ﬂ«≥∑…,2021-08-29,20.4,18.2,619,22.8,1356,,4,601,7.7,534,24.1,6.2,270,202,4.2,270,203,1,829,290,18.2,76,1401,87.8,21,985.7,1015.1,2327,1012.2,1503,1013.7,13.1,.4,1300,2.19,5.61,,,,,,9.1,8.9,22.8,18.2,,,,,,,,,,1.2,1.8,,,
135,√ﬂ«≥∑…,2021-08-30,21.7,18.8,607,26.2,1417,,0,,0,,0,5.4,270,1213,3.7,270,1218,1.3,1154,20,17.6,56,1425,78.9,20.1,987.6,1016.8,2343,1014,1531,1015.6,13,1.1,1200,1.79,12.68,,,,,,7.8,3.6,24.6,18.8,,,,,,,,,,2.2,3.2,,,
135,√ﬂ«≥∑…,2021-08-31,21,17.5,410,25,1316,,.1,,.1,,.2,6.5,70,1254,4.6,70,1300,1.7,1511,70,17.6,61,1207,81.8,20.1,986.5,1016.9,701,1012.2,2315,1014.5,13,.9,1200,2.63,10.52,,,,,,8.5,6.4,22.5,17.5,,,,,,,,,,2.1,2.9,,,
135,√ﬂ«≥∑…,2021-09-01,20.8,19.2,2349,25.5,1244,,4,814,11.6,727,42.5,8,50,1535,5.3,50,1526,1.7,1505,50,19.2,80,1246,91,22.3,981.4,1012.2,1,1007.5,758,1009.4,13,.1,1100,1.29,5.13,,,,,,9.5,8.9,21.8,19.2,,,,,,,,,,1.3,1.8,,,
135,√ﬂ«≥∑…,2021-09-02,20.1,18.2,2352,22.1,1037,,.1,,.1,,.2,6.4,70,1646,4.2,70,1349,2.4,2055,70,17.1,73,958,83.4,19.5,982.3,1012,1017,1008.9,1744,1010.3,12.9,.5,900,1.67,8.14,,,,,,6.9,6.8,22.6,18.2,,,,,,,,,,1.7,2.4,,,
135,√ﬂ«≥∑…,2021-09-03,19.9,16.2,2316,24.5,1450,,.1,,.1,,.1,7.5,90,1533,4.5,70,1248,2.1,1777,90,16.5,62,1428,81.4,18.7,981.9,1013.2,2352,1008.3,1445,1009.9,12.9,1.1,1400,2.46,13.27,,,,,,6.4,5.4,24.4,16.2,,,,,,,,,,2.4,3.5,,,
135,√ﬂ«≥∑…,2021-09-04,19.8,14.3,501,25.5,1426,,,,,,,6.9,50,1122,4.5,70,1124,2,1706,70,15.7,54,1356,78.5,17.8,987,1017.7,2351,1013,12,1015.3,12.8,7.1,1200,3.14,19.02,,,,,,7.6,2,24.5,14.3,,,,,,,,,,3.2,4.6,,,
135,√ﬂ«≥∑…,2021-09-05,19.1,14.6,512,23.3,1451,,0,,0,,0,6.2,90,1330,4,70,1209,1.8,1588,50,15.6,65,1336,80.8,17.7,990.1,1019.8,2150,1017,1519,1018.5,12.8,.9,1300,1.64,9.76,,,,,,8.4,3.5,21.5,14.6,,,,,,,,,,1.8,2.6,,,
135,√ﬂ«≥∑…,2021-09-06,19.1,17.5,228,22.2,1435,,2.6,2004,6.7,1957,25.9,10.4,90,1230,6.6,70,1312,3.4,2944,70,16.4,70,1435,84.6,18.6,989.1,1020.2,17,1015.5,2347,1017.4,12.8,0,1200,1.09,6.21,,,,,,9.8,9.3,20.3,17.5,,,,,,,,,,1.4,2.1,,,
135,√ﬂ«≥∑…,2021-09-07,20,17.6,147,21.5,1434,,.6,144,1.5,-2331,3.6,10.3,270,2301,7.6,270,2307,2.4,2063,90,17.9,78,2352,88.1,20.6,981.4,1015.6,1,1006.3,1728,1009.3,12.7,0,1100,.55,2.71,,,,,,9.8,9.3,20.3,17.6,,,,,,,,,,1.1,1.6,,,
135,√ﬂ«≥∑…,2021-09-08,20.8,16.8,2326,24.8,1454,,0,,0,,0,9.9,270,408,6.1,270,413,2.9,2540,270,16.5,55,1440,77.4,18.7,982.3,1013.4,2355,1007.4,214,1010.2,12.7,5.4,1300,2.85,17.04,,,,,,4.1,4,22.8,16.8,,,,,,,,,,3.1,4.5,,,
135,√ﬂ«≥∑…,2021-09-09,20.8,14.6,632,26.8,1431,,,,,,,5,70,1406,3.5,90,1415,1.1,990,360,16.5,43,1256,78.5,18.9,985.7,1015.4,712,1012,1543,1013.8,12.7,6.9,1200,2.88,19.14,,,,,,6.5,2.3,24.2,14.6,,,,,,,,,,3.1,4.5,,,
135,√ﬂ«≥∑…,2021-09-10,21,16.8,613,25.9,1559,,,,,,,5.4,290,2258,3.8,270,2323,1.2,995,180,17.6,62,1549,81.9,20.1,985.3,1014.4,311,1011.5,1619,1013.3,12.6,3,1400,1.79,13.28,,,,,,7.4,2,25.9,16.8,,,,,,,,,,2.6,3.7,,,
135,√ﬂ«≥∑…,2021-09-11,21.5,16.2,608,28.9,1408,,,,,,,5.2,250,1019,3.5,250,1036,1.1,939,250,16.6,38,1422,76.5,18.9,984.5,1014.7,607,1009.5,1614,1012.5,12.6,10.2,1200,3.21,23.76,,,,,,1.8,1,27,16.2,,,,,,,,,,4.4,6.3,,,
135,√ﬂ«≥∑…,2021-09-12,21.9,15.5,335,28.2,1421,,,,,,,6.9,250,1111,4.5,250,931,1.6,1389,50,17.6,54,1302,78.4,20.2,985,1016,2337,1010.9,1534,1012.9,12.5,9.6,1100,3.08,21.22,,,,,,4.9,1,24.4,15.5,,,,,,,,,,3.7,5.3,,,
135,√ﬂ«≥∑…,2021-09-13,20.6,17.6,615,24.3,1235,,,,,,,8.5,70,1448,5.5,90,1625,3.1,2693,70,15.7,55,1805,74.3,17.8,989.2,1018.7,1040,1015.8,1558,1017.3,12.5,1.7,1200,2.29,13.52,,,,,,8.8,2.8,22.9,17.5,,,,,,,,,,2.9,4.2,,,
135,√ﬂ«≥∑…,2021-09-14,20,17.1,151,23.2,1434,,,,,,,10.8,90,2102,6.7,90,1426,3.4,2897,90,14.8,59,1444,72.8,16.9,987.6,1017.7,1,1013.9,1604,1015.8,12.5,.7,1400,2.05,11.6,,,,,,7.4,5.1,23.9,16.7,,,,,,,,,,2.9,4.1,,,
135,√ﬂ«≥∑…,2021-09-15,20.3,15.3,2249,25.7,1352,,,,,,,11.2,140,1354,6.7,110,1402,3.8,3254,70,13.7,47,1411,67.1,15.8,988,1017.6,2239,1014.1,1541,1016.1,12.4,8.6,1300,2.95,19.12,,,,,,4.9,2.5,21.5,14.1,,,,,,,,,,4,5.7,,,
135,√ﬂ«≥∑…,2021-09-16,19.7,14.1,457,24.7,1338,,.4,2246,1.1,2226,1.1,9.9,70,1511,5.4,90,1624,3.1,2659,90,14.8,58,1541,74.8,16.9,984.8,1017,1,1010.2,1459,1012.9,12.4,3.3,1300,2.01,13.5,,,,,,8.3,6.9,23.4,12.6,,,,,,,,,,2.7,3.9,,,
135,√ﬂ«≥∑…,2021-09-17,17.6,15.3,2339,19.1,1605,,4.8,722,17.3,705,46.6,8.3,90,1428,4.9,90,1035,2.2,1907,90,15.7,80,1559,88.9,17.9,981.6,1012.1,2339,1007.4,1555,1009.8,12.4,0,1400,.66,3.9,,,,,,8.1,6.9,19.1,15.3,,,,,,,,,,1,1.5,,,
135,√ﬂ«≥∑…,2021-09-18,18.7,12.5,602,25.2,1653,,,,,,,6.8,70,1116,4.3,70,1122,1.2,1076,50,14.7,56,1512,79.5,16.8,986.4,1017.6,2351,1011.9,1,1014.6,12.3,9.4,1000,2.61,19.37,,,,,,3.5,2.1,21.8,12.5,,,,,,,,,,3.1,4.4,,,
135,√ﬂ«≥∑…,2021-09-19,19,13.8,552,24.8,1414,,,,,,,6.1,50,1316,3.9,70,1353,1.6,1388,20,14.8,43,1502,79.3,16.8,988.1,1018.4,712,1014,1615,1016.4,12.3,10.3,1100,3,22.13,,,,,,2.4,1.1,24.3,13.8,,,,,,,,,,3.9,5.6,,,
135,√ﬂ«≥∑…,2021-09-20,20.2,15.3,556,23.4,1443,,,,,,,10.8,50,1302,6.2,70,1251,2.9,2544,90,16.1,63,1123,78,18.3,984.3,1016.6,1,1009,2346,1012.4,12.2,3.3,1000,2.34,12.89,,,,,,6.4,4.9,21.6,15.3,,,,,,,,,,2.4,3.4,,,
135,√ﬂ«≥∑…,2021-09-21,20.7,17.5,2237,25.2,1546,,2,719,7.1,719,12.9,9.1,270,1028,6.1,270,1032,1.8,1585,250,18,64,1513,85,20.6,978.4,1009.5,2,1003.9,1516,1006.3,12.2,2.2,1300,2.81,9.18,,,,,,6.6,5.5,22.1,17.5,,,,,,,,,,1.8,2.6,,,
135,√ﬂ«≥∑…,2021-09-22,20.6,16.6,241,26,1402,,3.7,800,3.8,714,4.2,11.9,250,1403,7,270,1539,2.6,2273,270,15.2,47,1436,73.4,17.4,981,1012.8,2335,1006.7,1403,1008.9,12.2,7.2,1200,2.87,16.36,,,,,,4.4,1.9,23.2,16.6,,,,,,,,,,3.9,5.6,,,
135,√ﬂ«≥∑…,2021-09-23,18.8,13.6,2350,24,1504,,,,,,,12.6,290,1238,7.1,270,1049,3,2568,270,12.5,44,1557,69,14.5,988.6,1020.9,2321,1012.7,1,1016.9,12.1,8.6,1100,2.84,18.95,,,,,,3.6,.6,21.8,13.6,,,,,,,,,,3.2,4.6,,,
135,√ﬂ«≥∑…,2021-09-24,18.2,11.6,541,24.3,1456,,,,,,,6.9,50,1820,4.7,70,1759,1.8,1572,70,13.6,51,1457,76.5,15.6,994,1024.4,2323,1020.6,1,1022.5,12.1,7.3,1000,2.58,16.27,,,,,,3.8,2.3,22.3,11.6,,,,,,,,,,2.7,3.9,,,
135,√ﬂ«≥∑…,2021-09-25,17.5,14.8,415,20,1245,,.5,1431,1.2,1354,1.6,8.3,50,1039,5.2,70,1452,1.8,1519,110,15.4,80,1038,87.9,17.5,994.6,1025,946,1021.7,1627,1023.2,12.1,0,1000,1.36,5.98,,,,,,8,,17.4,14.8,,,,,,,,,,1.1,1.6,,,
135,√ﬂ«≥∑…,2021-09-26,18.4,14.3,252,23.1,1400,,,,,,,7.3,70,1309,4.3,70,1445,2.1,1829,70,13.9,58,1358,76.5,16,992.2,1023.4,23,1018.4,1440,1020.7,12,1.8,1100,2.44,12.88,,,,,,9.3,7.4,19.5,14.3,,,,,,,,,,2.5,3.5,,,
135,√ﬂ«≥∑…,2021-09-27,19,14.6,245,23.3,1511,,0,,0,,0,7.1,160,1514,4.5,70,1539,2,1714,90,14.4,59,1133,75.8,16.5,988,1019.5,6,1014.3,1514,1016.3,12,3.8,1100,2.48,15.4,,,,,,5.4,3.4,24,14.6,,,,,,,,,,2.8,4,,,
135,√ﬂ«≥∑…,2021-09-28,19.3,16.7,447,22.2,1425,,.5,2315,1.4,2232,2.2,7,140,1226,4.5,140,1227,1.8,1569,70,16.3,69,1103,83.6,18.6,985.1,1015.5,1,1011.1,2353,1013.2,11.9,.2,1200,1.42,8.76,,,,,,7.1,6,22.1,16.7,,,,,,,,,,1.5,2.2,,,
135,√ﬂ«≥∑…,2021-09-29,19.9,18.2,2350,22.2,1303,,10.7,1340,15.4,1339,19.6,7.7,270,1339,4.3,270,1347,1.1,944,50,18.4,84,1616,91.1,21.2,980.5,1011.1,1,1006.5,1532,1008.5,11.9,0,1000,.69,3.79,,,,,,9.6,9.1,21.6,18.2,,,,,,,,,,1,1.5,,,
135,√ﬂ«≥∑…,2021-09-30,19.9,15.8,2341,26.3,1452,,.2,37,.7,4,.7,5.2,270,357,3.4,270,403,1.5,1337,140,15.8,49,1345,78.9,17.9,980.5,1010,2209,1006.5,1429,1008.4,11.9,10.4,1200,2.9,20.37,,,,,,1.9,1.9,24.4,15.8,,,,,,,,,,3.5,5,,,
135,√ﬂ«≥∑…,2021-10-01,18.9,13.8,240,26.2,1452,,,,,,,9.5,250,956,7.3,250,1004,1.7,1510,270,14.9,41,1516,80.1,17,981,1012.1,2317,1006.2,1505,1009.1,11.8,10.2,1200,2.79,19.52,,,,,,2.4,2.1,21.6,13.8,,,,,,,,,,3.3,4.7,,,
135,√ﬂ«≥∑…,2021-10-02,19.1,14.8,2345,26.2,1449,,.1,,.1,,.1,8.9,270,1132,5.3,270,1256,1.8,1592,270,14.5,41,1508,77,16.5,985.7,1018.2,2337,1010.6,251,1013.9,11.8,9.4,1200,2.94,18.89,,,,,,1.6,.1,21.5,14.8,,,,,,,,,,3.5,4.9,,,
135,√ﬂ«≥∑…,2021-10-03,18.9,11.5,649,27.1,1423,,,,,,,4.7,160,1137,3,160,918,1.2,996,50,14.9,56,1424,79.5,17.2,991.4,1021.2,757,1018.2,1,1019.8,11.7,10.2,1200,2.74,18.37,,,,,,4.3,1.5,21,11.5,,,,,,,,,,3.1,4.4,,,
135,√ﬂ«≥∑…,2021-10-04,19.8,11.5,617,28.9,1500,,,,,,,6.1,270,1405,4,270,1513,1.1,993,50,15.5,49,1501,78.3,17.9,992.5,1022.8,757,1018,1459,1020.8,11.7,8,1300,2.54,17.04,,,,,,4,1.1,22,11.5,,,,,,,,,,3,4.3,,,
135,√ﬂ«≥∑…,2021-10-05,20.3,14.5,615,27.3,1328,,,,,,,10.7,270,1156,5.9,250,1339,1.7,1487,270,15.7,46,1433,77.8,17.9,992.6,1022.7,813,1018.9,1555,1021,11.7,10.3,1200,2.86,18.78,,,,,,1.9,.9,21.6,14.5,,,,,,,,,,3.6,5.1,,,
135,√ﬂ«≥∑…,2021-10-06,18.6,13.7,614,24.7,1326,,,,,,,7.5,70,1057,5.1,90,1545,1.7,1435,70,15.6,61,1331,83.9,17.8,991.4,1022.6,629,1017.1,1626,1019.9,11.6,4.9,1000,2,12.81,,,,,,5.9,4.4,20,13.7,,,,,,,,,,2.4,3.4,,,
135,√ﬂ«≥∑…,2021-10-07,18.9,15.8,609,24.8,1326,,0,,0,,0,7.3,290,1333,4.4,270,1640,1.4,1226,270,15.5,54,1145,82.8,17.7,988.7,1019,2317,1014.6,1417,1017,11.6,3.4,1000,2.43,12.77,,,,,,6.6,4.8,20.5,15.8,,,,,,,,,,2.2,3.2,,,
135,√ﬂ«≥∑…,2021-10-08,18.7,16,544,20.7,1244,,.2,1405,.4,1353,.4,5.6,50,2255,3.7,70,2329,1.5,1313,70,16.8,79,1136,89.1,19.1,992.3,1022.8,2344,1018.4,14,1020.7,11.6,0,1100,.72,4.32,,,,,,9,8,20.1,16,,,,,,,,,,1,1.4,,,
135,√ﬂ«≥∑…,2021-10-09,21.1,18.3,650,25.6,1528,,0,,0,,0,7.1,90,1301,4.8,70,1102,2.1,1785,70,17.9,64,1532,83,20.5,993.6,1024,857,1019.6,1530,1021.8,11.5,3.5,1200,2.21,11.67,,,,,,6,5.8,23.3,18.3,,,,,,,,,,2.3,3.3,,,
135,√ﬂ«≥∑…,2021-10-10,22.1,18.5,552,28.3,1250,,.2,2059,.3,2057,.3,9.1,270,2349,6.1,270,2352,1.5,1336,200,17.9,49,1235,78.6,20.5,989.5,1021.3,1,1014.4,1656,1017.5,11.5,6.3,1100,2.63,14.23,,,,,,6.5,5.3,24.3,18.3,,,,,,,,,,2.8,4,,,
135,√ﬂ«≥∑…,2021-10-11,13.3,11.5,626,18.6,1,,.9,1509,3.4,1503,15.1,9.5,270,312,6.6,270,407,3.1,2696,270,11.7,80,509,90.4,13.8,992.1,1023.3,2259,1017.4,7,1021.2,11.5,0,1100,.4,2.17,,,,,,9.4,8.8,14.4,11.5,,,,,,,,,,.7,1,,,
135,√ﬂ«≥∑…,2021-10-12,13.6,12.6,755,14.8,48,,.6,746,1.1,659,7.9,10.8,70,708,6.9,70,713,3.2,2802,90,11.6,83,2351,87.9,13.7,996.8,1027.4,953,1022.8,2,1026,11.4,0,1200,.57,3.4,,,,,,6.8,6.5,14.4,12.6,,,,,,,,,,.8,1.1,,,
135,√ﬂ«≥∑…,2021-10-13,16.1,13,309,20.3,1519,,0,,0,,0,6.2,160,1359,4,160,1345,1.8,1562,90,13.2,67,1522,83.4,15.2,995.9,1027,104,1022.6,1611,1024.7,11.4,1.1,1000,1.72,10.14,,,,,,7.9,7.6,20.1,13,,,,,,,,,,1.7,2.4,,,
135,√ﬂ«≥∑…,2021-10-14,17.3,12.3,518,23.9,1412,,,,,,,9.6,270,1444,5.7,250,1502,1.6,1415,270,13.2,50,1404,78.9,15.2,990.9,1023.4,1,1016.3,1441,1019.4,11.3,7.2,1200,2.74,15.72,,,,,,4.8,2.8,19,12.3,,,,,,,,,,2.8,4.1,,,
135,√ﬂ«≥∑…,2021-10-15,16.9,14.3,1,20.1,1244,,.4,1950,1.2,1917,5.2,5.1,270,100,3.7,250,932,1.4,1180,250,14.2,69,1130,85.3,16.2,989.1,1019.1,2031,1015.7,1442,1017.7,11.3,.1,1000,1.41,5.51,,,,,,9,8.9,17.2,14.1,,,,,,,,,,1.2,1.7,,,
135,√ﬂ«≥∑…,2021-10-16,11.2,4.4,2356,15.8,402,,.7,27,3.2,21,7.3,13.7,270,1438,7.8,250,1442,4.1,3577,270,3.5,33,1507,61.8,8.9,991.9,1026.7,2334,1017.3,312,1021.2,11.3,0,900,.7,4.17,,,,,,9.5,8,12.1,3.9,,,,,,,,,,2.3,3.2,,,
135,√ﬂ«≥∑…,2021-10-17,4.4,.6,641,10.5,1422,,,,,,,12.1,270,30,6.7,270,39,3.7,3172,250,-5.7,30,1439,49.5,4,997,1029.6,755,1024.9,1514,1027.3,11.2,10.5,1200,2.76,18.75,,,,,,0,0,6.4,0,,,,,,,,,,2.8,4,,,
135,√ﬂ«≥∑…,2021-10-18,7.1,-1.7,647,15.8,1444,,,,,,,6.1,250,1543,4.2,250,1433,1.2,1074,180,-.8,23,1419,61.9,5.9,994.2,1027.7,1,1020.9,1708,1024.1,11.2,10.4,1200,2.67,18.04,,,,,,2.1,2,10.1,-1.7,,,,,,,,,,3,4.3,,,
135,√ﬂ«≥∑…,2021-10-19,9.1,4.8,2258,14.2,1215,,4,1320,4.5,1309,4.7,10.8,250,1109,6.2,250,1110,2.5,2143,290,4.5,56,1213,74,8.5,990.1,1022.3,1,1017.1,1635,1019.6,11.2,3.8,1100,2.45,10.22,,,,,,4.1,3.6,8.3,4.8,,,,,,,,,,1.7,2.4,,,
135,√ﬂ«≥∑…,2021-10-20,7.4,2.2,511,15.1,1506,,,,,,,5.8,250,954,4.3,250,939,1.6,1395,250,1,25,1532,67.5,6.6,991.7,1023.5,726,1018.5,1452,1021.5,11.1,10.2,1200,2.68,17.45,,,,,,1.3,0,10.2,2.2,,,,,,,,,,2.6,3.6,,,
135,√ﬂ«≥∑…,2021-10-21,7.9,.2,651,15.1,1433,,,,,,,6.3,270,2307,4.7,270,2310,1.2,1005,270,3.2,49,1434,74.3,7.7,990.3,1022.3,810,1017.2,1433,1019.9,11.1,6.8,1100,2.27,12.67,,,,,,3.5,2.3,10.2,.2,,,,,,,,,,1.9,2.7,,,
135,√ﬂ«≥∑…,2021-10-22,8.3,3.6,2339,14.9,1455,,,,,,,9.9,290,1426,6.4,290,1434,2.5,2187,290,2,37,1604,67.6,7.1,992.6,1027.1,2339,1019.8,1429,1022.3,11,10.1,1200,2.49,16.15,,,,,,1.5,.3,9.4,3.6,,,,,,,,,,2.6,3.7,,,
135,√ﬂ«≥∑…,2021-10-23,8,.9,648,17.2,1358,,,,,,,6.1,250,1425,3.9,250,1406,1,885,20,1.2,22,1438,67.6,6.7,998.8,1030.3,824,1026.6,1622,1028.7,11,10.2,1200,2.57,16.92,,,,,,.3,0,10.3,.9,,,,,,,,,,2.8,4,,,
135,√ﬂ«≥∑…,2021-10-24,8.5,1.7,638,17.1,1440,,,,,,,6.4,230,1225,4.2,230,1241,1.2,1010,250,1.9,28,1510,68.1,7,996.8,1029.8,801,1023.2,1457,1026.7,11,9.4,1200,2.52,15.89,,,,,,4.8,0,10.7,1.7,,,,,,,,,,2.6,3.7,,,
135,√ﬂ«≥∑…,2021-10-25,8.5,2,648,16.6,1517,,,,,,,8,230,1027,5.7,250,1011,1.7,1493,250,2.9,37,1424,71.5,7.6,993.5,1026.1,2,1020.5,1600,1023.2,10.9,10,1100,2.44,15.76,,,,,,1.3,.9,10.6,2,,,,,,,,,,2.5,3.6,,,
135,√ﬂ«≥∑…,2021-10-26,10.4,1.9,712,16.8,1509,,,,,,,8.1,250,1116,6.2,250,1117,2.1,1850,250,4.1,44,1342,67.4,8.2,991.2,1023.7,807,1018.4,1634,1020.7,10.9,9.2,1100,2.35,14.92,,,,,,4.9,.3,10.5,1.5,,,,,,,,,,2.6,3.7,,,
135,√ﬂ«≥∑…,2021-10-27,12,7,721,17.8,1343,,,,,,,10.8,270,1256,7,250,1417,2.6,2275,250,3.7,27,1659,60,8.2,990.4,1021.4,2341,1017.2,1428,1019.6,10.9,6.7,1200,2.39,13.51,,,,,,2,1.5,13.7,5.3,,,,,,,,,,3.2,4.6,,,
135,√ﬂ«≥∑…,2021-10-28,11.2,3.4,703,18.6,1351,,,,,,,7.2,290,315,4.9,250,1037,2.2,1869,290,1.7,29,1417,55,6.9,994,1026.6,2351,1020.8,1412,1023.4,10.8,9.4,1200,2.5,16.2,,,,,,.3,.1,13.8,3.2,,,,,,,,,,2.8,4,,,
135,√ﬂ«≥∑…,2021-10-29,10.2,4.1,559,16.9,1418,,,,,,,7.6,90,1102,5,70,1429,1.5,1279,70,4.7,42,1527,71.5,8.6,996.5,1028.3,823,1023.5,1501,1026.1,10.8,8.9,1100,2.17,13.64,,,,,,3.6,.9,12,4.1,,,,,,,,,,2.1,3.1,,,
135,√ﬂ«≥∑…,2021-10-30,9.8,5.5,357,16,1600,,,,,,,4.5,140,1710,3.1,140,1711,.7,606,160,5.8,50,1615,77.9,9.2,995.3,1026.3,905,1022.8,1500,1024.8,10.8,1.4,1100,1.58,7.8,,,,,,6.9,2.8,10.3,5.5,,,,,,,,,,1.2,1.7,,,
135,√ﬂ«≥∑…,2021-10-31,10.7,3.5,653,19,1450,,,,,,,6.9,250,1527,4.5,250,1221,1.2,1017,250,5.6,36,1255,74.4,9.1,994.9,1026.6,815,1021.5,1449,1024.3,10.7,9.7,1200,2.35,14.84,,,,,,3.8,.1,11.6,3.5,,,,,,,,,,2.5,3.6,,,
135,√ﬂ«≥∑…,2021-11-01,12.1,7.2,36,18.2,1401,,,,,,,10.1,290,1315,5.9,250,1315,2.2,1862,270,6.7,44,1403,71.8,9.9,994,1025,842,1020.9,1415,1023.3,10.7,6.6,1100,2.38,12.86,,,,,,5.3,4.3,12,7.2,,,,,,,,,,2.3,3.3,,,
135,√ﬂ«≥∑…,2021-11-02,11,7.5,726,15.3,1418,,,,,,,9.3,270,1048,6,250,1403,3,2597,270,4.9,47,1437,67.4,8.7,992.2,1023.7,1,1019.1,1421,1021.6,10.7,7.2,1200,2.31,13.38,,,,,,4.4,2.8,12.4,6.5,,,,,,,,,,2.3,3.3,,,
135,√ﬂ«≥∑…,2021-11-03,9.6,4,653,15.7,1451,,,,,,,10.1,270,1426,6.2,250,1001,2.6,2215,250,3.6,43,1504,68.8,7.9,990.3,1021.4,138,1017.3,1451,1019.8,10.6,9.1,1200,2.31,14.14,,,,,,1,0,9.8,4,,,,,,,,,,2.3,3.3,,,
135,√ﬂ«≥∑…,2021-11-04,10.5,4.6,618,18,1437,,,,,,,9,250,1234,5.1,250,1238,1.9,1636,250,4.1,33,1505,67.9,8.2,990.8,1022.7,2351,1017.8,1437,1020.1,10.6,9.4,1200,2.28,14.06,,,,,,2.3,.9,10.5,4.4,,,,,,,,,,2.5,3.6,,,
135,√ﬂ«≥∑…,2021-11-05,10.1,3,723,17.5,1451,,,,,,,6.9,70,1345,4.8,70,1330,1,894,70,5.7,49,1447,76.9,9.2,992.2,1024.2,846,1018.5,1437,1021.6,10.6,7.8,1200,2.04,11.4,,,,,,4.5,.3,11.1,3,,,,,,,,,,1.8,2.5,,,
135,√ﬂ«≥∑…,2021-11-06,11.2,4.8,629,18.2,1434,,,,,,,8.2,50,1237,5.6,70,1234,1.9,1640,50,5.6,44,1412,71.1,9.1,992,1023.2,2335,1018.7,1405,1021.4,10.5,8.7,1200,2.13,13.18,,,,,,2.5,.3,12.2,1.8,,,,,,,,,,2.3,3.3,,,
135,√ﬂ«≥∑…,2021-11-07,12.9,4.6,526,18.1,1402,,,,,,,11,70,1325,7.2,70,1332,2.5,2172,70,6.8,42,1801,69,10,991.3,1024.3,52,1016,2359,1020.5,10.5,4.3,1000,1.66,10.3,,,,,,7.1,2.5,12.7,2.7,,,,,,,,,,2.3,3.3,,,
135,√ﬂ«≥∑…,2021-11-08,9.4,5.4,2245,14.1,315,,,,,,13.9,17.1,250,920,11,270,1004,4.8,4143,270,5.2,63,1957,75.8,9.1,982.9,1015.9,1,1008.4,856,1012.1,10.5,0,1400,.65,1.89,,,,,,7.1,5.6,9.7,4.5,,,,,,,,,,1.1,1.5,,,
135,√ﬂ«≥∑…,2021-11-09,6.2,4.5,519,9,1216,,,,,,1.9,14.3,250,1247,8.3,250,1406,4.1,3540,270,1.7,62,1337,73.4,6.9,981.3,1014.3,6,1008.1,2341,1010.9,10.4,1.9,1100,1.37,6.98,,,,,,7.3,6.8,6.7,4.3,,,,,,,,,,1.3,1.9,,,
135,√ﬂ«≥∑…,2021-11-10,4.7,3,655,6,2202,,,,,,4.4,10.1,270,1659,5.4,270,306,3.6,3127,270,1.5,71,1,80.5,6.8,978.7,1009.5,2129,1006.8,1330,1008.5,10.4,0,1300,.54,1.91,,,,,,4.9,4.8,4.4,2.7,,,,,,,,,,.9,1.3,,,
135,√ﬂ«≥∑…,2021-11-11,5.7,3.5,721,8,1044,,,,,,1.7,14.3,290,1809,7.2,250,1446,4.2,3615,270,-.4,45,930,65,6,982,1013.8,2357,1009.4,8,1011.7,10.4,4.3,1000,1.59,7.71,,,,,,5,4.1,6.1,1.6,,,,,,,,,,1.6,2.2,,,
135,√ﬂ«≥∑…,2021-11-12,4,1,2338,7.1,1055,,,,,,0,12.1,250,1046,6.7,250,1105,3.7,3172,270,-.7,49,1101,71.5,5.8,987.5,1019.7,2338,1013.7,13,1017.5,10.3,4.5,1000,2,8.68,,,,,,,,4.5,-.6,,,,,,,,,,1.2,1.8,,,
135,√ﬂ«≥∑…,2021-11-13,6.4,.1,326,12.9,1521,,,,,,,10.8,290,1207,5.6,250,1401,1.9,1659,50,.9,45,1516,69.9,6.6,989.5,1020.8,753,1016.9,1447,1019.4,10.3,7.2,1100,2.07,11.3,,,,,,1.8,.9,6,-1.4,,,,,,,,,,1.7,2.4,,,
135,√ﬂ«≥∑…,2021-11-14,7.1,-.2,636,15.6,1427,,,,,,,11.8,250,1447,7.5,250,1458,1.7,1432,250,1.1,33,1459,69.9,6.6,989.3,1020.6,848,1016.7,1427,1019.1,10.3,6.9,1100,1.92,10.05,,,,,,2.1,1.4,6.1,-1.8,,,,,,,,,,1.9,2.7,,,
135,√ﬂ«≥∑…,2021-11-15,8.6,3.2,716,15.2,1454,,,,,,,7.6,270,1210,5,250,1320,1.5,1323,250,2.1,32,1456,67.4,7.2,992.3,1023.7,2333,1019.7,1545,1022,10.3,7.8,1200,2.15,12.1,,,,,,2.1,.3,7.5,.2,,,,,,,,,,1.9,2.8,,,
135,√ﬂ«≥∑…,2021-11-16,6.6,1.2,608,13.9,1434,,,,,,,9.5,250,1212,6.2,250,1212,2,1746,250,-.6,26,1613,64.4,6,994.6,1026.8,2353,1022,1425,1024.6,10.2,9,1200,2.04,12.18,,,,,,.5,0,5.8,-.9,,,,,,,,,,2.2,3.1,,,
135,√ﬂ«≥∑…,2021-11-17,6.2,-2,633,12.7,1433,,,,,,,9.1,270,1521,5.4,270,1958,2.3,1981,270,-1.6,30,1408,61.1,5.5,994.2,1027.3,231,1021.1,1454,1024.2,10.2,9.3,1200,2.18,13.22,,,,,,3.4,2.3,7.2,-2.5,,,,,,,,,,2.4,3.4,,,
135,√ﬂ«≥∑…,2021-11-18,8,1.2,631,15.5,1410,,,,,,,8.8,250,1415,5.4,250,1415,1.6,1412,270,3,49,1514,72.5,7.6,989.9,1022.3,28,1016.9,1613,1019.5,10.2,4.9,1100,1.74,9.02,,,,,,5.3,1.9,6.6,-.2,,,,,,,,,,1.5,2.1,,,
135,√ﬂ«≥∑…,2021-11-19,9.6,3.8,342,16.5,1458,,,,,,,8.6,250,1315,5.3,250,1557,1.4,1232,250,5.3,51,1529,76.5,8.9,989.3,1020.6,2324,1016.5,1456,1018.7,10.2,3.5,1100,1.55,8.38,,,,,,6.6,3.5,8.4,1.2,,,,,,,,,,1.5,2.1,,,
135,√ﬂ«≥∑…,2021-11-20,8.4,3.6,424,16.2,1417,,,,,,,8.1,250,1044,6.3,250,1044,1.6,1381,250,4.7,46,1552,79.9,8.6,991.6,1022.7,2049,1019.4,1405,1021.3,10.1,8.2,1200,1.92,11.09,,,,,,3.8,1.5,8,2.5,,,,,,,,,,1.6,2.3,,,
135,√ﬂ«≥∑…,2021-11-21,8.6,3.7,331,13.8,1421,,,,,,,4.7,160,1203,3,160,1153,.8,710,50,5,58,1408,79.3,8.8,987.7,1022.2,659,1012.6,2356,1017.2,10.1,.4,1000,1.08,4.98,,,,,,9.5,5,7.8,2.2,,,,,,,,,,1,1.5,,,
135,√ﬂ«≥∑…,2021-11-22,4.1,1,2356,12,208,,,,,,2.7,17.6,250,1225,9.1,250,1347,4.6,3948,270,-1.7,45,1515,66.4,5.5,985,1018.3,2042,1010.3,207,1015,10.1,1.8,1300,1.28,5.61,,,,,,6.5,6.5,5.4,.8,,,,,,,,,,1.4,2,,,
135,√ﬂ«≥∑…,2021-11-23,1.1,-2,734,3,1201,,,,,,.2,17,250,2056,9.2,270,2036,5.9,5071,270,-4.9,51,1143,64.3,4.3,987.3,1019.4,737,1016.1,1456,1017.7,10.1,6.8,1000,1.66,9,,,,,,,,2,-2.5,,,,,,,,,,1.6,2.2,,,
135,√ﬂ«≥∑…,2021-11-24,5.3,-.8,759,10.4,1402,,,,,,,16.4,270,1140,8.9,270,1206,4.5,3855,270,-3.6,34,1658,53.4,4.7,987.7,1019.9,804,1015.6,1504,1017.6,10,8.3,1200,1.92,11.52,,,,,,1.9,1.1,5.1,-1.6,,,,,,,,,,2.5,3.6,,,
135,√ﬂ«≥∑…,2021-11-25,8.8,4.4,2356,13,1501,,,,,,,17.4,250,1357,8.9,250,1357,4.1,3548,270,-.3,30,1339,53.9,6.1,988.3,1022.4,2345,1015.4,543,1017.8,10,6,1200,1.99,10,,,,,,3,3,10.5,2.5,,,,,,,,,,2.8,3.9,,,
135,√ﬂ«≥∑…,2021-11-26,5,1.3,655,9.1,1427,,,,,,,13.3,250,1416,7.6,250,1453,3.9,3410,270,-5.7,28,1357,47,4,996.2,1029.8,2330,1022.4,1,1026.4,10,8.8,1200,2.07,12.22,,,,,,0,0,5.2,-.4,,,,,,,,,,2.5,3.5,,,
135,√ﬂ«≥∑…,2021-11-27,3.1,-3,2358,10.6,1431,,,,,,,11.4,250,314,7.5,270,318,2.3,1981,250,-6.9,19,1359,50.9,3.7,1003.4,1037.5,2357,1029.8,4,1034.1,10,9.2,1200,2.09,12.34,,,,,,0,0,5.2,-3.8,,,,,,,,,,1.8,2.6,,,
135,√ﬂ«≥∑…,2021-11-28,2.8,-5.2,656,12.3,1418,,,,,,,7.1,270,1331,4.2,250,1242,1,873,160,-6.4,24,1310,54.8,3.8,1003.6,1037.7,744,1031.4,1454,1034.3,9.9,7.4,1100,2.04,11.48,,,,,,4.4,2.5,1.5,-5.5,,,,,,,,,,1.8,2.5,,,
135,√ﬂ«≥∑…,2021-11-29,4.3,-3.5,545,13.7,1424,,,,,,,7.1,230,1324,4.7,250,1152,1.4,1210,250,-4.1,23,1349,58.6,4.5,997,1032.6,1,1023.8,2354,1027.3,9.9,7.3,1200,2,11.28,,,,,,4.3,1.6,3.2,-4.4,,,,,,,,,,2,2.8,,,
135,√ﬂ«≥∑…,2021-11-30,4.4,.1,258,9.3,1228,,,,,,19.1,17.7,270,2328,9.6,270,2333,3.6,3135,270,.7,63,2357,77,6.6,982.6,1023.9,1,1006.7,1442,1012.4,9.9,0,1300,.53,1.55,,,,,,8.8,7.8,3.1,-1.1,,,,,,,,,,1.3,1.8,,,
135,√ﬂ«≥∑…,2021-12-01,-.3,-2.7,2359,2,1,,,,,,,18.6,270,57,10.3,270,1406,6.5,5615,270,-10.2,31,1308,47.9,2.9,989.9,1025.1,2359,1013.3,20,1020.6,9.9,7.1,1100,2.05,11.09,,,,,,3.3,2.8,.8,-3.3,,,,,,,,,,1.9,2.8,,,
135,√ﬂ«≥∑…,2021-12-02,.8,-4.4,714,5,1433,,,,,,,10.6,270,152,6.2,270,431,3.7,3182,270,-6.8,44,1437,57.5,3.8,990,1025.1,26,1016.6,2228,1020.5,9.9,7.7,1200,2,10.68,,,,,,2.6,1.9,-.2,-4.5,,,,,,,,,,1.5,2.1,,,
135,√ﬂ«≥∑…,2021-12-03,3.2,.1,2305,6.5,1502,,,,,,1.4,14.3,250,2315,8.7,270,2253,4.3,3756,270,-4.8,36,1514,57.4,4.4,988.3,1023.6,2337,1014.8,540,1018.5,9.9,6.4,1100,1.87,9.68,,,,,,3.8,2.4,4.1,-1.1,,,,,,,,,,2.2,3.1,,,
135,√ﬂ«≥∑…,2021-12-04,.5,-3.3,2359,5.1,1149,,,,,,,13.4,250,251,7.2,270,159,3.8,3307,270,-6.9,34,1038,59.8,3.8,995.9,1030.2,2358,1023.3,105,1026.6,9.8,4.6,1100,1.97,7.34,,,,,,2.1,1.5,.1,-3.3,,,,,,,,,,1.1,1.6,,,
135,√ﬂ«≥∑…,2021-12-05,.6,-5.1,703,9,1443,,,,,,,4,160,1033,3.1,160,1040,.9,768,140,-4.7,38,1547,70.4,4.3,998.9,1032,830,1027.5,1515,1029.8,9.8,9,1200,1.92,11.81,,,,,,.4,0,1.1,-5.1,,,,,,,,,,1.4,2,,,
135,√ﬂ«≥∑…,2021-12-06,3.3,-3.8,227,11.6,1350,,,,,,,5.9,270,1517,4.2,250,1517,.9,812,20,-1.2,48,1141,74.3,5.7,996.9,1029.4,818,1024.7,1447,1027.4,9.8,5.9,1100,1.66,9.01,,,,,,5.6,2.9,2.7,-3.8,,,,,,,,,,1.2,1.8,,,
135,√ﬂ«≥∑…,2021-12-07,4.8,-1.3,350,11.3,1351,,,,,,,7.4,250,1441,5.8,250,1304,2.3,2021,250,-1.1,44,1526,67.3,5.7,998.6,1031.9,2356,1026.4,1406,1028.9,9.8,8.7,1200,1.87,10.63,,,,,,1.1,1.1,3.6,-1.9,,,,,,,,,,1.8,2.6,,,
135,√ﬂ«≥∑…,2021-12-08,3,-2.8,749,12,1503,,,,,,,4.9,160,1205,2.8,160,1212,.8,689,160,-2.5,31,1511,70.6,5.1,1002.3,1034.7,856,1031.1,1502,1032.9,9.8,9,1200,1.92,11.27,,,,,,.8,0,3,-3.3,,,,,,,,,,1.5,2.2,,,
135,√ﬂ«≥∑…,2021-12-09,3.6,-1.9,805,9.8,1402,,,,,,,4.5,180,1047,2.9,160,1050,1.1,919,50,0,58,1245,78.3,6.1,1000,1033.7,812,1027.3,2359,1030.5,9.8,4,1100,1.31,6.92,,,,,,5.9,3.1,2.7,-1.9,,,,,,,,,,.9,1.2,,,
135,√ﬂ«≥∑…,2021-12-10,5.6,.4,420,10,1408,,,,,,0,7,320,2140,4.2,250,1559,1.3,1080,250,2.9,67,1238,83.9,7.6,995.6,1027.4,200,1023.3,1421,1025.7,9.8,.1,1100,.93,3.73,,,,,,7.4,6.1,4.2,.3,,,,,,,,,,.8,1.1,,,
135,√ﬂ«≥∑…,2021-12-11,6.8,4.1,803,9.3,1327,,,,,,,10.1,270,2304,5.5,250,1347,3.6,3092,270,2.5,61,1300,74.8,7.3,995.8,1028.7,951,1023.8,2356,1025.7,9.8,5.1,1200,1.44,8.14,,,,,,8.6,6.1,7.1,3.5,,,,,,,,,,1.6,2.2,,,
135,√ﬂ«≥∑…,2021-12-12,3.4,-3.3,2359,7.5,1229,,,,,,,17.6,250,1345,10.5,250,1420,5.7,4906,270,-4.7,38,1409,56.6,4.6,994.2,1028.3,2347,1021.9,1406,1024.5,9.7,4.9,1200,1.8,8.42,,,,,,3.6,2,4.4,-3.3,,,,,,,,,,2.1,3,,,
135,√ﬂ«≥∑…,2021-12-13,-2.6,-5.9,608,1.5,1428,,,,,,,15.3,250,21,8.7,270,127,5.3,4545,270,-15,24,1526,38.8,1.9,996.8,1030.4,852,1025.7,1436,1027.9,9.7,9,1200,2.02,11.72,,,,,,.1,0,-1.8,-5.9,,,,,,,,,,2,2.8,,,
135,√ﬂ«≥∑…,2021-12-14,2.3,-6.3,429,6.9,1438,,,,,,,12.6,270,1401,6.9,270,1401,2.7,2357,270,-5,45,1422,59.1,4.3,992,1027.3,4,1019.5,1452,1022.4,9.7,3.8,1200,1.56,7.75,,,,,,5.9,4.6,1.9,-6.3,,,,,,,,,,1.6,2.3,,,
135,√ﬂ«≥∑…,2021-12-15,7.2,2.7,754,13.3,1439,,,,,,,12.8,250,1119,8,270,1119,2.5,2176,250,1.3,44,1316,67.5,6.7,991,1021.9,833,1018.6,1443,1020.8,9.7,5.9,1300,1.71,8.93,,,,,,4.9,4.3,6.8,1.8,,,,,,,,,,1.6,2.3,,,
135,√ﬂ«≥∑…,2021-12-16,6.8,3.7,208,10.3,1331,,,,,,,10.2,290,2234,5.6,250,1439,2.3,2003,270,1,31,1553,68.1,6.6,988.5,1022,19,1015.8,2135,1018.3,9.7,1.8,1300,1.41,4.96,,,,,,9.1,5.1,6.2,2.9,,,,,,,,,,1.6,2.2,,,
135,√ﬂ«≥∑…,2021-12-17,-3.3,-9.2,2355,5.6,52,,,,,,0,18.5,250,940,10.1,270,951,5.2,4522,270,-12.7,32,1137,48.9,2.4,991.5,1029.5,2357,1016,52,1022.5,9.7,4.7,1200,1.84,8.35,,,,,,4.1,2.9,-2,-6.4,,,,,,,,,,1.4,2,,,
135,√ﬂ«≥∑…,2021-12-18,-4.8,-11.2,727,.5,1523,,,,,,.1,12.4,250,142,7,270,13,4.1,3522,250,-14.6,25,1156,48.5,2.2,995.3,1031.3,922,1021.5,2357,1026.7,9.7,8.3,1200,1.98,11.35,,,,,,3.6,3,-3.9,-11.2,,,,,,,,,,1.5,2.1,,,
135,√ﬂ«≥∑…,2021-12-19,.3,-2.1,815,3.3,1415,,,,,,.7,14.4,250,929,9.4,250,1214,4,3494,270,-7.1,36,1445,58.4,3.6,991.8,1024.4,941,1020,333,1022.4,9.7,8.6,1200,2.02,11.26,,,,,,3,2.1,.3,-2.6,,,,,,,,,,1.4,2,,,
135,√ﬂ«≥∑…,2021-12-20,5,-3,38,9.4,1144,,,,,,,15,270,1209,7.7,250,1213,3.1,2712,270,-2,48,1145,61.4,5.3,988.4,1022.5,1,1016,1836,1018.3,9.7,2.8,1100,1.49,6.38,,,,,,4.6,3.6,3.2,-3,,,,,,,,,,1.8,2.5,,,
135,√ﬂ«≥∑…,2021-12-21,7.6,3.2,2337,12.2,1333,,,,,,,11.9,270,1419,7.3,250,1551,3.4,2942,270,-.3,38,1425,58.1,6.1,987.4,1020.5,2356,1014.1,1417,1017,9.7,5.1,1200,1.64,8.03,,,,,,3.3,3,7.4,1,,,,,,,,,,2.1,3,,,
135,√ﬂ«≥∑…,2021-12-22,3.1,-1.5,2229,9.6,1454,,,,,,,9.1,270,22,6.4,270,38,3.4,2914,250,-10.3,19,1449,38.4,2.8,992.5,1025.3,2217,1020.5,1,1022.8,9.7,8.9,1200,1.93,11.07,,,,,,.1,0,3,-1.5,,,,,,,,,,2.1,3,,,
135,√ﬂ«≥∑…,2021-12-23,.7,-5.4,609,8.3,1506,,,,,,,7.6,250,1313,5.3,250,1442,1.6,1404,250,-8.6,21,1227,52.5,3.2,994.3,1027.1,933,1023,1511,1025,9.7,8.7,1200,1.76,9.96,,,,,,2,1.1,-.2,-5.4,,,,,,,,,,1.6,2.3,,,
135,√ﬂ«≥∑…,2021-12-24,.9,-3.3,514,8.1,1437,,,,,,0,12.2,320,2323,6.7,270,2311,2.4,2059,250,-5.3,40,1244,64.5,4.2,991.5,1024.7,49,1018.1,1448,1022.1,9.7,1.9,1200,1.26,6.17,,,,,,6.8,6,1.4,-3.3,,,,,,,,,,1.5,2.1,,,
135,√ﬂ«≥∑…,2021-12-25,-8.3,-11.2,2359,-2.9,1,,,,,,,16.5,270,822,10.5,270,1010,6,5183,270,-17.9,26,1545,47.4,1.6,998.4,1034.3,2349,1024.3,17,1030.3,9.7,8.9,1200,2.02,11.64,,,,,,.5,.5,-6.6,-11.2,,,,,,,,,,1.2,1.7,,,
135,√ﬂ«≥∑…,2021-12-26,-10.4,-14.2,644,-6.5,1520,,,,,,,15.2,270,632,10.4,270,640,6.5,5642,270,-19.7,30,1525,48.1,1.3,1001.3,1036.3,1004,1031,1548,1033.6,9.7,8.2,1200,2.02,11.22,,,,,,.4,.4,-9.2,-14.2,,,,,,,,,,1.4,2,,,
135,√ﬂ«≥∑…,2021-12-27,-4.8,-11,439,-.2,2257,,,,,,.1,13.6,270,604,7.8,270,126,5.3,4585,270,-13.6,37,1020,51,2.4,999.4,1033.5,921,1028.4,1712,1030.8,9.7,6.1,1200,2,9.67,,,,,,2.4,2,-5.2,-11,,,,,,,,,,1.2,1.8,,,
135,√ﬂ«≥∑…,2021-12-28,0,-3.3,2400,3.2,1359,,,,,,,11.4,270,54,5.6,250,120,1.9,1632,250,-4.7,58,1642,71.1,4.3,997,1030.5,730,1025.2,2323,1027.8,9.7,0,1100,.78,3.98,,,,,,7.3,5.9,-1.1,-3.5,,,,,,,,,,.6,.9,,,
135,√ﬂ«≥∑…,2021-12-29,2.2,-3.8,105,7,1155,,,,,,0,15.8,290,2224,10.1,270,2257,3.3,2870,270,-4,51,2244,64.3,4.6,989.7,1025.4,1,1017,1458,1020.1,9.7,1.4,1100,1.53,4.94,,,,,,5.9,5.6,2.2,-3.8,,,,,,,,,,1.6,2.2,,,
135,√ﬂ«≥∑…,2021-12-30,-2.2,-5,2400,.8,1357,,,,,,.9,16.5,270,18,9.4,270,101,5.6,4862,270,-11.3,29,1055,51.6,2.6,993.5,1027.5,2353,1020.4,1,1024.4,9.7,6.4,1200,1.9,9.63,,,,,,2.9,2.9,-1.7,-5,,,,,,,,,,1.6,2.3,,,
135,√ﬂ«≥∑…,2021-12-31,-5.5,-8,800,-1.8,1522,,,,,,,15.9,270,1420,9.2,250,1411,5.3,4614,270,-16.8,27,1523,41.3,1.6,999.2,1032.8,2225,1027.2,1,1030.7,9.7,9,1200,2.04,11.89,,,,,,0,0,-5.8,-8,,,,,,,,,,1.8,2.6,,,
135,√ﬂ«≥∑…,2022-01-01,-4.2,-8.5,546,1.3,1505,,,,,,,11.1,270,316,7.2,270,317,3.7,3191,270,-16.8,22,1209,38.4,1.7,999.5,1033.7,207,1028.6,1521,1030.9,9.8,8.7,1200,2.02,10.9,,,,,,4.5,3,-3.8,-8.5,,,,,,,,,,1.5,2.1,,,
135,√ﬂ«≥∑…,2022-01-02,-1.6,-9.5,634,4.8,1438,,,,,,,10.1,270,1317,6,250,1314,2.4,2112,270,-9.5,40,1625,55.3,3.1,995.8,1029,1,1024.6,1440,1026.7,9.8,4.3,1300,1.51,6.09,,,,,,1.3,1.3,-1.9,-9.5,,,,,,,,,,1.1,1.6,,,
135,√ﬂ«≥∑…,2022-01-03,-2.5,-9,719,1.9,1437,,,,,,,12.3,270,1351,7.5,270,1357,2.9,2503,250,-10.6,29,1212,55.8,2.8,995.3,1028.8,817,1024.4,1425,1026.4,9.8,8.9,1200,1.89,11.15,,,,,,1.1,1,-4.1,-9,,,,,,,,,,1.7,2.4,,,
135,√ﬂ«≥∑…,2022-01-04,0,-4.2,2357,3.6,1452,,,,,,,13,250,1029,7.5,250,1009,3.8,3324,250,-14.4,16,1459,36.5,2.3,996.4,1029.4,2350,1024.3,134,1027.2,9.8,8.9,1200,2.04,11.68,,,,,,.2,,1.2,-5,,,,,,,,,,2.2,3.1,,,
135,√ﬂ«≥∑…,2022-01-05,-1.8,-7.9,549,2.9,1442,,,,,,,5,290,142,3.6,250,21,1.3,1159,20,-12.5,31,1218,44.9,2.4,996.6,1029.7,247,1025.3,1523,1027.6,9.8,1.3,1100,1.3,6.19,,,,,,9.4,5.1,-1.2,-7.9,,,,,,,,,,1,1.5,,,
135,√ﬂ«≥∑…,2022-01-06,-.6,-5.6,730,3.6,1346,,,,,,,12.4,250,1445,7.4,250,1341,3.5,3041,270,-12.7,23,1351,41.8,2.4,997.4,1030.7,2344,1026.1,105,1028.3,9.8,9.1,1200,1.98,11.63,,,,,,.4,0,-.9,-6,,,,,,,,,,2.1,3,,,
135,√ﬂ«≥∑…,2022-01-07,-2.1,-10.1,704,5.1,1603,,,,,,,8,250,1406,5.9,270,2317,2.5,2166,250,-14.9,12,1611,41,2,998.6,1032.7,751,1027.4,1437,1029.8,9.8,9.1,1200,2.07,12.19,,,,,,.1,0,-3.4,-10.1,,,,,,,,,,2.2,3.1,,,
135,√ﬂ«≥∑…,2022-01-08,-.2,-7.5,425,4.5,1442,,,,,,,11.2,270,1345,6.8,250,1319,3,2618,270,-9.7,33,1,49.4,3.1,994.1,1028.6,220,1022.2,1606,1024.9,9.8,8.9,1200,2.02,11.43,,,,,,2.4,1.9,-.2,-7.5,,,,,,,,,,1.8,2.6,,,
135,√ﬂ«≥∑…,2022-01-09,1.2,-4.5,2357,6,1351,,,,,,,7.6,290,1312,4.5,270,2,1.7,1498,250,-4.2,51,1514,67.5,4.5,991.9,1023.9,2114,1020.6,1421,1022.4,9.9,4,1300,1.68,7.59,,,,,,5.1,3.9,1.1,-4.6,,,,,,,,,,1,1.5,,,
135,√ﬂ«≥∑…,2022-01-10,0,-7.7,718,6.8,1453,,,,,,,9.4,270,2230,5.9,250,2238,2.4,2051,250,-8,24,1644,58.8,3.4,989.8,1024.5,757,1017.2,2155,1020.4,9.9,7.4,1200,1.81,10.64,,,,,,6,1.6,.3,-7.7,,,,,,,,,,1.9,2.6,,,
135,√ﬂ«≥∑…,2022-01-11,-4.6,-8,2307,.2,1,,,,,,.1,16.8,270,1321,9.9,270,1227,5.8,5012,270,-13.3,29,1434,52.4,2.3,988,1023.4,2316,1014.9,341,1019.1,9.9,8.8,1200,2.12,12,,,,,,3.7,3.3,-2.8,-8,,,,,,,,,,1.6,2.3,,,
135,√ﬂ«≥∑…,2022-01-12,-6.2,-10.2,437,-1.7,1538,,,,,,,12.6,250,1114,7.2,270,1101,4.6,3999,270,-15.4,30,1504,49.9,1.9,991.1,1024.8,959,1020.1,1531,1022.5,9.9,8.4,1200,2.1,12.14,,,,,,2.4,.6,-4.9,-10.2,,,,,,,,,,1.5,2.2,,,
135,√ﬂ«≥∑…,2022-01-13,-5.6,-7.7,2354,-2.3,1514,,,,,,.2,17.9,270,1408,9.4,270,1249,5.2,4455,270,-15.5,31,1520,46.6,1.9,989.7,1024.4,2356,1018.6,1411,1021,9.9,7.4,1200,2.16,11.27,,,,,,3.4,2.3,-4.6,-7.7,,,,,,,,,,1.7,2.5,,,
135,√ﬂ«≥∑…,2022-01-14,-4.7,-8.9,320,.4,1513,,,,,,,13.2,270,8,8.1,270,813,4.4,3828,250,-17.5,23,1632,37.1,1.6,994.3,1027.8,949,1023.9,1740,1025.7,9.9,9,1200,2.16,12.76,,,,,,3.1,1.1,-5.6,-8.9,,,,,,,,,,1.7,2.4,,,
135,√ﬂ«≥∑…,2022-01-15,-.5,-8,508,5,1410,,,,,,,8.8,270,1412,6.1,270,1420,2.1,1843,250,-12,22,1243,42.5,2.6,992.6,1025.7,1,1021.3,1337,1023.4,10,4,1300,2.02,8.84,,,,,,6.5,4.5,-.3,-8,,,,,,,,,,1.6,2.3,,,
135,√ﬂ«≥∑…,2022-01-16,.2,-5.2,2354,4.2,104,,,,,,.7,15.2,250,1108,8.2,250,1358,4.9,4271,270,-8.8,28,1524,52.9,3.4,993.2,1027.3,2230,1021.2,508,1023.9,10,6.7,1200,1.99,10.6,,,,,,2.9,2.6,1.9,-5.2,,,,,,,,,,1.9,2.7,,,
135,√ﬂ«≥∑…,2022-01-17,-3.6,-7.1,648,.9,1434,,,,,,,18.2,250,1917,9.5,250,1335,5.2,4515,290,-11.2,43,1435,55.8,2.7,995.4,1029.5,938,1023,1739,1026.6,10,6.3,1200,2.25,11.3,,,,,,6.5,3.1,-2.8,-7.1,,,,,,,,,,1.6,2.3,,,
135,√ﬂ«≥∑…,2022-01-18,-4.9,-8.9,629,-.3,1545,,,,,,,12.1,270,2,7,270,118,4.6,3936,250,-18.8,19,1414,34.1,1.4,996.8,1030.6,953,1026.1,1624,1028.3,10,9.3,1200,2.19,13.13,,,,,,.5,0,-3.7,-8.9,,,,,,,,,,2,2.9,,,
135,√ﬂ«≥∑…,2022-01-19,-3.5,-11.5,802,3.9,1429,,,,,,.2,12.7,270,1852,7.1,270,1852,3.6,3084,270,-12.5,31,1224,50.9,2.5,993.3,1028.2,436,1020.2,1510,1024.5,10.1,5.5,1100,1.88,9.64,,,,,,5.1,4.1,-2.7,-11.5,,,,,,,,,,1.4,2,,,
135,√ﬂ«≥∑…,2022-01-20,-4.9,-9.5,707,2.1,1514,,,,,,,9,270,257,6.2,270,247,2.7,2300,250,-13.1,28,1516,54.9,2.2,997.2,1031.1,2231,1024.5,1,1028.6,10.1,9.4,1200,2.16,12.9,,,,,,0,0,-4.7,-9.5,,,,,,,,,,1.3,1.9,,,
135,√ﬂ«≥∑…,2022-01-21,-4.6,-13,801,4.4,1511,,,,,,,6.8,70,1432,4.4,70,1437,1.2,995,20,-15,18,1508,49.1,1.9,999.6,1033.6,846,1028.8,1635,1031.1,10.1,9.2,1200,2.23,14,,,,,,2.8,0,-4.9,-13,,,,,,,,,,1.7,2.4,,,
135,√ﬂ«≥∑…,2022-01-22,.6,-7.1,208,7,1502,,,,,,0,4,160,1205,2.8,160,1206,1,828,160,-9.1,34,1225,50,3.2,996.1,1030.5,27,1024.2,1445,1026.8,10.1,1.8,1200,1.93,7.59,,,,,,9,7.8,.8,-7.1,,,,,,,,,,1,1.5,,,
135,√ﬂ«≥∑…,2022-01-23,3.8,-1.2,2242,10.2,1332,,,,,,0,6.9,250,1333,4.8,250,1428,1.5,1324,250,-2.9,45,1406,62.5,4.9,991,1025,5,1018.1,1528,1021.2,10.2,4.4,1100,1.64,9.35,,,,,,6.9,4.9,3.1,-2.7,,,,,,,,,,1.6,2.3,,,
135,√ﬂ«≥∑…,2022-01-24,3.6,2,4,6.1,1445,,,,,,0,8.7,110,1125,5.3,70,1056,3.4,2939,70,-4.8,41,1501,54.8,4.3,992.5,1024.1,1003,1021,27,1022.7,10.2,.8,1400,1.21,6.96,,,,,,4,4,6.6,-.4,,,,,,,,,,1.4,2,,,
135,√ﬂ«≥∑…,2022-01-25,1.4,-.9,757,2.7,2003,,,,,,2.2,8.3,250,2114,5,270,2116,1.7,1467,250,-1.9,55,1,79.1,5.4,991.4,1023.7,927,1020.4,1559,1021.9,10.2,0,1100,.34,1.57,,,,,,7,6.8,1.4,-.9,,,,,,,,,,.6,.9,,,
135,√ﬂ«≥∑…,2022-01-26,1.2,-2.6,2237,4.5,1455,,,,,,,11.7,250,129,6.3,270,319,3.5,2982,270,-5.8,44,1542,59.9,4,993.9,1025.8,1040,1022.2,2,1024.5,10.2,3.3,1100,1.5,8.18,,,,,,5.9,3.5,1.5,-2.6,,,,,,,,,,1.3,1.8,,,
135,√ﬂ«≥∑…,2022-01-27,0,-4.5,800,4.9,1419,,,,,,,10.1,250,1509,6.8,250,1437,3.2,2806,270,-11.7,22,1550,42.5,2.5,993.6,1026.4,924,1021.5,1524,1024.4,10.3,9.5,1300,2.14,13.23,,,,,,4.3,1.3,.7,-4.5,,,,,,,,,,2.3,3.2,,,
135,√ﬂ«≥∑…,2022-01-28,-1.5,-4.6,811,3,1534,,,,,,,11.7,250,305,8,250,1505,4.5,3846,250,-13.1,21,1528,42.4,2.3,993.2,1026.7,901,1022,1456,1024.1,10.3,9.1,1200,2.31,13.85,,,,,,4.6,1.8,-.3,-4.6,,,,,,,,,,2.2,3.1,,,
135,√ﬂ«≥∑…,2022-01-29,-2.6,-5.5,802,1.6,1553,,,,,,,12.1,250,1501,7.8,250,1359,4.8,4188,270,-14.8,20,1743,40.8,2,990.9,1024,124,1018.8,1640,1021.9,10.3,9,1200,2.31,13.9,,,,,,6.4,3.1,-1.9,-5.5,,,,,,,,,,2.3,3.3,,,
135,√ﬂ«≥∑…,2022-01-30,-2,-6.4,731,2.9,1514,,,,,,,11.5,250,1610,8,270,2154,5,4283,270,-15.4,19,1510,37,1.9,990.8,1023.9,2330,1019.2,1512,1021.7,10.4,9.6,1300,2.25,14,,,,,,2.6,.9,-.8,-6.4,,,,,,,,,,2.5,3.6,,,
135,√ﬂ«≥∑…,2022-01-31,-.9,-5.5,607,4.4,1621,,,,,,,10.6,250,1520,6,270,1423,3.7,3210,270,-13.3,17,1404,41.3,2.2,993.5,1026.8,945,1022.7,1558,1024.3,10.4,9.8,1200,2.35,14.56,,,,,,1.8,1.1,.2,-5.7,,,,,,,,,,2.4,3.5,,,
135,√ﬂ«≥∑…,2022-02-01,-1,-2.3,3,.8,1550,,,,,,.4,15.5,270,1006,9.6,250,1331,5.5,4780,270,-7.3,51,1550,62.5,3.6,994.4,1029,2334,1022.5,431,1025.3,10.4,2.5,1300,1.19,7.38,,,,,,5.9,5.3,-.8,-2.8,,,,,,,,,,1.3,1.9,,,
135,√ﬂ«≥∑…,2022-02-02,-1.4,-3.6,2146,2.7,1337,,,,,,,13.3,320,1531,8.4,250,1124,5,4361,270,-12.8,23,1822,43.9,2.4,996.8,1029.2,733,1025.8,1503,1027.8,10.4,7.5,1200,2.35,13.59,,,,,,5,4.1,.1,-4,,,,,,,,,,2.3,3.3,,,
135,√ﬂ«≥∑…,2022-02-03,-2.1,-5,2357,1.6,1354,,,,,,,13.4,250,1645,8.6,250,1639,4.2,3670,270,-13.9,23,1627,41.6,2.1,995.4,1028.3,825,1023.9,1509,1026.5,10.5,9.7,1200,2.4,14.9,,,,,,3.4,2.4,-1.1,-5,,,,,,,,,,2.2,3.2,,,
135,√ﬂ«≥∑…,2022-02-04,-3.7,-6,2300,.5,1615,,,,,,.3,17.1,250,1404,9.9,250,1247,4.7,4085,270,-12.5,30,1639,51.3,2.4,993.4,1027.2,47,1021.7,1608,1024.6,10.5,6.5,1300,2.13,12.68,,,,,,4.8,4.3,-2.7,-6,,,,,,,,,,1.6,2.3,,,
135,√ﬂ«≥∑…,2022-02-05,-5.9,-9.2,659,-1.8,1551,,,,,,0,19.8,230,1559,10.9,250,1606,5.4,4707,270,-13.7,33,1332,55.4,2.2,994.4,1027.8,1012,1023.3,1559,1025.8,10.5,7,1200,2.45,14.13,,,,,,6,3.9,-4.8,-9.2,,,,,,,,,,1.6,2.3,,,
135,√ﬂ«≥∑…,2022-02-06,-3.5,-7.5,327,.8,1501,,,,,,,15.6,250,1518,9.7,250,1510,4.6,3980,270,-12.5,39,1315,49.5,2.4,996.7,1029.7,753,1025.4,1505,1027.9,10.6,6,1100,1.96,11.25,,,,,,3.4,3.3,-1.9,-7.5,,,,,,,,,,1.6,2.3,,,
135,√ﬂ«≥∑…,2022-02-07,-2.7,-8.2,754,.1,1617,,,,,,,9.4,250,1000,5.8,250,1025,3.7,3235,250,-14.2,29,1645,41.9,2.1,997.3,1030.3,805,1025.6,1817,1028.4,10.6,3.8,1300,1.72,9.02,,,,,,6.8,2.8,-1.8,-8.2,,,,,,,,,,1.6,2.3,,,
135,√ﬂ«≥∑…,2022-02-08,-1.2,-6.9,711,4.4,1530,,,,,,,10.3,250,1237,6.4,250,1239,3.2,2742,250,-11.7,33,1449,45.3,2.5,996.7,1029.3,2354,1025.7,1509,1027.7,10.6,6.8,1300,2.3,12.76,,,,,,4.4,.5,-.7,-6.9,,,,,,,,,,1.7,2.4,,,
135,√ﬂ«≥∑…,2022-02-09,-.4,-9.7,756,8,1515,,,,,,,5.4,250,1509,3.2,250,1540,1.1,944,20,-13.1,18,1606,42.1,2.3,994.8,1030,816,1021.8,1701,1025.6,10.7,8.9,1200,2.31,14.28,,,,,,4.9,.9,.5,-9.7,,,,,,,,,,2.2,3.2,,,
135,√ﬂ«≥∑…,2022-02-10,2.1,-1.3,448,6.9,1359,,,,,,,11.7,270,1432,7.3,250,1535,3.5,3003,270,-12.4,21,1651,34.1,2.4,992.4,1025.4,2354,1020.5,1430,1022.9,10.7,9.6,1200,2.41,15.21,,,,,,3.4,.9,1.7,-2.8,,,,,,,,,,2.7,3.9,,,
135,√ﬂ«≥∑…,2022-02-11,1.4,-5.6,524,9.2,1500,,,,,,,9,270,1337,5.8,250,1518,2.4,2074,250,-11.1,18,1515,42,2.6,995.5,1028.4,913,1023.9,1509,1026.1,10.8,9.8,1200,2.41,15.25,,,,,,2.4,.3,1.9,-5.6,,,,,,,,,,2.6,3.7,,,
135,√ﬂ«≥∑…,2022-02-12,3.7,-4.5,747,11.1,1511,,,,,,,7.8,90,2104,4.9,90,2112,2,1715,290,-9.6,16,1513,41.3,3,994.5,1027.8,812,1021.5,1547,1024.9,10.8,9.8,1200,2.46,15.32,,,,,,3.6,3,6.2,-4.5,,,,,,,,,,2.7,3.9,,,
135,√ﬂ«≥∑…,2022-02-13,3.1,-2.2,2325,9.7,1348,,,,,,,5.9,70,1140,3.9,70,1140,1.3,1117,50,-3.9,32,1535,62.1,4.6,991.6,1024.5,2,1019.2,1632,1021.9,10.8,5.3,1100,1.95,11.36,,,,,,5.6,.5,3.4,-2.2,,,,,,,,,,1.6,2.3,,,
135,√ﬂ«≥∑…,2022-02-14,4,-2.1,120,10.7,1340,,,,,,0,13,270,2212,7,270,2005,3,2555,270,-5.2,23,1541,56.4,4.3,989.8,1022.7,111,1016.8,1532,1020,10.9,8.5,1100,2.2,13.42,,,,,,4.8,3.4,4.3,-2.1,,,,,,,,,,2.9,4.2,,,
135,√ﬂ«≥∑…,2022-02-15,-3.2,-7.1,2354,.5,1,,,,,,,17.8,250,1301,10.5,270,1031,7.2,6224,270,-12.3,35,1339,50.1,2.4,989.8,1022.7,2208,1018.7,1435,1020.8,10.9,6,1200,2.93,15.22,,,,,,6.9,6.5,-2,-7.1,,,,,,,,,,1.8,2.6,,,
135,√ﬂ«≥∑…,2022-02-16,-6.8,-8.4,641,-3.9,1532,,,,,,.2,16.7,270,1119,10,250,1343,5.9,5137,270,-15,31,1538,53.4,2,991.5,1024.5,2359,1020.6,1514,1022.9,10.9,5.9,1300,2.44,13.6,,,,,,5.4,4.3,-4.8,-8.4,,,,,,,,,,1.6,2.3,,,
135,√ﬂ«≥∑…,2022-02-17,-7,-10.5,428,-1.7,1605,,,,,,,14.9,270,39,8.2,270,930,4.2,3664,270,-18.3,25,1456,41.6,1.5,996.5,1032.2,2400,1024.4,8,1028.2,11,9.6,1200,2.71,17.19,,,,,,1,.8,-5.6,-10.5,,,,,,,,,,1.7,2.4,,,
135,√ﬂ«≥∑…,2022-02-18,-3.4,-13.4,636,5.6,1641,,,,,,,5.5,160,1316,3,160,1038,1.1,975,50,-15.2,23,1426,42.6,1.9,999,1035.1,804,1026.5,2353,1030.3,11,9.7,1200,2.62,16.95,,,,,,5.7,1.5,-.8,-13.4,,,,,,,,,,2.1,3.1,,,
135,√ﬂ«≥∑…,2022-02-19,-.8,-4.8,2400,3.2,1414,,,,,,,14.2,290,2332,7.6,250,1438,3.2,2788,250,-12.1,18,1138,43.6,2.5,992.2,1027.5,45,1020.4,2032,1022.9,11,3.8,1300,2.11,10.38,,,,,,8.5,5.9,1,-4.8,,,,,,,,,,1.8,2.6,,,
135,√ﬂ«≥∑…,2022-02-20,-4.9,-7.7,711,-1.2,1424,,,,,,.1,15.7,250,1249,8.7,250,1205,4.4,3818,270,-17.7,16,1512,39.1,1.6,994.5,1029.3,2256,1023.2,1,1025.9,11.1,10.3,1200,2.8,18.39,,,,,,1.6,1.1,-3,-7.7,,,,,,,,,,2.3,3.3,,,
135,√ﬂ«≥∑…,2022-02-21,-1.6,-8.2,738,3.9,1346,,,,,,,17,270,1329,9.7,250,1358,5,4291,270,-11.6,28,1305,48,2.5,997,1030.7,828,1025,1441,1028.1,11.1,7.2,1100,2.39,15.01,,,,,,2.5,1.4,.4,-8.2,,,,,,,,,,2.6,3.7,,,
135,√ﬂ«≥∑…,2022-02-22,-3,-6.2,729,1.2,1526,,,,,,,16,250,1305,9.4,270,10,5.1,4421,270,-14.7,23,1409,41.9,2,999.9,1033.4,909,1029.2,2,1031.2,11.1,10.1,1200,2.75,18.12,,,,,,2.5,.4,-.4,-6.2,,,,,,,,,,2.4,3.5,,,
135,√ﬂ«≥∑…,2022-02-23,-5.4,-9.3,700,-.1,1642,,,,,,,12.9,230,1208,7.6,250,1357,4.4,3819,250,-19.3,19,1650,34.3,1.4,1001,1035.2,905,1029.2,1655,1032.6,11.2,9.6,1300,2.73,16.37,,,,,,3.8,.8,-2.3,-9.3,,,,,,,,,,2.4,3.5,,,
135,√ﬂ«≥∑…,2022-02-24,-2.2,-7.6,643,3,1508,,,,,,,13.9,270,1227,8.3,250,1221,5,4340,250,-16.1,21,1502,34.9,1.8,999.3,1033.3,909,1027.7,1656,1030.5,11.2,10.5,1200,2.88,19.04,,,,,,0,0,-.3,-7.6,,,,,,,,,,2.8,4,,,
135,√ﬂ«≥∑…,2022-02-25,2.7,-5,521,8.7,1410,,,,,,,14.1,250,1340,8.5,250,1340,4.3,3673,270,-6.7,28,1416,51.4,3.8,996.5,1029.9,709,1024.5,1526,1027,11.3,9.2,1200,2.63,16.94,,,,,,1.1,.5,3.4,-5.5,,,,,,,,,,2.7,3.8,,,
135,√ﬂ«≥∑…,2022-02-26,5.8,-1.5,608,11.8,1505,,.7,2208,1,2200,1.3,19.1,270,2400,9.8,270,2343,4.9,4217,270,-6.1,20,1316,46.8,4,988.9,1024.8,1,1012.9,2119,1018.8,11.3,8.6,1200,2.6,16.37,,,,,,3.4,1.4,8.3,-2.4,,,,,,,,,,4,5.7,,,
135,√ﬂ«≥∑…,2022-02-27,3.9,-.7,558,9.5,1435,,,,,,,16,250,14,9.2,250,1450,5.2,4529,270,-10.2,17,1345,37.8,2.9,991.8,1024,938,1016.9,2,1022,11.3,10.5,1200,2.87,19.21,,,,,,0,0,5.2,-2.2,,,,,,,,,,3.7,5.4,,,
135,√ﬂ«≥∑…,2022-02-28,4.3,-4.3,707,13.3,1437,,,,,,,7,250,1437,4.4,270,2,1.3,1154,250,-10.3,13,1156,40.4,2.9,991.2,1026.4,730,1017.4,1731,1021.3,11.4,7.2,1200,2.26,14.01,,,,,,5.8,1.4,6.2,-4.4,,,,,,,,,,2.3,3.3,,,
135,√ﬂ«≥∑…,2022-03-01,5.3,-.4,122,12.1,1427,,,,,,1.7,11.9,250,1440,6.9,250,1516,2.3,2009,290,-.5,42,111,67.5,6.1,984.7,1017.9,2353,1010.8,1434,1014.6,11.4,2.4,1200,2.16,9.1,,,,,,6.8,5.8,6.3,-1,,,,,,,,,,1.8,2.6,,,
135,√ﬂ«≥∑…,2022-03-02,2.9,-1.9,655,8.3,1505,,,,,,,12.7,250,1201,8,270,2001,5.5,4742,270,-7.6,25,1407,48.5,3.5,987.6,1020,859,1014.9,1700,1017.8,11.4,10.5,1300,2.85,20.01,,,,,,1.3,1,5.2,-11.2,,,,,,,,,,3.5,5,,,
135,√ﬂ«≥∑…,2022-03-03,5.5,-.5,2351,12.7,1444,,,,,,,11.2,250,1418,6.3,250,1411,3.5,3033,270,-6.7,16,1533,45,3.8,988.2,1020.2,917,1015.5,1608,1018.1,11.5,10.2,1200,2.92,19.45,,,,,,.4,0,8.1,-1.3,,,,,,,,,,3.4,4.8,,,
135,√ﬂ«≥∑…,2022-03-04,6.9,-4.1,607,15.8,1428,,,,,,,16.8,270,2207,9.3,270,2207,3,2605,250,-4.7,22,1420,46.5,4.5,983.5,1019.5,203,1006.8,1741,1013.1,11.5,6.6,1200,2.63,15.55,,,,,,6.6,2.1,8,-4.1,,,,,,,,,,4.3,6.1,,,
135,√ﬂ«≥∑…,2022-03-05,3,-1.4,2345,9.1,1,,,,,,,24.2,270,1432,12.7,270,1441,7.4,6394,270,-12.4,16,1621,33.8,2.6,984.4,1019.8,2347,1009.3,15,1014.5,11.5,10.6,1200,2.99,20.6,,,,,,.4,0,5.7,-2,,,,,,,,,,4.4,6.2,,,
135,√ﬂ«≥∑…,2022-03-06,1.6,-2.5,642,7.3,1547,,,,,,,15.7,270,1003,9.5,270,933,5.2,4526,270,-16.2,10,1554,27.8,1.8,990.5,1022.8,2233,1018.4,1618,1020.9,11.6,10.7,1200,3.08,21.28,,,,,,1.6,0,4.4,-3.1,,,,,,,,,,3.8,5.4,,,
135,√ﬂ«≥∑…,2022-03-07,1.5,-6.7,710,10.1,1552,,,,,,,8.9,250,1632,5.9,250,1630,1.9,1649,250,-14.5,11,1348,32.9,2,990.3,1023.7,823,1017.1,1601,1020.8,11.6,8.9,1200,2.75,16.64,,,,,,5.4,2.6,2.7,-6.7,,,,,,,,,,2.8,4,,,
135,√ﬂ«≥∑…,2022-03-08,4,-5,704,12.3,1553,,,,,,,10.2,250,1317,6.6,250,1459,2.1,1777,250,-7.9,23,1556,43.8,3.4,989.3,1021.5,727,1016.5,1530,1019.4,11.7,10.5,1300,2.73,19.14,,,,,,1.4,.1,4.6,-5,,,,,,,,,,3,4.4,,,
135,√ﬂ«≥∑…,2022-03-09,7.2,-.2,226,15.5,1456,,,,,,,8.6,250,1435,5.3,250,1009,2.4,2054,250,-6.4,13,1618,42.5,3.9,991.8,1023.5,919,1019.7,1536,1021.6,11.7,10.7,1200,2.95,20.23,,,,,,.1,0,8.9,-1.3,,,,,,,,,,,,,,
135,√ﬂ«≥∑…,2022-03-10,7.4,-2.5,446,16.8,1448,,,,,,,8.6,290,1310,5.1,250,1136,1.4,1220,270,-8.5,14,1612,36.1,3.2,991.2,1024.2,807,1017.8,1717,1021,11.7,5.8,1100,1.93,13.61,,,,,,5.9,2.1,7.7,-2.5,,,,,,,,,,3,4.2,,,
135,√ﬂ«≥∑…,2022-03-11,8.6,-1,656,16.4,1637,,,,,,,7,230,1510,4.8,250,1322,1.2,1033,250,.2,34,1103,56.6,6.6,989,1021.1,709,1015.3,1631,1018.6,11.8,3,1400,1.66,11.35,,,,,,5.4,3.6,9.3,-1,,,,,,,,,,1.9,2.7,,,
135,√ﬂ«≥∑…,2022-03-12,13,4.2,641,20.2,1618,,,,,,,6.8,270,1506,4.6,270,1515,1.4,1171,270,6.5,45,1620,67,9.8,986.6,1019.5,728,1012.1,2345,1015.5,11.8,4.7,1100,2.69,13.43,,,,,,6.6,4.6,13.6,3.2,,,,,,,,,,2.3,3.3,,,
135,√ﬂ«≥∑…,2022-03-13,12.5,8.6,228,14.6,1657,,,,,,15.7,6.4,270,1521,4,270,1527,.9,806,250,10.3,64,20,86.9,12.6,982.3,1013,2316,1009.1,1332,1011.2,11.8,0,1500,.33,1.9,,,,,,8.8,8.4,11.9,8,,,,,,,,,,.5,.7,,,
135,√ﬂ«≥∑…,2022-03-14,9.6,6.1,2357,13,1606,,,,,,2.8,15.5,270,1652,9.6,270,2017,3.8,3305,70,7,71,2341,84.8,10.2,982.6,1014.3,958,1007,1535,1011.8,11.9,0,1400,.68,3.5,,,,,,9.5,8.6,10.6,5.6,,,,,,,,,,1.2,1.7,,,
135,√ﬂ«≥∑…,2022-03-15,8.8,3,704,18,1543,,,,,,,12.9,270,507,8.1,270,456,2.9,2467,270,.2,26,1553,57.6,6.2,984.4,1017.4,910,1010.4,1532,1013.8,11.9,9.7,1200,2.96,20.12,,,,,,1.9,1.5,13.6,2.7,,,,,,,,,,3.1,4.5,,,
135,√ﬂ«≥∑…,2022-03-16,11.4,2.2,637,18.9,1620,,,,,,,8.5,270,1014,6.5,250,1008,2.5,2117,250,.6,21,1529,52,6.5,986.5,1018.8,2245,1013,1537,1015.7,12,8.8,1200,2.92,19.54,,,,,,3.3,0,13.2,2.2,,,,,,,,,,3.8,5.5,,,
135,√ﬂ«≥∑…,2022-03-17,6.9,3.9,2356,10.4,13,,,,,,10.9,10.6,70,2219,7,70,2225,3.2,2791,70,3.2,53,14,78.3,7.8,990.3,1021.8,949,1018.2,16,1020.1,12,0,1100,.46,2.01,,,,,,10,9.3,6.9,3.9,,,,,,,,,,.8,1.1,,,
135,√ﬂ«≥∑…,2022-03-18,4,2.2,2234,6.4,1559,,,,,,6.6,9.6,70,456,5.9,90,1111,3.7,3193,70,.9,65,1619,80.1,6.5,982,1018.6,1,1008.9,1639,1011.8,12.1,0,1100,1.16,4.69,,,,,,8.6,8.5,4.7,2.2,,,,,,,,,,.8,1.2,,,
135,√ﬂ«≥∑…,2022-03-19,1.8,0,732,3.9,1522,,,,,,11.3,10.8,250,1530,5.1,270,1548,1.6,1366,270,-.3,75,209,86.4,6,980.3,1016.5,2359,1006.6,900,1010.4,12.1,0,1400,.86,4.23,,,,,,9.8,8.6,1.8,0,,,,,,,,,,.6,.9,,,
135,√ﬂ«≥∑…,2022-03-20,3.6,0,408,7.8,1521,,,,,,,9.2,270,2030,5.9,250,2030,2.5,2120,250,-1.5,46,1721,70.9,5.5,989.2,1022.6,2358,1016.2,5,1019.4,12.1,1.1,1400,1.5,9.97,,,,,,9.1,6.4,5.4,0,,,,,,,,,,1.6,2.3,,,
135,√ﬂ«≥∑…,2022-03-21,5.6,-3,656,11.6,1604,,,,,,,7.7,250,22,4.4,270,23,1.9,1607,270,-6.2,20,1219,46.4,3.9,993.2,1026.7,715,1020.3,1837,1023.3,12.2,8.5,1200,2.96,19.54,,,,,,7.9,2,10.3,-3,,,,,,,,,,3.2,4.5,,,
135,√ﬂ«≥∑…,2022-03-22,5.9,-1.2,641,12.1,1519,,,,,,,8.7,360,1238,4.6,270,236,2.6,2226,50,-5.7,24,1605,45.3,4,991.7,1024.1,937,1018.8,1656,1021.7,12.2,9.7,1200,3.08,21.26,,,,,,4.6,.9,11.8,-1.2,,,,,,,,,,3.2,4.6,,,
135,√ﬂ«≥∑…,2022-03-23,3.9,.2,247,9.1,1317,,,,,,,10.2,250,1350,5.6,270,1703,1.6,1415,20,-2.6,42,1320,63.5,5.1,988.5,1022,46,1016.1,1708,1018.6,12.2,1.1,1300,1.96,9.47,,,,,,6,3.3,4.1,.2,,,,,,,,,,1.5,2.2,,,
135,√ﬂ«≥∑…,2022-03-24,6.4,-1.3,633,14.3,1629,,,,,,,7.4,20,1329,4.7,50,1334,1.3,1129,70,-.8,41,1603,61.9,5.8,990.6,1023.2,2257,1018.1,1714,1020.4,12.3,3.1,1400,2.06,13.17,,,,,,5.6,2.3,10.4,-1.3,,,,,,,,,,2,2.8,,,
135,√ﬂ«≥∑…,2022-03-25,11.1,2.5,548,17.1,1432,,,,,,11.9,14.8,110,2335,7,110,2337,2.5,2155,110,4.9,40,1235,68,9,986.9,1022.7,1,1005.6,2400,1016.1,12.3,3.6,1200,2.49,13.93,,,,,,8,3.5,14,2.5,,,,,,,,,,2.4,3.5,,,
135,√ﬂ«≥∑…,2022-03-26,11.4,9.3,2345,14,936,,,,,,9.5,17.6,270,1142,10.5,270,1236,3.9,3379,270,8.4,68,1158,82.8,11.2,974.3,1011.9,2322,996.3,901,1003.1,12.4,.2,1100,1.82,4.19,,,,,,8.8,8.6,11.4,8.6,,,,,,,,,,1.4,2,,,
135,√ﬂ«≥∑…,2022-03-27,8.7,2.7,2338,15.8,1336,,,,,,,16.3,250,1422,10.4,250,1424,4.4,3762,270,-3.1,24,1212,46.5,5.1,985.9,1022.4,2348,1011,1422,1015.4,12.4,9.6,1200,3.18,21,,,,,,4.3,1.3,11.6,2,,,,,,,,,,4.4,6.3,,,
135,√ﬂ«≥∑…,2022-03-28,5.8,-2.1,637,13.3,1619,,,,,,,7.4,50,1048,5.2,70,1051,1.6,1417,70,-6.3,21,1126,44.4,3.9,995.9,1028.4,2329,1022.3,5,1026,12.4,11.3,1400,2.82,22.06,,,,,,2.7,.5,10.2,-2.1,,,,,,,,,,3.4,4.9,,,
135,√ﬂ«≥∑…,2022-03-29,8.1,-1.8,626,18,1547,,,,,,,7.5,230,1446,4.3,250,1607,1.3,1108,270,-2.2,23,1531,53,5.2,995,1028.8,216,1020.8,1641,1024.8,12.5,11.4,1200,3.28,23.88,,,,,,0,0,11.1,-1.8,,,,,,,,,,4,5.7,,,
135,√ﬂ«≥∑…,2022-03-30,11.4,.6,608,18.8,1420,,,,,,.4,7.4,290,1634,3.8,270,1442,1.3,1093,270,4.8,38,1125,66.4,9.1,990.9,1024.5,658,1016.9,1458,1020.2,12.5,4,900,1.99,13.11,,,,,,6.6,5.4,12.7,.6,,,,,,,,,,2.3,3.3,,,
135,√ﬂ«≥∑…,2022-03-31,9.8,4.5,2345,13.8,1344,,,,,,.4,9.5,50,1743,6.2,50,1744,3.6,3079,250,5.1,52,1605,73.6,8.9,993.8,1028.7,2350,1019.1,1,1023.4,12.6,.3,1000,1.8,12.3,,,,,,9.6,7,12.6,4.5,,,,,,,,,,2,2.9,,,
135,√ﬂ«≥∑…,2022-04-01,6.3,0,623,13.2,1415,,,,,,,8.5,50,1446,5.2,50,1447,1.7,1488,50,-1.9,29,1357,59.8,5.4,998.8,1031.1,852,1026.2,1802,1029,12.6,9.1,1300,3.12,21.12,,,,,,5.5,1.6,8.5,0,,,,,,,,,,2.8,4,,,
135,√ﬂ«≥∑…,2022-04-02,7.2,-2.3,536,14.6,1416,,,,,,,10.1,270,1719,5.2,250,1516,2.3,1984,270,-6.1,17,1337,43.9,4,997.2,1030,729,1023.2,1529,1027.1,12.6,11.4,1200,3.46,25.37,,,,,,.1,0,10.8,-2.3,,,,,,,,,,4.8,6.8,,,
135,√ﬂ«≥∑…,2022-04-03,8.2,-.4,612,16.4,1503,,,,,,,7.2,250,1259,5.8,250,921,2,1748,250,-7.5,11,1323,38,3.6,997.6,1029.3,711,1024.3,1600,1027.5,12.7,11.6,1200,3.46,25.48,,,,,,0,0,11.1,-.4,,,,,,,,,,5.1,7.3,,,
135,√ﬂ«≥∑…,2022-04-04,10.3,.6,644,17.9,1559,,,,,,,9.9,270,1533,5.6,250,1024,2.6,2288,250,-5.2,13,1445,37.3,4.2,997.5,1030.5,657,1023.7,1739,1027.1,12.7,11.6,1200,3.46,25.42,,,,,,0,0,12.6,.6,,,,,,,,,,5.5,7.8,,,
135,√ﬂ«≥∑…,2022-04-05,10.5,-.2,550,18.3,1531,,,,,,,10.7,290,1433,5.6,270,2302,3.2,2803,270,-7.2,12,1544,32.4,3.6,992.4,1026.2,1,1017.7,1618,1021.9,12.7,8.5,1200,2.51,19.2,,,,,,7,.5,14.5,-.2,,,,,,,,,,5.4,7.7,,,
135,√ﬂ«≥∑…,2022-04-06,12,4.3,634,19.5,1454,,,,,,,11.8,250,1440,6.8,250,1526,3.1,2662,250,-5.3,19,1428,30.1,4.2,990.9,1023.1,643,1017,1615,1020.1,12.8,11.2,1200,3.37,24.62,,,,,,.1,0,13.8,4.3,,,,,,,,,,5.1,7.3,,,
135,√ﬂ«≥∑…,2022-04-07,10.6,4,631,16.7,1521,,.4,432,1,422,1.2,13.8,250,1424,8.9,250,1445,4.4,3777,270,-2,18,320,44.3,5.4,988.4,1020.4,2358,1014.3,1524,1017.7,12.8,8.4,1200,3.35,22.12,,,,,,3.4,2.3,12.6,4,,,,,,,,,,4.7,6.7,,,
135,√ﬂ«≥∑…,2022-04-08,11.9,.2,605,21.8,1600,,,,,,,10.6,250,1610,6.7,250,1434,1.9,1606,250,-3.9,17,1516,36.3,4.6,989.9,1023,700,1015.3,1609,1019.1,12.9,11.8,1200,3.43,25.94,,,,,,0,0,14,.2,,,,,,,,,,5.7,8.1,,,
135,√ﬂ«≥∑…,2022-04-09,16.7,5.5,602,26.2,1445,,,,,,,12.3,290,1538,7.4,250,1210,2.2,1894,270,2.9,22,1535,43,7.6,986.4,1017.5,636,1011.6,1556,1014.9,12.9,11.3,1200,3.19,23.67,,,,,,.4,.1,18.8,5.5,,,,,,,,,,5.9,8.5,,,
135,√ﬂ«≥∑…,2022-04-10,17.4,6,545,26.6,1524,,,,,,,7.6,250,2008,4.9,270,1937,1.6,1401,270,3.3,19,1509,44.4,7.8,987.4,1018.7,714,1012.1,1627,1015.8,12.9,9.5,1200,3.32,23.14,,,,,,3.9,1,21.2,6,,,,,,,,,,5.3,7.6,,,
135,√ﬂ«≥∑…,2022-04-11,18.4,8.3,454,27,1526,,,,,,,6.6,270,1637,4,250,1654,1.2,1004,160,8,30,1631,54,10.8,984.5,1017.2,622,1008.2,1725,1012.8,13,10.9,1200,3.38,24.1,,,,,,3.1,2.1,22.9,8.3,,,,,,,,,,4.6,6.6,,,
135,√ﬂ«≥∑…,2022-04-12,19.6,10.1,535,27.7,1413,,,,,,,9.5,290,1907,5.4,250,1401,2.3,2017,270,10.2,30,1530,59.9,12.5,981.9,1013.1,650,1006.6,1619,1010,13,10.4,1200,3.33,24.38,,,,,,4.1,0,23.2,10.1,,,,,,,,,,5.5,7.8,,,
135,√ﬂ«≥∑…,2022-04-13,11.9,6.6,2337,17.5,1,,1.4,1619,3.7,1937,17.4,12.5,70,1850,8,70,1929,4.3,3746,70,9.4,77,1,85.1,12.1,985.7,1019.4,2339,1010,149,1014.8,13,0,800,.31,2.27,,,,,,9.8,9.4,13.5,6.6,,,,,,,,,,.9,1.2,,,
135,√ﬂ«≥∑…,2022-04-14,8.4,6.6,1,11,1515,,.4,36,1.4,8,1.9,10.5,50,23,6.5,70,101,4,3482,70,4.1,63,1435,75.4,8.2,989.3,1020.7,2215,1017,1541,1018.8,13.1,0,1400,1.19,6.23,,,,,,9.4,9.4,10.4,6.6,,,,,,,,,,1.5,2.1,,,
135,√ﬂ«≥∑…,2022-04-15,10.9,5,406,17.8,1439,,,,,,,10.6,250,1535,5.1,250,1343,2.2,1922,90,2.3,27,1632,58.4,7.2,987.8,1020.5,46,1012.3,1603,1017,13.1,7.6,1100,3.49,23.26,,,,,,7.4,5.4,15.7,5,,,,,,,,,,3.7,5.3,,,
135,√ﬂ«≥∑…,2022-04-16,11.2,1.6,552,18.1,1602,,,,,,,11.2,270,1325,6.3,250,1505,2.5,2129,270,-2.5,20,1533,44.3,5.2,988.1,1020.2,738,1013.7,1643,1017.3,13.1,12,1200,3.49,26.75,,,,,,2,0,14.4,1.6,,,,,,,,,,5.7,8.1,,,
135,√ﬂ«≥∑…,2022-04-17,12,2.2,602,20.1,1441,,,,,,,12.8,250,1538,6.9,250,1106,2.6,2207,250,-4.5,14,1607,35.1,4.4,988.9,1020.2,703,1015.1,1813,1018,13.2,12.2,1200,3.57,27.48,,,,,,2.4,.8,15.7,2.2,,,,,,,,,,6.2,8.9,,,
135,√ﬂ«≥∑…,2022-04-18,14.7,7.7,213,21,1534,,,,,,,9.6,230,1608,6.1,250,1626,2.7,2329,250,-1.7,18,1506,34.1,5.4,988.8,1019.7,103,1014.4,1605,1017.6,13.2,5.7,1300,3.12,19.25,,,,,,7.3,2.8,17.6,7.7,,,,,,,,,,5,7.2,,,
135,√ﬂ«≥∑…,2022-04-19,15,5.5,651,22.5,1436,,,,,,,11.7,250,1544,7.6,250,1550,3.1,2681,250,-3.6,12,1412,30.1,4.7,988.2,1019.3,712,1013.8,1605,1017,13.3,11.8,1200,3.47,26.25,,,,,,1.5,.6,16.6,5.5,,,,,,,,,,7.4,10.6,,,
135,√ﬂ«≥∑…,2022-04-20,14.4,3.5,536,23.1,1426,,,,,,,11.8,320,1333,6.6,270,2000,3,2599,270,-2.7,13,1616,34.9,5,986.9,1019,701,1011.6,1617,1015.7,13.3,12.2,1200,3.55,27.42,,,,,,0,0,17.3,3.5,,,,,,,,,,7.1,10.2,,,
135,√ﬂ«≥∑…,2022-04-21,11.3,4.8,605,18.5,1627,,,,,,,5.7,270,1735,3.7,160,1213,1,907,180,2.3,30,1629,56.6,7.2,984.2,1016.1,1,1009.9,1653,1013.3,13.3,2.8,1500,1.91,11.06,,,,,,5.6,1.4,12.4,4.8,,,,,,,,,,2.5,3.5,,,
135,√ﬂ«≥∑…,2022-04-22,15.9,5.1,412,24.7,1419,,,,,,,14.8,270,1451,8.3,250,1722,3.2,2748,270,8,40,1226,62.1,11,981.9,1013.5,57,1006.4,1552,1010.4,13.4,8.9,1200,2.88,21.14,,,,,,5.5,1.3,17.5,5.1,,,,,,,,,,4.8,6.8,,,
135,√ﬂ«≥∑…,2022-04-23,17.9,12,614,24.2,1522,,,,,,,8.7,270,129,4.7,270,133,2.3,2011,90,7.9,24,1626,56.6,10.8,983.4,1014.9,800,1008.4,1607,1011.7,13.4,8.8,1200,3.13,22.1,,,,,,7.6,1.9,23.2,12,,,,,,,,,,4.2,6,,,
135,√ﬂ«≥∑…,2022-04-24,18.4,9.3,454,26.5,1524,,,,,,,11.2,320,1252,5.3,270,1213,2.2,1933,290,9.9,34,1447,61.3,12.3,982.3,1013,459,1006.7,1542,1010.5,13.4,9.2,1200,3.53,25.45,,,,,,3.5,2.1,21.7,9.3,,,,,,,,,,5.7,8.2,,,
135,√ﬂ«≥∑…,2022-04-25,19.1,13.9,317,26.2,1228,,1,2336,3.4,2301,3.4,7.3,250,454,5.1,270,330,2.3,1952,270,10.5,27,1312,61.5,12.8,982.5,1014.5,718,1007.2,2344,1010.7,13.5,5.6,1100,3.04,18.52,,,,,,8.6,4.8,21.7,13.9,,,,,,,,,,3.6,5.1,,,
135,√ﬂ«≥∑…,2022-04-26,16.8,13.8,653,19.2,1539,,1.4,8,6.4,2,24.9,9.8,270,2137,6.6,270,2144,3.3,2867,270,14.2,77,2355,85.3,16.3,974.7,1007.6,1,1000.7,1148,1002.9,13.5,0,1200,1.48,8.51,,,,,,8.5,7,18.8,13.8,,,,,,,,,,2.3,3.3,,,
135,√ﬂ«≥∑…,2022-04-27,15.7,10.5,2351,22.2,1553,,,,,,,13.4,270,130,7.9,270,125,3,2591,270,5.5,31,1319,53.8,9.2,985.5,1018.6,2356,1007,5,1014.1,13.5,12.2,1200,3.47,26.48,,,,,,3.6,0,20.5,10.4,,,,,,,,,,4.8,6.8,,,
135,√ﬂ«≥∑…,2022-04-28,15.3,7.5,600,22.2,1344,,,,,,,9.6,140,1243,6.7,70,1104,2.8,2400,70,6.8,35,1409,59.9,10,987.5,1020,823,1012.8,1540,1016.2,13.6,7.6,1200,3.21,22.23,,,,,,5.1,2.3,19.3,7.5,,,,,,,,,,4.1,5.9,,,
135,√ﬂ«≥∑…,2022-04-29,9.9,7.5,908,13.1,1444,,.7,458,2.4,419,8.2,9.3,90,149,5.7,70,157,2.9,2508,70,5.3,60,1449,73.4,8.9,987.3,1021.4,2341,1012.9,520,1016.7,13.6,.5,1200,1.59,9.07,,,,,,9.5,9,12.4,7.5,,,,,,,,,,1.6,2.3,,,
135,√ﬂ«≥∑…,2022-04-30,11.7,7.8,131,16.4,1536,,,,,,,10.6,250,2229,6.9,270,2234,2.9,2501,270,5.1,49,1537,65,8.8,988.3,1021.3,56,1013.6,1815,1017.5,13.6,1.7,1100,2.26,15.44,,,,,,9.1,7.3,15.4,9.6,,,,,,,,,,3,4.3,,,
135,√ﬂ«≥∑…,2022-05-01,11.8,5.3,553,17.4,1412,,,,,,,12.4,250,1151,7.3,270,1716,3.6,3110,270,-1.3,21,1715,44.6,5.7,984.7,1016.5,452,1010.7,1650,1013.8,13.7,11.2,1200,3.61,26.38,,,,,,2.9,.4,13,5.3,,,,,,,,,,5.4,7.7,,,
135,√ﬂ«≥∑…,2022-05-02,11.7,5,2355,17.9,1436,,0,,0,,0,12,250,1235,8.3,250,1238,2.6,2251,250,2,23,1230,55.6,7.2,984.9,1018.8,2352,1011.1,1428,1014,13.7,8.2,1200,3.74,23.52,,,,,,4,2.5,14.9,5,,,,,,,,,,4,5.7,,,
135,√ﬂ«≥∑…,2022-05-03,12.2,1.5,601,21.1,1538,,,,,,,9.5,290,1256,5.5,250,1551,2.1,1792,270,0,16,1635,50,6.2,990.1,1021.3,636,1016.6,1558,1019.3,13.7,12.6,1200,3.61,28.45,,,,,,0,0,15.5,1.5,,,,,,,,,,5.7,8.2,,,
135,√ﬂ«≥∑…,2022-05-04,16,4.5,539,25.1,1447,,,,,,,9.9,250,1456,5.6,250,1318,2.3,2009,250,3.2,24,1415,46.6,7.7,990.2,1021.3,709,1015.7,1649,1019,13.8,12.6,1200,3.51,28.06,,,,,,.6,0,18.2,4.5,,,,,,,,,,6.3,9,,,
135,√ﬂ«≥∑…,2022-05-05,16.5,6.1,547,25.8,1525,,,,,,,8.2,270,1337,4.2,250,1338,1.5,1262,230,6.3,27,1421,55.6,9.5,989.7,1021.1,627,1014.6,1801,1018.4,13.8,12.6,1200,3.63,28.86,,,,,,.6,0,21,6.1,,,,,,,,,,5.6,8,,,
135,√ﬂ«≥∑…,2022-05-06,18.4,8.6,543,25.7,1514,,,,,,,11.1,290,1433,5.2,270,1158,2,1736,270,9.5,36,1338,59.5,11.9,987.4,1018.8,35,1012.7,1659,1015.8,13.8,12.4,1200,3.56,28.04,,,,,,.9,.8,22.5,8.6,,,,,,,,,,5.4,7.7,,,
135,√ﬂ«≥∑…,2022-05-07,17,11.6,2149,22.6,1519,,,,,,,12.3,270,1210,6.8,270,1102,3.2,2767,270,8.8,29,1738,61.4,11.6,988.1,1020.3,2336,1014.1,1511,1016.7,13.9,7,1000,2.39,20.65,,,,,,5.5,2.5,21.2,11.6,,,,,,,,,,4.1,5.9,,,
135,√ﬂ«≥∑…,2022-05-08,14.9,10.8,505,20.2,1436,,.3,2329,.7,2259,.7,8.7,160,1009,5.3,70,924,3.2,2796,70,6.4,39,1314,58.9,9.7,989.6,1022,740,1014.8,1827,1018.4,13.9,7.3,1200,3.43,23.45,,,,,,7.3,5.3,22.1,10.8,,,,,,,,,,4,5.7,,,
135,√ﬂ«≥∑…,2022-05-09,14.1,8.6,2346,21.2,1622,,.5,27,1.6,9,2.4,9.4,110,1335,4.8,140,1342,2.4,2108,110,5.4,28,1757,60,9.1,989.5,1020.1,2213,1015.7,1620,1018.5,13.9,9.8,1100,3.54,26.71,,,,,,6.1,3.4,20,8.6,,,,,,,,,,4.8,6.9,,,
135,√ﬂ«≥∑…,2022-05-10,15.1,7,519,22.7,1547,,,,,,,7.9,90,1126,5.6,70,1016,2.1,1787,50,3.3,23,1431,49.4,7.8,988,1020,740,1013.1,1700,1016.7,13.9,9.1,1200,3.7,27.45,,,,,,6,4.1,20.4,7,,,,,,,,,,5.8,8.3,,,
135,√ﬂ«≥∑…,2022-05-11,17.9,12.1,518,23.9,1358,,,,,,,6,270,1400,3.3,250,1405,1.4,1167,20,7.8,38,1204,53,10.7,986.2,1016.5,618,1012.3,1548,1014.5,14,6.6,1100,3.41,23.36,,,,,,6.6,2.5,23.5,12.1,,,,,,,,,,4.2,6.1,,,
135,√ﬂ«≥∑…,2022-05-12,19.3,14.5,512,24.4,1454,,,,,,,6.2,270,43,4.3,270,44,1.7,1430,160,10.9,46,1345,59,13.1,982.5,1014.4,1,1007.8,1741,1010.6,14,1.9,1200,2.42,15.44,,,,,,9.1,6.3,25.4,14.5,,,,,,,,,,3.1,4.4,,,
135,√ﬂ«≥∑…,2022-05-13,15.8,13.3,2211,18.6,1321,,.3,1418,.4,1328,.7,10.3,250,2351,6.3,270,2351,1.6,1415,140,11.2,63,835,75.1,13.4,979.5,1009.5,52,1005.9,1633,1007.9,14,.6,800,1.31,8.5,,,,,,8.9,5.9,18.7,12.5,,,,,,,,,,2.1,3,,,
135,√ﬂ«≥∑…,2022-05-14,14.9,10,403,20.4,1520,,,,,,,15.1,250,1258,9.1,250,1253,4.7,4076,270,.7,25,1130,40.9,6.7,983.2,1015.6,2330,1008.6,12,1011.9,14.1,11.2,1200,3.51,27.22,,,,,,5.3,2.5,17.9,9.1,,,,,,,,,,6.6,9.5,,,
135,√ﬂ«≥∑…,2022-05-15,13.5,8.1,552,19.6,1415,,,,,,,10.6,250,1325,5.7,250,1328,3.1,2637,250,-.2,22,1318,40.8,6.1,984.9,1016.5,718,1010.5,1622,1013.8,14.1,11.1,1200,3.66,28.79,,,,,,4,1,19,8.1,,,,,,,,,,5.8,8.3,,,
135,√ﬂ«≥∑…,2022-05-16,14.3,4,550,22.5,1513,,,,,,,11.5,270,1524,6.6,250,1335,2.5,2191,250,.3,21,1559,42.4,6.3,983.5,1014.9,603,1008.6,1700,1012.3,14.1,12.8,1200,3.62,29.48,,,,,,1,0,19.4,4,,,,,,,,,,6.5,9.3,,,
135,√ﬂ«≥∑…,2022-05-17,17,6,518,25.8,1357,,,,,,,9.2,270,1311,5.3,250,1410,1.6,1370,250,4.5,20,1502,49,8.5,985.3,1016.4,2354,1011.3,1605,1013.8,14.1,10.6,1100,3.47,25.45,,,,,,1.6,1,22.5,6,,,,,,,,,,5.2,7.4,,,
135,√ﬂ«≥∑…,2022-05-18,19.1,8.8,526,27.1,1518,,,,,,,11.1,270,1418,7.2,270,1422,2.4,2076,270,5.4,22,1021,45.4,9,988.2,1018.6,2317,1013.7,1550,1016.6,14.2,12.7,1300,3.31,26.97,,,,,,.9,0,23.2,8.8,,,,,,,,,,7,10,,,
135,√ﬂ«≥∑…,2022-05-19,18.3,11.3,441,24,1326,,,,,,,11.7,250,1428,7.2,270,1125,2,1726,270,2.4,20,1118,36.4,7.3,988.5,1018.4,536,1014.9,1706,1016.9,14.2,1.9,1300,1.91,16.87,,,,,,8,1.8,19.3,11.3,,,,,,,,,,4.6,6.6,,,
135,√ﬂ«≥∑…,2022-05-20,19.6,13,551,26,1622,,,,,,,8,270,1431,4.9,270,2355,2.2,1861,250,7.7,29,1624,47.6,10.6,984.9,1016.9,8,1009.5,1742,1013,14.2,8.3,1200,3.67,24.73,,,,,,6.4,.8,25.8,13,,,,,,,,,,5.3,7.5,,,
135,√ﬂ«≥∑…,2022-05-21,19.7,12.3,543,25.8,1519,,,,,,,11.5,250,1354,7.4,250,1211,4,3432,250,11.5,40,1438,61.4,13.6,980.7,1011.7,648,1005.2,1758,1008.7,14.2,12.5,1200,3.58,28.2,,,,,,1.1,0,25.5,12.3,,,,,,,,,,6.2,8.8,,,
135,√ﬂ«≥∑…,2022-05-22,21.7,14.8,526,28.2,1435,,,,,,,13.5,250,1327,8.2,250,1336,4.5,3856,270,10.9,32,1558,51.6,13,979.2,1009.1,2359,1004.4,1533,1007,14.3,12.7,1200,3.49,28.15,,,,,,1.3,.9,25.1,14.8,,,,,,,,,,6.9,9.8,,,
135,√ﬂ«≥∑…,2022-05-23,21.8,13.3,525,28.9,1515,,,,,,,9.1,250,1544,6,250,1546,2.4,2105,270,12.3,34,1437,58.1,14.3,983.7,1014.5,2341,1008.9,15,1011.6,14.3,10.5,1100,3.37,25.56,,,,,,3.1,.3,25.9,13.3,,,,,,,,,,6.1,8.7,,,
135,√ﬂ«≥∑…,2022-05-24,22.2,15.3,532,29.7,1551,,,,,,,8.5,250,904,5.5,270,34,2.9,2523,250,9,27,1602,45.1,11.5,985,1015.9,742,1009.7,1702,1012.9,14.3,12.8,1200,3.51,28.63,,,,,,.4,0,28,15.3,,,,,,,,,,6.3,9.1,,,
135,√ﬂ«≥∑…,2022-05-25,21.8,14.9,558,28.3,1352,,,,,,,11.9,270,2050,7.9,270,2115,3.6,3088,270,10,32,1331,48.5,12.3,980,1012,16,1004,1704,1007.7,14.3,11.5,1200,3.46,26.82,,,,,,4.4,2.5,26.5,14.9,,,,,,,,,,6.5,9.2,,,
135,√ﬂ«≥∑…,2022-05-26,18.7,14,557,24,1518,,.5,319,.5,229,.6,11.1,250,1705,6.7,270,36,3.8,3304,270,6.6,28,1418,49.1,10,976.2,1007,738,1001.4,1819,1004.1,14.4,11.5,1200,3.72,29.5,,,,,,3,2.6,25.7,14,,,,,,,,,,7,10.1,,,
135,√ﬂ«≥∑…,2022-05-27,20.2,13.8,251,26,1620,,,,,,,16.6,250,1140,8.7,250,1217,4.4,3835,270,7.2,29,1445,43.6,10.3,973.2,1004.8,2333,998.5,1524,1000.9,14.4,11.5,1100,3.54,27.57,,,,,,1.5,1.3,27.2,13.8,,,,,,,,,,6.8,9.7,,,
135,√ﬂ«≥∑…,2022-05-28,20.5,10.6,343,28.6,1446,,,,,,,12,270,1135,7,270,1102,3,2629,270,5.9,21,1714,42.8,9.3,977.6,1007.7,2325,1004,154,1005.5,14.4,12.9,1200,3.19,25.14,,,,,,3.9,.1,23.1,10.6,,,,,,,,,,6.9,9.9,,,
135,√ﬂ«≥∑…,2022-05-29,20.9,9.1,538,29.6,1608,,,,,,,7.5,200,1651,4.8,70,1524,1.6,1397,50,6.8,22,1639,43.8,9.9,976.9,1008.7,448,1000.7,1640,1004.7,14.4,12.1,1100,3.41,27.9,,,,,,4.3,1.1,27.4,9.1,,,,,,,,,,5.9,8.4,,,
135,√ﬂ«≥∑…,2022-05-30,20.1,17.1,712,24.3,1200,,.2,938,.2,848,.3,9.5,270,1750,5.5,250,2328,2.3,1990,270,13.2,40,16,65.3,15.3,974,1003.9,1,999.3,1429,1001.7,14.4,.6,1100,2.38,14.6,,,,,,6.8,6.3,23.9,17.1,,,,,,,,,,3.9,5.6,,,
135,√ﬂ«≥∑…,2022-05-31,20.6,14.6,457,27.3,1456,,,,,,,11.5,270,112,6.2,250,1600,3.5,3065,250,5.3,22,1604,39.6,8.9,979.5,1009.7,2325,1003.7,1,1007.4,14.4,13.1,1200,3.65,30.5,,,,,,1.9,0,29,14.6,,,,,,,,,,6.7,9.6,,,
135,√ﬂ«≥∑…,2022-06-01,21.7,11.8,429,30.6,1443,,,,,,,10.4,290,2153,7.8,270,2156,2.6,2243,270,4.9,18,1434,37.9,8.7,977.8,1009.8,18,1000.9,1702,1005.6,14.5,11.7,1200,3.6,29.57,,,,,,2.6,.8,29.1,11.8,,,,,,,,,,8.5,12.2,,,
135,√ﬂ«≥∑…,2022-06-02,21.6,11.8,424,29.3,1528,,,,,,,10.1,250,1330,6.2,250,1436,2.6,2274,250,9,24,1140,47.5,11.7,978.7,1008.4,2400,1004.4,1436,1006.5,14.5,13.1,1200,3.7,30.51,,,,,,.6,.1,27.7,11.8,,,,,,,,,,7.5,10.7,,,
135,√ﬂ«≥∑…,2022-06-03,23,17,501,31,1523,,,,,,,8.7,70,1906,6,70,1909,2.9,2476,70,12.4,27,1512,55.6,14.5,981.5,1012.8,2348,1006.4,1724,1009.2,14.5,12.5,1200,3.58,29.35,,,,,,1.4,.8,32.5,17,,,,,,,,,,6.5,9.3,,,
135,√ﬂ«≥∑…,2022-06-04,21.3,14.1,423,27.3,1437,,,,,,,8.4,70,756,6.2,70,801,3,2554,70,12.1,40,1844,58.1,14.2,982.7,1014.2,539,1007.3,1731,1010.7,14.5,8.6,1100,3.04,22.82,,,,,,6.3,1.8,28.4,14.1,,,,,,,,,,4.6,6.5,,,
135,√ﬂ«≥∑…,2022-06-05,16.2,15.1,701,20.1,1,,.6,1720,2.5,1529,15.2,11.1,90,1951,8.1,90,1955,3.9,3360,70,13.5,62,1,84.5,15.5,975.4,1008.6,15,998.8,2036,1003.7,14.5,0,1000,.7,4.53,,,,,,9.9,9.1,17.5,15.1,,,,,,,,,,1.3,1.8,,,
135,√ﬂ«≥∑…,2022-06-06,16.7,13.9,2033,21,1019,,1.4,1431,1.4,1341,1.8,8,20,3,5.1,50,1700,1.8,1563,50,13.8,65,1016,84,15.8,972.9,1005.9,2323,998.4,645,1001,14.5,2.7,1600,2.02,13.35,,,,,,7.6,7.1,18.9,13.9,,,,,,,,,,2.2,3.2,,,
135,√ﬂ«≥∑…,2022-06-07,14.6,10.7,417,18.1,1146,,.3,1845,.6,1759,1.3,6.2,160,1032,4.2,70,842,2,1753,140,11.3,61,1003,81.8,13.4,979.9,1011.5,2251,1005.8,1,1008.5,14.5,1.4,800,1.5,9.09,,,,,,7.1,5.9,18.3,10.7,,,,,,,,,,1.5,2.2,,,
135,√ﬂ«≥∑…,2022-06-08,15.8,12.6,251,21.5,1605,,,,,,,6.1,50,1408,3.8,70,1415,2.1,1816,70,11.7,56,1558,77.9,13.7,983.8,1014.2,2322,1010.4,1550,1012.3,14.6,4.6,1500,2.62,17.36,,,,,,6.1,5,22.9,12.6,,,,,,,,,,2.8,4,,,
135,√ﬂ«≥∑…,2022-06-09,18,12.6,47,25,1424,,3.1,1647,4.4,1646,4.6,7.2,200,1632,4.4,70,1412,1.6,1354,20,14.1,44,1312,80.1,16.2,985.1,1015.4,811,1010.8,1539,1013.4,14.6,6,1100,3.42,21.87,,,,,,6.1,5.1,24.8,12.6,,,,,,,,,,3.7,5.3,,,
135,√ﬂ«≥∑…,2022-06-10,19.9,13.3,501,26.6,1353,,,,,,,5.9,20,1205,4,160,1757,1.2,1065,160,15.3,41,1322,77.3,17.4,985.3,1015.4,642,1011.4,1758,1013.4,14.6,5.7,1200,3.3,22,,,,,,6.9,2.8,25.2,13.3,,,,,,,,,,3.9,5.6,,,
135,√ﬂ«≥∑…,2022-06-11,21.4,15.8,528,27.7,1419,,0,,0,,0,11,90,1621,6.8,70,1627,2.5,2118,70,14.6,43,1502,67.4,16.7,984,1013.6,1,1009,1611,1011.9,14.6,8,1100,3.34,24.03,,,,,,6.3,3.4,28.6,15.8,,,,,,,,,,4.9,7,,,
135,√ﬂ«≥∑…,2022-06-12,20,13.1,533,25.7,1249,,,,,,,8,50,1217,5.2,70,908,2.2,1861,70,13.2,49,1252,66.5,15.2,984.8,1015.3,618,1010.5,1734,1012.9,14.6,8.3,1200,3.28,24.07,,,,,,6.1,1.4,24.9,13.1,,,,,,,,,,4.2,6,,,
135,√ﬂ«≥∑…,2022-06-13,19,15.8,519,23.7,1424,,,,,,,10.6,90,1437,6.6,70,1529,3.8,3291,90,12.2,45,1605,65.8,14.3,982.1,1012.8,1,1007,1652,1010.2,14.6,4.4,1400,2.78,18.56,,,,,,8.6,6,25.8,15.8,,,,,,,,,,4.1,5.8,,,
135,√ﬂ«≥∑…,2022-06-14,15.1,14.1,1354,17.2,1,,1.3,1347,4.5,1202,15.9,11.3,90,1305,7,90,1446,3.5,3056,90,12.4,66,1,84,14.4,981.1,1011.2,1054,1008.2,2349,1009.7,14.6,0,1500,1.27,7.17,,,,,,7.3,6.1,17,14.1,,,,,,,,,,1.2,1.7,,,
135,√ﬂ«≥∑…,2022-06-15,17.3,13.8,319,21.5,1726,,4.1,1839,4.6,1753,7.8,6.6,160,1816,4.2,160,1738,1.5,1266,140,15,70,1214,87.1,17.2,978.6,1008.5,2,1005.1,1807,1006.8,14.6,1.2,1100,2.41,12.89,,,,,,6.5,5.8,19.9,13.8,,,,,,,,,,2.2,3.1,,,
135,√ﬂ«≥∑…,2022-06-16,19.7,15,2346,25.5,1524,,,,,,,11.5,270,914,6.2,270,1012,2.3,1955,270,13.8,45,1429,71.8,15.9,979.6,1009.3,2254,1006,1828,1007.6,14.6,9.7,1200,3.77,28,,,,,,3.9,2.8,24.1,15,,,,,,,,,,5.1,7.2,,,
135,√ﬂ«≥∑…,2022-06-17,22.6,12.8,442,29.8,1654,,,,,,,7.8,290,1027,4.6,290,1016,1.7,1483,270,16.1,50,1254,68.9,18.5,979.7,1009.8,608,1004.2,1733,1007.4,14.6,12,1100,3.41,27.51,,,,,,3,1,28.2,12.8,,,,,,,,,,5.3,7.6,,,
135,√ﬂ«≥∑…,2022-06-18,24.5,19,614,30,1353,,,,,,,7.8,250,906,4.4,270,1451,2.2,1938,270,18.3,48,1319,69.9,21,979.1,1008.6,2259,1004.4,1518,1006.6,14.6,11.2,1300,3.45,27.29,,,,,,5,2.5,29,19,,,,,,,,,,5.1,7.3,,,
135,√ﬂ«≥∑…,2022-06-19,24.6,18.8,515,30.5,1400,,,,,,,6.7,270,1349,4.3,250,1511,1.7,1489,270,18.6,51,1319,71.3,21.5,979.1,1009,607,1003.8,1717,1006.6,14.6,10.8,1100,3.52,27.98,,,,,,4.3,2.5,30.7,18.8,,,,,,,,,,5.4,7.7,,,
135,√ﬂ«≥∑…,2022-06-20,25.4,20.2,511,31.7,1505,,,,,,,6,20,1457,3.7,270,216,1.7,1457,20,19.1,46,1507,70.5,22.2,976.3,1006.3,1,1000.8,1805,1003.6,14.6,8.6,1200,3.47,25.07,,,,,,3.4,2.4,32,20.2,,,,,,,,,,4.7,6.7,,,
135,√ﬂ«≥∑…,2022-06-21,26.9,19.4,546,33.8,1652,,,,,,,7.6,250,2253,4.8,270,2242,1.5,1325,270,18.8,30,1747,64.4,21.7,975.5,1005.2,2400,1000.1,1530,1002.7,14.6,11.3,1300,3.48,28.22,,,,,,1.3,.6,32.9,19.4,,,,,,,,,,6.2,8.8,,,
135,√ﬂ«≥∑…,2022-06-22,27.1,21.2,530,34,1436,,,,,,,8.6,270,1436,5.6,270,123,2.5,2163,270,17.8,32,1348,59.5,20.4,978.8,1007.9,810,1004.2,1634,1006,14.6,10.8,1200,3.53,28.84,,,,,,3.1,.4,32,21.2,,,,,,,,,,6.2,8.9,,,
135,√ﬂ«≥∑…,2022-06-23,24,19.6,345,27.3,1858,,6.3,2157,13.2,2116,17.9,9.1,200,1856,4.3,230,1837,1.4,1217,70,20.9,68,2032,83.5,24.7,974,1006.6,23,997.1,1939,1001.5,14.6,1.7,800,1.33,7.3,,,,,,7.8,6.6,26.5,19.6,,,,,,,,,,1.4,2,,,
135,√ﬂ«≥∑…,2022-06-24,24.7,22,457,29.2,1513,,4.5,443,11.9,351,33.6,11.4,270,1123,7.9,270,1111,3.6,3095,270,20,55,1523,76.5,23.4,970.7,1001.7,2359,993.9,358,997.9,14.6,5.8,1400,2.77,20.42,,,,,,7.4,4.1,28.2,22,,,,,,,,,,4.7,6.8,,,
135,√ﬂ«≥∑…,2022-06-25,25.6,18.5,518,32.2,1639,,,,,,,7.8,270,1015,4.5,250,1020,1.6,1389,50,19.7,46,1326,72,22.9,977.1,1007.7,2336,1001.6,1,1004.5,14.6,9.6,1200,3.1,23.87,,,,,,3.6,1.3,31.6,18.5,,,,,,,,,,4.5,6.4,,,
135,√ﬂ«≥∑…,2022-06-26,24.8,19.7,331,29.7,1724,,0,,0,,0,3.5,140,1048,2.2,70,1027,.9,817,50,21.4,66,1236,82.5,25.7,981.7,1011.8,2252,1007,310,1009.2,14.6,1.9,1200,2.04,13.23,,,,,,7.5,5.3,28.1,19.7,,,,,,,,,,2.3,3.3,,,
135,√ﬂ«≥∑…,2022-06-27,25.1,21.7,418,28.8,1407,,.3,1148,.3,1058,.4,5.7,160,1557,3.9,160,1558,1.3,1123,180,22,71,1348,83.8,26.5,981.1,1011.5,1,1006.3,1823,1008.6,14.6,.3,1200,1.78,9.77,,,,,,9.9,8.3,26.6,21.7,,,,,,,,,,2.2,3.1,,,
135,√ﬂ«≥∑…,2022-06-28,27.2,23.5,232,32.1,1359,,,,,,,15.2,250,1249,7.2,230,1254,2.2,1940,180,20.7,50,1259,68.5,24.4,977.4,1007.1,32,1002.6,1546,1004.6,14.6,3,1200,2.77,16.86,,,,,,8.4,7.3,30,23.5,,,,,,,,,,3.9,5.6,,,
135,√ﬂ«≥∑…,2022-06-29,26.8,23.6,154,31.3,1503,,,,,,,9.3,270,1541,5.6,270,1543,1.8,1541,270,21.3,57,1505,72.5,25.3,978.3,1008.8,2400,1003.4,343,1005.6,14.6,1.6,1400,2.45,14.42,,,,,,8.6,7.6,31.3,23.6,,,,,,,,,,3.1,4.5,,,
135,√ﬂ«≥∑…,2022-06-30,25.9,21.5,2357,29.7,1411,,0,,0,,0,6.5,230,1414,3.9,230,1422,1.4,1207,250,21.5,60,1747,77.8,25.7,983.2,1013.8,2332,1008.5,242,1010.6,14.6,1.9,1300,2.22,13.89,,,,,,6.6,5.3,29.9,21.5,,,,,,,,,,3.2,4.5,,,
135,√ﬂ«≥∑…,2022-07-01,25.5,19.2,541,32.4,1406,,0,,0,,0,8.1,20,1503,5.2,20,1510,1.3,1164,20,21.2,53,1407,78.6,25.2,986.5,1015.6,556,1012.1,1737,1014.1,14.6,9.1,1100,3.41,24.82,,,,,,3.5,2,30.3,19.2,,,,,,,,,,4.6,6.5,,,
135,√ﬂ«≥∑…,2022-07-02,27.3,20.3,519,33.7,1450,,,,,,,6.1,140,1338,3.3,70,1524,1.4,1210,70,19.7,36,1711,66.6,22.9,984.7,1014.9,527,1009.1,1729,1012.1,14.6,12.8,1200,3.62,29.19,,,,,,4.6,2.9,30.5,20.3,,,,,,,,,,5.9,8.4,,,
135,√ﬂ«≥∑…,2022-07-03,26.3,20.5,544,33.6,1421,,0,,0,,0,8.1,270,1836,5.7,270,1731,1.4,1180,140,20.1,43,1209,71.5,23.6,981,1011.1,1,1005.7,1604,1008.4,14.6,7.2,1200,3.57,23.36,,,,,,6.5,4.1,32.9,20.5,,,,,,,,,,4.8,6.9,,,
135,√ﬂ«≥∑…,2022-07-04,26.3,21.1,524,32.2,1655,,,,,,,6.4,70,1712,3.7,110,1135,1.3,1122,90,20.9,50,1656,74.1,24.8,977.8,1007.8,38,1002.6,1649,1005.1,14.6,7.4,1100,3.07,21.98,,,,,,6,3.5,30.2,21.1,,,,,,,,,,4.1,5.8,,,
135,√ﬂ«≥∑…,2022-07-05,26.1,22.2,315,31.5,1533,,4.8,2340,8.4,2306,7.9,8.5,360,2337,5.1,360,2343,1.5,1283,250,22.3,59,1218,80.8,27,977.5,1007.2,2342,1003.3,1439,1004.8,14.6,2.9,1100,2.69,16.57,,,,,,8.1,5.6,29.2,22.2,,,,,,,,,,3.1,4.5,,,
135,√ﬂ«≥∑…,2022-07-06,26.6,22.3,300,31.1,1614,,4.5,52,8.2,26,9,5.9,70,1332,4.7,20,2,1.8,1591,70,22.7,62,1634,80.6,27.7,980.3,1008.9,812,1005.8,1715,1007.6,14.5,3.2,1300,2.99,17.86,,,,,,6.9,3.8,28.8,22.3,,,,,,,,,,3.8,5.5,,,
135,√ﬂ«≥∑…,2022-07-07,27.8,22.8,403,32.5,1409,,,,,,,8.4,160,1328,5.3,160,1238,2.3,1966,140,22.2,55,1253,72.9,26.8,979.1,1009.1,551,1004.2,1652,1006.2,14.5,5.3,1100,3.42,19.86,,,,,,7.6,3,29.7,22.8,,,,,,,,,,3.9,5.6,,,
135,√ﬂ«≥∑…,2022-07-08,25.8,23.5,2400,29.7,1539,,0,,0,,0,8,250,1328,5.1,250,1418,2.2,1876,270,21.7,61,1827,79,26,975.2,1004.7,1,1000.2,1720,1002.5,14.5,4.6,1000,2.5,17.71,,,,,,6.4,5.4,27.4,23.5,,,,,,,,,,3.8,5.4,,,
135,√ﬂ«≥∑…,2022-07-09,25,22.3,551,28.9,1525,,,,,,,8.9,270,1203,5.5,250,1148,3.5,3018,270,20.6,65,1529,77.4,24.4,975.1,1004.5,2337,1001.1,427,1002.3,14.5,4.2,1100,2.87,18.2,,,,,,6.5,4.4,29.6,22.3,,,,,,,,,,3.7,5.2,,,
135,√ﬂ«≥∑…,2022-07-10,26.9,21.7,548,33.7,1531,,7.5,2142,13.4,2059,13.9,6.1,180,2007,3.8,140,2156,1.5,1302,50,21.8,49,1616,75.6,26.1,977.2,1005.8,1134,1002,1714,1004.4,14.5,7.2,1300,3.28,23.17,,,,,,6.5,3,33.3,21.7,,,,,,,,,,4.2,5.9,,,
135,√ﬂ«≥∑…,2022-07-11,23.6,22.1,2356,26.8,1321,,1,1049,2.4,719,9.1,4.1,90,1405,3.3,70,1426,.9,750,20,22,76,1304,91.1,26.4,978.3,1008.1,2308,1004.6,235,1005.8,14.5,.7,1200,1.82,7.01,,,,,,8.4,8.3,25.7,22.1,,,,,,,,,,1.5,2.1,,,
135,√ﬂ«≥∑…,2022-07-12,24.6,21.4,118,28,1257,,0,,0,,0,6.2,110,2049,4.2,50,1427,1.7,1470,90,21.7,71,1227,84.5,25.9,980.3,1008.8,943,1006.6,1658,1007.8,14.5,.2,1200,2.3,12.64,,,,,,8.6,7.4,26.8,21.4,,,,,,,,,,2.5,3.6,,,
135,√ﬂ«≥∑…,2022-07-13,22.5,21.7,500,24.2,1348,,3.8,1946,8.1,1922,14.7,6.5,90,1226,4.4,70,1033,2.2,1868,70,20.3,80,1,87.8,23.8,977,1008.1,235,1000.5,2349,1004.6,14.4,0,1300,.59,3.5,,,,,,9.4,9.1,24.1,21.7,,,,,,,,,,1.1,1.6,,,
135,√ﬂ«≥∑…,2022-07-14,25.4,21.8,3,29,1449,,.3,352,.3,302,.5,9.7,270,1049,6.5,270,2332,3.3,2875,270,21.3,65,1530,79,25.3,972.3,1000.9,2209,998.4,452,999.5,14.4,4.8,1300,3.8,21.29,,,,,,6.3,4.3,29.8,21.8,,,,,,,,,,4.5,6.4,,,
135,√ﬂ«≥∑…,2022-07-15,24.5,20.3,2220,29.6,1539,,,,,,,8.8,250,1521,5.1,270,4,2.4,2091,250,18.8,46,1706,72.5,21.8,972.2,1001.3,709,997.1,1730,999.5,14.4,9.4,1100,3.09,26.14,,,,,,3,1.8,30.5,20.3,,,,,,,,,,5.1,7.3,,,
135,√ﬂ«≥∑…,2022-07-16,23.5,18.8,438,29.7,1415,,0,,0,,0,8.3,270,1329,4.5,270,1332,1.7,1476,270,19,51,1332,77.4,22,971.2,1000.5,2151,996.7,1412,998.6,14.4,7,1300,2.93,19.57,,,,,,5.8,3.4,26.3,18.8,,,,,,,,,,3.6,5.2,,,
135,√ﬂ«≥∑…,2022-07-17,24,19.2,512,28.5,1319,,,,,,,9.8,270,1227,5.6,250,1144,1.9,1601,270,19,53,1321,75.3,22,973.2,1002.8,2259,999.2,1747,1000.6,14.4,4.3,1200,3.11,18.54,,,,,,7.6,4,27.5,19.2,,,,,,,,,,3.2,4.5,,,
135,√ﬂ«≥∑…,2022-07-18,20.6,20,855,22.1,1,,3.2,1156,13.1,751,87.4,9,50,1541,5.7,70,1619,1.6,1370,70,19.2,85,42,92.4,22.2,972.6,1002.3,551,998.5,1649,1000.3,14.3,0,1300,.52,2.98,,,,,,8.1,7.6,21.7,20,,,,,,,,,,.9,1.3,,,
135,√ﬂ«≥∑…,2022-07-19,24.3,20.3,1,29.7,1620,,.1,142,.1,52,.1,9.9,270,1926,6.1,270,1943,3.3,2868,270,20.5,61,1436,80.3,24.1,975,1006,2332,999.3,17,1002.3,14.3,5.4,1300,3.39,21.69,,,,,,6.4,3.6,29.2,20.3,,,,,,,,,,4.4,6.3,,,
135,√ﬂ«≥∑…,2022-07-20,25.6,21.7,453,30.8,1502,,0,,0,,0,7.3,270,6,4.3,270,2,2.1,1847,250,20.3,52,1605,73.6,23.8,978.5,1007.8,820,1004.1,2400,1005.8,14.3,8.7,1300,3.42,25.82,,,,,,8.1,4.8,31.2,21.7,,,,,,,,,,4.6,6.6,,,
135,√ﬂ«≥∑…,2022-07-21,22.1,20.7,601,25.1,1244,,3.5,115,9.2,57,16.8,13,250,1552,7.7,270,1542,2.7,2368,270,19.8,81,1247,86.8,23,974.1,1004.8,121,998.7,1306,1001.7,14.3,0,1100,1.08,5.88,,,,,,9,8.4,23,20.7,,,,,,,,,,,,,,
135,√ﬂ«≥∑…,2022-07-22,23.8,21.2,2352,28.2,1418,,0,,0,,0,10.7,270,750,7.4,270,748,3.3,2869,270,18.9,53,1421,75,21.8,977.9,1006.9,2200,1004.2,1452,1005.4,14.3,5.8,1300,3.07,20.31,,,,,,6.8,5.1,26.6,21.2,,,,,,,,,,3.7,5.3,,,
135,√ﬂ«≥∑…,2022-07-23,23.3,20,436,27.2,1201,,1.5,2348,1.5,2300,1.6,7,110,2048,4.4,110,2044,1.9,1640,110,20.1,66,1441,83,23.6,977.6,1007.2,113,1002.4,2329,1005.1,14.2,.4,1100,1.84,11.4,,,,,,9.5,8,25.5,20,,,,,,,,,,2.2,3.1,,,
135,√ﬂ«≥∑…,2022-07-24,23.9,20.6,218,27.7,1304,,1.8,142,5,127,9.2,5.7,270,1329,3.3,250,1336,1.8,1537,70,21.2,70,1307,85.5,25.2,975.3,1005.5,2351,1001.2,1258,1002.7,14.2,.5,1200,2.5,13.42,,,,,,6.5,6.4,26.4,20.6,,,,,,,,,,2.7,3.8,,,
135,√ﬂ«≥∑…,2022-07-25,25.9,21.7,2354,31.3,1519,,,,,,,6.7,270,312,4.6,270,254,2.3,1995,270,21,53,1503,76.3,24.9,980.7,1010,2400,1005.5,1,1008.1,14.2,9.5,1200,3.65,26.13,,,,,,3.1,2.3,31.1,21.7,,,,,,,,,,5,7.1,,,
135,√ﬂ«≥∑…,2022-07-26,25.7,20.2,404,31.3,1530,,,,,,,5.6,90,1634,3.1,70,1335,1.4,1237,70,20.9,52,1432,76.5,24.7,982.1,1011.1,657,1007.5,1720,1009.6,14.2,7.7,1300,3.56,23.32,,,,,,2.8,1.9,30.4,20.2,,,,,,,,,,4.7,6.7,,,
135,√ﬂ«≥∑…,2022-07-27,24.6,21.3,531,28.7,1636,,,,,,,7.4,140,1253,4.7,90,2047,2.8,2444,70,19.6,56,1343,74.4,22.8,982.8,1011.7,2256,1008.6,1719,1010.3,14.1,6.6,1300,2.62,19.37,,,,,,6,4.5,28.3,21.3,,,,,,,,,,3.6,5.1,,,
135,√ﬂ«≥∑…,2022-07-28,24.9,21.5,527,29.2,1427,,,,,,,7,70,1311,4.8,70,1317,2.6,2275,70,21.3,69,1428,81,25.4,984.1,1013,2247,1010.3,1639,1011.7,14.1,2.3,1400,2.45,13.68,,,,,,5.9,5.8,27.8,21.5,,,,,,,,,,2.8,4,,,
135,√ﬂ«≥∑…,2022-07-29,27.3,24,352,32.2,1602,,0,,0,,0,7.3,110,1908,4.8,70,1518,2.7,2365,90,22.2,59,1557,74.6,26.8,984.8,1014.1,829,1009.8,1747,1012.1,14.1,5.8,1200,3.16,21.03,,,,,,5.3,3.3,31.8,24,,,,,,,,,,4.3,6.2,,,
135,√ﬂ«≥∑…,2022-07-30,25.6,22,423,28.2,1109,,.1,1404,.1,1314,.1,8.2,50,2255,5.2,70,1916,2.5,2189,70,21.9,73,1117,80.3,26.2,982.4,1012.3,2,1008,1806,1009.9,14.1,1.2,1100,1.75,9.47,,,,,,7.1,6.1,26.9,22,,,,,,,,,,2.4,3.4,,,
135,√ﬂ«≥∑…,2022-07-31,25.1,24.2,418,26.5,1002,,3.1,1203,9,1159,18.8,9.8,110,2041,5.7,70,911,3.6,3096,90,22.4,77,1,85.5,27.1,979.3,1008.7,55,1005.8,1521,1006.8,14,0,900,.7,3.75,,,,,,10,9,25,24.2,,,,,,,,,,1.2,1.8,,,
135,√ﬂ«≥∑…,2022-08-01,25.8,24.7,510,26.8,1813,,.5,4,1,1,2.2,10.3,110,1430,6,90,1434,2.7,2309,70,22.7,78,1436,83.4,27.6,979.2,1007.9,839,1005.1,1719,1006.6,14,0,1100,.79,4.59,,,,,,8,7.6,25.3,24.7,,,,,,,,,,1.5,2.1,,,
135,√ﬂ«≥∑…,2022-08-02,26.1,23.7,554,31.2,1519,,.7,1142,.7,,1.2,6.9,270,1145,4.2,270,1149,1.2,1064,270,23.1,65,1515,84.5,28.3,982,1011.1,2158,1007.4,25,1009.4,14,2.8,1200,2.59,14.23,,,,,,8.3,6.6,30.5,23.7,,,,,,,,,,2.9,4.1,,,
135,√ﬂ«≥∑…,2022-08-03,27.3,21.7,533,32.6,1503,,,,,,,9.6,270,1118,5.4,270,1123,1.9,1645,270,22.5,57,1609,76.9,27.2,982.8,1011.9,707,1008.2,1737,1010.1,13.9,9.2,1100,3.02,24.05,,,,,,4.1,2.1,31.7,21.7,,,,,,,,,,4.8,6.8,,,
135,√ﬂ«≥∑…,2022-08-04,27.1,23.6,129,32,1428,,0,,0,,0,8.6,270,1458,5.9,250,1507,2,1748,250,22.9,57,1430,78.8,27.9,981.9,1011.4,736,1007.3,1746,1009.2,13.9,6,1200,2.89,20.45,,,,,,5.5,3.5,28.8,23.6,,,,,,,,,,4,5.7,,,
135,√ﬂ«≥∑…,2022-08-05,27.2,23.2,543,31.6,1603,,.1,815,.1,725,.3,8.8,270,2311,5.1,270,1727,2.4,2106,270,23.3,63,1609,80,28.6,979,1008.5,543,1003.5,1752,1006.3,13.9,6.2,1200,2.7,17.77,,,,,,5,3.5,29.4,23.2,,,,,,,,,,3.8,5.4,,,
135,√ﬂ«≥∑…,2022-08-06,28.2,24.6,2324,32.9,1510,,,,,,,7.8,270,205,4.3,270,644,2.1,1857,270,23.1,55,1512,75.3,28.2,978.7,1007.7,2346,1004,1728,1005.9,13.8,10.3,1200,3.28,24.88,,,,,,3.6,1.4,32.4,24.6,,,,,,,,,,4.7,6.7,,,
135,√ﬂ«≥∑…,2022-08-07,27.3,23.1,2334,33.7,1321,,5.5,1822,8.9,1738,8.9,13.6,200,1828,6.4,180,1835,1.4,1244,250,23.2,57,1322,79.9,28.4,979.5,1008,635,1004.8,1449,1006.7,13.8,8.1,1400,3.1,22.67,,,,,,5.8,.3,32.7,23.1,,,,,,,,,,4.2,6,,,
135,√ﬂ«≥∑…,2022-08-08,26.2,22.7,253,29.6,1327,,,,,,,6.5,270,1243,4.1,270,1323,1.2,1053,250,22.3,63,1221,80.1,26.9,980,1008.4,714,1006.2,1757,1007.3,13.8,0,1100,1.93,10.73,,,,,,9.6,4.5,27.7,22.7,,,,,,,,,,2.4,3.4,,,
135,√ﬂ«≥∑…,2022-08-09,26.6,23,640,29.7,1133,,.2,542,.3,457,.5,9.2,250,1039,5.7,270,1050,1.5,1309,250,21.9,61,1145,76.3,26.2,979.7,1008.6,646,1005.3,1702,1007,13.8,.5,1100,1.92,11.03,,,,,,10,,28.9,23,,,,,,,,,,2.4,3.5,,,
135,√ﬂ«≥∑…,2022-08-10,24.7,22.7,615,27.5,406,,2.2,2102,7.4,2101,22.5,6.9,250,404,3.9,230,350,1,847,50,22.4,65,351,87.8,27.2,978.9,1007.7,2241,1004.9,348,1006.3,13.7,0,1300,.91,5.65,,,,,,10,6.3,26.6,22.7,,,,,,,,,,1.1,1.6,,,
135,√ﬂ«≥∑…,2022-08-11,23.3,22.7,451,24.3,1656,,2.4,1149,9.1,943,38.8,7,270,1245,3.5,270,1252,.8,714,250,22,90,410,93,26.5,977.6,1006.2,16,1004.2,1837,1005.1,13.7,0,1200,.51,2.61,,,,,,9.3,8.5,24.5,22.7,,,,,,,,,,.9,1.3,,,
135,√ﬂ«≥∑…,2022-08-12,26,22.3,2340,31.2,1605,,.7,57,1.1,2,2.9,8.1,270,1117,5.2,270,1125,1.8,1562,250,22.3,58,1512,81.5,26.9,978.4,1007.2,2342,1003.9,1627,1005.7,13.7,8.2,1200,3.36,23.64,,,,,,4.3,3.1,32,22.3,,,,,,,,,,4.2,5.9,,,
135,√ﬂ«≥∑…,2022-08-13,24.9,21.7,209,29.6,1213,,2.2,1244,3.2,1246,4.4,5.4,270,1413,2.9,160,1932,1.1,915,270,22.8,69,1043,89.1,27.8,978.6,1007.3,823,1005,1315,1006.1,13.6,1.9,1100,2.14,11.06,,,,,,7.8,5.1,26.8,21.7,,,,,,,,,,2.1,3,,,
135,√ﬂ«≥∑…,2022-08-14,26.3,23.5,2359,31.2,1420,,.2,522,.3,556,.6,7,270,1513,4.3,270,1451,.8,718,250,23.4,66,1422,85.4,28.8,978.6,1007,1028,1005.2,1657,1005.9,13.6,.6,1100,1.9,11.57,,,,,,9.3,5.1,29.1,23.5,,,,,,,,,,2.3,3.3,,,
135,√ﬂ«≥∑…,2022-08-15,26.9,22.4,523,31.5,1432,,,,,,0,11.2,270,1155,6.3,270,1156,1.6,1424,250,21.9,57,1131,75.3,26.2,975.2,1006.1,55,999.3,1741,1002.3,13.6,3.7,1300,2.37,17.21,,,,,,9.1,3.1,30.6,22.4,,,,,,,,,,3.5,5,,,
135,√ﬂ«≥∑…,2022-08-16,23.6,21.5,256,27.7,16,,13.6,231,29.5,156,67,14.2,250,105,9.1,250,109,1.8,1567,230,21.5,70,16,88.8,25.7,976.7,1006.1,2249,999.7,54,1004.2,13.5,1.3,1500,1.27,7.73,,,,,,9.3,7.5,27.4,21.5,,,,,,,,,,1.6,2.3,,,
135,√ﬂ«≥∑…,2022-08-17,23.8,21,2159,28.8,1506,,17.1,1723,24.8,1639,26.7,10.6,340,1717,7,340,1725,1.5,1289,160,21.1,59,1555,86,25.1,978.6,1007.7,2332,1003.4,1650,1006.1,13.5,3.6,1300,2.65,15.01,,,,,,5.4,3.8,30.4,21,,,,,,,,,,2.8,4,,,
135,√ﬂ«≥∑…,2022-08-18,23.7,20,424,29,1519,,,,,,,6.5,230,1230,3.9,250,1221,1.7,1468,270,19.1,51,1329,77,22.1,979.9,1008.9,724,1006.3,1517,1007.5,13.5,8.1,1300,3.38,24.47,,,,,,6.5,3,29.7,20,,,,,,,,,,4.3,6.2,,,
135,√ﬂ«≥∑…,2022-08-19,25.1,19,239,29.5,1146,,,,,,0,11,250,1137,6.4,270,1138,1.9,1650,270,20.8,61,1130,78.5,24.8,976.1,1007.7,44,1001,1827,1003.4,13.4,3.9,1100,2.93,14.04,,,,,,8,2.3,27.4,19,,,,,,,,,,2.9,4.1,,,
135,√ﬂ«≥∑…,2022-08-20,25.5,22.7,2245,28.8,1621,,8.9,644,35.8,640,49.2,8.1,270,133,4.7,270,141,2.2,1874,270,22.5,70,1654,84.1,27.2,974.8,1004.1,2310,1000.2,247,1002,13.4,3.5,1500,2.02,11.27,,,,,,6.6,5,28.9,22.7,,,,,,,,,,2.7,3.9,,,
135,√ﬂ«≥∑…,2022-08-21,24.5,19.8,2349,29.2,1446,,0,,0,,0,6.4,90,1223,4,70,1038,2.3,1974,70,19.9,56,1528,77,23.3,977.9,1006.6,939,1003.6,148,1005.3,13.3,10.6,1300,2.97,23.77,,,,,,3.6,3,30.2,19.8,,,,,,,,,,4.4,6.3,,,
135,√ﬂ«≥∑…,2022-08-22,24.5,17.7,528,30.4,1518,,,,,,,6.2,250,1056,4,250,1100,1.3,1131,50,19.8,54,1326,76.8,23.2,977.2,1006.4,1,1002.5,1556,1004.5,13.3,9.6,1100,3.2,23.03,,,,,,6,3,29.4,17.7,,,,,,,,,,3.9,5.5,,,
135,√ﬂ«≥∑…,2022-08-23,22.9,21.8,1606,25.7,833,,3,1553,12.2,1534,20.7,5,270,928,3.4,250,936,.9,738,50,21.1,77,838,90.3,25,978.3,1007.7,2223,1004,223,1005.9,13.3,0,800,.61,2.71,,,,,,8.3,7.1,24.7,21.8,,,,,,,,,,.7,1,,,
135,√ﬂ«≥∑…,2022-08-24,20.2,18.7,2335,22.2,1,,.3,101,1,33,3.2,9.8,70,1044,5.7,70,844,2.7,2332,70,17.9,77,1311,86.9,20.5,980.9,1011.2,1020,1007.2,1,1008.9,13.3,0,1200,.94,6.05,,,,,,7.9,7.1,21.9,18.7,,,,,,,,,,1.4,1.9,,,
135,√ﬂ«≥∑…,2022-08-25,21.9,18.2,48,27.5,1333,,0,,0,,0,7.6,270,1240,4.8,270,2121,1.6,1386,270,17.9,57,1337,79.3,20.5,979.6,1008.7,2203,1005.3,1515,1007.3,13.2,2.6,1200,2.66,15.38,,,,,,9.1,7.4,25,18.2,,,,,,,,,,3.2,4.5,,,
135,√ﬂ«≥∑…,2022-08-26,21.4,16.2,616,26.7,1455,,,,,,,8.6,270,2353,5.1,250,1328,2.6,2285,250,15.9,52,1633,72.5,18.2,979.5,1008.8,526,1005.2,1536,1007.3,13.2,11.2,1200,3.41,25,,,,,,3.9,.8,27,16.2,,,,,,,,,,4.4,6.2,,,
135,√ﬂ«≥∑…,2022-08-27,20.2,14.5,2329,24.3,1503,,,,,,,9.4,250,1414,6.5,270,1005,3.2,2759,250,13,39,1504,66.3,15.3,981.7,1013.7,2349,1007.5,347,1009.7,13.2,7,1200,3.36,19.95,,,,,,4.4,2.8,24.8,14.5,,,,,,,,,,4.5,6.5,,,
135,√ﬂ«≥∑…,2022-08-28,19.4,12.5,527,26.1,1622,,,,,,,7.6,140,1153,4.6,70,1233,1.7,1441,20,12.8,42,1644,68,14.8,986.9,1016.6,2254,1013.3,1535,1015.1,13.1,11.5,1100,3.3,25.79,,,,,,3.5,0,25.1,12.5,,,,,,,,,,4.7,6.7,,,
135,√ﬂ«≥∑…,2022-08-29,17.8,16.3,306,20.1,1154,,.3,1606,.5,1245,1.7,6.8,50,1545,4.9,50,1552,1.6,1416,140,14.8,64,1,82.8,16.9,987.9,1017.3,1108,1015.6,1810,1016.3,13.1,0,1000,.78,5.05,,,,,,10,6.5,20.5,16.3,,,,,,,,,,1,1.4,,,
135,√ﬂ«≥∑…,2022-08-30,18,16.7,724,19.1,2019,,.9,724,2.4,1612,10.1,5.5,70,1511,3.6,70,1511,1.8,1518,140,16.6,86,700,91.5,18.9,983,1016.3,6,1007.9,2354,1011.2,13,0,1200,.57,2.65,,,,,,9.8,9.5,19.5,16.7,,,,,,,,,,.7,1,,,
135,√ﬂ«≥∑…,2022-08-31,19.9,18.7,1,23.6,1542,,.6,104,2.2,511,11.7,4.6,270,1042,3.1,270,1046,1,901,50,18.4,76,1544,91.3,21.1,980.3,1010.8,2311,1006.2,413,1008.2,13,.4,1500,1.51,6.19,,,,,,9.1,8.1,21.7,18.7,,,,,,,,,,1.1,1.6,,,
135,√ﬂ«≥∑…,2022-09-01,20.2,16.7,2400,24.1,1426,,,,,,,5.7,90,1217,3.9,90,1227,1,837,50,17.7,69,1220,87,20.3,985.6,1016.2,2325,1010.7,47,1013.6,13,1,1200,1.73,10.38,,,,,,8.6,4.8,23.9,16.7,,,,,,,,,,1.8,2.6,,,
135,√ﬂ«≥∑…,2022-09-02,20.3,16,144,23.1,1313,,,,,,,9.4,110,1110,5.6,90,1100,2.3,2012,70,16.7,68,1505,80.8,19,988.1,1017.4,906,1014.4,1510,1016.3,12.9,.3,1000,1.63,8.68,,,,,,8,6.5,21.6,16,,,,,,,,,,1.9,2.8,,,
135,√ﬂ«≥∑…,2022-09-03,20.1,18.8,559,22.6,1128,,0,,0,,0,7.5,70,1347,4.9,90,1032,3.2,2767,70,17.5,77,1130,85,20,987,1016.4,14,1014,1526,1015.1,12.9,.1,1100,1.08,5.9,,,,,,5.8,5.8,21.5,18.8,,,,,,,,,,1.4,2,,,
135,√ﬂ«≥∑…,2022-09-04,21.6,18.6,635,25.7,1518,,.3,737,.5,655,.7,5.4,110,114,3.6,110,120,1.6,1395,90,19.6,77,1522,88.8,23,982.8,1014.8,1,1007.9,1830,1010.6,12.8,.2,1400,1.24,6.23,,,,,,9.4,9,23.5,18.6,,,,,,,,,,1.2,1.7,,,
135,√ﬂ«≥∑…,2022-09-05,22.9,21.3,340,24.5,1527,,2.5,2252,11.6,2252,39.5,14.6,70,2133,9.3,70,2133,2.9,2487,70,21.5,84,1540,92.1,25.6,976.5,1008.8,12,996.2,2359,1003.9,12.8,0,1000,.43,2.76,,,,,,10,7.4,23.4,22.2,,,,,,,,,,1.2,1.7,,,
135,√ﬂ«≥∑…,2022-09-06,20,17.4,740,23.9,1541,,4.1,623,15,16,76.5,18.4,50,229,10.4,50,246,5.9,5130,270,15.9,60,1543,78.3,18.1,975.1,1013.7,2355,989.5,545,1002.9,12.8,4.3,1400,2.75,12.36,,,,,,5.4,5,22.5,16.8,,,,,,,,,,3.1,4.4,,,
135,√ﬂ«≥∑…,2022-09-07,19.7,13.3,605,26.8,1437,,,,,,,7,250,1412,4.6,250,949,2.2,1924,250,13,34,1552,68.4,15,988.7,1019.2,2226,1013.7,1,1017,12.7,11.2,1200,3.22,24.46,,,,,,2.6,0,24,13.3,,,,,,,,,,4.7,6.7,,,
135,√ﬂ«≥∑…,2022-09-08,19.3,11.8,609,26.8,1506,,,,,,,6.3,50,1227,4.4,70,1244,1.3,1127,20,13.2,39,1435,70.8,15.2,989.7,1020.1,649,1015.6,1719,1018.1,12.7,11.1,1200,3.31,24.2,,,,,,3,0,24.9,11.8,,,,,,,,,,4.4,6.3,,,
135,√ﬂ«≥∑…,2022-09-09,19.9,13.6,621,25.8,1450,,,,,,,8.1,70,2125,5.5,70,2133,2.1,1806,70,14.3,47,1316,72,16.3,989.7,1019.9,2333,1015.7,1750,1017.9,12.7,10.3,1200,3.3,23.17,,,,,,5.9,2.4,24.8,13.6,,,,,,,,,,,,,,
135,√ﬂ«≥∑…,2022-09-10,18.8,15.8,450,23.5,1444,,,,,,,7.4,90,1230,4.7,90,111,2.2,1881,70,14.3,58,1523,76,16.4,989.8,1019.8,1032,1016.3,1522,1018.1,12.6,1.9,1400,1.83,12.25,,,,,,9.3,7.4,23.6,15.8,,,,,,,,,,2.3,3.3,,,
135,√ﬂ«≥∑…,2022-09-11,21,15.8,629,25.7,1434,,,,,,,6.3,70,1223,4.2,70,1322,1.7,1475,70,16.8,59,1304,78.1,19.3,987,1018.1,1,1013,1613,1015.1,12.6,4.6,1100,2.46,16.4,,,,,,8,6.8,25,15.8,,,,,,,,,,3,4.3,,,
135,√ﬂ«≥∑…,2022-09-12,20.5,18.2,344,23.7,1121,,0,,0,,0,4.7,160,852,3.5,140,1458,1.3,1105,160,17.9,69,1125,85.6,20.5,986.5,1015.4,635,1013.2,1557,1014.6,12.6,.3,1100,1.57,8.97,,,,,,9.8,4.5,22.7,18.2,,,,,,,,,,1.6,2.3,,,
135,√ﬂ«≥∑…,2022-09-13,22.2,18.7,613,26.6,1549,,,,,,,7.8,110,1232,4.9,90,1324,2.3,1969,70,17.5,60,2236,76.1,20.1,987.9,1017.5,2359,1014.5,120,1015.9,12.5,2,1100,2.23,13.1,,,,,,9.6,6.6,25,18.7,,,,,,,,,,3.3,4.7,,,
135,√ﬂ«≥∑…,2022-09-14,21.9,18,358,26.7,1328,,,,,,,10,90,1341,6.2,90,1200,3.5,2983,90,13.6,48,747,60,15.6,988.5,1018,656,1014.3,1547,1016.5,12.5,6.7,1100,2.66,17.37,,,,,,7.1,2,24.8,18,,,,,,,,,,4,5.7,,,
135,√ﬂ«≥∑…,2022-09-15,22.1,18.1,338,27.7,1431,,,,,,,10,90,944,6.3,90,945,3.6,3093,90,16.8,58,1433,72.6,19.2,984.7,1016.7,1,1009.6,1547,1012.5,12.4,9.7,1200,3.01,20.25,,,,,,6.4,4.4,25.9,18.1,,,,,,,,,,3.8,5.4,,,
135,√ﬂ«≥∑…,2022-09-16,21.3,18.2,609,25.6,1634,,,,,,,6.9,70,37,5.4,140,1234,2.5,2132,90,18.4,73,1500,84.1,21.2,981.8,1011.7,1,1008.1,1633,1009.6,12.4,4,1200,2.95,13.97,,,,,,6.5,5.6,26.2,18.2,,,,,,,,,,2.4,3.5,,,
135,√ﬂ«≥∑…,2022-09-17,24.5,21,1,30.4,1605,,.1,2210,.3,2216,.3,5,110,1349,3.7,140,1353,1.3,1124,20,21,54,1521,82.4,24.8,980.5,1010.2,815,1005.5,1613,1008,12.4,5.8,1200,3.01,17.94,,,,,,6.8,3.3,29.4,21,,,,,,,,,,3.3,4.8,,,
135,√ﬂ«≥∑…,2022-09-18,25.1,21.5,600,29.1,1435,,.1,,.1,,.1,14.7,50,1912,7.6,50,1937,2.7,2352,70,20.9,65,1345,78.6,24.7,974.9,1007.3,1,996.9,2356,1002.2,12.3,2,1100,2.61,13.25,,,,,,9.4,7,27.5,21.5,,,,,,,,,,3.7,5.3,,,
135,√ﬂ«≥∑…,2022-09-19,23.5,14.9,2350,29.7,1133,,,,,,,14.1,50,442,6.8,50,443,3.6,3118,360,16.8,49,1504,66.9,19.4,971.4,1007.8,2357,994.6,357,998.8,12.3,6.6,1000,2.46,17.64,,,,,,6,2.8,27,14.9,,,,,,,,,,,,,,
135,√ﬂ«≥∑…,2022-09-20,16,11.5,605,22.1,1429,,,,,,,8.9,140,1047,5.3,110,1053,1.7,1458,70,10.2,39,1444,70.9,12.4,984.9,1016.7,2320,1007.8,1,1013.5,12.3,6.8,1200,2.62,17.87,,,,,,5.6,3.5,19.8,11.5,,,,,,,,,,3.1,4.4,,,
135,√ﬂ«≥∑…,2022-09-21,14.6,9.1,624,21.7,1535,,,,,,,7.7,70,1231,4.7,140,1153,1.6,1417,70,9.1,46,1321,72.1,11.6,989.3,1019.8,847,1016.1,1753,1018.2,12.2,8.9,1200,3.08,20.73,,,,,,2.6,1.3,19.1,9.1,,,,,,,,,,3.5,5,,,
135,√ﬂ«≥∑…,2022-09-22,15.5,8.1,621,22.4,1452,,,,,,,7.6,90,1019,4.1,160,1228,1.3,1098,20,10.3,43,1459,73.3,12.6,987.3,1019.6,6,1012.8,1531,1016,12.2,7.2,1200,3.09,19.09,,,,,,7.4,3.5,21.4,8.1,,,,,,,,,,,,,,
135,√ﬂ«≥∑…,2022-09-23,17.1,11.3,622,23.7,1340,,,,,,,14.9,270,1348,8,250,1354,3.2,2773,250,10.7,48,1231,68.3,13,984.6,1015.4,2107,1009.5,1502,1013,12.1,8.2,1100,3.32,19.94,,,,,,5.9,1.4,20,11.3,,,,,,,,,,4.3,6.2,,,
135,√ﬂ«≥∑…,2022-09-24,16.2,11.1,643,22.3,1443,,,,,,,10.3,290,27,5.6,250,205,3,2572,250,8.1,32,1333,61.6,10.9,988.3,1018.7,829,1015,1609,1017,12.1,9.9,1200,3.08,21.68,,,,,,6.1,3.3,18.8,11.1,,,,,,,,,,4,5.6,,,
135,√ﬂ«≥∑…,2022-09-25,16.4,12,603,22.2,1415,,,,,,,4.5,70,1333,3.2,70,1347,1.2,1009,20,11.4,48,1157,74.3,13.5,988,1018.2,846,1014.8,1510,1016.6,12.1,1.3,1100,2.1,12.6,,,,,,9.3,6.3,20.2,12,,,,,,,,,,2.1,3.1,,,
135,√ﬂ«≥∑…,2022-09-26,16.5,13.1,29,21.7,1421,,,,,,,3.7,270,1009,2.5,250,1533,.9,756,250,12.3,54,1547,77.8,14.3,988.4,1018.3,911,1015.4,1546,1017,12,.6,1000,1.47,9.52,,,,,,8.8,4.1,18.7,13.1,,,,,,,,,,1.7,2.5,,,
135,√ﬂ«≥∑…,2022-09-27,17.1,11,641,24.3,1506,,,,,,,8.1,90,1140,5.4,70,1140,1.4,1238,70,11.9,32,1420,75.1,14,987.5,1018,48,1013.3,1552,1016,12,10.3,1200,3.02,21.02,,,,,,2.3,.9,21.3,11,,,,,,,,,,3.8,5.5,,,
135,√ﬂ«≥∑…,2022-09-28,16.9,11.5,512,23.5,1340,,,,,,,4.8,270,1614,3.2,250,1546,.9,819,50,13,54,1600,79.6,15,985.8,1016.3,133,1011.9,1541,1014.3,12,4.6,1000,2.27,13.68,,,,,,5.5,1.9,19.6,11.5,,,,,,,,,,2.2,3.2,,,
135,√ﬂ«≥∑…,2022-09-29,17.8,11.3,631,26,1515,,,,,,,7.7,250,1127,5,250,1135,1.6,1425,250,12.9,40,1353,75.8,14.9,986.3,1016.6,2238,1012.4,1515,1014.7,11.9,10.8,1200,2.96,20.79,,,,,,1.1,0,20.2,11.3,,,,,,,,,,3.8,5.4,,,
135,√ﬂ«≥∑…,2022-09-30,18.3,11,623,28.3,1533,,,,,,,5.6,230,946,3.8,230,946,1.3,1138,250,10.1,19,1413,64.9,12.5,987.8,1018.1,715,1013.6,1524,1016.2,11.9,10.5,1200,3.04,21.09,,,,,,1.5,.3,21.5,11,,,,,,,,,,4.3,6.1,,,
135,√ﬂ«≥∑…,2022-10-01,17.7,9.8,630,26.6,1247,,,,,,,7.2,250,1056,4.5,250,1130,1.4,1173,50,10.5,29,1236,65.9,12.8,989.4,1019.4,824,1015.9,1559,1018,11.8,8.6,1100,2.84,18.11,,,,,,5.3,2.4,20,9.8,,,,,,,,,,3.4,4.8,,,
135,√ﬂ«≥∑…,2022-10-02,19.2,12.6,311,25.5,1342,,0,,0,,0,8.6,90,1729,4.5,70,1732,1.8,1561,50,13.1,48,1339,69,15.2,988.9,1019.9,902,1014.7,1721,1017.3,11.8,2.2,1200,2.53,11.42,,,,,,8.9,4.3,20.9,12.6,,,,,,,,,,2.4,3.5,,,
135,√ﬂ«≥∑…,2022-10-03,21.4,17.8,445,26.7,1523,,2.5,333,7.2,306,18.8,4.9,250,1346,3.1,250,1351,1,838,50,19,65,1515,87.1,22.1,985.7,1016.7,835,1011,1754,1013.7,11.8,1.7,1200,1.87,9.56,,,,,,9.6,6.8,23.3,17.8,,,,,,,,,,1.7,2.4,,,
135,√ﬂ«≥∑…,2022-10-04,19,14.8,2356,22.7,514,,5.5,550,15.2,521,35.1,9.1,270,836,5.6,270,840,2.5,2127,270,16.8,76,1700,87.4,19.3,984.1,1017.5,2248,1007.3,503,1012.3,11.7,0,1100,.56,2.64,,,,,,9.3,8.9,19.2,14.8,,,,,,,,,,.9,1.3,,,
135,√ﬂ«≥∑…,2022-10-05,14.6,12.6,550,18.5,1446,,.1,231,.1,141,.1,6.6,50,19,4.7,50,22,2.1,1817,50,11.8,64,1543,84.1,13.9,990.9,1021.5,922,1017.3,1613,1019.8,11.7,2.1,1400,1.91,10.46,,,,,,7.9,7.5,19.8,12.6,,,,,,,,,,1.7,2.5,,,
135,√ﬂ«≥∑…,2022-10-06,15.6,12.6,604,19.7,1228,,0,,0,,0,7.9,270,2357,5.1,270,2347,2,1729,270,11.5,58,1540,77.8,13.6,989.9,1021.1,49,1015.8,1547,1018.6,11.6,1.8,1100,2.53,10.94,,,,,,9.3,8.3,19.4,12.6,,,,,,,,,,2.1,3,,,
135,√ﬂ«≥∑…,2022-10-07,14.1,10.5,2400,18,1420,,,,,,,8.9,270,959,5.9,250,1204,2.9,2539,270,9.8,55,1514,76.3,12.1,990.4,1024.3,2344,1016.9,404,1019.3,11.6,2.8,1100,2.02,12.06,,,,,,7.4,7,18.2,10.5,,,,,,,,,,2,2.9,,,
135,√ﬂ«≥∑…,2022-10-08,12.8,6.9,618,19.1,1433,,,,,,,8.9,70,1547,5.9,70,1606,2.6,2271,70,7.4,47,1422,71.5,10.3,995.4,1026.4,710,1022.1,1557,1024.7,11.6,9,1100,2.77,17.45,,,,,,4,1.8,15.7,6.9,,,,,,,,,,2.8,4,,,
135,√ﬂ«≥∑…,2022-10-09,11.6,9.8,152,13.3,1422,,.7,2118,1.5,2117,6.3,15.9,270,2236,10.1,270,2343,1.9,1656,270,9.4,77,2328,86.9,11.9,989.2,1025.6,130,1013.4,2110,1018.4,11.5,0,1100,.71,4.48,,,,,,8.9,7.9,13.6,9.8,,,,,,,,,,1.2,1.7,,,
135,√ﬂ«≥∑…,2022-10-10,9.4,7.5,1908,12.8,1356,,.6,1432,1,1716,2.2,20.7,270,1139,10.7,250,1215,6,5200,270,4.7,46,1249,73.9,8.6,985.5,1016.8,2320,1012.9,1357,1014.9,11.5,5.3,1100,2.84,14.01,,,,,,6,5.8,9.4,7.5,,,,,,,,,,2.4,3.5,,,
135,√ﬂ«≥∑…,2022-10-11,10.7,6.4,2342,15.5,1546,,,,,,,15.2,270,204,8.9,270,353,4.6,3954,250,4.6,48,1516,67.6,8.5,991.8,1025.5,2344,1016.7,1,1021.2,11.5,7.9,1200,2.75,16.94,,,,,,2.4,2.1,12.7,6.4,,,,,,,,,,2.8,3.9,,,
135,√ﬂ«≥∑…,2022-10-12,11,2.9,644,18.7,1436,,,,,,,8.4,140,1224,5.7,140,1224,1.5,1274,360,6.9,49,1324,78.3,10.1,997.5,1028.4,2235,1025.4,1445,1027,11.4,10.5,1200,2.72,18.32,,,,,,1.4,0,14.4,2.9,,,,,,,,,,2.8,4,,,
135,√ﬂ«≥∑…,2022-10-13,12.8,6.1,503,20,1352,,,,,,,6.9,70,1009,4.9,70,1134,1.3,1118,20,8.7,50,1353,78.8,11.3,995.9,1029,127,1022.1,1647,1025.2,11.4,9.3,1200,2.39,16.4,,,,,,1.8,.9,16.1,6.1,,,,,,,,,,2.5,3.6,,,
135,√ﬂ«≥∑…,2022-10-14,13.5,7,346,20.3,1507,,,,,,,6.6,50,1558,4.7,50,1558,1.2,1027,50,10,55,1436,80.9,12.3,991.6,1023.7,1,1017.8,1449,1020.6,11.3,5.4,1200,2.72,15.15,,,,,,5.6,4.6,16.4,7,,,,,,,,,,2.4,3.4,,,
135,√ﬂ«≥∑…,2022-10-15,16,10.1,629,22.6,1409,,,,,,,5.3,180,1113,3.7,160,1121,1.2,1014,20,11.8,46,1538,78.1,13.9,990.5,1021,821,1017,1426,1019.2,11.3,7.7,1200,2.46,16.79,,,,,,6.1,4.4,19.9,10.1,,,,,,,,,,2.8,4,,,
135,√ﬂ«≥∑…,2022-10-16,17.2,11.8,646,23.5,1354,,,,,,,8.5,320,1604,4.8,290,1506,1.8,1551,250,12.5,49,1349,75,14.5,989.3,1020.1,647,1015.5,1355,1017.8,11.3,5.5,1200,2.71,15.28,,,,,,8,6.9,19.7,11.8,,,,,,,,,,2.8,4.1,,,
135,√ﬂ«≥∑…,2022-10-17,12.1,6.7,2400,16.1,1,,,,,,,14.4,250,1207,9.5,250,1359,4.7,4089,270,1.2,18,1506,50.8,7.2,989.3,1021.5,2400,1016.5,1404,1018.4,11.2,7.2,1200,2.78,15.61,,,,,,3.6,3.4,14,5.5,,,,,,,,,,4.2,6,,,
135,√ﬂ«≥∑…,2022-10-18,7.4,2.3,2338,12.9,1421,,,,,,,10.9,250,1437,7,250,1132,3.2,2746,270,-1.5,31,1439,55.1,5.5,993.2,1025.1,2335,1021,1427,1023,11.2,10.4,1200,2.74,18.26,,,,,,0,0,9.2,2.2,,,,,,,,,,3.2,4.6,,,
135,√ﬂ«≥∑…,2022-10-19,7.6,.9,146,15.5,1437,,,,,,,10.5,250,1459,6.1,250,1521,2.6,2227,250,-.3,28,1412,60.5,6,996.5,1028.9,2314,1024.4,1421,1026.4,11.2,10.4,1200,2.7,17.95,,,,,,0,0,8.6,.9,,,,,,,,,,3,4.3,,,
135,√ﬂ«≥∑…,2022-10-20,9.3,.3,657,18.9,1505,,,,,,,6.5,270,951,4.5,250,1031,1.7,1482,250,1.7,30,1403,63.6,7,998.3,1030.8,654,1025,1539,1028,11.1,10.4,1200,2.67,17.89,,,,,,1.9,1.9,10.9,.3,,,,,,,,,,3.2,4.6,,,
135,√ﬂ«≥∑…,2022-10-21,11.7,3.7,526,17.8,1151,,,,,,,6.1,250,1121,3.5,250,947,1.3,1147,20,5.1,37,1153,66.6,8.8,995.4,1027.4,39,1022.8,1546,1024.8,11.1,2.6,900,1.66,8.14,,,,,,8.4,6.4,11.7,3.7,,,,,,,,,,1.7,2.5,,,
135,√ﬂ«≥∑…,2022-10-22,14,10.2,117,20,1440,,,,,,,9.8,270,1308,5.9,250,1355,3,2635,250,7.4,29,1543,67,10.4,991.7,1023.4,1,1018.2,1556,1020.8,11.1,6.5,1200,2.54,13.09,,,,,,4.9,3.3,17.2,9.8,,,,,,,,,,2.8,3.9,,,
135,√ﬂ«≥∑…,2022-10-23,13.3,6.5,2242,17.9,1339,,,,,,,9.2,250,1245,5.9,270,1555,2.8,2462,250,6.1,45,1447,63.8,9.6,989.4,1020.8,2241,1015.9,1432,1018.4,11,8,1100,2.65,15.78,,,,,,3.9,3.3,16.6,6.5,,,,,,,,,,3.2,4.5,,,
135,√ﬂ«≥∑…,2022-10-24,7.8,2.2,654,13.6,1411,,,,,,,9.4,270,1207,5.1,270,1219,2.5,2128,270,0,36,1443,60,6.1,991.6,1025.6,2337,1019,1408,1021.3,11,6.4,1200,1.84,12.14,,,,,,2.5,1.9,10.1,2.2,,,,,,,,,,2.2,3.1,,,
135,√ﬂ«≥∑…,2022-10-25,6.4,-.9,602,15.1,1430,,,,,,,8.8,90,1222,5.6,70,1201,1.5,1339,90,.9,41,1431,71.3,6.6,998.6,1030.9,2253,1025.6,1,1028.7,10.9,8.8,1100,2.41,14.88,,,,,,1.3,.6,7.9,-.9,,,,,,,,,,2.1,2.9,,,
135,√ﬂ«≥∑…,2022-10-26,9.2,1,614,17.4,1355,,,,,,,4.4,160,1100,2.5,160,1045,.7,589,160,3.7,39,1225,71.6,8,998.4,1031.2,230,1025.4,1536,1028.1,10.9,8.2,1200,2.39,14.39,,,,,,3.8,1.4,11.2,1,,,,,,,,,,2.1,3,,,
135,√ﬂ«≥∑…,2022-10-27,11.9,4.6,719,18.9,1521,,,,,,,8.7,270,1025,5.7,250,1054,2.5,2174,250,4.6,39,1334,63.8,8.5,996,1026.9,1,1022.6,1509,1025.4,10.9,9.6,700,2.7,16.61,,,,,,1.9,.1,14.1,4.6,,,,,,,,,,2.8,4,,,
135,√ﬂ«≥∑…,2022-10-28,11.8,3.5,658,19.1,1430,,,,,,,7.1,50,2018,5,70,2027,2.1,1772,90,6.6,39,1517,73.5,9.8,997,1028.3,830,1023.9,1503,1026.4,10.8,9.4,1200,2.2,14.35,,,,,,4,2.3,14.8,3.5,,,,,,,,,,2.5,3.6,,,
135,√ﬂ«≥∑…,2022-10-29,12,7.7,410,18.5,1310,,,,,,,6.7,90,1314,4.1,70,1330,1.8,1556,70,6.8,43,1440,72.9,9.9,997.5,1028.7,841,1024.4,1454,1026.9,10.8,6.2,1200,2.27,13.22,,,,,,5.5,3.8,14.8,7.7,,,,,,,,,,2.2,3.1,,,
135,√ﬂ«≥∑…,2022-10-30,11,5.5,622,17.7,1424,,,,,,,7,110,1727,4.5,90,1735,1.6,1377,50,6.8,41,1613,77.6,10,996.8,1028,802,1023.7,1427,1026.3,10.8,5.9,1000,1.65,10.73,,,,,,3.9,1.5,13.5,5.5,,,,,,,,,,1.8,2.6,,,
135,√ﬂ«≥∑…,2022-10-31,10.4,4.9,616,17.9,1351,,,,,,,6.2,320,1311,3.7,90,1143,1.1,967,50,5.6,44,1352,74.6,9.1,995.4,1027.4,215,1022.4,1431,1024.9,10.7,8.2,1200,2.29,13.14,,,,,,6.5,2.9,13,4.9,,,,,,,,,,2.1,3,,,
135,√ﬂ«≥∑…,2022-11-01,10.4,3.9,558,18.4,1443,,,,,,,8.9,250,1433,6.1,250,1118,2.1,1799,250,5.6,48,1309,74.3,9.2,992.7,1024.4,1,1019.2,1400,1022.2,10.7,7,1100,2.24,13.22,,,,,,1.6,.6,10.6,3.9,,,,,,,,,,2.2,3.2,,,
135,√ﬂ«≥∑…,2022-11-02,9.4,2.4,650,19,1404,,,,,,,7.8,250,1501,5.2,250,1426,1.5,1307,250,.1,13,1427,59.9,6.4,991.4,1023.8,822,1017.7,1444,1020.9,10.7,9.9,1100,2.37,15.23,,,,,,1.8,.8,11,2.4,,,,,,,,,,3,4.3,,,
135,√ﬂ«≥∑…,2022-11-03,9.6,1.8,120,15.7,1437,,,,,,,10.1,270,2309,6.5,270,2338,2.9,2517,270,-.4,28,1446,52,6,989.8,1020.9,829,1017.4,1316,1019.3,10.6,3.1,1300,1.77,10.22,,,,,,6.6,2.4,10.8,1.8,,,,,,,,,,2.9,4.2,,,
135,√ﬂ«≥∑…,2022-11-04,5.8,2.6,2309,9.9,1452,,,,,,,13.4,230,1127,7.5,250,1114,4.3,3677,250,-6.7,16,1507,42.6,3.8,992.6,1025,2235,1019.6,1,1022.6,10.6,9.8,1100,2.35,14.97,,,,,,2.1,0,8.7,2.5,,,,,,,,,,3.3,4.8,,,
135,√ﬂ«≥∑…,2022-11-05,5.5,.1,549,12.1,1441,,,,,,,10.5,270,1123,7,250,1225,3.6,3112,250,-7.2,24,1419,41.3,3.6,995.4,1027.3,920,1023.4,1416,1025.5,10.6,9.9,1100,2.38,15.15,,,,,,.3,0,7.6,.1,,,,,,,,,,2.9,4.2,,,
135,√ﬂ«≥∑…,2022-11-06,5.6,-3,715,14.3,1507,,,,,,,8.8,270,1301,5.7,250,1205,1.5,1297,230,-.7,35,1434,66.5,5.9,995.3,1028,752,1022.6,1644,1025.4,10.6,9.6,1100,2.27,14.43,,,,,,1.5,.6,6.9,-3,,,,,,,,,,2.2,3.1,,,
135,√ﬂ«≥∑…,2022-11-07,7.3,-.2,627,16.3,1436,,,,,,,7.4,250,1253,4.9,250,1306,1.5,1274,230,-.5,25,1408,62.3,5.9,994,1025.9,849,1020.6,1452,1023.9,10.5,8.7,1200,2.38,13.27,,,,,,2.1,.5,8.6,-.2,,,,,,,,,,2.6,3.7,,,
135,√ﬂ«≥∑…,2022-11-08,8.6,1.5,631,16.8,1508,,,,,,,8.7,270,1330,5.3,250,1332,1.4,1172,250,2.3,39,1442,67.3,7.3,995.6,1027,746,1023,1427,1025.3,10.5,8.7,1200,2.25,13.32,,,,,,1.5,.9,9.7,1.5,,,,,,,,,,2.2,3.1,,,
135,√ﬂ«≥∑…,2022-11-09,9.2,1.1,650,17.3,1442,,,,,,,8.4,270,1353,5.3,270,2135,1.9,1675,250,2.4,28,1350,66.6,7.3,996,1028.1,717,1022.8,1440,1025.7,10.5,8.2,1200,2.25,13.21,,,,,,4.6,0,11.4,1.1,,,,,,,,,,2.4,3.5,,,
135,√ﬂ«≥∑…,2022-11-10,9.6,1.5,705,18.8,1507,,,,,,,7.4,250,1204,5.6,250,1208,1.5,1316,250,2.9,32,1509,67,7.6,995.6,1027,818,1022,1503,1025.2,10.4,9.2,1200,2.07,12.36,,,,,,3.3,.6,10.3,1.5,,,,,,,,,,2.3,3.2,,,
135,√ﬂ«≥∑…,2022-11-11,11.6,5.1,532,19.2,1419,,,,,,,6,90,1254,4.4,70,1255,1.4,1171,50,5.7,46,1351,68.8,9.2,996.8,1028.7,830,1023.9,1450,1026.2,10.4,7.7,1200,2.02,11.47,,,,,,2.9,1.1,12.4,5.1,,,,,,,,,,2,2.9,,,
135,√ﬂ«≥∑…,2022-11-12,15.2,6.8,730,21.1,1419,,,,,,0,6.5,140,2137,3.1,180,2045,1.5,1290,160,10.3,53,1304,74.4,12.7,988.7,1025.6,35,1009,2357,1017.4,10.4,5.4,1200,1.98,10.52,,,,,,7.6,4,17,6.6,,,,,,,,,,1.9,2.8,,,
135,√ﬂ«≥∑…,2022-11-13,11.7,8.4,2400,18.8,7,,,,,,7.9,12.8,290,753,7.2,250,1359,3.3,2813,270,7.8,61,1514,77.6,10.9,985.8,1020.3,2308,1008.7,301,1014.9,10.3,1.4,1300,1.65,5.5,,,,,,8.4,8.1,12.7,8.4,,,,,,,,,,1.2,1.6,,,
135,√ﬂ«≥∑…,2022-11-14,8.7,6.5,2356,12.5,1553,,,,,,,10.2,250,2347,6.2,270,2345,2.2,1892,250,3.7,55,1538,71.4,8,988.8,1020.4,214,1015.8,1532,1018.4,10.3,.8,1300,.85,4.38,,,,,,5.1,4.6,10.7,5.9,,,,,,,,,,1.3,1.8,,,
135,√ﬂ«≥∑…,2022-11-15,7.3,1.2,710,11.8,1355,,,,,,,10.7,250,30,6.5,250,1212,2.8,2400,250,.9,49,1357,65.4,6.6,988.2,1019.1,831,1015.7,1353,1017.9,10.3,5.8,1100,2.14,10.09,,,,,,3.6,2,9,1.2,,,,,,,,,,1.6,2.3,,,
135,√ﬂ«≥∑…,2022-11-16,7.2,1.1,2334,13.1,1340,,,,,,2.2,11.4,360,21,6.7,250,1350,1.9,1662,250,2.5,42,1330,73.8,7.4,991.2,1024,2356,1018.4,349,1021,10.3,5,1300,1.88,8.81,,,,,,3.8,3.1,8.5,1.1,,,,,,,,,,1.4,2,,,
135,√ﬂ«≥∑…,2022-11-17,6.5,.8,14,15.2,1423,,,,,,,4.3,230,1145,2.6,250,1453,.9,745,250,.2,37,1325,67.1,6.2,994.6,1027.1,2346,1022,1335,1024.6,10.2,9,1200,2.12,12.46,,,,,,2.6,.5,8.3,.8,,,,,,,,,,1.8,2.6,,,
135,√ﬂ«≥∑…,2022-11-18,7,-1.3,713,17.8,1438,,,,,,,7.3,50,1317,4.7,50,1320,.9,737,50,-1,20,1255,62.8,5.7,996.8,1029.3,819,1023.8,1444,1026.8,10.2,9.4,1200,2.14,12.97,,,,,,0,0,7.6,-1.3,,,,,,,,,,,,,,
135,√ﬂ«≥∑…,2022-11-19,8.9,1.4,432,17.1,1409,,,,,,,6.9,180,1216,4.3,180,1218,1.3,1126,70,3.4,44,1410,70.9,7.9,994,1027.4,215,1020.1,1546,1023.7,10.2,9,1100,2.13,12.07,,,,,,4.5,.9,9.9,1.4,,,,,,,,,,2,2.9,,,
135,√ﬂ«≥∑…,2022-11-20,10.1,4.6,2347,17.7,1423,,,,,,,5.9,90,1228,4,50,1505,.8,705,50,5.4,46,1400,75.4,9,991,1022.5,4,1017.4,1421,1020.4,10.1,6.7,1200,2.21,11.1,,,,,,5.9,3.9,10.5,4.6,,,,,,,,,,1.8,2.5,,,
135,√ﬂ«≥∑…,2022-11-21,9.4,2.3,549,18.2,1354,,,,,,,8.5,270,1407,5.5,250,1402,1.6,1373,250,2.9,32,1519,67.6,7.6,992.2,1023.7,2345,1018.7,1503,1021.7,10.1,9,1200,1.92,10.81,,,,,,6.9,1.4,9.1,2.3,,,,,,,,,,2.1,3,,,
135,√ﬂ«≥∑…,2022-11-22,9.3,5.8,743,13.3,1111,,,,,,.6,6,70,1124,4.3,70,1128,1,878,90,5.6,54,1128,78.8,9.2,991.4,1023.6,4,1017.7,2358,1020.9,10.1,.7,900,.85,3.84,,,,,,9.5,5.8,10.2,5.8,,,,,,,,,,.8,1.2,,,
135,√ﬂ«≥∑…,2022-11-23,10,4.4,2331,15,1404,,,,,,.2,11.1,290,1519,7.1,250,1420,2.7,2353,250,3.6,39,2043,68.1,8.3,988,1020.5,2332,1015.2,1322,1017.4,10.1,5,1200,1.92,8.97,,,,,,4.1,3.8,10.9,3.5,,,,,,,,,,1.9,2.7,,,
135,√ﬂ«≥∑…,2022-11-24,6.2,.8,2358,13.6,1528,,,,,,,7.7,290,612,5.2,250,1422,2,1699,250,-1.1,31,1500,61.9,5.6,991.8,1024.3,2357,1019.2,1432,1021.7,10,4.3,1300,1.87,8.35,,,,,,3.5,1.4,6.4,.8,,,,,,,,,,1.4,2.1,,,
135,√ﬂ«≥∑…,2022-11-25,6.5,-1.3,521,16,1507,,,,,,,5.2,140,1631,3.8,160,1231,1.1,963,160,-.8,31,1443,63.3,5.8,989.4,1024.2,1,1015.2,1550,1019.3,10,9.1,1200,1.69,10.61,,,,,,3.5,1.8,8,-1.3,,,,,,,,,,1.9,2.8,,,
135,√ﬂ«≥∑…,2022-11-26,9.3,1.2,2350,13.9,1252,,,,,,,15.6,270,1415,9.3,250,1422,3.6,3112,250,-2.2,21,1547,47.5,5.8,988.2,1021.7,2307,1014.4,339,1017.6,10,8.8,1200,1.94,11.28,,,,,,2.1,2,10.5,1,,,,,,,,,,3,4.3,,,
135,√ﬂ«≥∑…,2022-11-27,4.1,-3.8,657,12.4,1430,,,,,,,7.5,270,124,4.7,270,136,1.7,1453,20,-5.9,24,1404,50.1,3.9,991.7,1023.9,840,1019.4,1431,1021.9,10,7.9,1200,2.02,11.17,,,,,,3.4,.8,6.4,-3.8,,,,,,,,,,2,2.8,,,
135,√ﬂ«≥∑…,2022-11-28,6.6,.5,700,10.8,1322,,,,,,8,5.7,160,1107,4.2,160,1114,1.4,1224,140,-.2,43,1053,63.1,6.3,987.7,1022.5,102,1010.6,2343,1017.4,10,2.1,1000,1.18,3.99,,,,,,7.5,5.6,6.5,.2,,,,,,,,,,.9,1.3,,,
135,√ﬂ«≥∑…,2022-11-29,8.1,1.6,2357,13,951,,,,,,19.8,14.1,270,2208,7.8,270,2208,4.5,3894,270,2,29,2312,68.5,8.1,986.1,1024.6,2347,1009,415,1015.6,9.9,0,1300,.36,1.99,,,,,,10,8.6,9,.4,,,,,,,,,,1.9,2.6,,,
135,√ﬂ«≥∑…,2022-11-30,-3.7,-6,2301,1.6,1,,,,,,,16.2,250,323,9.4,270,332,6.1,5261,270,-13.6,27,1325,46.8,2.2,999.2,1033.8,2148,1024.7,1,1030.6,9.9,7.3,1200,2.09,10.71,,,,,,7.5,1.3,-2,-6,,,,,,,,,,1.7,2.5,,,
135,√ﬂ«≥∑…,2022-12-01,-4.3,-7.5,717,.2,1435,,,,,,,11.3,250,55,6.3,250,27,3.7,3226,250,-16.1,26,1049,40.1,1.8,1000.5,1034.4,857,1029.1,1437,1032,9.9,6.7,1100,1.99,10.64,,,,,,5,2,-3,-7.5,,,,,,,,,,1.5,2.1,,,
135,√ﬂ«≥∑…,2022-12-02,-3.6,-9.9,707,2.5,1505,,,,,,,7.9,250,1207,5.5,250,1234,2,1733,250,-10.8,39,1241,59.3,2.7,999.5,1034.1,823,1028.5,1720,1030.9,9.9,9.2,1200,2.06,12.25,,,,,,2,.8,-1.5,-9.9,,,,,,,,,,1.3,1.8,,,
135,√ﬂ«≥∑…,2022-12-03,2,-6.1,8,8.1,1229,,,,,,,8.7,290,1240,5.1,270,1252,1.6,1385,250,-3,49,1131,70.3,5,995.5,1029.6,1,1023.4,1506,1026,9.9,2.3,1100,1.46,5.9,,,,,,9.5,8.6,.9,-6.1,,,,,,,,,,1.2,1.7,,,
135,√ﬂ«≥∑…,2022-12-04,-1.4,-3.3,2351,3.4,22,,,,,,,12,270,227,7.5,270,2332,4.6,3953,270,-13.4,28,1522,40.6,2.3,999.4,1032.3,2152,1026.7,1,1030.4,9.8,1.2,1200,1.11,6.23,,,,,,9.8,4.6,-.6,-3.3,,,,,,,,,,1.8,2.6,,,
135,√ﬂ«≥∑…,2022-12-05,-2.8,-6.8,2355,1.9,1404,,,,,,,10.7,270,432,8.2,270,122,5,4330,270,-16,21,1353,37,1.8,997.9,1031.8,225,1026.4,1453,1029.1,9.8,6.7,1300,1.92,9.84,,,,,,4.5,3.3,-1.2,-6.8,,,,,,,,,,1.8,2.5,,,
135,√ﬂ«≥∑…,2022-12-06,-.7,-8,431,4.7,1124,,,,,,.1,13.1,270,1432,6.9,250,1116,3.1,2682,270,-6.7,47,103,64.1,3.9,993.4,1028.6,1,1021.8,1316,1024.2,9.8,4.1,1000,1.55,7.65,,,,,,5.5,5.3,-1.9,-8,,,,,,,,,,1.5,2.1,,,
135,√ﬂ«≥∑…,2022-12-07,4.6,1.7,559,7.4,1534,,,,,,,15.7,270,1544,8.3,250,1439,4.8,4179,270,-3.9,45,1635,54,4.6,993.5,1026,2312,1022.1,1426,1023.7,9.8,5,1100,1.59,8.06,,,,,,3.9,2.3,3.9,-1.1,,,,,,,,,,1.8,2.6,,,
135,√ﬂ«≥∑…,2022-12-08,3.1,-2.3,2340,9.3,1421,,,,,,,9.6,270,347,5.7,270,347,2.5,2201,250,-5.6,24,1609,55.4,4.1,995.9,1028.2,843,1024.3,1449,1026.3,9.8,7.9,1200,1.96,11.02,,,,,,2.9,1.3,4.8,-2.8,,,,,,,,,,1.7,2.4,,,
135,√ﬂ«≥∑…,2022-12-09,2.5,-4.9,519,10.9,1441,,,,,,,10.5,250,1346,6,250,1353,1.4,1172,180,-3.7,41,1209,65.8,4.8,993,1026.6,20,1020.3,1444,1023.4,9.8,7.4,1200,1.73,9.35,,,,,,2.6,.6,1.2,-4.9,,,,,,,,,,1.4,2,,,
135,√ﬂ«≥∑…,2022-12-10,1.9,-3.5,440,6,1435,,,,,,,8.6,250,1154,6.4,250,1154,1.7,1488,250,-4.7,38,1403,63.4,4.3,990.4,1023.3,227,1018,1420,1020.8,9.8,3.1,1000,1.43,6.42,,,,,,4.8,3.1,.3,-3.5,,,,,,,,,,1.4,1.9,,,
135,√ﬂ«≥∑…,2022-12-11,.9,-5.1,2350,7,1441,,,,,,,10.2,270,1140,7.1,250,1109,3.4,2924,250,-8.6,31,1552,50.3,3.2,992.8,1026.2,2352,1020.6,54,1023.3,9.7,8.7,1200,1.83,10.56,,,,,,.4,0,2,-5.1,,,,,,,,,,1.7,2.4,,,
135,√ﬂ«≥∑…,2022-12-12,.9,-6,144,6.3,1241,,,,,,0,10.3,270,1614,5.7,270,1621,2,1701,270,-6,38,1529,61,4,990.5,1026.2,13,1017.3,2327,1021,9.8,3.1,1100,1.33,5.59,,,,,,6.1,2.5,-.7,-6,,,,,,,,,,1.5,2.1,,,
135,√ﬂ«≥∑…,2022-12-13,1.6,-2.7,2400,4.4,956,,,,,,2.8,16.1,250,849,9.2,250,940,5.4,4635,270,-4.1,49,1650,66.1,4.5,988,1021.3,2358,1016.3,1641,1018.3,9.7,1.7,900,.91,4.19,,,,,,7.3,6,2.7,-2.7,,,,,,,,,,1,1.5,,,
135,√ﬂ«≥∑…,2022-12-14,-8.2,-11.2,2318,-2.6,14,,,,,,.1,16.8,250,231,9,250,1433,4.5,3849,270,-14.4,51,825,61,2,996.2,1030.3,907,1021.1,8,1028,9.7,8.8,1200,1.98,11.17,,,,,,1,.5,-3.9,-11.2,,,,,,,,,,.9,1.3,,,
135,√ﬂ«≥∑…,2022-12-15,-2.7,-11.9,217,4.3,1536,,,,,,1.2,12.5,250,2247,6.6,250,2337,2.3,2004,270,-7.9,45,1504,68.5,3.5,994.5,1028.8,1,1021.5,1537,1025.6,9.7,7.8,1200,1.87,10.81,,,,,,7.5,5.6,0,-11.9,,,,,,,,,,1.5,2.2,,,
135,√ﬂ«≥∑…,2022-12-16,-4.3,-6.4,823,-.3,1,,,,,,,10.8,250,39,6.6,270,424,4.5,3890,270,-13.4,31,1355,50,2.2,998.6,1032.5,957,1026,1,1030,9.7,1.4,1200,1.44,6.94,,,,,,8,4.3,-4.1,-6.4,,,,,,,,,,1.2,1.7,,,
135,√ﬂ«≥∑…,2022-12-17,-6.8,-10.5,2348,-3.5,1026,,,,,,.3,9.9,360,1049,6.1,20,1054,2.7,2304,250,-13,48,28,61.1,2.3,993.9,1030.5,1,1022.9,1503,1025.5,9.7,1.4,1200,1.38,5.13,,,,,,6.3,5.6,-5.7,-10.5,,,,,,,,,,.7,1,,,
135,√ﬂ«≥∑…,2022-12-18,-9.5,-13.2,551,-5.4,1429,,,,,,,13.2,250,1350,6.3,250,1241,2.9,2490,270,-17.2,37,1352,53.9,1.6,992.1,1025.8,2357,1021.6,1427,1023.9,9.7,7.3,1100,1.77,9.92,,,,,,.6,.4,-8.3,-13.2,,,,,,,,,,.8,1.2,,,
135,√ﬂ«≥∑…,2022-12-19,-6.9,-13.7,331,-.7,1502,,,,,,,11.9,250,1304,6.1,250,1246,1.8,1584,250,-13.6,38,1102,60.1,2.2,995.8,1029.1,2339,1025.4,1443,1027.4,9.7,8.9,1200,1.92,11.13,,,,,,1.1,.3,-5.2,-13.7,,,,,,,,,,1,1.5,,,
135,√ﬂ«≥∑…,2022-12-20,-3.5,-10.3,736,2.5,1536,,,,,,,9.1,250,1320,5.9,250,1313,2.1,1778,250,-9.7,41,1544,63.4,2.9,996.1,1031.3,921,1023.1,2131,1027.3,9.7,8,1200,1.96,11.29,,,,,,3.3,1.8,-2,-10.3,,,,,,,,,,1.3,1.8,,,
135,√ﬂ«≥∑…,2022-12-21,-1.3,-5,6,1.5,2223,,,,,,6.6,10.7,320,2314,5.2,270,2243,1.4,1186,90,-3.8,62,429,83.1,4.7,982.9,1023.5,1,1009.6,2223,1013.4,9.7,0,1100,.45,2.14,,,,,,8.9,8,-1.2,-5,,,,,,,,,,.5,.7,,,
135,√ﬂ«≥∑…,2022-12-22,-6.3,-10,2355,.3,2,,,,,,.4,16,270,1620,8.4,270,2339,3.9,3367,270,-10.9,50,1624,69.5,2.7,979,1011.1,2300,1008.1,1319,1010,9.7,.4,1200,1.06,5.05,,,,,,7.4,6.6,-3.7,-10,,,,,,,,,,.8,1.2,,,
135,√ﬂ«≥∑…,2022-12-23,-9,-11.4,2354,-6.7,1422,,,,,,0,23.2,270,1241,11.8,250,1454,8,6876,270,-15.2,49,1155,61.1,1.9,981.1,1016.9,2356,1010,47,1012.5,9.7,3.9,1100,1.61,8.39,,,,,,5.8,5.8,-8.3,-11.4,,,,,,,,,,.9,1.3,,,
135,√ﬂ«≥∑…,2022-12-24,-8.2,-11.9,633,-3.5,1513,,,,,,,13.1,270,3,7.7,270,6,4.8,4134,270,-15.8,42,1520,54.8,1.8,989,1022.8,2302,1016.6,2,1020.5,9.7,9,1200,1.98,11.36,,,,,,2.1,.6,-9,-11.9,,,,,,,,,,1.2,1.7,,,
135,√ﬂ«≥∑…,2022-12-25,-3.9,-9.7,350,.1,1342,,,,,,,14.5,270,1105,8.9,270,532,5.5,4766,270,-10.8,44,1447,59.5,2.7,992.2,1025.5,2400,1021.5,1335,1023.4,9.7,9,1200,2.02,11.36,,,,,,.9,0,-3.7,-9.7,,,,,,,,,,1.3,1.9,,,
135,√ﬂ«≥∑…,2022-12-26,-3.4,-7.3,543,.3,1552,,,,,,,10,270,854,6.7,250,819,4.1,3534,270,-10.2,41,1547,60.6,2.8,995.3,1028.1,2352,1025.1,1327,1026.5,9.7,5.7,1200,1.29,7.67,,,,,,3.1,0,-3.5,-7.3,,,,,,,,,,1.1,1.6,,,
135,√ﬂ«≥∑…,2022-12-27,-3,-7.8,531,1.9,1445,,,,,,,11.1,270,1237,6.9,270,1243,3,2635,250,-9.5,36,1449,62.1,3,998.3,1030.8,812,1027.6,1417,1029.5,9.7,8.9,1200,2,11.18,,,,,,2.1,.4,-3.3,-7.8,,,,,,,,,,1.3,1.8,,,
135,√ﬂ«≥∑…,2022-12-28,-2.5,-5.2,546,-.3,1438,,,,,,,11.2,270,1418,6.2,270,1421,3.1,2683,270,-8.4,47,1631,64.3,3.3,999.2,1033.6,2346,1028.7,1342,1030.4,9.7,1.5,1300,1.04,4.57,,,,,,4.6,3,-3.1,-5.2,,,,,,,,,,.9,1.3,,,
135,√ﬂ«≥∑…,2022-12-29,-4,-7.6,2346,.1,1527,,,,,,,10.4,250,1021,6.7,250,1059,3.3,2827,250,-10.7,43,1447,60.8,2.7,1001.9,1034.7,2204,1031.4,1422,1033.4,9.7,7,1100,1.78,9.14,,,,,,2.6,.5,-4.6,-7.6,,,,,,,,,,1,1.5,,,
135,√ﬂ«≥∑…,2022-12-30,-1.4,-7.7,28,1.9,1441,,,,,,,8.4,270,1450,5.2,250,1459,2.4,2071,250,-6.8,55,1445,67.3,3.7,1000.9,1034.6,1,1030,1436,1032.1,9.7,1.6,1200,1.65,6.57,,,,,,6.5,5.9,-1,-7.7,,,,,,,,,,1,1.4,,,
135,√ﬂ«≥∑…,2022-12-31,-1.4,-6.5,613,2,1420,,,,,,,10.1,270,1507,6,270,2210,3,2558,270,-7.9,53,1439,61.5,3.4,1000.1,1032.8,803,1030,1438,1031.2,9.7,3.7,1400,1.15,6.71,,,,,,3.3,2.1,-2,-6.5,,,,,,,,,,1.2,1.7,,,
135,√ﬂ«≥∑…,2023-01-01,.7,-2.3,2346,4.1,1444,,,,,,,14.3,239.1,1256,8.9,270,1247,5,435960,270,-10.3,24.3,1637,45,2.9,999.5,1032.1,2329,1028.3,1621,1030.3,9.6,6.5,1300,1.91,9.63,,,,,,3.5,.5,1.5,-4.1,,,,,,,,,,,,,,
135,√ﬂ«≥∑…,2023-01-02,-3.2,-6,745,.8,1529,,,,,,,13.3,247.6,1516,7.9,250,1353,5.3,455040,250,-15.9,23.2,1518,38,1.8,1000.3,1033.7,949,1028.8,1429,1031.7,9.6,8.4,1300,2.04,11.56,,,,,,2,0,-2.2,-7.2,,,,,,,,,,,,,,
135,√ﬂ«≥∑…,2023-01-03,-3.8,-8.7,235,.8,1359,,,,,,,13.2,258.8,1447,7.8,250,1333,4,344160,250,-12.6,26.9,1551,52,2.3,999.1,1032.6,826,1027.9,1514,1030.4,9.6,9,1300,2.06,11.93,,,,,,.6,0,-3.1,-9.1,,,,,,,,,,,,,,
135,√ﬂ«≥∑…,2023-01-04,-1.4,-5.4,804,3.9,1525,,,,,,,12.2,258.8,1305,6.8,270,1251,3.1,265320,270,-10.8,33.8,1537,49,2.7,999.7,1032.4,2355,1028.8,1458,1030.7,9.6,6.2,1300,2.02,9.93,,,,,,1.8,1.4,.6,-7.1,,,,,,,,,,,,,,
135,√ﬂ«≥∑…,2023-01-05,-1.7,-8,411,4.3,1420,,,,,,,9,320,1541,5.3,250,1320,1.7,1435,20,-7,49,1150,68.3,3.7,1000.1,1033.5,827,1028.8,1422,1031.2,9.8,5.7,1200,1.61,8.3,,,,,,4,1.3,-3,-8,,,,,,,,,,1,1.4,,,
135,√ﬂ«≥∑…,2023-01-06,-.2,-4.4,601,7,1410,,,,,,.4,7.3,270,1205,4.3,250,1207,1.5,1277,20,-6.1,28,1359,67.6,3.9,992.5,1030.1,1,1016.4,2359,1023.2,9.8,7.3,1200,1.91,10.46,,,,,,2.5,.4,-1.4,-5.8,,,,,,,,,,1.5,2.1,,,
135,√ﬂ«≥∑…,2023-01-07,2,-2.1,2353,5.2,1444,,,,,,1.5,12.9,270,1354,7,270,824,3.9,3334,270,-4.5,39,1559,63.4,4.5,989.2,1024.9,2336,1015.5,358,1019.6,9.8,4.4,1200,1.36,7.44,,,,,,4.4,3.9,1.6,-2.9,,,,,,,,,,1.3,1.8,,,
135,√ﬂ«≥∑…,2023-01-08,-.1,-6.2,732,7.7,1527,,,,,,,7.1,250,1416,4.3,250,1046,1.3,1128,250,-7.6,27,1452,61.3,3.5,994.7,1027.9,821,1023.2,1433,1025.5,9.8,8.4,1200,1.95,11.69,,,,,,1,.9,-1,-6.2,,,,,,,,,,1.4,2,,,
135,√ﬂ«≥∑…,2023-01-09,1.5,-4.6,333,6.9,1438,,,,,,,12,270,1608,7.7,270,1624,2.5,2158,270,-4.4,41,2012,65.6,4.6,993.7,1028.9,2338,1021.6,1438,1024.3,9.8,1.1,1400,.91,3.09,,,,,,,,.3,-4.6,,,,,,,,,,.9,1.3,,,
135,√ﬂ«≥∑…,2023-01-10,.3,-7.5,806,9.6,1509,,,,,,,5.4,290,7,3.8,290,9,1,863,160,-6.7,31,1635,62.5,3.7,998.1,1031.7,823,1026.2,1612,1028.9,9.9,8.8,1200,2.02,12.19,,,,,,1.4,1.4,2.1,-7.5,,,,,,,,,,1.5,2.2,,,
135,√ﬂ«≥∑…,2023-01-11,.9,-6.2,610,10.3,1521,,,,,,,9.9,270,1435,5.6,250,1338,1.6,1352,250,-7.9,19,1434,55.9,3.4,995.8,1028.5,846,1023.8,1632,1026.5,9.9,9.1,1200,2,11.72,,,,,,.1,0,.1,-6.2,,,,,,,,,,1.8,2.6,,,
135,√ﬂ«≥∑…,2023-01-12,3.8,-6.1,805,13.3,1441,,,,,,.3,5.8,160,1237,4.1,160,1235,1.1,963,160,-6.8,23,1445,50.5,3.8,993.3,1027.4,810,1020,2400,1023.5,9.9,8.9,1200,2,11.6,,,,,,2.1,1.1,4.5,-6.1,,,,,,,,,,2,2.9,,,
135,√ﬂ«≥∑…,2023-01-13,7.7,2.6,713,13.3,1711,,,,,,15.6,7.5,270,1938,5.3,270,1943,1.4,1186,230,5.9,62,138,88.5,9.6,982.9,1020,1,1008.5,1420,1012.3,9.9,0,1300,.55,2.25,,,,,,9.1,8,6.7,2.2,,,,,,,,,,.5,.7,,,
135,√ﬂ«≥∑…,2023-01-14,7.3,4.1,2258,10.4,301,,,,,,2.3,6.2,90,1649,4.1,90,1656,2.1,1799,90,6,88,1406,91.8,9.5,984.1,1017.6,2243,1010.4,515,1013.6,9.9,0,1200,.3,1.3,,,,,,8.4,8.3,7.5,4.1,,,,,,,,,,.4,.6,,,
135,√ﬂ«≥∑…,2023-01-15,.5,-3.8,2329,4.1,1,,,,,,2.1,12.6,270,2400,7.2,270,2348,3.3,2838,270,-2.1,65,2201,82.9,5.4,987.5,1021.1,2352,1015.5,1435,1018,10,0,1400,.62,1.69,,,,,,8.6,8,1.5,-3.8,,,,,,,,,,.7,1,,,
135,√ﬂ«≥∑…,2023-01-16,-3.7,-6,2348,-.6,1513,,,,,,,13.9,270,156,8.8,270,148,5.2,4528,270,-10.5,42,1500,60,2.8,993.5,1027,2327,1020.8,54,1024.7,10,8.5,1200,2.16,12.42,,,,,,3.4,2.9,-1.7,-6,,,,,,,,,,1.4,2,,,
135,√ﬂ«≥∑…,2023-01-17,-3.3,-7,647,.8,1436,,,,,,,10.7,250,342,6.6,250,1441,3.9,3343,270,-11.4,39,1438,54.3,2.6,995.8,1028.9,424,1024.6,1429,1026.9,10,5.7,1200,1.68,9.64,,,,,,5.8,4.4,-1.8,-7,,,,,,,,,,1.3,1.9,,,
135,√ﬂ«≥∑…,2023-01-18,-1.6,-6.4,2306,2.2,1435,,,,,,,11.2,250,1302,7.5,250,1306,2.6,2240,250,-7.3,47,1439,65.5,3.6,995.4,1027.8,857,1024.4,1353,1026.4,10,3.8,1200,1.71,8.3,,,,,,5.5,4.1,-1.3,-6.4,,,,,,,,,,.9,1.3,,,
135,√ﬂ«≥∑…,2023-01-19,-1.3,-8,226,4.4,1452,,,,,,,9.9,290,1457,5.4,250,1342,1.8,1516,50,-7.7,42,1637,63.1,3.4,993.8,1027.9,222,1021.9,1501,1024.7,10.1,7.8,1200,2.15,11.96,,,,,,3.4,2.5,-1.1,-8,,,,,,,,,,1.6,2.3,,,
135,√ﬂ«≥∑…,2023-01-20,-1.8,-6.8,2202,2.9,217,,,,,,,17.2,250,1525,10.6,250,1318,5,4333,270,-12.8,22,1636,44.9,2.6,995.8,1031.9,2207,1021.1,159,1026.8,10.1,8.2,1200,2.21,12.26,,,,,,2.5,.4,-.1,-7.1,,,,,,,,,,1.9,2.8,,,
135,√ﬂ«≥∑…,2023-01-21,-5.1,-10,735,.5,1452,,,,,,,10.9,250,1433,6.6,250,1057,3,2618,250,-14.6,22,1444,49.9,2,999.5,1032.5,949,1029,1618,1031,10.1,9.4,1200,2.25,13.56,,,,,,1.3,.9,-3.8,-10,,,,,,,,,,1.4,2,,,
135,√ﬂ«≥∑…,2023-01-22,-2.1,-7.4,403,3,1434,,,,,,,4.1,160,1501,2.9,160,1337,1,845,50,-10.7,33,1235,52.9,2.7,996.2,1030.6,346,1024.4,1730,1027.2,10.1,.4,1100,1.2,6.34,,,,,,7.6,5,-2.4,-7.4,,,,,,,,,,.9,1.2,,,
135,√ﬂ«≥∑…,2023-01-23,.4,-6.2,642,6.3,1421,,,,,,,10.2,270,1947,6.3,250,1237,3,2599,270,-7.3,34,1516,57.3,3.6,992,1026.3,241,1018.5,1549,1022.6,10.2,7.3,1200,2.08,11.64,,,,,,4.9,2.9,1.8,-6.2,,,,,,,,,,2,2.8,,,
135,√ﬂ«≥∑…,2023-01-24,-11.8,-14.7,2351,-2.6,1,,,,,,.2,21.5,270,1238,12.1,250,1320,6.6,5667,270,-20.4,25,224,50.1,1.2,995.2,1032.5,2353,1022.6,425,1027.5,10.2,7.8,1200,2.21,12.39,,,,,,4.5,3.6,-8.9,-14.7,,,,,,,,,,1,1.4,,,
135,√ﬂ«≥∑…,2023-01-25,-12.9,-17.8,544,-6.7,1557,,,,,,,15.4,270,150,10.4,270,205,4.3,3707,250,-23.7,17,1505,43.1,.9,998.7,1034.1,821,1028.3,1558,1031.2,10.2,9.5,1200,2.33,14.31,,,,,,.5,0,-10.8,-17.8,,,,,,,,,,1.1,1.5,,,
135,√ﬂ«≥∑…,2023-01-26,-8.2,-15.9,416,-3.8,1347,,,,,,.6,7.1,250,2336,4.7,270,2336,1.2,1039,250,-13.6,42,1303,66.5,2.3,993.4,1029,1,1022.7,1353,1025.1,10.2,.9,1000,1.29,4.69,,,,,,9.3,7.8,-7.2,-15.9,,,,,,,,,,.7,.9,,,
135,√ﬂ«≥∑…,2023-01-27,-6.7,-9.2,2353,-3.7,1516,,,,,,,20.8,270,1700,11,250,1338,5.5,4747,270,-14.7,28,1430,54.9,2,990.8,1023.9,2230,1020,1327,1022.3,10.3,9.1,1200,2.34,13.64,,,,,,3.1,2.5,-5.2,-9.9,,,,,,,,,,1.5,2.2,,,
135,√ﬂ«≥∑…,2023-01-28,-6.1,-10.7,725,-2.1,1505,,,,,,,14.9,250,1430,9,250,1431,5.1,4404,270,-14.7,31,1127,51.9,2.1,991.4,1025,742,1020.4,1409,1022.8,10.3,6.9,1200,2.27,12.77,,,,,,3.3,1.9,-5.4,-11.7,,,,,,,,,,1.4,2,,,
135,√ﬂ«≥∑…,2023-01-29,-1.6,-9.2,734,3.5,1422,,,,,,.4,13.8,270,2341,7.8,250,1435,3.8,3262,270,-8,37,1412,63.5,3.4,989.4,1023.3,736,1017.1,1629,1020.2,10.3,5.1,1100,2.05,10.72,,,,,,5.1,4.6,0,-10,,,,,,,,,,1.7,2.5,,,
135,√ﬂ«≥∑…,2023-01-30,-2,-6.7,2342,2.7,1519,,,,,,,15.7,250,1345,8,270,141,4,3424,270,-13.8,20,1647,42.3,2.1,992.7,1025.7,952,1019.1,8,1023.7,10.4,9.8,1200,2.35,14.21,,,,,,0,0,-1.4,-8,,,,,,,,,,1.8,2.5,,,
135,√ﬂ«≥∑…,2023-01-31,-.6,-10.2,721,9.1,1558,,,,,,,11,270,1402,7.1,270,1431,1.5,1290,230,-9.5,18,1344,56.1,3.1,989,1025,16,1015.6,1600,1019.7,10.4,9.5,1200,2.33,13.76,,,,,,.5,0,-1.4,-10.3,,,,,,,,,,2.3,3.3,,,
135,√ﬂ«≥∑…,2023-02-01,3.5,-3.3,2350,8.3,1235,,,,,,,15.5,250,1612,8.6,250,1035,4.2,3596,270,-5.6,30,1645,53,4.4,988.2,1025.5,2358,1014.7,333,1018.4,10.4,8.1,1200,2.14,12.01,,,,,,3.4,1.4,3.9,-4.5,,,,,,,,,,2.2,3.2,,,
135,√ﬂ«≥∑…,2023-02-02,-1.7,-4.9,654,3.1,1513,,,,,,,9.6,270,1338,6.5,250,1342,3.6,3147,270,-13,22,1515,43.8,2.3,995.6,1029.1,1039,1024.2,1538,1026.6,10.4,5.6,1200,2.21,11.44,,,,,,7.5,2.9,.4,-5.5,,,,,,,,,,1.7,2.4,,,
135,√ﬂ«≥∑…,2023-02-03,-1.2,-4.5,647,4,1459,,,,,,,10.9,270,1322,5.6,250,1156,3,2599,270,-14,16,1536,39.8,2.1,992.5,1025.4,6,1020.5,1559,1023.3,10.5,5.7,1300,2.31,11.65,,,,,,4.6,3.1,.4,-5.6,,,,,,,,,,2.2,3.1,,,
135,√ﬂ«≥∑…,2023-02-04,-1.3,-5.8,2254,4.4,1513,,,,,,,13.2,320,1246,7.8,250,1428,3.6,3088,250,-10.7,31,1514,50,2.7,994.5,1027.5,2249,1023.3,1444,1025.4,10.5,9.6,1200,2.25,13.76,,,,,,.4,0,-.8,-6.7,,,,,,,,,,1.6,2.3,,,
135,√ﬂ«≥∑…,2023-02-05,-1.7,-9,719,6.7,1451,,,,,,,9.8,250,1416,6,250,1409,1.7,1482,250,-10.1,26,1452,57.3,2.9,995,1028.5,831,1022.9,1631,1026,10.5,9.8,1200,2.41,15.22,,,,,,0,0,-1.2,-9.8,,,,,,,,,,1.9,2.7,,,
135,√ﬂ«≥∑…,2023-02-06,.8,-8.5,735,9.8,1546,,,,,,,5.1,160,1441,3.7,160,1448,.9,795,160,-9.2,22,1556,51.9,3.1,992.1,1026.8,758,1019,1704,1022.7,10.6,7.6,1200,2.16,12.88,,,,,,4.8,1,1.3,-9.2,,,,,,,,,,1.7,2.4,,,
135,√ﬂ«≥∑…,2023-02-07,2.4,-5.6,629,12,1421,,,,,,,7.4,270,1450,5.3,250,1457,1.3,1094,250,-9.8,16,1434,44.8,2.9,990.8,1023.2,2329,1018.3,1417,1021.1,10.6,5.3,1200,2.27,11.97,,,,,,4.5,.4,1,-6.1,,,,,,,,,,2.5,3.6,,,
135,√ﬂ«≥∑…,2023-02-08,2.6,-2.6,2329,7.6,1404,,,,,,,11,250,1243,7.7,250,1324,4,3471,270,-8.8,23,1753,45.8,3.2,995.8,1029.7,2324,1023,1,1026.3,10.6,9.6,1200,2.39,14.46,,,,,,1.3,0,3.4,-5,,,,,,,,,,2.4,3.4,,,
135,√ﬂ«≥∑…,2023-02-09,1.6,-7.5,717,8.6,1347,,,,,,.7,11.4,70,1652,7.1,90,1713,2.7,2348,70,-6.2,38,1050,57.8,4,997.2,1032.2,840,1024.1,2359,1027.9,10.7,6.4,1200,2.27,11.76,,,,,,7.1,3.4,1.9,-8,,,,,,,,,,1.8,2.5,,,
135,√ﬂ«≥∑…,2023-02-10,1.3,-.2,344,3.8,1553,,,,,,5.9,7.4,250,1513,4.7,250,1230,2,1728,270,-.7,76,1825,86.5,5.8,990.5,1024.1,1,1019.4,1429,1021,10.7,0,1100,.79,3.26,,,,,,7.4,6.4,.6,-.7,,,,,,,,,,.6,.8,,,
135,√ﬂ«≥∑…,2023-02-11,1,-3.1,637,8.4,1420,,,,,,,6.1,270,129,4,270,135,1.2,998,250,-2.7,44,1423,78,5,993.5,1025.8,916,1022.3,1415,1024.1,10.7,4.2,1200,1.94,10.38,,,,,,6.5,2.5,.5,-3.1,,,,,,,,,,1.1,1.5,,,
135,√ﬂ«≥∑…,2023-02-12,1.5,-6.3,736,7.4,1333,,,,,,,7.5,140,1346,5.3,140,1351,1.2,1016,90,-3.5,50,1327,70.8,4.7,991.7,1026.5,809,1018.7,2346,1022.2,10.8,1.2,1200,1.45,7.53,,,,,,8.1,4.6,.1,-6.3,,,,,,,,,,1.1,1.6,,,
135,√ﬂ«≥∑…,2023-02-13,4.6,.2,2229,7.3,1422,,,,,,,6.6,70,942,4.5,70,1003,2.2,1864,50,-.8,57,1429,68.4,5.8,988.2,1020.2,2228,1016.3,1547,1018.2,10.8,.1,1400,1.02,4.96,,,,,,9.5,8.1,5.8,-.5,,,,,,,,,,.9,1.4,,,
135,√ﬂ«≥∑…,2023-02-14,2.5,-1.4,500,7,1446,,,,,,,8.7,250,1336,5.5,250,1030,2.5,2177,250,-4.8,32,1552,61.6,4.4,991.8,1026.1,2355,1019.6,1454,1022.2,10.8,8.3,1300,2.46,15.46,,,,,,5.3,3.9,4.8,-1.7,,,,,,,,,,2.1,3,,,
135,√ﬂ«≥∑…,2023-02-15,1.1,-1,612,3.9,1342,,,,,,,8,70,1119,4.6,70,1127,2.8,2385,90,-4.1,55,1347,68.4,4.5,999.1,1032.9,2315,1026,48,1029.9,10.9,.4,1200,1.32,7.19,,,,,,7.3,7,2.2,-1,,,,,,,,,,1,1.4,,,
135,√ﬂ«≥∑…,2023-02-16,1.7,-2.1,2351,6,1515,,,,,,,10.9,270,1643,5.9,270,1644,2.3,1976,270,-3.5,51,1617,68.6,4.7,1000.1,1032.7,1,1029.1,1436,1030.8,10.9,.8,1300,1.31,8.32,,,,,,3.8,3.6,2.6,-2.3,,,,,,,,,,1.2,1.7,,,
135,√ﬂ«≥∑…,2023-02-17,2.6,-4.2,110,9.6,1446,,,,,,,5.8,180,1546,4.1,160,1547,1.3,1113,50,-5.2,33,1421,59.3,4.2,997.3,1030.9,329,1024.9,1455,1027.8,10.9,3.6,1300,2.46,10.8,,,,,,7.1,3.8,5.8,-4.2,,,,,,,,,,1.6,2.3,,,
135,√ﬂ«≥∑…,2023-02-18,5.1,.8,1,7.5,1550,,,,,,.6,5.9,230,2350,3.5,230,2353,.7,570,70,-1.9,47,1402,61.9,5.4,990.3,1026.3,1,1016.8,2400,1020.3,11,0,1200,.26,1.73,,,,,,7.5,7.4,5.7,.8,,,,,,,,,,.6,.9,,,
135,√ﬂ«≥∑…,2023-02-19,3.3,-1.5,2358,7,1602,,,,,,1,16.1,250,1351,10.1,250,1433,5,4295,270,-4.3,31,1646,60.5,4.8,988.6,1024.3,2333,1015.1,423,1018.8,11,4.5,1400,2.24,8.8,,,,,,4.3,4.3,4.8,-1.5,,,,,,,,,,2,2.8,,,
135,√ﬂ«≥∑…,2023-02-20,-.8,-4.5,2358,4.4,1420,,,,,,,16.1,320,1525,9.5,250,1216,4.1,3549,290,-13,13,1453,43.1,2.4,995.4,1031.6,2359,1023.1,1330,1026.3,11,8.9,1200,2.42,16.19,,,,,,1.8,1.3,1.3,-4.5,,,,,,,,,,2.6,3.6,,,
135,√ﬂ«≥∑…,2023-02-21,-2.7,-8.8,623,4.7,1559,,,,,,,7.5,250,941,5.7,250,1001,2.2,1877,250,-14.9,18,1454,41.6,1.9,1003.2,1036.2,836,1031.5,1,1034.6,11.1,10.3,1200,2.74,18.18,,,,,,0,0,1.5,-8.8,,,,,,,,,,1.9,2.7,,,
135,√ﬂ«≥∑…,2023-02-22,1.2,-9,736,9.3,1505,,,,,,,8.5,250,1325,4.9,250,1521,1.5,1299,290,-7.8,31,1508,53.3,3.5,999.4,1036.1,113,1025.3,2238,1030.2,11.1,9,1200,2.73,17.54,,,,,,4.8,2.3,2.7,-9,,,,,,,,,,2.5,3.6,,,
135,√ﬂ«≥∑…,2023-02-23,3.3,-2.1,716,9.1,1542,,,,,,,9.4,270,730,6.5,270,734,3.9,3398,270,-6.8,31,1530,49.4,3.7,993.6,1027,810,1020.8,1555,1023.9,11.2,9.6,1300,2.5,16.45,,,,,,5.4,2,5.4,-2.1,,,,,,,,,,2.8,4,,,
135,√ﬂ«≥∑…,2023-02-24,3.3,-1.5,743,8.8,1425,,,,,,,14.6,250,1807,8,270,1528,4.2,3608,270,-8,25,1805,45.4,3.5,993.9,1028.2,2400,1021.7,1449,1024.2,11.2,7.8,1200,2.56,14.71,,,,,,3.8,2,4.5,-1.5,,,,,,,,,,2.7,3.9,,,
135,√ﬂ«≥∑…,2023-02-25,.2,-3.5,627,5.3,1531,,,,,,,12.2,250,1245,7.6,270,208,4.8,4117,270,-11.5,23,1655,42.9,2.6,1000.8,1036,2351,1028.1,12,1031.7,11.2,10.5,1200,2.79,18.6,,,,,,0,0,1.9,-2.3,,,,,,,,,,2.9,4.2,,,
135,√ﬂ«≥∑…,2023-02-26,1.5,-6.2,432,8.8,1533,,,,,,,9,250,1619,5.6,250,1212,3.3,2877,290,-13,19,1525,34.9,2.3,1005.7,1039,831,1033.8,1531,1036.6,11.3,10.4,1200,2.86,19.12,,,,,,,0,2.1,-6.2,,,,,,,,,,2.8,4.1,,,
135,√ﬂ«≥∑…,2023-02-27,4.3,-7.4,736,14.4,1612,,,,,,,8,180,1435,5.4,250,1041,1.7,1441,250,-10.5,15,1408,38.3,2.8,1003.4,1038.1,801,1030,1637,1033.9,11.3,10.5,1200,2.9,19.28,,,,,,0,0,6.4,-7.4,,,,,,,,,,3.5,5,,,
135,√ﬂ«≥∑…,2023-02-28,6.4,-3.2,331,14.1,1456,,,,,,,11.1,270,1303,6.7,250,1312,2.7,2296,250,-6.7,13,1149,43.6,4,996.7,1031.9,1,1022.5,1655,1026.7,11.3,10.6,1200,2.92,19.65,,,,,,.8,0,6.9,-3.2,,,,,,,,,,4,5.7,,,
135,√ﬂ«≥∑…,2023-03-01,6.2,2.5,2341,10.8,1425,,,,,,,11.8,250,1419,7.2,270,1507,2.9,2504,270,-3,30,2141,54.3,5.3,991.4,1024.5,14,1017.6,1418,1021.4,11.4,.9,1300,1.5,8.42,,,,,,4.8,3.6,7.5,0,,,,,,,,,,2.3,3.3,,,
135,√ﬂ«≥∑…,2023-03-02,1.7,-1.5,709,6,1555,,,,,,,14.1,320,353,8.7,250,1035,4.3,3712,270,-15.9,14,1543,27,1.8,996.6,1029.7,2400,1023.4,9,1027.2,11.4,10.6,1200,2.9,19.77,,,,,,.3,0,3.7,-1.5,,,,,,,,,,3.5,4.9,,,
135,√ﬂ«≥∑…,2023-03-03,4.4,-4.7,717,11.8,1521,,,,,,,11.9,230,1330,7.7,250,1332,3.2,2756,250,-10,20,1131,36.4,2.9,997.5,1030.3,757,1024.2,1548,1027.9,11.5,10.4,1200,2.82,18.98,,,,,,.3,0,5.6,-4.7,,,,,,,,,,3.3,4.7,,,
135,√ﬂ«≥∑…,2023-03-04,5.1,-2.6,614,13.8,1529,,,,,,,5.9,270,1609,3.9,250,1058,1.2,1072,250,-3.9,31,1530,54.8,4.6,998.6,1030.5,842,1025.8,1529,1028.9,11.5,5.2,1300,2.08,13.48,,,,,,4.5,.8,8.6,-2.6,,,,,,,,,,2,2.8,,,
135,√ﬂ«≥∑…,2023-03-05,5.8,-3,701,15.3,1510,,,,,,,7.2,250,1455,4.2,250,1622,1.2,1076,230,-4.5,18,1447,53.6,4.4,997.4,1031.4,831,1023.3,1739,1027.5,11.5,10,1200,2.75,18.19,,,,,,.5,0,5.8,-3,,,,,,,,,,3.1,4.4,,,
135,√ﬂ«≥∑…,2023-03-06,7.1,-2.5,643,17,1506,,,,,,,9.7,270,1534,6.6,250,1533,1.7,1497,270,-7.8,11,1509,39.6,3.4,993.9,1027.1,754,1019.7,1612,1023.7,11.6,10.5,1200,2.89,19.62,,,,,,1,0,7.4,-2.5,,,,,,,,,,4.1,5.9,,,
135,√ﬂ«≥∑…,2023-03-07,11,-.8,439,20.3,1522,,,,,,,13,270,1305,8.8,270,1453,2.5,2130,270,-4,21,2058,38.4,4.6,991.3,1023.6,124,1017.2,1646,1020.6,11.6,9,1200,2.48,16.64,,,,,,1.1,0,11.4,-.8,,,,,,,,,,4.6,6.6,,,
135,√ﬂ«≥∑…,2023-03-08,12.5,3.2,609,21.5,1502,,,,,,,9.7,250,1528,5.3,250,1612,1.7,1440,200,-5.4,9,1543,32.1,4.2,989.9,1021.7,725,1016,1521,1019,11.7,10.2,1300,2.64,17.7,,,,,,1.9,0,13.1,1.7,,,,,,,,,,4.5,6.5,,,
135,√ﬂ«≥∑…,2023-03-09,12.4,3.7,323,20.2,1434,,,,,,,11.8,250,1417,6.7,250,1447,2.3,1956,250,2.1,24,1548,51.9,7.2,986.4,1018.8,9,1011.9,1411,1015.4,11.7,8.1,1200,2.37,16.23,,,,,,2.4,0,13.9,3.7,,,,,,,,,,3.4,4.9,,,
135,√ﬂ«≥∑…,2023-03-10,12.6,1.1,653,23.4,1549,,,,,,,6.3,180,1358,3.4,180,1354,1,862,160,-1,17,1359,44.6,5.7,990.3,1021.7,733,1016.2,1502,1019.4,11.7,10.3,1200,2.68,18.68,,,,,,.1,0,14.8,1.1,,,,,,,,,,3.7,5.3,,,
135,√ﬂ«≥∑…,2023-03-11,14.2,3.9,700,23.8,1358,,,,,,,8.2,270,1153,5,250,1115,1.8,1520,250,-1.6,15,1514,40.5,5.5,992.7,1024.3,747,1019,1626,1021.7,11.8,8.1,1100,2.58,16.51,,,,,,5,1.1,13.5,3.9,,,,,,,,,,3.9,5.6,,,
135,√ﬂ«≥∑…,2023-03-12,6.2,-.7,2333,14.4,911,,,,,,10.8,17.9,270,2316,9.7,270,2108,3.7,3208,270,-1.7,34,45,58.6,5.8,989.9,1023.6,2242,1016.1,1016,1019.8,11.8,1.1,800,.86,4.46,,,,,,6.6,5.4,8.2,-.7,,,,,,,,,,1.7,2.4,,,
135,√ﬂ«≥∑…,2023-03-13,2.3,-2.5,552,7.9,1606,,,,,,,16.8,250,149,8.6,270,831,4.9,4237,270,-12.5,20,1229,33.6,2.4,992.2,1025.6,749,1019.7,1557,1022.6,11.8,10.7,1200,3.11,21.54,,,,,,2.1,2,4.3,-2.5,,,,,,,,,,3.1,4.5,,,
135,√ﬂ«≥∑…,2023-03-14,7.4,-3.1,707,17.9,1516,,,,,,,10.5,270,1657,5.8,270,1657,1.5,1309,160,-7.8,10,1504,40.3,3.5,989.4,1022.2,800,1015,1515,1019.1,11.9,10.7,1200,3.2,21.97,,,,,,3.4,1.9,10.3,-3.1,,,,,,,,,,4.2,6,,,
135,√ﬂ«≥∑…,2023-03-15,10.5,-1.8,708,20,1427,,,,,,,14.5,270,1405,9.5,250,1407,2.8,2418,270,2.1,25,1359,60.9,7.3,990.8,1023.3,2358,1016.3,1504,1020.2,11.9,10,1200,3.09,20.73,,,,,,2.9,2.1,12.2,-1.8,,,,,,,,,,4.7,6.8,,,
135,√ﬂ«≥∑…,2023-03-16,5.8,.3,712,10.7,1416,,,,,,0,11.1,270,1430,7,250,1318,4.1,3576,270,-12.2,15,1345,27.4,2.4,997.4,1030.4,907,1023.3,1,1027.6,12,7,1200,2.86,17.79,,,,,,7.9,3.8,8.2,.3,,,,,,,,,,3.9,5.5,,,
135,√ﬂ«≥∑…,2023-03-17,6.8,.7,441,10.8,1605,,,,,,,9.1,50,1151,4.7,270,2,1.9,1617,70,-7.5,20,1159,36.5,3.6,993.5,1027.9,129,1019.3,2359,1023.4,12,.3,1100,1.78,8.53,,,,,,9.6,6.9,8.6,.7,,,,,,,,,,2.1,3.1,,,
135,√ﬂ«≥∑…,2023-03-18,9.1,4.5,706,14.7,1518,,,,,,,10.5,290,1629,6.4,250,1459,2.9,2515,250,-7.5,17,1519,31.5,3.5,988.9,1020.4,2313,1015.3,1458,1018.4,12,8.3,1300,2.92,18.64,,,,,,4.4,3.1,11.6,4,,,,,,,,,,4.1,5.9,,,
135,√ﬂ«≥∑…,2023-03-19,7.5,-1.3,710,15.7,1600,,,,,,,9.6,270,35,6.8,270,41,2.8,2400,250,-6.3,15,1609,41,3.9,990.2,1023,806,1016.6,1717,1019.9,12.1,10.9,1200,3.16,22.31,,,,,,0,0,9.3,-1.3,,,,,,,,,,3.9,5.6,,,
135,√ﬂ«≥∑…,2023-03-20,9.6,-1.7,706,19,1612,,,,,,,7.5,250,1547,4.8,270,2111,1.8,1515,270,-4.5,18,1614,40.5,4.4,986.2,1019.4,5,1011.3,1619,1015.5,12.1,10.3,1200,3.1,21.22,,,,,,5.5,1.1,13.9,-1.7,,,,,,,,,,4.2,6,,,
135,√ﬂ«≥∑…,2023-03-21,12.7,2.2,552,21.2,1453,,,,,,,7.3,70,1422,4.7,70,1527,1.5,1281,50,-1.4,20,1343,41,5.5,983.1,1015.6,33,1008.2,1649,1012,12.2,10.4,1200,3.08,21.87,,,,,,2.1,.1,18.1,2.2,,,,,,,,,,4.3,6.2,,,
135,√ﬂ«≥∑…,2023-03-22,14.4,6,557,22.1,1556,,,,,,2.8,8.2,70,1158,5.9,70,1213,2.3,1966,50,8.2,49,1514,67.8,11.2,981.6,1013.7,717,1007.5,1836,1010.3,12.2,7.1,1200,3.08,18.37,,,,,,4.9,3.9,18.8,6,,,,,,,,,,3.1,4.4,,,
135,√ﬂ«≥∑…,2023-03-23,14.5,12.6,2126,16.3,1402,,,,,,18.7,6,270,2316,4.3,270,2311,1.2,1075,50,12.6,75,2330,89.1,14.7,977.8,1010.5,2301,1004.2,1358,1006.3,12.2,0,1300,.58,3.66,,,,,,9.1,8.9,15.2,12.6,,,,,,,,,,.8,1.2,,,
135,√ﬂ«≥∑…,2023-03-24,9.9,6.9,623,13.3,1,,,,,,,7.4,70,2227,5,90,2242,2.3,1952,90,6.4,61,1002,79.6,9.7,986.5,1020.3,2349,1010.4,3,1015.8,12.3,0,800,.5,3.25,,,,,,8.9,8.9,10.5,6.9,,,,,,,,,,.9,1.3,,,
135,√ﬂ«≥∑…,2023-03-25,8.3,6.3,524,10.9,1503,,,,,,,7.4,50,527,5.1,50,439,2.6,2237,70,4.5,67,1505,77.4,8.4,989.7,1021.6,926,1017.7,1927,1019.3,12.3,0,1400,1.14,5.46,,,,,,9.1,8.8,12.7,6.3,,,,,,,,,,1,1.4,,,
135,√ﬂ«≥∑…,2023-03-26,9.2,4.6,2358,14.8,1512,,,,,,,12.6,270,1448,8.3,250,1448,3.3,2821,250,-3.4,12,1708,49.1,5.5,987.4,1020.6,2333,1013.9,1532,1016.8,12.3,8.9,1300,3.1,21.72,,,,,,4.3,3.3,11.9,2.4,,,,,,,,,,5,7.2,,,
135,√ﬂ«≥∑…,2023-03-27,6.8,-.5,552,13,1609,,,,,,,10.2,250,1402,6.6,250,1027,3.7,3190,250,-8.5,16,1544,34.4,3.3,991.8,1024.3,2352,1019.1,1609,1021.7,12.4,11.2,1200,3.33,23.97,,,,,,0,0,10.3,-.5,,,,,,,,,,4.3,6.1,,,
135,√ﬂ«≥∑…,2023-03-28,7.6,-2.8,630,16.6,1446,,,,,,,10.5,250,1511,5.3,250,1514,1.7,1483,270,-3.4,20,1125,49.4,4.8,994.2,1026.7,659,1021.2,1543,1024,12.4,7.7,1300,2.91,19.37,,,,,,1.5,.3,10.5,-2.8,,,,,,,,,,3.3,4.8,,,
135,√ﬂ«≥∑…,2023-03-29,10.3,-.7,551,20.2,1556,,,,,,,9.1,250,1601,5.6,250,1607,1.4,1231,160,-2.8,15,1617,45.9,5,992.8,1025.9,749,1018.5,1653,1022.3,12.5,11.2,1200,3.08,22.26,,,,,,.8,0,13.6,-.7,,,,,,,,,,4.4,6.3,,,
135,√ﬂ«≥∑…,2023-03-30,13.1,1.7,654,21.6,1351,,,,,,,8.1,270,1512,4.8,250,1030,1.8,1527,250,-4.9,12,1122,33.4,4.3,990.1,1022.5,113,1015.5,1625,1019.2,12.5,9.9,1200,3.01,20.81,,,,,,3.8,.1,15,1.7,,,,,,,,,,5.3,7.5,,,
135,√ﬂ«≥∑…,2023-03-31,14.3,5.5,437,23.1,1513,,,,,,,7.7,270,1619,5.8,250,1005,2.1,1806,250,-4,16,1439,30.1,4.6,988.9,1020.6,715,1014.1,1711,1017.8,12.5,11.3,1200,3.22,23.31,,,,,,.3,0,16.2,3.5,,,,,,,,,,5.7,8.1,,,
135,√ﬂ«≥∑…,2023-04-01,14.4,3.9,559,23,1440,,,,,,,9.7,110,1810,6,110,1815,2.2,1884,70,-1.3,13,1407,39.3,5.6,987.7,1019.1,705,1012.7,1648,1016.6,12.6,11.3,1300,3.15,23.27,,,,,,.9,0,20,3.9,,,,,,,,,,6,8.5,,,
135,√ﬂ«≥∑…,2023-04-02,12.8,5.4,402,20.7,1507,,,,,,,12,70,1528,7.5,70,1535,3.3,2830,70,-.7,17,1605,43.4,5.9,991.1,1023.3,2318,1017.7,1433,1020.3,12.6,11.5,1200,3.27,24.11,,,,,,.3,0,16.6,5.4,,,,,,,,,,5.9,8.4,,,
135,√ﬂ«≥∑…,2023-04-03,13.1,3.4,522,21,1535,,,,,,,11.2,70,1134,7.9,70,1135,3.5,3028,70,-1,18,2021,41.1,5.9,994.2,1025.7,919,1020.3,1611,1023.4,12.7,11.2,1300,3.1,23.04,,,,,,2.4,1.1,17.4,3.4,,,,,,,,,,5.4,7.7,,,
135,√ﬂ«≥∑…,2023-04-04,13.1,7,539,20.2,1326,,.7,2123,2.8,2253,9,8.5,90,1556,6.3,90,32,3.1,2718,70,5.6,37,4,63.8,9.2,991.2,1024,103,1016.6,1555,1020.2,12.7,3.7,1200,3.03,15.31,,,,,,9.8,6.6,15.6,7,,,,,,,,,,2.9,4.2,,,
135,√ﬂ«≥∑…,2023-04-05,13.3,10,2400,15.3,1616,,.7,1400,2.6,1343,9.7,12.1,110,239,5.7,110,310,2.3,1947,90,10.9,79,250,85.5,13.1,981.4,1017,1,1006.3,1622,1010.2,12.7,0,1500,.36,2.38,,,,,,9.8,9.3,13.4,10,,,,,,,,,,.8,1.1,,,
135,√ﬂ«≥∑…,2023-04-06,9,7.3,2351,10.8,1040,,.5,2337,2,2258,3.8,11,270,1400,6.5,270,1202,3.8,3325,270,5.8,73,1030,80.6,9.2,982,1013.2,2349,1009.5,1552,1011.3,12.8,0,1300,.99,4.51,,,,,,9.5,8.9,9.5,7.3,,,,,,,,,,1.3,1.9,,,
135,√ﬂ«≥∑…,2023-04-07,8.9,3.2,2357,14.7,1437,,.5,3,2.2,1,2.3,15.8,270,2140,9.8,270,2146,5.4,4680,270,-.1,31,1237,55.5,6.2,984.6,1018.6,2400,1011.1,1610,1014,12.8,10.2,1200,3.35,23.7,,,,,,1.6,.9,12.9,2.5,,,,,,,,,,4.6,6.6,,,
135,√ﬂ«≥∑…,2023-04-08,7.8,1.3,340,14.1,1457,,,,,,,16.9,270,1429,9.5,250,1057,5.1,4400,270,-6.9,15,1622,37.4,3.7,989.6,1021.2,2359,1016.4,1551,1019.2,12.8,11.4,1100,3.34,25.12,,,,,,0,0,10.6,.6,,,,,,,,,,5.6,7.9,,,
135,√ﬂ«≥∑…,2023-04-09,10.3,1.4,615,18.4,1522,,,,,,,11.4,270,1135,6.9,250,1127,3.4,2935,270,-6.1,16,1453,34.3,3.9,989.9,1022.2,637,1015.7,1620,1019.3,12.9,11.8,1200,3.5,26.52,,,,,,.8,0,14.7,1.4,,,,,,,,,,5.7,8.2,,,
135,√ﬂ«≥∑…,2023-04-10,11.5,-1.2,539,22.2,1451,,,,,,,11.5,250,1532,6.6,270,1516,1.7,1474,270,-3.5,14,1416,41.1,4.9,986.5,1020,650,1011.6,1827,1015.7,12.9,11.4,1200,3.3,24.52,,,,,,2.4,0,13.1,-1.2,,,,,,,,,,5.4,7.7,,,
135,√ﬂ«≥∑…,2023-04-11,13.3,3.5,506,21.1,1246,,1.4,1840,1.9,1757,1.9,13.3,230,1417,7.4,230,1136,3.6,3068,270,7,45,1059,67.3,10.3,982.7,1015.7,352,1006.4,1656,1011.6,13,2.4,900,1.91,10.89,,,,,,6.4,4.8,14.7,3.5,,,,,,,,,,3.3,4.7,,,
135,√ﬂ«≥∑…,2023-04-12,11.1,4.6,2326,17.1,1542,,,,,,,15.7,250,1357,9.4,250,1436,4.5,3869,270,-9.9,11,1239,24.6,3,988.2,1020.9,2350,1014.2,1,1017.5,13,11.5,1200,3.45,26.02,,,,,,0,0,13.9,4.1,,,,,,,,,,6.9,9.8,,,
135,√ﬂ«≥∑…,2023-04-13,13,.3,631,23.6,1552,,,,,,,7.4,270,1531,4.7,250,1336,1.5,1301,250,-7,10,1313,28.5,3.7,988.2,1021.6,637,1012.5,1605,1017.3,13,10.4,1200,3.28,23.63,,,,,,1.4,0,17.4,.3,,,,,,,,,,5.6,8,,,
135,√ﬂ«≥∑…,2023-04-14,12.7,4.4,607,18.7,1546,,,,,,,5.4,140,1338,3.7,250,1638,1.1,973,250,1.8,20,1715,49.6,7.1,984.6,1017.2,727,1009.6,2354,1013.5,13.1,1.6,1500,1.54,10,,,,,,6.6,4.1,17,4.4,,,,,,,,,,2,2.8,,,
135,√ﬂ«≥∑…,2023-04-15,12,8.3,2256,15.7,1146,,.5,1413,.6,41,2.2,12.5,360,1418,6.4,290,1401,2.1,1774,270,8.7,63,1344,81,11.3,976.3,1009.7,120,1002.7,1647,1005.1,13.1,1,1600,1.37,8.31,,,,,,7.3,5.1,12.8,8.3,,,,,,,,,,1.5,2.2,,,
135,√ﬂ«≥∑…,2023-04-16,9.2,5,250,16.7,1133,,,,,,0,8.7,270,1759,5.5,270,1806,2.4,2076,250,2.5,28,1105,66.3,7.4,976.9,1012.3,2400,1002.9,157,1006,13.1,3.6,1000,2.7,13.1,,,,,,6.1,1.5,9.3,5,,,,,,,,,,2.5,3.5,,,
135,√ﬂ«≥∑…,2023-04-17,12,1.6,605,20.8,1612,,,,,,,8.4,270,1156,4.1,270,909,1.5,1304,250,-.1,16,1359,49.9,6.1,986.3,1017.1,1033,1012.4,1,1015.3,13.2,10.9,1200,3.09,23.32,,,,,,3,1.4,16.4,1.6,,,,,,,,,,4.4,6.2,,,
135,√ﬂ«≥∑…,2023-04-18,13.1,11.6,1021,14.6,928,,2.7,1013,3,932,3.2,7.3,70,814,4.3,90,817,1.5,1339,70,8.8,43,2,77.6,11.7,982.9,1016.2,1,1010.3,1421,1011.7,13.2,0,900,.59,3.68,,,,,,8.6,7.6,14.7,10.8,,,,,,,,,,.8,1.1,,,
135,√ﬂ«≥∑…,2023-04-19,16.9,11.6,706,23.7,1532,,,,,,,10.1,140,1443,6.6,110,1520,2.8,2430,70,12.7,49,1319,78.6,14.7,981.6,1012.8,1026,1006.3,1616,1010,13.2,7.4,1200,3.42,21.14,,,,,,4.6,4,22.1,11.6,,,,,,,,,,3.8,5.4,,,
135,√ﬂ«≥∑…,2023-04-20,19.5,13.6,405,26.2,1454,,,,,,,11,250,1417,6.4,250,1422,2.4,2091,270,13.3,45,1457,69.9,15.3,980.8,1010.5,1,1005.5,1556,1008.9,13.3,6.7,1300,3.42,22.14,,,,,,4.9,3.6,23.4,13.6,,,,,,,,,,4.5,6.4,,,
135,√ﬂ«≥∑…,2023-04-21,15.6,9.6,2353,21,1500,,,,,,,8.5,90,1949,5.5,50,1721,3,2599,70,8,38,1443,63,11.1,983.5,1017.2,2352,1009.2,315,1012.1,13.3,3.6,1400,2.93,14.28,,,,,,5.9,4.1,23,9.6,,,,,,,,,,3.7,5.2,,,
135,√ﬂ«≥∑…,2023-04-22,13.4,7.7,248,19.8,1443,,,,,,,10.4,90,1408,5.9,70,925,3.6,3122,70,0,20,1452,42.5,6.2,991,1023.2,2345,1017.1,9,1020,13.3,9.5,1200,3.35,24.54,,,,,,4.1,2.3,19.3,7.7,,,,,,,,,,5.1,7.3,,,
135,√ﬂ«≥∑…,2023-04-23,12.9,7,222,18.1,1656,,,,,,,7.3,50,948,4.3,70,1151,2.3,1987,70,1.8,25,1737,49.4,7,994.3,1025.3,814,1021.3,1650,1023.5,13.4,5.6,1200,2.32,18.45,,,,,,8.5,4.8,18,7,,,,,,,,,,3.6,5.1,,,
135,√ﬂ«≥∑…,2023-04-24,11.5,5.8,2358,17,1521,,,,,,,9.1,70,932,6.1,90,950,2.8,2435,140,2.6,36,1635,55.8,7.4,994.7,1026.3,906,1022.1,1633,1024.1,13.4,4.2,1500,2.2,17.28,,,,,,7.3,3.3,16.3,5.8,,,,,,,,,,3,4.2,,,
135,√ﬂ«≥∑…,2023-04-25,7.3,4.3,112,8.5,1339,,.3,842,1.5,841,5.4,5.8,250,2101,4,70,1247,1.4,1228,70,4.7,73,1,84,8.6,986.8,1023.8,24,1011.9,1855,1016.4,13.5,0,1200,.74,3.9,,,,,,9.8,8.9,8.3,4.3,,,,,,,,,,.9,1.3,,,
135,√ﬂ«≥∑…,2023-04-26,9.1,3,2311,15.1,1452,,,,,,,14.9,270,1237,8.3,270,1711,4.1,3549,270,2.7,40,1359,67.3,7.5,984.7,1019.9,2347,1010.8,1306,1014.1,13.5,4.9,1300,3.58,18.37,,,,,,4.3,3.9,10.6,3,,,,,,,,,,3.2,4.6,,,
135,√ﬂ«≥∑…,2023-04-27,11.7,0,617,22.6,1552,,,,,,,4.9,230,1218,2.7,140,1353,1.1,963,20,2.5,23,1544,58.6,7.4,990.8,1022.6,629,1017,1615,1020.1,13.5,12.3,1200,3.54,27.29,,,,,,1.5,0,17.2,0,,,,,,,,,,4.3,6.1,,,
135,√ﬂ«≥∑…,2023-04-28,15.4,3.4,545,24.1,1542,,,,,,,11.9,250,1417,7,250,1419,1.9,1652,270,4.6,14,1252,55,8.8,987.3,1021,504,1011.4,1701,1016,13.6,11,1200,3.58,27.62,,,,,,3.4,1.5,20.3,3.4,,,,,,,,,,5.7,8.2,,,
135,√ﬂ«≥∑…,2023-04-29,13.3,8.3,2356,16.7,1314,,.6,548,1.5,418,6.4,14.7,270,2347,7.8,270,2321,2.8,2386,270,10.3,69,10,82.6,12.9,978.9,1013.3,3,1004.2,1646,1007.6,13.6,0,1300,.66,3.64,,,,,,9,8,14.4,8.3,,,,,,,,,,1.5,2.1,,,
135,√ﬂ«≥∑…,2023-04-30,13.3,6.9,546,19.5,1429,,,,,,,14.6,270,1749,9.1,250,1557,4.5,3856,270,1.9,27,1648,49.1,7,981.7,1012.1,829,1008,1507,1010.5,13.6,12.4,1200,3.48,27.5,,,,,,1.6,1,16.3,6.9,,,,,,,,,,5.8,8.3,,,
135,√ﬂ«≥∑…,2023-05-01,13.2,6.2,2400,18.8,1542,,,,,,,12.7,250,1253,8.1,250,1244,3.5,3015,270,2,25,1209,50.1,7.2,988.3,1022.6,2350,1011.4,8,1017.3,13.7,12.6,1300,3.27,27.38,,,,,,2,1.1,17,6.2,,,,,,,,,,5.2,7.4,,,
135,√ﬂ«≥∑…,2023-05-02,14.5,2.9,521,24.4,1417,,,,,,,6.2,50,1548,3.8,70,1605,1.2,1050,160,2.8,22,1420,50.1,7.5,993.6,1025.2,643,1019.8,1752,1022.6,13.7,10.3,1200,3.54,25.38,,,,,,5.8,1,19.2,2.9,,,,,,,,,,4.7,6.8,,,
135,√ﬂ«≥∑…,2023-05-03,17.4,10,404,25.2,1421,,,,,,,8.9,250,1222,4.9,290,1345,1.5,1258,250,5.1,16,1307,49.9,9,992.1,1023.6,809,1017.6,1626,1020.8,13.7,8,1200,3.6,25.25,,,,,,8,2.3,22.3,10,,,,,,,,,,5.4,7.7,,,
135,√ﬂ«≥∑…,2023-05-04,17.1,11.1,359,22.8,1334,,.6,2346,1,,1,8.1,90,1008,5.5,160,1525,2.4,2080,110,11.6,52,1216,71.8,13.7,986.2,1020.3,1,1010.7,2357,1014.6,13.8,7.1,1100,3.19,22.55,,,,,,7.8,4.5,24.3,11.1,,,,,,,,,,3.7,5.3,,,
135,√ﬂ«≥∑…,2023-05-05,18.5,15.5,31,20.1,1647,,3.6,628,10.1,614,39.6,7.4,140,759,4.4,140,1750,2,1738,50,16.6,83,847,89.1,18.9,976,1010.8,1,1001,1743,1004,13.8,.1,1200,.77,5.36,,,,,,9.9,9.1,19,15.5,,,,,,,,,,1,1.4,,,
135,√ﬂ«≥∑…,2023-05-06,13.9,10.3,2256,19.7,352,,1.1,1613,4.6,1539,20.4,11.8,90,1309,7.5,70,926,3.8,3243,90,12.1,82,2333,88.9,14.5,977.7,1012.2,2148,999.2,427,1006.3,13.8,0,1200,.65,3.88,,,,,,9.3,8.8,14.8,10.3,,,,,,,,,,1,1.4,,,
135,√ﬂ«≥∑…,2023-05-07,9.5,4.3,2347,12.7,1427,,.1,,.1,,.1,10,50,1513,6.2,70,1537,2.4,2051,140,5.8,57,1640,78.6,9.2,983.6,1015.5,2308,1011.3,1814,1012.9,13.8,0,1200,.93,6.21,,,,,,7.1,6.3,10.8,4.3,,,,,,,,,,1.5,2.1,,,
135,√ﬂ«≥∑…,2023-05-08,12.2,2.9,253,20.7,1653,,,,,,,7,140,1124,4.8,140,1126,1.4,1236,20,3.3,28,1526,60.4,7.8,987.6,1018.6,2229,1014.8,1614,1016.7,13.9,11.5,1200,3.58,27.7,,,,,,3.9,0,17.9,2.9,,,,,,,,,,4.5,6.4,,,
135,√ﬂ«≥∑…,2023-05-09,16.2,5.3,450,24.3,1519,,,,,,,10.3,270,2019,6.4,250,1039,3,2621,250,5,25,1428,52.1,8.7,987.6,1019.1,521,1012.6,1624,1016.2,13.9,12.7,1200,3.63,28.73,,,,,,1.6,0,18.8,5.3,,,,,,,,,,6.4,9.1,,,
135,√ﬂ«≥∑…,2023-05-10,16.5,8.1,526,25,1522,,,,,,,7.6,250,951,5.7,250,953,2,1713,250,4.8,17,1443,51,8.6,987.8,1018.7,2335,1013.2,1640,1016.4,13.9,10.8,1300,3.46,27.02,,,,,,4.5,.9,20.6,8.1,,,,,,,,,,5.5,7.9,,,
135,√ﬂ«≥∑…,2023-05-11,16.6,7.5,529,24.4,1516,,,,,,,6.8,90,1444,4.7,70,1138,1.9,1616,70,6.7,30,1522,55.4,9.8,989.8,1020.6,630,1015.4,1656,1018.4,14,12.5,1200,3.56,28.03,,,,,,3.8,0,22.6,7.5,,,,,,,,,,5.3,7.6,,,
135,√ﬂ«≥∑…,2023-05-12,16.2,8.6,518,23.9,1511,,,,,,,12.9,250,1707,8,270,1713,1.8,1553,270,8.3,31,1456,62.4,11,988.3,1019.9,518,1013.2,1620,1016.9,14,5.1,1100,3.01,19.54,,,,,,8,4.4,23.7,8.6,,,,,,,,,,3.9,5.5,,,
135,√ﬂ«≥∑…,2023-05-13,17.4,10.1,541,23.2,1422,,,,,,,6.3,160,1210,4.1,270,5,1.8,1541,290,8.9,35,1353,59.6,11.4,983.9,1016.8,9,1008.3,1626,1012.2,14,9.5,1100,3.29,24.12,,,,,,5.1,1.5,24.5,10.1,,,,,,,,,,4.4,6.2,,,
135,√ﬂ«≥∑…,2023-05-14,17,9.2,508,24.3,1513,,,,,,,8.9,320,1419,4.9,250,1447,1.9,1671,50,6.3,26,1153,54,9.6,980.7,1011.7,603,1006,1602,1009,14.1,12.8,1200,3.6,29.07,,,,,,1.1,0,20.4,9.2,,,,,,,,,,5.6,8,,,
135,√ﬂ«≥∑…,2023-05-15,18.7,7.7,540,27.8,1611,,,,,,,5.9,250,1640,3.4,250,1307,1.2,1044,140,7.7,26,1401,54.6,10.6,980.3,1010.5,2337,1005.6,1735,1008.5,14.1,12.7,1200,3.49,28.29,,,,,,1.8,0,24,7.7,,,,,,,,,,5.6,8,,,
135,√ﬂ«≥∑…,2023-05-16,21.6,11.6,457,31.4,1448,,,,,,,9.8,270,1541,5.5,250,1240,2,1708,270,10.5,24,1513,55.1,12.7,982.9,1013.9,2355,1008.3,1548,1010.8,14.1,11.6,1200,3.51,27.77,,,,,,1.5,0,24.9,11.6,,,,,,,,,,6.9,9.9,,,
135,√ﬂ«≥∑…,2023-05-17,22,11.6,550,31.4,1438,,,,,,,10,230,1647,6.1,270,1740,1.8,1546,50,8.7,18,1408,47.9,11.4,984.7,1015.4,709,1009.5,1737,1012.6,14.1,12.7,1100,3.45,28.92,,,,,,2.6,0,25.9,11.6,,,,,,,,,,6.2,8.8,,,
135,√ﬂ«≥∑…,2023-05-18,15.9,13.9,352,19.7,924,,.3,1228,.5,1651,1.3,8,50,1130,5.1,50,2007,2.3,2007,50,13,56,1003,83.1,15,982.8,1013.6,728,1009.5,1753,1011.4,14.2,0,1300,.84,5.19,,,,,,9.5,8,17,16.6,,,,,,,,,,1.6,2.3,,,
135,√ﬂ«≥∑…,2023-05-19,17.8,13.5,2354,22.6,1654,,,,,,,7.3,70,836,5.1,90,1216,2.5,2157,90,13.1,56,1620,75,15.1,981.1,1011.9,2313,1007.7,320,1009.4,14.2,2.2,1400,2.24,14.57,,,,,,6.3,5.8,21,13.5,,,,,,,,,,2.6,3.7,,,
135,√ﬂ«≥∑…,2023-05-20,19.5,11.1,451,27.2,1413,,,,,,,9.5,270,1901,6.1,270,2022,2,1755,270,13.4,41,1416,70.6,15.4,982.3,1013.4,756,1007.4,1632,1010.4,14.2,10.2,1200,3.85,28.34,,,,,,3.3,1,25.6,11.1,,,,,,,,,,5.6,8,,,
135,√ﬂ«≥∑…,2023-05-21,18.3,14.5,513,24.4,1344,,,,,,,10.6,270,1535,6.4,290,1602,3.7,3184,250,11.9,44,1656,67.9,14,980.7,1010.5,1,1006.9,1351,1008.9,14.2,9.3,1200,3.19,24.45,,,,,,5.3,1.6,23.1,14.5,,,,,,,,,,4.3,6.2,,,
135,√ﬂ«≥∑…,2023-05-22,15.3,10.7,2313,19.6,1630,,0,,0,,0,7.3,90,1522,4.5,110,1524,1.7,1452,250,9.8,49,1610,70.4,12.1,980.1,1010.8,2344,1006.9,1740,1008.6,14.3,3.3,1500,2.41,11.27,,,,,,7.3,3.9,18.2,10.7,,,,,,,,,,2.3,3.3,,,
135,√ﬂ«≥∑…,2023-05-23,16.2,8.5,549,23.8,1648,,0,,0,,0,9.4,20,1403,5.3,50,1411,1.4,1228,250,8,31,1815,62,10.7,982.1,1014.1,2357,1008.1,1642,1010.5,14.3,10.7,1100,3.69,24.93,,,,,,.6,.3,22.1,8.5,,,,,,,,,,4.1,5.9,,,
135,√ﬂ«≥∑…,2023-05-24,17.1,7.8,435,24.3,1451,,,,,,,7.7,70,1432,4.2,90,1532,1.4,1177,70,8.1,26,1429,59.5,11,986.3,1016.6,2233,1012.9,1445,1014.8,14.3,6.1,1300,2.79,19.75,,,,,,6.3,2.3,22.1,7.8,,,,,,,,,,4,5.7,,,
135,√ﬂ«≥∑…,2023-05-25,19.7,14,544,25.7,1321,,,,,,,10.5,270,1938,6.4,270,1945,1.9,1639,270,8.6,29,1404,50.9,11.2,987.6,1017.9,729,1013.1,1730,1015.8,14.3,6.5,1200,3.65,23.25,,,,,,7.4,5.5,23.3,14,,,,,,,,,,4.8,6.9,,,
135,√ﬂ«≥∑…,2023-05-26,20,14.3,449,25.5,1439,,,,,,,8.4,250,1236,4.5,250,1225,1.5,1257,290,11.4,44,1302,59,13.6,989.7,1019.3,757,1016.5,7,1017.9,14.3,6.2,1200,3.24,22.22,,,,,,7.9,4,25.3,14.3,,,,,,,,,,3.9,5.5,,,
135,√ﬂ«≥∑…,2023-05-27,20.3,17.1,118,23.7,1512,,,,,,0,5.4,160,1952,3,160,1951,1.2,1052,70,15.5,61,1904,74.4,17.7,989,1019.3,915,1014.9,1734,1017.2,14.4,0,1400,1.33,6.65,,,,,,9.6,8.4,23.9,17.1,,,,,,,,,,1.5,2.1,,,
135,√ﬂ«≥∑…,2023-05-28,19.1,17,532,20.5,1643,,2.2,2326,6.4,2313,21.3,3.8,250,1622,2.4,250,243,.5,395,160,17.6,72,22,92,20.3,985,1015.7,1,1011.4,1759,1013.2,14.4,0,1300,.5,3.27,,,,,,9.9,7.4,20.3,17,,,,,,,,,,.7,.9,,,
135,√ﬂ«≥∑…,2023-05-29,19.5,17.8,2315,20.8,1433,,2.9,18,9.4,5,61.1,6.2,50,1516,4.4,50,1508,1.3,1096,70,18.7,89,1611,95.5,21.6,982.3,1012.4,2216,1009.4,538,1010.4,14.4,0,1300,.5,3.45,,,,,,9.1,8.6,20.1,17.8,,,,,,,,,,1,1.4,,,
135,√ﬂ«≥∑…,2023-05-30,19.5,16.8,342,22.3,1419,,,,,,,8.1,140,1323,5.8,70,1243,2.7,2363,70,16.3,69,1435,82.4,18.5,982.8,1012,5,1009.3,1705,1010.9,14.4,.7,1100,2.51,13.15,,,,,,7.5,6.9,22.7,16.8,,,,,,,,,,2.7,3.8,,,
135,√ﬂ«≥∑…,2023-05-31,19.1,12.1,454,25.3,1553,,,,,,,7.6,160,1123,5.3,70,41,2.5,2143,70,11.8,41,1557,64.9,13.8,983,1013.3,902,1008.3,1758,1011.2,14.4,12.3,1100,3.52,29.7,,,,,,3.6,3,25,12.1,,,,,,,,,,5.1,7.2,,,
135,√ﬂ«≥∑…,2023-06-01,18.8,13.1,449,24,1504,,.6,2341,1.2,2309,1,5.4,140,903,3.6,160,904,1.3,1156,160,13.9,54,1507,74.6,15.9,978.3,1011.2,25,1003.2,1742,1006.3,14.5,1.7,1400,2.32,15.52,,,,,,8,4.6,24.7,13.1,,,,,,,,,,2.7,3.8,,,
135,√ﬂ«≥∑…,2023-06-02,21.1,17.7,34,26.1,1525,,,,,,.6,9.7,270,1229,6,250,1423,3.1,2642,250,15.2,39,1646,71.3,17.4,974.1,1005,2356,999.8,1518,1001.7,14.5,8,1200,3.68,25.67,,,,,,5.8,3,25.2,17.7,,,,,,,,,,5,7.1,,,
135,√ﬂ«≥∑…,2023-06-03,21,15.6,200,26.1,1418,,,,,,,11.7,250,1658,6.4,270,1642,3.9,3388,270,10.6,27,1730,56.1,13.2,979.9,1010.1,2218,1005,1,1007.8,14.5,10.6,1100,3.54,28.5,,,,,,3.8,.9,25.3,15.6,,,,,,,,,,7,10,,,
135,√ﬂ«≥∑…,2023-06-04,21,13.6,553,26.8,1324,,,,,,,12.1,270,1303,8.2,270,202,3.3,2817,250,9.2,32,1326,48.5,11.7,982.5,1012.2,615,1008.2,1718,1010.5,14.5,10.9,1200,3.68,29.04,,,,,,6,1.1,26.3,13.6,,,,,,,,,,6.6,9.5,,,
135,√ﬂ«≥∑…,2023-06-05,20.9,15.4,534,25.3,1422,,,,,,,12.1,250,1206,6.8,250,1207,3.2,2755,270,11.8,45,1147,56.9,13.9,982.8,1012.2,624,1009,1729,1010.7,14.5,10,1200,3.73,26.25,,,,,,7.5,1.5,25.2,15.4,,,,,,,,,,5.4,7.7,,,
135,√ﬂ«≥∑…,2023-06-06,20.9,15.1,328,26.8,1522,,,,,,,9.1,250,1540,5.4,250,1540,3,2580,250,12.8,41,1428,61.5,14.9,978.8,1010.8,18,1003.7,1430,1006.7,14.5,12.4,1200,3.59,29.7,,,,,,2.9,.1,27.7,15.1,,,,,,,,,,5.7,8.2,,,
135,√ﬂ«≥∑…,2023-06-07,20.4,14.3,539,26.5,1629,,,,,,,7.9,270,1309,5,270,1317,1.8,1582,250,14.7,53,1152,71.5,16.8,980.6,1010.3,541,1006.8,1709,1008.6,14.5,9.8,1100,3.11,23.86,,,,,,7,1.9,24.9,14.3,,,,,,,,,,4.1,5.9,,,
135,√ﬂ«≥∑…,2023-06-08,21.1,16.6,513,28.1,1534,,,,,,,13,160,1630,8.2,160,1641,1.3,1159,20,15.8,47,1249,74.3,18,976.5,1007.9,223,1001.1,1606,1004.2,14.6,7.7,1100,3.58,23.86,,,,,,8,4.1,27.3,16.6,,,,,,,,,,4.3,6.2,,,
135,√ﬂ«≥∑…,2023-06-09,21.3,15.6,2320,27.7,1630,,,,,,,9.9,230,1308,5.9,250,1312,1.9,1606,250,12.8,30,1632,61.6,15,976.1,1005.8,2314,1002.2,102,1003.9,14.6,9.6,1200,3.65,27.07,,,,,,3.9,2.8,26.9,15.6,,,,,,,,,,5.5,7.9,,,
135,√ﬂ«≥∑…,2023-06-10,19.3,15.1,420,28.4,1349,,16.3,1625,30.3,1618,39.3,22.6,160,1627,7.3,140,1634,1.7,1482,340,15.7,46,1347,80.8,17.9,977.7,1006.6,2153,1003.7,1553,1005.6,14.6,4.6,1200,3.39,16.84,,,,,,7.1,5.9,22.2,15.1,,,,,,,,,,3,4.2,,,
135,√ﬂ«≥∑…,2023-06-11,20.9,15.8,1,27.2,1511,,0,,0,,0,12.7,180,1916,6.7,160,1921,1.3,1147,70,16.9,55,1439,79.8,19.3,977.3,1006.8,2227,1002.1,1628,1005.1,14.6,5.4,1000,3.21,21.42,,,,,,7,6,25.9,15.8,,,,,,,,,,3.6,5.2,,,
135,√ﬂ«≥∑…,2023-06-12,21.6,15.8,507,28.4,1447,,,,,,,5.7,230,1235,3.1,230,1514,1.1,952,230,15.2,34,1502,71.5,17.5,977.4,1007.4,751,1002.2,1827,1005.1,14.6,9.7,1200,3.83,28.29,,,,,,5.1,3.3,30.2,15.8,,,,,,,,,,4.9,6.9,,,
135,√ﬂ«≥∑…,2023-06-13,21.3,15.3,457,27.5,1346,,,,,,,7.3,250,1429,3.6,250,1433,1.6,1357,290,14.4,38,1411,67.6,16.5,976.2,1005.6,629,1001.8,1521,1003.9,14.6,8.4,1200,3.2,24.48,,,,,,5,1.8,28,15.3,,,,,,,,,,4.8,6.8,,,
135,√ﬂ«≥∑…,2023-06-14,19.6,13.8,412,26.3,1255,,.6,1938,.6,1848,.6,8.6,140,1355,6.6,160,1402,1.9,1634,20,14.6,45,1233,75.8,16.6,977.9,1008.8,2257,1003.8,1500,1005.9,14.6,8,1100,3.62,24.53,,,,,,6.5,1.9,25.8,13.8,,,,,,,,,,4.2,6,,,
135,√ﬂ«≥∑…,2023-06-15,19.7,14.6,422,26.4,1518,,,,,,,5.7,50,1732,3.5,360,1648,1.2,1052,20,14.3,42,1519,74,16.3,980.6,1011.3,2343,1006.6,1514,1008.7,14.6,8.5,1200,3.45,25.63,,,,,,3.6,1.9,24.9,14.6,,,,,,,,,,4.4,6.3,,,
135,√ﬂ«≥∑…,2023-06-16,22.3,15.2,451,29.6,1534,,0,,0,,0,7.4,250,1355,4.5,250,951,2,1750,250,15.2,39,1538,67.1,17.3,984.7,1014.1,845,1010.3,1700,1012.6,14.6,13.2,1300,3.43,29.4,,,,,,1.1,0,28,15.2,,,,,,,,,,6,8.6,,,
135,√ﬂ«≥∑…,2023-06-17,24.6,17.8,549,30.6,1410,,,,,,,7.8,250,1306,5,270,2344,2.9,2525,250,15.3,38,1411,58.1,17.4,984.3,1014.6,420,1009.5,1745,1011.9,14.6,10.8,1200,3.4,27.02,,,,,,5.6,.9,28.8,17.8,,,,,,,,,,6,8.6,,,
135,√ﬂ«≥∑…,2023-06-18,24.6,20,2358,31.2,1505,,,,,,,8.3,270,415,6.2,270,422,2.9,2528,270,15.4,36,1556,58.4,17.6,979.4,1010.5,1,1003.9,1638,1006.9,14.6,9.8,1300,3.44,25.79,,,,,,4.6,2.8,30.9,20,,,,,,,,,,5.4,7.7,,,
135,√ﬂ«≥∑…,2023-06-19,24,16.7,457,30.2,1547,,,,,,,9.2,140,1415,5.3,70,1136,2.4,2045,90,16,44,1916,63,18.3,979.3,1008.6,2339,1004.5,1429,1006.8,14.6,11,1200,3.33,26.7,,,,,,3.6,0,30.3,16.7,,,,,,,,,,5.6,8,,,
135,√ﬂ«≥∑…,2023-06-20,21.5,16.2,433,25,1646,,.5,2307,.8,2226,.8,8.3,90,1052,5.8,70,1058,3.2,2761,70,15.7,56,1650,70.6,17.9,977.7,1008.3,1,1003,1807,1005.4,14.6,4.2,1000,2.89,16.29,,,,,,6.5,3,26.3,16.2,,,,,,,,,,2.9,4.2,,,
135,√ﬂ«≥∑…,2023-06-21,20.6,18.3,150,23,1418,,3.2,143,8.5,110,10.8,7.7,90,246,4.8,270,2026,2.3,2001,70,18.3,80,35,86.9,21,973.6,1003.8,16,999.6,1432,1001.3,14.6,0,1400,.89,5.07,,,,,,8.1,8,21.9,18.3,,,,,,,,,,1.4,2,,,
135,√ﬂ«≥∑…,2023-06-22,21.7,19,630,26.2,1606,,.6,2032,.9,2033,.9,9.6,270,1044,5.5,250,1059,3.4,2913,270,16.9,56,1509,75.1,19.2,975.8,1006.2,2337,1001.6,1735,1003.5,14.6,4.3,1200,3.39,19.65,,,,,,7.5,7.1,24.4,19,,,,,,,,,,4.1,5.9,,,
135,√ﬂ«≥∑…,2023-06-23,23.2,16.8,516,29.5,1526,,,,,,,7.1,250,16,4.6,270,3,1.7,1444,20,17.3,44,1555,71.5,19.8,981.4,1013.2,2359,1005.9,16,1009.1,14.6,12.1,1200,3.97,29.63,,,,,,3.5,1.8,30.7,16.8,,,,,,,,,,5.4,7.7,,,
135,√ﬂ«≥∑…,2023-06-24,23.7,18.2,257,29.6,1538,,,,,,,6.5,70,1443,3.9,70,1627,1.5,1285,70,17.7,47,1802,71,20.3,986.1,1015.4,754,1011.7,1731,1013.8,14.6,10.9,1200,3.34,28.05,,,,,,4.9,.9,31,18.2,,,,,,,,,,5.1,7.3,,,
135,√ﬂ«≥∑…,2023-06-25,23,17.6,423,28.7,1548,,0,,0,,0,8.4,110,1433,5.1,110,1441,2.2,1889,140,17.5,47,1434,73.4,20,984.7,1015.4,55,1010.2,1903,1012.5,14.6,7,1400,2.81,21.37,,,,,,7.9,1.8,28.2,17.6,,,,,,,,,,4,5.7,,,
135,√ﬂ«≥∑…,2023-06-26,22.3,19.7,137,25.5,1703,,10.3,2149,23.8,2112,65.2,5.9,110,355,3.3,70,412,1.2,1048,70,20.8,84,1704,92,24.7,980.2,1010.8,26,1006.2,1847,1007.9,14.6,.2,1600,1.12,6.28,,,,,,9.8,,23.5,19.7,,,,,,,,,,1.7,2.4,,,
135,√ﬂ«≥∑…,2023-06-27,25.1,21.9,2400,30,1415,,6.7,309,15.8,235,29.8,9.3,290,853,5.2,270,615,2.2,1927,270,20.3,50,1421,76.6,23.8,981,1011.9,2324,1005.6,336,1008.5,14.6,8.5,1100,3.54,26.1,,,,,,5,2.5,29.6,21.9,,,,,,,,,,4.5,6.4,,,
135,√ﬂ«≥∑…,2023-06-28,22.5,17.7,342,27.7,1331,,1.1,400,5.1,328,15,6.2,270,1315,3.6,270,1308,1.5,1266,250,19.4,65,1238,83.5,22.7,980.5,1013.2,121,1006.5,1533,1008.2,14.6,4.2,1200,3.09,20.12,,,,,,8.5,,24.8,17.7,,,,,,,,,,3.2,4.6,,,
135,√ﬂ«≥∑…,2023-06-29,23.2,20.7,404,24.7,1154,,4.4,2134,8.6,2159,47.9,7.2,230,2238,3.9,140,1534,1,857,160,21.8,84,958,92.4,26.2,974.8,1007.1,1,998.2,1742,1002.2,14.6,0,900,.7,4.48,,,,,,9.1,,24.4,20.7,,,,,,,,,,.8,1.2,,,
135,√ﬂ«≥∑…,2023-06-30,23.4,22.2,242,25.9,1816,,7.6,6,18.7,1,43,8.7,270,18,4.5,270,25,.8,728,250,22,83,1820,92.4,26.5,973.3,1002.9,2328,999.2,235,1000.6,14.6,.3,1400,1.1,7.13,,,,,,9.1,,24.8,22.2,,,,,,,,,,1.4,1.9,,,
135,√ﬂ«≥∑…,2023-07-01,24.9,21,2342,30.3,1506,,,,,,,5.1,140,1716,3.1,160,1013,1.2,1049,90,21.4,53,1622,83,25.5,978.1,1008,2238,1002.9,1,1005.5,14.6,7.2,1100,3.38,23.04,,,,,,3.8,,31,21,,,,,,,,,,4.5,6.4,,,
135,√ﬂ«≥∑…,2023-07-02,26,21,1,30.3,1427,,,,,,,7.1,270,1319,4.6,250,1327,2,1747,270,22,60,1702,79.8,26.4,980.6,1009.7,853,1006.1,1657,1007.9,14.6,6.9,1100,3.29,22.77,,,,,,7,,28.9,21,,,,,,,,,,3.9,5.5,,,
135,√ﬂ«≥∑…,2023-07-03,25.5,21.1,429,31.2,1601,,,,,,,6.2,140,1333,3.8,160,1340,1.6,1341,20,21.2,52,1735,78.9,25.1,978.4,1008.5,44,1003.5,1739,1005.8,14.6,8.3,1300,3.26,24.05,,,,,,4.8,,28.7,21.1,,,,,,,,,,4.6,6.6,,,
135,√ﬂ«≥∑…,2023-07-04,23.3,22.1,2121,25.3,1016,,3.1,2114,8.7,2206,28.4,5.9,160,1031,3.4,160,1050,1.9,1605,90,21.1,77,1019,88.1,25.1,974.1,1005,43,996.6,2355,1001.5,14.6,.3,1000,.87,5.36,,,,,,8.6,,24.6,22.1,,,,,,,,,,1.1,1.6,,,
135,√ﬂ«≥∑…,2023-07-05,23.4,19.2,2337,27.6,1608,,3.4,248,10.1,242,22.9,12.9,320,1116,7.7,270,1528,3.6,3145,270,19.6,58,1612,80.5,22.9,968.7,1001.2,2351,992.9,355,996,14.6,,,,,,,,,,,,,19.2,,,,,,,,,,4.1,5.8,,,
135,√ﬂ«≥∑…,2023-07-06,23.8,17.1,430,31,1412,,,,,,,8,270,1309,5.1,270,1231,1.3,1082,20,17.2,37,1212,70.5,19.8,975.3,1004.2,2227,1000.9,1,1002.7,14.6,7.3,1200,2.92,23.9,,,,,,7.9,,29.5,17.1,,,,,,,,,,4.5,6.4,,,
135,√ﬂ«≥∑…,2023-07-07,20,17.7,1739,24,914,,5.9,1440,14.7,1350,43.7,12.1,70,1533,8.1,70,1541,2.6,2247,70,18.1,74,1049,88.9,20.8,975.6,1005.4,1335,1002.6,1658,1003.4,14.5,0,800,.82,4.13,,,,,,9.3,,22.3,17.7,,,,,,,,,,1.1,1.6,,,
135,√ﬂ«≥∑…,2023-07-08,22.4,18,359,27,1427,,.2,427,.5,354,.5,5.6,160,1453,3.9,160,1447,1.7,1487,160,20.1,73,1440,87.6,23.7,975.5,1004.4,722,1001.5,1422,1003,14.5,2.5,1300,3.28,19.23,,,,,,7.5,,27,18,,,,,,,,,,3.1,4.4,,,
135,√ﬂ«≥∑…,2023-07-09,25.5,22.3,19,30.7,1633,,,,,,,6.4,250,1648,4.1,90,1134,1.5,1333,160,22.7,66,1638,85.1,27.5,975.8,1004.6,2227,1000.4,1604,1003.1,14.5,1.3,1500,1.78,13.05,,,,,,7.4,,29,22.3,,,,,,,,,,2.4,3.4,,,
135,√ﬂ«≥∑…,2023-07-10,25.8,21.8,244,31.5,1441,,0,,0,,0,9.2,250,1710,5.7,50,735,1.7,1501,270,21.1,50,1423,77.4,25,977,1006.7,2357,1002.5,1621,1004.3,14.5,,,,,,,,,,,,,21.8,,,,,,,,,,4.3,6.1,,,
135,√ﬂ«≥∑…,2023-07-11,22.6,20.7,418,26.8,1159,,7.5,1326,12.8,1313,17.2,7.6,270,1329,4.4,270,1334,.9,756,50,20.9,79,1141,90.6,24.7,978.6,1007.7,640,1004.3,1615,1006.2,14.5,.3,1100,2.05,5.86,,,,,,8.6,,23.3,20.7,,,,,,,,,,1.3,1.9,,,
135,√ﬂ«≥∑…,2023-07-12,25.3,20.7,130,30.7,1405,,0,,0,,0,7.5,250,1419,4.5,250,1426,1.1,910,290,22.2,62,1406,84.9,26.9,978,1006.5,905,1003.5,1650,1005.3,14.5,5.4,1300,3.17,21.92,,,,,,7.8,,30.3,20.7,,,,,,,,,,3.7,5.4,,,
135,√ﬂ«≥∑…,2023-07-13,24.2,23.1,438,25.6,1357,,.7,2323,1.8,1032,6.8,3.4,110,1723,2.5,160,904,.9,745,20,22.9,88,1352,93,28,977.6,1006.5,7,1002.6,2357,1005,14.4,0,1200,.55,4.63,,,,,,10,,25.1,23.1,,,,,,,,,,.9,1.3,,,
135,√ﬂ«≥∑…,2023-07-14,23.8,23.2,456,24.4,1910,,3.9,614,13.9,1333,111.4,5.4,140,101,2.7,140,110,.8,682,70,22.7,91,114,94.1,27.6,972.7,1002.6,1,998.9,1714,999.9,14.4,0,1000,.29,2.22,,,,,,10,,24.4,23.2,,,,,,,,,,.5,.8,,,
135,√ﬂ«≥∑…,2023-07-15,23.2,20.2,2122,26.2,1233,,4.1,936,11.9,859,37.1,7.2,290,1821,3.7,290,1823,.9,754,50,21.8,80,1238,92.1,26.2,974.6,1006.1,2257,999,212,1002.1,14.4,0,1100,.58,3.29,,,,,,10,,23.8,20.2,,,,,,,,,,1.1,1.5,,,
135,√ﬂ«≥∑…,2023-07-16,23.6,20.2,1,27.6,1728,,.5,1024,1.4,1022,2.2,4.7,160,848,3.4,160,1750,1.1,948,160,21.8,76,1729,90.8,26.2,980.3,1010.9,2348,1005.7,238,1007.9,14.4,1.5,1200,1.77,13.75,,,,,,9.3,,26,20.2,,,,,,,,,,2.3,3.3,,,
135,√ﬂ«≥∑…,2023-07-17,25.3,22.6,453,31.3,1340,,2,652,3.9,651,14.1,11,270,1502,5.6,270,1510,1.2,1078,140,23.1,64,1323,88.8,28.2,984.1,1013.6,2204,1009.9,147,1011.7,14.4,5.1,1200,3.04,21.47,,,,,,8.9,,29,22.6,,,,,,,,,,3.5,5,,,
135,√ﬂ«≥∑…,2023-07-18,22.4,21.6,2007,24.1,954,,4.5,1639,14.4,1612,54.5,8,50,1529,5.2,50,1455,1.5,1302,90,21.4,89,1113,94.3,25.5,983,1014,127,1007.2,2009,1010.7,14.3,0,900,.85,4.32,,,,,,9,,23.8,21.6,,,,,,,,,,1.3,1.9,,,
135,√ﬂ«≥∑…,2023-07-19,24.7,20,507,30.5,1517,,,,,,,5.3,180,1309,2.8,140,1044,1,880,140,21,58,1405,81.6,24.9,979.7,1008.5,2319,1005.2,1719,1007.2,14.3,9.1,1300,3.32,25.18,,,,,,2.4,,28.9,20,,,,,,,,,,4.3,6.2,,,
135,√ﬂ«≥∑…,2023-07-20,25.2,20.7,455,30.6,1436,,,,,,,6.3,250,934,4.1,250,848,1.9,1666,250,21.1,57,1446,79.5,25,981.4,1010.8,2325,1007.3,1736,1008.8,14.3,11.4,1100,3.38,25.36,,,,,,4,,29.2,20.7,,,,,,,,,,4.6,6.6,,,
135,√ﬂ«≥∑…,2023-07-21,25.9,20.1,554,31.7,1609,,,,,,,8.1,140,1820,5.2,140,1822,1.8,1580,70,21.5,54,1611,78.1,25.8,984.6,1014.2,2303,1010.7,1645,1012.1,14.3,11.4,1200,3.37,25.62,,,,,,3,,30.5,20.1,,,,,,,,,,4.8,6.9,,,
135,√ﬂ«≥∑…,2023-07-22,23.7,21.2,519,27.1,1403,,,,,,,6.9,110,1108,4,140,1129,2.3,1978,90,20.3,67,1048,81.8,23.9,985.6,1014.9,633,1011.6,1740,1013.3,14.3,2.6,1000,2.06,12.92,,,,,,6.8,,25.4,21.2,,,,,,,,,,2.2,3.2,,,
135,√ﬂ«≥∑…,2023-07-23,25.2,23,440,28.3,1346,,.5,1807,.5,1717,1,4.2,180,1406,2.8,180,1615,1.2,1015,110,22.6,73,1353,86.5,27.5,981.4,1012.3,1,1007,1737,1008.9,14.2,0,1100,1.12,8,,,,,,9.9,,26.7,23,,,,,,,,,,1.5,2.2,,,
135,√ﬂ«≥∑…,2023-07-24,24.8,23.1,611,28.6,1350,,3.8,639,7.1,337,23,6.3,270,850,4,270,854,.9,793,50,22.6,70,1401,88.9,27.5,981.7,1011.2,2200,1007.9,153,1009.2,14.2,1.2,1300,2.7,10.88,,,,,,9.4,,26,23.1,,,,,,,,,,2.1,3,,,
135,√ﬂ«≥∑…,2023-07-25,24.2,21.6,2104,29.2,1240,,10.7,1627,18.7,1557,20.8,10.3,250,1618,5.9,230,1625,1.1,984,50,22,66,1329,88.5,26.5,985.7,1015.5,2357,1010.5,109,1013.4,14.2,2.7,1300,3.4,14.71,,,,,,9.4,,26.9,21.6,,,,,,,,,,2.7,3.9,,,
135,√ﬂ«≥∑…,2023-07-26,23.7,20.6,333,30.5,1320,,2.6,1713,5,1659,6.7,7.4,160,1436,5.3,160,1433,1.2,1000,160,22.1,63,1315,91.6,26.7,987.6,1017,2158,1013,1520,1015.4,14.2,5.9,1100,3.06,21.28,,,,,,8.4,,29.7,20.6,,,,,,,,,,3.8,5.4,,,
135,√ﬂ«≥∑…,2023-07-27,25.2,20.8,602,31.3,1426,,,,,,,5.2,180,1134,3.7,160,1136,1.2,1073,160,22.5,62,1341,86.5,27.4,987.1,1016.1,733,1012.4,1735,1014.7,14.1,7.8,1100,3.44,23.57,,,,,,6.4,,30.5,20.8,,,,,,,,,,4.2,5.9,,,
135,√ﬂ«≥∑…,2023-07-28,26.6,21.3,439,33.4,1417,,,,,,,5,250,1841,3.3,250,1848,1.2,1014,70,22.8,55,1421,80.9,27.8,986.6,1015.3,2237,1012.3,1548,1014.1,14.1,9.8,1200,3.51,24.29,,,,,,4.9,,31.3,21.3,,,,,,,,,,4.5,6.5,,,
135,√ﬂ«≥∑…,2023-07-29,27.1,22,606,33.7,1412,,0,,0,,0,5.9,270,1959,3.7,270,2004,1.1,923,50,23,53,1300,79.9,28.2,986.7,1015.3,732,1012.3,1658,1014.1,14.1,9.6,1300,3.59,25.36,,,,,,2.9,,31.7,22,,,,,,,,,,4.7,6.7,,,
135,√ﬂ«≥∑…,2023-07-30,27.1,21.8,542,32.9,1545,,,,,,,5.9,110,1549,3.9,270,2017,1.6,1357,270,22,48,1629,75.9,26.5,985.5,1014.5,751,1010.3,1715,1013,14.1,10.5,1300,3.26,24.68,,,,,,4.3,,32.9,21.8,,,,,,,,,,5.2,7.4,,,
135,√ﬂ«≥∑…,2023-07-31,26.8,22.1,544,31.6,1459,,,,,,,6.3,250,1211,4.1,250,919,1.6,1372,20,22.6,59,1512,79.3,27.5,984.9,1014.4,725,1010.1,1829,1012.4,14,10.3,1100,3.32,24.18,,,,,,6,,31.8,22.1,,,,,,,,,,4.3,6.1,,,
135,√ﬂ«≥∑…,2023-08-01,26.7,22.6,559,32.3,1503,,,,,,,5.2,180,1320,3.2,180,1518,1.1,956,140,22.8,52,1626,80.5,27.8,983,1012.7,809,1008.5,1611,1010.4,14,9.1,1300,2.34,20.02,,,,,,4.8,,36.6,22.6,,,,,,,,,,3.8,5.4,,,
135,√ﬂ«≥∑…,2023-08-02,27.5,22.1,512,33.8,1512,,5,2204,8.5,2127,8.5,7.9,250,2200,4.6,250,2202,1.2,1073,250,22.8,51,1458,77.3,27.8,980.4,1010.1,46,1005,1738,1007.7,14,10.5,1300,3.29,25.63,,,,,,6,,33.4,22.1,,,,,,,,,,4.9,7,,,
135,√ﬂ«≥∑…,2023-08-03,28,23.1,515,33.7,1512,,,,,,,6.6,320,1138,3.8,250,759,1.4,1187,250,23.2,52,1433,77,28.4,978.8,1007.6,711,1004,1631,1005.9,13.9,11,1200,3.49,27.65,,,,,,5.1,,33.4,23.1,,,,,,,,,,5.3,7.6,,,
135,√ﬂ«≥∑…,2023-08-04,27.8,23.3,517,33.4,1443,,,,,,,4.7,230,1123,3.1,250,1156,1.3,1081,20,23.3,55,1444,78.4,28.7,977,1006.2,234,1002.3,1759,1004.1,13.9,8,1300,3.18,22.7,,,,,,4.8,,33,23.3,,,,,,,,,,4.3,6.1,,,
135,√ﬂ«≥∑…,2023-08-05,28.2,23.7,522,33.9,1611,,,,,,,5.2,270,715,3.7,270,804,1.4,1175,250,23.8,54,1622,78.3,29.4,973.3,1002.7,2,997.6,1740,1000.3,13.9,9.1,1300,2.9,23.07,,,,,,3.8,,30.9,23.7,,,,,,,,,,4.3,6.1,,,
135,√ﬂ«≥∑…,2023-08-06,28.6,23.2,603,33.2,1642,,,,,,,8.2,90,1947,5.5,90,1956,1.8,1577,70,23.5,58,1640,75.4,29,971.1,999.7,1,995.6,1620,998,13.9,10.2,1000,2.79,22.59,,,,,,4.6,,34,23.2,,,,,,,,,,4.6,6.6,,,
135,√ﬂ«≥∑…,2023-08-07,27.8,23.2,509,33.2,1425,,1.6,1636,1.6,1546,1.7,9,140,1619,5.9,160,1628,2,1687,70,23.5,57,1448,78.8,29,972.5,1001.1,2320,996.9,1532,999.5,13.8,10.2,1100,3.66,26.71,,,,,,5.4,,35.2,23.2,,,,,,,,,,5,7.2,,,
135,√ﬂ«≥∑…,2023-08-08,27.4,24.9,2256,32.4,1442,,1.8,1639,1.9,1554,1.9,10,110,1633,6.4,110,1641,2.5,2129,90,23.3,62,1326,79.1,28.6,975,1004,2152,1000.6,1443,1002.2,13.8,3.8,1100,3.08,18.7,,,,,,6.6,,31.6,24.9,,,,,,,,,,3.7,5.3,,,
135,√ﬂ«≥∑…,2023-08-09,24.6,23,2311,26.7,1046,,7,1823,13.7,1810,47.2,13.9,50,2242,7.6,50,2242,3.4,2944,70,21.9,77,933,85.4,26.3,975.4,1004,613,1000,2400,1002.8,13.8,0,1000,.94,4.09,,,,,,8.5,,25.5,23,,,,,,,,,,1.4,2,,,
135,√ﬂ«≥∑…,2023-08-10,21.5,20.3,2008,23.5,217,,4.6,1237,21.5,1201,121.3,20.1,50,952,9.7,340,1144,5.6,4863,250,19.7,86,657,90,23,965.8,1000,1,987.4,1225,993.2,13.7,0,1400,.53,3.69,,,,,,8.5,,21.4,20.3,,,,,,,,,,1.2,1.7,,,
135,√ﬂ«≥∑…,2023-08-11,24.6,20,332,31.3,1435,,.6,1800,.8,1715,.8,7.4,180,1457,4.6,160,1506,1.4,1242,180,20.7,52,1436,80.8,24.5,973.5,1003.5,2336,997.7,1,1000.8,13.7,6,1300,3.15,20.27,,,,,,6.4,,28.4,20,,,,,,,,,,3.6,5.2,,,
135,√ﬂ«≥∑…,2023-08-12,23.8,21.5,601,28.3,1540,,.2,744,.2,654,.2,4.6,270,822,2.6,270,825,1,861,50,20.9,61,1317,84.9,24.7,976.7,1005.6,2324,1002.8,1634,1004.2,13.7,1.7,1000,1.92,13.22,,,,,,7.6,,26.5,21.5,,,,,,,,,,2.7,3.9,,,
135,√ﬂ«≥∑…,2023-08-13,25.2,20.2,451,29.9,1324,,,,,,,5.7,50,1134,3.4,180,1010,1.4,1202,20,21.7,62,1332,82.1,26.1,977.5,1005.9,2354,1003.4,1517,1004.8,13.6,4.4,1200,2.99,21.62,,,,,,7.5,,29.6,20.2,,,,,,,,,,3.6,5.2,,,
135,√ﬂ«≥∑…,2023-08-14,25.9,22.8,611,30.5,1450,,,,,,,5.7,50,1553,3.7,90,1459,1.5,1324,50,22,62,1344,80.4,26.5,978.5,1007.3,951,1004.1,1715,1005.7,13.6,6.8,1300,2.88,20.19,,,,,,4.5,,29.5,22.8,,,,,,,,,,3.8,5.5,,,
135,√ﬂ«≥∑…,2023-08-15,26.6,21.7,436,31.8,1611,,0,,0,,0,4.9,250,1132,2.9,250,1137,1.2,1020,50,21.6,57,1336,75.6,25.9,976.9,1006.6,649,1001.7,1611,1004.2,13.6,7.9,1100,3.33,21.81,,,,,,4.5,,30.4,21.7,,,,,,,,,,3.9,5.5,,,
135,√ﬂ«≥∑…,2023-08-16,27,23.2,157,31.6,1438,,,,,,,6.2,270,2235,4.6,270,2233,1.7,1507,250,21.8,54,1220,74.8,26.1,976.3,1005,2344,1001.7,1733,1003.5,13.5,6.5,1200,3.51,22.55,,,,,,6.8,,31.4,23.2,,,,,,,,,,4.3,6.2,,,
135,√ﬂ«≥∑…,2023-08-17,24.6,22.8,2322,28.5,1603,,,,,,,6.4,90,1419,4.7,90,1423,1.9,1664,70,22.1,72,1606,86.8,26.6,977.8,1006.6,2210,1003.9,1605,1005.2,13.5,2.2,1500,2.13,12.72,,,,,,5.9,,28.5,22.8,,,,,,,,,,2.5,3.5,,,
135,√ﬂ«≥∑…,2023-08-18,24.6,21.1,326,30.6,1503,,1.3,1847,4,1822,6.5,11.5,90,1724,7.3,70,1724,1.5,1323,90,21.6,58,1556,84.8,25.8,979.8,1009.3,2352,1005.5,1527,1007.3,13.5,2.1,1300,2.55,17.25,,,,,,6.8,,30.5,21.1,,,,,,,,,,3.1,4.4,,,
135,√ﬂ«≥∑…,2023-08-19,26.3,22.8,623,31.7,1443,,,,,,,6.1,70,1128,4.3,50,1136,1.2,1009,90,22.7,57,1431,82.1,27.6,982.4,1011.3,2335,1008.2,1641,1009.7,13.4,8.1,1200,3.51,23.19,,,,,,4.5,,31.2,22.8,,,,,,,,,,4.4,6.3,,,
135,√ﬂ«≥∑…,2023-08-20,26.1,23.2,532,31.9,1305,,.9,1551,2.1,1528,3.1,6.5,270,1552,4.2,290,1552,1.3,1143,20,23.6,62,1307,86.8,29.2,983.6,1012.3,726,1009.5,1503,1011,13.4,5.5,1200,2.71,16.39,,,,,,6.1,,28.3,23.2,,,,,,,,,,2.8,4,,,
135,√ﬂ«≥∑…,2023-08-21,26.4,22.7,2356,32.1,1421,,,,,,,7,140,1303,4.2,110,1507,1.5,1288,20,22.9,60,1430,82.4,27.9,980.9,1011.2,1,1005.6,1733,1008.3,13.4,5.5,1300,3.17,18.77,,,,,,5.5,,30.7,22.7,,,,,,,,,,3.7,5.3,,,
135,√ﬂ«≥∑…,2023-08-22,26.4,21.7,354,31.7,1320,,,,,,,6.8,160,1311,3.7,140,1304,1.5,1335,20,22.3,58,1408,79.5,26.9,977.8,1007.5,1,1002.8,1454,1005.1,13.3,4.7,1200,2.97,16.81,,,,,,5.6,,29.7,21.7,,,,,,,,,,3.4,4.9,,,
135,√ﬂ«≥∑…,2023-08-23,26.8,22.8,445,31.8,1449,,1.2,2114,5.8,2051,6.6,10.4,90,2319,4.4,140,1112,2,1690,110,22.8,61,1548,79.6,27.7,978,1006.7,2347,1002.8,1549,1005.2,13.3,5.2,1400,2.78,19.25,,,,,,8,,32.1,22.8,,,,,,,,,,3.5,5,,,
135,√ﬂ«≥∑…,2023-08-24,24.4,23.2,2200,26.5,1436,,1.5,415,3.7,2112,14.9,5.5,90,28,4,70,1112,1.6,1344,90,22.8,85,1,91.5,27.8,978.7,1007.4,1019,1005.4,326,1006.1,13.3,0,1400,.9,4.63,,,,,,9,,25.9,23.2,,,,,,,,,,1.3,1.9,,,
135,√ﬂ«≥∑…,2023-08-25,25.1,20.2,2318,30.1,1425,,,,,,,10,250,1400,5.9,250,1328,2.8,2401,270,19.9,47,1359,74.3,23.2,980.2,1010.3,2359,1005.4,215,1007.6,13.2,8.5,1200,3.47,24.02,,,,,,2.6,,28.2,20.2,,,,,,,,,,4.9,7,,,
135,√ﬂ«≥∑…,2023-08-26,23.8,18.7,512,29.9,1259,,,,,,,5.9,110,1145,3.2,90,1402,1.2,1062,20,18.8,46,1306,76,21.7,981.7,1011.5,635,1007,1552,1009.3,13.2,11.3,1200,3.5,23.96,,,,,,4.1,,28.4,18.7,,,,,,,,,,4.2,6,,,
135,√ﬂ«≥∑…,2023-08-27,24.4,19.3,321,29.7,1438,,,,,,,8.9,90,2243,5.2,90,1957,2.2,1891,70,20,56,1503,78,23.4,981.1,1009.9,1,1006.4,1511,1008.6,13.2,7.8,1200,2.86,19.7,,,,,,6.5,,29.5,19.3,,,,,,,,,,3.8,5.4,,,
135,√ﬂ«≥∑…,2023-08-28,24.4,22.2,628,26.5,1529,,,,,,,7,90,1257,4.8,70,743,3,2620,70,20.9,72,1529,81,24.7,980.3,1009.2,1001,1006.5,1703,1007.8,13.1,0,1200,1.27,6.38,,,,,,9.1,,25.2,22.2,,,,,,,,,,1.8,2.5,,,
135,√ﬂ«≥∑…,2023-08-29,25.4,23.5,2348,27.8,1021,,8.5,1307,11.4,1243,17.7,7.1,140,654,4.4,140,430,1.8,1557,110,22.8,75,1027,86.1,27.8,978.8,1008,2243,1004.7,1446,1006.2,13.1,.3,1400,1.44,9.22,,,,,,9.3,,26.8,23.5,,,,,,,,,,1.7,2.4,,,
135,√ﬂ«≥∑…,2023-08-30,21,20.1,726,23.5,1,,6.6,705,16.6,649,57.6,7.5,250,1904,5.5,250,1851,1.9,1624,250,19.7,91,352,92.8,23,981.3,1010.6,2251,1008,1,1009.3,13.1,0,1100,.64,3.69,,,,,,8.6,,21.7,20.1,,,,,,,,,,1.2,1.7,,,
135,√ﬂ«≥∑…,2023-08-31,22.7,19.5,608,26.7,1453,,,,,,,6.4,250,922,4,270,202,2.2,1869,250,18.7,61,1426,79.3,21.6,982.7,1011.5,2326,1009.1,1522,1010.5,13,5.2,1300,2.45,19.67,,,,,,7.4,,27.4,19.5,,,,,,,,,,3.3,4.7,,,
135,√ﬂ«≥∑…,2023-09-01,22.1,18.2,2327,28.8,1600,,,,,,,6.6,250,1008,4.4,250,1013,1.5,1278,250,18,49,1545,79.3,20.7,983.9,1012.9,733,1009.9,1559,1011.7,13,8.3,1300,2.91,20.45,,,,,,5.6,,26.7,18.2,,,,,,,,,,3.6,5.2,,,
135,√ﬂ«≥∑…,2023-09-02,22.3,15.5,614,28.3,1350,,.3,2004,.5,1914,.5,6.9,50,1239,4.8,70,1312,1.8,1536,70,18.6,48,1406,81.4,21.6,984.3,1013.2,2255,1010.5,1453,1012.2,12.9,5.8,1100,3.18,18.79,,,,,,1.9,,25.3,15.5,,,,,,,,,,3.4,4.9,,,
135,√ﬂ«≥∑…,2023-09-03,24.3,21.5,606,28.8,1543,,.2,316,.2,226,.2,5.2,70,1313,3.7,70,1319,1.4,1190,90,21.3,63,1622,84.4,25.4,984.9,1013.7,735,1010.8,1628,1012.5,12.9,3.4,1400,2.31,14.14,,,,,,7,,27.6,21.5,,,,,,,,,,2.7,3.8,,,
135,√ﬂ«≥∑…,2023-09-04,25.5,23,513,30.3,1537,,,,,,,6.1,50,1506,4.3,50,1511,1.7,1484,50,21.7,61,1541,80.5,25.9,984.5,1012.8,257,1010.3,1515,1012,12.9,4.2,1400,2.29,16.7,,,,,,6.6,,29.9,23,,,,,,,,,,3.2,4.6,,,
135,√ﬂ«≥∑…,2023-09-05,23.8,19,2359,29.1,1424,,,,,,,7.2,50,1210,4.6,90,1432,1.7,1483,50,18.5,47,1514,74,21.3,984.1,1013.2,1005,1010.2,1531,1011.8,12.8,8.2,1100,3.04,20.7,,,,,,6.6,,27.5,19,,,,,,,,,,4,5.7,,,
135,√ﬂ«≥∑…,2023-09-06,23,17.3,545,29.1,1530,,,,,,,6.4,90,1559,4.4,90,1607,1.6,1343,50,17.8,52,1708,74.3,20.4,984.4,1014.6,2353,1010.1,1621,1012.2,12.8,8.9,1000,2.52,19.62,,,,,,1.3,,28.9,17.3,,,,,,,,,,3.8,5.4,,,
135,√ﬂ«≥∑…,2023-09-07,21.2,15.1,617,27.7,1556,,,,,,,7.2,90,1116,4.8,90,1224,2,1739,50,15.6,48,1026,72.4,17.7,986.9,1016.2,930,1013.2,1610,1015,12.7,11.6,1200,3.27,24.48,,,,,,1.3,,25.6,15.1,,,,,,,,,,4.8,6.8,,,
135,√ﬂ«≥∑…,2023-09-08,20.4,14.1,630,27.3,1535,,,,,,,5.7,70,1035,4,70,1043,1.1,935,70,15.3,48,1606,74.9,17.4,985.4,1016.2,638,1010.8,1625,1013.5,12.7,10.5,1300,3.33,23,,,,,,.4,,25.9,14.1,,,,,,,,,,4.1,5.9,,,
135,√ﬂ«≥∑…,2023-09-09,21.1,14.6,613,28.5,1438,,,,,,,6.1,140,1239,3.5,140,1244,1,886,20,16.3,46,1628,76.3,18.6,983.5,1013.4,635,1009.1,1604,1011.6,12.7,11.3,1300,3.06,23.45,,,,,,.8,,27,14.6,,,,,,,,,,4,5.8,,,
135,√ﬂ«≥∑…,2023-09-10,21.3,15,448,28.5,1351,,,,,,,5.3,50,1337,3.4,90,1637,1.3,1085,20,16.9,50,1449,78,19.3,982.8,1012.7,546,1008.5,1612,1010.8,12.6,10.4,1200,3,22.12,,,,,,2.5,,24.8,15,,,,,,,,,,3.8,5.4,,,
135,√ﬂ«≥∑…,2023-09-11,23.2,17.2,532,29.8,1437,,,,,,,5.6,250,1141,3.5,250,1215,1.2,1039,20,18.2,48,1443,75.3,20.9,981.7,1011,2347,1007,1454,1009.4,12.6,9.9,1200,3.49,22.45,,,,,,4.5,,28.4,17.2,,,,,,,,,,4.2,6,,,
135,√ﬂ«≥∑…,2023-09-12,23.6,19,607,28.1,1318,,,,,,,5.1,290,11,3.6,270,30,1.4,1194,20,19.5,59,1418,78.8,22.7,982.9,1012.1,658,1008.5,1556,1010.6,12.6,3.9,1100,2.67,14.9,,,,,,8.6,,26.8,19,,,,,,,,,,2.7,3.8,,,
135,√ﬂ«≥∑…,2023-09-13,21.5,19.7,2243,24.3,1346,,.3,547,.6,1751,2.7,6.4,270,2152,4.6,270,2216,1.5,1260,50,19.9,83,1314,90.8,23.2,983.3,1012.4,925,1009.2,1612,1011.2,12.5,0,900,.82,4.86,,,,,,10,,22.7,19.7,,,,,,,,,,1,1.5,,,
135,√ﬂ«≥∑…,2023-09-14,21,19.2,546,23.2,1325,,.5,608,1.3,144,5.6,6.8,50,920,4.3,50,921,2.3,1965,50,19.4,82,1330,90.9,22.5,984.8,1015.4,2324,1010.4,205,1012.8,12.5,0,1200,1.34,6.05,,,,,,10,,22.4,19.2,,,,,,,,,,1.2,1.8,,,
135,√ﬂ«≥∑…,2023-09-15,21.2,20.2,405,22.7,1555,,1.1,826,4.5,748,19.1,6.4,90,1012,4.2,70,1610,2.2,1941,90,19.7,88,1600,91.6,23,986.2,1015.7,907,1012.6,1629,1014.2,12.5,0,1500,.79,4.63,,,,,,9.3,,21.6,20.2,,,,,,,,,,1,1.4,,,
135,√ﬂ«≥∑…,2023-09-16,22.3,21.1,1916,26.3,1151,,7,1719,16.3,1631,35.7,9.1,50,1746,5.1,70,1748,1.5,1254,110,20.7,76,1153,91.3,24.5,984.5,1013.9,1,1010,1746,1012.3,12.4,.6,1100,2.15,6.8,,,,,,8.4,,23.1,21.1,,,,,,,,,,1.4,2,,,
135,√ﬂ«≥∑…,2023-09-17,23.3,20.6,617,27.2,1430,,.2,453,.2,403,.3,3.8,180,1602,2.4,140,1622,.7,616,180,21.1,71,1435,88.5,25,982.9,1012.1,2251,1008.9,1442,1010.6,12.4,.5,1000,1.54,11.65,,,,,,8.8,,26.8,20.6,,,,,,,,,,2,2.9,,,
135,√ﬂ«≥∑…,2023-09-18,24.1,19.7,639,29.7,1455,,,,,,,6.7,250,1527,4.1,250,1532,1.5,1305,270,19.9,55,1310,79.1,23.3,984.5,1014,2331,1010.4,1451,1012.2,12.3,8.1,1200,2.86,19.32,,,,,,4,,28.7,19.7,,,,,,,,,,3.5,5,,,
135,√ﬂ«≥∑…,2023-09-19,22.5,18.1,543,26.9,1548,,,,,,,8.1,250,1009,4.4,250,1028,1.7,1469,250,18.5,58,1505,79.4,21.2,986.3,1015.3,923,1012.5,1547,1014.2,12.3,6.5,1200,2.75,18.2,,,,,,7,,26.5,18.1,,,,,,,,,,3,4.3,,,
135,√ﬂ«≥∑…,2023-09-20,20,19.2,439,22.2,957,,6,2045,20.8,2017,94.5,10.5,70,1530,6.6,70,1439,2.9,2481,70,18.3,81,1021,90.6,21.1,982,1014.5,1,1005.6,1913,1010,12.3,0,900,.68,2.33,,,,,,9.1,,20.8,19.2,,,,,,,,,,.9,1.2,,,
135,√ﬂ«≥∑…,2023-09-21,18.3,17.4,2352,20.2,1400,,1.1,1,3.5,1,6.4,8.1,50,41,4.9,70,46,1.6,1360,50,16.8,82,1419,91,19.1,982.7,1014.6,2345,1005.7,126,1010.9,12.2,0,1300,1.6,5.21,,,,,,8.3,,20.3,17.4,,,,,,,,,,1,1.5,,,
135,√ﬂ«≥∑…,2023-09-22,18.1,14.3,2307,24.3,1445,,,,,,,5.8,270,1445,3.4,250,1455,.9,815,200,14.3,48,1441,80.4,16.3,987.6,1018.9,2316,1013.9,1547,1016,12.2,7.4,1400,2.83,18.7,,,,,,4.6,,22.7,14.3,,,,,,,,,,3.2,4.5,,,
135,√ﬂ«≥∑…,2023-09-23,17.8,12,433,23.6,1608,,,,,,,8.3,110,1209,5.1,90,1106,1.9,1660,50,13.5,57,1022,77.3,15.5,991.6,1022.1,2218,1018,1621,1020.1,12.2,6.7,1000,2.46,15.56,,,,,,6.4,,19.5,12,,,,,,,,,,2.9,4.1,,,
135,√ﬂ«≥∑…,2023-09-24,18.5,14,603,23.4,1346,,,,,,,9.5,70,1202,6.1,90,1130,2.8,2435,70,12.4,46,1347,69.8,14.4,991.9,1022.3,223,1017.8,1542,1020.3,12.1,8.8,1200,3.02,19.73,,,,,,5.5,,21.6,14,,,,,,,,,,3.6,5.1,,,
135,√ﬂ«≥∑…,2023-09-25,19.5,15.3,331,24.8,1352,,.5,1926,.6,1849,1.4,6.6,70,1202,4.5,70,1204,1.8,1545,50,16,60,1353,81.1,18.3,988.5,1019.8,1,1014.3,1522,1016.7,12.1,3.2,1400,2.58,14.6,,,,,,7.9,,23.7,15.3,,,,,,,,,,2.4,3.5,,,
135,√ﬂ«≥∑…,2023-09-26,19.1,18.5,632,19.6,1701,,1.6,551,7.4,534,27,4.9,50,650,3,70,651,.7,624,90,18.1,92,55,94.1,20.8,985.4,1015.6,1,1012,1544,1013.5,12,0,900,.22,1.33,,,,,,7.6,6.9,20.3,18.5,,,,,,,,,,.3,.4,,,
135,√ﬂ«≥∑…,2023-09-27,20.6,19.2,1,23.2,1311,,.3,636,.9,606,1.7,8.9,250,2037,5.5,270,2120,1.9,1643,270,18.5,76,1325,88.6,21.3,983.6,1012.9,2305,1010,1418,1011.6,12,0,1300,1.25,6.34,,,,,,9,9,22.2,19.2,,,,,,,,,,.6,.8,,,
135,√ﬂ«≥∑…,2023-09-28,21.3,18,2023,25.2,1353,,,,,,,9.4,250,1515,5.7,270,544,3.2,2729,270,16.9,55,1357,77.4,19.3,985.6,1015.2,2318,1012.1,56,1013.6,12,6.7,1200,2.89,15.89,,,,,,3.6,3.5,23.7,18,,,,,,,,,,3,4.3,,,
135,√ﬂ«≥∑…,2023-09-29,18.8,14.8,651,24.3,1439,,,,,,,5.8,270,48,4.3,250,906,1.5,1313,250,14.5,47,1443,78.1,16.5,986,1016.7,902,1012.1,1529,1014.2,11.9,2.9,1000,2.51,14.32,,,,,,8.1,7.1,20.9,14.8,,,,,,,,,,2.2,3.2,,,
135,√ﬂ«≥∑…,2023-09-30,18.1,13.6,727,22.5,1426,,.6,350,1.7,308,4.7,9.6,250,1408,5.5,250,1344,2.6,2209,250,13.7,56,1237,76.9,15.7,983.5,1014.2,707,1009.3,1541,1011.8,11.9,6.5,1200,2.89,16.69,,,,,,6.3,5.5,20.7,13.6,,,,,,,,,,3.3,4.7,,,
135,√ﬂ«≥∑…,2023-10-01,16.5,9.6,2334,22,1441,,,,,,,11.9,250,1043,7,250,1049,2.8,2407,250,9.3,34,1555,65.6,11.9,986,1018.4,2242,1011.2,1,1014.6,11.8,10.7,1200,2.87,20.64,,,,,,.8,.6,20,9.6,,,,,,,,,,2.7,3.9,,,
135,√ﬂ«≥∑…,2023-10-02,14.2,8.6,326,22.5,1440,,,,,,,8.2,250,1133,4.9,250,1030,1.5,1302,20,7.8,33,1403,69.5,10.6,989.7,1020.8,2316,1015.9,1613,1018.6,11.8,10.8,1200,2.92,20.45,,,,,,3.1,.6,19,8.6,,,,,,,,,,3.5,5,,,
135,√ﬂ«≥∑…,2023-10-03,12.8,8.6,121,18,1100,,.1,,.1,,.1,4.3,110,1140,3,110,1141,.7,620,90,10,63,1133,84.1,12.4,989.7,1020.8,109,1016.9,1556,1018.7,11.8,.1,1000,1.26,5.42,,,,,,6.3,6,13.3,8.6,,,,,,,,,,1.1,1.5,,,
135,√ﬂ«≥∑…,2023-10-04,16.2,7.6,548,22,1341,,,,,,,10.1,270,2257,5.3,250,1456,2.1,1816,250,10.7,53,1437,72,13,985.5,1018.3,7,1011.1,1600,1014.1,11.7,8.8,1100,2.93,19.1,,,,,,6.1,3,19,7.6,,,,,,,,,,4,5.7,,,
135,√ﬂ«≥∑…,2023-10-05,13.9,11,2337,18.2,3,,,,,,,11.3,270,331,6.5,250,1029,3.6,3090,250,1.3,31,1409,43.3,6.8,987.2,1018.5,2302,1012.1,16,1016.1,11.7,10,1200,2.96,20.36,,,,,,2.6,1.6,16.7,9.3,,,,,,,,,,4.1,5.8,,,
135,√ﬂ«≥∑…,2023-10-06,13.9,7.5,619,20,1559,,,,,,,7,250,1443,4.5,250,1445,2.4,2084,290,5.3,37,1348,58.1,9,990.3,1021.2,2311,1016.5,1412,1019.3,11.7,9.3,1200,2.92,19.14,,,,,,7.1,6.8,17.2,7.3,,,,,,,,,,3.5,5,,,
135,√ﬂ«≥∑…,2023-10-07,14.3,8,447,19,1135,,,,,,,6.8,90,1302,4.7,70,1158,1.5,1283,70,9.7,53,1056,75,12.1,993.7,1024.6,2321,1021,44,1022.6,11.6,2.6,1000,1.94,10.82,,,,,,9.1,7.5,16.5,8,,,,,,,,,,1.8,2.6,,,
135,√ﬂ«≥∑…,2023-10-08,15.5,12.8,152,20.2,1406,,,,,,,8.9,90,1521,5.4,90,1526,2.5,2187,90,10,44,1522,71.5,12.3,994.2,1024.6,5,1021.2,1429,1023,11.6,1.8,1400,1.9,10.1,,,,,,8.8,5.5,18.6,12.8,,,,,,,,,,2.1,3,,,
135,√ﬂ«≥∑…,2023-10-09,15.6,10.3,411,21,1336,,3,2052,3.4,2008,3.6,6.4,250,1348,3.9,250,1354,1.2,1037,270,11.6,57,1420,78.4,13.7,991.1,1022.8,34,1017.4,1411,1020,11.5,3.3,1000,2,12.32,,,,,,6.6,3.4,18.2,10.3,,,,,,,,,,2.2,3.1,,,
135,√ﬂ«≥∑…,2023-10-10,15,11.1,2359,21.5,1357,,.1,,.1,,.1,9,290,410,5.6,250,929,2.2,1891,270,10.1,41,1549,74.8,12.4,992,1024,2357,1018.8,1355,1020.9,11.5,8.8,1100,2.8,17.42,,,,,,3,1.1,17.1,11.1,,,,,,,,,,2.7,3.8,,,
135,√ﬂ«≥∑…,2023-10-11,13.9,8.1,651,21.3,1340,,,,,,,6.6,90,1132,4.4,90,1133,1.1,945,20,8.6,39,1411,73.9,11.2,996,1026.9,2356,1023,1658,1025.2,11.5,10.1,1300,2.62,17.82,,,,,,2,.4,17.9,8.1,,,,,,,,,,3,4.3,,,
135,√ﬂ«≥∑…,2023-10-12,13.5,6.6,608,21.8,1331,,,,,,,6.2,50,1221,4.1,50,1215,.9,753,90,7.3,30,1244,70.6,10.2,995.6,1027.6,823,1021.9,1659,1024.8,11.4,10.1,1100,2.61,17.6,,,,,,4.9,2.1,16.8,6.6,,,,,,,,,,2.9,4.1,,,
135,√ﬂ«≥∑…,2023-10-13,14.8,9.3,434,22.2,1233,,,,,,,4.9,160,1256,3,160,1301,.8,721,160,9.3,42,1210,72.9,11.8,989.4,1023.9,46,1014.7,1603,1018.2,11.4,5.5,1100,2.65,14.18,,,,,,7.4,6.3,16.3,9.3,,,,,,,,,,2.4,3.4,,,
135,√ﬂ«≥∑…,2023-10-14,14,7.7,610,20.3,1535,,0,,0,,0,10.5,270,1830,6,270,1839,1.4,1175,270,9.2,48,1503,75,11.6,981.9,1014.9,1,1007.2,1652,1010.6,11.4,4.9,1400,1.71,11.28,,,,,,4.4,3.4,16.9,7.7,,,,,,,,,,2.1,3,,,
135,√ﬂ«≥∑…,2023-10-15,15,11.5,630,19.5,1400,,,,,,,10.2,270,1048,5.7,250,1346,3.3,2817,270,9.8,52,1345,71.9,12.1,982.5,1013.5,2303,1009.4,18,1011.1,11.3,6,1300,2.42,14.47,,,,,,4.6,4.6,16.6,11.5,,,,,,,,,,2.8,4,,,
135,√ﬂ«≥∑…,2023-10-16,14.6,9.4,2338,19.1,1327,,,,,,,10,250,1116,5.9,250,1116,2.7,2335,250,7.6,43,1336,64.5,10.5,986.5,1017.9,2310,1013.3,1,1015.2,11.3,8.9,1100,2.79,17.65,,,,,,2.8,2.5,17.8,7.9,,,,,,,,,,3.3,4.7,,,
135,√ﬂ«≥∑…,2023-10-17,11.6,6,527,19.2,1525,,,,,,,9.1,250,1121,6,250,1128,2.3,1984,250,3.2,28,1520,61.1,7.7,990.5,1022.3,2242,1017.6,1451,1019.7,11.2,10.5,1200,2.72,18.04,,,,,,0,0,14,5.8,,,,,,,,,,2.2,3.2,,,
135,√ﬂ«≥∑…,2023-10-18,12.8,4,534,23.6,1518,,,,,,,5.3,250,1309,3.5,270,1332,1,843,90,5.6,22,1233,66.5,9.2,990.9,1022.9,746,1016.3,1512,1020.1,11.2,10.4,1200,2.74,17.87,,,,,,3.4,.9,16.7,4,,,,,,,,,,3.3,4.6,,,
135,√ﬂ«≥∑…,2023-10-19,13.9,7.8,656,19.7,1350,,1.8,2105,2.8,1807,6.2,7.9,270,1742,5.1,250,1747,1.4,1244,270,10.2,58,1436,79.8,12.5,987.6,1019.7,3,1013.7,1429,1016.4,11.2,.5,1100,1.21,5.96,,,,,,8.5,7.1,14.6,7.8,,,,,,,,,,1.4,1.9,,,
135,√ﬂ«≥∑…,2023-10-20,11.2,8.1,2356,14.7,1402,,.4,554,.8,528,2.2,15.7,270,1100,7.6,290,1117,4.1,3579,270,2.2,29,1422,56.5,7.4,987.5,1021.1,2358,1014.6,243,1016.8,11.1,7.6,1000,2.33,14.81,,,,,,3.4,2.3,13.5,6,,,,,,,,,,3.3,4.7,,,
135,√ﬂ«≥∑…,2023-10-21,10,1.9,630,15.4,1452,,,,,,,14.3,250,1354,7.5,250,1401,3.1,2684,270,1.5,42,13,56.1,6.9,991.4,1023.3,2352,1018.3,1400,1020.9,11.1,5.7,900,1.77,9.89,,,,,,2,1.6,11.2,1.9,,,,,,,,,,2.2,3.1,,,
135,√ﬂ«≥∑…,2023-10-22,10.9,3.8,600,17.2,1445,,,,,,,9.8,250,1327,6,250,1455,2.2,1918,250,3.8,32,1236,65,8.1,994.2,1025.1,748,1021.5,1449,1023.7,11.1,7.6,1100,2.48,15.05,,,,,,4.1,,11.8,3.8,,,,,,,,,,2.6,3.7,,,
135,√ﬂ«≥∑…,2023-10-23,12,6,653,19.7,1344,,,,,,,7.7,250,1408,4.8,250,1409,1.4,1204,50,7.2,41,1349,75.5,10.2,994,1025.6,747,1020.7,1608,1023.2,11,9.6,1200,2.75,16.4,,,,,,1.8,.5,14.7,6,,,,,,,,,,2.7,3.9,,,
135,√ﬂ«≥∑…,2023-10-24,12.2,6,557,20,1437,,,,,,,7.3,270,1455,4.2,250,1159,1.3,1127,250,7.5,38,1222,76,10.4,991.7,1023.5,803,1017.7,1632,1020.9,11,6.8,1100,2.42,13.92,,,,,,4.3,3,13,6,,,,,,,,,,2.3,3.3,,,
135,√ﬂ«≥∑…,2023-10-25,13.9,8.3,221,21.5,1428,,,,,,,8.3,250,1136,5.3,250,1158,1.5,1273,250,9,37,1457,75.5,11.6,989.4,1020.8,116,1015.6,1526,1018.4,11,10,1200,2.42,15.8,,,,,,1,1,15.6,8.3,,,,,,,,,,2.6,3.8,,,
135,√ﬂ«≥∑…,2023-10-26,15.5,8.5,557,21,1419,,,,,,,8.1,250,1241,4.9,250,1538,2.5,2142,270,10.8,54,1533,75.3,13,986.4,1018.4,2,1012.4,1549,1015.1,10.9,6.8,1200,2.23,12.38,,,,,,2.9,2.1,16,8.5,,,,,,,,,,2.8,3.9,,,
135,√ﬂ«≥∑…,2023-10-27,13.8,8.8,2358,18,1334,,,,,,,10,250,521,6.6,270,908,3.1,2657,270,8.4,52,1518,70.9,11,985.7,1018.3,2358,1012,353,1014.6,10.9,6.8,1100,2.31,13.43,,,,,,5.1,4,15.6,8.8,,,,,,,,,,2.2,3.2,,,
135,√ﬂ«≥∑…,2023-10-28,11.5,5.8,2321,18.7,1415,,,,,,,9.6,200,1402,5.5,250,1315,1.7,1447,250,5,30,1615,68.5,8.8,989.8,1022.1,2255,1016.5,1414,1019,10.9,9,1200,2.44,15.61,,,,,,1.3,1.1,13.4,5.8,,,,,,,,,,2.6,3.8,,,
135,√ﬂ«≥∑…,2023-10-29,11,4.1,522,19.6,1456,,,,,,,5.4,50,1202,3.4,70,1200,.9,757,160,6.5,42,1458,76.4,9.7,993,1023.9,813,1019.6,1507,1022.3,10.8,9.9,1100,2.42,15.97,,,,,,.1,0,15.1,4.1,,,,,,,,,,2.4,3.5,,,
135,√ﬂ«≥∑…,2023-10-30,11.6,4.3,703,20.7,1516,,,,,,,8.4,250,1222,5.7,250,1230,1.7,1474,250,6.5,39,1527,74.5,9.8,993.6,1024.6,721,1020.1,1525,1022.9,10.8,9.7,1200,2.41,14.88,,,,,,1.4,.8,13.5,3.7,,,,,,,,,,2.7,3.8,,,
135,√ﬂ«≥∑…,2023-10-31,12.4,5.6,712,22.3,1444,,,,,,,7.4,270,1217,4.6,250,1234,1.5,1276,250,4.5,24,1412,64.6,8.5,993.1,1025,743,1019.5,1444,1022.4,10.8,9.7,1200,2.42,15.43,,,,,,1.4,0,14,4.3,,,,,,,,,,3.1,4.4,,,
135,√ﬂ«≥∑…,2023-11-01,14.5,4.1,651,24.2,1435,,,,,,,10.2,270,1308,6.2,250,1311,1.6,1403,50,8.9,44,1242,71.4,11.7,990.2,1022.2,130,1015.6,1431,1019.1,10.7,7.7,1200,2.11,12.76,,,,,,1.9,.1,14.9,4,,,,,,,,,,2.5,3.5,,,
135,√ﬂ«≥∑…,2023-11-02,16.4,8.9,700,26.7,1443,,,,,,,9.7,270,1133,5.8,270,1136,1.5,1337,270,6.6,18,1451,60.6,9.9,989,1020.4,757,1015,1515,1017.7,10.7,9.9,1200,2.37,14.67,,,,,,1.4,0,17.5,7.5,,,,,,,,,,3.8,5.4,,,
135,√ﬂ«≥∑…,2023-11-03,15.8,7,311,23.9,1347,,,,,,,10,270,1150,6.5,270,1202,1.9,1653,270,9.3,42,1349,67.8,11.9,987.7,1018.1,412,1013.5,1506,1016.4,10.7,8.8,1100,2.29,13.5,,,,,,4.4,2.4,18.3,6,,,,,,,,,,2.8,3.9,,,
135,√ﬂ«≥∑…,2023-11-04,16.6,13.3,348,20.3,1141,,,,,,0,7.2,50,1612,4.6,50,1811,1.9,1626,90,13.9,67,1143,84.6,15.9,992.2,1023.5,2240,1017.5,3,1020.9,10.6,0,1000,.92,4.76,,,,,,8.5,7.5,16.9,12.1,,,,,,,,,,1.2,1.7,,,
135,√ﬂ«≥∑…,2023-11-05,17.8,15.3,511,22.3,1342,,,,,,3.6,8.8,140,1635,5,110,1700,2.8,2442,70,14.7,64,1445,82.5,16.7,989.3,1023.5,1,1009.8,2359,1017.7,10.6,.3,1300,1.13,3.86,,,,,,8.6,8.3,18.2,15.3,,,,,,,,,,1.2,1.8,,,
135,√ﬂ«≥∑…,2023-11-06,15.1,9.6,2217,20.3,602,,,,,,5.6,20.8,250,1518,12.1,250,1526,5.4,4643,270,8.5,42,1700,66.9,12.3,979.4,1013.6,2356,1002.8,529,1007.9,10.6,1.9,1500,1.11,4.75,,,,,,6.6,5.3,15,7,,,,,,,,,,3,4.3,,,
135,√ﬂ«≥∑…,2023-11-07,8.1,2.9,2320,12.3,1447,,,,,,0,20,270,118,11.8,270,127,5.6,4857,270,-1.3,36,1540,52.6,5.6,990.7,1024.2,2320,1013.5,5,1020.4,10.5,8.4,1200,2.36,14.31,,,,,,2.1,2.1,10.3,2.2,,,,,,,,,,2.7,3.8,,,
135,√ﬂ«≥∑…,2023-11-08,6.2,-1.8,718,15.7,1445,,,,,,,5.9,110,1252,3.4,160,950,1.4,1218,20,-1.5,29,1340,62,5.5,993.5,1025.6,758,1020.5,1444,1023.4,10.5,9.5,1100,2,13.22,,,,,,.6,.3,10,-1.8,,,,,,,,,,2.1,3,,,
135,√ﬂ«≥∑…,2023-11-09,10.3,1.1,606,16.8,1201,,,,,,10.8,5.8,250,2327,3.8,250,2336,1,891,160,5.7,49,1202,75.1,9.5,991.3,1024,208,1018.4,1717,1020.7,10.5,4.4,1100,1.92,8.35,,,,,,7,5.8,12.1,1,,,,,,,,,,1.5,2.1,,,
135,√ﬂ«≥∑…,2023-11-10,5.7,1.3,2400,12.6,2,,,,,,3,11.9,250,1451,8.2,270,231,5.1,4370,270,-3.7,27,1548,53.4,5.1,994,1028.4,2322,1018.8,53,1024,10.4,4.2,1400,1.5,8.85,,,,,,5.9,5.4,7.5,-.5,,,,,,,,,,2.3,3.3,,,
135,√ﬂ«≥∑…,2023-11-11,1.7,-1.8,718,4.9,1319,,,,,,,8.6,250,1028,6.3,250,1039,3.8,3272,270,-7.3,40,1449,51.8,3.5,997.9,1029.8,834,1026.9,1533,1028.6,10.4,4.1,1000,1.83,7.53,,,,,,6.5,4.9,2.9,-1.8,,,,,,,,,,1.6,2.3,,,
135,√ﬂ«≥∑…,2023-11-12,1.4,-1.7,659,4.6,1309,,,,,,,14.4,270,1354,8.3,250,1241,4.2,3647,250,-5.9,48,1448,58.6,4,996.7,1029,751,1025.2,1453,1027.4,10.4,7.9,1300,2.36,13.1,,,,,,1.4,1,3.7,-2.1,,,,,,,,,,1.9,2.7,,,
135,√ﬂ«≥∑…,2023-11-13,2.5,-1.7,625,6.8,1429,,,,,,,12.9,250,1215,8,250,1457,4.7,4080,250,-7.2,29,1254,50.8,3.6,997.3,1029.9,946,1026.1,1457,1027.9,10.3,9.7,1200,2.32,14.27,,,,,,0,0,3.9,-2.5,,,,,,,,,,2.5,3.6,,,
135,√ﬂ«≥∑…,2023-11-14,4.7,.5,2314,10,1524,,,,,,,11.9,270,1436,7.7,250,1448,3.4,2938,270,-1.5,45,1412,65,5.5,996.9,1028.8,6,1024.8,1458,1027.1,10.3,8.3,1200,2.28,13.89,,,,,,4.3,2.9,6.1,-.9,,,,,,,,,,1.9,2.6,,,
135,√ﬂ«≥∑…,2023-11-15,4.5,-1.4,656,12.1,1442,,,,,,,10.2,250,1312,5.4,250,956,2,1686,250,-.4,43,1413,72.5,5.9,998.1,1030.5,807,1026.3,1406,1028.5,10.3,9.3,1200,2.1,12.77,,,,,,1.6,.1,6.2,-1.4,,,,,,,,,,1.8,2.6,,,
135,√ﬂ«≥∑…,2023-11-16,4.1,-1,113,6.2,1125,,,,,,8.3,7.8,270,2304,5.1,270,2305,1.7,1505,270,1.8,70,1111,85.1,7,991,1029,1,1016.3,2353,1021.2,10.3,0,1000,.44,2.3,,,,,,7.4,7,4.3,-1,,,,,,,,,,.8,1.1,,,
135,√ﬂ«≥∑…,2023-11-17,2.6,-1.8,2306,6.7,1214,,,,,,.6,12.9,290,422,7.4,250,422,4,3418,270,-4,29,1123,63.8,4.7,984,1016.9,731,1011.7,1406,1014.1,10.2,5.1,1100,1.9,9.28,,,,,,6.6,6.5,4.5,-1.8,,,,,,,,,,1.5,2.1,,,
135,√ﬂ«≥∑…,2023-11-18,.8,-4,626,5,1614,,,,,,.2,15.1,270,1350,8.8,270,1448,5.9,5122,270,-4.9,56,1649,66.1,4.3,987.6,1021.2,2348,1012.9,35,1018,10.2,2.9,1200,1.55,8.93,,,,,,4.5,4.5,1.5,-4,,,,,,,,,,1.6,2.3,,,
135,√ﬂ«≥∑…,2023-11-19,8,2.5,244,11.6,1543,,,,,,,13.8,290,2005,7.8,270,1006,5.2,4487,270,1.4,56,1334,63.5,6.8,988.2,1021.3,18,1014.3,1641,1017.8,10.2,3.4,1000,1.79,8.05,,,,,,3.6,2.9,7.4,.1,,,,,,,,,,2.2,3.1,,,
135,√ﬂ«≥∑…,2023-11-20,5.3,-.7,2305,12.3,1510,,,,,,,12,270,110,8.2,270,116,3.1,2682,250,-4.2,25,1633,52.6,4.5,993.8,1026.1,2244,1019.2,1,1023.9,10.1,9.5,1200,2.17,13.28,,,,,,0,0,7.3,-.7,,,,,,,,,,2.2,3.2,,,
135,√ﬂ«≥∑…,2023-11-21,4.7,-3.8,544,15.6,1447,,,,,,,6.9,250,1428,4.7,250,1112,1.3,1106,50,-3.9,18,1412,59.3,4.6,992.3,1025.8,11,1018.8,1523,1022.5,10.1,9.4,1200,2.19,13.47,,,,,,.6,0,6,-3.8,,,,,,,,,,2.3,3.3,,,
135,√ﬂ«≥∑…,2023-11-22,6.3,-2.6,734,17,1409,,,,,,,7.2,270,1249,5.1,250,1253,.9,818,250,-.1,29,1414,67.6,6.1,987.9,1022,142,1014,1654,1017.7,10.1,9.4,1200,2.13,12.82,,,,,,2.5,2,8.2,-2.6,,,,,,,,,,2.1,3.1,,,
135,√ﬂ«≥∑…,2023-11-23,11.1,4.6,121,18,1331,,,,,,,14.5,320,2102,9.2,270,1704,3.7,3193,270,1.7,24,1503,56.9,7.2,984.2,1018.7,2359,1009.4,1324,1013.3,10.1,7.1,1100,1.99,10.64,,,,,,3.6,3.5,12.3,4.4,,,,,,,,,,3.5,4.9,,,
135,√ﬂ«≥∑…,2023-11-24,.5,-3.1,2352,5.4,1,,,,,,,15.5,250,1218,9,250,1231,4.6,3950,270,-9.7,26,1409,47.3,3,996.8,1033.2,2353,1018.4,1,1027.5,10.1,9.1,1200,2.16,12.77,,,,,,.8,.1,4.1,-3.1,,,,,,,,,,2,2.8,,,
135,√ﬂ«≥∑…,2023-11-25,-1.7,-5.7,728,4.8,1524,,,,,,,8.4,250,928,6.1,270,707,2.9,2468,250,-14.3,14,1449,40.9,2.1,1001.4,1035.9,819,1030,1526,1032.6,10,9.3,1200,2.13,12.85,,,,,,.1,0,-.2,-5.7,,,,,,,,,,1.9,2.8,,,
135,√ﬂ«≥∑…,2023-11-26,3.1,-4.6,103,8.3,1358,,,,,,1.1,7.5,250,1226,5,250,1233,1.8,1538,270,-7.1,16,1030,50,3.9,995.2,1031.3,1,1021.1,2400,1025.6,10,5.8,1100,1.88,9,,,,,,7.6,7,3.3,-4.6,,,,,,,,,,1.4,2.1,,,
135,√ﬂ«≥∑…,2023-11-27,5.6,2.7,529,9,1601,,,,,,3.3,11.4,250,2243,5.2,270,2057,1.5,1334,270,3.2,70,1957,85.5,7.7,985.8,1021.2,30,1012.7,1453,1015.6,10,0,1000,.27,1.33,,,,,,7.1,7.1,5.7,2.7,,,,,,,,,,.9,1.2,,,
135,√ﬂ«≥∑…,2023-11-28,3.4,1,2328,5.9,25,1,.1,338,.1,600,.1,14.1,247.6,1446,8.4,250,1451,4.4,381600,270,-5,32.3,1031,55,4.3,990.7,1024.2,2355,1015.8,1,1021,10.6,7.7,1200,2,11.14,,,,,,2.1,2.1,4.5,-.3,,,,,,,,,,,,,,
135,√ﬂ«≥∑…,2023-11-29,2,-.5,559,5.1,1422,0,,,,,,17.1,275.7,2129,8.7,270,2136,3.3,281880,270,-4.1,50.8,1517,64,4.5,994.3,1027,2339,1022.1,1532,1024.8,10.6,1.5,1200,1.37,6.21,,,,,,7.1,6.6,2.6,-.4,,,,,,,,,,,,,,
135,√ﬂ«≥∑…,2023-11-30,-3.1,-6,733,-.4,1,,,,,,,16,270,315,8.4,270,355,5.3,4597,250,-12.3,36,1500,49.8,2.4,997.2,1030.9,937,1026.8,6,1028.4,9.9,9.1,1200,2.07,12.39,,,,,,1,.4,-1.1,-6,,,,,,,,,,1.7,2.4,,,
135,√ﬂ«≥∑…,2023-12-01,-1.7,-4.9,702,1.7,1502,,,,,,,14.1,270,1228,9,250,1219,4.9,4270,250,-9.7,34,1521,55.5,2.9,995.2,1028,2322,1024,1511,1026.2,9.9,9.1,1200,2.04,11.94,,,,,,1.4,1,-.3,-4.9,,,,,,,,,,1.6,2.2,,,
135,√ﬂ«≥∑…,2023-12-02,2.3,-4.1,424,6.4,1550,,,,,,0,12.4,290,1443,7.8,250,1601,2.7,2353,270,-4.3,51,1255,62.3,4.5,995.3,1028.4,809,1023.7,1955,1025.8,9.9,.9,1000,.9,5.17,,,,,,5.5,5.4,1.2,-4.1,,,,,,,,,,1.5,2.1,,,
135,√ﬂ«≥∑…,2023-12-03,1.8,-3.8,2254,6.5,1358,,,,,,,10.2,320,354,6.2,250,1500,3.1,2719,250,-8.3,28,1540,48.3,3.3,996,1028.3,952,1023.8,50,1026.5,9.9,9.1,1200,2.02,11.94,,,,,,.4,.4,3.5,-3.8,,,,,,,,,,1.7,2.5,,,
135,√ﬂ«≥∑…,2023-12-04,1,-6.4,738,9.4,1508,,,,,,,8.4,250,1258,5.5,250,1227,1.5,1295,250,-7.7,23,1350,56.4,3.4,992.2,1027.4,1,1018.9,1507,1022.7,9.8,8.4,1200,2.06,12.25,,,,,,2.9,2.6,2.6,-6.4,,,,,,,,,,1.8,2.5,,,
135,√ﬂ«≥∑…,2023-12-05,2.7,-4.3,415,11.6,1403,,,,,,,6.9,250,1435,4.9,250,1435,1.1,958,270,-4.5,28,1339,61.6,4.4,988.3,1021.5,1,1015.4,1408,1018.6,9.8,7.6,1200,1.95,10.46,,,,,,2.8,2.3,3.3,-4.3,,,,,,,,,,1.6,2.2,,,
135,√ﬂ«≥∑…,2023-12-06,4.1,-3.8,714,10.4,1448,,,,,,2,14,270,2102,8.8,270,2302,2,1705,140,-.5,50,1458,73.5,6,982.1,1018.1,2,1006.7,1741,1011.9,9.8,3.6,1200,1,6.69,,,,,,4.9,2.4,5.5,-3.8,,,,,,,,,,1.7,2.4,,,
135,√ﬂ«≥∑…,2023-12-07,4.8,-1,2259,10.3,1442,,,,,,,18.3,270,102,10.4,270,416,4.4,3805,270,-3.9,36,1302,55,4.6,986.5,1019.7,2210,1010.1,1,1016.5,9.8,8.6,1200,1.87,10.77,,,,,,0,0,5.7,-1,,,,,,,,,,1.9,2.7,,,
135,√ﬂ«≥∑…,2023-12-08,5.6,-2.3,433,15.6,1505,,,,,,,3.7,180,1036,2.3,160,1044,.9,769,50,-.2,40,1514,68.6,6.1,986.6,1019.5,756,1012.3,1512,1016.4,9.8,8.6,1200,2.02,10.65,,,,,,0,0,6.8,-2.3,,,,,,,,,,1.5,2.1,,,
135,√ﬂ«≥∑…,2023-12-09,9,2.2,635,18,1422,,,,,,,4.5,180,1401,3.2,160,1128,.9,762,160,4.7,47,1354,77.3,8.6,989.3,1022.3,2337,1015.5,26,1018.8,9.8,8.7,1100,1.64,9.18,,,,,,2.6,0,8.1,.1,,,,,,,,,,1.4,2,,,
135,√ﬂ«≥∑…,2023-12-10,10.5,2.7,756,16.3,1446,,,,,,,9.4,90,2024,6,70,2036,1.9,1671,70,6.2,59,1333,76,9.5,993.7,1025.1,843,1020.7,1446,1023.2,9.8,6.7,1100,1.65,9.5,,,,,,6.9,4.3,11.1,1.8,,,,,,,,,,2,2.8,,,
135,√ﬂ«≥∑…,2023-12-11,10.5,9.1,2331,11.8,1,,,,,,37.3,12.6,50,1742,7.7,50,1722,4.2,3623,70,8,66,1,85.4,10.8,987.1,1023.9,3,1011.2,1742,1016.4,9.8,0,1200,.22,.93,,,,,,8.1,8.1,9.7,7.3,,,,,,,,,,.6,.9,,,
135,√ﬂ«≥∑…,2023-12-12,7.1,5.4,712,9.3,10,,,,,,.3,8.1,50,222,5.3,50,230,2.5,2199,90,3,63,1536,76.1,7.6,991,1027.2,2321,1012.4,10,1020.8,9.8,.8,1400,.92,4.94,,,,,,5.3,5,7.6,5.4,,,,,,,,,,.9,1.3,,,
135,√ﬂ«≥∑…,2023-12-13,6.8,3,243,10.8,1441,,,,,,,5.2,90,2144,3.7,70,2149,1.6,1422,50,2.9,62,1444,77.1,7.5,998.6,1029.8,952,1027,27,1028.7,9.7,2.9,1100,1.71,7.96,,,,,,6.8,6.1,8.8,3,,,,,,,,,,1.2,1.7,,,
135,√ﬂ«≥∑…,2023-12-14,7.5,5.8,624,9.1,2310,,,,,,29.7,7,70,2215,5,70,2155,2.9,2504,90,5.1,71,953,85.3,8.8,994.1,1029.1,2,1017.2,2351,1023.9,9.7,0,1200,.26,1.24,,,,,,9.1,9.1,7.2,5.8,,,,,,,,,,.5,.7,,,
135,√ﬂ«≥∑…,2023-12-15,8.3,5.8,2358,11.8,1514,,,,,,39.5,9.9,250,2147,6.3,270,2150,2.2,1906,270,6.9,83,1600,91.8,10.1,982.9,1017.2,1,1008.1,1339,1012.3,9.7,0,1200,.26,1.13,,,,,,9.8,9.8,8.6,5.8,,,,,,,,,,.6,.9,,,
135,√ﬂ«≥∑…,2023-12-16,-2,-7.6,2354,5.8,1,,,,,,2.3,23.9,270,1452,12,270,1501,6.6,5738,270,-6.7,50,1505,70.9,4,990.3,1028.4,2358,1015.4,151,1021.2,9.7,1.6,1200,1.24,4.8,,,,,,7.8,7.5,-2,-7.6,,,,,,,,,,1,1.4,,,
135,√ﬂ«≥∑…,2023-12-17,-8.9,-11.4,716,-5.9,1433,,,,,,,15,270,231,7.8,290,1557,4.7,4096,270,-16.2,39,1423,55.8,1.7,1001.8,1037.1,2234,1028.4,3,1033.8,9.7,8.8,1200,2.02,11.64,,,,,,.3,.3,-7.6,-11.4,,,,,,,,,,1,1.4,,,
135,√ﬂ«≥∑…,2023-12-18,-6.5,-12.2,608,-3.2,1435,,,,,,,8.6,270,2121,5.4,250,1151,2.9,2509,270,-14.1,45,2357,55.5,2.1,1003.4,1038.3,322,1032.7,2338,1035.2,9.7,5.1,1200,1.64,8.21,,,,,,7,5.5,-6,-12.2,,,,,,,,,,1,1.5,,,
135,√ﬂ«≥∑…,2023-12-19,-3,-8,751,.6,1549,,,,,,0,7.9,270,246,5.8,270,245,1.9,1624,250,-10.8,36,1223,55.4,2.7,997.6,1033.1,11,1026,2339,1028.8,9.7,1.8,1000,1.33,4.73,,,,,,8.3,7.5,-3.1,-8,,,,,,,,,,.8,1.1,,,
135,√ﬂ«≥∑…,2023-12-20,-6,-10.4,2339,-1.4,213,,,,,,1.1,12.8,270,1735,6.4,250,1541,3.4,2951,270,-11.1,56,1750,67,2.7,995.2,1028.6,2245,1024.8,309,1026.7,9.7,.9,1000,1.2,4.94,,,,,,6.9,6.4,-5.3,-10.4,,,,,,,,,,.7,.9,,,
135,√ﬂ«≥∑…,2023-12-21,-10.4,-12.7,733,-7.1,1518,,,,,,,14.4,250,1237,8.2,250,1256,4.3,3725,270,-16.4,46,1334,61.4,1.7,998.2,1033.1,2249,1028,117,1030.4,9.7,7.8,1200,1.98,10.67,,,,,,.1,.1,-9.1,-12.7,,,,,,,,,,.9,1.3,,,
135,√ﬂ«≥∑…,2023-12-22,-9.9,-13.7,700,-6.5,1532,,,,,,,15.4,270,1405,9,270,1500,5.2,4506,270,-17.2,38,1422,55.8,1.6,1004,1039.4,2308,1032.5,41,1036.2,9.7,9,1200,2,11.39,,,,,,.4,.4,-9.1,-13.7,,,,,,,,,,1,1.5,,,
135,√ﬂ«≥∑…,2023-12-23,-6.4,-11.4,749,-1.2,1520,,,,,,,9.4,250,16,6.2,250,1158,2.8,2390,250,-13,44,1402,60.3,2.3,1005.6,1040,832,1035.1,2357,1037.5,9.7,8.2,1200,1.94,10.89,,,,,,3.3,2.3,-5.3,-11.4,,,,,,,,,,1,1.4,,,
135,√ﬂ«≥∑…,2023-12-24,-3.4,-7.6,136,1.7,1356,,,,,,.4,10,250,1400,5.8,250,1408,1.4,1226,250,-7.1,53,1423,75.8,3.6,1000.4,1035.2,24,1029.8,2347,1031.7,9.7,2.4,1300,2.05,7,,,,,,4.9,4.9,-3.1,-7.6,,,,,,,,,,.8,1.1,,,
135,√ﬂ«≥∑…,2023-12-25,-.7,-3.3,411,1.7,1415,,,,,,.1,11,250,1113,6,270,1121,3.2,2794,270,-5.3,57,1405,71.5,4.1,998.7,1030.8,1937,1028.5,431,1029.6,9.7,1.8,1000,1.51,5.36,,,,,,2.5,2.1,-.9,-3.3,,,,,,,,,,1,1.4,,,
135,√ﬂ«≥∑…,2023-12-26,2.2,0,16,6,1335,,,,,,,12.7,270,1358,8.2,250,1445,3.7,3189,270,-3.9,49,1428,64.4,4.6,999.3,1032.5,2359,1027.4,1436,1029.9,9.7,3.7,1300,1.86,7.78,,,,,,5,4.6,1.6,-1.7,,,,,,,,,,1.2,1.7,,,
135,√ﬂ«≥∑…,2023-12-27,1.3,-3,2311,8.3,1450,,,,,,,3.7,160,1520,2.9,160,1528,.8,668,50,-3.3,38,1421,73.4,4.8,1000.3,1033.1,942,1029.1,1411,1031,9.7,8.2,1200,1.81,10.27,,,,,,3,2.5,2.1,-3,,,,,,,,,,1.2,1.7,,,
135,√ﬂ«≥∑…,2023-12-28,.3,-4.1,419,5.6,1456,,,,,,,9.5,250,1412,6.3,250,1412,2.2,1923,250,-4.1,41,1500,73.8,4.5,998.3,1030.5,1,1027,1504,1029.1,9.7,8.2,1200,1.79,9.93,,,,,,.8,0,.1,-4.1,,,,,,,,,,1.3,1.8,,,
135,√ﬂ«≥∑…,2023-12-29,.4,-5.1,750,6.1,1357,,,,,,,9.2,320,1518,5.2,250,1112,1.8,1589,270,-4.1,48,1405,72.8,4.5,996.8,1030.8,245,1025.4,1538,1027.6,9.7,8.2,1200,1.87,10.64,,,,,,2.1,1.3,1.5,-5.1,,,,,,,,,,1.3,1.8,,,
135,√ﬂ«≥∑…,2023-12-30,.9,-4.4,541,4.9,1549,,,,,,.2,5.4,160,1627,4,160,1627,1.4,1181,50,-2.5,58,1502,78.8,5.1,988.8,1025.6,4,1013.7,2358,1019.2,9.7,.8,1100,.9,4.36,,,,,,6.5,5.6,.6,-4.4,,,,,,,,,,.6,.9,,,
135,√ﬂ«≥∑…,2023-12-31,2.4,0,2341,5,930,,,,,,4.2,15.8,250,1154,7.8,270,1055,3,2572,270,-.1,76,1034,83.9,6.1,987.9,1026.9,2334,1011.2,520,1018.2,9.7,0,1000,.1,.61,,,,,,4.9,4.9,2.2,-.5,,,,,,,,,,.5,.7,,,
135,√ﬂ«≥∑…,2024-01-01,2.4,-2.5,809,7.4,1337,,,,,,,6.9,90,1208,4.9,70,1217,1.2,1049,70,-1.2,56,1333,78.3,5.6,997.4,1030.8,933,1025.7,2358,1027.9,9.7,6,1200,1.96,9.27,,,,,,2.8,2.8,2.6,-2.5,,,,,,,,,,1.2,1.7,,,
135,√ﬂ«≥∑…,2024-01-02,4,2.2,2333,5.5,1320,,,,,,,7.6,270,1344,4.7,270,816,2.4,2046,270,-.9,61,1520,70.3,5.7,992,1025.7,1,1020.4,2229,1022.2,9.8,.3,1100,.88,3.39,,,,,,8.4,7.6,4.6,1.7,,,,,,,,,,.8,1.1,,,
135,√ﬂ«≥∑…,2024-01-03,1,-.7,553,4,1416,,,,,,2.3,11,270,1808,6.1,270,2122,3.2,2786,250,-2.3,61,1439,78.8,5.2,989.5,1022.3,2338,1017,1413,1020,9.8,.3,1300,.71,3.56,,,,,,6.6,6,1.2,-.7,,,,,,,,,,.8,1.1,,,
135,√ﬂ«≥∑…,2024-01-04,.1,-3.8,2359,5.5,1556,,,,,,,10.9,270,101,6.9,270,117,2.7,2329,270,-5.1,49,1444,69.3,4.2,992.5,1025.7,958,1021.5,1554,1023.2,9.8,9,1200,1.98,11.35,,,,,,0,0,.9,-3.8,,,,,,,,,,1.3,1.8,,,
135,√ﬂ«≥∑…,2024-01-05,4.4,-4.5,208,8.3,1458,,,,,,,11.6,250,1203,5.8,270,1144,2.5,2159,250,-.4,61,1436,71.6,6,990.9,1022.9,225,1019.3,1528,1021,9.8,.1,1000,.52,3.11,,,,,,4.1,4,2.9,-4.5,,,,,,,,,,1.1,1.6,,,
135,√ﬂ«≥∑…,2024-01-06,1.2,-2.6,2141,5,1,,,,,,.1,10.3,250,1433,6.7,250,1440,3.3,2871,270,-6.3,31,1502,59.6,3.9,991.6,1023.8,939,1020.6,8,1022.1,9.8,8.3,1200,2.02,11.28,,,,,,1,1,1.9,-2.6,,,,,,,,,,1.6,2.3,,,
135,√ﬂ«≥∑…,2024-01-07,-2.8,-6,2400,-.3,4,,,,,,.2,15.2,270,1134,8,250,1116,4.2,3634,270,-11.1,35,1137,53.8,2.7,994.7,1028.3,2257,1022.6,153,1025.8,9.8,8.4,1200,1.94,11.06,,,,,,1.9,1.9,-1.7,-6,,,,,,,,,,1.5,2.1,,,
135,√ﬂ«≥∑…,2024-01-08,-4.1,-8.9,630,1.5,1556,,,,,,,11.9,270,14,6.9,270,23,3,2586,270,-14.5,19,1533,46.5,2,995.9,1029.9,813,1024.7,1538,1027.2,9.8,9.1,1200,2.09,12.26,,,,,,1,0,-2.3,-8.9,,,,,,,,,,1.6,2.2,,,
135,√ﬂ«≥∑…,2024-01-09,-.9,-6.1,258,3.7,1340,,,,,,2.7,6.2,270,40,4.3,250,41,.9,818,20,-6.4,46,20,67.1,3.9,989.9,1025.5,25,1018,1446,1020.5,9.8,.6,1000,1.09,3.66,,,,,,8.9,8.5,-1.4,-6.1,,,,,,,,,,.6,.9,,,
135,√ﬂ«≥∑…,2024-01-10,-.1,-3.2,738,2.7,1318,,,,,,.4,8.1,270,1954,6.1,250,1516,3.6,3132,270,-3.1,69,1312,80.1,4.9,990.1,1022.6,1958,1018.4,59,1020.8,9.9,8,1200,1.94,9.6,,,,,,1.9,1.4,.6,-3.2,,,,,,,,,,1.1,1.6,,,
135,√ﬂ«≥∑…,2024-01-11,.4,-3.6,656,3.4,2242,,,,,,,13.3,270,1442,8.1,250,1410,5.4,4644,270,-4.6,60,1322,69.4,4.4,988.7,1022.2,736,1016.3,2218,1019.2,9.9,2.3,1300,1.83,8.18,,,,,,3.4,3.1,-.1,-3.6,,,,,,,,,,1.4,1.9,,,
135,√ﬂ«≥∑…,2024-01-12,3.4,-.7,2330,6.9,1522,,,,,,,12.1,270,1252,8.2,250,1317,4.5,3893,270,-6.4,26,1356,51.1,4,988.5,1021.7,2342,1016.4,1,1018.7,9.9,8.6,1200,2,11.17,,,,,,1.3,1.3,3.2,-1.5,,,,,,,,,,2.6,3.7,,,
135,√ﬂ«≥∑…,2024-01-13,-.6,-5.5,2252,5.1,1454,,,,,,,11.6,320,139,7.1,250,1153,3.5,3046,250,-11.6,26,1418,44.6,2.5,994.6,1028.2,2054,1021.6,1,1025.5,9.9,9.2,1200,2.05,11.98,,,,,,0,0,.2,-5.5,,,,,,,,,,1.6,2.4,,,
135,√ﬂ«≥∑…,2024-01-14,1.5,-7.9,334,11.6,1403,,,,,,6.7,12.5,270,1417,7.3,250,1418,2.7,2329,270,-3.8,43,1104,69.4,5,991.7,1027.4,14,1017.2,1416,1022.2,9.9,5.7,1200,1.9,8.68,,,,,,2.3,2.1,.1,-7.9,,,,,,,,,,1.6,2.2,,,
135,√ﬂ«≥∑…,2024-01-15,-2.1,-5,724,1.5,1604,,,,,,,13.1,270,424,7.8,250,1401,5,4332,250,-12.2,29,1735,47.9,2.5,996.6,1030.8,2340,1022.5,3,1027.7,10,9.3,1200,2.14,12.68,,,,,,.9,.1,-1.3,-5,,,,,,,,,,2,2.8,,,
135,√ﬂ«≥∑…,2024-01-16,-1.9,-7.2,709,5.1,1537,,,,,,,7.8,270,553,5.6,270,558,1.8,1586,50,-11.1,28,1544,51.1,2.7,1001.7,1034.7,931,1030.6,1,1032.9,10,8.4,1100,1.84,11.07,,,,,,2.5,1.6,-.6,-7.2,,,,,,,,,,1.2,1.8,,,
135,√ﬂ«≥∑…,2024-01-17,.3,-5.7,37,4.4,1336,,,,,,4.4,4.2,160,1424,2.4,160,1233,.7,619,50,-4.1,43,1353,74.4,4.6,996.2,1033,1,1022.3,2353,1027,10,0,1100,.75,2.95,,,,,,8.5,7.8,.3,-5.7,,,,,,,,,,.5,.7,,,
135,√ﬂ«≥∑…,2024-01-18,4.6,1,14,7.5,1356,,,,,,5.5,8.7,20,2250,5,70,2256,2.3,2020,70,3,85,1355,89.9,7.7,993.1,1027.9,2324,1020.4,409,1023.3,10,0,1200,.9,3.1,,,,,,8.9,8.9,4.2,.3,,,,,,,,,,.7,1,,,
135,√ﬂ«≥∑…,2024-01-19,3.8,3,2206,4.9,1513,,,,,,,10,90,1641,5.7,90,1644,3.8,3253,90,-.3,69,1515,74.9,6,998.8,1030.8,1008,1027.7,28,1029.2,10.1,0,1200,.51,2.67,,,,,,7.3,7.3,3.8,2.4,,,,,,,,,,.9,1.2,,,
135,√ﬂ«≥∑…,2024-01-20,2.4,.3,2152,3.7,651,,,,,,20.1,7.7,50,1019,5.1,70,1026,3.3,2851,90,.2,74,1,86,6.2,995.5,1029.6,1,1024.1,1422,1026,10.1,0,1200,.18,1,,,,,,9.5,9.5,2.5,.3,,,,,,,,,,.4,.5,,,
135,√ﬂ«≥∑…,2024-01-21,3.1,.6,2331,7.5,1259,,,,,,.1,9.8,270,2138,7.3,270,2006,2.3,1957,270,.3,59,1300,82.5,6.2,994.3,1026.5,2152,1022.6,1330,1024.6,10.1,1.6,1100,1.79,7.09,,,,,,5.5,4.8,3.8,.6,,,,,,,,,,1.1,1.5,,,
135,√ﬂ«≥∑…,2024-01-22,-5.7,-9.4,2306,.6,1,,,,,,,20.4,270,1502,11.1,250,1343,6.4,5506,270,-11.4,49,1441,64.5,2.7,995,1028.2,2137,1024.4,1450,1026.5,10.1,4.5,1200,2.01,10.34,,,,,,7.9,7.9,-2.2,-9.4,,,,,,,,,,1,1.5,,,
135,√ﬂ«≥∑…,2024-01-23,-10,-12.2,427,-6.7,1347,,,,,,,20.4,270,1318,11.6,250,1356,6.9,5948,270,-16.1,46,1344,61.1,1.7,993.6,1027.8,251,1022.3,1547,1025.5,10.1,5,1300,2.09,10.56,,,,,,7.3,7.1,-6.6,-12.2,,,,,,,,,,1,1.5,,,
135,√ﬂ«≥∑…,2024-01-24,-8.1,-11.4,231,-4.2,1522,,,,,,,16.4,290,1458,7.6,270,257,5.4,4659,290,-14.6,43,1438,60.1,2,994.4,1028.3,2352,1024,1522,1026.1,10.2,7.4,1200,2.07,12.78,,,,,,4.3,3.3,-4.7,-11.4,,,,,,,,,,1.3,1.9,,,
135,√ﬂ«≥∑…,2024-01-25,-4.8,-8.9,131,0,1547,,,,,,,13.2,250,1931,8.1,250,1308,5.1,4445,250,-14.3,30,1532,48.3,2,997.2,1030.1,2320,1026.7,1444,1028.6,10.2,9.5,1200,2.21,13.43,,,,,,.5,0,-3.5,-8.9,,,,,,,,,,2,2.9,,,
135,√ﬂ«≥∑…,2024-01-26,-1,-4.5,5,2.4,1537,,,,,,,13.5,270,1332,8.3,250,1211,5.1,4446,270,-8.3,51,737,57.6,3.3,998.4,1030.6,803,1027.5,1358,1029.3,10.2,8.3,1200,2.16,12.28,,,,,,2.5,1.4,-.6,-4.5,,,,,,,,,,1.6,2.2,,,
135,√ﬂ«≥∑…,2024-01-27,.3,-3.8,2336,5.1,1444,,,,,,,11.4,250,1304,6.6,250,1232,2.9,2511,270,-8.4,25,1525,54.1,3.3,996.6,1029.3,735,1025,1615,1027.4,10.3,8.9,1200,2.21,13.27,,,,,,1.4,1.3,1,-3.8,,,,,,,,,,1.8,2.6,,,
135,√ﬂ«≥∑…,2024-01-28,-1,-4,107,3.2,1333,,,,,,,13.2,250,1228,7.6,250,1216,2.9,2475,270,-7.6,44,1333,61.3,3.5,998.2,1031.6,2343,1026.7,438,1029.2,10.3,8.7,1100,2.27,13.22,,,,,,2.6,2.3,-.7,-4,,,,,,,,,,1.4,2,,,
135,√ﬂ«≥∑…,2024-01-29,-2.1,-6.6,451,3.3,1547,,,,,,,10.1,250,1115,6.3,250,1221,2.5,2150,250,-8.5,36,1612,63.5,3.2,1000.5,1033.2,916,1029.6,1518,1031.7,10.3,7.3,1200,2.27,12.88,,,,,,1.6,1.6,-1.2,-6.6,,,,,,,,,,1.3,1.8,,,
135,√ﬂ«≥∑…,2024-01-30,-.8,-8.7,751,7.5,1519,,,,,,,4.9,50,1522,3.5,160,1051,1.3,1082,50,-7.4,35,1521,63.6,3.5,998.8,1033.6,805,1027,1523,1029.8,10.3,9.3,1200,2.21,13.92,,,,,,3.8,2.6,1.1,-8.7,,,,,,,,,,1.6,2.4,,,
135,√ﬂ«≥∑…,2024-01-31,5.5,-1,7,12.4,1533,,,,,,0,7.4,250,1341,5,270,2348,1.9,1621,250,-5,21,1257,49.3,4.2,994.1,1027.5,239,1020.5,1528,1024.2,10.4,6.2,1300,1.88,10.56,,,,,,6.4,6.1,4.8,-1,,,,,,,,,,2.6,3.7,,,
135,√ﬂ«≥∑…,2024-02-01,4.2,2,2340,6.9,1439,,,,,,,10.2,70,1856,6.3,70,1846,3.6,3082,70,-4.1,43,1,55.5,4.5,994.8,1027.6,2354,1022.9,1446,1025.1,10.4,0,1100,.85,4.51,,,,,,9.9,9.6,4,-.2,,,,,,,,,,1.3,1.8,,,
135,√ﬂ«≥∑…,2024-02-02,2.7,.5,2049,8.1,1425,,,,,,,7.9,70,128,4.6,70,49,2.3,1974,70,-2.1,55,1425,71,5.3,997.4,1029.7,2343,1025.8,1402,1027.9,10.4,2.1,1400,1.82,7.46,,,,,,6.5,5.8,5.4,-.2,,,,,,,,,,1.1,1.6,,,
135,√ﬂ«≥∑…,2024-02-03,3.2,.4,607,6.6,1332,,,,,,1.8,6.7,50,1500,4.7,70,1455,2.4,2039,70,-.2,63,1335,78.9,6.1,997.9,1031,715,1026,1600,1028.4,10.5,0,1300,.92,4.67,,,,,,9.4,8.3,3.9,-.3,,,,,,,,,,.8,1.1,,,
135,√ﬂ«≥∑…,2024-02-04,4,2,535,6.3,1551,,,,,,1.8,9.9,70,2107,5.8,90,2115,2.7,2338,70,1.4,72,2039,83.6,6.8,995.7,1028.3,1032,1024.2,2342,1026,10.5,0,1200,.7,3.65,,,,,,9.4,9.3,4.9,2,,,,,,,,,,.7,1,,,
135,√ﬂ«≥∑…,2024-02-05,2.3,.5,818,4.5,1430,,,,,,17.6,11.9,70,1435,6.4,90,1400,3.3,2825,90,-.5,68,1900,81.9,5.9,990.6,1025.4,2338,1017.9,538,1021,10.5,0,1200,.74,3.4,,,,,,9.6,9.6,1.9,.3,,,,,,,,,,.6,.9,,,
135,√ﬂ«≥∑…,2024-02-06,.6,-.7,354,2.2,1616,,,,,,1.6,5.3,90,100,3.4,90,627,1.5,1300,270,-1.4,77,10,86,5.5,994.5,1026.8,849,1023.9,1539,1025.1,10.6,0,1400,.5,2.57,,,,,,9.9,9.8,.9,-.7,,,,,,,,,,.5,.7,,,
135,√ﬂ«≥∑…,2024-02-07,-.4,-3.4,2352,3.9,1513,,,,,,,7,250,1240,4.2,250,1226,2.3,1988,250,-6,47,1515,66.1,3.9,992.9,1025.5,909,1021.5,1532,1023.7,10.6,6.7,1300,2.42,14,,,,,,4.8,4.8,1.8,-3.4,,,,,,,,,,1.5,2.2,,,
135,√ﬂ«≥∑…,2024-02-08,-1.2,-6.4,615,5.1,1526,,,,,,,9.7,250,1411,5.7,250,1155,1.9,1635,250,-6.5,40,1714,68.9,3.8,991.4,1024.3,826,1019.7,1526,1022.2,10.6,9.5,1200,2.39,15.35,,,,,,3.1,1.6,-.1,-6.4,,,,,,,,,,1.6,2.2,,,
135,√ﬂ«≥∑…,2024-02-09,.1,-5,637,5.5,1453,,,,,,,11.1,250,1718,7.2,250,1723,3.1,2693,250,-6.8,35,1518,62,3.7,992,1024.2,2352,1020.1,1454,1022.7,10.7,9.4,1200,2.49,15.89,,,,,,1.3,.8,1.7,-5,,,,,,,,,,2.1,3,,,
135,√ﬂ«≥∑…,2024-02-10,1.6,-1.8,159,6.5,1427,,,,,,,11.7,250,1433,7.3,250,1437,3.5,3040,270,-5,37,1429,62.4,4.2,993.5,1025.2,939,1021.9,1433,1024,10.7,6.2,1200,2.21,11.51,,,,,,1.9,1.9,1.3,-2,,,,,,,,,,1.7,2.4,,,
135,√ﬂ«≥∑…,2024-02-11,1.1,-3,625,4,1637,,,,,,,13.3,250,2329,7.2,270,2149,3.9,3344,270,-5.9,48,1915,59.3,4,994.3,1028.1,2249,1022,1459,1024.9,10.7,3.5,1000,1.56,8.22,,,,,,2.9,2.9,.5,-3,,,,,,,,,,1.3,1.8,,,
135,√ﬂ«≥∑…,2024-02-12,2.1,-6,724,11.6,1613,,,,,,,7.3,250,130,4.3,250,1216,1.2,1048,250,-7.8,17,1516,55.1,3.5,999.3,1032.6,744,1026.9,1609,1030,10.8,10,1200,2.57,17.1,,,,,,0,0,2.9,-6,,,,,,,,,,2.4,3.5,,,
135,√ﬂ«≥∑…,2024-02-13,5.8,-4.5,539,15.7,1630,,,,,,,10.6,270,1309,6.3,270,1641,1.6,1405,250,-1.7,35,1652,62.1,5.5,996.9,1030.5,206,1023.2,1657,1027,10.8,9.9,1200,2.49,16.11,,,,,,1,1,4.5,-4.5,,,,,,,,,,2.7,3.8,,,
135,√ﬂ«≥∑…,2024-02-14,9.5,4.5,1,17.8,1610,,,,,,.4,6.6,140,1511,3.8,160,1531,.9,791,90,5.3,52,1650,76.3,9,992.4,1026.5,6,1018.3,1610,1022,10.8,2.7,1200,1.45,8.3,,,,,,6.3,4.8,11,2.8,,,,,,,,,,1.4,1.9,,,
135,√ﬂ«≥∑…,2024-02-15,4.3,-.4,2342,12.5,1056,,,,,,.4,13.4,290,1432,6.7,270,1232,2.4,2108,270,1.5,69,1849,81.9,7.2,989.2,1025.8,2245,1013.7,1142,1019.3,10.9,.5,800,.47,2.49,,,,,,7.1,6.4,3.8,-.4,,,,,,,,,,.7,1,,,
135,√ﬂ«≥∑…,2024-02-16,2,-2.7,2335,8.6,1536,,,,,,,7.1,110,920,4.3,90,947,1.3,1150,50,-4.8,38,1518,62.5,4.3,994.5,1028,835,1021.9,1621,1025,10.9,9.5,1100,2.65,16.65,,,,,,2.9,2.6,5.7,-2.7,,,,,,,,,,2,2.8,,,
135,√ﬂ«≥∑…,2024-02-17,3.2,-5.7,659,13.9,1632,,,,,,,5,160,1207,3.8,160,1650,.9,816,160,-4,31,1639,64.1,4.6,992.2,1025.4,800,1019.2,1546,1022.6,10.9,10.2,1200,2.64,17.79,,,,,,0,0,4.3,-5.7,,,,,,,,,,2.2,3.2,,,
135,√ﬂ«≥∑…,2024-02-18,6.3,-2.5,208,12.1,1322,,,,,,12.4,8.6,70,2320,5,70,2326,1.9,1683,70,2.2,48,1200,77,7.6,990,1023.8,831,1013.8,2355,1019.9,11,1.9,1100,2.58,8.1,,,,,,6.8,6.6,4.4,-2.5,,,,,,,,,,1.2,1.8,,,
135,√ﬂ«≥∑…,2024-02-19,11.8,7.6,2343,15.8,1247,,,,,,31,11.1,270,1753,6.7,270,1808,2.3,2023,270,10.1,82,1311,89.5,12.5,983,1018.1,2332,1008.6,1325,1012,11,.3,1200,1.37,3.94,,,,,,8.1,8.1,11.3,7.6,,,,,,,,,,.9,1.3,,,
135,√ﬂ«≥∑…,2024-02-20,4.9,3.5,2152,7.6,1,,,,,,6.9,11,50,1835,7.2,70,1233,4.4,3774,70,3.3,87,2027,89.6,7.7,993.4,1026.2,2103,1017.8,2,1023.5,11,0,1100,.23,1.27,,,,,,9.8,9.6,5,3.5,,,,,,,,,,.5,.7,,,
135,√ﬂ«≥∑…,2024-02-21,2.6,1.2,2339,3.7,20,,,,,,14.7,11.9,90,811,7.5,90,813,5.2,4461,70,.8,85,1549,88.5,6.5,992,1025.4,19,1020.2,1455,1022.4,11.1,0,1200,.29,1.54,,,,,,10,10,2.7,1.2,,,,,,,,,,.5,.7,,,
135,√ﬂ«≥∑…,2024-02-22,.3,-.7,2313,1.8,1431,,,,,,5.9,10.6,70,755,6.3,70,757,3.5,3001,70,-1.8,75,1546,85.8,5.4,996.5,1029.5,2143,1023.2,2,1027.3,11.1,0,1200,.7,3.52,,,,,,9.8,9.6,.4,-.7,,,,,,,,,,.6,.8,,,
135,√ﬂ«≥∑…,2024-02-23,.6,-1,525,3.1,1539,,,,,,.4,8.6,70,1951,5.8,70,1953,3,2601,90,-3.2,66,1526,75.8,4.8,999.9,1033.7,2117,1028.1,333,1030.8,11.2,0,1200,1.33,6.59,,,,,,10,10,1.4,-1,,,,,,,,,,1.1,1.6,,,
135,√ﬂ«≥∑…,2024-02-24,1.1,-.4,432,3.5,1443,,,,,,1.9,9.4,90,1423,5.9,70,418,3.9,3412,70,-3.9,59,1306,70.1,4.6,998.9,1033.2,215,1025.8,2348,1029.6,11.2,0,1200,1.34,6.57,,,,,,9.9,9.9,2.1,-.4,,,,,,,,,,.9,1.4,,,
135,√ﬂ«≥∑…,2024-02-25,1.6,-.7,222,4.5,1407,,,,,,1.1,6.7,290,1820,4,290,1825,1.5,1302,270,-.8,72,1909,84.3,5.8,993.5,1026.2,2400,1021.7,1418,1024,11.2,.1,1100,1,5.46,,,,,,9.4,9.4,1.7,-.7,,,,,,,,,,.8,1.2,,,
135,√ﬂ«≥∑…,2024-02-26,3.1,-.5,346,7,1325,,,,,,,6.5,250,719,4.7,270,719,2.4,2044,270,-2.6,45,1736,67.3,5.1,997.5,1030.6,2338,1026.1,2,1028,11.3,2.8,1000,2.31,10.26,,,,,,6,6,4.3,-.5,,,,,,,,,,1.2,1.8,,,
135,√ﬂ«≥∑…,2024-02-27,1.6,-3,355,6.7,1405,,,,,,,10.1,70,1134,6.7,70,1141,2.3,2001,70,-4.6,45,1343,64.3,4.3,1001,1033.2,847,1029.8,1617,1031.8,11.3,4.6,1100,1.94,12.47,,,,,,5.5,4.8,3,-3,,,,,,,,,,1.6,2.3,,,
135,√ﬂ«≥∑…,2024-02-28,2.5,-3.3,725,8.8,1449,,,,,,,5,70,1510,3.6,70,1510,1.7,1447,50,-3.3,45,1600,67.1,4.8,998.9,1033,23,1026.8,1617,1029.5,11.3,6.2,1000,2.1,13.18,,,,,,4.1,2.5,3.3,-3.3,,,,,,,,,,1.5,2.2,,,
135,√ﬂ«≥∑…,2024-02-29,2.2,-1,319,4.1,1212,,,,,,2.1,12.2,270,2308,7.7,270,2313,1.6,1347,50,-.8,65,2359,81.1,5.8,992.8,1028.3,104,1019.7,2308,1023.2,11.4,0,1400,.38,2.68,,,,,,9.3,8.5,2.4,-1,,,,,,,,,,1,1.5,,,
135,√ﬂ«≥∑…,2024-03-01,-3,-7,2400,2.2,1,,,,,,,18.5,250,1151,11.1,270,121,5.8,4981,270,-15.2,25,921,40,2,992,1026.3,2342,1019.8,24,1023.1,11.4,10.6,1200,2.98,19.7,,,,,,2.5,1.9,-.2,-7,,,,,,,,,,2.4,3.4,,,
135,√ﬂ«≥∑…,2024-03-02,-2,-9.9,659,4,1441,,,,,,,11,270,1525,7.1,250,1510,3.1,2687,270,-11.3,29,1426,50.1,2.7,991.3,1026.6,117,1018.5,1652,1022.2,11.5,10.5,1200,2.83,19.31,,,,,,.9,.9,-.5,-9.9,,,,,,,,,,2.1,3.1,,,
135,√ﬂ«≥∑…,2024-03-03,4.4,.1,310,8.6,1536,,,,,,.4,13.8,250,1344,8.3,270,1548,4.8,4123,270,-1.6,44,1537,65.9,5.5,988.5,1020.6,2350,1016.3,1608,1018.6,11.5,2.9,1300,1.85,10.48,,,,,,5,5,4.6,-1,,,,,,,,,,1.8,2.6,,,
135,√ﬂ«≥∑…,2024-03-04,7.2,1.2,637,12.9,1500,,,,,,,7.1,270,34,4.5,270,37,2,1734,70,-1.2,29,1501,57.8,5.6,991,1023.8,903,1018.7,2323,1020.8,11.5,6.5,1200,2.45,14.8,,,,,,4.6,3,10.8,-.3,,,,,,,,,,2.3,3.3,,,
135,√ﬂ«≥∑…,2024-03-05,4.4,3.2,603,7.6,2,,,,,,7.2,8.5,50,1738,5,50,1755,3,2585,70,2,55,2,84.8,7.1,985.7,1019.6,150,1012.5,1559,1015.6,11.6,0,1000,.3,1.85,,,,,,10,10,4.1,3.2,,,,,,,,,,.6,.8,,,
135,√ﬂ«≥∑…,2024-03-06,5.3,.3,729,10.3,1259,,,,,,0,7.4,90,1859,4.6,70,1845,2,1701,70,.4,50,1312,72.5,6.3,986.7,1020.1,2345,1014.3,250,1016.5,11.6,5.4,1100,2.92,13.18,,,,,,7,6.8,6.3,.3,,,,,,,,,,1.8,2.6,,,
135,√ﬂ«≥∑…,2024-03-07,3.1,.4,2351,7.5,1346,,,,,,.1,11.5,250,1436,7.1,250,1441,3.5,3020,270,-4.1,38,1434,61.8,4.7,987.7,1020.2,102,1014.9,1503,1017.9,11.6,4.4,1400,2.09,10.56,,,,,,5.8,5,5.1,-1.4,,,,,,,,,,2.1,3.1,,,
135,√ﬂ«≥∑…,2024-03-08,2,-1.2,2400,7.1,1408,,,,,,,21.9,270,1455,10.9,250,1701,5.4,4690,270,-9,22,1532,46.8,3.2,987.9,1021.8,2354,1015.4,1455,1018.2,11.7,8.9,1200,3.01,19.23,,,,,,1.4,1.4,4.2,-1.7,,,,,,,,,,3.1,4.5,,,
135,√ﬂ«≥∑…,2024-03-09,1.7,-4.7,652,7.3,1537,,,,,,,9.4,270,1255,5.8,250,1226,3.2,2769,250,-10.1,20,1622,43.5,2.9,994,1027.7,2350,1021.8,1,1024.5,11.7,10.7,1200,3.02,20.86,,,,,,0,0,5,-4.7,,,,,,,,,,2.9,4.1,,,
135,√ﬂ«≥∑…,2024-03-10,3.2,-4.1,444,10.6,1502,,,,,,,10.5,250,1547,6.3,250,1440,2.6,2227,250,-8.4,19,1535,46.3,3.3,998,1030.7,823,1026.1,1744,1028.5,11.8,10.7,1200,3.04,20.85,,,,,,1,1,4.2,-4.1,,,,,,,,,,3.2,4.6,,,
135,√ﬂ«≥∑…,2024-03-11,4.4,-3.3,710,11.7,1326,,,,,,,8.7,250,1337,5.5,250,1341,1.3,1101,50,-4.4,23,1328,56.1,4.5,990.9,1028.5,3,1017.1,1829,1021,11.8,3.7,1200,1.71,10.18,,,,,,5.8,4.9,5.1,-3.3,,,,,,,,,,1.8,2.5,,,
135,√ﬂ«≥∑…,2024-03-12,4.3,-1.4,511,8.8,1429,,,,,,0,8.1,270,1553,5.2,250,1445,2.1,1806,250,.7,59,1508,78.5,6.5,985.9,1019.5,2311,1013,1441,1015.9,11.8,.2,1400,1.08,5.47,,,,,,6.4,6,5.1,-1.4,,,,,,,,,,1.1,1.5,,,
135,√ﬂ«≥∑…,2024-03-13,6.3,-.5,641,12,1428,,,,,,,13.8,250,1519,7.6,270,1527,3.6,3151,270,-3.9,22,1449,52.5,4.7,991.2,1022.9,856,1018.3,1607,1021.1,11.9,10.8,1200,3.09,21.29,,,,,,0,0,9.3,-.7,,,,,,,,,,4.2,6,,,
135,√ﬂ«≥∑…,2024-03-14,8.5,.3,657,15,1429,,,,,,,11,270,1532,6.7,250,1241,3.8,3259,270,-4.1,18,1535,42.4,4.5,992.2,1023.5,2338,1019.2,1640,1021.9,11.9,10.7,1200,3.08,21.1,,,,,,.6,0,11.4,-.9,,,,,,,,,,4.4,6.2,,,
135,√ﬂ«≥∑…,2024-03-15,9.4,-.8,647,16.8,1337,,,,,,,15.6,270,1407,9,250,1330,3.6,3135,250,-5.5,14,1407,37.9,4.1,994.3,1025.5,743,1020.9,1526,1023.9,12,10.8,1200,3.09,21.29,,,,,,0,0,11.2,-.8,,,,,,,,,,5.3,7.5,,,
135,√ﬂ«≥∑…,2024-03-16,11.4,-.3,715,20,1607,,,,,,,9.5,250,1829,5.2,270,1825,2,1721,270,-2.9,19,1616,39.4,5,991.6,1026.4,134,1016.1,1631,1020.9,12,9,1200,2.97,19.15,,,,,,4,3.1,14.2,-.5,,,,,,,,,,4.5,6.4,,,
135,√ﬂ«≥∑…,2024-03-17,9.8,3.8,2354,15.1,1213,,,,,,,15.2,270,1712,8.4,250,1305,4.1,3516,270,-1.8,17,1701,46.9,5.7,986.7,1020.9,2356,1012.7,1457,1016,12,6.6,1200,2.67,16.5,,,,,,5.8,3.6,12.2,2.7,,,,,,,,,,3.6,5.2,,,
135,√ﬂ«≥∑…,2024-03-18,7.6,-1.9,653,14.1,1534,,,,,,,12.9,270,1535,6.3,270,14,2.7,2324,250,-8.9,12,1252,34.1,3.2,991.5,1025.1,740,1018.4,1607,1021.2,12.1,10.1,1200,3.13,21.53,,,,,,3.1,2.1,10.1,-1.9,,,,,,,,,,4.6,6.6,,,
135,√ﬂ«≥∑…,2024-03-19,6.5,3,2159,12.2,1152,,,,,,0,17.5,250,1922,10.5,270,1345,5.3,4571,270,-4.1,23,538,47.9,4.7,986.6,1020.5,110,1011.1,1634,1016.3,12.1,3.1,1100,2.58,10.92,,,,,,7.5,5.8,6.5,2.9,,,,,,,,,,2.9,4.1,,,
135,√ﬂ«≥∑…,2024-03-20,3.7,.2,2356,8.1,1527,,,,,,,17.9,270,1330,9,270,1334,5,4358,270,-8.7,18,1428,42.5,3.3,989.6,1021.8,921,1016.6,43,1019.8,12.1,9.5,1300,2.76,20.64,,,,,,2.8,1.6,7.1,-.5,,,,,,,,,,3.4,4.8,,,
135,√ﬂ«≥∑…,2024-03-21,3.4,-3.3,700,10.1,1614,,,,,,,11,250,1528,6.9,250,1536,3,2618,270,-6.9,27,1412,49.4,3.7,989,1021.5,21,1016.2,1742,1019.2,12.2,11,1200,3.15,22.04,,,,,,1.5,.6,6.2,-3.3,,,,,,,,,,3.1,4.4,,,
135,√ﬂ«≥∑…,2024-03-22,8,-1.3,29,15.5,1418,,,,,,.8,11.9,160,1723,7.8,160,1732,2.9,2500,140,.8,34,1337,62.6,6.7,985.3,1020.5,33,1010.3,1718,1014.9,12.2,7.1,1200,3.07,17.54,,,,,,7.3,6.8,10.2,-1.3,,,,,,,,,,3.2,4.6,,,
135,√ﬂ«≥∑…,2024-03-23,14.2,8.2,2302,20.7,1459,,,,,,.1,9.2,250,1232,5.5,250,1302,2.2,1920,250,3.5,20,1618,54,8.1,985.5,1017.7,2400,1009.8,311,1014.3,12.3,8.4,1200,3.15,21.01,,,,,,6.1,4.1,15.9,7.6,,,,,,,,,,4.4,6.3,,,
135,√ﬂ«≥∑…,2024-03-24,11.2,9,340,14.8,1422,,,,,,0,11.5,70,1047,7.9,70,1045,3.9,3399,70,3.6,42,1044,61,7.9,989.1,1020.2,952,1016,1656,1018.4,12.3,1,1000,1.67,9.27,,,,,,9.9,8.6,13.6,8.3,,,,,,,,,,2.2,3.1,,,
135,√ﬂ«≥∑…,2024-03-25,7.8,4.5,2345,11.1,1214,,,,,,10.8,11.6,50,2252,7.3,70,2254,4,3446,70,3.9,60,1306,77,8.1,987.2,1019.1,13,1014.8,1539,1016.8,12.3,0,1000,.86,3.26,,,,,,9.8,9.8,7.9,4.5,,,,,,,,,,1,1.4,,,
135,√ﬂ«≥∑…,2024-03-26,5.6,2.5,823,9.2,1322,,,,,,19.9,8,90,112,4.6,90,31,2,1719,20,2.5,63,1326,81,7.3,989.5,1024.8,2357,1012.8,306,1019.4,12.4,.1,1300,1.92,9.01,,,,,,8.4,8.4,7.8,2.5,,,,,,,,,,1.2,1.7,,,
135,√ﬂ«≥∑…,2024-03-27,8.7,-1.3,607,16.1,1440,,,,,,,5.8,160,1511,3.3,180,1424,1.1,957,160,3.7,43,1337,73.6,8.1,993.3,1026.6,646,1019.8,2355,1023,12.4,8.2,1100,2.89,19.51,,,,,,5.3,3.3,11.8,-1.3,,,,,,,,,,2.5,3.6,,,
135,√ﬂ«≥∑…,2024-03-28,7.9,7.1,1814,9.3,203,,,,,,26.3,9.4,270,2207,5.6,250,2214,1.9,1666,70,5.8,77,450,87.1,9.2,981.1,1020,30,1005.2,1950,1010.5,12.5,0,1200,.39,2.04,,,,,,8.3,7.4,8,7.1,,,,,,,,,,.8,1.2,,,
135,√ﬂ«≥∑…,2024-03-29,10,3.5,624,17.2,1118,,,,,,0,15.2,270,1659,9.2,270,1634,5,4334,270,2.4,31,1043,61,7.4,978.3,1013.6,2345,1003.3,1108,1007.4,12.5,4.5,1100,3.13,12.43,,,,,,1.6,1.1,11.6,3.5,,,,,,,,,,3,4.2,,,
135,√ﬂ«≥∑…,2024-03-30,8.7,-1,625,14.5,1827,,,,,,0,12.6,270,2100,7.9,270,2018,2.6,2227,270,1.6,27,1108,63,7.1,982.8,1016,341,1007.6,1708,1012.2,12.5,4.6,1000,2.29,11.4,,,,,,2.4,2.3,10.7,-1,,,,,,,,,,2.2,3.2,,,
135,√ﬂ«≥∑…,2024-03-31,10.5,1,619,19.1,1504,,,,,,,9.3,320,54,5.6,290,56,1.8,1585,90,-3.3,12,1305,44.9,5,982.9,1016.5,610,1007.6,1603,1012.1,12.6,10.5,1200,3.14,21.79,,,,,,2.1,0,14.7,1,,,,,,,,,,4.3,6.2,,,
135,√ﬂ«≥∑…,2024-04-01,12.5,3.7,605,20.8,1603,,,,,,,12.5,250,1412,7.3,250,1418,2.7,2321,270,-3,17,1459,36.9,4.9,985.2,1016.4,1038,1012,1,1014.2,12.6,11.5,1200,3.3,23.53,,,,,,.3,0,13.9,3.2,,,,,,,,,,5.1,7.3,,,
135,√ﬂ«≥∑…,2024-04-02,14.4,3.2,523,23.7,1504,,.6,2306,1.4,2235,1.4,8.1,140,2153,4.7,140,1732,1.7,1434,160,2.2,23,1508,49.1,7.3,984.6,1017.2,726,1010.1,1848,1013.4,12.6,8.2,1300,2.75,19.2,,,,,,7.8,4.9,17.8,3.2,,,,,,,,,,4.1,5.8,,,
135,√ﬂ«≥∑…,2024-04-03,12,10.8,2350,13.2,1538,,.7,1423,3.1,1345,18.6,10.1,50,419,6.7,70,420,2.9,2489,90,10.4,75,42,90.3,12.6,978.5,1011.5,1,1004.4,1510,1007.3,12.7,0,1100,.7,3.93,,,,,,9.6,9.6,12.5,10.8,,,,,,,,,,.7,1,,,
135,√ﬂ«≥∑…,2024-04-04,11.3,9.3,2351,13.5,1631,,0,,0,,0,9.3,90,937,5.2,70,1308,2.2,1874,90,6.7,50,2322,75.3,10,986.8,1020.9,2333,1010.1,157,1015.9,12.7,0,1100,1.34,5.44,,,,,,8.6,8.6,11.6,8.7,,,,,,,,,,1.5,2.2,,,
135,√ﬂ«≥∑…,2024-04-05,11.4,7.6,344,17.1,1557,,,,,,,7.5,250,1547,4.5,250,1551,2,1726,250,5.2,46,1654,66.9,8.8,990.3,1021.3,811,1016.7,1653,1019.6,12.7,4.6,1400,2.37,16.11,,,,,,6.6,5.3,14,7.6,,,,,,,,,,2.4,3.5,,,
135,√ﬂ«≥∑…,2024-04-06,12.4,5.9,633,19.1,1515,,,,,,,7.8,250,1025,5.5,250,1008,2,1750,250,4,32,1634,60.8,8.2,989.6,1021.4,738,1015.1,1755,1018.7,12.8,5.1,1200,2.32,15.76,,,,,,6.9,4.8,14.2,5.9,,,,,,,,,,3.2,4.5,,,
135,√ﬂ«≥∑…,2024-04-07,14.7,5.3,614,23.5,1549,,,,,,,7.5,250,1459,4.6,250,1039,1.9,1626,250,2.3,22,1625,47.4,7.2,988.3,1020,720,1013.3,1624,1017.2,12.8,11.1,1200,3.25,23.96,,,,,,3.1,1.3,16.8,5.3,,,,,,,,,,5.2,7.5,,,
135,√ﬂ«≥∑…,2024-04-08,16.7,6.6,535,23.2,1445,,,,,,,7.3,270,1733,5.6,250,1003,2.2,1912,270,3.4,24,1345,44,7.8,986.9,1018.6,704,1012.9,1548,1015.5,12.9,4.3,1000,2.23,14.8,,,,,,6.9,6.6,18.7,6.5,,,,,,,,,,3.9,5.6,,,
135,√ﬂ«≥∑…,2024-04-09,12.6,7.1,2345,18.4,1501,,,,,,,9.6,140,930,6.2,110,933,3.6,3109,90,1,26,1309,47.5,6.7,992.1,1026.8,2336,1014.8,1,1021.3,12.9,8.9,1200,3.33,22.88,,,,,,2.9,2.1,16.5,7.1,,,,,,,,,,4.9,7,,,
135,√ﬂ«≥∑…,2024-04-10,11.2,4,613,18.5,1544,,,,,,,6,50,107,4.1,70,37,1.8,1555,50,3.3,39,1415,59.9,7.8,995.9,1028.7,745,1022.2,1722,1025.3,12.9,9.2,1100,2.88,19.95,,,,,,6.8,4.3,16.1,4,,,,,,,,,,2.8,4,,,
135,√ﬂ«≥∑…,2024-04-11,14.2,8.3,542,21.9,1600,,,,,,,6.7,270,1317,4.1,180,1754,1.3,1096,230,5.9,30,1323,60.1,9.3,992.3,1024.7,4,1017.4,1708,1021.2,13,6.5,1200,3.12,18.54,,,,,,5.4,4.9,18.3,8.3,,,,,,,,,,3.4,4.9,,,
135,√ﬂ«≥∑…,2024-04-12,16,6.3,620,24.6,1517,,,,,,,5.3,250,1121,3.3,250,1113,1.2,1010,200,6.2,28,1731,57.4,9.6,989,1021.3,20,1013.7,1629,1017.7,13,10.4,1200,3.34,22.93,,,,,,3.5,0,19.7,6.3,,,,,,,,,,4.3,6.1,,,
135,√ﬂ«≥∑…,2024-04-13,18.2,10.6,531,26.7,1456,,,,,,,8.5,250,932,5.9,250,916,1.8,1546,20,6.3,22,1401,49.9,9.6,988.4,1018.8,655,1014.1,1648,1016.9,13.1,11.9,1200,3.38,25.26,,,,,,0,0,21,9,,,,,,,,,,5.5,7.8,,,
135,√ﬂ«≥∑…,2024-04-14,18.4,8.3,609,25.8,1455,,,,,,,9.6,140,1136,5.6,110,1552,2.3,2011,140,6.3,21,1227,49.6,9.6,988.8,1020.1,702,1014.5,1549,1017.1,13.1,10.5,1100,3.17,23.57,,,,,,4.3,.1,20.9,8.3,,,,,,,,,,5.6,8,,,
135,√ﬂ«≥∑…,2024-04-15,15.4,13.8,1251,18,7,,4.8,1239,12,1155,16.5,8.4,90,1000,5.1,270,2223,1.9,1672,70,11.7,51,1,79.8,13.8,982.9,1015.4,1,1009.4,1632,1011.6,13.1,0,1500,.53,2.79,,,,,,7.3,6.3,15.2,12.9,,,,,,,,,,.8,1.2,,,
135,√ﬂ«≥∑…,2024-04-16,14.4,9.3,2333,20.1,1543,,,,,,,12.7,270,1523,7,250,1539,3.4,2917,270,7.7,32,1633,67.3,10.6,983.1,1014.2,2358,1009.6,1502,1011.8,13.2,6.6,1200,3.36,18.37,,,,,,1.8,1.8,17.1,9.3,,,,,,,,,,3.7,5.3,,,
135,√ﬂ«≥∑…,2024-04-17,14.9,6,247,23,1503,,,,,,,7.1,250,834,4.6,250,829,1.9,1628,50,5.5,29,1332,57.5,9.1,982.6,1014.8,226,1007.7,1705,1011.3,13.2,11.2,1200,3.34,24,,,,,,4.4,3.1,17.8,6,,,,,,,,,,4.4,6.2,,,
135,√ﬂ«≥∑…,2024-04-18,16.6,8.4,630,24.2,1441,,,,,,,8.9,270,1517,5,250,1602,2.4,2055,270,5.1,20,1239,50,8.8,981.3,1012.6,2355,1006.5,1542,1009.7,13.2,11.4,1200,3.39,24.79,,,,,,0,0,17.7,8.4,,,,,,,,,,5.6,8,,,
135,√ﬂ«≥∑…,2024-04-19,18,7.1,535,26.1,1506,,,,,,,8.6,250,1516,5.2,250,1216,2.1,1850,20,3.4,19,1206,41.8,7.9,983.6,1014.5,702,1008.8,1546,1011.9,13.3,11,1200,3.4,25.12,,,,,,3.4,2.1,21.5,7.1,,,,,,,,,,5.4,7.7,,,
135,√ﬂ«≥∑…,2024-04-20,13.2,11.8,539,16.8,907,,.6,1332,2,1320,3.2,14.8,140,1653,7.3,70,1946,3.3,2891,70,8.8,47,13,76.3,11.4,981.3,1013,27,1007.7,1642,1010.1,13.3,0,1200,.46,2.46,,,,,,8.1,7.9,12.4,11.8,,,,,,,,,,.9,1.3,,,
135,√ﬂ«≥∑…,2024-04-21,13.6,12.1,420,15.1,1712,,.1,423,.5,911,2,6.8,50,1355,3.9,50,1400,2.1,1806,70,11.3,73,2206,87,13.4,982.5,1013.1,2336,1009.3,124,1011.2,13.3,0,1500,.37,2.75,,,,,,9.3,9.3,13.7,12.1,,,,,,,,,,.8,1.2,,,
135,√ﬂ«≥∑…,2024-04-22,13.5,8.5,2301,18.2,1526,,,,,,,8.7,110,1309,4.7,110,1315,2.5,2149,70,8.3,53,1808,71.9,11,985.2,1016.7,2231,1012.4,306,1014.1,13.4,2.2,1300,1.75,11.72,,,,,,6.9,6.4,15.4,8.5,,,,,,,,,,2.4,3.4,,,
135,√ﬂ«≥∑…,2024-04-23,13.2,7.8,238,19.4,1555,,.3,2027,.3,1937,.3,11.4,90,1044,6.9,90,1051,3.6,3099,70,7.3,46,1547,69.5,10.2,983.2,1016.3,24,1008.1,1559,1012,13.4,4.4,1100,3.15,17.92,,,,,,8.4,5.6,16.4,7.8,,,,,,,,,,3,4.3,,,
135,√ﬂ«≥∑…,2024-04-24,12.4,9.5,545,17.1,1421,,.6,749,1,725,2.2,12.7,270,1348,7,270,1713,3.3,2846,270,8.3,55,1344,77.4,11,979.3,1011.1,2359,1006,1340,1008.2,13.5,1.8,1100,2.6,12.01,,,,,,6.5,6.3,13.3,9.5,,,,,,,,,,2.5,3.5,,,
135,√ﬂ«≥∑…,2024-04-25,14.8,8.6,534,23,1510,,,,,,,10.3,270,129,7,270,135,3.5,2994,270,7.4,30,1712,64.8,10.3,982.3,1013.3,741,1008.1,1527,1011,13.5,10.7,1200,3.36,26.18,,,,,,1.6,.8,18.6,8.2,,,,,,,,,,4.6,6.6,,,
135,√ﬂ«≥∑…,2024-04-26,17.6,8.5,543,25.4,1312,,,,,,,5.7,180,1652,3.8,180,1656,1.4,1177,20,9.1,33,1153,61.1,11.6,981.3,1011.6,1,1006.3,1629,1009.5,13.5,7.4,1200,3.18,20.68,,,,,,5.8,4,20.1,9.6,,,,,,,,,,4.1,5.9,,,
135,√ﬂ«≥∑…,2024-04-27,18.3,9.8,606,26.8,1543,,,,,,,9.4,250,1236,5.6,250,914,2.6,2213,250,7.2,25,1644,52.9,10.2,982.3,1013.2,2230,1007.7,1547,1010.6,13.5,12.4,1200,3.53,27.79,,,,,,0,0,21,9.8,,,,,,,,,,,,,,
135,√ﬂ«≥∑…,2024-04-28,18.6,7.3,525,27.5,1338,,,,,,,7.2,70,2321,4.9,70,2321,1.6,1362,70,9.2,34,1330,56.6,11.8,984.4,1015.3,659,1010.1,1604,1012.7,13.6,10.9,1200,3.21,22.4,,,,,,5.9,2,22.2,7.3,,,,,,,,,,4.3,6.2,,,
135,√ﬂ«≥∑…,2024-04-29,13.6,11.9,749,17.2,1,,.3,733,1,713,3.9,9.2,50,1113,5.3,70,748,3,2572,70,11,64,338,85,13.2,981.1,1012.8,118,1007.2,1705,1009.9,13.6,0,1100,.78,4.67,,,,,,9.9,9.4,14.7,11.9,,,,,,,,,,1,1.4,,,
135,√ﬂ«≥∑…,2024-04-30,15.7,12.6,405,19.5,1443,,.8,2233,2.6,2225,1.2,6.7,70,2232,4.7,70,2303,1.6,1352,250,12.6,64,1518,82.4,14.6,978.1,1009.5,2310,1004.4,1445,1006.5,13.7,.4,1300,1.87,12.27,,,,,,9.8,8.6,18.8,12.6,,,,,,,,,,1.9,2.7,,,
135,√ﬂ«≥∑…,2024-05-01,12.1,7.5,454,18.4,1558,,.7,57,2.2,49,5.7,11,90,1139,6.3,90,305,3,2574,90,6.2,45,1317,69.9,9.5,984.6,1018.4,2351,1009.4,1,1013.6,13.7,6.5,1200,3.01,20.4,,,,,,5.5,5.5,16,7.5,,,,,,,,,,3.4,4.9,,,
135,√ﬂ«≥∑…,2024-05-02,14.9,4.1,502,23.5,1642,,,,,,,7.1,50,1246,3.8,20,1248,1.4,1205,320,5.9,28,1400,59.6,9.3,989.3,1020.6,651,1015.4,1642,1018.1,13.7,12.5,1200,3.55,28.15,,,,,,0,0,20,4.1,,,,,,,,,,5.5,7.8,,,
135,√ﬂ«≥∑…,2024-05-03,17.3,9.9,344,26.5,1525,,,,,,,8.6,270,809,5.7,270,817,2.1,1830,290,4.6,21,1341,47.4,8.5,989.4,1020.4,741,1014.6,1534,1017.9,13.7,12.6,1200,3.6,29.09,,,,,,0,0,21,9.6,,,,,,,,,,5.3,7.6,,,
135,√ﬂ«≥∑…,2024-05-04,18.6,7.1,538,26.9,1449,,,,,,,11.1,160,1323,3.9,70,1209,1.5,1315,50,9.2,28,1252,58.6,11.8,987.7,1019.4,613,1013.1,1601,1016,13.8,12.6,1200,3.56,28.06,,,,,,3.3,1.3,23.2,7.1,,,,,,,,,,5,7.2,,,
135,√ﬂ«≥∑…,2024-05-05,17.3,16.5,1937,19.4,147,,.9,2257,2.2,1142,16.1,8.6,140,917,5.2,140,912,2.1,1810,90,14.8,69,406,86,16.8,982.6,1015.8,12,1006.4,2326,1010.9,13.8,0,900,.34,2.08,,,,,,10,9,17.3,16.5,,,,,,,,,,.8,1.2,,,
135,√ﬂ«≥∑…,2024-05-06,15.1,12.3,2400,18.8,1023,,1.1,305,3.7,227,6.9,11.7,250,1407,6.8,270,302,3.7,3154,270,12.1,71,1035,83.3,14.2,979.3,1009.7,2125,1005.2,132,1007.8,13.8,.8,1000,2.54,9.93,,,,,,8.4,8.4,15.9,12.3,,,,,,,,,,1.8,2.5,,,
135,√ﬂ«≥∑…,2024-05-07,12.2,9.5,2340,15.5,1402,,.9,1643,2.8,1624,11.8,9.2,50,1532,5.8,50,1533,1.6,1368,70,10.2,77,1244,88.4,12.5,982.8,1017.1,2342,1008.5,418,1011.8,13.9,0,1000,.86,5.46,,,,,,9.9,9.8,14.2,9.5,,,,,,,,,,1.3,1.9,,,
135,√ﬂ«≥∑…,2024-05-08,11.4,6.4,531,18.1,1442,,.4,6,.8,1,1,7.9,70,853,5.2,90,857,1.6,1416,50,6.3,41,1430,73.6,9.6,988.7,1019.6,2331,1016.5,1604,1017.9,13.9,6.2,1400,2.58,16.48,,,,,,5,3.6,18.2,6.4,,,,,,,,,,2.1,3.1,,,
135,√ﬂ«≥∑…,2024-05-09,15.2,5.7,220,21.9,1527,,,,,,,12.2,270,1548,6.8,270,1703,3.5,3045,270,4.4,23,1737,53.1,8.5,989.6,1020.4,705,1015.5,1624,1018.4,13.9,12.7,1200,3.5,28.05,,,,,,0,0,18.8,5.7,,,,,,,,,,5.9,8.4,,,
135,√ﬂ«≥∑…,2024-05-10,17.2,8.3,549,26.7,1603,,,,,,,7.2,270,1621,4,290,1624,1.8,1586,250,7.3,31,1026,55.6,10.3,989,1020.1,644,1014.2,1730,1017.5,14,12.3,1200,3.53,28.02,,,,,,1.9,0,22.3,8.3,,,,,,,,,,5.2,7.4,,,
135,√ﬂ«≥∑…,2024-05-11,17.3,7.6,546,25.5,1443,,1.7,2244,6.3,2225,11,9.6,160,1849,5.5,180,1849,1.7,1483,160,11,40,1445,70.4,13.4,984,1017.7,149,1007.9,1754,1012.3,14,7.2,1300,3.05,20.52,,,,,,6.6,4.8,22,7.6,,,,,,,,,,3.8,5.4,,,
135,√ﬂ«≥∑…,2024-05-12,16.2,12.1,526,21,1522,,.6,236,2.2,153,3.2,11,230,1252,6.2,250,1302,3.5,2998,270,7.5,34,1358,59.1,10.6,981.7,1012.9,2345,1008,1448,1010.2,14,11,1100,3.42,26.62,,,,,,5.8,1.3,19.8,12.1,,,,,,,,,,5.1,7.3,,,
135,√ﬂ«≥∑…,2024-05-13,16,9.5,450,23.6,1455,,,,,,,9.4,250,1512,5.6,250,1513,2.5,2143,250,5.8,26,1408,54.6,9.3,985.5,1016.2,2353,1011.7,1532,1014.1,14.1,12.7,1200,3.69,29.94,,,,,,0,0,20.2,9.5,,,,,,,,,,5.8,8.3,,,
135,√ﬂ«≥∑…,2024-05-14,16.8,6.8,433,25.3,1551,,,,,,,7.7,320,1525,4.7,250,1422,1.8,1587,290,6.7,29,1115,56.4,9.8,986.9,1017.8,627,1012.7,1709,1015.5,14.1,12.8,1200,3.65,29.63,,,,,,0,0,20.6,6.8,,,,,,,,,,6,8.6,,,
135,√ﬂ«≥∑…,2024-05-15,13.8,8,549,23.6,1455,,1,2351,2.7,1858,7.3,16,270,1739,11,270,1743,3.6,3144,270,6.6,31,1005,66.5,9.7,982.2,1015.9,459,1005.9,1621,1010.9,14.1,9.6,1200,3.58,26.14,,,,,,4.4,3.4,19.7,8,,,,,,,,,,5,7.2,,,
135,√ﬂ«≥∑…,2024-05-16,12.6,6.5,258,18.6,1518,,.5,137,1.3,136,3.6,16.8,270,1303,10,250,1241,5.5,4753,270,4.8,35,1648,62.3,8.6,980.6,1012.4,2316,1006.9,1444,1009.4,14.1,10,1100,3.7,28.13,,,,,,2.8,2.8,15.5,6.5,,,,,,,,,,5.6,8,,,
135,√ﬂ«≥∑…,2024-05-17,17.3,10,230,25.7,1519,,,,,,,9.1,270,316,5.6,270,320,2.1,1842,270,8,29,1250,58.5,10.8,985.9,1017.2,2253,1012.2,12,1014.3,14.2,10.3,1200,3.71,26.22,,,,,,3.1,1.8,20.5,10,,,,,,,,,,5.1,7.3,,,
135,√ﬂ«≥∑…,2024-05-18,18.1,7.6,458,27.5,1522,,,,,,,6.5,270,1201,3.4,250,1012,1.1,965,270,7.9,25,1223,57,10.7,988.2,1019.1,657,1013.2,1657,1016.6,14.2,12.6,1200,3.58,29.29,,,,,,0,0,23.5,7.6,,,,,,,,,,5.9,8.4,,,
135,√ﬂ«≥∑…,2024-05-19,20.8,11.3,521,28.7,1457,,,,,,,8.5,250,1735,5.7,270,2157,2.3,1986,250,9.3,19,1443,53.6,11.8,986.3,1017.4,6,1011.2,1537,1014.4,14.2,12.8,1200,3.64,29.62,,,,,,0,0,25.5,11.3,,,,,,,,,,6.7,9.6,,,
135,√ﬂ«≥∑…,2024-05-20,17.9,10.6,436,25.3,1422,,,,,,,8.4,250,1447,5.1,250,751,2,1743,250,11,36,1423,65.8,13.3,986.8,1017.8,2245,1013,1629,1015.2,14.2,7.3,1200,3.41,21.2,,,,,,3.5,2.1,20.3,10.6,,,,,,,,,,3.6,5.2,,,
135,√ﬂ«≥∑…,2024-05-21,16.8,12.8,455,21.4,1608,,,,,,,7.7,90,1449,5.7,70,1147,2.5,2196,70,13.5,65,1528,81.8,15.5,990.5,1021.3,1014,1017.4,1804,1019.2,14.2,4.3,1400,2.51,16.12,,,,,,4.3,3.5,21.1,12.8,,,,,,,,,,2.9,4.1,,,
135,√ﬂ«≥∑…,2024-05-22,20.3,11.3,331,28.3,1507,,.1,2336,.1,2246,.1,6.8,270,1529,3.9,270,1533,1.4,1197,270,13.8,42,1415,69.4,15.9,987.1,1019.9,1,1011.6,1604,1015.2,14.3,11.3,1200,3.57,28.36,,,,,,3.5,2.5,25.8,11.3,,,,,,,,,,5.1,7.2,,,
135,√ﬂ«≥∑…,2024-05-23,21.9,15.3,520,28.6,1456,,,,,,,8.7,270,1340,5.7,250,1416,2.5,2199,270,13.5,31,1427,63,15.6,982.4,1013.2,1,1007,1625,1010.2,14.3,12,1200,3.65,29.36,,,,,,2.6,1.9,26.9,15.3,,,,,,,,,,6.1,8.8,,,
135,√ﬂ«≥∑…,2024-05-24,20.9,13.2,538,27.7,1451,,,,,,,8.4,70,2052,5.8,70,2106,3.2,2765,250,13.1,49,1043,62.5,15.3,983.9,1016.1,2357,1009.5,1531,1012,14.3,12.5,1200,3.25,27.25,,,,,,2.3,1.1,26.2,13.2,,,,,,,,,,5.5,7.9,,,
135,√ﬂ«≥∑…,2024-05-25,17,14.8,2349,19.2,1323,,,,,,,7.2,140,1344,4.6,70,856,2.6,2209,70,9,49,5,60,11.5,988.1,1018.3,815,1014.8,1947,1016.6,14.3,0,1300,1.17,7.28,,,,,,7.6,7.6,19.4,14.8,,,,,,,,,,2,2.9,,,
135,√ﬂ«≥∑…,2024-05-26,19.2,11.1,555,24.9,1427,,1.9,1911,4.8,2129,11.8,11.3,160,1741,6.7,160,1742,1.9,1621,160,13.5,46,1214,72.4,15.9,978.4,1015.5,5,1000.7,1859,1006.4,14.4,6.4,1100,3.01,17.96,,,,,,7.9,5,22.1,11.1,,,,,,,,,,3.6,5.2,,,
135,√ﬂ«≥∑…,2024-05-27,18,14.8,531,21.3,1711,,,,,,,14.7,250,1231,8.3,250,1236,4.5,3854,270,9.7,44,1244,60,12.2,975.5,1006,2228,1000.3,147,1003.6,14.4,9,1200,3.13,24.93,,,,,,7.6,2.5,21.7,14.8,,,,,,,,,,4.7,6.7,,,
135,√ﬂ«≥∑…,2024-05-28,16.1,10.1,532,22.4,1353,,,,,,,10.8,50,1418,6.6,50,1425,2.2,1860,20,9.4,44,1615,66.8,11.8,978,1011.5,2347,1003.7,1235,1006.4,14.4,7.3,1100,3.3,22.26,,,,,,5.4,1.9,19.5,10.1,,,,,,,,,,4,5.8,,,
135,√ﬂ«≥∑…,2024-05-29,18.6,9.3,533,26.7,1615,,,,,,,7.2,270,1353,4.8,250,1118,1.6,1425,250,10.3,33,1557,62.3,12.6,984.2,1014.2,730,1009.7,1833,1012.5,14.4,13,1200,3.63,29.21,,,,,,2.4,0,22.2,9.3,,,,,,,,,,4.9,7.1,,,
135,√ﬂ«≥∑…,2024-05-30,19.3,13.8,546,25,1309,,,,,,,5.9,250,1503,3.4,250,1503,1.1,942,20,13.1,43,1121,69.1,15.1,982.8,1013.8,700,1008.1,1813,1010.9,14.4,.7,1000,2.21,13.35,,,,,,9.9,6.9,21.5,13.8,,,,,,,,,,3.3,4.7,,,
135,√ﬂ«≥∑…,2024-05-31,21,16.8,602,26.1,1655,,,,,,,11,270,254,7.1,270,2059,3.7,3164,270,10.8,31,1520,54.1,13,981.3,1010.8,758,1006.8,1647,1009.2,14.5,12.5,1200,3.67,30.05,,,,,,4.1,2,25.3,16.3,,,,,,,,,,6.5,9.3,,,
135,√ﬂ«≥∑…,2024-06-01,19.4,15.9,523,24,1516,,,,,,,11.8,270,1452,6.3,250,1450,3.8,3314,270,9.9,41,1837,55,12.2,981.8,1011.2,700,1007.6,1647,1009.8,14.5,10.6,1300,3.67,28.25,,,,,,3.8,2.4,23.6,15.9,,,,,,,,,,5.8,8.3,,,
135,√ﬂ«≥∑…,2024-06-02,18.2,11.5,543,24.8,1538,,,,,,,9.5,270,1653,5.7,250,912,2.7,2352,250,8.8,33,1711,57.8,11.4,981.7,1011.7,556,1007.3,1651,1009.9,14.5,11.3,1200,3.29,28.09,,,,,,3.3,.8,20.6,11.5,,,,,,,,,,5.1,7.2,,,
135,√ﬂ«≥∑…,2024-06-03,18.3,11.1,441,24.9,1526,,,,,,,7.1,50,1429,4.4,70,2005,2,1721,70,11.2,30,1520,66.6,13.3,982.9,1014.1,2345,1008.5,1549,1011.1,14.5,8.9,1100,3.44,27.32,,,,,,2.8,1.9,22.5,11.1,,,,,,,,,,5.3,7.5,,,
135,√ﬂ«≥∑…,2024-06-04,18.2,11.8,519,25.1,1631,,0,,0,,0,7.6,50,1148,4.2,50,1152,1.6,1389,20,9.6,30,1115,60.6,11.9,987.5,1018.5,2328,1014.1,1,1015.9,14.5,13.1,1200,3.73,31.36,,,,,,0,0,23.2,11.8,,,,,,,,,,5.7,8.2,,,
135,√ﬂ«≥∑…,2024-06-05,19.5,9.6,434,27.2,1612,,,,,,,6.9,70,1251,4.6,70,1438,1.5,1330,50,10.7,34,1444,60.4,12.9,989.8,1020.1,606,1015.7,1648,1018.1,14.5,11.4,1100,3.32,27.19,,,,,,5.4,1.3,24.1,9.6,,,,,,,,,,4.9,7,,,
135,√ﬂ«≥∑…,2024-06-06,19.9,13.6,553,26.8,1619,,,,,,,7.6,50,1508,4.9,70,1509,1.6,1417,70,11.9,38,1737,62.8,13.9,988.3,1018.8,626,1013.6,1709,1016.5,14.5,8.1,1300,3.22,24.22,,,,,,4.6,4.3,24.1,13.6,,,,,,,,,,4.8,6.8,,,
135,√ﬂ«≥∑…,2024-06-07,20.8,13.5,546,27.8,1452,,,,,,,6.6,250,820,4.4,250,827,1.5,1313,160,12.7,38,1445,62.5,14.7,985.1,1016.4,45,1010,1728,1013.2,14.6,8.7,1100,3.32,23.78,,,,,,7.5,3,25,13.5,,,,,,,,,,4.3,6.2,,,
135,√ﬂ«≥∑…,2024-06-08,18.8,17.7,2346,21.2,955,,1.1,1400,3.3,1324,11,4.8,180,1022,2.8,180,1028,.8,667,160,16.1,67,807,85.5,18.4,981.5,1012.1,106,1008.3,1738,1009.6,14.6,.1,800,.97,6.59,,,,,,8.4,8.1,20.9,17.7,,,,,,,,,,1.1,1.6,,,
135,√ﬂ«≥∑…,2024-06-09,21.4,17.7,6,27.7,1641,,,,,,,7.1,230,1437,4,250,1542,1.2,1017,270,16.4,46,1656,75.6,18.6,979.9,1009,401,1005.3,1710,1007.7,14.6,8,1300,3.47,24.65,,,,,,4.5,3.3,24.2,17.7,,,,,,,,,,4.7,6.7,,,
135,√ﬂ«≥∑…,2024-06-10,24,16.1,415,31,1634,,,,,,,8.1,250,1628,4.8,270,2400,2,1760,270,15.7,31,1629,63.4,17.8,979.7,1009.7,531,1004.3,1639,1007.3,14.6,12.4,1200,3.5,28.81,,,,,,0,0,28,16.1,,,,,,,,,,6.6,9.4,,,
135,√ﬂ«≥∑…,2024-06-11,25.5,20.1,2345,31.2,1514,,,,,,,9.6,250,1050,5.8,250,1119,3.1,2712,270,15.5,36,1304,55.4,17.6,979,1008.3,542,1004.3,1701,1006.4,14.6,12.2,1200,3.54,29.23,,,,,,2,0,29.3,19.7,,,,,,,,,,6.4,9.1,,,
135,√ﬂ«≥∑…,2024-06-12,24.1,17.2,252,31.8,1601,,,,,,,8.1,250,858,5.1,250,901,2.2,1863,250,13.3,24,1554,55.5,15.4,977.4,1007.4,812,1002.2,1624,1004.9,14.6,12.8,1200,3.59,30.25,,,,,,2.3,0,27.1,17.2,,,,,,,,,,6.5,9.3,,,
135,√ﬂ«≥∑…,2024-06-13,24.8,16.6,442,33.9,1456,,,,,,,7.4,250,834,4.7,250,913,1.9,1641,50,12.6,22,1221,50.8,14.6,976.6,1005.8,623,1001.7,1456,1003.9,14.6,12,1200,3.65,28.7,,,,,,.8,.3,28.8,16.6,,,,,,,,,,6.5,9.3,,,
135,√ﬂ«≥∑…,2024-06-14,24.8,15.8,439,32.1,1619,,,,,,,7.9,250,1815,5.9,270,2049,2,1689,270,15.7,35,1603,59.9,17.9,977.1,1007.4,534,1002.1,1747,1004.5,14.6,10.1,1100,3.47,25.26,,,,,,4.8,2.6,30.7,15.8,,,,,,,,,,5.3,7.6,,,
135,√ﬂ«≥∑…,2024-06-15,23.1,18.7,447,29.6,1222,,8.2,1908,8.3,1822,8.3,11.7,270,1910,4.7,250,1351,1.7,1463,250,18.4,52,1303,77.1,21.2,975.6,1005.1,10,1000.2,1527,1003.2,14.6,5.6,1100,3.29,20.67,,,,,,6.5,5,28.9,18.7,,,,,,,,,,3.9,5.6,,,
135,√ﬂ«≥∑…,2024-06-16,22.7,17.5,407,28.5,1452,,,,,,,11.1,270,1203,6.1,250,1211,2.6,2232,290,15,34,1407,65.4,17.2,978.4,1009.2,2316,1003.6,206,1006,14.6,9.7,1100,3.59,25.5,,,,,,3,.5,27,17.5,,,,,,,,,,5.9,8.5,,,
135,√ﬂ«≥∑…,2024-06-17,21.4,14.8,546,26.8,1313,,,,,,,5.9,270,1221,3.6,250,1228,1.5,1337,250,13.5,39,1334,63.3,15.5,979.8,1010.6,559,1005.2,1738,1007.7,14.6,4.9,1200,2.52,18.15,,,,,,7.9,1.5,23.5,14.8,,,,,,,,,,4,5.8,,,
135,√ﬂ«≥∑…,2024-06-18,25,15.5,538,31.8,1501,,,,,,,10.5,270,1543,6,250,1612,3.1,2679,250,13.6,31,1843,51.8,15.6,978.9,1008.7,2359,1004,1513,1006.3,14.6,13.3,1200,3.6,30.15,,,,,,.4,0,29.1,15.5,,,,,,,,,,7.1,10.1,,,
135,√ﬂ«≥∑…,2024-06-19,26.3,16.6,518,34.3,1512,,,,,,,6.9,270,2115,4.5,270,2140,1.7,1504,50,15.4,29,1422,53.6,17.5,980.3,1010.3,629,1005,1709,1007.7,14.6,11.3,1300,3.43,25.82,,,,,,5.6,0,30.7,16.6,,,,,,,,,,5.8,8.2,,,
135,√ﬂ«≥∑…,2024-06-20,22.1,16.5,507,27.6,1215,,,,,,,7.9,70,1518,5.4,140,1405,1.7,1458,50,14.5,43,1051,64,16.5,977.5,1008,135,1002.6,1751,1005.2,14.6,5,1200,2.37,17.84,,,,,,7.5,0,26.4,16.5,,,,,,,,,,,,,,
135,√ﬂ«≥∑…,2024-06-21,23.4,14,443,30.5,1508,,,,,,,7.2,50,1354,4,70,1311,1.4,1242,90,16.7,47,1445,67.8,19.1,975.1,1004.4,12,1000.4,1738,1002.6,14.6,10,1200,3.36,24.6,,,,,,6.1,2,27.6,14,,,,,,,,,,,,,,
135,√ﬂ«≥∑…,2024-06-22,22,21.2,422,23.3,47,,1.4,1811,3.7,1750,14.3,6.1,160,1410,3.6,110,1411,1.1,949,90,20.3,76,45,90.5,23.9,971.3,1003.3,2,995.4,1735,998.8,14.6,0,1500,.42,3.44,,,,,,9.6,9.1,22.7,21.2,,,,,,,,,,.8,1.2,,,
135,√ﬂ«≥∑…,2024-06-23,23,20.9,2400,26.5,1611,,.5,319,.9,229,1.2,10.3,270,1154,6.3,270,821,2.9,2532,270,20.6,72,1648,87.4,24.4,971.3,1002.1,2348,995.9,332,998.7,14.6,1.1,1600,1.85,8.25,,,,,,7.8,6.6,22.8,20.9,,,,,,,,,,2.2,3.2,,,
135,√ﬂ«≥∑…,2024-06-24,24.7,20.1,535,30.1,1430,,,,,,,11.2,270,1914,6.8,270,1910,3.4,2942,270,17.9,44,1623,67.8,20.6,975.8,1007.1,2358,1001,1605,1003.2,14.6,9.3,1100,3.33,26.13,,,,,,7.8,3.1,28.9,20.1,,,,,,,,,,6,8.6,,,
135,√ﬂ«≥∑…,2024-06-25,21.8,17.7,544,25.7,1406,,,,,,,10.5,290,1340,5.9,250,1201,3.6,3104,270,13.4,43,1336,60.4,15.4,982.7,1014.3,2400,1007,1,1010.6,14.6,9.7,1200,3.04,24.27,,,,,,8.3,.9,26.3,17.7,,,,,,,,,,5.1,7.2,,,
135,√ﬂ«≥∑…,2024-06-26,22.1,15.6,536,29.2,1514,,,,,,,5.7,230,1339,3.6,270,423,1.8,1515,250,14.1,34,1723,64.1,16.2,986.7,1016.3,745,1012.3,1701,1014.6,14.6,12,1200,3.52,27.52,,,,,,3.9,.3,27.3,15.6,,,,,,,,,,5.2,7.4,,,
135,√ﬂ«≥∑…,2024-06-27,20.2,15,310,25.2,1213,,,,,,,6.9,110,1603,4.3,110,1609,1.3,1099,50,15.4,55,1716,75.1,17.6,984.2,1015.8,525,1009.4,1747,1012.2,14.6,.3,1100,1.86,13.89,,,,,,7.9,3.1,23,15,,,,,,,,,,2.8,4,,,
135,√ﬂ«≥∑…,2024-06-28,24,14.5,504,31.9,1611,,,,,,,6.6,200,1317,3.8,250,900,1.5,1255,230,14.3,30,1110,59.1,16.3,979.4,1009.7,2,1004.2,1655,1007,14.6,12.9,1200,3.6,30.18,,,,,,2.3,.6,27.9,14.5,,,,,,,,,,,,,,
135,√ﬂ«≥∑…,2024-06-29,23.4,19.2,533,29,1330,,2.7,1819,8.2,1908,30.1,8.6,160,1349,5,160,1358,2.1,1806,140,19.4,59,1331,79.8,22.6,976.9,1008.2,333,1000,2345,1004.4,14.6,5.3,1200,2.5,16.44,,,,,,8.5,6.8,27,19.2,,,,,,,,,,2.8,4,,,
135,√ﬂ«≥∑…,2024-06-30,23.5,21.8,23,25.7,1516,,4.6,524,12.2,435,30.5,9.9,250,1224,5.6,250,1239,1.9,1624,250,21.8,81,1517,91.3,26.2,971.4,1001.6,2130,996.7,612,998.6,14.6,.1,1300,1.27,7.21,,,,,,9.1,8.9,24.6,21.8,,,,,,,,,,1.7,2.5,,,
135,√ﬂ«≥∑…,2024-07-01,24.9,20.7,539,30.5,1543,,0,,0,,0,7,230,1244,3.5,250,1039,1.6,1390,250,19.8,52,1512,75.6,23.1,976.1,1006.1,2247,1001.5,1,1003.5,14.6,9.9,1300,3.17,25.87,,,,,,4,2,28.4,20.7,,,,,,,,,,4.5,6.5,,,
135,√ﬂ«≥∑…,2024-07-02,22,20.1,114,23.2,419,,2.7,1116,8.9,535,27.3,10,90,829,6.9,70,835,2.2,1930,70,20.8,87,332,93.4,24.6,978.1,1006.8,2147,1004.6,243,1005.8,14.6,0,1500,.35,2.61,,,,,,10,9.8,22.8,20.1,,,,,,,,,,.9,1.3,,,
135,√ﬂ«≥∑…,2024-07-03,25.2,22,2353,29,1349,,6.5,516,20.1,454,23,11.7,270,1316,6.5,250,1318,2.7,2338,270,21.2,61,1405,79.6,25.2,981,1010.9,2318,1005,54,1008.4,14.6,4.1,1200,2.98,20.12,,,,,,5.6,5.6,27.7,22,,,,,,,,,,,,,,
135,√ﬂ«≥∑…,2024-07-04,26.1,20.7,111,32,1415,,,,,,,9.8,290,837,5.5,270,1305,2.5,2150,270,20.7,45,1325,74.1,24.4,979.8,1010.9,7,1003.5,2359,1007.1,14.6,9.7,1200,3.58,26.46,,,,,,2.1,1.6,28.4,20.7,,,,,,,,,,5.2,7.5,,,
135,√ﬂ«≥∑…,2024-07-05,24.7,20.7,2307,28.6,1426,,.4,502,.8,423,1.4,12.3,270,544,7.3,270,552,3.5,3018,270,20,58,1457,76.4,23.4,977.2,1006.6,2212,1001.6,145,1004.6,14.6,9,1300,3.41,26.29,,,,,,6.1,4.5,27.5,20.7,,,,,,,,,,4.8,6.8,,,
135,√ﬂ«≥∑…,2024-07-06,27.1,20.7,41,32.2,1446,,,,,,,9.4,250,1726,5.5,270,1735,1.6,1385,250,22,60,1519,75,26.5,976.8,1006.1,25,1002.2,1610,1004,14.5,2,1100,2.33,14.97,,,,,,8.1,4.5,29.6,20.7,,,,,,,,,,3.1,4.4,,,
135,√ﬂ«≥∑…,2024-07-07,26.2,23.7,1238,28.3,445,,4.9,2052,10.9,2024,15.3,9,270,1053,5.5,270,1058,1.8,1523,230,23.1,72,229,83.5,28.2,976.8,1006.6,1120,1002.1,320,1004,14.5,0,1300,1.26,6.03,,,,,,9.4,8.4,28,23.7,,,,,,,,,,1.3,1.8,,,
135,√ﬂ«≥∑…,2024-07-08,23.3,22.3,712,24.8,213,,11.7,331,37.4,331,96.6,13,270,350,6.8,270,353,1.3,1088,250,22.1,87,2312,93.1,26.6,976.4,1005.8,804,1000.7,2130,1003.8,14.5,0,1300,.61,3.33,,,,,,10,9.5,24.3,22.3,,,,,,,,,,.8,1.2,,,
135,√ﬂ«≥∑…,2024-07-09,22.6,21.2,2339,24.1,28,,7.4,700,13,647,46.6,9.8,270,10,4.1,270,141,1.4,1197,250,21.3,86,1553,92.6,25.4,977.7,1006.9,1346,1001.9,240,1005.3,14.5,0,1000,.64,4.21,,,,,,9.5,7.5,23.2,21.2,,,,,,,,,,1,1.4,,,
135,√ﬂ«≥∑…,2024-07-10,22.1,20.7,735,23.8,1824,,15,353,60.8,350,118.4,11.3,50,340,6.6,70,320,1.6,1353,70,20.8,88,659,92.6,24.6,972.9,1005.8,4,997.5,406,1000.4,14.5,0,1400,1.17,7.98,,,,,,8,8,23.7,20.7,,,,,,,,,,1.4,2,,,
135,√ﬂ«≥∑…,2024-07-11,23.8,21.5,5,27.6,1433,,.1,518,.1,428,.1,6,270,2328,4,270,2329,2.3,1986,270,21,68,1535,85,24.9,974.5,1003.3,830,1000.4,1718,1001.9,14.5,1.9,1300,2.6,15.5,,,,,,7.9,5.8,25.5,21.5,,,,,,,,,,3.2,4.5,,,
135,√ﬂ«≥∑…,2024-07-12,25.1,20.7,555,30.7,1539,,0,,0,,0,5.5,270,853,3.7,250,900,1.7,1437,20,20.3,47,1659,76.9,23.8,974.8,1004.1,2234,1000.6,1602,1002.1,14.5,9.4,1000,3.23,25.45,,,,,,1.9,1.8,30.3,20.7,,,,,,,,,,4.5,6.5,,,
135,√ﬂ«≥∑…,2024-07-13,25,20.2,422,29.8,1506,,0,,0,,0,8.1,140,1602,5,140,1607,1.8,1582,70,20.5,59,1638,78,24.2,978.5,1009.2,2307,1003.6,1,1005.9,14.4,5.8,1000,2.51,20.2,,,,,,4,2.9,29.5,20.2,,,,,,,,,,3.7,5.3,,,
135,√ﬂ«≥∑…,2024-07-14,23.3,22.1,2222,24.8,1344,,1.6,1526,2,1446,2.2,7.5,90,1235,4.7,70,419,3,2589,70,20.8,79,1152,86.4,24.6,982.4,1012.3,2202,1008.2,239,1010.1,14.4,0,1100,.86,5.78,,,,,,9,8.9,24.7,22.1,,,,,,,,,,1.5,2.1,,,
135,√ﬂ«≥∑…,2024-07-15,23.9,21.3,338,27,1431,,.2,118,.5,52,.5,6.1,140,1530,4.2,70,839,2.6,2226,90,21,72,1403,84.5,24.9,984.5,1013.1,722,1010.7,1707,1012.1,14.4,1,1300,2.46,13.28,,,,,,6.6,5.9,26.8,21.3,,,,,,,,,,2.5,3.5,,,
135,√ﬂ«≥∑…,2024-07-16,23.8,21.7,2342,27.2,1328,,15.8,2133,25.5,2123,30.2,8.8,270,2144,4.4,70,454,2.4,2040,70,21.7,77,1230,88.9,26,983.6,1013,2144,1009.9,1515,1011.3,14.4,.1,1100,1.54,7.88,,,,,,8.9,8,25.3,21.7,,,,,,,,,,1.6,2.3,,,
135,√ﬂ«≥∑…,2024-07-17,24.6,21.2,329,28.9,1435,,.1,,.2,,.3,4.9,160,949,3.4,160,952,.9,749,20,22.4,70,1432,88.9,27.2,981.9,1012,2,1007.3,1735,1009.4,14.3,.2,1200,2.02,12.27,,,,,,9.6,8.3,26.5,21.2,,,,,,,,,,2.2,3.1,,,
135,√ﬂ«≥∑…,2024-07-18,25,23,544,28.5,1554,,5.7,1349,12,1309,23.5,16.6,250,1557,8.1,270,1737,1.9,1599,20,22.6,69,1559,87.4,27.5,976.4,1007.3,1,999.6,1545,1003.7,14.3,.2,1400,.92,5.98,,,,,,9.6,8.1,26.5,23,,,,,,,,,,1.4,2,,,
135,√ﬂ«≥∑…,2024-07-19,24.7,22.3,2350,28.7,1623,,.1,546,.1,456,.2,6.5,250,1643,3.7,250,1602,1.2,1023,250,22.1,71,1632,86,26.6,978.5,1008.2,2345,1004.5,426,1005.8,14.3,2,1600,1.92,12.32,,,,,,6.3,5.8,26.4,22.3,,,,,,,,,,2.4,3.5,,,
135,√ﬂ«≥∑…,2024-07-20,24.8,21.6,530,29.6,1705,,1.3,1009,5.1,1000,6.1,8.5,290,1002,5.1,270,1034,1.1,957,20,22.6,72,1652,88,27.3,980.3,1010.9,1016,1005.4,1715,1007.7,14.3,4.6,1400,2.88,13.85,,,,,,7.1,5.5,30.3,21.6,,,,,,,,,,2.6,3.7,,,
135,√ﬂ«≥∑…,2024-07-21,26.9,24,2353,31,1524,,5.6,212,8.5,152,9.6,11,230,218,5.7,270,835,2.3,2007,270,23.3,65,1431,81.8,28.6,980.5,1009.4,2325,1005.1,133,1007.8,14.3,5.2,900,2.65,18.1,,,,,,6.1,4.4,29,24,,,,,,,,,,3.6,5.2,,,
135,√ﬂ«≥∑…,2024-07-22,27.2,22.7,522,32.4,1413,,,,,,,9.9,250,1056,5.7,270,1128,1.4,1233,20,23,55,1414,80.1,28.1,979.5,1009.9,139,1003.9,2128,1006.8,14.2,8.9,1100,3.17,24.54,,,,,,6.1,4,30.5,22.7,,,,,,,,,,4.8,6.8,,,
135,√ﬂ«≥∑…,2024-07-23,26.8,23.7,45,28.7,848,,0,,0,,0,8.9,270,423,5.5,270,905,2.3,1971,270,22.8,66,427,79.4,27.7,978,1006.4,1023,1003.8,1911,1005.2,14.2,.8,800,1.27,8.25,,,,,,9.5,5.5,27.7,23.7,,,,,,,,,,1.8,2.6,,,
135,√ﬂ«≥∑…,2024-07-24,26.1,22.7,453,31.4,1308,,12,1834,22.3,1815,25.8,12.2,230,1836,6.6,230,1840,1.3,1097,160,23.7,66,1307,87.4,29.3,977.8,1006.3,2350,1003.4,1510,1005,14.2,4,1100,3.31,17.43,,,,,,5.8,4.8,29.4,22.7,,,,,,,,,,3.3,4.7,,,
135,√ﬂ«≥∑…,2024-07-25,25.7,22.8,531,32.2,1303,,5.7,1648,7.4,1612,13.5,12.1,360,1938,5.4,160,1627,1,894,110,23.8,64,1306,90,29.5,979.7,1009.3,2214,1005.6,418,1007.1,14.2,7.2,1200,3.15,19.42,,,,,,6.1,3.9,30.1,22.8,,,,,,,,,,3.2,4.6,,,
135,√ﬂ«≥∑…,2024-07-26,26.3,23.3,25,31,1429,,1,1621,1.1,1532,2.4,10.4,140,1148,5.4,110,1151,1.9,1660,110,23.8,67,1104,87.3,29.6,983.7,1014.4,2328,1008.6,202,1011.2,14.1,4.4,1200,3.08,18.07,,,,,,8.9,7.1,28.7,23.3,,,,,,,,,,3.3,4.7,,,
135,√ﬂ«≥∑…,2024-07-27,26.9,24.3,342,31.6,1455,,.3,49,.5,3,.6,9.5,180,1512,6.3,160,1514,1.6,1340,50,24.1,65,1354,85.4,29.9,987.7,1017,2148,1013.7,1458,1015.3,14.1,1.8,1100,3.11,14.43,,,,,,9.1,7.4,30.1,24.3,,,,,,,,,,3.1,4.4,,,
135,√ﬂ«≥∑…,2024-07-28,27.5,23.5,535,33.4,1528,,,,,,,7.9,270,1455,4.8,270,1551,1.2,1069,20,23.5,54,1532,80.6,28.9,985.9,1016.6,1,1011,1723,1013.3,14.1,9.5,1200,3.65,22.45,,,,,,4.8,1.6,31.5,23.5,,,,,,,,,,4.5,6.4,,,
135,√ﬂ«≥∑…,2024-07-29,28,23.6,6,31.6,1452,,,,,,,11.3,250,1158,7,270,1205,3.6,3106,270,22.1,59,1500,70.8,26.6,982.1,1011.8,8,1007.2,1730,1009.4,14.1,8,1200,3.19,22.62,,,,,,.9,.9,31.3,23.6,,,,,,,,,,5.2,7.5,,,
135,√ﬂ«≥∑…,2024-07-30,27.5,24.5,2304,31.7,1540,,,,,,,10,270,44,6.1,270,107,3.1,2704,270,22.6,62,1545,75.5,27.5,980.4,1008.5,730,1006.3,1749,1007.7,14,6.4,1300,2.41,17.71,,,,,,2.3,2.3,29.7,24.5,,,,,,,,,,3.5,5,,,
135,√ﬂ«≥∑…,2024-07-31,27.9,23.7,101,33,1550,,,,,,,7.5,320,1151,4.1,290,1154,1.6,1367,290,23.3,58,1541,77.5,28.6,979.6,1009.1,734,1004.7,1656,1006.8,14,7.8,1200,3.69,24.98,,,,,,1,1,33.9,23.7,,,,,,,,,,5.1,7.2,,,
135,√ﬂ«≥∑…,2024-08-01,28.2,23.7,136,33,1546,,,,,,,6.9,230,1211,3.5,230,1217,1.2,1078,250,23.5,57,1638,77.4,29,977.9,1006.5,221,1002.7,1712,1005,14,9.4,1200,3.51,24,,,,,,1.8,1.5,31.7,23.7,,,,,,,,,,4.4,6.3,,,
135,√ﬂ«≥∑…,2024-08-02,29,24,550,33.7,1433,,,,,,,8.6,250,1156,4.7,250,1204,1.6,1398,250,24.4,58,1442,77.8,30.7,977.4,1006.1,2236,1002.8,1706,1004.4,13.9,10.3,1100,3.39,25.15,,,,,,1.9,1,32.9,24,,,,,,,,,,4.8,6.9,,,
135,√ﬂ«≥∑…,2024-08-03,28.9,25.7,2313,34,1620,,0,,0,,0,7,250,953,4.2,250,923,2.1,1772,250,24.8,57,1552,79.4,31.3,980,1008.9,2313,1005.4,1620,1007.1,13.9,9.3,1300,3.25,23.38,,,,,,2.3,1.5,33.5,25.7,,,,,,,,,,4.5,6.4,,,
135,√ﬂ«≥∑…,2024-08-04,28.5,24.1,507,34.4,1456,,,,,,,7.2,270,1712,5.1,250,1718,1.3,1128,70,24.3,56,1426,79.6,30.4,980.8,1009,712,1005.5,1520,1008,13.9,9.2,1200,3.36,23.35,,,,,,3.4,2,36.2,24.1,,,,,,,,,,4.5,6.4,,,
135,√ﬂ«≥∑…,2024-08-05,27.3,23.8,2159,32.4,1222,,.7,2006,1.8,1953,1.9,9.7,270,2012,6.8,270,2017,2,1687,90,23.6,64,1208,81.6,29.2,980.8,1009.9,1929,1005.8,1705,1008,13.9,3.4,1100,2.94,15.39,,,,,,7.5,5,30.7,23.8,,,,,,,,,,3,4.3,,,
135,√ﬂ«≥∑…,2024-08-06,26.9,22.2,520,33.3,1551,,,,,,,5.5,250,1238,3.5,250,1208,1.3,1162,50,22.9,57,1627,80.6,28,980.3,1009.8,847,1005.8,1711,1007.6,13.8,9.1,1300,3.37,24.26,,,,,,4.8,3.3,30.9,22.2,,,,,,,,,,4.8,6.8,,,
135,√ﬂ«≥∑…,2024-08-07,27.7,22.6,540,34,1531,,,,,,,6.2,230,1131,3.9,250,936,1.4,1217,250,23,54,1409,77.1,28.1,978.8,1008.1,635,1003.6,1624,1006,13.8,10.9,1100,3.33,24.71,,,,,,3,1.4,32.9,22.6,,,,,,,,,,4.6,6.6,,,
135,√ﬂ«≥∑…,2024-08-08,26.4,23.2,422,30.8,1203,,,,,,,6.9,250,1025,4.3,250,1216,1.6,1405,270,22.6,63,1204,80.8,27.4,977.5,1006,658,1003.5,1549,1004.7,13.8,3.8,1100,2.53,15.52,,,,,,7.1,3.4,28.9,23.2,,,,,,,,,,3.1,4.4,,,
135,√ﬂ«≥∑…,2024-08-09,26.7,22.2,546,32.7,1450,,,,,,,4.7,270,757,3.2,250,902,1.3,1125,340,21.8,52,1559,76.4,26.1,977,1005.7,519,1002.3,1654,1004.2,13.7,10.7,1400,3.14,24.94,,,,,,1.5,.6,32.5,22.2,,,,,,,,,,4.5,6.5,,,
135,√ﬂ«≥∑…,2024-08-10,26.4,21.2,510,31.7,1308,,0,,0,,0,5.6,70,1012,4.1,70,1345,1.4,1203,50,22.2,56,1656,79.3,26.8,976.6,1005.6,741,1001.9,1712,1003.9,13.7,7.3,1200,2.71,19.68,,,,,,4.5,2.4,30.2,21.2,,,,,,,,,,3.7,5.3,,,
135,√ﬂ«≥∑…,2024-08-11,27.4,23.3,101,32.3,1500,,,,,,,5.2,140,1313,3.6,70,757,1.4,1249,110,22.7,58,1558,76.6,27.7,976.1,1004.7,925,1001.7,1800,1003.3,13.7,7.9,1100,3.34,22.23,,,,,,3.6,2,33.9,23.3,,,,,,,,,,,,,,
135,√ﬂ«≥∑…,2024-08-12,27.5,23.1,340,33.7,1554,,,,,,,5.9,70,2239,4.1,70,2247,1.4,1194,160,22.1,49,1445,74.1,26.7,977.8,1007.2,2354,1003.3,1542,1004.9,13.6,8.6,1200,3.33,22.79,,,,,,1.9,1.6,32.9,23.1,,,,,,,,,,4.6,6.6,,,
135,√ﬂ«≥∑…,2024-08-13,27.1,21.5,520,33.2,1501,,0,,0,,0,6.1,50,11,4.1,50,13,1.8,1580,70,20.8,42,1450,70.1,24.5,980.9,1010,820,1006.2,1653,1008.2,13.6,10.3,1200,3.37,25.31,,,,,,3.4,1.3,33.5,21.5,,,,,,,,,,5.4,7.7,,,
135,√ﬂ«≥∑…,2024-08-14,26.7,20.7,515,32.5,1602,,,,,,,6.3,90,1337,4.5,70,1346,1.7,1430,20,20.4,43,1258,71,24,981,1010,552,1006.1,1747,1008.4,13.6,12.5,1300,3.36,25.75,,,,,,1.9,.1,32.9,20.7,,,,,,,,,,5.3,7.5,,,
135,√ﬂ«≥∑…,2024-08-15,27,21.7,558,32.4,1615,,,,,,,6.5,90,2011,4.1,70,2019,2,1731,70,20.5,44,1452,70.4,24.2,980.8,1009.5,730,1005.7,1627,1008.1,13.5,11.9,1300,3.41,26.13,,,,,,3.9,2.3,33.7,21.7,,,,,,,,,,5.4,7.7,,,
135,√ﬂ«≥∑…,2024-08-16,26.9,21.8,553,32.3,1402,,,,,,,8,50,1503,5.4,50,1508,2.1,1772,70,21.7,55,1349,74.5,26,981.7,1010.9,2333,1007.1,1608,1009.1,13.5,9.5,1100,3.41,23.31,,,,,,5.4,4.1,32.7,21.8,,,,,,,,,,4.5,6.5,,,
135,√ﬂ«≥∑…,2024-08-17,26.9,21.5,538,32.9,1443,,0,,0,,0,7.1,50,1949,4.7,70,2028,1.7,1510,50,21.4,47,1434,74.1,25.5,983.2,1012.2,732,1008.2,1658,1010.5,13.5,10.6,1200,3.56,24.78,,,,,,4.1,2.1,33.3,21.5,,,,,,,,,,4.8,6.8,,,
135,√ﬂ«≥∑…,2024-08-18,26.6,21.8,458,32.4,1505,,0,,0,,0,7.1,70,1240,4.5,70,936,1.8,1554,110,21.1,50,1728,73.9,25.1,982.5,1011.7,250,1007.2,1713,1009.9,13.4,10.9,1200,3.29,24.14,,,,,,4,2.4,32.7,21.8,,,,,,,,,,4.9,7,,,
135,√ﬂ«≥∑…,2024-08-19,27.5,22.7,515,33.2,1534,,0,,0,,0,7.5,90,1453,4.6,90,1240,1.8,1537,20,22.4,53,1507,75,27.1,981.3,1010.1,8,1006.2,1619,1008.6,13.4,10.9,1300,3.16,24.45,,,,,,5.1,3.1,34.3,22.7,,,,,,,,,,4.8,6.8,,,
135,√ﬂ«≥∑…,2024-08-20,27.5,25.2,432,31.7,1313,,2.1,1540,2.1,1450,2.1,13.3,180,1540,7.9,140,1548,2.5,2153,90,24.2,67,1319,83,30.3,982.2,1010.4,2145,1008.3,1418,1009.5,13.4,2.6,1200,2.62,12.51,,,,,,8.1,7.4,29.9,25.2,,,,,,,,,,2.5,3.5,,,
135,√ﬂ«≥∑…,2024-08-21,26.7,24.7,2316,30,1354,,1.4,11,2.2,1,4.5,7,110,7,5.2,140,0,1.5,1267,140,24.4,77,1226,87.4,30.6,981.4,1010.3,53,1007.2,1805,1008.8,13.3,1.1,1600,1.36,10.18,,,,,,8.6,6,27.5,24.7,,,,,,,,,,2.1,3.1,,,
135,√ﬂ«≥∑…,2024-08-22,27.2,23.5,612,32,1141,,.6,1350,.6,1300,1,8.9,270,2145,5.7,270,2223,1.8,1565,270,23.6,64,1149,82,29.2,978.6,1008.8,1,1002.9,1733,1005.8,13.3,4.6,1100,2.83,14.85,,,,,,6.1,4.9,28.2,23.5,,,,,,,,,,3.2,4.5,,,
135,√ﬂ«≥∑…,2024-08-23,26.6,23.1,519,32.1,1431,,,,,,,6.8,270,829,4.5,270,27,2,1748,250,21.7,53,1435,76.3,26,981.2,1010.5,2321,1007.1,1559,1008.6,13.3,9.3,1000,2.88,21.42,,,,,,1.5,1.5,29.2,23.1,,,,,,,,,,4,5.7,,,
135,√ﬂ«≥∑…,2024-08-24,27.2,21.7,554,33.1,1547,,0,,0,,0,6.7,270,1321,3.7,250,1339,1.4,1222,250,21.9,49,1615,74.5,26.2,982.7,1011.8,758,1007.7,1741,1010,13.2,11.4,1100,3.09,23.31,,,,,,3.4,2.3,30.3,21.7,,,,,,,,,,4.7,6.7,,,
135,√ﬂ«≥∑…,2024-08-25,26.9,22.7,606,33,1353,,0,,0,,0,5.3,140,1405,3.3,110,1528,1.2,1013,20,22.4,53,1114,77.9,27.1,981.5,1010.5,625,1006.8,1739,1008.8,13.2,8,1300,2.99,18.7,,,,,,3.9,2.8,31.8,22.7,,,,,,,,,,3.4,4.9,,,
135,√ﬂ«≥∑…,2024-08-26,25.3,23.2,542,31.7,1237,,4.1,1423,5.6,1349,5.9,10.4,270,1411,6.4,270,1413,1.2,1060,20,22.8,62,1407,87,27.7,979.6,1008.6,8,1005.2,1352,1006.9,13.2,2.4,1200,2.27,12.28,,,,,,7.8,6.4,27.5,23.2,,,,,,,,,,2.2,3.2,,,
135,√ﬂ«≥∑…,2024-08-27,24.1,21,2400,27.4,1458,,0,,0,,0,8.8,90,1746,5.7,70,1814,1.9,1647,50,21.7,79,1123,86.9,26.1,979.1,1009.4,2238,1005,1508,1006.7,13.1,0,1100,1.25,6.84,,,,,,8.5,7.5,26.8,21,,,,,,,,,,1.7,2.5,,,
135,√ﬂ«≥∑…,2024-08-28,24.3,20,202,28.1,1708,,,,,,,8.6,50,2211,5.7,50,2249,3,2554,70,19.9,66,1717,77.3,23.3,981.3,1010.2,937,1007.6,1708,1008.9,13.1,2.2,1200,1.29,11.14,,,,,,6.6,6.3,26.5,20,,,,,,,,,,2.8,4,,,
135,√ﬂ«≥∑…,2024-08-29,25.3,21.5,2313,30.2,1414,,3.5,1709,5.2,1639,5.2,10.9,70,1631,6.8,70,1639,2.9,2477,50,21.2,62,1421,78.6,25.2,978.5,1008.6,1,1003.5,1551,1005.9,13.1,4.4,1100,2.68,15.8,,,,,,4.4,3.3,28.5,21.5,,,,,,,,,,3.3,4.7,,,
135,√ﬂ«≥∑…,2024-08-30,25.8,20.2,334,33,1536,,,,,,,6.4,320,1654,4.4,250,906,1.9,1647,250,20.6,48,1540,75,24.3,977,1005.7,2356,1002.1,1536,1004.3,13,9.6,1000,2.82,20.59,,,,,,1.4,1.4,27.8,20.2,,,,,,,,,,4.2,6,,,
135,√ﬂ«≥∑…,2024-08-31,25.1,21.8,621,31.7,1522,,,,,,,7.9,250,1218,4.5,250,1130,2.3,1991,230,19.3,46,1534,71.9,22.3,979.3,1008.9,2351,1004.6,1557,1006.8,13,10.6,1200,3.33,24.27,,,,,,1.6,1.6,29,21.8,,,,,,,,,,,,,,
135,√ﬂ«≥∑…,2024-09-01,25.1,19.7,601,31.7,1600,,,,,,,7.4,290,1143,3.9,270,1314,1.4,1173,290,19,45,1644,71.5,22,980.1,1009.3,702,1005.3,1600,1007.6,12.9,10.5,1200,3.43,23.84,,,,,,4,2.3,28.6,19.7,,,,,,,,,,4.6,6.6,,,
135,√ﬂ«≥∑…,2024-09-02,24.1,19.6,613,29,1337,,0,,0,,0,5.8,50,1328,3.8,50,1317,1.2,1046,50,20.1,61,1113,79.4,23.6,981.8,1012.1,2332,1007.9,1337,1009.4,12.9,3.4,900,1.97,12.09,,,,,,8.4,5,25.9,19.6,,,,,,,,,,2.5,3.6,,,
135,√ﬂ«≥∑…,2024-09-03,23.8,19.6,2233,27.6,1628,,,,,,,7.7,70,259,5.1,70,1013,2.8,2430,70,17.8,60,1451,69.8,20.4,984.9,1014.5,928,1010.7,1716,1012.5,12.9,3.8,1300,2.11,15.4,,,,,,6.8,6.1,27.8,19.5,,,,,,,,,,3.2,4.6,,,
135,√ﬂ«≥∑…,2024-09-04,23.6,17.2,624,30.2,1548,,,,,,,6.9,50,1033,4.5,70,1035,1.8,1513,110,17.2,43,1611,69.4,19.6,982.6,1013.1,1,1007.2,1726,1010.3,12.8,10.8,1200,3.22,23.35,,,,,,4.1,2.1,29.1,17.2,,,,,,,,,,4.7,6.7,,,
135,√ﬂ«≥∑…,2024-09-05,25.9,17.8,606,32.9,1433,,,,,,,8.7,270,1225,5,250,1230,1.9,1608,270,18.8,39,1431,68.3,21.8,980.4,1010,3,1005,1443,1007.8,12.8,8.8,1200,3.21,21.35,,,,,,5.1,2.8,28.6,17.8,,,,,,,,,,4.6,6.6,,,
135,√ﬂ«≥∑…,2024-09-06,23.9,22.2,2117,26.3,1408,,1.2,2204,2.4,1045,4.3,5.3,50,1613,3.8,70,1633,1.6,1403,70,21.1,75,1431,84.9,25,983.9,1013.9,2209,1008.6,25,1011.6,12.8,0,1400,1.17,6.15,,,,,,9.5,8.6,27.2,22.2,,,,,,,,,,1.3,1.8,,,
135,√ﬂ«≥∑…,2024-09-07,23,20.5,614,27,1528,,.1,,.1,,.1,5.1,20,240,3.8,50,322,1.6,1340,50,21.2,77,1532,89.9,25.2,986.1,1015,916,1012.6,1603,1013.9,12.7,1.5,1500,1.39,8.72,,,,,,7.6,7.4,25.6,20.5,,,,,,,,,,1.8,2.5,,,
135,√ﬂ«≥∑…,2024-09-08,26,21.7,206,31.6,1559,,,,,,,6,110,1340,3.5,90,1346,1.6,1344,70,22.1,56,1604,79.9,26.6,985.9,1015.2,822,1010.9,1559,1013.4,12.7,6.9,1200,3.04,18.86,,,,,,4.4,3.9,30.4,21.7,,,,,,,,,,3.7,5.2,,,
135,√ﬂ«≥∑…,2024-09-09,26.5,23,611,31.8,1535,,,,,,,5.9,70,1406,3.8,70,1553,2,1766,90,21.7,56,1536,75.9,25.9,985.9,1015,757,1011,1555,1013.4,12.6,7.2,1300,2.83,19.12,,,,,,2.9,2.5,32.3,23,,,,,,,,,,4,5.7,,,
135,√ﬂ«≥∑…,2024-09-10,26.4,20.7,634,33.8,1430,,,,,,,7.8,160,1435,4.5,50,1618,1.6,1356,50,21,44,1417,74.8,24.9,986.1,1015.2,702,1011.1,1542,1013.7,12.6,10.4,1200,3.13,22.25,,,,,,0,0,31.1,20.7,,,,,,,,,,4.5,6.4,,,
135,√ﬂ«≥∑…,2024-09-11,25.6,22.1,242,31,1313,,3.6,1354,7.1,1345,7.5,9.8,140,1333,6.1,160,1342,1.4,1214,160,22.8,66,1238,85.1,27.7,988.4,1017.6,2155,1014.2,1637,1016,12.6,1.2,1000,2.14,11.56,,,,,,9.3,8.9,27.9,22.1,,,,,,,,,,2.1,3,,,
135,√ﬂ«≥∑…,2024-09-12,24.7,23.2,2340,28.1,1248,,.7,1819,2.8,1752,3,5.7,140,1417,3.6,160,1422,1.1,968,70,23.2,80,1243,91.9,28.4,987.6,1017,1,1013.4,2353,1015.2,12.5,0,1200,1.15,6.03,,,,,,9.3,8.8,25.5,23.2,,,,,,,,,,1.4,2,,,
135,√ﬂ«≥∑…,2024-09-13,26.8,23.1,117,32.4,1426,,,,,,,4.9,180,1304,2.9,290,2229,.9,795,160,23.2,57,1558,82.6,28.5,982.1,1013.5,6,1006.7,1603,1009.4,12.5,7.1,1200,3.19,19.7,,,,,,6.8,5.8,31.7,23.1,,,,,,,,,,3.7,5.3,,,
135,√ﬂ«≥∑…,2024-09-14,27.1,21.8,617,34,1507,,,,,,,5.3,160,1125,3.8,160,1129,1.2,1006,20,22,48,1337,76,26.4,978.8,1007.8,1,1003.3,1511,1006.1,12.5,9.8,1300,3.34,21.86,,,,,,4.5,2.5,32.6,21.8,,,,,,,,,,4.2,6,,,
135,√ﬂ«≥∑…,2024-09-15,26.6,22.6,452,31.2,1508,,,,,,,11.1,50,2104,6,70,2159,2.7,2352,90,22.4,64,1556,78.8,27.1,982.8,1014.6,2308,1007,47,1010.2,12.4,4.3,1100,2.21,15.02,,,,,,5.1,4.8,32.1,22.6,,,,,,,,,,3.5,5,,,
135,√ﬂ«≥∑…,2024-09-16,25.2,23.2,656,28.1,1352,,0,,0,,0,10.5,50,34,5.8,70,38,3.1,2721,70,21.4,70,1354,79.9,25.5,988.4,1017.1,2301,1014.4,3,1016.1,12.4,0,1300,1.42,8.96,,,,,,8.3,8.3,28.6,23.2,,,,,,,,,,2.1,3,,,
135,√ﬂ«≥∑…,2024-09-17,27.6,22.6,523,34.6,1504,,,,,,,6,160,1348,3.8,160,1322,1,861,180,22.7,49,1417,76.6,27.7,987.2,1016.7,1,1012,1627,1014.6,12.3,8,1300,3.13,18.67,,,,,,4.6,2.5,33.6,22.6,,,,,,,,,,3.6,5.2,,,
135,√ﬂ«≥∑…,2024-09-18,25.2,22.8,1500,34.2,1337,,17,1416,51.6,1412,59.7,16.4,290,1428,8.4,320,1423,1.3,1150,50,22.6,53,1340,87.1,27.5,986.8,1016.8,2059,1011.6,1338,1014.4,12.3,6.1,1000,2.79,14.32,,,,,,5.6,4.1,26.4,22.8,,,,,,,,,,2.6,3.7,,,
135,√ﬂ«≥∑…,2024-09-19,25.2,22.1,400,29.7,1439,,,,,,,4,140,1225,2.9,90,1514,1,875,160,23.4,73,1520,90.5,28.8,987,1016.9,957,1012.7,1631,1014.7,12.3,2,1100,3.13,12.14,,,,,,7.8,6.5,27.9,22.1,,,,,,,,,,2.1,3,,,
135,√ﬂ«≥∑…,2024-09-20,24.6,23.3,117,26,1228,,2.9,2118,7.4,2115,14.7,4.9,160,1519,2.6,110,622,.9,743,140,23.7,89,1544,95,29.2,983.2,1014,1,1007.6,2322,1010.7,12.2,0,1000,.58,3.89,,,,,,9.9,8.6,25.8,23.3,,,,,,,,,,.7,1.1,,,
135,√ﬂ«≥∑…,2024-09-21,20,18.7,901,23.9,29,,9.5,529,34.3,529,132,9.1,50,421,5.5,50,424,2,1693,50,19.1,92,1532,94.6,22.3,979.3,1009.4,839,1004.7,1936,1007.2,12.2,0,1400,.43,1.53,,,,,,10,10,21.6,18.7,,,,,,,,,,.7,1,,,
135,√ﬂ«≥∑…,2024-09-22,20.4,18.3,2245,24.2,1335,,,,,,,9.7,70,1108,6.1,70,2104,2.1,1826,90,16.6,63,1339,79.5,18.9,984.2,1017.2,2357,1007.1,19,1012.1,12.2,2.9,1000,1.97,11.02,,,,,,9.1,9.1,22.4,18.3,,,,,,,,,,2.5,3.6,,,
135,√ﬂ«≥∑…,2024-09-23,18.5,13.3,2351,23.2,1557,,,,,,,9.1,50,959,5.7,70,1006,3.1,2645,70,11.8,47,1532,66.1,13.9,990.1,1020.1,930,1016,1550,1018.5,12.1,9.3,1100,3.18,21.07,,,,,,5.1,3.6,23.7,13.3,,,,,,,,,,3.7,5.3,,,
135,√ﬂ«≥∑…,2024-09-24,18.1,11.3,257,24.4,1544,,,,,,,7.3,160,1353,4.3,160,1334,2,1755,20,13.4,55,1408,75.6,15.6,988.7,1020,19,1014.3,1539,1017.1,12.1,10.2,1200,2.95,20.27,,,,,,4.4,3.3,21.3,11.3,,,,,,,,,,3.5,5,,,
135,√ﬂ«≥∑…,2024-09-25,20.3,16.2,645,26.7,1554,,,,,,,7.6,90,1233,4.2,110,1105,1.4,1241,20,16.4,51,1623,79.5,18.6,986.7,1016.5,649,1012.3,1625,1014.8,12,10.3,1100,2.17,17.21,,,,,,4.9,3.4,23.7,16.2,,,,,,,,,,2.8,4,,,
135,√ﬂ«≥∑…,2024-09-26,21.8,16.8,30,28.3,1248,,,,,,,6.8,270,1410,4.1,270,1416,1,880,250,17.5,48,1345,78.8,20,985.1,1015.1,836,1010.4,1602,1013.1,12,8.6,1200,3.05,18.79,,,,,,4.6,3.8,26,16.8,,,,,,,,,,3.4,4.8,,,
135,√ﬂ«≥∑…,2024-09-27,21.3,17.8,508,27.3,1402,,,,,,,5.7,250,927,3.8,250,932,1.2,998,50,17.5,52,1358,80.1,20,985.4,1015.6,2305,1011.2,1534,1013.4,12,7.3,1300,2.47,16,,,,,,3.6,3.1,22.1,17.8,,,,,,,,,,2.8,4,,,
135,√ﬂ«≥∑…,2024-09-28,20.2,16.2,600,23.9,1104,,0,,0,,0,7.6,70,1309,5.2,70,1318,2,1736,90,16.8,70,1034,81.3,19.1,990.4,1021.4,2152,1015.4,1,1018.6,11.9,1.7,1000,1.45,8.31,,,,,,5,4.5,22,16.2,,,,,,,,,,1.8,2.5,,,
135,√ﬂ«≥∑…,2024-09-29,19.2,13.5,2329,25,1452,,,,,,,9.4,110,1047,4.9,70,1618,2.3,1944,50,14.8,55,1525,77.1,17,992.2,1022.5,835,1018.1,1547,1020.7,11.9,6.5,1000,2.09,14.31,,,,,,3.1,2.6,23.4,13.5,,,,,,,,,,2.7,3.9,,,
135,√ﬂ«≥∑…,2024-09-30,17.9,11.5,630,25.7,1344,,,,,,,4.8,180,1235,2.7,110,1159,1.1,909,20,13.4,45,1337,77.3,15.4,987.9,1020.9,1,1012.7,1656,1016.4,11.9,10.4,1100,2.9,19.87,,,,,,.3,0,21.8,11.5,,,,,,,,,,3.3,4.8,,,
135,√ﬂ«≥∑…,2024-10-01,16.5,12.4,410,23.4,1031,,.7,1351,1.2,1324,1.2,10.7,250,1956,6.1,270,2015,2.6,2210,270,12.4,57,1033,78.4,14.6,983.6,1015.4,2351,1009.4,1302,1012,11.8,2.4,900,1.83,7.86,,,,,,8.1,2.5,15.9,12.4,,,,,,,,,,2.1,3,,,
135,√ﬂ«≥∑…,2024-10-02,12.9,7.3,2355,19.4,1514,,,,,,,8.8,270,57,4.9,250,1114,2.1,1824,250,5.1,30,1429,62.4,8.8,989.5,1022.8,2347,1015.3,3,1018.6,11.8,10.1,1200,3.01,19.79,,,,,,4.9,3.6,16.9,7.3,,,,,,,,,,3.1,4.5,,,
135,√ﬂ«≥∑…,2024-10-03,12.2,6.5,116,16.6,1126,,1,1650,2,1616,4.4,10.1,50,1727,4.7,20,1731,1.3,1102,70,9.2,59,1043,82.8,11.7,993,1023.5,1930,1021,1353,1022.3,11.7,0,1100,.9,4.32,,,,,,8.9,8,12.8,6.5,,,,,,,,,,1,1.4,,,
135,√ﬂ«≥∑…,2024-10-04,13.6,8.5,647,21.1,1527,,,,,,,7,90,1231,5,70,1139,1.6,1405,70,9.6,46,1609,79.6,12,995.4,1026.4,850,1022.5,1425,1024.6,11.7,8.5,1200,2.95,19.14,,,,,,.6,.5,18.8,8.5,,,,,,,,,,3.1,4.5,,,
135,√ﬂ«≥∑…,2024-10-05,14.5,7,621,22.2,1505,,,,,,,6.5,70,1248,4.3,70,1418,1.2,1033,70,11.1,54,1512,82,13.4,994.6,1025.8,706,1020.9,1413,1023.6,11.7,10.1,1200,2.77,18.45,,,,,,3.8,1.6,19.3,7,,,,,,,,,,2.7,3.8,,,
135,√ﬂ«≥∑…,2024-10-06,15,10.6,312,19,1113,,.1,,.2,,.2,5.5,90,1133,4,110,1135,1.2,1007,270,12.5,67,1126,86,14.6,991.9,1023.5,140,1018.4,1413,1020.8,11.6,.1,1000,1.36,6.03,,,,,,9.8,7.4,15.6,10.6,,,,,,,,,,1.2,1.7,,,
135,√ﬂ«≥∑…,2024-10-07,15.2,12.8,2334,18.7,1358,,.4,427,1.6,406,2.9,7.1,270,1444,4.8,250,1142,2.4,2101,270,12.2,66,1359,83.1,14.2,989,1019.3,824,1015.7,1400,1017.8,11.6,1.3,1100,1.83,9.43,,,,,,9.5,6.8,15.9,12.8,,,,,,,,,,1.6,2.3,,,
135,√ﬂ«≥∑…,2024-10-08,16.1,12.3,231,21.6,1403,,,,,,,6.5,250,1501,4.3,250,948,1.8,1566,270,12.3,54,1530,79.9,14.3,988.3,1018.7,2223,1014.7,1422,1017,11.6,8.9,1100,2.72,18.29,,,,,,3.1,2.5,18.9,12.3,,,,,,,,,,3.1,4.5,,,
135,√ﬂ«≥∑…,2024-10-09,15.2,9.6,606,21.3,1430,,,,,,,6.9,90,1325,4.1,70,1302,1.9,1664,70,11,51,1438,77.4,13.2,988.4,1019.4,640,1014.5,1524,1017.1,11.5,8.7,1000,2.51,15.56,,,,,,3.9,1.6,19.4,9.6,,,,,,,,,,2.5,3.6,,,
135,√ﬂ«≥∑…,2024-10-10,14.7,9.1,621,22.6,1412,,,,,,,5.8,70,1428,4.1,50,1438,.9,780,160,10.6,44,1230,78.3,12.8,987.1,1017.4,640,1013.4,1410,1015.9,11.5,9.1,1200,2.76,16.95,,,,,,2.6,2,16.4,9.1,,,,,,,,,,2.6,3.8,,,
135,√ﬂ«≥∑…,2024-10-11,15.3,9.5,637,23,1449,,,,,,,5.7,230,1221,3.4,230,1230,1.1,989,230,10.4,38,1519,76,12.6,989.9,1021.9,2338,1016.2,1444,1018.7,11.4,10.4,1100,2.97,19.12,,,,,,.6,.4,17.6,9.3,,,,,,,,,,3.3,4.8,,,
135,√ﬂ«≥∑…,2024-10-12,14.7,8.8,521,23.1,1428,,,,,,,6.4,250,1323,3.8,230,1301,1.2,1048,250,9.2,32,1446,73.6,11.7,994.4,1025.4,2245,1021.1,1459,1023.4,11.4,10.5,1200,2.74,18.12,,,,,,0,0,16.6,8.3,,,,,,,,,,3.2,4.6,,,
135,√ﬂ«≥∑…,2024-10-13,15.7,7.3,607,22.2,1238,,,,,,,8.6,140,1246,5.4,140,1253,2,1710,70,11.3,57,1239,76.4,13.5,995,1026.1,700,1022.2,1511,1023.9,11.4,6.5,1100,2.23,13.61,,,,,,5.9,4.3,17.6,6.9,,,,,,,,,,2.3,3.3,,,
135,√ﬂ«≥∑…,2024-10-14,16.5,14.3,410,19,1205,,.5,2216,1.6,1906,10.4,5.3,90,2259,4.1,70,2303,1.2,1038,70,14.6,78,1207,89,16.6,991.4,1023.2,48,1017.8,2303,1020.1,11.3,0,1200,.82,3.74,,,,,,10,7.9,17,14.3,,,,,,,,,,.8,1.1,,,
135,√ﬂ«≥∑…,2024-10-15,17.2,15.6,441,18.8,1424,,1.9,202,6.5,127,9.2,5.2,270,1327,3.3,250,1328,1.4,1192,250,16,89,1311,92.9,18.2,989.5,1020.6,2307,1016.5,625,1018,11.3,0,1300,.57,3.24,,,,,,9,8,18.1,15.6,,,,,,,,,,.8,1.2,,,
135,√ﬂ«≥∑…,2024-10-16,17.6,14.3,2158,23.3,1424,,,,,,,6.1,70,1338,4,70,1513,1.6,1416,50,14.5,57,1415,83.6,16.5,993.9,1024.2,2304,1020.3,1,1022.5,11.3,7.3,1200,2.49,15.4,,,,,,5.5,2.1,20.3,14.3,,,,,,,,,,2.4,3.4,,,
135,√ﬂ«≥∑…,2024-10-17,16.7,13.7,451,21.5,1417,,,,,,,7.3,90,1527,4.8,70,1432,1.7,1464,70,14.3,59,1441,87.1,16.4,994.1,1024.9,838,1021,1524,1022.8,11.2,4.4,1200,2.07,10.67,,,,,,6.6,6.1,20.3,13.7,,,,,,,,,,1.9,2.7,,,
135,√ﬂ«≥∑…,2024-10-18,17.6,14.1,4,20.7,2222,,1.4,2109,1.8,1608,4.7,5.9,70,1309,3.7,70,1312,1.2,1069,160,16.4,83,1236,92.9,18.8,986.2,1022.1,10,1010.1,2353,1014.6,11.2,0,1000,.41,3.03,,,,,,8.6,8.4,18.2,14.1,,,,,,,,,,.6,.9,,,
135,√ﬂ«≥∑…,2024-10-19,16.3,10.8,2312,21.2,533,,5.7,325,8.3,316,13.1,11.3,110,2334,5.8,270,1112,2.8,2450,90,13.9,72,2336,86.5,16.6,989.8,1029.5,2348,1009.6,141,1018.5,11.1,0,1100,.93,3.24,,,,,,9.1,9.1,17,10.8,,,,,,,,,,1.4,1.9,,,
135,√ﬂ«≥∑…,2024-10-20,11.4,9.6,629,13.8,1054,,,,,,,12.8,90,947,7.6,90,955,4.5,3845,70,5.3,53,925,66.5,8.9,1001.7,1033.4,829,1029.4,2318,1031.3,11.1,3.6,1000,2.21,9.68,,,,,,8.8,8.4,13,9.6,,,,,,,,,,1.9,2.7,,,
135,√ﬂ«≥∑…,2024-10-21,12.8,7.8,654,16.9,1122,,.5,2330,1.6,2253,2.9,8.2,70,28,5.1,70,36,1.6,1385,90,9.7,63,1010,82.3,12.1,995.7,1029.7,1,1022.5,2357,1024.9,11.1,2.7,1000,1.86,8.68,,,,,,9.5,8,15.2,7.8,,,,,,,,,,1.3,1.8,,,
135,√ﬂ«≥∑…,2024-10-22,15.4,13.1,1,17.7,2220,,1,640,4.5,627,22.8,11.4,270,2332,6.5,270,2339,1.7,1502,160,14.4,91,2329,94.4,16.5,986.6,1022.6,8,1010.3,2331,1015.2,11,0,1300,.44,2.2,,,,,,9.9,9.9,15.8,13.1,,,,,,,,,,1.1,1.5,,,
135,√ﬂ«≥∑…,2024-10-23,13.5,8.8,2341,17.2,1,,.3,23,.3,1,.3,16.9,270,1110,8.8,270,1106,5.9,5108,270,7.7,54,1439,68.8,10.6,987.4,1021.3,2327,1010.3,1,1016.4,11,7.5,1100,2.46,14.89,,,,,,4.1,4,15.2,8.8,,,,,,,,,,2.8,4,,,
135,√ﬂ«≥∑…,2024-10-24,10.5,5.8,2357,17.5,1502,,,,,,,9.2,250,908,5.6,250,1033,2.9,2490,250,5.7,44,1615,73.8,9.2,993.3,1026,2343,1019.9,1422,1022.7,11,10.1,1200,2.55,16.62,,,,,,0,0,12.5,5.8,,,,,,,,,,2.6,3.7,,,
135,√ﬂ«≥∑…,2024-10-25,12,4.8,240,18.7,1352,,,,,,,9,70,1001,5.9,70,1010,1.7,1456,70,8.9,58,1357,82.8,11.6,996.5,1027.9,808,1024.3,1459,1025.8,10.9,7.8,1100,2.35,13.56,,,,,,4.9,3,12.9,4.8,,,,,,,,,,2,2.8,,,
135,√ﬂ«≥∑…,2024-10-26,15.8,11.2,34,21.1,1520,,,,,,,9.4,90,1046,5.4,70,1048,2.1,1841,50,11.8,58,1524,78.8,13.9,992.8,1024.8,1,1018.9,1535,1021.7,10.9,4.8,1200,1.92,10.86,,,,,,6.3,6.3,17.4,10.6,,,,,,,,,,1.9,2.7,,,
135,√ﬂ«≥∑…,2024-10-27,13.1,9.3,554,15.2,1024,,.3,1313,.8,1946,1.8,6.8,290,2220,4.2,270,2210,1.4,1183,270,11.4,77,1031,90.1,13.5,986.1,1020.8,109,1012.6,1452,1015,10.9,.6,900,.83,3.03,,,,,,9.6,8.1,13,9.3,,,,,,,,,,.6,.9,,,
135,√ﬂ«≥∑…,2024-10-28,12.6,9.6,708,15.1,1035,,.2,1330,.9,1329,1,9,70,1941,5.2,50,1950,2,1750,70,10.4,75,1103,86.8,12.7,987.1,1020.3,2358,1012.7,12,1016.2,10.8,,1300,.26,,,,,,,7.8,6.8,14.2,9.6,,,,,,,,,,,,,,
135,√ﬂ«≥∑…,2024-10-29,11.9,7.4,558,17.3,1413,,,,,,,7.2,90,1325,4.4,70,1220,1.8,1553,50,8.7,60,1238,82.1,11.3,990.6,1021.2,2258,1017.6,1557,1019.8,10.8,,1300,1.61,,,,,,,4.8,2.4,14.3,7.4,,,,,,,,,,1.2,1.7,,,
135,√ﬂ«≥∑…,2024-10-30,12.7,7.1,631,20.2,1448,,,,,,,7.4,250,1119,5,250,1146,1.5,1321,250,9.2,52,1433,81.8,11.7,993.7,1025.6,2328,1020.4,1546,1022.9,10.8,,1200,2.39,,,,,,,0,0,14.3,7.1,,,,,,,,,,2,2.8,,,
135,√ﬂ«≥∑…,2024-10-31,12.7,7,621,20.2,1333,,,,,,,5.7,90,1427,3.4,70,1507,1.1,952,70,9.5,54,1323,82.9,11.9,994.5,1026.2,713,1021,1613,1023.8,10.7,3.6,900,1.07,,,,,,,4.8,.5,15.9,7,,,,,,,,,,,,,,
135,√ﬂ«≥∑…,2024-11-01,11.7,9,344,13,1108,,,,,,3.9,7.4,90,2247,4.9,70,2238,1.4,1181,90,10.5,90,1506,92.8,12.7,991.1,1023.9,857,1015.5,2327,1020.4,10.7,0,1400,.31,,,,,,,9.9,8.3,11.7,9,,,,,,,,,,,,,,
135,√ﬂ«≥∑…,2024-11-02,14.9,10.5,2358,21.9,1511,,,,,,.5,7,50,1357,4.4,50,1333,1.3,1120,50,11.6,51,1426,82.4,13.7,989.3,1024.3,2334,1014,312,1018.1,10.7,4,1200,2.19,10.4,,,,,,5.6,5,17.9,10.5,,,,,,,,,,1.8,2.5,,,
135,√ﬂ«≥∑…,2024-11-03,12.6,7.2,715,19.8,1537,,,,,,,5.8,160,1255,3.1,160,1208,1,855,20,9.5,55,1318,83.3,11.9,993.9,1025.9,809,1020.4,1514,1023.2,10.6,9.3,1200,2.34,14.43,,,,,,0,0,15,7.2,,,,,,,,,,2.1,2.9,,,
135,√ﬂ«≥∑…,2024-11-04,12.9,7,341,19.2,1322,,,,,,.2,10.9,270,1418,5.5,250,1250,2,1770,270,7.4,35,1733,72.9,10.7,991.6,1023.1,2219,1017.6,1441,1020.7,10.6,4.1,1200,1.67,8.52,,,,,,5.9,4.8,12.1,7,,,,,,,,,,2,2.9,,,
135,√ﬂ«≥∑…,2024-11-05,9.7,6.3,2358,14,1510,,,,,,,11.7,250,1934,7.1,270,2201,3.6,3148,270,1,38,2345,55.6,6.7,992.2,1023.7,2355,1018.7,1444,1021.7,10.6,8.6,1200,2.37,13.9,,,,,,3.3,2.6,11.6,4.5,,,,,,,,,,3.1,4.5,,,
135,√ﬂ«≥∑…,2024-11-06,6.8,1.5,720,12,1455,,,,,,,12.7,250,1201,7.5,250,1304,3.4,2907,250,-4.9,29,1215,44.5,4.3,996.5,1030.2,2336,1023.7,2,1026.5,10.5,9.9,1200,2.37,14.97,,,,,,0,0,7.9,1.5,,,,,,,,,,2.8,3.9,,,
135,√ﬂ«≥∑…,2024-11-07,6.3,-2.3,543,16.4,1527,,,,,,,3.8,140,1239,2.6,160,1030,.8,728,160,.3,37,1543,68.8,6.4,1000.3,1032.6,752,1027.6,1509,1030.5,10.5,9.7,1200,2.3,14.61,,,,,,0,0,9.5,-2.3,,,,,,,,,,2,2.9,,,
135,√ﬂ«≥∑…,2024-11-08,10,2.4,349,18.1,1444,,,,,,,5.7,90,1558,4.1,90,1603,1.1,959,20,5.2,49,1353,74.1,9,998.8,1031.5,1,1025.6,1422,1028.5,10.5,5.8,1200,2.29,12.1,,,,,,4.5,3,9.3,2.4,,,,,,,,,,2,2.8,,,
135,√ﬂ«≥∑…,2024-11-09,10.8,5.4,647,18.1,1313,,,,,,,5.6,160,1053,3.6,70,1255,1,882,110,7.3,52,1329,80.6,10.2,997.6,1029.3,801,1025.3,1432,1027.1,10.4,7.4,1000,1.91,11.5,,,,,,4.1,1.9,12.1,5.4,,,,,,,,,,1.7,2.4,,,
135,√ﬂ«≥∑…,2024-11-10,11.6,7.6,2312,17.7,1259,,,,,,,3.9,160,1311,2.6,180,1313,.9,783,20,8.9,62,1301,84.8,11.5,993.6,1026.5,1,1019.9,1611,1022.9,10.4,3.7,1100,1.61,7.61,,,,,,6.1,5.4,11,7.3,,,,,,,,,,1.2,1.7,,,
135,√ﬂ«≥∑…,2024-11-11,12,5.8,602,19.3,1333,,,,,,,6.7,70,1431,4.6,70,1254,1.6,1385,50,7.1,45,1214,74.9,10.1,991.2,1022.8,802,1017.7,1457,1020.4,10.4,9.7,1200,2.11,13.06,,,,,,.8,.1,14.1,5.8,,,,,,,,,,2.5,3.5,,,
135,√ﬂ«≥∑…,2024-11-12,12.5,6,2356,19.1,1429,,,,,,,10.9,250,1352,6.7,250,1133,2.5,2127,250,4.9,32,1410,63.9,8.9,990.7,1022.6,2346,1017.2,1352,1019.8,10.3,9,1200,2.13,13.31,,,,,,2.4,1.8,13.7,5.5,,,,,,,,,,2.7,3.9,,,
135,√ﬂ«≥∑…,2024-11-13,11.1,3.5,347,18.7,1416,,,,,,,6.4,200,1247,3.9,140,1327,1.4,1241,50,6.3,48,1459,74.3,9.7,994,1025.3,837,1021.3,1455,1023.4,10.3,7.7,1100,2.13,12.01,,,,,,5,3.8,12.6,3.5,,,,,,,,,,2,2.9,,,
135,√ﬂ«≥∑…,2024-11-14,11.8,6.4,631,17.6,1334,,,,,,0,7.2,140,1300,3.9,70,1416,1.1,971,50,7.9,55,1335,78.4,10.7,992.4,1024.5,810,1019,1708,1021.6,10.3,1.5,1200,1.67,6.92,,,,,,7.9,7.3,12.1,6.4,,,,,,,,,,1.2,1.6,,,
135,√ﬂ«≥∑…,2024-11-15,12.2,9.6,2341,17,1249,,,,,,1.8,7.4,70,1539,5.1,70,1536,1.6,1392,50,9,56,1431,82.3,11.5,990.8,1021.6,840,1018.2,1502,1020,10.3,3.1,1200,2.05,7.5,,,,,,8.3,6.9,12.9,9.6,,,,,,,,,,1.3,1.9,,,
135,√ﬂ«≥∑…,2024-11-16,15.7,9.3,731,22.6,1443,,,,,,.1,7.4,270,2348,5.1,270,2338,1.8,1516,140,10.9,46,1449,75.6,13.1,987.9,1020.9,229,1012.7,1501,1016.6,10.2,9.2,1200,2.06,12.31,,,,,,4.1,3.6,17.5,8.6,,,,,,,,,,2.5,3.6,,,
135,√ﬂ«≥∑…,2024-11-17,8.7,2.9,2334,15.3,1,,,,,,1,12.3,270,1603,7.1,270,1259,4.1,3576,270,.3,37,1617,56.6,6.9,992.5,1028.6,2359,1014.9,17,1022.1,10.2,.5,1300,.5,2.43,,,,,,7,4.5,8.8,1.5,,,,,,,,,,2,2.8,,,
135,√ﬂ«≥∑…,2024-11-18,1,-3.8,2400,6.9,1521,,,,,,,13,270,324,8.4,270,255,3.9,3386,250,-11.2,20,1526,41.8,2.7,1001.4,1034.7,2349,1028.6,1,1032.2,10.2,9.4,1200,2.26,13.78,,,,,,.4,0,2.8,-3.8,,,,,,,,,,2.2,3.2,,,
135,√ﬂ«≥∑…,2024-11-19,3.2,-4.1,419,10.8,1509,,,,,,,7.3,180,1238,4.3,180,1257,1.2,1060,50,-2.1,49,1127,69.4,5.4,1000.3,1035,243,1027.5,1655,1030.8,10.2,6.1,1100,2.02,10.31,,,,,,4.3,2.9,4.8,-4.1,,,,,,,,,,1.3,1.9,,,
135,√ﬂ«≥∑…,2024-11-20,6.3,-.4,347,10.8,1349,,,,,,,9.1,250,1044,6.2,250,1045,2.4,2079,250,.2,48,933,66.1,6.2,994.7,1027.9,1,1022.7,1734,1024.7,10.1,5.3,1100,1.85,8.81,,,,,,6,5.8,6.2,.3,,,,,,,,,,1.5,2.1,,,
135,√ﬂ«≥∑…,2024-11-21,9.4,4.4,509,13.4,1456,,,,,,,11.4,250,1216,6.3,250,1221,2.2,1929,270,3.4,51,1225,67.3,7.8,991.2,1023,6,1018.6,1452,1020.7,10.1,4.1,1000,1.57,7.94,,,,,,5.5,5.4,10.5,4,,,,,,,,,,2,2.9,,,
135,√ﬂ«≥∑…,2024-11-22,6.6,-.6,2354,10.9,1540,,,,,,,11.9,290,444,6.4,270,524,3.4,2954,250,-3.1,29,1423,51.8,5,993,1026.9,2324,1019.6,139,1023,10.1,9.4,1200,2.13,12.55,,,,,,.9,.9,8.3,-.6,,,,,,,,,,2.1,3,,,
135,√ﬂ«≥∑…,2024-11-23,3.2,-3.6,651,11,1456,,,,,,,7.1,70,1340,4.8,70,1345,1.3,1124,50,-2.6,39,1451,68.5,5.1,997.9,1030.3,2324,1026,1455,1028.4,10.1,8.8,1100,2.01,11.67,,,,,,2.3,1.9,5.2,-3.6,,,,,,,,,,1.7,2.4,,,
135,√ﬂ«≥∑…,2024-11-24,5.2,-.5,636,13.1,1509,,,,,,,4.6,180,1429,3.3,90,1639,1,857,160,.8,48,1446,75.5,6.5,999.9,1031.8,922,1027.1,1511,1030.2,10,8.4,1200,1.79,11.02,,,,,,2,.5,7,.1,,,,,,,,,,1.5,2.1,,,
135,√ﬂ«≥∑…,2024-11-25,8.2,.5,501,14.4,1324,,,,,,0,11.8,90,1850,6.7,90,1855,2.6,2210,90,2.9,50,1326,71.5,7.6,995.9,1031.4,218,1017.2,2400,1025.7,10,7.9,1200,2,10.77,,,,,,5,2.8,7.9,.4,,,,,,,,,,2,2.9,,,
135,√ﬂ«≥∑…,2024-11-26,7,3.9,2338,10.6,653,,,,,,16.6,18.8,270,728,10.5,250,1311,5.6,4804,270,1.4,41,1657,68.9,7.2,983.1,1017.2,1,1008.9,617,1012.7,10,1.5,1300,1.26,4.13,,,,,,7.4,7,6.6,1.8,,,,,,,,,,1.7,2.4,,,
135,√ﬂ«≥∑…,2024-11-27,.4,-.2,932,4.1,3,,,,,,5.8,15.6,290,3,8.1,270,39,4.5,3851,270,-1.9,60,16,84.1,5.3,982.8,1014.6,2239,1010.4,1414,1013.2,10,.4,1200,.64,2.69,,,,,,8.5,8.5,-.1,-.2,,,,,,,,,,.6,.9,,,
135,√ﬂ«≥∑…,2024-11-28,2.6,-.2,530,6.9,1346,,,,,,1.1,15.6,250,1230,9.5,250,1356,4.5,3903,270,-2,50,1349,72,5.3,981.6,1014.3,1,1008.7,1253,1011.7,9.9,5.1,1200,1.85,7.94,,,,,,7.1,6.9,1.2,-.3,,,,,,,,,,1.3,1.9,,,
135,√ﬂ«≥∑…,2024-11-29,1.9,-.2,604,3.7,1209,,,,,,.2,11.6,270,1836,6.5,250,1217,4.1,3537,270,-2.4,55,1324,73.5,5.2,983.2,1014.9,856,1011.5,1539,1013.4,9.9,3.5,1100,1.59,7.09,,,,,,8.5,7.8,1.9,-.7,,,,,,,,,,1.2,1.7,,,
135,√ﬂ«≥∑…,2024-11-30,5.8,1.7,620,9.2,1212,,,,,,,13.7,270,114,7.8,270,116,4.3,3679,270,-.8,50,1207,63.3,5.8,986.2,1017.8,854,1014.5,1,1016,9.9,4.6,1100,2.11,8.18,,,,,,3.1,2.5,5.1,-.4,,,,,,,,,,1.5,2.2,,,
135,√ﬂ«≥∑…,2024-12-01,7.5,2,652,13,1355,,,,,,.1,8.1,270,113,4.9,250,1249,1.5,1254,250,3.1,54,1350,74.9,7.7,987,1018.4,847,1015,1638,1016.7,9.9,3.9,1100,1.65,7.51,,,,,,6.3,5.5,8.3,1.9,,,,,,,,,,1.1,1.6,,,
135,√ﬂ«≥∑…,2024-12-02,7.8,-.2,741,15.9,1344,,,,,,,14.3,250,1535,8.5,250,1602,2.8,2409,250,2,38,1349,70.3,7.1,987.1,1019.7,2347,1013.6,1500,1016.8,9.9,8.6,1200,1.87,10.81,,,,,,1.1,1.1,7.6,-.2,,,,,,,,,,2.5,3.6,,,
135,√ﬂ«≥∑…,2024-12-03,2.3,-.2,2146,6.2,1327,,,,,,,11.3,270,1434,7.1,250,1506,4.2,3587,250,-8.6,21,1526,47.8,3.4,992.7,1025.1,2342,1019.7,1,1023.1,9.9,7.2,1200,1.98,10.14,,,,,,7.3,4.5,3,-1.5,,,,,,,,,,2.3,3.3,,,
135,√ﬂ«≥∑…,2024-12-04,2.6,-1,2157,6.1,1346,,,,,,,13.2,250,1430,7.9,250,1432,3.3,2883,250,-7.6,29,1347,48.5,3.5,991.5,1025,6,1019.7,2358,1021.9,9.8,8.7,1200,1.99,11.36,,,,,,4.4,3.4,2.9,-1,,,,,,,,,,2,2.9,,,
135,√ﬂ«≥∑…,2024-12-05,3.8,-.9,702,8,1426,,,,,,.6,16.7,270,1306,9.4,270,1315,4.1,3535,270,-2.8,38,1516,63.6,5,987.3,1019.7,1,1015.5,1603,1017.4,9.8,5,1100,1.71,8.96,,,,,,6.3,5.1,3.9,-.9,,,,,,,,,,1.9,2.7,,,
135,√ﬂ«≥∑…,2024-12-06,3.2,.6,2347,7,1434,,,,,,.6,14,270,10,8.1,270,28,3.8,3321,270,-4.6,34,1538,57.8,4.4,990.4,1024.2,2218,1017.2,137,1020.7,9.8,8.1,1200,1.9,10.8,,,,,,2,1.5,5.2,-.7,,,,,,,,,,1.8,2.6,,,
135,√ﬂ«≥∑…,2024-12-07,.8,-2.1,749,4,1309,,,,,,,13.2,250,1336,7.7,250,1319,3.8,3324,270,-6.2,39,1345,59.5,3.9,993.5,1025.7,849,1022.1,1508,1024.1,9.8,6.7,1200,1.6,8.43,,,,,,4.4,3.6,1.5,-2.1,,,,,,,,,,1.6,2.2,,,
135,√ﬂ«≥∑…,2024-12-08,-.5,-2.6,2244,3.2,1435,,,,,,,14.6,270,236,8.3,270,307,4.8,4152,270,-9.1,24,1552,53.8,3.1,995.4,1027.7,2213,1023.4,32,1026.2,9.8,7.2,1200,1.98,10.22,,,,,,1,.9,.6,-2.6,,,,,,,,,,1.6,2.2,,,
135,√ﬂ«≥∑…,2024-12-09,1.2,-5.9,636,5.9,1441,,,,,,,10.5,250,1354,7.1,250,1350,2.8,2461,250,-5.8,46,1311,60.1,4,994.5,1027.9,301,1022.9,1458,1025.1,9.8,6.8,1100,1.89,9.89,,,,,,3.6,2.3,.2,-5.9,,,,,,,,,,1.5,2.1,,,
135,√ﬂ«≥∑…,2024-12-10,2.9,-.7,439,6.8,1408,,,,,,,12.6,250,1227,7.4,250,1246,3.2,2800,270,-5.8,33,1312,54,4,993.4,1025.7,839,1021.8,1514,1023.8,9.8,8.9,1200,1.98,11.27,,,,,,2.4,1.8,3.2,-1.3,,,,,,,,,,2.1,3,,,
135,√ﬂ«≥∑…,2024-12-11,2.6,-1.3,2202,7.6,1459,,,,,,,8,270,39,5.2,270,42,3.2,2723,270,-5.7,36,1451,55,4,992.4,1024.8,2355,1019.5,1436,1022.7,9.8,6.6,1200,1.59,8.22,,,,,,5,4.9,3.6,-1.5,,,,,,,,,,1.5,2.1,,,
135,√ﬂ«≥∑…,2024-12-12,.4,-6,355,4.8,1342,,,,,,,10,250,1413,6.5,250,1453,3.2,2779,250,-10,24,1555,48.8,3,994,1027.1,951,1022.7,1438,1024.7,9.7,7.3,1200,1.93,10.39,,,,,,4.1,4.1,-.4,-6,,,,,,,,,,2.1,2.9,,,
135,√ﬂ«≥∑…,2024-12-13,.1,-2.3,2333,4.4,1208,,,,,,,10.5,270,1423,7.2,270,158,3.9,3378,270,-8.8,33,1209,52.8,3.2,992,1025.4,253,1019.2,1241,1022.6,9.7,2.5,1100,1.6,6.3,,,,,,6.3,6.3,-.1,-2.5,,,,,,,,,,1.4,2,,,
135,√ﬂ«≥∑…,2024-12-14,-.5,-3.6,714,2.7,1349,,,,,,,14.7,290,1101,8.2,290,1053,4.8,4187,270,-9.1,39,1312,52.8,3.1,994.2,1027.7,1007,1023.1,1554,1025,9.7,7.6,1100,1.88,10.1,,,,,,2,1.9,-.1,-3.6,,,,,,,,,,1.6,2.2,,,
135,√ﬂ«≥∑…,2024-12-15,.7,-1.2,137,2.2,1617,,,,,,1.9,11.6,270,1535,6.2,270,1539,4.1,3506,270,-3.5,49,2358,74.4,4.8,990.8,1024,3,1019.8,1351,1021.4,9.7,0,1100,.25,1,,,,,,8,8,.1,-1.3,,,,,,,,,,.9,1.3,,,
135,√ﬂ«≥∑…,2024-12-16,1.6,-2.1,235,5.7,1539,,,,,,.2,11.5,270,126,7.3,250,134,3.5,3031,270,-7.3,36,1301,53.3,3.7,992.1,1024.6,1004,1020.3,1454,1022.6,9.7,8.2,1200,1.91,10.64,,,,,,6.6,5.4,1.9,-2.5,,,,,,,,,,1.9,2.8,,,
135,√ﬂ«≥∑…,2024-12-17,1.2,-1,431,5,1432,,,,,,0,11.8,250,1301,6.6,250,1341,3.4,2964,270,-8.6,37,1446,48.8,3.2,994.6,1026.6,924,1022.8,4,1025.2,9.7,7.3,1200,1.88,10.31,,,,,,5.9,4.8,2.9,-1.8,,,,,,,,,,1.7,2.5,,,
135,√ﬂ«≥∑…,2024-12-18,-2.5,-5.2,2329,.5,1453,,,,,,,13.9,270,1243,8.4,250,1240,4.4,3815,270,-11.5,34,1507,50.8,2.6,995.3,1029.5,2326,1023.3,1405,1026.4,9.7,8.9,1200,1.96,11.26,,,,,,2.1,2.1,-1.2,-5.2,,,,,,,,,,1.6,2.3,,,
135,√ﬂ«≥∑…,2024-12-19,-2.8,-8.5,721,3.9,1530,,,,,,,8,270,30,6.2,270,1,2.9,2488,250,-11.9,25,1548,51,2.5,998.5,1032.7,818,1027.9,1517,1029.7,9.7,8.4,1200,1.92,11.14,,,,,,3,1.1,-1.9,-8.5,,,,,,,,,,1.4,2,,,
135,√ﬂ«≥∑…,2024-12-20,-.3,-6.1,518,5,1256,,,,,,,9.2,270,1506,4.7,250,1308,1.6,1394,250,-6.6,40,1043,63,3.8,992.7,1028.4,9,1019.7,2400,1023.5,9.7,3.6,1100,1.5,6.38,,,,,,8.9,8,-1.7,-6.1,,,,,,,,,,.9,1.3,,,
135,√ﬂ«≥∑…,2024-12-21,-.6,-3.6,2354,2,1221,,,,,,4.4,16.6,250,1135,8.7,270,1204,4.1,3536,270,-4.6,60,2041,74.9,4.5,988.6,1023.2,2309,1016.4,1400,1019.2,9.7,1.2,1100,1.42,4.17,,,,,,7.9,7.9,-1.3,-3.6,,,,,,,,,,1,1.4,,,
135,√ﬂ«≥∑…,2024-12-22,-3.6,-6.7,758,-.5,1519,,,,,,,15.9,250,1229,8.4,250,1229,4.4,3834,270,-12.1,36,1521,52.4,2.4,995.8,1028.9,2211,1023,13,1027,9.7,8.9,1200,1.98,11.46,,,,,,0,0,-2.8,-6.7,,,,,,,,,,1.5,2.2,,,
135,√ﬂ«≥∑…,2024-12-23,.7,-4.3,233,4.4,1231,,,,,,,10.6,270,1218,6.5,270,306,4.1,3508,270,-5.2,54,1219,64.4,4.2,996.2,1029.1,437,1024.9,1431,1026.8,9.7,4.8,1100,1.86,8.09,,,,,,2.1,1.6,0,-4.3,,,,,,,,,,1.4,2,,,
135,√ﬂ«≥∑…,2024-12-24,-.6,-5.2,2344,4.6,1514,,,,,,,12.7,270,713,6.6,270,813,3.4,2906,270,-8.1,38,1456,58.4,3.3,997.5,1030.4,2307,1026.4,9,1028.4,9.7,8.9,1200,1.94,11.18,,,,,,2.3,.8,.5,-5.2,,,,,,,,,,1.4,1.9,,,
135,√ﬂ«≥∑…,2024-12-25,1.2,-5.6,38,5.6,1536,,,,,,,11.1,250,1733,6.3,250,1517,2.7,2363,270,-4.5,50,1530,66.4,4.4,995.4,1030.1,34,1022.9,1546,1026,9.7,4.5,1200,2.14,8.14,,,,,,7.6,7.4,1.2,-5.6,,,,,,,,,,1.6,2.3,,,
135,√ﬂ«≥∑…,2024-12-26,1.6,-3,2357,4.6,1301,,,,,,.1,17.4,270,1234,9.7,250,1344,5.1,4444,270,-5.8,38,1358,58.5,4.1,993.2,1026.7,2237,1021.7,1409,1023.7,9.7,7.3,1200,1.78,9.75,,,,,,3.9,3.8,2.6,-3,,,,,,,,,,1.8,2.6,,,
135,√ﬂ«≥∑…,2024-12-27,-2.6,-5.9,749,.3,1358,,,,,,.6,12.3,270,512,7.5,250,1154,3.6,3082,270,-9.6,42,1158,59.6,3,995.1,1029.7,839,1023.4,2350,1026.2,9.7,8.2,1200,1.87,10.03,,,,,,4.5,4.4,-1.5,-5.9,,,,,,,,,,1.3,1.9,,,
135,√ﬂ«≥∑…,2024-12-28,-3.2,-6.2,758,-.9,1353,,,,,,.1,15.6,250,1120,9.1,250,1319,5.4,4655,270,-9.9,47,1410,60.3,2.9,993.4,1026.3,950,1022.7,331,1024.5,9.7,7,1200,1.96,9.8,,,,,,4.3,4.3,-3.1,-6.2,,,,,,,,,,1.2,1.8,,,
135,√ﬂ«≥∑…,2024-12-29,-.2,-3.6,2350,4.3,1345,,,,,,,9.2,230,1402,5,250,1145,2.4,2098,250,-5,55,1307,70.1,4.2,995.3,1028.3,947,1024.6,2338,1026.1,9.7,3,1100,1.96,7.23,,,,,,8.1,6.8,-.8,-3.6,,,,,,,,,,.9,1.3,,,
135,√ﬂ«≥∑…,2024-12-30,3.3,-3.3,13,8.3,1611,,,,,,,12.4,270,1117,7.1,250,1319,2.4,2032,250,-2.4,51,1441,67.3,5.2,989.9,1024.8,22,1016.4,2354,1020.1,9.7,1.2,1000,.82,4.03,,,,,,6.5,6.4,2,-3.3,,,,,,,,,,1.5,2.2,,,
135,√ﬂ«≥∑…,2024-12-31,1.5,-2.3,2358,5.8,131,,,,,,0,17.1,270,1406,9.7,250,1127,5,4311,270,-11.1,23,1441,40,2.7,990.2,1024.1,2355,1015.5,122,1020.7,9.7,9,1200,2.04,11.86,,,,,,0,0,2.8,-2.5,,,,,,,,,,2.2,3.2,,,
135,√ﬂ«≥∑…,2025-01-01,1.7,-4.6,553,7.5,1412,,,,,,,12.9,250,1226,8.8,250,1234,3.4,2955,250,-5.9,38,1456,58.3,4,992.7,1024.5,311,1020.9,1421,1023.2,9.8,8.9,1200,1.92,10.8,,,,,,1.3,.3,2.2,-4.6,,,,,,,,,,1.8,2.5,,,
135,√ﬂ«≥∑…,2025-01-02,.6,-4.9,759,6.2,1418,,,,,,,9.8,250,1507,6.2,250,1259,2.4,2070,250,-9.9,17,1517,51.5,3,994.2,1026.2,2336,1022.7,1408,1024.9,9.8,9,1200,1.94,11.43,,,,,,.9,.3,.5,-4.9,,,,,,,,,,2.1,3,,,
135,√ﬂ«≥∑…,2025-01-03,-1.1,-4.6,759,1.7,1438,,,,,,0,14.1,270,1448,7.1,250,1449,3.8,3240,270,-11.6,24,1203,47,2.6,995.5,1028.3,951,1025.5,135,1026.5,9.8,8.8,1200,2,11.5,,,,,,3.5,3.1,-.1,-4.6,,,,,,,,,,1.7,2.5,,,
135,√ﬂ«≥∑…,2025-01-04,-1.2,-6.4,2332,4,1449,,,,,,,10.9,270,1205,6.7,250,1300,3.1,2705,250,-10.2,25,1356,53.1,2.9,996.4,1028.6,907,1026.4,1448,1027.4,9.8,8.9,1200,2.02,11.68,,,,,,1.6,.9,-.3,-6.4,,,,,,,,,,1.5,2.1,,,
135,√ﬂ«≥∑…,2025-01-05,-2.5,-7.6,102,1.1,1646,,,,,,.9,3,50,804,1.9,50,806,.6,509,50,-4.9,67,3,83.3,4.3,991.5,1027.2,1,1019.1,2359,1022.5,9.8,0,1300,.35,1.57,,,,,,7.8,7.8,-3.5,-7.6,,,,,,,,,,.3,.4,,,
135,√ﬂ«≥∑…,2025-01-06,-.5,-2.8,326,2.9,1240,,,,,,6.8,11,270,1854,5.9,270,1921,2.2,1904,270,-3.8,57,1856,79.5,4.7,986.7,1020.3,2300,1014.8,1240,1017.3,9.8,.2,1100,.72,2.5,,,,,,6.8,6.8,-1.5,-3.8,,,,,,,,,,.9,1.2,,,
135,√ﬂ«≥∑…,2025-01-07,-2.8,-5.2,607,-.1,1400,,,,,,.2,12.8,250,1232,7.7,250,1321,4.9,4273,270,-9.7,46,820,59.6,3,988.3,1020.5,2154,1016.5,1400,1019.2,9.8,5.8,1100,1.8,8.56,,,,,,3.5,3,-1.3,-6.5,,,,,,,,,,1.2,1.6,,,
135,√ﬂ«≥∑…,2025-01-08,-2.8,-4.5,2354,-.5,1049,,,,,,.7,16,270,2351,9,270,2352,3.9,3408,270,-6.9,58,1100,73.4,3.7,989.6,1021.8,934,1018.4,1418,1020.6,9.8,3.3,1000,1.15,5.53,,,,,,7.5,7.4,-1.2,-5.5,,,,,,,,,,.9,1.3,,,
135,√ﬂ«≥∑…,2025-01-09,-9.8,-13.4,2337,-4.5,1,,,,,,.2,16.7,250,353,8.7,250,1326,5.3,4562,270,-18.6,36,527,49.3,1.5,993.9,1031.5,2357,1021.3,1,1025.9,9.9,6.1,1100,1.9,9.06,,,,,,6.4,3.9,-1.7,-14.1,,,,,,,,,,1,1.4,,,
135,√ﬂ«≥∑…,2025-01-10,-8.5,-13.7,146,-3.8,1526,,,,,,,13.6,270,53,8.2,250,1319,4,3448,250,-16.5,38,1545,52.9,1.7,1000.6,1034.3,954,1030.9,1454,1032.6,9.9,9.2,1200,2.06,12.22,,,,,,5.5,2.3,-3.4,-14.4,,,,,,,,,,1,1.5,,,
135,√ﬂ«≥∑…,2025-01-11,-5.2,-11.1,752,-1,1453,,,,,,0,11.2,250,1405,6.9,250,1225,2.3,1983,250,-10.8,49,1434,66,2.7,998.1,1032.9,1,1027.1,2400,1029.7,9.9,7.1,1100,1.94,11.06,,,,,,4.4,3.4,-2.6,-13,,,,,,,,,,1.1,1.6,,,
135,√ﬂ«≥∑…,2025-01-12,-2.5,-5.6,616,1.5,1519,,,,,,,11.5,250,1303,7.7,250,1349,4.2,3665,270,-9.3,42,1419,60.3,3,993.9,1027.1,3,1022.2,1403,1025,9.9,7.4,1200,2,10,,,,,,2.8,1.1,-2.7,-7,,,,,,,,,,1.2,1.7,,,
135,√ﬂ«≥∑…,2025-01-13,-1.3,-7.2,757,3.6,1502,,,,,,,12.5,250,1528,7.2,250,1511,2.4,2047,250,-7.4,44,1507,64.5,3.5,995.8,1028.9,741,1024.7,1624,1026.8,9.9,6.7,1200,1.67,9.22,,,,,,2.6,2,-2,-9,,,,,,,,,,1.1,1.6,,,
135,√ﬂ«≥∑…,2025-01-14,2.3,-4.6,113,7.9,1437,,,,,,,15.4,250,2211,7.7,270,1148,3.1,2671,270,-5.5,36,1459,58.4,4.1,994.1,1026.5,1,1022.1,1431,1024.6,10,5.4,1100,1.65,8.72,,,,,,5.6,5.1,-.6,-7,,,,,,,,,,2,2.9,,,
135,√ﬂ«≥∑…,2025-01-15,-3.1,-5,2201,.8,1,,,,,,,14.7,250,1339,8.8,250,1357,4.4,3809,270,-14.3,28,846,42.6,2.1,997.1,1030,935,1025.9,26,1028.3,10,9.2,1200,2.02,12.31,,,,,,1.5,1.1,-2.3,-6.4,,,,,,,,,,1.7,2.4,,,
135,√ﬂ«≥∑…,2025-01-16,-.4,-5.5,203,3.2,1400,,,,,,,14.7,270,1421,8.6,270,1427,3.7,3222,270,-8.1,46,1402,56.6,3.4,994.7,1029.8,1,1022.7,1402,1025.5,10,2.8,1200,1.42,5.96,,,,,,7.5,6.8,-1.7,-6.5,,,,,,,,,,1.1,1.6,,,
135,√ﬂ«≥∑…,2025-01-17,.2,-5.7,800,5.6,1359,,,,,,,7.7,250,1505,4.8,250,1514,1.7,1500,250,-8.1,31,1416,55.8,3.4,996.1,1028.5,901,1024.8,1446,1027,10,9.1,1200,2.06,12.36,,,,,,1.1,1.1,-.8,-8.6,,,,,,,,,,1.6,2.4,,,
135,√ﬂ«≥∑…,2025-01-18,.1,-6.7,723,7.9,1522,,,,,,,7.5,250,1138,5.8,250,1139,1.9,1635,250,-11.9,13,1523,45.5,2.5,993.9,1028.2,747,1021.5,1635,1024.7,10,7.5,1200,2.16,11.72,,,,,,2.8,2.3,-1.4,-9.5,,,,,,,,,,1.8,2.6,,,
135,√ﬂ«≥∑…,2025-01-19,.3,-6.1,309,7.5,1543,,,,,,,9.1,270,1314,6,250,1316,1.7,1449,250,-6.7,39,1047,60.5,3.8,988,1022.4,13,1015.4,1507,1018.6,10.1,9,1100,1.86,10.76,,,,,,3.6,1.4,-1,-9.2,,,,,,,,,,1.4,1.9,,,
135,√ﬂ«≥∑…,2025-01-20,1,-4.3,234,7,1343,,,,,,,6.8,250,1222,4.6,250,1222,1.5,1337,270,-4.2,49,1410,70,4.5,987,1020.5,2355,1014.6,1438,1017.5,10.1,4.8,1200,1.77,8.78,,,,,,3.3,2.5,-.4,-7.7,,,,,,,,,,1.2,1.7,,,
135,√ﬂ«≥∑…,2025-01-21,1,-3,537,7.3,1503,,,,,,,8.7,250,1128,6,250,1254,2.1,1832,250,-5.2,35,1604,65.1,4.2,992.4,1025.3,2324,1020.5,1,1023,10.1,8.5,1200,1.96,11.35,,,,,,0,0,-.2,-6.3,,,,,,,,,,1.4,2,,,
135,√ﬂ«≥∑…,2025-01-22,1,-6,643,8.4,1419,,,,,,,9,270,1242,5.4,290,1353,1.7,1508,250,-4.1,50,1428,70,4.6,994.3,1026.6,622,1022.9,1503,1025,10.1,4.6,1300,1.84,8.96,,,,,,3,1.6,-.2,-8.2,,,,,,,,,,1.3,1.8,,,
135,√ﬂ«≥∑…,2025-01-23,1.9,-4,2353,8.7,1457,,,,,,,8,250,1411,5.3,250,1332,2.2,1876,250,-7.1,23,1614,56.6,3.7,994.8,1027.1,858,1022.8,1515,1025.4,10.2,9.3,1200,2.02,12,,,,,,.9,.9,.4,-6.7,,,,,,,,,,1.9,2.7,,,
135,√ﬂ«≥∑…,2025-01-24,0,-8,712,9.8,1502,,,,,,,5.2,50,1625,3.3,50,1612,.9,780,50,-10.6,16,1300,49.6,2.7,995.9,1028.8,2352,1023.6,1502,1026.8,10.2,9.4,1200,2.25,13.26,,,,,,0,0,-.5,-10.1,,,,,,,,,,2.1,3,,,
135,√ﬂ«≥∑…,2025-01-25,1.8,-6,416,7.5,1423,,,,,,,8.1,50,1100,5.1,90,1139,2.2,1908,90,-4.2,48,1523,65.1,4.5,998.7,1031.1,2351,1027.1,1515,1029.4,10.2,2.9,1300,1.9,8.14,,,,,,6,5.4,.6,-7.6,,,,,,,,,,1.3,1.8,,,
135,√ﬂ«≥∑…,2025-01-26,2.3,-1.8,218,6,1443,,,,,,.2,7.8,50,654,5.3,50,659,2,1719,70,-4.2,46,1342,63.5,4.5,995.6,1031.5,215,1020.9,2356,1026.2,10.3,4.5,1100,1.71,8.03,,,,,,9.1,7.8,1.8,-3.6,,,,,,,,,,1.1,1.6,,,
135,√ﬂ«≥∑…,2025-01-27,-1.3,-3.3,2154,.8,1,,,,,,5.8,14.4,270,1532,8.1,270,956,3.2,2805,270,-4.3,66,1533,80.4,4.5,985.8,1020.9,1,1015,1416,1016.4,10.3,1.5,1200,1.17,4.17,,,,,,8.5,8.5,.3,-5,,,,,,,,,,.7,1,,,
135,√ﬂ«≥∑…,2025-01-28,-3,-4.1,518,-1.3,1430,,,,,,4.3,16.8,250,1810,9.5,270,1902,6.2,5321,270,-6.9,64,1632,74.5,3.7,985.9,1020.6,2338,1014.7,553,1016.8,10.3,.2,1400,1.1,4.76,,,,,,7.8,7.6,-.1,-5.7,,,,,,,,,,.9,1.3,,,
135,√ﬂ«≥∑…,2025-01-29,-4.1,-5.5,2214,-2.1,1437,,,,,,.7,16.4,250,52,8.5,270,100,4.9,4244,270,-9.3,60,1247,67.4,3,993.5,1027.7,2237,1020.5,1,1024.7,10.3,2.4,1300,1.69,8.89,,,,,,6,6,.1,-7.6,,,,,,,,,,1,1.4,,,
135,√ﬂ«≥∑…,2025-01-30,-2.9,-6,807,1.5,1636,,,,,,0,10.8,270,639,5.6,250,1321,2.8,2461,270,-8.2,56,1059,67.3,3.3,997.4,1030.4,959,1027.2,1650,1028.6,10.4,6.1,1200,2.25,12.52,,,,,,5,4,-.2,-8,,,,,,,,,,1.1,1.5,,,
135,√ﬂ«≥∑…,2025-01-31,-.9,-7.7,539,5.6,1543,,,,,,0,3.1,90,1703,2.3,50,1819,.7,575,20,-4.8,55,1546,75.3,4.4,996.2,1029.7,845,1024.3,1648,1027.1,10.4,1,1200,1.25,6.03,,,,,,8.3,7.8,-.3,-8.4,,,,,,,,,,.7,1,,,
135,√ﬂ«≥∑…,2025-02-01,.6,-3.3,2330,2.9,1553,,,,,,1.9,3.6,50,1750,2.3,50,1752,.7,614,20,-1,78,29,89.1,5.7,991.5,1025.6,31,1019.5,1455,1022.1,10.4,0,1400,.6,2.15,,,,,,9,8.3,1.5,-4,,,,,,,,,,.3,.4,,,
135,√ﬂ«≥∑…,2025-02-02,.8,-3.6,320,6.2,1458,,,,,,,10.2,250,2334,6.8,270,2326,2.5,2137,270,-3.3,41,1633,76.3,4.8,988.5,1021.9,231,1016.6,1559,1019,10.5,6,1300,2.24,11.64,,,,,,6.1,4.9,1.5,-5.5,,,,,,,,,,1.6,2.3,,,
135,√ﬂ«≥∑…,2025-02-03,-3.1,-7,2348,.6,1,,,,,,.9,19.3,270,1108,10.8,250,1104,5.9,5106,270,-12,28,1441,52,2.6,988.3,1021,2343,1017.4,1226,1019.3,10.5,8.5,1200,2.42,14.61,,,,,,4.1,4.1,-.1,-7.7,,,,,,,,,,1.9,2.7,,,
135,√ﬂ«≥∑…,2025-02-04,-7.8,-9.9,633,-4.3,1542,,,,,,.2,16.2,270,1420,9.2,270,1426,5.4,4705,270,-14.9,35,1520,57.6,2,987.6,1021,2,1016.2,1531,1019.1,10.5,8,1300,2.28,13.73,,,,,,5.4,5.4,-2.8,-10.6,,,,,,,,,,1.4,1.9,,,
135,√ﬂ«≥∑…,2025-02-05,-7.8,-11,746,-4.3,1425,,,,,,,15.2,270,410,8.5,250,1320,4.7,4103,270,-16.6,32,1148,50.8,1.7,987.5,1021.8,2358,1016.4,1418,1019,10.6,9.8,1200,2.28,13.94,,,,,,3.4,3.3,-3.8,-11.8,,,,,,,,,,1.5,2.1,,,
135,√ﬂ«≥∑…,2025-02-06,-5.5,-10.4,605,-.7,1614,,,,,,.5,13.5,270,1736,8,270,1740,4.4,3769,270,-14.6,21,1430,52.9,2.1,990.7,1024.8,824,1019.8,1726,1022.1,10.6,9.4,1200,2.37,14.18,,,,,,3.9,2.8,-3,-11.7,,,,,,,,,,1.5,2.1,,,
135,√ﬂ«≥∑…,2025-02-07,-7.5,-11.4,2357,-1.8,847,,,,,,1.7,19.2,270,1428,9.7,250,1353,4.6,3958,270,-12.7,41,1422,67.3,2.5,988.9,1026.7,2356,1013.9,900,1020.4,10.6,2.8,1300,1.7,7.88,,,,,,8.9,8,-1.5,-12.2,,,,,,,,,,.9,1.3,,,
135,√ﬂ«≥∑…,2025-02-08,-8.3,-12.4,528,-4,1537,,,,,,,16.3,270,1345,9.7,270,1317,5.5,4709,270,-14.4,46,1650,61.8,2,996.5,1029.9,1044,1026.7,1,1028.4,10.7,8.4,1300,2.44,13.56,,,,,,5.3,5.1,-2.4,-13.2,,,,,,,,,,1.2,1.7,,,
135,√ﬂ«≥∑…,2025-02-09,-4.6,-8.6,416,-.7,1554,,,,,,0,14.9,250,1240,8.8,250,1214,4.5,3883,270,-11.4,40,1501,59.9,2.6,996.3,1029.9,759,1025.2,1617,1027.7,10.7,9.4,1200,2.56,16.07,,,,,,2.3,2.3,-2,-10.8,,,,,,,,,,1.6,2.2,,,
135,√ﬂ«≥∑…,2025-02-10,-3.1,-8.5,747,1.3,1432,,,,,,0,13.9,250,1354,8.4,250,1400,3.6,3142,270,-9.1,42,1029,63.9,3.1,996.6,1029.9,2252,1025.4,1448,1027.8,10.7,7.3,1200,2.57,13.97,,,,,,3,3,-2.2,-10.4,,,,,,,,,,1.4,2,,,
135,√ﬂ«≥∑…,2025-02-11,-1.6,-9.1,559,7.4,1544,,,,,,,4.6,160,1435,3.3,160,1437,1.3,1108,160,-10.5,21,1556,55.5,2.8,998,1033.4,836,1024.4,2304,1029.1,10.8,9.9,1200,2.51,16.93,,,,,,1.3,1.1,-.9,-12.4,,,,,,,,,,2.1,3,,,
135,√ﬂ«≥∑…,2025-02-12,-.5,-3,6,2.7,1842,,,,,,9.1,16.9,270,2032,9.2,270,1917,3.3,2841,270,-3.7,47,138,79.6,4.7,986.8,1025.2,134,1011.8,1512,1017.4,10.8,0,1100,.39,1.9,,,,,,8.8,8,-.6,-3.3,,,,,,,,,,.9,1.3,,,
135,√ﬂ«≥∑…,2025-02-13,-.5,-4.6,628,3.6,1548,,,,,,,17.2,270,22,8.5,250,1405,5.2,4454,270,-11.1,32,1453,45.1,2.7,993.3,1026.3,856,1020.1,3,1024.1,10.8,10,1200,2.62,16.79,,,,,,.8,.1,-.7,-6.1,,,,,,,,,,2.4,3.4,,,
135,√ﬂ«≥∑…,2025-02-14,1.8,-3.9,735,9.1,1539,,,,,,,9.7,270,122,5.8,270,105,2.3,1986,250,-6.2,27,1637,58.6,3.9,992.4,1025.2,828,1020.2,1614,1022.9,10.9,9.9,1200,2.49,15.9,,,,,,0,0,.3,-6,,,,,,,,,,2.1,3,,,
135,√ﬂ«≥∑…,2025-02-15,2.5,-5.1,444,8.8,1448,,,,,,,9.9,270,1723,5.7,270,1732,1.9,1611,250,-6.5,23,1638,56.4,3.8,988.3,1023,17,1015.1,1647,1018.6,10.9,4.4,1100,1.69,9.93,,,,,,5.3,3.6,.3,-7.7,,,,,,,,,,1.8,2.6,,,
135,√ﬂ«≥∑…,2025-02-16,5.1,-.5,729,11.1,1520,,,,,,,13.9,270,2340,8.7,270,2336,3.7,3218,270,-2.1,39,1503,60.5,5.2,986.4,1018.7,21,1013.3,1504,1016.3,10.9,8.9,1300,2.29,13.81,,,,,,1.4,1.4,2.4,-3,,,,,,,,,,2.6,3.7,,,
135,√ﬂ«≥∑…,2025-02-17,-.2,-3.5,2311,4.2,1501,,,,,,,20,290,1142,8.7,270,1404,4.6,3984,270,-14.8,16,1934,33.8,2,992.5,1025.4,915,1018,1,1023.2,11,10.1,1200,2.59,17.37,,,,,,1,.1,.8,-4.7,,,,,,,,,,2.8,4,,,
135,√ﬂ«≥∑…,2025-02-18,-2.7,-5.6,632,1.7,1516,,,,,,,18.7,270,1447,8.7,270,1433,5.2,4482,270,-15.1,22,1150,39.9,1.9,994.9,1027.7,837,1023.4,1706,1026,11,10.2,1200,2.71,17.71,,,,,,.4,.3,-1.5,-6.8,,,,,,,,,,2.6,3.8,,,
135,√ﬂ«≥∑…,2025-02-19,-3,-6.5,640,2.2,1538,,,,,,,16,270,1444,8.4,270,1006,5.1,4427,250,-14.6,22,1643,41.5,2,997.1,1030.5,2349,1026.1,1534,1028.4,11,10.3,1200,2.68,17.75,,,,,,.4,.4,-1.4,-7.6,,,,,,,,,,2.3,3.3,,,
135,√ﬂ«≥∑…,2025-02-20,-3,-7.7,738,1.9,1447,,,,,,,14,270,1244,8,250,1245,4.6,3944,250,-15,26,1425,39.8,1.9,998.7,1032.1,747,1027,1625,1030,11.1,10.3,1200,2.72,17.77,,,,,,1.8,1.1,-1.2,-9.2,,,,,,,,,,2.4,3.4,,,
135,√ﬂ«≥∑…,2025-02-21,-3,-7.6,703,1.7,1525,,,,,,,14.4,320,1401,6.9,250,1642,3.4,2934,270,-14,28,1355,44.1,2.1,999.6,1032.9,825,1028.5,1549,1030.9,11.1,10.3,1200,2.73,17.43,,,,,,2.5,1.6,-1,-9.8,,,,,,,,,,2.1,3,,,
135,√ﬂ«≥∑…,2025-02-22,-2.2,-5.8,708,2.5,1522,,,,,,.1,11.6,250,1134,7.4,250,1136,4.1,3552,250,-12,25,1526,49.8,2.5,1000.8,1034.2,920,1030.2,1501,1032.1,11.1,10,1200,2.79,18.12,,,,,,2.9,2.4,-.2,-7.1,,,,,,,,,,2.3,3.3,,,
135,√ﬂ«≥∑…,2025-02-23,-3.9,-6.7,641,-.3,1547,,,,,,,17.1,270,1841,9.4,270,1656,5.4,4626,270,-13.1,33,1404,49.8,2.3,999.7,1033.3,531,1027.9,1647,1031.2,11.2,6.9,1000,2.08,13.31,,,,,,4.8,4.8,-1.7,-8.2,,,,,,,,,,1.8,2.5,,,
135,√ﬂ«≥∑…,2025-02-24,-1.9,-6.9,535,4.1,1542,,,,,,,15.8,250,1349,8.6,250,1030,4.6,3968,250,-13.8,24,1621,41.5,2.1,1000.5,1033.3,937,1029.4,1641,1031.7,11.2,10.3,1200,2.82,18.79,,,,,,0,0,-.6,-8.8,,,,,,,,,,2.5,3.6,,,
135,√ﬂ«≥∑…,2025-02-25,1.1,-6.8,719,7.3,1556,,,,,,,11.5,270,1348,7.4,250,1356,3.5,3025,270,-8,27,1410,52,3.4,996.8,1032.6,2,1023.6,1644,1027.6,11.3,10,1200,2.44,15.64,,,,,,5,4.6,.2,-10,,,,,,,,,,2.5,3.5,,,
135,√ﬂ«≥∑…,2025-02-26,4.9,2.2,702,9.2,1525,,,,,,.1,14.9,270,1412,8.1,250,1415,4.6,3976,270,-8.5,21,1625,41.3,3.5,993.9,1025.4,849,1022.1,1517,1024.1,11.3,9.8,1200,2.79,17.67,,,,,,0,0,3,.2,,,,,,,,,,3.2,4.6,,,
135,√ﬂ«≥∑…,2025-02-27,4.4,-7.1,718,14.4,1553,,,,,,,8,270,2324,4.4,290,24,1.2,1023,160,-11.6,11,1234,35.9,2.6,992.7,1027.8,802,1018.6,1648,1022.9,11.3,10.4,1200,2.79,18.46,,,,,,2.8,2.1,3.9,-10,,,,,,,,,,3.4,4.9,,,
135,√ﬂ«≥∑…,2025-02-28,7.2,.8,2352,13.8,1538,,,,,,.4,10.3,250,1244,5.8,250,1331,2.1,1779,250,1.5,46,1625,68.8,6.9,990.9,1022.1,2211,1018.9,1713,1020.7,11.4,8.2,1200,2.94,17,,,,,,3.3,3.3,6.5,-1.6,,,,,,,,,,2.3,3.3,,,
135,√ﬂ«≥∑…,2025-03-01,5.2,-2.4,725,9.8,1436,,,,,,.2,3.6,160,950,2.1,50,2306,.8,668,20,1.6,60,1444,78.4,6.9,989.2,1022.5,152,1016.5,1736,1019.2,11.4,1.5,900,.74,4,,,,,,7.3,5.6,3.9,-5.4,,,,,,,,,,.7,1,,,
135,√ﬂ«≥∑…,2025-03-02,7.1,3,2344,11.5,1222,,,,,,10.3,13.3,70,2145,9,70,2252,3.4,2956,70,4.2,65,1747,82.4,8.3,987,1018.4,830,1015.1,1748,1016.7,11.5,0,1100,.74,3.02,,,,,,9.6,9.5,6.9,2.6,,,,,,,,,,.8,1.2,,,
135,√ﬂ«≥∑…,2025-03-03,.9,0,757,3,1,,,,,,18.3,15.2,70,403,8.2,70,14,5.2,4450,90,-3.1,63,1527,75.4,4.9,993.1,1026.4,2357,1016.4,57,1023.7,11.5,.3,1300,1.42,7.34,,,,,,10,9.8,.5,-.5,,,,,,,,,,1.1,1.6,,,
135,√ﬂ«≥∑…,2025-03-04,.5,-1,403,2,1625,,,,,,7,9.9,110,127,6.1,90,8,3.6,3100,90,-2.1,66,9,82.3,5.2,991.5,1026.2,1,1019.7,1542,1022.1,11.5,.4,1500,1.02,5.15,,,,,,9.9,9.6,.4,-1.3,,,,,,,,,,.6,.9,,,
135,√ﬂ«≥∑…,2025-03-05,2.3,-.3,158,5.8,1359,,,,,,,6.5,90,1333,4.2,70,1339,1.1,970,20,-.7,60,1334,81.1,5.8,992.3,1024.7,2349,1020.8,4,1022.8,11.6,.1,1300,1.83,7.38,,,,,,10,9.6,2.6,-1.3,,,,,,,,,,.9,1.3,,,
135,√ﬂ«≥∑…,2025-03-06,2.6,-1.5,429,7.1,1515,,,,,,0,6.4,250,1433,4.2,250,918,1.4,1232,290,-2.4,47,1517,71.1,5.1,995.6,1029.4,2400,1024,137,1026.1,11.6,4.7,1100,1.68,10.97,,,,,,4.8,4.8,2.6,-3.1,,,,,,,,,,1.3,1.9,,,
135,√ﬂ«≥∑…,2025-03-07,3,-5,708,9.6,1435,,,,,,,7.2,110,1327,4.1,70,1510,1.4,1227,50,-3.4,43,1237,64.9,4.8,997.7,1031.5,833,1025.2,1700,1028.2,11.6,8.9,1200,2.68,17.78,,,,,,4.8,3.9,4.2,-6.6,,,,,,,,,,2.1,3.1,,,
135,√ﬂ«≥∑…,2025-03-08,5,1.1,446,9.5,1438,,,,,,0,8.1,270,2242,6.2,270,2248,2.1,1832,270,-1.9,45,1700,61.8,5.3,996.3,1028.9,2353,1024.3,1638,1026.6,11.7,2.9,1000,2.13,11.13,,,,,,5.5,4.6,4.9,-1.2,,,,,,,,,,1.7,2.5,,,
135,√ﬂ«≥∑…,2025-03-09,5.4,-2.4,645,13.2,1554,,,,,,,6.8,270,3,4.9,250,928,1.7,1496,250,-2.9,29,1525,58.1,4.9,999.6,1032.4,845,1027.4,1714,1029.9,11.7,10.7,1200,2.94,20.17,,,,,,1.9,.6,5.7,-4.2,,,,,,,,,,2.7,3.9,,,
135,√ﬂ«≥∑…,2025-03-10,5.1,-2.7,631,13.9,1613,,,,,,,5.7,70,1650,3.7,90,1658,1,889,140,-3.3,29,1559,58,4.8,996.6,1031,208,1022.9,1709,1026.9,11.8,9.9,1200,2.22,16.32,,,,,,3.1,1.9,5,-5,,,,,,,,,,2.3,3.2,,,
135,√ﬂ«≥∑…,2025-03-11,7.9,-3,708,17.4,1626,,,,,,,8.4,250,1134,6.3,250,1136,1.5,1269,250,-4.3,15,1441,47.5,4.5,991.1,1024.9,40,1015.8,1630,1020.9,11.8,10.7,1200,2.95,20.37,,,,,,2.6,.8,7.1,-4.9,,,,,,,,,,3.6,5.1,,,
135,√ﬂ«≥∑…,2025-03-12,9,1.4,529,14.8,1532,,,,,,,11.8,270,1655,6.5,250,2351,2.9,2524,270,0,30,1158,55.4,6.3,987.1,1019.4,2359,1014.1,1602,1016.7,11.8,5.6,1500,2.07,14.88,,,,,,6.3,5.5,8.9,-.9,,,,,,,,,,2.9,4.1,,,
135,√ﬂ«≥∑…,2025-03-13,9,3,609,16.1,1612,,,,,,,9.6,270,1136,5.4,270,1,2.3,1967,250,-4,16,1412,45.3,4.7,992.6,1025.2,2355,1019.4,2,1022.3,11.9,9.3,1300,2.76,17.34,,,,,,7,3.9,9,1.5,,,,,,,,,,3.6,5.2,,,
135,√ﬂ«≥∑…,2025-03-14,9.7,0,716,17.3,1603,,,,,,,9.3,110,2118,6.3,70,1325,3,2602,70,-4.7,18,1333,39.5,4.4,995.9,1027.7,806,1022.9,1640,1025.6,11.9,10.8,1200,3.04,20.94,,,,,,4.3,3.1,9.6,-2.6,,,,,,,,,,5,7.1,,,
135,√ﬂ«≥∑…,2025-03-15,6.1,4.1,914,8.6,1430,,,,,,.9,10.3,70,916,6.9,90,1344,3.6,3148,90,.3,54,1531,67,6.3,993.7,1027.8,901,1019.6,2357,1023.8,11.9,.1,1300,1.27,7.32,,,,,,9.9,9.5,6.7,3.7,,,,,,,,,,1.3,1.9,,,
135,√ﬂ«≥∑…,2025-03-16,2.2,-2.5,2345,5.1,1,,,,,,5,18.6,270,1930,9.4,270,1847,3.9,3346,270,-3.4,32,1744,69.8,5.1,983.9,1019.6,1,1010.9,1633,1014.2,12,1.6,1600,1.21,6.84,,,,,,7.8,7.6,3.7,-3,,,,,,,,,,1.8,2.5,,,
135,√ﬂ«≥∑…,2025-03-17,1.4,-2.8,2400,6.2,1521,,,,,,,15.6,250,334,10.1,270,328,4.8,4141,270,-11,20,1634,41.1,2.7,986.9,1019.4,957,1014.9,55,1017.3,12,10.8,1200,3.16,21.63,,,,,,1.6,0,2.4,-6.2,,,,,,,,,,2.9,4.2,,,
135,√ﬂ«≥∑…,2025-03-18,-.7,-4,100,1.5,1439,,,,,,3.3,13.2,270,1526,7.9,270,1743,4.2,3639,270,-3.7,57,6,80.1,4.7,985.8,1023.7,2337,1013.2,1011,1016.4,12.1,1,1400,1.33,7.8,,,,,,8.1,8.1,2,-6.6,,,,,,,,,,.9,1.3,,,
135,√ﬂ«≥∑…,2025-03-19,1.2,-3.5,708,5.8,1605,,,,,,.1,11,250,1342,6.6,250,1659,3.8,3242,270,-7.4,33,1427,54.3,3.5,993.9,1026.6,958,1022.6,1654,1024.5,12.1,10.6,1200,3.21,21.78,,,,,,2.1,2,3.6,-4.4,,,,,,,,,,2.6,3.7,,,
135,√ﬂ«≥∑…,2025-03-20,7.5,-1.9,635,14.4,1517,,,,,,,14.4,250,1612,8.6,250,1443,4.2,3600,270,-2,31,1543,52.4,5.3,989.6,1025,1,1015.8,1605,1019.4,12.1,11,1200,3.12,22.04,,,,,,1.3,1.3,5.8,-3.8,,,,,,,,,,4.4,6.3,,,
135,√ﬂ«≥∑…,2025-03-21,13.4,6.7,730,20.8,1405,,,,,,,16.6,270,1520,10,250,1506,5.3,4539,270,-2,16,1420,37.1,5.4,983.6,1016.3,1,1008.2,1537,1012.5,12.2,11,1200,3.09,22.2,,,,,,0,0,9.9,6,,,,,,,,,,7.3,10.5,,,
135,√ﬂ«≥∑…,2025-03-22,16.5,8.8,657,22.3,1408,,,,,,,16.3,250,1235,9.8,270,1424,5.4,4655,270,-3.2,17,1730,26.3,4.8,981.8,1012.5,42,1007.8,1524,1010.4,12.2,11.2,1200,3.05,21.73,,,,,,0,0,11.8,7.5,,,,,,,,,,8,11.4,,,
135,√ﬂ«≥∑…,2025-03-23,17.9,7.1,646,25.7,1500,,,,,,,11,230,1351,6.2,250,1526,3.4,2912,270,-3.4,11,1444,25.4,4.8,981.3,1012.9,814,1007,1548,1009.7,12.2,9.7,1200,3.17,21.7,,,,,,2.9,2,14,2.5,,,,,,,,,,6.8,9.8,,,
135,√ﬂ«≥∑…,2025-03-24,16.2,8.7,521,23.1,1521,,,,,,0,15.9,270,1603,9.9,270,1619,3.8,3319,270,3.1,22,1511,43.4,7.7,975.4,1008.5,27,999.8,1540,1003.8,12.3,8.1,1300,2.78,18.65,,,,,,4.3,3.1,14.2,7,,,,,,,,,,5.2,7.4,,,
135,√ﬂ«≥∑…,2025-03-25,15.1,5,703,26,1535,,,,,,,26.7,250,1553,14,250,1559,4.9,4233,250,2.4,15,1334,48.4,7.4,972.7,1005.3,2358,993.5,1538,1001.1,12.3,9.7,1100,2.76,20.14,,,,,,.8,.8,14,2.7,,,,,,,,,,7.1,10.2,,,
135,√ﬂ«≥∑…,2025-03-26,16.3,4.3,641,25.5,1614,,,,,,,8.8,270,19,5.1,270,8,2.3,2021,140,-1.3,16,1432,32.5,5.6,976.3,1009.6,705,1000.8,1731,1004.6,12.4,11.2,1200,3.05,22.48,,,,,,.9,0,15.2,1.3,,,,,,,,,,5.3,7.6,,,
135,√ﬂ«≥∑…,2025-03-27,14.6,9,2400,23.6,1132,,,,,,0,14.1,230,2328,8.6,250,2333,3.3,2879,270,7.3,36,2233,62.9,10.9,972.9,1007.5,2356,997.3,1241,1001.3,12.4,3.5,1100,2.37,10.14,,,,,,7.4,5.1,13.5,6.5,,,,,,,,,,2.7,3.8,,,
135,√ﬂ«≥∑…,2025-03-28,6.2,4,739,10.6,1456,,,,,,.1,12.9,250,1216,8.5,250,1219,4.3,3676,270,-5.2,23,1835,46.6,4.4,984.6,1020.4,2347,1007.2,13,1014.3,12.4,6,1200,2.85,15.89,,,,,,8.5,6.5,9.6,3.4,,,,,,,,,,3.4,4.8,,,
135,√ﬂ«≥∑…,2025-03-29,2.4,0,647,8.3,1210,,,,,,.3,16.3,270,1526,8.9,250,1244,4.7,4034,270,-9.6,24,1056,42.8,3.1,992.3,1027.2,2348,1020.2,1,1022.8,12.5,6.5,1100,2.97,16.27,,,,,,5.8,2.4,5.4,-1.8,,,,,,,,,,2.8,4,,,
135,√ﬂ«≥∑…,2025-03-30,2.3,-2.5,645,7,1529,,,,,,,14.6,270,1232,8.4,250,1202,3.8,3313,270,-9.8,22,1136,41.6,3,998.2,1031,946,1026.3,1731,1028.8,12.5,9.1,1200,3.42,21.2,,,,,,3.5,2.1,5.7,-4.1,,,,,,,,,,2.8,4,,,
135,√ﬂ«≥∑…,2025-03-31,5.6,-2.3,626,13.2,1523,,,,,,,8.6,270,1428,5.4,250,1653,1.8,1575,250,-4.6,25,1456,51.5,4.4,995.9,1029.3,10,1022.3,1551,1026.1,12.6,8.4,1200,3.25,22.02,,,,,,3.6,3.1,8.8,-5.5,,,,,,,,,,3.3,4.8,,,
135,√ﬂ«≥∑…,2025-04-01,8.3,-2.1,606,16.3,1433,,,,,,,7.7,70,1318,4.3,140,1348,1.5,1335,90,-5.5,15,1505,42.5,4.1,992.9,1026.5,707,1018.9,1651,1022.7,12.6,11.5,1200,3.26,24.31,,,,,,0,0,11.7,-5.1,,,,,,,,,,4.4,6.3,,,
135,√ﬂ«≥∑…,2025-04-02,7.4,-1.5,635,17.2,1353,,.4,1902,.4,1812,.4,14.2,270,1807,8,270,1807,2,1768,50,-4.2,19,1140,49.8,4.6,989.7,1022.6,149,1014.4,1522,1019.5,12.6,7.8,1200,3.3,19.62,,,,,,4.4,4.4,11,-5.4,,,,,,,,,,3.8,5.5,,,
135,√ﬂ«≥∑…,2025-04-03,7,-1.2,647,14.4,1442,,,,,,,8,70,1306,4.9,70,1320,1.5,1339,50,-.8,29,1453,61.1,5.8,990.5,1022.5,653,1017.8,1655,1020.4,12.7,9.7,1300,3.19,21.47,,,,,,2.5,1.5,12.7,-3.1,,,,,,,,,,3.1,4.4,,,
135,√ﬂ«≥∑…,2025-04-04,10,2.9,141,17.2,1617,,,,,,,6.9,270,1622,4.1,270,2120,1.4,1233,250,.1,28,1602,52.9,6.1,990,1022.5,715,1016.1,1640,1019.5,12.7,10,1300,2.82,21.53,,,,,,3.8,1.5,13.4,-.5,,,,,,,,,,3.5,5,,,
135,√ﬂ«≥∑…,2025-04-05,8.3,4,321,14.1,1057,,.8,2003,3.1,1331,5.9,10.3,270,2058,6.3,270,2122,1.7,1497,270,3.8,38,1051,74.8,8.1,983.7,1018.7,7,1009.5,1924,1013.2,12.7,1.5,1000,1.76,6.28,,,,,,6.9,6.1,9.6,3.2,,,,,,,,,,1.5,2.2,,,
135,√ﬂ«≥∑…,2025-04-06,9.9,5,432,16,1551,,,,,,,14.4,270,1255,8.5,250,1258,4.9,4212,270,-1.5,25,1720,47.9,5.6,986.3,1018.6,2252,1012.4,4,1015.7,12.8,11.1,1200,3.37,24.95,,,,,,.5,.5,12.5,4,,,,,,,,,,5.4,7.7,,,
135,√ﬂ«≥∑…,2025-04-07,13.3,3.3,630,21.6,1503,,,,,,,9.5,250,1425,6.5,250,1426,3,2552,270,-3.7,17,1306,32.5,4.7,987.7,1020.1,747,1013.3,1739,1016.7,12.8,11.5,1200,3.4,25.13,,,,,,1.1,0,16.7,.7,,,,,,,,,,6.4,9.1,,,
135,√ﬂ«≥∑…,2025-04-08,14.7,6,2338,20.4,1531,,,,,,,17.6,250,1341,9.7,250,1343,4.7,4047,270,-.4,22,1512,37.1,6.1,984.2,1016.4,2339,1010.7,1524,1013,12.9,11.2,1200,3.35,24.63,,,,,,.1,0,18,3.2,,,,,,,,,,5.2,7.5,,,
135,√ﬂ«≥∑…,2025-04-09,12.7,2.4,515,21.5,1553,,,,,,,11.3,250,1659,6.3,270,1628,1.7,1510,160,.4,25,1555,45.5,6.3,982.2,1016.7,6,1007,1853,1011.2,12.9,9.2,1300,2.77,19.11,,,,,,5.8,3.1,16.8,-.5,,,,,,,,,,3.9,5.5,,,
135,√ﬂ«≥∑…,2025-04-10,13.4,9.5,640,18.2,1403,,,,,,,9.4,230,1309,5.6,250,1156,2.4,2075,290,3.2,39,1629,50.5,7.7,977.9,1009.4,2342,1004.3,1622,1006.6,12.9,5.4,1200,3.03,16.54,,,,,,2.8,2.8,14.7,6,,,,,,,,,,3.3,4.7,,,
135,√ﬂ«≥∑…,2025-04-11,15.8,5.5,513,24.3,1512,,,,,,,7.1,90,1522,4.1,250,942,1.7,1497,20,1.3,14,1541,42.9,6.9,981.6,1012.9,2358,1007.3,1627,1010.2,13,11.7,1200,3.42,26.07,,,,,,1.6,0,21.9,2,,,,,,,,,,5.7,8.1,,,
135,√ﬂ«≥∑…,2025-04-12,12.3,3.4,2358,20.3,1402,,2.2,2257,6.6,2245,9.6,17.7,250,2358,11.6,250,2347,2.8,2411,90,2.7,23,1322,56.9,7.5,978.4,1012.8,1,999.9,2230,1007.3,13,3.9,900,2.33,12.65,,,,,,8.4,7.6,15.7,2.8,,,,,,,,,,3.3,4.7,,,
135,√ﬂ«≥∑…,2025-04-13,4,-.5,2356,9.5,1414,,.9,28,2.6,7,6.8,19,250,1108,11.3,250,1109,6.5,5658,270,-2.5,27,1426,65,5.1,972.5,1004.9,2103,999.7,1414,1002.2,13,6.9,1000,2.64,18.1,,,,,,5.1,5.1,7,-2.4,,,,,,,,,,2.8,4,,,
135,√ﬂ«≥∑…,2025-04-14,3.5,-2,142,9.3,1107,,.4,1933,1.2,1635,2.9,11.5,290,1304,7.7,270,1304,1.9,1675,270,-.3,46,1131,77.1,6.1,970,1004.5,1,996.8,1504,999.7,13.1,2.2,900,2.22,10.31,,,,,,8.5,8,7.2,-3.5,,,,,,,,,,1.5,2.2,,,
135,√ﬂ«≥∑…,2025-04-15,7.9,3.2,132,13.4,1456,,.3,127,.5,102,1,14.8,250,1550,8.6,250,1552,5.6,4853,270,-.1,34,1555,59.9,6.1,977.2,1009.9,2351,1002.5,1,1006.6,13.1,8.6,1200,3.52,23.61,,,,,,2.4,2.3,10.4,2.5,,,,,,,,,,4,5.7,,,
135,√ﬂ«≥∑…,2025-04-16,14.3,2.5,546,24.6,1427,,,,,,,14.1,250,1350,8.8,270,1702,2.7,2371,270,2.6,25,1656,49.3,7.4,979.6,1011.4,638,1005.1,1618,1008.4,13.2,11,1200,3.22,23.98,,,,,,4.1,1.3,16.7,.8,,,,,,,,,,5.2,7.4,,,
135,√ﬂ«≥∑…,2025-04-17,17.4,7.9,157,25.5,1445,,,,,,,8.2,140,1415,5.7,110,1419,1.9,1607,50,10.3,47,1300,64.6,12.9,978.6,1009.7,154,1003.4,1542,1006.9,13.2,10.7,1100,2.95,21.45,,,,,,3.8,.9,19.8,5.8,,,,,,,,,,3.8,5.4,,,
135,√ﬂ«≥∑…,2025-04-18,19.7,10.5,601,27,1429,,,,,,,10.8,250,1037,6.6,270,1034,2,1723,270,12.6,41,1554,66.8,14.7,980.9,1011.6,2253,1006.9,1628,1009,13.2,8.8,1100,2.76,20.04,,,,,,1.9,.9,22.2,8.6,,,,,,,,,,4.1,5.9,,,
135,√ﬂ«≥∑…,2025-04-19,20.2,13.2,630,26.7,1406,,.1,,.1,,.1,11.9,270,1301,6.6,270,1319,2.4,2116,250,13.5,38,1358,68.1,15.5,980.2,1011.5,630,1004.5,1628,1008.2,13.3,6,1100,2.96,15.94,,,,,,6,4.3,21.9,11.8,,,,,,,,,,3.5,5.1,,,
135,√ﬂ«≥∑…,2025-04-20,15.4,13.8,2337,19.2,1133,,.6,114,.9,108,.9,7.3,70,1322,5.4,90,1328,2.1,1779,90,12.9,77,1138,85.6,15,984.4,1017.4,2357,1008.4,1,1013.1,13.3,0,1000,1.14,5.23,,,,,,9.6,9.6,16.5,13.8,,,,,,,,,,1.3,1.8,,,
135,√ﬂ«≥∑…,2025-04-21,17.5,12.3,602,24.3,1522,,,,,,,8.7,110,1417,5,140,1151,2.3,1986,140,11,48,1558,67.3,13.2,986.2,1018.3,632,1011.6,1758,1014.7,13.3,8.3,1200,3.61,24.19,,,,,,5.8,4.6,23.4,11.6,,,,,,,,,,4.4,6.2,,,
135,√ﬂ«≥∑…,2025-04-22,14.8,13.5,835,16.6,35,,.8,818,3.1,1115,17.4,7.6,50,1646,4.8,50,1319,1.7,1479,50,13.2,76,37,90.8,15.2,977.5,1012.1,11,1002.3,1756,1006.1,13.4,0,1500,.61,3.55,,,,,,8.6,8.5,15.6,13.5,,,,,,,,,,.8,1.2,,,
135,√ﬂ«≥∑…,2025-04-23,17.2,13,2331,22.5,1549,,.3,217,.5,123,.6,6.4,90,216,3.7,180,1210,1.7,1463,270,11.9,48,1527,72.9,14,977.7,1007.8,2346,1003.7,155,1006,13.4,6.5,1200,3.08,19.82,,,,,,6.8,5.6,20.8,10.9,,,,,,,,,,3.5,5,,,
135,√ﬂ«≥∑…,2025-04-24,15.6,10.1,2343,23.4,1454,,,,,,,13.5,270,1633,7.6,250,1840,4.1,3508,270,5.5,30,2255,54.1,9.4,980,1013.4,2355,1005.1,1521,1008.5,13.4,10.9,1200,3.46,25.37,,,,,,4.4,1.3,19.5,8,,,,,,,,,,5.7,8.2,,,
135,√ﬂ«≥∑…,2025-04-25,11.9,7,605,17.8,1507,,,,,,,16.9,250,1302,10,250,1315,5.1,4385,270,-6.8,12,1737,28.6,3.8,986.3,1018.3,2354,1013.1,1606,1015.5,13.5,11.6,1200,3.55,27.2,,,,,,2.8,.3,15.1,6,,,,,,,,,,7.7,11,,,
135,√ﬂ«≥∑…,2025-04-26,14.6,7.1,647,21.9,1416,,,,,,,14.3,270,1556,8.6,270,2141,4.7,4091,270,-6.4,15,1701,23.4,3.9,989.5,1020.8,647,1016.2,1430,1018.5,13.5,12.4,1200,3.56,27.9,,,,,,.9,0,20.4,4.5,,,,,,,,,,8,11.4,,,
135,√ﬂ«≥∑…,2025-04-27,16.3,6.6,527,24,1359,,,,,,,11.9,270,1245,7.4,250,1029,3.5,2993,270,-4.6,16,1214,25.1,4.4,986.2,1019.6,2,1011.4,1807,1014.9,13.5,7.1,1100,3.29,20.06,,,,,,7.8,6.8,18.2,2.7,,,,,,,,,,7.2,10.2,,,
135,√ﬂ«≥∑…,2025-04-28,15.2,10.1,619,21.1,1318,,,,,,,14.7,270,1441,9.3,250,1450,4.1,3509,270,.7,17,1728,40.1,6.7,980.5,1013.2,25,1005.2,1706,1009.1,13.6,12,1200,3.59,27.09,,,,,,1.8,1.8,20.4,7.8,,,,,,,,,,6.3,9,,,
135,√ﬂ«≥∑…,2025-04-29,12.5,2.9,529,21.6,1532,,,,,,,9.8,250,1617,6.2,250,1147,2.1,1804,270,-.3,20,1416,45.8,6,984.2,1015.6,2355,1010.4,1612,1013.2,13.6,12.6,1200,3.61,28.53,,,,,,0,0,20.2,-.1,,,,,,,,,,5.6,8,,,
135,√ﬂ«≥∑…,2025-04-30,16.8,4,550,27.4,1421,,,,,,,9.1,270,1410,4.8,270,1418,1.6,1364,160,2.1,17,1259,42.9,7.1,985.2,1017.1,713,1010.2,1644,1013.7,13.6,11.5,1200,3.56,27,,,,,,0,0,23.2,1.3,,,,,,,,,,6.7,9.6,,,
135,√ﬂ«≥∑…,2025-05-01,14.4,10,250,20.9,1112,,1.6,1842,6.4,1406,21,16.3,160,1001,7.9,160,1024,3,2591,270,7.9,33,451,67.8,11.2,979.7,1013.3,1,1003.8,1716,1008.4,13.7,4,900,1.93,8.72,,,,,,6.8,5,16.5,5.3,,,,,,,,,,2.2,3.1,,,
135,√ﬂ«≥∑…,2025-05-02,12.8,7.4,554,18.2,1454,,,,,,,15.8,270,1047,8.4,270,716,4.9,4214,270,1.6,27,1510,49.9,7,981.3,1011.5,2343,1007.9,41,1010.2,13.7,10.6,1200,3.57,26.87,,,,,,3.4,3.3,15.9,6,,,,,,,,,,4.6,6.6,,,
135,√ﬂ«≥∑…,2025-05-03,9.2,7.5,935,12.3,1,,1.6,1018,6,930,16.7,8.4,250,1933,5,270,2323,1.9,1638,270,6.2,54,1,82.6,9.5,979.9,1012.1,2338,1006.9,1527,1009.2,13.7,.1,1400,.79,3.53,,,,,,8.1,8,10.3,6.8,,,,,,,,,,1.3,1.8,,,
135,√ﬂ«≥∑…,2025-05-04,13.2,6.9,210,19.5,1449,,,,,,,14.6,250,1506,8.3,250,1302,4.2,3598,270,-.1,22,1745,44.4,6.2,984,1015.8,2208,1010.8,1511,1012.9,13.8,12.5,1200,3.55,28.42,,,,,,0,0,14.9,4.6,,,,,,,,,,6,8.6,,,
135,√ﬂ«≥∑…,2025-05-05,9.5,2.2,548,16.1,1354,,.6,1633,1.4,1600,1.4,6.8,270,126,4.2,270,3,1.1,952,20,2.9,30,135,67,7.8,983.3,1016.8,615,1009.1,1820,1012.7,13.8,2,1000,1.91,9.69,,,,,,8,6.6,11.5,.1,,,,,,,,,,1.7,2.4,,,
135,√ﬂ«≥∑…,2025-05-06,10.4,6.9,2330,13,1455,,,,,,,5.3,70,252,3.9,70,254,1.6,1362,70,7.2,68,1534,81,10.1,978.9,1011.5,2332,1005.8,1522,1008,13.8,0,1000,.66,5.19,,,,,,7,7,12,4.6,,,,,,,,,,1.2,1.8,,,
135,√ﬂ«≥∑…,2025-05-07,13.9,5,424,21.1,1600,,,,,,,8.8,250,1342,5.1,250,1454,2.3,1947,250,5.7,33,1302,61.8,9.2,984.6,1017.4,2357,1010.9,1506,1013.5,13.9,11.3,1200,3.66,27.89,,,,,,3,.6,18.4,2.1,,,,,,,,,,4.8,6.8,,,
135,√ﬂ«≥∑…,2025-05-08,16.2,6.9,550,23.1,1403,,,,,,,8.6,140,1210,5.5,110,1617,1.8,1523,160,7,38,1127,57.9,10.1,988.3,1019.4,705,1014.1,1519,1017,13.9,10.4,1200,3.47,25.38,,,,,,5.6,3.1,21.1,4.6,,,,,,,,,,4.4,6.2,,,
135,√ﬂ«≥∑…,2025-05-09,12.9,10.5,606,15.9,6,,.8,1056,2.9,1027,12.7,12.4,70,1029,8.1,50,1008,2.9,2483,70,10.5,47,244,86.5,12.9,977.8,1017.6,20,998.2,2400,1006.6,13.9,0,1200,.31,1.99,,,,,,10,9.9,12.9,10.5,,,,,,,,,,.8,1.2,,,
135,√ﬂ«≥∑…,2025-05-10,12.4,10.8,2007,15.3,251,,.3,2124,.9,2116,1.6,15.1,270,325,9.2,270,334,4.7,4058,270,9.8,76,1414,84.5,12.1,973.4,1007.7,2400,997,206,1002.1,14,0,1200,.63,3.28,,,,,,9.4,9.4,12.3,10.5,,,,,,,,,,1.1,1.6,,,
135,√ﬂ«≥∑…,2025-05-11,14.4,10.5,614,19.9,1442,,.1,,.1,,.1,8.7,250,1459,5.8,270,1509,2.5,2119,270,8,47,1603,66.9,10.7,977.8,1008.1,2339,1003.7,1558,1006.5,14,4.4,1400,2.33,17.14,,,,,,5.8,4.1,16.7,8.5,,,,,,,,,,3.4,4.9,,,
135,√ﬂ«≥∑…,2025-05-12,15.6,7.1,532,24,1533,,,,,,,8.9,250,1401,5.2,250,1316,2.2,1892,270,5.8,27,1525,56.3,9.2,982.1,1014,2345,1008.1,1,1010.7,14,12.7,1200,3.57,28.89,,,,,,0,0,22,4.7,,,,,,,,,,5.5,7.9,,,
135,√ﬂ«≥∑…,2025-05-13,16.8,6.9,530,26.8,1317,,,,,,,10,290,1227,5.6,270,1430,1.6,1403,270,6.1,22,1438,55.5,9.4,986.8,1017.1,2338,1013.9,18,1015.5,14,10.7,1100,3.19,24.7,,,,,,4.9,1.8,21.2,4.3,,,,,,,,,,5.3,7.6,,,
135,√ﬂ«≥∑…,2025-05-14,19,8.2,534,27.3,1424,,,,,,,6.1,160,1358,3.7,180,1519,1.3,1150,160,8.6,31,953,54.9,11.2,987.6,1019.1,610,1012.7,1712,1016,14.1,12.1,1200,3.58,27.36,,,,,,3.8,2,26.8,5.6,,,,,,,,,,4.9,7,,,
135,√ﬂ«≥∑…,2025-05-15,19.7,15,812,25.3,1604,,1.9,740,5.5,729,6.8,11,270,1427,5.3,270,1435,1.5,1281,50,15.5,58,1523,77.6,17.7,986.6,1016.6,2301,1013,1522,1014.8,14.1,1.9,1100,2.12,12.55,,,,,,9.1,7.9,21.1,14.6,,,,,,,,,,2.4,3.4,,,
135,√ﬂ«≥∑…,2025-05-16,18.1,16.2,2234,21.5,1156,,2,2135,7,2124,25.8,9.9,50,2347,6.2,50,2352,1.6,1399,50,16.3,78,1517,89.8,18.5,984.1,1016.5,18,1006.1,2348,1012.5,14.1,0,1100,.93,5.09,,,,,,9.4,7.5,19,15.6,,,,,,,,,,1.4,2,,,
135,√ﬂ«≥∑…,2025-05-17,19.6,15.6,303,25.8,1518,,.7,36,1.6,1,1.8,13.1,270,2115,7.1,270,1818,3.5,3019,270,14.6,53,1546,74.6,16.7,977.3,1008.2,2310,1003.5,1547,1005.3,14.2,8.9,1300,3.4,23.37,,,,,,6.9,4.4,24.9,14.6,,,,,,,,,,4.3,6.2,,,
135,√ﬂ«≥∑…,2025-05-18,14.6,9.2,2358,20.5,1450,,,,,,,10.5,250,427,6.9,270,427,3.3,2846,270,7.2,35,1515,63.4,10.3,982.1,1012.7,2224,1007.7,5,1010.8,14.2,7.9,1300,3.53,22.17,,,,,,7.4,4.9,19.8,7.3,,,,,,,,,,3.9,5.6,,,
135,√ﬂ«≥∑…,2025-05-19,17.9,6,439,24.8,1615,,,,,,,12.5,270,1606,7.5,250,1349,2.2,1874,270,10.8,40,1123,65,13.4,978.2,1012.6,1,1002.1,1757,1006.4,14.2,10.8,1000,3.19,25.81,,,,,,2.1,1.4,20.2,5.1,,,,,,,,,,5,7.2,,,
135,√ﬂ«≥∑…,2025-05-20,24,15.2,527,31.8,1524,,,,,,,8.1,250,1251,5,290,1320,1.7,1509,270,17.1,38,1613,69.3,19.6,980,1009.6,2343,1005.3,1454,1007.7,14.2,12.1,1200,3.45,27.98,,,,,,1.1,0,25.6,13.4,,,,,,,,,,5.6,8,,,
135,√ﬂ«≥∑…,2025-05-21,22.5,17.2,423,27.2,1434,,,,,,,7.4,50,1249,4.3,70,1322,1.4,1196,50,19,61,1357,82.4,22,978.9,1010,210,1003.5,1723,1006.6,14.2,2.8,1000,2.74,15.88,,,,,,6.8,2,23.9,15.1,,,,,,,,,,3.1,4.4,,,
135,√ﬂ«≥∑…,2025-05-22,19,14.9,2322,24.8,1225,,0,,0,,0,10.3,50,1301,6.8,50,1304,2.7,2343,270,15.6,58,2251,81.4,18.1,979.9,1011.7,2135,1005.5,408,1008.1,14.3,1,1000,1.66,8.43,,,,,,7.5,7.4,20.7,13.1,,,,,,,,,,2,2.9,,,
135,√ﬂ«≥∑…,2025-05-23,16.6,13.6,501,21.1,1400,,0,,0,,0,10.1,110,1626,6.4,140,1635,3.8,3268,70,7.8,38,1635,57.5,10.6,983.7,1013.6,805,1010.8,1727,1012.2,14.3,2.5,1300,2.69,16.6,,,,,,9.4,8,19.4,12.6,,,,,,,,,,3.9,5.6,,,
135,√ﬂ«≥∑…,2025-05-24,13,10.8,2310,15.6,1022,,1.8,1631,3.2,1559,4.4,8.2,140,1129,5,70,1046,2.6,2207,90,8.2,52,125,73.9,10.9,981.3,1012.7,22,1008.5,1514,1010.2,14.3,0,1100,1.14,5.5,,,,,,9.8,8.9,15.1,10.8,,,,,,,,,,1.4,2,,,
135,√ﬂ«≥∑…,2025-05-25,15.5,9.8,525,22,1610,,,,,,,10,270,1530,6.6,250,1457,2,1759,250,10.2,44,1634,73.5,12.4,985.7,1017.6,2352,1012.2,200,1014.4,14.3,11.1,1200,3.58,28.37,,,,,,2,1.5,19.6,8.8,,,,,,,,,,4.2,6.1,,,
135,√ﬂ«≥∑…,2025-05-26,17,9.2,519,25.3,1636,,,,,,,5.2,140,1155,3.3,140,1239,1.1,932,20,9.5,26,1721,65.3,11.9,988.5,1019,645,1014.6,1644,1017.1,14.4,10.6,1300,3.58,28.03,,,,,,3.5,2.6,24.5,8.6,,,,,,,,,,4.8,6.8,,,
135,√ﬂ«≥∑…,2025-05-27,18.2,9.5,529,25.8,1521,,,,,,,8.3,270,1344,4.6,250,1323,1.5,1322,250,9.6,30,1437,61.9,12,989.5,1020.3,657,1015.3,1618,1018,14.4,,1200,3.59,,,,,,,.1,0,25.1,7.6,,,,,,,,,,4.9,7,,,
135,√ﬂ«≥∑…,2025-05-28,18.9,10.8,522,26.6,1526,,,,,,,9.9,50,2019,5.8,50,2025,1.6,1372,250,10.6,31,1402,63.1,12.8,989.1,1019.6,613,1014.4,1624,1017.6,14.4,12.7,1200,3.41,27.36,,,,,,1.9,.5,24.5,9.3,,,,,,,,,,5.1,7.3,,,
135,√ﬂ«≥∑…,2025-05-29,16.2,10.6,517,24.8,1254,,15.2,1939,22,1932,23.9,17.7,20,1940,9.6,50,1924,1.6,1346,20,12.2,43,1322,79.3,14.2,986.6,1018.4,1,1012,1739,1015.3,14.4,6.1,1200,3.46,19.78,,,,,,4.3,2.5,19.9,8.9,,,,,,,,,,3.2,4.5,,,
135,√ﬂ«≥∑…,2025-05-30,15.9,10.4,447,22.8,1500,,,,,,,7.1,50,1226,4.1,70,1421,1.2,1077,360,10.6,22,1520,75.4,12.9,984.8,1015.2,759,1011,1722,1013.5,14.4,8.3,1200,3.4,23.72,,,,,,1,1,20.6,10.1,,,,,,,,,,4.5,6.4,,,
135,√ﬂ«≥∑…,2025-05-31,17.9,8,537,25.2,1407,,,,,,,7.7,250,1229,4.4,250,1246,1.7,1433,250,10.5,41,1631,64.9,12.8,983,1014.6,606,1008,1700,1011.4,14.4,11.3,1300,3.07,24.63,,,,,,4.1,1,19.9,8.1,,,,,,,,,,4.4,6.3,,,
135,√ﬂ«≥∑…,2025-06-01,21.2,12.5,558,28.6,1501,,,,,,,6.1,270,1044,4.1,250,1053,1.8,1513,250,11.9,31,1503,59,14,981,1012.2,543,1006.1,1640,1008.9,14.5,11.6,1200,3.56,28.27,,,,,,3.9,1.5,23.4,12.1,,,,,,,,,,5.3,7.5,,,
135,√ﬂ«≥∑…,2025-06-02,19.1,15.3,449,23.3,1258,,,,,,,7.4,160,1605,4,160,1609,1.4,1193,160,13.4,51,1653,70.8,15.4,975.7,1008,4,1000.6,2400,1003.7,14.5,0,1100,2.05,9.97,,,,,,9.7,7.5,21.3,15.1,,,,,,,,,,2.4,3.4,,,
135,√ﬂ«≥∑…,2025-06-03,19.6,15.6,341,25,1416,,,,,,,13.8,270,1740,8,250,1601,3.5,3057,250,10.9,35,2006,58.8,13.2,972,1003.2,2313,997.4,1529,999.9,14.5,7.5,1100,3.04,23.77,,,,,,4.9,4.1,22.2,12.8,,,,,,,,,,5.7,8.2,,,
135,√ﬂ«≥∑…,2025-06-04,20,12,537,26.9,1323,,,,,,,19.2,270,1618,10.1,250,1653,5.1,4388,270,5.7,23,1324,41.5,9.2,976.6,1009.5,2359,1001.8,1417,1004.5,14.5,13.1,1200,3.64,30.88,,,,,,0,0,22.6,9.6,,,,,,,,,,9.1,13,,,
135,√ﬂ«≥∑…,2025-06-05,19.6,10.8,528,26.5,1150,,,,,,,6.9,250,826,4.6,250,833,,,,8.6,30,1152,51.9,11.2,982.6,1012.6,543,1008.7,1807,1010.8,14.5,12,1200,3.72,29.54,,,,,,3.1,1.4,24.2,8.1,,,,,,,,,,1,1.4,,,
135,√ﬂ«≥∑…,2025-06-06,20.5,13.1,534,29.2,1350,,,,,,,11.8,250,1338,6,250,1141,1.8,1586,270,10,28,1211,55.4,12.3,981.4,1011.3,700,1007,1415,1009.5,14.5,7.4,1200,3.3,23.62,,,,,,7.1,5.1,24.1,13.1,,,,,,,,,,5.5,7.9,,,
135,√ﬂ«≥∑…,2025-06-07,22.6,12.1,556,30.9,1442,,,,,,,7.5,320,1332,4.5,290,1341,1.8,1531,290,12,24,1353,55.6,14.1,980.2,1010.4,16,1005.1,1518,1008,14.5,11.7,1200,3.51,28.5,,,,,,4.8,1,27.4,12,,,,,,,,,,6.2,8.9,,,
135,√ﬂ«≥∑…,2025-06-08,23.6,17.6,608,29.3,1458,,0,,0,,0,7,50,1313,4.2,70,1531,1.5,1302,20,17.6,48,1511,70.5,20.1,979.9,1009.2,615,1005.2,1706,1007.6,14.6,5.8,1400,2.77,21.61,,,,,,5.1,3.5,29.7,17.5,,,,,,,,,,4,5.8,,,
135,√ﬂ«≥∑…,2025-06-09,24.5,19.7,548,30.5,1529,,,,,,,5.5,270,8,3.7,270,54,1.5,1316,290,17.4,44,1712,66.4,19.9,979,1009.1,650,1003.4,1657,1006.5,14.6,9.6,1100,3.32,26.04,,,,,,4.3,1.5,30.5,19.3,,,,,,,,,,5.3,7.5,,,
135,√ﬂ«≥∑…,2025-06-10,23.2,17.5,236,29.5,1244,,,,,,,11.6,270,2247,7.3,270,2239,3,2599,270,15.8,41,1201,65.4,18,978.5,1008.9,2343,1004.4,1244,1006.2,14.6,7.4,1200,3.46,23.28,,,,,,5.8,2,27.6,17,,,,,,,,,,5.3,7.6,,,
135,√ﬂ«≥∑…,2025-06-11,22.1,16.2,518,28,1609,,,,,,,9.6,320,1332,5.6,270,711,3.3,2848,270,11.1,31,1554,52.4,13.3,983.4,1014,2355,1008.9,1,1011.4,14.6,12.4,1200,3.65,30.95,,,,,,3.9,.3,28.7,15.3,,,,,,,,,,6.8,9.8,,,
135,√ﬂ«≥∑…,2025-06-12,22.7,15.3,542,29.7,1617,,,,,,,6.3,140,1751,4.1,180,1405,1.5,1327,160,12.3,35,1623,53.4,14.4,986.4,1015.9,701,1012,1706,1014.4,14.6,10.4,1200,3.25,26.79,,,,,,8.1,3.5,30.4,14.8,,,,,,,,,,5,7.2,,,
135,√ﬂ«≥∑…,2025-06-13,19,16.3,411,23.4,1500,,5.5,2350,14,2126,42.9,5.5,50,2139,3.1,160,909,.9,767,160,15.1,56,1502,79.8,17.2,985.3,1016.2,508,1010.5,2400,1013.6,14.6,0,1400,1.46,8.67,,,,,,9.8,8.8,24.4,16.2,,,,,,,,,,1.5,2.2,,,
135,√ﬂ«≥∑…,2025-06-14,21.1,16.7,1,26.5,1656,,3.9,658,17.3,609,78.6,6.7,290,925,4.4,160,1503,1.4,1216,160,19,72,1554,89.1,22,974.4,1010.5,1,998.8,1647,1002.2,14.6,3.5,1400,2.53,15.27,,,,,,8,6.3,23,16.7,,,,,,,,,,2.9,4.1,,,
135,√ﬂ«≥∑…,2025-06-15,24.8,20.1,552,30,1426,,.2,2247,.2,2157,.2,6.5,160,1254,4.1,140,1416,1.4,1241,140,21,61,1318,81,25,971.9,1002.2,552,996.6,1805,999.2,14.6,9.5,1200,3.67,26.4,,,,,,6,2.6,27.2,20.1,,,,,,,,,,4.3,6.1,,,
135,√ﬂ«≥∑…,2025-06-16,22.9,19.7,2347,28.2,1526,,1.8,737,4,723,9.5,11,270,1647,6.7,270,1650,1.6,1384,270,19.9,58,1608,84.9,23.3,971.7,1003.2,2346,996.2,323,999.2,14.6,3.9,1300,3.29,15.56,,,,,,6.3,4.8,26.1,19.7,,,,,,,,,,2.9,4.1,,,
135,√ﬂ«≥∑…,2025-06-17,23.3,17.2,317,29.3,1509,,0,,0,,0,7.5,270,1414,5,270,1435,1.1,946,270,18.5,51,1515,76.6,21.4,977.4,1007.8,2302,1002.9,28,1005.1,14.6,7.7,1400,3.09,21.78,,,,,,5.5,2.6,25.6,17.2,,,,,,,,,,4.5,6.4,,,
135,√ﬂ«≥∑…,2025-06-18,23.7,19.2,2339,29.8,1554,,.2,,.2,,.2,8.8,250,1305,4.6,270,1340,1.6,1365,50,17.6,45,1529,71.5,20.1,983,1013.5,2347,1007.9,1,1010.8,14.6,12.2,1200,3.51,29.07,,,,,,1.5,.3,26.8,19.2,,,,,,,,,,5.3,7.6,,,
135,√ﬂ«≥∑…,2025-06-19,24.4,16.8,535,30.7,1623,,,,,,,5.5,160,1352,3.6,160,913,1.3,1088,140,19.2,49,1355,74.8,22.3,984.9,1014.8,554,1010.5,1725,1012.7,14.6,9.9,1000,2.87,22.86,,,,,,5.3,2.6,26.8,16.8,,,,,,,,,,4,5.7,,,
135,√ﬂ«≥∑…,2025-06-20,23.5,21.6,2359,25.8,1146,,.4,1631,1.8,1729,3.7,7.4,250,2217,3.3,230,2223,.9,808,70,21.2,76,2222,87.5,25.2,979.3,1011.6,1,1004.2,1810,1007,14.6,0,1300,.49,4.09,,,,,,10,9.6,24.9,21.6,,,,,,,,,,1,1.4,,,
135,√ﬂ«≥∑…,2025-06-21,20.6,17.2,2321,26.2,200,,6.5,1252,15.6,1202,78,9.1,250,53,5.1,270,1259,1.9,1617,270,19,70,54,90.9,22.1,976.3,1006.3,1921,1002.5,509,1004.2,14.6,0,1400,.38,3.09,,,,,,10,9.3,22.5,17.2,,,,,,,,,,1,1.5,,,
135,√ﬂ«≥∑…,2025-06-22,20.9,16.2,518,26.8,1531,,.1,,.3,1,.5,8.8,250,1545,5,250,1338,2.8,2403,270,15.9,49,1450,75.8,18.1,978.9,1008.7,2221,1005.1,1449,1006.9,14.6,10.9,1300,3.71,28.52,,,,,,5.5,2.8,23.5,16.2,,,,,,,,,,5.2,7.4,,,
135,√ﬂ«≥∑…,2025-06-23,23,16.6,552,29.5,1501,,,,,,,6.3,270,808,4.2,250,853,1.6,1421,90,16.9,45,1440,70.9,19.3,979.7,1008.9,536,1005.1,1720,1007.5,14.6,13.1,1200,3.68,30.34,,,,,,.9,0,25.7,16.5,,,,,,,,,,5.4,7.7,,,
135,√ﬂ«≥∑…,2025-06-24,18.7,16.2,525,23.9,1006,,4.6,1455,14.4,1423,21.4,8.3,50,2003,5.9,50,2011,2.4,2097,90,16,56,1130,85.5,18.2,980.9,1010.1,604,1008.3,1148,1009.1,14.6,1.4,900,1.61,8.89,,,,,,9.3,6.9,21.5,16.2,,,,,,,,,,1.6,2.2,,,
135,√ﬂ«≥∑…,2025-06-25,20.1,17,132,24.3,1723,,.2,,.2,,.3,8.8,250,1526,4.7,270,1535,1.7,1507,270,17.5,64,1705,86,20,979.4,1008.9,1,1006.3,1753,1007.4,14.6,2.4,1500,1.9,11.5,,,,,,8.3,7.9,22.4,17,,,,,,,,,,2.1,3.1,,,
135,√ﬂ«≥∑…,2025-06-26,22.3,19.2,1,26.8,1434,,,,,,,8.1,250,959,4.9,290,1443,2.3,1950,270,18,60,1439,77.8,20.7,980.9,1009.7,921,1007.8,1429,1008.7,14.6,3.5,1100,3.23,17.76,,,,,,8.9,7.8,24.2,19.2,,,,,,,,,,3.4,4.8,,,
135,√ﬂ«≥∑…,2025-06-27,24.1,18.1,502,29.8,1514,,,,,,,7.5,250,1351,4.6,250,1400,1.6,1397,270,19.7,56,1515,78,23,980.8,1009.6,533,1006.5,1801,1008.4,14.6,11.7,1200,3.63,27.13,,,,,,5.3,.8,26.9,18.1,,,,,,,,,,4.6,6.6,,,
135,√ﬂ«≥∑…,2025-06-28,24.9,20.7,451,31.9,1430,,8.9,1721,17.2,1701,17.6,8.5,180,1607,6.2,160,1612,.9,758,50,22.3,62,1432,87,27,980,1009,1,1005.5,1509,1007.5,14.6,4.2,1400,2.77,19.17,,,,,,6,4.8,28,20.7,,,,,,,,,,3.6,5.1,,,
135,√ﬂ«≥∑…,2025-06-29,26.6,20.8,328,33,1545,,,,,,,5.3,250,911,3.4,250,1111,1.3,1089,250,22.3,53,1413,79.4,26.9,980.5,1009.6,2344,1006.2,1427,1007.9,14.6,9.8,1100,3.42,26.67,,,,,,2.5,1.6,28.8,20.8,,,,,,,,,,4.9,7,,,
135,√ﬂ«≥∑…,2025-06-30,27.3,21.9,606,33.5,1500,,,,,,,7.1,250,1519,4.2,270,1527,1.5,1307,270,21.9,48,1508,74.6,26.3,983.1,1011.8,724,1009.1,1456,1010.5,14.6,12.5,1200,3.67,29.98,,,,,,2.6,.4,30,21.9,,,,,,,,,,5.7,8.2,,,
135,√ﬂ«≥∑…,2025-07-01,27.6,22.2,514,32.9,1549,,,,,,,6.8,270,1559,4.1,270,1400,1.5,1265,270,22.8,58,1500,76.8,27.8,985,1013.7,723,1010.6,1737,1012.4,14.6,9.5,1300,3.39,25.37,,,,,,3.8,2.4,30.8,22.2,,,,,,,,,,4.8,6.9,,,
135,√ﬂ«≥∑…,2025-07-02,27.7,22.7,503,32.8,1455,,,,,,,7.6,290,1405,4.3,270,1306,1.5,1281,270,22.8,57,1333,76.1,27.7,984.9,1014,611,1010.2,1731,1012.3,14.6,12.5,1200,3.77,28.85,,,,,,3.6,1,31.7,22.7,,,,,,,,,,5.4,7.8,,,
135,√ﬂ«≥∑…,2025-07-03,27.1,23.1,418,31.9,1554,,,,,,,9,270,927,4.6,270,1414,1.8,1520,290,22.2,55,1601,76,26.7,982.6,1012.2,1,1007.7,1653,1010,14.6,11.9,1300,3.58,28.68,,,,,,4,2.4,32.4,23.1,,,,,,,,,,5.4,7.7,,,
135,√ﬂ«≥∑…,2025-07-04,26.5,21.5,546,30.3,1230,,,,,,,9.4,270,1222,5.5,270,1228,2.2,1882,270,21,52,1224,73.1,24.8,979.9,1009.5,1,1005.1,1739,1007.3,14.6,11.4,1200,3.43,24.85,,,,,,6.5,2.3,30.1,21.5,,,,,,,,,,5.2,7.5,,,
135,√ﬂ«≥∑…,2025-07-05,27.1,23.7,2157,31.8,1505,,,,,,,8.8,270,1157,5.7,270,327,2.8,2401,270,21.5,54,1448,72.4,25.6,978.5,1007.3,744,1003.8,1751,1005.8,14.6,13.1,1200,3.58,30.34,,,,,,3.1,2.3,32.4,23.3,,,,,,,,,,5.8,8.3,,,
135,√ﬂ«≥∑…,2025-07-06,27.5,24.4,357,31.8,1542,,,,,,,8.9,270,1007,4.8,290,542,2.6,2258,270,22.3,59,1430,73.9,26.9,977.7,1006.2,647,1003.2,1715,1004.9,14.5,12.5,1400,2.93,24.97,,,,,,5.1,2,32.3,23.3,,,,,,,,,,4.7,6.7,,,
135,√ﬂ«≥∑…,2025-07-07,28.8,23.7,426,34.5,1635,,,,,,,6.6,270,940,4.5,270,617,1.6,1414,250,24.4,52,1633,78.3,30.6,978.3,1007.3,2328,1003.4,1709,1005.5,14.5,9.2,1100,3.4,25.62,,,,,,1.5,1.5,34.4,23.7,,,,,,,,,,4.9,7,,,
135,√ﬂ«≥∑…,2025-07-08,27.8,23.6,507,32.4,1616,,,,,,,7,160,1609,4.3,160,1203,2.1,1805,140,22.7,60,1227,75,27.6,980.9,1009.9,2400,1006.7,1624,1008.2,14.5,10.8,1100,3.24,24.7,,,,,,2.1,1.4,32.9,23.6,,,,,,,,,,4.9,7.1,,,
135,√ﬂ«≥∑…,2025-07-09,27.3,21.2,540,32.7,1649,,,,,,,9,110,2055,5.3,110,2101,2.7,2306,70,17.5,35,1749,57.6,20.2,982.5,1011.7,2345,1007.5,1748,1009.9,14.5,13.2,1200,3.61,30.11,,,,,,.8,.1,33.6,21.2,,,,,,,,,,7,10,,,
135,√ﬂ«≥∑…,2025-07-10,26,19.6,549,32.2,1558,,,,,,,8.9,110,1258,5.2,140,1259,2.7,2292,70,16,39,1558,55,18.3,983.9,1013.2,2309,1009.2,1706,1011.4,14.5,11.6,1100,3.53,29.25,,,,,,2.6,1.8,33,19.1,,,,,,,,,,6.9,9.8,,,
135,√ﬂ«≥∑…,2025-07-11,25.2,18.8,450,31.4,1544,,,,,,,10,90,1202,5.9,70,1221,3.1,2650,90,15.8,38,1633,57.8,18.1,985.1,1014.4,2239,1010.7,1559,1012.8,14.5,13.1,1200,3.52,29.55,,,,,,2.1,0,34.5,18.3,,,,,,,,,,6.5,9.3,,,
135,√ﬂ«≥∑…,2025-07-12,24.2,18.2,356,30.3,1629,,,,,,,8.7,90,1227,5.5,70,856,2.5,2130,70,17.9,51,1510,69.4,20.6,982.2,1014.2,1,1006.6,1741,1009.9,14.5,13,1100,3.46,28.47,,,,,,5.1,.4,34,17.2,,,,,,,,,,5.4,7.7,,,
135,√ﬂ«≥∑…,2025-07-13,23.1,18.7,502,30.4,1114,,5.9,2211,15.9,2207,30.4,6.7,290,1616,4.9,290,1622,1.1,960,140,19.1,54,1116,80.3,22.3,974.9,1007.6,1,998.9,2400,1002.5,14.4,4.9,1000,2.78,14.28,,,,,,8.6,5.3,28.3,18.5,,,,,,,,,,2.6,3.8,,,
135,√ﬂ«≥∑…,2025-07-14,21.8,19.2,1720,27.5,1405,,1.6,2,3,1,3.2,17,270,1649,10.5,270,1655,2.8,2437,270,18.8,62,1351,84.3,21.8,966.9,999,1,991.2,1623,994.4,14.4,6.3,1300,3.08,20.61,,,,,,8.3,6.9,29.5,19.2,,,,,,,,,,3.4,4.9,,,
135,√ﬂ«≥∑…,2025-07-15,20.5,18.8,2352,22.5,1418,,.8,222,1.9,517,8.6,8.3,270,1408,4.4,270,1415,1.9,1666,270,18.9,82,1407,90.9,21.8,968.9,1001.6,2332,993.2,122,996.6,14.4,0,1300,1.21,8.17,,,,,,7.1,6.3,22.3,18.8,,,,,,,,,,1.3,1.9,,,
135,√ﬂ«≥∑…,2025-07-16,20.5,17.7,207,22.7,1256,,2.4,1550,7.3,1509,15.2,6.8,180,2005,3.2,50,2324,.9,805,50,19.4,85,1045,93.9,22.6,975.8,1005.2,2304,1001.5,1,1003.7,14.4,0,1200,.54,4.01,,,,,,9,8.8,22.3,17.7,,,,,,,,,,1,1.4,,,
135,√ﬂ«≥∑…,2025-07-17,21.4,20.1,35,23.3,813,,11.1,1225,13.7,1224,49,7.8,70,1047,4.8,70,1115,1.9,1652,90,20,85,317,91.9,23.4,978.4,1008.9,2150,1003.9,124,1006.3,14.4,0,800,.46,2.19,,,,,,9.6,9.1,22.5,20.1,,,,,,,,,,.8,1.1,,,
135,√ﬂ«≥∑…,2025-07-18,23.7,19.6,518,30.2,1421,,1.2,1838,3.3,1821,6.6,11.5,290,1723,6.3,290,1729,1.7,1436,110,21.1,67,1351,86.1,25.1,979.4,1008.9,2332,1004.5,244,1007.1,14.3,3.6,1200,3.12,17.26,,,,,,8.4,7.6,28.4,19.5,,,,,,,,,,2.9,4.1,,,
135,√ﬂ«≥∑…,2025-07-19,22,21.6,609,23.2,1549,,6.1,808,14.5,729,30.5,6.7,70,1246,3.3,90,1250,1.1,965,90,21,85,1608,94.9,24.9,983.2,1012.9,2329,1008.2,327,1011.1,14.3,.1,1500,.64,2.47,,,,,,9.5,8.9,23.2,21.6,,,,,,,,,,.7,1,,,
135,√ﬂ«≥∑…,2025-07-20,24.9,21,109,29.8,1510,,0,,0,,0,5.5,50,1337,3.8,70,1345,1.4,1237,50,22.6,72,1515,88.4,27.6,985.5,1014.7,2347,1011.3,1608,1013.2,14.3,5.6,1200,2.43,18.53,,,,,,6.4,5.3,30.9,21,,,,,,,,,,3.4,4.9,,,
135,√ﬂ«≥∑…,2025-07-21,25.8,20.8,514,31.5,1524,,,,,,,6.7,180,1801,4.6,160,1807,1.1,987,270,22.5,55,1526,83.6,27.2,986.6,1015.5,945,1012.7,1642,1014.2,14.3,7.4,1100,3.01,22.05,,,,,,6.6,4.1,30.9,20.8,,,,,,,,,,4.2,5.9,,,
135,√ﬂ«≥∑…,2025-07-22,26.9,21.6,531,32.8,1419,,,,,,,5.4,270,1513,3.2,230,1430,1.1,911,20,22.1,53,1358,77.1,26.6,986.6,1015.7,632,1012.2,1626,1014.1,14.3,11.9,1300,3.57,28.15,,,,,,4.9,.9,33.3,21.6,,,,,,,,,,5.2,7.4,,,
135,√ﬂ«≥∑…,2025-07-23,27.1,22,424,32.7,1455,,,,,,,6.1,270,855,4.4,250,902,1.3,1080,20,22.9,57,1425,79.5,28,985.2,1014.8,603,1010.3,1745,1012.7,14.2,9.9,1200,3.77,26.37,,,,,,2.9,1.9,31.8,22,,,,,,,,,,4.7,6.7,,,
135,√ﬂ«≥∑…,2025-07-24,27.2,22.2,507,33.4,1424,,,,,,,4.8,180,1144,3.1,160,1151,.9,804,20,22.6,50,1429,78.1,27.5,983.1,1012.8,552,1008.2,1723,1010.5,14.2,11,1300,3.32,26.95,,,,,,1.9,1,33.4,22,,,,,,,,,,5.2,7.5,,,
135,√ﬂ«≥∑…,2025-07-25,27.3,20.2,552,33,1625,,,,,,,6.4,90,1008,4.2,70,1009,1.5,1312,50,22,54,1520,74.5,26.6,981.7,1010.9,735,1006.9,1654,1009.1,14.2,12.4,1300,3.43,27.87,,,,,,.4,.3,32.5,20.2,,,,,,,,,,5.5,7.8,,,
135,√ﬂ«≥∑…,2025-07-26,27.6,21.1,547,32.7,1520,,,,,,,6.9,110,1216,4.7,70,1031,1.6,1413,110,22.1,57,1457,73.3,26.6,980.5,1009.9,5,1005.9,1631,1007.8,14.2,11.8,1100,3.37,27.2,,,,,,2,.1,32.4,21,,,,,,,,,,5.3,7.6,,,
135,√ﬂ«≥∑…,2025-07-27,28,23.3,524,32.9,1531,,,,,,,8.2,160,1003,6,140,1023,2.2,1935,110,22.2,53,1702,72.1,26.8,978.7,1008,35,1003.4,1753,1006,14.1,12.8,1300,3.4,28.7,,,,,,0,0,33.4,22.2,,,,,,,,,,5.5,7.9,,,
135,√ﬂ«≥∑…,2025-07-28,27.7,21.2,526,34.5,1638,,,,,,,5.2,250,1135,3.1,250,1047,.7,639,250,23,53,1642,77.1,28.2,976.1,1006,43,1000.4,1650,1003.3,14.1,10,1200,3.78,24.72,,,,,,1.4,1.3,33.9,21.2,,,,,,,,,,4.6,6.6,,,
135,√ﬂ«≥∑…,2025-07-29,27.7,22.3,543,33.8,1622,,,,,,,7.3,140,1156,4.1,110,1157,1.2,1055,140,21.3,46,1349,70.9,25.3,974.1,1002.9,649,998.7,1744,1001.2,14.1,12.8,1200,3.56,29.04,,,,,,.8,0,34.4,22,,,,,,,,,,5.8,8.3,,,
135,√ﬂ«≥∑…,2025-07-30,27.1,20.3,523,33.1,1603,,,,,,,7.5,160,1347,4.5,70,1005,1.6,1355,50,21.1,49,1551,71.6,25.1,974.2,1002.8,613,999.3,1701,1001.4,14,11.6,1200,3.59,27.57,,,,,,4.3,2.1,32.6,19.2,,,,,,,,,,5.7,8.2,,,
135,√ﬂ«≥∑…,2025-07-31,27.1,22.3,513,33.5,1548,,0,,0,,0,7.3,70,942,4.9,90,1128,1.6,1410,70,21.1,46,1502,71,25.1,976,1005,650,1001.3,1733,1003.2,14,9,1200,3.54,25.68,,,,,,6.9,4.1,34.2,22.3,,,,,,,,,,5.2,7.5,,,
135,√ﬂ«≥∑…,2025-08-01,27.7,20.7,608,34.7,1519,,,,,,,8.1,250,1434,4.1,250,1441,.7,639,20,21.2,38,1521,71.1,25.3,975.8,1004.3,606,1000.9,1632,1003,14,12.7,1200,3.5,28.1,,,,,,2.4,0,37,20,,,,,,,,,,5.4,7.7,,,
135,√ﬂ«≥∑…,2025-08-02,28.3,22.7,513,34.4,1622,,,,,,,5.9,250,1429,3.6,250,1442,1.2,1067,250,22.5,48,1431,72.1,27.2,975.4,1004.1,1,1000.5,1622,1002.5,14,10,1400,3.14,23.78,,,,,,5.9,3,37.1,22.7,,,,,,,,,,4.4,6.3,,,
135,√ﬂ«≥∑…,2025-08-03,25.7,21.7,2138,29.2,1153,,5.3,2313,15.2,2223,41.4,6.3,90,2235,3.8,50,2000,1.1,968,50,22.7,71,1353,84.4,27.6,974.3,1003.2,6,1000,2400,1001.6,13.9,0,1000,1.27,8.28,,,,,,9.9,8.4,28.5,21.7,,,,,,,,,,1.8,2.5,,,
135,√ﬂ«≥∑…,2025-08-04,26.9,22.7,1,31.7,1617,,3.6,217,8.5,217,17.8,7.1,250,1611,4.2,180,1442,1.2,1055,230,24.3,66,1612,86.5,30.4,973.5,1004.2,2239,998.7,506,1000.7,13.9,3.8,1300,2.56,16.34,,,,,,7.6,7.3,31.5,22.7,,,,,,,,,,3.3,4.7,,,
135,√ﬂ«≥∑…,2025-08-05,27.7,23.7,333,32,1239,,0,,0,,0,7.2,270,1510,3.8,290,1250,1.4,1238,290,23.4,61,1232,78.8,28.8,977.3,1005.8,2250,1002.9,1543,1004.5,13.9,8.7,1200,3.22,23.3,,,,,,5.3,4.1,32.1,23.7,,,,,,,,,,4.2,6,,,
135,√ﬂ«≥∑…,2025-08-06,26.6,24,231,30.3,1254,,.3,1435,.3,1431,.6,9.1,270,950,5.2,270,2231,2,1722,270,23.6,67,940,84.3,29.1,975,1005.4,1,1000,1824,1002.3,13.8,1.9,1200,2.36,12.25,,,,,,8.5,7.5,28.5,24,,,,,,,,,,2.9,4.2,,,
135,√ﬂ«≥∑…,2025-08-07,26.3,21.5,2320,30.3,1407,,,,,,,10.2,290,153,5.4,270,159,3,2561,270,21.4,60,1611,75,25.5,975.2,1004.8,2246,1001,1452,1002.5,13.8,4.7,1300,2.71,17.04,,,,,,6.5,4.5,28.8,20.2,,,,,,,,,,3.5,5,,,
135,√ﬂ«≥∑…,2025-08-08,24.3,19.3,525,29.5,1623,,,,,,,4.8,270,1723,3.2,250,823,1.2,1036,270,19.5,55,1448,76.8,22.8,977.2,1006.6,2307,1003.3,1428,1004.7,13.8,9,1000,2.98,22.15,,,,,,7.8,5.6,29.8,19.2,,,,,,,,,,3.6,5.1,,,
135,√ﬂ«≥∑…,2025-08-09,22.4,21,549,24.5,1442,,.3,1317,.7,1702,1.4,4.9,90,1748,3.1,50,1244,.8,659,50,20.8,84,1242,91.4,24.6,976.7,1006.3,230,1002.4,1752,1004.4,13.8,0,1200,.79,4.9,,,,,,9.9,7.9,25.1,21,,,,,,,,,,1.2,1.8,,,
135,√ﬂ«≥∑…,2025-08-10,23.8,20.7,530,29.5,1551,,.4,319,1.5,309,2.5,6,90,1049,4.2,70,1050,1.3,1088,90,19.6,51,1616,79.4,22.8,974.7,1004.8,2344,1000.5,1456,1002.3,13.7,9.9,1300,3.32,24.8,,,,,,4.8,3.3,29.5,20.7,,,,,,,,,,4.4,6.3,,,
135,√ﬂ«≥∑…,2025-08-11,22.4,19.2,2346,26.8,1327,,.6,1833,2.2,1825,3.2,5,90,1254,3.6,90,1242,1.1,962,90,19.8,69,1335,86,23.1,978,1007.7,2359,1004.5,18,1005.8,13.7,1,1300,1.6,9.85,,,,,,8.8,6.3,27.2,19.2,,,,,,,,,,1.7,2.5,,,
135,√ﬂ«≥∑…,2025-08-12,21.5,18.7,256,23.9,1419,,1.1,1541,2.8,1535,2.9,6.5,90,1449,4.7,90,1454,1.4,1250,70,20.1,78,1119,92.1,23.5,983.3,1013.7,2309,1007.7,8,1011.3,13.6,0,1100,1.25,7.73,,,,,,10,8.9,24.8,19.7,,,,,,,,,,1.4,1.9,,,
135,√ﬂ«≥∑…,2025-08-13,25.1,21.3,443,29.7,1354,,2.4,1417,2.6,,3.7,6.7,230,1544,3.8,230,1550,.8,667,20,23,71,1246,89.5,28.2,986,1015,2228,1012.3,1358,1013.7,13.6,3.2,1100,2.68,14.6,,,,,,8.1,5.9,29,21.3,,,,,,,,,,2.7,3.9,,,
135,√ﬂ«≥∑…,2025-08-14,26.8,20.8,534,32.6,1425,,,,,,,9,250,1336,5.4,270,1343,1.9,1620,270,22.3,55,1316,78.1,26.9,987.5,1016.1,622,1013.6,1530,1015.1,13.6,9.7,1100,3.57,25.32,,,,,,4.9,2.9,32,20.8,,,,,,,,,,4.9,7,,,
135,√ﬂ«≥∑…,2025-08-15,27.1,23.6,333,32.4,1559,,,,,,,6.6,50,1626,4.1,50,1632,1.7,1453,250,22.9,58,1502,78.9,27.9,987.4,1016.6,929,1013.4,1531,1015,13.6,7.7,1200,3.22,21.72,,,,,,3.3,2.6,31.4,23.6,,,,,,,,,,4.4,6.3,,,
135,√ﬂ«≥∑…,2025-08-16,26.6,22.1,2311,32.2,1459,,,,,,,7.9,270,1322,3.3,290,1342,1.2,1016,250,22,55,1315,78,26.5,986,1014.8,808,1011.7,1736,1013.6,13.5,11.7,1200,3.57,26.62,,,,,,1.1,.4,33.3,21.9,,,,,,,,,,4.8,6.9,,,
135,√ﬂ«≥∑…,2025-08-17,26.1,21.4,338,31.7,1538,,,,,,,8.3,270,917,4.5,270,1002,1.5,1311,270,21,53,1413,75.5,24.9,987.1,1016.1,1031,1013.1,1739,1014.7,13.5,11.1,1200,3.52,26.7,,,,,,3.9,1.9,31.9,20.7,,,,,,,,,,4.9,6.9,,,
135,√ﬂ«≥∑…,2025-08-18,26.8,21.7,256,32.5,1443,,,,,,,7.4,250,1143,4.1,250,1149,1.1,990,270,21.6,50,1451,75.3,25.8,986.9,1016.6,554,1012.1,1713,1014.4,13.5,8.5,1100,3.45,22.77,,,,,,4.9,4.9,32.4,21.7,,,,,,,,,,4.6,6.6,,,
135,√ﬂ«≥∑…,2025-08-19,27.6,23,632,32.8,1514,,,,,,,7.8,270,1348,4.7,270,1350,1.5,1314,290,22.1,54,1434,73.4,26.6,984.3,1013.8,1,1009.3,1712,1011.7,13.4,10.5,1300,3.19,24.76,,,,,,3.5,2.5,34.8,22.8,,,,,,,,,,5,7.1,,,
135,√ﬂ«≥∑…,2025-08-20,27.8,22.6,611,32.7,1426,,,,,,,7.1,250,1332,3.5,270,2317,1.2,1067,270,21.9,53,1319,71.6,26.2,982.7,1012.1,611,1007.2,1651,1010,13.4,11.1,1200,3.49,25.25,,,,,,2.9,2.1,35.2,22,,,,,,,,,,4.7,6.8,,,
135,√ﬂ«≥∑…,2025-08-21,27.6,22.7,504,33.7,1530,,,,,,,6,270,1429,3.6,270,906,1.3,1160,250,22,48,1533,73.5,26.4,982.8,1011.9,559,1008.1,1621,1010.2,13.3,11,1200,3.46,25.69,,,,,,4.1,1.5,35.6,22.4,,,,,,,,,,5,7.1,,,
135,√ﬂ«≥∑…,2025-08-22,28.2,23.1,42,33.2,1326,,,,,,,6.6,290,1513,4.1,270,1410,1.7,1481,250,22.2,53,1515,71.6,26.9,981.8,1010.7,649,1006.7,1634,1009,13.3,11.4,1200,3.42,25.29,,,,,,4.3,1,35,23.1,,,,,,,,,,5.1,7.3,,,
135,√ﬂ«≥∑…,2025-08-23,27.1,21.2,507,33.4,1436,,,,,,,7,270,1405,4.2,270,1052,1.1,952,250,21.8,53,1516,74.5,26.1,983.1,1012.1,2330,1008.7,1451,1010.5,13.3,12.3,1200,3.29,25.31,,,,,,.3,0,34.5,20.1,,,,,,,,,,4.8,6.9,,,
135,√ﬂ«≥∑…,2025-08-24,28.7,23.9,427,33.9,1337,,,,,,,5.5,250,1055,3.3,270,855,1.3,1151,20,22.8,52,1556,72.1,27.7,984.1,1012.9,841,1009.5,1606,1011.4,13.2,10.2,1100,3.29,23.5,,,,,,1.1,.8,36.6,23.5,,,,,,,,,,4.5,6.4,,,
135,√ﬂ«≥∑…,2025-08-25,28.1,22.5,609,34.5,1522,,,,,,,7.2,270,1822,4.5,270,1006,1.5,1253,270,22.2,47,1611,72.4,26.8,982.9,1012.7,646,1007.4,1612,1010.2,13.2,10.2,1100,3.16,23,,,,,,2.1,.6,34.9,22.3,,,,,,,,,,4.5,6.4,,,
135,√ﬂ«≥∑…,2025-08-26,24.8,22.5,534,27.5,1558,,3.8,625,7.5,624,8.2,12.5,250,626,7.1,270,656,1.8,1565,270,22.1,75,1558,85.4,26.6,981.8,1010.8,2248,1007.9,1544,1009.4,13.2,.5,900,1.34,7.46,,,,,,7.3,4.8,26.9,22.5,,,,,,,,,,1.9,2.7,,,
135,√ﬂ«≥∑…,2025-08-27,25.9,20.8,542,31.7,1356,,,,,,,4.9,90,2349,3.3,70,2349,1,822,20,20.5,46,1400,74.4,24.1,983.8,1013.7,2318,1009.7,1554,1011.4,13.1,11.2,1200,3.56,24.27,,,,,,3.5,1.4,31.4,20.8,,,,,,,,,,4.3,6.1,,,
135,√ﬂ«≥∑…,2025-08-28,25.8,21.3,555,31.5,1519,,,,,,,5.5,90,1225,3.3,90,1233,.9,743,50,21.6,56,1524,79.3,25.9,985.3,1014.6,645,1011,1519,1012.9,13.1,5.9,1100,3.04,18.62,,,,,,6.4,3.6,30.1,21.3,,,,,,,,,,3.3,4.7,,,
135,√ﬂ«≥∑…,2025-08-29,26.9,22.1,311,32.5,1439,,,,,,,9,270,1007,5,270,1533,1.8,1523,250,21.4,51,1655,73.9,25.5,986.4,1015.7,2345,1012.3,1445,1013.9,13.1,11.2,1100,3.26,22.62,,,,,,4.5,1,31.9,21.7,,,,,,,,,,5,7.1,,,
135,√ﬂ«≥∑…,2025-08-30,27,21.7,537,33.4,1344,,,,,,,7.3,270,1113,4.2,250,1121,1.3,1086,250,21.2,48,1606,72.8,25.2,986.5,1016.3,628,1011.6,1716,1014,13,11.8,1200,3.39,25.59,,,,,,1.9,.1,33.8,21.1,,,,,,,,,,4.9,7,,,
135,√ﬂ«≥∑…,2025-08-31,24.4,21.6,505,30.5,1046,,8.9,1448,15.7,1157,28,9.1,270,1158,5.5,250,1206,.7,582,50,22,62,1048,87.1,26.4,983,1013.5,510,1008.7,2021,1010.7,13,5.4,1000,2.54,12.35,,,,,,6.1,3.3,28.8,21.5,,,,,,,,,,2,2.9,,,
135,√ﬂ«≥∑…,2025-09-01,25.3,22.1,522,32.3,1400,,.8,1744,.9,1718,1.2,10.6,290,1654,5.6,320,1703,1.3,1082,180,22.5,57,1447,86.9,27.3,979.6,1009,1,1004,1533,1007.1,13,6.2,1300,2.79,18.17,,,,,,6.4,5.3,30.9,22.1,,,,,,,,,,3.3,4.7,,,
135,√ﬂ«≥∑…,2025-09-02,23.8,18.3,2329,28.6,1624,,.8,553,1.7,549,2.2,8.2,270,1230,5.2,270,1249,1,893,270,20.5,53,1644,83.1,24.3,981.9,1012.8,2347,1007.3,120,1009.6,12.9,5.3,1100,3.1,15.76,,,,,,6.1,4.9,26.6,18.3,,,,,,,,,,3,4.2,,,
135,√ﬂ«≥∑…,2025-09-03,24.5,18.1,126,30.6,1519,,0,,0,,0,6.8,160,1235,4.1,160,1232,1.4,1216,90,20.7,57,1400,80.8,24.6,983.9,1013.3,815,1009.2,1542,1011.6,12.9,4.9,1200,3.26,18.2,,,,,,5.3,4,29.3,18.1,,,,,,,,,,3.5,5.1,,,
135,√ﬂ«≥∑…,2025-09-04,25.1,20.5,542,30.6,1638,,0,,0,,0,9.6,70,1829,6.1,50,1838,1.7,1485,70,21.3,63,1636,80.5,25.5,982.4,1012.1,1,1007.3,1642,1010,12.8,5.7,1100,2.44,16.04,,,,,,7.1,4,29.9,20.5,,,,,,,,,,2.9,4.1,,,
135,√ﬂ«≥∑…,2025-09-05,25.5,21.7,641,31.3,1322,,7.4,2054,20.7,2033,21.1,9.1,180,1822,6.4,160,1827,1.2,1069,90,21.9,57,1326,81.5,26.3,982.9,1012,2109,1008.6,1534,1010.5,12.8,7.6,1300,3.33,20.7,,,,,,6,4.3,30.4,21.7,,,,,,,,,,3.8,5.4,,,
135,√ﬂ«≥∑…,2025-09-06,26.4,22.7,431,31.3,1240,,.7,1312,.7,,.7,11.1,230,1318,6.8,270,1419,1.6,1370,250,22.4,58,1153,80.9,27.2,981.4,1011.8,1,1006.9,1511,1008.9,12.8,7.3,1100,3.11,19.23,,,,,,4.4,2.8,29.6,22.7,,,,,,,,,,3.7,5.3,,,
135,√ﬂ«≥∑…,2025-09-07,24.3,22.2,329,27.8,1538,,.6,320,2.6,318,7.1,9.6,270,56,6.6,270,53,2.4,2070,270,21.6,73,101,85.6,25.9,980.6,1010.5,2357,1006.7,53,1008.3,12.7,1.5,1300,2.31,10.11,,,,,,8.9,7.1,26.1,22.2,,,,,,,,,,2,2.9,,,
135,√ﬂ«≥∑…,2025-09-08,19.7,16.3,2053,24.2,1340,,0,,0,,0,5.6,270,911,3.4,250,915,.8,700,250,16.7,55,1947,83.5,19.1,983.6,1013.4,2054,1010,1545,1011.8,12.7,.2,1000,1.21,8.36,,,,,,8.8,6.6,22.9,16.3,,,,,,,,,,1.4,2,,,
135,√ﬂ«≥∑…,2025-09-09,18.5,16.7,7,20.6,1055,,1.1,1209,2.2,615,8.1,6.1,160,1510,4.2,160,1512,1.2,1016,160,16.7,80,219,89.9,19,985.3,1015,944,1012.3,9,1013.7,12.7,0,1000,.83,4.48,,,,,,9.8,9.1,21.8,16.7,,,,,,,,,,.9,1.3,,,
135,√ﬂ«≥∑…,2025-09-10,20.9,18.2,216,25.5,1427,,.3,104,1.4,118,2.9,6.8,90,1114,4.1,90,1128,1.3,1107,160,18.6,68,1424,87.6,21.4,985.3,1015.6,2341,1011.9,1345,1013.4,12.6,2,1200,2.21,11.6,,,,,,6.5,6.1,23.6,18.2,,,,,,,,,,2.1,3,,,
135,√ﬂ«≥∑…,2025-09-11,21.9,14.9,553,28,1500,,,,,,,9.8,70,1311,5.9,90,947,2.5,2129,90,17.3,56,1555,77,19.8,988.2,1018.3,909,1014.2,1539,1016.3,12.6,8.5,1300,3.05,21.12,,,,,,3.9,1.6,24.3,14.9,,,,,,,,,,3.9,5.6,,,
135,√ﬂ«≥∑…,2025-09-12,20.9,18.7,100,23.6,1148,,2.5,1606,6,1721,23.5,6.1,50,1140,4.4,50,1141,1.8,1567,160,18.4,74,1110,86.5,21.2,985.9,1017.4,41,1009.3,2359,1014.1,12.5,.1,1000,1.15,4.94,,,,,,9.8,8.5,22.2,18.1,,,,,,,,,,1.1,1.5,,,
135,√ﬂ«≥∑…,2025-09-13,23.6,21.1,1,28.1,1533,,3.7,729,7.2,653,11,9,290,1447,5.5,270,1553,1.5,1257,270,21.3,68,1630,87.4,25.3,979.1,1009.6,2355,1004.9,1007,1006.7,12.5,2.9,1300,2.38,10.53,,,,,,9.3,8.6,24.2,21.1,,,,,,,,,,2.1,3,,,
135,√ﬂ«≥∑…,2025-09-14,22.7,19.7,658,27.3,1523,,.6,2,1.3,2,1.9,5.4,70,237,3.7,50,125,1.2,1065,50,20.2,64,1527,86.8,23.7,984.2,1014.5,2301,1009.5,1,1012.1,12.5,2.1,1000,2.28,13.19,,,,,,8.9,8.1,25.3,19.7,,,,,,,,,,2.2,3.1,,,
135,√ﬂ«≥∑…,2025-09-15,24,19.9,611,29.4,1326,,,,,,,4.5,160,1422,3,160,1431,.7,598,20,20.6,56,1209,83.1,24.4,987.5,1016.9,849,1013.4,1619,1015.4,12.4,4.1,1100,2.63,15.39,,,,,,9.1,7.5,25.9,19.9,,,,,,,,,,2.8,3.9,,,
135,√ﬂ«≥∑…,2025-09-16,25.6,21.6,348,30.9,1426,,0,,0,,0,9.2,230,1545,5.3,270,1221,1.3,1157,270,21.9,59,1443,81.3,26.2,984.9,1015.9,1,1009.8,1437,1012.5,12.4,6.7,1200,2.42,17.61,,,,,,5.9,5,26.7,21.6,,,,,,,,,,3.3,4.7,,,
135,√ﬂ«≥∑…,2025-09-17,23.4,21.3,529,28,1102,,14.8,1325,17.4,1303,18.6,10,250,1326,5.5,270,1327,1.3,1114,270,21,69,1226,86.8,24.9,982.5,1012.2,1326,1008,1639,1010.3,12.4,1.6,1000,1.25,7,,,,,,7.8,5.6,24.7,21.3,,,,,,,,,,1.4,1.9,,,
135,√ﬂ«≥∑…,2025-09-18,20.1,17.5,2400,23.5,1224,,.4,35,.6,1,.7,9.5,50,1322,6.4,50,1320,2.1,1841,90,17.1,68,2017,83.6,19.6,987.9,1019.5,2211,1011.3,7,1016.2,12.3,.7,1200,1.61,7.48,,,,,,8.9,8.4,22.3,17.5,,,,,,,,,,1.6,2.3,,,
135,√ﬂ«≥∑…,2025-09-19,18.7,17.1,107,21.3,1117,,.9,2345,1.5,,1.5,7.5,50,1143,5.1,90,2233,1.9,1664,70,15.2,66,1131,80.8,17.3,988.7,1020.5,700,1012.1,2400,1017.1,12.3,.2,1100,1.58,7.63,,,,,,9.9,8.9,20.9,17.5,,,,,,,,,,1.5,2.2,,,
135,√ﬂ«≥∑…,2025-09-20,19.2,16.6,2206,21.5,1450,,9.4,714,26,652,39.7,8.3,270,1029,4.6,70,659,1.4,1191,270,17,74,1453,87.3,19.3,981.3,1013.6,2350,1005.5,652,1009.5,12.2,.4,1200,1.19,7.09,,,,,,7.9,7.8,21,16.3,,,,,,,,,,1.3,1.9,,,
135,√ﬂ«≥∑…,2025-09-21,19.3,15.6,610,24.5,1533,,,,,,,6.9,90,1415,4.3,70,2044,1.3,1148,70,15,54,1544,77.3,17.1,989.1,1022,2335,1013.6,1,1017.5,12.2,6.9,1300,2.22,16.37,,,,,,6.6,4.5,22.2,15.3,,,,,,,,,,2.8,4,,,
135,√ﬂ«≥∑…,2025-09-22,17.9,14.1,623,22.4,1505,,,,,,,6.5,70,1055,4.3,70,1104,1.6,1340,70,13.9,61,1514,78.3,15.9,992.9,1022.6,550,1019.4,1554,1021.6,12.2,1,900,1.58,10.85,,,,,,9.3,8.3,20.6,14.6,,,,,,,,,,2,2.8,,,
135,√ﬂ«≥∑…,2025-09-23,19,14.8,559,24.3,1454,,.2,,.3,130,.3,8.9,70,1052,6.3,70,1223,2.4,2112,70,14.4,55,1656,75.9,16.4,991.3,1024.1,835,1017.3,1612,1019.8,12.1,6.3,1100,2.67,16.29,,,,,,6.9,4.8,23.2,15.6,,,,,,,,,,3.1,4.4,,,
135,√ﬂ«≥∑…,2025-09-24,21,16.2,7,25.8,1336,,1.6,1738,2.3,1724,2.6,6.9,270,1728,3.8,290,1730,1.3,1132,160,18.1,70,1309,84,20.9,987.1,1019.1,1,1012.7,1437,1015.3,12.1,2.4,1200,1.79,10.26,,,,,,9.3,7.9,22.5,15.6,,,,,,,,,,1.8,2.5,,,
135,√ﬂ«≥∑…,2025-09-25,21.9,20.6,35,24.7,1446,,2.4,431,7.7,358,15.4,7.6,250,1501,4.6,270,1501,1.3,1103,270,20.1,77,1453,90.1,23.5,989.5,1019.3,2255,1015.3,106,1017.6,12.1,.4,1400,1.36,6.98,,,,,,9.1,8.6,23.2,21,,,,,,,,,,1.4,2,,,
135,√ﬂ«≥∑…,2025-09-26,20.3,16.2,2210,26.2,1259,,0,,0,,0,4.9,20,715,3.4,270,847,.8,707,20,16.5,53,1224,80.8,18.8,990.9,1020.9,829,1017.3,1511,1019.3,12,7.3,1100,2.86,17.48,,,,,,5.9,2.3,22.6,16.8,,,,,,,,,,2.9,4.1,,,
135,√ﬂ«≥∑…,2025-09-27,20.3,15.8,638,25.7,1322,,,,,,,7.7,140,1121,4.8,140,1130,1.3,1086,140,16.8,60,1340,81.5,19.1,989.6,1020.3,846,1015.8,2351,1017.9,12,5.7,1100,2.98,15.64,,,,,,7,5.6,22.5,15.8,,,,,,,,,,2.4,3.4,,,
135,√ﬂ«≥∑…,2025-09-28,19.6,18.5,606,21.5,1447,,1.2,1232,4.3,1153,11,9,270,1516,3.9,270,1505,1,900,270,17.6,84,57,88.8,20.1,983,1015.9,1,1007.7,1459,1011.2,11.9,0,1000,.54,3.53,,,,,,9.9,9.9,21.6,18.2,,,,,,,,,,1,1.5,,,
135,√ﬂ«≥∑…,2025-09-29,18.3,13.6,2346,23.4,1431,,,,,,,8.4,270,120,5.1,270,125,2.3,1963,270,14.6,55,1546,79.9,16.6,984.6,1015,2315,1011.4,52,1013,11.9,7,1200,2.94,17.09,,,,,,5.6,4.1,21.7,13.8,,,,,,,,,,2.9,4.1,,,
135,√ﬂ«≥∑…,2025-09-30,17.4,12.3,521,24.3,1411,,,,,,,6.4,320,1547,2.9,320,1553,.6,506,20,14.1,56,1337,82.4,16.1,985,1015.4,730,1010.8,1410,1013.5,11.9,6.5,1200,2.46,14.93,,,,,,5.9,4.3,20.2,12.8,,,,,,,,,,2.3,3.3,,,
135,√ﬂ«≥∑…,2025-10-01,17.7,12.8,453,24.5,1450,,,,,,,7.5,270,1423,4.8,250,1235,1.4,1230,250,13.4,49,1455,77.9,15.4,985.9,1016.9,2233,1012.4,1426,1014.4,11.8,10.7,1200,2.83,19.07,,,,,,2.1,.1,22.2,12.2,,,,,,,,,,3.3,4.7,,,
135,√ﬂ«≥∑…,2025-10-02,18.1,13.8,40,24.3,1340,,0,,0,,0,5,160,1406,3.2,180,1429,.4,374,50,14.9,56,1523,83.1,17,989.6,1019.8,2246,1016.5,1,1018.1,11.8,3.1,1300,2.5,11.18,,,,,,8.3,6.9,20.7,13.5,,,,,,,,,,1.9,2.8,,,
135,√ﬂ«≥∑…,2025-10-03,17.3,16.6,1003,18.5,2,,1.2,1957,3.2,1922,22.7,9.1,110,1147,5.1,70,618,2.8,2430,90,15.8,85,1147,91.6,18,988.5,1019.8,133,1015,2400,1017.1,11.7,0,1200,.86,4.34,,,,,,9.3,8.9,19,17.2,,,,,,,,,,.9,1.2,,,
135,√ﬂ«≥∑…,2025-10-04,19.2,16.7,315,21.1,1234,,.4,320,.8,234,2.5,3.7,90,1414,2.6,90,1414,.8,699,160,18.1,86,1240,93.8,20.8,985.8,1015.1,1,1013,1526,1014.2,11.7,0,1000,1.03,5.44,,,,,,9.8,9.6,20.6,17.7,,,,,,,,,,1,1.4,,,
135,√ﬂ«≥∑…,2025-10-05,20.4,17.7,620,23.9,1214,,1,1846,1.7,2004,3.5,4.7,270,1429,3.3,250,1500,.5,464,70,18.8,75,1223,91.3,21.7,986.3,1016,936,1012.7,1556,1014.5,11.7,.4,1100,1.29,7.88,,,,,,9.3,9.1,22.4,18,,,,,,,,,,1.2,1.7,,,
135,√ﬂ«≥∑…,2025-10-06,18.4,17.1,2350,19.3,5,,1.5,2004,5.6,1941,30.2,9.4,140,1313,5.2,90,2148,2.6,2246,70,17.3,88,1421,93.8,19.8,987.8,1017.5,1044,1014.7,328,1016.3,11.6,0,1300,.5,2.43,,,,,,10,10,20.3,18,,,,,,,,,,.7,1,,,
135,√ﬂ«≥∑…,2025-10-07,18.2,16.8,318,19.7,1250,,2.3,238,4.9,235,29.6,6.7,70,737,5,90,417,2.8,2453,90,17.2,92,1427,94,19.6,987.3,1016.7,1,1014,1636,1015.7,11.6,0,1200,.67,2.83,,,,,,9.6,9.6,19.5,17.6,,,,,,,,,,.7,1,,,
135,√ﬂ«≥∑…,2025-10-08,19.6,17.7,2339,23.3,1520,,.1,,.1,,.1,5.7,90,2132,3.9,50,1313,1.2,1053,90,17.8,75,1440,89.4,20.3,988.4,1018.6,2228,1015.2,1636,1016.7,11.6,.9,1400,1.19,6.84,,,,,,8.8,8.4,21.3,17.2,,,,,,,,,,1.2,1.7,,,
135,√ﬂ«≥∑…,2025-10-09,18.4,16.2,2333,20,1040,,0,,0,,0,7.9,90,1026,4.9,70,1942,2.4,2110,70,15.4,75,1955,83.3,17.5,991.3,1021.3,2138,1018,255,1019.9,11.5,.3,1000,1.02,4.84,,,,,,8.9,8.9,19.8,16.8,,,,,,,,,,1.2,1.8,,,
135,√ﬂ«≥∑…,2025-10-10,18.5,15.6,616,23,1355,,,,,,,7.1,90,1254,4.6,70,1208,2.5,2156,70,15.3,66,1324,82.5,17.4,989.9,1021.1,1,1016.3,1526,1018.4,11.5,2.9,1300,2.31,11.77,,,,,,8.5,7.9,20.6,15.6,,,,,,,,,,2.2,3.2,,,
135,√ﬂ«≥∑…,2025-10-11,20.6,15.6,619,27.1,1555,,,,,,,8.1,270,1645,4.8,270,1643,.9,739,290,16.6,54,1641,79,18.9,984.9,1017.5,1,1009.9,1513,1013,11.5,10.3,1200,2.67,17.51,,,,,,2.5,2.1,22.1,16.5,,,,,,,,,,2.9,4.1,,,
135,√ﬂ«≥∑…,2025-10-12,18.8,16.5,2130,21.7,432,,.3,608,1,1544,4,7.2,50,1557,5,50,1559,1.1,976,110,17.5,81,431,92.3,20.1,985.2,1016.5,2204,1010.5,412,1013.6,11.4,0,1000,.48,1.75,,,,,,9.3,9.3,20.4,18.3,,,,,,,,,,.6,.8,,,
135,√ﬂ«≥∑…,2025-10-13,16.2,14.6,2224,17.6,1047,,4.1,1410,12.4,1333,29.4,9,70,2400,5.9,70,1959,3.1,2703,70,15.1,93,443,93.6,17.2,986.8,1016.5,2159,1014.5,1306,1015.6,11.4,0,900,.21,1.21,,,,,,9.4,9.4,17.4,15.8,,,,,,,,,,.5,.8,,,
135,√ﬂ«≥∑…,2025-10-14,16.3,14.1,625,18.2,1420,,4.5,28,8,3,25.9,7.6,70,1,6.1,70,4,1.2,1052,70,15.1,87,1434,93.1,17.2,989.1,1021.2,2227,1015.1,334,1017.8,11.3,0,1300,1,4.92,,,,,,7.4,7.4,17.9,16.4,,,,,,,,,,1,1.4,,,
135,√ﬂ«≥∑…,2025-10-15,18.2,14.6,653,21.8,1205,,.3,1932,.7,1904,1.1,6.5,90,1042,4.1,90,1603,1.8,1545,90,15.7,70,1323,85.8,17.8,990.9,1022.3,655,1015.8,2400,1019.5,11.3,3.1,1100,1.61,9.56,,,,,,8.6,7.6,19.8,15.5,,,,,,,,,,1.5,2.2,,,
135,√ﬂ«≥∑…,2025-10-16,18,16.7,344,21.3,1530,,1.6,304,7.7,235,19,5.9,90,19,3.9,90,27,1.2,1015,70,16.2,79,1532,89.5,18.4,990,1023.7,2209,1014.2,428,1018.6,11.3,.5,1500,1.04,5.28,,,,,,8.3,8.1,19.3,15.6,,,,,,,,,,1.1,1.6,,,
135,√ﬂ«≥∑…,2025-10-17,18.3,14.1,635,22.2,1226,,.8,2126,2,2045,2.9,7.4,160,1301,4.7,70,130,1.6,1348,70,15.2,66,1229,82.9,17.3,992.6,1025.1,727,1015.9,2341,1021.2,11.2,2.8,1200,2.25,10.86,,,,,,9,8.9,19.7,13,,,,,,,,,,1.6,2.3,,,
135,√ﬂ«≥∑…,2025-10-18,16.1,14.9,2208,17.7,1118,,.9,101,3.2,11,14.8,7.1,270,1222,5,270,1219,1.5,1321,270,14.6,86,1602,91.1,16.7,990.4,1023.4,2328,1014.6,356,1019.2,11.2,0,1500,.51,2.6,,,,,,9.8,9.5,17.9,15,,,,,,,,,,.7,1,,,
135,√ﬂ«≥∑…,2025-10-19,15.7,12,2359,20,1441,,,,,,,7.3,160,1229,5,180,1156,1.7,1433,270,12.2,66,1445,80,14.3,994.2,1025,846,1020.5,1426,1023.1,11.2,2.5,1200,1.96,9.8,,,,,,7.6,7.3,18.3,11.5,,,,,,,,,,1.8,2.6,,,
135,√ﬂ«≥∑…,2025-10-20,11.7,6.6,658,17.5,1452,,,,,,,9.6,270,231,6.4,290,240,2.6,2224,270,7.1,57,1114,74.5,10.2,997,1028,828,1024.3,2,1026.5,11.1,7.7,1100,2.58,14.17,,,,,,5.9,3.8,14.6,5.8,,,,,,,,,,2,2.8,,,
135,√ﬂ«≥∑…,2025-10-21,12.5,10.8,448,16.3,1307,,,,,,,5.5,70,119,3.8,70,119,.9,795,50,9,64,1227,79.5,11.4,998.6,1029.2,805,1026.1,1434,1028,11.1,.8,1100,1.39,8.15,,,,,,8.5,7.8,15.7,10.4,,,,,,,,,,1.3,1.9,,,
135,√ﬂ«≥∑…,2025-10-22,12.7,8.6,550,15.9,1405,,,,,,,7,110,929,4.4,90,933,1.2,1038,70,9.7,70,929,83.1,12.1,998.7,1029.1,849,1026.7,1358,1028.2,11,1.9,1300,1.04,7.09,,,,,,5.1,4.6,15.4,7.5,,,,,,,,,,1,1.4,,,
135,√ﬂ«≥∑…,2025-10-23,13.3,10,29,19.1,1446,,,,,,,6.9,90,1117,4.5,90,1122,.8,737,90,10.5,60,1501,84.4,12.7,998,1028.8,208,1024.8,1511,1027.4,11,4.8,1300,2.01,11.07,,,,,,4.4,4.4,16.6,8.7,,,,,,,,,,1.6,2.3,,,
135,√ﬂ«≥∑…,2025-10-24,12.9,8.8,708,16.5,1546,,,,,,,6.5,90,945,4.4,90,951,.9,766,90,10.6,73,1218,86.5,12.8,996.8,1028.6,841,1024.1,1629,1026.1,11,2.2,1200,.93,7.28,,,,,,6.1,6.1,15.6,8,,,,,,,,,,1,1.4,,,
135,√ﬂ«≥∑…,2025-10-25,13.8,11.1,623,19.3,1406,,,,,,,7.4,270,1329,4.8,250,1301,1.2,1004,250,10.2,56,1428,80.1,12.4,992.2,1024.7,1,1018.8,1513,1021.3,10.9,6.5,1200,2.72,14.35,,,,,,7.3,5.4,16.4,10.1,,,,,,,,,,2.3,3.3,,,
135,√ﬂ«≥∑…,2025-10-26,12.6,10.1,552,16.8,1339,,0,,0,,0,11.2,270,1422,6.9,270,1428,3.2,2729,270,6.6,37,1312,67.8,9.7,989.1,1020.4,1,1016.1,1355,1018.3,10.9,4.2,1100,2.19,11.3,,,,,,6.3,5.8,13.7,9.8,,,,,,,,,,2.5,3.5,,,
135,√ﬂ«≥∑…,2025-10-27,8.7,6.5,2122,11.8,34,,,,,,,12.4,270,1431,6.7,270,757,3.6,3088,290,-2.1,22,1054,48.9,5.5,991.8,1024.6,2334,1017.5,106,1021.5,10.9,10.1,1200,2.59,16.87,,,,,,1.5,1.5,11.1,4.6,,,,,,,,,,3.2,4.5,,,
135,√ﬂ«≥∑…,2025-10-28,6.5,.6,650,13.1,1357,,,,,,,11.3,290,1451,5,270,1427,1.7,1507,250,-2.8,21,1239,55.9,5.1,998,1031.2,2322,1024.6,1,1028.1,10.8,10,1200,2.57,16.65,,,,,,.9,.6,10,-2.1,,,,,,,,,,2.6,3.8,,,
135,√ﬂ«≥∑…,2025-10-29,6.3,-.3,510,14.8,1456,,,,,,,7.1,70,1243,4.6,90,1249,.9,812,20,.4,31,1506,70,6.3,1000,1032.7,800,1027.6,1509,1030.2,10.8,10,1200,2.41,15.52,,,,,,0,0,10,-.9,,,,,,,,,,2.2,3.1,,,
135,√ﬂ«≥∑…,2025-10-30,7.8,-.2,624,15.8,1431,,,,,,,4.6,160,1158,3.1,160,1205,.2,187,160,3.8,48,1510,78.3,8.1,996.4,1029.6,643,1023.7,1437,1026.4,10.8,7,1000,1.68,11.06,,,,,,6.1,3.6,9.8,-.9,,,,,,,,,,1.3,1.9,,,
135,√ﬂ«≥∑…,2025-10-31,9.6,2.1,648,17.8,1356,,,,,,,6.8,50,1406,4.4,70,1406,.4,330,90,5.6,49,1309,78.4,9.2,987.9,1024.2,1,1012.6,2358,1017.4,10.7,9.5,1200,2.38,15.01,,,,,,3.1,2.9,11.6,1,,,,,,,,,,2.3,3.2,,,
135,√ﬂ«≥∑…,2025-11-01,12,6.9,2334,16.4,1430,,,,,,2.4,14.4,250,1436,8.8,270,1441,3.1,2715,270,6.1,42,1434,69.6,9.5,984,1015.8,2207,1011.2,1401,1013.1,10.7,6.4,1400,2.1,12.97,,,,,,4.3,4,12.6,5.3,,,,,,,,,,2.4,3.4,,,
135,√ﬂ«≥∑…,2025-11-02,9,4.5,2353,13.3,1147,,,,,,1.2,18.5,270,1209,10.9,270,1135,4.4,3785,270,1.5,36,1315,61.1,7.1,989.1,1025.1,2400,1014.4,39,1018.7,10.7,9,1200,2.45,14.84,,,,,,2.3,2.3,10.4,2.2,,,,,,,,,,2.8,4,,,
135,√ﬂ«≥∑…,2025-11-03,5.6,-1.5,721,13.4,1503,,,,,,,8.3,290,5,4.8,290,6,1.4,1210,140,-.7,43,1320,65.8,5.9,998.3,1030.8,813,1025,3,1028.6,10.6,9.9,1200,2.38,15.1,,,,,,0,0,8.4,-2.1,,,,,,,,,,2.1,2.9,,,
135,√ﬂ«≥∑…,2025-11-04,8.9,2.4,209,17.4,1507,,,,,,,7,270,1302,3.8,320,1334,.8,714,50,4.7,45,1508,77.4,8.6,996.9,1029.3,136,1023.5,1427,1026.7,10.6,9.3,1100,2.37,14.17,,,,,,1.3,1,10.6,.8,,,,,,,,,,2.1,3,,,
135,√ﬂ«≥∑…,2025-11-05,8.7,2,714,17.7,1408,,,,,,,4.8,140,1138,3.4,180,1538,.7,572,160,4.4,42,1227,78,8.4,994.7,1026.6,812,1021.5,1431,1024.5,10.6,9.5,1100,2.1,13.17,,,,,,.4,0,10.3,.4,,,,,,,,,,1.9,2.7,,,
135,√ﬂ«≥∑…,2025-11-06,9.8,1.8,630,18.8,1439,,,,,,,7.8,250,1226,5.2,250,1413,1.2,998,270,4.9,41,1335,75,8.7,994.6,1026.3,751,1021.4,1530,1024.3,10.5,9.2,1200,2.22,13.52,,,,,,3.1,1.8,10.7,.5,,,,,,,,,,2.2,3.2,,,
135,√ﬂ«≥∑…,2025-11-07,11.1,5.6,504,18.8,1422,,,,,,,6.9,140,1300,4.3,180,1228,1.1,921,70,7,45,1418,78.1,10,995.9,1026.9,817,1023,1400,1025.4,10.5,7.8,1200,2.17,12.81,,,,,,2.4,1.9,11.9,3,,,,,,,,,,1.9,2.8,,,
135,√ﬂ«≥∑…,2025-11-08,11.2,5.1,637,16.2,1332,,,,,,2.2,6,90,1055,4.3,70,1038,.4,344,70,8,61,1154,82,10.8,993.5,1027.4,637,1019.1,2353,1023,10.5,.3,1100,1.39,5.59,,,,,,7.9,6.4,11.4,3.1,,,,,,,,,,.9,1.3,,,
135,√ﬂ«≥∑…,2025-11-09,12.6,10.3,428,17.2,1327,,,,,,4.2,12.3,270,2310,7.3,270,2315,2.7,2333,270,5.6,29,1537,66.8,9.4,987.3,1019.8,6,1014,1429,1016.4,10.4,5.2,1300,1.63,9.69,,,,,,3.6,3.3,11.9,8.8,,,,,,,,,,2.9,4.1,,,
135,√ﬂ«≥∑…,2025-11-10,8.5,3.5,2323,12.6,1437,,,,,,,14.2,320,438,7.6,290,920,3.9,3368,270,-6.3,20,1244,36.4,3.9,989.9,1021.8,2356,1016.3,4,1019.6,10.4,9.8,1200,2.36,14.77,,,,,,2.1,2.1,7.6,.8,,,,,,,,,,3.7,5.3,,,
135,√ﬂ«≥∑…,2025-11-11,7.4,2,2339,14.6,1527,,,,,,,8.2,270,947,5.7,270,936,2.5,2141,270,-3.8,25,1535,47,4.6,993,1025.6,2354,1020.8,1415,1022.9,10.4,7.4,1200,2.3,12.72,,,,,,4.1,4.1,7,0,,,,,,,,,,2.5,3.6,,,
135,√ﬂ«≥∑…,2025-11-12,7,-.9,656,14.3,1436,,,,,,,6.2,270,2328,4.7,180,1220,1,898,290,-.1,37,1606,63.4,6.1,993.7,1027,807,1020.5,1555,1023.7,10.3,6,1100,1.76,9.85,,,,,,5.4,2.8,7,-2.5,,,,,,,,,,1.6,2.2,,,
135,√ﬂ«≥∑…,2025-11-13,8.9,.4,713,15.8,1417,,,,,,,9.3,270,1320,5.9,250,1233,2.1,1835,250,2.5,44,1054,65.4,7.4,990,1022.6,120,1016.7,1458,1019.7,10.3,9.2,1200,2.03,12.6,,,,,,.5,.5,8.3,-.9,,,,,,,,,,2.2,3.1,,,
135,√ﬂ«≥∑…,2025-11-14,7.1,1.1,603,13.8,1416,,,,,,,11.4,250,1438,7.1,270,1446,2.3,1980,270,-.6,30,1417,62.1,5.9,991.7,1025,2345,1019,1,1021.6,10.3,9.6,1200,2.25,13.92,,,,,,.4,0,7,-1.3,,,,,,,,,,2.4,3.5,,,
135,√ﬂ«≥∑…,2025-11-15,7.2,1.2,709,16.5,1423,,,,,,,4.7,180,1237,3.2,270,119,.9,779,200,-.5,26,1450,62.6,5.9,997,1029.2,2248,1024.5,19,1027.1,10.3,9.5,1200,2.21,13.47,,,,,,2.6,2.5,7.8,-.3,,,,,,,,,,2.2,3.1,,,
135,√ﬂ«≥∑…,2025-11-16,9.4,.3,249,19.1,1513,,,,,,,7.6,320,1525,4.6,270,2157,1.3,1137,160,.5,23,1518,58.5,6.4,996.4,1029.2,202,1022.9,1507,1026.1,10.2,7.7,1200,2.04,11.56,,,,,,3.9,3.6,8.6,-1,,,,,,,,,,2.7,3.8,,,
135,√ﬂ«≥∑…,2025-11-17,5.1,1.5,2142,11.1,16,,,,,,0,14.6,270,1335,9.2,270,1406,5,4349,270,-5.2,26,1535,49.3,4.5,996.9,1028.5,955,1024.5,211,1027.2,10.2,9.4,1200,2.16,12.78,,,,,,4.9,3.3,6.2,0,,,,,,,,,,2.8,4,,,
135,√ﬂ«≥∑…,2025-11-18,1.9,-1.7,720,5.3,1338,,,,,,,14.7,270,235,9,270,1453,4.6,3958,270,-7,37,1341,52.4,3.6,996.1,1029.4,859,1024.3,1442,1026.7,10.2,8.4,1200,2.2,12.65,,,,,,5.1,3.8,3.4,-2.8,,,,,,,,,,2.1,3,,,
135,√ﬂ«≥∑…,2025-11-19,3.5,-.3,2307,8,1407,,,,,,,9.5,270,1157,5.9,250,1200,2.6,2270,270,-5.4,37,1421,52.9,4.1,995.6,1027.9,909,1024.3,1418,1026,10.2,9.4,1200,2.15,12.86,,,,,,2.1,2.1,4.6,-3.3,,,,,,,,,,1.9,2.7,,,
135,√ﬂ«≥∑…,2025-11-20,7.7,1.3,415,12.8,1515,,,,,,,13.8,270,1517,7.4,270,1526,3.9,3363,270,.3,45,1519,60,6.3,994,1026.1,4,1021.3,1508,1023.8,10.1,4.8,1000,1.76,8.77,,,,,,4.1,3.9,6.1,-.8,,,,,,,,,,2.3,3.3,,,
135,√ﬂ«≥∑…,2025-11-21,6.3,2.8,2209,10.8,1443,,,,,,,12.4,270,50,7.3,270,1501,3.8,3259,270,-3.5,25,1405,51.4,4.8,995.4,1027.5,2225,1023.5,1448,1025.5,10.1,9.5,1200,2.17,13.03,,,,,,1.6,1.6,5.8,-1.8,,,,,,,,,,2.4,3.5,,,
135,√ﬂ«≥∑…,2025-11-22,6.4,-.2,625,13.5,1410,,,,,,,10.3,270,1449,6.2,250,1424,1.6,1370,270,0,37,1446,66.4,6.1,996,1028,746,1024,1515,1026.1,10.1,8,1200,2.06,11.67,,,,,,1.4,1.4,6.1,-3.6,,,,,,,,,,1.9,2.8,,,
135,√ﬂ«≥∑…,2025-11-23,6.5,-1.2,707,14.3,1427,,,,,,,8.8,290,1335,5.1,290,1348,1,829,270,1.2,43,1529,71.9,6.8,993,1025.7,639,1020,1511,1023,10.1,8.7,1200,2.04,11.65,,,,,,4.6,4,6.5,-3.8,,,,,,,,,,1.7,2.4,,,
135,√ﬂ«≥∑…,2025-11-24,9.7,3.9,800,17.7,1331,,,,,,,9.3,250,1412,6,270,1413,1.5,1331,270,3.5,32,1400,70,7.9,988.6,1021.7,7,1014.3,1539,1018.1,10,8.1,1200,1.89,11.06,,,,,,2.5,2.3,8.4,1.3,,,,,,,,,,2.2,3.1,,,
135,√ﬂ«≥∑…,2025-11-25,5.5,1.5,638,9.1,1335,,,,,,7.5,13.9,270,1534,8.4,270,1431,3.3,2814,270,1.4,55,1709,76.1,6.8,986.4,1022.4,2353,1013.3,1330,1016.3,10,2,1100,1.15,5.23,,,,,,7.3,7,5.8,-1.3,,,,,,,,,,1.4,2,,,
135,√ﬂ«≥∑…,2025-11-26,5.3,-.5,2338,11,1549,,,,,,,7.8,250,1044,5.1,250,1110,2.2,1890,270,-.3,47,1511,68.3,5.9,994.3,1027.1,927,1022.4,1,1024.5,10,9.1,1200,2.03,11.85,,,,,,.3,.3,5.9,-2.3,,,,,,,,,,1.4,2.1,,,
135,√ﬂ«≥∑…,2025-11-27,3.9,-1.5,208,9.5,1113,,,,,,2.3,16.8,270,2212,9.6,270,1149,3.6,3137,270,-.1,54,2351,76.3,6.1,986.6,1023.3,1,1011.9,1432,1016.7,10,1.7,1000,1.57,4.71,,,,,,6.4,4.4,4.2,-3,,,,,,,,,,1.5,2.1,,,
135,√ﬂ«≥∑…,2025-11-28,2.1,-3.6,2350,7,1430,,,,,,,14.1,270,2,7.8,270,1,3.4,2956,270,-7.4,25,1512,51.6,3.6,991,1023.2,2023,1018.3,2,1021.5,9.9,9.2,1200,2.08,12.34,,,,,,2,1.4,2.7,-5.9,,,,,,,,,,1.7,2.5,,,
135,√ﬂ«≥∑…,2025-11-29,1.8,-5.7,529,11.5,1450,,,,,,,4.5,180,1502,3.2,160,1501,.7,578,160,-5.5,30,1415,60.8,4.1,988.7,1022.6,1,1015.5,1450,1019.1,9.9,9.1,1200,1.96,11.65,,,,,,0,0,2.3,-7,,,,,,,,,,1.6,2.3,,,
135,√ﬂ«≥∑…,2025-11-30,8.9,0,400,17.6,1456,,,,,,,10.2,270,1359,6.2,270,1407,1.1,947,270,2.8,39,1350,69,7.5,986.6,1019,807,1013.4,1426,1016.1,9.9,9,1200,1.89,11.03,,,,,,0,0,5.2,-2.5,,,,,,,,,,2.4,3.4,,,
135,√ﬂ«≥∑…,2025-12-01,7.5,1.3,1941,12,116,,,,,,,11.8,270,526,7,270,1136,4,3490,270,-4.3,22,1606,45.4,4.8,989.3,1021.6,2248,1015.4,1,1019.1,9.9,8.9,1200,2.02,11.98,,,,,,1.3,0,5.1,-2.3,,,,,,,,,,2.8,4,,,
135,√ﬂ«≥∑…,2025-12-02,1.8,-2.6,2352,6.5,1323,,,,,,,11.4,270,1418,6.8,270,1515,4.1,3571,270,-9.5,28,1157,44.1,3,992.3,1025.1,2240,1021.1,1431,1022.8,9.9,8.3,1100,1.8,10.43,,,,,,4.8,3.3,1.7,-4,,,,,,,,,,2.2,3.1,,,
135,√ﬂ«≥∑…,2025-12-03,-4.3,-7.5,743,-.7,1323,,,,,,,16,270,1554,7.9,270,1243,4.2,3650,270,-14.1,31,1000,47.8,2.1,994.3,1028.1,2204,1022.5,1257,1025.5,9.9,8.9,1200,2.02,11.64,,,,,,2.8,2.3,-1,-8.4,,,,,,,,,,1.5,2.2,,,
135,√ﬂ«≥∑…,2025-12-04,-2.8,-7.5,633,1.7,1515,,,,,,.4,14,270,1326,8.2,270,1342,4,3462,270,-9.8,36,1519,59.3,3,995,1028.9,732,1022.7,2058,1026.1,9.8,9,1200,2,11.72,,,,,,2.6,2.4,-1.4,-8.7,,,,,,,,,,1.4,2.1,,,
135,√ﬂ«≥∑…,2025-12-05,-2,-5.2,750,1.9,1438,,,,,,,14.2,270,622,8.8,270,622,4.6,3970,270,-11.6,29,1520,49.3,2.6,996.7,1030.2,1003,1024.3,2,1027.8,9.8,9,1200,2.04,12.01,,,,,,0,0,-.3,-7.5,,,,,,,,,,1.6,2.3,,,
135,√ﬂ«≥∑…,2025-12-06,2.6,-8.2,707,10,1454,,,,,,,11.1,290,1444,6.1,270,1532,1.5,1323,270,-4.2,42,1219,62.3,4.7,991.7,1026.6,221,1018.8,1426,1022.1,9.8,6.8,1100,1.9,10.03,,,,,,1.1,.8,.7,-9.4,,,,,,,,,,1.8,2.6,,,
135,√ﬂ«≥∑…,2025-12-07,10.1,7.1,826,14.1,1501,,,,,,,12.9,270,2349,5.7,270,1309,3.8,3287,270,2.9,43,1455,62.1,7.6,990.5,1021.9,937,1018.6,1454,1020,9.8,8.1,1200,1.76,9.88,,,,,,2.9,2.5,6.2,4.9,,,,,,,,,,2.4,3.5,,,
135,√ﬂ«≥∑…,2025-12-08,3.8,-3.7,2355,10.1,1,,,,,,,13.6,290,104,6.9,270,136,3.3,2871,290,-12.3,14,1317,32.6,2.6,996.1,1029.8,2343,1019.9,1,1026.5,9.8,8.9,1200,2.02,11.78,,,,,,1.5,1,2.9,-7.5,,,,,,,,,,2.6,3.7,,,
135,√ﬂ«≥∑…,2025-12-09,.5,-4.6,340,6.7,1521,,,,,,,9.7,340,1230,5.6,250,1151,2.2,1928,270,-7.4,40,1347,56.1,3.5,997.7,1029.9,222,1026.1,1412,1028.5,9.8,9.1,1200,1.98,11.45,,,,,,.8,0,.7,-8.3,,,,,,,,,,1.5,2.1,,,
135,√ﬂ«≥∑…,2025-12-10,2.4,-4.7,503,10.6,1435,,,,,,,6.2,250,1424,4.3,160,1238,.8,651,180,-3.2,44,1419,68.4,4.9,995.2,1029.4,547,1022,2221,1025.7,9.8,7.2,1300,1.6,8.85,,,,,,7.1,5.9,2,-7,,,,,,,,,,1.3,1.9,,,
135,√ﬂ«≥∑…,2025-12-11,4.4,-2.5,2336,10.4,1519,,,,,,1.6,12.4,270,1344,7.4,290,2039,2.4,2105,290,-1.6,39,1637,66.8,5.8,991,1029.5,2359,1017.2,558,1021.2,9.7,3.1,1300,1.2,6.01,,,,,,4.3,4.3,4.1,-5,,,,,,,,,,1.2,1.8,,,
135,√ﬂ«≥∑…,2025-12-12,.9,-5.9,636,7.1,1400,,,,,,,8.2,70,1216,5.2,70,1216,2.4,2076,90,-4.7,48,1402,67,4.4,1000.3,1033.1,804,1029.1,132,1031.2,9.7,8,1200,1.89,10.52,,,,,,3.6,1.6,1.4,-7.2,,,,,,,,,,1.5,2.1,,,
135,√ﬂ«≥∑…,2025-12-13,1.9,-.7,722,6.1,1420,,,,,,4.8,12.8,270,2245,7.2,270,2304,2.4,2103,270,-1,65,1344,81.6,5.7,992.3,1031.5,4,1017.6,2239,1022.8,9.7,.2,1200,.72,3.61,,,,,,9.4,9.3,3,-2.5,,,,,,,,,,.7,1,,,
135,√ﬂ«≥∑…,2025-12-14,.1,-1,431,2,1457,,,,,,.1,14.9,290,1229,7.6,290,1402,4.5,3844,270,-4.3,63,1459,72,4.5,989.5,1023.8,2352,1017.5,526,1020.2,9.7,2.1,1200,1.14,5.92,,,,,,6.1,4.4,1,-2.3,,,,,,,,,,.9,1.3,,,
135,√ﬂ«≥∑…,2025-12-15,.6,-4.2,739,5.8,1258,,,,,,,10.5,270,1404,5.9,250,1406,1.8,1539,270,-4.2,53,1254,71,4.5,994.8,1027.6,928,1023.6,1,1025.5,9.7,6.4,1200,1.94,9.97,,,,,,2.1,1.6,.9,-5.7,,,,,,,,,,1,1.5,,,
135,√ﬂ«≥∑…,2025-12-16,2.1,-2.8,200,5,1436,,,,,,0,3.4,180,1304,2.2,180,1320,.4,381,180,-1.5,64,1448,77.5,5.5,992.8,1025.8,27,1021.4,2400,1023.3,9.7,0,1300,.61,2.33,,,,,,9.4,9.4,2.3,-5,,,,,,,,,,.5,.7,,,
135,√ﬂ«≥∑…,2025-12-17,4.3,-.6,2150,7.3,1417,,,,,,0,11.9,270,1017,7.8,270,1018,3.1,2672,270,-2.4,41,1640,63.4,5.3,993,1027.4,2310,1019.6,519,1023.2,9.7,7.8,1200,1.81,9.85,,,,,,3.6,3.5,3.4,-1.9,,,,,,,,,,1.7,2.4,,,
135,√ﬂ«≥∑…,2025-12-18,1.1,-4.7,648,9.2,1504,,,,,,,6.6,270,216,4.8,290,239,1.8,1579,250,-6.6,26,1443,60.3,3.7,996.2,1029.9,911,1024.6,1611,1026.9,9.7,9,1200,1.98,11.77,,,,,,.5,.5,1,-7.8,,,,,,,,,,1.6,2.3,,,
135,√ﬂ«≥∑…,2025-12-19,1.9,-6,534,10.7,1457,,,,,,,5.8,180,1122,4.7,180,1125,1.1,919,160,-4.7,38,1221,64.1,4.4,992.8,1026.4,226,1020.3,1457,1023.3,9.7,6.7,1100,1.95,10.51,,,,,,3.3,2,1.5,-7.7,,,,,,,,,,1.4,2,,,
135,√ﬂ«≥∑…,2025-12-20,6.3,-.9,338,12.6,1547,,,,,,.2,10.2,320,2345,5.8,290,2353,1.4,1202,290,1.9,58,1350,73.6,7.2,989.8,1022.3,2355,1016.3,1520,1019.7,9.7,.1,1300,.78,3.06,,,,,,6.8,5.3,4.6,-3.2,,,,,,,,,,1.2,1.7,,,
135,√ﬂ«≥∑…,2025-12-21,-.9,-5.1,2359,5.9,1,,,,,,,15.4,290,310,8.2,270,319,4.5,3868,270,-12.4,26,1352,42.4,2.4,997.4,1032,2355,1022.1,15,1028.4,9.7,5.5,1400,1.48,7.48,,,,,,4.1,1.8,.2,-9,,,,,,,,,,1.5,2.1,,,
135,√ﬂ«≥∑…,2025-12-22,-2.3,-10.2,746,6.1,1453,,,,,,,6.4,140,1306,3.8,160,1012,1.3,1147,50,-10.8,29,1228,54.1,2.7,1000.2,1034.2,813,1028.6,1459,1031.4,9.7,8.9,1200,1.92,11.35,,,,,,1.6,.4,-1.3,-11.5,,,,,,,,,,1.4,2,,,
135,√ﬂ«≥∑…,2025-12-23,0,-5.4,724,3.8,1459,,,,,,3,4.6,320,2330,3.3,160,1336,.9,796,50,-4.3,54,1323,74,4.6,993.3,1031.9,105,1019.4,2337,1024.1,9.7,.3,1100,.73,3.47,,,,,,7.1,6,.1,-8,,,,,,,,,,.6,.8,,,
135,√ﬂ«≥∑…,2025-12-24,2.1,.5,2349,3.2,554,,,,,,1.8,9.8,270,2141,6.6,270,2049,3.1,2718,270,-.2,75,1830,85,6.1,987.5,1019.4,1,1016.6,1350,1017.9,9.7,0,1200,.43,2.11,,,,,,9.8,9.5,2.4,-.5,,,,,,,,,,.7,1,,,
135,√ﬂ«≥∑…,2025-12-25,-2.3,-7.2,2400,1.2,1156,,,,,,,17.9,270,1345,8,270,355,4.7,4066,270,-10.5,34,1145,55.1,2.9,988.8,1023.2,2343,1016.9,1451,1019.7,9.7,6.5,1100,1.83,8.98,,,,,,4.9,4.3,-.4,-7.5,,,,,,,,,,1.5,2.1,,,
135,√ﬂ«≥∑…,2025-12-26,-7.5,-10.9,750,-4,1512,,,,,,0,15.7,250,1318,8.2,270,634,4.8,4107,270,-20.6,22,1434,35.4,1.2,995.2,1029.3,2231,1022.9,2,1026.9,9.7,8.9,1200,2,11.71,,,,,,1.3,.1,-4.2,-11.4,,,,,,,,,,1.5,2.1,,,
135,√ﬂ«≥∑…,2025-12-27,-2.6,-9.5,800,2.5,1255,,,,,,0,9.6,270,214,5.6,270,1135,1.3,1090,270,-8.9,34,10,63.3,3.4,995.4,1028.7,309,1024.1,1448,1026.5,9.7,4.4,1100,1.76,7.65,,,,,,8.4,7.8,-2.1,-10.9,,,,,,,,,,.7,1,,,
135,√ﬂ«≥∑…,2025-12-28,2,-2.5,701,7.9,1453,,,,,,0,9.6,270,1459,6.1,250,1449,.7,604,270,-2.2,50,1455,75.3,5.2,992.2,1025.7,925,1020.2,1449,1022.7,9.7,2.2,1400,1.61,6.63,,,,,,7.4,7.4,.9,-4.7,,,,,,,,,,.8,1.1,,,
135,√ﬂ«≥∑…,2025-12-29,2.9,-3.3,636,9.1,1321,,,,,,3.4,12.6,320,1455,7.1,270,1518,1.6,1415,270,-.1,63,1142,81,6.2,988.8,1021.3,2316,1016,1335,1019.1,9.7,2,1100,1.12,4.28,,,,,,3.5,2.9,1,-6.4,,,,,,,,,,1,1.4,,,
135,√ﬂ«≥∑…,2025-12-30,0,-4.1,2357,4.5,1411,,,,,,,10.2,270,359,6.6,270,408,3.5,2989,290,-10.1,24,1423,49,3,994,1026.7,1001,1021.2,38,1024.8,9.7,8.9,1200,1.98,11.55,,,,,,.6,.3,-.3,-6.1,,,,,,,,,,1.8,2.6,,,
135,√ﬂ«≥∑…,2025-12-31,-4.4,-7.1,2324,-1.6,1425,,,,,,,13.1,270,1253,9,270,1222,4.1,3534,270,-15.8,20,1348,42.8,1.9,995.6,1028.7,1017,1025.3,1508,1027,9.7,8.7,1200,2,11.65,,,,,,1.9,1.3,-2.6,-8.4,,,,,,,,,,1.9,2.7,,,
135,√ﬂ«≥∑…,2026-01-01,-7.1,-10.6,752,-3.3,1522,,,,,,,12.8,270,1233,7.5,270,1220,5,4303,270,-18.6,23,1525,41,1.4,994.4,1028.2,805,1024.3,2352,1026,9.8,8.1,1300,1.56,9.39,,,,,,3.5,2.6,-4.1,-11.4,,,,,,,,,,1.5,2.1,,,
135,√ﬂ«≥∑…,2026-01-02,-7.3,-11.2,721,-3.3,1500,,,,,,,14.2,270,2222,8.4,270,2255,5.3,4617,270,-16.2,30,1342,49.6,1.7,993.6,1027.1,1016,1023.3,1458,1025.2,9.8,9,1200,2,11.59,,,,,,1.5,1.5,-4.5,-12.4,,,,,,,,,,1.4,2,,,
135,√ﬂ«≥∑…,2026-01-03,-2.7,-8.4,451,1.6,1350,,,,,,,15,270,541,9.1,270,527,4.6,3973,270,-9.9,45,1210,58.1,3,996,1029.6,1018,1025.8,2356,1027.2,9.8,7.3,1200,1.96,10.9,,,,,,4.1,3.4,-2.5,-9.5,,,,,,,,,,1.5,2.1,,,
135,√ﬂ«≥∑…,2026-01-04,2.6,.6,1,5.6,1351,,,,,,,12.3,270,1352,7.3,270,1419,4.1,3557,270,-4.8,47,1544,58.1,4.3,992.9,1025.9,1,1021.4,2243,1023.3,9.8,5.6,1300,1.85,8.9,,,,,,8.4,7.9,.2,-.5,,,,,,,,,,1.7,2.4,,,
135,√ﬂ«≥∑…,2026-01-05,-.6,-3.6,2332,3.2,1455,,,,,,,14.6,290,1212,9.2,270,1417,5,4291,270,-11.2,22,1553,47.4,2.8,991.3,1025.2,2319,1019.2,1409,1022,9.8,8.2,1200,1.87,10.81,,,,,,3.3,1.5,-1.1,-6.1,,,,,,,,,,1.9,2.7,,,
135,√ﬂ«≥∑…,2026-01-06,-1.3,-7.4,757,3.9,1441,,,,,,,9.7,270,1448,6.3,270,1507,4.1,3555,270,-13.7,20,1620,40.8,2.2,992.5,1026.6,757,1021,2358,1023.4,9.8,8.6,1200,2.06,11.89,,,,,,3.3,2.5,-1.6,-8.7,,,,,,,,,,2.2,3.1,,,
135,√ﬂ«≥∑…,2026-01-07,1.2,-3.6,2353,5,1327,,,,,,0,16.2,270,1328,8.8,270,1159,4.7,4055,270,-7.9,24,1440,52.8,3.5,989.7,1023.9,2338,1017.7,1328,1020.2,9.8,6.1,1300,1.86,8.65,,,,,,2,2,-.2,-4.9,,,,,,,,,,2,2.8,,,
135,√ﬂ«≥∑…,2026-01-08,-4.5,-7.5,728,-.9,1459,,,,,,,16.3,270,145,8.9,290,154,4.9,4231,270,-17.9,20,1545,35.6,1.5,995.3,1028.2,2109,1023.8,7,1026.7,9.8,9,1200,2.09,12.26,,,,,,0,0,-2.5,-9.7,,,,,,,,,,1.9,2.6,,,
135,√ﬂ«≥∑…,2026-01-09,-1,-9.4,527,5.7,1449,,,,,,,11.7,270,1352,6.7,270,1353,2.2,1920,270,-8.5,37,13,57.5,3.3,991.1,1027.8,1,1016.5,2359,1021.9,9.9,8.3,1200,2.13,11.5,,,,,,2.6,2.3,-1.1,-12.7,,,,,,,,,,1.6,2.3,,,
135,√ﬂ«≥∑…,2026-01-10,1.5,-5.2,255,7.5,909,,,,,,1.4,21.7,340,1415,11.8,270,1511,5.9,5084,270,-6.2,33,1135,59,4,982.5,1018.8,2354,1008,837,1012.7,9.9,2.3,1100,1.45,5.36,,,,,,7.9,7.8,-.3,-8.5,,,,,,,,,,2.1,3,,,
135,√ﬂ«≥∑…,2026-01-11,-6.1,-8.2,2340,-3.3,1,,,,,,,15.6,270,1330,9.3,270,1302,5.1,4393,270,-16.6,24,1147,44.3,1.7,992.7,1027,2242,1018.7,1,1024.1,9.9,8.9,1200,2.04,11.63,,,,,,1.6,1.3,-1,-10.4,,,,,,,,,,1.4,2,,,
135,√ﬂ«≥∑…,2026-01-12,-3.7,-11,221,2.2,1325,,,,,,0,13.6,270,1243,9.2,270,1246,1.8,1548,270,-9.3,49,1210,65.3,3.1,988.5,1026.5,1,1011.4,2355,1019.6,9.9,4.6,1200,2.31,9.3,,,,,,4.3,3.5,-1.7,-13.5,,,,,,,,,,1.2,1.8,,,
135,√ﬂ«≥∑…,2026-01-13,-.1,-5.4,2352,4.5,240,,,,,,.4,16.8,250,1243,9.5,270,1526,5.1,4372,270,-9.4,33,1454,50.5,3.2,986.4,1023.3,2341,1010.1,141,1016.9,9.9,8.4,1300,1.89,11.53,,,,,,1.8,1.8,-.8,-7.3,,,,,,,,,,1.8,2.6,,,
135,√ﬂ«≥∑…,2026-01-14,-1.5,-9.7,752,5.8,1516,,,,,,,8.4,290,300,5.2,320,309,2,1714,290,-13.8,17,1124,41.8,2.2,992.1,1026.3,1008,1019.5,2339,1023,9.9,8.2,1200,1.94,11,,,,,,3.4,2.9,-1.7,-12,,,,,,,,,,1.6,2.2,,,
135,√ﬂ«≥∑…,2026-01-15,6,-1.2,816,14.6,1357,,,,,,,13.2,270,1234,7.5,270,1300,2.7,2366,290,-2.6,40,228,54.9,5.4,985.5,1019.5,1,1010.9,1350,1015.3,10,7.6,1200,1.84,9.92,,,,,,3,2.5,1.7,-2.6,,,,,,,,,,2,2.9,,,
135,√ﬂ«≥∑…,2026-01-16,2.6,-4.2,752,12.1,1513,,,,,,,8.2,290,1342,4.8,270,1338,1.2,1079,270,-4.4,30,1323,63.5,4.4,988.6,1021,913,1016.5,1714,1018.9,10,9.1,1200,2.06,12.18,,,,,,0,0,1.7,-8.7,,,,,,,,,,1.9,2.7,,,
135,√ﬂ«≥∑…,2026-01-17,2.3,-4.2,2358,8.5,1522,,,,,,,10.1,290,552,6.3,270,447,2.4,2065,250,-7.3,19,1526,53.1,3.7,990.3,1022.5,1043,1019,440,1020.7,10,8,1200,2.06,11.81,,,,,,3.4,2.9,1.7,-8,,,,,,,,,,1.7,2.4,,,
135,√ﬂ«≥∑…,2026-01-18,1.3,-7,640,9.8,1404,,,,,,,5.2,180,1030,3.8,160,1035,1.2,1013,50,-5.8,39,1405,61,4.1,990.9,1024.2,628,1018,1527,1021.4,10,8.1,1200,1.81,10.35,,,,,,3,1.9,.8,-9.5,,,,,,,,,,1.7,2.4,,,
135,√ﬂ«≥∑…,2026-01-19,-1.5,-7.5,2351,4.1,12,,,,,,.2,15,320,1758,8.1,290,1758,4.4,3844,270,-9.3,31,1841,56.3,3.2,992.1,1026.6,2338,1020.1,1451,1022.9,10.1,1.7,1400,1.07,4.36,,,,,,9.4,4.8,.6,-8.7,,,,,,,,,,1.2,1.7,,,
135,√ﬂ«≥∑…,2026-01-20,-6.7,-10.4,734,-1.7,1529,,,,,,,10.8,250,244,7,250,1245,5.1,4389,270,-18.4,26,1519,40.4,1.5,995.5,1029.2,1021,1024.7,1440,1027.2,10.1,9.1,1300,2.03,12.06,,,,,,4.5,2.9,-2.7,-11.2,,,,,,,,,,1.6,2.3,,,
135,√ﬂ«≥∑…,2026-01-21,-8.3,-10.2,702,-4.4,1450,,,,,,,15.3,270,1350,9,270,1224,5.7,4895,270,-16.4,29,1613,53.8,1.8,995.3,1028.8,2224,1024.8,1429,1027.1,10.1,8,1200,2.23,12.36,,,,,,3.3,3.3,-3.2,-10.9,,,,,,,,,,1.3,1.8,,,
135,√ﬂ«≥∑…,2026-01-22,-8.3,-12.7,726,-4,1521,,,,,,,19.9,270,1311,8.4,270,1333,5.1,4384,270,-16.7,31,1234,51.9,1.7,996.2,1029.9,930,1025.9,1525,1028,10.1,9.3,1200,2.25,13.64,,,,,,0,0,-4.1,-13.7,,,,,,,,,,1.4,2,,,
135,√ﬂ«≥∑…,2026-01-23,-4.1,-8.1,747,-.5,1346,,,,,,.1,12.1,250,1020,7.2,270,1021,4.3,3706,270,-11.4,38,1155,58.4,2.6,994.9,1028.7,1031,1023.3,2400,1026.2,10.2,5.9,1200,2.06,10.28,,,,,,2.6,2.6,-2.9,-9.7,,,,,,,,,,1.3,1.8,,,
135,√ﬂ«≥∑…,2026-01-24,-3.8,-6.6,745,-1.3,246,,,,,,.6,15.5,320,554,8.9,270,1305,5,4335,270,-13.4,26,1330,48.8,2.3,994.4,1028.1,2250,1021.8,236,1025.6,10.2,9.4,1200,2.23,13.55,,,,,,3.3,3.3,-1.8,-11.2,,,,,,,,,,1.9,2.8,,,
135,√ﬂ«≥∑…,2026-01-25,-4.4,-7.9,625,.3,1510,,,,,,0,13.9,270,1310,8,270,709,4.8,4183,270,-17.4,22,1443,36.6,1.6,998.4,1031.3,2152,1027.8,34,1029.8,10.2,9.4,1200,2.25,13.68,,,,,,1.8,0,-2.6,-9.4,,,,,,,,,,1.8,2.6,,,
135,√ﬂ«≥∑…,2026-01-26,-5.1,-13.5,716,.4,1548,,,,,,,10.3,250,2319,5.9,270,2326,2.2,1875,270,-13.9,28,1544,52.5,2.1,995.3,1031.1,712,1023.2,1610,1026.7,10.2,5,1100,1.97,9.01,,,,,,9.1,3.5,-3,-16.2,,,,,,,,,,1.4,2,,,
135,√ﬂ«≥∑…,2026-01-27,-2.9,-5.5,2357,1,1526,,,,,,,16.3,270,1145,9.5,270,1325,5.5,4768,270,-13.9,22,1515,45.1,2.2,994.2,1028.1,2342,1023.3,1535,1025.3,10.3,9.6,1200,2.27,13.67,,,,,,3.4,3.1,-1.4,-7.7,,,,,,,,,,2.2,3.2,,,
135,√ﬂ«≥∑…,2026-01-28,-4.8,-8.7,752,-.1,1458,,,,,,,12.6,270,1305,8.5,270,1323,5.4,4670,270,-18.4,19,1503,35.3,1.5,997.5,1030.6,2345,1026.9,1458,1029,10.3,9.6,1200,2.3,14.03,,,,,,1.5,.5,-2.3,-10.2,,,,,,,,,,2.3,3.2,,,
135,√ﬂ«≥∑…,2026-01-29,-3.5,-6.5,237,.8,1530,,,,,,,16.1,270,1358,9.4,270,1521,4.6,3973,270,-15.3,24,1758,41.4,1.9,998.5,1031.5,904,1027.5,1515,1029.8,10.3,8.7,1300,2.18,13.1,,,,,,1.8,1.3,-1.8,-8.7,,,,,,,,,,2.1,3,,,
135,√ﬂ«≥∑…,2026-01-30,-5.4,-9.4,759,-.8,1523,,,,,,,14.5,270,305,8.5,270,237,4.9,4227,270,-18.4,24,1626,35.9,1.5,998.6,1032.8,759,1027.8,1505,1030.2,10.4,9.4,1200,1.94,12.47,,,,,,3.6,0,-2.8,-11,,,,,,,,,,1.8,2.5,,,
135,√ﬂ«≥∑…,2026-01-31,-4.1,-9.8,641,1,1512,,,,,,,12.3,320,1548,7.6,250,1322,4.3,3723,290,-15.7,19,1342,42.3,1.8,996.8,1030.2,58,1025.8,1612,1028.2,10.4,9.4,1200,2.25,13.89,,,,,,2.4,2.1,-2.3,-12.9,,,,,,,,,,2,2.9,,,
135,√ﬂ«≥∑…,2026-02-01,-2.5,-7.1,2357,1.8,1511,,,,,,.1,13.7,270,1319,7.5,270,1408,3.4,2915,270,-11.9,26,1400,51.4,2.5,995.2,1027.9,957,1024.2,1530,1026.3,10.4,7.9,1200,2.31,13.25,,,,,,3.3,3.3,-.4,-12.6,,,,,,,,,,1.6,2.3,,,
135,√ﬂ«≥∑…,2026-02-02,-3.9,-8.9,234,-.9,1420,,,,,,1.7,13.2,270,1252,8.7,250,1252,3,2630,270,-10.9,37,1858,59.4,2.7,996,1031.3,2341,1024.2,507,1027.3,10.4,5.4,1200,2.1,9.94,,,,,,4.1,4.1,-2.1,-12.9,,,,,,,,,,1.4,2,,,
135,√ﬂ«≥∑…,2026-02-03,-.7,-5.5,704,4.5,1553,,,,,,,12.2,270,1203,7.6,270,541,4.5,3909,270,-8.4,38,1439,56.6,3.3,998,1032.6,741,1026.2,2239,1029,10.5,9.6,1200,2.38,14.78,,,,,,1,.6,-1,-7.5,,,,,,,,,,1.8,2.6,,,
135,√ﬂ«≥∑…,2026-02-04,1,-3.8,2352,7,1503,,,,,,,11,270,1415,5.7,250,1410,2.1,1832,270,-4.9,46,1426,66.3,4.3,992.6,1026.6,230,1020.4,1547,1023.2,10.5,4.7,1300,2.21,10.77,,,,,,6.1,4.1,.7,-8.7,,,,,,,,,,1.3,1.8,,,
135,√ﬂ«≥∑…,2026-02-05,4.1,-4.3,147,11.4,1441,,,,,,,11.6,270,2226,6.9,270,1640,2.7,2295,270,-2.1,40,1627,65.4,5.3,988.2,1021.3,136,1014.7,1458,1018.3,10.5,6.9,1200,1.96,12,,,,,,4.6,3.3,1.7,-9,,,,,,,,,,2.2,3.1,,,
135,√ﬂ«≥∑…,2026-02-06,-2.7,-6.7,2358,2.5,2,,,,,,,14.2,320,341,9,290,417,4.8,4171,270,-16.4,13,1635,37.3,1.9,991.9,1025.3,854,1019.1,1,1022.9,10.6,7.9,1200,2.42,13.67,,,,,,6.8,3.9,-.2,-7.2,,,,,,,,,,2.2,3.2,,,
135,√ﬂ«≥∑…,2026-02-07,-6.8,-9.2,2347,-2.5,1517,,,,,,,15.7,250,1255,9,270,1140,4.4,3806,270,-18.3,21,1504,41.6,1.5,992.4,1025.2,2348,1021.9,1445,1024,10.6,9.4,1200,2.51,15.44,,,,,,3.1,2.4,-1.8,-10.7,,,,,,,,,,1.9,2.7,,,
135,√ﬂ«≥∑…,2026-02-08,-8.3,-12,718,-3.8,1602,,,,,,.1,13.9,270,1202,8.4,270,1203,5,4354,270,-17.8,29,1526,48,1.5,996.5,1031.3,2318,1025.1,1,1028.4,10.6,8,1200,2.46,14.14,,,,,,2.9,2.6,-3.2,-13,,,,,,,,,,1.5,2.1,,,
135,√ﬂ«≥∑…,2026-02-09,-2.4,-7.7,1,4.2,1534,,,,,,,14.7,270,100,9.8,270,119,3.4,2969,270,-11.5,31,1439,51.3,2.6,997.1,1031.2,1,1024.9,1628,1028.3,10.7,9.7,1200,2.51,15.89,,,,,,3.5,.9,-1,-9.7,,,,,,,,,,1.6,2.3,,,
135,√ﬂ«≥∑…,2026-02-10,.5,-5.8,242,5.3,1418,,,,,,0,7.1,270,1336,4.6,250,1338,1.1,956,250,-5,47,1140,67.8,4.3,991,1026.8,3,1018.4,1702,1021.6,10.7,1.4,1300,1.61,7.5,,,,,,9.4,8,.1,-9.2,,,,,,,,,,1,1.5,,,
135,√ﬂ«≥∑…,2026-02-11,2.5,0,2355,5.7,1420,,,,,,0,14.4,270,1434,7.3,270,1441,3.9,3376,270,-2.4,50,1645,70.3,5.1,990.7,1022.8,2251,1019.5,427,1021.1,10.8,1.9,1200,1.19,6.34,,,,,,3.9,3.9,1.3,-2.4,,,,,,,,,,1.2,1.8,,,
135,√ﬂ«≥∑…,2026-02-12,1.9,-2.6,146,8.1,1549,,,,,,,11.4,250,1444,6.5,270,1522,3.1,2708,270,-7.5,28,1535,52.5,3.5,992.2,1025.1,941,1020.6,1612,1022.7,10.8,9.9,1200,2.48,15.47,,,,,,0,0,1.2,-7.2,,,,,,,,,,2.2,3.2,,,
135,√ﬂ«≥∑…,2026-02-13,3,-5.8,752,12.1,1511,,,,,,,10,270,1703,5.6,270,1640,1.3,1138,250,-6.3,25,1333,54.5,3.9,990,1022.9,817,1017.4,1702,1020.3,10.8,9.7,1200,2.39,14.69,,,,,,1,0,2.3,-9.7,,,,,,,,,,2.4,3.4,,,
135,√ﬂ«≥∑…,2026-02-14,4.5,-3.1,714,12.6,1504,,,,,,,10.2,270,1445,5.6,270,1536,1.2,1017,270,-.8,49,1506,70.5,5.8,987.5,1020.8,25,1014.3,1603,1017.6,10.9,5.1,1400,1.41,9.81,,,,,,4.5,3.8,2.9,-6.3,,,,,,,,,,1.5,2.2,,,
135,√ﬂ«≥∑…,2026-02-15,6.3,1.5,122,10.2,1419,,,,,,,11.7,270,1611,7.4,270,1510,3.2,2751,270,-1.5,25,2212,60.8,5.9,989.4,1022.4,2257,1017.2,40,1019.3,10.9,4.6,1400,1.91,9.98,,,,,,5.1,3.6,4.9,-3.9,,,,,,,,,,2.4,3.4,,,
135,√ﬂ«≥∑…,2026-02-16,1.2,-3.1,2343,7.1,1604,,,,,,,10.1,290,558,7.4,290,226,3.7,3225,270,-9.8,23,1620,45,2.9,993,1025.5,2352,1021.3,1459,1023.6,10.9,8.9,1300,2.32,14.48,,,,,,7.1,3.5,2.9,-7.1,,,,,,,,,,2.1,3,,,
135,√ﬂ«≥∑…,2026-02-17,1.2,-6.2,732,8.2,1501,,,,,,,11.5,270,2001,7.1,270,1418,3.1,2648,270,-10.4,15,1505,46.9,2.8,992,1025.7,225,1019.2,1638,1022.6,11,10.2,1200,2.69,17.52,,,,,,0,0,2.6,-10.2,,,,,,,,,,3.2,4.6,,,
135,√ﬂ«≥∑…,2026-02-18,2.6,-2.8,2319,9.3,1403,,,,,,,16.6,270,1452,9.2,270,1448,3.5,2998,270,-9.5,18,1622,44.6,3.1,991.1,1025.2,2255,1018.5,1445,1021.5,11,9.2,1200,2.57,15.56,,,,,,0,0,2.8,-6.8,,,,,,,,,,2.7,3.8,,,
135,√ﬂ«≥∑…,2026-02-19,.9,-7,740,8.6,1538,,,,,,,10.1,270,1130,5.5,290,1327,2,1741,270,-12.4,14,1706,40.9,2.4,993.3,1026.8,831,1020.8,1648,1023.9,11,10.2,1200,2.77,18.15,,,,,,.9,.8,2.6,-10.7,,,,,,,,,,2.8,4,,,
135,√ﬂ«≥∑…,2026-02-20,4.3,-4.8,751,13.8,1515,,,,,,,11,270,1317,5.3,270,1325,1.4,1233,270,-9.5,16,1535,39,3,988.4,1022.9,44,1014.5,1643,1018.5,11.1,10.3,1200,2.66,17.03,,,,,,.8,.8,3.9,-8.9,,,,,,,,,,3,4.4,,,
135,√ﬂ«≥∑…,2026-02-21,6.7,-4.4,548,18.2,1522,,,,,,,9.1,270,1448,5.7,270,1456,1.1,937,270,-4.5,22,1557,49.1,4.4,983.4,1017.5,10,1008.4,1752,1013,11.1,10.2,1200,2.58,16.73,,,,,,0,0,5.4,-8.1,,,,,,,,,,3.1,4.5,,,
135,√ﬂ«≥∑…,2026-02-22,6.3,-.5,648,17.2,1053,,,,,,,18.7,270,2017,11.1,270,1938,4.4,3801,270,-4.8,17,1627,48.6,4.9,981.6,1021.2,2358,1004.7,1241,1011.3,11.1,5.7,1000,1.89,9.52,,,,,,.8,.8,4.8,-4.3,,,,,,,,,,3.6,5.1,,,
135,√ﬂ«≥∑…,2026-02-23,2.5,-1.3,643,7.8,1419,,,,,,,13,250,1027,8.2,270,1314,3.7,3178,270,-14.6,17,1230,28.4,2,994.1,1027,2236,1021.1,1,1024.6,11.2,6.8,1200,2.69,14.89,,,,,,4,1.5,2.2,-4,,,,,,,,,,2.8,4,,,
135,√ﬂ«≥∑…,2026-02-24,.1,-1.1,1301,2.9,1127,,,,,,7.5,7.4,20,1211,4.3,50,1211,1.2,1013,160,-6.4,25,12,66.1,4,994.4,1026.5,146,1024.3,1735,1025.2,11.2,0,1300,.21,1.19,,,,,,9.6,9.6,1,-1.8,,,,,,,,,,.4,.6,,,
135,√ﬂ«≥∑…,2026-02-25,4.2,-.5,109,10,1632,,,,,,,9.4,70,1954,6,70,1958,3,2565,140,-.6,53,1508,72.5,5.9,993.6,1025.4,2212,1021.8,1701,1023.9,11.3,7.6,1300,2.91,17.07,,,,,,4.8,4.4,5.3,-2,,,,,,,,,,2.1,3,,,
135,√ﬂ«≥∑…,2026-02-26,5.5,-.4,141,8.6,1352,,,,,,,6.2,50,1144,4.3,70,1440,1.9,1679,90,.3,59,1409,70,6.3,990.5,1024.9,3,1017.5,1741,1020.5,11.3,0,1100,1,5.65,,,,,,9.6,9.6,4.9,-2.6,,,,,,,,,,1.2,1.7,,,
135,√ﬂ«≥∑…,2026-02-27,6,2.6,2400,8.6,1405,,,,,,,6.2,70,1133,4.4,70,1141,1.7,1427,90,1.7,64,1233,74.5,6.9,986.9,1018.8,30,1014.7,1626,1016.7,11.3,0,1200,.85,4.38,,,,,,8.4,8.4,5.9,-2.1,,,,,,,,,,.6,.8,,,
135,√ﬂ«≥∑…,2026-02-28,5.3,-2.8,630,12.3,1552,,,,,,,8.8,140,1822,5.8,140,1805,2.3,3229,90,-.4,41,1513,69.6,6,992.7,1026.5,2222,1018.8,1,1022.8,11.4,10.5,1200,2.73,18.38,,,,,,2.5,2.3,5.7,-5.7,,,,,,,,,,3,4.2,,,
135,√ﬂ«≥∑…,2026-03-01,6.2,4.1,337,8.7,1523,,,,,,,11.1,140,2057,6.2,90,1051,4.2,3604,70,0,58,1327,64.6,6.1,994.9,1027,133,1023.4,1535,1025,11.4,.5,1000,.9,5.78,,,,,,9.1,8.4,6.1,3,,,,,,,,,,1.6,2.2,,,
135,√ﬂ«≥∑…,2026-03-02,4.1,2.4,2322,5.8,352,,,,,,24,12.2,90,1039,6.9,90,918,4.4,3790,90,1.2,64,351,81.6,6.7,991.4,1024.5,104,1018.8,1647,1021.6,11.4,0,1300,.53,2.25,,,,,,10,10,4.6,2.4,,,,,,,,,,.5,.7,,,
135,√ﬂ«≥∑…,2026-03-03,6.2,2.5,112,10.8,1626,,,,,,1.4,7.1,110,1042,5,110,1043,1.2,1054,50,.8,50,1629,70.4,6.5,991.6,1024.9,2357,1019.3,304,1021.6,11.5,2.9,1000,1.69,11.64,,,,,,8.9,8.9,7.8,2.5,,,,,,,,,,1.5,2.1,,,
135,√ﬂ«≥∑…,2026-03-04,4.3,-2,656,10.8,1520,,,,,,,9.8,270,1347,5.8,250,1238,2,1685,250,-2.6,36,1715,63.4,5.1,994.3,1026.1,2350,1022.2,1542,1024.5,11.5,10.4,1200,2.83,19.36,,,,,,.4,.4,6,-3.5,,,,,,,,,,2.4,3.4,,,
135,√ﬂ«≥∑…,2026-03-05,5.8,-3.1,659,13.4,1425,,,,,,3.7,8.6,290,2313,4.6,290,2322,1.4,1246,140,.5,45,1452,71.4,6.5,992.6,1026.8,831,1019.4,1753,1022.7,11.5,8.7,1200,2.7,17.17,,,,,,3.9,3.9,6.9,-4.5,,,,,,,,,,2.2,3.2,,,
135,√ﬂ«≥∑…,2026-03-06,1.3,-1,2353,6.1,1,,,,,,4.4,12.5,270,1739,7.6,270,200,4.2,3627,270,-3,58,2142,73.4,4.9,991.2,1024.4,2328,1019.8,125,1021.8,11.6,1.2,1000,1.01,5.48,,,,,,9.3,9.1,3.8,-1.7,,,,,,,,,,1.2,1.7,,,
135,√ﬂ«≥∑…,2026-03-07,.5,-2.8,2220,5.5,1519,,,,,,,12.8,270,1225,7.3,270,200,3.9,3359,270,-10.1,28,1712,46.9,2.9,996.1,1029.9,2358,1024.1,30,1026.9,11.6,9.4,1200,3,19.25,,,,,,2.1,2.1,2.9,-5.3,,,,,,,,,,2.5,3.5,,,
135,√ﬂ«≥∑…,2026-03-08,1.3,-7.9,648,9.1,1500,,,,,,,9.5,270,1532,5.7,270,1538,2,1734,230,-11.5,14,1153,42.8,2.6,997.1,1030.2,648,1024.6,1649,1027.8,11.7,8.8,1200,3.04,19.67,,,,,,3.1,1.8,3.4,-8.7,,,,,,,,,,2.8,4,,,
135,√ﬂ«≥∑…,2026-03-09,1.6,-2.6,521,6.1,1556,,,,,,.2,11.3,290,1507,6.1,270,115,3.1,2721,270,-6.2,34,1706,56.9,3.9,996.4,1028.8,2254,1024.5,1606,1027,11.7,3.7,1300,2.07,10.14,,,,,,4.8,4.6,2.5,-4.5,,,,,,,,,,1.4,1.9,,,
135,√ﬂ«≥∑…,2026-03-10,2.4,-5,704,10,1612,,,,,,,7.5,270,1306,4.3,250,1128,1.5,1311,250,-6.2,24,1604,56.1,3.9,996.1,1029.3,806,1023.4,1610,1026.6,11.7,10.7,1200,2.89,20.09,,,,,,2.1,.5,4.3,-7.2,,,,,,,,,,2.3,3.3,,,
135,√ﬂ«≥∑…,2026-03-11,4.4,-3,633,11.6,1506,,,,,,,7.2,270,1505,4.3,250,1509,1.9,1626,250,-6.8,18,1357,48.5,3.7,995,1027.6,826,1022.1,1539,1025.3,11.8,9.5,1200,2.82,18.54,,,,,,4.1,2.8,4.8,-5.5,,,,,,,,,,3.2,4.6,,,
135,√ﬂ«≥∑…,2026-03-12,5.1,-1.2,706,12.3,1449,,,,,,.2,10.3,50,2007,7.1,50,1538,2.1,1799,50,-2.9,30,1424,59.1,5,996.4,1030,2348,1023.4,1519,1026.6,11.8,6.4,1200,2.73,15.68,,,,,,4.1,3.4,6.8,-4.1,,,,,,,,,,2.4,3.4,,,
135,√ﬂ«≥∑…,2026-03-13,3.1,-3.5,633,10.2,1429,,,,,,,8.5,90,1431,5,110,1500,1.9,1649,90,-4.6,32,1457,60.6,4.4,999.9,1032,808,1028.2,1513,1030.5,11.9,8.6,1400,2.79,18.32,,,,,,1.8,1.8,5.9,-6.8,,,,,,,,,,2.5,3.5,,,
135,√ﬂ«≥∑…,2026-03-14,5.3,-4,527,12.9,1418,,,,,,,8.2,250,1342,5,250,1347,1.7,1426,250,-4.6,28,1459,52,4.3,998.3,1031.9,1,1025.6,1521,1028.6,11.9,7.8,1100,2.76,17.54,,,,,,5.4,3.8,6.2,-6.6,,,,,,,,,,3,4.2,,,
135,√ﬂ«≥∑…,2026-03-15,5.3,1,2221,8.1,1238,,,,,,0,8.1,270,1339,5.2,270,1313,2.4,2036,270,-1.6,45,249,61.8,5.5,995.5,1027.5,802,1023.8,1459,1025.7,11.9,.1,1200,1.57,6.55,,,,,,6.9,6.8,5.6,-2.5,,,,,,,,,,1.2,1.7,,,
135,√ﬂ«≥∑…,2026-03-16,6.8,-1.1,727,14.9,1503,,,,,,,8,160,1214,4.6,140,1142,1.5,1303,70,-1.2,33,1536,60,5.6,993,1026.5,109,1019.2,1716,1023,12,9.9,1300,2.92,19.85,,,,,,3.5,1,8.4,-3.6,,,,,,,,,,2.6,3.7,,,
135,√ﬂ«≥∑…,2026-03-17,7.9,-1.8,612,17.3,1604,,,,,,,6.4,270,1605,3.9,270,1636,.8,713,200,-2.5,20,1528,52.3,5.1,991.1,1024.3,731,1017.6,1628,1020.9,12,10.8,1200,2.89,20.42,,,,,,1.8,1.1,8.9,-5.1,,,,,,,,,,3.2,4.6,,,
135,√ﬂ«≥∑…,2026-03-18,5.7,3.5,533,7.9,1441,,,,,,6.8,10.1,270,2147,6.4,270,2153,1.7,1437,270,2.9,50,26,82.8,7.7,984.9,1019.7,1,1010.8,1523,1014.7,12.1,0,1300,.47,2.5,,,,,,8.5,8.5,7.2,2.2,,,,,,,,,,.8,1.1,,,
135,√ﬂ«≥∑…,2026-03-19,5.2,1,652,11.7,1551,,,,,,,11.6,250,1621,6.4,250,1535,3.8,3295,250,-5.9,22,1950,48.4,4.1,988,1020.7,2350,1015.7,1445,1018,12.1,10.9,1200,3.21,22.89,,,,,,1,.1,6.9,-2,,,,,,,,,,3.6,5.1,,,
135,√ﬂ«≥∑…,2026-03-20,6.3,-3.3,707,13.3,1404,,,,,,,13.2,270,1316,8,270,1436,3.2,2722,270,-5.4,23,1006,45.5,4.3,990.9,1024.3,2344,1018.4,1454,1020.8,12.1,10.9,1200,3.19,22.31,,,,,,2.1,2.1,6.5,-5.9,,,,,,,,,,4,5.7,,,
135,√ﬂ«≥∑…,2026-03-21,6.5,-2.8,700,16.5,1511,,,,,,,9.2,230,1322,5.1,270,1610,1.4,1235,290,-6.5,8,1406,48.6,3.9,993.5,1026.2,722,1020.3,1628,1023.5,12.2,11,1200,3.23,23.04,,,,,,.8,0,7.9,-7.9,,,,,,,,,,4.5,6.4,,,
135,√ﬂ«≥∑…,2026-03-22,9,1.1,526,18,1604,,,,,,,7.2,270,2043,4.6,270,2123,1.4,1248,270,-6.4,11,1622,37.3,3.8,989.7,1023.5,212,1015.6,1605,1019.3,12.2,6.1,1400,2.74,15.86,,,,,,5.1,4.9,9.1,-2.3,,,,,,,,,,3.9,5.5,,,
135,√ﬂ«≥∑…,2026-03-23,11.3,1.5,648,19.6,1457,,,,,,,9.3,90,2012,6.4,90,2013,2.7,2345,90,-7,13,1214,31.5,3.9,990,1022.3,2341,1016.3,1551,1019.3,12.2,11.2,1200,3.21,22.98,,,,,,1.4,.3,10.4,-1.2,,,,,,,,,,5.2,7.5,,,
135,√ﬂ«≥∑…,2026-03-24,10.5,1.5,617,17.4,1412,,,,,,,7.4,140,1329,4.4,90,1240,2,1691,160,.8,33,1649,54,6.5,988.6,1022.7,134,1014.3,1737,1018,12.3,8,1200,2.95,18.84,,,,,,6,5.3,11.1,-2.1,,,,,,,,,,3,4.3,,,
135,√ﬂ«≥∑…,2026-03-25,12.3,7.5,643,18.1,1609,,,,,,,9.2,250,1639,5.3,270,2108,2.5,2180,250,1.3,30,2223,48.8,6.8,984.7,1015.8,2348,1010.8,1538,1013.8,12.3,5,1400,2.31,13.73,,,,,,5.6,4.1,12,5.7,,,,,,,,,,3.5,5,,,
135,√ﬂ«≥∑…,2026-03-26,13.2,4.2,619,20.7,1511,,,,,,,11.4,270,1700,6.8,270,1712,3.1,2685,270,.5,20,1705,46.1,6.4,985.5,1017.3,635,1011.1,1457,1014.5,12.4,11.1,1200,3.12,22.5,,,,,,0,0,12.3,1.4,,,,,,,,,,4.9,7.1,,,
135,√ﬂ«≥∑…,2026-03-27,14,4.9,621,21.9,1444,,,,,,,10.8,270,1218,6.7,270,1108,3.5,3045,270,.1,20,1441,41.5,6.2,984.2,1016.2,644,1009.2,1524,1013.1,12.4,9.3,1200,2.88,19.85,,,,,,1.4,.6,12.7,1.7,,,,,,,,,,5.4,7.7,,,
135,√ﬂ«≥∑…,2026-03-28,12.3,5.5,556,20.4,1529,,,,,,,10,270,1322,6.7,270,1050,2.9,2506,270,-.5,17,1615,46.3,6,986,1017.1,2238,1012.5,1647,1015.1,12.4,11.2,1200,3.22,23.22,,,,,,1.5,.1,13,1.7,,,,,,,,,,4.8,6.8,,,
135,√ﬂ«≥∑…,2026-03-29,12.3,4.3,313,21.9,1549,,,,,,,6.3,270,1649,4.2,270,1731,1.4,1169,70,.6,17,1814,49.5,6.7,986.9,1018.2,715,1012.5,1544,1016,12.5,9.1,1300,2.7,19.57,,,,,,5.3,4.1,13.9,.3,,,,,,,,,,3.4,4.8,,,
135,√ﬂ«≥∑…,2026-03-30,10.9,5,335,17.5,1421,,,,,,10.9,11,50,2320,6.9,50,2321,1.8,1534,50,3.8,42,1026,64.3,8.3,984.1,1017.4,702,1007,2357,1013.3,12.5,1,1000,1.89,7.53,,,,,,9.3,6.5,11,1.9,,,,,,,,,,1.7,2.5,,,
135,√ﬂ«≥∑…,2026-03-31,12.3,9.3,6,16.1,1214,,,,,,15.2,11.4,50,19,7.9,50,27,1.7,1432,90,7.7,56,1131,74.6,10.5,980.9,1014.1,2257,1004.6,212,1009.9,12.6,1.8,1000,2.03,9.13,,,,,,8.6,8.5,12.3,9,,,,,,,,,,1.3,1.9,,,
135,√ﬂ«≥∑…,2026-04-01,11.4,9,640,15.3,1556,,.2,657,.3,648,.3,8.3,290,1634,4.9,270,1637,1.3,1154,270,6.4,49,2328,72.9,9.8,984,1015,803,1010,1623,1013.2,12.6,.6,1100,1.78,9.43,,,,,,9.1,7.3,12.7,8,,,,,,,,,,2.2,3.1,,,
135,√ﬂ«≥∑…,2026-04-02,11.4,4.3,640,17.7,1511,,,,,,,15.1,270,1104,8,270,1150,4.3,3679,270,-.3,27,1446,45.8,6,985.9,1017.9,2400,1012.3,1635,1015.1,12.6,11.5,1200,3.34,24.4,,,,,,.1,0,11.3,3.2,,,,,,,,,,4.8,6.9,,,
135,√ﬂ«≥∑…,2026-04-03,14.2,3.7,635,21.7,1453,,0,,0,,0,10.9,200,2113,6.5,200,2120,1.9,1676,160,2,21,1758,47.9,7.2,984.4,1018.3,108,1008.9,1719,1013.3,12.7,7.1,1100,2.88,18.42,,,,,,7.6,6.8,13.3,1.3,,,,,,,,,,4,5.7,,,
135,√ﬂ«≥∑…,2026-04-04,11.2,8.6,542,15.6,1341,,1.8,616,7.8,531,39.7,10.9,50,658,7.3,50,659,3.3,2821,270,8.1,59,1,82,10.9,973,1009.9,1,997.6,1337,1001.9,12.7,1.1,1500,1.63,8.81,,,,,,6.8,6.8,11.7,8.6,,,,,,,,,,1.8,2.5,,,
135,√ﬂ«≥∑…,2026-04-05,11.3,5.4,526,19.3,1619,,,,,,,10.5,270,27,5.5,270,34,1.7,1510,290,.6,18,1352,51.6,6.4,979.4,1010.3,734,1005.9,1544,1008.5,12.7,10.6,1200,3.43,24.79,,,,,,2.9,2.3,13.2,3.9,,,,,,,,,,4.1,5.9,,,
135,√ﬂ«≥∑…,2026-04-06,9.7,7,2349,11,225,,1.6,1036,5.5,730,10.3,11.6,290,727,5.8,270,1530,1.6,1414,270,4.6,45,2340,72.4,8.7,981.2,1013,2357,1008.2,1452,1010.5,12.8,.1,1500,.86,4.46,,,,,,6.6,5.9,10.9,4.5,,,,,,,,,,1.3,1.9,,,
135,√ﬂ«≥∑…,2026-04-07,7.1,1.6,527,12.3,1558,,,,,,,13.1,270,1422,7.5,250,1424,3.4,2980,270,-6.9,16,1612,38.3,3.7,986.6,1020.1,2356,1013,1,1016.3,12.8,11.7,1200,3.46,26.57,,,,,,0,0,8.8,-.5,,,,,,,,,,4.6,6.6,,,
135,√ﬂ«≥∑…,2026-04-08,9,-2.3,627,18.9,1520,,,,,,,8.4,270,1619,4.9,290,17,1.5,1291,50,-4.9,16,1501,41.8,4.3,988.8,1022.2,743,1014.8,1633,1018.4,12.9,11.8,1200,3.5,26.7,,,,,,1.9,0,10.9,-4.5,,,,,,,,,,4.7,6.7,,,
135,√ﬂ«≥∑…,2026-04-09,9.6,4.9,356,13.5,1949,,1.6,2327,2.4,1433,12.7,9,90,1554,5.7,70,1558,1.6,1362,50,6.1,43,1,79.9,10,977.5,1017.1,15,998.5,2314,1006.6,12.9,0,1100,.35,2.06,,,,,,9.8,9.5,9.7,3.2,,,,,,,,,,.7,1,,,
135,√ﬂ«≥∑…,2026-04-10,11.3,8.8,2214,14.6,344,,.5,39,1.2,37,2.9,15.4,270,1126,9.2,270,945,5.1,4420,270,8.4,76,1433,82.8,11.1,973.8,1008.9,2354,997.3,343,1002.6,12.9,0,1000,.77,4.4,,,,,,9.3,9.3,11.3,8.6,,,,,,,,,,1.6,2.3,,,
135,√ﬂ«≥∑…,2026-04-11,13.7,7.9,550,19.8,1306,,,,,,,15.1,290,203,8.9,270,323,4.9,4272,270,5.9,41,1605,60.9,9.3,982.6,1015.1,2350,1008.7,11,1011.5,13,11.2,1200,3.31,24.6,,,,,,4.6,1.1,13.5,7.6,,,,,,,,,,4.6,6.6,,,
135,√ﬂ«≥∑…,2026-04-12,14.8,5.3,649,22.6,1623,,,,,,,6.6,290,56,4.5,270,12,1.6,1346,160,3.6,25,1402,51.4,7.9,986.2,1017.3,711,1011.9,1652,1015,13,9.4,1100,3.22,21.04,,,,,,7,3,14,2.1,,,,,,,,,,4.3,6.2,,,
135,√ﬂ«≥∑…,2026-04-13,17.6,8.1,645,25.6,1534,,,,,,,10.3,90,1234,6.8,70,1242,3.3,2877,50,1.5,20,1202,36.3,6.8,986.4,1017.2,643,1011.5,1609,1014.9,13,11.6,1200,3.47,26.31,,,,,,1.8,.5,16.3,4.3,,,,,,,,,,6.8,9.7,,,
135,√ﬂ«≥∑…,2026-04-14,14.5,8.1,232,20.2,1255,,,,,,,8.9,70,1328,5.5,70,1337,2.2,1876,70,4.7,34,1302,53.5,8.6,984.7,1016.7,1,1010.6,1648,1013.5,13.1,1.5,1100,2.36,13.52,,,,,,7.5,6.4,14.5,6.4,,,,,,,,,,3,4.3,,,
135,√ﬂ«≥∑…,2026-04-15,16.6,6.8,444,25.9,1535,,,,,,,10.2,270,1429,6.7,250,1434,1.7,1468,270,4,18,1536,48.9,8.2,983.6,1017,2317,1008.1,1607,1012.2,13.1,10.5,1200,3.37,24.64,,,,,,2.6,.9,17.1,5.6,,,,,,,,,,5.7,8.2,,,
135,√ﬂ«≥∑…,2026-04-16,15.5,7.3,534,22.9,1548,,,,,,,11.2,70,1250,7,70,1251,2.9,2542,70,2.4,24,1536,44.5,7.4,989.6,1020.9,742,1016,1706,1018.4,13.1,12.2,1200,3.56,27.38,,,,,,2.9,2,17.4,4.9,,,,,,,,,,5.9,8.5,,,
135,√ﬂ«≥∑…,2026-04-17,10.8,8.6,551,13,1049,,.2,1554,.4,1554,.7,6.2,160,940,4.8,70,151,1.3,1083,50,5.9,43,3,73.4,9.5,987.2,1018.7,52,1015.2,1508,1016.6,13.2,0,900,1.16,5.34,,,,,,9.9,9.6,13.1,8.5,,,,,,,,,,.9,1.4,,,
135,√ﬂ«≥∑…,2026-04-18,14.7,8.5,449,24,1526,,,,,,,6.1,140,1307,4.6,160,1310,1,867,180,9.2,34,1629,73.6,11.7,986.3,1017.3,732,1012.3,1625,1015.2,13.2,7,1200,3.49,22.7,,,,,,5,3,18.2,9,,,,,,,,,,3.2,4.6,,,
135,√ﬂ«≥∑…,2026-04-19,18.1,10,430,25.9,1557,,,,,,,7.3,140,1806,5,140,1827,1,903,140,10.7,31,1527,65,12.9,984.2,1015.5,50,1009.5,1717,1012.6,13.3,7.3,1500,2.42,18.11,,,,,,5.9,5.6,18.4,9.1,,,,,,,,,,3.6,5.2,,,
135,√ﬂ«≥∑…,2026-04-20,12.9,5.5,2359,19.6,954,,.2,,.4,1556,.5,14.4,270,1753,7.5,270,2146,3.4,2961,270,8,50,858,73.1,11,983.1,1017.9,2349,1009.2,1517,1012,13.3,2.1,800,1.61,8.85,,,,,,5.4,4.4,14.5,4,,,,,,,,,,2.1,3,,,
135,√ﬂ«≥∑…,2026-04-21,13.2,1.1,553,21.2,1453,,,,,,,10.9,270,1450,7,290,36,3,2611,270,-3.1,13,1551,36.1,4.9,988.8,1021.7,723,1014.5,1546,1017.9,13.3,11.8,1200,3.6,27,,,,,,4.9,3.4,15.2,-1.8,,,,,,,,,,6,8.6,,,
135,√ﬂ«≥∑…,2026-04-22,13.1,8.7,2326,18.6,1639,,,,,,,8.1,20,1303,4.4,270,1118,1.6,1342,320,1.2,30,1141,46,6.7,985.1,1017.7,4,1010.7,1747,1014.1,13.4,,1400,1.75,11.77,,,,,,9,5.6,14.8,6,,,,,,,,,,2.7,3.9,,,
135,√ﬂ«≥∑…,2026-04-23,13.6,5.5,612,21.4,1421,,,,,,,11.4,50,1306,7.6,110,1353,3,2566,90,.1,24,2316,42,6.3,982.1,1015.5,2359,1008.2,1514,1011,13.4,,1300,3.05,22.53,,,,,,7.3,5,16.6,4.6,,,,,,,,,,5,7.1,,,
135,√ﬂ«≥∑…,2026-04-24,13.1,2.2,541,22.6,1531,,,,,,,7.5,90,1208,4.7,70,1142,1.9,1609,50,-2.3,16,1402,37.4,5.2,987.6,1019.9,2355,1014.3,1532,1016.7,13.4,,1200,3.67,29.1,,,,,,1.3,.9,17.6,-2.6,,,,,,,,,,5.8,8.3,,,
135,√ﬂ«≥∑…,2026-04-25,14.8,2.7,557,25.7,1539,,,,,,,7.6,140,1639,4.2,140,1644,1.6,1370,180,-1.3,11,1610,39.8,5.7,989.3,1021.8,556,1014.5,1718,1018.2,13.5,12.3,1200,3.63,28.44,,,,,,0,0,19.1,-.9,,,,,,,,,,6.6,9.4,,,
135,√ﬂ«≥∑…,2026-04-26,16.5,4.3,517,25.2,1519,,,,,,,8.1,270,1602,4.8,250,1330,1.9,1771,270,.9,19,1131,39.3,6.6,983.7,1016.9,1,1008.2,1721,1012.2,13.5,12.4,1200,3.58,27.8,,,,,,.8,.5,20,.5,,,,,,,,,,7.1,10.2,,,
135,√ﬂ«≥∑…,2026-04-27,17.3,8.8,542,25.4,1426,,0,,0,,0,10.2,270,1702,5.9,270,1708,3,2565,270,.3,17,1301,33.1,6.3,982.4,1013,730,1008.1,1446,1010.8,13.5,9,1000,3.26,23.35,,,,,,5.9,3.5,21,4.5,,,,,,,,,,6.2,8.8,,,
135,√ﬂ«≥∑…,2026-04-28,14.5,10.8,201,18.6,1515,,,,,,,13.5,250,1521,8.8,270,1419,3.9,3351,270,3.4,34,1507,48.4,7.9,984,1017.7,2332,1009.2,332,1012.8,13.6,8.7,1200,3.54,24.9,,,,,,7.8,5.5,19.8,8.3,,,,,,,,,,4.7,6.7,,,
135,√ﬂ«≥∑…,2026-04-29,12.5,6.6,516,17.6,1156,,,,,,,7.8,250,1319,4.6,250,1324,1.8,1559,250,4,40,1227,58.1,8.2,988.9,1020,833,1016.2,1533,1018,13.6,5.6,1100,3.41,20.63,,,,,,8.5,7.6,18.1,3.7,,,,,,,,,,3.2,4.6,,,
135,√ﬂ«≥∑…,2026-04-30,13.8,7.9,504,19.3,1226,,.2,,.2,,.2,8.3,270,2254,5.6,270,2303,1.2,1021,110,5.3,35,1257,58.6,8.9,985,1019,47,1010.2,1940,1013.9,13.6,2.3,900,2.11,14.03,,,,,,8.9,8.5,18,6.6,,,,,,,,,,2.7,3.8,,,
135,√ﬂ«≥∑…,2026-05-01,14.7,7.6,501,22.2,1524,,.4,10,1.2,459,3.8,16.9,270,1150,9.9,270,1158,5.6,4855,270,3.1,26,1445,49.5,7.7,980.3,1012.3,2210,1005.6,1454,1009,13.7,8.5,1200,3.5,23.2,,,,,,4.3,3.8,15.7,7,,,,,,,,,,7,9.9,,,
135,√ﬂ«≥∑…,2026-05-02,18.7,12.9,344,24.4,1439,,,,,,,11,290,125,7,270,134,3.5,3048,270,6.5,30,1531,46.3,9.9,982,1012.5,123,1007.8,1722,1010.3,13.7,4.4,1200,2.87,17.77,,,,,,8.6,8.4,18.8,11.9,,,,,,,,,,3.7,5.4,,,
135,√ﬂ«≥∑…,2026-05-03,11.9,10.3,2343,16.9,1,,.9,804,3.2,801,14.4,9.3,290,1835,5.3,270,1854,2.2,1931,270,10.1,66,1,89.6,12.4,974.2,1008.8,11,999.2,1554,1003,13.7,0,1400,.57,3.33,,,,,,10,9,14.8,10.4,,,,,,,,,,1.2,1.7,,,
135,√ﬂ«≥∑…,2026-05-04,12.3,7.3,2334,18.4,1436,,.7,3,1.4,,1.4,15.1,290,451,9,270,456,4.4,3819,270,1.6,21,1542,53.6,7.1,983.4,1019.2,2337,1004,4,1012.5,13.8,10.2,1100,3.41,26.54,,,,,,2.4,2.1,14.7,4.3,,,,,,,,,,5.1,7.2,,,
135,√ﬂ«≥∑…,2026-05-05,13.7,2.4,557,23,1529,,,,,,,7.7,290,1547,4.1,290,1551,1.1,994,290,1.2,20,1041,46.6,6.7,988.3,1020.4,632,1013.6,1630,1017.3,13.8,12.6,1200,3.69,29.95,,,,,,0,0,16.8,.1,,,,,,,,,,5.6,7.9,,,
135,√ﬂ«≥∑…,2026-05-06,15,3,547,24.6,1553,,,,,,,8.2,270,1559,4.5,270,1523,1.1,942,290,6.1,35,1224,59.1,9.5,986.9,1019,547,1012.2,1747,1015.7,13.8,12.7,1200,3.6,29.2,,,,,,.1,0,19,.8,,,,,,,,,,5.2,7.5,,,
135,√ﬂ«≥∑…,2026-05-07,16.3,7.5,556,24.6,1342,,0,,0,,0,11.1,270,1421,6.3,270,2156,2.2,1896,270,8.3,27,1245,62.6,11,982.6,1015.1,127,1007.9,1559,1011.2,13.9,10.2,1200,3.87,25.89,,,,,,7.6,5.1,20.9,5.5,,,,,,,,,,5.4,7.7,,,
135,√ﬂ«≥∑…,2026-05-08,14.4,8.5,2316,19.5,1352,,,,,,,19,270,1425,9.9,270,1416,4.5,3899,270,.5,18,1705,43.5,6.7,985.1,1019.2,2359,1010.4,126,1014,13.9,11.9,1100,3.52,29.87,,,,,,1.3,.9,19.8,4.3,,,,,,,,,,6.1,8.8,,,
135,√ﬂ«≥∑…,2026-05-09,13.8,3.8,547,22.1,1557,,,,,,,9.4,270,1332,5.4,250,1336,2,1764,250,2.2,26,1638,49.3,7.2,989.8,1021.3,653,1015.3,1629,1018.8,13.9,12.7,1200,3.73,29.98,,,,,,0,0,19.7,.6,,,,,,,,,,5.7,8.2,,,
135,√ﬂ«≥∑…,2026-05-10,16.9,5.7,516,26.2,1454,,,,,,,6.2,230,1841,3.5,140,1716,1.1,952,70,5.7,25,1709,52,9.2,988.1,1020.1,1,1013,1622,1016.8,14,12.4,1200,3.53,28.22,,,,,,.6,.6,22.4,2.4,,,,,,,,,,5.3,7.5,,,
135,√ﬂ«≥∑…,2026-05-11,17,7.4,356,25,1412,,1.2,2346,1.4,2300,1.4,8.4,270,1141,5,270,1126,1.5,1272,270,9,33,1440,62.5,11.7,985.6,1017.3,714,1011.1,1704,1014.2,14,7.9,1200,3.68,24.03,,,,,,5.6,4.3,21.9,4.2,,,,,,,,,,4,5.7,,,
135,√ﬂ«≥∑…,2026-05-12,16.3,12.1,2329,22.4,1415,,1.8,216,4.1,136,5.2,8.5,270,1500,5.5,290,1508,1.3,1094,270,13.3,57,1440,84,15.4,980.9,1013.2,1,1006.8,1444,1009.4,14,3.8,1100,2.79,14.06,,,,,,6.4,5.8,19.2,10.6,,,,,,,,,,2.5,3.6,,,
135,√ﬂ«≥∑…,2026-05-13,19.1,10.9,430,27.2,1600,,,,,,,7.3,270,936,5.2,270,800,1.5,1331,270,11.8,37,1603,66.6,13.9,980.7,1011,2346,1006.1,1546,1008.9,14,11.6,1200,3.69,28.22,,,,,,.1,.1,22.6,9,,,,,,,,,,4.9,7.1,,,
135,√ﬂ«≥∑…,2026-05-14,20,13,546,27.4,1440,,,,,,,10.8,70,1531,6.3,70,1253,2.3,2022,90,12.2,35,1337,64,14.2,986.8,1020.6,2352,1010.8,100,1015.1,14.1,12,1200,3.6,28.79,,,,,,1.1,1,25.2,11.6,,,,,,,,,,5.7,8.1,,,
135,√ﬂ«≥∑…,2026-05-15,19.4,10.1,540,27.8,1506,,,,,,,8.5,160,1247,4.9,70,1341,1.3,1159,160,10.7,30,1733,62,12.9,992.3,1023.4,627,1017.8,1706,1020.8,14.1,12.7,1200,3.65,29.79,,,,,,0,0,25.3,6.9,,,,,,,,,,5.8,8.3,,,
135,√ﬂ«≥∑…,2026-05-16,22.4,13.9,541,30.4,1437,,,,,,,7.8,270,926,5.5,270,934,2.1,1794,290,10.3,23,1347,50,12.6,992.1,1022.5,619,1017,1735,1020.3,14.1,12.8,1200,3.74,29.64,,,,,,0,0,26.8,10.8,,,,,,,,,,6.8,9.8,,,
135,√ﬂ«≥∑…,2026-05-17,21.8,12.6,604,30.1,1547,,,,,,,7.5,250,1418,4.8,270,942,1.6,1387,250,11,30,1558,52.8,13.1,990.1,1020.9,605,1015,1654,1018.3,14.1,12.9,1200,3.65,29.77,,,,,,.1,0,27.5,9.9,,,,,,,,,,5.5,7.9,,,
135,√ﬂ«≥∑…,2026-05-18,22.4,12,546,31.8,1533,,,,,,,6.7,250,1048,4.2,290,2244,1,869,250,11.5,24,1543,53.4,13.5,987.4,1018.3,58,1012.1,1618,1015.4,14.2,12.5,1200,3.63,29.37,,,,,,2.4,0,28.7,8.6,,,,,,,,,,5.7,8.2,,,
135,√ﬂ«≥∑…,2026-05-19,21.1,12.1,550,27.7,1437,,,,,,,6.2,70,2353,4.1,90,2400,.8,660,50,11.7,41,1158,56.9,13.8,985,1016,1,1010.5,1637,1013.1,14.2,7.6,1200,3.05,20.95,,,,,,8,5.1,26.3,10.6,,,,,,,,,,3.6,5.1,,,
135,√ﬂ«≥∑…,2026-05-20,14.4,13.8,2029,21,6,,2.7,1539,11.5,1512,82.4,9,90,1844,5.9,90,1828,3.8,3281,90,13.1,53,4,92.1,15.1,981.4,1013.7,228,1006,2338,1010.2,14.2,0,1200,.5,2.74,,,,,,10,9.4,17.6,14.3,,,,,,,,,,.7,1,,,
135,√ﬂ«≥∑…,2026-05-21,15.9,13.8,1,18.3,1300,,1.5,2,2.8,1,5.2,6.3,90,2020,3.8,90,104,1.5,1272,90,14.5,87,1252,92.1,16.6,977.8,1010.5,2349,1003.9,526,1006.3,14.2,0,1200,1.02,5.32,,,,,,9.6,9.6,17.7,14.5,,,,,,,,,,1.4,2,,,
135,√ﬂ«≥∑…,2026-05-22,17.8,12.6,449,23.5,1438,,,,,,,10.5,90,1421,5.8,70,1028,2.3,2009,90,12,40,1836,71.1,14,983.8,1013.5,2348,1010.2,1751,1012.2,14.3,10.7,1200,3.12,26.7,,,,,,6.4,3.9,21.9,12.1,,,,,,,,,,4.3,6.1,,,
135,√ﬂ«≥∑…,2026-05-23,15.8,11.6,509,21.8,1607,,0,,0,,0,7,70,1029,4.6,90,1022,1.2,1011,90,11.6,57,1433,77.5,13.7,983.9,1014.1,2205,1010.4,1524,1012.6,14.3,4.1,1400,2.6,16.22,,,,,,6,5.5,20.3,11.3,,,,,,,,,,2.4,3.5,,,
135,√ﬂ«≥∑…,2026-05-24,18.1,11.6,58,25.4,1456,,,,,,,6.2,160,1458,3.8,90,1612,.8,720,160,13.4,42,1615,76.6,15.4,985.3,1016.5,833,1011.3,1538,1013.8,14.3,9.1,1200,3.58,25.54,,,,,,5.8,3.4,22.3,10.5,,,,,,,,,,4.5,6.4,,,
135,√ﬂ«≥∑…,2026-05-25,21.5,13.6,531,28.4,1422,,,,,,,6.6,90,1023,4.2,70,1032,.8,665,70,16.8,56,1609,76.5,19.3,982.4,1013.7,36,1007.6,1703,1010.5,14.3,10.1,1000,3.23,25.07,,,,,,3.3,2.1,24,12.8,,,,,,,,,,3.5,5,,,
135,√ﬂ«≥∑…,2026-05-26,22.3,17.2,345,28.1,1222,,.2,,.2,,.2,9.4,160,1418,6.3,160,1628,1.8,1515,90,17.7,57,1223,76.4,20.3,979.1,1009.3,703,1005,1451,1006.9,14.4,1.7,1200,3.12,15.77,,,,,,8.9,7.1,24,16.8,,,,,,,,,,2.6,3.7,,,
135,√ﬂ«≥∑…,2026-05-27,19.5,18.2,708,20.9,1335,,.2,,.6,218,1.8,8.8,90,606,5.9,90,1220,2.4,2049,90,17.7,81,1,90,20.3,976.8,1006.7,23,1003.5,1511,1004.8,14.4,0,1200,1.39,7.32,,,,,,9.8,9.8,21.7,18.8,,,,,,,,,,1.3,1.9,,,
135,√ﬂ«≥∑…,2026-05-28,19.9,18,422,23.5,1734,,.3,552,1,529,3,9.8,270,1748,6.3,290,2353,2.7,2370,270,17.6,73,1755,87,20.2,975.9,1006.4,2309,1002.1,1658,1003.9,14.4,2.4,1500,1.54,9.71,,,,,,7.1,6.6,21.9,18,,,,,,,,,,2.2,3.2,,,
135,√ﬂ«≥∑…,2026-05-29,20.3,15.6,2400,24.7,1609,,,,,,,10.3,270,1543,6.7,270,311,3.4,2906,270,13.1,41,1846,64.9,15.2,980.1,1010,2308,1006.2,1,1008.2,14.4,11,1200,3.7,28.81,,,,,,2.1,1.3,23,14.1,,,,,,,,,,5.8,8.2,,,
135,√ﬂ«≥∑…,2026-05-30,21.1,12.1,459,28.7,1429,,,,,,,9.9,270,1304,5.5,270,1304,2.1,1853,270,10.7,28,1545,55.1,12.9,982.4,1012.8,2336,1008.5,1652,1010.4,14.4,13.1,1200,3.73,31.27,,,,,,.3,0,23.4,10.3,,,,,,,,,,6.8,9.7,,,
135,√ﬂ«≥∑…,2026-05-31,21.9,11.3,509,30.6,1506,,,,,,,6.8,270,1341,4.3,250,1401,1.4,1204,250,11,23,1416,54.6,13.2,984.9,1015,2356,1010.5,1717,1013,14.4,13.1,1200,3.71,31.07,,,,,,.3,0,25.1,10.3,,,,,,,,,,6.4,9.2,,,
135,√ﬂ«≥∑…,2026-06-01,21.8,13.3,522,29.4,1522,,,,,,,5.1,230,1500,3.1,180,1159,1,870,90,14.1,36,1159,64.5,16.3,985.2,1016,743,1010.3,1705,1013.3,14.5,7.9,1100,3.37,24.1,,,,,,8.6,4.6,26,12.9,,,,,,,,,,4.3,6.2,,,
135,√ﬂ«≥∑…,2026-06-02,20.2,16.1,2337,24.2,1414,,0,,0,,0,6.7,140,1436,3.8,90,1524,.8,657,90,16.6,67,1806,80.3,18.9,979,1012.4,10,1004.3,2356,1007.1,14.5,1.2,1300,1.69,9.31,,,,,,6.8,6.1,23.2,14.6,,,,,,,,,,2.2,3.1,,,
135,√ﬂ«≥∑…,2026-06-03,23,15,151,29.4,1335,,,,,,,7,270,912,5.2,270,917,1,850,110,17.1,45,1426,71.9,19.6,975.9,1004.4,557,1002.1,1718,1003.5,14.5,9.5,1100,3.25,24.29,,,,,,6,3.4,26,14.1,,,,,,,,,,4.1,5.9,,,
135,√ﬂ«≥∑…,2026-06-04,23,17.7,515,27.2,1524,,0,,0,,0,10.9,180,1417,6.8,160,1425,2.4,2036,270,17,50,1431,70.8,19.4,974.5,1004.7,30,999.1,1734,1002.1,14.5,8.6,1100,3.5,25.35,,,,,,4.5,2.9,27.8,17.1,,,,,,,,,,5.1,7.3,,,
135,√ﬂ«≥∑…,2026-06-05,20.2,13.2,2348,24.6,1501,,0,,0,,0,12.4,270,1555,7.5,270,1012,3.2,2743,270,10.6,25,1645,57.6,13.2,978.9,1012.4,2344,1002.3,1,1006.9,14.5,11.2,1200,3.57,29.27,,,,,,3.6,1,27.3,11.3,,,,,,,,,,5.6,8,,,
135,√ﬂ«≥∑…,2026-06-06,20,10.5,525,27.5,1631,,,,,,,8.9,160,1514,5.1,90,1836,1.8,1555,90,10.4,31,1504,56.6,12.6,984.5,1015.1,609,1010.7,1749,1012.7,14.5,13.2,1200,3.63,30.69,,,,,,1.9,0,27,9.1,,,,,,,,,,6.1,8.7,,,
135,√ﬂ«≥∑…,2026-06-07,19.4,13.3,531,24.5,1242,,0,,0,,0,7.1,70,943,4.9,110,1747,2.3,1991,90,14.2,60,812,72.5,16.4,980.9,1012.9,1,1006.7,1732,1009.1,14.5,4.1,1200,2.95,17.52,,,,,,6.9,5.8,25,12,,,,,,,,,,2.7,3.8,,,
135,√ﬂ«≥∑…,2026-06-08,18.8,16.2,2109,21.9,1554,,0,,0,,0,8.4,270,1433,4.2,270,1439,1.3,1123,270,13.9,56,1549,74.1,16,978.9,1008.3,2202,1005.6,1557,1007.1,14.6,,1400,1.88,10.88,,,,,,9.3,4.4,22.2,15.1,,,,,,,,,,2.5,3.5,,,
135,√ﬂ«≥∑…,2026-06-09,19.9,13.2,530,26.5,1517,,,,,,,7.4,270,1756,4,250,1518,2,1712,290,11.4,36,1703,61.3,13.5,979.6,1009.1,632,1005.3,1641,1007.7,14.6,10.5,1100,3.09,25.45,,,,,,6.1,2.8,25.3,12,,,,,,,,,,5,7.2,,,
135,√ﬂ«≥∑…,2026-06-10,19.5,13.1,236,26.2,1413,,,,,,,10.2,270,1213,6.2,290,1622,2.6,2257,270,9.5,30,1911,54.5,11.9,980.7,1011,2400,1006.9,1554,1008.8,14.6,11.8,1100,3.5,27.54,,,,,,1.9,.8,25.4,10.5,,,,,,,,,,5.8,8.3,,,
135,√ﬂ«≥∑…,2026-06-11,20,13.4,2,25.7,1343,,.2,,.2,,.2,10.6,290,1325,6.1,270,201,3.1,2701,270,11.4,34,1305,59.9,13.6,982.7,1013.4,2315,1008.9,1710,1010.9,14.6,10.2,1200,3.57,27.3,,,,,,1.9,1.5,26.9,11.4,,,,,,,,,,5.7,8.1,,,
135,√ﬂ«≥∑…,2026-06-12,20.1,14.3,544,27.2,1512,,,,,,,10.3,270,120,7,290,36,2.4,2091,270,11.8,35,1416,61.9,13.9,984.7,1014.8,616,1010.6,1631,1012.9,14.6,13.1,1200,3.75,30.76,,,,,,1.3,0,28.5,13.5,,,,,,,,,,5.4,7.7,,,
135,√ﬂ«≥∑…,2026-06-13,21.7,11.1,445,30.3,1546,,,,,,,6.6,90,1259,3.7,90,1440,.4,358,70,10.3,24,1226,54.5,12.6,983.2,1014.2,652,1007.8,1736,1011.2,14.6,13.3,1100,3.7,31.6,,,,,,1.4,.9,30.2,8.2,,,,,,,,,,5.6,8,,,
135,√ﬂ«≥∑…,2026-06-14,22.7,16.2,501,30.1,1508,,0,,0,,0,7.3,270,2036,5.3,290,2044,1,881,70,13.4,28,1504,59,15.4,982.6,1012.4,2308,1007.6,1701,1010.5,14.6,8.7,1200,3.5,23.85,,,,,,6.3,5.1,33.8,15.1,,,,,,,,,,5.2,7.4,,,
135,√ﬂ«≥∑…,2026-06-15,22.9,13.6,511,30,1450,,,,,,,9.1,140,1745,5.8,140,1751,1.1,,110,13.7,27,1451,59.6,15.8,984.9,1015,2330,1010.6,1617,1012.9,14.6,,1100,3.49,28.92,,,,,,1.6,.8,33.5,12.2,,,,,,,,,,5.1,7.3,,,
135,√ﬂ«≥∑…,2026-06-16,23.3,15.4,531,30.3,1647,,,,,,,8,140,1344,4.3,70,1200,2,1691,70,15,36,1653,61.9,17.1,985.6,1015.8,535,1010.8,1642,1013.5,14.6,12.9,1300,3.42,27.29,,,,,,3.4,.4,31.8,13.3,,,,,,,,,,5.5,7.8,,,
135,√ﬂ«≥∑…,2026-06-17,23.6,18.1,419,30.1,1539,,1,2111,2.3,1837,6.2,10.9,270,1823,6,290,1828,1.9,1600,50,17.8,46,1230,72.4,20.5,982.9,1013.3,21,1007.5,1730,1010.7,14.6,5.4,1100,3.4,21.26,,,,,,7.6,6.8,29.8,17.1,,,,,,,,,,4.1,5.8,,,
135,√ﬂ«≥∑…,2026-06-18,24.2,20.2,415,30.3,1517,,.5,122,1.3,227,3,5,90,1335,3,90,1337,.7,596,270,20.2,54,1501,80.1,23.6,980.6,1009.8,56,1005.9,1629,1008.2,14.6,5.3,1400,3.45,21.44,,,,,,7.3,5,29.3,21.8,,,,,,,,,,3.7,5.3,,,
135,√ﬂ«≥∑…,2026-06-19,23.6,19.3,522,28.2,1210,,2.3,2206,6.3,2209,14.5,10.7,140,2242,6.3,140,2247,2,1751,140,20.3,62,1359,83,23.9,979.4,1009.2,542,1004.5,2400,1007.1,14.6,2.2,1100,2.09,14.01,,,,,,7.9,6.9,27.3,19.5,,,,,,,,,,2.5,3.6,,,
135,√ﬂ«≥∑…,2026-06-20,21.7,19.3,2353,25.6,1434,,2.7,344,9.2,324,32.6,16.9,270,1424,9.7,270,1444,3.3,2886,270,19.5,72,1438,88.4,22.8,971.6,1004.5,1,995.8,1218,999.2,14.6,.8,1400,2.54,9.27,,,,,,9.5,8.9,23.8,20.1,,,,,,,,,,2.4,3.4,,,
135,√ﬂ«≥∑…,2026-06-21,22.1,18.7,432,25.7,1348,,.4,3,.9,1,.9,8.3,270,33,4.7,270,38,1.6,1346,270,17.5,58,1354,76.8,20,980.1,1010.2,2217,1004.1,1,1008,14.6,4.5,1000,2.25,17.26,,,,,,8.9,8.5,26.3,19.1,,,,,,,,,,2.7,3.8,,,
135,√ﬂ«≥∑…,2026-06-22,20.3,18.3,2036,23.3,1208,,,,,,,6.2,140,1658,4.1,140,1706,1.6,1405,140,17.2,70,1257,83,19.6,981.5,1011.6,2236,1008.2,1654,1009.6,14.6,.3,1200,1.24,8.85,,,,,,8.8,7.5,22.6,18.6,,,,,,,,,,1.8,2.6,,,
135,√ﬂ«≥∑…,2026-06-23,19.3,17.2,344,23.2,1639,,,,,,,8.9,90,1115,5.5,90,1009,3.2,2758,90,14.9,64,1640,76.1,16.9,982.8,1012.1,2250,1009.4,1635,1011.1,14.6,.5,1100,1.5,11.23,,,,,,8.8,8.8,21.5,17.8,,,,,,,,,,2.7,3.8,,,
135,√ﬂ«≥∑…,2026-06-24,19.8,17.3,334,23.2,1534,,,,,,,10.6,90,1022,5.9,90,1023,3.8,3300,90,14.5,58,1539,72.1,16.5,980.8,1011.8,1,1006.7,1643,1008.9,14.6,1.2,1000,1.93,14.01,,,,,,9.3,9,22.9,17.5,,,,,,,,,,2.9,4.1,,,
135,√ﬂ«≥∑…,2026-06-25,20.3,18.1,538,23.8,1408,,0,,0,,0,7.3,90,21,4.3,90,18,1.5,1321,90,16.6,69,1402,79.8,18.9,977.1,1007.8,2,1003.4,1450,1005.1,14.6,.5,1100,2.01,10.98,,,,,,7.8,7.3,22.2,18.2,,,,,,,,,,2.3,3.3,,,
135,√ﬂ«≥∑…,2026-06-26,21.9,16.5,447,27.3,1414,,,,,,,6.5,270,821,4,270,824,1.7,1436,250,15.9,46,1420,70.8,18,977.2,1006.2,2204,1003.4,1522,1005,14.6,9.5,1300,3.67,26.37,,,,,,3.8,1.3,27.3,16,,,,,,,,,,4.7,6.7,,,
135,√ﬂ«≥∑…,2026-06-27,22.1,14.6,527,29.1,1552,,,,,,,7.8,110,1410,4.5,50,1327,1.5,1321,50,14.5,40,1441,65.4,16.5,977.4,1007.5,2351,1003.3,1653,1005.2,14.6,12.4,1200,3.76,29.84,,,,,,4,.1,29,15.1,,,,,,,,,,5.7,8.1,,,
135,√ﬂ«≥∑…,2026-06-28,22.4,14.1,534,30.2,1535,,,,,,,5.9,70,1345,3.4,90,1349,1,841,50,15.2,38,1710,66.1,17.3,980.9,1011.6,2349,1006.9,1526,1008.8,14.6,12.9,1200,3.73,30.27,,,,,,1.3,.6,31,14.8,,,,,,,,,,5.3,7.6,,,
135,√ﬂ«≥∑…,2026-06-29,23.7,16.5,541,30.2,1514,,,,,,,6.7,90,1208,3.8,90,1247,1.2,1002,70,17.3,41,1519,69.5,19.8,983.5,1012.7,647,1009.3,1636,1011.3,14.6,13,1100,3.47,28.89,,,,,,4,2.1,32.4,16.8,,,,,,,,,,5.2,7.4,,,
135,√ﬂ«≥∑…,2026-06-30,24.5,19.7,517,29.9,1604,,,,,,,6.2,90,1501,3.7,50,1626,1.1,989,70,18.3,47,1538,69.6,21,983.1,1013.3,521,1008.1,1724,1010.8,14.6,9.7,1100,3.53,27.51,,,,,,5.9,3.8,34.9,20.5,,,,,,,,,,4.8,6.9,,,
135,√ﬂ«≥∑…,2026-07-01,20.5,18.9,2400,23.1,1402,,.3,1012,.9,950,1.3,7.4,90,1348,4.9,90,1357,2.2,1937,90,17.4,70,1358,83.1,19.9,979.8,1010.2,7,1006.1,1726,1007.8,14.6,.1,1300,2.27,8.88,,,,,,9.9,9,22.9,20.1,,,,,,,,,,2.1,3,,,
135,√ﬂ«≥∑…,2026-07-02,22.1,16.3,541,28.9,1401,,2.4,2038,8.7,2024,11,5.9,50,1358,3.7,50,1404,1,903,70,17.7,53,1220,78.4,20.3,982.3,1012.7,2241,1008.6,1,1010.2,14.6,7.9,1100,3.48,22.25,,,,,,6.3,3.9,26.4,16.7,,,,,,,,,,3.8,5.4,,,
135,√ﬂ«≥∑…,2026-07-03,23.5,19.5,427,28.7,1505,,0,,0,,0,4.9,270,1822,2.7,270,1730,.8,704,50,19.5,57,1515,80.1,22.7,982.9,1012.9,517,1008.6,1652,1010.6,14.6,6.1,1200,2.95,20.97,,,,,,8.1,5.4,28,21.1,,,,,,,,,,3.4,4.8,,,
135,√ﬂ«≥∑…,2026-07-04,24.3,20.7,32,29.8,1521,,,,,,,5.4,270,1417,3,250,1419,1,839,270,19.9,55,1501,78.5,23.3,979.1,1009.8,1,1004.7,1809,1006.7,14.6,6,1000,3.05,20.87,,,,,,8.5,4.1,29,21.8,,,,,,,,,,3.6,5.1,,,
135,√ﬂ«≥∑…,2026-07-05,23.6,21.2,1,28.3,1504,,11.3,2021,11.8,2019,31.7,6.8,250,2024,3.8,180,1523,.9,736,50,21.8,72,1442,89.9,26.2,977.2,1006.6,13,1002.8,1732,1004.8,14.6,2.7,1400,3,13.73,,,,,,9.4,8.1,27.4,22.3,,,,,,,,,,2.3,3.3,,,
135,√ﬂ«≥∑…,2026-07-06,25.2,21.8,540,29.7,1654,,.4,813,.8,804,.9,5,180,1116,2.9,160,1104,.7,596,180,22.5,65,1708,86.5,27.3,977.9,1007,2327,1003.9,1702,1005.4,14.5,3.2,1100,2.64,14.51,,,,,,7.6,7.4,27.3,23.1,,,,,,,,,,2.4,3.5,,,
135,√ﬂ«≥∑…,2026-07-07,25.4,22.3,827,29.7,1410,,6.3,617,20.1,737,44.1,5.5,140,1358,4,90,1752,1.4,1181,70,23.1,71,1345,87.8,28.2,979.2,1009.4,840,1004.9,1727,1006.7,14.5,4.3,1200,3.6,16.7,,,,,,8.6,6.4,27.3,24.1,,,,,,,,,,3.4,4.9,,,
135,√ﬂ«≥∑…,2026-07-08,24.2,21.6,331,29.2,1254,,1.2,1832,2.6,1424,5.2,9.4,180,1318,4.9,200,1325,1.4,1199,200,22.2,66,1319,89.6,26.9,978.8,1007.7,2356,1004.6,1318,1006.4,14.5,1.7,1200,1.75,9.94,,,,,,8.6,7.3,26.8,21.7,,,,,,,,,,1.6,2.3,,,
135,√ﬂ«≥∑…,2026-07-09,23.8,21.9,2358,27.4,1633,,7.6,1132,16.5,1109,35.9,6.3,270,1309,3.6,270,1311,.8,695,50,22.1,69,1648,91.1,26.7,981.8,1011.2,2344,1007.1,425,1009.5,14.5,1.3,1600,1.87,8.89,,,,,,8.1,7.3,27,23.1,,,,,,,,,,1.9,2.7,,,
135,√ﬂ«≥∑…,2026-07-10,25.7,21.2,352,31.5,1705,,3.1,1906,5.9,1857,5.9,5.9,180,1817,3.4,160,1820,.8,661,180,22.7,62,1700,84.9,27.6,983.3,1012.8,2352,1009.2,1711,1010.9,14.5,5.5,1000,2.79,19.84,,,,,,6.8,3.4,30.5,22.6,,,,,,,,,,3.5,5,,,
135,√ﬂ«≥∑…,2026-07-11,26.5,21.1,534,32.5,1419,,,,,,,5.6,90,1333,3.4,90,1618,1.1,950,20,23.4,63,1231,84.5,28.8,983.7,1012.7,1,1009.4,1639,1011.3,14.5,9.6,1100,3.41,24.27,,,,,,4.4,2.9,29.7,23,,,,,,,,,,4.5,6.4,,,
135,√ﬂ«≥∑…,2026-07-12,27.9,21.2,411,33.2,1441,,,,,,,8.4,180,1237,5.4,180,1523,2.1,1814,50,22.6,55,1445,74.4,27.4,983.2,1012.2,13,1008.6,1737,1010.6,14.5,9.5,1100,3.41,24.65,,,,,,2,1.4,30.9,22.7,,,,,,,,,,5.1,7.3,,,
135,√ﬂ«≥∑…,2026-07-13,27.7,22.7,415,32.9,1410,,,,,,,6.3,180,1152,3.5,180,1213,1.3,1082,50,22.8,59,1245,75.9,27.8,981.7,1011.1,1,1006.6,1713,1009,14.4,8.7,1000,2.62,21.89,,,,,,2.1,1.8,31.6,23.2,,,,,,,,,,4.2,5.9,,,
135,√ﬂ«≥∑…,2026-07-14,27.2,21.6,444,32.7,1352,,.3,2319,.6,2258,.6,7.9,180,1747,5.1,160,1749,1.8,1577,180,22.7,60,1354,78,27.7,977.2,1009,57,1000.2,2355,1004.5,14.4,6.1,1300,3.39,20.06,,,,,,7.3,6.1,30.9,22.8,,,,,,,,,,3.8,5.4,,,
135,√ﬂ«≥∑…,2026-07-15,26.8,23.7,2335,29.8,1245,,2.7,822,2.9,,5.6,14.4,270,1143,9.2,270,1320,4.3,3740,270,21.1,54,1514,72.6,25.3,973.3,1003.4,2309,998.9,236,1000.5,14.4,8.3,1200,3.63,24.06,,,,,,5.8,5,27.4,22.7,,,,,,,,,,5.9,8.5,,,
135,√ﬂ«≥∑…,2026-07-16,25.1,22.3,556,29.2,1333,,,,,,,8.2,270,53,5,270,1342,2.4,2112,270,20.9,64,1143,78.4,24.8,975.5,1004.7,837,1001.2,1826,1002.9,14.4,1.6,1100,2.68,14.77,,,,,,9.3,6.4,26.2,22.3,,,,,,,,,,2.9,4.1,,,
135,√ﬂ«≥∑…,2026-07-17,25.1,22.7,454,29.5,1304,,9.3,1900,17.4,1828,52.5,7,160,1902,4.5,70,1522,1.4,1218,90,23.4,73,1308,90.9,28.8,974.2,1003.2,20,1000,1756,1001.6,14.4,1.1,1200,3.32,12.02,,,,,,9.4,8.9,27.8,23.6,,,,,,,,,,2.1,3,,,
135,√ﬂ«≥∑…,2026-07-18,25.5,23.1,54,29.3,1434,,6.3,1709,7.9,1659,10.1,9.4,340,1713,5.3,320,1716,.8,660,50,24.4,75,1348,94.3,30.7,972.5,1001.6,1,998.4,1648,999.8,14.3,.2,1200,1.51,6.94,,,,,,9.3,9,27.8,24.2,,,,,,,,,,1.3,1.9,,,
135,√ﬂ«≥∑…,2026-07-19,25.2,23.1,2201,28.4,1439,,5.3,249,12.3,241,20,6.1,270,1401,3.6,250,1402,1,834,250,23.8,79,1442,92.5,29.5,976.2,1006.3,2256,1001,18,1003.6,14.3,1.1,1400,2.27,12.14,,,,,,8.9,8.6,27.8,24.2,,,,,,,,,,2.3,3.2,,,
135,√ﬂ«≥∑…,2026-07-20,26,22.8,2347,31.8,1358,,4.7,1601,4.8,1559,6.9,9.7,160,1550,5,160,1557,1.1,934,50,24.3,71,1130,90.8,30.4,978.4,1007.5,2216,1004.3,1533,1005.8,14.3,3.4,1300,2.67,15.38,,,,,,5.5,5,30.6,23.3,,,,,,,,,,2.9,4.2,,,
135,√ﬂ«≥∑…,2026-07-21,27,22.2,150,32.7,1514,,,,,,,7.3,250,1358,4.5,230,1401,1.1,929,160,23.6,58,1421,83.4,29.2,979.2,1007.8,645,1004.6,1501,1006.5,14.3,6.8,1100,3.24,20.17,,,,,,6.3,4.3,29.3,22.5,,,,,,,,,,3.8,5.4,,,
135,√ﬂ«≥∑…,2026-07-22,27.6,23.7,519,33.1,1444,,0,,0,,0,6.7,290,1629,4,290,1822,1.4,1200,270,23.8,57,1445,81.5,29.5,980.1,1009,651,1005.3,1631,1007.4,14.3,8.8,1100,3.26,23.47,,,,,,5,3,30.4,24.1,,,,,,,,,,4.4,6.3,,,
135,√ﬂ«≥∑…,2026-07-23,26.7,23.1,348,32.5,1608,,13.9,1807,14.7,,14.7,12.9,270,1811,6.7,290,1815,1,864,290,23.4,60,1312,83.8,28.8,980.6,1009.9,2248,1005.9,1706,1007.9,14.2,6.2,1200,3.27,19.64,,,,,,4.6,3.8,29.5,23.3,,,,,,,,,,3.7,5.3,,,
135,√ﬂ«≥∑…,2026-07-24,27.5,21.7,523,32.9,1555,,,,,,,7.5,290,1310,3.8,270,1345,1,846,20,23,54,1337,78.9,28.1,982.7,1011.3,731,1008.5,1753,1010.1,14.2,12.8,1200,3.57,29.21,,,,,,.9,.5,30.4,22.2,,,,,,,,,,5.4,7.8,,,
135,√ﬂ«≥∑…,2026-07-25,27.7,24.1,555,32,1254,,,,,,,7.6,270,1200,4.1,270,51,1.5,1272,270,23.1,58,1216,77.5,28.2,983.3,1011.7,809,1009,1759,1010.6,14.2,10,1200,3.62,26.09,,,,,,5.6,3.6,30.1,24.7,,,,,,,,,,4.9,6.9,,,
135,√ﬂ«≥∑…,2026-07-26,28.7,23.5,434,33.7,1513,,,,,,,6.1,290,1415,3.5,290,1420,1.3,1104,20,23.4,52,1520,75,28.7,982.6,1011.4,613,1007.4,1720,1009.8,14.2,11.9,1100,3.49,28.73,,,,,,2.3,1.1,32.4,24.1,,,,,,,,,,5.7,8.1,,,
135,√ﬂ«≥∑…,2026-07-27,28.1,23.6,604,32.2,1448,,,,,,,7.9,320,1736,4.1,290,1736,1.8,1595,270,22.9,57,1445,74.5,27.8,984.4,1012.9,2217,1010.4,1611,1011.7,14.1,12.1,1100,3.13,26.54,,,,,,6.3,3.9,32,23.7,,,,,,,,,,5.2,7.4,,,
135,√ﬂ«≥∑…,2026-07-28,27.7,25.6,505,31.7,1426,,,,,,,10.7,270,1644,5.7,270,1907,3.9,3408,270,22.9,64,1431,75.8,28,985.5,1014,948,1011.6,1702,1012.9,14.1,3.9,1300,2.39,17.54,,,,,,7.3,6.6,30.2,25.6,,,,,,,,,,3.9,5.6,,,
135,√ﬂ«≥∑…,2026-07-29,27.7,25.2,311,31.3,1537,,,,,,,11,290,556,6.4,270,559,3.9,3345,270,22.4,60,1424,73.6,27.1,983.1,1013,1,1008,1822,1010.5,14.1,6.7,1400,2.59,21.04,,,,,,5.8,5.5,30.5,25.7,,,,,,,,,,4.6,6.6,,,
135,√ﬂ«≥∑…,2026-07-30,26.9,24,559,31.1,1621,,,,,,,11.8,250,1319,6.2,270,1504,3.4,2914,270,21.9,59,1446,75.3,26.3,981.4,1010.4,746,1007,1805,1008.8,14.1,7.1,1200,3.12,21.84,,,,,,1.8,1.8,31,24.3,,,,,,,,,,4.4,6.3,,,
135,√ﬂ«≥∑…,2026-07-31,27.8,24.2,435,32.3,1520,,,,,,,8.8,270,541,4.9,270,1048,2.7,2319,270,23,59,1313,76,28.1,979.9,1008.7,1,1005.3,1821,1007.2,14,8.7,1100,3.42,24.54,,,,,,1.8,1,31.6,24.4,,,,,,,,,,4.6,6.6,,,
135,√ﬂ«≥∑…,2026-08-01,28.9,23.7,427,33.5,1511,,,,,,,9.7,290,1326,5.4,270,1249,2.9,2505,270,23.4,56,1441,73.6,28.8,979.6,1008.2,2338,1005,1727,1006.8,14,8.3,1200,3.33,24.29,,,,,,.8,.3,32.6,23.7,,,,,,,,,,5.4,7.7,,,
135,√ﬂ«≥∑…,2026-08-02,28.5,24.1,431,33.5,1515,,,,,,,7.5,270,1057,4.6,270,1035,2.2,1898,270,22.9,57,1416,73,27.9,981.2,1009.8,2313,1006.7,1606,1008.5,14,12.6,1200,3.5,28.04,,,,,,0,0,33.1,22.7,,,,,,,,,,5.6,7.9,,,
135,√ﬂ«≥∑…,2026-08-03,28.3,22.4,610,35,1609,,,,,,,5.1,50,1537,3.1,70,1519,.9,749,20,23.3,45,1605,76,28.7,982.8,1011.4,605,1008.3,1618,1010.2,13.9,11.9,1200,3.45,25.85,,,,,,.3,.1,32.7,21.6,,,,,,,,,,4.8,6.8,,,
135,√ﬂ«≥∑…,2026-08-04,28,23.2,541,34,1452,,,,,,,7.1,90,1642,4.8,90,1622,1.6,1415,70,23.7,59,1516,78.8,29.3,983,1012.2,547,1008.4,1824,1010.4,13.9,9.1,1400,3.22,22.35,,,,,,4.3,2.1,34.1,22.7,,,,,,,,,,4.6,6.5,,,
135,√ﬂ«≥∑…,2026-08-05,28.2,24.5,605,33,1706,,,,,,,6.3,90,2350,4.4,70,2352,1.8,1579,90,23.2,58,1524,75.3,28.4,980.9,1010.3,554,1005.6,1712,1008.2,13.9,9.5,1300,3.42,23.61,,,,,,3.5,2.1,34.4,24.2,,,,,,,,,,4.7,6.8,,,
135,√ﬂ«≥∑…,2026-08-06,27.8,22.2,549,33.4,1658,,,,,,,6.9,70,1207,4.1,50,1208,1.9,1638,70,22.1,52,1455,72.8,26.6,978.9,1008.8,624,1003.6,1704,1006.2,13.8,12.5,1200,3.55,28.09,,,,,,1,.3,34.9,21.8,,,,,,,,,,5.4,7.8,,,
135,√ﬂ«≥∑…,2026-08-07,28.2,20.9,553,34.5,1654,,,,,,,7.2,90,1237,5.1,70,1218,1.6,1393,70,21.9,49,1644,70.8,26.4,977.3,1006.5,541,1001.7,1628,1004.4,13.8,12.6,1200,3.46,27.62,,,,,,1.8,.6,34.9,20,,,,,,,,,,5.4,7.7,,,
135,√ﬂ«≥∑…,2026-08-08,25.6,23.1,1525,32.5,1328,,3,1429,8.9,1413,11.2,14.2,90,1409,9.9,90,1411,2.4,2085,70,22.1,60,1321,82.1,26.7,979.3,1008.2,2315,1004.3,1357,1006.8,13.8,5.6,1000,3.04,15.22,,,,,,8,6.6,28.3,22.6,,,,,,,,,,3.2,4.5,,,
135,√ﬂ«≥∑…,2026-08-09,25.9,23.6,631,29.3,1445,,,,,,,10,50,1628,6.4,50,1635,3.5,3063,90,21.7,67,1519,78.5,26,981,1010.4,2231,1007,1441,1008.5,13.8,2.3,1400,1.79,13.85,,,,,,9.3,7.4,27.9,24.3,,,,,,,,,,3.3,4.8,,,
135,√ﬂ«≥∑…,2026-08-10,24.7,21.7,2400,27.6,1450,,.2,,.2,,.2,9.3,90,934,6,90,737,3.8,3295,90,19.6,65,1239,74.1,22.9,983.3,1012.2,915,1009.6,1605,1011,13.7,4.7,1200,1.72,15.17,,,,,,8.5,4.6,27.1,21,,,,,,,,,,3.1,4.5,,,
135,√ﬂ«≥∑…,2026-08-11,22.6,17.3,2351,28.2,1541,,,,,,,10.1,70,1345,6.1,90,1307,2.8,2406,70,16.5,47,1549,70,18.8,981.4,1011.9,5,1006.3,1746,1009.3,13.7,8.7,1200,2.93,22.22,,,,,,5.9,.8,26.8,15.3,,,,,,,,,,4.7,6.8,,,
135,√ﬂ«≥∑…,2026-08-12,21.7,15.3,544,26.8,1430,,,,,,,7.7,110,1211,4.8,90,1220,1.6,1384,70,16.7,58,1200,74.9,19.2,978.2,1009.5,1,1003.7,1553,1006.1,13.7,5.2,1200,2.9,19.55,,,,,,5,3.8,26.1,13.5,,,,,,,,,,3.4,4.9,,,
135,√ﬂ«≥∑…,2026-08-13,23.6,17.3,458,29.8,1523,,,,,,,5.5,270,853,3.8,270,858,.9,794,20,19.3,57,1524,78.1,22.4,976.2,1005.8,1,1001.9,1523,1003.8,13.6,4.7,1200,2.49,17.94,,,,,,6.5,4.6,27.6,16.1,,,,,,,,,,3.3,4.7,,,
135,√ﬂ«≥∑…,2026-08-14,25,19.7,413,30.5,1256,,.2,2216,.3,2210,.3,4.7,160,2209,2.8,140,2216,.8,703,20,20.4,55,1311,77.3,24,977.3,1006.8,2225,1003.4,1452,1004.8,13.6,4,1000,2.71,18.11,,,,,,8.1,5.3,29.7,18.3,,,,,,,,,,3.1,4.4,,,
135,√ﬂ«≥∑…,2026-08-15,24,21.1,537,28.3,1200,,0,,0,,0,7.1,70,1540,4.5,70,1534,1.4,1208,50,21.2,62,1209,85.3,25.2,978.5,1007.1,828,1005,1612,1006.1,13.6,1.5,1100,2.79,12.06,,,,,,9.6,8,26.4,21.2,,,,,,,,,,2.2,3.1,,,
135,√ﬂ«≥∑…,2026-08-16,21.8,20.6,1948,23.1,1228,,1.2,734,4.4,645,13.5,10.7,90,1022,5.4,110,1023,2.8,2397,90,20.3,84,1325,91.1,23.8,977.9,1006.7,6,1004.8,1552,1005.7,13.5,0,1100,.64,4.46,,,,,,9.8,9.6,23.9,21.1,,,,,,,,,,1.1,1.6,,,
135,√ﬂ«≥∑…,2026-08-17,23.1,21,38,26,1729,,1.1,1208,4.2,1141,5.7,5.8,90,15,3.9,90,138,1.5,1329,90,21.3,81,1524,90,25.3,979,1008.6,2357,1005.5,408,1006.8,13.5,.6,900,1.06,7.38,,,,,,7.6,7.5,24.9,21.4,,,,,,,,,,1.6,2.3,,,
135,√ﬂ«≥∑…,2026-08-18,26.2,21.2,243,32.2,1437,,,,,,,6.7,270,1538,3.6,270,1542,1,829,250,21.2,48,1445,77.1,25.2,982.5,1012.9,2343,1008.2,145,1010,13.5,10.5,1200,3.48,26.3,,,,,,3.5,1,27.9,20.6,,,,,,,,,,4.8,6.8,,,
135,√ﬂ«≥∑…,2026-08-19,24.9,21.5,315,30.4,1329,,12.9,1701,19.9,1656,19.9,10.5,270,1702,4.4,230,1707,1.1,909,180,21.8,54,1122,84.1,26.1,985.6,1014.7,2155,1012,1543,1013.3,13.4,3.2,1300,2.89,16.1,,,,,,8.8,5.5,27.9,21.6,,,,,,,,,,3,4.4,,,
135,√ﬂ«≥∑…,2026-08-20,26,22.3,316,31.3,1627,,0,,0,,0,5.3,50,1654,3.8,50,1701,.9,777,50,22.9,55,1603,84.1,27.9,985.7,1014.8,908,1011.3,1623,1013.3,13.4,4.5,1300,2.57,17.19,,,,,,8.8,6.9,29,22.6,,,,,,,,,,2.9,4.2,,,
135,√ﬂ«≥∑…,2026-08-21,25.3,23.1,418,28.1,1258,,0,,0,,0,4.9,70,1507,3.7,70,1507,1,889,50,23.2,78,1302,88.9,28.4,984.5,1013.3,20,1010.7,1437,1012.2,13.3,0,900,1.11,8.55,,,,,,9,7.9,27.7,23.1,,,,,,,,,,1.7,2.4,,,
135,√ﬂ«≥∑…,2026-08-22,25.4,22,2335,31.7,1446,,6,1824,9.9,1824,9.9,11.5,290,1744,5.9,290,1753,1.6,1381,140,22.6,64,1503,85.4,27.4,984.8,1014.2,1834,1010,1524,1012.5,13.3,3.9,1300,3.08,15.56,,,,,,7.1,5.3,28.5,22.3,,,,,,,,,,3,4.3,,,
135,√ﬂ«≥∑…,2026-08-23,25.9,21.8,352,32.2,1533,,,,,,,5.5,160,1307,3.5,180,1434,1.2,1027,70,23.1,61,1535,85.9,28.2,986,1015.4,915,1011.8,1551,1013.7,13.3,8.6,1200,3.53,23.05,,,,,,1.6,1.6,28.8,22.1,,,,,,,,,,4.4,6.3,,,
135,√ﬂ«≥∑…,2026-08-24,27.4,22.8,255,33.1,1335,,0,,0,,0,7.2,270,2318,4.6,290,2305,1.6,1343,270,22.7,55,1350,77.3,27.6,984.6,1014.1,658,1009.3,1626,1012.1,13.2,6.5,1100,3.09,19.75,,,,,,2.3,1.6,28.7,22.3,,,,,,,,,,4,5.7,,,
135,√ﬂ«≥∑…,2026-08-25,26.8,21.6,612,32.8,1508,,,,,,,6.4,250,1156,3.9,250,1314,1.4,1189,250,22,52,1511,77.1,26.5,983.9,1013.1,713,1009.2,1549,1011.4,13.2,12,1200,3.51,25.86,,,,,,.5,0,30.1,20.3,,,,,,,,,,4.9,7,,,
135,√ﬂ«≥∑…,2026-08-26,27.1,21.5,531,33.7,1457,,,,,,,4.5,270,1518,2.9,160,1044,.7,640,20,22.4,52,1505,77.3,27,980.4,1011,1,1005.6,1531,1007.7,13.2,8.2,1100,3.23,21.3,,,,,,4.3,1.4,30.8,21.1,,,,,,,,,,3.8,5.4,,,
135,√ﬂ«≥∑…,2026-08-27,27,23.6,508,31.7,1540,,,,,,,5.1,270,1217,3.4,160,1821,1,839,270,22.9,57,1229,80,28,979.5,1008.5,2048,1004.4,1709,1006.8,13.1,2.4,1200,2.15,14.63,,,,,,8.1,5.3,29.5,23.8,,,,,,,,,,2.7,3.9,,,
135,√ﬂ«≥∑…,2026-08-28,24.5,23.2,2205,29,1206,,8.3,1608,31.4,1523,59.6,6,90,1335,3.9,90,1151,1.1,964,50,23.2,77,1209,93.4,28.5,980.7,1009.7,954,1007.2,1733,1008.3,13.1,.3,1100,1.99,6.57,,,,,,9.5,9.4,26.8,23.5,,,,,,,,,,1.2,1.8,,,
135,√ﬂ«≥∑…,2026-08-29,24.7,22.7,450,29.2,1212,,8.4,2339,17.4,2301,27.1,7.7,270,1236,5,270,1242,1.2,1023,270,23.1,72,1214,91.5,28.2,979.6,1008.4,1,1006,1707,1007.1,13.1,2.9,1200,2.37,12.93,,,,,,8.6,7.8,26.4,22.6,,,,,,,,,,2.4,3.4,,,
135,√ﬂ«≥∑…,2026-08-30,24.7,22.1,2316,30.3,1248,,3.7,119,10.1,36,21.8,8.1,180,1719,5.5,180,1726,1.1,917,50,22.6,63,1239,89.3,27.4,980.4,1009.1,2226,1006.9,1435,1008.1,13,4,1000,3.07,14.93,,,,,,8.6,7.9,27.2,22.6,,,,,,,,,,2.4,3.5,,,
135,√ﬂ«≥∑…,2026-08-31,23.5,22,2357,29.6,1413,,6.1,1457,9.7,1454,13.4,17.2,270,1454,5.7,270,1536,1.4,1239,50,22.4,75,1416,94.5,27.2,981.2,1011.2,2337,1005.1,1449,1008.9,13,2.3,1300,2.56,9.97,,,,,,7.8,7.5,26,22.4,,,,,,,,,,2.1,3,,,
135,√ﬂ«≥∑…,2026-09-01,25.1,21.3,222,30.4,1459,,0,,0,,0,7.1,270,1719,4.3,270,1723,1.2,1028,50,22,62,1347,84.8,26.5,983.1,1012.4,2331,1008.7,1540,1010.8,13,6.1,1100,2.78,18.43,,,,,,5.9,4.1,28.2,21.2,,,,,,,,,,3.2,4.5,,,
135,√ﬂ«≥∑…,2026-09-02,24.4,21.7,2344,28.2,1424,,,,,,,5.7,340,1453,2.9,270,1041,.9,806,290,21.5,69,1427,85,25.7,983.7,1012.3,4,1010,1659,1011.4,12.9,1.3,1100,1.96,13.35,,,,,,9.4,6.9,27.6,22,,,,,,,,,,2.4,3.4,,,
135,√ﬂ«≥∑…,2026-09-03,23.5,20.5,2349,28,1510,,,,,,,7.3,90,1857,4.6,90,1556,1.8,1580,90,20.5,73,1515,83.9,24.2,983.6,1013.2,2344,1009.5,1524,1011.4,12.9,2.1,1200,1.87,12.81,,,,,,8,4.9,26.6,19.8,,,,,,,,,,2.7,3.9,,,
135,√ﬂ«≥∑…,2026-09-04,22.6,19,201,26.6,1436,,,,,,,12.9,90,953,7.3,90,1253,3.8,3267,90,15.5,47,1503,65.8,17.7,985.2,1014.2,732,1011.2,1608,1013.1,12.8,10.1,1100,3.49,24.4,,,,,,4.5,2.5,24.3,17.1,,,,,,,,,,5.2,7.5,,,
135,√ﬂ«≥∑…,2026-09-05,21.3,17.2,511,26.2,1427,,,,,,,9.9,90,1531,6.6,70,1531,3.3,2834,90,15.2,53,1529,69,17.3,985.5,1014.6,1003,1011.6,1552,1013.6,12.8,5.8,1300,2.45,17.31,,,,,,4.9,3.9,23.1,15,,,,,,,,,,3.7,5.3,,,
135,√ﬂ«≥∑…,2026-09-06,20.8,16.5,420,26.7,1443,,.3,536,.3,,.3,10.2,70,1217,6.2,50,1153,2.7,2348,70,15,45,1648,70.9,17.2,983.4,1014.2,44,1009,1604,1011.5,12.8,7.5,1200,2.6,19.34,,,,,,5.3,3.9,23.3,14.6,,,,,,,,,,4,5.7,,,
135,√ﬂ«≥∑…,2026-09-07,20.4,14.2,553,27,1530,,,,,,,6.4,110,1158,4.3,110,1050,1.2,1059,90,14.6,50,1519,71.6,16.7,980.3,1011.3,1,1005.9,1557,1008.4,12.7,10.9,1200,3.29,24.04,,,,,,1,0,24,12.5,,,,,,,,,,4.3,6.1,,,
135,√ﬂ«≥∑…,2026-09-08,20,13.1,600,26.7,1505,,,,,,,7.2,70,1357,4.4,70,1405,1.4,1244,70,14.2,38,1405,72,16.3,980.5,1011.2,2343,1006.1,1505,1008.6,12.7,11.6,1200,3.3,24.79,,,,,,1.6,.5,25.1,10.7,,,,,,,,,,4.6,6.6,,,
135,√ﬂ«≥∑…,2026-09-09,18.7,13.1,2359,22.6,1143,,,,,,,9.7,90,953,5.9,90,959,2.8,2386,90,12.8,56,1014,69,14.8,987.7,1020.3,2326,1010.9,42,1016.1,12.7,4.3,900,2.21,12.09,,,,,,9.3,7.1,22.1,10.9,,,,,,,,,,2.4,3.5,,,
135,√ﬂ«≥∑…,2026-09-10,17.1,11.3,456,22.2,1519,,0,,0,,0,8.1,50,1617,5.5,50,1618,1.9,1636,70,12.1,59,1521,73.1,14.2,991,1021.1,2251,1017.8,1516,1019.8,12.6,2.1,1200,2.19,14.52,,,,,,9.1,7.8,21.4,9,,,,,,,,,,2.6,3.8,,,
135,√ﬂ«≥∑…,2026-09-11,18.9,12.8,608,25.1,1307,,,,,,,4.9,180,1049,2.6,160,1049,.9,773,50,13.4,46,1350,72.3,15.4,992.1,1021.9,2054,1018.7,1639,1020.7,12.6,9,1100,3.17,20.82,,,,,,6.9,4.6,23.6,10.2,,,,,,,,,,3.3,4.7,,,
135,√ﬂ«≥∑…,2026-09-12,19.5,12.5,514,27,1525,,,,,,,5.7,140,1256,3.3,90,1610,.9,811,110,13.2,37,1209,70.3,15.3,992.1,1022.4,658,1018.3,1608,1020.6,12.6,9.8,1200,3.26,23.31,,,,,,3.9,2.6,25.1,10.1,,,,,,,,,,4.2,6,,,
135,√ﬂ«≥∑…,2026-09-13,20.5,13.3,624,27.3,1357,,,,,,,7.2,270,1219,3.6,270,1139,1.2,1035,270,14.7,48,1112,71.6,16.7,989.9,1021.3,2,1015.7,1603,1018.3,12.5,11,1200,3.12,22.31,,,,,,4.9,2.1,24.5,11.1,,,,,,,,,,4.2,6,,,
