지점,지점명,일시,평균기온(°C),최저기온(°C),최저기온 시각(hhmi),최고기온(°C),최고기온 시각(hhmi),강수 계속시간(hr),10분 최다 강수량(mm),10분 최다강수량 시각(hhmi),1시간 최다강수량(mm),1시간 최다 강수량 시각(hhmi),일강수량(mm),최대 순간 풍속(m/s),최대 순간 풍속 풍향(16방위),최대 순간풍속 시각(hhmi),최대 풍속(m/s),최대 풍속 풍향(16방위),최대 풍속 시각(hhmi),평균 풍속(m/s),풍정합(100m),최다풍향(16방위),평균 이슬점온도(°C),최소 상대습도(%),최소 상대습도 시각(hhmi),평균 상대습도(%),평균 증기압(hPa),평균 현지기압(hPa),최고 해면기압(hPa),최고 해면기압 시각(hhmi),최저 해면기압(hPa),최저 해면기압 시각(hhmi),평균 해면기압(hPa),가조시간(hr),합계 일조시간(hr),1시간 최다일사 시각(hhmi),1시간 최다일사량(MJ/m2),합계 일사량(MJ/m2),일 최심신적설(cm),일 최심신적설 시각(hhmi),일 최심적설(cm),일 최심적설 시각(hhmi),합계 3시간 신적설(cm),평균 전운량(1/10),평균 중하층운량(1/10),평균 지면온도(°C),최저 초상온도(°C),평균 5cm 지중온도(°C),평균 10cm 지중온도(°C),평균 20cm 지중온도(°C),평균 30cm 지중온도(°C),0.5m 지중온도(°C),1.0m 지중온도(°C),1.5m 지중온도(°C),3.0m 지중온도(°C),5.0m 지중온도(°C),합계 대형증발량(mm),합계 소형증발량(mm),9-9강수(mm),기사,안개 계속시간(hr)
143,대구,2000-01-01,4.7,0,753,8.5,1410,1.58,,,,,.1,4,110,1549,2.7,110,1950,1.1,988,90,-.1,55,1309,71.5,6.3,1018.5,1028.3,914,1023,2400,1025.6,9.8,.4,1200,.62,3.03,,,,,,8.8,4.3,3.4,-.7,,,,,,,,,,,,.1,-{박무}-{박무}{강도0}0300-{박무}{강도0}0600-0740.  {박무}1710-{박무}{강도0}1800-{박무}{강도0}2100-{박무}{강도0}2400- {비}1610-1745.,
143,대구,2000-01-02,6.5,3.1,2400,11.5,1415,,,,,,,11,320,2212,6.6,320,1630,2.1,1839,290,1.4,47,2202,71.1,7,1009.5,1023,1,1012.5,1438,1016.6,9.8,2.2,1100,.7,2.74,,,,,,6.4,4.9,5.2,-.4,,,,,,,,,,,,,-{박무}-0230.,
143,대구,2000-01-03,2.9,0,2400,6.8,1456,,,,,,,7,320,106,4.7,290,130,2.3,1992,290,-9.2,18,1534,42.6,3,1013.6,1023.7,2329,1016.3,5,1020.7,9.8,8.8,1200,1.04,6.15,,,,,,1.3,0,1.8,-5,,,,,,,,,,,,,,
143,대구,2000-01-04,2.3,-2.4,651,7.5,1544,,,,,,,3,110,2219,2.4,110,2240,.7,611,50,-9.3,20,1652,44.6,3,1017.2,1025.8,1027,1023.4,1444,1024.4,9.8,6.8,1200,.81,4.65,,,,,,.5,.5,1.2,-6.8,,,,,,,,,,,,,{박무}0320-{박무}{강도0}0600-0720.,
143,대구,2000-01-05,4.9,-.9,726,9.4,1343,6.33,,,,,4.7,6,140,1122,4,90,720,1.3,1165,90,-.9,44,1346,67.5,6.1,1012.9,1024.7,27,1015.8,2400,1020,9.8,.3,1300,.65,3.12,,,,,,8.5,6.9,4.2,-4.6,,,,,,,,,,,,4.9,{박무}0340-{박무}{강도0}0600-0720. {박무}1750-{박무}{강도0}1800-{박무}{강도0}2100-{박무}{강도0}2400-  {비}1740-{비}{강도0}-1800-{비}{강도0}2100-{비}{강도0}2400-,
143,대구,2000-01-06,6,1.2,2358,9.6,1309,2.83,,,,,.2,10,320,1533,6,320,1450,2.1,1846,320,2.6,54,2400,80,7.7,1007.3,1018.6,2400,1011.4,722,1014.3,9.8,.4,1500,.33,1.48,,,,,,8.8,5.4,6,.7,,,,,,,,,,,,0,-{비}-0140.  {비}0225-0230.  {비}0545-{비}{강도0}0600-0650.  -{박무}-0220.  {박무}0520-{박무}{강도0}0600-{박무}{강도0}0900-{박무}{강도0}1200-{박무}{강도0}1500-1630.,
143,대구,2000-01-07,-1.7,-4,2359,1.2,0,.67,,,,,0,14,320,423,8.5,290,430,3.4,2949,320,-11.4,35,1356,48.3,2.5,1015.2,1025.3,1042,1018.4,219,1022.5,9.9,7.6,1200,1.09,6.24,,,,,,.9,.9,-1.5,-6.8,,,,,,,,,,,,,{눈}0815-0855.,
143,대구,2000-01-08,-.5,-5.3,701,4.1,1514,,,,,,,6,290,1518,3.3,250,1350,1,882,320,-7.5,39,1447,59.9,3.4,1016.3,1025,955,1021.6,1658,1023.6,9.9,8,1300,.98,5.66,,,,,,.9,.3,.1,-9.5,,,,,,,,,,,,,,
143,대구,2000-01-09,0,-1.6,447,1.9,1559,5.83,,,,,1.1,3,320,1340,2.4,290,1850,.8,664,320,-4.2,55,1533,74.1,4.5,1015.1,1025,1108,1019.4,1631,1022.3,9.9,0,1300,.24,1.41,1.2,2250,1.2,2250,1.2,7.5,4.9,-.5,-5.8,,,,,,,,,,,,1.1,{눈}1535-1555.  {비}1745-{진눈깨비}1755-{진눈깨비}{강도0}1800-{눈}1835-{눈}{강도0}2100-2315.  {박무}1740-{박무}{강도0}1800-{박무}{강도0}2100-{박무}{강도0}2400-,
143,대구,2000-01-10,2.4,-1,802,6.8,1505,.08,,,,,0,9,290,1310,5.7,290,1310,2,1753,320,-6.4,22,1555,56,3.9,1016.7,1027.8,2340,1019.9,108,1023.9,9.9,8.5,1300,1.11,6.34,0,15,1.2,0,0,1.6,1.6,1.9,-6,,,,,,,,,,,,,{눈}0015-0020.  -{박무}-{박무}{강도0}0300-{박무}{강도0}0600-0730.,
143,대구,2000-01-11,2.4,-3.7,734,7.2,1420,.33,,,,,0,7,110,1347,4.7,90,1350,1.2,1061,50,-3,45,1202,68.6,5,1019.5,1029.7,957,1024.8,1450,1026.6,9.9,5.2,1200,.93,4.9,,,,,,5.4,2.9,1.7,-8.2,,,,,,,,,,,,.3,{비}2340-{비}{강도0}2400-   {박무}2350-{박무}{강도0}2400-,
143,대구,2000-01-12,6.3,4.6,240,8.4,1346,5.5,,,,,.3,8,90,1113,4.7,90,1410,2.3,1951,90,3.4,71,1348,82.1,7.8,1012,1024.9,1,1015.1,2400,1019,9.9,0,1000,.3,1.82,,,,,,9.5,6,5.6,3.5,,,,,,,,,,,,0,-{비}-0340.  {비}0430-0530.  {비}1240-1320.  {비}1915-1925.  -{박무}-{박무}{강도0}0300-0550.  {박무}2020-{박무}{강도0}2100-{박무}{강도0}2400-,
143,대구,2000-01-13,4.9,.9,2340,7.6,1332,2.17,,,,,0,9,290,1204,5.5,290,1210,2.9,2471,320,-.3,50,1617,69.5,6.2,1007.4,1018.3,2349,1012.5,1444,1014.5,10,1.4,1400,.62,3.33,,,,,,7,5.1,5.1,-.6,,,,,,,,,,,,,-{박무}-{박무}{강도0}0300-{박무}{강도0}0600-0720.  {비}0605-0815.,
143,대구,2000-01-14,1.6,-.1,2355,5.6,1429,,,,,,,7,320,19,4.2,320,20,2.5,2182,320,-5.6,44,1605,58.5,4,1014.4,1024.3,2319,1017.9,26,1021.6,10,5,1200,1,4.94,,,,,,3.9,2.8,2.7,-3.6,,,,,,,,,,,,,,
143,대구,2000-01-15,1.1,-3.9,747,6.2,1528,,,,,,,4,270,50,3,290,120,1.2,1071,50,-5.1,42,1309,64.5,4.1,1017.5,1026.9,1004,1022.9,1518,1024.7,10,7.5,1300,.96,5.35,,,,,,4.1,.8,.5,-8.6,,,,,,,,,,,,,{박무}0840-{박무}{강도0}0900-{박무}{강도0}1200-1240.,
143,대구,2000-01-16,3.7,.3,117,8.2,1609,,,,,,,4,290,1323,2.9,270,1420,1.2,1049,50,-3.6,32,1643,60.1,4.7,1013.8,1023.8,2,1018.8,1615,1021,10,1.8,1100,.73,3.28,,,,,,6,5.6,2.5,-5.4,,,,,,,,,,,,,{박무}0720-{박무}{강도0}0900-1030.,
143,대구,2000-01-17,2.4,-2.6,606,7.3,1417,,,,,,,6,290,1530,3.5,270,2240,2,1708,270,-3.9,45,1409,63.8,4.5,1012.2,1020.7,1028,1016.9,1356,1019.4,10,1,1400,.81,3.8,,,,,,7.1,6.4,2.9,-7.9,,,,,,,,,,,,,,
143,대구,2000-01-18,3,.6,2400,6.8,1410,,,,,,,8,290,1432,5.1,290,1440,3.2,2786,290,-10.7,14,1413,38.1,2.7,1012.3,1020.8,1004,1017.3,1507,1019.5,10.1,8.5,1300,1.23,7.27,,,,,,2.6,2,4.5,-4,,,,,,,,,,,,,,
143,대구,2000-01-19,-1.7,-4.1,2357,.7,1517,6.83,,,,,.3,11,320,1720,7,290,1620,3.3,2892,290,-8.8,28,28,59.6,3.2,1013,1024.4,2359,1017.9,1306,1020.3,10.1,2.2,1500,.64,3.02,.4,1215,.4,1215,.4,3.8,3.4,-1.7,-8,,,,,,,,,,,,.3,{눈}0910-0920.  {눈}0940-1050.  {눈}1120-{눈}{강도0}1200-{눈}{강도0}1500-1510.  {눈}1610-1750.  {박무}0930-{박무}{강도0}1200-{박무}{강도0}1500-1530.,
143,대구,2000-01-20,-4.6,-6.7,2351,-1.5,1447,,,,,,,16,290,1028,8.3,290,1150,4.9,4192,290,-17.1,21,1536,39.1,1.5,1023.3,1035.6,2350,1024.3,1,1030.7,10.1,9.6,1300,1.28,7.83,,,.1,0,,.9,.9,-2.8,-9.7,,,,,,,,,,,,,,
143,대구,2000-01-21,-3.6,-7.8,740,1.5,1526,,,,,,,6,290,903,4.4,270,910,2.8,2389,290,-17.8,15,1459,35.9,1.4,1030.1,1039.1,929,1035.3,31,1037.5,10.1,9.5,1200,1.23,7.66,,,,,,.8,0,-1.7,-11,,,,,,,,,,,,,,
143,대구,2000-01-22,-1.6,-6.1,437,2,1659,5.33,,,,,.4,3.3,50,59,2.7,70,110,1.2,1067,70,-10.1,34,1224,54.5,2.9,1024.5,1037.9,5,1026.2,2400,1031.8,10.1,0,1100,.49,2.69,.2,2400,.2,2400,.2,9.1,2.3,-1.1,-10.5,,,,,,,,,,,,2.5,{눈}1840-{눈}{강도0}2100-{진눈깨비}2205-{얼음싸라기}2250-{진눈깨비}2320-{진눈깨비}{강도0}2400-  {박무}1820-{박무}{강도0}2100-{박무}{강도0}2400-,
143,대구,2000-01-23,2.7,-.6,16,6.8,1522,6.67,,,,,2.1,4,250,1914,3.1,270,1930,1.6,1357,270,.7,76,1659,86.5,6.4,1016.1,1026.2,2,1021.7,1320,1023.3,10.2,.6,1300,.67,3.76,0,0,.2,0,0,8.6,2.9,3.5,-.7,,,,,,,,,,,,,-{진눈깨비}-{비}0135-{비}{강도0}0300-0550.  {비}0640-0730.  -{박무}-{박무}{강도0}0300-{박무}{강도1}0600-{박무}{강도1}0900-{박무}{강도0}1200-{박무}{강도0}1500-1640.,
143,대구,2000-01-24,2.8,.8,2400,5.7,1436,,,,,,,7,290,1057,4.8,290,1110,3.2,2746,290,-6.2,32,1500,53,3.9,1019.4,1028.2,1038,1024.8,50,1026.6,10.2,7.5,1300,.97,5.51,,,,,,6.3,4.9,3.8,-.6,,,,,,,,,,,,,,
143,대구,2000-01-25,-1.5,-5.2,2357,2.4,1414,,,,,,,9,290,1651,6.1,290,1640,4.4,3784,290,-16.5,15,1634,32.3,1.6,1020.8,1030.4,2244,1026.1,1424,1028.1,10.2,8.4,1200,1.18,6.85,,,,,,2.5,1.9,.9,-7.1,,,,,,,,,,,,,,
143,대구,2000-01-26,-4.5,-7.3,737,-.8,1416,,,,,,,10,320,1141,6.2,320,1200,4,3439,290,-14.8,28,1417,45.4,1.8,1021.3,1030.1,14,1026.5,1406,1028.7,10.2,9.6,1200,1.29,7.95,,,,,,0,0,-2.2,-9.3,,,,,,,,,,,,,,
143,대구,2000-01-27,-2.7,-7.2,724,3,1427,,,,,,,7,320,45,4.5,290,110,2.9,2506,290,-14.7,22,1525,40.6,1.8,1023.3,1032.4,2327,1028.5,1419,1030.7,10.3,9.6,1300,1.25,7.76,,,,,,0,0,-.8,-9.8,,,,,,,,,,,,,,
143,대구,2000-01-28,-.7,-7.9,739,6.4,1540,,,,,,,5,250,1237,3.5,250,1340,2,1685,270,-14.1,14,1323,39.1,1.9,1025.1,1034,918,1030.8,1451,1032.4,10.3,9.6,1300,1.29,7.82,,,,,,0,0,.2,-11.9,,,,,,,,,,,,,,
143,대구,2000-01-29,-.1,-5.5,714,4.9,1453,,,,,,,6,270,1453,4.3,290,1540,2,1753,50,-8.7,34,1515,53.4,3.1,1024.4,1033.7,857,1029.4,1446,1031.7,10.3,5.9,1400,1.01,5.78,,,,,,2.9,0,.5,-10.7,,,,,,,,,,,,,,
143,대구,2000-01-30,-.4,-4.4,2358,3.4,1147,,,,,,,11,290,1340,6.8,320,1610,3.7,3195,290,-9.7,29,1524,51.1,2.9,1024.3,1035.4,2356,1029,434,1031.6,10.4,7.7,1300,1.31,7.27,,,,,,2.9,2.5,.8,-6.5,,,,,,,,,,,,,,
143,대구,2000-01-31,-3.8,-7.1,737,.2,1451,,,,,,,10,290,1214,6.1,290,1330,3.5,3054,290,-15.5,22,1452,41.5,1.7,1028,1037.1,1002,1033.4,1637,1035.4,10.4,9.6,1300,1.3,8.05,,,,,,.1,.1,-1.5,-9.4,,,,,,,,,,,,,,
143,대구,2000-02-01,-2.6,-7.3,808,3.3,1541,,,,,,,7,320,1726,4.3,320,1920,3,2595,270,-16.3,13,1402,36.9,1.6,1024,1035.6,59,1027.9,1552,1031.3,10.4,7.6,1300,1.3,7.5,,,,,,2.6,1.1,-.6,-9.4,,,,,,,,,,,,,,
143,대구,2000-02-02,-.8,-4.6,352,3.6,1550,,,,,,,9,320,1031,5.6,320,1040,3.1,2660,290,-10.7,31,1430,48.1,2.6,1022.5,1031.7,1038,1028.1,1603,1029.8,10.4,8.7,1200,1.25,7.7,,,,,,1.9,1,.5,-8.5,,,,,,,,,,,,,,
143,대구,2000-02-03,.5,-2.4,335,4.4,1520,,,,,,,9,320,2108,5.1,290,1330,3.2,2789,270,-9.4,29,1546,48.3,2.9,1019.8,1028.7,0,1024.6,1426,1027.1,10.5,8.2,1300,1.2,7.3,,,,,,2.6,1.6,1,-6.7,,,,,,,,,,,,,{박무}0220-{박무}{강도0}0300-{박무}{강도0}0600-0640.,
143,대구,2000-02-04,1,-3.2,719,6.6,1619,,,,,,,5,320,137,2.6,320,210,1.7,1481,290,-10.8,19,1555,43.1,2.6,1022.3,1032,917,1027.7,1717,1029.5,10.5,9.6,1200,1.32,8.32,,,,,,.3,0,3.6,-9.3,,,,,,,,,,,,,,
143,대구,2000-02-05,2.3,-5,727,7,1652,.25,,,,,0,4,270,1433,2.6,270,1440,1.2,1048,70,-6.5,38,1336,52.6,3.8,1017.8,1029.7,24,1020,2259,1025,10.5,4.1,1100,1.04,5,,,,,,6,2.9,2.7,-7.9,,,,,,,,,,,,0,{비}2345-{비}{강도0}2400-,
143,대구,2000-02-06,3.6,1.6,2337,5.9,1524,.25,,,,,0,10,270,1504,6.2,290,1450,3.6,3102,290,-4.4,41,1611,55.6,4.4,1011.4,1020,0,1017.1,1507,1018.6,10.6,6.4,1400,1.06,6.65,,,,,,6.1,4.8,6.1,-2.8,,,,,,,,,,,,,-{비}-0015.,
143,대구,2000-02-07,1.6,-1.4,746,4.4,1526,,,,,,,9,320,2326,5.4,320,2330,2.2,1941,320,-5.3,47,1529,60.5,4.1,1007.9,1019.1,254,1011,2249,1015,10.6,.3,1100,.69,4.4,,,,,,7.6,7.3,1.5,-6.7,,,,,,,,,,,,0,{박무}0520-{박무}{강도0}0600-{박무}{강도0}0900-{박무}{강도0}1200{박무}{강도0}1500-{박무}{강도0}1800-{박무}{강도0}2100-{박무}{강도0}2400-,
143,대구,2000-02-08,-3.4,-5.9,2351,-.2,0,.67,,,,,0,14,290,1032,8.4,320,1110,5.6,4804,290,-15.9,26,1216,38.3,1.6,1008.2,1020.8,2249,1011.9,1,1015.5,10.6,9.4,1200,2.21,14.56,,,,,,1.6,1.6,-.2,-8,,,,,,,,,,,,,-{박무}-0140.  {눈}0040-0120.,
143,대구,2000-02-09,-1.8,-6.9,509,4,1529,,,,,,,8,320,1352,4.6,290,1400,3.2,2726,290,-13.4,21,1530,42.8,2,1014.3,1022.8,855,1019.7,1543,1021.5,10.7,9.9,1200,2.39,15.31,,,,,,0,0,.8,-10.2,,,,,,,,,,,,,,
143,대구,2000-02-10,1,-4,521,6.7,1605,,,,,,,6,290,1012,3.9,290,1040,2.7,2347,290,-12.4,23,1504,36.8,2.3,1012.9,1023.1,821,1017.1,1634,1020.1,10.7,9.9,1200,2.32,14.81,,,,,,1.4,0,2.4,-9,,,,,,,,,,,,,,
143,대구,2000-02-11,3.5,-.1,723,8.3,1537,,,,,,,8,290,1121,5.3,320,1130,2.8,2443,320,-5.7,34,1628,51.1,3.9,1012,1020.2,2226,1017.1,1651,1019.1,10.7,9.2,1300,2.28,13.74,,,,,,1.3,.4,5.3,-5,,,,,,,,,,,,,,
143,대구,2000-02-12,4,-.4,721,8.9,1522,,,,,,,8,270,1403,4.8,290,1220,2.5,2189,290,-5.9,26,1533,50.9,3.9,1011.8,1020.5,845,1016.4,1519,1018.9,10.8,9.6,1200,2.29,14.12,,,,,,.5,0,4.5,-6.8,,,,,,,,,,,,,{박무}0420-{박무}{강도0}0600-{박무}{강도0}0900-1040.,
143,대구,2000-02-13,5,-1.4,645,10.6,1528,,,,,,,4,270,1220,2.8,250,1440,1.2,1002,50,-6.3,20,1708,48.1,3.8,1010.8,1021.5,821,1014.4,1833,1017.8,10.8,8.6,1200,2.06,12.28,,,,,,4.4,1.3,5.4,-7.6,,,,,,,,,,,,,{박무}0330-{박무}{강도0}0600-{박무}{강도0}0900-{박무}{강도0}1200-1240.  {연무}1220-1340.,
143,대구,2000-02-14,3.7,-1.4,2358,8.8,1315,,,,,,,14,290,2114,8,320,2140,3.7,3221,290,-9.4,25,2039,38.3,3.1,1005.8,1015.7,22,1010.2,1353,1012.9,10.8,6.1,1300,2.09,10.48,,,,,,4.5,3,5.2,-4.5,,,,,,,,,,,,,,
143,대구,2000-02-15,-2.2,-4.8,723,1.4,1529,,,,,,,15,320,1326,9.2,290,1310,5.2,4462,320,-16.2,21,1343,34.3,1.6,1009.9,1019.3,2357,1014.9,1453,1017.2,10.9,10.1,1200,2.56,15.94,,,,,,.8,.8,.1,-7.1,,,,,,,,,,,,,,
143,대구,2000-02-16,-1.8,-5.6,549,2.6,1507,,,,,,,12,320,1325,6.9,290,1220,4.5,3902,290,-14.2,23,1426,39.3,2.1,1013.2,1022.1,2400,1018.9,1634,1020.5,10.9,10.1,1300,2.38,16.1,,,,,,1,1,1,-8.7,,,,,,,,,,,,,,
143,대구,2000-02-17,-.8,-4.9,720,3.9,1453,,,,,,,10,320,1153,6.4,320,1200,4.4,3819,290,-15.6,15,1856,33.5,1.9,1017.1,1026.7,937,1022,18,1024.4,10.9,10.5,1200,2.5,16.7,,,,,,.1,.1,2.2,-7.8,,,,,,,,,,,,,,
143,대구,2000-02-18,1.5,-3.5,640,6.4,1500,,,,,,,7,290,1202,4.3,320,1210,2.6,2232,290,-14.9,12,1642,31.5,2,1017.4,1027.5,851,1022,2359,1024.6,11,9.4,1200,2.54,15.9,,,,,,2.5,0,4.6,-10.4,,,,,,,,,,,,,,
143,대구,2000-02-19,4.1,-.3,603,9.4,1554,,,,,,,4,140,415,3,250,1630,1.4,1181,50,-12.1,20,1737,29.5,2.4,1009,1022.3,23,1011.9,2332,1016,11,1.3,1500,1.49,9.18,,,,,,8.1,4.5,5.3,-2.6,,,,,,,,,,,,,{달무리}2230-,
143,대구,2000-02-20,3.9,-.2,2355,8.4,1532,,,,,,,9,320,1622,5.7,320,1640,3.7,3174,290,-11.8,16,1500,32.1,2.5,1006.1,1016.1,2400,1010.6,1454,1013.2,11,9.5,1200,2.55,16.52,,,,,,2.3,0,7.2,-3.3,,,,,,,,,,,,,-{달무리}-0330.,
143,대구,2000-02-21,1,-3.2,710,6.2,1538,,,,,,,10,270,1228,6.6,290,1230,3.9,3412,290,-15.4,14,1427,30.8,1.9,1012.9,1022.6,2349,1016.1,0,1020,11.1,10.5,1200,2.61,17.06,,,,,,.6,0,3.6,-7.3,,,,,,,,,,,,,,
143,대구,2000-02-22,1.5,-2,658,5.9,1630,,,,,,,6,270,1329,4.4,320,1520,2.5,2153,290,-14.8,13,1515,31.1,2,1015.7,1024.2,842,1021.7,1725,1022.9,11.1,7.6,1300,1.9,12.43,,,,,,4.8,1.1,2.3,-8.6,,,,,,,,,,,,,{달무리}0220-0340.  {햇무리}0720-0840.,
143,대구,2000-02-23,3.7,-1.5,129,9.8,1611,,,,,,,9,290,1650,5.3,290,1620,2.3,2011,290,-11.8,18,1341,32.3,2.5,1014.8,1024.5,921,1018.6,1618,1022,11.1,6.8,1200,2.18,12.67,,,,,,4.6,1.3,5.3,-9.2,,,,,,,,,,,,,,
143,대구,2000-02-24,.1,-2.8,739,3.8,1541,,,,,,,9,320,138,6.2,290,1300,4.1,3548,290,-17.9,12,1443,26.5,1.6,1018.3,1027.3,1119,1021.5,23,1025.6,11.2,10,1200,2.59,17.27,,,,,,0,0,3.9,-5.6,,,,,,,,,,,,,,
143,대구,2000-02-25,.2,-4.5,708,5.2,1439,,,,,,,6,290,20,3.9,250,1310,2.3,1980,320,-17.5,11,1355,27.4,1.6,1016.5,1027.8,810,1020,2359,1023.8,11.2,7.3,1300,2.46,15.41,,,,,,5.1,2.5,3.7,-8.5,,,,,,,,,,,,,,
143,대구,2000-02-26,2.7,-.1,530,7,1458,,,,,,,9,290,1558,5.2,320,1600,3.4,2926,290,-11.2,24,1150,35.9,2.7,1010.7,1020.1,18,1014.8,1500,1017.8,11.2,8.2,1200,2.33,14.26,,,,,,4.4,1.9,5,-4,,,,,,,,,,,,,,
143,대구,2000-02-27,4.1,-1,609,9.4,1529,,,,,,,9,320,241,5.6,290,1650,3.8,3309,290,-13.2,15,1448,28.4,2.3,1014.7,1024.8,1026,1019.1,0,1021.8,11.3,10.2,1200,2.62,17.39,,,,,,1.1,1.1,7.9,-6.5,,,,,,,,,,,,,,
143,대구,2000-02-28,1.8,-2.4,2312,5.4,120,,,,,,,10,290,1315,6,290,1120,4,3493,320,-17.4,11,1512,24.9,1.8,1018.2,1030,2400,1020,37,1025.4,11.3,10.7,1200,2.75,18.79,,,,,,.6,.6,5.9,-5.1,,,,,,,,,,,,,,
143,대구,2000-02-29,1.1,-5.2,641,7.1,1616,,,,,,,9,270,1135,5.6,290,1140,3.1,2716,290,-17.1,12,1330,25.9,1.6,1022,1031.5,900,1026.8,1641,1029.2,11.4,10.6,1200,2.72,18.34,,,,,,0,0,4.5,-9.7,,,,,,,,,,,,,,
143,대구,2000-03-01,5,-1.2,723,12.1,1523,,,,,,,7,290,1438,4.3,320,1450,2.7,2347,270,-9.8,15,1631,35,3,1020.7,1031.1,900,1024.5,1744,1027.8,11.4,10.6,1300,2.7,18.11,,,,,,.8,0,7.5,-7,,,,,,,,,,,,,,
143,대구,2000-03-02,8.1,2.1,729,15.1,1614,,,,,,,5,270,325,3.5,270,330,2.2,1886,270,-5.7,16,1634,39.3,4,1019,1028.5,858,1023.4,1717,1026.1,11.4,9.5,1200,2.33,15.79,,,,,,.9,0,10.5,-4,,,,,,,,,,,,,{박무}0420-{박무}{강도0}0600-{박무}{강도0}0900-1030. {연무}1020-{연무}{강도0}1200-1340.,
143,대구,2000-03-03,9.2,1.3,725,16.9,1549,2.08,,,,,.5,6,230,1659,3.5,230,1700,1.7,1481,70,-4.4,14,1600,42.9,4.6,1014.8,1026.3,639,1018,1653,1021.8,11.5,6.3,1200,2.2,12.83,,,,,,6.3,3.1,11.4,-2.6,,,,,,,,,,,,1.9,{박무}0430-{박무}{강도0}0600-0640.  {연무}1120-{연무}{강도0}1200-{연무}{강도0}1500-1640.  {비}2155-{비}{강도0}2400-,
143,대구,2000-03-04,9.7,7.4,636,12.8,1528,2.5,,,,,1.4,6,270,1243,4.7,270,1300,2.1,1801,290,2,31,1318,61.9,7.3,1008.2,1018.3,0,1012.6,1514,1015.1,11.5,.3,1200,1.1,6.78,,,,,,6.8,3.5,9.1,.6,,,,,,,,,,,,,-{비}-0050.  {비}0110-0245.  {비}0315-0320.  {박무}0330-{박무}{강도0}0600-{박무}{강도0}0900-1130.,
143,대구,2000-03-05,8.2,2.3,623,14,1528,,,,,,,6,160,1200,3.9,90,1920,1.8,1595,50,-3,14,1611,50.3,5.1,1008,1018,740,1012.1,1613,1015,11.5,9.4,1200,2.68,17.22,,,,,,2.5,.5,10.7,-3,,,,,,,,,,,,,{박무}0330-{박무}{강도0}0600-{박무}{강도0}0900-1040.,
143,대구,2000-03-06,7.5,1.3,722,15.1,1442,,,,,,,13,290,1701,8.3,290,1640,3.2,2752,290,-7.7,11,1500,41,3.9,1007.3,1016.8,2400,1010.4,1521,1014.3,11.6,9.5,1200,2.74,17.85,,,,,,.5,.5,11.6,-5,,,,,,,,,,,,,{연무}1940-{연무}{강도0}2100-2320.,
143,대구,2000-03-07,1.9,-2,558,7.2,1457,,,,,,,12,270,1619,7.4,320,1000,5,4293,320,-18.4,11,1611,21.6,1.4,1012.1,1021.7,832,1016.5,1620,1019.3,11.6,10.6,1200,2.76,19.27,,,,,,0,0,6.3,-4.3,,,,,,,,,,,,,,
143,대구,2000-03-08,1.6,-3.7,545,8,1439,,,,,,,13,290,1407,8,290,1400,4.2,3644,290,-13.2,18,1411,33,2.3,1013.2,1022.5,821,1017.3,1442,1020.3,11.7,10.5,1200,2.83,19.44,,,,,,1.5,1,5.2,-6.7,,,,,,,,,,,,,,
143,대구,2000-03-09,3.1,-1.8,614,8.2,1550,,,,,,,11,290,1650,6.4,320,1600,4.2,3638,290,-13.3,17,1313,30,2.3,1018.6,1028,2356,1022.5,0,1025.8,11.7,10.2,1200,2.83,19.62,,,,,,1.3,1.1,6.8,-5.3,,,,,,,,,,,,,,
143,대구,2000-03-10,6,-1.3,626,11.5,1554,,,,,,,7,270,1149,3.4,320,10,1.9,1674,290,-8.6,17,1555,38.4,3.3,1018.8,1030.3,820,1021.5,1759,1025.9,11.7,8.8,1200,2.86,18.15,,,,,,4.3,1.3,11.8,-7.3,,,,,,,,,,,,,,
143,대구,2000-03-11,8.3,5.4,720,11.9,1537,,,,,,,6,320,1845,3.6,320,1850,2.2,1868,290,-2.4,38,1656,47.3,5.2,1010,1023.7,20,1012.7,1720,1017,11.8,.1,1300,1.44,8.82,,,,,,10,10,10.8,3.7,,,,,,,,,,,,,{연무}1020-{연무}{강도0}1200-{연무}{강도0}1500-{연무}{강도0}1800-1940.,
143,대구,2000-03-12,8.7,4.7,700,13.6,1657,,,,,,,8,270,1657,5,290,1700,2.6,2219,290,-6.2,13,1656,40.5,4.2,1007.4,1016.8,2400,1012.2,1632,1014.3,11.8,10.1,1200,2.6,17.83,,,,,,1.3,1.3,12.4,-1.2,,,,,,,,,,,,,{박무}0310-{박무}{강도0}0600-{박무}{강도0}0900-1020.  {연무}1010-{연무}{강도0}1200-1240.,
143,대구,2000-03-13,8.9,3.8,643,14,1446,,,,,,,9,270,1122,5.5,290,1130,3.5,3031,290,-12.3,12,1331,22.1,2.4,1013.4,1022.1,2355,1016.8,0,1020.4,11.8,10.5,1200,2.86,19.29,,,,,,2.8,0,13.2,-2.1,,,,,,,,,,,,,,
143,대구,2000-03-14,9,5.3,729,14.8,1508,,,,,,,9,320,1437,5.4,320,1430,2.7,2308,320,-11.4,11,1659,23.9,2.6,1015.5,1024.7,924,1020.4,1553,1022.5,11.9,9.8,1200,2.8,19.16,,,,,,2.4,.8,11.6,-1.8,,,,,,,,,,,,,,
143,대구,2000-03-15,7.9,-.6,648,15.5,1430,5.25,,,,,11,8,250,1844,4.5,230,1850,2,1748,50,-6.2,11,1213,44.6,4.4,1008.8,1022.6,455,1008.3,2400,1015.8,11.9,7,1100,2.68,16.44,,,,,,5.6,2.6,13.1,-5.1,,,,,,,,,,,,18.7,{비}1845-{비}{강도0}2100-{비}{강도0}2400-  {박무}2220-{박무}{강도0}2400-,
143,대구,2000-03-16,5.9,3.4,528,9.7,1343,5.75,,,,,7.7,11,290,1320,6.8,290,1340,3.4,2906,290,.1,44,1344,68.6,6.2,1001.5,1014.4,2358,1004.2,429,1008.5,12,5.1,1200,2.54,14.4,,,,,,6.8,5.6,8,-2.1,,,,,,,,,,,,,-{비}-{비}{강도0}0300-0545.  -{박무}-{박무}{강도0}0300-{박무}{강도0}0600-0850.,
143,대구,2000-03-17,7.9,1,652,14.4,1539,,,,,,,7,270,1347,4,270,1550,1.7,1434,270,-4.9,18,1540,45,4.3,1011.4,1020.4,2352,1014.4,0,1018.3,12,10.5,1200,2.89,19.69,,,,,,0,0,8.7,-4.2,,,,,,,,,,,,,{박무}0420-{박무}{강도0}0600-0640.,
143,대구,2000-03-18,9.9,2.7,709,17.3,1454,,,,,,,10,320,1236,5.1,270,1610,2,1744,50,-3.4,18,1450,43,4.8,1010.9,1021.8,829,1014.2,1637,1017.8,12,9.3,1200,2.47,17.32,,,,,,2.3,.4,11.5,-1,,,,,,,,,,,,,,
143,대구,2000-03-19,9.3,5.8,2349,14.3,1156,,,,,,,14,290,1256,7.2,320,1300,2.7,2318,320,-.2,22,1255,53,6.1,1007.2,1019.6,2343,1010.5,1136,1014.1,12.1,8.8,1200,2.75,18.12,,,,,,3.5,2.3,11.7,1.9,,,,,,,,,,,,,{황사}1220-{황사}{강도0}1500-1640.,
143,대구,2000-03-20,8.3,3.5,630,14.1,1538,,,,,,,6,140,1930,4,140,1940,2.1,1791,140,-2.5,22,1326,49.3,5.1,1013.9,1024.1,832,1017.8,1729,1020.9,12.1,10.2,1200,2.96,20.48,,,,,,3.3,1.8,14.6,.9,,,,,,,,,,,,,,
143,대구,2000-03-21,9.1,4.5,741,14.1,1630,,,,,,,8,270,1601,4.2,320,1650,1.9,1628,20,0,34,1652,54.1,6.1,1011.8,1021.8,2354,1015,1601,1018.8,12.1,2.8,1400,2.16,11.76,,,,,,6.6,1.6,13.8,-.1,,,,,,,,,,,,,,
143,대구,2000-03-22,7.8,4.4,640,11.6,1357,,,,,,,10,90,900,7.5,90,910,3.9,3389,90,-1.1,38,1306,54.3,5.6,1017.3,1027.1,1010,1021.6,5,1024.3,12.2,8.7,1200,2.94,19.09,,,,,,1.4,1,12.4,1,,,,,,,,,,,,,,
143,대구,2000-03-23,6.6,2.8,624,9.7,1710,3.17,,,,,2.1,10,270,2015,5.9,290,2340,2.3,2019,270,-.8,29,2133,62.6,6.1,1007,1022.7,126,1008.7,1705,1014,12.2,.2,1400,1.19,5.28,,,,,,9,3.6,7.8,.3,,,,,,,,,,,,2.1,{박무}0940-{박무}{강도0}1200-{박무}{강도0}1500-1520.{비}1020-{비}{강도0}1200-1330.{황사}1650-{황사}{강도0}1800- {황사}{강도0}2100-{황사}{강도0}2400-,
143,대구,2000-03-24,6.5,3.4,2400,11.2,1425,,,,,,,13,290,1052,8.8,290,1520,5.1,4411,290,-12.5,14,1145,25.4,2.4,1007.3,1019.4,2357,1011.7,1512,1014.3,12.3,11.2,1200,2.96,21.64,,,,,,0,0,10,1.3,,,,,,,,,,,,,-{황사}-{황사}{강도0}0300-{황사}{강도0}0600-{황사}{강도0}0900-{황사}{강도0}1200-{황사}{강도0}1500-{황사}{강도0}1800-1830.,
143,대구,2000-03-25,7.6,2,524,13.5,1540,,,,,,,15,320,1339,8.9,270,1400,4.5,3903,290,-11.2,14,1336,26,2.7,1011.3,1021.4,828,1014.2,1646,1018.3,12.3,11.2,1200,3.04,21.82,,,,,,.1,.1,12.1,-4.4,,,,,,,,,,,,,,
143,대구,2000-03-26,10.2,3.3,559,17.1,1443,,,,,,,10,250,1454,6.6,290,1500,2.6,2226,290,-8.6,13,1450,28.1,3.2,1009.3,1019.2,730,1012.9,1700,1016.2,12.3,10,1200,2.94,19.93,,,,,,.8,.4,13.6,-2.9,,,,,,,,,,,,,,
143,대구,2000-03-27,12.8,5.1,607,19.4,1355,,,,,,,10,250,1428,7,250,1430,2.5,2143,200,-3.1,13,1250,35.9,5.1,1005.3,1015.8,741,1009,2400,1012.2,12.4,8.4,1200,2.74,18.55,,,,,,4.1,2.1,16.6,-2.2,,,,,,,,,,,,2.3,{황사}1140-{황사}{강도0}1200-{황사}{강도0}1500-{황사}{강도0}1800-1840.,
143,대구,2000-03-28,10.6,7.2,2350,16.4,1252,5.03,,,,,4.7,16,290,1408,7.7,290,1410,3.1,2709,290,4.6,46,302,67.4,8.6,995.7,1009,0,997.2,1401,1002.5,12.4,3.3,1200,2.12,9.04,,,,,,9.3,4.6,10.4,6.2,,,,,,,,,,,,2.4,{비}0503-{비}{강도0}0600-0710.  {비}1355-{비}{강도0}1500-1650.  {뇌전}{강도0}(E 6-8)1325-{뇌전}{강도0}(E{이동}SE 4-5)1415-{뇌전}{강도0}(SE 4-5)1500-1540.,
143,대구,2000-03-29,8.3,5.8,2359,12.8,1655,,,,,,,9,290,450,5.7,290,500,3.9,3411,320,-1.2,34,1730,52.5,5.6,1003.1,1014.2,2351,1004.8,0,1010,12.4,6.1,1300,2.65,15.09,,,,,,4.9,4.1,12.7,3.2,,,,,,,,,,,,,{박무}0330-{박무}{강도0}0600-0720.,
143,대구,2000-03-30,10.8,4.1,441,17.6,1627,,,,,,,7,290,1122,4.3,290,1130,2.7,2348,290,-5.8,15,1319,34,4,1005.7,1016.3,919,1009.3,1640,1012.5,12.5,11.3,1200,3.02,22.18,,,,,,0,0,15.6,-.1,,,,,,,,,,,,,,
143,대구,2000-03-31,11.7,4.8,716,17.9,1602,,,,,,,8,340,1734,5.3,290,1800,2.2,1905,320,-3,20,1736,37.3,4.9,1003.3,1015.1,2357,1006.3,1554,1010.1,12.5,8.7,1200,2.77,17.3,,,,,,2.6,1.1,15.7,.9,,,,,,,,,,,,,,
143,대구,2000-04-01,12.4,5.2,647,18.7,1535,,,,,,,8,230,1508,4.5,290,1530,2.3,1972,290,-7.7,9,1525,27.8,3.6,1012.3,1021.2,1013,1015,0,1019.2,12.6,10.8,1200,3.11,22.23,,,,,,3,.4,18.7,-.2,,,,,,,,,,,,,,
143,대구,2000-04-02,11.9,7.8,619,16.5,1332,,,,,,,10,110,1133,7.4,90,1240,3.3,2833,90,-1.2,15,1050,43,5.8,1014.1,1022.9,726,1018.4,1723,1021,12.6,5.7,1200,2.55,16.5,,,,,,6.5,2.3,16.5,3.8,,,,,,,,,,,,,{햇무리}1130-1225.,
143,대구,2000-04-03,12.6,6.9,629,20.1,1537,,,,,,,9,110,2011,6.2,90,2010,2.4,2112,110,2.9,14,1706,57.6,7.8,1012.6,1021.6,845,1015.9,1648,1019.5,12.6,10.9,1200,3.02,21.83,,,,,,2.4,0,20,4.1,,,,,,,,,,,,,,
143,대구,2000-04-04,12.2,7,637,15.8,1400,,,,,,,5,250,1903,3.2,270,1920,2,1709,110,3.3,35,1400,58,7.9,1009.4,1020.5,25,1013.3,1849,1016.3,12.7,.3,1200,1.71,10.13,,,,,,7.8,4.9,14.8,6.1,,,,,,,,,,,,,,
143,대구,2000-04-05,11,6.7,2359,15.8,1505,,,,,,,12,320,1741,6.5,320,1150,3.4,2917,320,-4,10,1832,39.5,5.1,1005.1,1018.5,2346,1007.8,1537,1011.9,12.7,8.5,1400,2.19,16.25,,,,,,3.4,.4,16.2,2.9,,,,,,,,,,,,,,
143,대구,2000-04-06,10.2,3.8,608,16.6,1723,,,,,,,6,200,1833,4,290,50,2.3,2020,270,-9.2,11,1747,27.8,3.1,1011.7,1022,1013,1015.1,1730,1018.6,12.7,11.9,1200,3.28,24.52,,,,,,0,0,17.9,-1.4,,,,,,,,,,,,,,
143,대구,2000-04-07,11.8,6.1,534,20.3,1458,,,,,,,11,290,1606,7.2,320,2050,3.5,3037,290,-10.5,10,1800,22.1,3,1010.2,1021.3,2358,1012,1524,1017.1,12.8,10.3,1200,2.88,20.56,,,,,,.5,0,17.6,.7,,,,,,,,,,,,,{황사}1430-{황사}{강도0}1500-{황사}{강도0}1800-{황사}{강도0}2100-{황사}{강도0}2400-,
143,대구,2000-04-08,11.2,5.7,631,17.8,1527,,,,,,,6,140,1806,4.1,140,1830,2.4,2092,270,-11.8,9,1737,21.6,2.8,1015.5,1025.3,712,1019.9,1624,1022.4,12.8,11.2,1200,3.25,24.07,,,,,,1,0,18.9,.2,,,,,,,,,,,,,-{황사}-{황사}{강도0}0300-{황사}{강도0}0600-{황사}{강도0}0900-{황사}{강도0}1200-{황사}{강도0}1500-{황사}{강도0}1800-2020.,
143,대구,2000-04-09,11.8,5.1,549,18.7,1430,2.87,.1,2310,.2,2300,.2,7,320,1409,4.5,290,1410,2.2,1935,160,-.7,14,1438,47.6,6.1,1010,1022.7,3,1011.7,2400,1016.9,12.9,5.1,1200,2.64,15.26,,,,,,7.9,4.4,16.1,2.5,,,,,,,,,,,,1.4,{박무}0120-{박무}{강도0}0300-0540.  {비}1935-1942.  {비}2010-2045.  {비}2120-2150.  {비}2220-{비}{강도0}2400-,
143,대구,2000-04-10,9.1,3.9,2400,13.1,749,2.83,.3,220,.7,100,1.2,16,320,1345,9.9,320,1350,4.6,3944,320,-3.4,15,1446,49.5,6.2,1003.4,1016.4,2400,1005.6,724,1010.3,12.9,7.5,1200,3.38,19.32,,,,,,4,2.1,13.8,1.8,,,,,,,,,,,,,-{비}-0240.  {비}0435-0445.  {박무}0030-{박무}{강도0}0300-{박무}{강도0}0600-0845.,
143,대구,2000-04-11,10.6,2.5,606,17.9,1534,,,,,,,15,270,1429,9.1,270,1430,4.6,3948,290,-9.1,14,1504,26.3,3.1,1005.2,1016.7,403,1007.3,1600,1012,12.9,11.4,1100,3.09,23.54,,,,,,.6,0,16.2,-2.3,,,,,,,,,,,,,,
143,대구,2000-04-12,14.1,7,637,20.7,1600,,,,,,,8,230,1534,4.7,250,1540,2.6,2279,250,-4.9,13,1552,27.8,4.3,1000.3,1010.6,655,1002.8,1629,1007.1,13,10,1100,3.11,21.36,,,,,,3.4,.3,19.5,2.8,,,,,,,,,,,,,,
143,대구,2000-04-13,17.1,8.3,703,25.3,1627,,,,,,,9,270,1623,5.5,290,1630,2.5,2133,290,1.3,11,1634,38.6,7,1000.4,1009.5,900,1003.5,1652,1007.1,13,8.5,1200,2.75,19.41,,,,,,2,0,22,2.4,,,,,,,,,,,,,{연무}1110-{연무}{강도0}1200-1430.,
143,대구,2000-04-14,14.9,12.2,613,19.4,1449,,,,,,,8,110,1628,5.8,110,1640,3,2568,140,-1.9,11,1235,34.9,5.7,1003.8,1012.9,959,1008.5,10,1010.6,13,5.1,1200,2.47,15.69,,,,,,7.5,3.8,20.6,11.3,,,,,,,,,,,,,{햇무리}0940-1520.,
143,대구,2000-04-15,11.4,9.1,2117,14,1357,1.78,0,,0,,0,11,110,1736,7.2,110,1810,3.3,2815,110,4.6,51,118,63.1,8.6,1002.9,1012.5,2332,1007.5,1559,1009.8,13.1,.2,1500,1.26,8.56,,,,,,9.3,8.1,15.5,7.8,,,,,,,,,,,,.1,{비}0958-1050.  {비}1840-1855.  {비}2320-{비}{강도0}2400-,
143,대구,2000-04-16,12.5,7.4,636,17.5,1516,.58,.1,14,.1,0,.1,9,320,1458,5.9,270,1550,2.3,2013,290,-1.9,18,2055,42.6,5.7,1005.6,1014.3,821,1010.4,1506,1012.5,13.1,8.7,1100,3.06,19.37,,,,,,2.9,2.8,18.4,3.4,,,,,,,,,,,,,-{비}-0035.,
143,대구,2000-04-17,15.3,8,654,22,1445,,,,,,,12,290,1451,6.8,290,1500,3,2585,270,-1,18,1454,33.9,5.8,1007.5,1017,2400,1012.1,1527,1014.3,13.1,9.1,1300,2.92,20.85,,,,,,1.1,.6,20.2,2.2,,,,,,,,,,,,,,
143,대구,2000-04-18,15.7,9.7,656,20.4,1406,,,,,,,8,270,1125,5.4,270,1130,2,1726,270,2.2,15,1231,43.4,7.4,1009.3,1019.4,712,1013.4,1731,1016.1,13.2,5.1,1000,2.64,16.61,,,,,,6.1,3,20.9,3.9,,,,,,,,,,,,7.6,,
143,대구,2000-04-19,12.2,10.6,1151,15.5,10,12.18,2,1050,7.1,1000,23.9,7,250,1059,4.4,270,1120,2.2,1926,290,10.4,58,0,88.5,12.6,1002.3,1014.7,3,1006.1,1542,1009.1,13.2,0,1200,.41,1.67,,,,,,8.8,5,12.9,7.8,,,,,,,,,,,,16.3,{비}0140-0235. {비}0345-{비}{강도0}0600-{비}{강도0}0900-{비}{강도0}1200-1305. {비}1534-1730. {박무}0320-{박무}{강도0}0600-{박무}{강도0}0900-{박무}{강도0}1200-{박무}{강도0}1500-{박무}{강도0}1800-1930.,
143,대구,2000-04-20,13.3,11.1,623,17.1,1604,,,,,,,10,110,1244,5.8,90,1710,3.2,2745,110,7.7,50,1339,70.1,10.6,1005.9,1015.6,945,1010.6,1716,1012.7,13.2,10.7,1100,3.37,20.67,,,,,,6.4,4.5,15.7,7.3,,,,,,,,,,,,0,,
143,대구,2000-04-21,13.7,10.5,550,17.6,1624,2.83,0,,0,,0,7,270,1331,4.9,270,1530,2.4,2081,270,8.2,44,1800,70.6,10.9,1000.5,1011.7,4,1005.1,1625,1007.3,13.3,1.8,1500,2,10.69,,,,,,6.6,6,14.5,10.2,,,,,,,,,,,,0,{박무}0430-{박무}{강도0}0600-{박무}{강도0}0900-1120.  {비}0610-0725.  {비}1250-1425.,
143,대구,2000-04-22,14.3,10.4,2400,20.8,1548,,,,,,,11,270,1556,6.8,270,1600,3.5,3018,250,.7,21,2318,43.4,6.9,997.5,1007.4,513,997.9,1634,1004.3,13.3,6.7,1100,2.84,17.6,,,,,,4,1.8,16.7,8.6,,,,,,,,,,,,,,
143,대구,2000-04-23,13.1,8.8,505,18.2,1503,,,,,,,12,270,1002,8.1,270,1720,4.7,4084,290,-6.5,18,1443,25.3,3.8,999.3,1009.5,2352,1003.1,1604,1006.1,13.3,10.9,1300,3.2,23.04,,,,,,1,1,19.4,5.7,,,,,,,,,,,,,,
143,대구,2000-04-24,14.6,7.8,526,20,1504,,,,,,,11,290,1401,6.6,290,1310,3.4,2974,290,-7.1,13,1645,22.9,3.6,1003.7,1012.2,2400,1008.8,1624,1010.5,13.4,11.3,1200,3.27,24.11,,,,,,3.4,0,19.6,4.3,,,,,,,,,,,,,,
143,대구,2000-04-25,15.5,10.7,507,21.4,1524,.92,0,,0,,0,9,230,1720,5.7,230,1750,2,1720,200,-1.6,19,2149,32.5,5.5,1002.5,1013.3,806,1005.9,1609,1009.2,13.4,2.2,1300,2.68,12.75,,,,,,9.1,4,20,8.4,,,,,,,,,,,,.6,{비}2220-2315.,
143,대구,2000-04-26,12.6,10.4,632,16.9,1708,4.5,.2,610,.3,600,.6,6,290,2118,4,320,2120,2,1749,110,8.6,48,2000,78.3,11.4,994.6,1006.4,14,998.2,1621,1001.4,13.4,1.1,1500,1.38,6.47,,,,,,7,3.9,14.2,8.8,,,,,,,,,,,,0,{비}0510-{비}{강도0}0600-{비}{강도0}0900-0940.  {박무}0520-{박무}{강도0}0600-{박무}{강도0}0900-{박무}{강도0}1200-{박무}{강도0}1500-1630.  {황사}1840-{황사}{강도0}2100-{황사}{강도0}2400-,
143,대구,2000-04-27,11.3,8.9,2253,16.3,1639,1.58,.1,1950,.1,1930,.1,8,140,1919,4.5,140,1920,2.1,1776,110,6,42,1635,71.1,9.5,999.2,1011.6,2400,1002.7,252,1006,13.5,.6,1200,1.54,7.9,,,,,,9,6.1,12.1,5.8,,,,,,,,,,,,.1,-{황사}-{황사}{강도0}0300-0330.  {비}0930-1020.  {비}1930-2015.,
143,대구,2000-04-28,13.4,7.6,502,19.2,1418,,,,,,,10,320,1206,5.3,320,1210,2.5,2190,110,3.7,26,1629,56.9,8.1,1006.9,1016.8,2400,1011.6,0,1013.7,13.5,7.6,1300,3.03,20.53,,,,,,3,2.6,18.8,6,,,,,,,,,,,,,{박무}0520-{박무}{강도0}0600-0820.,
143,대구,2000-04-29,16.2,7.8,617,22.9,1614,,,,,,,7,200,1924,4.1,270,1410,1.8,1566,50,2,17,1737,44.8,7.3,1009.2,1019,835,1012.5,1800,1016,13.5,12,1200,3.26,25.2,,,,,,1.1,0,23.1,3.4,,,,,,,,,,,,1.1,,
143,대구,2000-04-30,14.9,11.4,830,19.3,1732,2.92,.2,750,.9,744,1.1,6,270,1256,4.1,270,1800,2,1727,270,6.9,35,1719,60.3,10.1,1003.9,1014.3,0,1006.8,1754,1010.7,13.6,5.9,1300,2.97,17.21,,,,,,5.1,4.4,19.1,9.8,,,,,,,,,,,,0,{비}0650-{비}{강도0}0900-0945.,
143,대구,2000-05-01,17.2,10,533,24.9,1642,,,,,,,13,250,1730,7.7,230,1640,3.1,2690,250,6.5,24,1359,54.8,9.9,1000.3,1010.6,916,1001.9,1629,1006.9,13.6,10.8,1200,2.87,22.7,,,,,,.4,0,23.9,5.4,,,,,,,,,,,,,{박무}0420-{박무}{강도0}0600-{박무}{강도0}0900-1150.,
143,대구,2000-05-02,14.9,11.4,2400,20.2,1609,,,,,,,10,110,1931,6.2,140,1930,3.2,2790,290,4.4,28,1600,52,8.5,1004.6,1014.6,2400,1007.6,1,1011.3,13.6,11,1300,3.09,24.6,,,,,,2.1,2.1,23.8,9,,,,,,,,,,,,,,
143,대구,2000-05-03,16.8,9.7,559,23.1,1637,,,,,,,8,270,1119,4.3,270,1300,2.2,1925,270,4.9,21,1641,51.3,8.9,1006.4,1014.8,740,1010.2,1743,1013.2,13.7,12.1,1200,3.19,24.81,,,,,,1.4,0,24.5,5.3,,,,,,,,,,,,,{박무}0520-{박무}{강도0}0600-0820.,
143,대구,2000-05-04,19.4,12.1,509,26.4,1629,,,,,,,5,270,1248,3.1,290,1550,1.8,1564,320,5.7,20,1343,44,9.3,1006.9,1015.3,750,1011,1657,1013.6,13.7,10.5,1100,2.8,21.45,,,,,,.3,.3,25.5,8.2,,,,,,,,,,,,,,
143,대구,2000-05-05,20.9,14.2,542,27.6,1602,,,,,,,8,250,1613,5,250,1710,2.1,1819,270,4.8,17,1729,38,8.7,1007.1,1016.1,733,1010.7,1735,1013.8,13.7,9.9,1200,2.74,20.32,,,,,,2.6,0,26.3,8.9,,,,,,,,,,,,0,,
143,대구,2000-05-06,17.4,12,2357,22.6,1604,.33,0,,0,,0,7,290,1106,5.1,290,1110,2.7,2315,270,4.5,15,1725,44.1,8.6,1006.7,1016.3,2355,1010.6,1701,1013.4,13.8,5.5,1300,2.95,17.2,,,,,,5.8,3.1,22.5,10.8,,,,,,,,,,,,,{비}0815-0835.,
143,대구,2000-05-07,16.5,9.3,511,23.6,1544,,,,,,,8,320,1822,4.7,320,1800,2.4,2105,270,.9,17,1545,40.6,6.7,1008.4,1017.1,755,1012.1,1631,1015.2,13.8,12.4,1200,3.23,25.64,,,,,,0,0,24.5,4.5,,,,,,,,,,,,,,
143,대구,2000-05-08,20.4,10.8,633,28.7,1616,,,,,,,7,250,1103,4.5,250,1110,2.4,2048,270,-1.1,13,1537,25.9,5.7,1008.6,1017.7,801,1012.6,1710,1015.2,13.8,11.7,1200,3.07,23.75,,,,,,.6,0,24.5,4.5,,,,,,,,,,,,,,
143,대구,2000-05-09,19.1,14,621,27,1427,,,,,,,10,140,1750,6.7,140,1750,3.5,2995,140,6.7,23,1233,47.6,10,1006.5,1015.4,753,1009.4,1550,1013.1,13.9,9.8,1200,2.86,22.33,,,,,,4.8,2.8,25.4,6.5,,,,,,,,,,,,,,
143,대구,2000-05-10,15.4,13.5,559,17.8,1642,4.87,.4,1704,1,1700,1.7,9,90,814,6.5,140,820,3.4,2916,110,12.2,68,2253,81.6,14.4,1001.8,1013.5,0,1005,1653,1008.5,13.9,.1,1100,.81,4.71,,,,,,8.8,5.3,15.3,11.1,,,,,,,,,,,,1.7,{박무}0430-{박무}{강도0}0600-{박무}{강도0}0900-{박무}{강도0}1200-{박무}{강도0}1500-{박무}{강도0}1800-1830. {비}1005-1145.{비}1245-1350. {비}1422-1450. {비}1651-{비}{강도0}1800-1830.,
143,대구,2000-05-11,15.6,11.6,456,19.4,1727,,,,,,,6,270,1,3.9,270,1750,1.3,1131,290,8.5,44,1710,64,11.2,999.8,1007.7,841,1004.4,1700,1006.5,13.9,2.3,1400,1.75,11.34,,,,,,6.1,6.1,17.3,6,,,,,,,,,,,,,,
143,대구,2000-05-12,18.1,12.9,543,23.2,1441,.58,0,,0,,0,7,270,1321,4.2,90,1910,1.8,1554,110,7.8,31,1442,53.1,10.7,1000.4,1008.6,2358,1005,1650,1007,13.9,8.7,1300,3.28,23.44,,,,,,4.9,4,24,6.7,,,,,,,,,,,,.5,{비}1905-1940.  {박무}2030-{박무}{강도0}2100-{박무}{강도0}2400-,
143,대구,2000-05-13,15.7,13.8,2400,18,1627,1.67,.3,416,.5,416,.5,7,90,1843,4.3,90,1620,2.2,1873,110,10.9,54,1618,73.9,13.1,1002.8,1011.1,2400,1008,208,1009.6,14,1.8,1500,1.51,8.88,,,,,,6.6,6.1,16.6,9.8,,,,,,,,,,,,0,-{박무}-{박무}{강도0}0300-{박무}{강도0}0600-{박무}{강도0}0900-{박무}{강도0}1200-1330.{비}0405-0520.{비}1305-1330.,
143,대구,2000-05-14,17.4,10.5,550,23.1,1530,,,,,,,7,90,1350,4.8,110,1900,2.4,2077,110,9.3,37,1533,61.8,11.8,1005.1,1013.7,753,1010.2,1756,1011.8,14,9.3,1100,3.25,24.14,,,,,,4,1.6,23.1,4.9,,,,,,,,,,,,0,,
143,대구,2000-05-15,19,14.9,530,24.7,1616,.42,0,,0,,0,7,290,1349,4.8,290,1410,2.5,2118,110,10.6,32,1616,60.3,12.9,1004.4,1012.5,741,1008.5,1650,1011.1,14,4.1,1300,2.56,16.94,,,,,,8.6,6.9,23.9,13.2,,,,,,,,,,,,0,{박무}0440-{박무}{강도0}0600-{박무}{강도0}0900-1120.  {연무}1110-{연무}{강도0}1200-1220.  {비}0825-0850.,
143,대구,2000-05-16,17.8,15.7,552,20.3,1430,5,1,2303,2,2250,2,5,140,18,3.4,140,20,1.9,1667,110,13.7,61,1450,77,15.7,1003.5,1011.9,0,1008.6,1814,1010.1,14,0,1100,.97,6.31,,,,,,9.9,6.3,19,12.9,,,,,,,,,,,,22.2,{박무}0120-{박무}{강도0}0300-{박무}{강도0}0600-{박무}{강도0}0900-{박무}{강도0}1200-{박무}{강도0}1500-{박무}{강도0}1800-{박무}{강도0}2100-{박무}{강도0}2400-  {비}0150-0210.  {비}0730-0745.  {비}0830-1035.  {비}1255-1320. {비}1550-1620.  {비}2235-{비}{강도0}2400-  {뇌전}{강도0}(NE 4-5)2245-2315.,
143,대구,2000-05-17,16.7,14.2,2400,21.5,1251,7.97,1.5,200,6.5,200,20.7,8,110,1310,6.5,110,1320,2.5,2174,110,13.3,47,1255,81.6,15.4,1003.5,1012.5,2257,1008.9,1454,1010.2,14.1,4.8,1000,3.1,16.76,,,,,,5.9,3.6,17,11,,,,,,,,,,,,.5,-{비}-{비}{강도0}0300-{비}{강도0}0600-0630.  {비}0740-0840.  {소나기}1305-1325.  {소나기}1512-1520.-{박무}-{박무}{강도0}0300-{박무}{강도0}0600-0710.  {뇌전}{강도0}(N 5~6)0030-{뇌전}{강도0}(N{이동}NE 4~5)0045-{뇌전}{강도0}(NE{이동}E 4~5)0110-0140.  {뇌전}{강도0}(SW 4~5)0215-{뇌전}{강도0}(SW{이동}Z 3~4)0230-{뇌전}{강도0}(Z 2~3)0250-{뇌전}{강도0}(Z 2~3)0300-0340.  {뇌전}{강도0}(SE 5~6)1315-1323.,
143,대구,2000-05-18,17.7,11.4,542,23.2,1517,,,,,,,5,140,2018,3.7,140,2040,1.8,1567,90,12,43,1525,71.3,14.1,1003.7,1013,814,1008.3,1841,1010.4,14.1,1.5,1400,2.24,16.47,,,,,,7.1,3.6,18.5,9.3,,,,,,,,,,,,0,{박무}0220-{박무}{강도0}0300-{박무}{강도2}0600-{박무}{강도0}0900-{박무}{강도0}1200-1320.,
143,대구,2000-05-19,19.1,14.8,526,25.5,1403,.92,0,,0,,0,7,290,1453,4.3,110,820,2.4,2107,110,11.7,30,1405,65.1,13.9,1000.4,1009.6,44,1004,1702,1007.1,14.1,6.8,1200,2.9,19.09,,,,,,5.3,2.5,18.7,12.6,,,,,,,,,,,,0,{박무}0330-{박무}{강도0}0600-{박무}{강도0}0900-1040. {연무}1030-{연무}{강도0}1200-1330. {비}0805-0850. {소나기}1835-1845. {천둥}{강도0}(N)1840-1843.,
143,대구,2000-05-20,19.3,16.6,305,23.1,1345,.78,2.7,1010,3,943,3,9,270,1324,5.3,290,1220,2.7,2340,320,11.2,35,1324,60.9,13.4,1000.4,1010.5,2348,1005.2,414,1007,14.1,4.9,1300,3.23,16.52,,,,,,5.1,4.3,19.5,10.5,,,,,,,,,,,,3,{박무}0420-{박무}{강도0}0600-{박무}{강도0}0900-0930.  {소나기}0943-1030.  {천둥}{강도0}(NW)1012-1018.,
143,대구,2000-05-21,20.6,13,606,27.2,1708,,,,,,,7,180,1853,3.9,180,1920,1.9,1657,290,9.7,28,1708,53.5,12.2,1005,1013.3,959,1009.2,1738,1011.6,14.2,12.5,1200,3.37,27.15,,,,,,0,0,24.8,7.1,,,,,,,,,,,,,{박무}0030-{박무}{강도0}0300-{박무}{강도0}0600-0830.,
143,대구,2000-05-22,23.5,16.7,556,29.6,1714,,,,,,,7,290,1129,4.6,290,1200,1.8,1512,290,11.4,27,1114,49.4,13.7,1005,1013.4,727,1009.5,1517,1011.5,14.2,9.7,1200,2.81,20.37,,,,,,2,1,25.8,11.6,,,,,,,,,,,,,,
143,대구,2000-05-23,25.6,19.4,610,32.5,1631,,,,,,,7,270,1828,4.5,290,1830,2.2,1872,290,9.6,16,1830,41,12.3,1004.8,1013.7,835,1008.5,1905,1011.3,14.2,10.5,1200,3.07,23.98,,,,,,1.3,0,29,14.6,,,,,,,,,,,,,{박무}0420-0540.,
143,대구,2000-05-24,26,18.9,525,32.6,1546,,,,,,,7,20,1242,3.5,270,1350,2,1762,270,10.1,20,1547,39.5,12.5,1005.4,1014.1,739,1009.7,1710,1011.9,14.2,12.2,1200,3.12,25.49,,,,,,1,0,31.5,14.4,,,,,,,,,,,,,,
143,대구,2000-05-25,26.5,18.1,543,33.6,1602,,,,,,,5,230,1940,2.7,270,1200,1.6,1343,50,9.4,14,1613,39,12.1,1004.9,1013.8,745,1008.5,1653,1011.3,14.3,11,1200,3.22,25.01,,,,,,3.3,0,32.4,13.9,,,,,,,,,,,,,,
143,대구,2000-05-26,22.4,17.5,2221,26.9,1227,8.17,2.6,2057,11.2,2054,21.7,9,250,1555,4.5,200,1550,1.9,1659,50,13,31,1414,58.8,15.2,1002.6,1010.9,21,1005.4,2359,1009.1,14.3,0,1100,1.07,7.68,,,,,,9.5,4,23.5,16.8,,,,,,,,,,,,24.7,{비}1550-{비}{강도0}1800-{비}{강도1}2100-{비}{강도0}2400-,
143,대구,2000-05-27,21.2,17.4,242,26.1,1448,5.42,.4,154,1.2,140,3,7,230,1822,4.6,270,2000,2.3,1972,290,17.4,60,1559,80,19.9,992.1,1005.4,0,994.8,1738,998.6,14.3,1.8,1300,2.7,12.3,,,,,,9.5,6,22.2,16.8,,,,,,,,,,,,0,-{비}-{비}{강도0}0300-0445. {박무}0420-{박무}{강도0}0600-{박무}{강도0}0900-{박무}{강도0}1200-1420. {비}2010-2050.,
143,대구,2000-05-28,21.8,19.4,2329,25,1544,,,,,,,11,290,1413,7,290,1420,3.9,3367,290,10.8,32,1702,50.6,13.2,997.2,1009.6,2350,998.6,46,1003.7,14.3,8.7,1200,3.04,20.91,,,,,,4,3.6,20.6,13,,,,,,,,,,,,,,
143,대구,2000-05-29,23.2,14.6,527,29.9,1545,,,,,,,6,290,1233,3.7,320,1240,2.1,1775,290,7.5,18,1304,40.9,10.6,1004.4,1013.3,825,1009.1,1731,1010.9,14.3,12.2,1200,3.35,25.98,,,,,,2.5,0,26.1,10.7,,,,,,,,,,,,,,
143,대구,2000-05-30,20.3,16.2,427,25.2,1343,3.55,.1,,.1,,.1,6,270,1407,4.5,250,1630,1.8,1523,270,9.4,28,1431,51.1,12,1001.3,1010.7,30,1005.7,1545,1007.8,14.4,.2,1200,1.8,11.22,,,,,,8.5,4,21.1,10.1,,,,,,,,,,,,.6,{비}1557-1740. {비}2050-{비}{강도0}2100-2240.,
143,대구,2000-05-31,20.5,15.6,343,26,1646,3.17,.1,323,.2,250,.5,5,270,1658,3.7,270,1900,1.7,1479,290,13.1,39,1618,64.3,15.2,996.9,1006.4,2400,1001.3,1719,1003.4,14.4,3.8,1200,2.16,14.74,,,,,,6.4,1.9,22.5,14,,,,,,,,,,,,,{비}0230-{비}{강도0}0300-0350. {비}0440-{비}{강도0}0600-0630. {박무}0830-{박무}{강도0}0900-1140. {연무}1130-{연무}{강도0}1200-1420.,
143,대구,2000-06-01,21.5,16.7,518,27.6,1315,,,,,,,8,140,1853,5.2,140,2030,2.3,1987,140,14.4,39,1312,66.1,16.6,1004.2,1014.9,2356,1006.3,1,1010.8,14.4,7.8,1100,3.09,20.75,,,,,,3.8,1.3,26.3,12.9,,,,,,,,,,,,,{박무}0420-{박무}{강도0}0600-{박무}{강도0}0900-1040.  {박무}2040-{박무}{강도0}2100-{박무}{강도0}2400-,
143,대구,2000-06-02,21.2,16.4,505,25.9,1635,,,,,,,6,90,10,4.4,110,20,1.8,1555,110,15.3,52,1635,69.5,17.5,1006.6,1015.8,839,1010.8,1719,1013.2,14.4,.4,1100,1.77,12.7,,,,,,9,2.8,24.9,14.8,,,,,,,,,,,,,-{박무}-{박무}{강도0}0300-{박무}{강도0}0600-{박무}{강도0}0900-{박무}{강도0}1200-1420. {연무}1410-{연무}{강도0}1500-{연무}{강도0}1800-1830. {박무}1820-{박무}{강도0}2100-{박무}{강도0}2400-,
143,대구,2000-06-03,20.3,18,2344,24.4,1406,,,,,,,9,140,1409,5.7,110,1620,4,3456,110,15.2,54,1406,72.8,17.3,1003.2,1012,0,1008.1,1348,1009.8,14.4,1.7,1200,2.32,16.98,,,,,,9.3,4.6,23.7,16.9,,,,,,,,,,,,,-{박무}-{박무}{강도0}0300-{박무}{강도0}0600-{박무}{강도0}0900-{박무}{강도0}1200-1230.  {연무}1220-{연무}{강도0}1500-1520.  {박무}1510-{박무}{강도0}1800-{박무}{강도0}2100-{박무}{강도0}2400-,
143,대구,2000-06-04,22.3,16.2,542,29,1609,,,,,,,7,140,1324,4.1,160,1340,2.3,1987,110,8.2,15,1632,47,11.5,1002.4,1010.3,0,1007.2,1649,1009,14.4,10.2,1300,3.33,25.05,,,,,,4.9,.6,29.4,13.7,,,,,,,,,,,,,-{박무}-{박무}{강도0}0300-{박무}{강도0}0600-0840.,
143,대구,2000-06-05,25,16.7,611,32.7,1436,,,,,,,6,110,1626,4.2,90,1630,1.5,1296,50,8.2,17,1437,37,11.1,1001.2,1009.9,0,1004.9,1550,1007.7,14.4,9.3,1200,3.26,23.17,,,,,,3.3,1.3,31.3,11.5,,,,,,,,,,,,,,
143,대구,2000-06-06,26.3,20.9,452,31.5,1419,,,,,,,10,290,1150,6.3,290,1200,3.3,2851,290,5.4,13,1439,28,9.3,1000.2,1008.2,807,1004.6,1614,1006.7,14.5,12.8,1200,3.51,29,,,,,,.3,0,32.8,16.2,,,,,,,,,,,,,,
143,대구,2000-06-07,26,21.1,511,32.4,1532,,,,,,,7,270,1231,4.5,270,1200,2.7,2333,290,8.1,21,1542,31.9,10.9,998.9,1007.7,603,1002.7,1712,1005.3,14.5,9.6,1200,3.14,23.98,,,,,,4.6,1,32.2,16.7,,,,,,,,,,,,,,
143,대구,2000-06-08,22.2,18.2,2322,28.2,1404,7.25,1.8,2040,7.1,2032,15.1,9,270,1130,5.9,270,1150,2.1,1814,110,12.6,31,0,58,15.2,995.2,1004.8,107,998.9,1639,1001.7,14.5,3.2,1100,3.03,14.94,,,,,,9.1,4.8,24.8,15.6,,,,,,,,,,,,15.4,{비}1645-{비}{강도0}1800-{비}{강도0}2100-{비}{강도0}2400- {박무}1845-{박무}{강도0}2100-{박무}{강도0}2400-,
143,대구,2000-06-09,18.3,15.3,2337,22.6,1445,8,1.5,1558,2.5,1540,5.5,10,90,1946,5.9,110,1950,3.5,3024,110,14.2,55,1426,77.4,16.3,1000.6,1012.8,2316,1000.7,11,1007.2,14.5,2.1,1300,2.78,12.83,,,,,,9.1,5.3,20.8,14.3,,,,,,,,,,,,6.1,-{박무}-{박무}{강도0}0300-0440.  -{비}-0210.  {비}0953-1050.  {소나기}1442-{소나기}{강도0}1500-1640.  {소나기}1745-{소나기}{강도0}1800-1810.  {소나기}1920-1940.  {소나기}2050-{소나기}{강도0}2100-2150.  {소나기}2250-{소나기}{강도0}2400-,
143,대구,2000-06-10,17.2,15,316,20.4,1207,7.37,.4,1617,1.1,1600,2.2,6,110,1456,4,140,1540,2.5,2160,110,14.7,70,1209,85.4,16.9,1004.7,1012.9,703,1009.9,1458,1011.4,14.5,0,1000,1.63,7.49,,,,,,10,4.6,17.4,14.2,,,,,,,,,,,,1.3,-{소나기}-0045.  {소나기}0150-0225.  {소나기}0255-{소나기}{강도0}0300-0340.  {소나기}0420-0510.  {소나기}0605-0640.  {소나기}0658-0730.  {비}1550-{비}{강도0}1800-1810.  {비}1920-2020.  {박무}0810-{박무}{강도0}0900-{박무}{강도0}1200-{박무}{강도0}1500-{박무}{강도0}1800-{박무}{강도0}2100-{박무}{강도0}2400-,
143,대구,2000-06-11,19,16.3,303,23.5,1420,2,.4,2033,1.8,2019,2.1,10,110,1809,7.3,110,1800,2.9,2506,110,14.5,55,1421,75.6,16.6,1003.6,1011.7,2201,1008.8,1726,1010.3,14.5,3.3,1400,2.45,16.87,,,,,,8.3,5,20.8,14.1,,,,,,,,,,,,2.1,-{박무}-{박무}{강도0}0300-{박무}{강도0}0600-{박무}{강도0}0900-1030. {박무}2030-{박무}{강도0}2100-{박무}{강도0}2400-  {소나기}2010-{비}2040-{비}{강도0}2100-2210.,
143,대구,2000-06-12,19.4,16,2357,24.5,1536,,,,,,,7,90,1625,4.8,90,1840,2.9,2506,110,11.9,40,1537,63.6,14.1,1001.9,1011.1,0,1006.3,1647,1008.5,14.5,5.8,1300,3.21,22.32,,,,,,5.4,3.6,21.1,12.2,,,,,,,,,,,,,-{박무}-{박무}{강도0}0300-0330.,
143,대구,2000-06-13,21.8,13.1,515,28.5,1545,.83,0,,0,,0,7,290,1339,4.4,270,1410,2.4,2074,320,11.8,27,1439,56.3,14,998.1,1008,0,1001.3,1707,1004.6,14.5,12.1,1200,3.32,26.91,,,,,,2.3,1.3,26.9,10.5,,,,,,,,,,,,.2,{소나기}1932-1945.  {소나기}1950-1958.  {비}2318-2330.  {비}2343-{비}{강도0}2400-,
143,대구,2000-06-14,25.1,21.3,530,30.3,1601,2.32,.1,,.1,,.2,8,270,1605,5.1,230,1720,2.2,1901,290,11.1,23,1536,43.1,13.4,998.2,1007,2331,1002.3,1719,1004.7,14.5,7,1400,2.44,18.59,,,,,,3.6,2.6,30.4,18,,,,,,,,,,,,0,-{비}-0050. {비}0122-0140. {비}0210-0220. {비}0445-0458.{비}0757-0820. {소나기}1235-1255. {소나기}1340-1345.,
143,대구,2000-06-15,26.3,19.7,534,32.7,1525,,,,,,,7,270,1412,4,290,1230,1.7,1469,290,14.2,27,1429,49.5,16.4,1002.3,1011,2305,1006.9,1,1008.8,14.5,10.8,1200,3.15,24.29,,,,,,3.4,.6,31.4,14.3,,,,,,,,,,,,,{박무}0520-{박무}{강도0}0600-0830.  {연무}0820-{연무}{강도0}0900-{연무}{강도0}1200-1440.,
143,대구,2000-06-16,26.6,23.4,548,30.5,1618,,,,,,,6.9,290,902,4.7,270,1800,1.8,1555,270,16.5,35,1221,55.1,19,1005.2,1013.4,845,1009.8,1545,1011.7,14.5,4.9,1000,2.4,14.65,,,,,,8.1,4,28.7,20.4,,,,,,,,,,,,,{박무}0420-{박무}{강도0}0600-0740.{연무}0730-{연무}{강도0}0900-{연무}{강도0}1200-{연무}{강도0}1500-{연무}{강도0}1800-2050.{박무}2040-{박무}{강도0}2100-{박무}{강도0}2400-,
143,대구,2000-06-17,24.2,20.6,816,29.8,1638,,,,,,,8,160,819,6.4,90,1020,3.5,3024,110,15.4,33,1640,59.3,17.6,1004.5,1012.7,1102,1008.9,1805,1011,14.6,10.4,1200,3.2,26.4,,,,,,4.4,2.5,31,19.4,,,,,,,,,,,,,-{박무}-{박무}{강도0}0300-{박무}{강도0}0600-{박무}{강도0}0900-1130. {연무}1120-{연무}{강도0}1200-1320.,
143,대구,2000-06-18,24.7,18.4,509,31.8,1518,,,,,,,6,140,5,4,110,1820,2.5,2160,110,14,27,1936,55.3,16.2,1003.5,1012.1,657,1007.3,1744,1010,14.6,9.1,1200,3.02,24.09,,,,,,2.3,0,30.8,16.5,,,,,,,,,,,,,{박무}0420-{박무}{강도0}0600-{박무}{강도0}0900-1140.{연무}1130-{연무}{강도0}1200-1250.,
143,대구,2000-06-19,27.9,20.3,511,35,1519,,,,,,,6,320,1503,3.8,250,1210,1.7,1469,50,15.3,23,1437,48.8,17.8,1002.1,1010.5,656,1006.2,1642,1008.6,14.6,11.9,1100,2.61,21.61,,,,,,.6,0,34.1,16.7,,,,,,,,,,,,,{박무}0820-{박무}{강도0}0900-1130.{연무}1120-{연무}{강도0}1200-1340.,
143,대구,2000-06-20,27.7,22.8,512,33.2,1335,,,,,,,6,250,1354,4.4,270,1640,1.7,1469,290,17.6,27,1249,56.5,20.4,1001.1,1009.7,743,1006,2208,1007.6,14.6,5.9,1100,2.72,16.67,,,,,,5.6,3.3,31.6,18.6,,,,,,,,,,,,,{박무}0030-{박무}{강도0}0300-{박무}{강도0}0600-{박무}{강도0}0900-0950.  {연무}0940-1140. {연무}1540-1650.  {박무}1640-{박무}{강도0}1800-{박무}{강도0}2100-{박무}{강도0}2400-,
143,대구,2000-06-21,26.9,23.2,2344,33,1445,,,,,,,11,90,1954,6.8,90,2000,2.2,1901,140,15.7,30,1446,52.1,18,1000.8,1009,2307,1005.1,1610,1007.2,14.6,8,1300,2.95,20.11,,,,,,5.6,2.1,35.1,21.4,,,,,,,,,,,,11.9,-{박무}-{박무}{강도0}0300-0520.  {박무}0730-0830. {햇무리}0940-1150.,
143,대구,2000-06-22,21.5,20.3,622,23.4,1,14.9,1.2,650,3.6,650,13.8,6,90,1722,3.5,110,1510,2.4,2074,110,19.4,70,1,87.8,22.6,999.2,1009,215,1003.6,1805,1005.7,14.6,0,1100,.49,3.59,,,,,,10,5.9,20.8,18.9,,,,,,,,,,,,2,{비}0110-{비}{강도0}0300-{비}{강도0}0600-{비}{강도0}0900-1140.  {비}1240-1430.  {비}2126-{비}{강도0}2400-  {박무}0220-{박무}{강도0}0300-{박무}{강도0}0600-{박무}{강도0}0900-{박무}{강도0}1200-{박무}{강도0}1500-{박무}{강도0}1800-{박무}{강도0}2100-{박무}{강도0}2400-,
143,대구,2000-06-23,24,20.7,9,28.3,1532,1.75,.1,,.1,,.1,6,270,1749,4,110,2020,1.9,1642,270,19.5,55,1533,76.9,22.7,997.9,1005.8,2333,1002.5,1524,1004.3,14.6,.7,1000,1.8,13.59,,,,,,9.8,6.6,24.2,18.8,,,,,,,,,,,,.5,-{비}-0145. -{박무}-{박무}{강도0}0300-{박무}{강도0}0600-0840. {박무}2030-{박무}{강도0}2100-{박무}{강도0}2400-,
143,대구,2000-06-24,21.2,20.1,916,22.4,1630,5.25,2.6,1036,8.8,1035,12.6,6,140,26,4,110,100,3,2592,110,18.9,79,2127,86.8,21.9,999.5,1007.7,2201,1004.9,1627,1006.1,14.6,0,1300,1.01,5.11,,,,,,10,5.3,20.9,19.2,,,,,,,,,,,,12.1,-{박무}-{박무}{강도0}0300-{박무}{강도0}0600-{박무}{강도0}0900-{박무}{강도0}1200-{박무}{강도0}1500-{박무}{강도0}1800-{박무}{강도0}2100-2230.  {비}0820-{비}{강도0}0900-{비}{강도0}1200-1335.,
143,대구,2000-06-25,23.4,20.2,528,26.9,1611,,,,,,,6,110,1139,3.8,140,850,2,1728,140,19.3,65,1349,77.5,22.4,1001.4,1009,804,1006.8,1,1007.9,14.6,1,1300,2.56,14.15,,,,,,9.5,4.6,23,19.3,,,,,,,,,,,,.1,{박무}0340-{박무}{강도0}0600-{박무}{강도0}0900-{박무}{강도0}1200-{박무}{강도0}1500-1720.  {박무}2030-{박무}{강도0}2100-{박무}{강도0}2400-,
143,대구,2000-06-26,23.3,22.8,838,24.6,1138,17.58,2.5,1500,6.5,1631,26.2,4,110,733,3.1,90,1440,1,864,110,21.8,81,1046,91,26.2,999.9,1008.5,449,1003.8,2400,1006.4,14.6,0,900,.54,3.71,,,,,,10,5.8,23.1,21.1,,,,,,,,,,,,38.5,-{박무}-{박무}{강도0}0300-{박무}{강도1}0600-{박무}{강도0}0900-{박무}{강도0}1200-{박무}{강도0}1500-{박무}{강도0}1800-{박무}{강도0}2100-{박무}{강도0}2400- {비}0325-0435. {비}0545-{비}{강도0}0600-0735. {비}0805-{비}{강도0}0900-0920. {비}1040-{비}{강도0}1200-{비}{강도0}1500-{비}{강도0}1800-{비}{강도0}2100-{비}{강도0}2400-,
143,대구,2000-06-27,22.3,21,2302,23.8,706,21.67,4.7,936,21.9,936,51.9,7,140,1418,4.5,140,1450,1.9,1642,110,21.7,90,1831,96,26.1,995.5,1005.4,2245,999.4,1241,1002.1,14.5,0,1500,.37,2.28,,,,,,9.9,6,21.6,19.7,,,,,,,,,,,,39.5,-{비}-{비}{강도0}0300-{비}{강도0}0600-{비}{강도1}0900-{비}{강도0}1200-{비}{강도0}1500-1640.  {비}1840-{비}{강도0}2100-2340.  -{박무}-{박무}{강도0}0300-{박무}{강도0}0600-{박무}{강도0}0900-{박무}{강도0}1200-{박무}{강도0}1500-1630.  {박무}2010-{박무}{강도0}2100-2320.,
143,대구,2000-06-28,22.9,20.4,555,26.9,1634,,,,,,,6,90,651,4,140,1130,2.6,2246,110,18.8,59,1635,78,21.8,998.7,1006.9,754,1003.9,1721,1005.2,14.5,6.4,1400,2.91,18.96,,,,,,5.1,3.6,23.9,18.9,,,,,,,,,,,,,{박무}0630-{박무}{강도0}0900-1120.,
143,대구,2000-06-29,23.6,18.7,504,28.4,1633,,,,,,,6,90,121,4.7,110,130,2.1,1814,50,18.6,56,1605,74.9,21.5,997.5,1006,21,1001.9,1700,1004,14.5,4,1100,2.98,18.17,,,,,,9.4,5.5,24.4,17.7,,,,,,,,,,,,3.5,{박무}0120-{박무}{강도1}0300-{박무}{강도1}0600-{박무}{강도0}0900-{박무}{강도0}1200-{박무}{강도0}1500-1530.,
143,대구,2000-06-30,26.2,22.2,401,30.2,1444,3.65,1.6,351,3.1,315,3.7,6,270,1250,3.6,270,1520,1.4,1210,290,22.3,62,1549,79.6,27,998.9,1008.7,2328,1002.6,159,1005.3,14.5,1.2,1400,2.45,12.31,,,,,,8.9,4.4,26.9,20.7,,,,,,,,,,,,.2,{박무}0210-{박무}{강도0}0300-{박무}{강도0}0600-{박무}{강도0}0900-{박무}{강도0}1200-1430.  {박무}2320-{박무}{강도0}2400-  {비}0310-0455.  {비}1026-1150.  {비}1220-1250.  {뇌전}{강도0}(NW 5~6)0325-0327.,
143,대구,2000-07-01,26.4,25,314,29.3,1737,,,,,,,7,270,1325,4.2,270,1330,1.4,1210,270,22.6,61,1738,79.1,27.3,1004,1012.3,2344,1008.5,225,1010.5,14.5,1.9,1600,1.51,8.63,,,,,,8.3,4.1,25.1,22.5,,,,,,,,,,,,,-{박무}-{박무}{강도0}0300-{박무}{강도0}0600-{박무}{강도0}0900-1140.,
143,대구,2000-07-02,28.2,23.8,558,32.5,1629,,,,,,,6,290,1150,3.3,290,1710,1.6,1382,290,21.5,43,1646,68.4,25.7,1005.9,1013.8,712,1010.2,1725,1012.3,14.5,9.5,1200,2.92,21.53,,,,,,6.9,4.3,30.8,21.2,,,,,,,,,,,,,{박무}0620-0820.,
143,대구,2000-07-03,29.2,25.2,446,34.1,1613,,,,,,,6,290,805,3.8,270,910,2,1728,270,20.3,30,1707,60.9,24.1,1005.3,1013,559,1009.9,1710,1011.7,14.5,12.9,1200,3.13,25.14,,,,,,4,.9,33.3,21.8,,,,,,,,,,,,,{박무}0330-{박무}{강도0}0600-0620.,
143,대구,2000-07-04,28,23.7,2357,34.6,1502,,,,,,,8,160,2009,5,140,2010,2.2,1901,140,20.3,33,1455,64.6,23.9,1005.7,1014.4,2307,1009.5,1625,1012.1,14.5,9.4,1200,3,21.32,,,,,,3.8,1.8,35.3,20.9,,,,,,,,,,,,,{박무}0820-{박무}{강도0}0900-1030.  {햇무리}1120-1520.  {천둥}{강도0}(NW)1630-{천둥}{강도0}(NW{이동}W)1650-1705.,
143,대구,2000-07-05,26,22.3,512,31.1,1435,,,,,,,7,140,704,4.6,110,1810,3.2,2765,110,20.1,53,1348,70.3,23.5,1005.6,1014.7,806,1009.3,1739,1012.1,14.5,8.9,1200,3.01,23.61,,,,,,4,1.1,32.5,20.6,,,,,,,,,,,,,{박무}0130-{박무}{강도0}0300-{박무}{강도0}0600-{박무}{강도0}0900-0920.  {번개}{강도0}(NW)2045-{번개}{강도0}(NW{이동}W)2057-{번개}{강도0}(W)2100-{번개}{강도0}(W{이동}Z)2110-2125.,
143,대구,2000-07-06,28.8,22.8,410,34.8,1535,,,,,,,5,110,27,3.7,110,100,1.6,1382,320,20.4,28,1714,62.1,24,1000.5,1010.6,0,1003.4,1838,1006.8,14.5,10.5,1200,2.94,23.12,,,,,,4.3,.6,36,19.6,,,,,,,,,,,,,{박무}0230-{박무}{강도0}0300-{박무}{강도0}0600-{박무}{강도0}0900-1050.  {연무}1040-{연무}{강도0}1200-1420.,
143,대구,2000-07-07,25.3,22.1,2357,29,1234,,,,,,,10,110,754,6.6,110,1540,3.6,3110,110,18.7,46,1236,66.8,21.6,998.2,1006.3,834,1003.3,1417,1004.7,14.5,2.2,1200,2.23,13.52,,,,,,6.1,3,28.1,20,,,,,,,,,,,,,{박무}0240-{박무}{강도0}0300-{박무}{강도0}0600-0620.,
143,대구,2000-07-08,24.5,20.9,533,29.5,1411,,,,,,,8,90,1509,5.2,110,1700,2.5,2160,110,17.3,44,1411,65.3,19.8,999,1008.3,2320,1004,1455,1005.5,14.5,9.7,1400,2.98,23.69,,,,,,4.4,3.8,33.6,18.8,,,,,,,,,,,,,,
143,대구,2000-07-09,25.9,21.4,509,31.5,1510,,,,,,,7,110,1955,5,110,2000,2.2,1901,110,16.8,33,1632,58.6,19.2,1003.1,1012,2259,1008,107,1009.6,14.4,10.1,1200,3.4,25.46,,,,,,3,2,34.9,20.5,,,,,,,,,,,,,,
143,대구,2000-07-10,25.5,20.8,530,30.2,1154,6.5,3.1,2350,6.7,2300,19.5,7,180,1645,3.8,180,1650,2.1,1814,90,20.5,48,1147,75,24.4,1005.1,1013.8,722,1009.7,2358,1011.6,14.4,4.6,1100,2.72,14.72,,,,,,7.5,4.5,30.8,19.2,,,,,,,,,,,,29.8,{비}1235-1255.  {비}1401-1420.  {비}1809-{비}{강도0}2100-{비}{강도0}2400-,
143,대구,2000-07-11,27.7,24.5,100,32.1,1302,3.17,4.3,52,9.2,0,10.3,13,230,1829,8.1,270,1920,3.7,3197,250,20.8,47,1302,67.1,24.8,999.8,1009.8,0,1004.1,1648,1006.2,14.4,5.6,1200,3.36,18.47,,,,,,5.4,4.6,25.7,21.9,,,,,,,,,,,,0,-{비}-0245.{비}0905-0930.,
143,대구,2000-07-12,28.2,24.7,242,32.2,1443,,,,,,,11,270,1322,7.3,270,1400,3.4,2938,270,19.8,48,1320,60.5,23.2,997.4,1005.9,17,1002,1557,1003.8,14.4,5,1200,2.83,16.97,,,,,,6.3,1.3,27.2,21.3,,,,,,,,,,,,,{박무}0230-{박무}{강도0}0300-{박무}{강도0}0600-{박무}{강도0}0900-0930.  {연무}1130-{연무}{강도0}1200-{연무}{강도0}1500-1730.  {박무}1720-{박무}{강도0}1800-{박무}{강도0}2100-{박무}{강도0}2400-,
143,대구,2000-07-13,29.1,24.8,540,33.5,1634,,,,,,,7,270,1347,4.5,270,1710,2,1728,290,20.5,33,1726,61.4,24.2,998,1006,2343,1003.2,1410,1004.3,14.4,6.7,1300,2.88,20.37,,,,,,6.3,.5,31.4,21.9,,,,,,,,,,,,,-{박무}-{박무}{강도0}0300-{박무}{강도0}0600-{박무}{강도0}0900-0920.  {연무}0915-{연무}{강도0}1200-1450.,
143,대구,2000-07-14,25.1,23.9,2358,27,1200,9.83,.6,1610,2.4,1600,4.9,6,270,1233,3.7,270,1240,1.8,1555,270,21.6,64,1205,80.9,25.9,999.8,1007.7,821,1005.2,2031,1006.3,14.4,0,1100,.7,5.18,,,,,,7.8,5.9,25.2,22.4,,,,,,,,,,,,19.7,{박무}0210-{박무}{강도0}0300-{박무}{강도0}0600-{박무}{강도0}0900-1130. {박무}1920-2030.  {비}1015-1045.  {비}1120-1135.  {비}1145-{비}{강도0}1200-{비}{강도0}1500-{비}{강도0}1800-1850.  {비}1920-2045. {비}2105-2140.,
143,대구,2000-07-15,24.3,23.3,647,25.7,1516,17.83,6,1240,21.2,906,81,5,110,1204,3.2,110,1200,1.2,1037,50,23.2,85,1737,93.4,28.5,1002.1,1011.2,2321,1005.8,55,1008.6,14.3,0,1500,.63,4.16,,,,,,9.6,5.1,24.2,22.1,,,,,,,,,,,,66.4,{비}0330-{비}{강도0}0600-{비}{강도1}0900-{비}{강도0}1200-1435.  {비}1455-{비}{강도0}1500-{비}{강도0}1800-{비}{강도0}2100-2140.  {박무}0510-{박무}{강도0}0600-{박무}{강도0}0900-{박무}{강도0}1200-{박무}{강도0}1500-{박무}{강도0}1800-{박무}{강도0}2100-{박무}{강도0}2400-  {천둥}(NE)0525-0540.  {무지개}1920-1950.,
143,대구,2000-07-16,26.7,24,10,30.6,1553,2.83,1,1309,1.4,1255,1.6,6,320,1613,3.6,320,1710,1,864,320,22.9,61,1613,80,28,1004.8,1012.1,835,1010.4,1736,1011.2,14.3,2.8,1500,1.89,13.1,,,,,,6.8,4,26.7,22.5,,,,,,,,,,,,1.4,-{박무}-{박무}{강도0}0300-0310.  {소나기}0710-{소나기}{강도0}0900-0915.  {소나기}1255-1340.,
143,대구,2000-07-17,28.4,24.2,538,32.5,1614,,,,,,,6,250,1023,3.6,270,1020,1.5,1296,320,22,48,1622,69.8,26.6,1003.4,1012,803,1007.5,1812,1009.8,14.3,9.8,1300,2.54,21.93,,,,,,5.8,2.6,29.3,21.6,,,,,,,,,,,,,,
143,대구,2000-07-18,28.6,25.5,333,32.7,1625,,,,,,,6,270,1930,4.2,250,1940,1.8,1555,270,22.6,47,1539,71.1,27.5,1001.4,1009.4,705,1005.4,1739,1007.8,14.3,6.1,1100,2.69,17.48,,,,,,6.4,3,30.7,23.4,,,,,,,,,,,,0,{뇌전}{강도0}(E 3~4)2010-2050.,
143,대구,2000-07-19,27.7,25.6,1919,33.2,1319,3.25,.2,1820,.3,1800,.4,10,270,1242,5.9,270,1250,1.4,1210,340,23.3,50,1321,77.6,28.6,1001.7,1010.2,2357,1006,1400,1008.1,14.3,3.4,1100,3.06,13.83,,,,,,8.5,3.6,28.2,23.7,,,,,,,,,,,,.4,{소나기}0450-0510.  {소나기}0620-0640.  {무지개}0605-0615.  {천둥}{강도0}(N)1535-{천둥}{강도0}(N{이동}NW)1545-1615.  {천둥}{강도0}(W)1640-{천둥}{강도0}(W{이동}SW)1710-{천둥}{강도0}(SW{이동}S)1725.  {뇌전}{강도0}(W 4~5)1740-{뇌전}{강도0}(W{이동}SW 3~4)1755.  {소나기}1730-{소나기}{강도0}1800-1945.  {비}2325-2345.,
143,대구,2000-07-20,28.9,24.9,443,32.8,1616,.33,0,,0,,0,6,290,1106,4,270,1220,1.7,1469,290,23,52,1519,71.4,28.2,1002.8,1010.8,801,1007.6,1747,1009.3,14.2,5.2,1400,2.42,18.01,,,,,,5.5,2.5,32.7,23,,,,,,,,,,,,0,{박무}0620-0820. {소나기}1210-1230.,
143,대구,2000-07-21,30.3,26.1,534,33.9,1522,,,,,,,9,250,1455,5.9,270,1540,2.6,2246,250,22.4,47,1338,63.9,27.2,999.3,1008.9,0,1002.8,1758,1005.7,14.2,9.6,1000,2.87,21.24,,,,,,1.9,1.6,33.9,22.8,,,,,,,,,,,,,,
143,대구,2000-07-22,30.5,27.4,535,34.1,1417,.17,0,,0,,0,13,250,1439,7.4,250,1700,4,3456,250,22.2,47,1423,60.8,26.8,993.5,1003,0,997.2,1745,999.9,14.2,8,1200,2.59,19.6,,,,,,5.1,2,32.8,24.8,,,,,,,,,,,,26.6,{비}2350-{비}{강도0}2400-,
143,대구,2000-07-23,21.5,19.2,1049,29.6,6,22.75,5.5,840,19.5,1918,102.6,9,270,615,5.7,290,620,2.1,1814,290,20.1,66,3,91.8,23.6,992.7,1001.7,841,996.6,1820,999.2,14.2,0,1500,.62,3.22,,,,,,10,5.9,22.4,18.4,,,,,,,,,,,,81,-{비}-0010. {비}0105-{비}{강도0}0300-{비}{강도0}0600-{비}{강도1}0900-{비}{강도0}1200-1450. {비}1510-{비}{강도0}1800-{비}{강도0}2100-{비}{강도0}2400- {박무}0320-{박무}{강도0}0600-{박무}{강도0}0900-{박무}{강도1}1200-{박무}{강도0}1500-{박무}{강도0}1800-{박무}{강도0}2100-{박무}{강도0}2400- {뇌전}{강도0}(S 4-5)1950-{뇌전}{강도0}(S{이동}SE 4-5)1958-2005. {뇌전}{강도0}(W 4-5)2325-{뇌전}{강도0}(W{이동}SW 4-5)2340-{뇌전}{강도0}(SW 4-5)2400-,
143,대구,2000-07-24,25,20.1,3,29.9,1630,1.83,1.1,14,4.5,2,5,4,110,58,2.8,270,1840,1.1,950,340,21.6,60,1630,81.8,25.8,993.8,1001.6,2326,998.5,228,1000.3,14.2,5.7,1200,2.49,17.05,,,,,,5.5,3.6,25.4,19.2,,,,,,,,,,,,,-{뇌전}-0010.  {뇌전}{강도0}(W 4~5)0110-{뇌전}{강도0}(W{이동}SW 4~5)0115-0120.  -{비}-0150.  -{박무}-{박무}{강도0}0300-{박무}{강도0}0600-{박무}{강도0}0900-{박무}{강도0}1200-1430.  {박무}2030-{박무}{강도0}2100-{박무}{강도0}2400-,
143,대구,2000-07-25,26.6,23.5,635,31.6,1502,,,,,,,5,140,2100,3.1,110,2220,1.2,1037,290,20.4,35,1339,70.5,24.1,995.7,1003.2,952,1000.7,1736,1002.1,14.1,3.8,1100,2.58,16.73,,,,,,7,3.8,26.8,20.1,,,,,,,,,,,,,-{박무}-{박무}{강도0}0300-{박무}{강도1}0600-{박무}{강도0}0900-{박무}{강도0}1200-1230.,
143,대구,2000-07-26,25.7,22.9,518,30.4,1505,,,,,,,7,110,1834,4.8,90,1750,2.9,2506,140,19.4,51,1455,68.5,22.7,997.2,1005.1,2312,1002.1,1658,1003.6,14.1,8.2,1100,2.86,21.37,,,,,,5.1,2.9,28.4,20.8,,,,,,,,,,,,,{박무}0510-{박무}{강도0}0600-{박무}{강도0}0900-{박무}{강도0}1200-1240. {연무}1230-1440.,
143,대구,2000-07-27,26,21,536,31.5,1508,,,,,,,7,140,1745,4.4,110,1850,2.4,2074,110,19.5,40,1316,68.9,22.8,998.1,1005.9,2256,1003,1544,1004.5,14.1,10.5,1200,3.19,23.98,,,,,,2.3,1.4,31.3,19.2,,,,,,,,,,,,,{박무}0520-{박무}{강도0}0600-{박무}{강도0}0900-1040.,
143,대구,2000-07-28,27.3,22.6,557,32.5,1522,,,,,,,7,90,1559,4.4,90,1600,1.9,1642,90,21,45,1509,69.5,25,997.9,1006.3,854,1002.2,1726,1004.3,14.1,3.4,1100,2.6,18.04,,,,,,5.6,3.3,32.5,20.9,,,,,,,,,,,,,{박무}0610-{박무}{강도0}0900-1120.,
143,대구,2000-07-29,29.2,25,632,34,1601,,,,,,,8,110,1932,5.5,110,1930,2.5,2160,110,22.1,50,1606,66,26.6,993.6,1003.8,0,997.2,1718,1000,14,10.2,1100,3.08,23.47,,,,,,4,3,34.8,23.4,,,,,,,,,,,,,,
143,대구,2000-07-30,26.3,22.7,2023,30.7,1221,7.37,2.4,1539,4.4,1530,9.9,9,90,1837,5.5,110,1900,2.4,2074,110,22.9,62,1253,81.6,27.9,989.9,998.6,0,994.9,1514,996.3,14,.8,1000,2.43,10.81,,,,,,8.4,4.5,29.8,21.4,,,,,,,,,,,,25.5,{비}1317-1330.  {비}1521-{비}{강도0}1800-{비}{강도0}2100-2230.  {박무}1850-{박무}{강도0}2100-2130.,
143,대구,2000-07-31,24.4,22.5,452,28.4,1640,11.1,2.5,510,8.7,503,24.6,7,290,1500,4.4,140,230,2.2,1901,140,21.2,55,1729,83.6,25.3,992.2,1004.9,2351,992.9,622,998.7,14,4.7,1300,2.28,12.15,,,,,,6.1,3.9,25.7,20.7,,,,,,,,,,,,9,{비}0050-0240.  {비}0340-{비}{강도0}0600-{비}{강도0}0900-{비}{강도0}1200-1256.  {박무}0120-{박무}{강도0}0300-{박무}{강도0}0600-{박무}{강도0}0900-{박무}{강도0}1200-1240.,
143,대구,2000-08-01,25.4,21.3,700,30.9,1503,,,,,,,5,110,21,3.5,110,40,1.5,1296,110,19.7,39,1444,72.9,23,1001,1009.3,2313,1004.8,0,1007.4,13.9,7.7,1200,3.06,19.62,,,,,,5.8,3.8,27.3,20.5,,,,,,,,,,,,,{박무}0130-{박무}{강도1}0300-{박무}{강도1}0600-{박무}{강도0}0900-{박무}{강도0}1200-1240. {연무}1230-1430.,
143,대구,2000-08-02,23.7,21.3,634,26.6,1615,.67,0,,0,,0,7,110,1055,4.5,140,1140,2.1,1814,140,20.7,68,1604,83.3,24.5,1003.4,1010.9,747,1008.6,1625,1009.9,13.9,.9,1500,1.28,9.45,,,,,,6.5,4.8,24.4,19.5,,,,,,,,,,,,0,{박무}0120-{박무}{강도0}0300-{박무}{강도0}0600-{박무}{강도0}0900-1130.  {비}1355-1435.,
143,대구,2000-08-03,24.1,22.6,432,26.6,1256,1.58,0,,0,,0,10,110,1302,6.7,110,1250,2.7,2333,110,21.3,73,1258,83.9,25.4,1005.4,1013.6,2137,1009.6,145,1011.9,13.9,.1,1200,1.4,7.4,,,,,,9.4,5.8,24.1,21.2,,,,,,,,,,,,17.2,{비}0355-0440. {비}0955-1030. {비}1510-1525. {박무}0820-{박무}{강도0}0900-{박무}{강도0}1200-1220.,
143,대구,2000-08-04,23.4,22,521,25.5,1658,14.33,2.5,1100,9,1100,39.7,8,110,659,5.5,110,710,3,2592,110,21.9,83,34,90.6,26.3,1007,1015,2316,1012.3,250,1013.5,13.9,.1,1500,.96,5.05,,,,,,9.5,5.3,22.7,20.5,,,,,,,,,,,,22.5,{비}0130-{비}{강도0}0300-{비}{강도0}0600-{비}{강도0}0900-{비}{강도1}1200-{비}{강도0}1500-1550.  {박무}0430-{박무}{강도0}0600-{박무}{강도0}0900-{박무}{강도0}1200-{박무}{강도0}1500-1730.  {번개}{강도0}(SE)1240-1255.,
143,대구,2000-08-05,27.4,22.8,331,32.1,1326,,,,,,,6,110,28,3.9,110,410,1.6,1382,110,22.3,54,1323,75.1,27.1,1007.7,1015.9,826,1012.6,1554,1014.1,13.8,6.2,1100,2.96,19.03,,,,,,6.9,3.5,27.7,21.7,,,,,,,,,,,,,{박무}0130-{박무}{강도0}0300-{박무}{강도0}0600-{박무}{강도0}0900-0930. {박무}2310-{박무}{강도0}2400-,
143,대구,2000-08-06,27,24.5,546,32.4,1450,1.67,.1,1930,.1,1840,.1,7,90,1627,4.3,110,1630,2.1,1814,140,21.5,49,1125,72.3,25.7,1006.8,1014.1,720,1011.4,1633,1013.2,13.8,2.9,1100,2.27,16.39,,,,,,7.9,4.6,28.7,22.8,,,,,,,,,,,,.1,-{박무}-{박무}{강도0}0300-0540. {소나기}1335-1350. {소나기}1820-1945. {천둥}{강도0}(SW)1650-{뇌전}{강도0}(SW{이동}S 4-5)1658-1730. {뇌전}{강도0}(S 4-5)1810-1825.,
143,대구,2000-08-07,26.7,23.8,627,29.9,1448,,,,,,,5,140,3,3.4,140,20,1.6,1382,110,22.3,59,1606,76.8,27.1,1005.9,1014,1010,1010.8,1632,1012.4,13.8,2.2,1400,2.07,12.42,,,,,,7,4.4,28.2,22.5,,,,,,,,,,,,0,{박무}0830-{박무}{강도0}0900-{박무}{강도0}1200-1430.,
143,대구,2000-08-08,26.4,24.3,550,31.9,1255,5.28,.1,,.3,1910,.4,7,250,1417,4.3,230,1420,1.5,1296,140,22.9,47,1300,81.5,28,1006,1013.5,829,1010.9,1520,1012.5,13.7,2.2,1200,2.57,11.97,,,,,,7.4,3.8,27.1,22.7,,,,,,,,,,,,.4,{박무}0320-{박무}{강도0}0600-{박무}{강도0}0900-{박무}{강도0}1200-1240.  {소나기}0715-0820.  {소나기}0938-0945.  {뇌전}{강도0}(SW 4-5)1340-{뇌전}{강도0}(SW{이동}S 4-5)1344-1420.  {뇌전}{강도0}(N 5-6)1520-1540.  {소나기}1435-{소나기}{강도0}1500-{비}1610-1720.  {비}1910-2030.  {박무}1710-{박무}{강도0}1800-{박무}{강도0}2100-{박무}{강도0}2400-,
143,대구,2000-08-09,27.2,23.5,355,31.5,1503,,,,,,,7,90,1414,4.5,110,1810,2,1728,110,21.8,52,1427,73.1,26.1,1005.7,1014.1,803,1009.7,1740,1012.2,13.7,8.3,1200,2.86,20.38,,,,,,3.6,3.3,31,21.6,,,,,,,,,,,,,-{박무}-{박무}{강도0}0300-{박무}{강도0}0600-{박무}{강도0}0900-1130.,
143,대구,2000-08-10,28.2,23.2,553,33.3,1655,,,,,,,7,290,1755,4.9,290,1800,1.7,1469,110,21.2,45,1613,66.4,25.2,1003.7,1012.2,0,1007.8,1618,1010.1,13.7,10.5,1100,2.82,21.24,,,,,,2.6,2.4,32.9,21.4,,,,,,,,,,,,,{박무}0820-{박무}{강도0}0900-1120.,
143,대구,2000-08-11,28.7,24.3,544,33.2,1519,,,,,,,6,250,1125,3.8,270,1130,1.1,950,320,21,43,1521,64.3,25,1002,1010.1,730,1006.9,1754,1008.4,13.7,11.4,1100,3.18,22.27,,,,,,1.4,1,33.1,20.3,,,,,,,,,,,,,,
143,대구,2000-08-12,28.2,24.3,614,33.2,1330,1.5,.1,1950,.1,1930,.1,9,110,1651,5.8,90,1650,1.6,1382,110,21.3,46,1332,66.9,25.3,1000.5,1008.6,638,1004.5,1520,1006.9,13.6,6.9,1000,2.52,16.17,,,,,,5.6,3.6,32.9,21.4,,,,,,,,,,,,.1,{소나기}1720-{소나기}{강도0}1800-1810. {소나기}1930-2010.,
143,대구,2000-08-13,27,23.6,503,32,1450,,,,,,,10,90,1812,6.7,110,1740,2.1,1814,110,19.4,44,1418,64,22.7,1001,1008.8,819,1005.7,1510,1007.4,13.6,10.9,1200,3.15,22.84,,,,,,3.8,2.1,35.7,21,,,,,,,,,,,,,,
143,대구,2000-08-14,28,23.2,535,32.8,1522,,,,,,,6,290,1310,3.3,320,1220,1.5,1296,290,19.8,39,1219,62.4,23.2,999.9,1008.4,0,1004,1752,1006.3,13.6,8.8,1200,3.07,21.26,,,,,,4.1,3.6,32.9,21.8,,,,,,,,,,,,,,
143,대구,2000-08-15,29.1,24.3,537,33.3,1457,,,,,,,5,320,1414,3,290,2020,1,864,340,20.7,39,1458,61.6,24.5,998.9,1006.8,714,1002.9,1807,1005.2,13.5,10.2,1100,3.01,20.81,,,,,,3.3,2.3,35.4,20.8,,,,,,,,,,,,0,,
143,대구,2000-08-16,27.6,26.1,547,30.1,1215,1.78,0,,0,,0,7,160,1322,4.4,160,1340,1.7,1469,140,22.3,57,1216,73.3,27,998.1,1005.4,824,1003.4,1832,1004.5,13.5,.4,1200,1.57,10.6,,,,,,8.8,6.4,30.4,24.2,,,,,,,,,,,,15.1,{비}0810-0825.  {비}1455-{비}{강도0}1500-1540.  {비}1635-1642.  {비}1715-1755.,
143,대구,2000-08-17,26.3,24.5,203,30.2,1448,12.17,2.5,40,8.1,30,21.6,5,160,16,3.5,160,20,1.4,1210,90,24.1,66,1450,87.9,30.1,998.6,1006.6,2311,1003.8,427,1005.1,13.5,.7,1100,1.87,9.12,,,,,,9.3,5.8,26.9,23.5,,,,,,,,,,,,6.6,{비}0010-{비}{강도0}0300-0455.  {비}0530-{비}{강도0}0600-{비}{강도0}0900-1130.  {소나기}1525-1615.  {소나기}1640-1715.  {뇌전}{강도0}(SW 4~5)0210-0250.  {박무}0120-{박무}{강도0}0300-{박무}{강도0}0600-{박무}{강도0}0900-{박무}{강도0}1200-1245.,
143,대구,2000-08-18,26.3,25,645,27.9,1226,1.83,.3,930,.5,930,.6,6,140,1643,3.9,110,2040,1.4,1210,110,23,72,1507,82,28.1,1000.6,1008.1,2155,1006.1,226,1007.1,13.4,0,1100,.95,5.25,,,,,,9.4,5.6,25.4,23.5,,,,,,,,,,,,.5,{소나기}0640-0655. {비}0915-1050. {박무}0820-{박무}{강도0}0900-1045. {박무}1420-{박무}{강도0}1500-{박무}{강도0}1800-1840.,
143,대구,2000-08-19,26.3,24.2,448,29.7,1354,.58,0,,0,,0,6,110,940,4.6,90,1200,2,1728,110,21.8,59,1501,76.4,26.2,998.7,1007.6,0,1003.6,1816,1005.1,13.4,.6,1300,2.18,11.56,,,,,,8.8,6,26,22.5,,,,,,,,,,,,0,{비}1405-1440.,
143,대구,2000-08-20,25.6,24.4,538,27.8,1120,7,3.8,1640,6.5,1310,13.2,8,110,1455,5.5,90,1310,2.2,1901,140,22.6,71,1101,83.6,27.6,993.9,1005,0,996.2,1618,1000.3,13.4,.1,1000,1.12,5.89,,,,,,8.5,5.5,25.2,21.9,,,,,,,,,,,,13.2,{박무}1230-{박무}{강도0}1500-1730.  {비}1255-{비}{강도0}1500-{비}{강도0}1800-1930. {비}2015-2040.,
143,대구,2000-08-21,27,22.4,546,31.4,1514,,,,,,,10,270,1157,6.5,270,1440,2.3,1987,270,18.1,35,1434,60,20.9,998.5,1008.7,2347,999.8,0,1004.9,13.3,11.8,1300,3.01,24.01,,,,,,.9,.9,27.4,18.5,,,,,,,,,,,,,,
143,대구,2000-08-22,26.4,22.7,540,30.9,1604,,,,,,,7,270,1322,4.3,270,1330,1.5,1296,290,19,44,1655,64.1,22,1005.6,1014.8,2329,1008.7,0,1012.1,13.3,6.8,1200,2.87,16.71,,,,,,3.6,2.9,25.6,18.3,,,,,,,,,,,,,,
143,대구,2000-08-23,26.5,21.2,602,31.7,1417,,,,,,,5,230,1035,2.8,320,1530,1.1,950,290,18.7,33,1418,63.9,21.7,1008.3,1016.1,1015,1013.4,1635,1014.8,13.3,11.7,1200,2.98,22.61,,,,,,1.4,.4,31.9,17.6,,,,,,,,,,,,0,,
143,대구,2000-08-24,25.1,23.5,2322,27.2,1524,6.08,3.3,2302,9.4,2240,14,4,290,1153,3,320,1530,1.2,1037,50,22.4,73,0,84.9,27.2,1006.9,1015.4,932,1011.5,1751,1013.5,13.2,0,1500,.9,5.79,,,,,,9.5,4.8,26.4,21.1,,,,,,,,,,,,27.1,{박무}0520-{박무}{강도0}0600-{박무}{강도0}0900-{박무}{강도0}1200-{박무}{강도0}1500-{박무}{강도0}1800-{박무}{강도0}2100-{박무}{강도0}2400-  {천둥}{강도0}(NW)0940-1020. {비}0835-0855. {비}0935-1035. {비}1640-{비}{강도0}1800-1825. {비}2005-{비}{강도0}2100-2115. {비}2155-2345.,
143,대구,2000-08-25,24.4,23.3,733,26.6,1510,22.5,4,200,6.4,150,29.3,5,290,1937,2.9,90,1140,1.3,1123,110,23.3,84,1512,93.3,28.7,1003,1012.5,0,1006.7,1748,1009.5,13.2,0,1200,.71,3.89,,,,,,10,6.3,24.3,21.9,,,,,,,,,,,,27.3,-{박무}-{박무}{강도0}0300-0520. {박무}1840-1920. {뇌전}{강도0}(SW 4~5)0150-0205.  {비}0030-{비}{강도0}0300-0540.  {비}0640-{비}{강도0}0900-{비}{강도0}1200-{비}{강도0}1500-{비}{강도0}1800-{비}{강도0}2100-{비}{강도0}2400-,
143,대구,2000-08-26,24.4,22.7,602,26.7,1322,21.25,3.9,822,6,820,39.7,6,110,1112,4.6,140,1500,1.6,1382,110,23.3,82,1125,92.9,28.5,1002.3,1010.2,101,1006.9,1716,1008.9,13.2,.2,1100,1.41,6.19,,,,,,10,6.1,23.9,21.6,,,,,,,,,,,,29.4,-{비}-{비}{강도0}0300-{비}{강도0}0600-{비}{강도0}0900-1010. {비}1150-1250.  {비}1355-{비}{강도0}1500-{비}{강도0}1800-{비}{강도0}2100-{비}{강도0}2400- {박무}0520-{박무}{강도0}0600-{박무}{강도0}0900-{박무}{강도0}1200-{박무}{강도0}1500-{박무}{강도0}1800-{박무}{강도0}2100-{박무}{강도0}2400-,
143,대구,2000-08-27,27,24.8,222,30.9,1113,4,1.8,1218,5.7,1218,6.9,8,270,1216,4.7,290,1220,1.3,1123,110,23.1,54,1114,79.4,28.2,1004,1012.7,2318,1008.8,415,1010.5,13.1,3.3,900,1.89,11.02,,,,,,6.4,4.9,26.1,22.4,,,,,,,,,,,,6.1,-{비}-0110. {비}1150-{비}{강도0}1200-1440. -{박무}-{박무}{강도0}0300-0340. {천둥}{강도0}(SW)1210-1220.,
143,대구,2000-08-28,26.8,23.4,604,32.8,1411,1.08,9,1750,20.2,1725,20.2,10,110,1734,6.5,160,1800,1.4,1210,90,23.2,52,1331,81.5,28.5,1006.4,1014.3,725,1011.1,1537,1012.9,13.1,6.8,1200,2.9,17.59,,,,,,4,2.9,27.8,21.1,,,,,,,,,,,,20.2,{소나기}1725-{소나기}{강도1}1800-1830.  {천둥}{강도0}(SW)1730-{뇌전}{강도0}(SW 2~3)1747-{뇌전}{강도0}(SW 2~3)1800-1820.  {박무}2320-{박무}{강도0}2400-,
143,대구,2000-08-29,27.3,23.9,533,31.7,1353,,,,,,,8,90,1500,5.4,90,1740,1.8,1555,110,22.5,54,1338,75.8,27.2,1006.1,1014.1,701,1010.3,1620,1012.6,13.1,9.7,1100,2.95,20.46,,,,,,4.1,3,27.7,21,,,,,,,,,,,,,-{박무}-{박무}{강도0}0300-{박무}{강도0}0600-{박무}{강도0}0900-1020.,
143,대구,2000-08-30,27.5,24.5,548,31.2,1327,,,,,,,10,110,1440,6.6,90,1600,2.5,2160,110,22.2,55,1328,73.5,26.9,1003.9,1012.6,0,1008.5,1520,1010.3,13,10.2,1100,2.84,19.63,,,,,,3.9,2.8,29.3,21.9,,,,,,,,,,,,0,{박무}0420-{박무}{강도0}0600-0850.,
143,대구,2000-08-31,27.3,25.2,1603,29.2,2051,8.92,11,1555,20.5,1540,34,11,110,1533,7.4,110,1530,2.9,2506,110,23.3,64,2344,78.8,28.7,995.8,1009.1,0,997.4,1546,1002.2,13,0,900,1.11,5.58,,,,,,9.1,7.4,25.7,23.5,,,,,,,,,,,,34,{비}0520-0535.  {비}1140-{비}{강도0}1200-{비}{강도0}1500-{비}{강도0}1800-1840.  {비}1920-1940.  {비}2020-2030.  {비}2130-2240.  {천둥}{강도0}(SW)1310-1320.  {천둥}{강도0}(SW)1515-1540.,
143,대구,2000-09-01,29.2,27.3,514,32.3,1419,.17,0,,0,,0,13,290,1411,8.1,270,1150,2.8,2419,250,21.7,50,1354,64.3,26,997.4,1006.5,2352,999.5,31,1003.8,13,8,1200,3.08,20.71,,,,,,5.1,4.8,29,24.2,,,,,,,,,,,,0,{소나기}1810-1820.,
143,대구,2000-09-02,27.8,24.9,529,31.8,1536,,,,,,,7,320,1341,4.2,290,1430,1.3,1123,320,21.5,48,1357,69.4,25.7,1002.9,1011.8,2358,1006.5,0,1009.3,12.9,7.1,1300,3.35,19.45,,,,,,4.8,3.3,32.1,21.5,,,,,,,,,,,,16.4,{박무}0440-{박무}{강도0}0600-0820.,
143,대구,2000-09-03,23.1,21.4,2352,26.3,0,14.5,1.5,230,3,1000,23.4,7,90,1734,4.6,110,1740,1.4,1210,110,20.9,75,1726,87.5,24.9,1005.7,1013.8,902,1011.2,1522,1012.2,12.9,.2,1300,.78,4.28,,,,,,7.6,4.5,22.9,18.6,,,,,,,,,,,,7,{박무}0040-{박무}{강도0}0300-{박무}{강도0}0600-{박무}{강도0}0900-{박무}{강도0}1200-{박무}{강도0}1500-1620.  {비}0140-{비}{강도0}0300-{비}{강도0}0600-{비}{강도0}0900-{비}{강도0}1200-{비}{강도0}1500-1610.,
143,대구,2000-09-04,23.4,19.6,638,28.3,1324,,,,,,,8,140,1406,5.4,110,1610,1.7,1469,110,17.8,48,1554,72,20.4,1003.4,1011.9,21,1008,1644,1009.9,12.9,9.9,1300,3.06,21.89,,,,,,2.9,2,25.2,16.2,,,,,,,,,,,,,{박무}0635-0750.,
143,대구,2000-09-05,23.5,19.2,135,28.9,1524,,,,,,,7,90,1450,4.8,90,1720,1.4,1210,140,17.2,45,1524,68.9,19.7,1000.7,1009.7,0,1004.7,1626,1007.2,12.8,11.2,1200,3.07,22.23,,,,,,3.1,2.8,27.7,15.1,,,,,,,,,,,,,,
143,대구,2000-09-06,24.1,19.5,626,29.7,1418,2.83,.5,1930,1.4,1910,1.7,5,290,1350,2.7,320,1640,1.2,1037,90,19.2,37,1353,75.4,22.4,1000.6,1009.4,2339,1005,1446,1007.1,12.8,5.8,1000,2.49,15.57,,,,,,6.6,3.5,26.4,17.6,,,,,,,,,,,,1.7,{박무}0430-{박무}{강도0}0600-0840.  {소나기}1855-{소나기}{강도0}2100-2145.,
143,대구,2000-09-07,22.6,20.6,2330,25.4,1342,.25,0,,0,,0,11,90,812,6.4,110,1720,2.9,2506,110,17.8,60,1345,74.3,20.4,1006.4,1015.9,2326,1009.4,0,1013,12.8,4.9,1100,2.25,16.08,,,,,,7.9,5.1,25.2,19.2,,,,,,,,,,,,0,{박무}0520-{박무}{강도0}0600-0640.  {소나기}2135-2150.,
143,대구,2000-09-08,20.3,19.8,2329,21,403,7.33,.1,,.1,,.2,6,110,1604,3.3,140,1650,1.8,1555,140,17.4,76,544,82.8,19.9,1010.1,1018.1,1051,1015.3,237,1016.7,12.7,0,900,.19,1.3,,,,,,10,5.8,19.5,17.8,,,,,,,,,,,,1.2,{비}0755-0855. {비}0950-{비}{강도0}1200-1320. {비}1430-{비}{강도0}1500-1520. {비}1610-{비}{강도0}1800-1810.,
143,대구,2000-09-09,20.9,19.1,646,23.4,1341,3.75,.4,830,.9,810,1.1,6,90,1637,4.3,110,1700,1.3,1123,110,17.8,71,1555,82,20.4,1007.2,1016.2,0,1012.4,1512,1013.8,12.7,0,1100,.95,5.09,,,,,,9,5,21,17.8,,,,,,,,,,,,.1,{비}0410-0425.  {비}0620-0650.  {비}0810-{비}{강도0}0900-1110.,
143,대구,2000-09-10,20.8,19.2,619,23,1147,.75,.4,2348,.5,2315,.5,6,110,1349,3.9,110,1630,1.7,1469,140,16.5,67,1148,76.3,18.8,1006.4,1014.3,26,1011.7,1520,1013,12.7,0,1000,1.34,6.75,,,,,,9.1,5.6,20.8,17,,,,,,,,,,,,4,{비}2315-{비}{강도0}2400-,
143,대구,2000-09-11,19.4,18,2251,21.7,1401,16.33,1,1556,1.9,1539,6.7,6,90,1447,3.2,20,1610,.9,778,90,15.6,56,1949,79.4,18.1,1005.5,1013.4,2157,1011.2,206,1012.1,12.6,0,1200,.7,3.55,,,,,,9.9,5.9,18.5,14.6,,,,,,,,,,,,3.2,-{비}-0210. {비}0350-{비}{강도0}0600-{비}{강도0}0900-{비}{강도0}1200-1240. {비}1350-{비}{강도0}1500-{비}{강도0}1800-1910. {박무}1030-{박무}{강도0}1200-1245.,
143,대구,2000-09-12,19.7,16.4,2251,22.5,1044,8.17,1.3,2235,4.6,2220,12.8,8,110,938,4.3,90,1010,1.4,1210,110,14.3,47,1438,72.3,16.5,1007.3,1015.7,2123,1012.3,313,1013.9,12.6,2.3,900,1.02,7.88,,,,,,8.6,5.3,19.8,12.7,,,,,,,,,,,,42,{비}0950-1040.  {비}1130-{비}{강도0}1200-1240.  {비}1750-{비}{강도0}1800-{비}{강도0}2100-{비}{강도0}2400-  {박무}1930-{박무}{강도0}2100-{박무}{강도0}2400-,
143,대구,2000-09-13,16.6,15.5,616,17.6,1238,24,3.7,2052,11.5,2030,118.2,4,140,1803,2.9,110,2100,1.2,1037,250,16.1,92,413,95.8,18.3,1006.5,1014.8,0,1011.8,2356,1013.2,12.6,0,1200,.48,2.52,,,,,,10,6.9,16.4,14,,,,,,,,,,,,125.6,-{비}-{비}{강도0}0300-{비}{강도1}0600-{비}{강도0}0900-{비}{강도1}1200-{비}{강도1}1500-{비}{강도1}1800-{비}{강도1}2100-{비}{강도1}2400- -{박무}-{박무}{강도0}0300-{박무}{강도0}0600-0730.,
143,대구,2000-09-14,18.9,16.7,139,20.7,1311,20.92,3.5,447,8.7,703,47.6,5,110,1143,3,140,1700,1.3,1123,140,18,87,1316,93.9,20.7,1002.8,1012.3,105,1007.7,2356,1009.4,12.5,0,1100,.64,3.09,,,,,,10,6.1,17.6,15.3,,,,,,,,,,,,12,-{비}-{비}{강도0}0300-{비}{강도0}0600-{비}{강도0}0900-{비}{강도0}1200-1230. {비}1325-{비}{강도0}1500-1740. {비}1910-{비}{강도0}2100-2320.,
143,대구,2000-09-15,20.7,19.3,28,22.6,1444,12.83,2.4,1525,5.1,1525,13.2,8,110,2340,4.9,110,2400,2.2,1901,110,19.3,86,1159,91.4,22.5,994,1007.7,0,994.9,2357,1000.5,12.5,0,900,.89,5.22,,,,,,9.9,5.9,20.4,17.5,,,,,,,,,,,,65,{비}0110-0125.  {비}0610-0625.  {비}0720-0840.  {비}0930-1120.  {비}1230-{비}{강도0}1500-{비}{강도0}1800-{비}{강도0}2100-2130.  {비}2350-{비}{강도0}2400-,
143,대구,2000-09-16,21.6,19.2,143,23.4,629,9.5,7.9,652,28.4,627,52.8,16,50,628,7.9,70,710,2.9,2506,270,17.2,59,2229,76.4,19.9,985.4,1000.5,2349,973.4,702,991.8,12.4,0,1300,.79,4.12,,,,,,8.5,6.6,19.4,15.9,,,,,,,,,,,,0,-{비}-{비}{강도0}0300-{비}{강도1}0600-{비}{강도0}0900-0930.,
143,대구,2000-09-17,22,17.9,2345,26.8,1535,,,,,,,14,270,16,7.6,270,20,1.7,1469,270,10.7,29,1617,50.1,13,998.7,1009.1,2343,1000.4,5,1005.2,12.4,11.7,1200,2.99,21.66,,,,,,1.5,1.5,23,11.2,,,,,,,,,,,,,,
143,대구,2000-09-18,20,14.8,606,25.4,1510,,,,,,,9,290,1347,5.6,290,1350,.9,778,320,10,27,1347,55.9,12.5,1006.2,1016.7,2355,1009.1,0,1012.8,12.4,11.7,1200,2.92,21.31,,,,,,0,0,22.9,8.3,,,,,,,,,,,,,,
143,대구,2000-09-19,19.9,13.2,606,26.9,1540,,,,,,,6,270,1335,2.8,290,1340,.6,518,50,10.7,23,1512,59.9,13.2,1013.7,1023,2324,1016.7,0,1020.4,12.3,11.7,1200,2.89,21.02,,,,,,0,0,24.3,6.6,,,,,,,,,,,,,,
143,대구,2000-09-20,20.2,14,723,27.6,1602,,,,,,,7,160,1418,3.8,140,1430,1.1,950,90,12.4,22,1344,64.6,14.6,1015.9,1024.6,926,1020.3,1551,1022.6,12.3,10,1200,2.87,19.85,,,,,,2.5,.3,23.2,9.3,,,,,,,,,,,,,{달무리}0440-0510.,
143,대구,2000-09-21,19.8,15.4,651,23.5,1244,1.52,.2,1730,.5,2310,.7,7,90,1150,4.7,90,1300,1.8,1555,140,16.6,66,1246,81.8,19,1015.1,1023.2,249,1020.2,1452,1021.8,12.3,.8,1100,1.9,9.3,,,,,,8.1,4.5,21.1,11.3,,,,,,,,,,,,2.4,{박무}0720-{박무}{강도0}0900-0940.  {비}1729-{비}{강도0}1800-1810.  {비}2310-{비}{강도0}2400-,
143,대구,2000-09-22,20,19.2,0,21.7,1623,13.42,.3,420,.8,400,2.2,5,110,2031,2.9,110,2140,1,864,140,18.8,84,1619,92.1,21.8,1010.2,1020.8,0,1014.4,1624,1016.9,12.2,.3,1300,.52,3.71,,,,,,9.3,5.8,19.6,17.5,,,,,,,,,,,,.5,-{비}-{비}{강도0}0300-{비}{강도0}0600-0645.  {비}0740-{비}{강도0}0900-{비}{강도0}1200-1340.  {비}1440-{비}{강도0}1500-1520.  {박무}0705-{박무}{강도0}0900-{박무}{강도0}1200-{박무}{강도0}1500-{박무}{강도0}1800-1840.,
143,대구,2000-09-23,21.6,18.8,346,26.3,1435,,,,,,,6,140,2044,3.6,140,2100,1.2,1037,110,16.6,45,1623,75.3,19,1007,1015.3,805,1011.5,1559,1013.6,12.2,7.3,1200,2.3,15.61,,,,,,5.5,4.9,24.3,15.2,,,,,,,,,,,,,{박무}0420-{박무}{강도1}0600-{박무}{강도0}0900-1130.,
143,대구,2000-09-24,21.8,19.1,118,26.1,1340,,,,,,,4,90,9,2.3,90,30,.8,691,290,16.4,45,1522,73.1,18.8,1006.2,1014.7,717,1010.3,1504,1012.8,12.1,5.9,1200,2.39,13.82,,,,,,5.9,4.1,23.6,15.4,,,,,,,,,,,,,{박무}0430-{박무}{강도0}0600-{박무}{강도0}0900-{박무}{강도0}1200-1340.,
143,대구,2000-09-25,21.3,18,434,25.7,1219,,,,,,,6,290,1303,3.1,290,1320,.9,778,50,16,47,1640,72.8,18.3,1007.1,1016,2326,1011.9,1417,1013.7,12.1,4.2,1100,2.21,12.77,,,,,,4.9,2.3,22.3,13.1,,,,,,,,,,,,,{박무}0420-{박무}{강도0}0600-{박무}{강도0}0900-1130.,
143,대구,2000-09-26,19.5,15.2,636,25.4,1435,,,,,,,8,90,1808,4.8,90,1800,1.5,1296,90,12.6,40,1829,66.6,14.8,1011.9,1020.4,2154,1015.6,41,1018.6,12.1,7.5,1100,2.54,16.42,,,,,,2,2,21.6,11.9,,,,,,,,,,,,,{박무}0430-{박무}{강도0}0600-{박무}{강도0}0900-1040.,
143,대구,2000-09-27,18.1,12.8,555,24.9,1515,,,,,,,7,90,1350,4.6,110,1710,1.3,1123,90,8,22,1554,56.4,11.1,1013.5,1022,928,1018.6,1603,1020.2,12,10.6,1200,2.74,18.22,,,,,,1.6,.3,22.7,9.7,,,,,,,,,,,,,,
143,대구,2000-09-28,18.5,13.3,609,23.4,1345,.83,0,,0,,0,6,110,1122,3.8,110,2120,1.3,1123,90,10.7,35,1647,61.4,13,1012.2,1021.2,909,1017,2119,1019,12,2,1000,1.8,10.78,,,,,,9,5.4,21.2,10.4,,,,,,,,,,,,0,{비}1820-1855. {비}2005-2020.,
143,대구,2000-09-29,19.9,15.9,656,23.7,1442,,,,,,,8,110,1958,4.6,110,2000,1.6,1382,90,13.5,48,1354,66.8,15.7,1010,1018.3,11,1014.9,1708,1016.7,12,.9,1200,1.76,11.06,,,,,,8.3,6.3,22.2,12.1,,,,,,,,,,,,.2,,
143,대구,2000-09-30,21.1,18,2331,25.7,1527,1.5,.2,,.2,,.2,6,320,1414,3.3,320,1500,.8,691,320,15.9,50,1435,73.3,18.2,1008.8,1016.8,2317,1013.7,1439,1015.4,11.9,2.4,1200,2.03,10.31,,,,,,7.3,3,21.5,13.5,,,,,,,,,,,,,{비}0150-0230.  {비}0430-0520.  {박무}0630-{박무}{강도0}0900-{박무}{강도0}1200-1245.,
143,대구,2000-10-01,19.7,14.7,706,25.5,1357,.83,.1,,.3,2310,.3,8,110,1252,4.6,90,1300,1.7,1469,140,14.6,40,1257,74.4,16.8,1009,1017.7,852,1013.6,1602,1015.6,11.8,7.4,1200,2.65,16.36,,,,,,4,3,21.3,11.5,,,,,,,,,,,,3,{박무}0810-{박무}{강도2}0900-0940.  {비}2310-{비}{강도0}2400-,
143,대구,2000-10-02,17.7,15.8,2342,19.3,1205,17.67,1.7,1307,4.7,1257,13.1,4,90,13,2.6,110,20,.8,691,90,16.8,86,0,93.9,19.2,1005.2,1014.3,0,1010.1,1753,1011.9,11.8,0,1200,.34,2.43,,,,,,7.8,5.3,17.2,10.6,,,,,,,,,,,,10.4,-{비}-{비}{강도0}0300-{비}{강도0}0600-{비}{강도0}0900-{비}{강도0}1200-{비}{강도0}1500-1740. {박무}0820-{박무}{강도0}0900-{박무}{강도0}1200-{박무}{강도0}1500-{박무}{강도0}1800-{박무}{강도0}2100-{박무}{강도0}2400-,
143,대구,2000-10-03,18.8,14.4,645,24.5,1505,,,,,,,6,290,1158,3.6,270,1210,1,864,290,12.6,33,1513,70.1,14.8,1006,1015.2,2328,1010.9,1434,1012.7,11.8,10.4,1300,2.44,17.54,,,,,,.5,.5,20.7,9.7,,,,,,,,,,,,,-{박무}-{박무}{강도1}0300-{박무}{강도1}0600-{박무}{강도0}0900-0940.,
143,대구,2000-10-04,18.2,12.6,542,24.7,1502,,,,,,,5,250,1236,2.9,250,1240,.7,605,50,9.9,23,1427,63.3,12.5,1010.5,1019,2230,1014.8,16,1017.3,11.7,10.2,1200,2.59,17.5,,,,,,0,0,20.9,8.1,,,,,,,,,,,,,,
143,대구,2000-10-05,19.3,13.5,630,25.4,1428,,,,,,,4,290,1300,2.4,110,2050,.7,605,50,12.7,40,1421,67.3,14.8,1013.5,1021.5,2325,1018.4,1540,1020.2,11.7,9.8,1100,2.27,15.09,,,,,,2,.1,22,9.9,,,,,,,,,,,,,,
143,대구,2000-10-06,20,14.7,641,25.8,1513,,,,,,,4,340,1435,2.1,90,40,.9,778,90,14.3,44,1436,71.6,16.4,1014.8,1023.3,817,1019.3,1512,1021.5,11.7,9,1200,2.41,14.94,,,,,,.8,.4,21.9,11,,,,,,,,,,,,,{박무}0230-{박무}{강도0}0300-{박무}{강도0}0600-{박무}{강도0}0900-{박무}{강도0}1200-1230.  {연무}1220-{연무}{강도0}1500-1640.,
143,대구,2000-10-07,20.2,15.3,732,26.6,1513,,,,,,,5,110,1449,2.7,110,1450,1,864,90,15.3,44,1339,74.9,17.4,1013.5,1023.6,747,1017.6,2400,1020.2,11.6,6.4,1200,2.59,14.77,,,,,,3.8,0,23.6,12.8,,,,,,,,,,,,,{박무}0210-{박무}{강도0}0300-{박무}{강도0}0600-{시정(미만)}{1km}{안개}0710-{시정(미만)}{0.5km}{안개}0725-{시정(이상)}{0.5km}{안개}0750-{시정(이상)}{1km}{박무}0810-{박무}{강도0}0900-{박무}{강도0}1200-1320.,1
143,대구,2000-10-08,17.3,15,716,20,1152,5.75,.3,1440,.9,1439,1.1,7,110,1634,3.9,110,1740,1.2,1037,90,14.5,63,1138,83.6,16.7,1006.8,1017.7,6,1010.4,2337,1013.5,11.6,0,1000,1.14,5.2,,,,,,7.6,4.5,16.6,11.5,,,,,,,,,,,,1.1,{박무}0420-{박무}{강도0}0600-0640. {박무}1540-{박무}{강도0}1800-2020. {비}1145-{비}{강도0}1200-{비}{강도0}1500-1730.,
143,대구,2000-10-09,20,14.4,650,25.9,1351,,,,,,,8,90,1908,4.7,110,1910,1,864,140,14.9,44,1354,73.8,17,1006.5,1016.5,2347,1010.4,0,1013.2,11.6,9.8,1200,2.28,15.4,,,,,,1.1,.4,21.7,8,,,,,,,,,,,,,{박무}0930-{박무}{강도0}1200-1230.  {연무}1220-1440.,
143,대구,2000-10-10,20.6,16.2,523,26.1,1443,,,,,,,4,90,404,3.2,90,520,.8,691,50,15.2,39,1447,72.9,17.3,1009,1017.5,937,1013.7,1516,1015.7,11.5,5.8,1100,2.17,12.13,,,,,,5.4,2.1,23.2,13.7,,,,,,,,,,,,,{박무}0230-{박무}{강도0}0300-{박무}{강도0}0600-{박무}{강도0}0900-{박무}{강도0}1200-1240.  {연무}1230-1420.,
143,대구,2000-10-11,21.6,17.2,636,26.2,1438,.18,0,,0,,0,6,290,2355,3.3,290,2400,1.1,955,320,16.3,44,1325,72.8,18.6,1008.3,1016.4,829,1012.9,1440,1014.9,11.5,4.9,1200,2.09,11.76,,,,,,6.9,2.8,22.9,11.9,,,,,,,,,,,,0,{박무}0420-{박무}{강도0}0600-{박무}{강도0}0900-{박무}{강도0}1200-1240. {연무}1230-{연무}{강도0}1500-1520. {비}2343-2354.,
143,대구,2000-10-12,17.3,12.9,2400,21,1449,,,,,,,8,290,407,4.7,290,1100,3.1,2675,290,2.5,15,1511,38.6,7.8,1011.5,1020.4,2231,1015.1,34,1018.3,11.4,7,1200,2.18,14.33,,,,,,6.8,3.5,21.4,9,,,,,,,,,,,,,,
143,대구,2000-10-13,14,11.1,607,18.3,1354,,,,,,,9,290,1147,5.1,290,1440,3,2567,290,-2.8,15,1541,31.8,5,1013.1,1022.5,2318,1017.5,1431,1019.9,11.4,9.3,1200,2.61,17.76,,,,,,4.6,1.5,19.3,7.3,,,,,,,,,,,,,,
143,대구,2000-10-14,13.7,8.4,731,18.2,1241,,,,,,,7,270,140,2.8,290,150,1.4,1231,320,.9,27,1135,42.3,6.6,1016,1024.8,829,1020.8,1424,1022.9,11.4,4.5,1200,2.14,12.61,,,,,,5,5,17.2,2.9,,,,,,,,,,,,,,
143,대구,2000-10-15,15.5,10.9,708,21,1509,,,,,,,7,290,1016,3.4,290,1020,1.4,1220,340,3.8,22,1434,48.4,8.2,1018.6,1027.6,2300,1023.6,250,1025.4,11.3,10.4,1200,2.51,16.85,,,,,,1,1,19.8,4.5,,,,,,,,,,,,,,
143,대구,2000-10-16,14.2,8.3,657,20.7,1524,,,,,,,3,50,1257,2.1,90,2150,1.3,1082,50,4.7,21,1328,56.5,8.7,1018.1,1028.6,847,1021.8,1750,1025,11.3,9.7,1200,2.36,14.6,,,,,,1.8,.3,18.9,3,,,,,,,,,,,,0,,
143,대구,2000-10-17,14,10.5,407,17.6,1356,1,0,,0,,0,4,270,1440,3,270,1740,1.3,1095,270,6.3,31,1405,60.4,9.7,1012.5,1022.2,0,1016.7,1512,1019.4,11.3,.3,1300,1.23,5,,,,,,8.6,4.1,14.1,5.2,,,,,,,,,,,,0,{달무리}0120-0320. {비}0835-{비}{강도0}0900-0920. {비}1105-1120.,
143,대구,2000-10-18,14.2,11.3,636,19.6,1313,,,,,,,11,110,1414,6.2,110,1450,2.6,2285,110,9,47,1303,71.6,11.6,1016.6,1025.8,2123,1019.3,26,1023.5,11.2,4.4,1300,2.2,12.46,,,,,,3.8,3,14.7,5.2,,,,,,,,,,,,,{박무}0620-{박무}{강도0}0900-1040.,
143,대구,2000-10-19,14.6,10.2,206,19.3,1502,,,,,,,6,160,1047,3.2,140,1050,1.3,1082,50,8,40,1503,65.9,10.8,1014.5,1025.4,0,1018.3,1731,1021.3,11.2,6.8,1200,2.29,13.86,,,,,,5,3.5,19.2,4.5,,,,,,,,,,,,,,
143,대구,2000-10-20,15.8,11.2,447,21.4,1407,,,,,,,4,270,833,2.8,250,1130,.8,691,290,9.5,40,1405,67.5,12,1012.1,1021.2,2155,1017,1513,1018.9,11.2,2,1300,1.79,8.95,,,,,,5.8,4.6,15.4,5.5,,,,,,,,,,,,,{박무}0730-{박무}{강도0}0900-1120.,
143,대구,2000-10-21,16.4,12,411,22.3,1419,,,,,,,5,250,1022,3.1,290,1200,1.2,1023,50,6.8,22,1445,58.1,10.3,1015.6,1024,756,1020.4,1548,1022.4,11.1,7.1,1000,1.88,12.24,,,,,,3.8,0,18.1,5.2,,,,,,,,,,,,,{박무}0430-{박무}{강도0}0600-0840.,
143,대구,2000-10-22,15.6,10.2,634,20.6,1348,.25,0,,0,,0,9,90,1429,5.5,90,1700,2.1,1824,90,9.7,46,1413,69,12.2,1015.2,1024.9,749,1019.5,2400,1022,11.1,2.1,1200,1.93,9.79,,,,,,7.6,5.5,15.2,4.9,,,,,,,,,,,,9.2,{비}2345-{비}{강도0}2400-,
143,대구,2000-10-23,17.3,14.2,609,20.6,1603,8.5,1.2,450,4.9,450,9.3,7,110,2109,4.1,90,1950,1.6,1382,110,14.1,67,1408,81.4,16.2,1011.8,1019.9,447,1016.3,1452,1018.6,11.1,1.6,1100,1.78,7.84,,,,,,8.1,6.5,16.6,12.4,,,,,,,,,,,,.1,-{비}-0220.  {비}0330-{비}{강도1}0600-{비}{강도0}0900-0940.  {박무}0930-{박무}{강도0}1200-1340.  {박무}2010-{박무}{강도0}2100-{박무}{강도0}2400-,
143,대구,2000-10-24,18.9,15.5,637,21.8,1413,3.25,0,,0,,0,7,140,1142,4.2,140,1150,1.2,1037,90,15.7,68,1108,81.8,18,1010.9,1020.4,907,1014.6,2353,1017.6,11,1.1,1000,1.4,5.38,,,,,,9.3,6.1,17.7,11.1,,,,,,,,,,,,.5,-{박무}-{박무}{강도0}0300-{박무}{강도0}0600-0620. {박무}1520-{박무}{강도0}1800-{박무}{강도0}2100-{박무}{강도0}2400- {비}1210-1230. {비}1845-1930. {비}2130-2340.,
143,대구,2000-10-25,19.4,15.6,2400,23.1,1456,.75,.2,30,.5,25,.5,5,320,1554,2.7,320,2040,2,1728,320,15.4,61,1614,77.8,17.7,1009,1018.6,2341,1013.5,310,1015.6,11,1.3,1100,1.38,5.98,,,,,,7.6,3.1,18.7,11,,,,,,,,,,,,,-{박무}-{박무}{강도0}0300-{박무}{강도0}0600-{박무}{강도0}0900-{박무}{강도0}1200-1230.  {비}0025-0110.,
143,대구,2000-10-26,15.2,11.9,751,20,1551,,,,,,,8,90,1741,5.1,90,1830,3,2592,290,3,23,1250,45.9,7.9,1015.8,1026.1,2354,1018.6,0,1022.6,10.9,9.9,1100,2.32,14.96,,,,,,2.8,.9,17.3,6.1,,,,,,,,,,,,,,
143,대구,2000-10-27,14.4,10,706,19.8,1417,,,,,,,8,90,1122,4.9,110,1600,2.5,2160,110,7.2,38,1402,63.9,10.3,1019.8,1028.7,835,1024.9,1543,1026.6,10.9,9.9,1100,2.18,14.14,,,,,,2.5,.5,16.7,4,,,,,,,,,,,,0,{박무}0720-0830.,
143,대구,2000-10-28,13.7,10.6,208,17.7,1326,2.5,0,,0,,0,4,290,1350,2.6,290,1400,1.1,950,320,9.2,58,1327,73.9,11.7,1014.1,1026,1,1016.7,2353,1021,10.9,.2,1300,.89,4.55,,,,,,9.1,4.4,12.7,5.9,,,,,,,,,,,,.9,{비}0750-0840. {비}0910-1030. {박무}1040-{박무}{강도0}1200-1420. {비}2340-{비}{강도0}2400-,
143,대구,2000-10-29,13.8,11.7,2358,16.1,1538,8.83,.1,,.3,250,1,4,270,1437,2.8,290,2200,1.9,1642,290,7.3,39,2242,66.4,10.7,1007.6,1016.8,0,1011.8,1503,1014.4,10.8,0,1200,.68,4.05,,,,,,9.3,4.4,12,3.2,,,,,,,,,,,,.1,-{비}-0020.  {비}0150-{비}{강도0}0300-{비}{강도0}0600-{비}{강도0}0900-1020.,
143,대구,2000-10-30,12.4,6.7,657,19.2,1437,,,,,,,4,160,1248,1.7,50,2220,1.1,950,50,3.1,24,1501,55.1,7.7,1013.3,1023,2204,1015.8,0,1020.2,10.8,9.4,1200,2.09,13.22,,,,,,0,0,14.3,.4,,,,,,,,,,,,,{연무}0940-{연무}{강도0}1200-1230.,
143,대구,2000-10-31,12.7,6.5,709,17.6,1343,.5,0,,0,,0,3,290,1445,1.8,250,1530,1.1,950,50,6.9,42,1312,68.9,10.1,1015.5,1024.8,740,1020.5,1334,1022.3,10.8,4,1000,1.39,7.86,,,,,,6.8,4.5,11.8,.5,,,,,,,,,,,,2.8,{박무}1040-{박무}{강도0}1200-1430. {박무}1620-{박무}{강도0}1800-{박무}{강도0}2100-{박무}{강도0}2400- {비}2330-{비}{강도0}2400-,
143,대구,2000-11-01,12.7,12.1,2024,14,0,24,,,,,16.3,4,110,244,2.5,110,250,1.3,1123,290,11.5,76,0,92.1,13.7,1012.2,1021.2,843,1017.2,2358,1019,10.7,0,1200,.49,2.44,,,,,,10,5.6,11.7,10.2,,,,,,,,,,,,22.1,-{박무}-{박무}{강도0}0300-{박무}{강도0}0600-{박무}{강도0}0900-{박무}{강도0}1200-{박무}{강도0}1500-{박무}{강도0}1800-{박무}{강도0}2100-{박무}{강도0}2400- -{비}-{비}{강도0}0300-{비}{강도0}0600-{비}{강도0}0900-{비}{강도0}1200-{비}{강도0}1500-{비}{강도0}1800-{비}{강도0}2100-{비}{강도0}2400-,
143,대구,2000-11-02,14.3,11.4,416,17.6,1259,11.33,,,,,8.9,4,270,654,2.5,270,700,1.8,1555,270,11.8,67,1255,84.8,13.9,1011.6,1021.3,2353,1014.6,341,1018.4,10.7,.8,1200,1.85,7.13,,,,,,8.6,6.9,13.8,9.5,,,,,,,,,,,,.3,-{비}-{비}{강도0}0300-{비}{강도0}0600-{비}{강도0}0900-1120. -{박무}-{박무}{강도0}0300-{박무}{강도0}0600-{박무}{강도0}0900-1140.,
143,대구,2000-11-03,14.7,11.1,645,20.8,1358,,,,,,,7,90,1702,4.1,90,1710,1.8,1555,110,10.2,40,1428,77,12.6,1016.8,1025.4,2203,1021.3,0,1023.7,10.7,6.7,1200,2.05,10.92,,,,,,1.5,1.5,15,7.1,,,,,,,,,,,,,{박무}0210-{박무}{강도0}0300-{시정(미만)}{1km}{낮은안개}0520-{시정(미만)}{0.5km}{낮은안개}0540-{낮은안개}{강도1}0600-{안개}{강도1}0900-{시정(이상)}{0.5km}{안개}0940-{시정(이상)}{1km}{박무}1010-{박무}{강도0}1200-1220.,4.83
143,대구,2000-11-04,13.9,9.1,640,20.1,1522,,,,,,,4,90,2,3.3,90,20,1.5,1296,290,9.1,41,1504,74.6,11.7,1013.9,1024.9,0,1016.9,1637,1020.7,10.6,7.1,1100,2.08,11.85,,,,,,1.4,1.4,14.2,2.4,,,,,,,,,,,,,{박무}0520-{박무}{강도0}0600-{시정(미만)}{1km}{안개}0720-{시정(미만)}{0.5km}{안개}0730-{시정(미만)}{0.2km}{안개}0740-{시정(이상)}{0.2km}{안개}0850-{안개}{강도1}0900-{시정(이상)}{0.5km}{안개}0930-{시정(이상)}{1km}{박무}0955-1040.,2.58
143,대구,2000-11-05,14.6,10.7,708,20.4,1541,,,,,,,5,320,1201,3.2,290,1210,1.5,1296,270,6.2,25,1200,61.8,9.8,1011.7,1019.8,2140,1016.8,1431,1018.5,10.6,9.2,1200,2.04,12.41,,,,,,0,0,14.8,3.7,,,,,,,,,,,,,{박무}0630-{박무}{강도0}0900-1120.,
143,대구,2000-11-06,13.5,7.6,559,21.2,1526,,,,,,,3,90,5,2.2,270,1310,1.2,1037,50,7,30,1442,67.5,10.1,1011.7,1020.1,1007,1016.3,1454,1018.5,10.6,9.1,1200,1.97,12.04,,,,,,0,0,14.2,.2,,,,,,,,,,,,,{박무}0340-{박무}{강도0}0600-{박무}{강도0}0900-{박무}{강도0}1200-1340.,
143,대구,2000-11-07,14.2,9,632,20.7,1352,,,,,,,8,290,1509,4.8,320,1530,2.5,2160,290,3.9,18,2201,54.8,8.9,1013.7,1023.6,2319,1017.7,1404,1020.5,10.6,7.6,1200,1.84,11.17,,,,,,1.4,.1,13.4,2,,,,,,,,,,,,,{박무}0440-{박무}{강도0}0600-{박무}{강도0}0900-1030.,
143,대구,2000-11-08,8.3,5.8,657,11.4,1545,,,,,,,7,290,101,4,290,650,2.2,1901,320,-5.1,18,1153,40.5,4.4,1017.9,1027.3,932,1022.8,1528,1024.9,10.5,4,1100,1.66,8.19,,,,,,4.3,1.9,8,-.3,,,,,,,,,,,,,,
143,대구,2000-11-09,9.4,3.2,701,16.9,1458,,,,,,,4,270,1334,2.2,250,1400,1.3,1123,50,-1.2,13,1552,53.4,5.7,1016.6,1025.9,829,1021.3,1454,1023.6,10.5,9,1200,1.88,11.49,,,,,,.8,0,11.2,-3.1,,,,,,,,,,,,,,
143,대구,2000-11-10,10.3,5.1,542,17.1,1454,,,,,,,8,290,1930,4,320,1810,2.1,1814,290,1.3,32,1529,55.4,6.7,1015.6,1024.8,2358,1018.6,1449,1022.5,10.5,6.1,1200,1.74,9.75,,,,,,4,2.9,10.8,-.6,,,,,,,,,,,,,,
143,대구,2000-11-11,8.2,2.9,635,13.2,1550,,,,,,,7,290,244,3.3,290,130,2.3,1987,290,-1,39,1244,51.9,5.8,1017.7,1027.9,821,1022.3,1626,1024.7,10.4,7.9,1100,1.87,10.85,,,,,,3.4,2.6,9.7,-2.3,,,,,,,,,,,,,,
143,대구,2000-11-12,8.6,5,643,13.6,1430,,,,,,,9,290,1455,4.6,290,1450,3.1,2678,290,-2.4,32,1431,46.1,5.3,1017.4,1027,2354,1021.9,1429,1024.4,10.4,8.6,1100,1.87,11.21,,,,,,3.6,1.9,9.3,.4,,,,,,,,,,,,,,
143,대구,2000-11-13,8.6,4,717,14,1437,,,,,,,5,290,1029,2.6,270,1330,1.5,1296,250,.6,27,1557,60.1,6.5,1021.2,1030.3,921,1026.5,1404,1028.2,10.4,9.3,1200,1.96,11.99,,,,,,2.8,0,9.9,-4.2,,,,,,,,,,,,,,
143,대구,2000-11-14,8.4,2.9,643,13.7,1512,.12,,,,,0,3,50,520,1.8,90,620,1,864,50,1.9,42,1512,64.4,7.1,1020.7,1030.4,732,1025.5,2338,1027.8,10.3,1.7,1200,1.76,6.71,,,,,,5.6,5,8.1,-2.8,,,,,,,,,,,,0,{비}1903-1910.,
143,대구,2000-11-15,10.5,8.8,140,11.8,1548,6,,,,,1,4,290,936,2.6,320,1300,1.4,1210,290,6.7,61,529,76.8,9.9,1019.9,1028.1,2137,1025.5,0,1026.9,10.3,0,1100,.65,3.39,,,,,,9.8,5.4,10,3.7,,,,,,,,,,,,2.2,{박무}0420-{박무}{강도0}0600-{박무}{강도0}0900-{박무}{강도0}1200-{박무}{강도0}1500-1620.  {비}0720-0840.  {비}0950-{비}{강도0}1200-1430.,
143,대구,2000-11-16,10.3,9.1,2301,12,447,21.5,,,,,6.9,9,110,1209,4.6,90,1130,2.3,1987,90,8.4,78,634,88,11.1,1018.5,1027.8,856,1022.9,2354,1025.5,10.3,0,1100,.19,.94,,,,,,10,5.4,8.6,4.7,,,,,,,,,,,,5.7,{비}0110-{비}{강도0}0300-{비}{강도0}0600-{비}{강도0}0900-{비}{강도0}1200-{비}{강도0}1500-{비}{강도0}1800-{비}{강도0}2100-2240.,
143,대구,2000-11-17,9,6.4,2354,13.6,1032,1.17,,,,,0,9,290,1238,5.1,290,1530,3,2592,290,4.8,56,1533,75.1,8.8,1015.9,1026.2,2353,1020.8,1231,1022.9,10.3,3.8,1000,1.29,6.28,,,,,,6,4.8,8.2,-.5,,,,,,,,,,,,0,{비}0250-0320. {비}0605-0625. {비}0920-0940.,
143,대구,2000-11-18,7.3,3.4,2357,12.2,1356,,,,,,,7,290,914,4.2,290,920,2.5,2160,290,-3.9,19,1418,46.9,4.6,1023,1032.6,2215,1026.1,2,1030.1,10.2,9.4,1200,2.02,12.39,,,,,,0,0,6.8,-2.6,,,,,,,,,,,,,,
143,대구,2000-11-19,7.5,1.1,515,13.8,1534,2.17,,,,,1,5,110,1552,2.7,110,1600,1.5,1296,110,2,43,1316,68.5,7.2,1020.9,1033.1,230,1021.7,2356,1028,10.2,5.4,1200,1.75,8.74,,,,,,4,3,6.6,-4.9,,,,,,,,,,,,11.1,{달무리}0340-0430.  {비}2150-{비}{강도0}2400-,
143,대구,2000-11-20,9.1,7,2351,12.4,1443,12.33,,,,,13.4,12,290,2205,6.1,290,2210,3.2,2765,290,5.7,45,2358,80.5,9.5,1007.6,1021.7,0,1010.5,1419,1014.6,10.2,.5,1400,1.01,2.45,,,,,,8.5,5.4,8.3,2.2,,,,,,,,,,,,3.3,-{비}-{비}{강도0}0300-{비}{강도0}0600-{비}{강도0}0900-{비}{강도0}1200-1220.,
143,대구,2000-11-21,5,2,2355,7.9,1334,,,,,,,12,320,442,5.5,290,640,4,3456,290,-6.8,28,1549,42,3.8,1018.8,1030.7,2358,1019.3,0,1025.9,10.2,7.7,1100,1.9,11.14,,,,,,3.9,1.5,4.5,-4.7,,,,,,,,,,,,,,
143,대구,2000-11-22,4.5,-1.5,716,11.2,1545,,,,,,,3,270,1,2.1,270,50,1.2,1037,50,-3.1,32,1211,59.4,5,1022.3,1031.7,756,1027.5,1507,1029.5,10.1,9.2,1200,1.8,10.81,,,,,,0,0,4.5,-7.5,,,,,,,,,,,,,,
143,대구,2000-11-23,7,.7,703,14.6,1510,,,,,,,5,270,1354,2.5,270,1420,1.1,950,50,-.5,24,1424,62.8,6,1019.6,1028.9,905,1024.9,1405,1026.7,10.1,9.1,1200,1.79,10.74,,,,,,0,0,6,-6.1,,,,,,,,,,,,,,
143,대구,2000-11-24,7.9,2.2,656,14.9,1452,,,,,,,3,50,1032,1.7,70,1040,.9,778,50,2.2,38,1441,69.1,7.3,1017.7,1026.7,903,1022.3,1612,1024.8,10.1,6,1300,1.63,8.64,,,,,,3.1,0,7.4,-4.5,,,,,,,,,,,,,,
143,대구,2000-11-25,9.1,3.9,611,16.3,1408,,,,,,,3,90,547,2,90,830,1,864,50,3.1,38,1519,67.8,7.7,1015.5,1024.8,755,1019.8,1609,1022.5,10.1,8.1,1200,1.54,9.15,,,,,,1,1,8.3,-2.4,,,,,,,,,,,,,{박무}0020-{박무}{강도0}0300-{박무}{강도0}0600-{박무}{강도0}0900-{박무}{강도0}1200-1220.,
143,대구,2000-11-26,9.7,3.9,655,13.7,1155,,,,,,,5,290,2307,2.9,290,2320,1.3,1123,270,4.7,53,1200,71,8.7,1013.6,1022.5,0,1019.2,1842,1020.5,10,2.8,1100,1.34,5.07,,,,,,6.1,3.4,6.5,-3.1,,,,,,,,,,,,,{박무}0920-1130. {박무}1330-{박무}{강도0}1500-1720.,
143,대구,2000-11-27,7.2,4.4,719,11.4,1404,,,,,,,8,290,1149,4.5,290,1200,3.5,3024,290,-7.1,18,1431,36.9,3.7,1016.1,1025.4,2400,1020.5,0,1023.2,10,8.2,1200,1.95,11.24,,,,,,2.6,.8,6.4,-2.3,,,,,,,,,,,,,,
143,대구,2000-11-28,6,1.4,713,11.3,1448,,,,,,,7,320,1406,3.6,290,1250,1.9,1642,320,-6.7,21,1550,40.4,3.7,1019.4,1027.8,838,1024.3,1438,1026.5,10,9,1200,1.78,10.63,,,,,,0,0,4.9,-6.1,,,,,,,,,,,,,,
143,대구,2000-11-29,5.7,-.2,715,10.9,1406,,,,,,,7,320,1217,3.8,290,1110,1.9,1642,290,-5.8,26,1246,44.8,3.9,1018.6,1027.5,148,1023.8,1457,1025.7,10,8.9,1200,1.91,10.77,,,,,,2.9,0,3.3,-7.6,,,,,,,,,,,,,,
143,대구,2000-11-30,7.8,4.2,547,10.7,1511,,,,,,,3,270,1802,1.7,270,1830,1,864,50,-.3,46,1111,56.4,6.1,1017.6,1026.7,910,1022.8,1506,1024.6,10,.1,1000,.88,4.22,,,,,,8.9,3.8,5.7,-2.2,,,,,,,,,,,,,{햇무리}1050-1140.,
143,대구,2000-12-01,9,3.7,733,14.9,1350,,,,,,,5,90,1654,3,110,1700,1.2,1037,290,3.9,47,1351,71.1,8.2,1017.7,1025.9,2257,1023.3,109,1024.7,9.9,8.4,1200,1.65,9.08,,,,,,2.3,1.8,7.4,-4.4,,,,,,,,,,,,,,
143,대구,2000-12-02,8.9,2.6,625,15.3,1525,,,,,,,4,90,48,2.5,110,50,1.2,1037,50,3.7,36,1547,72.3,8,1016.4,1027.3,744,1020.6,2012,1023.4,9.9,5.6,1200,1.53,8.15,,,,,,4.3,4.3,8.4,-2,,,,,,,,,,,,,{박무}0630-{시정(미만)}{1km}{안개}0710-{안개}{강도0}0900-{시정(이상)}{1km}{박무}1040-{박무}{강도2}1200-1420.,3.5
143,대구,2000-12-03,9.6,4.8,2339,13.1,1404,,,,,,,9,290,1346,5.1,290,1350,2.8,2419,290,-6.8,13,1526,32.9,4,1012.6,1021.3,2257,1017.1,1358,1019.6,9.9,7.5,1200,1.7,9.82,,,,,,4,2.1,8.1,-3.7,,,,,,,,,,,,,{박무}0620-{박무}{강도0}0900-1020.,
143,대구,2000-12-04,5.2,-1,655,11.8,1526,,,,,,,4,270,17,2.5,250,1420,1.7,1469,290,-11.5,11,1435,30.8,2.6,1012.3,1022.1,746,1017.3,1542,1019.4,9.9,9.2,1200,1.84,10.9,,,,,,0,0,3.8,-9.2,,,,,,,,,,,,,,
143,대구,2000-12-05,7.1,2.5,402,12.2,1405,,,,,,,10,290,1029,6.2,320,1050,3,2592,290,-7.5,19,1424,35.1,3.5,1012.5,1024.4,2359,1015.2,352,1019.5,9.9,8.4,1200,1.71,9.98,,,,,,1.4,1.4,4.8,-5.4,,,,,,,,,,,,,,
143,대구,2000-12-06,4.8,1,702,9.7,1334,,,,,,,6,290,46,3.3,320,100,2.4,2074,290,-9.5,16,1319,36.9,3,1019.3,1028.5,2316,1024.2,9,1026.5,9.9,7.5,1100,1.82,10.48,,,,,,1.8,0,3.6,-7.7,,,,,,,,,,,,,,
143,대구,2000-12-07,4.8,-.6,713,10.8,1423,,,,,,,4,270,1402,2.2,250,1510,1.3,1123,50,-6.5,23,1337,45.4,3.8,1020.6,1030.1,653,1025.4,1459,1027.7,9.9,7.3,1200,1.49,8.58,,,,,,2.3,0,3,-7.9,,,,,,,,,,,,,,
143,대구,2000-12-08,7.2,1.1,656,14.3,1422,,,,,,,5,270,1345,3.3,270,1350,1.1,950,50,-.8,35,1406,57.9,5.8,1017.1,1026.4,902,1021.7,1508,1024.1,9.8,8.3,1200,1.62,8.8,,,,,,0,0,5.3,-6.8,,,,,,,,,,,,,{연무}1010-{연무}{강도0}1200-1240.,
143,대구,2000-12-09,7.8,1.6,755,15,1417,,,,,,,3,290,1658,1.7,50,800,.9,778,50,.6,30,1422,62.9,6.4,1013.8,1024.5,1000,1017.9,1647,1020.9,9.8,8.3,1200,1.61,9.01,,,,,,.6,0,5.5,-6.5,,,,,,,,,,,,0,{연무}1420-{연무}{강도0}1500-1640.,
143,대구,2000-12-10,5.4,1.6,2355,9.8,1335,1.62,,,,,0,9,290,1426,5.6,290,1730,2.6,2246,290,-1.3,38,1847,63,5.9,1011.8,1024.6,2359,1015.3,510,1018.9,9.8,.3,1200,.44,2.24,,,,,,5.3,2.5,3.1,-3.8,,,,,,,,,,,,0,{비}0845-0852. {비}0920-0935. {비}1055-1155. {비}1325-1340.  {박무}1040-{박무}{강도0}1200-1420.,
143,대구,2000-12-11,-1.8,-5,2331,1.9,1320,,,,,,,14,290,1154,8.2,290,1200,4.6,3974,290,-18.9,14,1253,26,1.4,1022.2,1032.4,2135,1024.6,0,1029.6,9.8,9.2,1200,1.88,11.05,,,,,,0,0,-1.3,-7.9,,,,,,,,,,,,,,
143,대구,2000-12-12,-2.2,-6.8,548,1.7,1536,,,,,,,10,320,938,5.4,290,940,3.7,3197,290,-17,15,1253,32.1,1.7,1021.1,1032.2,558,1025.2,2318,1028.4,9.8,8.6,1100,1.85,10.09,,,,,,2.6,.5,-2.5,-11.5,,,,,,,,,,,,,,
143,대구,2000-12-13,1.8,-3.1,712,7.6,1447,,,,,,,6,250,1350,3.5,250,1320,1.8,1555,270,-6.1,42,1400,55.9,3.9,1017,1025.9,951,1022.5,1511,1024.2,9.8,8,1200,1.56,8.79,,,,,,2.5,2.1,.6,-10.3,,,,,,,,,,,,,,
143,대구,2000-12-14,3.1,-2.4,744,9.9,1453,,,,,,,3,90,418,1.9,270,1440,1.1,950,50,-3.9,31,1521,61.9,4.6,1018.4,1027.3,841,1023.7,1425,1025.5,9.8,7.6,1200,1.43,8.18,,,,,,1.3,1.3,1.4,-9.5,,,,,,,,,,,,,{연무}1210-1440.,
143,대구,2000-12-15,7.1,-1.1,555,14.4,1546,,,,,,,8,270,1335,4.1,250,1250,1.8,1555,270,-.9,34,1607,59.3,5.8,1016.5,1026.5,729,1021.3,1436,1023.6,9.8,8.3,1200,1.61,9.01,,,,,,1.1,0,4.2,-8.8,,,,,,,,,,,,,{박무}0120-{박무}{강도0}0300-{박무}{강도0}0600-{박무}{강도0}0900-{박무}{강도0}1200-1240.,
143,대구,2000-12-16,6.3,1.9,2241,10.7,1512,,,,,,,7,320,903,4.1,290,1210,2,1728,290,-10,9,1455,36.5,3.4,1019,1028.4,927,1022.5,3,1026.1,9.8,8,1200,1.88,10.55,,,,,,2.6,.9,4.1,-7.8,,,,,,,,,,,,,{박무}0620-0840.,
143,대구,2000-12-17,3.8,-1.1,729,10.4,1523,,,,,,,3,270,1206,1.7,90,2120,1,864,50,-9.8,14,1524,38.3,2.9,1019.3,1028.4,902,1024.7,1350,1026.5,9.8,5.2,1100,1.37,7.62,,,,,,3.6,1.4,2.4,-8.1,,,,,,,,,,,,,,
143,대구,2000-12-18,2.8,-1.4,740,6.4,1605,6.25,,,,,.6,5,290,1605,2.6,270,1610,1.4,1210,270,-3.6,42,1431,63.3,4.9,1014.6,1026.6,219,1017.8,1737,1021.7,9.8,1,1100,.62,2.99,,,,,,5.6,2.6,1,-7.8,,,,,,,,,,,,.6,{비}1340-1410.  {비}1455-{비}{강도0}1500-{비}{강도0}1800-2040.,
143,대구,2000-12-19,6.2,2,125,9.6,1258,.33,,,,,0,9,290,827,5,290,850,2.3,1987,290,-2.1,29,1356,58.1,5.4,1016.8,1028.6,2045,1018.1,33,1023.8,9.8,.2,1200,1.08,5.67,,,,,,7.1,4.1,3.5,-4.5,,,,,,,,,,,,,{비}0210-0230.  {박무}0520-{박무}{강도0}0600-0820.,
143,대구,2000-12-20,4.1,1.9,733,6.7,1400,2.33,,,,,.1,7,320,1706,3.9,320,1720,1.7,1469,290,-.6,57,1702,71,5.9,1014.1,1027.4,10,1017.8,1257,1021.2,9.8,0,1300,.36,2.33,,,,,,6.5,3.8,1.3,-5.9,,,,,,,,,,,,.1,{박무}0830-{박무}{강도0}0900-{박무}{강도0}1200-{박무}{강도0}1500-1640. {비}1220-1250. {비}1340-{비}{강도0}1500-1530.,
143,대구,2000-12-21,4.4,1.2,2340,8.7,1441,,,,,,,8,290,1252,4.3,290,1300,2.2,1901,290,-7.4,20,1442,44.5,3.6,1014.9,1023.5,952,1020.4,1521,1022,9.8,9,1200,1.8,10.36,,,,,,0,0,2,-7.6,,,,,,,,,,,,,,
143,대구,2000-12-22,3.6,-2.8,649,11,1456,,,,,,,6,290,1449,3,290,1500,1.2,1037,50,-6.5,24,1451,49.6,3.7,1012.4,1022.3,218,1016.9,1618,1019.5,9.8,8.9,1200,1.63,9.4,,,,,,0,0,2.1,-10.9,,,,,,,,,,,,,,
143,대구,2000-12-23,4.1,-.7,754,9.5,1332,.8,,,,,2.2,12,290,1508,6.5,270,1510,3.1,2678,290,-4.2,37,1744,55.4,4.6,1008,1020.6,2328,1010,839,1015.1,9.8,4.8,1300,1.27,6.58,,,,,,2.1,2.1,1.7,-6.2,,,,,,,,,,,,2.2,{비}0943-1031. {박무}1020-{박무}{강도0}1200-1245.,
143,대구,2000-12-24,3.5,.5,2216,8.1,1354,,,,,,,7,320,1428,3.9,320,1430,1.7,1469,50,-6.1,28,1505,49.8,3.9,1012.8,1022.2,950,1016.5,2357,1020,9.8,5.6,1200,1.82,8.7,,,,,,5.1,4.1,1.4,-7.3,,,,,,,,,,,,.3,,
143,대구,2000-12-25,-.3,-3.6,2306,2.4,436,1.83,,,,,.3,15,290,538,7.8,290,540,4.6,3974,290,-11.6,24,1224,43.6,2.7,1015.9,1028.6,2350,1013.5,350,1023.2,9.8,8.4,1200,1.87,10.5,.8,520,.8,520,.8,2.1,1.9,-.6,-8,,,,,,,,,,,,,{눈}0120-0230. {눈}0440-0520.,
143,대구,2000-12-26,-2.7,-5.8,718,1.7,1525,,,,,,,10,320,916,4.7,320,310,3.3,2851,290,-15.7,23,1416,36.5,1.8,1024.2,1033.6,1037,1028.5,23,1031.6,9.8,9.1,1200,1.87,11.03,,,,,,0,0,-2.5,-11.9,,,,,,,,,,,,,,
143,대구,2000-12-27,-.8,-6.4,313,4.7,1515,,,,,,,5,270,1224,2.9,270,1250,1.5,1296,50,-13.5,15,1413,40,2.2,1023,1032.9,909,1028.2,2202,1030.3,9.8,7.3,1200,1.47,8.19,,,,,,2.3,1.8,-1.4,-12,,,,,,,,,,,,,,
143,대구,2000-12-28,2,-1.3,2332,6.3,1419,,,,,,,6,290,1102,4.1,290,1200,1.6,1382,320,-8.3,29,1528,46.8,3.3,1020.7,1029.8,2319,1026.4,524,1027.9,9.8,7.6,1100,1.6,8.83,,,,,,4.3,1.9,1.2,-10.6,,,,,,,,,,,,,,
143,대구,2000-12-29,1,-5,745,8.5,1522,,,,,,,3,270,1136,2.2,270,1630,1.3,1123,50,-8.5,24,1618,51.8,3.2,1020,1030,944,1024.9,2152,1027.3,9.8,8.7,1200,1.64,9.38,,,,,,.4,0,.6,-11.4,,,,,,,,,,,,,,
143,대구,2000-12-30,4.1,-1.7,551,12,1520,,,,,,,3,290,1323,2,320,1610,1.2,1037,270,-5.7,25,1257,50.5,4,1013.2,1025.3,52,1016.7,2319,1020.3,9.8,7.9,1200,1.5,8.43,,,,,,2.1,.8,2.9,-7.6,,,,,,,,,,,,,,
143,대구,2000-12-31,2.3,-2.9,2324,6.8,339,,,,,,,11,290,1443,5.8,290,610,3.9,3370,320,-11.3,18,1436,36.6,2.7,1010.8,1020.6,2307,1015.5,348,1017.9,9.8,8.9,1200,1.87,11,,,,,,1.5,.4,1.8,-9,,,,,,,,,,,,,,
143,대구,2001-01-01,.6,-4.9,824,5.8,1456,,,,,,,5,320,18,2.9,290,100,1.9,1642,290,-13.6,15,1331,35.3,2.1,1010,1021.5,529,1012.3,2350,1017.2,9.8,8.4,1200,1.81,10.57,,,,,,2.9,1.6,.3,-12.3,,,,,,,,,,,,0,,
143,대구,2001-01-02,4.2,.8,2358,8.4,1223,.25,,,,,0,14,320,1256,6.8,290,1440,4,3456,290,-7.7,29,1212,41.8,3.5,1008.9,1021.3,2356,1011.5,121,1016,9.8,6.5,1200,1.7,8.96,,,,,,3,2,2.6,-4.2,,,,,,,,,,,,,{눈}0220-0235.  {박무}0720-{박무}{강도0}0900-{박무}{강도0}1200-1230.  {황사}1240-{황사}{강도0}1500-{황사}{강도0}1800-{황사}{강도0}2100-2250.,
143,대구,2001-01-03,-2,-5.6,750,2.4,1445,,,,,,,10,320,9,4.8,320,1440,3.4,2938,320,-13.5,27,1209,41.5,2.2,1016.4,1025.6,923,1021.2,31,1023.7,9.8,7.9,1200,1.6,9.21,,,,,,2.6,1.6,-1.5,-9.4,,,,,,,,,,,,,,
143,대구,2001-01-04,-3.3,-6.1,801,.4,1510,,,,,,,9,270,1317,5.1,290,1400,3.5,3024,290,-16.4,20,1528,37.3,1.8,1020.4,1030.2,2127,1023.4,59,1027.8,9.8,9,1200,1.81,10.72,,,,,,.4,.4,-2.6,-10.9,,,,,,,,,,,,,,
143,대구,2001-01-05,-1.7,-5.6,359,3,1404,,,,,,,10,320,1443,5.1,290,1220,3.2,2765,290,-14.2,26,409,38,2.1,1025.3,1034.6,2255,1030.1,0,1032.7,9.8,8.9,1200,1.76,10.13,,,,,,0,0,-2.3,-12.1,,,,,,,,,,,,,,
143,대구,2001-01-06,1,-5.6,738,4.9,1502,,,,,,,4,90,908,2.9,110,1800,1.6,1382,110,-8.5,21,1444,51,3.4,1025.9,1036,935,1029.9,2350,1033.2,9.9,5.9,1100,1.6,8.57,,,,,,4.8,1.9,-.1,-14,,,,,,,,,,,,8,{햇무리}1430-1620.,
143,대구,2001-01-07,5.4,2.7,405,7.9,1726,21.33,,,,,15,12,110,927,6.3,110,930,3.5,3024,110,3.7,60,0,88.6,8.1,1010,1030.1,1,1010.5,1746,1017.1,9.9,0,1200,.22,1.16,,,,,,10,5.4,2.7,-.5,,,,,,,,,,,,7,{비}0135-{비}{강도0}0300-{비}{강도0}0600-{비}{강도0}0900-{비}{강도0}1200-{비}{강도0}1500-1745. {비}1850-{비}{강도0}2100-{비}{강도0}2400-,
143,대구,2001-01-08,6.2,3.9,2338,11,1331,.33,,,,,0,9,110,1512,4.6,110,1650,2.5,2160,140,1.7,45,1537,74,7,1015.1,1024.6,1901,1015.5,0,1022.2,9.9,6.4,1300,2.06,10.07,,,,,,5.6,3.5,4.6,-1.8,,,,,,,,,,,,.1,-{비}-0020.,
143,대구,2001-01-09,4.7,2.7,2358,7.5,1423,9.5,,,,,1.5,10,320,2124,5.9,320,2220,2.4,2074,290,1.5,56,2334,79.8,7,1009.1,1024.1,1,1010.7,1355,1016.1,9.9,.3,1300,.96,2.84,,,,,,8.9,5.8,3.6,-.7,,,,,,,,,,,,1.4,{비}0340-0545. {비}0810-{비}{강도0}0900-{비}{강도0}1200-1335. {비}1520-1720.  {박무}1120-{박무}{강도0}1200-{박무}{강도0}1500-1740.,
143,대구,2001-01-10,.4,-2.5,756,4.6,1506,,,,,,,7,270,2,4.4,290,530,3,2592,290,-13.5,14,1420,36.3,2.2,1010.5,1021.3,1028,1015.4,2359,1017.7,9.9,8.8,1200,1.95,11.5,,,,,,1.5,0,.4,-9.3,,,,,,,,,,,,0,,
143,대구,2001-01-11,.4,-3.2,2359,4.8,1411,.75,,,,,0,8,290,935,4.6,290,1250,3,2592,290,-13.1,18,1154,36.6,2.2,1009.9,1021.7,2352,1013.4,307,1017.1,9.9,8.6,1200,1.91,11.21,,,,,,1.6,1.4,-1.3,-9.4,,,,,,,,,,,,,{눈}0625-0710.,
143,대구,2001-01-12,-3.9,-7.1,720,-.3,1435,,,,,,,10,290,1319,5.4,290,1320,3.4,2938,320,-15.5,27,2249,40.3,1.8,1016.1,1025.3,1010,1021.6,2220,1023.5,9.9,8.8,1200,1.87,10.95,,,,,,2.3,0,-3.8,-10.4,,,,,,,,,,,,.1,,
143,대구,2001-01-13,-3.4,-6.3,2355,2,1436,3.58,,,,,.4,10,320,1519,5.9,320,1520,2.8,2419,290,-12.4,29,3,51,2.5,1012.3,1022.7,48,1016.7,1331,1019.6,10,4.1,1300,1.54,7.7,.8,1115,.8,1115,.8,4.3,2,-3,-9.6,,,,,,,,,,,,.3,{눈}0755-{눈}{강도0}0900-1115. {눈}1355-1410.,
143,대구,2001-01-14,-7.5,-10,2352,-3.6,1355,,,,,,,12,290,1401,6.7,320,1420,4,3456,320,-18.4,24,1437,41.8,1.4,1015.9,1025.7,2353,1020.8,1632,1023.4,10,9.3,1200,2.02,11.91,,,,,,.4,.4,-5.9,-13.3,,,,,,,,,,,,,,
143,대구,2001-01-15,-8.5,-11.7,726,-4.4,1500,,,,,,,10,290,1354,6.1,320,1410,3.8,3283,320,-19.3,22,1403,42,1.4,1020.5,1029.8,2355,1025.3,31,1028,10,9.5,1200,2.05,12.42,,,,,,0,0,-6.6,-15,,,,,,,,,,,,,,
143,대구,2001-01-16,-6.5,-9.7,46,-1.9,1506,,,,,,,8,290,1150,5,290,1350,3.4,2938,290,-18.7,21,1653,39.3,1.4,1022.5,1031.1,954,1028.5,1422,1030,10,9.6,1200,2.04,12.23,,,,,,.1,.1,-5.7,-15.9,,,,,,,,,,,,,,
143,대구,2001-01-17,-3.1,-7.7,219,2.4,1546,,,,,,,9,320,1204,5.3,320,1210,2.3,1987,290,-18.4,18,1052,29.9,1.5,1022.9,1032.6,819,1028.5,1646,1030.3,10,9.2,1200,2,12.07,,,,,,1,0,-3.4,-13.1,,,,,,,,,,,,,,
143,대구,2001-01-18,.7,-5,139,6,1442,,,,,,,4,290,1619,2,290,1620,.9,778,270,-6,45,1325,61,4,1021.7,1031.3,2349,1027.5,507,1028.9,10.1,.9,1300,1.11,5.36,,,,,,6.5,4.1,-1,-12.8,,,,,,,,,,,,,,
143,대구,2001-01-19,2.5,-3.7,713,7.4,1447,.92,,,,,0,5,270,1316,3.2,270,1330,1.1,950,270,-2.2,50,1456,72.1,5.2,1020.9,1032.4,907,1023.7,2221,1028.1,10.1,4.1,1200,1.43,7.68,,,,,,7,3.5,.2,-10.8,,,,,,,,,,,,12,{박무}0640-{박무}{강도0}0900-{박무}{강도0}1200-1440. {박무}2130-{박무}{강도0}2400- {비}2305-{비}{강도0}2400-,
143,대구,2001-01-20,3.5,1.7,501,6.5,1614,11.5,,,,,13.2,5,290,1714,2.5,290,2010,1.2,1037,290,1.9,76,0,89.1,7.1,1011.5,1024.3,0,1015.5,1318,1018.6,10.1,.8,1300,.77,3.32,3,530,3,530,3.3,7.1,3.8,-.4,-4.3,,,,,,,,,,,,1.2,-{비}-{비}{강도0}0300-{진눈깨비}0320-{눈}0430-{진눈깨비}0530-{진눈깨비}{강도0}0600-{눈}0640-{눈}{강도0}0900-1130.  -{박무}-{박무}{강도0}0300-{박무}{강도0}0600-{박무}{강도0}0900-{박무}{강도0}1200-{박무}{강도0}1500-{박무}{강도0}1800-{박무}{강도0}2100-{박무}{강도0}2400-,
143,대구,2001-01-21,2.7,.2,637,6,1521,,,,,,,8,320,1236,4.3,290,1150,2.1,1814,290,-3.5,42,1101,63.9,4.7,1015.6,1024.2,2356,1020.1,0,1022.7,10.1,8.9,1200,1.91,11.12,,,.8,0,,0,0,.1,-7.2,,,,,,,,,,,,,-{박무}-{박무}{강도0}0300-{박무}{강도0}0600-0740.,
143,대구,2001-01-22,1.8,-1.1,439,5.7,1526,,,,,,,3,50,123,2,90,650,.6,518,50,-3,42,1513,71,4.9,1016.8,1025.6,2221,1022.3,1622,1024,10.2,0,1300,.87,4.66,,,,,,5.3,2.5,-.6,-7.6,,,,,,,,,,,,,{박무}0715-{박무}{강도0}0900-{박무}{강도0}1200-1430. {박무}1840-{박무}{강도0}2100-{박무}{강도0}2400-,
143,대구,2001-01-23,2.6,-1.3,737,7.4,1519,,,,,,,5,290,1111,3.2,270,1220,1.9,1642,290,-8.1,16,1423,50.5,3.5,1020.4,1030.1,2223,1024.8,113,1027.5,10.2,8.6,1200,2.07,12.1,,,,,,.9,.4,.7,-8.9,,,,,,,,,,,,,-{박무}-{박무}{강도0}0300-{박무}{강도0}0600-0720.,
143,대구,2001-01-24,2.3,-2.8,502,6.1,1720,,,,,,,3,50,438,2.1,270,2100,1.1,950,90,-2.9,55,1432,68.1,4.9,1019.9,1031.6,851,1022.1,2400,1027.1,10.2,.1,1200,.99,5.73,,,,,,7.8,3.3,.1,-8.6,,,,,,,,,,,,,,
143,대구,2001-01-25,4.9,2.7,423,6.7,2317,,,,,,,9,90,2353,5.3,90,2400,1.2,1037,90,-1.2,49,2055,64.3,5.6,1011.8,1022.1,0,1016.2,1657,1018.8,10.2,0,1200,.51,3.05,,,,,,8.5,5.8,2,-2.3,,,,,,,,,,,,,,
143,대구,2001-01-26,5.6,3.5,2400,6.4,0,1.17,,,,,0,10,70,1016,5.6,90,1020,3.5,3024,70,-2.2,47,410,56.9,5.2,1010.3,1019.9,540,1014.5,2308,1017.3,10.3,0,1400,.37,2.04,,,,,,9.5,6.5,1.8,.4,,,,,,,,,,,,.4,{비}1930-2020. {비}2340-{비}{강도0}2400-,
143,대구,2001-01-27,3.5,2.1,511,7.3,1549,10.33,,,,,1,7,320,1449,4.1,320,1630,2.6,2246,290,-.2,54,1607,76.6,6.1,1008.7,1018.5,2148,1013.4,506,1015.7,10.3,2.4,1400,1.27,6.16,,,,,,6.6,4.3,2.2,-4,,,,,,,,,,,,.6,-{비}-{진눈깨비}0030-{비}0240-{비}{강도0}0300-0540.  {눈}0750-{눈}{강도0}0900-{진눈깨비}1025-{비}1040-{비}{강도0}1200-1230.,
143,대구,2001-01-28,1.1,-2.6,2353,5.9,1346,.33,,,,,0,11,290,1937,6.1,290,2050,3,2592,290,-6.7,28,1707,57.9,3.9,1011,1024,2357,1014.2,1334,1018.2,10.3,3.4,1300,1.36,6.62,,,,,,3.6,1.5,-.7,-7.5,,,,,,,,,,,,0,{눈}1430-1450.,
143,대구,2001-01-29,1.4,-4.3,648,6.7,1519,,,,,,,11,290,1623,5.1,290,1630,2.5,2160,270,-8.3,27,1540,49.5,3.3,1015.9,1025.4,902,1020.3,1513,1023.1,10.3,8.7,1200,2.1,12.89,,,,,,1.9,1.9,-.2,-7.5,,,,,,,,,,,,,,
143,대구,2001-01-30,3.1,-.4,746,8.4,1457,,,,,,,7,290,1259,3.9,290,1250,2,1728,290,-5.4,29,1407,55.8,4.1,1015.4,1023.7,1005,1020.8,1429,1022.6,10.4,8.1,1200,2.1,12.28,,,,,,.8,.8,1.4,-7.3,,,,,,,,,,,,,,
143,대구,2001-01-31,2.2,-2.1,524,5.8,1655,,,,,,,4,160,1607,2.4,160,1610,.9,778,50,-3.8,48,1412,64.4,4.6,1010.7,1023.1,0,1011.8,2346,1017.8,10.4,.8,900,.93,5.09,,,,,,6.5,1.9,-.3,-8.6,,,,,,,,,,,,0,{박무}0840-{박무}{강도0}0900-{박무}{강도0}1200-{박무}{강도0}1500-1640. {박무}2140-{박무}{강도0}2400-,
143,대구,2001-02-01,1.2,-4,2346,5,243,1.25,,,,,0,12,290,1141,6.7,290,1120,4.3,3715,320,-14.1,17,1712,32,2.3,1010.5,1023.1,2331,1011.5,130,1017.7,10.4,9.6,1200,2.28,14.13,,,,,,1.6,.5,.3,-7.9,,,,,,,,,,,,,-{박무}-{박무}{강도0}0300-{박무}{강도0}0600-0620. {비}0105-0220.,
143,대구,2001-02-02,-.7,-6.1,706,4.9,1458,,,,,,,8,270,1332,4.3,290,10,2.5,2160,290,-16.1,14,1215,32.1,1.8,1016.6,1026.1,857,1021.6,1619,1023.8,10.5,9.5,1200,2.18,13.52,,,,,,0,0,-1.3,-11.3,,,,,,,,,,,,,,
143,대구,2001-02-03,3.2,-2.5,726,9.2,1554,,,,,,,6,270,1357,2.7,270,1400,1.1,950,50,-5.1,36,1556,54.5,4.2,1019,1028,959,1024.6,0,1026.2,10.5,7.3,1300,1.78,10.8,,,,,,4.5,1,1.9,-9.5,,,,,,,,,,,,,,
143,대구,2001-02-04,4.8,1.1,716,9.1,1321,,,,,,,3,140,1758,1.8,110,1810,.9,778,50,-2.5,34,1502,60.4,5.1,1018.9,1028.2,935,1024.1,1756,1026.1,10.5,.7,1200,1.36,7.32,,,,,,6.9,1.3,2.2,-4.6,,,,,,,,,,,,,,
143,대구,2001-02-05,6.6,-.7,626,12.9,1526,,,,,,,4,110,2146,2.1,140,2220,1.2,1037,50,-.8,25,1453,62.4,5.8,1014.8,1025.9,747,1018,1613,1021.9,10.6,8.1,1200,1.92,11.68,,,,,,3.8,2.1,5.2,-7.8,,,,,,,,,,,,,{박무}0730-{박무}{강도0}0900-1040.,
143,대구,2001-02-06,8.1,5.7,446,11.5,1318,,,,,,,7,90,1631,3.9,110,1640,2.2,1901,110,2.8,52,1447,69.4,7.5,1011.5,1019.7,851,1016.9,1509,1018.5,10.6,2.3,1300,1.82,7.58,,,,,,9,8,6.8,1.1,,,,,,,,,,,,0,{박무}0430-{박무}{강도0}0600-{박무}{강도0}0900-{박무}{강도0}1200-{박무}{강도0}1500-1620.,
143,대구,2001-02-07,5.3,-1.2,2345,8.6,1426,.5,,,,,0,10,320,2127,5.7,290,2150,3.3,2851,290,-6,17,2157,46.5,4.4,1011.5,1022.5,2347,1016.3,1446,1018.6,10.6,4.7,1300,1.75,9.4,,,,,,6,2,5.7,-6,,,,,,,,,,,,,{비}0545-{비}{강도0}0600-0615. {박무}0630-{박무}{강도0}0900-1120.,
143,대구,2001-02-08,-1.1,-5,719,3,1445,,,,,,,9,320,1039,5.8,290,1210,4,3456,290,-16.2,17,1507,31.6,1.8,1018.2,1027.7,2249,1022.5,0,1025.5,10.7,10.1,1200,2.37,15.5,,,,,,0,0,.9,-8.9,,,,,,,,,,,,,,
143,대구,2001-02-09,2,-3.5,602,7.6,1615,,,,,,,9,290,1642,5.3,290,1650,2,1728,290,-9.6,28,1805,42.3,2.9,1019.1,1028.7,823,1023.6,1716,1026.3,10.7,8.9,1200,2.09,12.83,,,,,,1.4,.5,2.4,-12,,,,,,,,,,,,,,
143,대구,2001-02-10,3.3,-1.2,739,8.3,1613,,,,,,,6,290,1259,3.6,270,1300,2,1728,290,-10.7,16,1556,36.6,2.7,1021.7,1030.4,2353,1026.8,0,1028.9,10.7,9.6,1200,2.18,13.67,,,,,,0,0,3.2,-9.5,,,,,,,,,,,,,,
143,대구,2001-02-11,2.2,-3.3,721,6.8,1505,,,,,,,7,290,1228,4.4,290,1200,2,1728,290,-11.7,18,1741,38.4,2.6,1025.5,1033.9,828,1030.5,1,1032.8,10.8,6.5,1300,1.8,11.32,,,,,,4.1,0,2.4,-10.7,,,,,,,,,,,,,,
143,대구,2001-02-12,2.4,1.2,2354,4.1,1605,,,,,,,5,290,1112,3,290,1150,2,1728,290,-18.3,11,1150,20,1.5,1022.7,1033.4,34,1025.9,2234,1029.9,10.8,0,1400,.64,4.45,,,,,,8.5,6.3,1,-4.5,,,,,,,,,,,,,,
143,대구,2001-02-13,1.8,-.8,2400,6.6,1356,,,,,,,9,290,1425,4.7,290,2240,3,2592,290,-16.6,12,1415,23.9,1.7,1016,1026.4,0,1019.7,1555,1023.2,10.8,5.6,1100,1.8,10.99,,,,,,4.9,0,2.1,-6.1,,,,,,,,,,,,,,
143,대구,2001-02-14,.2,-3.7,721,4.7,1519,,,,,,,11,290,1456,6.6,320,1640,3.5,3024,290,-14.2,17,1445,34.4,2.1,1017.7,1026.1,919,1023.5,0,1024.9,10.9,10.1,1200,2.35,15.59,,,,,,0,0,1.3,-9,,,,,,,,,,,,,,
143,대구,2001-02-15,3,-4.1,655,10,1517,2.5,,,,,1.7,13,250,1551,7.4,270,1810,3,2592,290,-4.9,27,1218,57.6,4.4,1014.2,1026.5,238,1013.4,1724,1021.3,10.9,5.9,1300,2.08,11.92,,,,,,5.3,2.5,3.7,-11.6,,,,,,,,,,,,1.7,{비}1740-{비}{강도0}1800-2010.,
143,대구,2001-02-16,.6,-2.1,2340,4.3,1503,,,,,,,10,320,108,5.8,290,320,3.8,3283,320,-12.1,22,1453,38.4,2.4,1021.1,1032.4,2138,1020.3,0,1028.4,10.9,10.3,1200,2.43,16.02,,,,,,.5,.5,2.1,-6.8,,,,,,,,,,,,,,
143,대구,2001-02-17,2,-3.7,726,7.2,1643,,,,,,,8,290,1105,4.9,290,1120,2.6,2246,270,-9.2,33,18,43.1,3.1,1019.9,1032.4,55,1022.9,2335,1027.1,11,7.1,1200,2.41,13.81,,,,,,5.1,0,2.9,-9.5,,,,,,,,,,,,,,
143,대구,2001-02-18,6.9,2.1,631,12.5,1458,,,,,,,8,290,1151,4.4,290,1150,2.6,2246,290,-3.5,30,1453,48.1,4.7,1012.7,1023.6,10,1016.7,1518,1019.7,11,9,1200,2.38,15.28,,,,,,3,0,7.5,-3.3,,,,,,,,,,,,,,
143,대구,2001-02-19,9.2,3.4,655,15.2,1512,,,,,,,8,290,1011,4.6,110,2230,2.6,2246,290,-.7,22,1514,52.6,5.9,1015.2,1024.4,2357,1020,1440,1022.2,11,7.6,1100,2.21,14.29,,,,,,2.6,.8,9.5,-6.1,,,,,,,,,,,,,,
143,대구,2001-02-20,9,2.8,647,15.9,1547,,,,,,,5,180,1933,2.6,180,1940,1.6,1382,90,.9,29,1445,59.8,6.6,1014.8,1025.6,848,1018.8,2354,1021.8,11.1,9.1,1200,2.22,13.94,,,,,,2.5,.9,9.8,-2.6,,,,,,,,,,,,,{박무}0720-{박무}{강도0}0900-1130.,
143,대구,2001-02-21,6.9,3.5,510,9.8,1654,5.92,,,,,3,4,290,1526,2.2,290,1730,1.3,1123,50,4.8,69,0,85.9,8.7,1009.6,1018.9,11,1014.7,1404,1016.6,11.1,.4,1300,.52,3.51,,,,,,5.6,2.9,4.3,-3.1,,,,,,,,,,,,3,{박무}0630-{박무}{강도0}0900-{박무}{강도0}1200-{박무}{강도0}1500-{박무}{강도0}1800-{박무}{강도0}2100-{박무}{강도0}2400-  {비}0940-{비}{강도0}1200-{비}{강도0}1500-1535.,
143,대구,2001-02-22,8.8,1.4,622,17.7,1631,,,,,,,4,270,1250,2.2,290,1410,1.2,1037,50,.9,16,1558,63.3,6.6,1011.2,1020.7,834,1015.5,1730,1018.1,11.1,7.8,1200,2.37,14.58,,,,,,0,0,7.3,-6.9,,,,,,,,,,,,1.4,-{박무}-{박무}{강도1}0300-{박무}{강도1}0600-{박무}{강도1}0900-{박무}{강도0}1200-1250.,
143,대구,2001-02-23,5.9,4.5,911,7.4,1914,17.08,,,,,24.6,6,140,1612,3.1,110,1620,1.9,1642,90,3.9,62,11,86.6,8.2,1006.5,1017.2,0,1010.4,1601,1013.5,11.2,0,1000,.25,1.36,,,,,,9,6.3,3.5,-4.3,,,,,,,,,,,,26,{비}0655-{비}{강도0}0900-{비}{강도0}1200-{비}{강도0}1500-{비}{강도0}1800-{비}{강도0}2100-{비}{강도0}2400- {천둥}{강도0}1625-1633.  {박무}0740-{박무}{강도0}0900-{박무}{강도0}1200-{박무}{강도0}1500-{박무}{강도0}1800-{박무}{강도0}2100-{박무}{강도0}2400-,
143,대구,2001-02-24,4.1,2.3,2400,6,1252,19.33,,,,,4.6,7,290,2128,4.3,290,2140,1.7,1469,320,1.8,64,2247,84.6,7.1,1008.9,1022.1,2357,1010.9,41,1016,11.2,0,1200,.8,3.41,,,,,,8.6,5.5,2.9,-2.5,,,,,,,,,,,,1.8,-{비}-{비}{강도0}0300-{비}{강도0}0600-{비}{강도0}0900-{비}{강도0}1200-{비}{강도0}1500-{비}{강도0}1800-1920.  -{박무}-{박무}{강도0}0300-{박무}{강도0}0600-{박무}{강도0}0900-1030. {박무}1520-{박무}{강도0}1800-1940.,
143,대구,2001-02-25,2.3,-1.2,655,6.6,1548,,,,,,,11,320,1205,5.1,320,1220,2.3,1987,320,-10.7,21,1514,38.8,2.7,1021.5,1031,2335,1022.1,0,1028.7,11.2,10.7,1200,2.64,18.04,,,,,,0,0,3.4,-8,,,,,,,,,,,,,,
143,대구,2001-02-26,4.5,-1.2,442,12.2,1610,,,,,,,6,250,1255,3.7,250,1450,.9,778,250,-6.4,20,1535,48.1,3.8,1024.2,1033.8,848,1028.9,1643,1031.3,11.3,10,1300,2.47,15.68,,,,,,1.9,.3,4,-9.1,,,,,,,,,,,,,,
143,대구,2001-02-27,5.1,0,349,8.7,1659,7.67,,,,,7.8,3,290,1016,2.2,270,1200,.5,432,270,-1.5,34,1534,63.9,5.6,1017.2,1030.6,4,1015.4,2355,1024.3,11.3,2.6,900,1.35,5.84,,,,,,7,4.8,2.5,-8.4,,,,,,,,,,,,28,{비}1620-{비}{강도0}1800-{비}{강도0}2100-{비}{강도0}2400-,
143,대구,2001-02-28,8.6,5.2,317,13.3,1510,7.5,,,,,20.2,8,110,1730,5.3,90,1730,1.5,1296,270,4.4,51,1628,75.6,8.5,1007.6,1015.9,1140,1013,1521,1014.6,11.3,3,1300,1.57,9.75,,,,,,7.5,5,8,3,,,,,,,,,,,,,-{비}-{비}{강도0}0300-{비}{강도0}0600-0730.,
143,대구,2001-03-01,7.7,5.4,737,11.8,1023,1.82,,,,,.3,9,320,1453,4.6,320,1500,1.2,1037,320,.5,31,1937,61.9,6.6,1007.6,1019.3,2356,1012.1,1300,1014.6,11.4,1.7,1000,1.84,7.73,,,,,,6.3,4,4.7,-3.4,,,,,,,,,,,,.3,{비}1235-1248. {비}1314-1450.,
143,대구,2001-03-02,7.9,1.8,649,13.4,1436,,,,,,,5,270,1217,2.9,270,1110,.9,778,50,-.4,30,1443,57.9,6,1015.4,1024.8,1032,1019.3,0,1022.4,11.4,7.6,1200,2.09,12.95,,,,,,2,0,5.5,-4.9,,,,,,,,,,,,,{박무}0620-{박무}{강도0}0900-{박무}{강도0}1200-1240.,
143,대구,2001-03-03,8.6,3.9,2357,15,1515,3.17,,,,,1.4,14,320,2050,8.6,290,2220,1.6,1382,250,1.4,38,2350,61.5,7,1007.1,1023,22,1004.8,1939,1014,11.5,.9,1400,1.36,8.52,,,,,,8.9,6,6.8,-1,,,,,,,,,,,,1.5,{박무}0240-{박무}{강도0}0300-{박무}{강도0}0600-{박무}{강도0}0900-{박무}{강도0}1200-1220. {황사}1320-{황사}{강도0}1500-{황사}{강도0}1800-{황사}{강도0}2100-{황사}{강도0}2400- {비}1940-{비}{강도0}2100-2250.,
143,대구,2001-03-04,2.2,.6,2132,4.9,1234,1.88,,,,,.1,15,270,1240,8.5,270,1250,5.1,4406,290,-6.7,32,151,52.1,3.7,1001.7,1013.3,2357,1005.3,1419,1008.8,11.5,5.8,1200,2.38,12.75,.2,850,.2,850,.2,4.5,4.1,1.6,-2.8,,,,,,,,,,,,0,-{황사}-{황사}{강도0}0300-{황사}{강도0}0600-{황사}{강도0}0900-{황사}{강도0}1200-{황사}{강도0}1500-1520.  {눈}0740-0850. {눈}1125-1140. {눈}1308-1320. {눈}1540-1556.,
143,대구,2001-03-05,6,.8,107,11.4,1403,,,,,,,12,320,546,6.1,290,100,3.8,3284,290,-8.9,18,1233,33.9,3.1,1009.4,1017.8,842,1013.3,0,1016.5,11.5,9.6,1200,2.6,17.35,,,,,,.6,0,4.6,-3.2,,,,,,,,,,,,,,
143,대구,2001-03-06,9.1,1.8,616,17.2,1447,.25,,,,,0,12,250,1351,6.4,270,1500,2.6,2246,290,-4.1,20,2054,39.9,4.7,1006.8,1018.1,148,1008.8,1447,1013.8,11.6,5.6,1300,2.03,11.72,,,,,,5.8,2.4,6.5,-6.1,,,,,,,,,,,,0,{황사}1120-{황사}{강도0}1200-{황사}{강도0}1500-{황사}{강도0}1800-{황사}{강도0}2100-{황사}{강도0}2400- {비}1235-1250.,
143,대구,2001-03-07,3.6,-.1,2348,7.2,1410,,,,,,,11,320,1327,6.1,320,1400,4,3456,320,-10.6,19,1703,34.6,2.7,1010.8,1020.7,2226,1014.9,0,1017.9,11.6,9.4,1200,2.63,17.73,,,,,,2.1,.9,5.1,-5.1,,,,,,,,,,,,0,-{황사}-{황사}{강도0}0300-{황사}{강도0}0600-{황사}{강도0}0900-{황사}{강도0}1200-{황사}{강도0}1500-1640.,
143,대구,2001-03-08,-.5,-2,623,3,1317,2.33,,,,,0,15,320,1623,7.5,290,1230,4.2,3630,290,-11.5,25,1321,43.3,2.5,1011.2,1020.8,2336,1015.9,1455,1018.4,11.6,3.7,1200,2.26,11.54,,,,,,4.3,4.1,.1,-6.2,,,,,,,,,,,,0,{눈}0820-{눈}{강도0}0900-1040.,
143,대구,2001-03-09,2.5,-3.2,518,7.6,1540,,,,,,,12,320,1405,6.2,320,1030,2.9,2506,320,-11.3,18,1331,37.4,2.6,1013.8,1023.3,920,1018.6,1701,1021,11.7,10.6,1200,2.74,19.1,,,,,,1.4,1,4,-9.3,,,,,,,,,,,,,,
143,대구,2001-03-10,7,2.6,400,13.9,1221,,,,,,,15,290,1229,7.9,290,1230,2.1,1821,320,-6.3,14,1435,41,3.9,1011,1023.1,2347,1014.4,1344,1018,11.7,8.3,1200,2.74,16.68,,,,,,2.8,2.8,6.9,-4.2,,,,,,,,,,,,,,
143,대구,2001-03-11,4.9,-1.8,703,11,1616,,,,,,,6,270,1520,2.7,270,1440,1.2,1036,50,-9.4,13,1408,39.8,3.1,1014.2,1024,200,1018.2,1723,1021.3,11.8,10.5,1100,2.54,17.8,,,,,,1.4,0,7.2,-9.1,,,,,,,,,,,,,,
143,대구,2001-03-12,5.8,1.7,643,10.5,1610,,,,,,,9,270,1228,5.3,290,1040,2.6,2246,290,-10.5,18,1501,30.5,2.8,1012.9,1022.3,2349,1017.6,1429,1019.9,11.8,10.7,1200,2.75,18.8,,,,,,.9,0,8.2,-2.5,,,,,,,,,,,,,,
143,대구,2001-03-13,7.8,.2,653,14.7,1614,,,,,,,6,270,1720,3.5,290,1700,.9,778,290,-6.1,14,1712,39.1,3.9,1015.9,1026.6,919,1020.1,1736,1022.9,11.8,10.8,1200,2.66,18.13,,,,,,0,0,9.8,-8.6,,,,,,,,,,,,,,
143,대구,2001-03-14,13,4.4,451,19.4,1514,,,,,,,12,230,1831,6,250,1900,2.5,2196,250,3.6,33,1403,53.1,8.3,1008.5,1021.3,8,1010.4,2359,1015.4,11.9,8.4,1200,2.36,16.46,,,,,,5.4,3.6,12.7,-5.5,,,,,,,,,,,,,,
143,대구,2001-03-15,11.1,6.7,2359,16.4,1519,,,,,,,10,320,340,5.3,320,420,2.5,2166,320,-4.7,12,1519,36.1,4.7,1011.1,1020.9,2304,1010.1,46,1018,11.9,10.9,1200,2.85,20.52,,,,,,1.4,1.4,14.9,1.1,,,,,,,,,,,,,,
143,대구,2001-03-16,9.2,1.1,649,15,1513,,,,,,,5,290,1216,2.3,270,40,.9,778,50,-10.6,7,1540,26.6,2.8,1011.1,1022.3,758,1014.7,2351,1018,11.9,7.4,1100,2.2,15.04,,,,,,5.8,1.8,10.4,-7.3,,,,,,,,,,,,0,{햇무리}1230-1520.,
143,대구,2001-03-17,10.7,8.9,114,14.1,1620,8.17,,,,,.2,7,290,2346,4.1,290,2350,1.4,1210,90,-.1,29,10,47.5,6.2,1003.4,1014.8,0,1006.2,1716,1010.3,12,1.4,1500,1.32,6.73,,,,,,8.9,4.9,9.7,3.9,,,,,,,,,,,,.2,{비}0430-{비}{강도0}0600-{비}{강도0}0900-{비}{강도0}1200-1240.,
143,대구,2001-03-18,13.4,7,648,20.3,1530,,,,,,,9,290,1516,5.3,290,1520,2.6,2246,270,-3.5,13,1509,31.9,4.7,1006.4,1015.9,934,1010.3,1,1013.3,12,10.4,1200,2.75,19.39,,,,,,2,.4,15.5,-.8,,,,,,,,,,,,,,
143,대구,2001-03-19,16,8.6,644,22.3,1414,,,,,,,13,270,1415,7.7,250,1430,2.3,1988,250,-.9,9,1410,35.3,6,1004.4,1014.6,757,1007.4,1534,1011.1,12.1,9.4,1300,2.54,17.86,,,,,,4.5,0,16.8,.6,,,,,,,,,,,,,,
143,대구,2001-03-20,16.9,10.4,609,24.6,1523,,,,,,,11,270,1548,6.5,230,1450,2.6,2275,320,.6,11,1528,37.6,6.7,998.9,1009.9,0,1000.7,1527,1005.6,12.1,7.8,1200,2.44,15.63,,,,,,2.4,0,16.2,1.6,,,,,,,,,,,,,{박무}0530-{박무}{강도0}0600-{박무}{강도0}0900-1020. {황사}1440-{황사}{강도0}1500-{황사}{강도0}1800-{황사}{강도0}2100-{황사}{강도0}2400-,
143,대구,2001-03-21,15.7,7.8,646,24.3,1514,,,,,,,8,270,1402,4.7,230,1810,1.4,1210,20,-2.8,11,1515,30,5,1001.3,1010.7,851,1005,1622,1008,12.1,10.1,1200,2.57,18.04,,,,,,1.1,0,17.3,-1.3,,,,,,,,,,,,,-{황사}-{황사}{강도0}0300-{황사}{강도0}0600-{황사}{강도0}0900-{황사}{강도0}1200-{황사}{강도0}1500-{황사}{강도0}1800-{황사}{강도0}2100-{황사}{강도0}2400-,
143,대구,2001-03-22,15.8,10.4,306,23.6,1430,.17,,,,,0,10,320,1511,5.3,320,1520,1.8,1558,320,-3.3,12,1558,28.1,5,1000.6,1014.2,2355,1003.4,1410,1007.3,12.2,7.2,1300,2.25,15.16,,,,,,1.8,0,15.9,.5,,,,,,,,,,,,0,-{황사}-{황사}{강도0}0300-{황사}{강도0}0600-{황사}{강도0}0900-{황사}{강도0}1200-{황사}{강도0}1500-{황사}{강도0}1800-{황사}{강도0}2100-{황사}{강도0}2400- {비}1023-1033.,
143,대구,2001-03-23,14.3,8.3,653,21,1548,,,,,,,5,290,1438,2.3,290,10,1.1,932,50,-6.4,10,1427,24.1,3.8,1008.6,1018.3,859,1012.9,1711,1015.4,12.2,8.9,1300,2.73,18.4,,,,,,3.5,0,18.3,3.2,,,,,,,,,,,,,-{황사}-{황사}{강도0}0300-{황사}{강도0}0600-{황사}{강도0}0900-{황사}{강도0}1200-{황사}{강도0}1500-{황사}{강도0}1800-{황사}{강도0}2100-{황사}{강도0}2400-,
143,대구,2001-03-24,15.6,6.2,619,23.1,1438,,,,,,,4,110,435,2.6,90,440,1.2,1051,90,-5.9,8,1747,26.4,4.1,1005.1,1016.1,545,1008,1808,1011.9,12.2,8.5,1100,2.89,19.28,,,,,,4.6,0,18.6,1.9,,,,,,,,,,,,,-{황사}-{황사}{강도0}0300-{황사}{강도0}0600-{황사}{강도0}0900-1120.,
143,대구,2001-03-25,16.3,11.1,2355,23.7,1539,,,,,,,10,320,1842,5.3,320,1850,1.9,1629,290,-.4,23,1533,32.1,6.1,999.3,1008.7,2341,1001,1558,1006,12.3,5.5,1200,2.55,15.34,,,,,,6.4,.4,18.6,6,,,,,,,,,,,,,,
143,대구,2001-03-26,8.9,5.1,2343,13.7,1347,,,,,,,11,290,1311,6.2,290,1320,3.5,2988,320,-12.5,11,1339,20.6,2.3,1005.7,1016.7,2346,1008.6,0,1012.6,12.3,11.1,1200,2.96,21.41,,,,,,1.1,0,13.4,-1.4,,,,,,,,,,,,,,
143,대구,2001-03-27,8.1,1.8,627,13.1,1540,.25,,,,,0,6,110,2017,3.5,90,2020,1.6,1343,50,-9.8,14,1301,26.8,3,1008.3,1017.9,723,1012.5,2336,1015.3,12.4,4.8,1300,2.36,14.95,,,,,,5.8,2.3,12.3,-4.7,,,,,,,,,,,,.8,{비}2345-{비}{강도0}2400-,
143,대구,2001-03-28,7.8,4.8,751,11.8,1611,8.33,,,,,.8,7,290,1847,3.8,320,1850,1.8,1550,320,-.2,35,0,57.6,6.1,1005.7,1014.2,2202,1010.7,1650,1012.6,12.4,2.3,1400,1.82,9.73,,,,,,8.6,4.8,9.5,2.8,,,,,,,,,,,,0,-{비}-0020. {비}0140-{비}{강도0}0300-{비}{강도0}0600-{비}{강도0}0900-0940.  {박무}0930-1140.,
143,대구,2001-03-29,6.5,4.1,658,11.2,1357,,,,,,,12,290,1534,6.6,320,1500,3.2,2735,290,-6.4,21,1223,39,3.8,1004.9,1013.9,57,1009.1,1420,1011.9,12.4,9.8,1200,3.05,19.96,,,,,,3.4,2.1,9.7,-.6,,,,,,,,,,,,,,
143,대구,2001-03-30,3.7,1.3,556,6.7,1701,5.5,,,,,2.8,4,250,1553,2.7,250,1610,.9,775,270,-1.6,42,859,69.8,5.7,1007,1016.2,2357,1012.1,1706,1014,12.5,1.5,1600,1.19,5.79,1.5,1200,1.5,1200,1.5,6.3,4.3,3.5,-3.2,,,,,,,,,,,,2.8,{눈}0910-{눈}{강도0}1200-{진눈깨비}1320-{비}1350-1440.  {박무}1430-{박무}{강도0}1500-{박무}{강도0}1800-1830.,
143,대구,2001-03-31,7.7,3,351,13.2,1455,,,,,,,10,320,1342,5.4,290,1400,2.4,2086,290,-5.7,18,1406,42.4,4.1,1012.5,1022.2,2342,1016.2,0,1019.5,12.5,10.8,1200,2.99,20.89,,,,,,1.1,1.1,8.9,-3.2,,,,,,,,,,,,,,
143,대구,2001-04-01,9.9,3.2,710,16.7,1552,,,,,,,9,320,1721,4.6,290,1700,2.4,2062,290,-4.9,18,1457,35.9,4.2,1012.3,1022.8,716,1015.7,1656,1019.3,12.5,11.3,1200,2.96,22.05,,,,,,1.3,0,13.1,-4.4,,,,,,,,,,,,,,
143,대구,2001-04-02,13.1,4.9,521,21.2,1509,,,,,,,11,250,1650,5.7,230,1720,2.5,2128,250,-.5,16,1344,41.8,6.1,1005.2,1017.1,0,1007.1,1645,1012,12.6,11.3,1200,3.05,22.62,,,,,,.8,0,16.4,-4.1,,,,,,,,,,,,,,
143,대구,2001-04-03,12.3,8.4,2400,18.6,1520,,,,,,,11,110,1924,6.2,110,2000,2,1711,110,.3,15,1541,46,6.5,1009.2,1021.3,2400,1011.8,0,1016.1,12.6,10.2,1300,2.73,20.35,,,,,,2.1,2.1,17.7,2.8,,,,,,,,,,,,,{박무}0630-{박무}{강도0}0900-0940.,
143,대구,2001-04-04,12.8,3.7,555,21.2,1606,,,,,,,7,250,1852,3.4,270,1850,1.3,1102,250,-2.1,13,1237,40.9,5.4,1013.4,1022.9,731,1016.7,1628,1020.3,12.7,11.7,1300,3.45,23.32,,,,,,.6,0,18.1,-1.5,,,,,,,,,,,,,,
143,대구,2001-04-05,15.8,8.9,643,22.9,1522,,,,,,,5,270,1141,3.2,270,1320,1.7,1429,290,-4.2,9,1837,28.9,4.7,1011.7,1020.7,853,1015.4,1633,1018.5,12.7,9.4,1200,3.09,21.23,,,,,,2.9,0,19,1,,,,,,,,,,,,,,
143,대구,2001-04-06,14.1,7.7,546,20.5,1343,,,,,,,9,140,1959,5.5,140,2000,1.6,1382,110,3,24,1130,49,7.8,1013,1022,852,1017.2,1618,1019.9,12.7,7.8,1100,2.69,18.59,,,,,,4.6,.8,16.7,.6,,,,,,,,,,,,,{햇무리}1240-1520.,
143,대구,2001-04-07,16.3,8.8,600,23.7,1557,,,,,,,6,90,1816,3.7,90,1820,1.4,1225,110,6.5,25,1404,56.9,9.8,1011.1,1020.4,815,1014.4,1710,1017.9,12.8,10.1,1200,2.89,20.69,,,,,,2,.9,20.8,4.3,,,,,,,,,,,,,{박무}0410-{박무}{강도0}0600-{박무}{강도0}0900-1130. {연무}1120-{연무}{강도0}1200-1330.,
143,대구,2001-04-08,18.6,10.3,535,25,1517,,,,,,,7,290,1349,3,230,1510,1.4,1249,110,7.4,27,1218,51.9,10.5,1008,1017.6,0,1012,1557,1014.7,12.8,8.9,1200,2.89,19.95,,,,,,4.5,2.4,22.3,6.6,,,,,,,,,,,,,,
143,대구,2001-04-09,19.4,15.3,628,25.6,1347,,,,,,,11,110,1456,7.4,110,1650,2.7,2312,110,9.7,32,1321,54.9,12.2,1009,1018.2,2202,1013.3,1409,1015.7,12.8,8.6,1100,2.78,19.98,,,,,,4.3,1.8,22.9,8.3,,,,,,,,,,,,,,
143,대구,2001-04-10,20,12.6,606,27.1,1555,,,,,,,5,320,1704,2.1,270,1440,.8,691,290,6.4,19,1726,43.5,9.8,1009,1019.9,754,1011.7,1726,1015.6,12.9,8.6,1200,2.69,18.89,,,,,,4.4,0,21.9,5.7,,,,,,,,,,,,,{황사}1130-{황사}{강도0}1200-{황사}{강도0}1500-{황사}{강도0}1800-{황사}{강도0}2100-{황사}{강도0}2400-,
143,대구,2001-04-11,14.4,7.1,2136,20.2,3,8.72,.5,1936,1.9,1845,7,10,290,1935,4.3,290,1940,2.5,2156,290,5.1,26,1203,57.1,9,1002.8,1013.2,2,1006.4,1339,1009.5,12.9,0,1100,1.44,7.62,,,,,,9.8,8,15.3,4.6,,,,,,,,,,,,7,-{황사}-{황사}{강도0}0300-{황사}{강도0}0600-{황사}{강도0}0900-{황사}{강도0}1200-{황사}{강도0}1500-{황사}{강도0}1800-{황사}{강도0}2100-{황사}{강도0}2400- {비}1447-{비}{강도0}1500-{비}{강도0}1800-{비}{강도0}2100-2330.,
143,대구,2001-04-12,11.5,6.8,604,16.9,1549,,,,,,,13,270,1648,7.3,290,1610,3.1,2681,290,-2,18,1716,43,5.5,1002,1011.1,2357,1006.7,1532,1008.8,13,9,1200,2.81,19.12,,,,,,2,2,12,.3,,,,,,,,,,,,,-{황사}-{황사}{강도0}0300-{황사}{강도0}0600-{황사}{강도0}0900-{황사}{강도0}1200-{황사}{강도0}1500-{황사}{강도0}1800-1830.,
143,대구,2001-04-13,14.7,6.4,547,20.6,1558,,,,,,,9,250,2220,4.2,250,2320,2.3,1982,270,-2.2,12,1710,34.3,5.4,1007.2,1015.9,1001,1011.1,0,1014,13,11.2,1200,3.19,23.75,,,,,,2.4,0,17.3,-2.5,,,,,,,,,,,,0,,
143,대구,2001-04-14,15.1,12.5,2355,18.1,1447,.47,0,,0,,0,11,290,1617,5.8,320,1150,4,3452,270,-.7,22,1601,34.5,6,1008.7,1017.8,2337,1012.6,441,1015.4,13,10.9,1200,3.26,24.11,,,,,,2.9,1.8,19.3,5.3,,,,,,,,,,,,,{비}0507-0535.,
143,대구,2001-04-15,17.3,8.9,508,25.2,1428,,,,,,,11,270,1411,6.2,270,1650,2.4,2059,270,-2.1,12,1414,27.9,5.3,1009.6,1018.2,800,1013.3,1554,1016.3,13.1,11.7,1200,3.09,23.54,,,,,,.1,.1,20.3,-.1,,,,,,,,,,,,,,
143,대구,2001-04-16,18.3,11.6,554,26.4,1553,,,,,,,7,230,1740,4.3,270,1700,1.5,1265,230,1.6,9,1554,36,7,1009.5,1019.1,723,1012.1,1606,1016.2,13.1,11.5,1200,3.13,23.18,,,,,,.4,0,22.5,1.7,,,,,,,,,,,,,,
143,대구,2001-04-17,18.8,10.3,504,26.3,1551,,,,,,,6,20,1734,3,250,1720,1.3,1094,270,.9,11,1330,34.6,6.7,1008,1017.5,723,1010.8,1620,1014.7,13.1,11.9,1200,3.14,24.06,,,,,,0,0,24.5,2.5,,,,,,,,,,,,,,
143,대구,2001-04-18,19.4,10.3,541,27.1,1548,,,,,,,5,290,1343,3,250,1350,1,895,50,-.1,8,1457,31.1,6.3,1004.2,1014.3,0,1007.3,1806,1010.8,13.2,11.9,1200,3.17,23.45,,,,,,0,0,24.7,2.8,,,,,,,,,,,,,,
143,대구,2001-04-19,20.2,11.7,536,27.3,1522,,,,,,,7,340,1541,3.8,270,1220,1.8,1512,320,-.2,10,1340,29.1,6.2,1002.2,1010.9,653,1005.2,1601,1008.8,13.2,11,1200,3.12,23.8,,,,,,2.9,0,25,2.5,,,,,,,,,,,,,,
143,대구,2001-04-20,11.9,9.6,2400,19.2,1,,,,,,,12,90,1024,6.7,110,400,5.2,4511,110,2.9,30,0,54.3,7.6,1009.4,1018.2,1038,1010.2,0,1016.3,13.2,2.6,1300,2.24,14.06,,,,,,7.5,2.5,15.8,6.4,,,,,,,,,,,,,,
143,대구,2001-04-21,14,7.4,612,20.2,1543,,,,,,,5,110,19,2.6,140,950,1.1,978,110,.9,19,2310,43.6,6.7,1006.9,1017,734,1009.5,1845,1013.7,13.3,8.9,1200,3,20.38,,,,,,5.4,.4,18.5,3.9,,,,,,,,,,,,,{햇무리}1240-1430. {채운}1810-1840.,
143,대구,2001-04-22,14.4,10.3,532,19.1,1606,,,,,,,9,110,950,5.2,110,1010,2.3,1957,140,.7,19,11,40.5,6.6,1010.7,1020.2,1011,1012.6,219,1017.5,13.3,9.2,1200,3.07,22.16,,,,,,1.9,1.8,22.3,2.8,,,,,,,,,,,,,,
143,대구,2001-04-23,17,9.2,545,24.7,1634,,,,,,,8,270,1255,4.6,270,1950,2.2,1926,270,2,13,1405,41.1,7.3,1008.9,1019.9,49,1010.6,1639,1015.6,13.3,11.6,1200,3.16,24.08,,,,,,3.1,2.3,23.3,.7,,,,,,,,,,,,,,
143,대구,2001-04-24,16.6,12.7,2358,22.6,1516,,,,,,,9,90,1725,5.6,90,1730,1.9,1621,320,1.2,22,1301,36.8,6.8,1007.3,1015.7,1012,1010.7,1605,1013.9,13.4,4.9,1300,2.59,16.05,,,,,,5.9,3.5,21.9,9.1,,,,,,,,,,,,,{황사}1230-{황사}{강도0}1500-{황사}{강도0}1800-{황사}{강도0}2100-{황사}{강도0}2400-,
143,대구,2001-04-25,14.4,9,526,19.8,1506,,,,,,,7,140,1048,4.8,90,1800,1.7,1506,110,2.8,23,1507,48.3,7.6,1009.2,1018,2355,1013.9,1547,1016,13.4,7.6,1200,2.85,19.15,,,,,,3.5,1.4,19.4,3.7,,,,,,,,,,,,,-{황사}-{황사}{강도0}0300-{황사}{강도0}0600{황사}{강도0}0900-{황사}{강도0}1200-{황사}{강도0}1500-{황사}{강도0}1800-{황사}{강도0}2100-{황사}{강도0}2400-,
143,대구,2001-04-26,16.2,8.2,554,22.3,1636,,,,,,,6,230,1154,3.5,270,1340,1.3,1166,270,-1.8,11,1527,36,5.7,1011.4,1020.2,732,1015.4,1730,1018.1,13.4,9.6,1200,2.92,21.27,,,,,,2.4,0,21.3,-.5,,,,,,,,,,,,,-{황사}-{황사}{강도0}0300-0320.,
143,대구,2001-04-27,18,9.7,634,24.8,1603,,,,,,,8,200,1905,4.3,230,1850,1.4,1212,270,-1.7,12,1204,28.8,5.5,1010.8,1020.3,645,1014,1755,1017.5,13.5,11.1,1200,3.05,23.03,,,,,,2.3,0,23.4,.9,,,,,,,,,,,,,,
143,대구,2001-04-28,17.8,12.3,534,24.4,1405,8.17,.3,1840,.9,1835,1.9,6,230,1427,4.2,270,1520,.9,798,70,7.1,23,1155,53.4,11,1010.1,1018.1,513,1014.6,1428,1016.8,13.5,3.4,1100,2.45,14.66,,,,,,8.4,5.3,19.9,4,,,,,,,,,,,,2.2,{비}1550-{비}{강도0}1800-{비}{강도0}2100-{비}{강도0}2400-,
143,대구,2001-04-29,16.5,15.5,2157,17.8,1142,14.28,.4,1039,.9,1039,2.2,9,90,1529,5.2,110,1250,2.8,2441,110,13.3,75,844,81,15.4,1007.2,1016.7,4,1012.7,1620,1013.9,13.5,0,1100,1.03,4.85,,,,,,10,4.1,15,13.3,,,,,,,,,,,,10.3,-{비}-0020. {비}0330-0412. {비}0730-{비}{강도0}0900-{비}{강도0}1200-{비}{강도0}1500-{비}{강도0}1800-2020. {비}2335-{비}{강도0}2400- {박무}0030-{박무}{강도1}0300-{박무}{강도0}0600-{박무}{강도0}0900-{박무}{강도0}1200-{박무}{강도0}1500-{박무}{강도0}1800-{박무}{강도0}2100-{박무}{강도0}2400-,
143,대구,2001-04-30,16.6,13.4,617,22.2,1443,7.92,.7,338,2.4,254,8.4,11,110,1140,5.5,110,1140,2.8,2396,110,9.6,32,1709,65.6,12.3,1006.6,1015.8,2315,1011.6,1519,1013.3,13.6,5.1,1200,2.97,15.84,,,,,,6.4,2.4,15.8,9.2,,,,,,,,,,,,0,-{박무}-{박무}{강도0}0300-{박무}{강도0}0600-{박무}{강도0}0900-1140.  -{비}-0030. {비}0210-{비}{강도0}0300-{비}{강도0}0600-{비}{강도0}0900-0935.,
143,대구,2001-05-01,14.1,10.1,512,18,1209,1.92,0,,0,,0,10,110,1650,6.4,110,1640,2.8,2388,110,8.2,48,1418,67.8,11,1007.4,1016.5,753,1012.8,1632,1014.2,13.6,.8,1200,2.09,13.11,,,,,,8,3.1,15,5.7,,,,,,,,,,,,2.2,{비}1605-1640. {비}1710-{비}{강도0}1800-1830.,
143,대구,2001-05-02,14.6,11.3,552,21.4,1648,5.15,.2,229,.9,229,2.2,9,140,1807,5.7,110,1830,1.9,1663,110,8.2,33,1653,67.6,11,1005.6,1015.1,2349,1009.5,1605,1012.3,13.6,5.3,1300,2.55,17.93,,,,,,6.1,4.4,16.9,9.2,,,,,,,,,,,,,{비}0130-{비}{강도0}0300-{비}{강도0}0600-0639.,
143,대구,2001-05-03,14,8.7,500,18.3,1255,,,,,,,9,110,1341,5.1,140,1330,2.7,2304,110,7.2,44,1206,64.6,10.3,1011.4,1019.6,2320,1015.2,1,1018.2,13.7,9.4,1200,3.13,23.08,,,,,,2.8,1.6,18.5,6.6,,,,,,,,,,,,,,
143,대구,2001-05-04,16.2,10.1,500,22.2,1459,,,,,,,6,90,1812,3.8,110,1820,1.5,1286,140,8.3,38,1700,61.9,11,1012.3,1021.1,700,1016.8,1732,1019.1,13.7,5.1,1300,2.71,18.29,,,,,,4.4,1.3,21.6,7.1,,,,,,,,,,,,,,
143,대구,2001-05-05,16.6,10.1,543,22.8,1654,,,,,,,5,180,1722,2.8,160,1800,1.3,1123,110,8.6,34,1330,61.9,11.4,1010.9,1019.9,0,1014.8,1714,1017.6,13.7,4.7,1100,2.35,17.44,,,,,,4.9,0,19,6.3,,,,,,,,,,,,,{햇무리}0820-1530.,
143,대구,2001-05-06,19.9,12.4,618,25.2,1456,1.58,0,,0,,0,5,230,1631,2.8,230,1620,1.1,991,200,12.4,42,1459,63.3,14.5,1008.1,1018.1,655,1011.9,1746,1014.7,13.8,5.3,1000,2.81,16.26,,,,,,5.4,4.9,23.1,6.6,,,,,,,,,,,,.3,{박무}0610-{박무}{강도0}0900-1020. {비}2040-2055. {비}2210-2320. {비}2350-{비}{강도0}2400-,
143,대구,2001-05-07,18.4,17.1,452,19.8,4,18.25,1.8,1808,7,1800,36.9,4,290,108,2,290,100,.6,548,90,16.9,74,1,91,19.4,1001.8,1012.8,0,1005.4,2320,1008.4,13.8,0,1200,.89,6.21,,,,,,10,4.8,18.8,13.4,,,,,,,,,,,,42.3,-{비}-0220. {비}0715-0840. {비}0930-{비}{강도0}1200-{비}{강도0}1500-{비}{강도0}1800-{비}{강도0}2100-{비}{강도0}2400-  {박무}0430-{박무}{강도0}0600-{박무}{강도0}0900-{박무}{강도0}1200-{박무}{강도0}1500-{박무}{강도0}1800-{박무}{강도0}2100-{박무}{강도0}2400-,
143,대구,2001-05-08,19.1,16.2,2338,22.1,1500,3.67,1.3,119,3.8,50,5.7,10,110,1423,6,110,1540,2.4,2074,110,16,66,1436,82.5,18.2,997.7,1005.9,2142,1003,537,1004.3,13.8,5.2,1300,2.89,18.05,,,,,,7.4,5.8,21.5,14.8,,,,,,,,,,,,,-{비}-{비}{강도0}0300-0340. -{박무}-{박무}{강도0}0300-{박무}{강도0}0600-0750.,
143,대구,2001-05-09,19.6,15.8,523,24.7,1337,,,,,,,10,320,1224,5,320,1540,2.6,2280,290,8.5,27,1233,52.9,11.6,999,1010.3,2351,1003.6,1301,1005.6,13.8,8.8,1200,3.39,23.66,,,,,,5.8,3.1,23.2,13.1,,,,,,,,,,,,,{박무}0520-{박무}{강도0}0600-{박무}{강도0}0900-0945.,
143,대구,2001-05-10,19.4,14.1,532,24.4,1522,,,,,,,9,320,1446,5.1,290,1350,2.6,2258,290,2.3,18,1426,34,7.4,1004.8,1013,953,1010,1633,1011.5,13.9,11.5,1200,3.36,25.74,,,,,,1.8,0,22.7,7.6,,,,,,,,,,,,,,
143,대구,2001-05-11,18.5,13.1,526,23.5,1438,,,,,,,9,320,1039,4.6,320,920,1.9,1642,320,4.4,25,1609,40.1,8.6,1007.8,1016.1,2305,1012,4,1014.5,13.9,11.9,1300,3.31,26.13,,,,,,1.5,1.5,24.3,5.4,,,,,,,,,,,,,,
143,대구,2001-05-12,20.4,13.8,521,26.6,1700,,,,,,,6,270,853,3.7,290,1240,1.8,1580,290,4.3,13,1714,37.8,8.5,1008.7,1017.8,756,1012.5,1724,1015.3,13.9,12.9,1200,3.34,27.22,,,,,,0,0,25.9,6.6,,,,,,,,,,,,,,
143,대구,2001-05-13,22.6,15,541,29.3,1634,,,,,,,6,250,930,3.8,270,1120,2,1758,270,3.6,13,1148,33.4,8.3,1008.6,1017.2,722,1012.7,1803,1015.2,14,12.3,1200,3.43,27.94,,,,,,.8,0,28.7,7.1,,,,,,,,,,,,,,
143,대구,2001-05-14,22.8,16.4,539,30,1537,,,,,,,7,270,1652,4,270,1800,1.6,1385,270,7.6,8,1452,42.3,11.2,1007.6,1016.5,729,1011.6,1658,1014.1,14,8.1,1300,3.23,22.65,,,,,,5.1,0,27.8,12.9,,,,,,,,,,,,,{햇무리}0730-0840. {채운}1130-1210.,
143,대구,2001-05-15,22.8,17.8,505,27.6,1521,,,,,,,8,250,1447,4.8,290,1810,2.1,1786,320,13,34,1505,56.1,15.2,1004.1,1013.8,0,1006.9,1720,1010.7,14,7.6,1200,2.82,20.16,,,,,,5.1,1.3,26.5,11.3,,,,,,,,,,,,,{박무}0540-{박무}{강도0}0600-{박무}{강도0}0900-0950.  {햇무리}0945-1120. {햇무리}1340-1420.,
143,대구,2001-05-16,22.1,18.2,342,26.8,1434,,,,,,,11,320,918,5.4,290,1410,2.9,2538,320,.7,13,1058,26.8,6.8,1004.2,1012.6,444,1008.1,1622,1010.7,14,9.4,1200,3.44,25.25,,,,,,3.5,0,26.4,10.1,,,,,,,,,,,,,{황사}1030-{황사}{강도0}1200-{황사}{강도0}1500-{황사}{강도0}1800-{황사}{강도0}2100-{황사}{강도0}2400-,
143,대구,2001-05-17,23.9,15.3,550,31.1,1529,,,,,,,10,250,1644,5.6,250,1710,2,1750,50,3,12,1528,27.1,7.7,1003,1012.4,701,1006,1557,1009.5,14.1,11.8,1200,3.27,25.71,,,,,,1,0,29,8,,,,,,,,,,,,,-{황사}-{황사}{강도0}0300-{황사}{강도0}0600-{황사}{강도0}0900-{황사}{강도0}1200-{황사}{강도0}1500-{황사}{강도0}1800-{황사}{강도0}2100-{황사}{강도0}2400-,
143,대구,2001-05-18,22.9,18.7,524,28.5,1449,,,,,,,11,270,1213,6.2,250,1240,2,1750,230,11.9,30,1446,50.8,14.1,1000.8,1009.5,1,1004.3,1525,1007.4,14.1,11.4,1200,3.25,25.12,,,,,,3.3,.4,27.9,10,,,,,,,,,,,,,-{황사}-{황사}{강도0}0300-{황사}{강도0}0600-{황사}{강도0}0900-{황사}{강도0}1200-{황사}{강도0}1500-{황사}{강도0}1800-{황사}{강도0}2100-{황사}{강도0}2400-,
143,대구,2001-05-19,24.9,18.3,539,31.6,1454,,,,,,,7,250,1547,3.7,270,1820,1.6,1408,320,14,27,1423,54.6,16.2,1001.6,1010.1,753,1005.3,1736,1008.1,14.1,11.7,1200,3.21,25.47,,,,,,.9,.4,31.6,13.7,,,,,,,,,,,,,-{황사}-{황사}{강도0}0300-{황사}{강도0}0600-{황사}{강도0}0900-0940.,
143,대구,2001-05-20,25,19.9,515,31,1501,,,,,,,6,250,1725,3.6,270,1830,1.8,1566,270,15.1,15,1557,56.9,17.4,1002,1010.6,835,1005.8,1657,1008.5,14.1,5.1,1400,2.39,18.45,,,,,,5,0,29.6,16.3,,,,,,,,,,,,,{박무}0430-{박무}{강도0}0600-{박무}{강도0}0900-{박무}{강도0}1200-1230.,
143,대구,2001-05-21,21.5,15.8,2326,27.6,1226,5.33,1.1,2126,3.4,2115,6.6,11,90,1229,5.8,110,1410,2.4,2058,140,14.3,37,1227,65.5,16.4,1000.5,1008.7,0,1005.7,1637,1007,14.2,.8,1100,2.25,11.82,,,,,,9.1,4.4,22.6,13.9,,,,,,,,,,,,13.4,{박무}1510-{박무}{강도0}1800-{박무}{강도0}2100-{박무}{강도0}2400- {비}1840-{비}{강도0}2100-{비}{강도0}2400-,
143,대구,2001-05-22,17.7,15.5,134,19.6,1353,13.08,.4,520,1.3,2,7,11,90,1232,5.4,110,910,2.9,2480,140,15.1,72,1419,84.4,17.2,997.7,1007.3,0,1003.2,1546,1004.4,14.2,0,1300,1.23,4.25,,,,,,10,6.3,16.6,13.7,,,,,,,,,,,,2.2,-{비}-{비}{강도0}0300-{비}{강도0}0600-{비}{강도0}0900-{비}{강도0}1200-1220.  {비}2005-2050.  -{박무}-{박무}{강도0}0300-{박무}{강도0}0600-0740.,
143,대구,2001-05-23,18,16.6,2355,19.9,1157,10.67,.6,605,1.7,522,2,8,110,1135,4.1,110,1110,2.2,1901,140,15.7,79,1743,86.4,17.9,997.5,1005.2,2042,1003.2,1454,1004.1,14.2,0,1100,.82,3.78,,,,,,9.4,6.6,16.4,12.4,,,,,,,,,,,,0,{비}0010-{비}{강도0}0300-{비}{강도0}0600-0820. {비}1450-{비}{강도0}1500-1630. {비}1930-2020.  {박무}0610-0830. {박무}1120-{박무}{강도0}1200-{박무}{강도0}1500-{박무}{강도0}1800-{박무}{강도0}2100-2230.,
143,대구,2001-05-24,21.1,15.7,505,29.7,1356,,,,,,,9,140,2136,4.6,140,2150,2,1698,140,14.1,32,1420,67.9,16.3,998.6,1008.8,2255,1003.2,1246,1005.2,14.2,11.8,1200,3.12,24.89,,,,,,2.4,1.5,23.6,11.3,,,,,,,,,,,,,,
143,대구,2001-05-25,22.2,15.9,427,29.2,1637,,,,,,,7,110,20,3.9,110,20,1.9,1667,290,15.9,43,1542,69,18.2,1002.2,1010.8,802,1006.6,1801,1008.8,14.3,7.9,1300,2.93,19.74,,,,,,4,2.5,24.2,13.8,,,,,,,,,,,,,{박무}0440-{박무}{강도0}0600-{박무}{강도0}0900-{박무}{강도0}1200-1330.,
143,대구,2001-05-26,23.2,19.8,529,26.6,1622,,,,,,,4,230,46,2.1,230,50,1,882,290,15.2,40,1415,61.4,17.4,1002.8,1010.3,806,1007.5,1746,1009.3,14.3,.1,1300,1.24,10.14,,,,,,7.3,5.3,23,15,,,,,,,,,,,,,{박무}0820-{박무}{강도0}0900-1120.,
143,대구,2001-05-27,23.2,19.4,323,29.3,1420,,,,,,,11,290,1256,5.1,320,1430,2.2,1932,320,11.2,19,1447,50.5,13.8,1000.7,1009.5,2,1004.7,1611,1007.3,14.3,10.5,1100,3.22,25.43,,,,,,3.6,2.1,27.8,13.9,,,,,,,,,,,,,{박무}0340-{박무}{강도0}0600-{박무}{강도0}0900-1020.  {놀}1920-1945.,
143,대구,2001-05-28,23.1,15.2,551,29.7,1629,,,,,,,7,290,1249,3.8,290,1440,1.5,1258,50,7.1,15,1324,41,10.5,1001.4,1010.2,549,1005,1744,1007.9,14.3,12.3,1200,3.39,27.57,,,,,,.9,.8,29.9,8.3,,,,,,,,,,,,,,
143,대구,2001-05-29,24.9,16.9,519,31.4,1558,,,,,,,7,320,1158,4,200,1930,1.5,1310,50,8.5,16,1612,37.5,11.2,1002.6,1010.8,809,1006.6,1638,1009.1,14.3,11.8,1200,3.23,26.13,,,,,,2.8,0,31.9,10.1,,,,,,,,,,,,0,,
143,대구,2001-05-30,21.1,19.4,2002,24,0,7.33,.3,1445,.5,1427,.7,4,290,1058,2.4,290,2340,1.2,1012,320,14.2,39,25,65.4,16.4,1001.7,1010.1,48,1006.4,2350,1008.2,14.4,0,1000,.7,5.79,,,,,,9,5.6,19.9,14.6,,,,,,,,,,,,.7,{박무}0620-{박무}{강도0}0900-{박무}{강도0}1200-{박무}{강도0}1500-{박무}{강도0}1800-{박무}{강도0}2100-{박무}{강도0}2400- {비}0850-{비}{강도0}0900-0950. {비}1110-{비}{강도0}1200-1220. {비}1310-{비}{강도0}1500-1750. {비}2120-2150.,
143,대구,2001-05-31,22.1,17.8,539,26.9,1506,,,,,,,9,270,1145,5.2,290,1150,2.3,1956,290,7.4,15,1832,42.8,10.9,1000.2,1010,2329,1005,1500,1006.8,14.4,10.5,1100,3.25,23,,,,,,2.6,1.3,27.4,9.3,,,,,,,,,,,,,-{박무}-{박무}{강도0}0300-0540.,
143,대구,2001-06-01,23.2,15.5,217,29.6,1514,,,,,,,10,250,1833,6,250,1830,2.5,2203,270,4.7,17,1305,31.8,8.7,1003.5,1011.9,800,1007.5,1644,1010.1,14.4,12.8,1200,3.32,27.48,,,,,,1.1,.4,30,5.9,,,,,,,,,,,,,{놀}1915-1930.,
143,대구,2001-06-02,24.3,17.7,632,30.4,1648,,,,,,,7,290,1305,3.8,270,1430,1.6,1412,320,6.3,14,1631,34,9.8,1006.1,1014.2,737,1010.7,1701,1012.7,14.4,13,1200,3.32,27.75,,,,,,0,0,31.2,9,,,,,,,,,,,,,,
143,대구,2001-06-03,25.9,17.9,437,32.6,1559,,,,,,,8,270,1236,4.3,290,1310,1.9,1605,290,8.5,17,1500,35.1,11.2,1004.4,1013.7,631,1007.8,1723,1010.9,14.4,10.6,1100,2.9,23.88,,,,,,3.5,0,31.3,10,,,,,,,,,,,,,,
143,대구,2001-06-04,26.2,21.6,536,31.2,1640,,,,,,,6,290,917,3.6,270,2050,2.2,1894,270,13.7,31,1648,47,15.9,1000.9,1010.3,708,1004.3,1802,1007.4,14.4,6.2,1100,2.56,17.95,,,,,,6.8,5,28.9,15.2,,,,,,,,,,,,,{박무}0815-1120. {연무}1110-{연무}{강도0}1200-{연무}{강도0}1500-{연무}{강도0}1800-{연무}{강도0}2100-2230. {박무}2220-{박무}{강도0}2400-,
143,대구,2001-06-05,23.4,21.7,448,25.8,1238,4.5,.1,,.1,,.2,5,270,1358,3.2,270,1420,1.2,1012,320,16.8,51,1236,66.3,19.1,997.7,1006.6,0,1002.3,1823,1004.2,14.4,.4,900,1.54,8.88,,,,,,9.6,6.8,24,17.7,,,,,,,,,,,,.2,-{박무}-{박무}{강도0}0300-{박무}{강도0}0600-{박무}{강도0}0900-{박무}{강도0}1200-{박무}{강도0}1500-{박무}{강도0}1800-{박무}{강도0}2100-{박무}{강도0}2400- {비}1330-{비}{강도0}1500-1630. {비}1810-1850. {비}2040-{비}{강도0}2100-2130.,
143,대구,2001-06-06,26.1,20.2,447,32,1630,.67,0,,0,,0,5,230,1053,3.1,270,1210,1.4,1205,270,16.1,34,1402,56.6,18.4,997.1,1006.1,2259,1001.5,1634,1003.5,14.5,6.8,1200,3.11,20.96,,,,,,5.8,2,29.9,16.5,,,,,,,,,,,,,-{박무}-{박무}{강도0}0300-{박무}{강도0}0600-{박무}{강도0}0900-{박무}{강도0}1200-1220. {연무}1210-{연무}{강도0}1500-{연무}{강도0}1800-{연무}{강도0}2100-2230. {박무}2220-{박무}{강도0}2400- {비}0610-0650.,
143,대구,2001-06-07,24.1,20.1,2359,30.9,1609,,,,,,,9,140,1803,5.4,160,1820,2.6,2246,140,16.2,26,1639,62.6,18.6,1001.3,1010.8,2233,1005.8,1621,1007.8,14.5,9.7,1200,2.74,21.4,,,,,,3.4,0,29.8,14.7,,,,,,,,,,,,,-{박무}-{박무}{강도0}0300-{박무}{강도0}0600-{박무}{강도0}0900-{박무}{강도0}1200-1230. {연무}1220-{연무}{강도0}1500-1640.,
143,대구,2001-06-08,24.2,19.3,334,31.1,1606,,,,,,,8,90,659,4.8,110,650,2.8,2412,140,14.3,29,1609,56.6,16.5,1004.2,1012.3,734,1008.5,1720,1010.8,14.5,11.1,1200,3.1,24.43,,,,,,3,0,30.4,16.3,,,,,,,,,,,,,{박무}0420-{박무}{강도0}0600-{박무}{강도0}0900-1130.,
143,대구,2001-06-09,25,19.4,453,32,1446,,,,,,,9,110,46,4.6,140,50,2.7,2304,140,14.9,26,1553,56.6,17.1,1004.3,1013.1,340,1007.6,1744,1010.8,14.5,10.1,1200,3.1,24.07,,,,,,2.5,0,32.5,15.7,,,,,,,,,,,,,{박무}0430-{박무}{강도0}0600-{박무}{강도0}0900-1040.,
143,대구,2001-06-10,24.8,19.2,518,33,1405,,,,,,,12,90,1954,6.7,90,2010,2.7,2367,110,15.4,28,1443,59.4,17.7,1002,1011.2,5,1005.1,1443,1008.5,14.5,10,1200,2.93,22.06,,,,,,4.4,1.5,31.4,15.2,,,,,,,,,,,,,{박무}0420-{박무}{강도0}0600-{박무}{강도0}0900-1030. {연무}1020-{연무}{강도0}1200-1440.,
143,대구,2001-06-11,23.3,20.5,2312,28.6,1549,,,,,,,9,140,2158,5,110,50,3.3,2842,110,15.1,38,1550,60.9,17.3,1003,1011.1,811,1007.8,1651,1009.5,14.5,6.9,1200,3.09,21.94,,,,,,4.6,2.6,30.1,17.4,,,,,,,,,,,,,{박무}0420-{박무}{강도0}0600-0740.,
143,대구,2001-06-12,23.5,18.5,541,30.1,1510,,,,,,,9,90,2312,4.4,110,2240,2.1,1850,140,15.6,39,1625,62.3,17.8,1000.3,1009.7,146,1003.7,1653,1006.9,14.5,5.5,1100,2.64,18.77,,,,,,5.8,1.3,29.2,15.2,,,,,,,,,,,,0,{연무}1230-{연무}{강도0}1500-1620.,
143,대구,2001-06-13,20,18.2,1636,22.4,1104,16.08,.6,1413,1.9,1514,8.5,8,140,731,4.3,140,730,1.9,1641,110,15.9,59,1059,77.5,18.2,998.5,1007.1,0,1003.6,1907,1005.1,14.5,0,1000,.61,4.02,,,,,,9.8,5.1,19.6,15.7,,,,,,,,,,,,9.4,{비}0625-0720. {비}0850-{비}{강도0}0900-{비}{강도0}1200-{비}{강도0}1500-{비}{강도0}1800-{비}{강도0}2100-{비}{강도0}2400-,
143,대구,2001-06-14,20.2,18.3,44,22.4,1625,6.95,.3,1230,.5,0,1.3,7,140,1225,3.8,110,1550,1.6,1388,110,16.2,60,1546,78.1,18.5,999.6,1008.3,2151,1003.5,313,1006.1,14.5,0,1500,.97,5.96,,,,,,9.6,5.3,17.9,14.4,,,,,,,,,,,,.4,-{비}-{비}{강도0}0300-0340. {비}0545-{비}{강도0}0600-0630. {비}0710-0825. {비}1025-1052. {비}1155-{비}{강도0}1200-1245.,
143,대구,2001-06-15,22,17.8,511,27.3,1520,,,,,,,7,160,1131,3.8,110,1820,1.9,1672,110,13.3,36,1633,59.8,15.4,1002.4,1011.3,2330,1006.7,1738,1008.9,14.5,13.1,1200,3.35,28.02,,,,,,2.4,1.4,26.1,13.5,,,,,,,,,,,,,,
143,대구,2001-06-16,23.8,16.6,502,29.7,1424,,,,,,,5,90,119,2.8,110,2250,1.3,1137,110,15,32,1415,60.1,17.2,1004.3,1012.6,652,1009.1,1641,1010.8,14.5,7.8,1200,2.8,20.23,,,,,,5.5,0,27.6,13.4,,,,,,,,,,,,,{연무}1040-{연무}{강도0}1200-1420.,
143,대구,2001-06-17,25.3,21.2,545,30.7,1443,,,,,,,5,160,1241,3.1,180,1730,1.5,1292,140,15.4,32,1444,56.8,17.7,1003.1,1013,933,1007,1709,1009.6,14.6,5.9,1100,2.54,19.21,,,,,,6.5,2,30,17.5,,,,,,,,,,,,2.6,{햇무리}1015-1040.,
143,대구,2001-06-18,21.5,21.2,248,24.1,3,18,7.5,1320,18,1300,94.9,7,110,1304,3.7,140,1310,1.4,1239,110,20.5,67,0,93.3,24.2,997,1009.1,0,1000.3,2256,1003.6,14.6,0,700,.5,1.91,,,,,,10,5.8,20.2,18.4,,,,,,,,,,,,103.3,{박무}0640-{박무}{강도0}0900-{박무}{강도0}1200-{박무}{강도0}1500-{박무}{강도0}1800-1830. {천둥}{강도0}(SW)1030-{천둥}{강도0}(W)1055-1120. {천둥}{강도0}(SW)1330-{뇌전}{강도0}(SW 9-12)1345-{뇌전}{강도0}(SW{이동}W 8-10)1355-{뇌전}{강도0}(W{이동}NW 5-8)1420-{뇌전}{강도0}(NW 5-8)1500-1520. {비}0150-0240. {비}0350-0430. {비}0540-{비}{강도0}0600-0625. {비}0815-{비}{강도0}0900-{비}{강도0}1200-{비}{강도0}1500-{비}{강도1}1800-{비}{강도0}2100-{비}{강도0}2400-,
143,대구,2001-06-19,22.6,21.3,2330,24.7,1344,18.67,1.5,748,3.8,730,16.8,5,140,2337,2.3,140,2340,.9,810,110,21.7,85,1401,94,25.9,992.6,1002.4,2400,997.1,1522,999.1,14.6,0,1000,.91,4.67,,,,,,9.6,6.5,21.4,19.6,,,,,,,,,,,,5.8,-{비}-{비}{강도0}0300-{비}{강도0}0600-{비}{강도0}0900-{비}{강도0}1200-{비}{강도0}1500-{비}{강도0}1800-1840.,
143,대구,2001-06-20,22.5,20.4,2326,26.1,1207,,,,,,,10,90,1737,6.2,90,1750,3.3,2862,110,17.7,57,1208,74.4,20.3,1000.6,1010.1,2213,1002.4,0,1007.1,14.6,6.4,1100,3.12,21.81,,,,,,7.3,5.9,22,17,,,,,,,,,,,,,{햇무리}1340-1530.,
143,대구,2001-06-21,21,19.7,2343,23.7,1334,,,,,,,7,90,651,4,140,1210,2.7,2358,110,16.3,59,1709,74,18.6,1002.9,1010.4,822,1008.3,1707,1009.5,14.6,.9,1200,1.78,12.23,,,,,,9.4,6.1,19.8,17.3,,,,,,,,,,,,,,
143,대구,2001-06-22,23.1,18.4,451,28.3,1413,,,,,,,5,230,1414,2.7,270,1920,1.4,1245,90,17.5,51,1414,71.4,20.1,1003.3,1011.6,2350,1008.1,1630,1009.8,14.6,2.9,1200,2.48,14.94,,,,,,9.8,6.8,24.1,15.7,,,,,,,,,,,,.8,{박무}0430-{박무}{강도0}0600-{박무}{강도0}0900-{박무}{강도0}1200-{박무}{강도0}1500-{박무}{강도0}1800-1940.,
143,대구,2001-06-23,23.2,21.7,541,26.1,1453,9.92,.1,650,.5,814,1.1,4,270,1326,2.6,290,1700,1,906,320,19.9,64,1455,81.5,23.2,1005.7,1013.9,838,1010.4,1811,1012.3,14.6,0,1200,1.35,8.3,,,,,,10,5.6,22.4,19.3,,,,,,,,,,,,15.9,{비}0435-{비}{강도0}0600-{비}{강도0}0900-1135. {비}1440-{비}{강도0}1500-1505. {비}1550-{비}{강도0}1800-1820.  {박무}0530-{박무}{강도0}0600-{박무}{강도0}0900-{박무}{강도0}1200-{박무}{강도0}1500-{박무}{강도0}1800-{박무}{강도0}2100-{박무}{강도0}2400-,
143,대구,2001-06-24,21.3,20.3,912,22.5,1,23.17,4.5,2120,19,2100,89.6,4,340,140,2.5,140,1000,1.1,955,140,20.5,86,1,95.1,24.2,1003.7,1013.9,211,1006,2400,1010.3,14.6,0,1200,.46,2.8,,,,,,10,6.3,19.8,19,,,,,,,,,,,,133.2,-{박무}-{박무}0300-{박무}{강도1}0600-{박무}{강도1}0900-{박무}{강도1}1200-{박무}{강도0}1500-{박무}{강도0}1800-{박무}{강도0}2100-{박무}{강도0}2400-  {비}0050-{비}{강도0}0300-{비}{강도0}0600-{비}{강도1}0900-{비}{강도0}1200-{비}{강도1}1500-{비}{강도0}1800-{비}{강도0}2100-{비}{강도1}2400-,
143,대구,2001-06-25,25.4,21.1,29,30,1749,6.17,5.4,117,22.5,200,59.2,5,270,424,2.9,270,430,1.7,1508,290,20.4,52,1704,75.1,24.1,999.4,1007.5,850,1001.4,232,1005.9,14.6,3,1100,2.34,15.85,,,,,,7.9,4.8,23.8,19.3,,,,,,,,,,,,.6,-{박무}-{박무}{강도1}0300-{박무}{강도0}0600-0740. -{비}-{비}{강도1}0300-{비}{강도0}0600-0610.,
143,대구,2001-06-26,25,22.8,2239,28.5,1438,10.23,.2,355,.4,400,1.1,8,270,1627,4.3,270,1630,2.2,1867,270,20.3,53,1520,76.1,24,998.8,1007.6,531,1003.2,1711,1005.2,14.6,1.3,1100,2.21,15.04,,,,,,9.8,4.4,24.6,20.5,,,,,,,,,,,,.5,{비}0245-{비}{강도0}0300-{비}{강도0}0600-0640. {비}1206-1215. {비}1240-1320. {비}1830-{비}{강도0}2100-{비}{강도0}2400- {박무}0330-{박무}{강도0}0600-0840.,
143,대구,2001-06-27,26.1,21.8,514,30.1,1557,.5,0,,0,,0,6,290,1139,3.6,290,1620,1.9,1631,290,19.7,50,1543,68.6,22.9,998.8,1006.2,2219,1004.1,1707,1005.3,14.6,6.6,1100,2.45,18.46,,,,,,5.9,2.3,25.2,18.6,,,,,,,,,,,,,-{비}-0030. {박무}2030-{박무}{강도0}2100-{박무}{강도0}2400-,
143,대구,2001-06-28,27.3,22.4,550,32,1520,,,,,,,6,290,1507,3.5,270,2010,1.6,1411,270,20.5,42,1539,67.6,24.2,998.3,1006.5,617,1002.4,1705,1004.8,14.5,7.2,1100,2.97,21.76,,,,,,5.6,2.6,32.4,18.2,,,,,,,,,,,,,-{박무}-{박무}{강도0}0300-{박무}{강도0}0600-{박무}{강도0}0900-{박무}{강도0}1200-1440.,
143,대구,2001-06-29,26.3,25,534,28.8,1018,7.33,1.3,1730,2.2,1700,5,4,290,1121,2.7,290,1200,.9,804,50,23.2,69,908,82.8,28.5,997.1,1005.3,815,1001.4,2357,1003.5,14.5,.1,800,1.32,7.47,,,,,,9.5,5.6,27.2,21.7,,,,,,,,,,,,10,{박무}0610-{박무}{강도0}0900-{박무}{강도0}1200-{박무}{강도0}1500-{박무}{강도0}1800-{박무}{강도0}2100-{박무}{강도0}2400- {비}1120-{비}{강도0}1200-1330. {비}1420-{비}{강도0}1500-{비}{강도0}1800-1930.,
143,대구,2001-06-30,27.8,24.3,213,32.8,1356,6.42,.8,520,1.8,100,5.2,12,250,1018,7.4,270,1410,2.5,2198,270,22.2,49,1318,72.9,26.9,994.2,1005.8,2354,997.8,448,1000.6,14.5,3.5,1300,3.32,17.11,,,,,,7.6,3.5,25.5,22,,,,,,,,,,,,.2,-{박무}-{박무}{강도0}0300-{박무}{강도0}0600-0730. {비}0040-{비}{강도0}0300-0420. {비}0520-0550. {비}0640-0720. {비}1445-{비}{강도0}1500-1620.,
143,대구,2001-07-01,24.8,22.2,611,28.7,1623,5.67,2.3,1302,2.9,1300,5.1,6,90,716,3.8,110,720,1.4,1231,110,22.1,67,1626,85.1,26.7,1002.1,1011.2,1250,1005.6,15,1008.6,14.5,1.7,1500,1.68,9.18,,,,,,7.1,4.9,24.1,20.9,,,,,,,,,,,,5.1,{박무}0330-{박무}{강도0}0600-{박무}{강도0}0900-{박무}{강도0}1200-{박무}{강도0}1500-{박무}{강도0}1800-1820. {비}0840-{비}{강도0}0900-{비}{강도0}1200-1420.,
143,대구,2001-07-02,29.3,24.8,419,34,1434,,,,,,,6,250,1444,3.2,270,1740,1.4,1198,290,23.4,50,1343,71.6,28.8,1003.4,1011.5,759,1007.9,1747,1009.8,14.5,9.9,1200,2.96,22.22,,,,,,4,3.5,31,21.1,,,,,,,,,,,,,{박무}0420-{박무}{강도0}0600-{박무}{강도0}0900-1120.,
143,대구,2001-07-03,30.4,26.1,516,34.9,1616,,,,,,,7,270,1300,3.7,230,1740,1.9,1682,290,21.4,34,1211,61.1,25.8,1002.2,1010.7,555,1006.1,1723,1008.6,14.5,12,1200,3.26,27.21,,,,,,2.8,1.8,35.7,23.8,,,,,,,,,,,,,{박무}0420-{박무}{강도0}0600-0840.,
143,대구,2001-07-04,30.2,25.3,520,35.8,1405,,,,,,,8,250,1514,4.4,250,1400,1.8,1581,270,19.3,23,1359,55.3,22.7,1000.2,1008.7,330,1004.1,1631,1006.5,14.5,13,1200,3.31,27.83,,,,,,1.4,.1,36.3,22.2,,,,,,,,,,,,,,
143,대구,2001-07-05,26.9,24.1,2026,32.5,1203,7.78,1.5,1710,3.3,1700,11.3,8,270,458,4.6,250,510,1.9,1626,250,22.5,52,1205,77.6,27.3,998.9,1006.5,2151,1003.1,1433,1005.3,14.5,2.5,1000,2.16,9.61,,,,,,7.4,4.1,24.9,21.4,,,,,,,,,,,,11.5,{천둥}{강도0}(SW)1250-{뇌전}{강도0}(SW 5-8)1310-{뇌전}{강도0}(SW 3-4)1315-{뇌전}{강도1}(SW 1-2)1318-{뇌전}{강도1}(S 1-2)1322-{뇌전}{강도2}(S 1-2)1325-1340.  {천둥}{강도0}(S)1410-1415. {뇌전}{강도0}(W 8-10)1430-{뇌전}{강도0}(W 9-10)1500-1505. {천둥}{강도0}(SW)1610-1620.  {비}1253-{비}{강도0}1500-{비}{강도0}1800-2040.  {무지개}1920-1945.,
143,대구,2001-07-06,25.3,22.3,2349,28,1534,2.33,.1,110,.2,105,.2,9,110,1022,6.2,110,1630,2.6,2262,110,20.4,48,1623,74.8,24.3,1002.8,1012.9,2345,1004.3,350,1009.3,14.5,3.3,1500,2.46,15.72,,,,,,7.5,4,24.4,19,,,,,,,,,,,,,{비}0105-0145. {비}0340-0520. {박무}0420-{박무}{강도0}0600-{박무}{강도0}0900-1045.,
143,대구,2001-07-07,24.8,19.9,443,29.7,1621,,,,,,,5,110,1131,3.1,90,1720,1.7,1486,110,17.4,44,1631,64.9,19.9,1004.2,1013.3,137,1008.2,1744,1010.7,14.5,11.2,1200,3.16,24.84,,,,,,2.8,1.9,30.2,16.9,,,,,,,,,,,,,,
143,대구,2001-07-08,27.1,21.6,229,32.4,1625,,,,,,,6,270,951,3.5,270,1020,1.6,1386,290,18.7,34,1638,62,21.7,1001.6,1010,821,1006.1,1707,1008.1,14.5,12.7,1200,3.29,27.21,,,,,,.5,.5,32.7,17.3,,,,,,,,,,,,,{박무}0540-{박무}{강도0}0600-{박무}{강도0}0900-1020.,
143,대구,2001-07-09,28,22.6,538,32.9,1433,,,,,,,6,270,1224,3.7,270,1420,1.3,1158,50,18.5,27,1506,59.1,21.5,1000.7,1009.2,615,1004.7,1813,1007.1,14.4,9.2,1400,2.87,20.93,,,,,,2.1,1.9,34,19,,,,,,,,,,,,,,
143,대구,2001-07-10,27.6,23,528,32.5,1601,,,,,,,8,290,1334,4.3,270,1120,1.9,1641,50,18.3,30,1230,58.9,21.3,998.1,1006.4,52,1002.6,1641,1004.5,14.4,10.3,1200,3.41,24.96,,,,,,5.1,2.4,33.1,18.3,,,,,,,,,,,,0,,
143,대구,2001-07-11,27,25.5,1346,28.6,1139,7.22,.7,2338,2.1,2256,4.6,6,290,1040,3.9,270,1300,1.5,1296,270,23.9,66,0,82.5,29.7,994.5,1003.3,0,999.3,1737,1000.9,14.4,.1,1500,1.01,7.1,,,,,,10,5.3,26.2,23.8,,,,,,,,,,,,11,{비}0238-0251. {비}0335-0347. {비}0650-0748. {비}1240-1440. {비}1920-1950. {비}2040-{비}{강도0}2100-{비}{강도0}2400- {박무}0720-{박무}{강도0}0900-0945.,
143,대구,2001-07-12,23.2,21.9,1157,26.6,0,12.83,3.5,1430,13,1425,35.1,6,250,841,2.9,270,840,1,885,320,21.8,79,740,91.8,26.2,995.3,1003.6,2339,1000,300,1001.8,14.4,0,1200,.44,3.23,,,,,,9.9,5.8,21.1,20.1,,,,,,,,,,,,28.7,-{비}-{비}{강도0}0300-0320. {비}0750-{비}{강도0}0900-{비}{강도0}1200-{비}{강도0}1500-1720. {천둥}{강도0}(SW)1445-{천둥}{강도0}(SW)1500-{뇌전}{강도0}(SW 8-12)1510-1530. {박무}1710-{박무}{강도0}1800-{박무}{강도0}2100-{박무}{강도0}2400-,
143,대구,2001-07-13,25.6,21.5,537,30.1,1530,,,,,,,5,250,1605,2.6,270,1610,1.1,950,320,22,61,1505,81.4,26.5,999.8,1008.4,2338,1003.4,36,1006.3,14.4,2.1,1200,2.29,14.2,,,,,,9.1,5.1,24.8,19.5,,,,,,,,,,,,1.9,-{박무}-{박무}{강도0}0300-{시정(미만)}{1km}{안개}0530-{안개}{강도0}0600-{안개}{강도0}0900-{시정(이상)}{1km}{박무}0920-{박무}{강도1}1200-{박무}{강도0}1500-1540.,3.83
143,대구,2001-07-14,26.8,25,422,29.2,1218,6.23,.9,1903,1.3,725,5.6,4,90,301,2.9,110,2110,1.1,916,110,24,67,1226,84.3,30,1002.5,1010.6,731,1007.3,2354,1008.9,14.4,.9,1200,1.97,9.33,,,,,,8.4,5.5,24.3,21.9,,,,,,,,,,,,3.7,{비}0245-{비}{강도0}0300-0332. {비}0725-0840. {비}1335-{비}{강도0}1500-1710. {비}1903-1940.  {박무}0930-{박무}{강도0}1200-{박무}{강도0}1500-{박무}{강도0}1800-1940.  {뇌전}{강도0}(SW 8-10)0253-{뇌전}{강도0}(SW{이동}S 8-10)0300-0317. {천둥}{강도0}(SW)1445-1450.,
143,대구,2001-07-15,29,24.5,2335,33.3,1500,1.08,1.1,2310,1.5,2310,1.5,9,250,1502,4.7,230,1300,2.2,1923,140,22.4,46,1503,69.1,27.3,998.1,1007.4,0,1002.3,1523,1004.4,14.3,7,1100,2.51,19.43,,,,,,7.6,5,29.4,22.1,,,,,,,,,,,,1.5,{비}1925-1940. {비}2310-{비}{강도0}2400-,
143,대구,2001-07-16,24.4,22.6,2302,26.4,1546,.83,0,,0,,0,10,110,1315,6.2,110,1740,3.8,3325,110,20.4,67,1623,78.3,24.1,998.4,1006.8,2342,1003.3,322,1004.8,14.3,1,1500,1.73,11.09,,,,,,9.5,5.9,22.8,19.8,,,,,,,,,,,,,-{비}-0030. {비}0235-0250. {비}0515-0520. {박무}0530-{박무}{강도0}0600-{박무}{강도0}0900-1020.,
143,대구,2001-07-17,24.9,22.1,555,28.4,1425,,,,,,,9,110,1427,5.1,90,1820,2.6,2268,110,18.1,48,1427,66.5,20.8,1001.1,1009.1,2300,1006.3,1808,1007.5,14.3,7.5,1100,3.29,22.9,,,,,,4.9,4,26,18.3,,,,,,,,,,,,,,
143,대구,2001-07-18,25.1,19.5,450,29.7,1404,,,,,,,8,90,1905,4.6,90,1840,1.9,1675,90,17.4,35,1546,64.4,20,1002.3,1010.4,2305,1007.1,1719,1008.8,14.3,13.1,1200,3.38,27.61,,,,,,1.3,.8,31,15.7,,,,,,,,,,,,,,
143,대구,2001-07-19,25.4,20.7,425,31.9,1518,2.08,0,,0,,0,8,270,1559,5.3,270,1750,1.8,1594,270,19.2,41,1459,70.3,22.4,1002.2,1010.3,0,1007.1,1537,1008.7,14.3,7.5,1300,3.08,20.62,,,,,,5.4,2.8,32.1,17,,,,,,,,,,,,0,{박무}0620-{박무}{강도0}0900-{박무}{강도0}1200-1240. {비}1735-{비}{강도0}1800-1940.,
143,대구,2001-07-20,27.7,22.7,403,32.4,1552,.33,0,,0,,0,8,270,1326,4.4,270,1330,1.3,1124,50,21.6,52,1258,70.1,25.9,1001.1,1008.6,29,1006.3,1716,1007.5,14.2,7,1000,2.64,18.2,,,,,,6.5,5.1,29.3,19.6,,,,,,,,,,,,0,{소나기}1820-1840.,
143,대구,2001-07-21,28.6,25.6,610,32.2,1702,,,,,,,6,290,1414,4.1,250,1420,1.4,1198,70,23.2,55,1703,73.1,28.5,1002.9,1010.5,2224,1008.1,1739,1009.3,14.2,.2,1300,1.47,10.48,,,,,,6.5,3.9,28.1,22.2,,,,,,,,,,,,,,
143,대구,2001-07-22,30.4,25.9,418,35,1400,,,,,,,10,270,1408,5.6,250,1330,2.4,2103,250,22.7,45,1243,64.6,27.6,1003.1,1011,1003,1007.6,1706,1009.5,14.2,11.2,1100,3.2,25.05,,,,,,4.1,4,32.3,22.6,,,,,,,,,,,,,,
143,대구,2001-07-23,31,27.4,600,35.1,1519,,,,,,,8,250,1018,4.3,250,1300,2.5,2152,250,23,46,1327,63.5,28.2,1003.1,1010.9,1020,1007.3,1732,1009.4,14.2,10,1200,2.93,21.64,,,,,,2.3,2.3,34.1,23.6,,,,,,,,,,,,,,
143,대구,2001-07-24,30.5,27.1,506,34.5,1539,.25,0,,0,,0,7,270,1316,3.4,270,1320,1.5,1305,320,23,46,1528,65.1,28.2,1003.2,1011.2,821,1008.4,1747,1009.6,14.2,8.5,1200,3.01,20.15,,,,,,4.1,2.1,35.7,23.9,,,,,,,,,,,,0,{소나기}1715-1730.,
143,대구,2001-07-25,28.9,24.8,1427,33.8,1314,3.32,11.5,1420,20.8,1354,23.8,12,140,1428,6.1,160,1430,1.3,1160,320,23.7,52,1315,74.4,29.3,1004.4,1012.4,1425,1009.3,1635,1010.9,14.1,4.1,1100,2.96,15.67,,,,,,5.6,2.9,22.3,15.5,,,,,,,,,,,,23.8,{천둥}{강도0}(SE)1352-{뇌전}{강도1}(SE 3~4)1404-{뇌전}{강도1}(SE{이동}S 2~3)1408-{뇌전}{강도1}(S{이동}SW 2~3)1412-{뇌전}{강도1}(SW{이동}W 2~3)1421-{뇌전}{강도1}(W{이동}NW 3~4)1425-{뇌전}{강도0}(NW 5~8)1433-1450. {박무}1358-{시정(미만)}{1km}{안개}1405-{시정(미만)}{0.5km}{안개}1422-{시정(이상)}{0.5km}{안개}1428-{시정(이상)}{1km}{박무}1432-1435.  {천둥}{강도0}(S)1848-{뇌전}{강도1}(S 3~4)1902-{뇌전}{강도1}(S{이동}SE 2~3)1915-{뇌전}{강도0}(SE 3~4)1933-1945.  {소나기}1354-1440. {소나기}1812-2045.,.45
143,대구,2001-07-26,29,25.4,511,34,1359,,,,,,,9,90,1634,4.9,90,1640,1.6,1388,320,23.4,51,1335,72.3,28.8,1003.3,1011.4,650,1007.6,1543,1009.7,14.1,7.3,1000,2.44,17.08,,,,,,4.8,3.8,29.7,22.5,,,,,,,,,,,,0,{박무}0315-{박무}{강도1}0600-{박무}{강도0}0900-1140.,
143,대구,2001-07-27,28.3,25.9,1530,32.6,1334,1.13,16,1510,25.6,1455,25.6,6,110,1521,3.3,110,230,1.5,1280,140,23.6,54,1401,75.8,29.1,1002.2,1010,345,1006.9,1450,1008.7,14.1,3,1100,2.88,14.84,,,,,,8.5,5.8,23.6,17.3,,,,,,,,,,,,25.6,{소나기}0345-0358. {박무}0420-{박무}{강도0}0600-{박무}{강도0}0900-{박무}{강도0}1200-1335.  {소나기}1455-{소나기}{강도0}1500-1550.  {뇌전}{강도1}(S 2~3)1517-{뇌전}{강도1}(S{이동}SW 2~3)1523-{뇌전}{강도0}(SW 5~8 )1528-1540. {박무}1502-{시정(미만)}{1km}{안개}1508-{시정(이상)}{1km}{박무}1525-1530.,.28
143,대구,2001-07-28,29.6,26.6,0,33.2,1535,,,,,,,6,290,1453,4.3,270,1520,1.6,1382,110,23.1,48,1610,68.6,28.3,1001.1,1009.1,0,1006.3,1722,1007.5,14.1,5.4,1100,2.97,16.69,,,,,,6.4,3.1,26.3,20.8,,,,,,,,,,,,,{박무}0420-{박무}{강도0}0600-{박무}{강도0}0900-{박무}{강도0}1200-1240.,
143,대구,2001-07-29,31,26.3,616,34.8,1350,,,,,,,9,270,1220,5.1,250,1420,2.3,1982,50,22.5,42,1339,61.8,27.3,1000.9,1008.4,744,1005.8,1701,1007.2,14,9.5,1200,3.35,23.02,,,,,,5.5,3.3,30.3,23,,,,,,,,,,,,,{박무}0420-{박무}{강도0}0600-{박무}{강도0}0900-0930.,
143,대구,2001-07-30,29.4,27.3,2210,33.7,1250,1.95,1,1756,2.4,1750,2.6,9,230,1340,5,250,940,1.9,1668,270,23.7,50,1251,72.1,29.4,1001.9,1009.3,2346,1006.6,1502,1008.3,14,4.8,1100,2.27,15.78,,,,,,7.1,4.9,27.1,19.9,,,,,,,,,,,,3.2,{소나기}1230-1252. {소나기}1735-{소나기}{강도0}1800-1910. {천둥}{강도0}(W)1720-1745.,
143,대구,2001-07-31,29,26.9,410,34,1313,3.5,1.9,1422,3.8,1400,5.5,10,270,1213,5.4,250,1220,1.6,1411,50,24.9,50,1333,78.9,31.5,1001.5,1009.2,0,1006,1434,1007.9,14,4.4,1200,2.93,15,,,,,,6.8,5,26.4,19.8,,,,,,,,,,,,4.9,{소나기}0340-0445. {소나기}0720-0740. {소나기}1350-{소나기}{강도1}1500-1540. {소나기}1735-1750.  {번개}{강도0}(S)1450-{뇌전}{강도0}(S 8~10)1455-{뇌전}{강도0}(S{이동}SW 5-8)1500-1520.,
143,대구,2001-08-01,30,27,250,34.1,1649,2,0,,0,,0,6,230,1502,3.1,200,1510,1.3,1098,70,24.7,49,1612,73.8,31.2,1002.9,1011.5,2138,1007.5,451,1009.2,14,5.5,1300,2.62,14.9,,,,,,6.3,4.8,27.4,19.8,,,,,,,,,,,,0,{소나기}0925-0950. {소나기}1055-1130. {소나기}1155-{소나기}{강도0}1200-1230. {소나기}1420-1445.  {천둥}{강도0}(SW)1113-1145. {뇌전}{강도0}(SE 5-6)1210-1225. {천둥}{강도0}(E)1345-1350.  {무지개}1830-1845.,
143,대구,2001-08-02,30.6,27.2,551,35.1,1410,.42,0,,0,,0,8,110,1647,4.8,110,1650,2,1755,110,24.5,46,1405,70.5,30.8,1007.3,1016.8,2356,1011.3,0,1013.7,13.9,6.5,1200,3.27,18.49,,,,,,4.5,3.5,29.8,23.8,,,,,,,,,,,,0,{소나기}1125-1150.,
143,대구,2001-08-03,30.9,27.8,530,35.5,1529,,,,,,,8,110,1810,4.4,110,1810,1.5,1328,90,24.2,42,1737,69,30.4,1010.9,1018.1,634,1015.7,1715,1017.3,13.9,7.7,1100,2.93,18.03,,,,,,3.5,2.6,32.3,24.2,,,,,,,,,,,,,{박무}0330-{박무}{강도0}0600-{박무}{강도0}0900-0940. {놀}1920-1938.,
143,대구,2001-08-04,30.3,27.1,2224,34.8,1540,3.17,3.7,2157,5.1,2150,6.4,7,270,2011,3.9,270,2010,1.5,1316,90,24.5,43,1546,72.6,31,1009.1,1018.1,10,1012.8,1715,1015.5,13.9,5.2,1100,2.25,14.98,,,,,,6.1,4.6,32.2,24.1,,,,,,,,,,,,6.4,{박무}0420-{박무}{강도0}0600-{박무}{강도0}0900-1120.  {천둥}{강도0}(SW)1905-{뇌전}{강도0}(SW 8-10)1925-{뇌전}{강도0}(SW{이동}S 8-10)1940-{뇌전}{강도1}(S 2-3)2020-{뇌전}{강도0}(S{이동}SE 5-8)2030-2050.  {소나기}1940-{소나기}{강도0}2100-2250.  {뇌전}{강도0}(SE 8-10)2140-{뇌전}{강도0}(SE{이동}E 6-9)2150-{뇌전}{강도1}(E 2-4)2210-2230.  {천둥}{강도0}(NE)2245-2255.,
143,대구,2001-08-05,28.6,25.5,501,31.4,1101,1.75,.3,1330,.6,1300,.6,7,270,1309,4.3,290,1320,1.2,1058,270,23.8,60,1659,75.5,29.5,1004.7,1014.4,0,1008.9,1822,1011.1,13.8,2.8,1000,2.66,12.95,,,,,,6.4,2.3,27.2,23,,,,,,,,,,,,.6,{박무}0420-{박무}{강도0}0600-{박무}{강도0}0900-{박무}{강도0}1200-1320. {소나기}1235-1420. {천둥}{강도0}(W)1325-1330.,
143,대구,2001-08-06,29.5,25,545,34.3,1635,1.42,.1,1005,.1,940,.1,5,320,1652,2.8,290,1700,1.1,924,290,22.3,41,1600,66.6,27.1,999.4,1009.4,0,1002.8,1736,1005.8,13.8,7,1100,3.19,18.85,,,,,,6,2.8,29.5,21.4,,,,,,,,,,,,.1,{박무}0730-{박무}{강도0}0900-1140. {소나기}0940-1040. {소나기}2250-2315.,
143,대구,2001-08-07,28.6,25.9,1058,30.9,950,6.33,6.1,1051,13.1,1040,23.6,11,180,1042,4.9,200,1050,1.8,1598,110,25.4,67,952,83.1,32.6,997.1,1005.2,1048,1001.6,1822,1003.4,13.8,2.6,800,1.4,7.45,,,,,,7.9,5.1,27.1,23.5,,,,,,,,,,,,29.5,{비}1005-{비}{강도0}1200-1420. {비}1655-1720. {비}1930-2040. {비}2330-{비}{강도0}2400-  {뇌전}{강도0}(S 4-5)1045-{뇌전}{강도0}(S{이동}SW 4-5)1110-{천둥}{강도0}(SW)1125-1140. {뇌전}{강도0}(SW 4-5)1205-1210. {뇌전}{강도0}(SW 8-10)1945-2020.,
143,대구,2001-08-08,29.2,25.3,459,34,1433,5.63,2.5,110,3.8,108,8.4,8,290,1809,4.2,270,1820,1.5,1318,270,24.5,49,1435,76.9,30.8,998.4,1007.4,2400,1001.8,247,1004.7,13.8,5,1200,2.64,16.67,,,,,,6.9,4.6,26.4,23.1,,,,,,,,,,,,2.5,-{비}-{비}{강도0}0300-0430.  {소나기}1807-1915.,
143,대구,2001-08-09,29.2,26.2,214,32.2,1500,.38,0,,0,,0,9,90,2304,5.6,110,2330,1.9,1658,320,21.6,38,1503,66.3,26.5,1001.8,1010.7,2328,1006.9,307,1008.2,13.7,7.6,1300,2.99,19.79,,,,,,5.8,2.9,28.2,23.2,,,,,,,,,,,,,{박무}0520-{박무}{강도0}0600-{박무}{강도0}0900-1040. {비}0540-{비}{강도0}0600-0603. {놀}1905-1935.,
143,대구,2001-08-10,27,25.2,2347,29,1408,,,,,,,8,110,8,5.2,110,10,3.1,2654,110,19.2,50,1624,62.5,22.3,1006,1014.4,2237,1010.6,3,1012.5,13.7,2.2,1400,2.36,14.67,,,,,,7.1,4.9,27,21.4,,,,,,,,,,,,0,,
143,대구,2001-08-11,25.7,22.7,613,27.6,1302,3.28,.1,,.1,,.1,8,90,1146,5.1,90,1230,2.3,2024,90,18.9,57,1306,66.1,21.9,1007.6,1015.5,940,1013.3,1735,1014.1,13.7,0,1100,1.54,9.8,,,,,,9.9,4.1,24.2,21.5,,,,,,,,,,,,.7,{비}0725-0740. {비}1028-1045. {비}1345-{비}{강도0}1500-1540. {비}1735-{비}{강도0}1800-1825.,
143,대구,2001-08-12,25.2,22.7,641,27.4,1509,3.67,.4,538,.6,520,.9,8,110,1243,4.9,110,1640,2.2,1915,110,18.9,48,1419,68.4,22,1006.6,1014.4,859,1011.7,1534,1013.1,13.6,.6,1200,1.78,10.3,,,,,,8.8,4.1,24.2,20.1,,,,,,,,,,,,.3,{비}0440-{비}{강도0}0600-0620. {비}0845-{비}{강도0}0900-1045.,
143,대구,2001-08-13,26.7,24.5,601,28.8,1457,.23,0,,0,,0,10,90,938,6.2,110,1320,3.7,3160,110,21.3,59,1111,72.3,25.4,1005.7,1013.2,751,1011.1,1530,1012.2,13.6,1,800,1.52,10.51,,,,,,8.3,5,26.6,21,,,,,,,,,,,,0,{비}1640-1654.,
143,대구,2001-08-14,26.7,23.2,246,30.3,1637,.55,0,,0,,0,6,140,943,3.8,110,950,2,1696,140,22.4,63,1621,77.3,27.2,1006.3,1014.3,2150,1011.7,317,1012.8,13.6,3.6,1000,2.34,12.29,,,,,,8.4,5.5,27.3,22.3,,,,,,,,,,,,19.6,{박무}0720-0845. {박무}1150-{박무}{강도0}1200-1230. {비}1137-{비}{강도0}1200-1210.,
143,대구,2001-08-15,27,24.2,225,30.4,1610,3.72,4.6,16,11.4,15,19.6,7,270,1257,3.6,270,1300,1.4,1249,110,23.7,63,1538,82.3,29.3,1007.3,1015.3,1107,1012.3,1727,1013.8,13.5,1.9,1500,2.09,12.48,,,,,,7.9,5.1,26.7,22.7,,,,,,,,,,,,0,{소나기}0007-{비}0040-{비}{강도0}0300-0320. {비}1220-1250.  {박무}0310-{박무}{강도0}0600-{박무}{강도0}0900-{박무}{강도0}1200-1330.,
143,대구,2001-08-16,28.8,24.6,649,34.3,1535,,,,,,,7,110,1727,4.4,90,1740,1.6,1412,110,22.2,36,1551,70.5,27,1005.8,1014.2,731,1010,1615,1012.2,13.5,8.4,1200,2.95,19.79,,,,,,3.8,3.8,28.4,23.5,,,,,,,,,,,,,{박무}0220-{박무}{강도0}0300-{박무}{강도1}0600-{박무}{강도0}0900-1030.,
143,대구,2001-08-17,28.5,25.5,604,32.5,1403,,,,,,,10,110,1751,6.3,90,1730,2.4,2108,110,21.6,46,1359,67.3,25.9,1005.2,1012.6,2235,1010.1,1541,1011.6,13.5,9.7,1300,2.92,21.33,,,,,,5.1,2.9,28.4,22.7,,,,,,,,,,,,,,
143,대구,2001-08-18,27.9,24.6,325,32.1,1428,,,,,,,10,110,1413,5.3,110,1400,2.2,1927,110,20.8,46,1618,65.9,24.6,1005.6,1014.6,1013,1010.4,1819,1012.1,13.4,5.7,1400,2.81,18,,,,,,6.4,4.3,29.3,21.2,,,,,,,,,,,,0,{무지개}1905-1915. {놀}1855-1920.,
143,대구,2001-08-19,26.3,24,304,30.1,1531,2.67,.3,907,.4,900,.4,7,110,1236,4.1,90,1250,1.9,1623,90,20.7,55,1538,71.5,24.5,1005.4,1013,0,1010.5,1646,1011.9,13.4,2.7,1300,1.95,10.92,,,,,,7.1,6,24.9,20.7,,,,,,,,,,,,.4,{비}0840-{비}{강도0}0900-1120.,
143,대구,2001-08-20,27.3,24.4,333,32,1503,,,,,,,8,110,1601,4.7,110,1820,1.6,1420,110,20.9,51,1436,69,24.8,1001,1011.8,0,1004.7,2332,1007.4,13.4,6.1,1200,2.8,16.14,,,,,,5.4,4.5,28.4,21.4,,,,,,,,,,,,,,
143,대구,2001-08-21,27.7,22.9,439,32.1,1725,.38,0,,0,,0,5,90,1956,3,90,2010,1.2,1072,140,20.6,47,1751,65.8,24.2,992.4,1004.7,0,995.2,1849,998.8,13.3,7.1,1000,2.41,17.46,,,,,,4.9,2.9,29.1,19.5,,,,,,,,,,,,0,{소나기}2315-2338.,
143,대구,2001-08-22,28.3,24.8,544,33.1,1526,,,,,,,7,320,1532,3.9,320,1130,1.7,1510,340,18.3,29,1530,55.9,21.2,990.7,998.5,2307,995.4,1605,997,13.3,9.9,1200,2.67,20.39,,,,,,2.8,2.4,29.8,21.1,,,,,,,,,,,,,,
143,대구,2001-08-23,27.6,23,629,32.8,1440,,,,,,,9,320,1417,5.2,290,1430,1.8,1568,290,16.6,26,1429,53.1,19.1,993.8,1002.3,2333,998.3,40,1000.2,13.3,10.7,1100,3,22.26,,,,,,2.8,.9,29.9,18.9,,,,,,,,,,,,,{박무}0510-{박무}{강도0}0600-0840.,
143,대구,2001-08-24,27.4,21.2,606,33,1553,,,,,,,6,320,1129,3.4,290,1400,1.4,1243,50,16,26,1626,52.6,18.4,998.1,1007,2351,1002,0,1004.5,13.2,11.7,1200,3.09,23.08,,,,,,2.3,.6,30.6,17.5,,,,,,,,,,,,,,
143,대구,2001-08-25,26.1,22.4,609,30.3,1606,,,,,,,4,290,1311,2.6,290,1320,1,891,50,16.6,29,1818,57.4,19.2,1001.7,1009.5,2235,1006.7,1748,1008.1,13.2,3.1,1400,1.65,11.47,,,,,,6.5,3.8,26.7,18.9,,,,,,,,,,,,,,
143,대구,2001-08-26,25.3,21.3,2309,31.9,1439,4.17,3.6,2120,9.1,2105,12.4,10,90,1635,5.3,90,1640,1.6,1395,90,18.4,29,1329,68.5,21.4,1003.1,1012,2200,1006.8,1459,1009.6,13.2,8,1300,2.83,17.98,,,,,,5.4,2.8,26.5,17.5,,,,,,,,,,,,12.4,{소나기}1550-1725. {천둥}{강도0}(NE)1625-1637. {번개}{강도0}(NW)2020-2037. {소나기}2105-{비}2140-2340.,
143,대구,2001-08-27,24.4,19.8,506,29.8,1356,,,,,,,10,90,1801,5.8,90,1750,2.3,2012,110,17,38,1357,66,19.5,1004.7,1012.5,2333,1009.3,1500,1011.3,13.1,8.9,1200,3.1,21.06,,,,,,4.8,4.6,25.2,19.7,,,,,,,,,,,,,{박무}0230-{박무}{강도0}0300-{박무}{강도0}0600-{박무}{강도0}0900-0920.,
143,대구,2001-08-28,24.4,19.4,558,29.8,1345,,,,,,,10,90,1811,6.1,110,1850,2.3,1968,110,15.9,33,1313,60.5,18.2,1006.1,1013.8,631,1010.3,1535,1012.6,13.1,11,1100,3.05,21.82,,,,,,3.3,2.9,25.9,15.6,,,,,,,,,,,,,,
143,대구,2001-08-29,23.8,19.7,603,28,1352,,,,,,,9,110,1840,4.6,110,1610,2,1748,110,16,41,1353,62.5,18.3,1005.7,1013.6,748,1010.8,1533,1012.3,13.1,4.5,1000,2.14,14.69,,,,,,6.3,3.1,25.6,16.6,,,,,,,,,,,,0,,
143,대구,2001-08-30,22.5,20.1,2347,27,1619,6.17,.4,1029,.9,940,1.1,7,90,1737,4.6,110,1820,1.2,1024,110,16.5,44,1650,69.3,18.9,1004,1012.3,1033,1008.4,1549,1010.5,13,3.6,1300,1.98,10.18,,,,,,6.3,2.8,21.5,14.6,,,,,,,,,,,,1.1,{비}0355-{비}{강도0}0600-0610. {비}0725-{비}{강도0}0900-1120.,
143,대구,2001-08-31,22.7,16.8,534,28.2,1426,,,,,,,7,110,1313,4.2,110,1720,1.7,1488,110,14.8,42,1232,62.8,17,1003.7,1011.8,658,1008.2,1514,1010.3,13,7.6,1000,2.52,17.3,,,,,,4.6,1.5,24.4,12.8,,,,,,,,,,,,,,
143,대구,2001-09-01,23.5,18.5,604,30,1513,,,,,,,8,110,1614,4.7,110,1620,1.9,1658,110,14.9,29,1606,61.4,17.1,1004.5,1012.4,2356,1009,1536,1011.1,13,8.7,1200,3.07,20.1,,,,,,3.4,1.9,26,14.6,,,,,,,,,,,,,,
143,대구,2001-09-02,24.7,18.7,451,30.3,1257,,,,,,,10,90,1459,5.8,90,1500,2.2,1904,90,15.5,31,1443,58.9,17.8,1007.1,1015.3,2315,1012.2,57,1013.6,13,10,1200,3.06,19.72,,,,,,2.8,2.8,26.9,16.9,,,,,,,,,,,,,,
143,대구,2001-09-03,25.1,20.8,434,30,1409,.27,0,,0,,0,9,140,1353,5.4,110,1800,2.2,1890,110,16.7,37,1428,61,19.2,1008.4,1016.4,2140,1013.4,1502,1014.9,12.9,9.4,1400,2.32,17.62,,,,,,1.9,1.6,27.5,15.6,,,,,,,,,,,,0,{소나기}1042-1058.,
143,대구,2001-09-04,24,19.4,543,28.9,1352,,,,,,,8,110,1831,5.1,110,1650,2,1685,90,16,40,1407,61.9,18.3,1007.1,1015.9,654,1011.7,1521,1013.6,12.9,7.4,1200,2.38,17.8,,,,,,5.1,2.6,27.3,15.1,,,,,,,,,,,,,{놀}0545-0557.,
143,대구,2001-09-05,24.1,19.1,546,29.9,1549,.95,0,,0,,0,7,160,1119,4.6,90,1800,1.8,1588,90,16.4,32,1344,64.1,18.9,1003.1,1012.6,4,1007,1547,1009.6,12.9,9,1200,3.03,21.11,,,,,,6.5,5.6,27.9,16.8,,,,,,,,,,,,0,{비}1945-2042.,
143,대구,2001-09-06,25.2,21.7,536,29.4,1424,.25,0,,0,,0,5,90,1804,2.7,90,1830,1.3,1166,110,18.5,42,1549,68,21.5,1000.8,1008.6,916,1005,1457,1007.2,12.8,2.1,1000,1.93,10.91,,,,,,8.4,5,25.6,19.7,,,,,,,,,,,,0,{연무}1040-{연무}{강도0}1200-1420. {비}1720-1735. {놀}1830-1845.,
143,대구,2001-09-07,25.2,21.1,654,31.3,1300,,,,,,,10,90,1350,5.6,110,1400,2.3,1953,110,18.2,39,1301,66.6,20.9,1004.1,1013.2,2229,1008.1,2,1010.6,12.8,9,1100,2.94,19.7,,,,,,2.8,1.8,29.1,17.1,,,,,,,,,,,,,{박무}0620-0740.,
143,대구,2001-09-08,24.6,20.7,630,30.4,1305,1.13,0,,0,,0,10,110,1543,5.9,110,1550,2,1771,90,18.5,41,1310,69.1,21.4,1005.4,1013.6,733,1009.9,1535,1012,12.7,6.2,1300,2.47,16.19,,,,,,6.5,4.6,27.3,16.3,,,,,,,,,,,,.1,{비}1805-1835. {비}2032-2050. {비}2340-{비}{강도0}2400-,
143,대구,2001-09-09,22.9,21.8,2317,24.2,1645,12.67,6,1259,16.6,1053,52.2,6,290,1015,3.9,270,1020,1,905,290,21.5,82,830,91.5,25.7,1002.6,1011.8,0,1007.7,1701,1009.1,12.7,0,1400,.62,2.82,,,,,,9.9,6.9,22.4,21.1,,,,,,,,,,,,55.7,-{비}-0030. {비}0350-0420. {비}0540-{비}{강도0}0600-0615.  {비}0845-{비}{강도0}0900-{비}{강도1}1200-{비}{강도0}1500-1620. {비}2030-{비}{강도0}2100-{비}{강도0}2400- {박무}0350-{박무}{강도0}0600-{박무}{강도0}0900-{박무}{강도0}1200-{박무}{강도0}1500-{박무}{강도0}1800-{박무}{강도0}2100-{박무}{강도0}2400-,
143,대구,2001-09-10,23.1,21.3,130,26,1447,5.67,.4,20,1.9,3,3.6,7,90,1523,4.3,110,1530,1.5,1265,110,19.9,65,2359,82.6,23.4,1002.3,1011.1,2235,1007.4,314,1008.8,12.7,0,1300,.98,6.49,,,,,,9.5,6.1,22.2,19.5,,,,,,,,,,,,0,-{비}-{비}{강도0}0300-0520. {비}1115-1135. -{박무}-{박무}{강도0}0300-{박무}{강도0}0600-0630.,
143,대구,2001-09-11,23.3,20,415,26.9,1532,.25,0,,0,,0,7,110,1532,4,110,1540,1.7,1511,90,16,45,1532,63.9,18.3,1005.7,1014.5,2400,1010.1,247,1012.3,12.6,2.1,900,1.59,10.62,,,,,,6.6,6,21.3,16.8,,,,,,,,,,,,0,{비}1230-1245.,
143,대구,2001-09-12,22.3,19,346,27.9,1439,,,,,,,8,90,1418,4.5,110,1650,1.5,1310,110,12.8,40,1210,55,14.9,1007.7,1015.4,838,1012.9,1619,1014.3,12.6,3.4,1100,2.19,12.82,,,,,,7,4.5,20.3,14.1,,,,,,,,,,,,,,
143,대구,2001-09-13,21.8,17,519,26.1,1314,,,,,,,10,90,1413,6.1,110,1420,2.6,2278,110,14.1,42,1451,62.4,16.3,1007.6,1015,1306,1012.8,1500,1014.1,12.6,9.5,1100,2.67,19.58,,,,,,5.6,4.3,24,13.6,,,,,,,,,,,,8.1,{놀}1830-1855.,
143,대구,2001-09-14,21,19,738,23,1314,12.32,3.7,744,7.2,715,10.6,8,110,1213,5.2,90,1410,1.6,1396,320,18.6,65,0,85.9,21.5,1007.3,1015.4,918,1011.7,1423,1013.9,12.5,0,1100,1.19,4.37,,,,,,10,5.5,19.5,17.8,,,,,,,,,,,,2.5,{비}0210-{비}{강도0}0300-0313. {비}0510-0535. {비}0605-{비}{강도0}0900-1150. {비}1242-{비}{강도0}1500-1748.  {박무}0620-0845.,
143,대구,2001-09-15,22.2,19.3,2356,27,1433,,,,,,,8,90,1529,4.4,90,1730,2.1,1835,110,16.2,45,1602,70.1,18.6,1006.9,1014.5,854,1011.9,1501,1013.5,12.5,9.2,1100,2.79,19.05,,,,,,3.1,2.3,22.9,17.4,,,,,,,,,,,,,,
143,대구,2001-09-16,21.6,15.4,616,28.4,1534,,,,,,,6,140,1421,3.1,140,1410,1.4,1223,110,15.3,39,1438,69.3,17.4,1005.3,1014.6,735,1009.2,1634,1012,12.4,11.2,1200,2.91,21.44,,,,,,0,0,24.3,13.4,,,,,,,,,,,,,,
143,대구,2001-09-17,23.7,17.5,607,29.5,1451,,,,,,,6,290,1246,3.5,290,1340,1.3,1156,320,15.7,37,1226,62.8,17.9,1001.6,1010.2,0,1005.6,1611,1008.1,12.4,10.6,1200,2.89,19.75,,,,,,1.6,1,25.4,14.2,,,,,,,,,,,,,{박무}0430-{박무}{강도0}0600-0720. {놀}1815-1838.,
143,대구,2001-09-18,24.3,21,308,29.2,1533,,,,,,,5,290,1209,2.8,290,1350,1,864,320,16,41,1535,60.9,18.5,1002.9,1012,2359,1007.6,226,1009.4,12.4,5.8,1200,2.55,14.27,,,,,,3.1,1.9,24.9,17.5,,,,,,,,,,,,,{연무}1120-{연무}{강도0}1200-1340.,
143,대구,2001-09-19,23.6,17.8,548,28.4,1514,,,,,,,7,90,1130,4.7,90,1210,2.1,1785,110,16.8,38,110,66.1,19.3,1008.1,1016.4,2237,1012,0,1014.7,12.3,9.3,1200,2.5,18.16,,,,,,2.5,2.1,25.3,15.7,,,,,,,,,,,,,,
143,대구,2001-09-20,23.7,19.8,2302,28.5,1334,5.57,2.8,2008,8.1,1950,16.2,5,110,1913,3.1,110,2020,1.3,1148,140,18.8,45,1354,73.3,21.8,1009.9,1019,921,1014.3,1521,1016.5,12.3,4.1,1100,2.39,11.53,,,,,,7.5,4.4,23.8,17.7,,,,,,,,,,,,16.9,{소나기}1447-{소나기}{강도0}1500-1525. {소나기}1904-{비}1938-{비}{강도0}2100-{비}{강도0}2400-,
143,대구,2001-09-21,19.1,14.2,2320,25,1109,4,.4,1205,.6,0,1.1,9,50,1201,5.2,90,1510,1.8,1552,70,12.5,42,1105,66,15.1,1015.5,1026.4,2315,1018.1,12,1022.2,12.3,4.4,1000,2.55,10.52,,,,,,5.9,3.5,18.5,12.7,,,,,,,,,,,,.4,-{비}-{비}{강도0}0300-0337.  {소나기}1154-{소나기}{강도0}1200-1217.,
143,대구,2001-09-22,16.3,12,605,22.1,1324,,,,,,,11,90,1142,6.2,110,1550,2.2,1921,90,7.4,36,1313,56.5,10.4,1019,1029,914,1024.5,1502,1025.8,12.2,9.2,1200,2.59,17.18,,,,,,2.1,2.1,18.4,8.6,,,,,,,,,,,,,,
143,대구,2001-09-23,18.2,10.5,638,25.7,1553,,,,,,,4,110,1119,2.5,270,1710,.8,691,50,10.3,29,1406,62.5,12.6,1014.7,1025.7,0,1018.1,1721,1021.5,12.2,11.5,1200,2.85,20.15,,,,,,0,0,21,8.2,,,,,,,,,,,,,,
143,대구,2001-09-24,19.9,13,559,26.6,1609,,,,,,,6,250,1252,3,250,1300,1.3,1123,50,12.4,35,1320,64.4,14.6,1009.6,1019.6,105,1013.6,1543,1016.3,12.2,10.7,1200,2.8,18.89,,,,,,2,1.1,22.3,9.7,,,,,,,,,,,,.1,{놀}1810-1825.,
143,대구,2001-09-25,20.6,18.1,557,24.8,1540,3.23,.1,,.1,,.1,8,110,1719,4.7,110,1750,1.7,1427,110,14.1,45,1313,66.6,16.2,1008.2,1016.8,2201,1013.1,1520,1014.9,12.1,3.4,1200,2.4,11.4,,,,,,8.1,5.8,21.3,16.2,,,,,,,,,,,,0,{비}0218-0230. {비}0305-0527. {비}0624-0652. {비}0936-0948.,
143,대구,2001-09-26,20.5,15.6,621,25.6,1422,,,,,,,6,140,955,3.9,110,1800,1.8,1578,110,13.1,38,1423,64.6,15.3,1010.2,1018.8,827,1014.4,1637,1016.9,12,9.4,1200,2.74,18.26,,,,,,2.8,1.9,23.8,13,,,,,,,,,,,,,,
143,대구,2001-09-27,20.5,15.7,658,26.5,1614,,,,,,,5,290,1318,2.7,320,1630,1.3,1080,340,13.3,33,1615,65,15.4,1009.8,1018.2,2340,1014.3,1505,1016.5,12,6.8,1100,2.28,15.02,,,,,,3.9,2.9,22.5,13.8,,,,,,,,,,,,,{놀}1750-1820.,
143,대구,2001-09-28,19.9,15.3,544,25.4,1206,,,,,,,12,90,1225,6.9,90,1230,2.4,2098,90,12.8,42,1206,65.1,14.9,1014.3,1023.5,2240,1017.9,254,1021.1,12,9.6,1200,2.54,17.18,,,,,,2.1,1.5,22.1,10.9,,,,,,,,,,,,,,
143,대구,2001-09-29,19.7,15.6,658,24.5,1356,,,,,,,9,140,1020,5.5,110,1700,2.3,2023,110,10.7,35,1400,57,13,1014.1,1023.5,451,1017.6,2358,1020.8,12,7.7,1200,2.69,17.24,,,,,,6,3.9,22.8,11.8,,,,,,,,,,,,.1,{햇무리}0750-0830.,
143,대구,2001-09-30,16.4,15.4,1235,18.8,0,16.22,1.7,1455,7.4,1220,42.4,6,320,2244,3,290,1310,1.1,924,290,13.5,58,0,83.6,15.7,1005.1,1017.7,12,1007.6,2155,1011.8,11.9,0,1100,.31,2,,,,,,9.8,7,16.7,14.7,,,,,,,,,,,,42.3,{비}0747-{비}{강도0}0900-{비}{강도1}1200-{비}{강도1}1500-{비}{강도0}1800-{비}{강도0}2100-{비}{강도0}2400-  {박무}0925-{박무}{강도0}1200-{박무}{강도0}1500-{박무}{강도0}1800-{박무}{강도0}2100-2245.,
143,대구,2001-10-01,17.5,15.2,418,22.4,1444,2.82,.2,,.2,,.2,10,320,1631,4.5,320,1540,2.1,1850,270,12.9,48,1442,75.1,15,1002.7,1014.1,2359,1006.8,332,1009.4,11.9,3.8,1300,1.68,10.61,,,,,,5.4,3.6,17.2,11.2,,,,,,,,,,,,.2,-{비}-{비}0150.{비}0527-0543.{비}1150-{비}{강도0}1200-1208.{소나기}1530-1555.,
143,대구,2001-10-02,18.4,11.7,647,25.5,1517,,,,,,,5,250,1020,2.8,270,1010,1,903,270,10.8,28,1417,64.1,13.1,1011.1,1019.8,2349,1014.1,0,1017.8,11.8,10.8,1200,2.69,18.83,,,,,,1,0,19.1,8.4,,,,,,,,,,,,0,,
143,대구,2001-10-03,18.5,14.7,642,22.5,1428,.1,0,,0,,0,3,50,120,1.9,90,730,1,866,110,13.2,47,1433,71.5,15.3,1011.9,1020.6,706,1017,1449,1018.6,11.8,.3,1100,1.41,8.19,,,,,,9.3,4.8,17.1,13.2,,,,,,,,,,,,0,{비}0852-0858.,
143,대구,2001-10-04,18.5,16.1,2355,24,1615,4.75,1,1745,1.5,1710,1.5,6,320,1732,3.3,250,1620,1.1,938,320,14.6,51,1605,77.9,16.8,1008.4,1017.4,36,1012.1,1648,1015.1,11.7,1.7,1200,1.33,6.78,,,,,,8.8,4.5,18,12,,,,,,,,,,,,1.5,{비}0458-{비}{강도0}0600-0847. {비}1407-1418. {비}1730-{비}{강도0}1800-1815. {박무}2030-{박무}{강도0}2100-{박무}{강도0}2400-,
143,대구,2001-10-05,16.7,12.9,628,23.2,1514,,,,,,,6,290,914,3.2,290,900,1.8,1589,290,7.1,31,1552,55,10.3,1012.1,1020.9,2350,1016.2,0,1018.9,11.7,10.7,1200,2.7,18.96,,,,,,2.3,.3,18.6,8.7,,,,,,,,,,,,,-{박무}-{박무}{강도0}0300-0320.,
143,대구,2001-10-06,16.4,11.3,441,22.6,1409,,,,,,,9,110,1349,5.1,110,1720,1.7,1488,110,10.2,41,1403,67.8,12.5,1015.3,1023.4,838,1020.9,0,1022,11.7,6.2,1300,2.32,14.19,,,,,,4.8,2,17.8,7.8,,,,,,,,,,,,,,
143,대구,2001-10-07,17.1,10.9,627,21.6,1322,,,,,,,9,90,1243,5.4,110,1300,1.9,1678,90,10.5,41,1326,66.4,12.9,1014.2,1022.8,742,1018.5,2339,1021,11.6,7.1,1000,1.85,13.62,,,,,,5.4,3.6,18.5,7.2,,,,,,,,,,,,,,
143,대구,2001-10-08,20,17.2,2351,24.3,1459,,,,,,,8,140,1519,5.5,110,1710,2.3,2027,110,12.3,40,1154,62.4,14.5,1009.3,1019,3,1014,1509,1015.9,11.6,6.5,1100,2.45,15.34,,,,,,7.5,4.3,22.1,14,,,,,,,,,,,,0,,
143,대구,2001-10-09,17.5,16.4,2251,19.4,953,15.2,1.5,2040,4.7,2000,20.2,9,140,1515,5.6,110,1520,2,1738,110,15.2,67,119,85.8,17.4,1002.1,1014.6,0,1005.1,1927,1008.8,11.6,0,1200,.21,1.45,,,,,,10,6.4,16.9,15.3,,,,,,,,,,,,20.2,{비}0815-{비}{강도0}0900-{비}{강도0}1200-{비}{강도0}1500-1710.  {비}1725-{비}{강도0}1800-{비}{강도1}2100-2342.  {박무}0940-{박무}{강도0}1200-{박무}{강도0}1500-{박무}{강도0}1800-{박무}{강도0}2100-2345.  {뇌전}{강도0}(NW 8~10)1947-1955.  {뇌전}{강도0}(SW 8~10)2025-2038.,
143,대구,2001-10-10,17.7,14.1,615,21.4,1417,,,,,,,12,250,1516,6.7,250,1520,3.1,2688,250,10.8,41,1227,65.9,13.2,1000.1,1009.3,2400,1004.9,1430,1006.7,11.5,7.1,1300,2.04,14.12,,,,,,6.3,5.1,17.1,11.2,,,,,,,,,,,,,,
143,대구,2001-10-11,17.8,14,612,22.4,1514,,,,,,,7,320,1317,3.7,290,1320,1.4,1235,290,11.1,41,1507,65.4,13.3,1006.9,1016.5,2205,1009.3,0,1013.5,11.5,3.7,1000,2.12,10.09,,,,,,4.5,3.9,16.7,9,,,,,,,,,,,,,,
143,대구,2001-10-12,16.1,12.3,614,21.4,1458,,,,,,,8,290,954,4.4,290,1000,1.6,1408,290,9.7,41,1451,67.5,12.2,1010.4,1018.3,2237,1015.9,1409,1017.2,11.5,8.1,1200,2.33,15.02,,,,,,2.8,2.8,17.9,7.6,,,,,,,,,,,,,{놀}1730-1750.,
143,대구,2001-10-13,16.9,10.3,648,24.3,1450,,,,,,,5,250,1243,2.9,320,1550,1,882,70,9.1,28,1454,63.5,11.7,1010.7,1019.4,805,1015,1530,1017.5,11.4,10.1,1200,2.42,15.96,,,,,,2.5,.9,18.2,6.2,,,,,,,,,,,,,{놀}0616-0633.,
143,대구,2001-10-14,17.2,10.5,738,24.6,1404,,,,,,,8,90,1738,4.6,90,1510,1.6,1413,50,10.4,28,1342,67.3,12.8,1012.8,1021.9,2334,1017.5,1405,1019.5,11.4,9.4,1200,2.41,15.57,,,,,,2.3,2.1,18.8,7.2,,,,,,,,,,,,,{박무}0330-{박무}{강도0}0600-0640. {연무}1135-{연무}{강도0}1200-1340.,
143,대구,2001-10-15,18.4,12.7,551,23.6,1324,,,,,,,5,90,1055,2.8,90,1550,1.3,1141,90,11.9,42,1303,67.5,14.1,1014.6,1023.8,917,1019.7,1554,1021.4,11.3,4.4,1100,1.86,11.52,,,,,,6.1,3.4,18.2,8.7,,,,,,,,,,,,,{박무}0420-{박무}{강도0}0600-0745.,
143,대구,2001-10-16,19,15.8,746,22,1556,,,,,,,4,270,1229,2.5,320,1350,1.3,1158,290,10.7,37,1249,59.4,13.1,1010,1020.5,0,1013.9,2355,1016.7,11.3,.2,1100,1.02,5.62,,,,,,9.3,5.6,18.1,15,,,,,,,,,,,,0,,
143,대구,2001-10-17,17.1,14.8,2400,21.2,1244,.33,0,,0,,0,11,110,1558,6.2,110,1600,2.6,2285,140,9.3,29,1245,60.1,11.8,1008.4,1017.1,2337,1013.5,1405,1015.2,11.3,6.3,1200,2.17,12.88,,,,,,5.3,4,18.3,11.9,,,,,,,,,,,,,{비}0230-0250.,
143,대구,2001-10-18,15.1,10.9,602,19.6,1511,,,,,,,10,110,1021,5.1,90,1030,2.1,1823,110,5.5,33,1247,54.5,9.2,1013.7,1024.2,2323,1017,3,1020.5,11.2,9.2,1300,2.24,15.54,,,,,,2.5,2.5,17.7,7.1,,,,,,,,,,,,,,
143,대구,2001-10-19,14.2,7.6,705,21.3,1536,,,,,,,4,90,1,2.8,90,10,1.2,1075,50,6.1,30,1412,61.5,9.5,1019.8,1028.5,2309,1023.6,1,1026.7,11.2,10.4,1200,2.3,15.36,,,,,,0,0,17,3.9,,,,,,,,,,,,,,
143,대구,2001-10-20,15.4,8.7,708,21.6,1358,,,,,,,6,110,1303,3.8,110,1610,1.7,1475,90,8.8,34,1520,67,11.5,1020,1029.7,636,1024.3,1821,1026.8,11.2,6.4,1100,2.35,12.95,,,,,,4.5,1.8,17.7,5.3,,,,,,,,,,,,0,,
143,대구,2001-10-21,15,14.2,527,18.1,1250,9.02,.6,1155,2,1110,6.4,3,50,748,2.2,110,1650,.7,579,70,12.7,75,30,85.6,14.8,1015.8,1025.3,106,1019.8,2352,1022.6,11.1,0,1200,.47,2.61,,,,,,10,6.9,15.6,12.2,,,,,,,,,,,,10.2,{비}0837-{비}{강도0}0900-{비}{강도0}1200-{비}{강도0}1500-1720.  {비}2342-{비}{강도0}2400-  {박무}1120-{박무}{강도0}1200-{박무}{강도0}1500-{박무}{강도0}1800-{박무}{강도0}2100-{박무}{강도0}2400-,
143,대구,2001-10-22,15.5,13.3,2354,19.3,1621,13.08,.6,948,2,940,6.8,4,270,1302,2.4,270,1340,.7,607,270,14.3,76,1637,92.3,16.4,1011,1019.9,0,1016,1524,1017.8,11.1,1.1,1500,.78,3.42,,,,,,7.4,4.1,15.4,8.7,,,,,,,,,,,,3,-{비}-0052. {비}0225-{비}{강도0}0300-{비}{강도0}0600-{비}{강도0}0900-{비}{강도0}1200-1438. -{박무}-{박무}{강도0}0300-{박무}{강도0}0600-{박무}{강도0}0900-{박무}{강도0}1200-1447. {박무}2320-{박무}{강도0}2400-,
143,대구,2001-10-23,15.4,10.2,602,22.4,1407,,,,,,,3,110,1321,1.5,110,1540,.5,432,50,11.4,36,1603,79.8,13.7,1013.5,1022,834,1018.8,3,1020.3,11.1,4.8,1100,2.09,10.09,,,,,,5.3,2.5,15.2,6.4,,,,,,,,,,,,,-{박무}-{박무}{강도1}0300-{시정(미만)}{1km}{안개}0540-{시정(미만)}{0.5km}{안개}0550-{안개}{강도1}0600-{시정(미만)}{0.2km}{안개}0620-{시정(미만)}{0.1km}{안개}0635-{시정(이상)}{0.1km}{안개}0857-{안개}{강도1}0900-{시정(이상)}{0.2km}{안개}0915-{시정(이상)}{0.5km}{안개}0927-{시정(이상)}{1km}{박무}0955-{박무}{강도1}1200-1325.  {연무}1320-{연무}{강도0}1500-1650. {박무}1647-{박무}{강도0}1800-{박무}{강도0}2100-{박무}{강도0}2400-,4.25
143,대구,2001-10-24,15.8,11.9,751,22.3,1549,,,,,,,4,250,1438,2.1,270,1410,.8,665,50,12,36,1552,79.8,14.2,1014.2,1022.5,840,1019.1,1428,1021,11,5.9,1200,1.9,9.88,,,,,,3.3,2.5,15.7,9.3,,,,,,,,,,,,,-{박무}-{박무}{강도1}0300-{시정(미만)}{1km}{안개}0435-{시정(미만)}{0.5km}{안개}0516-{시정(미만)}{0.2km}{안개}0535-{안개}{강도2}0600-{시정(미만)}{0.1km}{안개}0618-{시정(이상)}{0.1km}{안개}0830-{안개}{강도1}0900-{시정(이상)}{0.2km}{안개}0910-{시정(이상)}{0.5km}{안개}0925-{시정(이상)}{1km}{박무}1015-{박무}{강도1}1200-{박무}{강도0}1500-1520.  {박무}2040-{박무}{강도0}2100-{박무}{강도0}2400-  {연무}1510-1640.,5.67
143,대구,2001-10-25,16.3,10.3,610,22.7,1506,,,,,,,4,270,1418,2.9,110,1740,1.1,982,90,12.3,50,1533,78.6,14.5,1016.5,1024.9,849,1021.6,1522,1023.3,11,6.7,1200,1.94,11.13,,,,,,5.1,3.3,16,8.9,,,,,,,,,,,,,-{박무}-{박무}{강도1}0300-{시정(미만)}{1km}{안개}0335-{시정(미만)}{0.5km}{안개}0427-{시정(미만)}{0.2km}{안개}0540-{안개}{강도2}0600-{시정(미만)}{0.1km}{안개}0643-{시정(이상)}{0.1km}{안개}0808-{시정(이상)}{0.2km}{안개}0823-{시정(이상)}{0.5km}{안개}0834-{안개}{강도0}0900-{시정(이상)}{1km}{박무}0945-{박무}{강도1}1200-{박무}{강도0}1500-1540.,6.17
143,대구,2001-10-26,16.4,13.7,632,20,1541,,,,,,,3,90,53,2,270,1300,.8,731,50,12.9,63,1515,80.1,15,1016.8,1025.2,806,1022.4,1708,1023.6,11,0,1000,1.01,6.67,,,,,,6.4,.5,15.7,11.4,,,,,,,,,,,,,{박무}0140-{박무}{강도0}0300-{박무}{강도1}0600-{박무}{강도0}0900-{박무}{강도0}1200-{박무}{강도0}1500-{박무}{강도0}1800-{박무}{강도0}2100-{박무}{강도0}2400- {햇무리}1420-1535.,
143,대구,2001-10-27,15.2,12.7,632,18.1,1452,8.33,.7,2217,3.8,2210,12.3,3,90,2112,2,110,2400,.6,558,50,13.1,70,1430,87,15.2,1012.2,1023.2,0,1012.8,2357,1019,10.9,0,1000,.71,4.51,,,,,,9.1,5,15.2,10.7,,,,,,,,,,,,29.8,-{박무}-{박무}{강도0}0300-{박무}{강도0}0600-{박무}{강도0}0900-{박무}{강도0}1200-{박무}{강도0}1500-{박무}{강도0}1800-{박무}{강도0}2100-{박무}{강도1}2400-  {비}1540-{비}{강도0}1800-{비}{강도0}2100-{비}{강도0}2400-,
143,대구,2001-10-28,16,13.7,2154,20.6,1550,7.17,2,449,8.3,430,17.5,7,320,505,3.5,320,510,1.7,1428,90,12.4,48,1604,79.8,14.5,1004.3,1016.6,2331,1007.4,408,1011,10.9,2,1400,1.28,6.16,,,,,,6.6,4.5,15.2,10.9,,,,,,,,,,,,,-{비}-{비}{강도0}0300-{비}{강도1}0600-0710. -{박무}-{박무}{강도1}0300-{박무}{강도1}0600-0640.,
143,대구,2001-10-29,14.1,11,2333,18.3,1418,,,,,,,8,90,1628,4.9,90,1630,2,1752,110,9.4,56,1226,73.9,12,1014,1022.6,2037,1016.6,0,1020.8,10.9,2.1,1300,1.5,8.73,,,,,,5.3,3.6,14,9.5,,,,,,,,,,,,,,
143,대구,2001-10-30,13.5,8.7,726,19.7,1458,,,,,,,5,270,1342,2.6,90,20,1.1,954,90,9.3,50,1444,76.4,11.8,1014.5,1023.1,837,1019.4,1546,1021.4,10.8,6.6,1200,1.86,11.14,,,,,,3,2.4,13.8,5.2,,,,,,,,,,,,,{박무}0435-{박무}{강도0}0600-{박무}{강도0}0900-{박무}{강도0}1200-1340.,
143,대구,2001-10-31,14.4,9.6,635,20.8,1549,,,,,,,6,270,1301,3.2,270,1430,1.1,938,290,9,36,1443,72.8,11.6,1013.4,1022.7,829,1017.3,1630,1020.2,10.8,7.8,1200,2.19,13.11,,,,,,3.9,1.8,14.4,6.3,,,,,,,,,,,,,{박무}0210-{박무}{강도0}0300-{시정(미만)}{1km}{안개}0415-{시정(미만)}{0.5km}{안개}0430-{시정(미만)}{0.2km}{안개}0455-{안개}{강도2}0600-{시정(미만)}{0.1km}{안개}0615-{시정(이상)}{0.1km}{안개}0810-{시정(이상)}{0.2km}{안개}0825-{시정(이상)}{0.5km}{안개}0840-{시정(이상)}{1km}{박무}0855-{박무}{강도1}0900-{박무}{강도0}1200-1325. {달코로나}2310-2342.,4.67
143,대구,2001-11-01,14.4,10.4,2345,19.2,1309,,,,,,,7,270,1137,3.8,270,1140,1.4,1235,290,6.1,43,2037,57.9,9.7,1013.7,1023,2350,1018.1,143,1020.6,10.8,4.9,1100,1.83,9.84,,,,,,4.9,2.6,13,5,,,,,,,,,,,,,,
143,대구,2001-11-02,10.8,4.4,652,17,1531,,,,,,,5,270,352,3.1,270,400,1.3,1155,270,-3.3,12,1551,39.1,4.9,1015.1,1024.8,842,1019.4,1556,1022,10.7,8.4,1100,2.1,12.14,,,,,,3.3,2,11,.3,,,,,,,,,,,,,{달코로나}1859-2210.,
143,대구,2001-11-03,9.8,7.4,353,13.9,1558,,,,,,,5,270,2002,2.9,290,2330,1.1,938,290,1,34,1544,54.9,6.6,1013.1,1022.6,2348,1017.8,1421,1020,10.7,1.3,1500,.72,3.85,,,,,,6.9,5.8,9.4,3.8,,,,,,,,,,,,,{달코로나}0005-0056. {달무리}0105-0140.,
143,대구,2001-11-04,10.6,3.6,725,17.6,1437,,,,,,,5,250,1557,2.9,250,1600,1,902,290,1.8,31,1149,56.5,7.1,1017.8,1026.7,812,1022.7,1,1024.8,10.7,8.5,1200,2.06,12.88,,,,,,2.5,1.1,11.3,-1.1,,,,,,,,,,,,,,
143,대구,2001-11-05,10.6,9,1950,14.4,1534,6.58,,,,,2,10,320,1838,5.8,290,2350,1.8,1534,290,6.4,59,2400,74.9,9.8,1011.8,1024.2,0,1014.9,1450,1018.7,10.6,0,1200,.97,3.83,,,,,,8.5,4.5,10.9,5.4,,,,,,,,,,,,2,{비}1015-{비}{강도0}1200-1230. {비}1345-1455. {비}1730-{비}{강도0}1800-2040.,
143,대구,2001-11-06,7.9,4.6,2347,11.7,1449,,,,,,,10,290,9,5.1,290,200,2.5,2188,290,-3.7,26,1528,44,4.7,1016.9,1028.5,2334,1017.8,0,1024,10.6,9.7,1200,2.22,13.75,,,,,,2.5,1.8,9.3,-1.3,,,,,,,,,,,,,,
143,대구,2001-11-07,6.3,-.7,710,14.2,1509,,,,,,,4,250,1426,2.6,230,1430,.8,722,50,-4.3,11,1534,51.9,4.6,1020.8,1030.6,815,1025.5,1443,1027.9,10.6,9.1,1200,2.12,12.72,,,,,,.8,0,8.3,-4.7,,,,,,,,,,,,,,
143,대구,2001-11-08,7.6,.3,704,16.2,1538,,,,,,,5,270,1439,2.8,250,1210,1.2,1054,50,-2.5,19,1511,52.9,5.1,1017.8,1027.6,900,1022.3,1607,1024.8,10.5,9.5,1200,2.08,12.46,,,,,,2.6,1.3,9,-3.7,,,,,,,,,,,,,,
143,대구,2001-11-09,10.3,6,324,16.8,1416,.58,,,,,0,10,50,1644,4.7,50,1750,1.5,1325,90,2.6,32,1506,60.1,7.4,1015.2,1024,2206,1019.4,1430,1022.2,10.5,5.5,1200,1.83,9.73,,,,,,6.4,4.6,11.2,3.6,,,,,,,,,,,,0,{박무}0615-{박무}{강도0}0900-1150. {비}1820-1830. {비}1915-1940.,
143,대구,2001-11-10,9.2,4.5,753,16.1,1505,,,,,,,4,270,416,2.7,270,1010,1.2,1061,270,2,33,1556,62.9,7.1,1015.8,1025.3,842,1021,1700,1022.8,10.5,9,1100,2.02,12.52,,,,,,.3,.3,10.5,0,,,,,,,,,,,,,{박무}0730-0845.,
143,대구,2001-11-11,8.4,2.5,629,15.2,1529,,,,,,,6,250,1152,3.8,270,1230,1.4,1245,290,1.6,34,1442,63.4,6.9,1011.6,1021.4,21,1016.1,1508,1018.6,10.4,5.9,1300,1.56,9.68,,,,,,3.9,1.3,9.1,-2,,,,,,,,,,,,,,
143,대구,2001-11-12,9.5,5.6,627,15,1354,,,,,,,9,290,1233,4.2,320,1230,1.8,1598,290,-1.3,22,1527,50.1,5.8,1011.6,1020.5,2119,1017,1403,1018.6,10.4,9,1200,2.01,11.83,,,,,,2.5,1.8,9.4,.3,,,,,,,,,,,,,,
143,대구,2001-11-13,8,5.8,226,11.5,1502,,,,,,,7,270,1207,4,290,1200,2.1,1839,270,-9.2,15,1404,29.1,3.1,1011.3,1020.5,22,1015.8,1457,1018.3,10.4,3,1100,1.59,8.15,,,,,,6.9,4.3,7.9,0,,,,,,,,,,,,,,
143,대구,2001-11-14,7.7,1.8,713,13.6,1515,,,,,,,4,290,53,2.8,290,100,1.3,1162,290,-5,28,1405,40.1,4.2,1012.6,1021.5,2358,1017.7,1438,1019.6,10.4,8.8,1100,1.92,11.32,,,,,,3.4,2.4,8.1,-2.7,,,,,,,,,,,,,,
143,대구,2001-11-15,7.3,3,714,12,1518,,,,,,,10,290,1322,4.7,320,1450,2.4,2094,270,-4,28,1354,44.6,4.6,1014.1,1022,2217,1019.2,1404,1021.1,10.3,8.9,1100,2.05,12.35,,,,,,3.3,3.3,7.5,-2.7,,,,,,,,,,,,,,
143,대구,2001-11-16,9.1,4.9,708,14.7,1520,,,,,,,7,290,1233,3.9,290,1320,2.4,2081,270,-1.1,29,1452,49.9,5.7,1014.9,1023.3,856,1019.4,1452,1021.9,10.3,9.4,1200,1.97,12.13,,,,,,2.6,2.6,8.9,-.2,,,,,,,,,,,,,,
143,대구,2001-11-17,8.4,4.2,722,14.3,1407,,,,,,,8,320,1126,4,290,1420,1.3,1125,320,-3.6,16,1402,46,4.8,1016.2,1024.6,2328,1021.5,1428,1023.2,10.3,9,1200,1.98,11.82,,,,,,.6,.6,9,-.9,,,,,,,,,,,,,,
143,대구,2001-11-18,6.6,.2,634,14.7,1527,,,,,,,3,250,1058,1.7,140,1950,.8,681,50,-2.8,22,1435,53.8,5,1016.7,1025.2,828,1021.5,1425,1023.8,10.2,9.1,1200,1.86,10.98,,,,,,0,0,7.6,-.8,,,,,,,,,,,,,,
143,대구,2001-11-19,7.6,1.3,740,15.5,1523,,,,,,,3,290,1104,1.7,250,1540,.9,763,50,.1,30,1432,61.5,6.2,1016.7,1025.3,850,1022,1403,1023.8,10.2,9,1100,1.73,10.26,,,,,,0,0,7.8,-3.2,,,,,,,,,,,,,,
143,대구,2001-11-20,8.4,2,704,17.1,1546,,,,,,,4,250,1441,2.1,270,1510,1,835,50,.5,29,1454,60.1,6.3,1016.6,1025.3,837,1021.6,1519,1023.6,10.2,9,1200,1.7,10.23,,,,,,3.3,3,8.4,-2.4,,,,,,,,,,,,,{박무}0340-{박무}{강도0}0600-{박무}{강도0}0900-1040.  {연무}1030-{연무}{강도0}1200-1340.,
143,대구,2001-11-21,8.8,2.1,726,16,1442,,,,,,,4,250,1102,2.5,250,1110,.9,784,50,1.7,34,1405,63,7,1016.8,1025.7,854,1021.8,1438,1023.9,10.2,8.1,1200,1.67,9.52,,,,,,0,0,8,-2.8,,,,,,,,,,,,,{박무}0610-{박무}{강도0}0900-1120. {연무}1110-{연무}{강도0}1200-{연무}{강도0}1500-{연무}{강도0}1800-1950. {박무}1940-{박무}{강도0}2100-{박무}{강도0}2400-,
143,대구,2001-11-22,10.8,5,654,17.3,1447,,,,,,,7,270,1329,3.2,270,1150,1.4,1220,290,2.2,29,1546,58.5,7.2,1017,1025.8,903,1022,1419,1024,10.1,8.3,1200,1.79,10.11,,,,,,0,0,9.1,-.6,,,,,,,,,,,,,-{박무}-{박무}{강도1}0300-{박무}{강도1}0600-{시정(미만)}{1km}{안개}0710-{시정(이상)}{1km}{박무}0750-{박무}{강도0}0900-1120. {연무}1110-{연무}{강도0}1200-1250.,.67
143,대구,2001-11-23,10.5,4.7,653,18.3,1521,,,,,,,6,270,1216,3.7,270,1150,1.2,1065,270,-.3,21,1357,50.3,6,1014.6,1024,854,1019,1638,1021.5,10.1,8.9,1200,1.8,10.62,,,,,,0,0,9.1,-1.2,,,,,,,,,,,,,{박무}0240-{박무}{강도0}0300-{박무}{강도1}0600-{박무}{강도1}0900-1040.,
143,대구,2001-11-24,9.4,2.6,721,17.3,1511,,,,,,,5,320,1341,2.8,290,1510,1,842,50,.2,23,1411,55.6,6.3,1008.4,1019.9,0,1011.9,1628,1015.4,10.1,8.7,1200,1.7,10.03,,,,,,1.4,0,8.1,-2.3,,,,,,,,,,,,,{박무}0620-{박무}{강도0}0900-{박무}{강도0}1200-1440.,
143,대구,2001-11-25,7.8,3.2,2345,11.2,1510,,,,,,,9,320,1002,5.4,320,1020,2.9,2527,290,-3.3,26,1340,45.9,5,1010.6,1021.6,2303,1012.1,130,1017.6,10.1,8.5,1200,1.81,10.69,,,,,,2.5,1.1,7.9,.4,,,,,,,,,,,,,{박무}0610-{박무}{강도0}0900-0945.,
143,대구,2001-11-26,2.8,.5,700,8.2,1427,,,,,,,9,290,1137,5.3,290,1220,2.6,2228,290,-9.3,28,1358,40.4,3,1015.9,1025.1,2256,1021.5,0,1023.1,10.1,7.6,1100,1.81,9.79,,,,,,2.6,2.3,3.7,-3.9,,,,,,,,,,,,,{놀}1655-1703.,
143,대구,2001-11-27,2.4,-1.1,536,7.2,1500,,,,,,,10,320,1402,5.5,320,1510,2.3,1988,290,-8.2,32,1501,45.4,3.3,1016.9,1026.2,835,1022.3,1457,1024.1,10,9.2,1100,1.74,10.92,,,,,,1.3,1.3,3.3,-5,,,,,,,,,,,,,,
143,대구,2001-11-28,6.6,-.2,313,11,1448,,,,,,,6,250,1256,3.4,250,1350,1.2,1043,270,-3,34,1320,50.8,5,1013.4,1023.7,10,1017.9,1733,1020.4,10,6.5,1200,1.84,9.84,,,,,,6,4.3,7,-4.3,,,,,,,,,,,,0,,
143,대구,2001-11-29,6.5,5.1,707,8.7,0,10.67,,,,,6,5,270,2228,3,250,2230,.9,745,270,4,54,0,84.1,8.3,1006.3,1017.9,0,1010.1,1515,1013.3,10,0,1300,.27,.97,,,,,,9.6,5.8,6.2,1.2,,,,,,,,,,,,6,{비}0750-{비}{강도0}0900-{비}{강도0}1200-{비}{강도0}1500-{비}{강도0}1800-1830.  {박무}0930-{박무}{강도0}1200-{박무}{강도1}1500-{박무}{강도1}1800-{박무}{강도0}2100-{박무}{강도0}2400-,
143,대구,2001-11-30,4.9,1.5,2341,8.1,1443,,,,,,,9,290,1305,5.5,290,1400,2.8,2458,290,-7.9,18,1335,41.4,3.6,1011.8,1021.7,2055,1012,0,1018.9,10,9.2,1200,1.94,11.64,,,,,,.4,.4,4.4,-4,,,,,,,,,,,,,-{박무}-0210.,
143,대구,2001-12-01,4.4,1.1,148,9.9,1545,,,,,,,5,290,1228,2.6,290,1230,.7,605,270,-6.7,21,1344,46.1,3.7,1014.9,1025.2,928,1019.7,1609,1022,10,6.6,1200,1.82,9.5,,,,,,3,.4,2.8,-3.3,,,,,,,,,,,,,{달무리}0420-0530.,
143,대구,2001-12-02,6.1,.8,748,12.9,1520,,,,,,,4,290,1401,2.2,290,1600,.4,365,290,-2.5,38,1134,54.3,5.1,1017.1,1025.7,1032,1022.3,8,1024.2,9.9,6.8,1100,1.56,8.94,,,,,,2.5,.8,4.7,-2.8,,,,,,,,,,,,,,
143,대구,2001-12-03,2,.2,1603,5.7,0,14.75,,,,,16.5,5,270,1345,3.3,270,1350,.5,432,270,-1.3,53,1148,79.6,5.6,1016.8,1026.1,909,1022.2,2359,1024,9.9,0,900,.26,1.44,4.2,2230,4.2,2230,5.3,8.4,5.3,1.2,-2.4,,,,,,,,,,,,17.7,{박무}0630-{박무}{강도0}0900-1135. {비}0915-{싸락눈}0935-{비}0950-{싸락눈}1045-{비}1130-{비}{강도0}1200-{싸락눈}1220-{눈}1335-{눈}{강도0}1500-{눈}{강도0}1800-{진눈깨비}1815-{눈}2040-{눈}{강도0}2100-{진눈깨비}2240-{비}2330-{비}{강도0}2400-,
143,대구,2001-12-04,3.7,.6,114,8.9,1459,2.17,,,,,1.2,5,270,400,3.1,270,420,.7,605,90,-1,27,1518,74.3,5.8,1015.7,1024.9,2129,1020,149,1022.9,9.9,8.9,1200,1.75,10.37,,,3.5,0,,3.8,3,4.1,-2.2,,,,,,,,,,,,,-{비}-0210. {박무}0110-{박무}{강도0}0300-{박무}{강도0}0600-0640.,
143,대구,2001-12-05,4.3,1.2,19,8.9,1450,,,,,,,6,290,1518,3.4,290,1920,1.4,1250,290,-5,26,1329,53.8,4.3,1015.4,1024.5,102,1020.3,1420,1022.5,9.9,2,1300,1.36,6.26,,,,,,7.9,6.5,4.3,-1.8,,,,,,,,,,,,,{박무}0525-{박무}{강도0}0600-{박무}{강도0}0900-{박무}{강도0}1200-1240.,
143,대구,2001-12-06,2.6,.1,2315,5.5,1432,,,,,,,14,320,1204,7.1,290,1140,3.1,2680,290,-11.9,22,1532,33.3,2.5,1017.7,1027.8,2348,1022.6,18,1024.8,9.9,8.6,1200,1.81,10.27,,,,,,1.5,.3,1.9,-2,,,,,,,,,,,,,,
143,대구,2001-12-07,1.3,-2,717,6,1531,,,,,,,5,320,324,3,270,1120,1.2,1051,320,-13.7,14,1222,34.6,2.2,1022.1,1031.9,913,1027.8,1,1029.4,9.9,9,1200,1.89,11.22,,,,,,.6,0,1.4,-5.9,,,,,,,,,,,,,,
143,대구,2001-12-08,3.6,-.7,1,8.7,1516,,,,,,,8,320,1412,4.8,290,1430,1.1,965,290,-10.9,13,1247,35.9,2.7,1024.1,1033.6,2356,1027.5,16,1031.2,9.8,8.4,1200,1.85,10.52,,,,,,1.9,1.9,2.5,-5.4,,,,,,,,,,,,,,
143,대구,2001-12-09,3.6,-2,639,9.2,1441,,,,,,,4,270,1921,2.5,270,2200,.6,518,270,-6.7,29,1433,48.1,3.7,1024.9,1034.8,837,1030,1442,1032.2,9.8,5,1100,1.62,8.28,,,,,,5.5,5.5,3.2,-6.4,,,,,,,,,,,,,,
143,대구,2001-12-10,5.6,1.8,853,10,1548,,,,,,,5,90,1720,2.8,110,2010,.8,691,290,-3.1,29,1227,54.6,5.1,1024,1032.8,948,1028.9,1500,1031.1,9.8,6.5,1100,1.5,7.95,,,,,,5.5,3.4,5.2,-1.5,,,,,,,,,,,,,,
143,대구,2001-12-11,7,3.8,2356,11.7,1414,,,,,,,7,90,1432,4,140,1220,1.2,1048,110,.1,37,1538,62.8,6.2,1024.8,1033.8,951,1029.5,1407,1031.9,9.8,7.6,1200,1.98,10.58,,,,,,4.8,4.8,7.5,1,,,,,,,,,,,,,,
143,대구,2001-12-12,6.5,.4,647,13.1,1404,6.08,,,,,4.6,4,250,1452,2.5,270,1500,.5,432,90,1.6,42,1403,72.4,7.1,1018.3,1032.7,301,1018.2,2400,1025.4,9.8,4.9,1100,1.59,7.78,,,,,,6.1,4.1,5.4,-3.1,,,,,,,,,,,,4.9,{박무}0340-{박무}{강도0}0600-0620.  {비}1755-{비}{강도0}1800-{비}{강도0}2100-{비}{강도0}2400-,
143,대구,2001-12-13,3,-2,2339,7.6,2,2.67,,,,,.3,12,290,1148,6.9,320,1130,3.9,3412,290,-6.5,22,1506,54,4.6,1013.8,1026.8,2322,1015.8,458,1020.9,9.8,7.7,1200,1.74,9.72,,,,,,4.1,2.4,4.2,-3.7,,,,,,,,,,,,,-{비}-0240. {황사}1210-{황사}{강도0}1500-{황사}{강도0}1800-{황사}{강도0}2100-{황사}{강도0}2400-,
143,대구,2001-12-14,-1.2,-4.7,730,3.4,1418,,,,,,,10,290,1550,5,320,410,2.8,2420,290,-10,38,1455,51,2.9,1019.8,1028.4,715,1024.9,1444,1027.1,9.8,8.7,1200,1.74,10.42,,,,,,4.3,4,.8,-6.7,,,,,,,,,,,,,-{황사}-{황사}{강도0}0300-{황사}{강도0}0600-{황사}{강도0}0900-0940.,
143,대구,2001-12-15,-2,-5.1,642,2.1,1453,,,,,,,10,270,1128,5.5,290,1150,2.8,2420,290,-14.3,25,1421,38.5,2,1024.8,1034,1019,1028.1,27,1032.2,9.8,8.6,1200,1.85,10.76,,,,,,1.1,.4,-.2,-7.5,,,,,,,,,,,,,,
143,대구,2001-12-16,-.9,-4.7,707,4,1521,,,,,,,6,290,1202,3.8,270,1210,1.2,1072,270,-15.3,16,1458,34,1.9,1024.6,1034.6,935,1030,1527,1031.9,9.8,7.2,1300,1.47,8.36,,,,,,3.5,0,-.3,-6.5,,,,,,,,,,,,,,
143,대구,2001-12-17,.9,-2.9,444,6.3,1329,,,,,,,8,320,1406,4.7,290,1510,1.2,1038,290,-12,22,1922,38.4,2.5,1022,1031.1,2301,1027.2,1401,1029.3,9.8,4.7,1200,1.67,8.09,,,,,,3.1,0,1.2,-6.2,,,,,,,,,,,,,,
143,대구,2001-12-18,-.6,-3.8,735,4.3,1527,,,,,,,7,270,1423,4.1,290,1440,1.8,1588,290,-17.5,13,1552,27.8,1.6,1025.6,1034.4,938,1031,0,1032.9,9.8,8.4,1200,1.78,9.95,,,,,,2.4,0,.2,-5.9,,,,,,,,,,,,,,
143,대구,2001-12-19,.1,-5.4,744,5,1455,,,,,,,8,290,1343,3.8,290,1410,1.5,1310,290,-17.1,14,1247,26.6,1.6,1026.2,1035.3,1008,1031.6,1425,1033.5,9.8,7.2,1200,1.84,9.1,,,,,,.8,.8,.5,-7.3,,,,,,,,,,,,,,
143,대구,2001-12-20,1.3,-3.5,741,6.3,1426,,,,,,,4.6,250,323,2.3,270,1450,.6,518,270,-15.3,14,1614,28.6,1.9,1023.8,1034.5,912,1027,2351,1031.1,9.8,5.2,1200,1.69,8.57,,,,,,5.4,1.9,1,-7,,,,,,,,,,,,,{햇무리}1345-1520.,
143,대구,2001-12-21,.8,-1.3,2345,3.5,1240,,,,,,,11.7,320,1357,5.4,320,1320,2.6,2240,290,-8.6,28,233,49.6,3.2,1016.3,1027.1,0,1021.2,1428,1023.5,9.8,6,1200,1.42,7.45,,,,,,5.1,3,1,-4.4,,,,,,,,,,,,,,
143,대구,2001-12-22,-.1,-2.7,731,3.9,1451,,,,,,,8.2,320,1223,4.2,290,1230,2,1750,290,-10.4,25,1520,47,2.8,1016.7,1025.3,2305,1021.8,1419,1023.9,9.8,8.9,1200,1.8,10.43,,,,,,0,0,.7,-8,,,,,,,,,,,,,,
143,대구,2001-12-23,.2,-3.6,727,5,1514,,,,,,,8.4,290,1358,3.8,290,1320,1.2,1047,290,-8.8,31,1504,52,3.1,1017.9,1026.7,919,1023,1358,1025.1,9.8,8.4,1200,1.77,9.99,,,,,,2.6,1.4,.8,-9.2,,,,,,,,,,,,,,
143,대구,2001-12-24,-.1,-4.9,812,5.7,1530,,,,,,,2.7,340,1509,1.5,320,1502,.5,432,270,-8.5,29,1443,55.3,3.2,1018.6,1028.6,1010,1024,2400,1025.9,9.8,8.8,1200,1.62,9.19,,,,,,1,0,.7,-9,,,,,,,,,,,,,,
143,대구,2001-12-25,1.1,-3,319,6,1545,1.83,,,,,0,3.3,320,1759,2.1,290,1254,1,864,270,-5.1,52,1551,63.3,4.3,1018.7,1029.6,2241,1022.5,354,1025.9,9.8,4.2,1200,1.49,6.47,,,,,,4.8,4,.9,-5.9,,,,,,,,,,,,0,{눈}0950-1140.,
143,대구,2001-12-26,2,-1,616,6.9,1515,,,,,,,3.8,320,1411,2.2,290,1320,.9,778,290,-7.3,26,1508,51,3.6,1021.2,1029.7,21,1026.6,1436,1028.4,9.8,6.8,1300,1.69,8.93,,,,,,1.6,0,1.2,-7.7,,,,,,,,,,,,,,
143,대구,2001-12-27,1.6,-1.2,803,5.6,1423,,,,,,,4.5,320,1306,2.6,320,1313,1.2,1037,290,-7.1,30,1508,52,3.6,1019.9,1028.6,0,1025.4,1404,1027.1,9.8,8.9,1200,1.79,10.36,,,,,,.5,0,1.4,-6.4,,,,,,,,,,,,,,
143,대구,2001-12-28,1.2,-1.8,731,5.8,1524,,,,,,,3.6,290,1243,2.2,290,1245,.9,778,290,-10.5,18,1417,41.3,2.8,1018.3,1028,928,1023.5,2327,1025.6,9.8,9,1200,1.86,10.68,,,,,,0,0,1.1,-7.4,,,,,,,,,,,,,,
143,대구,2001-12-29,.7,-4.9,731,5.6,1301,1.17,,,,,0,4.6,270,2132,2.9,320,2139,1.1,950,290,-6.3,42,1302,60.4,3.9,1009.2,1023.6,4,1012,1930,1016.4,9.8,5.5,1100,1.51,7.6,,,,,,4.8,1.8,.7,-9.4,,,,,,,,,,,,0,{눈}1330-1340. {비}1720-1745. {눈}2140-2215.,
143,대구,2001-12-30,-.9,-3,2350,2.2,1444,.33,,,,,0,4.8,290,1019,3.1,320,1128,1.6,1382,320,-11.8,24,1503,44.9,2.5,1013.4,1024.7,2357,1014.7,2,1020.7,9.8,8.7,1200,1.84,10.52,,,,,,1.4,1.4,.9,-5,,,,,,,,,,,,,{눈}0625-0645.,
143,대구,2001-12-31,.4,-5.3,754,5.8,1531,,,,,,,1.9,250,1358,1.2,320,1406,.5,432,290,-9.6,28,1426,47.6,3,1013.6,1025.2,206,1015.4,2351,1020.8,9.8,8.1,1200,1.74,9.61,,,,,,3,2.4,1,-7.5,,,,,,,,,,,,.5,,
143,대구,2002-01-01,.2,-3.7,2304,3.8,236,4.42,,,,,.5,5.3,270,1223,3.2,290,1124,1.7,1469,290,-10.5,20,1434,46.5,3.2,1010.7,1021.3,2129,1013,512,1017.9,9.8,8.8,1200,1.94,11.17,,,,,,2.6,2,1.7,-5.7,,,,,,,,,,,,,{비}0215-{비}{강도0}0300-{비}{강도0}0600-0640.,
143,대구,2002-01-02,-5,-7.7,2348,-2.4,1454,,,,,,,5.1,320,1332,3.3,290,1338,2,1728,290,-21.3,17,1528,28.9,1.1,1013.7,1023.4,2300,1018.5,1419,1021.1,9.8,9.2,1200,1.94,11.44,,,,,,0,0,-2.3,-8.7,,,,,,,,,,,,,,
143,대구,2002-01-03,-2.7,-8.5,626,2,1549,,,,,,,4.4,290,1524,2.8,320,1533,1.1,950,290,-13.4,29,1437,44.8,2.3,1014.6,1024.6,939,1018.1,2357,1021.9,9.8,8.9,1200,1.88,10.87,,,,,,1.5,1.5,-1.4,-9.4,,,,,,,,,,,,,,
143,대구,2002-01-04,4.6,-1.3,351,10.9,1510,,,,,,,4.9,290,1615,3.3,290,1615,1.1,950,290,-5.9,23,1412,48.9,4,1005.7,1018.2,0,1010,1529,1012.7,9.8,8,1200,1.61,9.06,,,,,,3.3,1.8,2.6,-7.1,,,,,,,,,,,,,{박무}0710-{박무}{강도0}0900-1030.,
143,대구,2002-01-05,2.6,-1.5,2356,5.6,1358,,,,,,,5.2,290,406,3.1,290,410,1.5,1296,320,-12,16,1435,30.4,2.5,1011.8,1024,2233,1012.1,0,1018.9,9.8,8.9,1200,1.85,10.78,,,,,,.4,.4,2.7,-4.8,,,,,,,,,,,,,,
143,대구,2002-01-06,.4,-5.8,801,7.7,1557,,,,,,,1.8,90,2053,1.2,90,2101,.4,346,90,-11.9,17,1547,39.9,2.5,1016.4,1027,1022,1020.6,2358,1023.6,9.8,9.1,1200,1.75,10.29,,,,,,1.4,0,1.4,-7.8,,,,,,,,,,,,.5,,
143,대구,2002-01-07,.1,-2.8,2353,4.6,1055,4.08,,,,,1,6.1,290,1434,3.6,290,1507,1.7,1469,290,-7.9,39,124,55.6,3.6,1008.8,1020.6,0,1012.2,654,1016,9.9,3.2,1400,1.45,6.14,,,,,,7.4,5,1,-3.9,,,,,,,,,,,,.5,{눈}0505-0515. {비}0715-{비}{강도0}0900-0940. {눈}1255-1350. {눈}1430-1440. {눈}1525-1550.,
143,대구,2002-01-08,-2.7,-4.8,602,1.5,1507,,,,,,,11.9,270,1513,7.1,270,10,4.1,3543,290,-13.1,34,1318,46,2.3,1013.5,1023.6,2348,1018.8,1316,1020.8,9.9,7.7,1200,1.59,9.18,,,,,,2.6,2.6,-.9,-6,,,,,,,,,,,,,,
143,대구,2002-01-09,-.7,-4.8,457,4.9,1440,,,,,,,8.6,290,1504,4.9,320,1512,2.1,1798,320,-12,22,1406,41.6,2.4,1016,1025.4,940,1021.3,2335,1023.2,9.9,9.4,1200,1.88,11.25,,,,,,0,0,0,-7.9,,,,,,,,,,,,,,
143,대구,2002-01-10,2.1,-4.3,634,9.4,1553,,,,,,,4.8,50,948,2.1,250,1127,.5,432,320,-5.9,32,1243,56.5,4.2,1007.4,1021.4,13,1010,1713,1014.6,9.9,6,1200,1.53,7.99,,,,,,3.5,1.1,.9,-9,,,,,,,,,,,,,,
143,대구,2002-01-11,6.3,.2,644,13.2,1519,,,,,,,6.7,320,1335,4.3,290,1336,1.9,1640,290,-3.6,26,1431,53,4.7,1008.9,1019.2,2345,1010.9,51,1015.9,9.9,8.4,1200,1.74,9.79,,,,,,0,0,3.1,-5.9,,,,,,,,,,,,,{박무}0220-{박무}{강도0}0300-{박무}{강도0}0600-{박무}{강도0}0900-{박무}{강도0}1200-1245.,
143,대구,2002-01-12,6,-1.1,656,14,1538,,,,,,,3.7,320,1255,2.6,290,1259,.9,778,50,-5.2,25,1507,47,4.2,1013,1022.3,949,1018.4,1506,1020,9.9,7.5,1200,1.54,8.79,,,,,,3.1,1.5,3.6,-4.6,,,,,,,,,,,,,{연무}1040-{연무}{강도0}1200-{연무}{강도0}1500-{연무}{강도0}1800-1925.,
143,대구,2002-01-13,8.8,4.8,854,14.3,1351,.33,,,,,0,10.2,90,1611,7,110,1615,2.5,2132,110,1,31,1344,59.9,6.8,1015.4,1025.1,2202,1019.9,127,1022.4,10,1.6,1300,1.34,6.58,,,,,,8.9,5.8,7.2,2.2,,,,,,,,,,,,0,{박무}0235-{박무}{강도0}0300-{박무}{강도0}0600-{박무}{강도0}0900-{박무}{강도0}1200-{박무}{강도0}1500-1710. {비}1520-1540.,
143,대구,2002-01-14,11.7,9.4,525,14.3,1522,.5,,,,,0,4,160,20,2.7,160,423,1.1,963,140,7.4,62,1455,75.1,10.3,1015.6,1024.8,0,1020.5,1712,1022.5,10,1.1,1200,1.29,4.95,,,,,,9.8,3.9,9.7,6.5,,,,,,,,,,,,1.5,{박무}0710-{박무}{강도0}0900-{박무}{강도0}1200-{박무}{강도0}1500-{박무}{강도0}1800-{박무}{강도0}2100-{박무}{강도0}2400-    {비}2225-2255.,
143,대구,2002-01-15,13.8,11,525,16.5,1633,15.2,,,,,14.5,3.5,200,1951,2.7,110,2357,.7,623,50,12.7,83,59,93.3,14.8,1008.1,1020.9,11,1011,2354,1014.9,10,0,1500,.54,2.35,,,,,,9.9,6.3,11.5,8.3,,,,,,,,,,,,34.5,-{박무}-{박무}{강도0}0300-{박무}{강도0}0600-{박무}{강도0}0900-{박무}{강도0}1200-{박무}{강도0}1500-{박무}{강도0}1800-{박무}{강도1}2100-{박무}{강도1}2400- {비}0253-{비}{강도0}0300-{비}{강도0}0600-{비}{강도0}0900-1145. {비}1225-1405. {비}1920-{비}{강도0}2100-{비}{강도0}2400-,
143,대구,2002-01-16,7.6,4.9,2348,14.4,0,14.5,,,,,23.5,10.6,140,1011,6.4,110,905,3.6,3120,140,5.5,78,1412,86.8,9.2,1004.5,1014.8,2356,1007.9,452,1011.5,10,0,1200,.33,1.69,,,,,,10,5.5,7.6,4.1,,,,,,,,,,,,5,-{박무}-{박무}{강도0}0300-{박무}{강도0}0600-{박무}{강도0}0900-{박무}{강도0}1200-1230. -{비}-{비}{강도0}0300-{비}{강도0}0600-{비}{강도0}0900-0940. {비}1910-{비}{강도0}2100-{비}{강도0}2400-,
143,대구,2002-01-17,4.4,2.1,2352,6.7,1455,5,,,,,3,5.7,90,1202,3.4,140,1220,1.6,1382,140,1.1,64,1135,79.3,6.6,1010.4,1019.2,2341,1014.5,31,1017.4,10,1.3,1100,1.62,5.77,,,,,,8.3,5.8,5.6,.8,,,,,,,,,,,,0,-{비}-{비}{강도0}0300-0420. {비}0515-0525. {비}1550-1620.,
143,대구,2002-01-18,4.1,.4,350,7.8,1403,,,,,,,7.7,110,1801,4.9,90,1803,2.5,2155,50,.5,60,1407,78.6,6.4,1014.3,1023.6,2359,1019.1,38,1021.4,10.1,3.7,1200,2.01,8.48,,,,,,6.8,5.9,4.4,-2.2,,,,,,,,,,,,,{박무}0440-{박무}{강도0}0600-{박무}{강도0}0900-{박무}{강도0}1200-1220.,
143,대구,2002-01-19,5.4,2.3,2400,9,1241,,,,,,,8.1,140,1110,5.1,90,1101,2.7,2333,110,-.1,46,1228,68.6,6.1,1017.4,1025.5,2129,1023.2,1407,1024.5,10.1,4.7,1100,1.87,8.88,,,,,,4.9,4.4,4.4,-1,,,,,,,,,,,,,,
143,대구,2002-01-20,3.3,-.5,630,7.4,1531,3.33,,,,,.2,4.6,290,2208,3.3,270,1612,1.8,1543,290,-.6,55,1522,76.4,5.9,1013.1,1025.2,42,1016.1,2350,1020.3,10.1,.3,1300,1.14,5.4,,,,,,8.3,2.3,3.1,-3.1,,,,,,,,,,,,.7,{비}1710-{비}{강도0}1800-2030.,
143,대구,2002-01-21,2.5,-1.1,2348,6,1443,5.67,,,,,.5,12.7,320,1528,7.2,320,1532,3.7,3172,290,-4.4,43,1235,60.4,4.5,1007.1,1016.3,2358,1010.8,1428,1014.2,10.1,6.7,1100,1.64,8.98,,,,,,6.3,4.4,2.6,-2.5,,,,,,,,,,,,0,{비}0030-{비}{강도0}0300-0540. {눈}1920-1950.,
143,대구,2002-01-22,-.7,-2.2,2137,2.7,1422,,,,,,,13.5,290,1152,8.1,290,1207,5.2,4493,290,-11.2,29,1432,44.5,2.6,1009.8,1019.1,2339,1015.3,510,1017,10.2,8.3,1200,1.92,11.99,,,,,,3.3,3.3,.1,-3.9,,,,,,,,,,,,,,
143,대구,2002-01-23,-1.7,-4,716,3.2,1421,,,,,,,12.5,320,248,7.4,290,1506,4.6,3974,290,-12.4,30,1401,44.6,2.4,1015.6,1025.9,2356,1019,0,1022.9,10.2,8.8,1300,1.91,11.67,,,,,,.5,.5,-.3,-5.9,,,,,,,,,,,,,,
143,대구,2002-01-24,-.4,-4,653,4.4,1555,,,,,,,8.7,270,1348,5.4,290,1329,2.9,2506,290,-12.1,23,1243,39.5,2.4,1020.3,1029.5,2325,1025.9,0,1027.6,10.2,9.6,1200,2.13,12.99,,,,,,0,0,.4,-6.4,,,,,,,,,,,,,,
143,대구,2002-01-25,.4,-6.2,756,6.7,1514,,,,,,,4.2,200,1509,2.8,50,804,1.3,1123,50,-11.3,15,1505,41.8,2.7,1021.7,1031.9,920,1027,1735,1029,10.2,8.6,1200,1.93,11.45,,,,,,2.1,0,.8,-10.8,,,,,,,,,,,,0,{햇무리}1530-1620. {달무리}2010-2140.,
143,대구,2002-01-26,1.1,0,748,2.4,2338,16.5,,,,,8.5,4.6,270,1448,3.4,270,1920,2.1,1814,270,-1.2,58,416,84.6,5.7,1013,1027,0,1016.4,1821,1020.2,10.3,0,1200,.32,1.58,.7,1155,.7,1155,.7,10,5.9,.8,-1.7,,,,,,,,,,,,8.6,{눈}0550-{눈}{강도0}0600-{진눈깨비}0835-{진눈깨비}{강도0}0900-{눈}1040-{눈}{강도0}1200-{진눈깨비}1220-{비}1250-{비}{강도0}1500-{비}{강도0}1800-{비}{강도0}2100-2220.,
143,대구,2002-01-27,1.7,-1.3,2332,4.2,1418,2,,,,,.1,12,290,1329,7.1,290,1338,3.6,3110,290,-4.3,48,1202,65.4,4.6,1012.1,1021.3,1958,1016.1,202,1019.2,10.3,7,1300,1.71,9.64,,,,,,6.1,4.4,2.2,-3.1,,,,,,,,,,,,,{비}0130-0220. {비}0530-{비}{강도0}0600-0640.,
143,대구,2002-01-28,-.9,-2.6,2351,2.5,1345,,,,,,,17.6,270,1350,7.8,290,1323,4.8,4147,290,-11,27,1315,46.6,2.7,1014.7,1022.8,2359,1020.2,1541,1021.9,10.3,8.3,1200,2.14,12.92,,,,,,3.3,2.5,-.6,-5,,,,,,,,,,,,,,
143,대구,2002-01-29,-1.8,-5.4,639,2.1,1425,,,,,,,11.4,320,1434,6.9,290,1347,3.8,3283,290,-12.8,25,1359,43.4,2.3,1016.4,1025.1,1017,1022.6,408,1023.7,10.3,9.7,1200,2.22,13.62,,,,,,.8,.8,-1.1,-7.9,,,,,,,,,,,,,,
143,대구,2002-01-30,.5,-2.2,136,4.2,1453,,,,,,,10.9,290,1302,6,290,1116,3.1,2678,290,-12.1,18,1523,38.3,2.5,1016.8,1027.5,2315,1021.8,401,1024,10.4,8.7,1200,2.04,12.19,,,,,,2.6,1.4,.5,-5.4,,,,,,,,,,,,,,
143,대구,2002-01-31,-.5,-3.9,655,4.4,1504,,,,,,,8.1,290,1324,5.1,270,1200,2.7,2333,290,-13.2,17,1541,37.8,2.2,1020.7,1029.2,845,1026.2,1615,1028,10.4,9.7,1200,2.2,13.77,,,,,,0,0,.2,-7.4,,,,,,,,,,,,,,
143,대구,2002-02-01,.5,-5.1,718,6.7,1529,,,,,,,4.8,320,1421,3.1,270,1016,1.5,1296,50,-10.9,20,1348,43.9,2.7,1020.3,1030.1,1016,1025.5,1633,1027.5,10.4,8.3,1100,1.81,11.12,,,,,,2.9,0,.6,-8.2,,,,,,,,,,,,,{햇무리}1045-1130.,
143,대구,2002-02-02,1.7,-3.9,534,9.6,1549,,,,,,,5.4,270,1527,3.4,290,1600,1.2,1037,50,-7.4,25,1558,52.1,3.5,1019.2,1028,953,1024.3,1503,1026.4,10.5,7.9,1200,1.8,10.21,,,,,,1.3,0,1,-6.1,,,,,,,,,,,,,{박무}0920-1120. {연무}1110-{연무}{강도0}1200-{연무}{강도0}1500-{연무}{강도0}1800-2025.,
143,대구,2002-02-03,3.1,-3.1,755,10.7,1537,,,,,,,6,140,2015,3.9,110,1855,1.5,1296,50,-4.5,25,1555,60.6,4.4,1020.8,1029.5,950,1026.3,1540,1028,10.5,8.8,1200,1.89,11.62,,,,,,.1,.1,2.7,-6.5,,,,,,,,,,,,,{박무}0220-{박무}{강도0}0300-{박무}{강도0}0600-{박무}{강도0}0900-{박무}{강도0}1200-1210. {연무}1205-1450.,
143,대구,2002-02-04,3,-2,632,7.4,1415,,,,,,,4.8,90,400,3.2,90,403,1.3,1123,290,-2.4,50,1409,69.1,5.1,1018.2,1029,29,1022,2324,1025.4,10.5,2.2,1300,1.06,6.81,,,,,,4.5,0,1.5,-7,,,,,,,,,,,,,{박무}0510-{박무}{강도0}0600-{박무}{강도0}0900-{박무}{강도0}1200-{박무}{강도0}1500-{박무}{강도0}1800-{박무}{강도0}2100-{박무}{강도0}2400-,
143,대구,2002-02-05,6,1.6,638,12.7,1518,,,,,,,6.9,320,1500,4.1,320,1503,1.6,1382,320,-4.6,23,1736,49.9,4.5,1011.8,1022.1,10,1015.9,1529,1018.8,10.6,7.6,1200,1.96,11.31,,,,,,2.5,0,4.3,-3.6,,,,,,,,,,,,,-{박무}-{박무}{강도0}0300-{박무}{강도0}0600-{박무}{강도0}0900-1120. {연무}1110-{연무}{강도0}1200-1420.,
143,대구,2002-02-06,6.3,-1.2,717,13.7,1526,,,,,,,5.5,290,1351,3.3,270,1257,1.4,1210,270,-6.9,16,1431,40.8,3.7,1010.5,1020.2,828,1015.1,1656,1017.5,10.6,8.6,1200,1.97,11.68,,,,,,1.9,.6,3.9,-5.4,,,,,,,,,,,,,{박무}0120-{박무}{강도0}0300-{박무}{강도0}0600-{박무}{강도0}0900-1050. {연무}1040-{연무}{강도0}1200-1240.,
143,대구,2002-02-07,6,1.8,2400,11.5,1532,,,,,,,10.9,320,359,7.1,290,1243,3.3,2851,290,-12.1,12,1534,25.9,2.5,1013.3,1022.4,915,1016,41,1020.4,10.6,9.7,1200,2.22,13.99,,,,,,2.8,.4,5,-2.2,,,,,,,,,,,,,,
143,대구,2002-02-08,4.2,-2.1,654,10.8,1501,.42,,,,,0,10.2,290,2348,5.8,290,2355,2.8,2419,320,-7.3,14,1251,43.1,3.7,1009.3,1021.8,15,1012.7,1544,1016.4,10.7,3.9,1100,1.52,9.18,,,,,,5,.8,3.3,-5.8,,,,,,,,,,,,0,{비}1830-1855.,
143,대구,2002-02-09,.1,-4.1,707,4.5,1432,,,,,,,10.8,320,1418,6.2,320,424,3.7,3197,290,-18.1,13,1125,21.6,1.5,1014,1023.7,825,1016.7,19,1021.2,10.7,9.4,1200,2.29,14.51,,,,,,4.1,1.6,2.2,-6.2,,,,,,,,,,,,,,
143,대구,2002-02-10,.7,-3.2,746,6,1412,.25,,,,,0,10,290,1600,6.3,270,1609,3.7,3197,290,-7.8,26,0,53.6,3.5,1011.1,1021.6,131,1015.1,1655,1018.3,10.7,7.2,1100,1.81,11.17,,,,,,5.1,4.3,2.4,-4.5,,,,,,,,,,,,0,{눈}1510-1525.,
143,대구,2002-02-11,-.5,-4,739,4,1311,1,,,,,0,15.7,290,1316,9.2,290,1838,4.4,3802,290,-12.7,24,1222,39.4,2.5,1011.8,1022.2,2341,1015.3,1650,1019,10.7,9,1100,2.14,13.38,,,,,,2.6,2.3,.7,-5.4,,,,,,,,,,,,0,{눈}1335-1350. {눈}1435-{눈}{강도0}1500-1520.,
143,대구,2002-02-12,.3,-4.8,646,5.7,1532,,,,,,,8.9,290,1409,5.1,290,1411,2.9,2506,290,-13.7,14,1340,33,2.2,1014.9,1023.7,821,1019.7,1554,1022.1,10.8,9.9,1200,2.38,15.34,,,,,,1.8,1.5,1.5,-8.1,,,,,,,,,,,,,,
143,대구,2002-02-13,2.3,-1.7,709,8.1,1504,,,,,,,8.7,270,1336,5.3,290,1219,2.8,2419,320,-12.5,16,1530,31.6,2.4,1017.4,1028.6,2359,1022.2,1509,1024.6,10.8,9.8,1200,2.37,15.09,,,,,,.9,.4,3,-7.5,,,,,,,,,,,,,,
143,대구,2002-02-14,2.2,-4,814,8.3,1557,,,,,,,7.2,290,1405,4.5,270,1536,2.3,1987,270,-13.6,14,1556,29.8,2.2,1022.5,1031.3,915,1028.1,1458,1029.8,10.9,10,1200,2.3,15.17,,,,,,.1,0,2.6,-6.1,,,,,,,,,,,,,,
143,대구,2002-02-15,3,-4.6,705,9.8,1601,,,,,,,7,270,1241,4.6,290,1319,2.1,1814,270,-13.8,10,1321,30.3,2.2,1021.5,1030.8,14,1026,1659,1028.7,10.9,10.2,1200,2.36,15.54,,,,,,.1,0,2.7,-9.4,,,,,,,,,,,,,,
143,대구,2002-02-16,4.5,-2.6,646,11.3,1459,,,,,,,6.1,290,1331,4,320,1327,1.7,1469,270,-8.8,16,1322,40.5,3.2,1016.5,1027.9,0,1020.5,1827,1023.6,10.9,6.6,1200,2.25,12.13,,,,,,3,0,3.9,-6.8,,,,,,,,,,,,,{박무}0840-{박무}{강도0}0900-1050.,
143,대구,2002-02-17,5.7,.1,516,13.6,1458,,,,,,,13.7,290,2227,7.8,290,1643,3.2,2765,290,-5.4,27,1236,44.6,4.1,1009.3,1020.8,4,1012.3,1505,1016.4,11,7.7,1300,2.25,13.31,,,,,,3.9,3.1,6.9,-2.9,,,,,,,,,,,,,,
143,대구,2002-02-18,0,-2.4,705,4,1516,,,,,,,17.3,320,1249,8.7,290,1240,4.9,4234,290,-14.7,14,1724,32.6,2,1017.1,1026.9,2344,1019.2,0,1024.4,11,10.5,1200,2.53,16.85,,,,,,0,0,2.6,-4.3,,,,,,,,,,,,,,
143,대구,2002-02-19,.3,-3.9,623,5.8,1543,,,,,,,9.9,320,656,5.3,270,1429,2.9,2506,320,-14.5,17,1334,30.4,2,1022.7,1032.1,2400,1026.9,0,1030,11,10.4,1200,2.33,15.63,,,,,,0,0,2.3,-6.7,,,,,,,,,,,,,,
143,대구,2002-02-20,4.4,-2.9,343,12.2,1529,,,,,,,8.5,320,1509,5.2,270,1158,2.8,2419,270,-11.7,14,1331,32.6,2.5,1022,1032.2,3,1026.4,1630,1029.1,11.1,10.4,1200,2.37,16.05,,,,,,.9,0,4.2,-8.6,,,,,,,,,,,,,,
143,대구,2002-02-21,3.4,-.3,603,7.5,1455,5.67,,,,,1.5,4.4,270,1024,2.3,270,1300,1.3,1123,360,-4,34,1205,60.4,4.8,1017.6,1027.2,33,1022.8,1509,1024.8,11.1,.1,1000,.55,3.55,,,,,,8.3,3.5,3.4,-5.2,,,,,,,,,,,,1.5,{비}1450-{비}{강도0}1500-{비}{강도0}1800-2030. {박무}2010-{박무}{강도0}2100-{박무}{강도0}2400-,
143,대구,2002-02-22,6.2,1.5,354,12.5,1514,,,,,,,9.7,320,1527,5.9,320,1301,2.7,2333,320,-.1,37,1539,66.9,6.1,1017.7,1026.6,1115,1022.4,1535,1024.8,11.1,6.7,1300,2.11,12.75,,,,,,2.8,2,5,-2.8,,,,,,,,,,,,,-{박무}-{박무}{강도0}0300-{박무}{강도0}0600-{박무}{강도0}0900-{박무}{강도0}1200-1335.,
143,대구,2002-02-23,6.8,.7,727,13,1552,,,,,,,6.8,270,1412,4.7,270,1416,2.1,1814,360,-6.5,13,1450,43.6,3.9,1015.7,1025.8,6,1019.1,1654,1022.7,11.2,8.1,1200,2.46,14.44,,,,,,4.9,0,6.5,-2.1,,,,,,,,,,,,,{박무}0130-{박무}{강도0}0300-{박무}{강도0}0600-0640.,
143,대구,2002-02-24,5.8,.9,652,12.7,1358,,,,,,,9.3,140,1131,5.5,110,1440,2.6,2246,110,-3.5,30,1359,51.9,4.7,1018.7,1027.7,933,1023.6,0,1025.8,11.2,9.1,1300,2.65,16.89,,,,,,1.8,1.8,6.8,-2.6,,,,,,,,,,,,,,
143,대구,2002-02-25,8,.7,652,12.9,1627,,,,,,,6.3,270,1317,4.3,290,1336,1.7,1469,320,-2,35,1957,51.4,5.3,1016.1,1026.8,234,1019.9,1737,1023.2,11.2,5,1100,1.92,11.37,,,,,,6.8,1.9,7.8,-1.7,,,,,,,,,,,,0,,
143,대구,2002-02-26,9.3,4.3,700,15,1429,.22,,,,,0,4.7,270,1417,3.1,270,1438,1.4,1210,290,-5.8,18,1431,35.6,4,1013.3,1023.3,944,1017.5,1707,1020.3,11.3,4.5,1300,2.12,11.18,,,,,,5.8,1.9,8.9,-2,,,,,,,,,,,,,{비}0330-0343.,
143,대구,2002-02-27,8.2,2.3,534,14.2,1558,3.17,,,,,0,7.3,320,2037,4.1,320,2043,1.5,1296,50,-2.3,27,1318,50.1,5.3,1011.3,1020.8,753,1015,1606,1018.2,11.3,1,1300,1.5,7.83,,,,,,8.3,5.9,7.9,-3.5,,,,,,,,,,,,0,{박무}1730-{박무}{강도0}1800-{박무}{강도0}2100-2240. {비}1830-1930. {비}2020-{비}{강도0}2100-2230.,
143,대구,2002-02-28,9.9,5.5,735,15.9,1503,,,,,,,7.5,270,1404,4.8,270,1353,2.5,2160,270,-.3,23,1646,53.4,6.1,1012.1,1022.1,2329,1016.9,1527,1019.1,11.4,8.2,1100,2.08,13.68,,,,,,4.5,1.6,9.1,2.2,,,,,,,,,,,,,{박무}0410-{박무}{강도0}0600-{박무}{강도0}0900-1030. {연무}1020-{연무}{강도0}1200-{연무}{강도0}1500-1550.,
143,대구,2002-03-01,8,.9,702,14.7,1528,,,,,,,5.2,90,1248,3.4,90,1250,1.7,1469,50,1.2,36,1659,64.9,6.7,1016.3,1025.4,910,1021.4,1530,1023.3,11.4,4.1,1100,1.58,11.09,,,,,,3,.1,8,-1.3,,,,,,,,,,,,,{박무}0140-{박무}{강도0}0300-{박무}{강도0}0600-{박무}{강도1}0900-{박무}{강도0}1200-1350. {연무}1340-{연무}{강도0}1500-{연무}{강도0}1800-1940.,
143,대구,2002-03-02,7,1.9,715,13.8,1408,,,,,,,11.3,110,1801,7.5,90,1753,3.2,2765,110,2,33,1304,72.5,7.1,1016.9,1026.4,2113,1021.5,1402,1024,11.4,1.3,1200,1.7,9.76,,,,,,5.6,2.3,7.4,-.5,,,,,,,,,,,,,{박무}0230-{박무}{강도0}0300-{박무}{강도0}0600-{박무}{강도0}0900-{박무}{강도0}1200-1240.,
143,대구,2002-03-03,8,5,605,12.3,1537,,,,,,,9.6,90,2,5.5,110,10,2.7,2333,110,-1.7,31,2121,52.5,5.5,1017.2,1026.7,835,1021.6,1624,1024.2,11.5,2.2,1100,2.22,10.81,,,,,,6.3,4.1,9.5,3.4,,,,,,,,,,,,,,
143,대구,2002-03-04,8.4,1,754,14.5,1500,,,,,,,6.3,290,259,3.9,290,316,1.9,1642,290,-8.6,11,1458,31.6,3.4,1016.3,1027.5,858,1019.8,2400,1023.3,11.5,8.8,1200,2.29,15.77,,,,,,6.5,3.8,10.6,-1.2,,,,,,,,,,,,5,{햇무리}1040-1250.,
143,대구,2002-03-05,5.6,4.9,815,8.9,42,16.65,,,,,7.5,5.3,50,241,3.6,50,243,1.6,1382,290,3.1,54,4,83.8,7.6,1006.8,1020.8,207,1009.5,2300,1013.9,11.6,0,1000,.31,1.56,,,,,,10,4.8,5.9,4,,,,,,,,,,,,3,{비}0051-{비}{강도0}0300-{비}{강도0}0600-{비}{강도0}0900-{비}{강도0}1200-{비}{강도0}1500-1730.,
143,대구,2002-03-06,4.4,1,2353,9.3,1413,2.83,,,,,.5,15.8,320,2219,7.9,320,2228,4.4,3802,290,-3.5,36,2221,57.8,4.9,1003.8,1015.3,2352,1008.8,228,1010.9,11.6,4.1,1200,2.24,11.33,,,,,,6,5.6,4.2,-.9,,,,,,,,,,,,,{비}0020-0130. {비}0540-{비}{강도0}0600-0720.,
143,대구,2002-03-07,2.8,-1.2,644,8.2,1536,,,,,,,12.9,290,252,7,290,247,4.5,3888,290,-12.6,15,1456,29.4,2.4,1013.2,1025,2358,1015.2,4,1020.4,11.6,10.8,1200,2.82,19.74,,,,,,0,0,3.2,-3.7,,,,,,,,,,,,,,
143,대구,2002-03-08,5.4,-.9,643,12.3,1639,,,,,,,7.6,270,1236,4.3,270,1244,2.2,1901,290,-9.8,14,1607,34.5,3,1020.2,1029.6,930,1025,0,1027.3,11.7,10.8,1200,2.79,19.34,,,,,,0,0,5.6,-4.6,,,,,,,,,,,,,,
143,대구,2002-03-09,10.5,.3,714,19.4,1512,,,,,,,11,270,1610,6.9,250,1641,2.7,2333,270,-2.5,17,1503,42.6,5.2,1016.6,1027.8,0,1019.6,1710,1023.6,11.7,10.2,1200,2.64,17.77,,,,,,.4,.4,9.6,-4.1,,,,,,,,,,,,0,,
143,대구,2002-03-10,11.7,7.9,518,17.8,1533,2.42,,,,,0,9.4,320,1637,5.5,320,1750,2.8,2419,320,1,17,2147,51.9,7.2,1010.2,1020.4,0,1014,1529,1017.1,11.7,4.6,1400,1.96,9.85,,,,,,4.6,3.3,10.4,3.7,,,,,,,,,,,,0,{비}0815-{비}{강도0}0900-1040.,
143,대구,2002-03-11,10.3,2,642,18.6,1514,,,,,,,11.5,320,1635,6.3,320,1636,2.9,2506,320,-8.4,12,1342,27.1,3.3,1012.9,1022.5,758,1015.9,1630,1019.8,11.8,10.8,1200,2.79,19.39,,,,,,0,0,10.7,-3.8,,,,,,,,,,,,,,
143,대구,2002-03-12,12.4,5.3,618,20.8,1534,,,,,,,7.2,270,1335,4.1,140,2253,2.6,2246,270,-4.1,13,1145,33.6,4.9,1013.4,1023.4,2346,1017.2,1524,1020.3,11.8,10.2,1200,2.56,17.34,,,,,,1,0,12,0,,,,,,,,,,,,,{햇무리}1040-1130.,
143,대구,2002-03-13,12.8,5.2,727,22.1,1540,,,,,,,6.6,250,1606,4.4,270,1606,2,1728,90,1.6,18,1515,51.8,6.9,1014.7,1025.1,814,1018.3,1710,1021.5,11.9,9.6,1200,2.43,16.75,,,,,,2.6,0,13.4,2.2,,,,,,,,,,,,0,{박무}0520-{박무}{강도0}0600-{박무}{강도0}0900-1130. {연무}1120-{연무}{강도0}1200-1420.,
143,대구,2002-03-14,9,8,1439,11.7,0,16.18,,,,,15,4.8,290,2053,3.5,270,2101,1.3,1123,270,5,41,6,77.9,8.9,1004.1,1018.9,0,1003.3,2258,1011,11.9,0,1200,.42,2.34,,,,,,9.8,5.3,8.2,3.8,,,,,,,,,,,,15.5,{비}0749-{비}{강도0}0900-{비}{강도0}1200-{비}{강도0}1500-{비}{강도0}1800-{비}{강도0}2100-{비}{강도0}2400-,
143,대구,2002-03-15,12.4,8.6,17,18,1227,.5,,,,,.5,12.5,270,1406,7.5,270,1412,3.4,2938,290,3.3,26,1556,57,8,1001.5,1014.2,2331,1003.8,14,1008.3,11.9,9.1,1200,2.48,17.21,,,,,,5.5,2.4,11.3,4.7,,,,,,,,,,,,,-{비}-0020. {비}0110-0120. {박무}0010-{박무}{강도0}0300-{박무}{강도0}0600-{박무}{강도0}0900-1040.,
143,대구,2002-03-16,12.7,4.8,706,20.9,1557,,,,,,,9.9,270,1643,5.7,270,1519,2.2,1901,320,-2.2,12,1417,36.9,5.3,1008.1,1017.3,838,1012.3,1652,1014.9,12,9.9,1200,2.66,18.47,,,,,,2.6,0,12.9,1.6,,,,,,,,,,,,,,
143,대구,2002-03-17,13.5,9.2,2355,20,1423,,,,,,,11.5,270,1518,6.9,270,1320,2.8,2419,290,-7.2,8,1304,23.1,3.7,1009.1,1017.6,957,1014,1545,1016,12,7.2,1200,2.7,16.83,,,,,,4,.5,13,4.3,,,,,,,,,,,,,{황사}1010-{황사}{강도0}1200-{황사}{강도0}1500-{황사}{강도0}1800-{황사}{강도0}2100-{황사}{강도0}2400-,
143,대구,2002-03-18,11.1,7.3,2359,15.7,1318,,,,,,,12.9,290,1129,7.5,290,1130,4.1,3542,290,-10,12,1320,22.9,2.9,1011.6,1020.5,2157,1015.9,303,1018.5,12,10.3,1100,2.79,19.84,,,,,,2.3,.9,13.7,3.3,,,,,,,,,,,,,-{황사}-{황사}{강도0}0300-{황사}{강도0}0600-{황사}{강도0}0900-{황사}{강도0}1200-{황사}{강도0}1500-1640.,
143,대구,2002-03-19,12.4,3,528,21.2,1508,,,,,,,13.1,290,1732,7.3,250,1342,2.9,2506,320,-4.5,14,1123,30.3,4.6,1009.8,1020.8,139,1012.3,1536,1016.7,12.1,9.9,1200,2.69,18.26,,,,,,0,0,13.5,-2.6,,,,,,,,,,,,,,
143,대구,2002-03-20,15.4,5.7,658,24.5,1512,,,,,,,9.9,250,1550,6.4,230,1659,2.7,2333,90,5,15,1505,49.6,9,1008.1,1019.5,706,1008.2,2357,1014.9,12.1,8.9,1200,2.56,17.88,,,,,,3.3,1.9,17.6,4,,,,,,,,,,,,9,,
143,대구,2002-03-21,12.8,9.2,826,18.8,242,4.25,,,,,9,16.9,320,608,8.3,320,616,4.6,3974,290,-2.6,13,2011,40.3,6.6,1000.3,1011.7,1957,997.3,526,1007.1,12.2,.2,1100,1.85,11.96,,,,,,10,9.3,11.5,6.6,,,,,,,,,,,,,{비}0225-{비}{강도0}0300-{비}{강도0}0600-0640.  {황사}0810-{황사}{강도2}0900-{황사}{강도2}1200-{황사}{강도2}1500-{황사}{강도2}1800-{황사}{강도2}2100-{황사}{강도2}2400-,
143,대구,2002-03-22,7.7,5.2,2347,10.8,1153,2.33,,,,,.5,13.1,290,2022,8.3,290,2029,3.2,2765,270,-5.1,22,0,41.5,4.5,1002.4,1011.8,212,1006.8,1634,1009.3,12.2,0,1100,1.12,4.99,,,,,,8.4,6.1,5.5,2.5,,,,,,,,,,,,.5,-{황사}-{황사}{강도1}0300-{황사}{강도1}0600-{황사}{강도1}0900-{황사}{강도1}1200-{황사}{강도0}1500-{황사}{강도0}1800-{황사}{강도0}2100-{황사}{강도0}2400-  {비}1230-1450.,
143,대구,2002-03-23,7.3,3,639,13,1444,,,,,,,17.8,320,1344,10.1,270,1522,5.2,4493,290,-10.3,13,1520,27.6,2.8,1007,1017.5,2354,1011.5,0,1014,12.2,10.7,1200,2.94,20.92,,,,,,2.1,1.3,9.6,0,,,,,,,,,,,,,-{황사}-{황사}{강도0}0300-{황사}{강도0}0600-0840.,
143,대구,2002-03-24,7.4,1.9,656,13,1352,,,,,,,12,320,1645,6.3,290,1648,3.3,2851,290,-10.3,13,1328,28.5,2.8,1013.2,1022.5,939,1017.2,9,1020.2,12.3,9.4,1200,2.76,19.02,,,,,,1.5,0,9.8,-1.2,,,,,,,,,,,,,,
143,대구,2002-03-25,9.8,1.5,619,17.9,1537,,,,,,,6.5,270,1513,4,270,1433,1.5,1296,290,-7.7,8,1455,30.9,3.5,1012.7,1022.7,731,1016.2,1701,1019.6,12.3,10.4,1200,2.97,21.03,,,,,,1,0,12.9,-2,,,,,,,,,,,,,,
143,대구,2002-03-26,10.3,3.3,559,15.6,1336,.33,,,,,0,4.2,270,2309,2.7,270,2326,1.3,1123,50,-2.8,25,1520,41,5,1006.9,1018.6,1,1009.8,2235,1013.8,12.3,.2,1300,1.58,9.15,,,,,,6.4,2.5,9.6,-.3,,,,,,,,,,,,0,{비}1930-1950.,
143,대구,2002-03-27,11.8,7.5,734,16.7,1146,,,,,,,10.8,140,1909,7.1,110,1733,3.9,3370,110,.3,33,1147,46,6.3,1008.5,1020.4,2303,1010,0,1015.3,12.4,10.2,1200,2.72,19.7,,,,,,2.9,1.4,15,5.9,,,,,,,,,,,,,,
143,대구,2002-03-28,12.6,4.4,640,20.3,1512,,,,,,,8.1,160,1350,5.1,200,1821,2.5,2160,110,.7,27,1513,47.1,6.5,1010.3,1021.9,907,1013.1,1638,1017.2,12.4,9.1,1200,2.82,19.86,,,,,,5.5,2.3,15.9,3.2,,,,,,,,,,,,13.5,,
143,대구,2002-03-29,11.2,8.6,806,17.5,1616,10.97,,,,,17.5,7.5,140,1938,4.6,110,2036,2.1,1814,110,7.8,39,0,80.4,10.6,1004.3,1014.3,130,1008.1,1645,1011.1,12.5,3.7,1400,1.92,9.72,,,,,,6,3.9,11.7,7.1,,,,,,,,,,,,4,{비}0042-{비}{강도0}0300-{비}{강도0}0600-{비}{강도0}0900-1140.,
143,대구,2002-03-30,13.1,5.6,738,20.1,1615,2.33,,,,,0,9.3,270,2123,5.9,270,2127,2.2,1901,90,7.7,40,1715,71.8,10.5,1004.7,1014.7,1041,1007.7,1723,1011.5,12.5,7,1200,2.59,16.99,,,,,,7.9,6.1,13,4.2,,,,,,,,,,,,0,{박무}0410-{시정(미만)}{1km}{안개}0510-{시정(미만)}{0.5km}{안개}0520-{안개}{강도1}0600-{시정(이상)}{0.5km}{안개}0740-{안개}{강도0}0900-{시정(이상)}{1km}{박무}0940-{박무}{강도0}1200-1250.  {비}2140-{비}{강도0}2400-,4.5
143,대구,2002-03-31,15.5,9.9,615,21.5,1523,.5,,,,,0,9.7,290,1542,5.9,290,1449,2.5,2160,290,4.8,24,1439,51.6,8.7,1005.8,1016.8,2313,1009.1,348,1012.6,12.5,7,1300,2.75,17.84,,,,,,2.5,1.9,13.8,6.6,,,,,,,,,,,,,-{비}-0030. {박무}1040-{박무}{강도0}1200-1240.,
143,대구,2002-04-01,18,8.4,537,28,1533,,,,,,,7.6,230,1304,5.2,270,1108,2.3,1987,290,4.6,13,1616,39.4,8.7,1008.9,1018.2,951,1012.1,1616,1015.6,12.6,10,1200,2.91,20.55,,,,,,.9,0,18.4,3.5,,,,,,,,,,,,,{박무}0510-{박무}{강도0}0600-0640.,
143,대구,2002-04-02,19.9,10.6,652,28.4,1441,,,,,,,7.4,270,1629,4.8,290,1612,2.2,1901,290,5.6,10,1458,31.6,9.4,1004.7,1015.8,0,1007.2,1738,1011.3,12.6,10.8,1100,2.91,21.76,,,,,,.9,0,20.3,4.7,,,,,,,,,,,,,,
143,대구,2002-04-03,15.3,8.3,2335,20.9,1042,,,,,,,9.8,110,2137,6.3,110,2138,3.3,2851,110,5.8,37,1405,53.8,9.4,1005.9,1018.5,2339,1008.1,105,1012.7,12.6,7.1,1400,2.02,13.04,,,,,,1.8,.6,16.2,5.6,,,,,,,,,,,,,,
143,대구,2002-04-04,13.7,3.4,623,23.5,1555,,,,,,,6.4,160,6,4.2,140,1246,2.5,2160,110,.2,9,1340,39.9,6.3,1012.1,1020.9,818,1016.5,1605,1018.9,12.7,11.5,1200,3.18,23.57,,,,,,.9,0,17.3,.9,,,,,,,,,,,,,,
143,대구,2002-04-05,15.6,5.5,623,24.5,1348,.42,0,,0,,0,8.8,90,1237,5.9,160,1638,2.8,2419,90,.9,13,1459,33.9,6.6,1010.6,1020.6,105,1014.5,1537,1017.4,12.7,10.3,1200,3.05,22.1,,,,,,3.6,2,19.3,3.1,,,,,,,,,,,,1.5,{비}2335-{비}{강도0}2400-,
143,대구,2002-04-06,15.4,13.5,446,17,2113,16.67,1.5,1226,2.5,1207,5,7.6,110,844,4.7,110,248,2.7,2333,110,12.3,45,0,82.3,14.5,1000.6,1014.7,5,1003.7,1555,1007.3,12.8,0,1600,.3,1.97,,,,,,9.3,5.4,13.4,11,,,,,,,,,,,,3.5,-{비}-{비}{강도0}0300-{비}{강도0}0600-{비}{강도0}0900-{비}{강도0}1200-{비}{강도0}1500-1640. {박무}1910-{박무}{강도0}2100-2340.,
143,대구,2002-04-07,18.5,12.7,449,24.4,1545,,,,,,,7.7,270,1358,4.5,270,1259,2.4,2074,270,10.5,41,1546,61.8,12.7,1001.7,1010.8,910,1005.7,1709,1008.4,12.8,9.2,1100,2.99,21.54,,,,,,3.5,2.9,17.9,10.1,,,,,,,,,,,,0,{박무}0310-{박무}{강도0}0600-0730.,
143,대구,2002-04-08,13.3,10,806,17.4,1512,1,0,,0,,0,8.5,320,939,4.9,290,1354,3.2,2765,290,-5.2,14,1725,30.8,4.6,1004,1012.9,2346,1008.6,0,1010.7,12.8,2.7,1100,2.29,14.32,,,,,,7.4,3.6,13.6,7.5,,,,,,,,,,,,,{황사}0310-{황사}{강도0}0600-{황사}{강도0}0900-{황사}{강도1}1200-{황사}{강도1}1500-{황사}{강도1}1800-{황사}{강도0}2100-{황사}{강도0}2400- {비}0710-0810.,
143,대구,2002-04-09,10.5,6.5,651,16.3,1453,,,,,,,13.3,270,1351,5.4,290,1514,3.6,3110,320,-7,13,1501,30.4,3.7,1007.9,1018.2,2341,1012.6,122,1014.8,12.9,9.1,1200,2.84,20.81,,,,,,1.5,0,14.6,3.9,,,,,,,,,,,,,-{황사}-{황사}{강도0}0300-{황사}{강도0}0600-{황사}{강도0}0900-{황사}{강도0}1200-{황사}{강도0}1500-{황사}{강도0}1800-{황사}{강도0}2100-{황사}{강도0}2400-,
143,대구,2002-04-10,11.6,5.7,547,17.6,1546,,,,,,,8.6,320,1421,5.2,270,1300,3.2,2765,290,-6.4,17,1419,29,3.8,1012.2,1020.8,2334,1016.6,1635,1019.1,12.9,8.3,1200,3.07,20.28,,,,,,4.6,0,15.1,2.7,,,,,,,,,,,,,-{황사}-{황사}{강도0}0300-{황사}{강도0}0600-{황사}{강도0}0900-{황사}{강도0}1200-{황사}{강도0}1500-{황사}{강도0}1800-{황사}{강도0}2100-{황사}{강도0}2400-,
143,대구,2002-04-11,12.7,6.6,556,17.3,1603,,,,,,,7.8,50,1623,4.1,320,1839,1.9,1642,290,-4.6,18,1617,30.9,4.4,1011.3,1020.9,646,1015,1747,1018.1,12.9,5.8,1000,2.62,17.26,,,,,,5.5,0,13.4,1.5,,,,,,,,,,,,,-{황사}-0030. {햇무리}0840-1445.,
143,대구,2002-04-12,14.2,6.4,643,20.8,1450,,,,,,,10.6,200,1550,6.6,200,1554,2.9,2506,230,1.3,21,1549,42.6,6.7,1007,1018,722,1009.2,1819,1013.8,13,8.2,1200,2.82,19.38,,,,,,2.9,1.6,16.5,1.5,,,,,,,,,,,,,{연무}0840-{연무}{강도0}0900-{연무}{강도0}1200-1240.,
143,대구,2002-04-13,14.4,8.7,554,20.6,1557,,,,,,,10.9,290,236,6.4,290,239,3.1,2678,290,-.4,16,1537,37.5,6,1006.5,1015.6,1031,1011,0,1013.3,13,10.9,1200,2.96,22.49,,,,,,2.3,.6,18,5.2,,,,,,,,,,,,,,
143,대구,2002-04-14,18.9,9.8,536,27.6,1243,,,,,,,13.4,250,1635,7.4,250,1957,2.6,2246,50,6,14,1259,39.5,9.5,1006.6,1015.6,2224,1011.5,1448,1013.3,13.1,7.5,1200,3.1,19.63,,,,,,4.5,2.5,19.9,4.2,,,,,,,,,,,,0,,
143,대구,2002-04-15,18.4,17.3,148,20.3,1447,2.08,0,,0,,0,8.1,200,452,5,200,1351,2.6,2246,90,13.7,59,0,74.4,15.7,1006,1015.2,21,1009.8,2359,1012.6,13.1,0,1400,.71,3.72,,,,,,9.6,5.9,16.7,14.2,,,,,,,,,,,,12,{비}0725-0750. {비}2010-{비}{강도0}2100-2130. {비}2340-{비}{강도0}2400-,
143,대구,2002-04-16,19.4,15.4,2341,25.3,1509,12.83,3,51,7.5,18,18,15.2,270,1531,8.2,250,1450,3.6,3110,250,14.9,55,1549,76.8,17.2,999,1012.1,2400,1000.2,1323,1005.5,13.1,2.3,1500,1.73,8.31,,,,,,6.5,3.8,17.7,13.1,,,,,,,,,,,,6,-{비}-{비}{강도0}0300-{비}{강도0}0600-{비}{강도0}0900-{비}{강도0}1200-1250. {뇌전}{강도0}(NW 9~12)0030-0050.,
143,대구,2002-04-17,14.2,9.5,2400,18.9,1253,,,,,,,18,290,1137,10.2,270,1029,5.9,5098,290,-7.4,12,1049,20.4,3.6,1006.5,1018.1,2400,1011,1253,1013.3,13.2,8.9,1100,2.9,22.52,,,,,,6.3,.8,13.6,7.3,,,,,,,,,,,,,{황사}0245-{황사}{강도0}0300-{황사}{강도0}0600-{황사}{강도0}0900-{황사}{강도0}1200-{황사}{강도0}1500-{황사}{강도0}1800-2020.,
143,대구,2002-04-18,13.4,7.1,638,19.7,1506,,,,,,,10.3,320,1252,5.9,320,1336,3.3,2851,290,-4.1,12,1433,29.5,4.6,1013.1,1022.6,2348,1018.1,0,1019.9,13.2,9.2,1200,2.9,21.19,,,,,,3.9,0,14.5,3.6,,,,,,,,,,,,,{햇무리}0655-1530.,
143,대구,2002-04-19,14.8,6.9,545,21.7,1510,,,,,,,9.2,320,1332,5.9,250,1406,1.9,1642,290,-.6,12,1350,34.5,5.9,1014.6,1025,717,1018.2,1831,1021.5,13.2,9.7,1200,2.78,21.47,,,,,,3.6,0,16.2,2.3,,,,,,,,,,,,,{햇무리}0940-1435.,
143,대구,2002-04-20,16,8,626,23.4,1419,,,,,,,5.8,270,1541,3.9,180,1613,1.6,1382,50,1.3,13,1604,36.8,6.8,1008.5,1020.4,12,1011.8,1725,1015.3,13.3,7.9,1200,2.57,18.48,,,,,,6.3,1.5,17.7,2.1,,,,,,,,,,,,1,{햇무리}1035-1320.,
143,대구,2002-04-21,20.7,13,627,29.1,1602,1.92,.5,149,1,116,1,6.4,140,2035,4.1,140,2144,1.8,1555,140,12.1,28,1648,59.8,14.1,1004.8,1013.8,2353,1008.6,1604,1011.4,13.3,11.3,1200,3.08,23.3,,,,,,2.5,1.8,22.5,10.2,,,,,,,,,,,,,{비}0050-0245. {박무}0620-{박무}{강도0}0900-0940.,
143,대구,2002-04-22,21.9,14,500,29.3,1411,,,,,,,8.7,180,1932,5.4,180,1938,2.3,1987,50,13.1,32,1555,60.4,15.2,1007.6,1015.8,716,1012.2,1531,1014.2,13.3,8.3,1100,2.65,19.74,,,,,,4.4,2,23.4,10.6,,,,,,,,,,,,14,,
143,대구,2002-04-23,19.1,17,532,20.9,0,12.33,1.5,722,4.5,637,20,6.5,290,2357,3.5,110,1106,1.7,1469,140,17.2,64,0,88.6,19.6,1005.3,1014.7,7,1010,1826,1011.9,13.4,0,1100,1.18,5.34,,,,,,9,5.5,17.8,15.6,,,,,,,,,,,,6,{비}0410-{비}{강도0}0600-{비}{강도0}0900-{비}{강도0}1200-{비}{강도0}1500-1630.,
143,대구,2002-04-24,14.9,8.5,2355,20.6,1440,,,,,,,11.8,270,1255,6.6,320,1521,4.2,3629,320,2.2,21,1722,46,7.9,1008.2,1020.9,2356,1011,226,1014.9,13.4,7.5,1200,3.43,20.31,,,,,,4.9,2.8,15.3,5.8,,,,,,,,,,,,,,
143,대구,2002-04-25,11.2,6.3,544,16.8,1305,,,,,,,9.6,110,1804,6.5,90,1810,3.5,3024,110,.7,32,1249,50,6.5,1015.9,1024.8,2336,1020.8,28,1022.8,13.4,9.8,1200,3.22,22.44,,,,,,3.3,1.3,14.2,3.4,,,,,,,,,,,,,,
143,대구,2002-04-26,11.8,5.6,600,18,1449,,,,,,,10.4,90,1548,6.7,110,1608,3.7,3197,110,.9,18,1452,52.4,6.7,1018.2,1026.5,813,1023.2,1711,1025.2,13.5,12,1100,2.99,23.77,,,,,,3.4,0,14.4,3,,,,,,,,,,,,,{햇무리}1040-1520.,
143,대구,2002-04-27,12.8,8,424,18.1,1503,,,,,,,11.1,90,1859,6.9,110,1849,3.6,3110,110,3.8,33,1440,56,8,1017.4,1026.3,0,1022,1600,1024.3,13.5,7.4,1200,3.14,20.78,,,,,,5.3,2,15.6,6.2,,,,,,,,,,,,,,
143,대구,2002-04-28,14.2,6.9,556,20.8,1442,,,,,,,10.2,50,1300,6.3,90,1430,3.8,3283,110,5.5,27,1356,58.9,9.1,1015.4,1024.5,718,1020,1621,1022.2,13.5,10.7,1200,3.37,25.86,,,,,,3.6,2.1,17.6,4.1,,,,,,,,,,,,.5,,
143,대구,2002-04-29,15.4,12.5,539,18.6,2119,11.42,.5,848,.5,758,.5,5.9,140,141,3.9,140,24,2.2,1901,140,12.4,67,52,82.5,14.7,1008.3,1021.1,0,1011.3,2354,1015.1,13.6,0,1000,.88,3.82,,,,,,10,6.1,13.1,11.6,,,,,,,,,,,,1.5,{비}0825-{비}{강도0}0900-{비}{강도0}1200-{비}{강도0}1500-1730. {비}2140-{비}{강도0}2400-,
143,대구,2002-04-30,16.4,11.7,2214,20.6,1153,17.42,2.5,1737,7,1727,28,12,90,1749,6.6,110,1754,2.8,2419,110,14.9,81,746,90.5,17.2,1003.4,1013.7,2312,1008.2,526,1010.1,13.6,0,1100,.46,1.68,,,,,,10,6.1,14.4,11.1,,,,,,,,,,,,35,-{비}-0040. {비}0715-{비}{강도0}0900-{비}{강도0}1200-{비}{강도1}1500-{비}{강도1}1800-{비}{강도1}2100-{비}{강도0}2400-,
143,대구,2002-05-01,14.7,11,506,20.3,1422,7.33,2.5,427,5.5,350,8.5,11.9,140,1543,7.4,110,1512,4.2,3629,110,7.3,34,1645,65,10.4,1010.7,1020.9,2330,1012.9,218,1017.5,13.6,6.9,1300,3.06,18.74,,,,,,5.1,3.4,13.2,8.7,,,,,,,,,,,,,-{비}-{비}{강도0}0300-{비}{강도0}0600-0720.,
143,대구,2002-05-02,15.5,8.1,532,22.4,1505,,,,,,,11.7,110,940,7.7,110,949,3.7,3197,90,6.6,30,1456,58.5,9.8,1012.7,1021.3,755,1017.2,1852,1019.5,13.7,11.3,1200,3.34,26.18,,,,,,3.3,1.5,15.3,4.7,,,,,,,,,,,,11.5,,
143,대구,2002-05-03,15,12.1,701,17.1,1509,9.67,2.5,600,4.5,656,14,5.7,140,637,3.6,110,36,1.5,1296,90,12.6,67,17,86.1,14.7,1009.4,1018.7,0,1014.6,1541,1016.2,13.7,0,1400,.75,4.4,,,,,,10,8.3,13.6,11.5,,,,,,,,,,,,2.5,{비}0320-{비}{강도0}0600-{비}{강도1}0900-{비}{강도0}1200-1230. {뇌전}{강도0}(W 8-10)0545-{뇌전}{강도0}(W 8-10)0600-0625.   {박무}1210-{박무}{강도0}1500{박무}{강도0}1800-{박무}{강도0}2100-{박무}{강도0}2400- {비}1810-1840.,
143,대구,2002-05-04,20.4,15,705,26.7,1432,.42,0,,0,,0,5.7,290,1117,3.4,270,1128,1.6,1382,270,15.1,43,1713,74.3,17.2,1009.6,1017.9,2334,1014.7,1640,1016.2,13.7,7.7,1300,2.78,20.63,,,,,,5.4,4.9,20.3,13,,,,,,,,,,,,,-{박무}-{시정(미만)}{1km}{안개}0130-{안개}{강도0}0300-{안개}{강도0}0600-{시정(이상)}{1km}{박무}0710-{박무}{강도0}0900-0930. {비}0230-0240. {비}0520-0535.,5.67
143,대구,2002-05-05,16.9,14.3,640,23.2,1023,,,,,,,12,110,1228,7.6,110,1252,3.5,3024,110,8.2,21,1122,60.3,11.5,1012.2,1020.7,2244,1017.3,207,1019,13.8,3.1,1000,2.54,14.05,,,,,,6.4,4.4,16.3,11.5,,,,,,,,,,,,,{박무}0210-{박무}{강도0}0300-{박무}{강도0}0600-{시정(미만)}{1km}{안개}0610-{시정(미만)}{0.5km}{안개}0620-{시정(미만)}{0.2km}{안개}0635-{시정(이상)}{0.2km}{안개}0740-{시정(이상)}{0.5km}{안개}0750-{시정(이상)}{1km}{박무}0830-{박무}{강도0}0900-0950.,2.33
143,대구,2002-05-06,13.9,11,2354,17.4,1117,11.17,1,2242,3.5,2251,9.5,11,90,1458,7.1,90,1557,4.2,3629,90,7.3,37,1056,66.4,10.3,1012.1,1021,606,1015.6,2359,1018.9,13.8,.2,800,1.09,8.31,,,,,,10,6.9,13.5,10.1,,,,,,,,,,,,33.5,{비}1250-{비}{강도0}1500-{비}{강도0}1800-{비}{강도0}2100-{비}{강도1}2400-,
143,대구,2002-05-07,11.3,10,149,12.4,1404,23.33,3,137,10.5,939,46,11.5,110,707,6.1,110,733,3.6,3110,110,9.8,88,14,90.8,12.2,1005.1,1015.7,4,1009.4,1628,1011.9,13.8,0,1400,.53,2.93,,,,,,10,5.5,11.3,9,,,,,,,,,,,,22,-{비}-{비}{강도1}0300-{비}{강도0}0600-{비}{강도1}0900-{비}{강도0}1200-{비}{강도0}1500-{비}{강도0}1800-{비}{강도0}2100-2320.,
143,대구,2002-05-08,14,11.6,16,18.3,1357,,,,,,,7.5,90,1702,5.2,90,1706,2.9,2506,110,9.4,58,1400,74.3,11.8,1011.6,1021,2112,1013.7,3,1018.4,13.9,1.4,1300,2.48,11.03,,,,,,9,5.4,13.4,7.9,,,,,,,,,,,,,{박무}0130-{박무}{강도0}0300-0510.,
143,대구,2002-05-09,16,9.4,420,22.4,1319,,,,,,,8.1,140,1412,5.1,90,1510,2.7,2333,90,6.2,29,1629,56,9.6,1011.1,1020.5,0,1015.8,1816,1017.9,13.9,7.2,1100,3.26,21.45,,,,,,6.8,4.6,14.1,7.7,,,,,,,,,,,,,{햇무리}1120-1420.,
143,대구,2002-05-10,14.8,10.6,2356,19.2,1110,2.83,0,,0,,0,10.1,90,1242,6.5,110,1253,3.3,2851,140,8,45,24,64.5,10.8,1007.5,1016.6,3,1012.4,1828,1014.3,13.9,1.7,1000,2.05,13.35,,,,,,6.9,4.6,14.2,7.5,,,,,,,,,,,,0,{비}1250-{비}{강도0}1500-1540.,
143,대구,2002-05-11,16.8,9,451,25.8,1556,,,,,,,9.2,140,1945,5.8,140,1948,2.6,2246,140,9,28,1328,63.9,11.5,1009.4,1019.2,2348,1013.3,1650,1016.2,13.9,12.6,1200,3.28,26.43,,,,,,2.6,.8,18.5,6.5,,,,,,,,,,,,,{박무}0440-{박무}{강도0}0600-0630.,
143,대구,2002-05-12,20,11.5,515,28.5,1540,,,,,,,7.4,290,1949,4.3,320,1955,2.2,1901,90,10.2,29,2014,56.9,12.5,1011.4,1020,649,1015.3,1631,1018,14,10.6,1200,3.17,24.45,,,,,,2.1,1,22.4,9,,,,,,,,,,,,,{박무}0430-{박무}{강도0}0600-{박무}{강도0}0900-{박무}{강도0}1200-1350.,
143,대구,2002-05-13,22.1,14.5,513,28.9,1503,,,,,,,7.8,320,1114,4.1,140,2009,2.2,1901,290,11,18,1344,47.8,13.1,1010.5,1018.8,645,1015,1611,1017.2,14,9.5,1100,3.2,23.29,,,,,,4.1,0,23.7,10.2,,,,,,,,,,,,,{햇무리}1320-1640.,
143,대구,2002-05-14,20.2,16.4,550,25.4,1334,1.67,.1,,.1,,.1,6.5,110,1102,4.2,110,1111,2.8,2419,110,12,46,1544,60.3,14.1,1008.4,1017.6,0,1012.8,1826,1015,14,.4,1000,1.7,12,,,,,,7.8,3.3,14.4,7.8,,,,,,,,,,,,6.1,{박무}0510-{박무}{강도0}0600-{박무}{강도0}0900-{박무}{강도0}1200-{박무}{강도0}1500-1530. {비}2220-{비}{강도0}2400-,
143,대구,2002-05-15,15.4,14.1,2314,17.2,0,24,.5,10,1.5,103,12,12.2,110,2202,6.9,110,2204,3.6,3110,90,12.9,71,1005,85.5,14.9,1003.4,1014.2,0,1007.7,1817,1010.1,14.1,0,1300,.73,4.04,,,,,,10,6.4,13.6,8.7,,,,,,,,,,,,6.2,-{비}-{비}{강도0}0300-{비}{강도0}0600-{비}{강도0}0900-{비}{강도0}1200-{비}{강도0}1500-{비}{강도0}1800-{비}{강도0}2100-{비}{강도0}2400-,
143,대구,2002-05-16,15.2,13.4,2134,17.1,1032,12,.5,1830,.5,1740,.5,11,90,544,5.8,90,1046,3.2,2765,110,11.9,68,1039,80.8,14,1002.9,1011.7,2136,1008.1,242,1009.6,14.1,0,1200,.5,3.08,,,,,,10,5.6,12.7,10.6,,,,,,,,,,,,.3,-{비}-{비}{강도0}0300-0540. {비}1740-{비}{강도0}1800-{비}{강도0}2100-{비}{강도0}2400-,
143,대구,2002-05-17,14.8,13.1,403,17.4,1221,5.33,.1,,.1,,.1,6.1,110,1947,4,110,1152,2.5,2160,110,11.1,64,1125,78.9,13.2,1003.9,1011.8,754,1009.3,1709,1010.6,14.1,0,1000,1.36,7.2,,,,,,10,5.9,12.1,9.6,,,,,,,,,,,,2.1,-{비}-0020. {비}0645-0840. {비}1550-1640. {비}1945-2035. {비}2235-{비}{강도0}2400-  {박무}1720-{박무}{강도0}1800-{박무}{강도0}2100-{박무}{강도0}2400-,
143,대구,2002-05-18,14.9,12.7,145,17.2,1644,14,.5,148,.5,58,2,4.7,160,6,3.2,110,116,2,1728,140,12.8,78,1454,87.5,14.8,1001.8,1010.5,2,1006.7,1758,1008.6,14.1,0,1400,.82,5.86,,,,,,10,5.5,11.3,5,,,,,,,,,,,,.5,-{비}-{비}{강도0}0300-{비}{강도0}0600-0740. {비}0950-{비}{강도0}1200-{비}{강도0}1500-1520. {비}1820-1910. -{박무}-{박무}{강도0}0300-{박무}{강도0}0600-{박무}{강도0}0900-{박무}{강도0}1200-{박무}{강도0}1500-{박무}{강도0}1800-{박무}{강도0}2100-{박무}{강도0}2400-,
143,대구,2002-05-19,16.9,12.3,414,22.3,1609,3.67,1,1318,1,1228,1.5,8.5,140,1732,5.8,110,2004,2.3,1987,50,10.3,39,1507,67.4,12.6,1000.1,1008.7,2302,1004.7,1613,1006.7,14.2,8.4,1100,2.91,20.69,,,,,,2.9,1.6,16.1,8.5,,,,,,,,,,,,1,-{박무}-{박무}{강도0}0300-0540. {박무}0740-{박무}{강도0}0900-0940. {비}0125-0420. {비}0510-0530. {소나기}1305-1330.,
143,대구,2002-05-20,20.5,11.6,450,28.4,1408,,,,,,,6.9,320,1101,4.3,290,1450,1.8,1555,320,10.8,26,1359,55.4,13,1001.3,1009.6,729,1005.6,1725,1007.9,14.2,12.4,1200,3.32,26.63,,,,,,.1,.1,16.1,5.2,,,,,,,,,,,,,{박무}0510-{박무}{강도0}0600-{박무}{강도0}0900-1040.,
143,대구,2002-05-21,23,14.3,522,29.9,1532,,,,,,,6,290,1253,4,270,1306,1.9,1642,320,11,19,1439,44.3,13.2,1002.2,1010.9,651,1006.3,1653,1008.8,14.2,9.5,1100,3.09,22.99,,,,,,6,1.5,20.6,10.7,,,,,,,,,,,,0,{햇무리}1230-1420.,
143,대구,2002-05-22,22.7,16.6,721,28.1,1526,3.83,0,,0,,0,8.1,320,1506,4.9,320,1514,2.5,2160,320,11.4,27,1445,49.5,13.5,1001.1,1010.3,519,1004.8,1626,1007.6,14.2,10.2,1200,3.12,24.16,,,,,,4.5,2.4,21.9,15,,,,,,,,,,,,,{비}0230-{비}{강도0}0300-{비}{강도0}0600-0620.,
143,대구,2002-05-23,23,15.6,444,29.7,1516,,,,,,,10.9,320,1649,5.8,320,1712,2.6,2246,290,9.3,12,1516,37,12,1000.5,1008.4,759,1004.6,1549,1007,14.3,11.9,1200,3.24,25.76,,,,,,.8,0,23.1,11.2,,,,,,,,,,,,,,
143,대구,2002-05-24,23,16,525,29.3,1526,,,,,,,12.5,320,1441,7.2,290,1605,3.3,2851,290,6.5,14,1305,26.1,10,1000.8,1009.4,718,1004.9,1653,1007.3,14.3,12.8,1200,3.37,27.56,,,,,,1.3,0,22.4,9.2,,,,,,,,,,,,,,
143,대구,2002-05-25,23.3,15.2,527,30.3,1609,,,,,,,10.1,290,1350,5.9,290,1350,2.4,2074,290,8.3,14,1341,29.5,11.2,1000,1008.3,733,1004.5,1706,1006.5,14.3,12.5,1200,3.31,27.42,,,,,,1.3,1.1,23.5,9,,,,,,,,,,,,,,
143,대구,2002-05-26,20.9,16.3,525,27.1,1359,,,,,,,11,320,1528,6,270,1345,3.4,2938,140,9.8,13,1438,46.3,12.2,1001.1,1011.3,2351,1006,306,1007.7,14.3,12.6,1300,3.31,27.1,,,,,,2.6,2.3,23.9,13.1,,,,,,,,,,,,,{번개}{강도0}(SW)2220.,
143,대구,2002-05-27,20.1,12.5,412,26.8,1452,,,,,,,8.2,320,1456,4.4,290,1505,2.1,1814,50,9.1,20,1453,50,11.6,1004.6,1013,813,1009.4,1713,1011.2,14.3,10.7,1100,3.18,25.21,,,,,,2.8,1.6,22.6,6.6,,,,,,,,,,,,,,
143,대구,2002-05-28,20.7,13.7,525,26.3,1353,,,,,,,9.4,270,1718,5.4,270,1720,2.3,1987,250,9.4,20,1425,49.9,11.9,1004.9,1013.6,659,1009,1639,1011.5,14.4,7.4,1200,2.81,19.39,,,,,,3.9,1,19.4,10.5,,,,,,,,,,,,,,
143,대구,2002-05-29,22.7,15.1,520,30.2,1647,,,,,,,8.2,270,1658,4.9,270,1658,2,1728,290,12.4,17,1749,48.9,14.5,1003.7,1012.9,600,1007.2,1728,1010.3,14.4,12.6,1200,3.26,26.46,,,,,,2.6,0,23.8,11.2,,,,,,,,,,,,,{박무}0420-0540.,
143,대구,2002-05-30,22.7,18.3,523,28.9,1435,.25,0,,0,,0,9,230,1421,6,250,1546,3.1,2678,250,14.9,31,1437,63.4,17,999.8,1009.3,15,1003.6,1621,1006.3,14.4,3,1300,2.77,15.65,,,,,,8.6,6.1,23.4,16.4,,,,,,,,,,,,0,{박무}0220-{박무}{강도0}0300-{박무}{강도0}0600-{박무}{강도0}0900-1030. {박무}1730-{박무}{강도0}1800-{박무}{강도0}2100-{박무}{강도0}2400- {비}1935-1950.,
143,대구,2002-05-31,23.4,17.2,547,29.7,1641,,,,,,,7.9,270,1255,4.4,290,1300,2.2,1901,340,13.8,22,1653,54.9,15.8,997.3,1006.4,0,1001.2,1730,1003.7,14.4,10.6,1100,3.2,25.01,,,,,,3.5,2.9,25.4,14,,,,,,,,,,,,,-{박무}-{박무}{강도0}0300-{박무}{강도0}0600-{박무}{강도0}0900-1030.,
143,대구,2002-06-01,24.8,18.6,526,30.7,1715,,,,,,,8.3,320,819,4.9,320,1528,2.6,2246,290,12.9,21,1439,45.8,15.1,997.6,1006.8,2346,1002.1,1626,1004.1,14.4,9.3,1200,3.23,23.5,,,,,,3.5,1.5,26.6,15.6,,,,,,,,,,,,,{박무}0220-{박무}{강도0}0300-{박무}{강도0}0600-0840.,
143,대구,2002-06-02,23.7,18.2,453,31.7,1433,,,,,,,8.9,90,1658,5.1,110,1639,2.3,1987,50,13.7,26,1250,52.8,15.8,1000.8,1009.2,2240,1004.9,1552,1007.3,14.5,8.2,1200,3.1,20.25,,,,,,3.4,2,26.9,14.5,,,,,,,,,,,,,{천둥}{강도0}(SW)1645-1655. {천둥}{강도0}(SW)1820-1830.,
143,대구,2002-06-03,24.3,17.5,525,32.1,1442,,,,,,,7,20,1643,4.1,140,36,2.4,2074,110,15.7,22,1549,57.6,17.9,1002.2,1010.8,700,1006.3,1617,1008.6,14.5,11.1,1200,3.08,24.74,,,,,,1.6,.8,28.4,16,,,,,,,,,,,,,{박무}0340-{박무}{강도0}0600-{박무}{강도0}0900-{박무}{강도0}1200-1340.,
143,대구,2002-06-04,25.7,19.7,433,32,1604,,,,,,,8.3,290,1229,5.1,290,1232,2.2,1901,290,14.5,25,1303,48.6,16.7,1002.9,1010.9,802,1007.1,1709,1009.4,14.5,7.8,1200,2.98,21.68,,,,,,4.8,1.4,27.5,15.9,,,,,,,,,,,,,{박무}0320-{박무}{강도0}0600-{박무}{강도0}0900-1030.,
143,대구,2002-06-05,24.9,19.4,537,33.1,1417,,,,,,,7.4,160,1024,4.9,110,1623,3.1,2678,110,14,24,1304,49.3,16,1004.1,1012.3,801,1008.4,1639,1010.6,14.5,11.6,1200,3.15,24.86,,,,,,2.5,0,26.6,17,,,,,,,,,,,,,{박무}0420-{박무}{강도0}0600-0820.,
143,대구,2002-06-06,26.4,17,548,34.7,1626,,,,,,,8,90,643,4.3,90,252,2.2,1901,90,15.6,14,1422,46.4,17.9,1004.7,1013.6,808,1008.5,1702,1011.2,14.5,12.2,1200,3.28,25.97,,,,,,2.5,0,30.1,14.6,,,,,,,,,,,,,{박무}0440-{박무}{강도0}0600-{박무}{강도0}0900-1030.,
143,대구,2002-06-07,28.1,19.5,225,35.4,1553,,,,,,,8,360,1955,5.1,360,2000,2.3,1987,360,16.1,16,1220,40.9,18.5,1004,1012.7,858,1007.6,1650,1010.4,14.5,11.7,1200,3.21,25.74,,,,,,3.5,0,32.9,17.3,,,,,,,,,,,,,{박무}0320-0440. {연무}0840-{연무}{강도0}0900-1110.,
143,대구,2002-06-08,24.7,19.4,2313,32.6,1504,.08,0,,0,,0,12.9,90,2028,8.2,110,2034,3.6,3110,360,14.5,28,1503,53,16.5,1003.8,1013.2,2352,1007.7,1502,1010.3,14.5,7.2,1200,3.09,18.85,,,,,,6.4,1.5,26.7,17.5,,,,,,,,,,,,0,{박무}0350-{박무}{강도0}0600-0840. {비}1845-1850.,
143,대구,2002-06-09,23.4,17.4,551,30.1,1543,,,,,,,9.4,90,8,5.4,110,32,2.5,2160,250,12.5,29,1540,51.1,14.5,1003.8,1013.6,632,1007.2,1650,1010.4,14.5,8.1,1200,2.82,22.07,,,,,,4.1,1.6,25.6,15,,,,,,,,,,,,,,
143,대구,2002-06-10,23.3,17.4,506,29,1147,2.83,.1,1254,.2,1243,.3,9.3,250,2258,5.9,250,2300,1.8,1555,50,15.5,34,1119,62.5,18,995.3,1008.3,0,997.4,2310,1001.8,14.5,5.7,1000,2.76,15.31,,,,,,7.6,3.8,19.2,14.6,,,,,,,,,,,,9.3,{햇무리}0840-1040. {비}1210-1420. {비}2320-{비}{강도0}2400-,
143,대구,2002-06-11,25,18.9,1942,30,1536,6.67,1,25,3.5,244,9,9.8,320,1501,5.9,270,1304,3.2,2765,290,14.6,25,1616,53.3,17.2,992.8,1004,2331,996.7,147,999.2,14.6,7.8,1300,2.89,21.06,,,,,,5.4,3.4,19.7,12,,,,,,,,,,,,,-{비}-{비}{강도0}0300-{비}{강도0}0600-0640.,
143,대구,2002-06-12,24.3,16,534,31.2,1441,,,,,,,8.8,230,1447,5.4,200,1501,2,1728,50,12.4,19,1349,44.5,14.5,997.1,1005.9,604,1001.6,1822,1003.6,14.6,8.9,1100,2.66,18.84,,,,,,5.8,2.3,21,12.2,,,,,,,,,,,,,{천둥}{강도0}(N)1640-1655.,
143,대구,2002-06-13,24.5,20.4,442,29,1441,,,,,,,7.4,320,1023,4.5,320,1603,2.4,2074,320,14.5,34,1511,55.3,16.7,996.3,1004.4,2400,1001.3,1645,1002.8,14.6,6.8,1400,2.52,18.46,,,,,,5.3,4,18.3,16.6,,,,,,,,,,,,,{박무}0420-{박무}{강도0}0600-{박무}{강도0}0900-1135.,
143,대구,2002-06-14,22.4,18,524,27.4,1533,,,,,,,8.1,290,1004,4.9,320,1021,2.7,2333,290,11,31,1513,49.3,13.1,1000.1,1008.1,2244,1004.3,113,1006.6,14.6,11.8,1100,3.28,27,,,,,,2.6,2.3,20.2,13.4,,,,,,,,,,,,0,,
143,대구,2002-06-15,21.9,18.5,231,26.5,1512,2.75,0,,0,,0,6.1,270,1553,3.8,290,1256,1.6,1382,50,13.1,38,1121,58.1,15.1,1002.6,1010.3,2218,1007.9,2,1009.1,14.6,1.5,1300,1.99,11.68,,,,,,7.3,2.1,19.8,15.1,,,,,,,,,,,,0,{비}0705-0720. {소나기}1010-1030. {소나기}1110-{소나기}{강도0}1200-1320.,
143,대구,2002-06-16,23.6,18.1,431,29.7,1313,2.75,0,,0,,0,6.1,290,1223,3.9,140,2005,1.9,1642,140,14.7,33,1452,59.8,16.8,1002.4,1010.7,722,1007.2,1643,1008.9,14.6,5.1,1000,2.66,18.53,,,,,,5.9,4.4,21.8,13.5,,,,,,,,,,,,0,{비}0115-0220. {비}0520-0550. {소나기}1825-1915. {소나기}2035-2055. {천둥}{강도0}(SW)2045-2052.   {박무}0340-{박무}{강도0}0600-{박무}{강도0}0900-1120.,
143,대구,2002-06-17,24.1,19,455,30.1,1406,.67,0,,0,,0,8.1,110,1838,5.1,110,1842,2.1,1814,110,16,37,1354,62.3,18.2,1001.2,1010.6,802,1004.9,1728,1007.7,14.6,2.4,1300,2.37,14.5,,,,,,7.8,2.3,20.9,17.3,,,,,,,,,,,,0,{박무}0230-{박무}{강도0}0300-{박무}{강도0}0600-{박무}{강도0}0900-{박무}{강도0}1200-1240. {연무}1410-{연무}{강도0}1500-1630. {소나기}1850-1930.,
143,대구,2002-06-18,26.7,19.7,519,32.9,1509,,,,,,,7.8,340,1432,4.4,270,1426,2.2,1901,290,16.4,27,1612,52.5,18.7,999.7,1007.8,749,1003.9,1843,1006.2,14.6,11.2,1300,2.87,23.29,,,,,,4,1.1,28.6,16.3,,,,,,,,,,,,,{박무}0340-{박무}{강도0}0600-{박무}{강도0}0900-{박무}{강도0}1200-1340.,
143,대구,2002-06-19,27.1,22.5,544,33.3,1348,,,,,,,9.6,290,1522,5.9,250,1552,2.5,2160,160,17.3,27,1348,54.5,19.8,998.2,1007.6,530,1001.8,1702,1004.6,14.6,8.6,1200,3.03,22.1,,,,,,5.8,1,29.8,18.5,,,,,,,,,,,,,{박무}0420-{박무}{강도0}0600-{박무}{강도0}0900-1130.,
143,대구,2002-06-20,26.8,22.3,532,32.2,1351,.33,0,,0,,0,7.8,320,1751,4.6,290,1434,2.3,1987,320,17.6,39,1343,57.9,20.2,994.2,1003,0,998.2,1457,1000.6,14.6,6.7,1100,2.53,19.83,,,,,,6.6,3.6,27.4,20.4,,,,,,,,,,,,0,{소나기}1535-1555.,
143,대구,2002-06-21,25.3,19.4,2100,33.5,1554,,,,,,,12.5,110,2053,8.2,110,2057,3.2,2765,110,16.1,19,1547,55.6,18.3,997.3,1008.2,2350,1000.8,1545,1003.7,14.6,11.2,1200,3.18,25.85,,,,,,4.6,3,30.9,16.6,,,,,,,,,,,,,,
143,대구,2002-06-22,21,18.7,1255,26.6,1303,,,,,,,12.9,110,1209,7.4,110,1348,4.8,4147,110,12.8,41,1323,60,14.8,1005,1014.8,2238,1008.2,0,1011.6,14.6,8.9,1100,3.32,24.2,,,,,,6.5,3.1,19,17.1,,,,,,,,,,,,1.5,,
143,대구,2002-06-23,18.2,16.6,2211,20,1340,15.75,1,706,1.5,616,4.5,8.9,160,838,5.1,110,1827,3.2,2765,110,14,65,1341,77.3,16,1006.3,1014.3,931,1011.9,2350,1013,14.6,0,1200,.78,4.95,,,,,,9.4,5.4,16.8,13,,,,,,,,,,,,10.5,{비}0605-{비}{강도0}0900-1140. {비}1350-{비}{강도0}1500-{비}{강도0}1800-{비}{강도0}2100-{비}{강도0}2400-,
143,대구,2002-06-24,16.4,15.5,1050,17.4,1905,21,.5,10,2,725,9.5,12.4,90,1017,7,90,1417,4.3,3715,90,13,65,2025,80.6,15,1001.9,1012,0,1006.3,1755,1008.6,14.6,0,1200,.81,5.07,,,,,,10,5.4,14.2,13.7,,,,,,,,,,,,2,-{비}-{비}{강도0}0300-{비}{강도0}0600-{비}{강도0}0900-{비}{강도0}1200-{비}{강도0}1500-{비}{강도0}1800-2040. {비}2340-{비}{강도0}2400-,
143,대구,2002-06-25,17.8,14.9,2356,21.3,1307,2,0,,0,,0,10.1,50,1301,5.4,70,1304,2.6,2246,110,10.6,42,1302,63.3,12.8,1004,1013.8,2340,1007.8,115,1010.6,14.6,1.9,1300,1.59,10.83,,,,,,6.6,4.5,13.4,10,,,,,,,,,,,,0,-{비}-0040. {비}0940-1040. {비}1110-1130.,
143,대구,2002-06-26,18.7,11.2,530,25.7,1622,,,,,,,10.9,90,1923,6.6,110,2012,2.5,2160,50,9.3,33,1420,56.6,11.7,1007.3,1015.9,2308,1011.8,1557,1013.9,14.6,12.5,1200,3.65,27.05,,,,,,2.6,2,22.4,8.2,,,,,,,,,,,,,,
143,대구,2002-06-27,21,12.6,532,29,1543,,,,,,,8.4,110,1747,5.4,110,1817,2.3,1987,70,9.9,20,1712,48.3,12.2,1007.4,1015.7,728,1011.6,1631,1014.1,14.6,13,1200,3.37,28.38,,,,,,.8,.1,24.7,11.4,,,,,,,,,,,,,,
143,대구,2002-06-28,22.2,14.4,535,30.9,1519,,,,,,,9.4,90,1727,6.1,110,1756,2.9,2506,90,11.6,21,1300,49.9,13.7,1006.3,1015,37,1010.3,1609,1012.9,14.6,12.8,1200,3.47,28.04,,,,,,2.6,.5,26.9,11.7,,,,,,,,,,,,,,
143,대구,2002-06-29,21.4,15,513,26.7,1311,1,0,,0,,0,9.7,110,1843,6.4,110,1849,3.5,3024,110,15.1,51,1316,68,17.2,1003.6,1012.9,35,1008,1753,1010.2,14.6,3.4,900,2.11,15.53,,,,,,6.1,3.4,18.9,13.7,,,,,,,,,,,,0,{비}1720-{비}{강도0}1800-1820.,
143,대구,2002-06-30,21.8,20.6,519,23,1532,1,0,,0,,0,6.9,160,1209,4.3,140,1253,2.8,2419,140,17.9,71,0,78.6,20.5,1001.7,1009.4,5,1007.2,1647,1008.3,14.6,0,1200,.65,4.88,,,,,,10,5,20.1,19.7,,,,,,,,,,,,.1,{비}1030-1040. {비}1920-2010.,
143,대구,2002-07-01,22.5,20.5,408,25.7,1327,6,.2,1855,.2,1845,.5,6.2,90,935,4.1,110,1001,2.5,2160,140,19.1,67,1327,81.8,22.2,1003.4,1011.4,2241,1008.3,133,1010,14.6,.1,1200,1.14,7.52,,,,,,10,5,17.3,13,,,,,,,,,,,,2.4,{비}0020-0110. {비}0340-0440. {비}0750-{비}{강도0}0900-0910. {비}1530-1610. {비}1845-1930. {비}2235-{비}{강도0}2400- {박무}0820-{박무}{강도0}0900-{박무}{강도0}1200-{박무}{강도0}1500-{박무}{강도0}1800-{박무}{강도0}2100-{박무}{강도0}2400-,
143,대구,2002-07-02,24.4,20.6,430,28.2,1541,5.92,.5,224,1,220,2,4.4,140,49,3,110,51,1.5,1296,110,20.4,60,1157,79.4,24,1004.6,1012.3,757,1009.5,1721,1011.1,14.6,.2,1000,1.77,11.24,,,,,,9.6,4.9,22.7,19.7,,,,,,,,,,,,0,-{비}-0030. {비}0205-{비}{강도0}0300-0450. {비}0520-0530. {비}0640-0720. {비}1410-1420. {비}1650-1710. {소나기}2020-{소나기}{강도0}2100-2140. -{박무}-{박무}{강도0}0300-{박무}{강도0}0600-{박무}{강도0}0900-{박무}{강도0}1200-1230.,
143,대구,2002-07-03,27.5,22.9,528,33.5,1459,,,,,,,6.2,290,1528,4.2,270,1607,1.8,1555,250,21,46,1500,69.6,24.8,1005.6,1013.4,756,1010.4,1701,1012,14.6,6,1100,3.16,18.3,,,,,,5.8,2.9,27.5,21.2,,,,,,,,,,,,,{박무}0540-{박무}{강도0}0600-{박무}{강도0}0900-{박무}{강도0}1200-1420.,
143,대구,2002-07-04,28.6,23.9,520,34,1344,.5,0,,0,,0,6.5,90,1442,4.7,160,1730,1.8,1555,110,21.2,40,1315,66.1,25.3,1005.1,1013.5,822,1009.6,1722,1011.5,14.5,2,1200,2.07,15.67,,,,,,6.6,2.3,28.9,21.2,,,,,,,,,,,,2,{박무}0520-{박무}{강도0}0600-{박무}{강도0}0900-1050. {햇무리}1140-1345. {천둥}{강도0}(N)1735-1835. {소나기}1810-1840.,
143,대구,2002-07-05,24.3,23.1,1756,27,0,22.83,3,1907,13.5,1841,58.5,13.9,90,1602,8,110,1746,4.1,3542,90,21.9,69,0,86.5,26.2,997.5,1010.8,32,996,2400,1003.9,14.5,0,1300,.67,4.01,,,,,,10,7,23.1,22.1,,,,,,,,,,,,60,{비}0110-{비}{강도0}0300-{비}{강도0}0600-{비}{강도0}0900-{비}{강도1}1200-{비}{강도0}1500-{비}{강도1}1800-{비}{강도1}2100-{비}{강도0}2400-,
143,대구,2002-07-06,23.8,22.9,854,25.8,1717,11.5,.5,20,1.5,108,4,11.5,180,823,6.3,160,623,4,3456,180,19.7,66,2218,78.1,23.1,985.9,998.1,2346,989.9,648,992.3,14.5,0,1000,.46,3.22,,,,,,10,7.4,21.4,20.1,,,,,,,,,,,,.5,-{비}-{비}{강도0}0300-{비}{강도0}0600-{비}{강도0}0900-1130.,
143,대구,2002-07-07,26.4,21.9,605,31.8,1609,,,,,,,11.2,230,931,6.7,270,952,3.7,3197,270,17.1,33,1609,57.5,19.6,994.4,1004.6,2232,998.1,0,1000.8,14.5,10.6,1200,3.4,27.29,,,,,,2.9,1.5,24.3,18.6,,,,,,,,,,,,.2,,
143,대구,2002-07-08,20.8,19,1404,23.9,0,20.67,1.5,1638,4,1605,6.5,6.7,140,1113,4.5,140,1134,2,1728,140,17.8,71,143,83.1,20.4,1000.4,1008.1,1208,1004.5,0,1006.9,14.5,0,1100,.62,4.79,,,,,,9.3,6.5,20,18.1,,,,,,,,,,,,9.8,{비}0320-{비}{강도0}0600-{비}{강도0}0900-{비}{강도0}1200-{비}{강도0}1500-{비}{강도0}1800-{비}{강도0}2100-{비}{강도0}2400-,
143,대구,2002-07-09,22.2,20,509,25.4,1616,7.17,1,451,2.5,421,3.5,8.3,110,1255,5.3,110,1842,2.9,2506,140,19.2,72,1155,83.3,22.2,997.3,1007.2,2,1001.2,2352,1003.9,14.5,0,1100,1.74,10.99,,,,,,10,6,20.2,18.9,,,,,,,,,,,,0,-{비}-{비}{강도0}0300-{비}{강도0}0600-0710. {박무}0830-{박무}{강도0}0900-0930.,
143,대구,2002-07-10,23.8,21,2358,28.6,1500,.58,0,,0,,0,9.5,140,1732,6.4,110,1745,3.4,2938,110,17.9,56,1501,70.3,20.5,992.2,1001.2,0,996.9,1443,998.7,14.5,4.2,1000,2.77,17.43,,,,,,7.9,5.4,20.3,16.8,,,,,,,,,,,,,{소나기}0510-0520. {소나기}0740-0805.,
143,대구,2002-07-11,24.4,20,446,30.6,1625,,,,,,,6.9,140,48,4.5,290,1913,2.7,2333,110,18.2,51,1615,69.1,21,993.3,1000.9,750,998,1745,999.8,14.4,5.4,1200,2.5,18.38,,,,,,6,5.1,23.5,15.5,,,,,,,,,,,,,,
143,대구,2002-07-12,27.9,21.5,106,33.5,1541,,,,,,,6.6,270,1638,4.1,270,1657,2.1,1814,270,20.1,34,1349,64.4,23.5,995.4,1002.9,849,1000.5,1554,1001.8,14.4,7.7,1200,2.96,21.64,,,,,,4.3,1.6,25.5,19.4,,,,,,,,,,,,,{박무}0340-{박무}{강도0}0600-{박무}{강도0}0900-{박무}{강도0}1200-1240.,
143,대구,2002-07-13,26.8,22.7,513,32,1210,4.17,.2,1320,.2,1310,.2,6.1,200,1326,3.9,200,1333,1.8,1555,50,20.7,44,1220,69.9,24.6,996.6,1004.5,605,1001.2,2349,1003,14.4,3.5,1100,2.86,13.74,,,,,,6.4,4,22,18.5,,,,,,,,,,,,1.2,{비}1240-{비}{강도0}1500-1650.,
143,대구,2002-07-14,27.3,24.4,519,29.5,1113,7.17,.5,530,.8,448,1,9.8,270,1550,5.4,270,1451,2.6,2246,250,22.4,61,1717,75.6,27.2,993.6,1001.3,1034,998.1,355,1000,14.4,.2,800,.99,7.15,,,,,,9.4,6.3,22.8,18.9,,,,,,,,,,,,.5,{비}0105-{비}{강도0}0300-{비}{강도0}0600-0605. {비}1035-1045. {비}1130-{비}{강도0}1200-1330.,
143,대구,2002-07-15,28.4,25,807,33.7,1445,1,.5,823,.5,750,.5,6.3,230,1409,4.1,250,1413,1.7,1469,290,22.6,47,1550,72.1,27.4,990.3,1000.3,0,993.7,1820,996.6,14.4,5.3,1300,3.01,17.08,,,,,,5.6,4.3,27.2,23.2,,,,,,,,,,,,,{천둥}{강도0}(N)0520-0550. {비}0750-0850. {박무}0830-{박무}{강도0}0900-1120.,
143,대구,2002-07-16,29,25.4,512,35.2,1415,.17,0,,0,,0,11.4,360,1807,5,270,1229,2.5,2160,290,19.8,33,1511,58.9,23.4,989,996.8,2340,993.9,1548,995.3,14.4,9,1200,2.99,22.56,,,,,,4.5,2.8,26.2,22.4,,,,,,,,,,,,0,{박무}0520-{박무}{강도0}0600-{박무}{강도0}0900-1150. {소나기}2115-2125.,
143,대구,2002-07-17,27.2,23.9,538,31.5,1444,.33,0,,0,,0,6.8,180,1820,4.5,140,2029,2.4,2074,290,18.1,36,1253,59,20.9,992.4,1001.5,2327,990.9,1347,998.8,14.3,7.9,1200,3.22,19.13,,,,,,4.5,4,23.5,19.2,,,,,,,,,,,,0,{박무}0520-{박무}{강도0}0600-{박무}0810. {소나기}1750-{소나기}{강도0}1800-1810.,
143,대구,2002-07-18,25.4,22.8,2256,29,1507,,,,,,,8.6,140,1823,5.3,140,1829,3.4,2938,140,20,54,1614,72.4,23.3,997.2,1005.9,2143,1001.5,0,1003.7,14.3,3.7,1000,2.46,17.03,,,,,,8,3.3,26.1,22.3,,,,,,,,,,,,53.5,{박무}0250-{박무}{강도0}0300-{박무}{강도0}0600-{박무}{강도0}0900-{박무}{강도0}1200-{박무}{강도0}1500-{박무}{강도0}1800-{박무}{강도0}2100-{박무}{강도0}2400-,
143,대구,2002-07-19,23.5,20.7,743,26.6,1842,14,12.5,756,35,727,59,9.6,110,1027,6,110,1048,3.5,3024,110,21,74,2157,86.1,24.9,995.9,1006.4,2345,998.9,1316,1002.3,14.3,.6,1200,1.81,7.59,,,,,,8.1,5.4,22.3,20.2,,,,,,,,,,,,5.5,-{박무}-0130. {비}0240-{비}{강도0}0300-{비}{강도1}0600-{비}{강도2}0900-{비}{강도0}1200-{비}{강도0}1500-1640.,
143,대구,2002-07-20,26.9,22,515,32.5,1542,1.75,.5,2345,1,2250,1,8.7,290,1923,4.8,250,1643,2.2,1901,290,19.4,36,1423,65.8,22.6,1002.2,1010,816,1006.3,0,1008.6,14.3,9.1,1200,3.23,24.33,,,,,,5.3,3.8,27,19,,,,,,,,,,,,30.5,{비}2215-{비}{강도0}2400-,
143,대구,2002-07-21,24.7,22.5,414,28.3,1707,8.83,2.5,0,8,0,29.5,5.2,270,1759,3.6,270,1816,1.4,1210,50,21.4,64,1725,82.1,25.4,1002.1,1010.2,828,1006.8,1718,1008.6,14.3,1,1100,1.7,9.74,,,,,,9,4,24.4,22,,,,,,,,,,,,,-{비}-{비}{강도0}0300-{비}{강도0}0600-{소나기}0740-{비}0810-0850. {천둥}{강도0}(S)0745-0755.,
143,대구,2002-07-22,25.4,23.6,551,28.1,1437,11.17,1,1540,1.5,1457,2.5,7.2,290,1556,3.6,270,1601,1.3,1123,50,22.7,73,1144,85.5,27.7,1002.5,1010,816,1007.5,1826,1009,14.2,0,1000,1.08,6.82,,,,,,9.9,5,25.8,22.8,,,,,,,,,,,,2.7,{박무}0520-{박무}{강도0}0600-{박무}{강도0}0900-0910. {비}0920-{비}{강도0}1200-{비}{강도0}1500-{비}{강도0}1800-2030.,
143,대구,2002-07-23,26.4,23.1,558,30.1,1553,1.33,.1,710,.2,640,.2,7.7,320,1517,3.7,270,1329,1.5,1296,50,21,50,1236,73.6,25,1002.4,1009.7,1019,1007.7,1715,1008.9,14.2,1.1,1100,1.91,12.64,,,,,,8,3.6,20.1,17.1,,,,,,,,,,,,,{박무}0210-{박무}{강도0}0300-{박무}{강도0}0600-0630. {비}0620-0740.,
143,대구,2002-07-24,28.1,23.3,441,33.1,1454,,,,,,,6.5,290,1123,3.9,270,1057,1.8,1555,50,20.8,45,1455,66.9,24.6,1001.3,1009.4,0,1006.1,1813,1007.7,14.2,9.8,1200,2.68,21.14,,,,,,4.1,3.1,27.7,20.1,,,,,,,,,,,,,,
143,대구,2002-07-25,26.9,23,536,33.3,1333,,,,,,,11.8,110,1516,7.6,90,1820,3.8,3283,110,20.5,43,1445,69.5,24.1,998.7,1007.2,0,1003.3,1735,1005.1,14.2,11,1200,3.16,25.66,,,,,,4.3,1.3,24.2,19.3,,,,,,,,,,,,0,{박무}0410-{박무}{강도0}0600-{박무}{강도0}0900-0940.,
143,대구,2002-07-26,25.2,24,0,26.8,1102,7.75,.5,1534,.5,1454,.5,9.8,90,1902,5.9,110,2242,4.1,3542,110,21,71,1055,77.1,24.8,999.1,1008.6,2330,1003.4,305,1005.6,14.1,0,1000,.9,5.45,,,,,,8.9,5.8,18.6,17.2,,,,,,,,,,,,.5,{달무리}0020-0130. {비}0255-{비}{강도0}0300-{비}{강도0}0600-0810. {비}1450-{비}{강도0}1500-1720.,
143,대구,2002-07-27,27.2,24.5,417,31.3,1500,,,,,,,11.6,140,1936,7.6,110,1940,4.9,4234,110,21.6,56,1420,72,25.7,1005,1014,2134,1008.3,6,1011.5,14.1,9.9,1200,3.34,21.83,,,,,,6,5.6,28.5,22.9,,,,,,,,,,,,,,
143,대구,2002-07-28,25.9,23.6,2354,29.5,1326,,,,,,,9.8,110,1117,6.3,140,1124,4.3,3715,110,20.7,59,1330,73.1,24.4,1007,1015,743,1012.3,1745,1013.5,14.1,2.6,1300,2.99,16.98,,,,,,7,4.1,21.8,19.2,,,,,,,,,,,,,,
143,대구,2002-07-29,28.9,21.5,540,35.3,1648,,,,,,,6.8,290,1617,4,250,2002,2.1,1814,110,21.2,43,1501,65.1,25.2,1004,1012.9,0,1007.9,1644,1010.4,14.1,10,1100,3.02,22.2,,,,,,2.9,2.4,27.5,20.2,,,,,,,,,,,,,{박무}0420-{박무}{강도0}0600-0840.,
143,대구,2002-07-30,29.7,25.8,603,33.3,1648,.08,0,,0,,0,5.8,320,1155,4.2,320,1204,1.7,1469,320,22.9,51,1351,67.8,28,1003.2,1011,820,1008,1759,1009.6,14,4.2,1000,2.06,14.47,,,,,,5.3,3.5,29.7,23.5,,,,,,,,,,,,0,{박무}0510-{박무}{강도0}0600-{박무}{강도0}0900-1050. {소나기}2010-2015.,
143,대구,2002-07-31,30.5,26.5,423,35.4,1432,.08,0,,0,,0,7.9,290,1403,4.8,250,1830,2.8,2419,270,23,43,1435,65.3,28.1,1004.5,1012.4,749,1009.1,1557,1010.9,14,5.5,1200,2.71,17.5,,,,,,6.6,6.1,30.9,23.2,,,,,,,,,,,,0,{박무}0510-{박무}{강도0}0600-{박무}{강도0}0900-0950. {소나기}1920-1925.,
143,대구,2002-08-01,30.1,26.2,526,35.1,1537,,,,,,,10.6,290,1401,5.4,320,1245,3.3,2851,320,20.9,41,1538,59,24.8,1004.9,1012.6,758,1009.6,1738,1011.3,14,9.8,1300,3.05,22.53,,,,,,2.9,2.8,32.2,23.2,,,,,,,,,,,,,,
143,대구,2002-08-02,29.4,25.8,514,34.2,1641,,,,,,,8.7,270,1415,5.4,270,937,3.6,3110,290,20.2,40,1643,58.9,23.7,1003,1011.5,702,1007.1,1733,1009.4,14,10.2,1200,3.32,23.36,,,,,,3.9,1.1,31.9,23.2,,,,,,,,,,,,,,
143,대구,2002-08-03,29.6,26.2,529,34.1,1508,.33,0,,0,,0,9.6,290,1504,5.8,290,1459,3.3,2851,290,20.1,38,1436,57.1,23.6,1001.3,1010.2,1054,1005.5,1601,1007.7,13.9,9.9,1400,2.84,22.45,,,,,,5.9,4.3,33.6,24.2,,,,,,,,,,,,0,{소나기}1220-1240.,
143,대구,2002-08-04,29.7,25.9,532,34.1,1323,,,,,,,7.6,230,2114,4.6,200,1707,2.5,2160,290,21.1,42,1211,60.6,25,999.8,1007.8,10,1004.5,1724,1006.2,13.9,5.2,1100,2.98,16.06,,,,,,5,3.8,29.4,22.6,,,,,,,,,,,,,,
143,대구,2002-08-05,30.1,26.9,405,34.4,1438,.08,0,,0,,0,12.5,250,1714,6.8,250,1532,4.5,3888,250,21.1,45,1354,59.1,25,999.6,1007.9,2338,1004.1,1556,1006,13.9,7.1,1100,2.59,20.45,,,,,,7.1,3.8,29.2,24.3,,,,,,,,,,,,.4,{소나기}2205-2210.,
143,대구,2002-08-06,26.4,24.6,2353,29,925,14.67,7,1249,10.5,1213,37.5,7.6,230,1005,4.7,230,1022,1.9,1642,20,23.3,62,238,83.6,28.6,1000.2,1007.9,7,1005.3,1509,1006.6,13.8,.1,800,.59,3.94,,,,,,9.8,6.8,25.5,23.1,,,,,,,,,,,,38.6,{소나기}0510-0540. {뇌전}{강도0}(W 3~4)0945-1010. {천둥}{강도0}(W)1145-1155. {소나기}0950-{비}1015-{소나기}1145-{소나기}{강도0}1200-{비}1205-{비}{강도0}1500-{비}{강도1}1800-{비}{강도1}2100-{비}{강도0}2400-,
143,대구,2002-08-07,24.9,23.3,2244,28.3,928,17.67,9,2225,27.5,2135,90,13.1,250,857,6.7,230,906,2.1,1814,50,22.4,64,926,86.9,27.1,997.4,1006.7,9,1001.6,1707,1003.8,13.8,0,1200,.52,2.96,,,,,,10,6.5,23.2,22.1,,,,,,,,,,,,131.5,-{비}-{비}{강도0}0300-0510. {비}0840-0850. {비}1140-{비}{강도0}1200-{비}{강도1}1500-{비}{강도0}1800-{비}{강도1}2100-{비}{강도1}2400-,
143,대구,2002-08-08,23.8,23.1,730,25.2,1433,24,7,1605,25.5,1550,95,4.7,90,1420,3.4,110,1525,1.5,1296,70,22.8,90,1441,94.6,27.8,996.6,1004.2,950,1001.9,1552,1003.1,13.8,0,1400,.65,2.45,,,,,,10,7.1,23.3,22.8,,,,,,,,,,,,56,-{비}-{비}{강도1}0300-{비}{강도1}0600-{비}{강도0}0900-{비}{강도0}1200-{비}{강도0}1500-{소나기}1510-{비}1720-{비}{강도0}1800-{비}{강도0}2100-{비}{강도0}2400- {뇌전}{강도1}(S 6~8)1515-{천둥}{강도1}(S)1520-1535. {천둥}{강도0}(S)1635-1645.,
143,대구,2002-08-09,21.9,20.9,1744,23.6,0,16.25,5,2023,19.5,1942,71.5,10.4,110,1050,7,110,1058,2.4,2074,110,20.6,82,1004,92.8,24.3,999.3,1007.5,2119,1003.6,334,1005.9,13.7,0,800,.74,4.48,,,,,,10,7.3,19.9,18,,,,,,,,,,,,92,-{비}-0210. {비}0520-{비}{강도1}0600-0720. {비}0920-1150. {비}1425-{비}{강도1}1500-{비}{강도1}1800-{비}{강도2}2100-{비}{강도0}2400-,
143,대구,2002-08-10,21.2,19.5,2334,23.9,1231,19.67,2.5,312,9.5,307,37.5,8,140,1503,4.6,140,1510,2.6,2246,140,19.8,79,1232,91.9,23.1,1002.7,1012.2,2053,1006.3,136,1009.3,13.7,0,1000,.91,5.34,,,,,,10,6.8,20,19.4,,,,,,,,,,,,49.5,-{비}-{비}{강도1}0300-{비}{강도0}0600-{비}{강도0}0900-1110. {비}1440-{비}{강도0}1500-1620. {비}1710-{비}{강도0}1800-{비}{강도1}2100-{비}{강도1}2400-,
143,대구,2002-08-11,20.7,19.1,354,22.2,1234,15.33,5.5,326,17,255,37,9.6,110,13,4.6,90,1931,2.3,1987,110,18.9,80,2356,89.1,21.8,1007.2,1016.6,2338,1010.3,246,1013.9,13.7,0,1300,.89,6.21,,,,,,10,6.6,19.7,19,,,,,,,,,,,,.5,-{비}-{비}{강도1}0300-{비}{강도0}0600-0650. {비}0840-{비}{강도0}0900-{비}{강도0}1200-{비}{강도0}1500-1710.,
143,대구,2002-08-12,19.5,17.1,2355,21.2,1354,16.67,4,2300,13,2300,37.5,6.9,110,2349,4.2,110,2355,2.6,2246,140,17.2,74,631,86.9,19.6,1009,1017.4,955,1014.2,1722,1015.6,13.7,0,1300,.83,4.49,,,,,,10,6.9,19.4,16.7,,,,,,,,,,,,72,{비}0720-{비}{강도0}0900-{비}{강도0}1200-{비}{강도0}1500-{비}{강도0}1800-{비}{강도0}2100-{비}{강도1}2400-,
143,대구,2002-08-13,20.1,17,10,23.8,1554,15.5,3.5,47,13,17,35,7.4,110,9,4.3,110,10,1.4,1210,110,18.5,74,1557,90.6,21.4,1006.2,1014.3,0,1011.7,1831,1012.8,13.6,0,1300,1.37,7.88,,,,,,10,5.4,20.7,16.5,,,,,,,,,,,,7.5,-{비}-{비}{강도0}0300-{비}{강도1}0600-{비}{강도0}0900-{비}{강도0}1200-{비}{강도0}1500-1530.,
143,대구,2002-08-14,21,19.7,2244,23.1,1416,22.83,2,1651,8,1631,33,4.8,110,1920,2.8,140,1926,1.1,950,110,19.8,82,1531,93.1,23.2,1004.1,1012.4,4,1009,2350,1010.7,13.6,0,1400,.93,4.83,,,,,,10,6,21.1,19.1,,,,,,,,,,,,66,{비}0110-{비}{강도0}0300-{비}{강도0}0600-{비}{강도0}0900-{비}{강도0}1200-{비}{강도0}1500-{비}{강도1}1800-{비}{강도0}2100-{비}{강도0}2400-,
143,대구,2002-08-15,20.5,19.5,51,21.4,1554,21.83,4,737,11,709,45.5,5.9,110,2251,3.9,90,624,1.5,1296,140,19.5,89,2121,93.8,22.6,1001.9,1009.6,2123,1007.5,1426,1008.5,13.5,0,1300,.35,2.08,,,,,,10,6.1,19.7,19,,,,,,,,,,,,9,-{비}-{비}{강도0}0300-{비}{강도1}0600-{비}{강도1}0900-{비}{강도0}1200-{비}{강도0}1500-{비}{강도0}1800-2030. {비}2240-{비}{강도0}2400-,
143,대구,2002-08-16,21.4,20.1,348,23.4,1257,12.25,3,1520,6.5,1435,11.5,7.1,140,1430,4.6,140,1432,2.5,2160,110,19.7,79,1237,90.3,23,1003.6,1010.9,2146,1008.9,140,1010.2,13.5,0,1200,1.01,5.18,,,,,,10,5.6,20.6,18.7,,,,,,,,,,,,8.1,-{비}-{비}{강도0}0300-0540. {비}1050-1125. {비}1405-{비}{강도0}1500-{비}{강도0}1800-1905. {비}2030-{비}{강도0}2100-2130. {박무}0630-{박무}{강도0}0900-1120.,
143,대구,2002-08-17,23.7,21.3,344,26.9,1603,1.67,.1,,.1,,.1,8.3,110,1946,5.5,110,1952,3,2592,110,19.7,65,1610,79.1,23,1003.4,1011,945,1008.9,1636,1010,13.5,2.8,1200,1.69,12.98,,,,,,8,3.8,24.2,20.2,,,,,,,,,,,,,{비}0210-{비}{강도0}0300-0320. {비}0510-0540. {박무}0510-{박무}{강도0}0600-{박무}{강도0}0900-1140.,
143,대구,2002-08-18,24,21,554,29.2,1458,,,,,,,10,90,1828,7,110,1833,2.6,2246,110,18.5,53,1528,72.4,21.3,1003.4,1011.4,2214,1008.2,1509,1009.9,13.4,7.4,1000,2.84,20.74,,,,,,6,4.5,24.9,19.2,,,,,,,,,,,,,,
143,대구,2002-08-19,23.4,18.5,450,28.4,1646,,,,,,,9.1,90,1925,6,110,1959,2.5,2160,110,17,53,2038,68.4,19.4,1004.7,1013,2208,1009.7,1535,1011.2,13.4,5.8,1000,2.52,17.35,,,,,,6.1,3.9,20.6,15.3,,,,,,,,,,,,0,,
143,대구,2002-08-20,22.8,20,2344,27,1354,.25,0,,0,,0,8.9,110,1440,5.4,110,1928,3.3,2851,110,14.7,44,1233,61.1,16.8,1006.6,1014.5,2124,1012,1438,1013.2,13.4,4.6,1200,3.15,18.75,,,,,,6.5,4.6,23.1,18.9,,,,,,,,,,,,,{소나기}0525-0540.,
143,대구,2002-08-21,22.8,17.7,609,28.4,1346,,,,,,,5.1,320,1623,3.2,110,2322,1.7,1469,50,16.9,47,1235,70.5,19.3,1005.8,1014.4,8,1010.4,1804,1012.3,13.4,5.6,1000,2.47,17.53,,,,,,5.5,2.5,18.5,16.2,,,,,,,,,,,,,,
143,대구,2002-08-22,24,20.2,638,27.8,1203,3.4,.1,1440,.3,1350,.4,6.1,250,1747,3.3,230,1752,1.6,1382,90,19.4,59,1204,75.5,22.5,1003.6,1012.4,911,1008,2358,1010.1,13.3,.7,1100,1.93,10.45,,,,,,9.1,6.1,17.6,15.3,,,,,,,,,,,,.4,{박무}0520-{박무}{강도0}0600-{박무}{강도0}0900-{박무}{강도0}1200-{박무}{강도0}1500-1520. {비}1256-1450. {비}1740-{비}{강도0}1800-1830. {비}2035-{비}{강도0}2100-2115.,
143,대구,2002-08-23,26,22.5,351,31,1432,.33,0,,0,,0,8.6,270,1603,5.1,250,1634,2.2,1901,270,20.6,53,1427,72.8,24.3,999.4,1008,0,1004.1,1543,1005.9,13.3,2.5,1000,2.08,12.11,,,,,,7,3,25.7,20.7,,,,,,,,,,,,0,{박무}0510-{박무}{강도0}0600-{박무}{강도0}0900-1008. {비}1315-1325. {비}1620-1630.,
143,대구,2002-08-24,27.1,23.3,205,32.7,1617,.88,0,,0,,0,7.3,110,2347,4.8,140,2355,1.7,1469,290,20.6,45,1426,69.3,24.2,999.3,1007.8,2342,1003.9,1510,1005.7,13.2,6.7,1000,2.43,17.14,,,,,,7,5.6,26,20.1,,,,,,,,,,,,0,{박무}0510-{박무}{강도0}0600-{박무}{강도0}0900-{박무}{강도0}1200-1250. {소나기}2305-2358.,
143,대구,2002-08-25,26.4,23.5,226,31.4,1401,.75,0,,0,,0,8.1,140,1718,5.5,110,1756,3.2,2765,110,20.7,50,1405,71.8,24.4,1001.7,1009.9,2353,1006.6,1539,1008.1,13.2,4.6,1200,2.76,16.79,,,,,,7.8,5.4,25.5,20.6,,,,,,,,,,,,,{소나기}0210-0245. {소나기}0710-0720. {박무}0510-{박무}{강도0}0600-{박무}{강도0}0900-{박무}{강도0}1200-1240. {박무}1720-{박무}{강도0}1800-{박무}{강도0}2100-{박무}{강도0}2400-,
143,대구,2002-08-26,26.1,23.4,530,29.8,1236,.52,.1,,.1,,.1,6.9,90,1126,4.6,90,1130,2.9,2506,110,20.7,54,1237,73,24.4,1002.1,1010,33,1006.9,1558,1008.6,13.2,2.8,1200,2.97,14.75,,,,,,6.6,4.5,27.5,21.8,,,,,,,,,,,,.3,-{박무}-{박무}{강도0}0300-{박무}{강도0}0600-0830. {소나기}1625-1643. {소나기}1817-1830.,
143,대구,2002-08-27,28.3,23.3,437,33.5,1542,1.17,.2,,.2,,.2,8.6,180,1551,5.4,200,1552,2.5,2160,110,22.1,47,1543,70.5,26.6,1000.6,1008.6,0,1004.9,1515,1007,13.1,4.6,1400,1.98,13.74,,,,,,7.8,6.4,27.1,22.7,,,,,,,,,,,,0,{비}0410-0520. {박무}0520-{박무}{강도0}0600-{박무}{강도0}0900-0930.,
143,대구,2002-08-28,28.1,25.4,2305,32.5,1221,.42,0,,0,,0,5.6,320,1614,3.3,90,1832,1.5,1296,70,22.8,54,1217,74.3,27.8,1003.2,1010.9,2333,1008.2,1535,1009.7,13.1,2.1,1200,1.84,9.36,,,,,,6.8,5.4,28.4,23.7,,,,,,,,,,,,0,{비}0530-0550. {박무}0520-{박무}{강도0}0600-{박무}{강도0}0900-1120. {천둥}{강도0}(W)1545-1556. {천둥}{강도0}(S)1828-1840. {소나기}1815-1820.,
143,대구,2002-08-29,27.5,24.2,425,32.8,1244,.42,0,,0,,0,12.4,90,1756,7.4,90,1439,3.3,2851,110,22.3,49,1246,74.1,26.8,1003.5,1011.6,824,1008.2,1525,1009.9,13.1,9.2,1100,2.99,20.99,,,,,,6.9,4.6,27.2,20.1,,,,,,,,,,,,,{소나기}0755-0820. {박무}0520-{박무}{강도0}0600-{박무}{강도0}0900-1040.,
143,대구,2002-08-30,25.8,23.6,2320,28.3,1208,6.25,2,1827,4.5,1808,14,8.6,90,27,5.2,110,33,2.8,2419,110,22,67,1411,79.9,26.4,1000.4,1009.3,0,1004.6,2400,1006.8,13,0,1100,.9,4.72,,,,,,9.9,6.6,21.1,16,,,,,,,,,,,,23,{비}1745-{비}{강도0}1800-{비}{강도0}2100-{비}{강도0}2400-,
143,대구,2002-08-31,24.2,22.9,1638,26,648,24,5,1614,25,1604,134.5,21.3,90,1033,15.3,90,1608,5.8,5011,90,21.9,74,702,87,26.3,987,1004.6,0,985.5,1910,993.5,13,0,1000,.27,1.28,,,,,,10,7.5,22.4,21.7,,,,,,,,,,,,126,-{비}-{비}{강도0}0300-{비}{강도0}0600-{비}{강도0}0900-{비}{강도1}1200-{비}{강도1}1500-{비}{강도1}1800-{비}{강도1}2100-{비}{강도0}2400- {폭풍}1608-1620.,
143,대구,2002-09-01,23,20.6,2357,26.1,1340,6.75,.2,124,.5,34,.5,10.3,360,21,6.4,360,1436,2.7,2333,360,19,62,1354,78.6,22,993.5,1009.1,2340,987.6,0,1000,13,.3,1300,1.42,5.82,,,,,,9.1,6.8,15.2,13.8,,,,,,,,,,,,0,-{비}-{비}{강도0}0300-{비}{강도0}0600-0630. {비}1255-1310.,
143,대구,2002-09-02,25.9,19.1,532,32.1,1550,,,,,,,5.6,360,1243,3.4,360,1252,1.1,950,360,20.1,45,1312,72.6,23.5,1004.6,1012.3,938,1009.1,0,1011.1,12.9,10.2,1200,2.74,19.87,,,,,,1.1,1,23.6,16.5,,,,,,,,,,,,,,
143,대구,2002-09-03,26.6,22.7,2343,33.4,1442,,,,,,,9.3,90,1806,6,90,1812,2.2,1901,140,20.4,45,1344,70.8,24,1006.6,1014.9,2301,1011,1540,1013.1,12.9,7.4,1300,2.5,16.91,,,,,,1.6,1.3,25.3,20,,,,,,,,,,,,,{박무}0120-{박무}{강도0}0300-{박무}{강도1}0600-{시정(미만)}{1km}{안개}0610-{안개}{강도0}0900-{시정(이상)}{1km}{박무}0940-{박무}{강도1}1200-{박무}{강도0}1500-{박무}{강도0}1800-1940.,3.5
143,대구,2002-09-04,24.2,21.6,337,28.1,1422,,,,,,,9,90,1656,5.9,110,1652,4,3456,110,19.3,58,1312,74.6,22.4,1008.9,1017,946,1014.1,1604,1015.5,12.9,4.4,1100,2.49,15.09,,,,,,6.4,4.8,21.9,19.5,,,,,,,,,,,,,{박무}0510-{박무}{강도0}0600-{박무}{강도0}0900-{박무}{강도0}1200-{박무}{강도0}1500-1530.,
143,대구,2002-09-05,25.1,21.9,501,29.8,1522,1.75,0,,0,,0,9.7,90,2343,5.9,110,2328,2.6,2246,110,19.5,54,1524,71.9,22.6,1005.4,1016,0,1008.9,1816,1011.9,12.8,5.9,1200,2.44,16.21,,,,,,7.3,4,23.9,20.1,,,,,,,,,,,,2,{비}2130-2230. {소나기}2315-{소나기}{강도0}2400- {천둥}{강도0}(SW)2320-{천둥}{강도0}(SW)2400-,
143,대구,2002-09-06,22.2,20.6,2003,25.4,1348,2.42,1,49,1.5,0,2,9.9,90,1644,6,110,1424,3,2592,110,16.8,55,1401,71.6,19.1,1007,1015.9,2158,1010.5,303,1013.6,12.8,.3,1300,1.54,7.71,,,,,,8.9,6.6,22.8,19.2,,,,,,,,,,,,,-{소나기}-{비}0040-0140. {비}0505-0550. -{천둥}-{천둥}{강도1}(SW)0010-{천둥}{강도0}(SW)0020-0035.,
143,대구,2002-09-07,21.5,18,434,26.2,1136,,,,,,,11,90,1340,6.8,110,1633,3.3,2851,110,13.7,46,1137,62.3,15.7,1010,1017.9,2102,1015.5,1438,1016.7,12.7,10.7,1100,3.09,21.62,,,,,,3.3,3.3,21.3,15.9,,,,,,,,,,,,,,
143,대구,2002-09-08,23.2,16,550,29.6,1523,,,,,,,6.8,290,1413,4.3,290,1414,1.7,1469,50,16,46,1201,66,18.4,1007.2,1017.4,0,1011,1742,1013.8,12.7,11.6,1200,2.9,21.89,,,,,,.5,.3,23.1,14.1,,,,,,,,,,,,,,
143,대구,2002-09-09,23.8,20.5,505,28.3,1555,.42,0,,0,,0,8.3,290,846,5.2,110,2036,2.8,2419,290,16.6,49,1557,64.8,18.9,1004,1012,0,1008.7,1549,1010.6,12.7,8.4,1000,2.27,15.79,,,,,,4.9,4.1,25.2,16.9,,,,,,,,,,,,0,{소나기}2025-2050.,
143,대구,2002-09-10,22.6,17.5,613,27.5,1451,,,,,,,6.5,140,1202,4.3,90,1812,2.9,2506,140,15.2,44,1441,64.5,17.3,1006.1,1014,2359,1011.2,1551,1012.6,12.6,11.4,1200,2.98,21.46,,,,,,1.6,1.6,20.9,12.9,,,,,,,,,,,,,,
143,대구,2002-09-11,24,18.4,349,30.4,1534,,,,,,,5.3,110,5,3.5,110,14,1.7,1469,70,16.9,37,1546,66.6,19.3,1006.5,1014.6,823,1011,1552,1013.1,12.6,8,1200,2.76,17.42,,,,,,4,4,23.2,15.1,,,,,,,,,,,,,{박무}0340-{박무}{강도0}0600-{박무}{강도0}0900-{박무}{강도0}1200-1240.,
143,대구,2002-09-12,22.6,18.5,2359,28.9,1300,4.25,.2,1830,.3,1830,.4,10.7,90,2000,6.8,110,1954,2.9,2506,110,17.6,50,1253,74.3,20.1,1007.2,1015.4,2207,1011.8,1518,1013.7,12.6,4.6,1200,2.56,12.6,,,,,,6.5,5.4,23.7,18.3,,,,,,,,,,,,2.4,{박무}0220-{박무}{강도0}0300-{박무}{강도0}0600-{박무}{강도0}0900-{박무}{강도0}1200-{박무}{강도0}1500-1530. {비}1750-{비}{강도0}1800-2020. {비}2215-{비}{강도0}2400-,
143,대구,2002-09-13,19.9,18.3,225,24.2,1532,7.67,.5,210,1,200,2,15.8,90,1803,6.6,110,1751,3.7,3197,140,15.2,55,1532,75.1,17.4,1008.9,1016.8,2105,1014.6,1543,1015.6,12.5,1.8,1200,1.9,11.5,,,,,,9.1,5.9,18.3,15.2,,,,,,,,,,,,,-{비}-{비}{강도0}0300-{비}{강도0}0600-0740.,
143,대구,2002-09-14,20,18,640,22.7,1458,.25,0,,0,,0,7.6,90,1446,4.8,90,1455,2.4,2074,140,13.7,54,1814,67.6,15.8,1010,1017.7,2042,1015.2,1447,1016.7,12.5,.1,1200,1.25,7.44,,,,,,9.5,5,19.4,17,,,,,,,,,,,,0,{비}1340-1355.,
143,대구,2002-09-15,17.7,15.2,2052,20.6,1013,13.58,1,1758,5,1909,23,7.5,90,2143,4.5,90,2148,1.7,1469,90,15,69,21,84,17,1009.9,1018.2,1112,1015.2,2323,1016.6,12.4,0,900,.45,3.25,,,,,,10,6.8,17.8,14.3,,,,,,,,,,,,56.5,{비}1025-{비}{강도0}1200-{비}{강도0}1500-{비}{강도0}1800-{비}{강도1}2100-{비}{강도1}2400-,
143,대구,2002-09-16,16.6,15,200,18.6,1618,21.83,1.5,436,6,419,40.5,7.8,90,124,5.1,110,132,1.6,1382,140,15.1,83,2034,91.5,17.2,1005.9,1015.6,1,1011,737,1012.6,12.4,0,1300,.54,3.38,,,,,,10,7.5,16.7,14.1,,,,,,,,,,,,7,-{비}-{비}{강도1}0300-{비}{강도1}0600-{비}{강도0}0900-{비}{강도0}1200-{비}{강도0}1500-{비}{강도0}1800-{비}{강도0}2100-2150.,
143,대구,2002-09-17,19.4,14.8,2350,24.4,1410,.17,0,,0,,0,7.5,90,1545,4.5,140,1339,2.2,1901,110,13.1,49,1324,68,15.1,1010.8,1021.2,2357,1014.1,126,1017.5,12.4,4.6,1300,2.38,13.2,,,,,,5.6,3.5,17.5,10.3,,,,,,,,,,,,,{비}0248-0258.,
143,대구,2002-09-18,18.1,11.4,620,24.8,1347,,,,,,,7,90,1733,4.8,90,1646,1.9,1642,90,10.8,38,1207,65.4,13,1015.5,1023.4,916,1020.6,1516,1022.2,12.3,8.5,1200,2.88,17.82,,,,,,3.1,2.3,19.2,9.2,,,,,,,,,,,,,,
143,대구,2002-09-19,18.5,12.3,558,26.2,1515,,,,,,,5.1,90,1210,3.3,90,26,1.5,1296,50,11.2,21,1246,65.9,13.3,1014.8,1024.1,929,1019.1,1736,1021.5,12.3,7.6,1100,2.59,18.12,,,,,,3.9,1.5,19,9.5,,,,,,,,,,,,,{박무}0610-{시정(미만)}{1km}{안개}0640-{시정(이상)}{1km}{박무}0750-0840.,1.17
143,대구,2002-09-20,20.3,13.7,545,27.4,1445,,,,,,,7,110,2115,4.3,110,1941,1.8,1555,140,12.8,26,1429,64.5,14.9,1011.7,1020.6,706,1015.9,1658,1018.4,12.3,9.7,1300,2.66,19.37,,,,,,2.5,.8,19.9,10.4,,,,,,,,,,,,,,
143,대구,2002-09-21,20.2,15.1,528,24.7,1242,,,,,,,7,110,1859,4.7,110,1908,2.2,1901,90,14.4,49,1342,70.6,16.4,1008.7,1018.2,0,1012.8,1545,1015.4,12.2,5.7,1200,2.67,14.43,,,,,,4,2,20.1,12.7,,,,,,,,,,,,,,
143,대구,2002-09-22,17.9,15.4,2349,22,1559,.17,0,,0,,0,8.5,90,1509,5.1,140,1109,2.1,1814,70,13.5,56,1606,76.1,15.6,1005.8,1013.7,27,1011,1722,1012.5,12.2,.9,1500,1.19,7,,,,,,7.9,5.5,16.5,13.1,,,,,,,,,,,,0,{박무}0630-{박무}{강도0}0900-0930. {비}1025-1035.,
143,대구,2002-09-23,18.3,13,559,25,1427,,,,,,,5.9,320,1431,3.7,270,1240,1.6,1382,50,10.1,24,1434,62.4,12.5,1005.9,1014.6,2337,1010.8,1422,1012.6,12.1,9,1100,2.72,17.61,,,,,,3.1,3.1,18.2,10.2,,,,,,,,,,,,,{박무}0720-{박무}{강도0}0900-0930.,
143,대구,2002-09-24,19.3,12.4,519,26.5,1522,,,,,,,6.2,290,1400,3.6,270,1444,1.6,1382,50,9.9,24,1539,57.5,12.3,1010.3,1019.4,2208,1014.5,0,1017,12.1,11.1,1200,2.69,18.89,,,,,,.3,.3,19.5,9.5,,,,,,,,,,,,,,
143,대구,2002-09-25,19.4,13.2,625,25.5,1440,,,,,,,7.9,110,1603,5.1,110,1604,2.6,2246,90,12.3,37,1422,65.8,14.4,1014,1022.1,917,1019.2,0,1020.7,12.1,8.4,1200,2.54,15.91,,,,,,5.8,.6,19.7,12.7,,,,,,,,,,,,,,
143,대구,2002-09-26,19.5,15.4,604,25.6,1323,,,,,,,8.3,90,1518,5.5,110,1755,2.7,2333,90,13.1,40,1418,68.9,15.1,1013.4,1021.9,808,1017.9,1559,1020.1,12,8,1300,2.65,16.67,,,,,,4.9,3.4,19.1,12.8,,,,,,,,,,,,,{박무}0540-{박무}{강도0}0600-0650.,
143,대구,2002-09-27,17.5,13,601,21.3,1449,1,0,,0,,0,6.6,110,1646,4.1,140,1648,1.6,1382,140,13.5,64,1156,77.6,15.5,1010.1,1019.7,0,1014.1,2350,1016.8,12,.4,1100,1.1,6.23,,,,,,8.4,4,16.5,10.4,,,,,,,,,,,,0,{비}2020-{비}{강도0}2100-2120.,
143,대구,2002-09-28,21.2,15.9,639,26.6,1526,1.5,0,,0,,0,8.8,110,2029,5.3,90,1702,2.4,2074,140,15,42,1522,69,17,1006.4,1014.6,833,1011.1,1606,1013,12,9.6,1200,2.74,18.09,,,,,,5.8,3.9,20.6,12.6,,,,,,,,,,,,0,{소나기}2040-{소나기}{강도0}2100-2210. {천둥}{강도0}(NW)2202-2210.,
143,대구,2002-09-29,21,17.7,2355,25.9,1403,,,,,,,6.3,320,1646,3.9,320,1627,2,1728,320,14.8,41,1404,69,16.8,1005.8,1013.9,2320,1010.5,1448,1012.4,11.9,6.3,1100,2.38,14.52,,,,,,4.9,4.9,21.6,16.2,,,,,,,,,,,,,{천둥}{강도0}(NW)0430-{뇌전}{강도0}(NW 3-4)0450-0530.,
143,대구,2002-09-30,19.9,15.1,533,25.7,1350,,,,,,,4.7,270,1011,3,340,1526,1.6,1382,50,13.6,35,1357,69.8,15.7,1006.5,1015,741,1011.7,1545,1013.2,11.9,6.7,1200,2.6,15.58,,,,,,3,2.5,21.3,11.8,,,,,,,,,,,,,{박무}0620-{박무}{강도0}0900-1150.,
143,대구,2002-10-01,19.7,15.6,547,25.6,1321,,,,,,,5.2,320,1600,3.4,320,1603,1.6,1382,320,13.9,42,1519,70.6,15.9,1001.9,1012.4,0,1005.4,1554,1008.5,11.8,5,1100,2.24,11.49,,,,,,4.8,4.8,15.8,13,,,,,,,,,,,,,{박무}0240{박무}{강도0}0300-{박무}{강도0}0600-{박무}{강도0}0900-{박무}{강도0}1200-1350.,
143,대구,2002-10-02,19,13.6,2350,25.7,1458,,,,,,,12,250,1343,7.3,250,1429,2.6,2246,290,9.6,30,1626,57.4,12.3,1003.1,1013.3,2234,1007.1,1405,1009.7,11.8,9.6,1200,2.48,16.01,,,,,,1.9,1.5,19.9,10.4,,,,,,,,,,,,,{박무}0820-{박무}{강도0}0900-1040.,
143,대구,2002-10-03,18.5,10.2,602,26.4,1356,.5,0,,0,,0,10.7,250,1356,6.8,270,1359,2.1,1814,50,9.1,22,1356,56.8,11.8,1006.2,1014.5,750,1009.7,1600,1012.9,11.8,7.7,1200,2.32,14.67,,,,,,3.4,2,19.6,8.9,,,,,,,,,,,,0,{천둥}{강도0}(W)1440-1450. {소나기}1450-{소나기}{강도0}1500-1520.,
143,대구,2002-10-04,20,16.7,2359,25.7,1519,,,,,,,5.4,290,1354,3.2,290,1322,1.6,1382,290,13.4,43,1522,67.3,15.4,1008.6,1016.9,931,1013.7,0,1015.3,11.7,5.8,1200,2.37,12.52,,,,,,3.6,2.1,20.8,12.5,,,,,,,,,,,,,{박무}0540-{박무}{강도0}0600-{박무}{강도0}0900-{박무}{강도0}1200-{박무}{강도0}1500-1730.,
143,대구,2002-10-05,19.1,14.2,612,25.8,1451,1.5,1.5,1921,2.5,1920,2.5,19.7,290,1905,10.6,320,1911,1.4,1210,270,13.7,48,1346,72.5,15.7,1008.7,1017.7,823,1012.3,1620,1015.3,11.7,6.5,1100,1.82,11.7,,,,,,4.6,1.6,19.6,10.4,,,,,,,,,,,,11.5,{박무}0620-{박무}{강도0}0900-{박무}{강도0}1200-{박무}{강도0}1500-{박무}{강도0}1800-1840. {뇌전}{강도0}(W 4-6)1912-{뇌전}{강도1}(W 3-4)1940-1955. {소나기}1910-2040.,
143,대구,2002-10-06,15.4,12.8,2359,17.3,1331,8.08,4,823,7,738,27,8,320,1454,4.3,320,1504,1.4,1210,270,13.3,77,1751,87.3,15.4,1004.5,1014.9,0,1008.9,1335,1011.2,11.7,0,1300,.28,1.57,,,,,,9.1,6.1,14.7,10.9,,,,,,,,,,,,18,{박무}0610-{박무}{강도0}0900-{박무}{강도0}1200-{박무}{강도0}1500-1550. {비}0735-{비}{강도0}0900-{비}{강도0}1200-{비}{강도0}1500-1540.,
143,대구,2002-10-07,15.8,11.5,628,21.5,1429,,,,,,,10.8,320,1254,6.4,270,1411,2.5,2160,320,8.4,30,1351,63.4,11.1,1008.3,1018.8,2331,1011.4,0,1015.1,11.6,9.7,1200,2.5,17.3,,,,,,2.8,2.1,15.7,7.9,,,,,,,,,,,,,{놀}1720-1750.,
143,대구,2002-10-08,14.1,10.5,640,19.5,1443,,,,,,,8.2,290,1122,5.3,270,1126,2.6,2246,290,4.7,32,1358,55.5,8.6,1015.3,1025.3,2355,1018.8,0,1022.1,11.6,10,1200,2.6,17.59,,,,,,.4,0,15.3,6.3,,,,,,,,,,,,,,
143,대구,2002-10-09,13.2,7.8,453,20,1427,,,,,,,6.2,360,1134,3.2,290,1523,1.5,1296,50,5.3,30,1559,62.4,9,1019.9,1028.2,836,1025.1,1421,1026.8,11.5,10.1,1200,2.43,16.13,,,,,,0,0,14.4,3.9,,,,,,,,,,,,,{박무}0640-0840.,
143,대구,2002-10-10,14.8,7.6,557,22.1,1501,,,,,,,6.8,140,1547,4.9,110,1556,2,1728,90,8.3,39,1230,67.4,11,1019.5,1029.2,852,1024.1,1640,1026.3,11.5,9.9,1200,2.51,16.17,,,,,,1.6,.8,16.4,3.5,,,,,,,,,,,,,{박무}0830-{박무}{강도0}0900-0940.,
143,대구,2002-10-11,16.2,10.3,557,22.8,1354,,,,,,,4.3,250,1309,2.7,90,307,1.4,1210,50,10.1,38,1602,69.6,12.4,1014.2,1024.5,0,1018.6,1614,1021,11.5,7.1,1200,2.23,13.18,,,,,,4.1,.5,16.7,7.1,,,,,,,,,,,,,{박무}0540-{박무}{강도0}0600-0650. {박무}0920-{박무}{강도0}1200-1220. {연무}1210-1350.,
143,대구,2002-10-12,17.3,10.8,700,24.2,1511,,,,,,,5.9,270,1627,3.8,270,1634,1.4,1210,50,11.4,41,1656,70.3,13.5,1010.1,1019.5,853,1014.5,1521,1016.9,11.4,8.2,1200,2.31,13.52,,,,,,4.4,1.3,17.2,6.7,,,,,,,,,,,,0,{박무}0630-{박무}{강도0}0900-{박무}{강도0}1200-1420.,
143,대구,2002-10-13,19.9,15.4,410,25.9,1440,.17,0,,0,,0,7,290,1517,3.8,290,1242,1.3,1123,320,14.1,46,1335,70.5,16.1,1007.9,1015.8,838,1012.6,1444,1014.5,11.4,7.5,1200,2.16,13.48,,,,,,4,2.9,19.2,11.7,,,,,,,,,,,,,{비}0410-0420. {박무}0520-{박무}{강도0}0600-{박무}{강도0}0900-0940.,
143,대구,2002-10-14,18.6,13.3,622,26,1526,,,,,,,6.2,250,1513,4.4,250,1515,1.6,1382,50,12.4,33,1507,69.9,14.4,1007.6,1017.3,824,1012.1,2358,1014.3,11.4,8.7,1200,2.03,13.67,,,,,,.1,.1,17.7,9,,,,,,,,,,,,3,{박무}0240-{박무}{강도0}0300-{박무}{강도0}0600-{박무}{강도0}0900-{박무}{강도0}1200-1430.,
143,대구,2002-10-15,17.1,13.9,2308,21.6,1328,1.53,1,641,2.5,631,3,10.8,290,1313,5.8,320,1432,2.6,2246,290,10,39,1535,64,12.3,1006.3,1017.5,2310,1009.7,729,1013,11.3,5.3,1300,1.84,10.05,,,,,,3.3,2.9,15.4,8.2,,,,,,,,,,,,,{비}0515-0525. {비}0620-0742.,
143,대구,2002-10-16,16.8,10.8,657,23,1435,,,,,,,6.8,290,1233,4.3,290,1312,2.2,1901,290,7.4,26,1452,57.3,10.4,1011.4,1020.6,852,1016.2,1542,1018.2,11.3,9.8,1100,2.46,16,,,,,,0,0,17.3,5.6,,,,,,,,,,,,,,
143,대구,2002-10-17,17.8,11.6,615,25.1,1442,,,,,,,5.1,110,1455,3.1,140,1516,1.3,1123,70,10,32,1445,63,12.4,1011.7,1020.9,851,1016.3,1442,1018.4,11.3,8.9,1200,2,12.95,,,,,,.4,0,16.1,7.9,,,,,,,,,,,,,{연무}1110-{연무}{강도0}1200-1350.,
143,대구,2002-10-18,16,13.2,503,18,1439,6.5,.5,2113,2.5,2229,4.5,7.1,50,1210,4.3,50,1213,1.3,1123,70,13.3,74,1434,84.5,15.3,1010.1,1018.7,820,1014.5,1359,1016.9,11.2,0,1000,.6,2.91,,,,,,8.9,5.3,14.8,11.3,,,,,,,,,,,,10,{박무}0240-{박무}{강도0}0300-{박무}{강도0}0600-{박무}{강도0}0900-{박무}{강도0}1200-{박무}{강도0}1500-{박무}{강도0}1800-{박무}{강도0}2100-{박무}{강도1}2400- {비}1730-{비}{강도0}1800-{비}{강도0}2100-{비}{강도0}2400-,
143,대구,2002-10-19,17.5,15.9,2358,19,1127,6.83,1,16,2.5,0,5.5,10.8,90,1519,5.5,90,1144,3,2592,90,13.3,68,1520,76.5,15.3,1009,1018.2,2204,1013.7,411,1015.7,11.2,0,1100,.47,1.87,,,,,,10,5.4,15.1,7.2,,,,,,,,,,,,2.5,-{비}-{비}{강도0}0300-0520. {비}0820-0850. {비}1320-1420. -{박무}-{박무}{강도1}0300-{박무}{강도0}0600-{박무}{강도0}0900-1045.,
143,대구,2002-10-20,14.6,13.3,2204,17,1358,14.17,.5,519,1.5,633,4.5,8.1,110,1104,4.9,90,1113,2.2,1901,110,11.7,72,300,83,13.8,1010.5,1019,814,1016,1413,1017.3,11.1,0,1300,.34,1.87,,,,,,10,5.6,14.3,12.3,,,,,,,,,,,,2.5,{비}0450-{비}{강도0}0600-{비}{강도0}0900-1030. {비}1530-{비}{강도0}1800-{비}{강도0}2100-{비}{강도0}2400-,
143,대구,2002-10-21,14,9.5,2400,19.6,1400,1.83,.3,40,.5,20,.5,9.1,290,2226,5.3,290,2255,2.3,1987,270,9.1,52,2234,72.9,11.8,1008.2,1017.5,2358,1012,1421,1015,11.1,1.2,1200,1.65,7.82,,,,,,8,5,13.8,7.3,,,,,,,,,,,,0,-{비}-0130. {비}1430-1450.,
143,대구,2002-10-22,8.6,5.1,634,14.1,1527,,,,,,,9.7,320,18,5,320,32,2.9,2506,320,-3.8,24,1438,42.5,4.6,1012.3,1020.8,2339,1017.5,0,1019.2,11.1,9.7,1200,2.34,15.08,,,,,,2.5,0,10.6,2.2,,,,,,,,,,,,,,
143,대구,2002-10-23,6.7,3.1,2400,11.7,1514,,,,,,,7.2,290,1140,4.5,290,828,2.4,2074,290,-6,20,1420,42.5,4,1013.3,1021.4,854,1018,1422,1020.3,11,3.2,1100,1.81,10.43,,,,,,4.3,1.3,7.6,.7,,,,,,,,,,,,,,
143,대구,2002-10-24,8.1,1.1,601,16.1,1600,.17,0,,0,,0,5.1,290,1419,3.5,290,1423,1.5,1296,50,1,31,1258,62.5,6.7,1015,1023.9,2339,1020.2,1443,1022.1,11,7.6,1200,2.16,11.54,,,,,,1.5,1.1,8.5,-1.9,,,,,,,,,,,,0,{비}1110-1120.,
143,대구,2002-10-25,12.1,5.2,648,20,1438,,,,,,,4.5,140,2351,3.5,90,2400,1.1,950,50,4.6,26,1440,63.8,8.5,1015.6,1025.6,843,1018.8,2359,1022.5,11,8.8,1200,2.02,12.66,,,,,,2,0,12.5,1.5,,,,,,,,,,,,.5,{박무}0520-{박무}{강도0}0600-0810. {연무}1050-{연무}{강도0}1200-1350.,
143,대구,2002-10-26,10.1,7.5,611,14,1337,1.5,.3,716,.5,640,.5,13,290,1338,7,290,1411,3.5,3024,290,1.4,24,1456,58,7.1,1007.4,1018.8,0,1012.3,1434,1014.3,10.9,7.8,1200,2.4,13.95,,,,,,5.4,2.6,11.5,4.9,,,,,,,,,,,,0,{박무}0630-{박무}{강도0}0900-0930. {비}0630-0750. {비}2350-{비}{강도0}2400-,
143,대구,2002-10-27,6.6,4.8,2348,10,1406,.33,0,,0,,0,11.3,320,859,6.4,290,905,3.8,3283,290,-2.9,38,1449,50.5,4.9,1008.9,1017.5,2224,1014.4,1454,1015.9,10.9,4.1,1100,1.69,9.32,,,,,,5.4,5,8.5,2.4,,,,,,,,,,,,,-{비}-0020.,
143,대구,2002-10-28,6.2,3.6,356,10,1336,,,,,,,15.9,290,1553,6.8,290,1200,4,3456,290,-5.3,24,1340,44.8,4.2,1011.8,1022,2133,1016.6,1358,1018.8,10.9,8.2,1200,2.38,13.56,,,,,,2.6,2.5,6.3,.2,,,,,,,,,,,,,,
143,대구,2002-10-29,7.5,2.9,541,13.3,1517,,,,,,,8.5,290,1305,5.3,290,1139,2.6,2246,290,-4.9,25,1218,43.9,4.3,1017,1026.6,2354,1021.3,13,1024.1,10.8,10.1,1200,2.37,15.39,,,,,,.3,0,6.9,-1.3,,,,,,,,,,,,,,
143,대구,2002-10-30,9.2,.8,606,16.4,1520,,,,,,,6.1,90,1338,3.3,110,1406,1.7,1469,110,-.2,32,1209,54.3,6.2,1020.3,1029.5,724,1024.9,1408,1027.4,10.8,9.4,1100,2.01,13.41,,,,,,2.4,.6,8.8,-2.2,,,,,,,,,,,,,,
143,대구,2002-10-31,12.8,6.3,619,19.3,1446,,,,,,,4.5,290,1310,3.1,270,1415,1.3,1123,50,4.6,38,1405,59.5,8.5,1014.5,1027.9,5,1017.2,2341,1021.4,10.8,7.4,1100,2.04,11.66,,,,,,6.8,4.1,13.6,2.6,,,,,,,,,,,,,,
143,대구,2002-11-01,9,3.7,2351,13.7,0,,,,,,,13.9,320,1601,7.8,290,1313,4.1,3542,290,-3.5,20,1206,43.9,5.1,1010.4,1019.9,2329,1015.3,1446,1017.3,10.7,9,1200,2.29,14.53,,,,,,1.9,1.1,12.2,.2,,,,,,,,,,,,,,
143,대구,2002-11-02,6.3,1.6,613,11.4,1506,,,,,,,10.8,270,1321,7.4,290,1324,3.3,2851,290,-5.2,25,1315,44.5,4.3,1009.7,1019.8,0,1013.9,1518,1016.7,10.7,8.7,1200,2.22,14.24,,,,,,3.1,1.9,8.3,-1.8,,,,,,,,,,,,0,,
143,대구,2002-11-03,6.4,4,2356,10.6,1204,2.17,,,,,.3,12,270,1238,6.6,290,1250,3.1,2678,270,-.9,33,1239,60.5,5.7,1007.7,1016.9,2354,1011.6,1317,1014.7,10.7,4,1000,1.81,7.57,,,,,,5.6,4,8.2,2.4,,,,,,,,,,,,.3,{비}0440-0510. {비}1240-1420.,
143,대구,2002-11-04,4,1.1,557,8.4,1256,,,,,,,12.9,270,1241,7.7,290,1252,4.3,3715,290,-6.1,32,1244,46.3,3.9,1013.6,1024.3,2309,1016.8,0,1020.8,10.6,8.5,1200,2.42,13.35,,,,,,2.5,2.5,6.3,-1.5,,,,,,,,,,,,,,
143,대구,2002-11-05,5.6,.8,638,11.5,1455,,,,,,,7.4,290,1023,4.6,270,1443,2.3,1987,320,-6,23,1431,45.1,3.9,1019.8,1028.6,2349,1024.1,1,1026.9,10.6,9.6,1200,2.16,13.82,,,,,,1.4,.3,4.6,-4.4,,,,,,,,,,,,,,
143,대구,2002-11-06,8.7,2,554,16,1438,,,,,,,4.5,90,838,3.1,90,826,1.4,1210,90,.3,34,1349,57,6.4,1021,1030.6,901,1025.9,1611,1028,10.6,8.6,1100,1.83,11.25,,,,,,2.3,.9,9.7,-.5,,,,,,,,,,,,,,
143,대구,2002-11-07,10.3,5.2,716,15.6,1639,3.17,,,,,2.5,9.1,290,2124,4.6,290,2132,1.6,1382,70,6.9,54,2240,79.5,10.2,1010.6,1026.6,0,1012.3,1715,1017.5,10.5,1.9,1300,1.14,5.21,,,,,,6.3,4.3,10,3.6,,,,,,,,,,,,2.5,{비}0950-1040. {비}1130-{비}{강도0}1200-1240. {비}1410-1450. {비}1540-1610.,
143,대구,2002-11-08,5.9,1.6,2331,10.9,102,.67,,,,,0,14.2,290,1704,7.3,320,1705,4.5,3888,320,-3,36,1206,52.4,5,1007.8,1018.1,2354,1012.5,14,1014.8,10.5,2.4,1100,1.27,6.6,,,,,,4.8,4.8,5.9,-.3,,,,,,,,,,,,0,{비}1540-1550. {눈}1940-2010.,
143,대구,2002-11-09,4,-.7,637,8.3,1502,,,,,,,11.4,290,1432,6.6,290,1428,3.4,2938,290,-9.1,18,1323,38.5,3.2,1012.8,1022.1,854,1018,1555,1019.9,10.5,9.6,1200,2.19,13.85,,,,,,0,0,5.5,-4.4,,,,,,,,,,,,,,
143,대구,2002-11-10,7,-.3,647,14.6,1358,,,,,,,6.7,270,1410,4.3,270,1443,1.4,1210,50,-.6,35,1350,59.9,5.9,1012.8,1022.3,827,1017.5,2334,1019.8,10.4,9.1,1200,1.94,12,,,,,,1.9,1.9,5,-2.9,,,,,,,,,,,,,,
143,대구,2002-11-11,15,6.1,614,21.6,1257,,,,,,,10.6,290,2350,6,250,1404,2.7,2333,250,5.8,28,2350,56.8,9.5,1004.7,1017.6,0,1007.7,1651,1011.4,10.4,6.9,1200,1.65,9.27,,,,,,1.4,.9,12.3,2.2,,,,,,,,,,,,,{황사}2130-{황사}{강도0}2400-,
143,대구,2002-11-12,8.7,4.9,2359,15.1,2,,,,,,,11.7,320,234,6.5,290,10,3.5,3024,320,-7.2,19,1353,32.8,3.6,1010.4,1018.9,2024,1011.2,0,1017.4,10.4,6.1,1100,1.7,10.18,,,,,,1.9,.3,9.1,2.4,,,,,,,,,,,,,-{황사}-{황사}{강도0}0300-{황사}{강도0}0600-{황사}{강도0}0900-{황사}{강도0}1200-{황사}{강도0}1500-1720.,
143,대구,2002-11-13,5.5,2.3,2328,9.9,1406,,,,,,,11.9,290,1309,7.2,290,1334,3.5,3024,290,-7.6,21,1254,39.6,3.5,1011.6,1021,915,1016.8,1426,1018.6,10.4,9.4,1100,2.06,12.86,,,,,,1.5,1.5,5.3,-.5,,,,,,,,,,,,,,
143,대구,2002-11-14,6.1,0,605,11.1,1412,,,,,,,8.3,270,1416,5,270,1425,2.3,1987,270,-4,28,1355,49,4.6,1009.4,1019.6,946,1013.9,1557,1016.5,10.3,7.6,1100,1.79,9.99,,,,,,3.8,1.6,6.1,-2.2,,,,,,,,,,,,,,
143,대구,2002-11-15,4.6,1.5,752,9.6,1356,,,,,,,9.3,320,1254,5.6,320,1257,3.4,2938,320,-9.9,13,1218,34.5,3,1012.6,1022.5,2346,1014.6,44,1019.7,10.3,6.1,1100,2.22,10.82,,,,,,5.1,2.3,4.9,.7,,,,,,,,,,,,,,
143,대구,2002-11-16,4.4,.6,628,10.3,1421,,,,,,,6.5,290,828,4.2,290,811,2.6,2246,290,-11.8,12,1408,29.5,2.5,1016.9,1025.3,907,1022.5,0,1024.1,10.3,9.6,1100,1.99,12.49,,,,,,.5,0,4.2,-2.1,,,,,,,,,,,,,,
143,대구,2002-11-17,5.4,-2,647,13.4,1259,4.5,,,,,0,9.4,270,2329,5.8,290,2305,2.4,2074,90,-3.5,28,1135,53.4,4.9,1014.6,1025.2,1,1017.9,1431,1021.7,10.2,5.5,1200,1.81,8.42,,,,,,4.3,2.5,4.9,-3.6,,,,,,,,,,,,0,{비}1350-{비}{강도0}1500-{비}{강도0}1800-1820.,
143,대구,2002-11-18,2.6,-.4,2340,6.2,1407,2.17,,,,,0,12.5,270,1017,7.1,320,243,4.1,3542,320,-9,20,1411,41.3,3.2,1021.1,1031.8,2250,1021.3,1,1028.3,10.2,8,1100,2.01,11.72,,,,,,3.4,2.5,4.6,-2.9,,,,,,,,,,,,0,{눈}0550-{눈}{강도0}0600-0640. {눈}0810-{눈}{강도0}0900-0930.,
143,대구,2002-11-19,2.7,-3.6,712,8,1528,,,,,,,6.1,250,1309,4.3,250,1312,2.4,2074,290,-10,15,1354,41.4,2.9,1023.7,1032.7,916,1028.6,1657,1030.9,10.2,8.4,1100,1.93,11.04,,,,,,2.5,0,2.5,-5.4,,,,,,,,,,,,,,
143,대구,2002-11-20,5.8,0,614,10.3,1248,.17,,,,,0,10.2,320,1712,3.1,290,1809,1.5,1296,290,-2.2,45,1029,56.5,5.3,1021.5,1031.3,27,1025.2,1647,1028.6,10.2,2.2,1200,1.16,6.6,,,,,,7.3,1.8,5.4,-3.1,,,,,,,,,,,,0,{비}1410-1420.,
143,대구,2002-11-21,7.1,4.5,2349,10.9,1454,,,,,,,9.3,290,711,4.6,320,938,2.5,2160,290,-2.9,18,1559,45.8,5.1,1020.7,1029,731,1026,1542,1027.8,10.1,8.4,1100,1.93,11.14,,,,,,5.6,0,8,2,,,,,,,,,,,,,{달무리}0020-0410. {달무리}2320-,
143,대구,2002-11-22,6.3,.3,634,11.9,1500,,,,,,,6,140,1343,3.8,140,1411,1.7,1469,50,0,43,15,65,6.3,1019.5,1029,819,1024.9,1500,1026.6,10.1,5,1000,1.5,8.58,,,,,,3.4,1.9,5.9,-3.1,,,,,,,,,,,,,-{달무리}-0220. {박무}0830-{박무}{강도0}0900-1020.,
143,대구,2002-11-23,6.3,.8,612,13.9,1508,,,,,,,3.6,50,1137,2.8,90,640,1.2,1037,90,1.6,38,1600,74.3,6.9,1016,1026.2,853,1020.4,1515,1023,10.1,6.2,1200,1.77,8.99,,,,,,1.6,1.3,5.9,-2.1,,,,,,,,,,,,,{박무}0510-{박무}{강도0}0600-{시정(미만)}{1km}{안개}0615-{시정(미만)}{0.5km}{안개}0620-{시정(미만)}{0.2km}{안개}0625-{시정(미만)}{0.1km}{안개}0635-{안개}{강도2}0900-{시정(이상)}{0.1km}{안개}0920-{시정(이상)}{0.2km}{안개}0940-{시정(이상)}{0.5km}{안개}1015-{시정(이상)}{1km}{박무}1025-{박무}{강도0}1200-1320.,4.17
143,대구,2002-11-24,7.6,1.7,635,14.4,1418,,,,,,,6.1,320,2333,4.1,320,2341,1.8,1555,290,-.2,23,1514,61.9,6.1,1011.1,1021.2,0,1015.8,1409,1018.1,10.1,6.1,1300,1.52,8.87,,,,,,5,.8,6.8,-.2,,,,,,,,,,,,,{박무}0620-{박무}{강도0}0900-{박무}{강도0}1200-1240. {연무}1230-1440.,
143,대구,2002-11-25,5.1,2.2,2357,9.5,1421,,,,,,,9.8,320,1333,6,20,1210,3.5,3024,290,-7.5,22,1544,40.3,3.6,1011.1,1019.8,2347,1016.4,1446,1018.1,10,9.4,1200,1.97,11.73,,,,,,0,0,5,-1.4,,,,,,,,,,,,,,
143,대구,2002-11-26,3.6,-.8,731,9.9,1431,.67,,,,,0,16,320,1709,7,320,1718,2.7,2333,290,-6.3,24,1428,48,3.8,1011.4,1020.1,2354,1015.6,1431,1018.5,10,6.3,1200,1.74,9.39,,,,,,2.9,2.1,4.3,-3.9,,,,,,,,,,,,0,{비}1705-1745.,
143,대구,2002-11-27,2.6,0,724,6.1,1456,,,,,,,12.5,320,1121,7.4,320,1127,4.3,3715,290,-11.2,17,1322,31.6,2.6,1016.4,1026.9,2337,1020.1,0,1023.5,10,9.5,1200,1.99,12.05,,,,,,.3,.3,4.2,-4.2,,,,,,,,,,,,,,
143,대구,2002-11-28,3.9,-1.8,701,10,1410,,,,,,,4.8,250,1153,3.4,250,1154,1.7,1469,50,-9,20,1523,39.1,3.1,1019.7,1028.5,936,1025,1605,1026.9,10,8.9,1200,1.82,10.5,,,,,,.8,.4,4.2,-6.2,,,,,,,,,,,,,,
143,대구,2002-11-29,6.9,-.5,717,12.6,1542,,,,,,,3.7,50,1931,2.3,50,430,1,864,50,-1.5,33,1155,56.3,5.7,1017.7,1028,853,1022.3,2011,1024.8,10,4.6,1100,1.63,7.24,,,,,,5.4,2.3,4.6,-5.2,,,,,,,,,,,,,{채운}1555-1620.,
143,대구,2002-11-30,8.5,2.5,2357,12.5,1323,,,,,,,5.9,290,1440,3.9,290,919,1.9,1642,290,-5.1,16,1324,43.1,4.8,1014.7,1023.5,951,1020,1610,1021.7,9.9,6.7,1200,1.78,9.49,,,,,,3.9,2.9,7.9,-2.2,,,,,,,,,,,,,{박무}0630-0750.,
143,대구,2002-12-01,4.9,-1.7,723,12.8,1455,,,,,,,6.1,270,1415,4.3,270,1430,1.5,1296,50,-8.7,13,1524,40.5,3.2,1015.5,1024.9,2355,1020.2,1329,1022.6,9.9,9,1200,1.83,10.72,,,,,,1,0,3.8,-6.1,,,,,,,,,,,,,,
143,대구,2002-12-02,5.5,-.1,725,12.6,1458,,,,,,,3.2,50,1741,2.4,50,1746,1.1,950,50,-4.4,24,1616,50,4.4,1020.1,1028.4,903,1024.8,4,1027.2,9.9,6.9,1200,1.42,7.95,,,,,,3.4,0,4.7,-3.7,,,,,,,,,,,,,{연무}0940-{연무}{강도0}1200-{연무}{강도0}1500-1640.,
143,대구,2002-12-03,4.3,0,738,7.1,1616,6.67,,,,,7.5,3.8,50,1726,2.5,90,13,1.1,950,90,.5,63,1224,76.5,6.4,1016.6,1028.8,836,1016.9,2400,1023.8,9.9,0,1200,.59,2.96,,,,,,8.3,5.4,3,-1.2,,,,,,,,,,,,18,{박무}0820-{박무}{강도0}0900-{박무}{강도0}1200-{박무}{강도0}1500-{박무}{강도0}1800-{박무}{강도0}2100-{박무}{강도2}2400- {비}1630-{비}{강도0}1800-1820. {비}1910-{비}{강도0}2100-{비}{강도0}2400-,
143,대구,2002-12-04,10.1,5.5,1,15.8,1539,6.67,,,,,10.5,5.5,270,1605,3.8,270,321,2.2,1901,270,7,61,1540,82,10.1,1007.9,1017.3,2255,1013.1,1440,1014.8,9.9,3.7,1300,1.57,7.26,,,,,,6.8,3.5,9.1,5,,,,,,,,,,,,,-{박무}-{박무}{강도2}0300-{박무}{강도0}0600-{박무}{강도0}0900-1040.  -{비}-{비}{강도0}0300-{비}{강도0}0600-0640.,
143,대구,2002-12-05,10.4,7.8,624,14.6,1332,,,,,,,8,90,2209,5.4,110,2217,2.3,1987,270,5.2,49,1334,70.9,8.9,1013.1,1023.8,2340,1016.8,20,1020,9.9,2.3,1200,1.37,6.25,,,,,,7.1,5.8,7.7,3.7,,,,,,,,,,,,,{박무}0330-{박무}{강도0}0600-0740.,
143,대구,2002-12-06,9,7.8,151,11,1303,1.83,,,,,.1,7.8,90,1107,5.6,90,1115,2.8,2419,110,4.6,61,1231,74.1,8.5,1017.4,1026.1,1021,1023.1,1446,1024.3,9.8,0,1100,.87,3.45,,,,,,9.3,6.1,6.3,4.2,,,,,,,,,,,,.1,{비}1530-1550. {비}1640-{비}{강도0}1800-1810.,
143,대구,2002-12-07,7.3,6.2,2317,8.3,52,12.83,,,,,2.5,5.5,320,1304,3.4,90,2217,1.7,1469,90,4.7,74,2215,83.5,8.6,1016.1,1024.8,2347,1021.3,1235,1023.1,9.8,0,1100,.27,1.49,,,,,,10,4.6,6.4,5.4,,,,,,,,,,,,3.5,{비}0730-{비}{강도0}0900-{비}{강도0}1200-{비}{강도0}1500-{비}{강도0}1800-2020.,
143,대구,2002-12-08,3.8,2.4,2214,6.5,1,22.33,,,,,4,6.3,90,151,4.4,90,23,2,1728,320,1.3,71,108,83.5,6.7,1016.6,1026.1,830,1021.1,2257,1023.7,9.8,0,900,.43,2.66,,,,,,10,6.3,4.9,1.5,,,,,,,,,,,,3,{비}0140-{비}{강도0}0300-{비}{강도0}0600-{비}{강도0}0900-{비}{강도0}1200-{비}{강도0}1500-{비}{강도0}1800-{비}{강도0}2100-{비}{강도0}2400-,
143,대구,2002-12-09,-1.5,-4.4,2352,2.8,40,.92,,,,,0,12.7,290,1017,6.9,290,1643,4.7,4061,290,-11.9,26,1417,46.1,2.6,1016.9,1026.7,2000,1021.1,30,1024.2,9.8,9.2,1200,1.92,11.4,,,,,,1.6,1.6,.1,-6,,,,,,,,,,,,,-{비}-0055.,
143,대구,2002-12-10,-4,-6.2,734,-.9,1423,,,,,,,11,290,1058,7.1,290,1129,4,3456,290,-16.6,22,1447,40.6,1.7,1019.7,1028.3,2058,1025.5,341,1027.1,9.8,9.1,1200,1.88,11.1,,,,,,.3,.3,-3.7,-7.7,,,,,,,,,,,,0,,
143,대구,2002-12-11,-2.6,-5.2,735,1.7,1334,.17,,,,,0,10.8,320,1308,6.6,320,1536,3.2,2765,320,-14.4,18,1528,41.8,2.1,1020.9,1030.8,2112,1026.2,1410,1028.3,9.8,8.9,1200,1.88,10.73,,,,,,1.3,1.1,-1.6,-6.7,,,,,,,,,,,,,{눈}0530-0540.,
143,대구,2002-12-12,-1.7,-5.6,559,3.4,1329,,,,,,,12.4,320,1446,6.9,320,1419,2.8,2419,290,-13,22,1437,44.6,2.3,1023.7,1034.1,2306,1028.6,1321,1031.1,9.8,8.5,1100,1.69,9.67,,,,,,.8,.8,-2.1,-8.7,,,,,,,,,,,,,,
143,대구,2002-12-13,-1,-4.8,638,4.7,1516,,,,,,,6.2,270,1421,4,290,1542,1.8,1555,270,-11.2,25,1511,46.3,2.6,1027.5,1036.4,2114,1033.4,1353,1034.8,9.8,9.1,1200,1.83,10.66,,,,,,0,0,-1.1,-7.4,,,,,,,,,,,,,,
143,대구,2002-12-14,.8,-5.5,741,8.1,1524,,,,,,,5.5,290,1348,4,270,1357,1.8,1555,270,-9.6,20,1451,48.3,3,1025.9,1035.8,0,1030.7,1628,1033.2,9.8,9,1200,1.84,10.39,,,,,,0,0,.7,-7.1,,,,,,,,,,,,,,
143,대구,2002-12-15,3.5,-2.5,626,10.5,1456,.33,,,,,0,4.8,290,1110,3.3,270,1128,1.2,1037,290,-6,27,1354,52.8,3.9,1021.2,1031.9,904,1024,2348,1028.4,9.8,7.2,1200,1.73,9.35,,,,,,3.8,1.8,2.6,-6.8,,,,,,,,,,,,2,{비}2340-{비}{강도0}2400-,
143,대구,2002-12-16,5.7,3,300,9.4,1715,6.33,,,,,2.5,11.1,290,1928,6.8,290,1958,2.4,2074,290,2.1,58,0,78.4,7.2,1009.7,1024,0,1012.1,1412,1016.7,9.7,.9,1300,1.12,2.69,,,,,,9,6.3,4.5,1.7,,,,,,,,,,,,.5,-{비}-0120. {비}0430-{비}{강도0}0600-0710. {비}0820-{비}{강도0}0900-1040. {박무}1030-{박무}{강도0}1200-{박무}{강도0}1500-{박무}{강도0}1800-{박무}{강도0}2100-2240.,
143,대구,2002-12-17,6.2,1.9,759,9.5,1412,,,,,,,11.9,290,110,5.7,320,247,2.2,1901,110,-.9,49,1159,61.5,5.8,1017.8,1028.5,924,1020.9,0,1024.9,9.7,7.2,1200,1.71,8.83,,,,,,6,4.5,4.4,.4,,,,,,,,,,,,,,
143,대구,2002-12-18,6,2.9,648,8.2,1443,,,,,,,9.1,320,1050,5.4,320,1057,1.9,1642,270,-1.1,47,1239,61.8,5.7,1016.5,1025.5,946,1022.3,1548,1023.6,9.7,4.3,1100,1.42,7.41,,,,,,6.5,3,4.1,-1.5,,,,,,,,,,,,,{박무}0720-{박무}{강도0}0900-1040.,
143,대구,2002-12-19,6.3,2.4,738,11.6,1427,,,,,,,6.6,90,1246,4.3,110,1255,2,1728,110,-.8,40,1422,61.6,5.8,1018.9,1028.5,2324,1023.6,20,1026,9.7,8.1,1200,1.63,8.87,,,,,,3.9,0,5.2,.6,,,,,,,,,,,,,{박무}0910-1130.,
143,대구,2002-12-20,5.8,0,454,9.6,1541,,,,,,,7.6,90,1717,4.4,90,1721,1.9,1642,90,.5,56,1309,69.1,6.4,1021.3,1031.3,941,1025.8,2333,1028.4,9.7,1.3,1200,1.24,4.86,,,,,,6.9,2.8,4.4,-1.9,,,,,,,,,,,,,,
143,대구,2002-12-21,9.4,6.3,740,11.5,1030,,,,,,,8.7,70,1126,5.7,110,1022,2.8,2419,90,1.6,48,1413,58.8,6.9,1017.5,1025.8,0,1023,1342,1024.5,9.7,1.7,900,.95,4.81,,,,,,7.5,6.8,8.7,3.8,,,,,,,,,,,,0,,
143,대구,2002-12-22,7,4.8,2359,9.2,1245,3.67,,,,,0,7.9,140,1239,4.4,110,1656,2.4,2074,140,1.4,53,1448,67.9,6.8,1019.9,1028.5,2008,1025.4,3,1027,9.7,.9,1000,1.07,4.27,,,,,,7.1,5.6,5.8,3.5,,,,,,,,,,,,,{비}0050-{비}{강도0}0300-0430.,
143,대구,2002-12-23,6.1,2,512,10.2,1431,2.33,,,,,0,6.3,110,1338,4.1,110,1339,2.2,1901,140,1.4,54,1524,72.5,6.8,1017.3,1027.5,229,1021.1,2351,1024.4,9.7,2.6,1200,1.55,6.92,,,,,,7.9,4.9,4.7,.1,,,,,,,,,,,,.5,{비}2140-{비}{강도0}2400-,
143,대구,2002-12-24,5.7,4.2,2129,8.1,1341,4.5,,,,,.5,9.5,290,1312,5.7,320,1321,2.5,2160,320,-.3,44,1339,66.6,6.1,1014.1,1022.7,2157,1019.9,511,1021.2,9.7,4.2,1300,1.45,7.07,,,,,,8.3,6.3,5.7,3.2,,,,,,,,,,,,.5,-{비}-{비}{강도0}0300-0310. {비}0420-0540.,
143,대구,2002-12-25,.5,-3.3,2333,4.2,0,4.5,,,,,1,14,290,1250,7.7,290,1443,3.4,2938,320,-5.7,45,1424,63.4,4.1,1015,1027.9,2139,1017.4,426,1022.2,9.7,4.3,1300,1.44,6.24,.1,1220,.1,1220,.1,6.3,4.8,-.2,-4.5,,,,,,,,,,,,.5,{비}0530-{비}{강도0}0600-{눈}0640-0720. {눈}1010-1110. {눈}1150-{눈}{강도0}1200-1330.,
143,대구,2002-12-26,-2.1,-3.9,2338,1.6,1442,,,,,,,10.4,320,1542,6.2,290,2028,4.2,3629,290,-12.7,27,1446,45.9,2.3,1019.6,1028.5,910,1025.2,1303,1026.9,9.7,9.1,1200,1.86,10.98,,,,,,.8,.8,-3.3,-6.4,,,,,,,,,,,,,,
143,대구,2002-12-27,-2.1,-5.8,644,2.4,1358,,,,,,,8.7,290,517,5.3,290,522,3.2,2765,290,-16.1,19,1407,35,1.8,1020.9,1030.7,958,1026.8,2351,1028.2,9.7,9.2,1200,1.86,11.02,,,,,,0,0,-2.4,-8.2,,,,,,,,,,,,,,
143,대구,2002-12-28,.4,-4,735,4.7,1335,,,,,,,11.5,290,2032,6.3,290,2037,3,2592,290,-7.5,45,1227,54.6,3.5,1015.4,1026.8,0,1020.3,1340,1022.6,9.7,7.3,1100,1.64,8.82,,,,,,3.5,2.3,-.4,-5.8,,,,,,,,,,,,,,
143,대구,2002-12-29,1.5,-1.7,751,6,1459,,,,,,,7.4,250,1233,4.8,270,1301,2.2,1901,270,-11.5,14,1505,37.3,2.6,1016.9,1026.3,943,1021.8,0,1024.1,9.8,8.8,1200,1.86,10.84,,,,,,.8,.4,1.4,-6.8,,,,,,,,,,,,,,
143,대구,2002-12-30,-.3,-5.3,626,4.7,1338,,,,,,,7.6,270,1347,4.5,290,1253,2.2,1901,290,-10.2,24,1539,46.3,2.8,1015.9,1025.1,815,1020.7,1424,1023.1,9.8,8.4,1200,1.82,10.01,,,,,,1.9,0,-1.9,-7.3,,,,,,,,,,,,,,
143,대구,2002-12-31,.2,-3.6,359,4.6,1439,,,,,,,9,320,1506,5.3,290,1237,2.9,2506,290,-8.5,31,1459,52.5,3.2,1015.3,1023.8,2300,1020.3,1428,1022.5,9.8,8.8,1200,1.76,9.8,,,,,,1.5,1.5,-.4,-8.1,,,,,,,,,,,,,,
143,대구,2003-01-01,-1.2,-3.6,748,3.2,1452,,,,,,,10.1,290,1406,5.9,320,1002,3.4,2938,290,-13,25,1506,41.8,2.3,1018.8,1031.3,2359,1023.5,437,1026.1,9.8,9,1200,1.89,10.92,,,,,,0,0,-.7,-5.7,,,,,,,,,,,,,,
143,대구,2003-01-02,-.9,-7.7,815,4.7,1507,,,,,,,5,320,38,3.7,50,821,1.3,1123,320,-11.4,29,1235,45.6,2.7,1023.2,1035.3,745,1025.8,2322,1030.6,9.8,7.7,1200,1.73,9.59,,,,,,3.5,1.3,-.7,-9.3,,,,,,,,,,,,0,,
143,대구,2003-01-03,.2,-3.1,2342,4.7,1333,2.08,,,,,0,13.6,320,1853,8.1,320,1858,3.1,2678,290,-6.9,40,1213,59.1,3.7,1012.3,1025.9,0,1015.3,1343,1019.5,9.8,2.8,1000,1.27,5.49,,,,,,7.3,6.1,-.3,-3.6,,,,,,,,,,,,0,{눈}0025-0050. {눈}1420-{눈}{강도0}1500-1520. {눈}1840-1920.,
143,대구,2003-01-04,-5.1,-8.2,2351,-1.2,1247,,,,,,,15,290,2334,7.6,290,1430,4.9,4234,290,-15.2,31,1248,47.3,1.9,1013.4,1023.7,2150,1018.1,1315,1020.8,9.8,6.3,1100,1.95,10.04,,,,,,4.9,4.5,-5.7,-8.9,,,,,,,,,,,,,{채운}1415-1425.,
143,대구,2003-01-05,-8.3,-10.4,655,-4.3,1502,,,,,,,16.8,290,1027,8.1,290,33,5.2,4493,290,-21.3,27,1404,38.8,1.1,1021.5,1033.2,2215,1023.5,24,1029,9.8,9.3,1200,1.94,11.65,,,,,,0,0,-7.6,-12.2,,,,,,,,,,,,,,
143,대구,2003-01-06,-5.9,-10.9,553,0,1454,,,,,,,8.7,320,1517,5.3,290,1438,3.2,2765,290,-20.6,15,1637,35.6,1.2,1024.7,1033.8,1006,1030.1,1453,1032.2,9.8,8.9,1200,1.93,11.35,,,,,,.4,0,-6.1,-13,,,,,,,,,,,,,,
143,대구,2003-01-07,-3,-7.3,713,2.1,1454,,,,,,,8.6,290,1337,5.4,290,1340,2.8,2419,290,-16.5,24,951,36.8,1.8,1023.7,1032.9,856,1029,1546,1031.1,9.9,7.9,1200,1.82,10.26,,,,,,.4,0,-3.9,-9.4,,,,,,,,,,,,,,
143,대구,2003-01-08,-1.8,-8.6,716,4.1,1423,,,,,,,7.1,270,1240,4.8,270,1242,2.3,1987,290,-14.2,17,1504,41.9,2.1,1021.5,1031.2,220,1026.2,1525,1028.9,9.9,9.2,1200,1.93,11.09,,,,,,0,0,-4.3,-10.2,,,,,,,,,,,,,,
143,대구,2003-01-09,1.1,-3.2,430,5.4,1338,,,,,,,9.5,320,650,5.4,320,1302,3.3,2851,290,-7.5,38,1235,52.3,3.5,1016.6,1027.5,0,1021.1,2330,1023.8,9.9,5.7,1200,1.73,8.76,,,,,,3.8,0,0,-7.7,,,,,,,,,,,,,{햇무리}1240-1320.,
143,대구,2003-01-10,1.1,-2.5,748,4.8,1508,,,,,,,5.5,320,1309,3.7,270,1220,1.8,1555,290,-5.3,43,1443,62.3,4.1,1013,1021.8,947,1017.7,1406,1020.2,9.9,4,1200,1.31,6.43,,,,,,4.6,0,.2,-5.8,,,,,,,,,,,,,{박무}0430-{박무}{강도0}0600-{박무}{강도0}0900-{박무}{강도0}1200-{박무}{강도0}1500-{박무}{강도0}1800-{박무}{강도0}2100-{박무}{강도0}2400-,
143,대구,2003-01-11,2,-2,751,6.6,1455,,,,,,,10.4,290,1458,6.4,320,1449,3,2592,290,-6.5,29,1236,54.3,3.8,1013.3,1021.8,951,1018.1,1441,1020.4,9.9,8.6,1200,1.79,10.3,,,,,,0,0,1,-4.8,,,,,,,,,,,,,-{박무}-{박무}{강도0}0300-{박무}{강도0}0600-{박무}{강도0}0900-{박무}{강도0}1200-1240.,
143,대구,2003-01-12,3,-1.1,621,8.4,1532,,,,,,,6.7,250,1139,4.7,270,1147,2.1,1814,290,-5.4,34,1553,54.4,4.1,1013.8,1023.2,1010,1018.9,1623,1020.9,9.9,8.5,1200,1.69,10.08,,,,,,0,0,1.7,-7.1,,,,,,,,,,,,,,
143,대구,2003-01-13,5,-.5,658,11.6,1459,,,,,,,7.3,250,1655,4.5,250,1658,1.8,1555,270,-5,25,1638,50.8,4.3,1009.5,1019.5,0,1013.5,1605,1016.5,9.9,7.6,1200,1.65,9.15,,,,,,2.9,.8,4,-3.2,,,,,,,,,,,,,{박무}0430-{박무}{강도0}0600-{박무}{강도0}0900-{박무}{강도0}1200-1240.,
143,대구,2003-01-14,2.3,-3.2,2345,6.4,1342,,,,,,,12.3,290,1204,6.6,290,1147,3.3,2851,290,-10.2,17,1221,40,3,1014,1028.6,2400,1014.8,49,1021.1,10,8.5,1200,1.96,11.18,,,,,,2.6,1.5,2.1,-6.2,,,,,,,,,,,,,{박무}0120-{박무}{강도0}0300-{박무}{강도0}0600-{박무}{강도0}0900-0940.,
143,대구,2003-01-15,-1.7,-6.3,736,4.3,1554,,,,,,,8.3,320,42,4.7,320,43,2.1,1814,290,-14.9,21,1623,36.4,2,1023.1,1032.9,958,1028.4,21,1030.4,10,9.4,1200,1.89,11.4,,,,,,.5,0,-2.5,-9.4,,,,,,,,,,,,,,
143,대구,2003-01-16,1.3,-3.7,358,7.8,1535,,,,,,,7.4,290,1414,4.5,290,1453,2,1728,270,-13.2,14,1256,33.6,2.2,1019.2,1029.8,0,1023.5,1505,1026.4,10,7.9,1200,1.91,10.95,,,,,,2.3,.4,1.9,-7,,,,,,,,,,,,,,
143,대구,2003-01-17,3.9,-3.2,735,10.3,1454,2.08,,,,,.1,4.1,320,2040,2.9,320,2041,1.1,950,50,-4.9,38,1310,54.3,4.5,1016.2,1026.4,234,1020.5,1907,1023.3,10,6.8,1200,1.72,8.84,,,,,,4.5,2.3,3.1,-6.3,,,,,,,,,,,,.1,{비}1925-{비}{강도0}2100-2130.,
143,대구,2003-01-18,5,2.7,802,8.8,1330,,,,,,,6.8,320,101,4.1,320,149,1.9,1642,320,-2.9,36,1628,58,5,1017.1,1027.3,1024,1021.3,2359,1024.2,10,5.8,1200,1.52,8.47,,,,,,4.6,3.1,3.6,.3,,,,,,,,,,,,,{박무}0510-{박무}{강도0}0600-{박무}{강도0}0900-{박무}{강도0}1200-1240.,
143,대구,2003-01-19,2.9,.3,2356,6.2,1502,,,,,,,10.4,290,1212,6.3,320,1317,2.8,2419,290,-6.7,26,1604,48.5,3.8,1010.1,1021.3,0,1014.8,1359,1017.2,10.1,7.6,1200,1.83,10.32,,,,,,3.8,1,2.8,-1.8,,,,,,,,,,,,,{박무}0420-{박무}{강도0}0600-{박무}{강도0}0900-1040.,
143,대구,2003-01-20,.7,-1.4,529,5.7,1439,.33,,,,,0,10.8,320,1551,6.3,320,1558,3.4,2938,290,-7.4,32,1244,54,3.5,1009.5,1018.7,2320,1013.4,1441,1016.7,10.1,5.7,1200,1.77,9.22,,,,,,3.4,2.1,.5,-4.2,,,,,,,,,,,,0,{눈}1720-1740.,
143,대구,2003-01-21,.3,-3.8,726,6,1526,,,,,,,7.8,320,121,4.5,290,126,2.6,2246,290,-12.4,16,1446,38.3,2.4,1013.3,1022.2,1011,1018.7,0,1020.5,10.1,9.5,1200,2.03,11.97,,,,,,0,0,.3,-7.1,,,,,,,,,,,,,,
143,대구,2003-01-22,-1.2,-3.9,739,1.4,1213,10.92,,,,,7.8,4.8,290,1257,3.4,270,1303,1.5,1296,140,-5.9,47,0,72.8,4.1,1007.8,1020.7,0,1008.6,2400,1015,10.1,0,700,.01,3.19,9.5,2400,9.5,2400,9.5,7.6,3.9,-1.4,-7.8,,,,,,,,,,,,12.8,{눈}1305-{눈}{강도0}1500-{눈}{강도0}1800-{눈}{강도0}2100-{눈}{강도0}2400-,
143,대구,2003-01-23,.1,-1.7,2359,4,1334,5.5,,,,,5,8.6,360,1449,5.3,360,1444,3.2,2765,360,-5,52,1533,69.8,4.3,1004.9,1016.9,2352,1008.2,107,1012.1,10.1,7.7,1200,1.59,9.47,7,430,16.5,430,7,4.3,3.1,.9,-5.1,,,,,,,,,,,,,-{눈}-{눈}{강도0}0300-0530. {박무}0520-{박무}{강도0}0600-0810.,
143,대구,2003-01-24,-.3,-3.5,2357,4.4,1456,,,,,,,7.4,360,1443,4.3,360,1449,2.7,2333,360,-9.6,25,1619,50.3,3,1015.8,1028.4,2400,1016.8,0,1023.1,10.2,9.6,1200,1.92,11.08,,,3.4,0,,.1,.1,-.5,-7.2,,,,,,,,,,,,.3,,
143,대구,2003-01-25,-.9,-7.5,740,5.6,1330,,,,,,,3.4,360,1114,2.6,360,812,1.3,1123,360,-7.9,36,1336,61.3,3.5,1021.5,1031.4,1040,1027.3,1535,1028.8,10.2,5.6,1000,1.54,6.05,,,1,0,,5,2.3,-1.4,-9.6,,,,,,,,,,,,.2,{박무}0940-{박무}{강도0}1200-1440.,
143,대구,2003-01-26,2,.6,654,3.2,1718,13.17,,,,,7,4.3,270,1924,3,270,1929,1.2,1037,270,0,67,1,86.1,6.2,1014.1,1027.5,8,1014.8,2359,1021.3,10.2,0,700,.01,2.39,,,,,,9.9,6.4,1.4,-.4,,,,,,,,,,,,9.3,{진눈깨비}0730-{진눈깨비}{강도0}0900-{비}1040-{비}{강도0}1200-{비}{강도0}1500-{비}{강도0}1800-2040. {박무}0750-{박무}{강도0}0900-{박무}{강도0}1200-{박무}{강도0}1500-{박무}{강도1}1800-{박무}{강도0}2100-{박무}{강도0}2400-,
143,대구,2003-01-27,1.6,-2.2,2335,4.7,1307,12.58,,,,,5,14.4,290,1910,7.9,290,1918,3.7,3197,290,-2.4,48,2307,76.3,5.4,1004.9,1016,58,1008.6,1345,1012,10.3,0,700,.01,5.03,,,,,,8.6,6.9,2.2,-3,,,,,,,,,,,,2.5,{비}0005-{비}{강도0}0300-{비}{강도0}0600-{비}{강도0}0900-1140. -{박무}-{박무}{강도0}0300-{박무}{강도0}0600-{박무}{강도0}0900-1155. {눈}1640-1740.,
143,대구,2003-01-28,-2.8,-6.2,2400,1.3,1516,.83,,,,,0,16.2,290,1523,8.5,270,1528,5.5,4752,290,-13.5,25,1524,45.1,2.2,1008.5,1018.2,1025,1013.1,1628,1015.7,10.3,8.3,1200,1.52,14.61,,,,,,3,3,-.7,-6.8,,,,,,,,,,,,0,{눈}1910-1920. {눈}2150-2230.,
143,대구,2003-01-29,-7.9,-10.6,726,-4.4,1429,,,,,,,19.9,320,1405,9.8,290,1253,6,5184,290,-21.1,22,1406,37.5,1.2,1015.5,1027.7,2359,1017,42,1023,10.3,9.6,1200,1.9,15.48,,,,,,2.5,2.5,-5.8,-11.4,,,,,,,,,,,,,,
143,대구,2003-01-30,-4.2,-10,440,1.4,1618,,,,,,,9.5,290,1250,5.8,320,1144,3.4,2938,290,-17.7,18,1440,38.1,1.6,1021.1,1031.1,1014,1026.8,1641,1028.4,10.4,9.6,1200,2.58,15.74,,,,,,.4,0,-3.6,-12.1,,,,,,,,,,,,,,
143,대구,2003-01-31,.5,-3.6,704,4.7,1433,,,,,,,7.9,290,1154,4.8,290,1158,2.3,1987,290,-8.3,31,1654,51.8,3.3,1019.5,1028.8,253,1024.7,1656,1026.8,10.4,6,1200,2.07,10.74,,,,,,3.9,1.5,-1,-6.8,,,,,,,,,,,,,,
143,대구,2003-02-01,1.4,-4.6,738,7.8,1507,,,,,,,7,90,1902,4.6,110,1741,1.9,1642,50,-6.6,31,1426,57.6,3.8,1019.8,1029,816,1025,1557,1027,10.4,8.3,1300,2.46,13.91,,,,,,3.4,1.8,.3,-6.6,,,,,,,,,,,,,,
143,대구,2003-02-02,1.9,-2.1,704,7.4,1418,,,,,,,6.9,320,1604,3.9,320,1613,1.7,1469,50,-7.5,19,1619,53.4,3.6,1018.3,1026.7,1,1023.4,1455,1025.5,10.5,9.6,1300,2.42,15.02,,,,,,2.8,2.5,1.2,-3.4,,,,,,,,,,,,,,
143,대구,2003-02-03,1.9,-3.6,753,7.3,1548,,,,,,,7.5,290,1315,4,270,1306,1.8,1555,290,-9.9,17,1301,42,2.9,1018,1027.5,744,1023,1608,1025.2,10.5,9.6,1200,2.56,15.5,,,,,,1.5,0,1.3,-7.3,,,,,,,,,,,,,,
143,대구,2003-02-04,2.1,-.2,414,6.1,1403,,,,,,,9.4,340,1518,5.7,320,1307,2.9,2506,290,-8.4,28,1153,44,3.3,1014.7,1024.3,0,1019.8,1420,1021.9,10.5,6.8,1200,2.32,12.78,,,,,,5,2,1.2,-4.4,,,,,,,,,,,,,,
143,대구,2003-02-05,1.2,-1.7,600,5.3,1431,,,,,,,10,290,1456,6,290,1500,3.1,2678,290,-9,28,1444,45.4,3.1,1017.8,1028.5,2400,1023.1,1416,1025,10.6,8.3,1300,2.06,11.72,,,,,,2.8,1.8,.5,-5.7,,,,,,,,,,,,,,
143,대구,2003-02-06,2.3,-3,712,8.3,1546,,,,,,,7,270,1315,4.6,270,1324,2.4,2074,270,-10.5,19,1522,40,2.8,1020.4,1030.4,837,1025.3,1647,1027.6,10.6,9.8,1200,2.56,15.99,,,,,,.3,.3,1.3,-8.6,,,,,,,,,,,,,,
143,대구,2003-02-07,3.8,-2,737,10.1,1637,,,,,,,6.2,270,1457,3.7,270,1000,2,1728,270,-5.6,30,1427,51.6,4,1016,1026,4,1020.9,1621,1023.1,10.6,9.6,1200,2.48,15.32,,,,,,2.1,0,2.5,-6.9,,,,,,,,,,,,,,
143,대구,2003-02-08,2.8,1.6,915,4.2,1301,14,,,,,19,6.5,160,1258,3.8,140,1306,1.6,1382,90,.5,60,7,85,6.4,1009.4,1021.7,0,1011.1,1500,1016.5,10.6,0,1200,.31,1.23,,,,,,9.9,4.1,1.5,-1.3,,,,,,,,,,,,,{비}0630-{비}{강도0}0900-{비}{강도1}1200-{비}{강도0}1500-{비}{강도0}1800-2030.{박무}1530-{박무}{강도0}1800-{박무}{강도0}2100-{박무}{강도0}2400-,
143,대구,2003-02-09,3.2,1.2,644,6.9,1709,,,,,,,5.3,110,514,3.7,90,522,1.4,1210,270,1.4,70,1448,87.9,6.7,1015.5,1025.3,1007,1019.4,0,1022.7,10.7,3.1,1400,1.78,7.17,,,,,,4.6,2.3,3.4,-.5,,,,,,,,,,,,15.5,-{박무}-{박무}{강도0}0300-{박무}{강도1}0600-{시정(미만)}{1km}{안개}0625-{시정(미만)}{0.5km}{안개}0645-{시정(이상)}{0.5km}{안개}0730-{시정(이상)}{1km}{박무}0840-{박무}{강도1}0900-{박무}{강도1}1200-{박무}{강도0}1500-1640. {박무}2340-{박무}{강도0}2400-,2.25
143,대구,2003-02-10,5.8,.8,819,12.1,1430,.08,,,,,0,8.9,90,1656,5.7,110,1652,2.5,2160,110,2.1,46,1504,77.6,7.1,1014.7,1024.3,1029,1019.8,1642,1021.8,10.7,5.5,1100,2.15,11.93,,,,,,7.6,3.3,5.2,.6,,,,,,,,,,,,,-{박무}-{박무}{강도0}0300-{박무}{강도1}0600-{시정(미만)}{1km}{안개}0630-{시정(미만)}{0.5km}{안개}0730-{시정(미만)}{0.2km}{안개}0840-{안개}{강도2}0900-{시정(이상)}{0.2km}{안개}0920-{시정(이상)}{0.5km}{안개}0935-{시정(이상)}{1km}{박무}0950-{박무}{강도0}1200-{박무}{강도0}1500-{박무}{강도0}1800-{박무}{강도0}2100-{박무}{강도0}2400-  {비}2355-{비}{강도0}2400-,3.33
143,대구,2003-02-11,4,-1.4,2352,7.4,1427,8.08,,,,,1.5,10.5,320,1308,5.8,290,1304,3.1,2678,320,-4.1,21,1821,60.1,5.2,1013.3,1024.1,2352,1018.6,1401,1020.4,10.7,5.2,1300,2.61,10.95,,,,,,5.6,2.6,4.6,-2.9,,,,,,,,,,,,,-{비}-{비}{강도0}0300-{비}{강도0}0600-0805. -{박무}-{박무}{강도0}0300-{박무}{강도0}0600-{박무}{강도0}0900-1120.,
143,대구,2003-02-12,-1.2,-5,654,3.7,1533,,,,,,,12.7,320,1604,6.4,320,1733,3.6,3110,290,-17.7,15,1334,29.9,1.6,1017.5,1026.3,2158,1022.1,1547,1024.7,10.8,10.2,1200,2.84,17.93,,,,,,.4,0,.3,-6.6,,,,,,,,,,,,,,
143,대구,2003-02-13,1.3,-4.4,644,7,1501,,,,,,,8.1,320,1341,5.1,320,1140,2.8,2419,290,-10.7,25,3,41.6,2.8,1018.7,1028.1,919,1023.8,1634,1025.9,10.8,10,1200,2.71,16.79,,,,,,.5,.5,.7,-6.7,,,,,,,,,,,,,,
143,대구,2003-02-14,3.9,-2.2,704,10,1500,,,,,,,7.3,270,1201,4.5,270,1203,1.7,1469,270,-7.3,21,1625,47,3.6,1019.2,1028.7,829,1024.7,1515,1026.3,10.8,9.5,1200,2.49,15.22,,,,,,.5,0,3.1,-7.2,,,,,,,,,,,,,{박무}0705-{박무}{강도0}0900-{박무}{강도0}1200-1420.,
143,대구,2003-02-15,5.1,-.7,651,9.7,1556,,,,,,,4.3,290,2355,2.8,270,2342,1.1,950,50,-6,23,1315,45.8,3.9,1013.6,1025.7,144,1016.4,2324,1020.7,10.9,3.3,1100,1.7,9.5,,,,,,8,5.5,2.7,-4.2,,,,,,,,,,,,,{박무}0620-{박무}{강도0}0900-{박무}{강도0}1200-1220. {연무}1210-{연무}{강도0}1500-{연무}{강도0}1800-{연무}{강도0}2100-2210.,
143,대구,2003-02-16,7.4,2.9,2351,12,1454,,,,,,,8.2,290,1316,4.9,290,1249,2.8,2419,290,-7.3,22,1356,36.5,3.6,1010.5,1021.2,2350,1015.1,1504,1017.5,10.9,8.8,1200,2.43,14.96,,,,,,3.5,2.1,4.7,-.5,,,,,,,,,,,,,{연무}1410-{연무}{강도0}1500-1540.,
143,대구,2003-02-17,5.2,-1.1,709,12.3,1641,,,,,,,5,270,1343,3.3,270,1347,1.6,1382,90,-3,28,1644,57.9,4.9,1013.9,1023.9,944,1018.8,1659,1020.9,11,7.3,1200,2.56,13.96,,,,,,2.9,.8,4.4,-5.2,,,,,,,,,,,,,{박무}0420-{박무}{강도0}0600-{박무}{강도0}0900-1140.,
143,대구,2003-02-18,6.9,1.5,758,11.1,1458,,,,,,,6.7,290,1500,4.6,320,1426,1.8,1555,270,-3.8,31,1500,46.9,4.6,1011.2,1019.7,924,1016.9,1538,1018.2,11,6.4,1200,2,12.56,,,,,,4,0,5.2,-3.2,,,,,,,,,,,,,{박무}0540-{박무}{강도0}0600-{박무}{강도0}0900-1120. {연무}1110-{연무}{강도0}1200-{연무}{강도0}1500-{연무}{강도0}1800-1910.,
143,대구,2003-02-19,5.7,2.3,2315,10.4,1332,,,,,,,9.4,320,1421,5.5,320,1808,2.4,2074,50,-2.2,34,1334,57.4,5.2,1008.9,1017.9,2359,1012.9,1459,1015.9,11,3.1,1200,1.88,9.96,,,,,,5.8,3.4,4.9,.9,,,,,,,,,,,,,{박무}0320-{박무}{강도0}0600-{박무}{강도0}0900-{박무}{강도0}1200-1320.  {연무}1310-{연무}{강도0}1500-1740.  {박무}1730-{박무}{강도0}1800-{박무}{강도0}2100-{박무}{강도0}2400-,
143,대구,2003-02-20,4.1,.7,727,8.5,1522,,,,,,,8.5,90,1909,5.7,90,1915,2.6,2246,110,-7.1,24,1445,45.9,3.7,1017.2,1028.1,2351,1017.9,0,1024.3,11.1,9.7,1200,2.94,18.05,,,,,,3.1,1.9,4.7,-2.4,,,,,,,,,,,,,-{박무}-{박무}{강도0}0300-{박무}{강도0}0600-0640.,
143,대구,2003-02-21,3.6,-.8,454,6.6,2017,.33,,,,,0,5.7,90,109,4.5,90,112,1.7,1469,90,-3.7,46,1153,58.6,4.7,1016.7,1028.2,216,1018.4,2352,1023.8,11.1,.1,1000,.87,4.82,,,,,,8.4,3.3,2,-3.4,,,,,,,,,,,,,{비}2230-2250.,
143,대구,2003-02-22,4.7,3.3,434,6.3,1458,22.25,,,,,15,9,90,1706,4.8,110,1609,2.4,2074,110,3.6,58,0,90.6,7.9,1006.6,1018.5,2,1010.3,1443,1013.7,11.1,0,1100,.22,1.3,,,,,,10,6,3.6,2.2,,,,,,,,,,,,,{비}0145-{비}{강도0}0300-{비}{강도0}0600-{비}{강도0}0900-{비}{강도0}1200-{비}{강도0}1500-{비}{강도0}1800-{비}{강도0}2100-{비}{강도0}2400-,
143,대구,2003-02-23,4.6,3.9,710,6,1541,16.25,,,,,1,7.1,90,1758,4.7,110,1741,2.8,2419,140,2.2,74,1433,83.1,7.2,1009.7,1018.4,1119,1015.7,1737,1016.7,11.2,0,1300,.75,4.28,,,,,,10,6,3.8,2,,,,,,,,,,,,,-{비}-{비}{강도0}0300-{비}{강도0}0600-0840.  {비}1210-1340.  {비}1540-1740.  {비}1955-{비}{강도0}2100-{비}{강도0}2400-,
143,대구,2003-02-24,4.8,2.3,633,8.7,1602,9.33,,,,,4.5,7.2,320,1704,4.4,320,1442,1.7,1469,320,.9,51,1623,76,6.6,1011.2,1021.8,2359,1015.7,246,1018.3,11.2,3.1,1400,2.14,9.33,,,,,,7,5,5,.9,,,,,,,,,,,,,-{비}-{비}{강도0}0300-{비}{강도0}0600-{비}{강도0}0900-0920.,
143,대구,2003-02-25,5.7,.6,712,11.7,1522,,,,,,,7.6,70,741,3,290,1437,1.5,1296,50,-2.2,27,1535,59.3,5.3,1015.4,1025.1,905,1020.5,1721,1022.4,11.2,8.6,1200,2.6,16.38,,,,,,2.9,.4,4.7,-1.3,,,,,,,,,,,,,{박무}0530-{박무}{강도0}0600-{박무}{강도0}0900-{박무}{강도0}1200-1220. {연무}1210-{연무}{강도0}1500-1550.,
143,대구,2003-02-26,8.3,4.7,0,13.6,1533,,,,,,,7.2,320,1655,4.2,320,1658,1.6,1382,270,-.3,30,1330,55.5,6,1013.6,1023.3,2352,1017.9,1546,1020.6,11.3,2.7,1200,1.92,9.94,,,,,,6.1,5.3,6.9,-.5,,,,,,,,,,,,,{박무}0140-{박무}{강도0}0300-{박무}{강도0}0600-{박무}{강도0}0900-{박무}{강도0}1200-1240.  {햇무리}1230-1410.,
143,대구,2003-02-27,4.6,1.2,553,9.3,1253,,,,,,,11.4,110,1738,7.4,110,1715,3.4,2938,110,-1.6,43,1418,63.8,5.5,1021,1030.7,2250,1023.3,0,1028.2,11.3,6.5,1100,2.26,14.82,,,,,,4,3.5,4,-1.2,,,,,,,,,,,,,{박무}0210-{박무}{강도0}0300-{박무}{강도0}0600-{박무}{강도0}0900-0940.,
143,대구,2003-02-28,6,-.8,723,10.8,1522,.17,,,,,0,4.9,70,1122,3.1,110,1043,1.7,1469,90,-2.8,34,1523,53.9,5,1016.7,1030.4,149,1017.3,2358,1023.8,11.4,7.4,1100,2.36,14.48,,,,,,4.5,2.3,4.9,-2.5,,,,,,,,,,,,,{비}2305-2315.,
143,대구,2003-03-01,5.7,2.7,914,8,0,11.5,,,,,9.5,9.9,290,1807,5.2,290,1813,2.4,2074,290,2.2,55,4,77.3,7.2,1004.6,1017.3,0,1007.6,1429,1011.6,11.4,0,1400,.99,5.11,,,,,,9,6.5,5.8,2.4,,,,,,,,,,,,1.5,{비}0050-{비}{강도0}0300-{비}{강도0}0600-{비}{강도0}0900-{비}{강도0}1200-1220.,
143,대구,2003-03-02,8.6,2.2,721,15,1540,,,,,,,7.3,270,1458,4.8,270,1436,2.1,1814,290,-1.3,19,1413,51.9,5.6,1004.9,1017,919,1007,1802,1011.8,11.4,8.4,1200,2.52,15.88,,,,,,5,2,7.6,-3.2,,,,,,,,,,,,.1,,
143,대구,2003-03-03,4.7,-1.3,2354,8.9,6,5.92,,,,,.1,9.8,320,1053,6,290,1238,3.5,3024,320,-4.7,24,1545,52.6,4.8,1001.9,1018,2400,1003.7,606,1008.9,11.5,6.1,1300,2.69,13.01,,,,,,6,4.4,4.7,-3,,,,,,,,,,,,0,{비}0120-{비}{강도0}0300-{비}{강도0}0600-0640.  {비}0955-1030.,
143,대구,2003-03-04,1.1,-3.1,622,5.2,1556,,,,,,,7.9,320,1105,4.7,290,1417,2.8,2419,290,-11.7,18,1516,40.1,2.6,1015.6,1026.6,2254,1018,0,1022.8,11.5,7.2,1100,2.33,14.81,,,,,,3.8,1.1,1.6,-6,,,,,,,,,,,,,,
143,대구,2003-03-05,3.6,-1,546,7.6,1609,,,,,,,7.3,90,2018,4.3,90,2038,2.2,1901,90,-5,37,1432,54.1,4.2,1019.9,1030.4,1122,1025.6,1804,1027.1,11.5,0,1500,1.16,9.11,,,,,,9.3,4.6,2.3,-2.2,,,,,,,,,,,,3,,
143,대구,2003-03-06,4.2,2.2,631,5.8,1840,21.08,,,,,14.5,7.3,110,1018,4.5,90,1020,2.4,2074,90,1.8,53,0,83.5,7,1011.3,1025.9,22,1012.5,2351,1018.4,11.6,0,1100,.45,3.26,,,,,,10,6,3.3,1.2,,,,,,,,,,,,12,{비}0255-{비}{강도0}0300-{비}{강도0}0600-{비}{강도0}0900-{비}{강도0}1200-{비}{강도0}1500-{비}{강도0}1800-{비}{강도0}2100-{비}{강도0}2400-,
143,대구,2003-03-07,4.9,3.6,2343,7.2,1555,12.5,,,,,.5,9.1,290,1620,5.5,290,1659,2.8,2419,270,.9,63,1645,74.6,6.6,1007.4,1018.7,2350,1011.3,705,1014.4,11.6,.2,1200,.98,6,,,,,,9.8,6.1,4.3,1.7,,,,,,,,,,,,0,-{비}-{비}{강도0}0300-{비}{강도0}0600-0610.  {비}0820-{비}{강도0}0900-{비}{강도0}1200-1440.,
143,대구,2003-03-08,3.9,1.5,751,8.3,1418,4.17,,,,,0,6.8,290,1338,4.4,320,1347,2.6,2246,320,-2,41,1414,65.6,5.3,1016,1027,2253,1018.7,0,1023.1,11.7,1.5,1400,1.43,9.95,,,,,,9,6.4,4.1,1.3,,,,,,,,,,,,0,{비}0455-0535.  {비}0655-{비}{강도0}0900-0945.  {비}2240-2320.,
143,대구,2003-03-09,4.3,1.4,647,9.3,1345,,,,,,,9.5,90,1846,5.9,90,1804,2.7,2333,110,-3.8,31,1600,56.6,4.7,1023.1,1032.2,2339,1027,0,1030.3,11.7,6,1200,2.41,15.83,,,,,,5.1,5.1,5.1,0,,,,,,,,,,,,,,
143,대구,2003-03-10,4.2,.3,648,9.9,1436,,,,,,,10.7,110,1631,6.7,90,1648,2.6,2246,90,-5.1,27,1341,52,4.2,1026.6,1035.9,2317,1031.5,1430,1033.8,11.7,9.3,1100,2.67,18.19,,,,,,4,3.6,4.5,-1.3,,,,,,,,,,,,,,
143,대구,2003-03-11,4.5,-1.3,700,10.4,1620,,,,,,,9.4,90,2030,6.5,90,2039,2.1,1814,50,-5.1,26,1458,52.8,4.2,1028.2,1037.1,822,1033.1,1617,1035.4,11.8,10.3,1200,2.71,18.6,,,,,,2.6,.8,4.6,-5.2,,,,,,,,,,,,,,
143,대구,2003-03-12,6.5,.6,628,12.5,1457,,,,,,,7.6,90,1833,5.1,90,1840,2.3,1987,110,-3.4,20,1445,52.8,4.9,1027.6,1037.3,839,1032,1645,1034.7,11.8,8.8,1200,2.48,16.81,,,,,,5,2.8,8.5,-1,,,,,,,,,,,,,,
143,대구,2003-03-13,7.4,.9,711,13.5,1502,,,,,,,7.6,320,1418,5.2,110,2105,2.2,1901,50,-3.6,18,1347,50.4,4.8,1024.4,1034.4,739,1028.5,1813,1031.5,11.9,10.3,1300,2.55,18.34,,,,,,3.4,.3,9.6,-.4,,,,,,,,,,,,,,
143,대구,2003-03-14,8,1.7,656,13.3,1428,2.17,,,,,0,5.5,250,1657,3.4,250,1706,2.1,1814,110,-.6,34,1429,56.5,5.9,1018.6,1030.6,0,1021.8,1921,1025.7,11.9,5.9,1100,2.28,13.97,,,,,,6.8,2.5,9.4,-.7,,,,,,,,,,,,0,{비}2150-{비}{강도0}2400-,
143,대구,2003-03-15,7.7,6,746,9,1411,9.33,,,,,0,6.3,90,1344,4,90,1511,2.2,1901,140,4.3,70,1415,77.8,8.3,1014.9,1022.9,30,1020.5,502,1022,11.9,0,1100,.64,3.77,,,,,,10,5.9,6.5,5.2,,,,,,,,,,,,0,-{비}-{비}{강도0}0300-0540. {비}0640-{비}{강도0}0900-1020. {박무}0520-{박무}{강도0}0600-{박무}{강도0}0900-{박무}{강도0}1200-{박무}{강도0}1500-{박무}{강도0}1800-{박무}{강도0}2100-{박무}{강도0}2400-,
143,대구,2003-03-16,7.6,6.9,659,8.5,1545,14.92,,,,,6.5,7.2,110,1428,4.5,90,1424,1.9,1642,90,5.4,75,1551,84.4,8.9,1010.7,1022.2,2,1014.3,1743,1017.7,12,.1,1400,.7,4.21,,,,,,10,5.9,7,5,,,,,,,,,,,,7,-{박무}-{박무}{강도0}0300-{박무}{강도0}0600-{박무}{강도0}0900-{박무}{강도0}1200-1420.  {박무}2020-{박무}{강도0}2100-2340.  {비}0805-{비}{강도0}0900-{비}{강도0}1200-{비}{강도0}1500-1620.  {비}1720-{비}{강도0}1800-{비}{강도0}2100-{비}{강도0}2400-,
143,대구,2003-03-17,7.7,5.2,2237,11.6,1130,7.83,,,,,.5,8.4,140,1619,5.1,140,1533,2.3,1987,110,3.8,52,1247,75.8,8,1012.7,1023.4,2311,1016.1,151,1019.7,12,.7,1100,1.57,8.18,,,,,,9.1,6.6,8,4.2,,,,,,,,,,,,,-{비}-{비}0020. {비}0110-{비}{강도0}0300-{비}{강도0}0600-0840.{박무}0010-{박무}{강도0}0300-{박무}{강도0}0600-0830.,
143,대구,2003-03-18,8.3,3.9,655,13.3,1615,,,,,,,8.3,320,1959,4.5,270,1342,2.4,2074,320,-2.9,20,1616,49.1,5.1,1015.1,1024.7,735,1019.1,1733,1022.1,12,10.1,1300,2.67,19.27,,,,,,3.4,2.9,9.5,2.1,,,,,,,,,,,,,,
143,대구,2003-03-19,7.7,2.2,649,13.2,1628,,,,,,,6.3,160,2023,4.1,140,2031,2,1728,50,-5.2,17,1639,41.6,4.2,1014.9,1023.9,843,1019.7,1602,1021.9,12.1,8.9,1200,2.37,16.65,,,,,,3.1,.4,7.8,-.3,,,,,,,,,,,,,{햇무리}0920-1420.,
143,대구,2003-03-20,8.4,1.4,508,15.1,1514,,,,,,,8.8,90,1719,5.8,110,1727,2.3,1987,110,-1.5,19,1258,53.1,5.5,1016,1025.1,2329,1020.8,1535,1023,12.1,9.9,1200,2.65,18.07,,,,,,2.5,2,9.4,-2.6,,,,,,,,,,,,,{연무}0940-1120.,
143,대구,2003-03-21,8.6,3.1,523,15,1326,.08,,,,,0,10.4,110,1912,6.6,90,1851,3.5,3024,90,-.9,30,1314,53,5.7,1017.3,1026.6,855,1021.6,1654,1024.4,12.1,7.3,1100,2.66,17.23,,,,,,4.9,3,10.1,.5,,,,,,,,,,,,0,{비}2345-2350.,
143,대구,2003-03-22,9.6,4.6,548,15.4,1440,,,,,,,7.2,90,1714,4.5,110,1739,2.3,1987,90,-.6,29,1245,49.8,5.9,1018.8,1027.1,712,1024.1,0,1025.8,12.2,10.5,1200,2.74,19.8,,,,,,2.5,2.5,10.1,.2,,,,,,,,,,,,,,
143,대구,2003-03-23,10.1,4,533,16.5,1419,,,,,,,5.1,270,1411,3.1,270,1416,1.6,1382,50,.7,27,1415,54.5,6.4,1016.6,1027.3,104,1020.8,1757,1023.6,12.2,3.3,1300,1.89,13.22,,,,,,4.6,0,9.1,.7,,,,,,,,,,,,,{햇무리}1020-1430.,
143,대구,2003-03-24,11.6,5.1,640,18,1518,2.92,,,,,0,6.2,250,2026,4.1,270,1414,1.5,1296,50,2.2,30,1507,53.9,7.3,1010.6,1021.4,21,1013.9,1734,1017.5,12.3,6,1300,2.57,16.09,,,,,,6.1,4.1,10.2,.2,,,,,,,,,,,,0,{연무}1010-{연무}{강도0}1200-1220.  {비}1855-{비}{강도0}2100-2150.,
143,대구,2003-03-25,11.7,8.8,636,16.4,1441,,,,,,,9.4,320,1255,5.4,320,1400,2.6,2246,290,.7,24,1610,48.3,6.6,1010.9,1020.6,2346,1016.2,1532,1017.8,12.3,6.4,1300,2.61,15.19,,,,,,3.1,2.5,12.8,5.5,,,,,,,,,,,,,{박무}0705-{박무}{강도0}0900-1045.,
143,대구,2003-03-26,13.1,4.5,636,20.9,1537,,,,,,,7.4,250,1751,4.9,230,1754,1.9,1642,270,-1.2,12,1442,41.3,5.7,1010.5,1021.5,639,1013,2350,1017.3,12.3,9.4,1300,2.61,17.78,,,,,,3.6,.3,12.5,-.4,,,,,,,,,,,,9.5,{박무}0320-{박무}{강도0}0600-{박무}{강도0}0900-1020.  {연무}1010-{연무}{강도0}1200-1310.,
143,대구,2003-03-27,10.3,5.3,2339,15.8,1427,4.5,,,,,9.5,13.4,270,1624,8.3,290,1624,3.9,3370,290,-.2,18,1620,51.6,6.5,1004.5,1015.7,2259,1008.2,1612,1011.4,12.4,7,1100,2.94,15.56,,,,,,6,2.6,8.5,2.8,,,,,,,,,,,,0,{비}0450-{비}{강도0}0600-{비}{강도0}0900-0920. {박무}0510-{박무}{강도0}0600-{박무}{강도0}0900-0940. {황사}1520-{황사}{강도0}1800-{황사}{강도0}2100-2230.,
143,대구,2003-03-28,8.7,2.4,645,14.1,1409,,,,,,,6.2,270,1112,4.1,290,1402,2.1,1814,290,-2.8,25,1407,45.5,5,1006,1016.3,701,1009.9,1923,1013,12.4,6.6,1100,2.62,16.31,,,,,,5.8,0,8.1,.2,,,,,,,,,,,,,{햇무리}0950-1040. {햇무리}1220-1630.{연무}1010-1140.,
143,대구,2003-03-29,10.5,4.6,620,16.9,1455,,,,,,,6.4,320,1638,4.5,290,346,2.4,2074,270,-6,10,1408,34.4,4.1,1005.9,1014.7,1011,1011.1,0,1012.7,12.4,10.9,1200,2.94,21.29,,,,,,2,.4,10.2,1.5,,,,,,,,,,,,,,
143,대구,2003-03-30,14.2,7.3,635,20.7,1531,,,,,,,7.5,270,1244,4.9,270,1213,1.9,1642,50,.5,15,1211,41.3,6.4,1006.8,1015.3,936,1011.6,1727,1013.6,12.5,7.7,1100,2.55,17.18,,,,,,5.9,2.1,11.8,2.3,,,,,,,,,,,,,,
143,대구,2003-03-31,15.5,11.6,144,20.4,1412,.83,,,,,0,14.1,110,2212,7.9,110,2214,2.2,1901,110,8.9,56,1135,63.6,11.6,1005.6,1014,1,1009.7,1556,1012.4,12.5,.5,1000,1.62,8.92,,,,,,8.9,4.1,13.7,7.5,,,,,,,,,,,,0,{박무}0830-{박무}{강도0}0900-{박무}{강도0}1200-1420.{비}2230-2320.,
143,대구,2003-04-01,12.4,9.5,2340,16.5,1213,,,,,,,13.4,90,1958,7.2,90,1137,5.4,4666,110,1.7,29,1128,48.9,6.9,1007.6,1016.1,926,1012.5,1416,1014.4,12.6,5.3,1100,2.57,16.98,,,,,,6.1,4.8,12.5,5.1,,,,,,,,,,,,,,
143,대구,2003-04-02,11.2,8.4,659,15.4,1210,,,,,,,14.3,90,1422,7.6,110,1535,4,3456,110,1.2,27,1220,51,6.7,1007.5,1016.7,2141,1012.8,1449,1014.4,12.6,7.1,1200,2.43,17.33,,,,,,5.8,.8,12.3,6.7,,,,,,,,,,,,,,
143,대구,2003-04-03,11.3,6.2,622,16.3,1434,,,,,,,12.7,90,1111,7.6,110,1911,3.9,3370,110,1,26,1441,50.1,6.6,1008.3,1016.9,730,1013.1,1515,1015.2,12.6,10.2,1200,2.95,21.71,,,,,,3.9,.9,13,1,,,,,,,,,,,,0,,
143,대구,2003-04-04,10.5,7.2,2326,14.7,1245,2.17,0,,0,,0,10.7,90,1405,6,110,1400,2.4,2074,110,2.2,35,1822,55.8,7.2,1007.1,1016.1,2339,1012.4,1300,1014,12.7,1.4,1200,1.87,8.33,,,,,,7.8,4.3,9.7,2.7,,,,,,,,,,,,0,{비}0610-0620. {비}0925-1125.,
143,대구,2003-04-05,11.3,3.1,623,18.8,1615,,,,,,,8.5,320,1422,4.9,110,2045,2.1,1814,290,-3.4,13,1447,41.3,4.9,1008.7,1017.6,848,1012.7,1736,1015.6,12.7,11.6,1200,2.95,22.17,,,,,,.4,0,13.3,1.4,,,,,,,,,,,,,,
143,대구,2003-04-06,14.7,6.1,554,22.7,1501,,,,,,,9.5,290,1456,5,290,1411,2.4,2074,270,-2,14,1457,36.6,5.4,1009.7,1018.1,940,1013.9,1623,1016.5,12.8,11.1,1200,2.79,21.05,,,,,,.8,0,14.3,.9,,,,,,,,,,,,,,
143,대구,2003-04-07,13,7.9,622,20.7,1248,7.33,1.5,2307,5.5,2248,7.5,10.2,200,1311,5.8,230,1318,2.2,1901,50,1.7,13,1256,50.8,7.3,1006.3,1017.9,6,1004.9,2359,1013.1,12.8,4.1,1200,2.34,12.31,,,,,,7.5,3.3,12.4,2.1,,,,,,,,,,,,14,{햇무리}0850-0920. {햇무리}1250-1310.{비}1640-{비}{강도0}1800-{비}{강도0}2100-{비}{강도0}2400-,
143,대구,2003-04-08,11.5,9,2326,15.5,1432,7.67,1,1,3.5,10,6.5,13.5,270,1504,7,320,1420,3.6,3110,290,6,42,1433,69.4,9.4,1001.8,1016.1,2335,1000.3,316,1008.6,12.8,2.2,1300,1.98,10.41,,,,,,8.4,6.5,11.1,4.3,,,,,,,,,,,,,-{비}-{비}{강도0}0300-{비}{강도0}0600-0740.,
143,대구,2003-04-09,8.2,5.1,2400,11.9,1625,,,,,,,8,140,1044,5.2,140,1446,2.7,2333,140,3.4,53,1520,70.8,7.8,1014.1,1027,2337,1015.9,152,1021.1,12.9,3.1,1400,2.34,11.83,,,,,,5.8,4,9.4,2.6,,,,,,,,,,,,,{박무}0520-{박무}{강도0}0600-0840.,
143,대구,2003-04-10,9.9,2.3,544,18.5,1533,,,,,,,9,110,1744,6.1,110,1754,2.6,2246,90,.1,25,1548,54.8,6.2,1018.8,1029.1,910,1023.2,2355,1025.8,12.9,9.8,1200,2.92,22.05,,,,,,3.8,1.3,10,-.2,,,,,,,,,,,,.5,{햇무리}1710-1750.,
143,대구,2003-04-11,10,7.9,604,12.4,2146,9.5,.5,749,1,1006,2,7,140,14,4.6,90,546,1.8,1555,140,7.3,49,0,82.4,10.4,1007.7,1023.4,5,1009.9,2302,1014.6,12.9,0,1400,.61,3.64,,,,,,10,4.9,9.3,4.3,,,,,,,,,,,,1.5,{비}0550-{비}{강도0}0600-{비}{강도0}0900-{비}{강도0}1200-1430. {비}1720-{비}{강도0}1800-1810. {박무}1730-{박무}{강도0}1800-{박무}{강도0}2100-{박무}{강도0}2400-,
143,대구,2003-04-12,16.1,11.6,307,23.4,1544,,,,,,,9.8,290,2149,6.4,320,2154,2.8,2419,290,6.8,17,1727,59.4,10.4,1001.5,1010.7,144,1004.1,1549,1008.1,13,7.8,1200,2.95,19.75,,,,,,6.1,2.4,16.5,8.4,,,,,,,,,,,,,-{박무}-{박무}{강도0}0300-{박무}{강도0}0600-{박무}{강도0}0900-1130. {황사}1630-{황사}{강도0}1800-{황사}{강도0}2100-2230.,
143,대구,2003-04-13,16,10.4,547,21.7,1448,,,,,,,10.9,320,1540,6.4,320,1549,2.9,2506,320,-3,13,1517,28,5,1005.4,1014.5,2341,1009.4,1626,1012.1,13,10.6,1200,2.96,22.03,,,,,,3.8,0,15.7,7,,,,,,,,,,,,,,
143,대구,2003-04-14,15.8,12.2,715,21.3,1418,,,,,,,8.5,250,1351,4.9,270,1357,2,1728,290,-2,13,1357,30.4,5.3,1007.2,1016,832,1011.2,1750,1013.9,13,7.7,1100,2.81,18.41,,,,,,4.6,0,17,6.9,,,,,,,,,,,,,,
143,대구,2003-04-15,16.4,7.9,559,23.8,1443,,,,,,,7.1,270,1238,4.1,270,1239,1.8,1555,50,-1,11,1438,36.8,5.9,1011.4,1021.3,2326,1015.8,0,1018.2,13.1,11.4,1200,3.05,22.81,,,,,,.4,0,18.8,4.5,,,,,,,,,,,,,,
143,대구,2003-04-16,18,9.5,634,26.5,1535,,,,,,,9,270,1702,6.3,270,1706,2.1,1814,50,1.2,15,1635,35.6,6.7,1014.3,1023.8,905,1018.4,1552,1021.1,13.1,11.6,1200,2.8,22.35,,,,,,.8,0,20.6,6.3,,,,,,,,,,,,,,
143,대구,2003-04-17,19.4,11.6,239,27.4,1529,,,,,,,8.8,270,1125,6,270,1134,2.6,2246,270,8.9,31,1530,51.1,11.7,1012.5,1022.4,853,1015.7,1743,1019.2,13.2,9.9,1200,3.02,21.98,,,,,,2.9,.3,21.5,6.8,,,,,,,,,,,,,{달무리}2310-,
143,대구,2003-04-18,18.9,15.9,554,23.3,1222,6.17,3.5,2117,8.5,2045,16.5,8.1,230,1421,4.9,230,1429,2,1728,50,14.1,47,1217,74.4,16.3,1006.2,1018.8,0,1007.1,2348,1012.9,13.2,1.9,1000,1.94,8.61,,,,,,8.9,3.8,16.6,11.1,,,,,,,,,,,,22.5,-{달무리}-0150. {비}1750-{비}{강도0}1800-{비}{강도0}2100-{비}{강도0}2400-,
143,대구,2003-04-19,12.3,9,2348,18.4,428,17.67,2,128,5.5,123,11,13.5,90,1614,8.4,110,1543,3.9,3370,110,10.7,82,1105,89,13.4,1003.8,1014.6,2152,1004.8,401,1010.6,13.2,0,1300,.4,3.22,,,,,,10,6,12.5,8.7,,,,,,,,,,,,14.5,-{비}-{비}{강도0}0300-0340. {비}0750-{비}{강도0}0900-0940. {비}1150-{비}{강도0}1200-{비}{강도0}1500-{비}{강도0}1800-{비}{강도0}2100-{비}{강도0}2400-,
143,대구,2003-04-20,11.1,8.6,532,13.1,1630,10.33,1.5,500,5.5,444,9.5,7.6,320,2341,4.9,320,2359,2.5,2160,140,8.8,73,2303,84.5,11.3,1006.9,1016.9,2356,1012,1742,1013.7,13.3,0,1000,.98,5.74,,,,,,9.4,5.6,11.4,8.2,,,,,,,,,,,,0,-{비}-{비}{강도0}0300-{비}{강도0}0600-{비}{강도0}0900-1020.,
143,대구,2003-04-21,12.1,8.6,540,17.8,1356,,,,,,,12,110,1942,7.3,90,1925,3.9,3370,290,3.9,37,1259,57.1,8,1016.6,1028.6,2246,1016.8,10,1023.6,13.3,11.4,1100,3.1,24.08,,,,,,2.9,2,12.7,4.7,,,,,,,,,,,,,,
143,대구,2003-04-22,12.4,6.8,551,17.5,1410,2.5,0,,0,,0,7.9,90,830,5.3,90,830,2.3,1987,140,5,38,1249,61,8.7,1015.8,1028.3,0,1018.9,2322,1022.8,13.3,2.3,1000,2.53,14.52,,,,,,8,5.1,12.5,5.3,,,,,,,,,,,,14.5,{비}1450-{비}{강도0}1500-1520. {비}2120-2320.,
143,대구,2003-04-23,11.6,10.2,331,12.9,2214,15.5,1.5,1129,4,1045,28,4.8,50,117,3.5,270,2258,1.6,1382,110,10.3,72,0,90.5,12.6,1007.2,1019.4,0,1011.5,1635,1014.1,13.4,0,900,.42,3.06,,,,,,9.6,5.4,10.7,8.8,,,,,,,,,,,,13.5,{비}0050-{비}{강도0}0300-{비}{강도0}0600-{비}{강도0}0900-{비}{강도1}1200-{비}{강도0}1500-1620. {박무}0140-{박무}{강도0}0300-{박무}{강도0}0600-{박무}{강도0}0900-{박무}{강도0}1200-{박무}{강도0}1500-{박무}{강도0}1800-{박무}{강도0}2100-2140.,
143,대구,2003-04-24,15.4,11.5,603,21.3,1334,8.17,.5,2310,1.5,2300,3,6.6,110,1143,4.3,140,1151,2.1,1814,110,10.5,45,1335,73.5,12.8,1006,1014.6,832,1010.9,1541,1012.8,13.4,5.2,1100,2.98,15.48,,,,,,8.1,3,15.6,8.9,,,,,,,,,,,,14,{박무}0420-{박무}{강도0}0600-{박무}{강도0}0900-1050. {박무}2010-{박무}{강도0}2100-{박무}{강도0}2400- {비}1530-1550. {비}1610-{비}{강도0}1800-{비}{강도0}2100-{비}{강도0}2400-,
143,대구,2003-04-25,12.8,11.7,2027,14,1617,23.67,2.5,1123,9,1224,47.5,9.6,140,1328,5.4,110,1331,2.4,2074,140,11.8,87,647,92.5,13.9,999.9,1012,0,1000.9,1625,1006.7,13.4,0,1300,.4,2.91,,,,,,10,6.3,12.5,11.5,,,,,,,,,,,,36.5,-{비}-{비}{강도1}0300-{비}{강도0}0600-{비}{강도0}0900-{비}{강도0}1200-{비}{강도0}1500-{비}{강도0}1800-{비}{강도0}2100-2340.-{박무}-{박무}{강도0}0300-{박무}{강도0}0600-{박무}{강도0}0900-{박무}{강도0}1200-{박무}{강도0}1500-{박무}{강도0}1800-{박무}{강도0}2100-2340.,
143,대구,2003-04-26,16.9,11.3,557,22.8,1520,,,,,,,8.2,290,1250,5,270,1303,2.3,1987,290,8.3,30,1728,59.4,11,1006.7,1016.6,2355,1008.5,0,1013.4,13.5,11.5,1200,3.02,23.58,,,,,,3.9,2.9,17.5,8.8,,,,,,,,,,,,,,
143,대구,2003-04-27,19.2,11.7,555,25.9,1522,,,,,,,6.4,250,1412,4.3,250,1415,1.9,1642,270,7.9,23,1334,51.5,10.8,1010.5,1018.8,753,1014.8,1702,1017.2,13.5,8.7,1200,2.96,21.05,,,,,,3,1.3,19.7,7.3,,,,,,,,,,,,,{박무}0520-{박무}{강도0}0600-{박무}{강도0}0900-1030.,
143,대구,2003-04-28,19.7,11.8,617,27.6,1547,,,,,,,7.2,230,1837,4.5,270,1651,2,1728,50,6.7,17,1609,46.3,9.9,1012.7,1021.9,829,1015.9,1651,1019.4,13.5,11.6,1200,3.01,22.87,,,,,,2.9,0,20.5,9,,,,,,,,,,,,.4,{햇무리}1510-1640.,
143,대구,2003-04-29,16.6,14.6,849,19,1937,13.08,2,2050,4,1314,18.5,8.4,270,2059,4.9,320,2118,2,1728,110,12.9,51,641,78.3,15.2,1002.1,1019.2,17,1000.8,1819,1008.8,13.6,0,1200,.43,3.16,,,,,,9.9,5.9,15.7,13.5,,,,,,,,,,,,18.1,{비}0715-{비}{강도0}0900-{비}{강도0}1200-{비}{강도1}1500-{비}{강도0}1800-1950. {비}2050-{비}{강도1}2100-2120. {박무}0740-{박무}{강도0}0900-{박무}{강도0}1200-1430.,
143,대구,2003-04-30,17.1,12.2,536,22.8,1345,,,,,,,13.6,290,1505,7,320,1440,4,3456,290,1.7,18,1431,39.9,7.3,1005.8,1015.9,2344,1007.7,0,1012.5,13.6,12.3,1200,3.02,24.46,,,,,,2.8,1.4,17.8,8.3,,,,,,,,,,,,,,
143,대구,2003-05-01,17.8,8.2,548,26.1,1609,,,,,,,5.6,290,1511,3.8,270,2049,1.9,1642,270,1.7,16,1209,36.8,7,1010,1019.3,747,1013.9,1708,1016.7,13.6,12.2,1200,3.17,24.98,,,,,,0,0,19.6,5.3,,,,,,,,,,,,,,
143,대구,2003-05-02,19.8,12.4,608,26.6,1638,,,,,,,7.2,290,1600,4.2,270,1732,2.2,1901,320,5.8,17,1231,43,9.4,1007.7,1017.4,745,1010.8,1716,1014.4,13.7,12.1,1200,3.16,24.62,,,,,,0,0,21.2,6,,,,,,,,,,,,,,
143,대구,2003-05-03,21.2,13.3,623,28.9,1545,,,,,,,7.9,270,1124,5.2,270,1133,1.9,1642,320,6.2,11,1509,42.8,9.7,1007,1015.5,702,1011.1,1618,1013.6,13.7,11.5,1200,3.18,24.69,,,,,,2.6,0,24.3,7.8,,,,,,,,,,,,,,
143,대구,2003-05-04,18.2,14.4,2345,22.5,1725,,,,,,,8.8,160,1012,5.9,140,1014,2.9,2506,110,8.3,37,1602,52.9,11,1008.1,1015.9,1032,1013.6,1837,1014.8,13.7,1.2,1100,2.01,13.79,,,,,,6.3,0,18.9,10.4,,,,,,,,,,,,,,
143,대구,2003-05-05,17.3,11.2,557,23.2,1439,,,,,,,11.2,90,825,6.8,90,834,4.1,3542,140,9.6,41,1901,61.4,12,1007.5,1016.7,508,1011.6,1653,1014.2,13.8,11.5,1200,3.1,24.4,,,,,,2.1,2.1,20,9.2,,,,,,,,,,,,0,{박무}0640-{박무}{강도0}0900-{박무}{강도0}1200-1340.,
143,대구,2003-05-06,16,14.2,613,18.4,1158,13.67,1.5,1725,3.5,1700,4.5,7.6,110,1028,4.6,140,1054,2.7,2333,140,13.1,65,1200,82.4,15.2,1003.6,1013.1,33,1008.5,2357,1010.3,13.8,0,1100,.99,6.05,,,,,,10,5.3,15.3,12.7,,,,,,,,,,,,4.7,{비}0455-{비}{강도0}0600-0650. {비}0840-{비}{강도0}0900-0940. {비}1050-1130. {비}1355-{비}{강도0}1500-{비}{강도1}1800-{비}{강도0}2100-{비}{강도0}2400- {박무}0540-{박무}{강도0}0600-{박무}{강도0}0900-{박무}{강도0}1200-{박무}{강도0}1500-{박무}{강도0}1800-{박무}{강도0}2100-{박무}{강도0}2400-,
143,대구,2003-05-07,16.8,10.1,2331,21,1237,23,4.5,1553,7.5,1517,15.5,15.5,90,2319,8.6,90,2319,2.3,1987,110,15.7,80,2228,91.9,18.3,996,1008.5,0,997.5,1719,1002.7,13.8,0,1200,.56,3.98,,,,,,10,6.4,16.8,9.7,,,,,,,,,,,,24.3,-{비}-{비}{강도0}0300-{비}{강도0}0600-0840. {비}0940-{비}{강도0}1200-{비}{강도0}1500-{비}{강도0}1800-{비}{강도0}2100-{비}{강도0}2400--{박무}-{박무}{강도0}0300-{박무}{강도0}0600-{박무}{강도1}0900-{박무}{강도0}1200-{박무}{강도0}1500-{박무}{강도0}1800-1940.{천둥}{강도0}(SW)1535-1545.,
143,대구,2003-05-08,11.3,8,2400,15.4,1437,8.5,1.5,22,6.5,10,9,12.8,110,8,7.1,90,10,4,3456,110,4.3,33,1644,63.6,8.4,1008.2,1019.8,2356,1003.6,0,1015,13.9,2.7,1100,2.34,16.96,,,,,,7.8,4.8,12.7,4.8,,,,,,,,,,,,,-{비}-{비}{강도0}0300-{비}{강도0}0600-0830. {박무}0020-{박무}{강도0}0300-{박무}{강도0}0600-0820.,
143,대구,2003-05-09,12.8,4.6,546,20.1,1621,,,,,,,6,140,1333,3.6,110,1446,1.9,1642,50,1.7,21,1347,52.3,7.1,1013.2,1022,733,1018.1,1720,1020.1,13.9,12.5,1200,3.28,26.43,,,,,,.4,0,15.7,.9,,,,,,,,,,,,,,
143,대구,2003-05-10,16.3,8.5,519,23.8,1559,,,,,,,8.9,90,1828,6,90,1833,2.2,1901,110,3.7,16,1316,46.5,8,1011.6,1020.6,909,1015.5,1701,1018.4,13.9,9.9,1100,2.98,22.55,,,,,,5.3,0,18.6,7.1,,,,,,,,,,,,,{박무}0810-{박무}{강도0}0900-1120. {연무}1110-{연무}{강도0}1200-1240.,
143,대구,2003-05-11,17.3,9.2,608,24.9,1454,,,,,,,7.2,70,1747,4.5,90,1859,2.6,2246,110,6.9,21,1207,53.9,10.2,1011.7,1020.1,2338,1016.2,1557,1018.4,13.9,12.3,1200,3.11,25.44,,,,,,1.3,.9,20.9,6.2,,,,,,,,,,,,,,
143,대구,2003-05-12,19.2,12,520,25.9,1437,,,,,,,4.5,200,1217,3.1,250,1819,1.7,1469,110,10.6,28,1250,59.9,12.8,1013.5,1022.6,800,1018.2,1520,1020.2,14,8.1,1200,3.03,20.92,,,,,,4.9,0,22.2,8.6,,,,,,,,,,,,,{박무}0520-{박무}{강도0}0600-{박무}{강도0}0900-{박무}{강도0}1200-1230. {햇무리}1420-1710.,
143,대구,2003-05-13,20.9,13.8,523,27.9,1555,.5,0,,0,,0,5.7,20,1758,3.9,160,2057,2.1,1814,110,13.7,39,1444,64.9,15.8,1010.5,1020.2,0,1014.2,1746,1017.1,14,5.8,1100,2.78,18.68,,,,,,6.9,3.3,24,12.2,,,,,,,,,,,,.5,{박무}0320-{박무}{강도0}0600-{박무}{강도0}0900-1120. {소나기}1755-{소나기}{강도0}1800-1825.,
143,대구,2003-05-14,17.8,15,2128,22.2,1129,14.1,1,1702,3,1531,8.5,10.7,90,1256,6.6,90,1142,3.2,2765,110,15,64,1130,83.3,17.2,1005.2,1015.9,0,1010.3,1643,1011.8,14,.1,1100,1.92,10.98,,,,,,10,5.4,19.3,14.2,,,,,,,,,,,,9,{비}0419-{비}{강도0}0600-{비}{강도0}0900-0920. {비}1330-{비}{강도0}1500-{비}{강도0}1800-{비}{강도0}2100-2220. {비}2345-{비}{강도0}2400- {박무}0420-{박무}{강도0}0600-{박무}{강도0}0900-0940. {박무}1420-{박무}{강도0}1500-{박무}{강도0}1800-{박무}{강도0}2100-{박무}{강도0}2400-,
143,대구,2003-05-15,16.9,14.4,2337,20.2,1309,6.08,.5,625,.5,535,1,8,90,841,4.8,110,847,3.1,2678,110,13.2,63,1709,78.4,15.3,1003.9,1013.4,2338,1009.1,444,1010.6,14,1.4,1500,1.51,13.14,,,,,,7.8,4.5,17,13.2,,,,,,,,,,,,,-{비}-0245. {비}0410-{비}{강도0}0600-0730. -{박무}-{박무}{강도0}0300-{박무}{강도0}0600-{박무}{강도0}0900-0940.,
143,대구,2003-05-16,16.7,11.8,458,22.6,1543,,,,,,,9.7,90,1955,6.2,90,1959,3.3,2851,90,6.8,31,1429,55.3,10.1,1006.8,1015.6,949,1011.7,1521,1013.6,14.1,9.3,1200,3.05,23.16,,,,,,4.4,0,19.1,11.1,,,,,,,,,,,,,{박무}0520-{박무}{강도0}0600-{박무}{강도0}0900-1040. {햇무리}0750-0950.,
143,대구,2003-05-17,18.4,10.4,609,25.8,1605,,,,,,,5.8,160,1342,3.7,110,2240,2.4,2074,110,6.6,21,1352,49.5,9.8,1003.9,1013.6,2,1007.1,1739,1010.5,14.1,11.7,1200,3.17,24.78,,,,,,4,0,21.5,7.6,,,,,,,,,,,,,,
143,대구,2003-05-18,20.7,14.3,610,27.7,1518,.67,0,,0,,0,6,290,1541,4,270,1545,1.7,1469,20,10.8,27,1657,55.4,13,1001.6,1010.2,300,1005.5,1530,1008.2,14.1,4.5,1200,2.77,18.5,,,,,,7,2,23.2,11.3,,,,,,,,,,,,0,{박무}1020-{박무}{강도0}1200-1230. {햇무리}1210-1240. {소나기}1840-1920.,
143,대구,2003-05-19,20.9,15.2,519,27.5,1503,,,,,,,6.8,320,1617,3.8,110,826,2.3,1987,110,10.2,14,1617,56.3,12.9,1002.9,1010.9,834,1007.5,1616,1009.5,14.2,10.5,1100,3.02,24.22,,,,,,4.1,.3,24.7,13.5,,,,,,,,,,,,,{박무}0350-{박무}{강도0}0600-{박무}{강도0}0900-1140.,
143,대구,2003-05-20,21.6,15.9,555,27.8,1448,,,,,,,8.4,320,1651,4.6,290,1642,2.2,1901,320,10.2,19,1505,51.9,12.7,1004.8,1013.4,2253,1009.7,1441,1011.4,14.2,7.9,1200,2.82,20.69,,,,,,5,0,24.1,12,,,,,,,,,,,,,{박무}0440-{박무}{강도0}0600-{박무}{강도0}0900-1140. {연무}1130-{연무}{강도0}1200-1430.,
143,대구,2003-05-21,21.3,14.7,528,28,1457,,,,,,,7.4,110,2252,4,110,2323,2,1728,140,10.9,24,1522,54.6,13.2,1007.5,1016.2,747,1011.8,1744,1014.1,14.2,8.8,1300,2.43,19.13,,,,,,4.5,0,22.9,12.9,,,,,,,,,,,,,{박무}0320-{박무}{강도0}0600-{박무}{강도0}0900-1040. {연무}1030-{연무}{강도0}1200-{연무}{강도0}1500-{연무}{강도0}1800-1940. {박무}1930-{박무}{강도0}2100-{박무}{강도0}2400-,
143,대구,2003-05-22,20.7,15,650,27.4,1512,1,2.5,1638,2.5,1620,2.5,11.6,70,1649,5.8,70,1656,2,1728,90,14.3,38,1241,68.6,16.4,1007.4,1015.8,659,1011.5,1540,1014,14.2,5.6,1100,2.44,16.36,,,,,,7.1,1.8,24.7,13.9,,,,,,,,,,,,2.5,-{박무}-{박무}{강도0}0300-{박무}{강도2}0600-{시정(미만)}{1km}{안개}0620-{안개}{강도0}0900-{시정(이상)}{1km}{박무}0930-{박무}{강도0}1200-{박무}{강도0}1500-{박무}{강도0}1800-{박무}{강도0}2100-{박무}{강도0}2400- {소나기}1620-{소나기}/{우박}(d 1.0)1635-{소나기}1645-1720. {천둥}{강도0}(NW)1630-{뇌전}{강도0}(NW{이동}W 3)1640-1710.,3.17
143,대구,2003-05-23,21.4,15,534,29.1,1540,1.92,4,1811,9,1809,9.5,7.8,50,1755,5.2,50,1803,1.6,1382,50,13.5,19,1434,63.9,15.7,1008,1016.6,758,1012,1635,1014.6,14.3,8.1,1200,2.62,18.99,,,,,,4.4,1.3,21.8,13.7,,,,,,,,,,,,9.5,-{박무}-{박무}{강도0}0300-{박무}{강도0}0600-{박무}{강도0}0900-{박무}{강도0}1200-1220. {연무}1210-{연무}{강도0}1500-1730. {박무}1720-{박무}{강도0}1800-{박무}{강도0}2100-{박무}{강도0}2400- {소나기}1745-{소나기}{강도0}1800-1940.,
143,대구,2003-05-24,19.2,15.3,2318,24.5,1416,5.5,.5,2025,2,2020,4.5,8,140,1852,4.6,180,1901,2.2,1901,110,13.4,48,1239,68.9,15.4,1007.3,1015.7,816,1011.9,1620,1014,14.3,0,1100,1.33,9.82,,,,,,9.5,2.6,19.4,13.1,,,,,,,,,,,,30.5,-{박무}-{박무}{강도0}0300-{박무}{강도0}0600-{박무}{강도0}0900-{박무}{강도0}1200-{박무}{강도0}1500-{박무}{강도0}1800-1810. {박무}2330-{박무}{강도0}2400- {비}1830-{비}{강도0}2100-{비}{강도0}2400-,
143,대구,2003-05-25,16.3,15.3,1,17,1600,24,2.5,114,6,2024,57.5,10.8,90,1036,6.3,90,1044,4,3456,90,14.4,82,1025,87.4,16.4,1004,1013.4,0,1009.4,1554,1010.7,14.3,0,1200,.6,4.07,,,,,,10,7.4,15.5,14,,,,,,,,,,,,35.5,-{비}-{비}{강도0}0300-{비}{강도0}0600-{비}{강도1}0900-{비}{강도0}1200-{비}{강도0}1500-{비}{강도0}1800-{비}{강도1}2100-{비}{강도1}2400- -{박무}-{박무}{강도0}0300-{박무}{강도0}0600-{박무}{강도0}0900-{박무}{강도0}1200-{박무}{강도0}1500-{박무}{강도0}1800-{박무}{강도0}2100-{박무}{강도0}2400-,
143,대구,2003-05-26,17.2,15.2,2342,19.1,1756,9.67,1.5,105,3.5,25,4,13.3,110,1122,5.2,90,1546,2.9,2506,110,14.4,72,1803,82.5,16.4,1004.8,1012.9,2124,1009.4,215,1011.5,14.3,1.4,1500,1.09,7.3,,,,,,7.6,4,15.6,11.8,,,,,,,,,,,,0,-{비}-{비}{강도0}0300-{비}{강도0}0600-{비}{강도0}0900-0930. {비}1520-1530. -{박무}-{박무}{강도0}0300-0520. {박무}1540-{박무}{강도0}1800-{박무}{강도0}2100-{박무}{강도0}2400-,
143,대구,2003-05-27,18.3,13.5,611,24.7,1311,,,,,,,11.2,90,1506,7,90,1732,3.4,2938,110,13.5,47,1241,75,15.5,1007.1,1015.6,2310,1012.3,222,1013.8,14.3,9.9,1200,3.14,23.95,,,,,,5,1.6,18.3,11.6,,,,,,,,,,,,,-{박무}-{박무}{강도0}0300-{시정(미만)}{1km}{안개}0410-{시정(미만)}{0.5km}{안개}0430-{시정(미만)}{0.2km}{안개}0450-{시정(미만)}{0.1km}{안개}0520-{안개}{강도2}0600-{시정(이상)}{0.1km}{안개}0620-{시정(이상)}{0.2km}{안개}0640-{시정(이상)}{0.5km}{안개}0720-{시정(이상)}{1km}{박무}0740-{박무}{강도0}0900-0940. {햇무리}1420-1510.,3.5
143,대구,2003-05-28,21.2,15.7,100,27,1619,,,,,,,8.8,90,1320,5,140,1438,3.2,2765,110,14.4,47,1357,65.5,16.6,1007.3,1015.8,810,1011.5,1702,1013.9,14.4,11.7,1200,3.22,26.53,,,,,,4.1,3.5,24.8,14.7,,,,,,,,,,,,,{박무}0340-0540. {햇무리}1720-1810.,
143,대구,2003-05-29,21.7,17.1,533,26.2,1419,2.67,1.5,2257,5,2247,5.5,8,90,1752,4.9,90,1752,2.9,2506,90,15.6,50,1118,68.8,17.8,1005.2,1014.1,26,1009.8,1800,1011.8,14.4,3.5,1000,2.34,15.37,,,,,,8.9,4.3,22.3,15.1,,,,,,,,,,,,78,{박무}0110-{박무}{강도0}0300-0530. {비}1550-1620. {비}2150-{비}{강도0}2400-,
143,대구,2003-05-30,17.5,16.7,2238,18.9,1,24,3,336,11.5,310,111.5,12.2,110,1313,6.8,110,1318,2.1,1814,110,16.5,86,1813,92.6,18.8,1001.6,1011.4,0,1005.9,2356,1008.3,14.4,0,1300,.42,2.4,,,,,,10,7.1,15.8,11.6,,,,,,,,,,,,39.2,-{비}-{비}{강도1}0300-{비}{강도1}0600-{비}{강도1}0900-{비}{강도1}1200-{비}{강도0}1500-{비}{강도0}1800-{비}{강도0}2100-{비}{강도0}2400- {박무}0320-{박무}{강도0}0600-{박무}{강도0}0900-{박무}{강도0}1200-{박무}{강도0}1500-1750.,
143,대구,2003-05-31,20.4,16.7,24,26,1626,1.33,.2,,.2,,.2,7.6,20,1328,3.9,50,1336,1.8,1555,360,14.3,37,1651,69.9,16.5,996.4,1005.9,0,1000.9,643,1003,14.4,3.7,1600,1.69,11.02,,,,,,6,4.9,19.7,15.4,,,,,,,,,,,,,-{비}-0120.,
143,대구,2003-06-01,20.5,14.2,526,27.6,1418,,,,,,,7.6,140,1656,4.9,110,1657,2.6,2246,110,12.5,24,1308,63.5,14.6,999.6,1008.4,2349,1004.3,1653,1006.1,14.4,11,1200,3.1,23.59,,,,,,3.3,1.9,23.7,11.9,,,,,,,,,,,,,{박무}0210-{박무}{강도0}0300-0520.,
143,대구,2003-06-02,20.6,14.5,403,27.7,1609,,,,,,,10.6,90,1923,6.1,110,1846,2.5,2160,110,10.4,17,1455,55.1,12.8,1002.5,1012.4,2349,1006.8,1541,1009.1,14.5,10.6,1200,3.03,24.43,,,,,,2.1,1.3,21.9,10,,,,,,,,,,,,,{박무}0420-{박무}{강도0}0600-{박무}{강도0}0900-1040.,
143,대구,2003-06-03,19.6,12.5,518,26.1,1429,,,,,,,5.4,90,620,3.9,90,624,2,1728,70,8.1,22,1137,51.1,11,1006.2,1015.3,820,1010.5,1809,1012.8,14.5,7.3,1200,2.61,19.64,,,,,,5.9,0,21.1,10.8,,,,,,,,,,,,,{햇무리}1120-1340.,
143,대구,2003-06-04,21.7,14.4,457,27.7,1500,,,,,,,6.9,320,1223,3.9,320,1217,1.8,1555,320,10,23,1504,49.9,12.5,1001.7,1011.4,0,1006.1,1553,1008.2,14.5,8.4,1100,2.64,20.35,,,,,,5.4,0,25.1,11.6,,,,,,,,,,,,,{햇무리}1220-1450.,
143,대구,2003-06-05,23.3,15.7,526,30.4,1619,,,,,,,6.4,320,1539,3.9,290,1541,1.8,1555,50,8.7,12,1643,43.6,11.5,1001.7,1009.8,709,1006.3,1626,1008.2,14.5,12.9,1200,3.12,26.45,,,,,,1.3,0,28.1,12.1,,,,,,,,,,,,,,
143,대구,2003-06-06,22.3,16.9,524,29.4,1433,,,,,,,11.6,320,1705,6.9,290,1648,2.2,1901,20,12.3,26,1404,54.3,14.4,1000.8,1008.9,40,1004.4,1545,1007.4,14.5,6.2,1100,2.61,18.59,,,,,,7,1.9,26.1,15.4,,,,,,,,,,,,,{박무}0410-{박무}{강도0}0600-{박무}{강도0}0900-1040. {연무}1030-{연무}{강도0}1200-1330. {박무}2020-{박무}{강도0}2100-{박무}{강도0}2400-,
143,대구,2003-06-07,23.5,17.7,636,29.4,1600,,,,,,,7.8,270,1851,5.1,270,1851,1.9,1642,290,12.2,26,1236,51.3,14.4,1003,1012.1,2333,1007.3,0,1009.5,14.5,11.1,1200,2.89,23.19,,,,,,4.4,1.9,28.2,15.6,,,,,,,,,,,,,-{박무}-{박무}{강도0}0300-{박무}{강도0}0600-{박무}{강도0}0900-1120. {연무}1110-{연무}{강도0}1200-{연무}{강도0}1500-1620. {박무}2230-{박무}{강도0}2400-,
143,대구,2003-06-08,24.3,18.2,445,30.7,1512,,,,,,,8,70,1811,5.1,70,1753,2.2,1901,90,13.4,28,1336,52.8,15.5,1006.7,1014.6,750,1011.6,1617,1013.2,14.5,11,1200,2.89,22.27,,,,,,3.9,.1,28.7,15.2,,,,,,,,,,,,,-{박무}-{박무}{강도0}0300-{박무}{강도0}0600-{박무}{강도0}0900-1120. {연무}1110-{연무}{강도0}1200-{연무}{강도0}1500-1640.,
143,대구,2003-06-09,22,19,636,26.9,1416,,,,,,,10.5,110,2017,6.3,90,1755,3.6,3110,90,13.6,43,1537,58.8,15.7,1005.8,1014.4,0,1010.2,1652,1012.4,14.5,7.8,1400,2.6,20.16,,,,,,6.4,.9,27.6,17.1,,,,,,,,,,,,,{박무}0810-{박무}{강도0}0900-{박무}{강도0}1200-1420. {햇무리}0940-1320.,
143,대구,2003-06-10,21.1,19.2,455,23.3,1347,.17,0,,0,,0,10.2,90,1101,6.4,90,1403,4.1,3542,90,15.1,60,1122,67.4,17.2,1002.9,1011.5,0,1008.1,1731,1009.5,14.5,.1,1000,1.83,11.88,,,,,,9.3,4.6,22.6,16.5,,,,,,,,,,,,0,{박무}0430-{박무}{강도0}0600-{박무}{강도0}0900-{박무}{강도0}1200-1410.{비}1530-1540.,
143,대구,2003-06-11,20.6,18.7,2349,23.3,1421,2.75,.5,2143,1.5,2134,2,9.4,90,1011,5.8,90,1248,3.9,3370,90,15.9,61,1422,74,18.1,1000.9,1009.5,0,1005.7,1736,1007.5,14.6,0,1400,1.43,10,,,,,,9.5,4.1,23.2,17.5,,,,,,,,,,,,20,{박무}0420-{박무}{강도0}0600-{박무}{강도0}0900-{박무}{강도0}1200-{박무}{강도0}1500-{박무}{강도0}1800-{박무}{강도0}2100-{박무}{강도0}2400- {비}2115-{비}{강도0}2400-,
143,대구,2003-06-12,19.8,18.3,352,21.3,1646,17.67,1.5,748,6.5,744,29.5,6.7,110,6,3.9,110,11,2.1,1814,110,18.5,86,1416,91.3,21.4,994.2,1005.8,0,997.6,1757,1000.7,14.6,0,1600,.61,3.98,,,,,,9.8,6.6,19.8,17.6,,,,,,,,,,,,11.5,-{박무}-{박무}{강도0}0300-{박무}{강도0}0600-{박무}{강도0}0900-{박무}{강도0}1200-{박무}{강도0}1500-{박무}{강도0}1800-{박무}{강도0}2100-2220. -{비}-{비}{강도0}0300-{비}{강도0}0600-{비}{강도1}0900-{비}{강도0}1200-{비}{강도0}1500-1740.,
143,대구,2003-06-13,22.7,19.4,538,26.6,1200,,,,,,,7.7,270,1116,4.4,270,1118,2.2,1901,270,15.5,42,1242,65.1,17.8,998.4,1006.9,2158,1000.7,16,1005,14.6,4.7,1100,2.81,17.4,,,,,,8.4,3.5,24.9,17.6,,,,,,,,,,,,,,
143,대구,2003-06-14,23.1,19,621,28.4,1519,,,,,,,7.5,270,1935,4.7,250,1940,1.8,1555,250,14.5,35,1502,59.4,16.6,999.8,1008.3,2352,1004,1651,1006.3,14.6,5.5,1200,2.76,18.45,,,,,,7.6,3.5,23.1,16.8,,,,,,,,,,,,,{박무}0230-{박무}{강도0}0300-{박무}{강도0}0600-{박무}{강도0}0900-1030.,
143,대구,2003-06-15,22.7,17.4,537,27.6,1332,.17,0,,0,,0,5.7,140,2111,3.8,160,1944,1.9,1642,200,14.8,37,1359,62,16.9,1001.7,1009.8,2208,1006.5,1520,1008.2,14.6,7,1300,2.55,18.55,,,,,,6.5,2.6,24.2,14.6,,,,,,,,,,,,0,{박무}0220-{박무}{강도0}0300-{박무}{강도0}0600-{박무}{강도0}0900-{박무}{강도0}1200-1220. {비}2215-2225.,
143,대구,2003-06-16,22.8,19.4,545,26.7,1444,.33,0,,0,,0,5.7,110,847,3.5,160,1855,2.2,1901,110,16.3,49,1540,67,18.6,1004.2,1012.4,2303,1009.3,1608,1010.8,14.6,1.9,1000,2.2,13.38,,,,,,8.4,4.8,23.2,16.2,,,,,,,,,,,,,{박무}0230-{박무}{강도0}0300-{박무}{강도0}0600-{박무}{강도0}0900-{박무}{강도0}1200-{박무}{강도0}1500-1620. {비}0340-0350. {비}0510-0520.,
143,대구,2003-06-17,23.2,18.4,432,27.6,1230,,,,,,,5.7,140,1556,3.7,180,1602,1.7,1469,360,16,42,1649,65.1,18.3,1004.7,1013.2,542,1009.2,1806,1011.2,14.6,5,1100,2.48,15.74,,,,,,6.4,3,23.4,15.8,,,,,,,,,,,,,{박무}0210-{박무}{강도0}0300-{박무}{강도0}0600-{박무}{강도0}0900-{박무}{강도0}1200-1430. {박무}1940-{박무}{강도0}2100-{박무}{강도0}2400-,
143,대구,2003-06-18,22.8,18.8,511,26.2,1502,,,,,,,5.2,360,1106,3.3,360,1853,1.4,1210,360,17.2,59,1059,70.4,19.7,1002.1,1010.8,135,1006.7,1804,1008.7,14.6,.2,1000,1.86,10.8,,,,,,8.5,4.5,25.3,14.9,,,,,,,,,,,,16.5,-{박무}-{박무}{강도0}0300-{박무}{강도0}0600-{박무}{강도0}0900-{박무}{강도0}1200-1230.,
143,대구,2003-06-19,20.9,20.1,431,23.6,1821,17.67,4,1156,12,1119,74.5,8.4,270,1755,5.1,270,1743,2.2,1901,290,19.2,72,1807,89.5,22.5,994.1,1007,0,993.4,1413,1000.7,14.6,.6,1700,.76,4.26,,,,,,9.4,6,20,18.8,,,,,,,,,,,,58,{박무}0020-{박무}{강도0}0300-{박무}{강도0}0600-{박무}{강도0}0900-{박무}{강도0}1200-{박무}{강도0}1500-1630. {비}0140-{비}{강도0}0300-{비}{강도0}0600-{비}{강도0}0900-{비}{강도1}1200-{비}{강도1}1500-1740. {비}1950-{비}{강도0}2100-2130. {무지개}1710-1730.,
143,대구,2003-06-20,24.4,18.4,351,29.7,1413,,,,,,,6,290,1609,3.9,270,1428,1.6,1382,290,17.9,36,1328,68.9,20.7,1000.8,1009.7,2343,1003.7,0,1007.3,14.6,9.6,1200,2.71,22.61,,,,,,4.3,1.4,24.9,16,,,,,,,,,,,,,{박무}0430-{박무}{강도1}0600-{박무}{강도0}0900-1040.,
143,대구,2003-06-21,25,20.4,452,28.9,1435,,,,,,,5.4,290,1232,3.4,270,1635,2,1728,290,19.2,53,1223,70.1,22.3,1003.8,1011.6,734,1008.9,1621,1010.3,14.6,3,1100,2.05,15.93,,,,,,6.8,1.9,25.4,19.3,,,,,,,,,,,,,{박무}0420-{박무}{강도0}0600-{박무}{강도0}0900-1130. {박무}1430-{박무}{강도0}1500-1540.,
143,대구,2003-06-22,26,22.2,528,30.9,1631,.17,0,,0,,0,6.1,270,844,4,140,2029,1.9,1642,320,18.7,42,1701,65,21.7,1002.2,1011,42,1006.1,1737,1008.7,14.6,6.1,1100,2.48,17.97,,,,,,7.5,3.8,25.7,20.7,,,,,,,,,,,,0,{박무}0510-{박무}{강도0}0600-{박무}{강도0}0900-{박무}{강도0}1200-{박무}{강도0}1500-1620. {박무}1940-{박무}{강도0}2100-{박무}{강도0}2400- {비}2240-2250.,
143,대구,2003-06-23,20.9,19.9,1100,23.5,0,12.33,2,1411,5,1007,13.5,7.8,110,426,4.8,140,419,2.6,2246,110,18.9,70,0,87.9,22,994.1,1007.3,0,996.4,1746,1000.6,14.6,0,1200,.6,4.11,,,,,,9.6,5.1,21.6,19.2,,,,,,,,,,,,13.5,-{박무}-{박무}{강도1}0300-{박무}{강도0}0600-{박무}{강도1}0900-{박무}{강도0}1200-{박무}{강도0}1500-1720. {박무}1830-{박무}{강도0}2100-{박무}{강도0}2400-{비}0550-{비}{강도0}0600-{비}{강도0}0900-{비}{강도0}1200-{비}{강도1}1500-1730. {비}1840-1920.,
143,대구,2003-06-24,22.5,20,2359,27,1441,.25,0,,0,,0,11.1,250,1449,7,250,1458,3.6,3110,250,15.2,42,1451,64,17.4,989.6,998,2145,994.8,1525,996.1,14.6,4.2,1400,2.63,16.45,,,,,,7.1,6.9,23.3,19.1,,,,,,,,,,,,0,{비}0905-0920.,
143,대구,2003-06-25,20.4,18.8,2353,22.8,1311,1.67,0,,0,,0,8.8,250,300,5.5,270,1153,2.7,2333,270,14.6,56,1110,69.3,16.8,992.9,1003.1,2346,997,230,999.4,14.6,.7,900,2.05,7.72,,,,,,7.5,6.5,20.4,17.7,,,,,,,,,,,,0,{비}1335-1345. {비}1540-1710.,
143,대구,2003-06-26,22,18.1,439,27.4,1531,,,,,,,8.3,340,1307,4.5,110,1708,1.9,1642,110,16.2,43,1635,70.3,18.5,999.1,1007.7,2203,1003,0,1005.6,14.6,3.8,1000,2.25,15.41,,,,,,7,5.4,22.8,16.7,,,,,,,,,,,,14,{박무}0040-{박무}{강도0}0300-{박무}{강도0}0600-{박무}{강도0}0900-0950. {박무}1930-{박무}{강도0}2100-{박무}{강도0}2400-,
143,대구,2003-06-27,19.6,18.1,644,20.6,2310,15.67,3.5,1521,8.5,644,48.5,10.6,110,2048,4.7,90,1200,2.9,2506,110,18.2,82,0,90.9,21.1,993.8,1007.1,0,995.6,2045,1000.3,14.6,0,1500,.31,2.7,,,,,,9.9,7.9,19.5,18,,,,,,,,,,,,34.5,-{박무}-{박무}{강도0}0300-{박무}{강도0}0600-{박무}{강도0}0900-{박무}{강도0}1200-{박무}{강도0}1500-{박무}{강도0}1800-{박무}{강도0}2100-{박무}{강도0}2400-{비}0520-{비}{강도0}0600-{비}{강도0}0900-{비}{강도1}1200-{비}{강도1}1500-{비}{강도0}1800-2040. {비}2130-2150.,
143,대구,2003-06-28,20.6,19.7,554,21.3,746,5.55,.4,1144,.4,1054,.5,6.2,110,1342,4,90,1636,1.8,1555,110,19.1,83,1553,90.4,22.3,996.4,1006.6,2159,995.9,6,1002.9,14.6,0,1200,1.16,4.86,,,,,,9.8,3.9,20.3,17.5,,,,,,,,,,,,.5,{비}0220-0233. {비}0820-{비}{강도0}0900-{비}{강도0}1200-1340. {박무}0640-{박무}{강도0}0900-{박무}{강도0}1200-{박무}{강도0}1500-1530. {박무}2240-{박무}{강도0}2400-,
143,대구,2003-06-29,24.3,20.1,511,29,1458,,,,,,,6,270,1355,4,270,1340,1.8,1555,270,18.6,50,1331,71.8,21.7,999.8,1008.2,706,1004.4,1726,1006.3,14.6,4.1,1200,2.22,17.58,,,,,,7,2.6,24.2,17.3,,,,,,,,,,,,,-{박무}-{박무}{강도0}0300-{박무}{강도0}0600-{박무}{강도0}0900-1130.,
143,대구,2003-06-30,23.5,20.2,522,27.1,1412,.5,0,,0,,0,6,290,1536,3.8,270,1536,1.6,1382,270,18.4,57,1549,73.3,21.3,1000.3,1007.7,645,1005.5,1811,1006.8,14.6,.1,1300,1.76,12.6,,,,,,9.5,4.1,24.5,19.2,,,,,,,,,,,,6.5,{박무}0830-{박무}{강도0}0900-{박무}{강도0}1200-{박무}{강도0}1500-{박무}{강도0}1800-{박무}{강도0}2100-{박무}{강도0}2400-{비}2330-{비}{강도0}2400-,
143,대구,2003-07-01,22.1,18.8,707,26.5,1526,11.5,.5,20,2,434,7,7.1,90,2043,4.2,90,1939,2.2,1901,110,17.4,51,1537,75.3,20,1001.8,1011.1,2355,1005.6,320,1008.4,14.6,5,1400,2.69,15.44,,,,,,6.9,5,23.2,17.9,,,,,,,,,,,,.5,-{박무}-{박무}{강도0}0300-{박무}{강도0}0600-{박무}{강도0}0900-1140. -{비}-{비}{강도0}0300-{비}{강도0}0600-{비}{강도0}0900-1130.,
143,대구,2003-07-02,24.3,19.1,325,29.6,1458,1.67,.1,,.1,,.1,6.6,160,922,4.2,140,947,2.4,2074,140,18,46,1321,68.6,20.8,1004.6,1013.4,720,1009.3,2358,1011.1,14.6,7.6,1200,2.97,20.98,,,,,,5.3,2.4,25,16.5,,,,,,,,,,,,55.1,{비}2220-{비}{강도0}2400-,
143,대구,2003-07-03,20.4,18.7,308,22.1,0,13.5,4,441,13.5,606,55.5,6.3,110,433,4.1,110,429,2.2,1901,270,18.8,81,13,89.8,21.8,995.9,1009.3,0,999.4,1103,1002.5,14.6,0,1300,.64,4.65,,,,,,10,5.3,20.7,18.4,,,,,,,,,,,,.5,-{비}-{비}{강도1}0300-{비}{강도1}0600-{비}{강도0}0900-1130. {비}1220-1320. {이슬비}1430-{이슬비}{강도0}1500-1530.{박무}0140-{박무}{강도0}0300-{박무}{강도0}0600-{박무}{강도0}0900-{박무}{강도0}1200-{박무}{강도0}1500-1620.,
143,대구,2003-07-04,20.6,18.8,2359,22.4,1449,8.42,2,2341,3.5,2300,3.5,5.2,110,1913,3.7,90,1915,1.6,1382,110,18.5,76,1452,86.6,21.4,1000.4,1008.7,1148,1005.2,2034,1007,14.5,0,1200,.53,4.35,,,,,,9.8,5.4,20.1,18.2,,,,,,,,,,,,34.5,{박무}0420-{박무}{강도0}0600-{박무}{강도0}0900-1040. {비}1110-{비}{강도0}1200-1240. {비}1440-{비}{강도0}1500-{비}{강도0}1800-2030. {비}2255-{비}{강도0}2400- {박무}2310-{박무}{강도0}2400-,
143,대구,2003-07-05,20.3,18.1,403,23.7,1811,11.5,3.5,519,11.5,448,32,5.2,110,842,3.2,90,259,1.5,1296,110,18.5,75,1816,88.9,21.5,999,1007.7,2242,1004.2,508,1005.6,14.5,.1,1300,.99,6.53,,,,,,9,5.1,20.8,17.7,,,,,,,,,,,,1,-{비}-{소나기}0035-{비}0215-{비}{강도1}0300-{비}{강도1}0600-0640. {비}0840-{비}{강도0}0900-{비}{강도0}1200-1330. -{박무}-{박무}{강도0}0300-{박무}{강도0}0600-{박무}{강도0}0900-{박무}{강도0}1200-1340. {천둥}{강도0}(SW)0040-{뇌전}{강도1}(SW{이동}W 3~4)0055-{천둥}{강도0}(W{이동}NW)0105-0110. {뇌전}{강도0}(SW 4~5)0115-{뇌전}{강도0}(SW{이동}S 3~4)0125-{번개}{강도0}(S)0150-0210.,
143,대구,2003-07-06,20.9,19.6,2357,22,819,16.25,4,1616,14,1529,56.5,6.5,140,2308,4,140,2329,1.6,1382,140,19.8,87,822,93.1,23.3,999.7,1007.8,1041,1004,1701,1006.3,14.5,0,1300,.53,3.84,,,,,,10,5.8,20.9,19,,,,,,,,,,,,56.6,{박무}0220-{박무}{강도0}0300-{박무}{강도0}0600-{박무}{강도0}0900-{박무}{강도0}1200-{박무}{강도0}1500-{박무}{강도0}1800-{박무}{강도0}2100-{박무}{강도0}2400-{비}0745-{비}{강도0}0900-{비}{강도1}1200-{비}{강도0}1500-{비}{강도1}1800-{비}{강도0}2100-{비}{강도0}2400-,
143,대구,2003-07-07,20.7,19.6,5,22.3,1119,10.33,.5,1317,1,1313,2,7.1,90,1144,4.5,110,1204,2.4,2074,110,18.7,78,1102,87.5,21.7,1002.8,1011.3,2227,1006.5,2,1009.4,14.5,0,1100,.79,5.63,,,,,,9.9,4.9,21,19,,,,,,,,,,,,1.9,-{비}-0020. {비}0330-0440. {비}0530-{비}{강도0}0600-0710. {비}1020-{비}{강도0}1200-{비}{강도0}1500-1730. -{박무}-{박무}{강도0}0300-0420. {박무}0520-{박무}{강도0}0600-{박무}{강도0}0900-0940. {박무}1420-{박무}{강도0}1500-1740.,
143,대구,2003-07-08,21.4,19.5,324,23.2,1523,1.33,0,,0,,0,5.7,140,1502,4,140,1518,2.5,2160,110,18.9,77,1048,85,22,1004.1,1011.7,1133,1009.7,2400,1010.7,14.5,0,1000,.95,6.77,,,,,,9.9,4.3,21.3,16.5,,,,,,,,,,,,43,{박무}0220-{박무}{강도0}0300-{박무}{강도0}0600-{박무}{강도0}0900-0920. {비}2240-{비}{강도0}2400-,
143,대구,2003-07-09,24.4,20.8,249,29.7,1556,15.92,6.5,823,13.5,746,48.5,7.8,250,1609,4.5,230,1615,1.5,1296,70,21.5,58,1601,84.8,25.9,1000,1009.7,0,1003.6,2400,1006.5,14.5,.1,1200,1.59,8.64,,,,,,10,6.4,23.9,20.5,,,,,,,,,,,,48.5,-{비}-{소나기}0230-{소나기}{강도1}0300-{비}0330-{비}{강도1}0600-{비}{강도0}0900-0940. {비}1745-{비}{강도0}1800-{비}{강도0}2100-{비}{강도0}2400-{박무}0120-{박무}{강도0}0300-{박무}{강도0}0600-{박무}{강도0}0900-0950. {박무}2320-{박무}{강도0}2400-{천둥}{강도0}(NW)0240-0250.,
143,대구,2003-07-10,23.4,21.9,2327,24.4,951,20.67,5.5,712,15.5,625,52.5,6.1,290,604,3.9,290,612,1.3,1123,20,21.9,80,1236,91,26.7,998.7,1007.4,2158,1001.6,339,1005.2,14.5,0,1200,.77,5.68,,,,,,10,5.9,23.7,20.7,,,,,,,,,,,,33,-{비}-{소나기}0040-{소나기}{강도1}0300-{비}0320-{비}{강도1}0600-{비}{강도0}0900-{비}{강도0}1200-{비}{강도0}1500-{비}{강도0}1800-1940. {비}2040-{비}{강도0}2100-2140. -{박무}-{박무}{강도0}0300-{박무}{강도0}0600-{박무}{강도0}0900-{박무}{강도0}1200-1220. {천둥}{강도0}(SW)0050-{뇌전}{강도1}(SW{이동}W 3~4)0110-{뇌전}{강도1}(W{이동}NW 3~4)0205-{뇌전}{강도1}(NW 3~4)0300-0310.,
143,대구,2003-07-11,20.7,19.5,653,22.2,1551,13.75,6.5,922,19.5,914,53.5,6.3,90,908,4.5,90,912,2.1,1814,110,19.4,83,1605,91.1,22.7,1000.4,1009.1,2231,1005.5,218,1007,14.4,.1,1200,.59,3.37,,,,,,9.8,5.9,20.4,17.2,,,,,,,,,,,,30,{비}0035-{비}{강도0}0300-{비}{강도0}0600-{비}{강도1}0900-{비}{강도0}1200-1420. {박무}0510-{박무}{강도0}0600-{박무}{강도0}0900-{박무}{강도0}1200-{박무}{강도0}1500-{박무}{강도0}1800-2010.,
143,대구,2003-07-12,21.3,20,2326,23,933,8.83,.5,2310,1,2249,1.5,6.6,90,739,4.2,90,704,2.6,2246,110,18.6,73,936,84.5,21.7,1002.9,1010.9,1126,1007.7,2359,1009.5,14.4,0,900,.9,4.5,,,,,,10,4.9,21.7,19.1,,,,,,,,,,,,53,{박무}0210-{박무}{강도0}0300-{박무}{강도0}0600-0640. {박무}0820-{박무}{강도0}0900-{박무}{강도0}1200-{박무}{강도0}1500-{박무}{강도0}1800-{박무}{강도0}2100-{박무}{강도0}2400-{비}1510-{비}{강도0}1800-{비}{강도0}2100-{비}{강도0}2400-,
143,대구,2003-07-13,18.9,18,2317,20.3,13,16.83,4,449,13,421,55,9,110,918,5.1,90,659,2.4,2074,110,17.5,81,1533,90.5,20.2,998.5,1007.7,0,1003.6,649,1005.1,14.4,0,1200,.72,4.74,,,,,,9.6,5.8,19.5,15.6,,,,,,,,,,,,3.5,-{비}-{비}{강도0}0300-{비}{강도1}0600-{비}{강도0}0900-{비}{강도0}1200-1450. {비}1530-1730. -{박무}-{박무}{강도0}0300-{박무}{강도0}0600-{박무}{강도0}0900-{박무}{강도0}1200-1330.,
143,대구,2003-07-14,21.2,17.2,344,25.4,1552,,,,,,,8.1,90,1752,5,90,1800,2.2,1901,90,16.2,54,1155,73.6,18.5,1000.5,1008.5,2338,1005.9,1651,1007,14.4,6.7,1100,2.39,16.5,,,,,,6.9,3.8,22,15,,,,,,,,,,,,0,{박무}0430-{박무}{강도0}0600-0810.,
143,대구,2003-07-15,21.9,18.6,314,26.2,1431,.33,0,,0,,0,9,140,1556,5.7,90,1736,2.9,2506,110,16.2,53,1223,70.1,18.5,1001.8,1010.3,2237,1007.1,1451,1008.3,14.4,6.5,1200,3.02,20.85,,,,,,6.3,4.6,23.9,18.4,,,,,,,,,,,,,{소나기}0620-0640.,
143,대구,2003-07-16,22.3,17.4,500,27.9,1503,,,,,,,9.3,90,1851,6,90,2101,2.9,2506,110,15.3,46,1522,65.9,17.5,1004.5,1012.6,2346,1009.8,1650,1011,14.4,12.3,1300,3.19,25.87,,,,,,3.8,3.4,25.4,15.7,,,,,,,,,,,,,,
143,대구,2003-07-17,21.2,18.2,509,25.2,1434,4.67,.5,2255,1.5,2321,1.5,9,90,816,5.8,90,1713,3.7,3197,90,15.9,53,1137,72.1,18.2,1004.1,1012.4,0,1008.9,2359,1010.7,14.4,4.4,1100,2.45,16.76,,,,,,7.9,3.6,22.8,16.8,,,,,,,,,,,,18.5,{비}1920-{비}{강도0}2100-{비}{강도0}2400- {박무}2320-{박무}{강도0}2400-,
143,대구,2003-07-18,21.9,18.8,20,24.7,1750,16.42,5,1108,18,1028,44,9.1,90,105,5.5,90,110,2.6,2246,110,20.1,77,2028,88.9,23.7,995,1008.9,0,998.2,1342,1001.5,14.3,.2,1200,.92,4.53,,,,,,8.3,6.8,21.7,18.3,,,,,,,,,,,,27,-{비}-{비}{강도0}0300-{비}{강도0}0600-{비}{강도0}0900-{비}{강도1}1200-1230. {비}1345-{비}{강도0}1500-1740. -{박무}-{박무}{강도0}0300-{박무}{강도0}0600-{박무}{강도0}0900-{박무}{강도0}1200-{박무}{강도0}1500-1705.,
143,대구,2003-07-19,25.5,21.2,535,30.4,1528,.67,.5,2343,.6,2320,.5,9.6,250,1508,5.6,250,1512,2.7,2333,250,18.4,41,1327,66.5,21.4,998.3,1008,2319,1001.7,0,1004.7,14.3,9.7,1200,2.97,23.11,,,,,,5.9,5.4,26.1,19.7,,,,,,,,,,,,.7,{비}2320-{비}{강도0}2400-,
143,대구,2003-07-20,24.6,21.9,2306,29.5,1301,4.58,1,1815,2,1751,2.5,6.6,320,1607,4.5,320,1612,1.5,1296,50,21.2,61,1306,81.9,25.4,1001.6,1010.2,1956,1006.6,1355,1008.2,14.3,1.6,900,1.9,12.48,,,,,,8,4,24.7,20.4,,,,,,,,,,,,2.3,-{비}-0045. {소나기}1620-{소나기}{강도0}1800-{비}1820-2010. {박무}0030-{박무}{강도0}0300-{박무}{강도1}0600-{박무}{강도0}0900-{박무}{강도0}1200-{박무}{강도0}1500-{박무}{강도0}1800-{박무}{강도0}2100-{박무}{강도0}2400- {천둥}{강도0}(NW)1610-{뇌전}{강도0}(NW{이동}W 3~4)1620-{뇌전}{강도0}(W{이동}SW 5~6)1640-1650. {뇌전}{강도0}(SW 3~4)1730-{뇌전}{강도0}(SW{이동}S 6~7)1750-{뇌전}{강도0}(S 6~7)1800-1810.,
143,대구,2003-07-21,24.6,21.3,358,30.1,1457,.25,0,,0,,0,8.7,110,2213,5.2,110,2221,2.5,2160,90,19.9,55,1354,75.4,23.4,1004.9,1013.7,2136,1009.3,41,1011.4,14.3,4.1,1200,2.93,16.89,,,,,,8.9,5.6,25.1,19.2,,,,,,,,,,,,12,-{박무}-{박무}{강도0}0300-{박무}{강도0}0600-{박무}{강도0}0900-{박무}{강도0}1200-1320. {비}2230-2245.,
143,대구,2003-07-22,23.1,20.6,527,24.9,1701,16,9.5,512,10.5,505,15.5,7.6,110,959,4.6,110,1100,2.7,2333,110,21,74,121,87.8,25.2,1004.9,1014,745,1008.3,2359,1011.4,14.2,0,1200,1.35,7.02,,,,,,10,6.1,23.3,20.2,,,,,,,,,,,,27.5,{박무}0120-{박무}{강도0}0300-{박무}{강도0}0600-{박무}{강도0}0900-{박무}{강도0}1200-{박무}{강도0}1500-{박무}{강도0}1800-1840. {소나기}0505-{소나기}{강도1}0600-{비}0610-0840. {비}1050-{비}{강도0}1200-{비}{강도0}1500-{비}{강도0}1800-{비}{강도0}2100-2240. {비}2325-{비}{강도0}2400- {뇌전}{강도0}(NW 3~4)0510-0540.,
143,대구,2003-07-23,26.4,22.4,2400,32,1455,4.33,6,408,19,352,24,7.7,250,1026,5.2,250,1032,2.1,1814,320,21.2,52,1453,74,25.4,1001.4,1010.5,2333,1006.6,1541,1007.9,14.2,5.6,1000,2.6,17.15,,,,,,6.9,5.9,27.4,21.5,,,,,,,,,,,,,-{비}-0030. {비}0230-{비}{강도0}0300-{비}{강도0}0600-0620.,
143,대구,2003-07-24,24.5,20,533,30.9,1348,1.08,0,,0,,0,7.3,140,2210,5,140,2211,2.3,1987,110,19.8,51,1349,75.5,23.2,1005,1012.5,802,1010.3,1624,1011.5,14.2,4.8,1000,2.55,16.66,,,,,,7,3.6,26.1,19.2,,,,,,,,,,,,33,{박무}0520-{박무}{강도0}0600-{박무}{강도0}0900-{박무}{강도0}1200-1340. {비}2135-2240.,
143,대구,2003-07-25,21.7,20,837,23.7,1614,6.83,9.5,929,22.5,715,53.5,8.8,90,1832,5.3,90,1713,3.3,2851,110,19.2,76,1701,85,22.4,1005.5,1014.1,2113,1009.7,341,1012.1,14.2,0,1400,.98,5.16,,,,,,10,4.8,21.8,19.8,,,,,,,,,,,,20.5,{비}0440-{소나기}0540-{소나기}{강도0}0600-{소나기}{강도1}0900-{비}1030-1130. {천둥}{강도0}(NW)0550-{뇌전}{강도0}(NW{이동}W 3~5)0555-{뇌전}{강도0}(W 3~5)0600-0620. {뇌전}{강도0}(SW 3~4)0720-{뇌전}{강도0}(SW{이동}S 3~4)0730-{뇌전}{강도0}(S 3~4)0750-0810. {뇌전}{강도0}(SW 5~6)0840-{뇌전}{강도0}(SW{이동}S 3~4)0850-{뇌전}{강도0}(S 3~4)0900-0940. {뇌전}{강도0}(SW 3~4)1010-1020.,
143,대구,2003-07-26,22.4,20.8,2400,25.3,1149,,,,,,,8.8,90,1912,6.2,90,1921,3.3,2851,140,17.9,63,1149,75.1,20.6,1006.7,1014.7,2323,1012.3,1525,1013.3,14.1,.7,1100,2,10.92,,,,,,7.5,5.8,22.4,19.7,,,,,,,,,,,,,,
143,대구,2003-07-27,22,20,458,25.7,1323,.75,0,,0,,0,8.7,90,1837,5.6,90,1816,3.1,2678,110,17.2,57,1325,73.5,19.7,1006.4,1014.3,1,1011.9,1905,1013,14.1,1.9,1300,2.72,15.24,,,,,,7.9,3.9,23.6,19.5,,,,,,,,,,,,0,{소나기}1055-1140.,
143,대구,2003-07-28,24.1,19.2,553,29.3,1359,4.25,.5,2202,2.5,2207,3,5.4,90,1055,3.5,110,1746,2,1728,20,18.7,52,1406,72.6,21.8,1002.1,1012.4,11,1005.2,1744,1008.5,14.1,5.9,1000,2.64,18.38,,,,,,7.6,4,26.8,18.5,,,,,,,,,,,,26,{햇무리}1110-1140. {비}1945-{비}{강도0}2100-{비}{강도0}2400-,
143,대구,2003-07-29,24.2,21.8,305,30,1339,9.33,2.5,225,8.5,223,23.5,9.3,140,1901,5.2,140,1852,2,1728,110,21.5,67,1340,84.9,26,996.1,1006.1,0,999.9,1421,1002.5,14.1,.3,1300,1.87,10.78,,,,,,8.6,6,25.6,20.9,,,,,,,,,,,,.5,-{비}-{비}{강도1}0300-0445. {비}0540-{비}{강도0}0600-0645. {비}0750-{비}{강도1}0900-1050. {비}2140-2210. {박무}1030-{박무}{강도0}1200-1350.,
143,대구,2003-07-30,24.5,21.4,459,29.7,1603,,,,,,,7.7,110,2129,4.9,140,2051,3,2592,110,18.6,50,1604,69.8,21.5,999.5,1007.7,2245,1004.2,31,1005.9,14,6.8,1200,3.14,21.06,,,,,,5.5,4.4,26.3,20.2,,,,,,,,,,,,,{박무}0320-0430.,
143,대구,2003-07-31,23.5,20.6,439,28.3,1449,,,,,,,8.1,110,2101,5,110,1459,3.6,3110,110,18,53,1422,71.3,20.8,1001.1,1009.2,908,1006.2,1751,1007.6,14,6.8,1200,3.15,21.28,,,,,,4.4,3.3,26,19.8,,,,,,,,,,,,,{박무}0720-0840.,
143,대구,2003-08-01,25.6,20.8,629,31.8,1645,,,,,,,6.4,140,19,3.8,140,24,2.1,1814,20,19.5,50,1638,69.5,22.9,999.7,1007.6,828,1004.2,1810,1006.1,14,7.1,1200,3.01,20.31,,,,,,6.3,3.1,28.6,20.1,,,,,,,,,,,,,,
143,대구,2003-08-02,27.4,22.3,459,31.9,1535,,,,,,,5.9,90,1539,3.6,270,1415,1.7,1469,50,20.5,47,1241,67,24.3,1000,1008,2329,1005,1539,1006.4,14,7.5,1100,2.8,20.2,,,,,,4.4,.9,29.3,21,,,,,,,,,,,,,,
143,대구,2003-08-03,29,24.3,542,34.6,1547,,,,,,,7.3,270,1629,3.7,250,1636,1.7,1469,290,22.7,48,1442,68.9,27.6,1001.1,1008.8,2340,1006,1729,1007.5,13.9,6.6,1300,2.36,18.77,,,,,,5.9,3.8,34.7,21.9,,,,,,,,,,,,,{박무}0830-{박무}{강도0}0900-{박무}{강도0}1200-1230.,
143,대구,2003-08-04,27.7,24.2,2358,32.9,1329,1.25,1,1350,1,,1,7.3,110,2012,4.9,270,1552,2.1,1814,290,23.3,52,1332,76.5,28.6,1003,1011.6,2356,1008,348,1009.5,13.9,3.1,1200,2.16,12.49,,,,,,8.8,4.6,29.1,23.1,,,,,,,,,,,,1,{박무}0520-{박무}{강도0}0600-0740. {박무}1840-{박무}{강도0}2100-{박무}{강도0}2400- {소나기}1350-{비}1405-1410. {소나기}1520-1540. {소나기}1810-1845. {천둥}{강도0}(W)1510-1530.,
143,대구,2003-08-05,25.9,23.5,443,30.8,1410,,,,,,,8,110,2127,4.8,140,2119,2.8,2419,140,20.9,47,1406,74.4,25,1004.4,1012.3,934,1009.2,1621,1010.9,13.9,2,1200,2.9,13.71,,,,,,8.3,3.6,28.3,21.9,,,,,,,,,,,,,-{박무}-{박무}{강도0}0300-{박무}{강도0}0600-{박무}{강도0}0900-0940.,
143,대구,2003-08-06,26.5,22.2,550,33.4,1456,.42,0,,0,,0,10,320,1613,5.6,270,1516,2.4,2074,50,20.1,46,1456,68.8,23.6,1001.5,1010.7,0,1005.9,1528,1008,13.8,8.4,1200,2.83,20.02,,,,,,5.3,3.9,33.2,21.1,,,,,,,,,,,,9,{박무}0830-{박무}{강도0}0900-1130. {소나기}1825-1850.,
143,대구,2003-08-07,22.9,20.8,2347,24.9,240,9.67,2.5,757,8,729,12,8.6,320,730,5,290,737,1.8,1555,70,20,68,1747,83.4,23.6,997.8,1007.2,759,1001.9,2354,1004.3,13.8,.5,1500,.8,5.76,,,,,,8.4,5.1,23.2,18.3,,,,,,,,,,,,3,{비}0550-{비}{강도0}0600-{소나기}0750-{비}0830-{비}{강도0}0900-{소나기}0930-{비}0955-{비}{강도0}1200-{비}{강도0}1500-1530. {뇌전}{강도0}(NW 5~7)0810-0830. {뇌전}{강도1}(W 3~4)0940-0950.,
143,대구,2003-08-08,25,20.2,147,31,1657,,,,,,,8.1,70,1426,5,90,1444,2,1728,90,18.7,40,1659,69.1,21.7,990.1,1001.9,0,993.8,1640,996.6,13.8,8.5,1100,3.01,21.22,,,,,,4.9,4.5,26,18.1,,,,,,,,,,,,,{박무}0420-{박무}{강도0}0600-{박무}{강도0}0900-1020.,
143,대구,2003-08-09,26.5,20.1,419,32.5,1547,,,,,,,6.3,50,1338,3.3,320,1714,1.7,1469,50,18.5,37,1646,63.5,21.5,991.3,1001.7,2339,995,158,997.7,13.7,11.5,1200,2.83,23.01,,,,,,2.6,2.1,29.9,17.6,,,,,,,,,,,,,{박무}0820-{박무}{강도0}0900-1020.,
143,대구,2003-08-10,26.7,22.8,603,31.5,1323,2.83,.5,2230,1.5,2226,2,6,320,1444,3.9,290,1427,1.6,1382,50,20,37,1326,68,23.6,996.6,1005.4,2343,1001.4,1348,1003,13.7,5.5,1200,2.73,15.79,,,,,,7.4,4.5,28.9,20.7,,,,,,,,,,,,13.5,{박무}0820-{박무}{강도0}0900-1030. {비}2110-{비}{강도0}2400-,
143,대구,2003-08-11,23,21.1,544,25.1,1422,15.5,1.5,443,4.5,353,12,4.6,50,251,2.9,90,840,1.4,1210,290,20.7,71,1444,86.4,24.6,999.2,1008.2,2318,1004.3,152,1005.7,13.7,0,1100,.8,6,,,,,,9.5,5.4,24.2,19.8,,,,,,,,,,,,.5,-{비}-{비}{강도0}0300-{비}{강도0}0600-{비}{강도0}0900-{비}{강도0}1200-1330. {비}1510-1710. {박무}0020-{박무}{강도0}0300-{박무}{강도0}0600-{박무}{강도0}0900-1030.,
143,대구,2003-08-12,25.1,20.9,437,29.7,1548,,,,,,,7.8,270,1234,4.2,320,1416,2,1728,290,16.8,33,1417,62.6,19.5,1003.9,1013,2339,1008.1,0,1010.4,13.7,5.5,1100,3.04,18.01,,,,,,5.6,2.4,25,20.2,,,,,,,,,,,,,{박무}0220-{박무}{강도0}0300-{박무}{강도0}0600-{박무}{강도0}0900-1120. {햇무리}1140-1240.,
143,대구,2003-08-13,22.2,18.4,542,26.6,1623,,,,,,,6,110,1654,4.2,110,2002,2.4,2074,110,16.9,52,1305,71.8,19.3,1006,1013.5,1000,1011.4,1753,1012.6,13.6,1,1500,1.66,11.54,,,,,,8,4.6,22.6,17.3,,,,,,,,,,,,,,
143,대구,2003-08-14,23.7,18.8,547,28.5,1442,,,,,,,9.9,110,1445,6.2,90,1453,2.4,2074,70,16.2,36,1615,63.9,18.6,1005.6,1013.4,2231,1010.8,1457,1012.2,13.6,8.6,1300,2.36,19.42,,,,,,4.9,4.8,24.3,17.8,,,,,,,,,,,,,,
143,대구,2003-08-15,24,19.3,614,28.6,1403,,,,,,,12.2,90,1657,7,90,1457,3.1,2678,90,15.9,42,1316,61.4,18.2,1007.6,1016.1,2126,1012.6,1333,1014.2,13.6,9.2,1300,3.22,22.32,,,,,,4.1,4.1,26.3,17.5,,,,,,,,,,,,,,
143,대구,2003-08-16,22.9,21.1,2101,24.7,1224,12.42,.5,1937,1.2,1900,2,8.8,90,1235,5.3,90,1237,3.1,2678,90,18.2,61,1214,74.6,21,1008.7,1016.3,1048,1014.4,317,1015.3,13.5,.2,1000,.91,7.25,,,,,,9.5,5,24,20.8,,,,,,,,,,,,3.5,{비}0950-1150. {비}1335-{비}{강도0}1500-{비}{강도0}1800-{비}{강도0}2100-{비}{강도0}2400-,
143,대구,2003-08-17,22,20.2,258,24.9,1443,15.83,.5,625,1,606,2,6.3,110,2046,4,90,1435,2,1728,110,19.1,68,1504,82.8,22.2,1009.5,1017,927,1014.9,1640,1016.1,13.5,.1,1200,1.87,7.84,,,,,,10,5.9,23.2,20.1,,,,,,,,,,,,6,-{비}-{비}{강도0}0300-{비}{강도0}0600-{비}{강도0}0900-{비}{강도0}1200-1210. {비}1720-{비}{강도0}1800-1840. {비}2030-{비}{강도0}2100-2130. {비}2240-{비}{강도0}2400-,
143,대구,2003-08-18,20.3,19.8,443,21.5,0,24,4.5,1949,13,1423,73.5,7.5,110,1843,4.5,90,1852,2,1728,110,19.4,83,1,93.4,22.6,1007.8,1016.2,30,1013.2,2346,1014.5,13.5,0,1000,.41,3.38,,,,,,10,6.1,21.2,19.5,,,,,,,,,,,,98.5,-{비}-{비}{강도0}0300-{비}{강도0}0600-{비}{강도0}0900-{비}{강도0}1200-{비}{강도1}1500-{비}{강도0}1800-{비}{강도1}2100-{비}{강도1}2400- {박무}0510-{박무}{강도0}0600-{박무}{강도0}0900-{박무}{강도0}1200-{박무}{강도0}1500-{박무}{강도0}1800-{박무}{강도0}2100-{박무}{강도0}2400-,
143,대구,2003-08-19,23.7,20,435,29.7,1433,9.92,2.5,421,9.5,422,30.5,7.2,140,1808,4.7,140,1816,1.6,1382,90,21.2,64,1435,86.1,25.5,1005.7,1013.4,2126,1010.8,1516,1012.2,13.4,2.4,1400,2.48,13.65,,,,,,8.3,5.1,25,19.9,,,,,,,,,,,,0,-{비}-{비}{강도0}0300-{비}{강도0}0600-{비}{강도0}0900-0930. {소나기}1820-1845. -{박무}-{박무}{강도0}0300-{박무}{강도0}0600-0820. {박무}1740-{박무}{강도0}1800-{박무}{강도0}2100-{박무}{강도0}2400-,
143,대구,2003-08-20,26.2,22.3,353,30.6,1629,2,2,946,4.5,920,5,6,270,1756,4.4,270,1800,1.9,1642,90,22.8,62,1632,82,28,1007,1015.6,2248,1011.8,1547,1013.5,13.4,3.5,1200,2.82,12.52,,,,,,7.8,5.4,27.4,21.9,,,,,,,,,,,,9.5,-{박무}-{시정(미만)}{1km}{안개}0240-{안개}{강도0}0300-{시정(이상)}{1km}{박무}0330-{박무}{강도0}0600-{박무}{강도0}0900-1130. {소나기}0920-1050. {소나기}2150-2220.,.83
143,대구,2003-08-21,26.9,23.3,643,31,1446,5.58,3,543,4.4,501,5,6.6,110,625,4,140,633,1.3,1123,90,23.8,64,1448,83.1,29.8,1009.8,1017.6,747,1014.9,1712,1016.3,13.4,1,1400,2.29,10.49,,,,,,9.5,6.3,28.1,23.2,,,,,,,,,,,,.5,{소나기}0245-{소나기}{강도0}0300-0320. {소나기}0440-{소나기}{강도0}0600-0630. {소나기}1010-{소나기}{강도0}1200-1230. {소나기}1555-1645. {뇌전}{강도0}(NW 5~6)0540-{뇌전}{강도0}(NW{이동}N 5~6)0550-{뇌전}{강도0}(N 3~4)0600-0620. {박무}0930-{박무}{강도0}1200-{박무}{강도0}1500-1740.,
143,대구,2003-08-22,29.4,25.5,328,34.7,1457,,,,,,,7.2,270,1719,4.8,270,1723,1.9,1642,250,22.4,40,1500,68.6,27.6,1007.6,1017,758,1011.2,1701,1014.1,13.3,6.7,1300,2.91,18.34,,,,,,5.6,4.5,29.5,24.3,,,,,,,,,,,,,{박무}0420-{박무}{강도0}0600-{박무}{강도0}0900-1120.,
143,대구,2003-08-23,28.2,24.7,552,33.4,1415,,,,,,,7.2,320,1150,4.1,270,1423,2,1728,320,21.3,44,1308,67.5,25.7,1004.4,1012.5,0,1008.7,1700,1010.9,13.3,6.2,1300,2.98,18.87,,,,,,7.4,3.9,29.9,22.4,,,,,,,,,,,,,{박무}0440-{박무}{강도0}0600-{박무}{강도0}0900-0940.,
143,대구,2003-08-24,28.2,24.7,443,33,1439,.5,0,,0,,0,7.1,250,1141,4.3,230,1053,2.1,1814,320,21.6,41,1450,68.5,26.2,1002.1,1010.3,0,1006.6,1535,1008.6,13.3,2.6,1100,1.96,14.56,,,,,,7.3,3.6,29.1,22.7,,,,,,,,,,,,6,{비}1650-1720.,
143,대구,2003-08-25,25.4,23,959,29.2,1513,7.17,3.5,947,8.5,857,20.5,7.3,250,136,4.9,250,141,1.9,1642,110,22.3,64,1605,82.5,27.1,1000.6,1009.4,2336,1005.4,352,1007.1,13.2,1.3,1300,1.98,7.56,,,,,,9,6.1,26.7,22.5,,,,,,,,,,,,14.5,{비}0520-{비}{강도0}0600-{비}{강도1}0900-{비}{강도1}1200-1230.,
143,대구,2003-08-26,24.3,22.2,2117,28,1305,2.33,.1,,.3,1632,.4,6.7,110,1003,4.6,90,1046,2.1,1814,110,20.5,61,1317,79.4,24.3,1003.4,1011.3,2125,1008.2,245,1009.9,13.2,.3,1200,2.1,9.59,,,,,,9.3,4.4,24.8,21.3,,,,,,,,,,,,1.4,{박무}0520-{박무}{강도0}0600-{박무}{강도0}0900-1020. {비}1550-{비}{강도0}1800-1810.,
143,대구,2003-08-27,22.7,21.8,725,25.4,1150,11.83,3,1624,6.5,1546,14,5.6,90,636,3.8,90,412,2.3,1987,110,20.5,69,1153,86.9,24.4,999.7,1011.1,159,1001.4,2348,1006.2,13.1,.1,1100,1.58,6.3,,,,,,10,6,23.2,21.7,,,,,,,,,,,,13,{비}0250-{비}{강도0}0300-0320. {비}0530-{비}{강도0}0600-{비}{강도0}0900-0950. {비}1220-{비}{강도0}1500-1720. {비}1840-2040. {박무}0330-{박무}{강도0}0600-{박무}{강도0}0900-{박무}{강도0}1200-1210. {박무}1340-{박무}{강도0}1500-1520.,
143,대구,2003-08-28,26.2,22.7,0,30.5,1407,1,0,,0,,0,8.4,250,950,5.1,250,941,2.4,2074,290,20.5,50,1338,71.8,24.4,998.3,1009.4,2346,1000.2,140,1004.7,13.1,6.5,900,2.08,15.46,,,,,,4.9,4.9,26.8,21.3,,,,,,,,,,,,,{비}0040-0140. {박무}0110-{박무}{강도0}0300-0510.,
143,대구,2003-08-29,24.9,21.7,607,29.8,1214,.5,0,,0,,0,6.8,140,2111,4.3,110,2117,2.1,1814,320,19.3,50,1217,71.4,22.6,1004.1,1012.5,2141,1008.7,118,1010.6,13.1,3.4,1100,2.44,12.41,,,,,,7.8,3.1,25.2,19.9,,,,,,,,,,,,2.5,{비}1750-{비}{강도0}1800-1820.,
143,대구,2003-08-30,20.8,19.5,1904,23.2,0,18.83,1,1624,2.5,1449,10,7.7,90,859,5.5,90,948,2.5,2160,90,19,74,0,89.1,22.2,1003.4,1012.3,552,1008,1840,1010,13,0,1100,.62,4.14,,,,,,10,5.9,21.7,18.7,,,,,,,,,,,,13,{비}0040-{비}{강도0}0300-{비}{강도0}0600-0810. {비}1020-{비}{강도0}1200-{비}{강도0}1500-{비}{강도0}1800-2020. {비}2240-{비}{강도0}2400- {박무}0530-{박무}{강도0}0600-{박무}{강도0}0900-{박무}{강도0}1200-{박무}{강도0}1500-{박무}{강도0}1800-2030. {박무}2230-{박무}{강도0}2400-,
143,대구,2003-08-31,20.6,19.5,140,22.3,1544,12.83,1,701,3,626,5.5,10.7,90,1003,5.6,90,1021,2.1,1814,140,18.3,77,1338,86,21.2,1004.2,1013.9,2257,1007.9,50,1010.8,13,0,1300,.79,5.73,,,,,,9.8,6.1,21.2,18.1,,,,,,,,,,,,0,-{비}-{비}{강도0}0300-{비}{강도0}0600-{비}{강도0}0900-1040. {비}1210-1420. -{박무}-{박무}{강도0}0300-{박무}{강도0}0600-0840.,
143,대구,2003-09-01,21.8,20.3,415,23.8,1101,2.83,.1,,.1,,.2,4.4,110,1902,2.7,140,1924,1.3,1123,110,19.6,75,1111,87,23.1,1008.4,1016.4,2153,1013.5,6,1015.1,13,0,1000,1.04,5.13,,,,,,10,3.9,22.7,20.1,,,,,,,,,,,,.2,{박무}0840-{박무}{강도0}0900-{박무}{강도0}1200-{박무}{강도0}1500-{박무}{강도0}1800-{박무}{강도0}2100-{박무}{강도0}2400- {비}1330-{비}{강도0}1500-1620.,
143,대구,2003-09-02,23.9,21.6,531,30.2,1154,5.5,4.5,1502,8,1451,13.5,5.7,320,1352,3.6,90,1705,1.3,1123,50,21.6,63,1155,87.1,26.1,1009.6,1017.9,2157,1014.6,1320,1016.1,12.9,1.8,1100,2.25,8.88,,,,,,9.4,4.8,24.8,20.3,,,,,,,,,,,,13.5,-{박무}-{박무}{강도0}0300-{박무}{강도0}0600-{박무}{강도0}0900-{박무}{강도0}1200-1230. {비}1305-{소나기}1430-{소나기}{강도0}1500-{비}1620-1710. {비}1805-1930. {천둥}{강도0}(W)1440-{천둥}{강도0}(W)1500-{뇌전}{강도0}(W 3~5)1505-{뇌전}{강도0}(W{이동}Z 2~3)1515-{뇌전}{강도0}(Z{이동}E 3~4)1525-1610.,
143,대구,2003-09-03,23.7,21.9,48,26.7,1055,6.83,9.5,1131,14.5,1120,15.5,5,290,1134,3.4,290,1136,1.1,950,320,21.6,71,1515,87.9,26,1011.5,1019.5,1132,1017,229,1018,12.9,.3,1000,1.36,7.89,,,,,,8.4,3,24.7,21.5,,,,,,,,,,,,15.5,{박무}0230-{박무}{강도0}0300-{박무}{강도0}0600-{박무}{강도0}0900-{박무}{강도0}1200-1240. {비}1120-{비}{강도1}1200-1320. {비}1550-{비}{강도0}1800-2040.,
143,대구,2003-09-04,26,21.6,312,31.9,1332,.17,0,,0,,0,5.9,140,1908,3.7,110,1908,1.6,1382,110,21.1,46,1421,76,25.3,1009.5,1018.3,43,1013.9,1806,1016,12.9,5.9,1200,2.83,17.1,,,,,,8,4.6,26.1,20,,,,,,,,,,,,0,{박무}0430-{박무}{강도0}0600-{박무}{강도0}0900-{박무}{강도0}1200-1330. {소나기}1725-1735.,
143,대구,2003-09-05,27.3,23.3,343,32.7,1601,3.25,1,1911,3,1847,4,12.2,200,1458,6,250,1437,2.8,2419,230,21.9,48,1412,73.9,26.6,1004.2,1014.9,0,1007.7,1627,1010.7,12.8,7.2,1300,2.49,17.37,,,,,,7.8,3.6,28,22,,,,,,,,,,,,4.4,{박무}0420-{박무}{강도0}0600-0830. {비}1815-{소나기}1840-{비}1905-{비}{강도0}2100-2130. {뇌전}{강도0}(NW 6~7)1845-1850. {천둥}{강도0}(W)1920-1945.,
143,대구,2003-09-06,24.8,22.6,2045,28.4,1423,2.67,.5,2022,.6,1932,1,10.2,90,1650,6.2,90,1726,2.5,2160,110,20.8,64,1405,78.3,24.9,1005.3,1013.3,2056,1009.6,104,1011.8,12.8,.8,1100,1.99,8.99,,,,,,9,4.3,25.2,22.1,,,,,,,,,,,,1.1,{비}0610-0630. {소나기}1830-2050.,
143,대구,2003-09-07,24.7,21.9,255,28.7,1506,4.67,.5,237,.5,147,1,6.7,140,842,4.3,90,948,2.6,2246,110,21.7,68,1418,83,26.2,1004.6,1012.7,12,1009.5,1554,1011.1,12.8,1.3,1400,1.84,10.34,,,,,,8.9,3.8,25.7,21.7,,,,,,,,,,,,.6,{비}0140-{비}{강도0}0300-0440. {비}0710-0810. {비}1710-1750. {박무}0110-{박무}{강도0}0300-{박무}{강도0}0600-{박무}{강도0}0900-{박무}{강도0}1200-1420.,
143,대구,2003-09-08,25.7,22.5,2332,30.4,1320,3.33,8,1720,10.4,1705,23.5,10.5,110,1911,3.7,270,1114,2,1728,110,22.4,61,1426,82.1,27.4,1004.2,1012.8,2027,1008,323,1010.7,12.7,2.8,1100,1.73,11.8,,,,,,8,5.6,25.8,21.8,,,,,,,,,,,,23.4,{비}0630-0650.  {비}0710-0720.  {소나기}1705-1755.  {소나기}1940-{소나기}{강도0}2100-2140.  {뇌전}{강도0}(SW 3~4)1702-{뇌전}{강도0}(SW{이동}Z 2~3)1710-{뇌전}{강도0}(Z{이동}NE 3~4)1735-{뇌전}{강도0}(NE 5~7)1750-{뇌전}{강도0}(NE 5~7)1800-1810.  {뇌전}{강도0}(SW 3~4)1925-{뇌전}{강도0}(SW{이동}Z 2~3)1935-{뇌전}{강도1}(Z 2~3)1940-{뇌전}{강도0}(Z{이동}NE 3~4)1950-{뇌전}{강도0}(NE 4~6)2010-{뇌전}{강도0}(NE 5~7)2050-{뇌전}{강도0}(NE 5~7)2100-2120.  {뇌전}{강도0}(SW 3~4)1930-{뇌전}{강도0}(SW{이동}S 2~3)1945-{뇌전}{강도0}(S{이동}SE 3~4)1950-{뇌전}{강도1}(SE 3~4)1955-{뇌전}{강도0}(SE 4~6)2010-2035.,
143,대구,2003-09-09,24.8,22.3,241,29.6,1203,2.83,13.5,1905,22.5,1851,24.5,9.9,290,1911,5.6,320,1915,2.3,1987,110,21.9,64,1204,84.1,26.6,1002.7,1012.4,20,1005.8,1815,1009.2,12.7,2,900,2.03,10.36,,,,,,8.6,4.6,25,21.6,,,,,,,,,,,,24.5,{박무}0220-{박무}{강도0}0300-{박무}{강도0}0600-{박무}{강도0}0900-1120. {비}1520-1620. {소나기}1850-2040. {뇌전}{강도0}(SW 3~4)1855-{뇌전}{강도0}(SW{이동}S 2~3)1915-{뇌전}{강도0}(S{이동}SE 3~4)1925-1945.,
143,대구,2003-09-10,22.6,20.8,542,25.8,1400,1.5,0,,0,,0,4.7,290,1316,2.8,290,1356,1.6,1382,290,18.4,60,1341,76.6,21.3,1003.8,1012.5,2216,1007.7,119,1010.3,12.6,.2,1200,1.74,8.61,,,,,,9.4,4.3,23.9,19.4,,,,,,,,,,,,0,{비}0110-0120. {비}1010-1110. {비}1450-{비}{강도0}1500-1510.,
143,대구,2003-09-11,21.8,20.5,556,23.7,1353,7.58,.5,2200,1.5,2300,3,8.1,110,1941,5.3,90,1950,2.2,1901,90,18.9,67,1336,83,21.9,1006.1,1014.5,1104,1011.7,318,1012.7,12.6,0,1300,.95,6.12,,,,,,10,5.6,22.9,20.2,,,,,,,,,,,,65,{비}0855-{비}{강도0}0900-0905.  {비}1110-{비}{강도0}1200-1205.  {비}1525-1545.  {비}1750-{비}{강도0}1800-{비}{강도0}2100-{비}{강도0}2400-,
143,대구,2003-09-12,23.1,20.8,42,25.7,1732,24,10,854,42,2211,187,33.3,360,2139,17.1,360,2206,4.4,3802,90,21.6,79,1731,91,26,992.7,1012,21,967.5,2313,999.2,12.6,0,1400,1.03,4.28,,,,,,10,7.6,24.1,20,,,,,,,,,,,,132,-{비}-{비}{강도0}0300-{비}{강도1}0600-{소나기}0605-{소나기}{강도1}0900-{비}1110-{비}{강도1}1200-{비}{강도0}1500-{비}{강도0}1800-{비}{강도1}2100-{비}{강도1}2400-  {뇌전}{강도0}(SW 5~7)0610-{뇌전}{강도0}(SW{이동}S 4~5)0630-{뇌전}{강도0}(S{이동}SE 5~6)0650-0710.  {천둥}{강도0}(W)0740-{뇌전}{강도0}(W{이동}SW 5~6)0750-{뇌전}{강도0}(SW{이동}S 3~5)0810-0820.  {뇌전}{강도0}(NW 4~6)0840-{뇌전}{강도0}(NW{이동}W 4~5)0855-{뇌전}{강도0}(W 4~5)0900-{뇌전}{강도0}(W{이동}SW 3~4)0920-{뇌전}{강도0}(SW{이동}S 2~3)0940-{뇌전}{강도0}(S{이동}SE 4~5)0955-{뇌전}{강도0}(SE 5~6)1020-1030.  {폭풍}2130-2230.,
143,대구,2003-09-13,24.9,21,2356,28.8,1504,6.17,1.5,20,4.5,-2330,7,20,290,45,12.7,290,146,4.4,3802,290,19.1,49,1620,70,22.2,999,1012.4,2400,974,0,1005.5,12.5,3.5,900,1.55,11.85,,,,,,6.4,4.5,24.5,18.4,,,,,,,,,,,,,-{비}-{비}{강도0}0300-{비}{강도0}0600-0610.,
143,대구,2003-09-14,22.8,18.1,621,27.8,1454,,,,,,,7.3,290,1144,4.6,320,1353,2.2,1901,320,15.2,40,1547,63.8,17.4,1007.6,1015.9,2350,1012.4,0,1014.2,12.5,11,1200,2.66,19.97,,,,,,2.8,.9,24.2,16,,,,,,,,,,,,,,
143,대구,2003-09-15,22.1,17.4,724,27.4,1337,,,,,,,6.6,90,1133,4.7,90,1653,2.3,1987,110,17.2,49,1442,74.4,19.7,1010.1,1018.5,847,1015.1,1526,1016.7,12.5,4.8,1100,2.57,13.87,,,,,,3.4,3.4,24,16.3,,,,,,,,,,,,,{박무}0220-{박무}{강도0}0300-{박무}{강도0}0600-{박무}{강도1}0900-{박무}{강도0}1200-1410.,
143,대구,2003-09-16,23.5,18.7,419,28.9,1359,,,,,,,6,290,1559,3.4,270,1248,1.6,1382,270,17.1,40,1341,69,19.7,1008.7,1017,634,1012.9,1654,1015.3,12.4,8,1200,2.59,17.41,,,,,,3,1.3,25.8,17.9,,,,,,,,,,,,,{박무}0110-{박무}{강도0}0300-{박무}{강도0}0600-{박무}{강도0}0900-{박무}{강도0}1200-1420.,
143,대구,2003-09-17,24.8,19.3,621,30.6,1557,,,,,,,5.7,290,1121,3.5,250,1107,1.6,1382,250,17.6,34,1619,66.4,20.3,1007.8,1016.3,736,1012,1548,1014.3,12.4,9.1,1200,2.58,17.75,,,,,,3,.5,26.6,17.1,,,,,,,,,,,,,{박무}0140-{박무}{강도0}0300-{박무}{강도0}0600-{박무}{강도0}0900-{박무}{강도0}1200-1240.,
143,대구,2003-09-18,23.8,21,555,27.7,1414,3.67,.5,2000,.6,1930,1,5.7,90,846,4,90,855,1.9,1642,110,20.2,61,1417,80.3,24,1003.3,1013.9,10,1006.8,1838,1009.9,12.3,.3,900,1.11,7,,,,,,8.5,3,24.4,19.3,,,,,,,,,,,,11.5,{박무}0130-{박무}{강도0}0300-{박무}{강도0}0600-{박무}{강도0}0900-{박무}{강도0}1200-1240. {비}1450-{비}{강도0}1500-1720. {비}1930-2010. {비}2140-2150. {비}2340-{비}{강도0}2400-,
143,대구,2003-09-19,21.2,18.9,2347,23.7,0,5.42,4,137,9.5,53,11,11.8,110,1124,7.2,90,1108,3.8,3283,90,17.5,67,1124,78.8,20.2,1005.1,1014.8,2058,1007.6,0,1011.7,12.3,0,1100,1.5,7.02,,,,,,10,6.3,22.1,17.6,,,,,,,,,,,,.5,-{비}-0240. {비}0530-{비}{강도0}0600-0620. {비}1945-2010. {비}2230-{비}{강도0}2400- {박무}0030-{박무}{강도0}0300-{박무}{강도0}0600-0630.,
143,대구,2003-09-20,18.6,15.9,2347,20.8,1243,4.17,0,,0,,0,8.6,140,205,4.6,90,1153,2.5,2160,90,13.1,55,1150,70,15.2,1006.3,1014.4,6,1011.1,1529,1012.9,12.3,0,1100,1.01,5.01,,,,,,8.5,3.6,18.5,12.4,,,,,,,,,,,,,-{비}-0210. {비}0340-0540.,
143,대구,2003-09-21,18,14.4,439,22.9,1355,,,,,,,10.8,50,1027,5,90,1206,2.1,1814,20,10.2,41,1357,60.8,12.5,1007.8,1016.8,2319,1012.8,345,1014.5,12.2,4.8,1200,1.79,11.65,,,,,,4.5,4.5,19.9,13.8,,,,,,,,,,,,,,
143,대구,2003-09-22,17.5,11.7,610,23.1,1230,,,,,,,11.1,110,1342,6.2,90,1351,2.4,2074,110,8.9,29,1312,59.3,11.5,1011.1,1020.3,2235,1016.3,1424,1017.9,12.2,10.8,1300,2.74,18.97,,,,,,3.6,3.3,20.8,10.6,,,,,,,,,,,,,,
143,대구,2003-09-23,17.7,11.9,520,23.3,1303,,,,,,,10.3,110,1751,6.2,90,1800,2.5,2160,110,10.7,37,1215,64.6,12.9,1014.1,1022.3,2332,1019.5,1426,1020.9,12.2,7,1100,2.77,15.99,,,,,,4.4,2.9,19.6,10.8,,,,,,,,,,,,,,
143,대구,2003-09-24,18.7,13.4,552,23.8,1324,1,0,,0,,0,5,90,1310,2.8,90,1315,1.3,1123,50,13,46,1229,69.6,15.1,1013.2,1022.7,810,1017.9,1448,1019.9,12.1,5.3,1000,1.98,11.42,,,,,,7.4,4.4,20.4,10.7,,,,,,,,,,,,0,{소나기}1540-1550. {비}1740-{비}{강도0}1800-1830.,
143,대구,2003-09-25,20.3,18,510,24.2,1355,.17,0,,0,,0,6.2,90,1751,4.3,90,1800,1.9,1642,110,15.9,63,1512,75.3,18.2,1011.6,1019.9,1056,1017,1753,1018.3,12.1,2.7,1500,1.45,8.6,,,,,,6,1.9,22.7,16.5,,,,,,,,,,,,,{비}0040-0050.,
143,대구,2003-09-26,21.5,16,429,27.5,1425,,,,,,,7.2,250,1351,4.7,270,1438,2.1,1814,290,14.8,33,1240,67.9,17,1009.3,1018.3,750,1013.3,1657,1016,12,9.5,1200,2.41,16.95,,,,,,.3,0,22.9,14.2,,,,,,,,,,,,,{박무}0330-{박무}{강도1}0600-{시정(미만)}{1km}{안개}0620-{시정(이상)}{1km}{박무}0655-{박무}{강도0}0900-0930.,.58
143,대구,2003-09-27,20.6,15.5,536,26.5,1449,,,,,,,8,90,1934,4.7,110,1944,2.5,2160,90,13.8,39,1446,66.1,15.9,1007.9,1016.7,858,1012.3,1631,1014.5,12,10.5,1200,2.54,17.98,,,,,,2.9,.3,24.2,12.4,,,,,,,,,,,,,{박무}0210-{박무}{강도0}0300-{박무}{강도0}0600-{박무}{강도0}0900-0920.,
143,대구,2003-09-28,20.2,15.5,603,26,1454,,,,,,,5.3,110,2145,3.6,110,1733,1.9,1642,110,14.4,47,1439,69.9,16.5,1007,1015.4,757,1011.7,1523,1013.6,12,6,1100,2.41,14.75,,,,,,5.6,1.5,23.4,14.6,,,,,,,,,,,,,,
143,대구,2003-09-29,18.9,15.4,541,25.6,1327,,,,,,,11.5,90,1605,7.7,90,1646,2.6,2246,110,12.9,39,1334,68.5,15.1,1008.8,1017.6,2304,1013.4,1353,1015.5,11.9,7.8,1200,2.38,14.85,,,,,,3.3,2,22.7,13.2,,,,,,,,,,,,,{박무}0210-{박무}{강도0}0300-{박무}{강도0}0600-{박무}{강도0}0900-{박무}{강도0}1200-1230.,
143,대구,2003-09-30,18.4,13,559,23.8,1607,,,,,,,4.9,50,1233,3,90,1033,1.7,1469,70,10.5,36,1415,61.1,12.7,1010.5,1019.7,858,1014.9,1840,1017.2,11.9,9.9,1100,2.35,16.82,,,,,,3,2,22.4,10.1,,,,,,,,,,,,,,
143,대구,2003-10-01,18.9,15.2,614,22,1208,1,0,,0,,0,6.9,290,1331,4.2,270,1323,1.7,1469,290,13.9,56,1121,72.1,15.9,1007.2,1015.9,744,1012.2,1655,1013.8,11.9,1,900,1.39,6.81,,,,,,7.4,4.1,19.5,14.1,,,,,,,,,,,,0,{비}1420-{비}{강도0}1500-1520.,
143,대구,2003-10-02,19.5,15.8,639,24,1416,,,,,,,8.3,320,1059,5,320,2345,3,2592,290,7,24,1350,46,10.2,1010,1019.9,2359,1013.4,0,1016.7,11.8,10,1200,2.61,18.66,,,,,,4.6,3,23.3,14.1,,,,,,,,,,,,,,
143,대구,2003-10-03,17.7,13.8,616,21.7,1427,,,,,,,8.4,320,1033,5.1,290,1033,3,2592,290,4.4,27,1548,41.8,8.4,1014.4,1022.6,929,1019.6,1530,1021.2,11.8,10.2,1200,2.62,18.57,,,,,,3.3,2,21.5,10.7,,,,,,,,,,,,,,
143,대구,2003-10-04,17.1,12.7,451,21.9,1516,,,,,,,8.6,50,1224,3.9,360,1232,2.2,1901,290,4.5,21,1540,45.9,8.6,1016,1025.1,2139,1021,1410,1022.8,11.7,10.3,1200,2.68,18.49,,,,,,3,.5,20.9,10.6,,,,,,,,,,,,,,
143,대구,2003-10-05,16.1,11.7,632,20,1146,,,,,,,4,20,1559,2.4,320,1729,1.3,1123,50,6.4,32,1331,53.1,9.6,1015.9,1024.6,751,1021,1444,1022.7,11.7,2.7,1100,2.1,10.97,,,,,,7.5,4.3,19.3,8.1,,,,,,,,,,,,,,
143,대구,2003-10-06,17.1,10.4,702,23.8,1431,,,,,,,5.5,290,1539,3.4,320,1506,1.3,1123,50,6.6,22,1527,53.5,9.9,1014.8,1023.2,855,1019,1521,1021.6,11.7,7.8,1100,2.3,15.08,,,,,,3.3,0,19.9,7,,,,,,,,,,,,,,
143,대구,2003-10-07,17.4,11.4,623,23.7,1414,,,,,,,7.1,90,1900,3.7,70,1901,1.7,1469,50,8.8,20,1404,60.1,11.4,1014.6,1023.1,911,1018.9,1521,1021.3,11.6,10,1200,2.29,16.1,,,,,,2.6,.3,20.6,10.4,,,,,,,,,,,,,,
143,대구,2003-10-08,17.8,11.9,649,24.6,1425,,,,,,,8.3,70,1647,5.4,90,1558,2.4,2074,90,11.1,36,1427,66.5,13.3,1014.2,1022.3,903,1018.8,1551,1020.9,11.6,9.7,1100,2.34,15.81,,,,,,.3,.3,21.2,9.3,,,,,,,,,,,,,{박무}0230-{박무}{강도0}0300-{박무}{강도0}0600-{박무}{강도0}0900-1040.,
143,대구,2003-10-09,18.4,11.9,633,25.3,1454,,,,,,,7.7,110,1931,4.2,110,1932,2.2,1901,90,11.4,32,1543,65.5,13.5,1014.6,1023.1,807,1018.8,1551,1021.3,11.6,10.4,1200,2.43,16.59,,,,,,2.6,.6,21.6,8.6,,,,,,,,,,,,,{박무}0140-{박무}{강도0}0300-{박무}{강도0}0600-{박무}{강도0}0900-1030.,
143,대구,2003-10-10,18.7,12.1,648,26.1,1516,,,,,,,8.2,90,2050,4.4,90,2057,1.7,1469,70,12,31,1501,67.5,14.2,1014.4,1023.1,646,1018.6,1730,1021.1,11.5,9.4,1200,2.36,14.94,,,,,,2.5,0,21.9,10.6,,,,,,,,,,,,,{박무}0120-{박무}{강도0}0300-{박무}{강도0}0600-0820.,
143,대구,2003-10-11,19.2,14.1,629,25.2,1356,,,,,,,9.9,90,1144,6.5,90,1232,2.9,2506,90,13.6,47,1342,70.5,15.6,1010.8,1021.3,155,1014.7,2348,1017.5,11.5,6.4,1200,2.4,14.64,,,,,,4.6,2.6,20.6,10.4,,,,,,,,,,,,0,{박무}0330-{박무}{강도0}0600-{박무}{강도0}0900-1030.,
143,대구,2003-10-12,19.3,17.5,2218,20.9,1002,8.33,.3,2010,.4,1932,.5,8.3,90,1029,4.6,90,939,2,1728,110,15.6,68,1012,78.6,17.8,1005.8,1014.8,9,1010.6,1408,1012.4,11.4,0,1300,.55,3.88,,,,,,8,3.8,20.4,17,,,,,,,,,,,,2,{비}0110-0120. {비}1220-1320. {비}1550-{비}{강도0}1800-2030. {비}2130-{비}{강도0}2400-,
143,대구,2003-10-13,15.6,13.5,1704,17.9,143,11,.5,458,1,458,2.5,9.3,110,1128,6.1,90,1220,2.7,2333,140,13.3,72,1227,85.3,15.4,1009.7,1019.1,2005,1012.2,54,1016.5,11.4,0,1100,.83,3.98,,,,,,10,3.3,15.9,13.4,,,,,,,,,,,,1,-{비}-0030. {비}0450-{비}{강도0}0600-{비}{강도0}0900-1040. {비}1240-{비}{강도0}1500-1720. {박무}0830-{박무}{강도0}0900-0920.,
143,대구,2003-10-14,15.1,11.7,2359,21,1413,.08,0,,0,,0,10.8,290,1815,6.2,290,1812,2.2,1901,290,8.6,38,1824,66.1,11.4,1007.6,1018.3,210,1009.9,1636,1014.4,11.4,3.4,1000,1.94,9.88,,,,,,6.4,3.1,16.3,8.7,,,,,,,,,,,,0,{비}1650-1655.,
143,대구,2003-10-15,13.3,8.3,640,18.4,1332,,,,,,,9.8,320,1519,6,290,1424,3.3,2851,290,2,32,1300,46.3,7.1,1009.5,1018,900,1014.2,1401,1016.4,11.3,10,1200,2.44,16.34,,,,,,2.5,2.5,15.1,4.2,,,,,,,,,,,,,,
143,대구,2003-10-16,14,8.4,633,20.1,1443,,,,,,,8.8,290,1142,5.2,290,1135,2,1728,270,4.7,30,1430,55.1,8.6,1011.6,1019.9,2329,1016.8,1504,1018.4,11.3,9.5,1000,2.12,14.39,,,,,,.5,.5,16.2,5.6,,,,,,,,,,,,,,
143,대구,2003-10-17,13.8,7,653,20.7,1506,,,,,,,7.5,290,1456,4.1,270,1204,1.8,1555,320,4.6,31,1217,56.4,8.5,1012,1021,811,1016.4,1506,1018.9,11.3,9.4,1200,2.35,14.85,,,,,,2.6,1.9,15,2.6,,,,,,,,,,,,,,
143,대구,2003-10-18,15,8.3,609,22.4,1329,,,,,,,8.7,320,1330,5,270,1249,1.8,1555,320,4.8,26,1410,53.5,8.7,1012.4,1021,2232,1017,1417,1019.2,11.2,9.8,1200,2.26,14.88,,,,,,2.5,2.3,16.6,3.7,,,,,,,,,,,,,,
143,대구,2003-10-19,13.4,6.7,636,21.2,1518,,,,,,,5.3,270,1101,3.3,290,1357,1.6,1382,20,.4,10,1638,45.8,6.5,1014.3,1023.2,815,1018.8,1617,1021.1,11.2,10.5,1200,2.32,16.03,,,,,,0,0,15.8,4.1,,,,,,,,,,,,,,
143,대구,2003-10-20,11.9,7.3,312,17.4,1542,,,,,,,4.1,50,14,2.8,50,16,1.2,1037,20,4.3,36,1451,60.4,8.4,1011.7,1021.5,805,1016.2,1657,1018.6,11.2,.2,1200,1.1,6.66,,,,,,5.8,1.9,13.3,3.1,,,,,,,,,,,,,,
143,대구,2003-10-21,14.4,7.5,651,21.8,1349,,,,,,,5.8,250,1327,3.5,250,1453,1.3,1123,50,7.5,26,1320,65.5,10.4,1007.9,1016.8,121,1012.3,1620,1014.7,11.1,9.2,1200,2.27,14.27,,,,,,5.5,5.5,17.2,3.1,,,,,,,,,,,,,{박무}0140-{박무}{강도0}0300-{박무}{강도0}0600-{박무}{강도0}0900-{박무}{강도0}1200-1230.,
143,대구,2003-10-22,14.4,9,650,20.9,1248,,,,,,,15.4,270,1429,8.4,270,1438,3.4,2938,290,4.1,26,1338,53.3,8.4,1006.1,1015,2356,1009.8,1414,1012.9,11.1,8.5,1100,2.08,13.25,,,,,,3.4,3,16.9,6.6,,,,,,,,,,,,,{박무}0620-{박무}{강도0}0900-1020.,
143,대구,2003-10-23,10.3,7,653,15,1529,,,,,,,13,320,109,7.2,320,115,3.7,3197,290,-6.2,14,1246,32.6,4,1010.5,1018.8,818,1014.9,5,1017.5,11,10.5,1200,2.43,16.28,,,,,,0,0,15,1.7,,,,,,,,,,,,,,
143,대구,2003-10-24,12,5.7,526,18.5,1442,,,,,,,8.1,270,1146,4.9,270,1153,2.1,1814,270,1.2,26,1452,48.8,6.7,1009.5,1018.8,838,1013.8,1558,1016.3,11,10.3,1100,2.29,15.48,,,,,,.6,.6,16.1,-.8,,,,,,,,,,,,,,
143,대구,2003-10-25,13,6.8,650,19.8,1345,,,,,,,10.5,320,1522,5.7,320,1519,2.3,1987,290,1.4,18,1600,49.5,7.1,1007.9,1017,2217,1012,1422,1014.8,11,9.3,1200,1.85,12.6,,,,,,2.5,.9,15.5,4.3,,,,,,,,,,,,,,
143,대구,2003-10-26,12,7.5,2352,18,1459,,,,,,,7.7,270,1140,4.6,290,1114,2.1,1814,270,-.2,19,1529,45.3,6.1,1011.5,1020.4,2350,1016.6,1631,1018.4,10.9,10.3,1200,2.32,15.6,,,,,,0,0,16.1,1.4,,,,,,,,,,,,,,
143,대구,2003-10-27,12.5,4,603,21.9,1508,,,,,,,5.1,250,1532,3.9,270,1541,1.6,1382,20,.5,13,1509,49.3,6.5,1012.5,1022.2,758,1016.7,1601,1019.4,10.9,10.3,1200,2.16,14.63,,,,,,.6,.6,15,-.5,,,,,,,,,,,,11,,
143,대구,2003-10-28,11.4,7.9,2306,17.2,644,2.67,3.5,820,11,804,12,16.7,290,1456,9.4,290,1502,4.4,3802,290,.8,20,1324,51.6,7.2,1008.7,1019.3,2326,1011.9,718,1015.6,10.9,7.5,1100,2.23,12.8,,,,,,2.8,2.4,10.2,4.9,,,,,,,,,,,,1,{비}0650-{비}{강도1}0900-0930.,
143,대구,2003-10-29,10.7,5.9,601,17.2,1613,,,,,,,11.7,270,21,6.4,290,21,3.1,2678,290,-2.8,20,1551,39.5,5,1013.9,1022.5,838,1019,1440,1020.9,10.8,10.2,1200,2.29,15.18,,,,,,0,0,11.9,2.1,,,,,,,,,,,,,,
143,대구,2003-10-30,11.3,3.6,653,19.4,1449,,,,,,,4.8,250,1535,3.5,270,1554,1.5,1296,20,1.5,25,1320,52.9,6.9,1014,1023.5,815,1018.5,1651,1020.9,10.8,9.3,1200,2.03,13.19,,,,,,3.5,.4,13,0,,,,,,,,,,,,,,
143,대구,2003-10-31,14.1,7.1,647,21.2,1522,,,,,,,4.7,270,1405,2.8,70,229,1.2,1037,50,7.5,39,1357,65.1,10.4,1011.9,1020.8,814,1016.8,1454,1018.7,10.8,9,1200,1.95,12.36,,,,,,2.9,0,14.9,4.8,,,,,,,,,,,,,{박무}0930-1030. {연무}1020-{연무}{강도0}1200-1430.,
143,대구,2003-11-01,15.3,8.4,657,22.8,1437,,,,,,,7,290,1426,3.7,270,1450,1.5,1296,270,9.2,33,1338,68.1,11.6,1011,1019.6,820,1015.8,1532,1017.8,10.7,9.5,1200,2.1,13.28,,,,,,3.3,2.4,16.7,6.9,,,,,,,,,,,,,{박무}0210-{박무}{강도0}0300-{박무}{강도0}0600-{박무}{강도0}0900-1130.,
143,대구,2003-11-02,16.9,10.9,633,24,1437,,,,,,,4.6,290,1230,3.4,250,1232,1.1,950,250,10.6,39,1414,68,12.9,1010.8,1020,835,1015.5,1537,1017.6,10.7,9.3,1200,2.04,13.02,,,,,,3.1,1.9,18.6,6,,,,,,,,,,,,,{박무}0320-{박무}{강도0}0600-0840.,
143,대구,2003-11-03,15,9.7,2354,20.6,1254,,,,,,,9.6,320,1638,5.7,320,1641,2.3,1987,270,4.5,14,1553,54.6,9.6,1010.5,1022.6,2318,1013.5,1343,1017.3,10.7,5.9,1300,1.4,9.41,,,,,,3.1,.9,16,7.6,,,,,,,,,,,,,{박무}0520-{박무}{강도0}0600-{박무}{강도0}0900-1130. {박무}1340-1410.,
143,대구,2003-11-04,12.1,4.4,625,20,1457,,,,,,,6.3,70,1743,4.3,90,1745,1.9,1642,140,3.1,31,1515,55.5,7.8,1016.5,1026.5,902,1021.1,1550,1023.4,10.6,9.6,1200,2.06,13.25,,,,,,0,0,14.8,2,,,,,,,,,,,,,,
143,대구,2003-11-05,12.2,6.5,629,18.9,1521,,,,,,,4.6,90,318,3.6,90,322,1.3,1123,50,6.3,39,1433,68.3,9.6,1012.5,1023,0,1016.4,1538,1019.4,10.6,4.2,1400,1.39,7.94,,,,,,3.3,2.5,13.8,2,,,,,,,,,,,,,,
143,대구,2003-11-06,14.1,7.5,657,21.8,1513,,,,,,,6.5,140,1847,4.1,110,1845,1.6,1382,140,7,28,1516,65.4,10.1,1012,1020.2,933,1016.9,1536,1018.8,10.6,9,1100,1.79,11.38,,,,,,0,0,15.5,4.6,,,,,,,,,,,,,{박무}0630-{박무}{강도0}0900-{박무}{강도0}1200-1210.,
143,대구,2003-11-07,14.5,9.1,603,20.8,1416,,,,,,,5.2,270,1253,3.6,270,1243,1.4,1210,270,9.3,46,1407,71.5,11.7,1010.7,1020.1,0,1014.6,1649,1017.5,10.5,6.9,1200,1.64,10.03,,,,,,2.8,2,15.8,5,,,,,,,,,,,,0,{박무}0040-{박무}{강도0}0300-{박무}{강도0}0600-{박무}{강도0}0900-{박무}{강도0}1200-{박무}{강도0}1500-{박무}{강도0}1800-{박무}{강도0}2100-{박무}{강도0}2400-,
143,대구,2003-11-08,12.8,11.6,322,15.1,1038,8.5,,,,,13,6.1,110,1739,3.7,110,1812,2,1728,110,11.1,79,313,88,13.2,1010.1,1019.4,2255,1014.9,1325,1016.9,10.5,0,1000,.28,1.65,,,,,,10,5.5,13.2,8.4,,,,,,,,,,,,13,-{박무}-0030. {박무}0430-{박무}{강도0}0600-{박무}{강도0}0900-{박무}{강도0}1200-{박무}{강도0}1500-{박무}{강도0}1800-1940. {비}0750-0820. {비}1120-{비}{강도0}1200-{비}{강도0}1500-{비}{강도0}1800-1920.,
143,대구,2003-11-09,12.2,11.3,833,13.2,1340,.17,,,,,0,6,110,1232,3.6,90,1420,2,1728,110,9.5,74,1341,82.4,11.9,1015.4,1024.2,2138,1019,10,1022.3,10.5,0,1200,.35,2.1,,,,,,10,5.9,12.4,10,,,,,,,,,,,,0,{비}1140-1150.,
143,대구,2003-11-10,12.9,10.3,2354,14,1457,9.92,,,,,2.5,10.3,90,1150,6.3,90,1023,3.2,2765,90,7.2,54,1316,68,10.2,1014.8,1023.5,0,1019.9,1605,1021.7,10.4,0,1200,.49,3.83,,,,,,9.6,4.8,12.2,9.7,,,,,,,,,,,,8,{비}0830-{비}{강도0}0900-1130. {비}1350-1450. {비}1805-{비}{강도0}2100-{비}{강도0}2400-,
143,대구,2003-11-11,10.5,9.2,2206,12.4,1620,14.33,,,,,12.5,6.3,320,1559,4.2,290,1607,1.6,1382,290,7.8,65,1557,82.3,10.6,1013.5,1023.7,2314,1018.7,1339,1020.4,10.4,1.3,1500,.6,3.44,,,,,,8.4,5.5,11.2,5.6,,,,,,,,,,,,7,-{비}-{비}{강도0}0300-{비}{강도0}0600-{비}{강도0}0900-{비}{강도0}1200-1420. {박무}0740-{박무}{강도0}0900-{박무}{강도0}1200-1330.,
143,대구,2003-11-12,10.2,8.8,648,12,1457,15.33,,,,,1.5,4.1,250,401,3,270,219,1.4,1210,290,8,74,36,84.6,10.8,1015.9,1025,816,1021.2,1656,1022.8,10.4,0,1000,.81,3.43,,,,,,9.4,5.3,10.9,7.6,,,,,,,,,,,,1.5,{비}0840-{비}{강도0}0900-{비}{강도0}1200-{비}{강도0}1500-{비}{강도0}1800-{비}{강도0}2100-{비}{강도0}2400-,
143,대구,2003-11-13,10.4,6.4,2331,15.2,1350,.83,,,,,0,6.9,290,1142,4.5,270,1228,2.5,2160,290,3.2,32,1451,62.1,7.7,1019,1028.8,2352,1021.8,1,1026,10.4,9.6,1100,1.99,12.65,,,,,,1.4,1.3,11.2,2.1,,,,,,,,,,,,,-{비}-0050.,
143,대구,2003-11-14,9.5,3.8,658,15,1422,,,,,,,3.1,270,1400,2.1,270,1401,1,864,50,4.6,48,1302,71.8,8.5,1020,1029.7,728,1023.8,2359,1026.9,10.3,6.2,1100,1.42,8.37,,,,,,4.6,1.9,10.2,.3,,,,,,,,,,,,,,
143,대구,2003-11-15,12.8,8.2,523,16.9,1212,.83,,,,,0,8.3,320,2334,4.9,320,2351,1.4,1210,320,8,40,2334,72.8,11,1011.5,1023.9,11,1014.7,1608,1018.4,10.3,2.2,1100,1.39,6.04,,,,,,6,4.3,12.5,5.8,,,,,,,,,,,,0,{박무}0210-{박무}{강도0}0300-{박무}{강도0}0600-{박무}{강도0}0900-{박무}{강도0}1200-{박무}{강도0}1500-1630. {비}1340-1430.,
143,대구,2003-11-16,8.3,4.4,2358,12.9,1418,,,,,,,9.8,270,1227,5.7,270,1218,3.6,3110,290,-5.6,17,1328,37.8,4.2,1016.5,1027.5,2355,1018.4,0,1023.5,10.3,9.5,1200,2.04,12.67,,,,,,0,0,8.5,-.5,,,,,,,,,,,,,,
143,대구,2003-11-17,7,-.3,716,14.1,1508,,,,,,,5.6,270,232,3.5,290,238,1.3,1123,50,-4.9,18,1448,45.5,4.4,1022,1031.2,933,1027.5,0,1029.1,10.2,9.4,1100,1.85,11.72,,,,,,.4,0,7.8,-3.6,,,,,,,,,,,,,,
143,대구,2003-11-18,8.8,2.6,638,13.2,1411,,,,,,,4.2,270,1541,2.9,250,1542,1.2,1037,270,2.8,49,1309,66.3,7.5,1018,1029,36,1022.2,1609,1025,10.2,2.9,1200,1.25,7.02,,,,,,6.4,4.9,9.4,-1.3,,,,,,,,,,,,6.5,{박무}0830-{박무}{강도0}0900-{박무}{강도0}1200-1320.,
143,대구,2003-11-19,10.3,7.9,445,12.3,2244,10.75,,,,,6.5,3.8,90,823,2.6,90,832,1,864,50,8.6,55,43,87.8,11.2,1013.7,1023,31,1018.2,2340,1020.7,10.2,0,1300,.53,2.81,,,,,,10,4.3,10.8,7.3,,,,,,,,,,,,0,{비}0040-{비}{강도0}0300-{비}{강도0}0600-{비}{강도0}0900-1045. {비}1130-{비}{강도0}1200-1210. {박무}0220-{박무}{강도0}0300-{박무}{강도0}0600-{박무}{강도0}0900-{박무}{강도0}1200-{박무}{강도0}1500-{박무}{강도0}1800-{박무}{강도0}2100-{박무}{강도0}2400-,
143,대구,2003-11-20,12.7,10.8,442,14.3,1300,5.33,,,,,1,5.3,270,2333,3.2,290,2334,1.2,1037,290,10.8,75,1139,86.9,13,1005.1,1018.3,0,1008.5,1405,1012,10.2,0,1100,.48,2.97,,,,,,9.4,4.9,13,8.1,,,,,,,,,,,,1,-{박무}-{박무}{강도0}0300-{박무}{강도0}0600-{박무}{강도0}0900-{박무}{강도0}1200-{박무}{강도0}1500-{박무}{강도0}1800-{박무}{강도0}2100-2250. {비}1310-{비}{강도0}1500-{비}{강도0}1800-1830.,
143,대구,2003-11-21,9.1,2.8,2359,14.1,1209,,,,,,,15,290,944,8.4,290,1713,5.2,4493,290,-1.4,28,1729,48.4,6,1008.8,1023.9,2352,1009.8,0,1015.7,10.1,3.9,1100,1.73,8.11,,,,,,5.5,4.3,9.2,1.1,,,,,,,,,,,,,{박무}0440-{박무}{강도0}0600-0730.,
143,대구,2003-11-22,2.3,-.7,644,6.8,1414,,,,,,,13.4,290,23,7.3,290,39,3.7,3197,290,-12.8,17,1243,33,2.4,1022.9,1034,2318,1023.7,6,1030.1,10.1,9.4,1200,2,12.61,,,,,,0,0,2.8,-4.6,,,,,,,,,,,,,,
143,대구,2003-11-23,3.5,-2.3,719,10.1,1521,,,,,,,5,110,1345,3.4,90,1400,1.4,1210,50,-8.6,16,1542,43,3.3,1027.5,1036.8,902,1032.7,1710,1034.7,10.1,9.3,1100,1.87,11.84,,,,,,.1,.1,4.3,-6.4,,,,,,,,,,,,,,
143,대구,2003-11-24,5.7,.2,325,12.9,1523,,,,,,,3.6,90,534,2.7,270,1709,1.1,950,270,-1.1,38,1342,61.9,5.7,1023.5,1034.4,0,1027.4,2345,1030.6,10.1,4.9,1100,1.24,8.08,,,,,,4.5,2.6,6.7,-2.7,,,,,,,,,,,,,,
143,대구,2003-11-25,9.3,4.1,447,16.4,1411,,,,,,,5.9,90,1849,4.1,90,1909,1.7,1469,290,3,41,1436,65.9,7.6,1021.5,1031.7,2202,1026.4,1430,1028.6,10,6.7,1200,1.71,9.42,,,,,,4.1,2.5,9.2,.1,,,,,,,,,,,,,{박무}0840-{박무}{강도0}0900-{박무}{강도0}1200-1220.,
143,대구,2003-11-26,11.5,7.5,1,15.4,1451,,,,,,,7.4,70,1029,5,90,1615,2.2,1901,90,4.9,41,1457,63.8,8.6,1023.2,1033,827,1027.5,2348,1030.2,10,5.5,1200,1.64,9.71,,,,,,6.5,4.5,11.7,2.9,,,,,,,,,,,,.2,,
143,대구,2003-11-27,11.3,9.2,516,14.8,1301,12.17,,,,,1.5,9.6,50,1347,4.2,90,1334,1.4,1210,290,7.3,52,1307,75.8,10.2,1018.9,1027.6,0,1024.3,1410,1025.9,10,.4,1100,1.14,4.4,,,,,,10,5.1,11.1,6.8,,,,,,,,,,,,4.3,{박무}0310-{박무}{강도0}0600-0720. {비}0340-{비}{강도0}0600-0640. {비}1450-{비}{강도0}1500-{비}{강도0}1800-{비}{강도0}2100-{비}{강도0}2400-,
143,대구,2003-11-28,12.7,10.2,113,15,1254,7.67,,,,,3,5.9,110,1303,3.6,90,1311,1.6,1382,250,10.6,75,1310,86.3,12.8,1014.1,1024.8,0,1018.2,2400,1021,10,0,1000,.36,2.49,,,,,,9.8,5.5,12.1,8.8,,,,,,,,,,,,0,-{비}-{비}{강도0}0300-{비}{강도0}0600-0730. {비}2030-2040.,
143,대구,2003-11-29,11.2,8.6,2322,15.3,1110,.17,,,,,0,8.4,320,1341,5.5,320,1346,2.7,2333,290,7.3,54,1439,76.8,10.4,1009.5,1018.2,0,1014.1,1418,1016.4,10,2.2,1000,1.16,6.14,,,,,,6.4,5.5,11.6,6.6,,,,,,,,,,,,,{비}0220-0230. {박무}0210-{박무}{강도0}0300-{시정(미만)}{1km}{안개}0520-{시정(미만)}{0.5km}{안개}0530-{시정(미만)}{0.2km}{안개}0540-{시정(미만)}{0.1km}{안개}0550-{안개}{강도2}0600-{시정(이상)}{0.1km}{안개}0740-{시정(이상)}{0.2km}{안개}0750-{시정(이상)}{0.5km}{안개}0755-{시정(이상)}{1km}{박무}0820-{박무}{강도0}0900-1040.,3
143,대구,2003-11-30,10.6,6.5,637,15.3,1344,,,,,,,6.7,110,1937,4.1,110,1825,1.9,1642,110,5,50,1323,67.9,8.7,1012.8,1022.6,2248,1017.1,24,1019.8,9.9,8.2,1100,1.68,9.99,,,,,,3.4,3,10.5,4,,,,,,,,,,,,,,
143,대구,2003-12-01,8.9,5.1,709,15,1404,,,,,,,5.1,320,1624,3.2,270,1339,1.4,1210,50,4.6,43,1405,73.8,8.5,1014.7,1023.3,1002,1019.8,1352,1021.6,9.9,4.4,1300,1.51,7.08,,,,,,2.6,2.3,9.2,.7,,,,,,,,,,,,,,
143,대구,2003-12-02,8.4,4.9,218,12.9,1449,,,,,,,7,270,1011,4.5,290,904,2.5,2160,270,-.1,34,1545,56.3,6.1,1014.9,1023.3,1010,1020.1,1506,1021.9,9.9,7.4,1200,1.53,9.09,,,,,,3.4,2.4,8,.1,,,,,,,,,,,,,{박무}0140-{박무}{강도0}0300-{박무}{강도0}0600-{박무}{강도0}0900-{박무}{강도0}1200-{박무}{강도0}1500-1620.,
143,대구,2003-12-03,6.9,1.1,709,12.8,1431,,,,,,,9,320,1528,5.1,290,1532,2.3,1987,290,-5.3,14,1421,46.9,4.4,1016.7,1025.9,2309,1021.9,1421,1023.8,9.9,8.7,1200,1.76,10.33,,,,,,1,.3,6.8,-2.8,,,,,,,,,,,,,,
143,대구,2003-12-04,5.2,1.6,703,10.7,1431,,,,,,,5.5,320,5,3.5,290,306,1.9,1642,270,-11.4,11,1354,31.9,2.7,1021.4,1030.5,938,1025.5,14,1028.6,9.9,8.8,1100,1.79,9.94,,,,,,3.4,0,5.9,-2.9,,,,,,,,,,,,,,
143,대구,2003-12-05,6.9,1.6,154,11.4,1539,3.67,,,,,.5,4.2,110,647,2.8,90,650,1,864,250,-1.3,39,1141,56,5.7,1017.8,1029.5,509,1019.6,2358,1024.9,9.9,3.2,1100,1.08,6.41,,,,,,8.3,4.5,7.5,-2.6,,,,,,,,,,,,10,{비}2020-{비}{강도0}2100-{비}{강도0}2400-,
143,대구,2003-12-06,7.1,2.2,2357,11.2,1517,9.33,,,,,9.5,15.1,270,2320,8,290,2208,4,3456,290,1.5,34,2359,69.5,7.3,1011.1,1024.1,2355,1014.4,528,1018.1,9.8,2,1300,.96,5.05,,,,,,7,4.9,7.2,.3,,,,,,,,,,,,0,-{비}-{비}{강도0}0300-{비}{강도0}0600-{비}{강도0}0900-0920. {박무}0040-{박무}{강도0}0300-{박무}{강도0}0600-{박무}{강도0}0900-0930.,
143,대구,2003-12-07,-1,-2.9,717,2.4,1522,,,,,,,14.9,270,2,7.8,290,314,4.3,3715,290,-13.6,25,1159,39.6,2.2,1022.8,1032.1,1033,1024.1,0,1030.1,9.8,9.4,1200,1.9,11.61,,,,,,.1,.1,.6,-6,,,,,,,,,,,,,,
143,대구,2003-12-08,1.8,-4.2,541,7.9,1436,,,,,,,10.9,270,1552,6.2,270,1540,2.9,2506,270,-7.1,31,1449,53.6,3.7,1023,1032,0,1027.8,1445,1030.2,9.8,8.3,1100,1.63,9.83,,,,,,2.8,2.8,2.3,-7.7,,,,,,,,,,,,,,
143,대구,2003-12-09,1.5,-.9,718,5.2,1456,,,,,,,6.1,320,3,3.8,320,10,2.3,1987,290,-10.9,25,1625,40.1,2.7,1026.1,1034.7,1015,1031.9,0,1033.3,9.8,2.3,1300,1.2,7.24,,,,,,4.8,2.1,2,-3.5,,,,,,,,,,,,,,
143,대구,2003-12-10,2.4,-4.5,719,8.6,1423,,,,,,,3.9,250,203,3,250,208,1.3,1123,50,-9.4,22,1347,43.9,3,1023.2,1034,919,1026.9,2357,1030.4,9.8,7.3,1200,1.67,9.46,,,,,,3.8,.8,2.3,-7.9,,,,,,,,,,,,1,,
143,대구,2003-12-11,4.2,.7,622,9.4,1416,4.17,,,,,1,9,320,1400,5.2,290,1306,2.5,2160,290,-4.4,23,1535,57.4,4.6,1015.2,1026.9,0,1019.6,1428,1022.3,9.8,6.5,1200,1.73,9.16,,,,,,5.9,2.5,4.6,-1.3,,,,,,,,,,,,,{비}0240-{비}{강도0}0300-0320. {진눈깨비}0420-{진눈깨비}{강도0}0600-0750. {박무}0620-{박무}{강도0}0900-1030.,
143,대구,2003-12-12,3,.8,2347,6.7,1332,,,,,,,10.8,320,1450,5.8,290,1434,3.2,2765,290,-5.6,31,1211,54,4.1,1013.9,1022.9,2216,1019.3,1404,1021.1,9.8,6.3,1200,1.58,8.68,,,,,,3.1,1.6,3,-3.7,,,,,,,,,,,,,,
143,대구,2003-12-13,2.9,-.6,716,7.6,1503,,,,,,,7.5,250,1317,4.4,270,1223,2.5,2160,290,-6.2,31,1406,51.6,3.9,1017.1,1025.4,924,1022.7,0,1024.2,9.8,9,1200,1.73,10.37,,,,,,0,0,2.7,-6.3,,,,,,,,,,,,,,
143,대구,2003-12-14,3.4,-.8,723,8.4,1530,,,,,,,8.2,270,1234,5.1,270,1254,2.9,2506,290,-5.3,31,1502,54.5,4.1,1015.7,1025.4,912,1020.8,1529,1022.8,9.8,9,1200,1.75,10.49,,,,,,.6,.6,3,-5.6,,,,,,,,,,,,,,
143,대구,2003-12-15,3.4,-.4,2349,6.7,1310,,,,,,,12.5,270,1142,6.8,290,1149,3.7,3197,290,-7.3,32,1249,45.5,3.6,1013.5,1023.9,2247,1017.9,506,1020.6,9.8,8.8,1200,1.64,10.01,,,,,,1.5,0,3.9,-4.7,,,,,,,,,,,,,,
143,대구,2003-12-16,2.9,-3.4,742,8.6,1457,,,,,,,6.2,270,1310,4,270,1318,2.1,1814,270,-9.6,21,1405,42,3,1014,1024.8,637,1017.6,2357,1021.2,9.7,8.8,1200,1.79,10.33,,,,,,2,.4,2.3,-7.5,,,,,,,,,,,,0,,
143,대구,2003-12-17,2.3,-.4,2343,5.6,1138,2.58,,,,,0,14.1,290,1120,8.4,290,1829,3.8,3283,290,-5.7,40,1734,55.1,4.1,1010.3,1022.2,2305,1014.1,552,1017.4,9.7,3.8,1200,1.66,7.2,,,,,,4.9,3.6,2.3,-2.6,,,,,,,,,,,,0,{비}0640-{비}{강도0}0900-0915.,
143,대구,2003-12-18,.1,-2.1,734,3.2,1425,,,,,,,8.9,270,1636,4.9,320,1829,3.1,2678,290,-10.1,31,1322,47,2.9,1014,1024.1,336,1019.1,1612,1021.2,9.7,2.5,1200,1.38,7.25,,,,,,5.3,1.5,.6,-5.7,,,,,,,,,,,,,,
143,대구,2003-12-19,-1.9,-4.4,2355,1,1438,,,,,,,15.7,290,1523,8.7,320,1351,5.8,5011,290,-15.4,25,902,36.8,1.9,1014.4,1024,2357,1019,3,1021.7,9.7,8.9,1300,1.77,11.11,,,,,,.9,.9,.5,-6.7,,,,,,,,,,,,,,
143,대구,2003-12-20,-2.1,-5.6,258,2.2,1527,,,,,,,15.2,270,1100,7.7,270,1105,4.2,3629,290,-17.7,15,1254,31.9,1.6,1020,1031.2,2350,1023.9,0,1027.3,9.7,9.2,1200,1.85,11.24,,,,,,0,0,-.9,-7.8,,,,,,,,,,,,,,
143,대구,2003-12-21,.5,-5,702,6.7,1504,,,,,,,7.8,320,1535,5,250,1138,2.7,2333,270,-11.4,22,1353,42.9,2.6,1021.4,1032,932,1025.5,2345,1028.6,9.7,9.2,1200,1.79,10.92,,,,,,.4,0,.3,-7.9,,,,,,,,,,,,,,
143,대구,2003-12-22,4.7,-1.6,712,11.8,1433,,,,,,,9.3,290,1530,5.2,290,1533,2.6,2246,250,-4.6,26,1419,52.4,4.4,1015,1025.6,1,1019.6,1526,1022.2,9.7,8.8,1200,1.61,9.68,,,,,,0,0,3.3,-6.9,,,,,,,,,,,,,,
143,대구,2003-12-23,5.5,.2,636,12.1,1517,,,,,,,6.3,250,1302,4.4,250,1227,2.3,1987,250,-2.7,32,1446,56.8,5,1010.4,1020.6,7,1014.8,1636,1017.5,9.7,8.4,1200,1.64,9.44,,,,,,0,0,3.7,-5.4,,,,,,,,,,,,,{박무}0220-{박무}{강도0}0300-{박무}{강도0}0600-0820.,
143,대구,2003-12-24,5.5,.5,713,12.8,1459,,,,,,,5.9,230,1330,4.2,250,1347,1.4,1210,270,-3.7,26,1453,54.6,4.7,1010.4,1019.5,952,1015.6,45,1017.4,9.7,8,1200,1.51,8.55,,,,,,0,0,3.9,-5.8,,,,,,,,,,,,,{박무}0340-{박무}{강도0}0600-{박무}{강도0}0900-1120. {연무}1110-{연무}{강도0}1200-{연무}{강도0}1500-1620.,
143,대구,2003-12-25,3.3,-1,718,10.5,1322,,,,,,,14,290,1513,7.5,290,1518,3.1,2678,290,-6.5,28,1620,50.3,3.9,1007.9,1017.8,18,1011.4,1332,1015,9.7,7.4,1200,1.45,8.11,,,,,,0,0,2.9,-6.7,,,,,,,,,,,,,{연무}1410-{연무}{강도0}1500-1630.,
143,대구,2003-12-26,-.7,-2.4,2255,2.3,1504,,,,,,,12.3,290,1327,7.3,290,1332,4.7,4061,290,-12.5,25,1505,42,2.4,1011.6,1022.2,2359,1016.6,1336,1018.8,9.7,8.6,1200,1.74,10.37,,,,,,.1,.1,.3,-5,,,,,,,,,,,,,,
143,대구,2003-12-27,-.2,-4.3,637,4.4,1530,,,,,,,10.2,290,912,5.8,290,918,3.5,3024,290,-15.2,19,1519,33.4,1.9,1020.5,1030.5,2357,1022.1,0,1027.7,9.7,9.1,1200,1.78,10.94,,,,,,0,0,.1,-8.1,,,,,,,,,,,,,,
143,대구,2003-12-28,2.3,-2.1,726,7.8,1440,,,,,,,6.7,290,1208,4.6,270,1223,2.3,1987,270,-7.7,36,1328,48.4,3.5,1022.3,1032.2,931,1025.8,2355,1029.5,9.7,7.6,1100,1.62,9.63,,,,,,1.3,0,1.9,-6.4,,,,,,,,,,,,,,
143,대구,2003-12-29,5,-.5,221,11.2,1350,,,,,,,11.1,290,1521,5.3,290,1533,1.9,1642,290,-3,39,1537,56.4,4.9,1016.7,1026.4,258,1020.5,1431,1023.8,9.8,3.5,1200,1.41,6.08,,,,,,5.3,2.3,4.7,-6.1,,,,,,,,,,,,,,
143,대구,2003-12-30,5,1.2,757,9.5,1438,,,,,,,7,290,152,4.5,320,145,2.3,1987,270,-9.5,18,1439,35.8,3.1,1016.3,1027.2,903,1019.6,2311,1023.4,9.8,6,1300,1.58,8.98,,,,,,4.3,2.3,5.9,-4.8,,,,,,,,,,,,,,
143,대구,2003-12-31,4.7,1.8,738,8.5,1404,,,,,,,12.2,270,1239,6.6,290,1300,3.6,3110,290,-6.4,31,0,44.1,3.8,1012.4,1021.1,939,1017.5,1324,1019.5,9.8,7.9,1300,1.59,9.16,,,,,,3.3,2.1,5.2,-1.6,,,,,,,,,,,,,,
143,대구,2004-01-01,4.7,0,759,9.1,1426,,,,,,,6.4,250,1252,4,270,1255,1.9,1642,270,-4.3,33,1420,52.3,4.4,1012.8,1022.4,1016,1017.9,1600,1019.8,9.8,5.7,1200,1.36,7.47,,,,,,3.5,.4,3.9,-4.7,,,,,,,,,,,,,{박무}0330-{박무}{강도0}0600-{박무}{강도0}0900-{박무}{강도0}1200-{박무}{강도0}1500-{박무}{강도0}1800-{박무}{강도0}2100-{박무}{강도0}2400-,
143,대구,2004-01-02,4.8,2.5,459,9.5,1343,,,,,,,9.6,290,1356,5.7,290,1332,2.5,2160,290,-4.3,32,1347,52.1,4.5,1011,1021.4,2355,1015.5,1331,1018.1,9.8,6.9,1200,1.46,8.45,,,,,,4.8,3.5,4.6,-1.4,,,,,,,,,,,,,-{박무}-{박무}{강도0}0300-{박무}{강도0}0600-{박무}{강도0}0900-1020. {연무}1010-{연무}{강도0}1200-1330.,
143,대구,2004-01-03,4.1,-1.2,807,9.8,1430,,,,,,,7.2,270,1428,4.5,320,1541,1.9,1642,270,-7.1,25,1608,45.1,3.6,1016.6,1026.8,2351,1021.4,0,1023.7,9.8,8.2,1200,1.49,8.96,,,,,,0,0,3.7,-6.6,,,,,,,,,,,,,,
143,대구,2004-01-04,3.3,-1.5,753,9.8,1438,,,,,,,4.4,270,1451,3,250,1650,1.4,1210,50,-9.4,12,1632,42.8,3.1,1020.8,1029.9,937,1026.1,1427,1028,9.8,9,1200,1.69,10.1,,,,,,.4,0,3.1,-6.9,,,,,,,,,,,,,,
143,대구,2004-01-05,1.9,-3.6,721,10.1,1529,,,,,,,4.1,270,1458,2.7,250,1441,1.4,1210,50,-11.1,13,1629,41.4,2.7,1021.2,1030.4,904,1026.2,1549,1028.4,9.8,8.2,1200,1.41,8.52,,,,,,1.1,0,1.7,-9.1,,,,,,,,,,,,,,
143,대구,2004-01-06,3.6,-2.4,643,9.5,1426,,,,,,,4.5,290,1629,3.3,290,1635,1.5,1296,270,-7.5,19,1655,46,3.5,1018.9,1028.4,248,1023.4,1507,1026.1,9.8,4.9,1200,1.48,7.9,,,,,,4.5,.5,3.7,-6.9,,,,,,,,,,,,,,
143,대구,2004-01-07,4.2,.3,708,8.8,1223,,,,,,,12.5,290,1318,7,290,1320,2.8,2419,290,-6.6,26,2147,47.4,3.8,1019,1030.3,2357,1023.7,1317,1026.1,9.9,8.2,1200,1.63,9.6,,,,,,.9,.9,3.8,-6.4,,,,,,,,,,,,,{박무}0510-{박무}{강도0}0600-{박무}{강도0}0900-1050. {연무}1040-1140.,
143,대구,2004-01-08,1.9,-3,751,7.8,1345,,,,,,,6,250,57,3.8,270,102,1.7,1469,50,-8.6,28,1551,47.6,3.2,1024.7,1034.4,955,1030.3,0,1032,9.9,7.9,1300,1.67,9.52,,,,,,.8,0,2.6,-6,,,,,,,,,,,,,{박무}0420-{박무}{강도0}0600-0740.,
143,대구,2004-01-09,3.3,-2.2,323,9.7,1528,,,,,,,5.2,320,2358,3.6,290,1636,1.6,1382,290,-4.6,40,1418,57.1,4.4,1020.5,1031.5,0,1025,1528,1027.7,9.9,5.2,1200,1.54,7.99,,,,,,3.1,1.8,3.2,-5.4,,,,,,,,,,,,,{박무}0630-0730.,
143,대구,2004-01-10,3.8,.4,2359,8.7,1339,,,,,,,11.2,290,1317,6,290,1026,3,2592,290,-12.2,12,1833,34.5,2.7,1019.4,1028.2,2359,1024.3,1409,1026.5,9.9,6,1200,1.66,9.07,,,,,,4.1,.9,3.7,-3.8,,,,,,,,,,,,,{박무}0930-1130.,
143,대구,2004-01-11,1.5,-3.1,755,6.6,1402,,,,,,,6.6,90,1308,4.8,90,1312,1.8,1555,50,-9,23,16,48,3.3,1019.9,1029.4,248,1025.1,2235,1027.1,9.9,6.3,1200,1.47,8.74,,,,,,4.1,.4,3.3,-6.8,,,,,,,,,,,,,,
143,대구,2004-01-12,1,-4.6,643,7.2,1431,2.5,,,,,0,13.6,290,2346,6.8,290,2400,2.4,2074,270,-7,25,1432,59.9,3.7,1011.7,1025.4,42,1013.6,2045,1018.9,9.9,7,1200,1.45,8.8,.2,2340,.2,2340,.2,5.1,1.6,3.2,-7.8,,,,,,,,,,,,0,{진눈깨비}2130-{눈}2150-{눈}{강도0}2400-,
143,대구,2004-01-13,-1.4,-4.2,2353,1.6,1440,.5,,,,,0,15.7,270,159,8.9,290,1555,5.6,4838,290,-13.2,26,1453,42.1,2.3,1012.1,1024.5,2354,1015,337,1019.4,9.9,8.5,1200,1.87,11.26,,,.2,0,,2.4,2.4,.1,-7.7,,,,,,,,,,,,,-{눈}-0030.,
143,대구,2004-01-14,-1.1,-5.5,633,4.3,1449,,,,,,,8,270,1403,5,270,1411,2.9,2506,290,-14.9,19,1452,37.3,2,1019.4,1028.3,2118,1024.3,40,1026.7,10,9.4,1200,1.91,11.52,,,,,,1.4,0,.7,-9.9,,,,,,,,,,,,,,
143,대구,2004-01-15,1.1,-2.7,704,6,1429,,,,,,,6.9,320,1456,4.1,320,1459,2.3,1987,270,-12.6,25,1432,36.3,2.4,1020.2,1029.1,827,1025.4,1430,1027.4,10,8,1200,1.6,9.59,,,,,,4,0,1.2,-8,,,,,,,,,,,,,,
143,대구,2004-01-16,2.2,-2.8,454,7.3,1401,,,,,,,8,110,1444,4.8,110,1452,2.2,1901,90,-4.1,44,1147,63.5,4.7,1018.7,1028.4,18,1023.9,1551,1025.9,10,1.3,1200,1.31,6.91,,,,,,7.5,3.5,2.8,-7.1,,,,,,,,,,,,0,{박무}0720-{박무}{강도0}0900-{박무}{강도0}1200-1320.,
143,대구,2004-01-17,4.4,2.7,648,8.2,1154,8.08,,,,,.5,6.3,90,125,3.8,90,125,1.7,1469,90,.3,49,1200,74.8,6.3,1016,1024.2,0,1021.2,1411,1023.1,10,1.4,1100,1.32,5.2,,,,,,9.4,6,4.5,-2.5,,,,,,,,,,,,.5,{비}0840-{비}{강도0}0900-0950. {비}1445-{비}{강도0}1500-{비}{강도0}1800-{비}{강도0}2100-2140.,
143,대구,2004-01-18,2.5,.9,1015,4.4,1611,1.92,,,,,.4,8.3,290,2318,6,270,2321,2.6,2246,270,-1.6,60,2343,73.6,5.5,1012.2,1024,318,1015.7,1718,1019.4,10,0,1400,.88,3.74,,,,,,8.3,5,3.3,-.5,,,,,,,,,,,,.4,{박무}0630-{박무}{강도0}0900-{박무}{강도0}1200-{박무}{강도0}1500-1520. {진눈깨비}0955-{싸락눈}1010-{진눈깨비}1050-1150.,
143,대구,2004-01-19,1.2,-.5,2302,4.4,1403,.67,,,,,0,11,290,1558,6.3,290,1438,3.8,3283,290,-8,32,1552,50.5,3.4,1012.6,1021.2,2121,1018,500,1019.8,10.1,6.1,1300,1.74,9.83,,,,,,4,3.5,1.8,-4.3,,,,,,,,,,,,0,{눈}0840-{눈}{강도0}0900-0920.,
143,대구,2004-01-20,-.3,-2.2,735,3.1,1435,,,,,,,10.4,290,1117,5.8,270,1119,3,2592,290,-15.5,16,1339,33.8,2,1013.1,1022.8,1033,1018.1,2347,1020.3,10.1,9.4,1200,1.95,12.11,,,,,,2.9,2.3,1,-5.2,,,,,,,,,,,,.3,,
143,대구,2004-01-21,-8,-11.7,2230,-.7,106,.92,,,,,.3,12.3,250,1521,7.2,320,1402,4.8,4147,290,-22,22,1005,35.6,1.1,1012.9,1022.6,2123,1017.2,119,1020.3,10.1,8,1200,2.01,12.09,1,310,1,310,1,2.9,2.3,-4.7,-13.5,,,,,,,,,,,,,{눈}0215-{눈}{강도0}0300-0310.,
143,대구,2004-01-22,-8.1,-11.8,244,-3.7,1525,,,,,,,15.9,290,1057,8.4,290,1100,5,4320,290,-23.2,18,1338,33.5,1,1015,1024.1,2357,1021,447,1022.4,10.1,9.5,1200,2.01,12.72,,,,,,.4,0,-4.9,-13.6,,,,,,,,,,,,,,
143,대구,2004-01-23,-4,-8.1,233,1.2,1452,,,,,,,12,250,1357,6.7,290,1240,3.9,3370,290,-17.2,24,1533,38.9,1.7,1014.8,1024.3,29,1020.4,1416,1022.2,10.2,8.9,1100,1.9,11.52,,,,,,.8,.8,-1.6,-11.4,,,,,,,,,,,,,,
143,대구,2004-01-24,-3.8,-7.6,706,.6,1548,,,,,,,12.4,320,1404,7.2,290,1403,3.6,3110,290,-18,22,1543,34.8,1.6,1012.8,1021.7,0,1018,1357,1020.1,10.2,9.2,1200,1.91,12.21,,,,,,0,0,-2.3,-11,,,,,,,,,,,,,,
143,대구,2004-01-25,-4.1,-6.5,648,0,1351,,,,,,,15.3,320,1308,8.2,290,1339,3.6,3110,290,-14.8,30,1246,46.3,2,1016.7,1026.3,2344,1021.7,0,1024.1,10.2,9.6,1200,2.03,12.5,,,,,,.4,.4,-1.2,-11.1,,,,,,,,,,,,,,
143,대구,2004-01-26,-2.2,-7.2,717,3.2,1449,,,,,,,8.1,320,1356,4.9,290,1206,2.8,2419,290,-13.3,25,1439,45.9,2.2,1017.8,1028,802,1023,1534,1025.1,10.2,8,1200,2.04,12.48,,,,,,2.5,0,-.7,-12,,,,,,,,,,,,,,
143,대구,2004-01-27,-1.1,-4.4,743,2.9,1544,,,,,,,13.2,340,1254,7.4,290,1341,3.7,3197,290,-12.7,27,1228,42.9,2.4,1014.1,1023.2,0,1019.4,1501,1021.4,10.3,9.4,1200,1.97,12.4,,,,,,1.3,0,.2,-8.4,,,,,,,,,,,,,,
143,대구,2004-01-28,1.2,-3.1,456,6.6,1454,,,,,,,9.5,290,1313,5.7,290,1315,3.3,2851,270,-8.1,33,1437,50.6,3.3,1012.5,1021.8,905,1017.2,1603,1019.7,10.3,9.6,1200,2.01,12.82,,,,,,.3,0,1.1,-6.7,,,,,,,,,,,,,,
143,대구,2004-01-29,3.3,-1.1,328,8.7,1421,,,,,,,7.1,270,1222,4.3,250,1355,2.1,1814,270,-6.2,28,1533,51.8,3.9,1011.6,1020.5,825,1016.6,1654,1018.8,10.3,8.6,1200,1.99,12.14,,,,,,1.1,1.1,3.8,-8.2,,,,,,,,,,,,,,
143,대구,2004-01-30,3,-2.7,700,9.3,1414,,,,,,,7,290,1422,4.4,290,1348,1.8,1555,290,-8.1,22,1340,47.3,3.4,1013.3,1022.9,2347,1018.5,1428,1020.4,10.4,8.1,1200,1.86,10.98,,,,,,1.3,0,3.6,-8.8,,,,,,,,,,,,,,
143,대구,2004-01-31,3.3,-4.2,752,12.2,1546,,,,,,,6.1,20,2107,2.8,250,1355,1.3,1123,50,-11.7,12,1609,37.6,2.6,1015.3,1025.6,806,1019.9,1634,1022.4,10.4,9.4,1200,1.96,12.04,,,,,,1,.5,3.6,-10.1,,,,,,,,,,,,,{박무}0920-{박무}{강도0}1200-1420.,
143,대구,2004-02-01,4.9,-2.5,613,12.4,1512,,,,,,,3.8,290,1537,2.7,290,1544,1.1,950,20,-7.1,24,1419,42.3,3.6,1009.5,1020.5,0,1012.8,2338,1016.5,10.4,7.9,1200,1.64,10.58,,,,,,4.1,1.3,4.9,-6.1,,,,,,,,,,,,,{박무}1020-{박무}{강도0}1200-1330.,
143,대구,2004-02-02,2.7,-2.4,2353,5.9,14,,,,,,,12.2,320,2001,6.9,290,2006,4,3456,290,-11.3,15,1521,37.6,2.9,1006.9,1016.5,2312,1012.1,1400,1014,10.5,5.1,1200,1.88,9.77,,,,,,5.9,1.5,4.1,-4.5,,,,,,,,,,,,,{박무}0720-{박무}{강도0}0900-1040. {달무리}2230-,
143,대구,2004-02-03,-1.4,-4.1,646,2.1,1524,,,,,,,12.7,320,1116,7.6,320,1124,4.3,3715,290,-13.8,21,1312,41,2.2,1009.5,1018.5,2350,1015.2,1415,1016.7,10.5,9.2,1200,2.1,13.46,,,,,,1.4,.9,1.2,-7.3,,,,,,,,,,,,,-{달무리}-0230.,
143,대구,2004-02-04,.1,-4.4,702,4,1558,,,,,,,10.8,270,2322,6.6,270,1356,3.6,3110,290,-10.8,29,1318,45.5,2.7,1010.8,1019.4,844,1015.9,2250,1018,10.5,8,1300,1.9,11.99,,,,,,2.6,2,1.5,-8.5,,,,,,,,,,,,.3,,
143,대구,2004-02-05,-1.7,-4,2348,1.4,1611,2.33,,,,,.3,14.1,290,710,9,290,716,4.8,4147,290,-11.4,27,1343,51.8,2.7,1014.1,1025.6,2318,1016,118,1021.3,10.5,9,1200,2.16,13.26,1.2,330,1.2,330,1.2,3.6,2.9,.7,-6.4,,,,,,,,,,,,,{눈}0010-0040. {눈}0120-0140. {눈}0220-{눈}{강도0}0300-0330. {눈}0510-0530.,
143,대구,2004-02-06,-2.1,-6.3,706,2.4,1358,1.83,,,,,.3,13.4,320,1235,7.6,290,1254,3.7,3197,290,-11.6,24,1238,52.1,2.6,1017.1,1026.1,946,1023,1443,1024.4,10.6,7.9,1300,2.1,12.41,1,2400,1,2400,1,3.4,2.6,-.3,-9.2,,,,,,,,,,,,1,{눈}2210-{눈}{강도0}2400-,
143,대구,2004-02-07,-1.7,-4.2,549,1.8,1522,1.58,,,,,.7,16.1,320,1142,8,290,1057,4.1,3542,290,-11.1,29,1609,51.5,2.7,1018.2,1027.9,1058,1022.3,219,1025.5,10.6,8.8,1100,2.13,13.32,2.5,420,3.5,420,2.5,3.6,3.6,.7,-7.3,,,,,,,,,,,,,-{눈}-0030. {눈}0315-0420.,
143,대구,2004-02-08,2,-6,556,9.6,1510,,,,,,,11.6,290,1521,7.2,270,1653,2.6,2246,270,-9.8,19,1512,45.5,2.9,1016.8,1026.4,5,1021.1,1511,1024,10.6,9,1200,1.99,12.99,,,,,,2.4,1,3.3,-10.9,,,,,,,,,,,,,,
143,대구,2004-02-09,1.1,-2.9,732,6.6,1538,,,,,,,6.7,270,1019,3.9,270,1036,2.2,1901,290,-16.1,13,1445,28.4,1.8,1021.2,1030.1,2354,1025.2,8,1028.4,10.7,10,1200,2.27,14.83,,,,,,.8,0,4.1,-10.3,,,,,,,,,,,,,,
143,대구,2004-02-10,1.7,-5.9,733,9.1,1500,,,,,,,6,270,1333,3.9,270,1433,1.8,1555,50,-14,13,1513,33.5,2.1,1020.9,1030.6,816,1025.2,1612,1028.1,10.7,9.7,1200,2.22,14.24,,,,,,.4,0,3.6,-8.7,,,,,,,,,,,,,,
143,대구,2004-02-11,4.4,-2.6,636,11.9,1414,,,,,,,10.2,290,1530,5.9,320,1527,2.1,1814,290,-10.8,18,1505,33.5,2.7,1018.4,1027.3,0,1023.1,1429,1025.6,10.7,9.1,1300,2.04,12.75,,,,,,.5,.5,5.4,-8.9,,,,,,,,,,,,,,
143,대구,2004-02-12,5.2,1.6,642,11.4,1427,,,,,,,8.3,320,1455,4.9,290,1456,2.4,2074,270,-10.5,12,1434,34.3,2.9,1019.2,1028.1,903,1024.2,1521,1026.3,10.8,8.5,1200,2.21,13.8,,,,,,.5,0,6.2,-4.1,,,,,,,,,,,,,,
143,대구,2004-02-13,4.8,-1.8,720,11.9,1516,,,,,,,8,250,1705,4.8,250,1558,1.8,1555,20,-10.5,14,1437,35.5,2.8,1011.1,1025.6,0,1011.7,2400,1018.2,10.8,6.3,1200,1.77,11.68,,,,,,3.4,.3,5.3,-7.2,,,,,,,,,,,,.1,,
143,대구,2004-02-14,5.7,2.1,2328,9.4,1152,1.17,,,,,.1,17.8,270,1706,10.5,290,1519,5.5,4752,290,-8.6,22,1423,36.8,3.4,1002.8,1017.5,2340,1003.2,546,1009.8,10.8,8.5,1200,2.39,13.89,,,,,,4.5,2.5,7,-1,,,,,,,,,,,,,{비}0320-0340. {비}0540-{비}{강도0}0600-0630. {박무}0620-0840. {황사}1020-{황사}{강도0}1200-1240. ,
143,대구,2004-02-15,5.6,.9,633,11.6,1446,,,,,,,15.7,320,11,8.3,290,15,3.8,3283,290,-12.1,11,1233,28.4,2.5,1014,1025.5,2350,1017.4,0,1021,10.9,10,1200,2.33,15.14,,,,,,0,0,6.6,-3.6,,,,,,,,,,,,,,
143,대구,2004-02-16,6.4,-1.5,731,13.3,1525,,,,,,,6.4,250,1450,4.1,270,1552,1.7,1469,70,-5.1,24,1508,44.8,4.2,1016.5,1028.4,820,1018.8,2347,1023.6,10.9,9.3,1200,2.24,14.3,,,,,,.8,0,8.7,-5.2,,,,,,,,,,,,,,
143,대구,2004-02-17,8.4,4.1,2348,13,1350,,,,,,,14,320,1115,8.1,290,1148,3.5,3024,290,-11.3,10,1749,28.1,3,1010.6,1020.6,2359,1015.6,1413,1017.6,10.9,9.9,1200,2.34,15.49,,,,,,1.6,1.6,9.2,-4.9,,,,,,,,,,,,,,
143,대구,2004-02-18,7.3,-.7,730,15.9,1605,,,,,,,5.9,250,1531,3.5,270,1256,1.5,1296,50,-12.9,9,1516,24.6,2.3,1013.4,1022.6,900,1017.8,1722,1020.4,11,9.8,1200,2.31,15.27,,,,,,0,0,9.1,-7.7,,,,,,,,,,,,,,
143,대구,2004-02-19,9.4,.3,719,19.9,1619,,,,,,,4.9,250,1138,3.7,250,1242,1.5,1296,20,-12.9,5,1554,24.4,2.4,1015.9,1026.1,2355,1020.6,1518,1022.9,11,9.5,1200,2.36,15.41,,,,,,.5,.3,11.2,-4.7,,,,,,,,,,,,,,
143,대구,2004-02-20,10.5,2.1,640,19.2,1544,,,,,,,7,110,1035,4.6,110,1044,1.6,1382,90,-2,23,34,42,5.5,1019.7,1029.7,901,1024.2,1719,1026.7,11.1,9.4,1200,2.14,13.84,,,,,,0,0,12.4,-1.7,,,,,,,,,,,,0,,
143,대구,2004-02-21,11.7,8.3,650,14.3,2257,14,,,,,6,4.2,110,1703,3,90,1836,1.2,1037,20,8.4,54,31,79.8,11.4,1011.2,1025,1,1009.6,2358,1018.1,11.1,0,1100,.48,3.14,,,,,,9.8,5.8,10.2,6,,,,,,,,,,,,19,{비}0840-{비}{강도0}0900-1120. {비}1240-{비}{강도0}1500-{비}{강도0}1800-{비}{강도0}2100-{비}{강도0}2400- {박무}0820-{박무}{강도0}0900-{박무}{강도0}1200-{박무}{강도0}1500-{박무}{강도0}1800-{박무}{강도0}2100-{박무}{강도0}2400-,
143,대구,2004-02-22,10.4,4.3,2337,16.3,622,15.5,,,,,21.5,12.3,290,1358,7.3,290,2329,3.4,2938,290,7.1,57,2310,79.1,11,997.7,1011.3,2358,999,1240,1004.5,11.1,0,700,.3,2.33,,,,,,9,5.8,9.9,2.7,,,,,,,,,,,,8.5,-{비}-{비}{강도0}0300-{비}{강도0}0600-{비}{강도0}0900-{비}{강도0}1200-{비}{강도0}1500-1530. -{박무}-{박무}{강도0}0300-{박무}{강도0}0600-0620.,
143,대구,2004-02-23,5.2,1.5,735,10.2,1635,,,,,,,13.1,270,557,6.9,290,557,3.3,2851,290,-7.2,23,1635,41.4,3.6,1013,1024,2254,1011.3,0,1020.1,11.2,10.3,1200,2.48,16.43,,,,,,2,2,6,-1.5,,,,,,,,,,,,,,
143,대구,2004-02-24,6.2,-.1,646,13.4,1538,,,,,,,6.7,270,1755,4.3,270,1441,2.1,1814,270,-6.9,14,1741,43.5,3.8,1012.7,1024,11,1015.8,1643,1019.8,11.2,6.3,1200,2.3,13.41,,,,,,4.4,.3,6.3,-3.1,,,,,,,,,,,,,,
143,대구,2004-02-25,8.5,1.1,639,16.2,1439,,,,,,,12.4,270,1658,7,320,2336,3,2592,250,-4.1,20,2344,42.9,4.7,1004.9,1017.8,107,1006.2,1627,1011.8,11.2,8.8,1200,2.25,14.71,,,,,,2.4,2.4,8.5,-2.8,,,,,,,,,,,,,,
143,대구,2004-02-26,3.7,1,2319,8.1,1412,,,,,,,13.5,290,1131,7.3,290,1155,4.3,3715,290,-9.7,19,43,39.1,3.1,1008.8,1018.8,2335,1011.6,0,1015.9,11.3,9.7,1300,2.38,16.49,,,,,,1,1,6.6,-3.3,,,,,,,,,,,,0,,
143,대구,2004-02-27,4.1,-.1,714,9.4,1501,.33,,,,,0,9.5,270,1101,5.5,290,1240,2.7,2333,270,-9.7,14,1353,42,3.2,1012.4,1021,954,1018.4,1649,1019.5,11.3,10.5,1200,2.58,17.68,,,,,,.9,.9,7.3,-4.3,,,,,,,,,,,,,{눈}0420-0440.,
143,대구,2004-02-28,6.7,-.6,622,12.7,1458,6.83,,,,,3.5,8,180,1610,3.1,50,1351,1.3,1123,50,-1.3,26,1146,59.6,6.3,1007.3,1019.6,3,1008.9,2354,1014.3,11.4,2.1,1100,1.86,8.11,,,,,,7.1,3.4,6.2,-5,,,,,,,,,,,,4,{비}1250-1310. {비}1730-{비}{강도0}1800-{비}{강도0}2100-{비}{강도0}2400- {박무}2020-{박무}{강도0}2100-{박무}{강도0}2400-,
143,대구,2004-02-29,9.6,6.8,2358,14.3,1456,1.33,,,,,.5,9.3,320,1545,5.9,290,1553,3.2,2765,290,-2.9,12,1550,47.1,5.5,1006.3,1016.3,2345,1008.4,56,1013.2,11.4,9.1,1200,2.56,17.27,,,,,,5.4,1.5,10.6,4.4,,,,,,,,,,,,,-{비}-0120. -{박무}-0220. {박무}0620-{박무}{강도0}0900-0940.,
143,대구,2004-03-01,6.6,3.5,720,12.2,1543,,,,,,,10.1,290,2230,6,290,2231,3.3,2851,290,-12.9,12,1528,24.1,2.3,1010.1,1019.5,847,1014.4,1633,1017.1,11.4,9.6,1200,2.59,17.28,,,,,,4.6,0,8.8,1.7,,,,,,,,,,,,,,
143,대구,2004-03-02,2.3,-.4,659,5.9,1505,,,,,,,14.8,320,1434,8.4,290,1329,5,4320,290,-19.5,10,1147,19.6,1.4,1012.7,1021.7,950,1018.3,1625,1019.8,11.4,10.6,1200,2.74,19.03,,,,,,.8,0,5.7,-3.9,,,,,,,,,,,,,,
143,대구,2004-03-03,-.8,-2.5,2355,3,1308,1.42,,,,,0,9.2,290,1506,6.1,290,1514,2.8,2419,290,-12.9,20,1046,43,2.4,1009.4,1020.4,53,1012.4,1421,1016.6,11.5,2,1200,1.59,9.7,,,,,,5.3,2.4,1.3,-5.4,,,,,,,,,,,,0,{눈}1515-1640.,
143,대구,2004-03-04,1.1,-3.5,511,6.4,1548,,,,,,,9.4,270,1203,6.1,270,1214,3,2592,290,-13.6,15,1443,36.1,2.2,1010.4,1019.2,916,1015.9,1747,1017.5,11.5,9.8,1200,2.68,18.12,,,,,,3.1,1.4,4.9,-6,,,,,,,,,,,,,,
143,대구,2004-03-05,3.3,.1,439,9.7,1347,5,,,,,1.5,13,180,1411,7.2,270,1719,2.7,2333,290,-3.1,34,1408,63.4,4.9,1006.1,1017.1,118,1006.1,1625,1013.2,11.6,1.6,1000,1.51,6.44,,,,,,8,4.6,3.1,-3.4,,,,,,,,,,,,1.5,{비}1330-{비}{강도0}1500-{비}{강도0}1800-1830.,
143,대구,2004-03-06,-1.2,-3.9,2334,2.3,1430,2.58,,,,,0,13.9,320,1330,7.9,290,1548,5,4320,290,-10.5,30,1212,51.1,2.8,1015.2,1027.5,2357,1016.6,0,1022.5,11.6,7.3,1300,2.45,16.28,,,,,,3.8,3.8,.6,-5.1,,,,,,,,,,,,0,{눈}0845-{눈}{강도0}0900-1120.,
143,대구,2004-03-07,-.7,-5.2,625,3.7,1525,,,,,,,11.7,290,1508,6.8,290,1045,4,3456,290,-13,21,1613,41.8,2.3,1023.3,1031.9,2210,1027.4,0,1030.6,11.6,10.8,1200,2.66,19.08,,,,,,.4,.4,2.2,-6.9,,,,,,,,,,,,,,
143,대구,2004-03-08,4.1,-2.8,647,9.9,1553,,,,,,,6.4,290,1737,3.9,290,1609,2,1728,270,-7.8,24,1457,43.4,3.4,1019.4,1031.7,150,1021.9,1903,1026.6,11.7,6.8,1100,2.15,13.93,,,,,,4.5,0,5.7,-8.2,,,,,,,,,,,,,,
143,대구,2004-03-09,7.8,-.1,637,16.2,1600,,,,,,,8.4,270,1611,5.3,270,1612,1.9,1642,290,-2.7,19,1324,49.1,5.1,1012.2,1023.3,123,1015.9,1656,1019.2,11.7,10.1,1200,2.5,17.23,,,,,,0,0,10.3,-4.2,,,,,,,,,,,,,{연무}1030-{연무}{강도0}1200-1240.,
143,대구,2004-03-10,14,5.9,416,20.1,1528,,,,,,,16.1,270,1248,6.9,250,1257,3.2,2765,250,6.1,39,1054,59.1,9.5,1004.2,1017,5,1006.9,1741,1010.9,11.8,6.8,1300,2.21,14.2,,,,,,5.5,3.3,13,.5,,,,,,,,,,,,,{박무}0210-{박무}{강도0}0300-{박무}{강도0}0600-0620.,
143,대구,2004-03-11,9.7,6.2,2358,15.9,0,,,,,,,12.7,290,314,6.7,290,311,4,3456,290,-14.6,9,1556,17.6,2.2,1011.4,1022,2331,1009.8,0,1018.3,11.8,2.5,1100,1.78,12.22,,,,,,5,1.5,12.2,3.3,,,,,,,,,,,,,{황사}0250-{황사}{강도0}0300-{황사}{강도0}0600-{황사}{강도0}0900-{황사}{강도0}1200-{황사}{강도0}1500-{황사}{강도0}1800-{황사}{강도0}2100-2220. {햇무리}1020-1115.,
143,대구,2004-03-12,9.7,5.2,650,15.8,1636,,,,,,,7.1,320,1552,4.4,270,1530,2.3,1987,270,-13.8,8,1527,18.8,2.2,1013.9,1023.2,748,1018,1700,1020.9,11.8,9.7,1200,2.64,18.77,,,,,,2.8,0,12,.5,,,,,,,,,,,,,,
143,대구,2004-03-13,10.4,3.8,706,17.2,1528,,,,,,,6.1,270,1433,3.1,290,1647,1.3,1123,270,-8.4,12,1329,27.8,3.3,1014.8,1024.6,950,1018.7,1725,1021.8,11.9,8,1400,2.09,14.7,,,,,,2,.3,12.4,-1.8,,,,,,,,,,,,,,
143,대구,2004-03-14,10.4,4.9,632,16.9,1522,,,,,,,7.1,290,1549,4.3,320,1554,1.8,1555,270,-3,14,1226,42.5,5.1,1013.6,1022.4,824,1017.3,1612,1020.5,11.9,9.1,1100,2.27,16.84,,,,,,1.5,1.5,14.1,-.1,,,,,,,,,,,,,{박무}0640-0750.,
143,대구,2004-03-15,10.6,3,646,18.6,1549,,,,,,,4.7,180,1930,3.1,70,853,1.6,1382,90,.4,21,1619,52.8,6.3,1013.2,1023.4,925,1017.1,1703,1020.1,11.9,9.5,1200,2.39,16.51,,,,,,.3,0,12.8,1.5,,,,,,,,,,,,,,
143,대구,2004-03-16,15,6.6,613,23.1,1435,,,,,,,10.8,250,1953,5,270,2115,2.1,1814,250,4.2,19,1237,51.1,8.6,1009.2,1018.8,100,1012.9,1603,1016,12,7.8,1200,2.31,16.07,,,,,,2.3,1,18.3,1.5,,,,,,,,,,,,0,,
143,대구,2004-03-17,11.4,3.8,2344,19,405,10.67,,,,,7,13.2,200,405,6.3,320,1831,4,3456,270,4.1,28,1827,61,9.2,1008.9,1021.7,2357,1011.1,430,1015.8,12,0,1300,.3,2.17,,,,,,8.1,5.1,11.6,1.7,,,,,,,,,,,,7,{비}0510-{비}{강도0}0600-{비}{강도0}0900-{비}{강도0}1200-{비}{강도0}1500-1530. {비}2030-2050.,
143,대구,2004-03-18,5,0,624,11,1630,,,,,,,8.2,290,257,4.9,270,1513,3.1,2678,290,-10.5,16,1508,33.6,2.8,1017.1,1026.8,855,1021.7,0,1024.2,12.1,10.3,1200,2.8,19.42,,,,,,.8,0,7.4,-1.9,,,,,,,,,,,,,,
143,대구,2004-03-19,6.9,.4,646,12.5,1354,,,,,,,6.6,320,4,4.1,290,150,2.2,1901,290,-10.5,13,1708,30.1,3,1016.2,1027.2,800,1019.7,1802,1023.3,12.1,8.6,1100,2.73,17.77,,,,,,3.4,1.8,8.4,-4.1,,,,,,,,,,,,,,
143,대구,2004-03-20,9.9,4.9,726,16,1528,,,,,,,8.1,90,1949,4.9,90,1954,2,1728,290,-6,12,1427,36.5,4.2,1014.1,1023,946,1018.6,1622,1021.1,12.1,10.1,1200,2.68,18.73,,,,,,3.1,0,12.9,3.1,,,,,,,,,,,,,,
143,대구,2004-03-21,10.3,5.3,709,16.9,1438,,,,,,,10.4,90,1646,6.6,90,1654,3,2592,90,-.2,18,1400,50.6,6.1,1013.7,1023.1,124,1017.8,1707,1020.6,12.2,5.8,1200,2.51,15.35,,,,,,8.8,4.1,11.9,4.5,,,,,,,,,,,,.5,{햇무리}1435-1530.,
143,대구,2004-03-22,9.1,5.4,413,14.9,1616,6,,,,,.5,9.8,160,44,5.8,140,55,2.6,2246,110,1.6,38,1541,60,6.9,1012.3,1020.4,915,1017.2,1652,1019.2,12.2,6,1400,2.61,15.65,,,,,,5.4,3.1,12.5,4.1,,,,,,,,,,,,0,{비}0110-{비}{강도0}0300-0540. {비}0740-{비}{강도0}0900-0910. {박무}0120-{박무}{강도0}0300-0540.,
143,대구,2004-03-23,10.7,4,546,18,1454,,,,,,,5.7,270,1905,3.5,270,2211,1.7,1469,20,-.9,15,1458,49.6,5.9,1011.3,1020.9,826,1014.8,1712,1018.2,12.3,6.5,1300,2.52,16.2,,,,,,4.8,1.6,14.2,.3,,,,,,,,,,,,,{햇무리}1040-1320.,
143,대구,2004-03-24,9.6,5.7,619,13.4,1434,,,,,,,9.2,320,1120,5.5,320,1121,2.5,2160,290,-2.1,25,1604,45.6,5.4,1011.2,1020.2,913,1016.2,1633,1018.1,12.3,4.3,1000,1.94,13.44,,,,,,3.6,2.1,11.3,2.6,,,,,,,,,,,,,,
143,대구,2004-03-25,8.4,4.9,530,13.9,1540,,,,,,,5.1,270,1722,2.9,270,1726,1.3,1123,50,-2.2,25,1705,48.8,5.2,1010.5,1019.1,10,1014.5,1653,1017.5,12.3,3.8,1400,1.92,8.54,,,,,,4.5,0,11.2,1.8,,,,,,,,,,,,,,
143,대구,2004-03-26,9.3,1.9,643,15.7,1712,,,,,,,9.6,340,1713,4.8,90,1821,2.4,2074,90,-3.2,22,1452,45,4.9,1014.4,1024.3,2353,1018.8,0,1021.4,12.4,11.1,1200,3.04,21.01,,,,,,.3,.3,13.8,-.1,,,,,,,,,,,,,,
143,대구,2004-03-27,11.4,3.4,638,19.4,1537,,,,,,,6.2,270,1941,4,270,1948,2,1728,270,-2.5,12,1502,42.1,5.2,1015.8,1026,732,1019.4,1802,1022.7,12.4,9.1,1100,2.57,17.86,,,,,,3.6,.8,14.1,1,,,,,,,,,,,,,,
143,대구,2004-03-28,14.7,5.2,625,23.3,1506,,,,,,,7.2,290,1517,4.2,290,1612,2,1728,270,-4.1,7,1501,32.5,4.7,1012.9,1022.4,713,1016.1,1648,1019.8,12.4,11.1,1200,2.93,21.5,,,,,,.3,.3,18.1,1.1,,,,,,,,,,,,,,
143,대구,2004-03-29,15.9,9.1,611,23.7,1553,2.67,,,,,1,9.3,270,1318,5.8,270,1325,2.3,1987,50,3,21,1257,44,7.8,1010.9,1022,841,1013.4,1616,1017.7,12.5,8.6,1200,2.8,19.18,,,,,,5.3,2.5,19.9,5.2,,,,,,,,,,,,,{비}2120-{비}{강도0}2400-,
143,대구,2004-03-30,14.2,6.9,2358,21.4,1346,4,,,,,2.5,12.1,320,1643,6.9,290,1657,3.4,2938,320,-.4,10,1751,47.4,7.9,1005.7,1018.5,2357,1008.3,1532,1012.5,12.5,9.3,1100,2.64,19.21,,,,,,4,2.3,16.9,5,,,,,,,,,,,,,-{비}-{비}{강도0}0300-0350. {비}0510-0520. {박무}0820-{박무}{강도0}0900-0940. {황사}1230-{황사}{강도0}1500-{황사}{강도0}1800-{황사}{강도0}2100-{황사}{강도0}2400-,
143,대구,2004-03-31,11,5.2,555,17.3,1550,,,,,,,16.3,290,1627,7.1,290,1214,3.8,3283,290,-11.3,13,1157,20.3,2.7,1012.9,1021.7,2122,1018.2,1458,1019.8,12.5,10,1200,2.94,21.21,,,,,,.6,0,14.3,1.9,,,,,,,,,,,,,-{황사}-{황사}{강도0}0300-0510.,
143,대구,2004-04-01,10.1,4.5,628,17.4,1313,7.08,1,2255,5,2127,19,8.7,160,1648,5.4,180,1700,2,1728,50,-1,13,1314,52.6,6.2,1007.9,1022,29,1005.4,2359,1014.9,12.6,3.7,1000,2.21,11.85,,,,,,5.9,2.6,12.9,.6,,,,,,,,,,,,,{비}1655-{비}{강도0}1800-{비}{강도0}2100-{비}{강도0}2400-,
143,대구,2004-04-02,10.6,6.7,632,15.4,1414,2.67,.5,-2355,1,-2330,1,15.5,290,544,8.8,270,556,4.7,4061,290,-2.6,21,1415,42.5,5.2,1005.2,1017.3,2351,1004.7,32,1012.1,12.6,10.7,1200,2.91,21.33,,,,,,3.9,3.4,11,4.8,,,,,,,,,,,,,-{비}-0240.,
143,대구,2004-04-03,8.4,4.8,607,12,1352,,,,,,,9.5,290,1216,5.8,290,1112,2.9,2506,290,-4.8,27,1139,39.3,4.3,1012.4,1021.6,2253,1017,120,1019.4,12.7,5.9,1200,2.64,16.6,,,,,,3.9,1.3,9.5,2.9,,,,,,,,,,,,,{햇무리}1240-1530.,
143,대구,2004-04-04,9.2,4.5,538,14.7,1557,,,,,,,9.3,290,1603,4.7,290,1634,2.6,2246,270,-5.6,18,1628,37,4.1,1013.2,1022.1,939,1017.9,1713,1020.1,12.7,10.9,1300,2.94,21.11,,,,,,.6,.6,12.8,1.8,,,,,,,,,,,,,,
143,대구,2004-04-05,12.1,3.6,529,19.4,1630,,,,,,,7.8,270,1126,4.8,270,1134,2.5,2160,270,-6.5,14,1143,28.6,3.8,1010.2,1020.2,5,1013.2,1714,1017,12.8,11.8,1200,3.08,23.16,,,,,,0,0,16.2,-1.2,,,,,,,,,,,,,,
143,대구,2004-04-06,12.9,6,609,19.2,1358,1.83,0,,0,,0,7.2,270,1400,4.6,270,1402,1.9,1642,290,-2.7,11,1433,36.3,5.1,1009.1,1017.9,745,1013.1,1441,1016,12.8,7,1100,2.78,16.44,,,,,,5.5,2.9,14.9,1.6,,,,,,,,,,,,.1,{비}1820-2010.,
143,대구,2004-04-07,11.8,8.3,728,16.5,1445,3,.1,,.1,,.1,10.4,320,1634,5.5,290,1916,2.6,2246,290,-.7,17,1955,46.9,6.4,1008.8,1018.7,2348,1013.3,1618,1015.7,12.8,1.6,1400,1.95,10.58,,,,,,7.9,3.9,14.3,6.3,,,,,,,,,,,,,{비}0410-{비}{강도0}0600-0710.,
143,대구,2004-04-08,12.7,5.7,604,19.4,1640,,,,,,,8.5,250,1616,4.8,290,1837,2.8,2419,290,-8.4,12,1426,23.1,3.3,1010.1,1019.6,734,1013.2,1709,1017,12.9,11.7,1200,3.1,23.19,,,,,,.3,0,17.6,1.1,,,,,,,,,,,,,,
143,대구,2004-04-09,16.4,7.7,628,25.5,1721,,,,,,,7,290,1716,4.3,320,1732,2.1,1814,290,-4,14,1708,26.3,4.6,1009.1,1018,724,1012.8,1611,1015.9,12.9,11.2,1200,2.88,20.93,,,,,,0,0,18.7,2.3,,,,,,,,,,,,,,
143,대구,2004-04-10,18.6,10,614,26,1407,,,,,,,8.9,250,1508,4.9,290,1441,2.1,1814,270,-2.1,10,1220,26.3,5.3,1008.1,1017.5,708,1011.4,1722,1014.7,12.9,9.1,1200,2.84,20.12,,,,,,4.5,1.1,21.9,3.9,,,,,,,,,,,,,{햇무리}0940-1220. {햇무리}1550-1620.,
143,대구,2004-04-11,18.4,14.3,649,23.3,1710,,,,,,,7.4,320,1338,4.3,270,1340,2.1,1814,270,-.5,17,1716,28.3,5.9,1006.3,1014.5,934,1010.7,1744,1012.9,13,4.1,1100,2.97,15.51,,,,,,5,1.8,19.3,9.2,,,,,,,,,,,,,,
143,대구,2004-04-12,16.5,10.8,628,25.4,1431,,,,,,,13.6,110,1956,8.3,90,2059,3.6,3110,110,2.9,18,1433,42.3,7.6,1007.1,1017.6,2341,1010.4,1500,1013.8,13,8.7,1200,2.83,19.77,,,,,,4,1.1,20.8,6,,,,,,,,,,,,,,
143,대구,2004-04-13,15.6,10,618,22.9,1528,,,,,,,9.1,90,1043,5.9,140,2016,3.6,3110,140,5.2,25,1549,51.8,8.8,1008.4,1018.2,643,1011.2,1727,1015.2,13,11,1200,2.86,21.55,,,,,,1.3,0,20.1,8.3,,,,,,,,,,,,,,
143,대구,2004-04-14,16.3,10.9,518,24.7,1519,,,,,,,8.4,140,1807,4.9,110,1807,2.8,2419,140,4.8,16,1633,49.6,8.7,1007.9,1017.1,838,1011.4,1631,1014.7,13.1,10.5,1200,2.86,21.57,,,,,,2.6,.9,22.3,9.9,,,,,,,,,,,,,,
143,대구,2004-04-15,16.9,8.7,532,23.5,1518,,,,,,,6.9,270,1230,3.8,270,1308,1.6,1382,270,-1.3,10,1256,35.5,5.9,1005.7,1016,18,1009.2,1703,1012.4,13.1,7.3,1100,2.62,17.79,,,,,,3.9,.4,19.1,4.3,,,,,,,,,,,,,{채운}0750-0840.,
143,대구,2004-04-16,19.6,10.3,602,28.1,1447,,,,,,,11,290,1752,6.6,290,1433,2.4,2074,290,-.6,13,1449,27.4,5.9,1003.5,1012.3,742,1006.9,1610,1010.1,13.2,11.1,1200,2.89,21.75,,,,,,.3,0,22.6,4.5,,,,,,,,,,,,,,
143,대구,2004-04-17,20.9,12.2,603,29.2,1538,,,,,,,6.2,270,1518,4,270,1715,1.7,1469,20,-.7,8,1432,28,6.1,1005.2,1014.3,2348,1009.1,1645,1011.8,13.2,10.7,1200,2.99,22.72,,,,,,1.4,0,25.4,8.2,,,,,,,,,,,,,,
143,대구,2004-04-18,17.9,12,543,25.7,1315,7.92,1.5,2354,5,2217,12,8.2,180,1448,4.9,180,1403,2,1728,50,4.5,14,1115,48.3,9.3,1005.5,1015.2,655,1008,2325,1012.1,13.2,5.2,1000,2.4,14.38,,,,,,7.3,2.4,21.5,6.5,,,,,,,,,,,,,{햇무리}0940-1315. {비}1605-{비}{강도0}1800-{비}{강도0}2100-{비}{강도1}2400-,
143,대구,2004-04-19,17.3,14.7,42,22.8,1325,8.08,1.5,-2357,4,-2330,2.5,10,90,134,6.5,90,139,2.5,2160,270,13.2,56,1714,76.8,15.3,995.3,1008.2,0,999.1,1519,1002,13.2,.6,1300,1.7,7.5,,,,,,8.9,5.1,17.3,13.9,,,,,,,,,,,,0,-{비}-0245. {소나기}0410-{비}0510-{비}{강도0}0600-0820. {비}1020-1050. {비}1430-{비}{강도0}1500-1510. {뇌전}{강도0}(SW 3~4)0415-0505. {박무}0840-{박무}{강도0}0900-{박무}{강도0}1200-1340.,
143,대구,2004-04-20,20.3,13.2,540,27.4,1454,,,,,,,9.5,290,1523,5.4,320,1406,2.8,2419,270,4.8,16,1455,41.5,8.9,1004,1012.5,2253,1006,1,1010.6,13.3,11.2,1200,2.96,22.57,,,,,,1,.6,19.3,11.2,,,,,,,,,,,,,,
143,대구,2004-04-21,22.1,12.9,525,30.4,1530,,,,,,,7.5,270,1951,4.9,290,1420,1.9,1642,270,8.1,22,1048,42.8,11.1,1002,1012.3,1,1004.3,1813,1008.5,13.3,10.8,1200,2.91,21.8,,,,,,.4,0,22.3,7.9,,,,,,,,,,,,,,
143,대구,2004-04-22,19.9,13.4,2028,30.2,1317,2.58,2,1816,3,1755,3,10.2,110,1912,6.6,140,1914,2.2,1901,110,9.4,13,1154,57.5,12.2,997.5,1007,2110,999.4,1618,1004.1,13.4,9.2,1100,2.77,19.24,,,,,,5.1,3.1,22.6,10.6,,,,,,,,,,,,3,{뇌전}{강도0}(NW 6~7)1747-{뇌전}{강도0}(NW{이동}W 5~6)1755-{뇌전}{강도0}(W 4~5)1800-{뇌전}{강도0}(W{이동}SW 4~5)1810-1825. {소나기}1755-{소나기}{강도0}1800-2030.,
143,대구,2004-04-23,14.5,10.7,2339,19.6,1445,,,,,,,10.7,290,331,6.2,90,2010,3.9,3370,270,-4.3,11,1423,30.3,4.8,1005,1016.5,2336,1006.4,1,1011.8,13.4,9.3,1200,3.18,23.27,,,,,,3.9,.8,17.5,8.1,,,,,,,,,,,,,{황사}0640-{황사}{강도0}0900-{황사}{강도0}1200-{황사}{강도0}1500-{황사}{강도0}1800-2040. {햇무리}1335-1720.,
143,대구,2004-04-24,13.2,6.1,534,19.2,1519,,,,,,,9.2,270,1729,5.5,290,1738,2.8,2419,290,-4.4,11,1521,34.5,4.7,1011,1020,2341,1015.8,1604,1017.8,13.4,11.1,1200,3.17,24.25,,,,,,1.1,.8,17.6,3.2,,,,,,,,,,,,,,
143,대구,2004-04-25,16.6,9.1,613,23.2,1645,,,,,,,7.7,270,1435,4.9,270,1122,2.8,2419,270,-8.1,9,1645,19.3,3.4,1011.3,1020.7,725,1015.1,1626,1018.1,13.5,12,1100,3.14,25.46,,,,,,2.6,0,19.4,2.8,,,,,,,,,,,,,,
143,대구,2004-04-26,13.1,11.2,2251,16.9,1217,11.67,1.5,2001,4.5,1911,26,10.3,90,1640,6.1,90,1643,2.6,2246,110,4.4,18,10,60.6,9,1000.7,1017.1,3,995.4,2342,1007.5,13.5,.4,900,1,4.45,,,,,,9.1,4.4,13.9,7.5,,,,,,,,,,,,32.5,{비}1220-{비}{강도0}1500-{비}{강도0}1800-{비}{강도1}2100-{비}{강도0}2400-,
143,대구,2004-04-27,9.9,7.1,2343,12.1,1345,19.83,1.5,910,3.5,832,12,7.8,320,1812,4.2,320,1533,2.1,1814,270,7.4,63,1439,83.1,10.4,995.9,1013,2355,994,310,1002.7,13.5,0,1300,.64,4.13,,,,,,8.5,5.3,12,3.7,,,,,,,,,,,,,-{비}-{비}{강도0}0300-{비}{강도0}0600-{비}{강도0}0900-{비}{강도0}1200-{비}{강도0}1500-{비}{강도0}1800-1950.,
143,대구,2004-04-28,13.6,5.8,540,21.2,1543,,,,,,,8.2,270,1556,4.9,290,1334,2.7,2333,290,2,22,1647,49.5,7.1,1009.6,1018.6,1007,1013,0,1016.4,13.6,12.2,1200,3.22,25.56,,,,,,.8,0,14.8,2.6,,,,,,,,,,,,,,
143,대구,2004-04-29,18,8.9,515,26.1,1702,,,,,,,7.2,290,1407,4.5,290,1112,2.2,1901,270,4,20,1640,43.5,8.2,1008.1,1017.8,713,1010.9,1633,1014.8,13.6,11.9,1200,3.14,24.66,,,,,,1.5,0,19.2,5,,,,,,,,,,,,,,
143,대구,2004-04-30,17.3,14.1,2311,23.6,1447,,,,,,,9.3,140,2207,5.9,140,1800,2.5,2160,140,6.7,27,1351,50.5,9.8,1010,1019.8,2333,1014.6,1630,1016.7,13.6,3.1,1300,2.25,14.59,,,,,,8.4,2.9,18.2,12,,,,,,,,,,,,,,
143,대구,2004-05-01,15.6,12.7,536,21.1,1413,,,,,,,11.2,90,1003,7.4,90,1005,5,4320,110,7.1,40,1331,56.9,10.1,1014.9,1023.4,944,1019.7,0,1021.7,13.7,11.5,1200,3.11,25,,,,,,4.9,2.3,19.8,12.1,,,,,,,,,,,,,,
143,대구,2004-05-02,15.6,12.8,522,21.1,1136,8.42,1,1609,2.5,1549,5,11.7,90,455,5.7,110,440,2.7,2333,110,10.8,44,1122,73.9,13.1,1010.9,1022.7,0,1013.7,2355,1017.7,13.7,1.8,1100,2.71,10.84,,,,,,8.6,4.3,17.5,11.5,,,,,,,,,,,,5.2,{비}1355-{비}{강도0}1500-{비}{강도0}1800-2050. {비}2230-{비}{강도0}2400-,
143,대구,2004-05-03,18.6,15.2,3,21.5,1349,16.42,1.1,1815,2,1758,5.5,7.5,270,2058,4.9,290,2103,1,864,90,17.1,82,1221,90.4,19.7,998.8,1013.7,0,1000.2,1850,1005.4,13.7,0,1000,1.07,4.91,,,,,,10,5,18.9,14.9,,,,,,,,,,,,10.3,-{비}-{이슬비}0150-{이슬비}{강도0}0300-0450. {박무}0140-{박무}{강도0}0300-{박무}{강도1}0600-{박무}{강도0}0900-{박무}{강도0}1200-{박무}{강도0}1500-1520. {비}0820-{비}{강도0}0900-0910. {비}1250-{비}{강도0}1500-{비}{강도0}1800-2025. {비}2050-{비}{강도0}2100-{비}{강도0}2400-,
143,대구,2004-05-04,16,12,718,20.9,1643,4.83,1.5,22,3,22,5,8.9,320,1809,5.1,290,700,3.4,2938,290,5.4,22,1813,52.6,9.3,1000.8,1010.3,2256,1002.1,8,1007.5,13.8,8.9,1200,3.29,24.1,,,,,,5.1,2.9,18.3,10.9,,,,,,,,,,,,,-{비}-{비}{강도0}0300-0450. {황사}1650-{황사}{강도0}1800-2030.,
143,대구,2004-05-05,17.7,9.3,527,24.5,1635,,,,,,,6.9,290,1603,4,270,1706,1.9,1642,290,2.3,17,1404,39.1,7.4,1003.6,1011.7,2316,1008,1632,1010.3,13.8,12.2,1200,3.18,24.5,,,,,,1.6,0,20.1,5.3,,,,,,,,,,,,,,
143,대구,2004-05-06,20,12,557,28.3,1619,,,,,,,12.2,320,1734,6.5,290,1741,2.6,2246,290,4.9,14,1707,40,8.9,1006.6,1017.3,2355,1010.9,1543,1013.2,13.8,11.7,1200,2.92,23.02,,,,,,.3,.3,22.1,7.9,,,,,,,,,,,,,,
143,대구,2004-05-07,19.9,11.3,524,26.9,1525,,,,,,,6.8,290,1057,3.6,270,1420,1.5,1296,20,2.1,11,1253,35,7.4,1010.5,1019.8,724,1014.5,1801,1017.2,13.8,9.8,1100,3.04,23.47,,,,,,3.4,.8,22.7,6.5,,,,,,,,,,,,,,
143,대구,2004-05-08,18.8,13.2,554,24.2,1337,3.17,1,2310,4,2300,4.5,7.5,200,2039,4.1,180,2047,1.7,1469,90,8,29,1650,52.8,10.8,1006.1,1016.6,6,1010,1753,1012.8,13.9,1.3,900,1.64,11.57,,,,,,8.6,3.5,20.8,10.7,,,,,,,,,,,,29.5,{햇무리}0920-1015. {비}2050-{비}{강도0}2100-{비}{강도0}2400-,
143,대구,2004-05-09,15.4,13.4,327,17.5,1418,17.08,3.5,2133,7,1950,41.5,9.1,110,1103,5,140,938,2.6,2246,140,13.9,80,1423,89.8,16,999.2,1010.6,0,1003.3,2354,1005.9,13.9,0,1300,.72,5.15,,,,,,10,5.8,16.3,12.9,,,,,,,,,,,,17.5,-{비}-{비}{강도1}0300-{비}{강도0}0600-{비}{강도0}0900-1135. {비}1430-{비}{강도0}1500-1620. {비}1830-1840. {비}1950-{비}{강도1}2100-2320.,
143,대구,2004-05-10,18.9,15.5,613,23.9,1543,8.25,.8,550,.8,500,1,6.4,290,2007,4,320,1923,2.3,1987,290,14.9,56,1545,77.5,17,998.2,1008.7,2304,1001.9,315,1004.8,13.9,2.5,1300,1.89,12.94,,,,,,7.1,5.3,19.2,14.8,,,,,,,,,,,,0,{비}0050-{비}{강도0}0300-{비}{강도0}0600-0710. {비}0815-{비}{강도0}0900-0930. {비}1010-1050. {박무}1040-{박무}{강도0}1200-1250.,
143,대구,2004-05-11,21.6,16.5,515,27.7,1534,,,,,,,7.3,290,154,4.5,290,154,2.7,2333,270,12.7,37,1631,58.3,14.7,1003.8,1013,1012,1008.7,0,1010.4,14,10.8,1200,3.03,23.13,,,,,,3.9,.1,22.2,13.5,,,,,,,,,,,,,{박무}1230-{박무}{강도0}1500-1550.,
143,대구,2004-05-12,18.6,16.7,659,21,1200,10.17,.5,1436,1,1402,4,6.7,270,1205,4.1,90,2021,2,1728,110,15.2,63,1118,80.1,17.4,999.4,1010.8,0,1000.5,2358,1006,14,0,900,.73,5.63,,,,,,9.8,5.1,18.7,14.8,,,,,,,,,,,,4.3,{박무}0210-{박무}{강도0}0300-{박무}{강도0}0600-{박무}{강도0}0900-{박무}{강도0}1200-{박무}{강도0}1500-{박무}{강도0}1800-{박무}{강도0}2100-{박무}{강도0}2400- {비}1350-{비}{강도0}1500-{비}{강도0}1800-{비}{강도0}2100-{비}{강도0}2400-,
143,대구,2004-05-13,20.3,16.2,2343,24.9,1239,3.33,.2,128,.3,116,.3,8.6,290,1338,5.1,290,1737,2.6,2246,290,12.8,39,1530,64.1,15.2,998.5,1012.5,2400,999.6,308,1005.1,14,6.8,1200,3.03,20.39,,,,,,6.4,2.6,21.7,12.2,,,,,,,,,,,,,-{비}-{비}{강도0}0300-0320. -{박무}-{박무}{강도0}0300-{박무}{강도0}0600-0730.,
143,대구,2004-05-14,20,12.9,530,26.6,1452,,,,,,,8.3,90,1648,5.5,90,1651,2.6,2246,90,8.2,26,1449,49.4,11,1009.4,1017.6,2210,1012.5,0,1016.1,14,11.1,1200,3.26,25.24,,,,,,2.9,0,22.4,10.1,,,,,,,,,,,,.1,{박무}0525-{박무}{강도0}0600-{박무}{강도0}0900-1045.,
143,대구,2004-05-15,14.9,13.7,1835,18,13,9.42,1,922,2.5,918,7.5,5.9,160,23,3.8,140,16,1.6,1382,50,11.1,43,22,78,13.4,1005.8,1017.3,101,1009.8,2348,1012.6,14.1,0,1300,.8,3.54,,,,,,9.6,5.1,16.6,13.7,,,,,,,,,,,,7.4,{비}0850-{비}{강도0}0900-{비}{강도0}1200-1320. {비}1540-{비}{강도0}1800-2035. {박무}0930-{박무}{강도0}1200-{박무}{강도0}1500-{박무}{강도0}1800-{박무}{강도0}2100-{박무}{강도0}2400-,
143,대구,2004-05-16,17.2,14,202,20.7,1557,,,,,,,5,270,730,3.3,290,855,1.6,1382,290,11.9,51,1800,71.3,14,1001.3,1010,0,1005.8,1822,1008,14.1,.5,1500,1.44,12.43,,,,,,9.1,4.5,18.2,13.1,,,,,,,,,,,,,-{박무}-{박무}{강도0}0300-{박무}{강도0}0600-{박무}{강도0}0900-1030.,
143,대구,2004-05-17,18.6,15.5,512,22.9,1517,,,,,,,11.2,250,1142,7,270,1148,3.1,2678,290,9,32,1739,55.8,11.7,1000.8,1012,2358,1005,219,1007.4,14.1,8.9,1000,2.5,20.73,,,,,,4.3,2.1,19.2,11.3,,,,,,,,,,,,,,
143,대구,2004-05-18,20.2,11.1,535,27.4,1422,,,,,,,9.4,270,1539,4.5,250,1541,1.9,1642,200,8,25,1503,48.4,10.7,1002.2,1012.8,714,1005.1,1722,1008.8,14.1,12.2,1200,3.11,24.98,,,,,,3,1.1,23,8.9,,,,,,,,,,,,,{박무}0420-{박무}{강도0}0600-0640.,
143,대구,2004-05-19,19.9,17,2356,23.5,1407,,,,,,,7.5,160,1514,4.3,160,1447,2,1728,270,7.9,31,1305,45.8,10.8,997.8,1006.7,0,1002.5,1644,1004.3,14.2,3.2,1300,1.8,12.84,,,,,,6.6,1.8,20,13.3,,,,,,,,,,,,,{햇무리}1420-1540.,
143,대구,2004-05-20,20.4,14.1,525,27.1,1518,.33,0,,0,,0,6.1,110,1447,3.5,160,1606,1.5,1296,20,12.8,40,1519,62.4,14.9,994.1,1004,1,997.2,1759,1000.6,14.2,7.5,1200,2.76,19.11,,,,,,5,3.1,22.8,10.6,,,,,,,,,,,,1,{햇무리}0845-1020. {소나기}2020-2040.,
143,대구,2004-05-21,19.5,16.7,730,24.1,1535,2.5,.5,626,.8,547,1,12.4,290,1417,6.5,320,1435,3.1,2678,290,9.2,25,1648,55.1,12.3,992.9,1003.3,2339,997.5,1351,999.4,14.2,6.1,1400,2.51,16.68,,,,,,4.9,3.8,20.8,12.6,,,,,,,,,,,,,{비}0335-0425. {비}0540-{비}{강도0}0600-0720. {박무}0410-{박무}{강도0}0600-{박무}{강도0}0900-1020.,
143,대구,2004-05-22,19.6,11.4,538,26.4,1425,,,,,,,8.9,250,1359,5.2,290,1441,2.3,1987,290,2,13,1409,34.5,7.2,998.7,1008,2350,1003.2,0,1005.3,14.3,12.7,1200,3.29,26.79,,,,,,1.4,1.4,22.7,6.9,,,,,,,,,,,,,,
143,대구,2004-05-23,19.3,13,425,24.8,1524,,,,,,,7.4,290,1113,4.6,290,1132,1.9,1642,290,5.6,24,1328,41.4,9.1,1002.2,1010.5,2345,1006.9,1550,1008.8,14.3,7.8,1100,3.17,20.61,,,,,,3.1,2.3,21.5,8.9,,,,,,,,,,,,,,
143,대구,2004-05-24,20.7,15,531,26.9,1540,,,,,,,9.9,320,1504,5.4,290,1508,2.6,2246,290,8.3,25,1514,47.1,11,1004.9,1013.2,2325,1009.8,1555,1011.6,14.3,11.2,1100,3.08,24.6,,,,,,1.1,1.1,24.2,11.2,,,,,,,,,,,,,,
143,대구,2004-05-25,22.3,13.9,529,29.1,1620,,,,,,,7,270,1134,3.8,270,1217,1.8,1555,50,6.8,17,1430,41.4,10.1,1006.3,1014.9,735,1010,1744,1012.9,14.3,12.3,1200,3.12,25.81,,,,,,1.5,0,26.1,9.9,,,,,,,,,,,,,,
143,대구,2004-05-26,20.4,17.6,547,25.4,1610,,,,,,,7.1,270,1736,4.7,270,1739,1.6,1382,290,10.8,35,1444,54,13,1008.7,1018.2,2331,1012.8,241,1015.3,14.3,2,1300,1.67,11.16,,,,,,7.8,5.9,21.9,13.2,,,,,,,,,,,,,,
143,대구,2004-05-27,22.4,16.3,553,27.4,1339,,,,,,,7,270,1309,3.7,90,656,1.9,1642,90,13.6,41,1228,57.8,15.6,1010.2,1019.6,740,1014.5,2353,1016.8,14.3,5.2,1100,2.68,17.71,,,,,,6.9,3.4,26.8,14,,,,,,,,,,,,,{햇무리}0945-1140.,
143,대구,2004-05-28,23,21.8,516,24.6,1330,6,.5,2148,1.9,2151,2.5,6.6,180,1322,3.8,180,1234,1.8,1555,180,17.8,55,352,72.6,20.7,1002.3,1014.6,0,1005.9,1732,1008.8,14.4,0,800,.52,4.24,,,,,,10,5.8,23.4,18.3,,,,,,,,,,,,4.5,{비}1150-{비}{강도0}1200-1220. {비}1440-{비}{강도0}1500-1530. {비}1620-{비}{강도0}1800-1840. {비}2140-{비}{강도0}2400-,
143,대구,2004-05-29,25.9,21.8,35,32,1450,1.33,1,3,2.5,-2330,2,8.7,320,1451,4.1,290,1056,2.2,1901,320,16.5,27,1505,59.4,19.2,1001.2,1009.8,2353,1005.4,253,1007.7,14.4,8.6,1200,3.25,23.71,,,,,,5.1,1.8,27.8,17.8,,,,,,,,,,,,0,-{비}-0120.,
143,대구,2004-05-30,21.3,19.1,456,23.2,1447,9.42,1.5,1123,2,1042,2.5,4.4,90,1443,2.9,140,1101,1.4,1210,50,17.5,59,0,78.8,20.2,1001.6,1009.8,0,1006.3,1723,1008.1,14.4,.7,1400,1.22,6.53,,,,,,8.6,5.1,22.8,16,,,,,,,,,,,,3,{박무}0840-{박무}{강도0}0900-{박무}{강도0}1200-{박무}{강도0}1500-{박무}{강도0}1800-{박무}{강도0}2100-{박무}{강도0}2400- {비}0850-{비}{강도0}0900-{비}{강도0}1200-1410. {비}1750-{비}{강도0}1800-1820. {비}1930-{비}{강도0}2100-2305.,
143,대구,2004-05-31,19.9,15.3,2359,23,1544,4.67,.2,414,.5,320,.5,8.1,90,1411,5.2,90,1348,2.6,2246,290,12.6,39,1632,64.1,14.9,1006.4,1017.6,2319,1007.7,40,1013,14.4,4,1000,1.78,14.52,,,,,,6.8,3.6,20.4,12.4,,,,,,,,,,,,,-{박무}-{박무}{강도0}0300-{박무}{강도0}0600-{박무}{강도0}0900-{박무}{강도0}1200-1240. {비}0230-{비}{강도0}0300-{비}{강도0}0600-0710.,
143,대구,2004-06-01,21.8,13.2,421,29.8,1559,,,,,,,6.9,50,1700,4,360,1705,1.9,1642,50,7.5,15,1423,46,10.7,1012.1,1020.4,2305,1016.3,1658,1018.7,14.4,11.8,1200,3.25,26,,,,,,3.5,0,24.5,9.8,,,,,,,,,,,,,,
143,대구,2004-06-02,22.7,16.3,533,29.4,1553,,,,,,,6.3,90,1824,4.3,90,1831,2.3,1987,90,6.8,20,1329,38.9,10.1,1011.6,1020.3,0,1016,1656,1018.2,14.5,8.4,1200,3,21.06,,,,,,3.5,.3,25.8,14.1,,,,,,,,,,,,,,
143,대구,2004-06-03,24,14.2,452,32.4,1508,,,,,,,8.4,110,1523,5.2,90,1626,2.5,2160,90,4.2,11,1151,31.8,8.5,1011.4,1019.8,721,1015.5,1645,1017.9,14.5,12.9,1200,3.22,27.13,,,,,,0,0,28.6,11,,,,,,,,,,,,,,
143,대구,2004-06-04,25.5,16.4,541,34.1,1619,,,,,,,7.2,90,1858,4.5,110,1904,1.7,1469,90,8.2,11,1752,36.6,11.1,1008.9,1018.9,148,1011.8,1656,1015.4,14.5,11.5,1100,2.78,22.6,,,,,,2.4,0,29.7,11.8,,,,,,,,,,,,,{햇무리}0940-1030. {햇무리}1220-1340.,
143,대구,2004-06-05,24.3,17.3,508,32.8,1505,,,,,,,12.1,90,1615,6.9,110,1623,3.2,2765,90,7.6,14,1130,37.5,10.6,1006.5,1014.6,557,1010.5,1503,1013,14.5,10.8,1200,3.25,25.55,,,,,,4.8,1.6,30.5,13,,,,,,,,,,,,,,
143,대구,2004-06-06,23.3,18.7,552,30.1,1413,.07,0,,0,,0,10.2,90,2204,6.1,110,1945,3.5,3024,140,8.8,22,1657,41,11.4,1004.2,1013.7,19,1007.9,1708,1010.8,14.5,7.3,1300,3.28,22.47,,,,,,7.4,2.9,29.7,17.6,,,,,,,,,,,,0,{비}2157-2201.,
143,대구,2004-06-07,18.7,16.5,2324,21.5,941,8.33,.5,1107,2,1520,3.5,6.6,160,1818,4.5,110,1910,2.3,1987,110,11.6,42,3,63.9,13.8,1002.9,1011.6,2200,1008.2,556,1009.5,14.5,0,1200,1.24,6.79,,,,,,9.9,4.3,20.8,15.7,,,,,,,,,,,,3.5,{비}0945-{비}{강도0}1200-1240. {비}1350-{비}{강도0}1500-1720. {비}1820-2015.,
143,대구,2004-06-08,18.6,16.2,453,22.9,1428,1.92,.2,1724,.4,1654,.5,6.7,270,1658,4.2,270,1658,1.6,1382,50,13.8,48,1444,73.9,15.8,1004.4,1012.4,902,1009.8,1502,1011.1,14.5,.3,1300,1.75,10.02,,,,,,9.4,4.4,20.6,15.6,,,,,,,,,,,,.5,{박무}0410-{박무}{강도0}0600-0620. {비}1230-1255. {비}1650-{비}{강도0}1800-1810. {비}2230-2240.,
143,대구,2004-06-09,22.1,16.2,521,27.8,1640,,,,,,,7,290,1258,4.1,290,1357,2.1,1814,290,13.6,38,1551,60.3,15.6,1004.6,1012.5,2350,1009.2,1646,1011.2,14.5,10.3,1300,2.7,22.58,,,,,,3.6,3.6,26.5,14.5,,,,,,,,,,,,,{박무}0420-{박무}{강도0}0600-0830.,
143,대구,2004-06-10,23.3,18.8,441,31.2,1455,,,,,,,12.9,90,1819,7.7,90,1825,3.4,2938,270,11.7,30,1450,49.5,14,1008,1017,2307,1012.1,124,1014.5,14.5,10.6,1200,2.92,23.95,,,,,,1.3,1,28.8,14.6,,,,,,,,,,,,,{박무}0320-{박무}{강도0}0600-{박무}{강도0}0900-0920.,
143,대구,2004-06-11,23.4,15.7,549,30.8,1429,,,,,,,6.7,90,1635,4.2,140,1547,2.6,2246,110,9.3,23,1430,43.4,11.8,1007.3,1017.4,600,1010.5,1729,1013.9,14.6,11.5,1100,3.15,24.68,,,,,,3.4,.8,28.8,13.6,,,,,,,,,,,,,,
143,대구,2004-06-12,22.7,17.3,2400,29.3,1313,,,,,,,12.7,90,1241,6.8,110,1509,3.6,3110,110,10.1,26,1308,46.6,12.8,1008.1,1018.9,2228,1011.7,240,1014.6,14.6,7.5,1100,3,20.95,,,,,,2.6,1.4,27.1,13.6,,,,,,,,,,,,,{박무}0830-{박무}{강도0}0900-1040.,
143,대구,2004-06-13,23.1,12.8,509,31.4,1641,,,,,,,7.1,290,1533,4.3,270,1610,1.8,1555,50,4.6,13,1633,35,8.7,1009.7,1019.1,756,1012.8,1724,1016.2,14.6,13,1200,3.28,28.03,,,,,,0,0,30.1,9.8,,,,,,,,,,,,,,
143,대구,2004-06-14,25.6,17.1,550,32.4,1502,,,,,,,8,250,1232,4.8,270,1227,2.1,1814,50,7.9,15,1524,35,10.7,1007.6,1016.2,542,1011.3,1724,1014.1,14.6,12.1,1100,3.05,25.93,,,,,,1.6,0,32.5,13.5,,,,,,,,,,,,,,
143,대구,2004-06-15,25.6,19,603,33.4,1417,,,,,,,7.5,140,1844,5.1,90,1800,2.1,1814,140,10.4,14,1537,40.3,12.6,1008.1,1016.4,2338,1012.4,1714,1014.6,14.6,9.4,1300,2.82,21.42,,,,,,3.8,0,31.5,16.6,,,,,,,,,,,,,,
143,대구,2004-06-16,23.7,18.4,511,30,1348,,,,,,,8,90,1252,5.1,110,1156,3.6,3110,110,13.4,30,1246,53.6,15.5,1008.5,1016.8,818,1013.1,1733,1015.1,14.6,6.6,1200,2.89,19.2,,,,,,6.5,2.8,28.3,16.6,,,,,,,,,,,,2,,
143,대구,2004-06-17,19,17.8,1650,20.9,1,16.25,3,1620,11,1616,40,7.6,110,1806,4.4,90,1835,2,1728,140,16.6,64,0,85.4,19,1006.9,1015.5,0,1011.3,2014,1013.5,14.6,0,1100,.68,4.07,,,,,,10,5.8,20.6,17.1,,,,,,,,,,,,38,{비}0255-{비}{강도0}0300-{비}{강도0}0600-{비}{강도0}0900-{비}{강도0}1200-{비}{강도0}1500-{비}{강도1}1800-1910.,
143,대구,2004-06-18,22.6,17.6,351,27.7,1319,3.17,.5,2152,1,2128,1,5.5,270,1450,3.7,270,1504,1.2,1037,270,17.7,51,1455,74.8,20.4,1003.4,1012.4,2,1007.5,1820,1009.9,14.6,1.5,1200,2.54,13.84,,,,,,9.6,6,23.1,16.2,,,,,,,,,,,,31.5,{박무}0210-{박무}{강도0}0300-{박무}{강도0}0600-{박무}{강도0}0900-{박무}{강도0}1200-1415. {비}2050-{비}{강도0}2100-{비}{강도0}2400-,
143,대구,2004-06-19,19.6,17.9,413,21.2,0,24,5,751,12,752,90.5,8,90,1528,4.3,110,1534,2.2,1901,110,18.5,86,0,92.5,21.5,1000,1010.1,847,1002.1,2357,1006.6,14.6,0,1100,.55,3.06,,,,,,10,6.5,19.7,17.6,,,,,,,,,,,,83.5,-{비}-{비}{강도1}0300-{비}{강도1}0600-{비}{강도1}0900-{비}{강도0}1200-{비}{강도1}1500-{비}{강도1}1800-{비}{강도1}2100-{비}{강도0}2400-,
143,대구,2004-06-20,23.1,20,138,28.3,1508,12.25,3,-2357,9.5,1,24.5,10.9,110,2329,6.7,90,2316,1.9,1642,90,21,72,1412,87.6,25.1,994.1,1002.2,25,998.6,1552,1000.6,14.6,.8,1300,1.92,8.43,,,,,,9,6.3,23.7,19.7,,,,,,,,,,,,46.5,-{비}-{비}{강도0}0300-{소나기}0415-{비}0505-{비}{강도0}0600-{비}{강도0}0900-{비}{강도0}1200-1205. {비}1535-1545. {천둥}{강도0}(SW)0420-{뇌전}{강도0}(S 5~7)0435-{뇌전}{강도1}(SE 3~4)0440-0450.,
143,대구,2004-06-21,21.8,18.7,648,25.5,1616,12.33,4.5,748,13.5,655,47,14.3,110,49,8.3,90,57,2.2,1901,140,18.2,59,1610,80.5,21.1,991.9,1000.3,0,996.9,1215,998.4,14.6,.4,1300,1.77,9.37,,,,,,8.6,6.6,22.7,18.4,,,,,,,,,,,,1.5,{비}0010-{비}{강도0}0300-{비}{강도1}0600-{비}{강도1}0900-{비}{강도0}1200-1230.,
143,대구,2004-06-22,24.9,19.8,416,30.3,1529,,,,,,,6.4,290,1138,3.9,290,2258,2,1728,270,18.3,46,1239,68,21.2,995.6,1004,816,999.8,1622,1002.1,14.6,9.2,1100,2.96,22.64,,,,,,4.9,2.9,25.9,17.3,,,,,,,,,,,,,{박무}0520-{박무}{강도0}0600-0725. {박무}2040-{박무}{강도0}2100-{박무}{강도0}2400-,
143,대구,2004-06-23,26.9,21.5,504,32.2,1633,,,,,,,6.5,290,1527,4.3,290,1250,1.6,1382,270,19.1,42,1637,63.6,22.4,997.1,1005.6,2338,1002.1,1703,1003.5,14.6,8.2,1100,2.78,21.62,,,,,,6.4,3.6,27.6,19.1,,,,,,,,,,,,,-{박무}-{박무}{강도0}0300-{박무}{강도1}0600-{박무}{강도0}0900-{박무}{강도0}1200-{박무}{강도0}1500-1620. {박무}2040-{박무}{강도0}2100-{박무}{강도0}2400-,
143,대구,2004-06-24,24,20.4,2359,27.2,954,11.17,.3,2301,.5,2227,1,7.1,90,2027,4.3,90,2331,2.3,1987,90,18.2,57,957,69.6,21.1,997.2,1005.6,2,1001.4,2353,1003.6,14.6,.1,1300,1.41,10.07,,,,,,10,5.3,24.6,18.6,,,,,,,,,,,,2,-{박무}-{박무}{강도0}0300-{박무}{강도0}0600-{박무}{강도0}0900-1120. {비}1150-{비}{강도0}1200-1350. {비}1450-{비}{강도0}1500-{비}{강도0}1800-{비}{강도0}2100-{비}{강도0}2400-,
143,대구,2004-06-25,21.5,19.9,43,23.4,1400,2.75,.5,15,1.5,-2339,1,8.3,110,1418,4.7,90,1337,2.7,2333,140,18,70,1402,79.6,20.8,996.3,1005.3,2212,999.9,116,1002.8,14.6,0,1600,.8,6.09,,,,,,10,5.4,21.4,18.8,,,,,,,,,,,,0,-{비}-0130. {비}0240-{비}{강도0}0300-0315. {박무}0120-{박무}{강도0}0300-0330. {비}1450-{비}{강도0}1500-1530. {박무}1320-{박무}{강도0}1500-{박무}{강도0}1800-{박무}{강도0}2100-{박무}{강도0}2400-,
143,대구,2004-06-26,23.1,20.7,331,26.1,1515,,,,,,,5.9,90,1652,3.8,110,1653,2.5,2160,140,18.6,62,1521,75.5,21.6,999.8,1008.5,2340,1004.2,237,1006.4,14.6,0,1100,1.42,10.73,,,,,,9.1,5.3,23.7,20,,,,,,,,,,,,,-{박무}-{박무}{강도0}0300-{박무}{강도0}0600-{박무}{강도0}0900-1110. {박무}2320-{박무}{강도0}2400-,
143,대구,2004-06-27,23.6,20.1,2207,30.1,1402,4.17,12,1958,48,2039,80.5,5.9,140,1741,4.1,110,2033,1.8,1555,110,19,47,1409,76.4,22.2,1001.1,1009.5,2205,1005.1,1524,1007.6,14.6,3.9,1300,2.7,15.21,,,,,,8.6,5.9,25.1,19.5,,,,,,,,,,,,80.5,-{박무}-{박무}{강도0}0300-{박무}{강도0}0600-{박무}{강도0}0900-1130. {소나기}1555-1605. {소나기}1650-1705. {소나기}1945-{소나기}{강도2}2100-2330. {천둥}{강도0}(SW)1940. {뇌전}{강도0}(N 5~7)2020-{뇌전}{강도0}(N{이동}NE 4~5)2050-{뇌전}{강도0}(NE 4~5)2100-{뇌전}{강도1}(NE{이동}E 2~3)2130-{뇌전}{강도0}(E 4~5)2220-2230.,
143,대구,2004-06-28,24.3,19.3,459,29.2,1521,2.83,3.5,1938,6.5,1930,6.5,6.7,250,1939,4.5,270,1941,1.2,1037,50,19.6,49,1513,76.1,23,999.6,1008.5,349,1003.3,1754,1006,14.6,3.6,1300,2.76,16.14,,,,,,7.6,3.9,25.8,18.5,,,,,,,,,,,,6.5,-{박무}-{박무}{강도0}0300-{박무}{강도0}0600-{박무}{강도0}0900-{박무}{강도0}1200-1420. {박무}1920-{박무}{강도0}2100-{박무}{강도0}2400- {소나기}1930-{소나기}{강도0}2100-2220.,
143,대구,2004-06-29,25.5,22.8,507,29.7,1535,,,,,,,7.1,320,1630,4.1,320,1621,2.2,1901,320,17.9,45,1523,63.4,20.7,996.9,1004.7,0,1001.5,1641,1003.3,14.6,5.2,1000,2.53,18.47,,,,,,7.1,2.3,26,20.7,,,,,,,,,,,,,-{박무}-{박무}{강도0}0300-{박무}{강도0}0600-{박무}{강도0}0900-{박무}{강도0}1200-1410. {박무}2315-{박무}{강도0}2400-,
143,대구,2004-06-30,24.8,22.2,2358,28.8,1436,,,,,,,10.7,90,1833,6.4,90,1857,2.9,2506,110,18.5,51,1320,67.6,21.4,1000.4,1009.9,2312,1004.4,29,1006.9,14.6,0,1400,1.69,13.21,,,,,,8,4.3,25.6,20.4,,,,,,,,,,,,,-{박무}-{박무}{강도0}0300-{박무}{강도0}0600-{박무}{강도0}0900-{박무}{강도0}1200-{박무}{강도0}1500-1540.,
143,대구,2004-07-01,23.7,21.2,549,27.3,1245,.5,0,,0,,0,8.2,90,35,5.4,90,36,3.3,2851,140,18.2,57,1232,71,21,1000.3,1009.6,0,1004.6,2006,1006.8,14.6,2.8,1200,2.76,13.97,,,,,,9.3,4,23.6,20.9,,,,,,,,,,,,,{박무}0210-{박무}{강도0}0300-0450. {박무}1950-{박무}{강도0}2100-{박무}{강도0}2400- {비}2215-2245.,
143,대구,2004-07-02,23,20.9,814,25.6,1645,10,1,642,4.5,1033,10,6,140,7,3.7,140,14,1.2,1037,70,20.7,78,0,86.3,24.6,996.9,1005.1,2,1001.9,1642,1003.4,14.6,.1,1200,1.27,6.34,,,,,,9,5.1,23.5,19.9,,,,,,,,,,,,,-{박무}-{박무}{강도0}0300-{박무}{강도0}0600-{박무}{강도0}0900-{박무}{강도0}1200-{박무}{강도0}1500-{박무}{강도0}1800-{박무}{강도0}2100-{박무}{강도0}2400- {비}0145-0250. {비}0610-{비}{강도0}0900-{비}{강도0}1200-1340. {비}1420-1440. {비}1515-1620.,
143,대구,2004-07-03,24.4,21.5,2222,29.8,1318,8,4.5,2052,10,1549,32,6.5,140,2248,4.2,140,2234,1.3,1123,110,21.7,66,1321,84.8,26.2,997.3,1005.2,2121,1001.7,1550,1003.7,14.5,.3,1300,1.63,9.63,,,,,,9.5,5.4,25.5,20.7,,,,,,,,,,,,,-{박무}-{박무}{강도0}0300-{박무}{강도0}0600-{박무}{강도0}0900-{박무}{강도0}1200-{박무}{강도0}1500-{박무}{강도1}1800-{박무}{강도1}2100-2240. {소나기}1505-{소나기}{강도0}1800-{비}1820-{비}{강도1}2100-2220. {비}2315-{비}{강도0}2400- {뇌전}{강도0}(SW 6~7)1515-{뇌전}{강도0}(SW 5~6)1530-{뇌전}{강도0}(SW{이동}W 4~5)1620-{뇌전}{강도0}(W 5~6)1705. {뇌전}{강도0}(SE 5~6)1720-{뇌전}{강도0}(SE{이동}E 4~5)1745-{뇌전}{강도0}(E 4~5)1800-{뇌전}{강도0}(E 5~6)1810.,
143,대구,2004-07-04,23.7,21.5,18,26,1724,16.5,1.5,1114,2.5,1225,12,13,90,947,7.7,90,1231,4.4,3802,110,21,73,1826,84.3,25.1,988.3,1004.5,9,989.9,1727,994.8,14.5,0,1100,.86,5.46,,,,,,10,6.1,23.4,20.9,,,,,,,,,,,,,-{비}-0120. {비}0850-{비}{강도0}0900-{비}{강도0}1200-{비}{강도0}1500-{비}{강도0}1800-{비}{강도0}2100-{비}{강도0}2400-,
143,대구,2004-07-05,26.2,22.4,554,30.3,1508,1.67,0,,0,,0,11.9,290,1222,6.4,270,1103,3.3,2851,270,18.1,43,1415,61.9,21,993.5,1005.6,2356,989.9,31,999.9,14.5,7.3,1200,3.28,21.84,,,,,,5.9,5.1,26.3,20.5,,,,,,,,,,,,,-{비}-0140.,
143,대구,2004-07-06,27.3,22.5,536,32.8,1413,,,,,,,8.5,200,1506,4.1,270,1355,1.6,1382,180,19.5,40,1340,63.4,22.8,1000.1,1007.8,756,1005.5,143,1006.5,14.5,9.4,1200,2.93,22.95,,,,,,5.8,2.8,28.2,20.7,,,,,,,,,,,,,{박무}0410-{박무}{강도0}0600-{박무}{강도0}0900-0940. {박무}2310-{박무}{강도0}2400-,
143,대구,2004-07-07,24.6,21.9,828,26.7,1729,12.33,1,717,3,711,8.5,6.7,110,1245,4.1,110,842,2.3,1987,110,21.5,69,220,82.4,25.9,998.1,1007.4,0,1002,1726,1004.6,14.5,0,1000,.49,3.76,,,,,,8.8,5.8,24,21.5,,,,,,,,,,,,,-{박무}-{박무}{강도0}0300-{박무}{강도0}0600-{박무}{강도0}0900-{박무}{강도0}1200-1420. {비}0655-{비}{강도0}0900-{비}{강도0}1200-{비}{강도0}1500-{비}{강도0}1800-1915.,
143,대구,2004-07-08,25.7,23.3,319,29.4,1221,,,,,,,7.2,270,1012,4.1,270,1002,1.8,1555,290,19.8,52,1226,70,23.3,998.7,1008,2400,1003.6,22,1005.2,14.5,2.5,1100,2.14,14.35,,,,,,6,4.9,26.1,20.9,,,,,,,,,,,,,{박무}0510-{박무}{강도0}0600-{박무}{강도0}0900-0930.,
143,대구,2004-07-09,25.9,21.4,453,30.7,1516,,,,,,,6.3,320,1737,3.6,320,1744,1.6,1382,50,19.4,44,1651,68,22.7,1001.3,1009.3,807,1005.7,1650,1007.8,14.5,4.8,1000,2.26,16.45,,,,,,6.4,6.1,26.9,20.3,,,,,,,,,,,,,{박무}0320-{박무}{강도0}0600-{박무}{강도0}0900-1015.,
143,대구,2004-07-10,25.5,22.2,2353,31.6,1551,.5,.1,,.1,,.1,9.6,160,1821,5.2,140,1824,2,1728,270,18.9,36,1536,68.4,22.1,1000.3,1008.2,845,1004.7,1606,1006.8,14.5,6.6,1300,2.53,19.96,,,,,,5,2.3,26.7,20.7,,,,,,,,,,,,,{박무}0210-{박무}{강도0}0300-{박무}{강도0}0600-{박무}{강도0}0900-1030. {천둥}{강도0}(SE)1815-{천둥}{강도0}(S)1905. {소나기}1850-1920. {박무}2320-{박무}{강도0}2400-,
143,대구,2004-07-11,24.3,20.8,433,28.3,1341,9.75,2.5,2142,5,2052,7,7.1,250,1434,4.2,270,1527,1.9,1642,90,20,56,1502,77.3,23.5,1000.5,1008.7,2146,1005.9,1531,1007,14.4,.6,1000,2,12.13,,,,,,8.8,4,25.3,19.4,,,,,,,,,,,,,-{박무}-{박무}{강도0}0300-{박무}{강도0}0600-{박무}{강도0}0900-{박무}{강도0}1200-{박무}{강도0}1500-1530. {비}1415-{비}{강도0}1500-{비}{강도0}1800-{비}{강도0}2100-{비}{강도0}2400-,
143,대구,2004-07-12,27.2,21.8,107,32.5,1553,4.83,.5,-2355,1,-2333,2,9.8,250,1301,4.7,250,1339,2.5,2160,110,21.4,52,1554,71.9,25.7,996.9,1006.6,0,1001.3,1537,1003.3,14.4,5,1200,2.3,16.4,,,,,,7.3,4.1,26.7,21.1,,,,,,,,,,,,,-{비}-{비}{강도0}0300-0450. {박무}0440-{박무}{강도0}0600-0720.,
143,대구,2004-07-13,28.1,23.4,2349,32.4,1208,.58,.4,2255,.4,2255,.4,8.8,140,1302,5.4,160,1308,2.3,1987,70,21.1,48,1213,66.6,25.2,999.7,1010,2300,1004.5,233,1006.1,14.4,7.6,1000,2.77,17.9,,,,,,6.4,5.8,28.5,21.7,,,,,,,,,,,,,{박무}0210-{박무}{강도0}0300-{박무}{강도0}0600-0620. {비}2255-2330.,
143,대구,2004-07-14,22.8,21.4,2350,27.6,1305,15.97,3,1425,6.5,1418,35,7.9,250,1428,5,270,1430,1.8,1555,90,21.1,66,1316,89.5,25.3,1005.4,1014,2337,1009.6,507,1011.9,14.4,.3,1200,1.59,5.6,,,,,,9.8,6.3,23.4,20.9,,,,,,,,,,,,,{비}0302-0320. {비}0430-{비}{강도0}0600-{소나기}0710-{소나기}{강도1}0900-{비}1010-1140. {천둥}{강도0}(SW)0735-{뇌전}{강도0}(SW 6~7)0746-{뇌전}{강도0}(SW{이동}W 5~6)0757-{뇌전}{강도0}(W 5~6)0900-{뇌전}{강도0}(W{이동}NW 6~7)0930-1005. {뇌전}{강도0}(SW 6~7)1430-{뇌전}{강도0}(SW{이동}S 6~7)1450-{뇌전}{강도0}(S 6~7)1500-1510. {소나기}1410-{소나기}{강도1}1500-{비}1520-{비}{강도0}1800-{비}{강도0}2100-2240. ,
143,대구,2004-07-15,24.9,21.1,242,29.8,1329,5.33,.6,2045,.6,2005,1.5,6.6,270,1348,3.6,270,1355,.8,691,20,21.8,58,1314,83,26.4,1006.8,1014.6,945,1012.1,1809,1013.3,14.4,.1,1000,1.42,10.62,,,,,,9.4,4.6,25.8,20.4,,,,,,,,,,,,,{박무}0220-{박무}{강도0}0300-{박무}{강도0}0600-0640. {박무}0930-{박무}{강도0}1200-1230. {비}0925-0950. {비}1345-{비}{강도0}1500-1620. {비}2005-{비}{강도0}2100-2120. {비}2255-{비}{강도0}2400-,
143,대구,2004-07-16,26.5,23.6,323,30.4,1653,3.83,.5,34,.5,-2344,1,6.6,270,1742,3.7,270,1611,1.4,1210,270,22.4,60,1701,78.5,27.4,1003.7,1012.8,5,1008.5,1645,1010.2,14.4,.9,1500,1.57,11.21,,,,,,8.4,4.8,26.9,22.9,,,,,,,,,,,,,-{비}-0220. {비}0850-{비}{강도0}0900-0920. {비}1340-1440.,
143,대구,2004-07-17,24.9,21.7,1402,28.9,1107,3.83,14,1347,24.5,1333,28,8.3,290,1205,4.5,270,1357,1.7,1469,270,21.2,60,1116,80,25.4,1001.1,1009.6,1358,1006.5,803,1007.6,14.3,0,1000,.82,5.43,,,,,,8.5,5,24.9,21.5,,,,,,,,,,,,,{비}1230-{소나기}1325-{비}1450-{비}{강도1}1500-1620. {천둥}{강도0}(SE)1334. {천둥}{강도0}(SW)1355-{천둥}{강도0}(SW{이동}S)1420-1435.,
143,대구,2004-07-18,28,22.5,150,33.4,1358,,,,,,,9.2,270,1609,4.7,270,1415,1.5,1296,270,21.6,47,1400,70,26.1,1000.4,1008.3,2325,1004.8,1702,1006.8,14.3,7.5,1300,3.39,22.76,,,,,,5.3,3.3,28.5,21.7,,,,,,,,,,,,,,
143,대구,2004-07-19,29.3,25.3,311,33.9,1322,,,,,,,11.1,270,1651,5,270,1741,2.8,2419,270,21.5,47,1258,63.5,25.9,1002.2,1011.1,2352,1007.1,1440,1008.6,14.3,11.4,1200,3.29,24.67,,,,,,4,2.8,30.1,22.9,,,,,,,,,,,,,,
143,대구,2004-07-20,29.9,26.6,431,34,1635,,,,,,,8.8,270,1302,5.1,270,1540,3.1,2678,270,21.7,44,1633,62.4,26.3,1005.1,1013.2,2344,1010.4,1328,1011.5,14.3,7.9,1200,3.04,21.01,,,,,,4.6,3.5,32.7,24.4,,,,,,,,,,,,,,
143,대구,2004-07-21,30,25.9,515,34,1649,,,,,,,7.6,290,831,4.6,320,930,2.8,2419,290,22.4,47,1605,64.5,27.4,1007.4,1015.7,1002,1012.4,1719,1013.8,14.2,11.7,1200,3.03,23.32,,,,,,3,2.6,32.3,24,,,,,,,,,,,,,,
143,대구,2004-07-22,30.8,27.2,530,35.2,1506,,,,,,,6.1,360,1315,3.7,360,705,2.4,2074,360,22.5,43,1431,62.3,27.6,1005,1013.6,720,1009.4,1755,1011.4,14.2,9.9,1100,2.81,21.58,,,,,,2.8,2.5,34,25,,,,,,,,,,,,,{박무}0420-{박무}{강도0}0600-{박무}{강도0}0900-1020.,
143,대구,2004-07-23,31.3,27.1,458,36.2,1632,,,,,,,7,320,1109,4.1,270,1121,2.3,1987,360,21.7,34,1807,58.4,26.3,1001.3,1010,0,1005.1,1923,1007.6,14.2,12.7,1200,3.03,24.88,,,,,,2,0,34.9,24.5,,,,,,,,,,,,,{박무}0330-{박무}{강도0}0600-{박무}{강도0}0900-1010.,
143,대구,2004-07-24,31.1,25.5,547,36.9,1554,,,,,,,6.8,270,1409,3.8,290,1438,1.9,1642,320,21.5,34,1444,59,26,998.9,1006.6,758,1003.2,1643,1005.2,14.2,10.1,1200,3.04,23.58,,,,,,2.6,.5,35.5,23.7,,,,,,,,,,,,,{박무}0420-{박무}{강도0}0600-{박무}{강도0}0900-1040.,
143,대구,2004-07-25,28.4,25.3,2400,34,1538,,,,,,,8.1,140,1827,4.9,140,1748,2.7,2333,320,20.7,42,1519,63.6,24.7,1000.1,1008.6,2346,1004.7,1614,1006.5,14.1,7.7,1200,3.07,20.2,,,,,,5.9,1,31.9,23.6,,,,,,,,,,,,,{박무}0340-0540.,
143,대구,2004-07-26,28.2,23.9,412,34.5,1641,,,,,,,6.1,110,847,4.3,110,856,2.2,1901,90,20.9,41,1645,65.4,24.9,1003.2,1011.2,2257,1008.2,1613,1009.7,14.1,5.4,1000,2.18,17.24,,,,,,6.5,3.1,31.3,22.2,,,,,,,,,,,,,{박무}0420-{박무}{강도0}0600-{박무}{강도0}0900-1120.,
143,대구,2004-07-27,29,24.3,547,33,1400,,,,,,,6.9,290,1223,4.5,270,1253,1.9,1642,270,21.3,44,1353,64.1,25.6,1004.6,1012.1,805,1009.5,1652,1011,14.1,4.4,1200,2.25,16.48,,,,,,5.3,2,31.7,23.7,,,,,,,,,,,,,,
143,대구,2004-07-28,29.9,25.4,546,35,1618,,,,,,,6.3,320,1335,3.8,320,1259,1.9,1642,320,21,38,1608,60.5,25.2,1004.9,1012.9,804,1009.3,1742,1011.3,14.1,10.5,1200,2.46,21.31,,,,,,2.8,2.8,34.5,23.8,,,,,,,,,,,,,,
143,대구,2004-07-29,30.6,25,526,36.2,1402,,,,,,,6.7,90,1826,4.4,90,1828,2,1728,50,19.9,32,1518,55.5,23.6,1004.3,1012.6,708,1008.7,1722,1010.7,14,11.1,1200,3.06,21.88,,,,,,1.8,1.8,35.7,23.4,,,,,,,,,,,,,,
143,대구,2004-07-30,30.5,24.8,506,36.5,1417,,,,,,,6.7,110,2341,4.3,140,2343,2.3,1987,140,21,36,1739,58.8,25.2,1002.4,1010.8,700,1005.9,1727,1008.7,14,11,1100,2.76,22.41,,,,,,2.5,1.3,36,23.9,,,,,,,,,,,,,{박무}0510-{박무}{강도0}0600-{박무}{강도0}0900-1140.,
143,대구,2004-07-31,29.9,24.6,554,36.2,1308,,,,,,,12.4,90,1611,7.9,110,1611,3.4,2938,110,18.2,30,1254,51.6,21.2,1000,1008.6,0,1004.6,1510,1006.4,14,12.9,1200,3.07,25.08,,,,,,3.1,1.8,35.3,23.8,,,,,,,,,,,,,,
143,대구,2004-08-01,29.2,26.6,405,33.1,1621,1.42,0,,0,,0,7.7,320,1633,4.8,290,1636,2.4,2074,290,19.6,45,1539,56.1,23,996.7,1005.4,4,1001.4,1602,1003,14,2.3,1500,1.85,10.16,,,,,,8.4,6.1,32.1,24.8,,,,,,,,,,,,,{비}0615-0705. {비}1745-{비}{강도0}1800-1820.,
143,대구,2004-08-02,28.5,24.2,548,35.5,1449,.17,.4,2350,.4,,.4,9.2,90,1750,5.7,110,1701,2.5,2160,90,20,32,1358,61.3,23.6,999.2,1008.1,2338,1003.8,0,1005.6,13.9,8.1,1300,3.2,19.9,,,,,,5.5,4.1,34.3,22.6,,,,,,,,,,,,,{소나기}2350-{소나기}{강도1}2400-,
143,대구,2004-08-03,25.8,22.9,425,32.1,1516,7.92,2.5,105,7,18,15.5,6.5,110,438,3.9,140,535,1.8,1555,110,22.4,54,1522,81.5,27.3,1000.3,1008.2,751,1004.5,1713,1006.7,13.9,2.3,1300,2.95,12.1,,,,,,7.9,4.9,28.2,22,,,,,,,,,,,,,-{소나기}-{소나기}{강도0}0300-0430. {박무}0510-{박무}{강도0}0600-{박무}{강도0}0900-{박무}{강도0}1200-1350. {비}0720-{비}{강도0}0900-0940. {소나기}1635-1740. {천둥}{강도0}(NW)1730-1745.,
143,대구,2004-08-04,27.3,24.7,528,33.5,1602,1.22,2.5,1708,2.5,1622,2.5,7.9,50,1638,4.4,360,1709,1.3,1123,360,22.4,47,1530,75.8,27.4,1000.1,1007.8,2314,1004.2,1602,1006.5,13.9,5.9,1200,2.12,15.72,,,,,,5.9,5.1,31.2,23.5,,,,,,,,,,,,,{소나기}1622-1630. {소나기}1705-{소나기}{강도0}1800-1810. {천둥}{강도0}(W)1720-{뇌전}{강도0}(W{이동}NW 6~7)1722-{뇌전}{강도0}(NW 4~5)1742-{뇌전}{강도0}(NW 4~5)1800-1820.,
143,대구,2004-08-05,26.2,24.1,546,31.4,1352,.67,.5,1035,.5,1035,.5,6.1,110,1513,3.8,90,1151,1.8,1555,110,22.6,59,1354,80.5,27.7,1003.2,1012.4,2259,1007.3,57,1009.7,13.8,2.5,1200,2.53,9.47,,,,,,6.4,3.8,26.5,24,,,,,,,,,,,,,{박무}0510-{박무}{강도0}0600-0840. {박무}2020-{박무}{강도0}2100-{박무}{강도0}2400- {소나기}1035-1115. {천둥}{강도0}(S)1135-{천둥}{강도0}(S{이동}SW)1140-{천둥}{강도0}(SW)1200-1210. {천둥}{강도0}(SW)1420-{천둥}{강도1}(SW{이동}S)1455-{천둥}{강도0}(S)1500-{뇌전}{강도0}(S 5~6)1507-{뇌전}{강도0}(S 6~7)1530-1550.,
143,대구,2004-08-06,28.4,24,520,34.3,1706,,,,,,,5.1,20,1147,3.1,90,42,1.4,1210,50,21.6,42,1705,69,26.2,1005.4,1013.6,751,1009.7,1720,1011.8,13.8,6.7,1000,2.64,16.14,,,,,,2.6,2.6,28.2,22.8,,,,,,,,,,,,,-{박무}-{박무}{강도0}0300-{박무}{강도1}0600-{시정(미만)}{1km}{안개}0620-{시정(이상)}{1km}{박무}0740-{박무}{강도0}0900-1040.,1.33
143,대구,2004-08-07,29.7,24.9,527,35.2,1506,,,,,,,5.4,320,1542,3.8,290,1627,1.5,1296,320,21.5,38,1507,62.9,26,1002.6,1011.6,0,1006.4,1729,1009,13.8,9.6,1200,2.95,21.75,,,,,,2.8,2.8,32.2,22.5,,,,,,,,,,,,,{박무}0720-{박무}{강도0}0900-0940.,
143,대구,2004-08-08,30.2,24.8,606,35.3,1459,,,,,,,6.8,320,1456,4.1,290,1609,2.1,1814,290,20.7,37,1352,58,24.7,1000.8,1008.7,611,1004.8,1642,1007.1,13.8,10.5,1200,3.05,23.51,,,,,,2.1,2.1,35.7,23.1,,,,,,,,,,,,,,
143,대구,2004-08-09,29.2,26.4,555,33.6,1543,1.67,0,,0,,0,5,320,1231,3.7,290,1253,1.7,1469,20,21.5,42,1556,64.1,26,1001.2,1008.7,904,1006.5,1813,1007.5,13.7,2.7,1500,1.84,13.32,,,,,,6.6,3.5,31.6,24.8,,,,,,,,,,,,,{비}0650-0830.,
143,대구,2004-08-10,29,24.8,558,35.1,1430,,,,,,,8.8,110,1954,5,90,1944,2.9,2506,90,21.4,43,1430,64.6,25.7,1002.3,1010.6,2347,1006.7,1527,1008.7,13.7,7.6,1200,3.03,19.35,,,,,,2.3,1.9,32.6,23.4,,,,,,,,,,,,,,
143,대구,2004-08-11,29,23.6,532,34.8,1405,,,,,,,8.9,110,1645,6,90,1520,2.7,2333,90,19.5,34,1857,58.9,23,1003.6,1011.4,807,1008.3,1713,1010,13.7,10.3,1200,3.09,23.28,,,,,,3,2.6,34.8,21.3,,,,,,,,,,,,,{박무}0510-{박무}{강도0}0600-{박무}{강도0}0900-0920.,
143,대구,2004-08-12,28.7,22,602,35.4,1542,,,,,,,7,250,1559,4.2,270,1606,2.2,1901,360,17.7,21,1706,55.3,20.6,1002.9,1011.1,617,1006.8,1544,1009.3,13.6,12.2,1100,2.97,24.02,,,,,,.3,.3,35.1,20,,,,,,,,,,,,,,
143,대구,2004-08-13,30.1,24.4,321,35.4,1620,,,,,,,6.7,360,1211,3.9,360,1227,1.9,1642,360,19.7,35,1631,54.6,23.1,1002.4,1010.2,735,1007,1717,1008.8,13.6,10.5,1100,2.86,20.47,,,,,,3.1,2.8,36,22.1,,,,,,,,,,,,,,
143,대구,2004-08-14,26.6,23.3,2400,32.5,1507,6.65,5.5,1638,6,1615,17.5,8.4,340,1657,4.8,290,1653,2.2,1901,140,22.1,49,1511,76.9,26.9,1003.2,1011.2,905,1006.5,1550,1009.7,13.6,3.2,1300,2.64,12.76,,,,,,7.6,4.3,28.7,21.9,,,,,,,,,,,,,{비}0443-0510. {비}0603-{비}{강도0}0900-1020. {소나기}1615-{소나기}{강도1}1800-1810. {박무}1010-{박무}{강도0}1200-1215. {천둥}{강도0}(SW)1615-1640. {천둥}{강도0}(SW)1705-1730.,
143,대구,2004-08-15,25.5,22.9,350,30.2,1418,5,.4,747,.4,657,.5,5.1,290,1723,3.5,270,1747,2.2,1901,140,19.7,37,1535,71.8,23.3,1003.3,1011.2,957,1007.9,1613,1009.8,13.5,1.5,1400,2.26,13.43,,,,,,7.9,3.5,26.5,21.7,,,,,,,,,,,,,{비}0255-{비}{강도0}0300-0520. {비}0650-{비}{강도0}0900-0925. {박무}0910-1115.,
143,대구,2004-08-16,25.9,23.4,511,29.3,1437,.75,0,,0,,0,5.6,110,624,3.7,140,134,2.4,2074,110,20.7,54,1243,72.9,24.6,1002.7,1010.4,736,1008,1518,1009.2,13.5,0,1400,1.3,8.53,,,,,,9.6,4.6,26.3,23,,,,,,,,,,,,,{비}1735-1750. {비}2210-2230. {비}2350-{비}{강도0}2400-,
143,대구,2004-08-17,28.9,24.8,454,34.6,1427,2.08,.2,2345,.3,2255,.3,7.4,160,1652,4.6,160,1653,2.1,1814,160,22.2,38,1425,68.4,27,1001.5,1009.1,0,1006,1511,1007.9,13.5,5.4,1100,2.35,15.95,,,,,,7.4,4.6,30.6,23.7,,,,,,,,,,,,,-{비}-0020. {비}0355-0435. {박무}0510-{박무}{강도0}0600-{박무}{강도0}0900-0930. {비}2255-{비}{강도0}2400-,
143,대구,2004-08-18,23.4,21.6,1546,26.6,0,21.85,10.5,2144,31.5,2255,161,12.7,270,1542,5.5,270,1547,1.7,1469,140,22.5,80,0,93.8,27.5,998.3,1008.6,115,1000.9,2349,1004.8,13.4,0,1200,.28,1.6,,,,,,10,6.9,24.2,21.3,,,,,,,,,,,,,-{비}-0055. {비}0144-{비}{강도0}0300-0330. {비}0450-{비}{강도0}0600-{비}{강도0}0900-{소나기}0930-{비}1020-{비}{강도1}1200-{비}{강도1}1500-{비}{강도0}1800-{소나기}1845-{소나기}{강도0}2100-{소나기}{강도2}2400- {천둥}{강도0}(S)0942-{뇌전}{강도0}(S 6~7)0957-1015. {뇌전}{강도0}(S 5~6)1853-1920. {번개}{강도0}(W)1945-{뇌전}{강도0}(W 6~7)2040-{뇌전}{강도0}(W 6~7)2100-{뇌전}{강도0}(SW 6~7)2140-{뇌전}{강도0}(S 5~6)2230-{뇌전}{강도0}(S 5~6)2400-,
143,대구,2004-08-19,24,22.2,120,27.7,1612,14.25,9.5,45,23.5,-2357,43.5,13.1,290,1043,6.8,290,1010,3.2,2765,290,20.4,60,1640,80.4,24.2,991.8,1008.4,2357,985.2,813,998.3,13.4,1.3,1600,1.47,7.15,,,,,,8.6,5.5,24,21.7,,,,,,,,,,,,,-{뇌전}-0015. -{소나기}-{비}0028-{비}{강도0}0300-{비}{강도0}0600-{비}{강도0}0900-1040. {비}1115-{비}{강도0}1200-1450.,
143,대구,2004-08-20,21.7,20.5,2338,23.7,1143,3.17,0,,0,,0,9.3,90,525,5.5,110,318,3.4,2938,90,17.2,66,1137,75,19.7,1005,1012.9,2058,1008.3,4,1011.6,13.4,0,1100,.86,5.84,,,,,,9.3,6,22.2,19.9,,,,,,,,,,,,,{박무}0740-0820. {비}1440-{비}{강도0}1500-1750. {박무}1520-{박무}{강도0}1800-{박무}{강도0}2100-{박무}{강도0}2400-,
143,대구,2004-08-21,22.5,20,2354,27.3,1428,1.75,.5,2317,1,2250,1,7.3,160,1916,4.9,160,1919,3,2592,140,17.3,57,1428,72.1,19.9,1007.1,1015.1,2300,1011.7,1602,1013.7,13.3,.3,1200,1.54,11.21,,,,,,10,4.5,23,18,,,,,,,,,,,,,-{박무}-{박무}{강도0}0300-0510. {비}2215-{비}{강도0}2400-,
143,대구,2004-08-22,19.2,17.3,604,21.9,1632,24,3.5,2031,11,1958,67.5,5.8,110,1547,3.8,140,146,2.1,1814,110,18.1,83,0,92.1,20.9,1007.5,1015.7,959,1012.8,1908,1014.1,13.3,0,1200,.57,3.65,,,,,,10,6.8,20.1,16.8,,,,,,,,,,,,,-{비}-{비}{강도0}0300-{비}{강도0}0600-{비}{강도0}0900-{비}{강도0}1200-{비}{강도0}1500-{비}{강도0}1800-{비}{강도1}2100-{비}{강도1}2400-,
143,대구,2004-08-23,20.5,18.2,423,23.8,1355,11.67,6.5,425,17.5,221,60,6.1,140,607,4,140,547,2.2,1901,110,18.2,72,1356,86.4,21,1004.8,1013.3,32,1009.8,1616,1011.4,13.3,0,1200,1.67,7.76,,,,,,9.6,6.8,21.1,18,,,,,,,,,,,,,-{비}-{비}{강도1}0300-{비}{강도0}0600-{비}{강도1}0900-1140.,
143,대구,2004-08-24,23,19.4,530,27.9,1644,.23,.1,,.1,,.1,5.4,110,2222,3.4,110,916,2.2,1901,110,18.1,54,1629,73.5,20.8,1004.3,1012.3,26,1009,1514,1010.8,13.2,5.4,1000,2.51,17.22,,,,,,6.6,4.8,23.7,18.2,,,,,,,,,,,,,{비}0311-0325.,
143,대구,2004-08-25,23.7,19.9,400,28.7,1413,.83,0,,0,,0,8.5,90,1819,4.9,90,1826,2.2,1901,110,17.5,39,1942,69.1,20.2,1003.6,1011.4,1017,1008.6,1539,1010.1,13.2,2.5,1300,2.18,13.72,,,,,,7.6,3.9,24,18.5,,,,,,,,,,,,,{박무}0320-{박무}{강도0}0600-{박무}{강도0}0900-1130. {비}2050-{비}{강도0}2100-2140.,
143,대구,2004-08-26,23.5,20.4,526,28.4,1510,.7,0,,0,,0,5.2,110,424,3.5,140,1814,1.9,1642,90,15.6,36,1526,61.6,17.9,1002.4,1011,1053,1007,1646,1008.9,13.1,2.1,1400,2.12,13.49,,,,,,7.4,4,24.9,18.6,,,,,,,,,,,,,{비}0215-0222. {비}1245-1320.,
143,대구,2004-08-27,23.4,20.8,512,28.4,1530,,,,,,,9.5,90,1134,5.9,110,1613,3.4,2938,110,16.1,41,1531,64.1,18.5,1003.1,1011.5,2225,1008.4,8,1009.6,13.1,2.4,1400,2.29,14.27,,,,,,7.6,3.5,25.5,19.5,,,,,,,,,,,,,,
143,대구,2004-08-28,22.9,18.6,511,27.8,1359,,,,,,,12.5,90,1423,6.8,110,1435,3.7,3197,110,15.9,46,1402,65.3,18.2,1002.8,1011.2,0,1007.7,1448,1009.4,13.1,11.3,1200,2.95,22.48,,,,,,2.6,.6,27.2,16.3,,,,,,,,,,,,,,
143,대구,2004-08-29,23.5,19.5,417,28.2,1351,,,,,,,9.8,140,1727,5.9,140,1728,3.2,2765,140,18.6,61,1352,73.9,21.7,999.9,1009,10,1003.9,2336,1006.4,13,4.9,1300,2.46,14.87,,,,,,7.3,2.4,26.5,17.9,,,,,,,,,,,,,,
143,대구,2004-08-30,25.3,21.8,454,29.4,1444,,,,,,,6.5,270,1756,4.3,320,1539,2,1728,290,20.3,59,1335,73.8,24,991.1,1004,2,992.4,1439,997.6,13,0,1300,1.41,9.25,,,,,,8.4,4.4,26,20.9,,,,,,,,,,,,,,
143,대구,2004-08-31,26.4,22.3,559,30.8,1520,,,,,,,9.4,270,240,5.7,290,303,2.9,2506,290,14.9,33,1404,50.4,17.1,997.7,1006.3,2304,997.6,0,1004.1,13,11.1,1200,2.73,20.94,,,,,,2,1.4,30,18.1,,,,,,,,,,,,,,
143,대구,2004-09-01,24.9,20.9,453,30.8,1516,1,2.5,1646,3,1640,3,7.6,160,1651,4,270,1500,1.6,1382,50,16.7,39,1353,60.5,19.1,1000.9,1009.7,2400,1005.4,1617,1007.4,12.9,7,1300,2.36,16.38,,,,,,5,4.1,27.7,16.8,,,,,,,,,,,,,{연무}0920-{연무}{강도0}1200-{연무}{강도0}1500-1530. {소나기}1640-1740.,
143,대구,2004-09-02,23.9,17.3,552,31.2,1538,,,,,,,9.9,290,1557,6.2,290,1557,2.2,1901,50,11.5,22,1514,48.5,13.7,1004.9,1013.8,2359,1009.5,1458,1011.4,12.9,11.5,1200,2.93,22.33,,,,,,.3,0,27,14,,,,,,,,,,,,,,
143,대구,2004-09-03,23.5,17.4,539,29.8,1434,,,,,,,4.6,320,1355,3.3,90,2259,1.5,1296,320,13.4,30,1326,54.1,15.4,1008.1,1016,634,1013.1,1509,1014.7,12.9,7.3,1200,2.47,16.77,,,,,,4.4,.5,26.7,14.5,,,,,,,,,,,,,,
143,대구,2004-09-04,23.8,18.5,440,30.6,1449,,,,,,,7.9,90,1845,5.3,90,2131,2.7,2333,90,15.2,28,1340,60.9,17.5,1007.7,1016,710,1012.2,1508,1014.2,12.8,8.8,1200,2.81,19.99,,,,,,3.6,2.6,27.2,16.8,,,,,,,,,,,,,,
143,대구,2004-09-05,23,19.3,508,26.3,1527,3.17,4,2330,5.5,2245,5.5,9.3,110,1427,5.7,90,1431,2.9,2506,90,18.3,59,1530,74.9,21.2,1005.7,1014.1,647,1010.5,2356,1012.3,12.8,1,1000,1.14,9.51,,,,,,7.8,3.3,24.7,17.1,,,,,,,,,,,,,{박무}0520-{박무}{강도0}0600-{박무}{강도0}0900-0945. {박무}1235-1420. {소나기}1115-{소나기}{강도0}1200-1220. {소나기}1310-1340. {비}2225-{비}{강도0}2400-,
143,대구,2004-09-06,20.8,19.2,455,22.3,1247,8.27,1,258,3.5,250,4.5,10.4,90,1327,6.7,90,1335,3.1,2678,110,18.2,73,1248,84.5,21.1,1001.8,1011.9,702,1002.9,2339,1008.4,12.8,.1,1200,1.4,6.77,,,,,,10,5.8,21.9,18.5,,,,,,,,,,,,,-{비}-0035. {비}0230-{비}{강도0}0300-0530. {비}0645-0720. {비}1145-{비}{강도0}1200-1215. {비}1604-1620. {박무}1725-{박무}{강도0}1800-{박무}{강도0}2100-{박무}{강도0}2400- {비}2040-{비}{강도0}2100-{비}{강도0}2400-,
143,대구,2004-09-07,21.7,19.1,2316,24.3,1428,16.33,2,954,8.5,955,29.5,10.7,270,1714,6,290,1526,2.4,2074,290,19.3,72,1947,85.6,22.6,987.9,1003.1,0,985.9,1245,994.4,12.7,.2,1200,1.02,4.2,,,,,,8.1,6.4,21.8,16.6,,,,,,,,,,,,,-{박무}-{박무}{강도0}0300-{박무}{강도0}0600-{박무}{강도0}0900-{박무}{강도0}1200-1250. -{비}-{비}{강도0}0300-{비}{강도0}0600-{비}{강도0}0900-{비}{강도1}1200-1415. {비}1505-1710.,
143,대구,2004-09-08,22.6,17.4,617,27.7,1450,,,,,,,6.1,290,1113,4.1,270,1127,1.5,1296,140,16.4,39,1551,69.5,18.8,1002.1,1012.9,2258,1001.5,0,1008.7,12.7,7.4,1000,2.55,17.82,,,,,,4.3,2.9,24.7,14.6,,,,,,,,,,,,,,
143,대구,2004-09-09,21.6,19.7,607,24.6,1541,.17,0,,0,,0,4,290,1342,2.6,90,11,1,864,50,18.1,65,1542,79.8,20.8,1008.8,1018.1,2256,1012.8,153,1015.4,12.7,.1,1500,.87,5.39,,,,,,9.1,3.4,22.1,17.9,,,,,,,,,,,,,{박무}0520-{박무}{강도0}0600-{박무}{강도0}0900-{박무}{강도0}1200-{박무}{강도0}1500-{박무}{강도0}1800-{박무}{강도0}2100-{박무}{강도0}2400- {비}1045-1055.,
143,대구,2004-09-10,20.8,18.7,2329,25.5,1322,5.17,.5,1942,1,1929,2.5,9.4,110,1418,5.4,90,1337,2.5,2160,110,16.3,47,1259,75.9,18.7,1013.7,1022.6,2216,1018,355,1020.3,12.6,1.4,1300,2.1,9.73,,,,,,9.6,3.5,21,17.6,,,,,,,,,,,,,-{박무}-{박무}{강도0}0300-{박무}{강도0}0600-{박무}{강도0}0900-{박무}{강도0}1200-1230. {비}1850-{비}{강도0}2100-{비}{강도0}2400-,
143,대구,2004-09-11,19.1,17.8,316,21.4,1341,15.17,2,300,6.5,253,22,13.7,110,1734,6.8,110,1547,3.6,3110,110,16.8,74,1342,85.4,19.2,1013.1,1022,0,1017.9,1537,1019.8,12.6,0,1300,1.06,5.48,,,,,,9.9,6.4,19.7,17.2,,,,,,,,,,,,,-{비}-{비}{강도1}0300-{비}{강도0}0600-{비}{강도0}0900-1110. {비}1650-1730.  {비}2040-{비}{강도0}2100-{비}{강도0}2400-,
143,대구,2004-09-12,22.6,18.7,23,26.7,1620,12.75,1.5,306,3,1914,9.5,8.8,140,208,5.4,140,214,3.1,2678,140,20,71,1622,85,23.6,1009.8,1018.8,0,1014.7,1502,1016.4,12.5,.8,1100,1.63,10.18,,,,,,10,6.3,22.7,17.8,,,,,,,,,,,,,-{비}-0050. {비}0220-{비}{강도0}0300-0340. {비}0440-0530. {비}0640-0740. {비}0830-{비}{강도0}0900-1120. {비}1340-{비}{강도0}1500-1515. {비}1910-{비}{강도0}2100-2330. {박무}1105-{박무}{강도0}1200-1420.,
143,대구,2004-09-13,25.1,21.9,244,29.4,1441,.5,0,,0,,0,8.4,270,1712,4.4,270,1720,1.8,1555,270,20.5,57,1449,76.4,24.3,1009.1,1017,2322,1013.9,1701,1015.6,12.5,.7,1200,1.51,10.43,,,,,,7.9,7,25.4,21,,,,,,,,,,,,,{비}0940-1010.,
143,대구,2004-09-14,22.9,21.5,2057,25.2,1231,,,,,,,10.1,90,1723,6.5,90,1816,3.6,3110,110,17.9,58,840,72.9,20.6,1011.4,1019.2,2309,1016.7,33,1017.9,12.5,0,1100,1.3,6.44,,,,,,9.6,4.6,22.3,20.4,,,,,,,,,,,,,,
143,대구,2004-09-15,22.8,21.4,12,25,1441,,,,,,,10.2,90,1310,6.3,90,1224,4,3456,90,18.1,68,1309,73.8,20.9,1011.9,1019.8,925,1017.3,1443,1018.5,12.4,0,1100,1.15,8.3,,,,,,9.5,4.9,23.2,20.7,,,,,,,,,,,,,,
143,대구,2004-09-16,23.9,20.5,535,30.2,1529,9.92,1,442,4,424,8.5,7,270,1508,4.3,140,47,2.1,1814,110,20.9,56,1531,83.9,25,1010.8,1018.8,2347,1015.8,1602,1017.4,12.4,3.8,1300,2.38,11.47,,,,,,7.5,5.1,25,19.9,,,,,,,,,,,,,{비}0235-{비}{강도0}0300-{비}{강도0}0600-{비}{강도0}0900-{비}{강도0}1200-1230.,
143,대구,2004-09-17,25.3,22.6,2352,29.4,1315,2.92,.5,2220,1,2202,1.5,8.5,270,1823,4.9,270,1826,1.4,1210,320,20.9,54,1345,77.3,25,1011.3,1019.5,850,1016.1,1640,1017.9,12.4,2.4,1100,2.29,10.63,,,,,,8.9,5.1,25.6,20.7,,,,,,,,,,,,,{박무}0210-{박무}{강도0}0300-{박무}{강도0}0600-{박무}{강도0}0900-{박무}{강도0}1200-1235. {비}2105-{비}{강도0}2400-,
143,대구,2004-09-18,22.6,21.1,2400,26.3,1534,15.83,2,804,5.5,919,17,7.3,270,1640,4,270,1555,1.5,1296,290,21,72,1538,90.6,25.2,1005.9,1017,0,1009,1546,1012.5,12.3,0,1500,.99,4.91,,,,,,7.4,5.4,24.2,19.7,,,,,,,,,,,,,-{비}-{비}{강도0}0300-{비}{강도0}0600-{비}{강도0}0900-{비}{강도0}1200-1410. {비}1640-{소나기}1720-{소나기}{강도0}1800-1820.,
143,대구,2004-09-19,21.5,17.5,2337,26.8,1525,,,,,,,6.5,250,928,4.2,270,840,2,1728,290,12.3,27,1407,58.8,14.6,1009.6,1017.8,904,1013.1,11,1016.2,12.3,11.1,1100,2.74,20.1,,,,,,1.8,.3,23.4,15,,,,,,,,,,,,,,
143,대구,2004-09-20,17.9,15.2,430,23.4,1206,9.08,5,2129,11,1929,32,8.1,140,1902,4.6,140,1908,1.9,1642,50,14.3,48,1143,79.6,16.3,1007,1017.2,751,1009.4,1938,1013.7,12.2,1.3,1100,1.95,7.78,,,,,,8.5,5,19.4,13.7,,,,,,,,,,,,,{비}1445-{비}{강도0}1500-{비}{강도0}1800-{비}{강도1}2100-2350. {박무}2340-{박무}{강도0}2400-,
143,대구,2004-09-21,18.8,15.1,127,23.4,1414,.75,0,,0,,0,6.5,290,151,4.4,270,159,2,1728,270,13.1,50,1300,69.6,15.1,1007.5,1016.2,2240,1010.6,0,1014.2,12.2,3.3,1200,2.17,12.55,,,,,,7.1,4.8,19.7,14.7,,,,,,,,,,,,,-{박무}-0050. {비}0045-0130.,
143,대구,2004-09-22,19.2,13.7,615,25.3,1528,,,,,,,8.7,90,1817,5.3,90,1739,2.3,1987,110,13.7,44,1433,71.4,15.8,1010,1018.1,830,1014.7,1447,1016.7,12.2,8.3,1200,2.68,17.13,,,,,,3.5,3.5,21.5,12.3,,,,,,,,,,,,,{박무}0510-{박무}{강도0}0600-{박무}{강도0}0900-0940.,
143,대구,2004-09-23,19.4,16.3,546,23.7,1316,,,,,,,6.7,110,1911,4.6,110,1913,1.8,1555,50,15,57,1402,75.9,17.2,1010.7,1018.7,2344,1015.9,1627,1017.3,12.1,.3,1100,1.43,8.47,,,,,,6.9,3.4,20.1,15,,,,,,,,,,,,,,
143,대구,2004-09-24,20,15.6,615,26.4,1428,,,,,,,11.7,110,1807,5.8,110,1904,1.9,1642,90,14.5,45,1420,71.4,16.5,1014,1023.2,2357,1018.2,240,1020.7,12.1,6.5,1100,2.59,14.65,,,,,,3.5,2,21.4,14,,,,,,,,,,,,,,
143,대구,2004-09-25,19.7,14.5,618,25.7,1352,,,,,,,10.8,90,1212,6.4,90,1618,2.7,2333,110,12.7,39,1256,65.6,14.8,1016.1,1024.1,849,1021,1613,1022.8,12,8.9,1200,2.38,15.56,,,,,,4.5,3,22.8,12.4,,,,,,,,,,,,,,
143,대구,2004-09-26,20.1,17,222,24,1450,2.58,.1,,.2,,.2,8.4,90,1709,4.9,90,1859,2.2,1901,110,14.8,57,1246,71.1,16.9,1013,1022.2,0,1017.3,2254,1019.6,12,.7,1200,1.47,7.94,,,,,,9.4,5.3,22,14,,,,,,,,,,,,,{비}2125-{비}{강도0}2400-,
143,대구,2004-09-27,20.3,17.2,422,25.3,1402,5.83,1.5,258,2.5,229,2.5,6.4,140,1247,3.8,140,1250,1.7,1469,90,16.1,54,1410,77.4,18.4,1009.2,1018.1,0,1013.4,1646,1015.8,12,5.6,1300,2.14,11.96,,,,,,6.3,4.3,21.2,16.2,,,,,,,,,,,,,-{비}-{비}{강도0}0300-0520. {박무}0630-{박무}{강도0}0900-0940. {비}0850-{비}{강도0}0900-0920.,
143,대구,2004-09-28,19.7,16,509,25.5,1336,3.18,.1,,.2,,.4,11.8,110,1518,6.2,110,1430,2.8,2419,90,15.6,54,1340,77.4,17.8,1009,1016.7,949,1014.2,1415,1015.6,11.9,1.2,1300,1.45,9.45,,,,,,7.8,3.1,20.9,15,,,,,,,,,,,,,{박무}0620-0840. {비}1810-2010. {비}2220-2235. {비}2304-{비}{강도0}2400-,
143,대구,2004-09-29,19.7,16.4,2324,25,1543,5.83,.5,205,1,313,2.5,8.3,290,945,3.9,20,1403,1.5,1296,20,14.1,43,1550,70.8,16.2,1007.8,1017.4,2351,1012.3,1419,1014.5,11.9,4.8,1200,2.63,11.23,,,,,,5.8,3,19.6,13.6,,,,,,,,,,,,,-{비}-0020. {비}0140-{비}{강도0}0300-{비}{강도0}0600-0710.,
143,대구,2004-09-30,19.3,13,628,26.6,1548,,,,,,,7.9,90,1722,5.3,90,1730,2.2,1901,110,13.1,37,1421,69,15.2,1013.5,1021.9,1017,1017.3,0,1020.1,11.9,10.8,1200,2.54,18.35,,,,,,.5,.5,22.1,11.5,,,,,,,,,,,,,,
143,대구,2004-10-01,20,15.1,645,26.6,1432,,,,,,,10.5,320,2010,6,290,2013,2.4,2074,290,11.6,34,1311,60.1,14,1008.8,1019.8,0,1011.3,1521,1015.5,11.8,8.8,1200,2.56,17.27,,,,,,4.8,3.4,24.1,12.3,,,,,,,,,,,,,,
143,대구,2004-10-02,14.5,11.7,729,19.1,1426,,,,,,,9.5,270,647,5.2,290,225,3.5,3024,290,.4,25,1336,38.3,6.3,1013.2,1022.1,2251,1017.4,0,1020.1,11.8,10.2,1200,2.72,19.51,,,,,,2.1,1.9,20.6,9.1,,,,,,,,,,,,,,
143,대구,2004-10-03,15.2,9.7,655,21,1446,,,,,,,7.6,90,1847,4.9,90,1854,2.3,1987,270,6.5,37,1221,56,9.8,1015.1,1023.2,910,1019.9,1510,1021.9,11.8,6.9,1200,2.48,15.6,,,,,,4.3,4,19.8,6.9,,,,,,,,,,,,,,
143,대구,2004-10-04,16,12.1,523,20.4,1206,,,,,,,7.8,90,1619,5.1,90,1614,1.9,1642,50,10.3,52,1204,68.5,12.5,1015.1,1024,822,1020.4,1638,1021.9,11.7,3,1100,1.88,10.8,,,,,,5.8,2.9,18.3,8.5,,,,,,,,,,,,,{달무리}0420-0515.,
143,대구,2004-10-05,15.7,11.9,616,22,1550,.33,0,,0,,0,6.7,110,1334,4.5,90,1343,1.5,1296,50,10.1,41,1552,69.8,12.4,1012.1,1021,0,1016.9,1544,1018.9,11.7,3.9,1000,2.29,11.35,,,,,,4.6,3.4,18.2,8.3,,,,,,,,,,,,0,{비}0920-0940.,
143,대구,2004-10-06,16.6,9.9,609,23.9,1435,,,,,,,4.2,290,1448,3,90,411,1.3,1123,50,9.3,30,1649,65.5,11.8,1011.4,1020.4,906,1016,1557,1018.1,11.6,9.2,1200,2.46,16.68,,,,,,1.6,0,20.6,7.1,,,,,,,,,,,,,{박무}0710-{시정(미만)}{1km}{안개}0720-{시정(미만)}{0.5km}{안개}0725-{시정(미만)}{0.2km}{안개}0730-{시정(이상)}{0.2km}{안개}0810-{시정(이상)}{0.5km}{안개}0830-{시정(이상)}{1km}{박무}0850-{박무}{강도1}0900-1130.,1.5
143,대구,2004-10-07,17.2,12.3,619,22,1413,,,,,,,3.9,50,137,2.7,110,2130,1.2,1037,70,10.8,39,1355,66.1,13,1010.3,1018.5,112,1015.4,1455,1017,11.6,2.3,1000,1.61,9.9,,,,,,9,4.6,20.1,9.6,,,,,,,,,,,,,,
143,대구,2004-10-08,18.2,15.3,554,21,1642,,,,,,,4.7,140,256,2.9,90,206,.9,778,290,13.5,60,1431,73.3,15.5,1007.1,1016.5,0,1012.1,2356,1013.8,11.6,0,1300,.72,5.29,,,,,,10,3.3,19.4,13.6,,,,,,,,,,,,4.5,{박무}0610-0840.,
143,대구,2004-10-09,17.5,15.3,836,21.6,1545,9.42,1.5,803,4,753,5.5,7.7,20,1731,3.7,50,1735,1.6,1382,270,13.3,50,1734,76.1,15.4,1005.5,1013.8,2153,1011.1,1425,1012.2,11.5,.7,1300,1.13,4.78,,,,,,8.1,5.4,18.1,14,,,,,,,,,,,,1,{비}0020-0140. {비}0340-0540. {비}0725-{비}{강도1}0900-{비}{강도0}1200-1230. {비}1420-{비}{강도0}1500-1520.,
143,대구,2004-10-10,19.2,14.8,2337,24.8,1514,,,,,,,6,320,1354,3.5,320,1422,1.9,1642,270,10.1,33,1517,57,12.4,1008.4,1017.4,2223,1013.2,107,1015,11.5,9,1200,2.31,15.84,,,,,,2.8,2.8,19.6,11.1,,,,,,,,,,,,,,
143,대구,2004-10-11,18,11.2,634,24.7,1524,,,,,,,5.3,250,1346,3.2,290,1526,1.4,1210,70,10.7,33,1518,64.4,13,1008.8,1017.8,816,1013.1,1435,1015.5,11.4,8.6,1100,2.24,14.73,,,,,,3.5,2.4,18.8,9,,,,,,,,,,,,,{박무}0330-{박무}{강도0}0600-0650,
143,대구,2004-10-12,16.5,12.9,2400,22.4,1355,,,,,,,12,270,1441,7.2,320,1456,2.7,2333,290,5.8,17,1618,53,10,1009,1019.8,2325,1013,1345,1015.7,11.4,7.7,1100,2.01,13.04,,,,,,1.8,0,17.3,7,,,,,,,,,,,,,{박무}0920-1140. {연무}1130-{연무}{강도0}1200-1340.,
143,대구,2004-10-13,14.2,8.6,653,19.9,1508,,,,,,,7.3,290,1101,4.2,320,1103,2,1728,270,.5,22,1417,40.5,6.4,1013.3,1022.2,846,1018.4,1623,1020.1,11.4,10.5,1200,2.52,17.42,,,,,,.1,.1,16.6,3.4,,,,,,,,,,,,,,
143,대구,2004-10-14,12.4,9.4,643,17.2,1509,,,,,,,11,290,954,6.4,290,1144,3.4,2938,290,-1,24,1422,40.3,5.8,1016.3,1026,2157,1019.2,3,1023.2,11.3,10.6,1200,2.54,17.66,,,,,,.6,.6,15.9,5.8,,,,,,,,,,,,,,
143,대구,2004-10-15,14.4,6.4,539,21.8,1501,,,,,,,6.6,270,1258,4.1,270,1318,2.2,1901,290,4.1,30,1305,51.1,8.3,1016,1025.7,0,1020.3,1543,1022.8,11.3,10.5,1200,2.45,16.82,,,,,,0,0,16.4,2.2,,,,,,,,,,,,,,
143,대구,2004-10-16,16.8,9.7,713,24.2,1523,,,,,,,11.3,70,1543,6.6,90,1653,2.6,2246,70,8.6,30,1310,59.3,11.1,1016.6,1026.5,2337,1020.9,1511,1023.4,11.3,8.2,1200,2.41,15.02,,,,,,2,1.1,18.5,5.6,,,,,,,,,,,,,,
143,대구,2004-10-17,15.7,10.7,558,20,1353,,,,,,,12.3,90,1246,7.1,90,1305,2.6,2246,90,7.2,41,1208,57,10.2,1020,1028.4,753,1025.6,2328,1026.9,11.2,5.5,1200,1.69,11.23,,,,,,6,4.8,17.7,5.8,,,,,,,,,,,,,{연무}1130-{연무}{강도0}1200-{연무}{강도0}1500-1720.,
143,대구,2004-10-18,16.6,13.7,553,20.8,1319,1.67,.1,,.3,2129,.3,4.9,270,1459,3,270,1200,1.3,1123,270,11.4,56,1318,70.5,13.6,1015.3,1025.7,0,1019.5,2351,1022.1,11.2,.4,1300,1.53,6.24,,,,,,9.4,4.6,17.7,11,,,,,,,,,,,,.3,{비}2110-2250. {박무}2230-{박무}{강도0}2400-,
143,대구,2004-10-19,16.6,14.3,450,19.3,1609,,,,,,,5.8,110,2133,3.9,90,1626,1.1,950,340,13.4,67,1508,80.9,15.4,1008.8,1019.5,0,1012.5,2353,1015.6,11.2,0,1200,.71,4.41,,,,,,8.3,4.8,17.4,10.6,,,,,,,,,,,,,-{박무}-{박무}{강도0}0300-{박무}{강도0}0600-{박무}{강도1}0900-{박무}{강도0}1200-{박무}{강도0}1500-1530.,
143,대구,2004-10-20,17.4,13.3,2343,21.1,1556,,,,,,,10.5,50,1238,5.8,50,1234,2.1,1814,20,9.6,43,1558,59.9,12,1003.7,1015.2,2356,1005.7,1335,1010.4,11.1,.6,1500,.79,3.75,,,,,,6.8,4.3,17,6.4,,,,,,,,,,,,,,
143,대구,2004-10-21,16.5,8.3,604,23.5,1430,,,,,,,6,270,1407,3.8,270,1414,1.8,1555,270,7.5,29,1407,57.8,10.5,1009.5,1018.2,2234,1014.2,1353,1016.2,11.1,10,1200,2.26,14.94,,,,,,1.5,.8,17,4.5,,,,,,,,,,,,,,
143,대구,2004-10-22,15.4,9.6,2337,19.8,1420,,,,,,,10,290,1136,5.9,290,1233,3.4,2938,290,-.2,16,1327,36.6,6.4,1016.2,1026.9,2338,1017.8,0,1023,11.1,10.1,1200,2.43,16.18,,,,,,.9,.4,16.6,3.9,,,,,,,,,,,,,,
143,대구,2004-10-23,12.8,6.5,652,19.7,1419,,,,,,,9.2,110,1617,5.9,90,1700,2.4,2074,90,3.1,33,1323,52.8,7.7,1021.5,1030.1,2203,1026.7,317,1028.4,11,9.1,1200,2.25,13.89,,,,,,.8,.4,13.2,2.3,,,,,,,,,,,,,,
143,대구,2004-10-24,13.6,7.4,426,21.7,1450,,,,,,,4.5,270,1413,2.8,270,1421,1.2,1037,50,5.5,28,1528,59.8,9.1,1021,1030.1,855,1025.3,1555,1027.8,11,9.8,1200,2.15,14.08,,,,,,1,.8,14.7,3.9,,,,,,,,,,,,,,
143,대구,2004-10-25,15.1,7.6,648,21.2,1341,,,,,,,5,140,1820,3.2,140,1826,1.3,1123,50,7.2,35,1404,60.8,10.2,1018.5,1028,830,1022.6,1545,1025.3,11,6.6,1200,2.04,12.36,,,,,,5.4,2.9,15.7,4.3,,,,,,,,,,,,,,
143,대구,2004-10-26,15.1,10.8,2348,19.8,1516,,,,,,,7.6,290,1028,5,290,1034,2.7,2333,290,4.1,26,1501,48.6,8.5,1014,1023.5,26,1017.9,1454,1020.8,10.9,5.4,1200,1.6,10.45,,,,,,6.3,3.5,15.7,6.1,,,,,,,,,,,,,,
143,대구,2004-10-27,12.7,7,642,19.3,1430,,,,,,,7.2,110,1144,4.6,90,1748,2,1728,110,2,31,1403,48.4,7.1,1018.7,1027.6,2348,1023.5,0,1025.6,10.9,9.7,1200,2.22,14.55,,,,,,1.5,1.5,14.5,2.2,,,,,,,,,,,,,,
143,대구,2004-10-28,13.2,6,656,20.9,1516,,,,,,,4.8,270,1445,2.8,90,916,1.4,1210,50,5.2,31,1448,60.3,8.9,1020,1028.9,822,1024.7,1536,1026.9,10.8,9.2,1100,2.14,13.68,,,,,,1.5,1.3,13.6,2.4,,,,,,,,,,,,,,
143,대구,2004-10-29,14.3,7.9,653,22,1402,,,,,,,4.7,90,2216,3.2,90,152,1.3,1123,70,7.2,35,1400,63.8,10.1,1019.3,1028.5,815,1023.9,1623,1026.2,10.8,9.4,1100,2.01,13.01,,,,,,.3,0,13.4,4.4,,,,,,,,,,,,,{박무}0420-{박무}{강도0}0600-0640.,
143,대구,2004-10-30,16.2,10.1,656,24.4,1528,,,,,,,6.5,140,2207,4.3,140,2230,1.9,1642,70,9.1,27,1422,65,11.6,1016.5,1025.6,117,1020.9,1513,1023.3,10.8,9.6,1200,2.04,13.29,,,,,,1,1,14.6,5,,,,,,,,,,,,,,
143,대구,2004-10-31,14.3,8.8,718,21.3,1427,,,,,,,7.8,90,1721,5,90,1733,2.2,1901,140,8.8,41,1428,70.4,11.4,1012.1,1022.3,3,1016.2,1648,1018.9,10.7,6.9,1200,1.91,11.89,,,,,,2.8,.3,14.9,4.5,,,,,,,,,,,,,,
143,대구,2004-11-01,15,8.6,700,21.1,1412,.83,,,,,0,5.7,110,2235,3.8,110,2238,1.5,1296,140,8.5,33,1307,66.5,11.2,1006.9,1016.8,0,1011.7,1547,1013.7,10.7,7.7,1200,1.97,11.7,,,,,,5.1,3.3,14.3,4.1,,,,,,,,,,,,6,{박무}0330-{박무}{강도0}0600-0620. {비}1850-1940.,
143,대구,2004-11-02,13.7,11.6,2357,17.3,1451,4.75,,,,,6,6.5,290,1923,4.1,290,1931,2.3,1987,290,9,52,1451,73.4,11.6,1006.8,1015.9,2156,1011.3,34,1013.6,10.7,1.1,1100,1.02,6.25,,,,,,7.5,6.3,13.3,8.2,,,,,,,,,,,,.3,{비}0040-{비}{강도0}0300-0440. {박무}0520-{박무}{강도0}0600-{박무}{강도0}0900-1140. {비}1710-1720. {비}2320-2355.,
143,대구,2004-11-03,12.3,8.9,2348,16.9,1438,1.33,,,,,.3,9.9,290,1402,5.6,270,1223,2.7,2333,320,5.7,42,1437,63.9,9.1,1012.1,1022.2,2252,1015.4,255,1019,10.6,4.9,1200,1.88,10.16,,,,,,4.8,4.4,11.3,4.2,,,,,,,,,,,,,{비}0610-0730.,
143,대구,2004-11-04,12.2,6.8,521,19.1,1520,,,,,,,6,290,1131,3.7,270,1230,1.5,1296,20,5.1,35,1525,63.6,8.8,1015.7,1024.2,849,1020.7,1440,1022.6,10.6,9.5,1200,2.06,13.07,,,,,,0,0,10.7,2.1,,,,,,,,,,,,,{박무}0440-{박무}{강도0}0600-0740.,
143,대구,2004-11-05,12.4,5.7,705,19.5,1422,,,,,,,3.7,290,1435,2.7,290,1437,1.2,1037,50,6.1,36,1511,66.9,9.5,1013.1,1023.3,22,1017.2,1501,1020,10.6,6.6,1200,1.72,10.68,,,,,,5.3,0,11.3,1.9,,,,,,,,,,,,,{박무}0220-{박무}{강도0}0300-{박무}{강도0}0600-{박무}{강도0}0900-1120. {연무}1110-{연무}{강도0}1200-1440.,
143,대구,2004-11-06,13.6,9,2400,20.3,1510,,,,,,,6,290,1124,4.2,270,1138,1.5,1296,270,1.4,13,1528,50.4,7.5,1012.3,1021.9,2141,1016.6,348,1019.1,10.5,6.2,1200,1.92,10.83,,,,,,2.5,.9,14,3.1,,,,,,,,,,,,,{박무}0720-{박무}{강도0}0900-1140.,
143,대구,2004-11-07,13.3,6.7,714,21.1,1446,,,,,,,3.6,50,118,2.6,50,127,1.1,950,50,6.4,43,1310,63.6,9.8,1016.4,1025.1,859,1021.4,1444,1023.2,10.5,9,1200,1.95,12.11,,,,,,.8,.8,13.8,2.3,,,,,,,,,,,,,,
143,대구,2004-11-08,14.6,8.4,706,22.5,1450,,,,,,,4.7,270,1327,2.6,290,1258,1,864,50,8.7,39,1741,69.5,11.3,1017.5,1026,2320,1022.5,1416,1024.4,10.5,8,1200,1.8,11.23,,,,,,1,0,15,2.8,,,,,,,,,,,,,{박무}0320-{박무}{강도0}0600-{시정(미만)}{1km}{안개}0750-{시정(이상)}{1km}{박무}0840-{박무}{강도1}0900-{박무}{강도0}1200-1230. {연무}1220-{연무}{강도0}1500-1620. {박무}2330-{박무}{강도0}2400-,.83
143,대구,2004-11-09,15.6,9,652,24,1434,,,,,,,7.5,70,1621,3.4,90,1704,1.7,1469,70,9.2,28,1453,67,11.7,1019.5,1028.1,850,1024.5,1438,1026.3,10.5,8.4,1200,1.77,10.84,,,,,,1.8,.4,15.7,3.6,,,,,,,,,,,,,-{박무}-{박무}{강도0}0300-{박무}{강도0}0600-{박무}{강도0}0900-1130.,
143,대구,2004-11-10,16.3,11.6,253,20.6,1501,8.83,,,,,36,14.6,90,2047,5.1,90,2050,1.8,1555,140,14,67,1518,86,16.2,1012.2,1026.4,0,1012.9,2048,1019,10.4,0,1100,.8,4.36,,,,,,8,4.5,16.4,7.8,,,,,,,,,,,,36.5,{박무}0230-{박무}{강도0}0300-{박무}{강도0}0600{박무}{강도1}0900-{박무}{강도0}1200-{박무}{강도0}1500-{박무}{강도0}1800-{박무}{강도0}2100-{박무}{강도0}2400- {비}1355-1440. {비}1555-{비}{강도0}1800-{소나기}1910-{비}2055-{비}{강도2}2100-{비}{강도0}2400- {뇌전}{강도0}(SW 5~6)1922-{뇌전}{강도1}(SW{이동}S 3~4)2010-{뇌전}{강도2}(S 1~2)2020-{뇌전}{강도1}(S{이동}SE 3~4)2035-2045.,
143,대구,2004-11-11,18.3,15,2357,24.2,1358,1.33,,,,,.5,8.2,110,158,4.7,270,1333,2.2,1901,270,13.8,51,1400,74.8,16,1007.6,1017.9,2309,1011.8,453,1014.3,10.4,3.6,1200,1.82,8.95,,,,,,7.1,4.9,17,9.8,,,,,,,,,,,,,-{박무}-{박무}{강도0}0300-{박무}{강도0}0600-0840. -{비}-0120.,
143,대구,2004-11-12,10.7,5,2400,15,0,,,,,,,16.9,290,933,8.1,290,957,4.3,3715,290,-2.2,20,1645,41.5,5.5,1016.9,1029.2,2233,1017.7,1,1023.8,10.4,8.9,1200,1.96,12.04,,,,,,.6,.4,11.7,2.6,,,,,,,,,,,,,,
143,대구,2004-11-13,6.2,1.4,720,9.6,1602,4.67,,,,,1,9.4,20,140,3.3,290,1922,1.6,1382,320,.3,43,1429,66.8,6.3,1019.5,1031.7,315,1023.8,1316,1026.4,10.3,2.9,900,1.78,8.6,,,,,,6.1,3.6,7.7,-1.2,,,,,,,,,,,,1,{비}1850-{비}{강도0}2100-2330.,
143,대구,2004-11-14,9.8,6.4,1,14.8,1413,,,,,,,10.8,320,1115,3,270,1446,1.4,1210,270,1.1,22,1502,57.4,6.7,1012.9,1024.4,0,1017,2349,1019.9,10.3,4.8,1300,1.63,8.41,,,,,,7.1,2.5,10.9,3.5,,,,,,,,,,,,,,
143,대구,2004-11-15,8.6,4.5,2318,12.5,1241,,,,,,,12,290,1030,6.9,290,1037,3.8,3283,290,-4.4,19,1323,41.5,4.7,1012.1,1024.2,2326,1015.9,526,1019.1,10.3,7.5,1200,2.05,12.15,,,,,,2,.9,8.3,1.6,,,,,,,,,,,,,,
143,대구,2004-11-16,7.7,1.9,510,14.3,1406,,,,,,,10.5,290,1417,5.8,290,1424,1.9,1642,290,-2.2,30,1335,50.5,5.3,1017,1025.9,2249,1022.6,1400,1024,10.3,8.8,1100,1.91,11.86,,,,,,.3,.3,7.7,-3.7,,,,,,,,,,,,,,
143,대구,2004-11-17,9.6,3,540,15.7,1400,,,,,,,5,290,1353,3.2,270,1516,1,864,270,2.5,39,1401,61.8,7.3,1018.5,1028,958,1023.2,1527,1025.5,10.2,7.7,1300,1.51,9.57,,,,,,3,0,10,-2.6,,,,,,,,,,,,,{연무}0930-{연무}{강도0}1200-{연무}{강도0}1500-1630.,
143,대구,2004-11-18,10.9,6.1,732,17.3,1401,,,,,,,3.9,320,1625,2.4,270,1501,1,864,50,3.7,34,1548,62.1,8,1016.5,1026.1,32,1020.9,1410,1023.4,10.2,7.7,1100,1.62,9.92,,,,,,1.1,0,11.6,.9,,,,,,,,,,,,,{박무}0420-{박무}{강도0}0600-{박무}{강도0}0900-{박무}{강도0}1200-1230. {연무}1220-{연무}{강도0}1500-1540.,
143,대구,2004-11-19,10.3,4.8,614,17,1502,,,,,,,6.2,290,1530,4,290,1536,1.4,1210,290,3,29,1511,62.5,7.6,1013.9,1022.9,857,1018.4,1407,1020.9,10.2,8,1200,1.66,10.1,,,,,,0,0,10,-.5,,,,,,,,,,,,,{박무}0620-{박무}{강도0}0900-{박무}{강도0}1200-1240. {연무}1220-1430.,
143,대구,2004-11-20,10.2,5,653,16.3,1434,,,,,,,7.1,320,2044,4.3,320,2048,1.8,1555,270,2,30,1404,58.1,7.1,1013.6,1022.4,2359,1017.6,1555,1020.5,10.1,7.5,1100,1.53,9.14,,,,,,.9,.9,9.2,-1.1,,,,,,,,,,,,,{박무}0220-{박무}{강도0}0300-{박무}{강도0}0600-{박무}{강도0}0900-1130. {연무}1120-{연무}{강도0}1200-1240.,
143,대구,2004-11-21,8.9,5.5,623,14.2,1421,,,,,,,8.6,270,143,5.4,270,132,2.6,2246,270,-1.6,31,1508,48.1,5.4,1018.8,1027.9,2232,1022.3,13,1025.8,10.1,8.6,1200,1.85,11.31,,,,,,0,0,7.8,.2,,,,,,,,,,,,,,
143,대구,2004-11-22,7.9,2.3,533,15.2,1446,,,,,,,5.8,270,1424,3.9,270,1205,1.4,1210,20,-.8,28,1415,56.3,5.8,1021,1029.8,832,1026.3,1446,1028.1,10.1,8.2,1200,1.86,11.03,,,,,,0,0,8.5,-3.8,,,,,,,,,,,,,{박무}0830-{박무}{강도0}0900-1040.,
143,대구,2004-11-23,8.9,2.1,707,16.7,1457,,,,,,,5.1,270,1242,3.2,270,1251,1.1,950,20,-1,19,1454,53,5.7,1022.1,1030.6,2254,1026.9,1431,1029.1,10.1,8.2,1100,1.82,10.56,,,,,,1,0,7.9,-3.1,,,,,,,,,,,,,{박무}0540-{박무}{강도0}0600-{박무}{강도0}0900-1050.,
143,대구,2004-11-24,9.4,3.3,642,16.2,1452,,,,,,,3.2,70,906,2.2,90,913,.8,691,20,2,34,1233,60.9,7.1,1024.7,1033.4,2252,1029.9,257,1031.7,10.1,5.4,1100,1.68,8.39,,,,,,2.5,1.9,9.1,-1.8,,,,,,,,,,,,,{박무}0420-{박무}{강도0}0600-0710.,
143,대구,2004-11-25,10.7,5,651,16.8,1436,,,,,,,5.7,110,2347,3.9,110,2350,1.4,1210,50,6.9,55,1457,76.9,10,1023.9,1034.7,839,1025.6,2352,1030.9,10,5.8,1200,1.51,8.3,,,,,,3,1.5,10.6,0,,,,,,,,,,,,.5,{박무}0140-{박무}{강도0}0600-{박무}{강도0}0900-{시정(미만)}{1km}{안개}0940-{시정(미만)}{0.5km}{안개}0950-{시정(이상)}{0.5km}{안개}1040-{시정(이상)}{1km}{박무}1125-{박무}{강도1}1200-{박무}{강도0}1500-{박무}{강도0}1800-{박무}{강도0}2100-2230.,1.75
143,대구,2004-11-26,9.4,6.5,1709,15.3,904,6.83,,,,,3.5,17.3,290,1358,9.9,290,1403,4.7,4061,270,3,39,1520,65.4,8.2,1012.4,1025.8,0,1014.1,903,1019.4,10,.9,1500,.72,3.27,,,,,,6.9,5.1,8.7,3.3,,,,,,,,,,,,3,{박무}0140-{박무}{강도0}0300-{박무}{강도0}0600-{박무}{강도0}0900-0940. {비}0450-{비}{강도0}0600-{비}{강도0}0900-1140.,
143,대구,2004-11-27,8.9,6.7,731,12.3,1433,,,,,,,11.8,320,155,6.7,290,138,3.8,3283,290,.1,39,1317,53.5,6.2,1015.6,1023.9,334,1020.8,1445,1022.6,10,8.4,1100,1.72,10.67,,,,,,1.4,1.4,7.3,1.6,,,,,,,,,,,,,,
143,대구,2004-11-28,8.7,5,541,14.4,1457,,,,,,,6.8,290,1314,4.2,270,1108,2.2,1901,270,.1,32,1501,55.3,6.2,1014.9,1023.8,941,1019.8,1450,1021.8,10,8.3,1200,1.78,10.7,,,,,,0,0,8.4,-2,,,,,,,,,,,,,,
143,대구,2004-11-29,7.5,2,706,13.2,1404,,,,,,,6.8,270,1334,4.8,270,1211,2.1,1814,290,-5.1,19,1449,46.1,4.4,1015.2,1024.3,2351,1020.1,1338,1022.2,10,8.2,1200,1.85,10.8,,,,,,0,0,6.4,-3.3,,,,,,,,,,,,,{박무}0230-{박무}{강도0}0300-{박무}{강도0}0600-0720. {박무}0820-{박무}{강도0}0900-1030.,
143,대구,2004-11-30,6.9,1.5,700,12.3,1424,,,,,,,7.3,320,1522,4.8,290,1531,1.8,1555,290,-2.8,34,0,50.1,5,1020.5,1029.5,2326,1024.3,0,1027.6,9.9,8,1200,1.62,9.53,,,,,,0,0,5.8,-4.2,,,,,,,,,,,,,,
143,대구,2004-12-01,7.6,3.1,756,14.4,1420,,,,,,,6.5,320,1557,3.7,290,1553,2,1728,270,-2.3,20,1422,51.6,5.2,1025.1,1035.1,2253,1029.5,0,1032.2,9.9,7.1,1100,1.68,9.91,,,,,,2.3,1.1,6.6,-2.8,,,,,,,,,,,,,{박무}0230-{박무}{강도0}0300-{박무}{강도0}0600-0620.,
143,대구,2004-12-02,9,2.5,749,15.7,1449,,,,,,,14.4,110,1607,5,90,1657,1.6,1382,90,1.5,37,1500,60.3,6.9,1029.1,1038.5,859,1034.6,2400,1036.2,9.9,7.2,1200,1.34,7.69,,,,,,1.3,1.3,7.8,-2.7,,,,,,,,,,,,,,
143,대구,2004-12-03,11,5.3,723,17.6,1504,,,,,,,7.6,250,1537,4,270,1333,1.2,1037,270,5.1,43,1440,67.1,8.8,1020.5,1034.6,0,1020.8,2321,1027.5,9.9,8.5,1100,1.84,10.34,,,,,,1,1,9.9,0,,,,,,,,,,,,0,,
143,대구,2004-12-04,10.2,9.2,607,11.4,25,14.67,,,,,18.5,8.4,290,2214,5,290,2236,1.2,1037,50,7.9,69,30,84.3,10.7,1001.9,1021,0,1000,2049,1008.7,9.9,0,700,.36,1.6,,,,,,9.3,6.6,10.2,6.8,,,,,,,,,,,,18.6,{비}0850-{비}{강도0}0900-{비}{강도0}1200-{비}{강도0}1500-{비}{강도0}1800-{비}{강도0}2100-2140. {비}2210-{비}{강도0}2400- {박무}0930-{박무}{강도1}1200-{박무}{강도2}1500-{박무}{강도2}1800-{박무}{강도0}2100-2130.,
143,대구,2004-12-05,6.5,2.9,2357,10.8,0,1.67,,,,,.1,17.6,290,503,8.9,290,504,4.8,4147,290,-2.2,40,1512,53.3,5.3,1006.9,1025,2331,1000.3,35,1013.9,9.8,7.1,1200,1.84,10.37,,,,,,2.4,2.4,6.2,-2.2,,,,,,,,,,,,,-{비}-0140.,
143,대구,2004-12-06,5.3,-.5,644,10.5,1435,,,,,,,5,270,1048,3.4,290,1537,1.5,1296,290,-4.9,21,1421,49.6,4.3,1019.6,1030,1010,1024.3,1651,1026.7,9.8,8.4,1200,1.99,11.86,,,,,,2.6,.9,3.8,-6.3,,,,,,,,,,,,,,
143,대구,2004-12-07,7.3,2.6,2339,11.1,1405,,,,,,,8.3,290,939,5,290,950,2.7,2333,290,-4.1,26,1314,45.3,4.7,1019,1028.2,2344,1024,1436,1026,9.8,7.4,1200,1.78,10.45,,,,,,3.4,1.4,5.9,-3.8,,,,,,,,,,,,,,
143,대구,2004-12-08,5.2,-.4,741,12.5,1448,,,,,,,7.6,50,332,2.6,90,2324,1.2,1037,50,-2.9,33,1333,57.4,5,1021.3,1030.2,949,1026.5,1436,1028.5,9.8,8.3,1100,1.75,10.5,,,,,,0,0,4.1,-4.7,,,,,,,,,,,,,,
143,대구,2004-12-09,6.2,.4,619,13.8,1509,,,,,,,3.3,140,49,2.4,90,125,1,864,50,.2,38,1426,66.4,6.2,1020.8,1031.2,832,1025.5,1630,1027.9,9.8,8.6,1100,1.66,9.99,,,,,,0,0,4.8,-4.9,,,,,,,,,,,,,,
143,대구,2004-12-10,8.2,2.1,733,16,1416,,,,,,,7.8,320,1554,5.1,320,1555,2.1,1814,270,-1.5,22,2058,54.8,5.8,1018.8,1029.8,2345,1022.4,1413,1025.8,9.8,7.4,1100,1.67,9.92,,,,,,.1,.1,5.2,-3.1,,,,,,,,,,,,,{박무}0330-{박무}{강도0}0600-0740. {연무}1540-{연무}{강도0}1800-1930.,
143,대구,2004-12-11,6.7,-.2,759,13,1412,,,,,,,5.7,270,123,3.9,270,131,1.9,1642,110,-4.2,25,1219,46.3,4.6,1023.2,1032.5,948,1028.5,1613,1030.3,9.8,8.4,1200,1.87,11.04,,,,,,2.1,.5,5,-5.6,,,,,,,,,,,,,{햇무리}1630-1710.,
143,대구,2004-12-12,6.8,2.2,818,12.2,1452,,,,,,,4.1,90,120,2.5,110,148,1.3,1123,270,.4,38,1901,63.5,6.3,1018.9,1029.9,0,1022.5,1432,1026,9.8,2.3,1200,1.15,6.64,,,,,,4.3,0,5.3,-2.5,,,,,,,,,,,,,,
143,대구,2004-12-13,6,1.3,2355,12,1433,,,,,,,5.2,250,647,4,250,654,2,1728,250,-9.1,11,1249,38,3.4,1020.1,1028.8,942,1025.5,1417,1027.2,9.8,9.1,1200,2,11.82,,,,,,0,0,4.4,-4.1,,,,,,,,,,,,,,
143,대구,2004-12-14,4.5,-1.7,705,11.9,1441,,,,,,,3.7,250,1322,2.6,50,411,1.1,950,20,-5.2,27,1341,51.3,4.2,1018.7,1028.4,20,1023.6,1603,1025.8,9.8,7.7,1200,1.75,10.3,,,,,,2.9,.4,2.8,-7.1,,,,,,,,,,,,,,
143,대구,2004-12-15,7.9,2,600,13.6,1343,1.17,,,,,.3,2.8,50,156,2.1,70,1052,.7,605,50,1.8,40,1344,65.5,7.1,1013.4,1024.1,19,1016.8,2306,1020.4,9.8,4.2,1100,1.58,7.82,,,,,,6.8,3.6,6.5,-3.2,,,,,,,,,,,,.3,{비}2010-{비}{강도0}2100-2120.,
143,대구,2004-12-16,8.6,3.7,2343,13.1,1429,,,,,,,7.4,270,754,4.7,270,755,2.5,2160,290,-1.7,16,1331,51.1,5.8,1016.8,1027.8,2304,1016.7,11,1023.9,9.7,8.8,1200,1.93,11.67,,,,,,.8,.8,7,-2.2,,,,,,,,,,,,,,
143,대구,2004-12-17,6.4,.4,743,12.7,1455,,,,,,,3.4,90,543,2.3,70,551,1,864,20,-1,38,1325,59.6,5.7,1016.4,1027.8,59,1020.4,1648,1023.4,9.7,7.1,1100,1.51,9,,,,,,2.6,1,4.8,-4.7,,,,,,,,,,,,,,
143,대구,2004-12-18,7.4,3.3,2354,12.4,1412,,,,,,,9.1,290,1422,4.9,290,1424,1.7,1469,290,-1.6,30,1400,54.1,5.5,1014.5,1023.3,2331,1019.9,452,1021.6,9.7,4.4,1300,1.6,8.01,,,,,,4.3,3.4,6.3,-2.5,,,,,,,,,,,,,,
143,대구,2004-12-19,5.2,.8,545,9.7,1458,.33,,,,,0,3.5,250,1326,2.5,270,1334,1,864,50,-.1,50,1500,67.9,6.1,1012.4,1023.3,21,1016.5,2246,1019.5,9.7,1.5,1400,1.03,5.43,,,,,,6.3,4.6,4.5,-3.8,,,,,,,,,,,,.3,{박무}0530-{박무}{강도0}0600-0830. {비}2340-{비}{강도0}2400-,
143,대구,2004-12-20,4.2,-.4,2341,7.6,521,1.42,,,,,.3,11.5,320,1032,6.6,290,1035,3.4,2938,290,-9.4,16,1139,40.9,3.7,1013.2,1025.2,2349,1015.8,148,1020.3,9.7,7.9,1200,2.05,11.68,,,,,,2.5,1.6,5.2,-4.9,,,,,,,,,,,,,-{비}-0110. {비}0405-0420.,
143,대구,2004-12-21,1.1,-3,734,6.5,1512,,,,,,,5.6,250,544,3.9,320,152,1.6,1382,270,-13.2,18,1524,35,2.2,1016.4,1026.7,939,1021.5,1422,1023.6,9.7,5.5,1200,1.74,9.21,,,,,,3,0,1.1,-8.6,,,,,,,,,,,,,{햇무리}0850-0930.,
143,대구,2004-12-22,2.2,-.7,337,7.2,1359,,,,,,,6.4,290,1653,4,270,1502,1.7,1469,270,-12.8,13,1415,35.1,2.4,1013.3,1022.3,0,1018.2,1407,1020.5,9.7,1.8,1300,1.46,6.52,,,,,,4.9,0,1.6,-6.1,,,,,,,,,,,,,,
143,대구,2004-12-23,1,-4.3,744,6,1524,,,,,,,4.6,250,1045,2.8,270,114,1.3,1123,270,-13.7,13,1450,35.6,2.2,1015.2,1024.9,2344,1020.1,102,1022.4,9.7,8.7,1200,1.87,11.04,,,,,,1.6,1.5,.8,-9.7,,,,,,,,,,,,,,
143,대구,2004-12-24,2.3,.1,412,4.2,1436,5.58,,,,,0,5.7,290,2159,3.7,270,2213,1.6,1382,270,-5.3,40,308,57.8,4.3,1017,1026.1,1009,1022.8,1434,1024.3,9.7,0,1400,.42,2.48,,,,,,9,5.8,2,-3.9,,,,,,,,,,,,0,{눈}1010-1020. {눈}1430-1445. {눈}1525-1540. {진눈깨비}1745-{진눈깨비}{강도0}1800-{눈}1825-{눈}{강도0}2100-2240.,
143,대구,2004-12-25,2.9,.3,746,6.9,1443,,,,,,,9.7,270,1225,6,290,1225,3.4,2938,290,-7.1,28,1422,48.6,3.6,1014.8,1023.6,1007,1019.9,1458,1022,9.7,9,1200,1.86,11.4,,,,,,1.5,.9,3,-3.7,,,,,,,,,,,,,,
143,대구,2004-12-26,1.7,-.6,745,5.6,1424,,,,,,,8.5,290,1114,5.4,290,1258,3.4,2938,290,-10.7,25,1425,39.9,2.8,1015.6,1025,1018,1021.5,1405,1022.8,9.7,8.9,1200,1.93,11.69,,,,,,1.8,.6,1.9,-4.5,,,,,,,,,,,,,{달무리}2340-,
143,대구,2004-12-27,1.1,-1.6,735,5.2,1507,,,,,,,7.1,270,1629,4.6,270,1242,2.8,2419,270,-15.4,14,1539,29.8,1.9,1017.5,1026.7,2309,1022.6,1403,1024.7,9.7,7.9,1200,1.72,9.33,,,,,,3.5,0,1.4,-7.8,,,,,,,,,,,,,-{달무리}-0120.,
143,대구,2004-12-28,-.2,-3.2,704,3.3,1326,,,,,,,9,290,334,5.4,270,336,3.7,3197,270,-17.8,14,1332,27,1.6,1018.1,1027.3,846,1023.3,1331,1025.4,9.7,5.8,1100,1.86,9.6,,,,,,5,2.5,0,-7,,,,,,,,,,,,,{햇무리}1410-1605.,
143,대구,2004-12-29,-1.4,-3.5,745,2.4,1406,,,,,,,10.5,290,1259,6.9,290,1308,3.9,3370,270,-16.6,18,1357,32.5,1.7,1017.8,1028,2337,1023.3,1413,1025.1,9.8,9.1,1200,1.98,12.11,,,,,,.6,0,-.2,-9.4,,,,,,,,,,,,,,
143,대구,2004-12-30,-.7,-4.1,209,3.2,1440,,,,,,,6.9,270,1228,4.4,270,1233,2.3,1987,270,-13.2,25,1329,39.5,2.2,1019.2,1030.2,1028,1022.9,2400,1026.5,9.8,4.9,1200,1.94,9.25,,,,,,6.8,1.6,-.3,-8.6,,,,,,,,,,,,.2,{달무리}0330-0620.,
143,대구,2004-12-31,-.9,-3.1,2350,3,1324,2.3,,,,,.2,13.5,290,1342,7.9,290,1359,3.8,3283,290,-11.6,22,1348,48,2.6,1013.2,1022.9,0,1017.7,1432,1020.5,9.8,8.3,1100,1.79,11.05,.2,420,.2,420,.2,4.9,3.5,.2,-6,,,,,,,,,,,,,{눈}0202-{눈}{강도0}0300-0420.,
143,대구,2005-01-01,-1.8,-5,712,2,1441,,,,,,,10.5,290,1340,6.3,290,1200,3.5,3024,270,-16,20,1337,35.9,1.8,1016,1025,1001,1021.8,112,1023.3,9.8,9.2,1200,2.03,12.22,,,,,,0,0,-1,-9.4,,,,,,,,,,,,,,
143,대구,2005-01-02,1.4,-4,747,7.3,1455,,,,,,,7.2,250,1253,4.7,270,1331,1.7,1469,270,-8.4,33,1429,49.6,3.3,1015.2,1024.5,822,1020,1550,1022.4,9.8,8.7,1200,1.94,11.32,,,,,,.3,.3,-.1,-10.5,,,,,,,,,,,,,,
143,대구,2005-01-03,5.5,-1.1,639,11.6,1353,,,,,,,13.3,250,1529,7.2,270,2306,2.6,2246,270,-5,28,1524,48.6,4.2,1010,1021.6,0,1013.2,1603,1017,9.8,5.4,1300,1.89,9.18,,,,,,6.8,3.9,2.6,-7.7,,,,,,,,,,,,,,
143,대구,2005-01-04,-.4,-3.6,2356,6.5,0,,,,,,,13.2,290,228,8.4,290,428,4.9,4234,290,-17.2,16,1500,28.5,1.7,1017.2,1029.3,2311,1016.1,30,1024.4,9.8,9.1,1200,2.03,12.16,,,,,,0,0,.9,-7.8,,,,,,,,,,,,,,
143,대구,2005-01-05,-1.1,-7.5,624,4.5,1509,,,,,,,4.8,270,5,3.5,270,55,1.6,1382,20,-14.6,23,1418,36.9,2,1021.4,1032.6,931,1024.9,2315,1028.7,9.8,8.3,1200,1.87,10.89,,,,,,3.9,1.1,-.8,-12.3,,,,,,,,,,,,,,
143,대구,2005-01-06,3.5,.4,711,7.9,1436,,,,,,,9.7,320,1504,5.7,270,1211,2.7,2333,270,-11.5,10,1207,34.1,2.7,1015.7,1025.2,43,1021,1347,1022.8,9.8,7.9,1200,1.98,11.29,,,,,,3.9,1.8,2.8,-2.3,,,,,,,,,,,,,,
143,대구,2005-01-07,2.6,-2.3,2348,5.6,1350,,,,,,,11.4,290,1236,6.9,290,1241,4,3456,290,-13.3,13,1332,33.4,2.5,1017.7,1028.8,2227,1021,520,1024.8,9.9,8.3,1200,2.03,11.86,,,,,,2.8,2.8,3,-5.4,,,,,,,,,,,,,,
143,대구,2005-01-08,-.4,-4,723,3.7,1451,,,,,,,10.4,290,1604,6.1,270,1316,3.9,3370,270,-14.5,21,1412,35.1,2,1019.2,1029.4,855,1024,1639,1026.5,9.9,8.4,1200,1.96,12.08,,,,,,1.5,1.1,.2,-8.1,,,,,,,,,,,,,,
143,대구,2005-01-09,-3.8,-7.1,724,.8,1436,,,,,,,11.5,270,44,6.9,290,52,4,3456,290,-21.8,14,1445,25.5,1.1,1020,1029.3,948,1025.2,1458,1027.3,9.9,9.5,1200,2.1,12.87,,,,,,0,0,-1.7,-10.6,,,,,,,,,,,,,,
143,대구,2005-01-10,-1.9,-6.9,543,3.1,1546,1.17,,,,,0,11.4,320,1330,6.7,270,1308,3.5,3024,290,-13.4,29,1250,43,2.3,1018.1,1028.2,855,1023.4,1559,1025.4,9.9,9.2,1200,2.01,12.24,,,,,,2.4,1.9,-1.6,-9.8,,,,,,,,,,,,,{눈}2250-{눈}{강도0}2400-,
143,대구,2005-01-11,-.3,-2.7,2247,2.9,1315,1.58,,,,,0,15.8,320,1255,6.8,290,1658,4.6,3974,290,-12.2,25,1448,41.6,2.5,1016.1,1024.9,947,1022,1432,1023.4,9.9,9.2,1300,1.98,12.11,,,,,,.9,.9,.6,-5.4,,,,,,,,,,,,,-{눈}-0135.,
143,대구,2005-01-12,-1.8,-4.4,741,2.1,1516,,,,,,,12,270,406,6.2,270,421,4.1,3542,290,-13.8,27,1445,41,2.1,1017.5,1027.1,1015,1023.2,50,1024.8,9.9,9.3,1200,2.07,12.54,,,,,,0,0,-.9,-7.6,,,,,,,,,,,,,,
143,대구,2005-01-13,-1.2,-3.9,313,2.5,1517,,,,,,,8.1,270,1227,5,270,1255,3,2592,270,-11.6,32,1519,47,2.5,1017.5,1026.4,1002,1022.9,1508,1024.8,10,7.9,1100,1.86,10.67,,,,,,3.6,0,-1.1,-9.7,,,,,,,,,,,,,,
143,대구,2005-01-14,.2,-5.4,752,5.5,1456,,,,,,,6.4,270,2343,4.3,270,2350,1.9,1642,270,-10.4,33,1438,46.4,2.8,1015.2,1026.2,12,1020.1,1501,1022.5,10,6.8,1200,1.92,10.65,,,,,,4.1,0,.1,-10.8,,,,,,,,,,,,,,
143,대구,2005-01-15,.9,-2.2,803,5.3,1449,,,,,,,11.6,290,1524,6.9,290,1548,4.1,3542,270,-11.6,23,1508,40,2.6,1011.1,1020.6,900,1015.8,1429,1018.2,10,9,1200,2.05,12.35,,,,,,1.3,.6,1.6,-6.4,,,,,,,,,,,,,,
143,대구,2005-01-16,.6,-2.3,417,3.8,1458,3.33,,,,,.1,10.2,290,1147,6.3,290,1137,4.1,3542,270,-7.2,46,1401,55.6,3.6,1009.4,1021,2354,1014,1327,1016.6,10,2.9,1300,1.23,5.4,,,,,,5.3,3.6,0,-5.6,,,,,,,,,,,,,{눈}0710-0755. {눈}0955-{눈}{강도0}1200-1230.,
143,대구,2005-01-17,2.1,-3.7,747,8,1452,,,,,,,6.8,250,1137,4.3,270,1139,1.8,1555,20,-7.9,25,1455,50.5,3.4,1015.2,1024,1027,1020.5,1440,1022.4,10,9.4,1200,2.04,12.46,,,,,,.1,0,1.3,-9.5,,,,,,,,,,,,,,
143,대구,2005-01-18,2.5,-4.4,740,8.1,1334,.67,,,,,0,6,270,2225,4,270,2232,1.3,1123,50,-6.4,32,1501,54.3,3.8,1013.6,1023.8,847,1018.5,1508,1020.7,10.1,7.7,1200,1.94,11.08,,,,,,3.9,2.8,1.5,-10,,,,,,,,,,,,,{비}2205-2245.,
143,대구,2005-01-19,1.2,-1.1,2352,4.1,1422,,,,,,,12.3,320,1527,7.4,290,1546,4.7,4061,290,-11.7,18,1302,39.4,2.6,1015.3,1025.1,2317,1018.7,43,1022.5,10.1,9.4,1200,2.16,13.23,,,,,,2.5,2.5,2.4,-3.7,,,,,,,,,,,,,,
143,대구,2005-01-20,-1.1,-4,2344,2,1344,,,,,,,13,290,1011,8,290,1533,5.1,4406,290,-14.6,22,1525,36.9,2,1020,1031,2351,1024.8,24,1027.4,10.1,9.3,1200,2.13,12.76,,,,,,.5,.5,.4,-7.5,,,,,,,,,,,,,,
143,대구,2005-01-21,-1.4,-6.4,727,4.5,1538,,,,,,,7.8,290,1512,4.8,270,1516,2.9,2506,270,-17.4,14,1539,31.8,1.6,1024.5,1033.9,910,1030.3,1535,1031.8,10.1,9.7,1200,2.17,13.6,,,,,,0,0,-.6,-10.2,,,,,,,,,,,,,,
143,대구,2005-01-22,1,-5.5,747,5.3,1527,,,,,,,4.5,270,219,3.3,250,222,1,864,20,-15.7,12,1615,30.5,1.8,1020.2,1031.2,35,1023.4,2345,1027.4,10.2,4.9,1100,1.82,9.41,,,,,,7,3.8,.3,-11.5,,,,,,,,,,,,,,
143,대구,2005-01-23,4.8,.2,753,10.7,1446,1.58,,,,,0,5.1,110,1612,3.6,90,2323,1.4,1210,50,-3.5,26,434,55.5,4.9,1015.2,1024.3,805,1020.6,1504,1022.2,10.2,5.3,1400,1.96,10.19,,,,,,4.8,2.5,5.5,-2.1,,,,,,,,,,,,,{진눈깨비}0605-{눈}0620-0635. {눈}0710-0815. {달무리}2310-,
143,대구,2005-01-24,4,1.5,318,7.3,1554,,,,,,,7.5,290,1646,5.1,290,1631,2.2,1901,290,-4.2,27,1220,56.5,4.6,1010.9,1021.4,28,1015.7,1539,1018,10.2,.3,1200,.79,5.51,,,,,,6.8,4.3,3.6,-5.9,,,,,,,,,,,,,-{달무리}-0130.,
143,대구,2005-01-25,.8,-1.9,605,4,1634,7.75,,,,,4.7,5.3,270,1717,3.7,270,1723,1.4,1210,250,-2.6,58,1304,77.8,5.1,1008.5,1017.8,47,1012.7,1607,1015.7,10.2,0,1100,.47,3.18,1.5,2220,1.5,2220,1.5,8.3,5.9,1,-8,,,,,,,,,,,,,{박무}0630-{박무}{강도0}0900-{박무}{강도0}1200-{박무}{강도0}1500-{박무}{강도0}1800-{박무}{강도1}2100-{박무}{강도1}2400- {눈}1335-1440. {눈}1720-{눈}{강도0}1800-{눈}{강도0}2100-{진눈깨비}2340-{진눈깨비}{강도0}2400-,
143,대구,2005-01-26,3.9,1.1,0,9,1405,2.67,,,,,1,5.2,290,1618,3.5,320,1621,1.4,1210,250,-.3,47,1453,74.1,6,1011.1,1020.3,2253,1015.4,0,1018.2,10.3,4.3,1200,1.78,10.05,,,1.3,0,,5.8,3.3,4.5,-1.7,,,,,,,,,,,,,-{진눈깨비}-{비}0045-0240. -{박무}-{박무}{강도0}0300-{박무}{강도0}0600-{박무}{강도0}0900-{박무}{강도0}1200-1415.,
143,대구,2005-01-27,3.8,.4,2359,9.5,1520,,,,,,,5.5,290,1407,3.3,270,420,1.7,1469,270,-6.4,21,1521,50.5,3.9,1009.9,1019.1,0,1014.8,1608,1017,10.3,3,1500,1.32,8.42,,,,,,4,1.3,3.4,-5.2,,,,,,,,,,,,,{박무}0140-{박무}{강도0}0300-{박무}{강도0}0600-{박무}{강도0}0900-0940.,
143,대구,2005-01-28,3.5,-2.7,708,11.5,1508,,,,,,,3.8,270,1631,2.6,270,1638,1,864,20,-8.5,16,1555,45.6,3.3,1007.8,1017.5,215,1012,1549,1014.8,10.3,9.3,1300,1.83,11.88,,,,,,1.1,0,2.6,-8.6,,,,,,,,,,,,,{연무}1120-{연무}{강도0}1200-1330.,
143,대구,2005-01-29,1.2,-1.8,2353,6.2,1323,.92,,,,,.3,11.9,290,1525,6.5,290,1527,2.6,2246,290,-7.7,33,2057,53,3.6,1005.1,1017.6,2345,1007.3,1318,1012.3,10.4,1.6,900,.85,4.24,,,,,,3.3,2.3,0,-7.2,,,,,,,,,,,,,{박무}1420-{박무}{강도0}1500-1620. {비}1435-{비}{강도0}1500-1530.,
143,대구,2005-01-30,-2.4,-4.8,818,1.1,1403,,,,,,,11.8,290,1720,6.9,290,1723,4.1,3542,290,-17.1,19,1349,33.9,1.7,1011.6,1020.9,835,1015.9,1355,1018.8,10.4,5.7,1200,2.06,10.61,,,,,,2.4,.6,-1.6,-7.3,,,,,,,,,,,,,{햇무리}1350-1450.,
143,대구,2005-01-31,-2.8,-6.4,708,2.4,1547,2.25,,,,,.4,14.1,290,1246,8.2,270,2215,4.9,4234,270,-16.6,16,1129,39.1,1.9,1006,1018.9,418,1007.2,1922,1013.2,10.4,8.7,1200,2.35,14.39,1.4,2145,1.4,2145,1.4,2,1.8,-.7,-9.8,,,,,,,,,,,,,{눈}1955-{눈}{강도0}2100-2150. {눈}2220-2240.,
143,대구,2005-02-01,-6.3,-9.4,747,-2.7,1437,,,,,,,19.3,290,955,10,270,1035,6.3,5443,290,-19,26,1606,39.3,1.4,1004.5,1016.7,2359,1009.5,535,1011.8,10.4,9.5,1100,2.23,14.45,,,1,0,,1.9,1.9,-1.8,-11.5,,,,,,,,,,,,,,
143,대구,2005-02-02,-3.6,-8.2,417,.7,1440,,,,,,,11.8,320,1506,6.1,290,1149,3.7,3197,290,-14.1,32,1417,46.9,2.1,1011.6,1021.4,2359,1016.5,22,1019,10.5,9.7,1200,2.32,14.82,,,,,,.3,.3,-1.2,-11.8,,,,,,,,,,,,,,
143,대구,2005-02-03,-.4,-4,534,4.7,1523,,,,,,,9.3,270,1203,5.2,290,1120,2.9,2506,290,-12.7,23,1630,41,2.3,1015.8,1025.4,1018,1021.2,1547,1023.1,10.5,9.5,1200,2.29,14.71,,,,,,.8,.8,.4,-8.1,,,,,,,,,,,,,,
143,대구,2005-02-04,2.7,-1,648,8,1447,,,,,,,8.9,290,1448,4.8,290,1225,2.9,2506,290,-13.1,18,1120,31,2.3,1014.8,1023.6,2249,1019.3,1605,1021.9,10.5,8.3,1200,2.23,13.5,,,,,,1.8,.3,2.5,-5.7,,,,,,,,,,,,,,
143,대구,2005-02-05,2.6,-.9,2400,8.3,1452,,,,,,,7.9,290,1012,4.8,270,1156,2.6,2246,270,-12,19,1510,34.1,2.5,1016.4,1025.5,2314,1021.6,1559,1023.6,10.6,8.2,1200,2.32,14.16,,,,,,1.8,0,2.9,-6.7,,,,,,,,,,,,,,
143,대구,2005-02-06,3.1,-4.2,645,10,1445,,,,,,,8.2,90,1810,5.1,90,1818,1.6,1382,50,-6.9,29,1641,49.4,3.8,1019.8,1029.3,754,1024.8,1645,1027,10.6,7.5,1200,2.15,12.88,,,,,,1.8,1.6,3.1,-8.7,,,,,,,,,,,,,,
143,대구,2005-02-07,5.6,.5,401,9.7,1354,,,,,,,7.1,90,1711,4.9,90,1727,2.2,1901,90,.1,54,1355,67.1,6.2,1018,1028.4,111,1023.1,1525,1025.1,10.6,.7,1100,1.41,7.71,,,,,,9.3,4,5,-2.5,,,,,,,,,,,,,,
143,대구,2005-02-08,5.9,1.7,2400,10,1519,6.2,,,,,.4,7,270,1357,4.4,270,1358,1.9,1642,270,.2,41,1547,67.1,6.3,1017.4,1026.9,2238,1022.4,247,1024.5,10.7,5.1,1300,2.1,9.78,,,,,,5.9,3.6,6.8,-4.4,,,,,,,,,,,,,{비}0238-{비}{강도0}0300-{비}{강도0}0600-0850. {박무}0740-{박무}{강도0}0900-1050.,
143,대구,2005-02-09,2.3,-.7,517,6.8,1324,1.83,,,,,.2,8.3,270,1936,5,270,1630,2.3,1987,270,-4.2,27,1530,64.1,4.6,1017,1027,25,1020.6,1548,1024.2,10.7,.8,1000,1.45,5.92,.3,2140,.3,2140,.3,6.9,3.9,2.1,-6.6,,,,,,,,,,,,,{박무}0330-{박무}{강도0}0600-{박무}{강도0}0900-{박무}{강도0}1200-1220. {박무}1930-{박무}{강도0}2100-2210. {비}1950-{눈}2010-{눈}{강도0}2100-2140.,
143,대구,2005-02-10,-.8,-4,2356,4.2,1444,,,,,,,11.6,290,1351,7.3,290,1354,4.4,3802,270,-17.6,13,1501,30,1.7,1020.8,1031.9,2349,1024.4,0,1028.1,10.7,6.8,1200,2.57,14.4,,,.3,0,,1.6,0,1.6,-6.7,,,,,,,,,,,,,,
143,대구,2005-02-11,-2.3,-6.6,715,2.9,1456,,,,,,,10.8,290,934,6.3,290,948,4,3456,270,-19.2,16,1457,28.1,1.4,1025,1034.6,948,1030,1538,1032.4,10.8,9.8,1200,2.51,15.8,,,,,,.8,0,.7,-9.2,,,,,,,,,,,,,,
143,대구,2005-02-12,-1.3,-5,425,3.2,1620,,,,,,,6.3,290,1622,4.3,270,1425,2.5,2160,270,-19.2,12,1609,26,1.4,1023.1,1033.2,845,1028.4,1824,1030.5,10.8,2,1200,1.57,9.29,,,,,,4.4,.4,-.6,-9,,,,,,,,,,,,,,
143,대구,2005-02-13,.9,-3.8,650,6.8,1557,,,,,,,9,290,1503,5.7,270,1510,2.9,2506,270,-17.1,14,1135,26.3,1.7,1023.4,1033.3,2322,1028.2,1418,1030.7,10.8,10,1200,2.56,16.8,,,,,,.3,0,1.8,-9.8,,,,,,,,,,,,,,
143,대구,2005-02-14,2.7,-3.2,545,7.1,1551,,,,,,,3.9,270,1205,2.6,270,1159,.9,778,70,-9.4,25,1206,41.8,3.1,1021.7,1033.2,0,1026.4,1813,1028.9,10.9,3,1200,1.63,8.61,,,,,,7,1.9,1.7,-9.4,,,,,,,,,,,,,{연무}1220-1450.,
143,대구,2005-02-15,5.6,2.9,637,8.9,1300,13.42,,,,,8,16,90,2221,8.8,90,2224,3.4,2938,90,0,42,0,67.3,6.4,1014.4,1026.8,1,1015,2328,1021.5,10.9,0,1200,.53,3.31,,,,,,10,5.9,4.7,.5,,,,,,,,,,,,,{비}0150-{비}{강도0}0300-0320. {비}0455-0505. {비}0710-{비}{강도0}0900-0930. {박무}0920-1120. {비}1435-{비}{강도0}1500-{비}{강도0}1800-{비}{강도0}2100-{비}{강도1}2400-,
143,대구,2005-02-16,5.7,4.6,726,6.7,0,17.83,,,,,5.5,10.1,90,5,6.1,90,107,2.5,2160,110,4.1,83,122,87.9,8.2,1008.7,1020,2239,1012.9,335,1015.8,10.9,0,1100,.47,3.1,,,,,,10,6.3,6.1,3.4,,,,,,,,,,,,,-{비}-{비}{강도0}0300-{비}{강도0}0600-{비}{강도0}0900-{비}{강도0}1200-1450. {비}1620-1730. {비}1850-2040.,
143,대구,2005-02-17,6.5,4.4,721,10.2,1444,1.58,,,,,0,13,90,1542,7.3,90,1550,2.9,2506,110,1.9,49,1454,72.5,7,1016.8,1027,2116,1019.3,37,1023.9,11,1.9,1100,1.99,9.27,,,,,,8.3,6.1,6.9,.6,,,,,,,,,,,,,{비}2145-2320.,
143,대구,2005-02-18,3.8,2.4,1444,5.8,18,7.67,,,,,2.5,12,90,202,7.3,90,231,3.1,2678,90,-.5,54,303,73.3,5.9,1016.6,1026.3,3,1021,2338,1023.8,11,0,1500,.49,2.93,,,,,,9.5,5.5,4,1.1,,,,,,,,,,,,,{비}0950-{비}{강도0}1200-{진눈깨비}1250-{진눈깨비}{강도0}1500-{비}1550-1730.,
143,대구,2005-02-19,1.8,-4.4,2353,7.2,1305,,,,,,,15.1,320,1809,8.5,290,1534,4,3456,290,-6.5,24,1809,57.5,4.3,1011.9,1022.2,2320,1015.9,1348,1019.1,11,3.3,1400,2,10.2,,,,,,6.1,4.4,3.9,-5.7,,,,,,,,,,,,,,
143,대구,2005-02-20,-3.7,-7.6,712,1.1,1610,,,,,,,11.5,290,1325,6.2,290,1115,4.4,3802,290,-17.8,20,1236,35.9,1.6,1017.2,1027.6,844,1021.5,1701,1024.6,11.1,10.2,1200,2.69,18.22,,,,,,.6,.3,-.6,-9.7,,,,,,,,,,,,,,
143,대구,2005-02-21,-3,-7.1,606,1.6,1522,,,,,,,11,270,221,6.3,270,225,3.3,2851,290,-18.3,13,1535,34.6,1.5,1019.1,1028.4,845,1024.5,1718,1026.4,11.1,10.5,1200,2.78,18.95,,,,,,0,0,-.1,-10.1,,,,,,,,,,,,,,
143,대구,2005-02-22,1.6,-6.8,500,8.8,1446,1.22,,,,,0,10.1,270,2304,5.8,270,2305,2.1,1814,250,-8.5,25,1303,49.3,3.6,1011.8,1026.6,49,1011.7,2033,1018.9,11.2,3,1400,2.07,11.32,,,,,,5.1,3.8,1.6,-9.8,,,,,,,,,,,,0,{햇무리}1130-1220. {비}2140-2240. {비}2302-2315.,
143,대구,2005-02-23,4.4,1.1,723,8.8,1437,,,,,,,9.5,270,223,6.1,270,1139,3.4,2938,270,-12.1,18,1220,29.5,2.5,1010.3,1019.5,2051,1012.9,0,1017.4,11.2,8.5,1200,2.39,15.27,,,,,,0,0,3.8,-3.1,,,,,,,,,,,,,,
143,대구,2005-02-24,2.3,.2,304,5.8,1506,,,,,,,7.7,90,1306,4.2,140,1700,2,1728,140,-6.2,27,0,54.3,4,1007.3,1018.2,41,1011.7,1447,1014.4,11.2,2,1500,1.41,6.61,,,,,,5.8,2.5,2.7,-5.6,,,,,,,,,,,,,,
143,대구,2005-02-25,0,-3.3,2349,3.9,1421,,,,,,,12.6,320,1112,7.6,290,1107,4.7,4061,290,-19,13,1735,23.9,1.4,1013,1025,2325,1014.5,0,1020.2,11.3,10,1300,2.58,17.62,,,,,,1.9,.3,1.9,-6.1,,,,,,,,,,,,,,
143,대구,2005-02-26,-1.8,-6.1,648,3.5,1425,,,,,,,10.8,290,1418,6.5,290,1402,4,3456,290,-20,11,1537,26.1,1.3,1019,1028.4,2344,1024.5,318,1026.4,11.3,10.8,1200,2.83,19.29,,,,,,0,0,.9,-9.1,,,,,,,,,,,,,,
143,대구,2005-02-27,.8,-4.5,538,6.7,1606,,,,,,,7.9,270,1606,5,290,1614,2.9,2506,270,-16.8,13,1532,27.5,1.7,1019,1029.6,410,1023.4,1500,1026.2,11.3,9.4,1200,2.27,15.65,,,,,,2.4,0,1.1,-10.5,,,,,,,,,,,,,,
143,대구,2005-02-28,3.3,-1,656,9,1530,,,,,,,8.3,270,1447,5.5,270,1520,2.9,2506,290,-13.3,16,2014,29.6,2.3,1017,1026.2,232,1021.3,1543,1024.2,11.4,8.8,1300,2.51,15.65,,,,,,1.9,0,3.1,-7.3,,,,,,,,,,,,,,
143,대구,2005-03-01,3.6,-1.3,636,8.7,1444,,,,,,,9.5,270,1231,6.2,270,1235,2.7,2333,290,-15.8,11,1403,23.8,1.8,1019.3,1028.3,842,1024.8,1433,1026.5,11.4,10.6,1200,2.86,19.18,,,,,,0,0,3.5,-7.6,,,,,,,,,,,,,,
143,대구,2005-03-02,3.5,.9,637,7.4,1536,,,,,,,5.9,250,1715,4.1,270,1701,2,1728,290,-6.5,30,0,47.9,3.9,1020,1028.3,2303,1025.4,1557,1027.1,11.4,1,1400,1.49,9.15,,,,,,7.1,2.3,3.8,-4,,,,,,,,,,,,,,
143,대구,2005-03-03,2.1,-.8,642,6.9,1448,,,,,,,8.7,320,1401,5.3,290,1306,3.6,3110,290,-13.3,15,1402,32.9,2.3,1018.7,1028,230,1023,1557,1025.9,11.5,9.4,1200,2.62,17.08,,,,,,3,0,3.9,-4.7,,,,,,,,,,,,,{햇무리}0810-0930.,
143,대구,2005-03-04,2.3,-2.6,640,8,1525,,,,,,,8.5,270,943,5.9,290,1030,3.2,2765,270,-11.8,20,1151,36.5,2.6,1016.2,1026.2,3,1020.9,1509,1023.4,11.5,9.5,1200,2.74,18.08,,,,,,2.8,2.4,4.1,-5.8,,,,,,,,,,,,,,
143,대구,2005-03-05,1.1,-2.5,714,6.5,1228,5.58,,,,,3.7,8.4,290,2241,5,320,1954,2.1,1814,270,-6,28,1357,61.5,4,1015.2,1024.2,2346,1019.5,1544,1022.5,11.6,5.4,1100,2.49,12.21,4.5,2400,4.5,2400,4.5,5.4,4.3,2.5,-8.3,,,,,,,,,,,,,{눈}1450-{눈}{강도0}1500-1520. {눈}1635-1730. {눈}1950-{눈}{강도0}2100-{눈}{강도0}2400-,
143,대구,2005-03-06,3.3,-2.3,440,9.7,1621,1.75,,,,,.1,6.7,360,1324,4.2,270,909,2.7,2333,270,-8.5,21,1829,46.3,3.3,1018.6,1028.5,845,1023.5,1707,1025.7,11.6,10.8,1200,2.82,20.37,.3,145,4.8,145,.3,0,0,4.8,-3.3,,,,,,,,,,,,,-{눈}-0145.,
143,대구,2005-03-07,7.6,-.5,655,15.6,1623,,,,,,,9,270,1726,5.3,270,1734,2.8,2419,270,-7.7,20,1536,34.1,3.5,1015.6,1025.7,2,1019.2,1646,1022.6,11.6,10.5,1200,2.62,17.83,,,,,,0,0,5.8,-6,,,,,,,,,,,,,,
143,대구,2005-03-08,11.2,3.1,721,18.6,1625,,,,,,,8.2,270,1755,4.5,270,1642,2.4,2074,270,-1.5,18,1836,43,5.5,1013.7,1023,826,1017,1629,1020.6,11.7,9.7,1200,2.49,16.32,,,,,,2,.5,9.4,-3,,,,,,,,,,,,,{연무}1020-{연무}{강도0}1200-{연무}{강도0}1500-1630.,
143,대구,2005-03-09,11.2,4.5,716,18,1608,,,,,,,6.4,160,1650,3.7,140,1057,1.7,1469,70,1.5,32,1519,51.9,7,1012.9,1023.6,800,1016,1654,1019.8,11.7,8.2,1200,2.32,15.23,,,,,,.5,.3,10.7,.1,,,,,,,,,,,,,{박무}0220-{박무}{강도0}0300-{박무}{강도0}0600-{박무}{강도0}0900-1040. {연무}1330-{연무}{강도0}1500-1630.,
143,대구,2005-03-10,14.8,8.7,710,21.6,1530,,,,,,,7.2,270,1457,3.7,160,1850,1.6,1382,50,7.2,34,1521,61.8,10.1,1005.2,1017.1,0,1008,1635,1011.9,11.7,8.4,1200,2.39,15.09,,,,,,4.9,3.5,15.1,2.1,,,,,,,,,,,,,,
143,대구,2005-03-11,5.5,-1.6,2359,12.4,0,5.17,,,,,5.5,13.1,290,2307,8.1,270,2237,4.4,3802,270,-.8,38,1909,65.4,6.5,1004.5,1016.4,2356,1009.3,1528,1011.5,11.8,.9,1400,1.08,4.7,,,,,,7.4,4.8,7.5,-3,,,,,,,,,,,,,{비}0610-{비}{강도0}0900-1120.,
143,대구,2005-03-12,-.9,-4.1,650,3.7,1545,,,,,,,13.2,290,2120,7.4,290,1254,5.3,4579,290,-16.4,20,1248,31,1.7,1011.7,1021.1,2306,1016.3,1,1018.9,11.8,11.1,1200,3.03,21.18,,,,,,1.9,1.4,2.4,-6.2,,,,,,,,,,,,,,
143,대구,2005-03-13,.2,-4.1,416,5.4,1347,,,,,,,12.4,270,1056,7.5,290,1008,5.2,4493,270,-15.9,17,1228,30.9,1.8,1011.7,1021.4,154,1015.9,1601,1018.9,11.9,10.4,1200,3.02,21,,,,,,1,1,1.8,-7.1,,,,,,,,,,,,,,
143,대구,2005-03-14,4.8,-1,547,11,1538,,,,,,,10.7,270,1201,6.1,270,1153,2.7,2333,270,-12.3,13,1445,30.5,2.4,1013.1,1021.9,849,1018.2,1628,1020.1,11.9,11,1200,3.06,21.56,,,,,,1.1,.6,5.3,-5.9,,,,,,,,,,,,,,
143,대구,2005-03-15,6.3,1.9,635,11.7,1410,2.08,,,,,.4,9.9,270,1559,6,270,1606,1.8,1555,270,-2.8,24,1226,55,5.3,1014.3,1023.1,2321,1019.3,1441,1021.4,11.9,3.8,1200,2.86,13.79,,,,,,8.3,4.5,8.5,-3,,,,,,,,,,,,,{비}1625-{비}{강도0}1800-1830.,
143,대구,2005-03-16,9,2.5,842,15.9,1521,2.5,,,,,.5,5.6,180,2051,3.8,160,2059,1.5,1296,270,1.1,29,1458,62.8,6.7,1014.9,1026.8,932,1017.7,2357,1022.2,12,6.2,1200,2.9,16.45,,,,,,7.4,5.8,10.7,-2.2,,,,,,,,,,,,,{박무}0120-{박무}{강도0}0300-{박무}{강도1}0600-{시정(미만)}{1km}{안개}0630-{안개}{강도0}0900-{시정(이상)}{1km}{박무}0940-{박무}{강도0}1200-1250. {비}2130-{비}{강도0}2400-,3.17
143,대구,2005-03-17,8.4,5.6,756,12.6,1534,12.33,,,,,25,9.4,290,2340,5.9,270,2343,3,2592,270,3.3,44,1631,71.4,7.8,1004.9,1017.7,0,1011,503,1012,12,2.6,1300,1.51,8.78,,,,,,8.1,5.5,8.9,4.1,,,,,,,,,,,,,-{비}-{비}{강도1}0300-{비}{강도1}0600-{비}{강도0}0900-1010. {비}2150-{비}{강도0}2400-,
143,대구,2005-03-18,7,3.6,627,11.8,1615,.25,,,,,0,12.5,270,1232,7.2,270,1234,4.6,3974,290,-8.4,14,1633,34.9,3.4,1013.6,1026.4,2340,1012.8,0,1020.8,12,11.1,1200,3.05,22,,,,,,1.9,1.9,8.1,.2,,,,,,,,,,,,,-{비}-0015.,
143,대구,2005-03-19,7.7,1.2,527,14.6,1604,,,,,,,7.3,270,321,4.5,270,326,2.2,1901,270,-10.1,12,1540,28.6,2.9,1018.4,1029.5,910,1022.5,2247,1025.7,12.1,9.8,1200,3.09,21.69,,,,,,2,0,7.8,-3,,,,,,,,,,,,,,
143,대구,2005-03-20,9.6,5.9,711,14.7,1446,,,,,,,11.3,270,1515,7.5,290,1327,3.3,2851,290,-6.7,13,1312,32.4,3.8,1014,1023.6,3,1018.1,1702,1021.2,12.1,9.8,1200,3.11,21.56,,,,,,2.6,.5,10.3,2.1,,,,,,,,,,,,,,
143,대구,2005-03-21,10.6,3,616,17.9,1508,.93,,,,,.4,8.2,270,2306,4.1,270,1537,2,1728,270,-1.1,24,1509,46.1,5.7,1012.8,1025.6,715,1014.8,1924,1020,12.2,8.2,1200,2.6,18.32,,,,,,5,2.6,11.7,-1.4,,,,,,,,,,,,,{박무}0830-{박무}{강도0}0900-0930. {연무}0920-{연무}{강도0}1200-1320. {비}2304-{비}{강도0}2400-,
143,대구,2005-03-22,8.6,6,609,13,1639,12.17,,,,,27,7.9,290,1216,4.6,270,1134,2.1,1814,110,5.4,55,1646,79.8,9,1002.8,1015.1,0,1006.9,1413,1010,12.2,3.9,1400,2.68,10.99,,,,,,6.9,4.1,10.8,3.4,,,,,,,,,,,,,-{비}-{비}{강도0}0300-{비}{강도0}0600-{비}{강도0}0900-{비}{강도0}1200-1210. {박무}1210-1340.,
143,대구,2005-03-23,9.8,6.3,349,14.4,1557,,,,,,,6.9,270,2133,4.1,290,2141,2.3,1987,90,2.7,31,2255,62.4,7.6,1005.3,1014,2148,1010,1631,1012.4,12.3,2.3,1400,1.91,10.97,,,,,,7,3.3,10.5,3.5,,,,,,,,,,,,,{박무}0130-{박무}{강도0}0300-{박무}{강도0}0600-{박무}{강도0}0900-{박무}{강도0}1200-{박무}{강도0}1500-1530. {박무}1940-{박무}{강도0}2100-2120.,
143,대구,2005-03-24,4.5,1.4,2331,8.8,0,1.58,,,,,.5,14.6,270,732,8.6,290,1248,4.8,4147,270,-6.1,16,1902,46.8,4.1,1005.6,1019.2,2328,1007.8,610,1012.9,12.3,5.4,1200,2.23,14.33,,,,,,5.3,4,5.3,-.6,,,,,,,,,,,,,{비}0720-{눈}0735-{비}0810-0825. {눈}1450-{눈}{강도0}1500-1520.,
143,대구,2005-03-25,5.9,-.2,341,12.1,1425,,,,,,,15.8,270,1631,9,290,1638,4.5,3888,270,-10.8,14,1414,31,2.8,1010.9,1020.8,759,1015,1635,1018.1,12.3,11.4,1200,3.13,22.78,,,,,,.4,.4,6.4,-3.1,,,,,,,,,,,,,,
143,대구,2005-03-26,10.8,2.8,710,18.4,1651,,,,,,,6,270,1344,3.8,290,1421,1.5,1296,320,-2.9,17,1707,40.3,5,1013.8,1023.2,904,1018.6,1650,1021,12.4,9.3,1200,2.57,18.46,,,,,,3.4,.4,10.6,-3.5,,,,,,,,,,,,,,
143,대구,2005-03-27,9.9,5.6,703,13.2,1220,4.6,,,,,4,5.1,270,1351,3.1,270,1408,1,864,270,5.3,45,1113,73.4,9.1,1010.3,1021.7,13,1013.3,2354,1017.5,12.4,2.2,900,1.38,7.57,,,,,,7.5,4.1,9.9,-.2,,,,,,,,,,,,,{비}1354-{비}{강도0}1500-{비}{강도0}1800-1830. {박무}2030-{박무}{강도0}2100-{박무}{강도0}2400-,
143,대구,2005-03-28,12.9,7.4,2359,21,1548,,,,,,,13.8,270,1606,7.6,270,1558,3.7,3197,270,2.8,17,1331,54.9,7.8,1002.4,1013.3,0,1004.7,1555,1009.5,12.4,8.1,1200,3.27,20.43,,,,,,2.3,.9,14.1,4.9,,,,,,,,,,,,,-{박무}-{박무}{강도0}0300-{박무}{강도0}0600-{박무}{강도0}0820.,
143,대구,2005-03-29,8.1,4.1,556,13.5,1601,,,,,,,10.8,270,1249,6.7,290,1257,4,3456,290,-9.7,13,1549,29.1,3,1006.1,1015.3,850,1010.1,1659,1013.3,12.5,11.5,1200,3.16,23.27,,,,,,0,0,10.1,-.1,,,,,,,,,,,,,{황사}1230-{황사}{강도0}1500-1640.,
143,대구,2005-03-30,10.2,2.7,543,18.3,1514,,,,,,,13.7,270,1713,8,270,1711,3.8,3283,270,-11,11,1457,24,2.7,1006.2,1016,829,1010,1530,1013.3,12.5,11.3,1200,3.1,22.88,,,,,,0,0,11.4,-1.9,,,,,,,,,,,,,,
143,대구,2005-03-31,12.7,5.1,633,19.2,1618,,,,,,,8.8,290,1247,5.4,270,1220,2.4,2074,270,-6.3,13,1521,28.4,3.9,1009.7,1019.2,2351,1013.4,12,1016.8,12.5,11,1200,3.03,21.8,,,,,,0,0,13.1,-1.1,,,,,,,,,,,,,,
143,대구,2005-04-01,13.3,6.3,639,20.5,1526,,,,,,,5.5,290,1645,3.8,90,2304,2,1728,70,-2.9,12,1222,37.1,5.1,1011.9,1021.3,848,1016.3,1807,1019,12.6,8.9,1300,2.53,18.35,,,,,,4,0,15.2,3.4,,,,,,,,,,,,,,
143,대구,2005-04-02,14.1,7.5,540,20.9,1419,,,,,,,6.9,270,1537,4.3,270,1410,1.9,1642,270,-2.4,13,1329,36.3,5.3,1007.6,1018.9,0,1010.8,1721,1014.6,12.6,6.6,1200,2.8,17.31,,,,,,5.6,.4,14.6,3.9,,,,,,,,,,,,,,
143,대구,2005-04-03,8.5,4,2356,13.6,0,5.27,.5,1111,.8,1032,1.5,7,160,1003,4.8,140,1011,2.4,2074,110,1.2,19,54,59.9,6.7,1009.1,1020.1,2247,1012.7,430,1016.3,12.7,1.4,1600,1.09,7.22,,,,,,6.8,4.4,10.3,.4,,,,,,,,,,,,,{비}0055-0059. {비}0118-0205. {비}1015-{비}{강도0}1200-1440.,
143,대구,2005-04-04,10.8,1.6,549,19.9,1533,,,,,,,8.5,320,1747,5.2,320,1756,2.3,1987,50,-3.5,11,1638,43.4,4.9,1012.1,1021.8,902,1016.1,1655,1019.2,12.7,11,1200,3.22,23.61,,,,,,.9,0,13.3,-2.3,,,,,,,,,,,,,,
143,대구,2005-04-05,16.4,7.7,529,26,1558,,,,,,,13.1,290,909,4.4,270,1414,2.5,2160,270,-1.9,10,1647,32.3,5.5,1010.3,1019.9,748,1013.6,1715,1017.2,12.7,10.9,1200,3.08,22.83,,,,,,0,0,16.3,1.5,,,,,,,,,,,,,,
143,대구,2005-04-06,15.3,9.2,607,19.6,1441,4.58,.1,1910,.2,1936,.3,9.7,160,1244,4.7,270,1313,1.8,1555,90,7.3,45,113,58.9,10.6,1005.4,1017.4,10,1007.9,2347,1012.4,12.8,0,900,.84,6.17,,,,,,6.8,4.5,13.7,2,,,,,,,,,,,,,{비}1530-1740. {비}1830-2055.,
143,대구,2005-04-07,20.7,12,627,28.6,1524,,,,,,,11.1,270,1548,5.8,270,1738,2.5,2160,270,10.8,31,2334,56,13.1,1001.6,1012.4,2344,1005.3,1552,1008.4,12.8,9.3,1200,2.7,19.25,,,,,,2.8,.6,21.2,6.1,,,,,,,,,,,,,{박무}0840-{박무}{강도0}0900-1030. {연무}1020-{연무}{강도0}1200-{연무}{강도0}1500-1540. {박무}1920-{박무}{강도0}2100-2230.,
143,대구,2005-04-08,17,11.9,2354,22.7,1323,,,,,,,12.2,110,1722,7.3,90,1726,3.8,3283,140,5.1,30,1424,46.3,8.8,1010,1020.9,2231,1012.4,0,1016.9,12.8,9.1,1200,2.91,20.75,,,,,,3.3,.5,20.2,9.7,,,,,,,,,,,,,{박무}0240-{박무}{강도0}0300-{박무}{강도0}0600-0620.,
143,대구,2005-04-09,13.7,10.4,448,16.1,1620,.62,0,,0,,0,8,140,545,5.3,110,609,3,2592,140,6.9,47,1125,62.9,10,1009.1,1021,13,1008.9,2400,1016.2,12.9,.1,800,.85,6.68,,,,,,8.8,3.9,15.2,8,,,,,,,,,,,,,{비}1205-1215. {비}1320-1335. {비}1403-1415.,
143,대구,2005-04-10,14.2,9.8,2354,17.9,849,11,3,711,8.5,624,28.5,11.2,110,1811,6.5,110,1849,2.7,2333,110,10.9,59,2055,80,13.6,1003.3,1018.4,2315,1004.1,547,1010.3,12.9,.2,1500,1,4.57,,,,,,9.3,6.1,15.4,8.6,,,,,,,,,,,,,{비}0110-{비}{강도0}0300-{비}{강도0}0600-{비}{강도1}0900-1050. {비}1120-{비}{강도0}1200-1240.,
143,대구,2005-04-11,10.8,7.3,609,15.1,1553,,,,,,,10.5,90,144,6.6,110,1241,3.9,3370,110,2.2,33,1616,56.5,7.2,1010.7,1020.1,1027,1015.6,1625,1017.8,12.9,4.7,1200,2.73,17.66,,,,,,5.1,2.5,12.1,3.3,,,,,,,,,,,,,,
143,대구,2005-04-12,11.5,6.7,556,17,1613,,,,,,,5.9,270,1454,3.8,270,1501,1.7,1469,20,3.3,36,1616,58.1,7.8,1007,1017.6,7,1011,1641,1014.1,13,.5,1300,1.89,12.45,,,,,,8.6,4,11.9,3.5,,,,,,,,,,,,,,
143,대구,2005-04-13,13.7,8.7,556,19.6,1459,,,,,,,9,320,1346,5.2,290,1353,3,2592,290,-1,19,1506,38.8,5.8,1007.4,1017.9,2400,1012.9,1421,1014.4,13,10.9,1200,3.22,23.04,,,,,,.4,.4,15.1,3.7,,,,,,,,,,,,,,
143,대구,2005-04-14,14.9,6.9,547,22.5,1533,,,,,,,12.1,250,1642,5.6,270,1706,2.6,2246,270,-3.8,11,1528,31.4,4.8,1010.2,1019.4,310,1013.4,1640,1017.3,13.1,11.5,1100,3.12,24.57,,,,,,.6,0,16.9,.7,,,,,,,,,,,,,,
143,대구,2005-04-15,14,9.4,628,20,1527,,,,,,,8.4,290,1456,4.9,290,1627,2.9,2506,290,-8,8,1558,25.5,3.8,1013.5,1022.5,812,1017.7,1633,1020.6,13.1,11.8,1200,3.38,26.28,,,,,,.3,0,17.4,6.4,,,,,,,,,,,,,,
143,대구,2005-04-16,15.5,8,450,23.1,1540,,,,,,,7.4,270,1649,4.4,270,1659,2.7,2333,270,-10.1,9,1218,17,3,1013.7,1022.6,16,1018,1740,1020.7,13.1,11.7,1200,3.37,25.93,,,,,,0,0,17.9,2.1,,,,,,,,,,,,,,
143,대구,2005-04-17,17.5,8.5,525,25.3,1422,,,,,,,5.9,270,1354,4.1,270,1412,1.3,1123,20,-.7,15,1724,31.1,5.9,1014.5,1023.8,928,1018.9,1737,1021.5,13.2,8.5,1300,2.73,20.47,,,,,,3.1,.4,18.8,1.3,,,,,,,,,,,,,{햇무리}1320-1430.,
143,대구,2005-04-18,19.1,13.8,431,26.1,1424,,,,,,,10.9,320,1906,6.4,320,1914,1.6,1382,50,3.3,19,1240,37.1,8,1016.3,1025.4,2331,1020.6,1608,1023.2,13.2,6.6,1200,2.98,19.82,,,,,,5.4,3.5,22.3,6.5,,,,,,,,,,,,,,
143,대구,2005-04-19,17.2,11.2,620,25.5,1418,4.67,1.5,2152,4,2102,8,9.1,140,1616,5.7,160,1617,2.7,2333,110,7.8,14,1528,60.9,11,1013.3,1026.1,627,1010.9,2400,1020.3,13.2,5,1100,2.29,16.7,,,,,,6.1,2.9,20.2,8.5,,,,,,,,,,,,14.5,{박무}0420-{박무}{강도0}0600-{박무}{강도0}0900-1030. {연무}1020-{연무}{강도0}1200-1320. {햇무리}1110-1510. {비}1920-{비}{강도0}2100-{비}{강도0}2400-,
143,대구,2005-04-20,15.7,12.9,2400,19.6,1416,4.5,1.5,343,3,52,6.5,13.5,290,1546,8,270,1108,4.4,3802,290,-2.9,12,1608,35.3,6.2,1002,1011,1,1007,320,1009,13.3,10.7,1200,3.41,25.94,,,,,,3.4,1.8,17.7,7.1,,,,,,,,,,,,,-{비}-{비}{강도0}0300-0430. {황사}1445-{황사}{강도0}1500-{황사}{강도0}1800-{황사}{강도0}2100-{황사}{강도0}2400-,
143,대구,2005-04-21,14.1,9.7,550,19.9,1403,,,,,,,15.3,270,1809,8.6,270,1814,4.1,3542,270,-5.6,14,1618,26.3,4.2,1001.2,1011.4,2400,1004.6,1454,1008.2,13.3,11.3,1200,3.23,25.15,,,,,,1.4,.8,16.9,5,,,,,,,,,,,,,-{황사}-{황사}{강도0}0300-0520.,
143,대구,2005-04-22,15,7.6,602,21.3,1422,,,,,,,17.1,290,1247,9,270,1236,4,3456,270,-7.8,10,1511,21.8,3.5,1007,1017.9,2349,1011.4,0,1014,13.4,11.6,1200,3.38,26.33,,,,,,.6,0,17.2,1.6,,,,,,,,,,,,,,
143,대구,2005-04-23,14.4,8,608,21.1,1515,,,,,,,9.4,110,1756,6.2,90,1846,2.7,2333,90,-.8,18,1422,36.5,5.9,1012.2,1021.7,2358,1016.9,1622,1019.3,13.4,11.9,1200,3.42,26.76,,,,,,.5,0,18.8,1.1,,,,,,,,,,,,,,
143,대구,2005-04-24,15.3,7.1,613,22.4,1520,,,,,,,6.4,290,1511,3.8,290,1528,2,1728,90,1.9,19,1630,43.6,7.1,1010.9,1022.1,37,1014.1,1635,1017.9,13.4,8.7,1200,3.03,21.64,,,,,,3.5,0,18.4,3.5,,,,,,,,,,,,,,
143,대구,2005-04-25,17.2,12,547,22.8,1402,,,,,,,7.4,340,1605,4.4,320,1608,2,1728,270,2.6,22,1200,38.8,7.4,1005.6,1015.9,36,1009.1,1835,1012.5,13.5,8.1,1200,3.35,22.24,,,,,,3.9,2,19,6.8,,,,,,,,,,,,,,
143,대구,2005-04-26,18.7,12.8,553,24.7,1630,,,,,,,8.6,250,1141,5.3,270,1126,2.4,2074,270,-1,12,1358,28.4,5.8,1004.8,1014.3,810,1008.9,1652,1011.7,13.5,12,1200,3.37,26.94,,,,,,.6,.3,22.1,6.1,,,,,,,,,,,,,,
143,대구,2005-04-27,20.1,11.7,440,28.6,1415,,,,,,,10.2,270,1447,5.4,270,1256,2,1728,50,2,10,1420,34.4,7.3,1000.1,1011.2,7,1003.3,1549,1006.9,13.5,11.3,1200,3.31,24.74,,,,,,1.9,.3,23.6,4.7,,,,,,,,,,,,,,
143,대구,2005-04-28,23.9,15.7,507,31.5,1359,,,,,,,13.1,250,1248,5.5,250,1251,2.7,2333,250,11,24,1353,46.8,13.2,996.1,1005.8,16,999.4,1628,1002.8,13.6,11,1200,3.19,23.78,,,,,,2.3,0,25.8,12.8,,,,,,,,,,,,,,
143,대구,2005-04-29,22.9,19,606,28.8,1515,,,,,,,7.6,110,1633,4.8,140,1722,2.3,1987,290,13.2,40,1618,54.5,15.3,999.4,1007.6,2137,1004.2,0,1006.1,13.6,6.8,1100,2.53,18.35,,,,,,2.3,0,26,13.1,,,,,,,,,,,,,{박무}0520-{박무}{강도0}0600-{박무}{강도0}0900-{박무}{강도0}1050. {연무}1040-{연무}{강도0}1200-{연무}{강도0}1500-1630.,
143,대구,2005-04-30,23,17.7,551,29.7,1254,,,,,,,7.6,180,1511,4.8,180,1608,1.9,1642,70,15.6,40,1310,63.3,17.9,999.1,1008,26,1003.7,1508,1005.8,13.6,5.6,1100,2.74,16.47,,,,,,6.3,3.5,25.7,13.3,,,,,,,,,,,,,{박무}0820-{박무}{강도0}0900-1040.,
143,대구,2005-05-01,21.1,15.8,2144,28,1341,2.33,.1,,.1,,.1,9.7,110,2253,6.4,110,2218,2.8,2419,290,14.7,48,1344,66.5,17,995.3,1006.6,2357,999.6,1415,1002,13.6,3.3,1200,2.91,14.92,,,,,,7.5,4.4,23.8,15,,,,,,,,,,,,,{비}0720-{비}{강도0}0900-0940.,
143,대구,2005-05-02,19.9,14.1,624,26.9,1630,,,,,,,11.7,140,139,7,90,452,3.5,3024,110,6.3,19,1635,43.1,9.6,1003.7,1013,755,1006.5,0,1010.6,13.7,11.5,1200,3.35,26.59,,,,,,1.9,1.9,26.8,12,,,,,,,,,,,,,,
143,대구,2005-05-03,21.5,12.3,515,29.5,1708,,,,,,,6.4,270,1453,3.9,270,1457,1.7,1469,270,3.2,9,1514,36.5,8,1004.7,1014.1,657,1008.5,1759,1011.5,13.7,11.8,1200,3.31,26.83,,,,,,0,0,26.3,7.1,,,,,,,,,,,,,,
143,대구,2005-05-04,22.9,13.9,551,30.6,1545,,,,,,,6.9,270,1719,4,270,1700,1.5,1296,50,3.1,10,1408,31.3,7.8,1004,1013.9,740,1007.5,1630,1010.7,13.8,11.2,1200,3.15,24.87,,,,,,.4,0,27.1,7.4,,,,,,,,,,,,,,
143,대구,2005-05-05,19.2,15.4,2336,24.7,1312,8.67,1,1744,3,1817,9,8.5,160,1550,5.1,160,1556,2.2,1901,140,11.6,33,0,62.6,14,999,1010.3,13,1002.3,2355,1005.8,13.8,2.9,900,2.06,11.1,,,,,,7.3,3.3,22.2,8.7,,,,,,,,,,,,,{비}1520-{비}{강도0}1800-{비}{강도0}2100-{비}{강도0}2400-,
143,대구,2005-05-06,15.7,14.4,2208,17.7,1309,17.42,.5,8,1,-2330,3.5,6.5,110,843,4.4,140,837,2.6,2246,140,13.5,77,1150,85.5,15.5,992.2,1002.6,2359,997,1557,999.1,13.8,0,1100,1.17,5.16,,,,,,10,5.3,17.1,13.3,,,,,,,,,,,,,-{비}-{비}{강도0}0300-{비}{강도0}0600-0630. {비}0910-1030. {비}1345-{비}{강도0}1500-{비}{강도0}1800-{비}{강도0}2100-2320. {박무}1020-{박무}{강도0}1200-{박무}{강도0}1500-{박무}{강도0}1800-{박무}{강도0}2100-2330.,
143,대구,2005-05-07,13.3,11.7,641,16,1413,,,,,,,10.1,90,1709,6.2,140,1245,3.8,3283,110,9,61,1416,74.5,11.5,1002,1011,2156,1002.6,0,1009,13.8,.5,1100,2.16,12.84,,,,,,9.9,5.5,16.1,11.1,,,,,,,,,,,,,{박무}0920-{박무}{강도0}1200-1420. {박무}1740-{박무}{강도0}1800-{박무}{강도0}2100-2230.,
143,대구,2005-05-08,15.9,11.6,13,21.1,1541,,,,,,,6.5,250,2120,4.2,270,2121,2,1728,290,9.1,43,1544,64.3,11.6,998.9,1009.9,13,1002.3,1748,1005.8,13.9,3,1300,2.56,14.76,,,,,,8.6,5,18.2,10.2,,,,,,,,,,,,,,
143,대구,2005-05-09,16.7,11.7,445,22.4,1502,,,,,,,11.9,250,1739,7.4,270,1730,3.7,3197,290,-.8,17,1707,31.6,5.8,999.4,1009.6,2345,1003.8,1505,1006.3,13.9,11.1,1200,3.4,25.84,,,,,,.8,.8,20.1,7.4,,,,,,,,,,,,,,
143,대구,2005-05-10,16.8,9.7,534,23.3,1652,,,,,,,7.6,200,1532,4.5,90,2258,2.3,1987,290,1.4,13,1616,38.8,6.9,1004.5,1013.1,821,1009.4,1748,1011.4,13.9,12,1200,3.47,28.14,,,,,,0,0,23,4,,,,,,,,,,,,,,
143,대구,2005-05-11,17.9,12.5,415,25,1629,2.55,1,2252,3.5,2238,5.5,8,270,2134,5.1,270,2151,2.3,1987,90,4.4,18,1624,44.5,8.5,1002.6,1013.4,158,1005.8,1838,1009.5,14,9.7,1200,3.1,23.12,,,,,,6.6,2.1,23.7,8.8,,,,,,,,,,,,,{비}2127-{비}{강도1}2400-,
143,대구,2005-05-12,16.3,11.9,408,23,1544,1.5,.5,1,.5,1,.5,9.6,110,2047,5.8,140,2048,2.7,2333,290,8.7,29,1640,63.3,11.4,1002.1,1013.8,2303,1006.4,434,1009,14,7.7,1200,3.25,21.81,,,,,,4.5,3.6,19.9,9.2,,,,,,,,,,,,,-{비}-0130. {박무}0530-{박무}{강도0}0600-{박무}{강도0}0900-1040.,
143,대구,2005-05-13,15.7,11.3,606,21.4,1446,,,,,,,8,110,2057,4.8,110,1919,3.7,3197,140,7.7,36,1328,59.8,10.5,1008,1016.5,2353,1013.4,222,1015,14,8.5,1100,3.47,25.96,,,,,,4.8,2.3,21.4,8.9,,,,,,,,,,,,,{박무}0720-0840.,
143,대구,2005-05-14,18.9,10.7,535,26.1,1533,,,,,,,7.1,320,1858,4.4,270,1609,2.3,1987,290,7.7,25,1417,51.6,10.6,1007.2,1017,544,1010.9,1649,1014.1,14,10.5,1200,3.28,25.63,,,,,,3.5,.6,22.4,8.5,,,,,,,,,,,,,,
143,대구,2005-05-15,18.8,13.9,545,26.3,1416,,,,,,,13.9,90,1717,8.3,90,1726,3,2592,110,8.3,27,1404,51.8,11,1010.2,1020.2,2307,1014.3,0,1017.2,14.1,11.9,1200,3.27,26.3,,,,,,0,0,23.8,9.3,,,,,,,,,,,,,{박무}0330-{박무}{강도0}0600-{박무}{강도0}0900-0940.,
143,대구,2005-05-16,19.2,11.2,536,26.8,1649,,,,,,,9.3,180,1516,4.9,140,1905,2.4,2074,70,8.5,32,1504,51.9,11.1,1011,1020.4,827,1014.8,1720,1017.9,14.1,11.9,1200,3.16,25.27,,,,,,1.9,0,24.2,8.7,,,,,,,,,,,,,,
143,대구,2005-05-17,20,13.6,433,28.6,1423,2.82,1,2301,3,2211,5,9.2,160,1427,5,160,1435,2.8,2419,110,10.1,21,1329,55.3,12.6,1004.9,1017.4,0,1006,2359,1011.8,14.1,3.2,1200,3.08,18.09,,,,,,7.9,3.9,22.5,10.5,,,,,,,,,,,,,{비}1945-2010. {비}2136-{비}{강도0}2400-,
143,대구,2005-05-18,19.9,16,2359,24.1,1445,4.45,1.5,22,7,11,9,12.4,270,1428,7.7,270,1435,3.7,3197,290,13.5,42,1426,66.6,15.8,997,1012.5,2353,999,700,1003.8,14.1,5.3,1400,3.28,15.39,,,,,,6.1,3.8,20.6,13.1,,,,,,,,,,,,,-{비}-0220. {비}0333-0540.,
143,대구,2005-05-19,21.2,14.3,556,28.5,1615,,,,,,,12.7,290,1626,6.6,290,1645,2.8,2419,290,6.6,13,1648,42.5,9.9,1006,1014.8,729,1010.3,1540,1012.9,14.2,12.5,1200,3.49,28.32,,,,,,1.5,.3,22.7,9.8,,,,,,,,,,,,,,
143,대구,2005-05-20,20.9,16.4,524,26.6,1433,,,,,,,10.7,320,1347,6,290,1213,3,2592,290,5.3,21,1619,37.4,9,1006.3,1014.8,910,1011.2,1645,1013.2,14.2,10,1200,3.56,26.32,,,,,,1.9,1.1,21.3,9.8,,,,,,,,,,,,,,
143,대구,2005-05-21,19.8,14.1,612,23.9,1303,,,,,,,6.1,270,821,4.3,270,848,1.9,1642,270,3.4,19,1444,35.8,8,1004,1014.3,402,1007.4,1737,1010.9,14.2,3.6,1200,1.89,14.85,,,,,,7,3.5,18.8,7.4,,,,,,,,,,,,,{햇무리}0840-0920.,
143,대구,2005-05-22,20.8,16.8,450,25.7,1322,,,,,,,10.2,320,1904,4.9,270,1154,1.9,1642,270,7.6,27,1248,43.1,10.5,998.5,1008.6,0,1003,1612,1005.3,14.2,5,1000,2.59,18.72,,,,,,6.8,4.1,22.6,13.8,,,,,,,,,,,,,,
143,대구,2005-05-23,20,15.8,538,24.6,1416,,,,,,,14.9,290,1303,7.8,290,1452,3.9,3370,290,6.1,22,1448,42.4,9.6,1001.4,1012.6,2340,1005.5,229,1008.2,14.3,11.8,1200,3.49,28.13,,,,,,3.4,2,23.7,9.7,,,,,,,,,,,,,{박무}0720-0840.,
143,대구,2005-05-24,18.1,13.9,516,25.3,1450,,,,,,,11.7,110,1810,6.9,90,1837,3.3,2851,290,7.1,23,1511,50,10.1,1007.7,1017.7,2300,1012.5,0,1014.6,14.3,10.2,1100,2.99,25.31,,,,,,4,3.1,22.8,8.9,,,,,,,,,,,,,,
143,대구,2005-05-25,20.4,13.6,309,27,1608,,,,,,,6.2,270,1541,4.1,270,2017,2.1,1814,270,8.3,17,1413,48.6,11.1,1008.2,1017.8,722,1012.1,1806,1015.1,14.3,9.7,1200,3.3,26.41,,,,,,2.8,1.1,26.2,11.1,,,,,,,,,,,,,{박무}0740-{박무}{강도0}0900-0930. {연무}0920-1140.,
143,대구,2005-05-26,24.1,17,507,30.8,1538,,,,,,,9,270,1150,5,270,1154,2.7,2333,290,5.3,14,1521,34,9.2,1006.7,1015.5,651,1010.5,1721,1013.5,14.3,12.1,1200,3.4,27.38,,,,,,1.9,.3,27.9,12.3,,,,,,,,,,,,,,
143,대구,2005-05-27,23.8,17.3,527,30.7,1456,,,,,,,8.2,90,1817,5.9,140,1810,2.3,1987,270,8.1,15,1344,37.9,10.8,1007.2,1015.7,2314,1011.4,1605,1014,14.3,11.3,1200,3.22,26.03,,,,,,2.4,.8,29.1,10.3,,,,,,,,,,,,,,
143,대구,2005-05-28,21.3,16.8,543,29.1,1333,,,,,,,8.4,140,1903,5.5,110,1633,3.3,2851,110,10,22,1328,50,12.3,1010.5,1020.3,2355,1015.5,143,1017.4,14.4,5.2,1100,2.86,19.92,,,,,,6.3,.3,27.1,14.1,,,,,,,,,,,,,{박무}0520-{박무}{강도0}0600-{박무}{강도0}0900-1040.,
143,대구,2005-05-29,19.7,13.1,604,27.7,1341,,,,,,,11.1,90,1618,6.8,90,1517,4.1,3542,90,8.2,18,1312,51,11,1012.4,1021.6,822,1016.8,1731,1019.3,14.4,12.8,1200,3.55,29.71,,,,,,1.1,0,27.7,10.4,,,,,,,,,,,,,,
143,대구,2005-05-30,21.6,11.7,541,30.8,1604,,,,,,,6.2,320,1435,4,320,1441,2.1,1814,90,9.8,20,1605,52,12.2,1006.2,1018.9,0,1009.1,1816,1013.1,14.4,9.3,1300,2.99,23.87,,,,,,3.9,.5,27.2,9.1,,,,,,,,,,,,,{박무}0430-{박무}{강도2}0600-{시정(미만)}{1km}{안개}0610-{시정(이상)}{1km}0650-{박무}{강도1}0900-0950. {연무}0940-1140. {햇무리}1030-1340.,.67
143,대구,2005-05-31,24.6,16.3,529,30.7,1503,,,,,,,7.3,270,1425,4.2,290,1247,1.9,1642,270,7.6,14,1501,38.1,10.8,1000.6,1010.1,0,1004.7,1745,1007.3,14.4,12,1200,3.36,26.55,,,,,,3.1,0,30,11.3,,,,,,,,,,,,,{박무}0530-{박무}{강도0}0600-{박무}{강도0}0900-0940.,
143,대구,2005-06-01,22.2,18.2,511,27.5,1515,5.05,2,1848,7,1844,13.5,8.7,270,1226,5.7,270,1230,2.1,1814,270,12.9,31,1151,58.1,15.2,998.7,1006.9,629,1003.3,1534,1005.5,14.4,3.7,1200,2.08,16.22,,,,,,8.6,3.3,27.1,13.3,,,,,,,,,,,,,{박무}0440-{박무}{강도0}0600-{박무}{강도0}0900-1040. {햇무리}0840-0930. {비}1815-{비}{강도1}2100-2310. {비}2352-{비}{강도0}2400-,
143,대구,2005-06-02,21.3,17.3,503,26.1,1645,8.08,6,443,10,418,23.5,8.7,270,1610,5.5,270,1617,2,1728,270,16.5,53,1705,74.9,18.9,995.2,1005.9,445,999.6,1530,1002,14.5,4.8,1100,3.14,17.85,,,,,,7.3,6.3,21.6,16.6,,,,,,,,,,,,,-{비}-{비}{강도0}0300-{소나기}0410-{비}0450-0540. {비}0630-{소나기}0650-{비}0710-0855. {번개}{강도0}(NW)0425-0440. {뇌전}{강도0}(NW 4~5)0445. {뇌전}{강도0}(NW 7~8)0702.,
143,대구,2005-06-03,23.6,19.6,455,29.4,1410,,,,,,,8.7,270,1233,4.6,290,1838,2.3,1987,290,13.7,30,1303,56.1,15.8,996.1,1004.7,2339,1000.5,1732,1002.8,14.5,9.4,1200,3.48,26.27,,,,,,4.5,4.5,26,18,,,,,,,,,,,,,{박무}0210-{박무}{강도0}0300-{박무}{강도0}0600-0840.,
143,대구,2005-06-04,19.6,16.1,2242,24.7,1518,1.17,.5,2024,.5,1955,.5,10.4,90,1915,6.4,110,1904,2.8,2419,110,13.1,48,1458,66.3,15.2,1001,1011.7,2340,1004.3,53,1007.9,14.5,2.7,1400,2.03,13.68,,,,,,6.9,5,22.1,13.8,,,,,,,,,,,,,{박무}0420-{박무}{강도0}0600-{박무}{강도0}0900-{박무}{강도0}1200-1340. {소나기}1335-1345. {소나기}1955-2055.,
143,대구,2005-06-05,20.6,14.1,459,27.4,1614,,,,,,,8.1,110,1738,5.2,90,1750,3,2592,110,11,33,1626,55.9,13.1,1005.9,1014.4,813,1011.1,1654,1012.8,14.5,12.8,1200,3.54,29.67,,,,,,.9,.9,25.2,11.1,,,,,,,,,,,,,,
143,대구,2005-06-06,22.4,14.6,451,30.3,1551,,,,,,,6.8,90,1725,4.8,90,2359,2.4,2074,70,11.3,24,1652,52.4,13.5,1006.6,1014.8,820,1011.6,1650,1013.4,14.5,9.1,1100,3.4,25.09,,,,,,5,1.3,26.3,11.3,,,,,,,,,,,,,,
143,대구,2005-06-07,23.8,18.3,556,29.4,1408,,,,,,,7.1,90,2,3.8,270,1540,1.9,1642,110,13.7,33,1806,54.4,15.7,1006.7,1015.3,848,1011.7,1736,1013.5,14.5,4.7,1000,2.69,18,,,,,,7.6,2.5,26.1,15.4,,,,,,,,,,,,,{박무}0420-{박무}{강도0}0600-{박무}{강도0}0900-{박무}{강도0}1200-1240.,
143,대구,2005-06-08,25.7,20,504,31.3,1517,,,,,,,7.1,270,1319,4.2,270,1329,1.8,1555,290,13.8,29,1429,49.4,15.9,1006,1015.1,634,1010,1733,1012.8,14.5,10.9,1200,3.3,25.27,,,,,,2.9,1.9,31.3,15.1,,,,,,,,,,,,,{박무}0540-{박무}{강도0}0600-{박무}{강도0}0900-0930. {연무}0920-{연무}{강도0}1200-1230.,
143,대구,2005-06-09,25.9,20.1,436,32,1347,,,,,,,5.9,140,1855,3.7,110,1924,1.6,1382,70,14.8,30,1350,52,17,1001.9,1012.3,129,1005.1,1824,1008.6,14.5,6.7,1200,3.15,20.02,,,,,,6.9,2.3,28.8,16.5,,,,,,,,,,,,,{박무}0430-{박무}{강도0}0600-{박무}{강도0}0900-0940. {연무}0920-{연무}{강도0}1200-{연무}{강도0}1500-1540.,
143,대구,2005-06-10,19.2,16.8,2154,24.7,1,18.67,3,1937,8.5,1856,37.5,6.9,70,1207,4.1,90,1119,2,1728,90,16.4,55,0,83.9,18.7,994.6,1006.2,0,997.2,2347,1001.4,14.5,0,1100,.53,2.99,,,,,,10,6.3,20.2,16.2,,,,,,,,,,,,,{비}0520-{비}{강도0}0600-{비}{강도0}0900-{비}{강도0}1200-{비}{강도1}1500-{비}{강도0}1800-{비}{강도0}2100-{비}{강도0}2400-,
143,대구,2005-06-11,23.8,17.1,25,30.3,1551,2.17,.1,,.2,,.3,7.3,320,1542,4.3,290,1551,2.1,1814,270,15.9,33,1658,64.1,18.2,992.5,1002.3,2341,996.3,301,999.2,14.6,10.7,1200,3.53,27.3,,,,,,4.3,2.3,26.5,17.1,,,,,,,,,,,,,-{비}-0210.,
143,대구,2005-06-12,24.7,20.6,446,30.8,1642,,,,,,,8.9,270,1343,5.4,290,1453,2.7,2333,290,14.1,24,1436,56.1,16.5,996.8,1006.1,2347,1001.8,1716,1003.5,14.6,10.6,1200,3.49,27.37,,,,,,2.1,0,26.5,17.3,,,,,,,,,,,,,{박무}0430-{박무}{강도0}0600-{박무}{강도0}0900-1140.,
143,대구,2005-06-13,24.8,17.6,608,31.9,1528,,,,,,,6.1,140,12,3.9,140,2037,2.4,2074,90,14.3,28,1519,54.3,16.4,1000.6,1009.2,2327,1005.4,1603,1007.4,14.6,10.8,1200,3.09,24.46,,,,,,1.4,.3,26.5,14.7,,,,,,,,,,,,,{박무}0420-{박무}{강도0}0600-{박무}{강도0}0900-1130.,
143,대구,2005-06-14,23.5,19.6,524,30,1456,,,,,,,9.1,90,1411,5.7,110,1900,3.8,3283,110,14.2,33,1428,57,16.2,1000.9,1009.2,954,1005.6,1657,1007.6,14.6,11.6,1200,3.34,26.52,,,,,,3.3,0,26.8,16.9,,,,,,,,,,,,,{박무}0320-0540.,
143,대구,2005-06-15,21.7,18.9,206,27.3,1323,.5,0,,0,,0,10.6,140,1629,6.5,90,1956,4.3,3715,110,14,45,1259,61.3,16,1000.2,1008.6,2207,1005,1632,1007,14.6,5.9,1100,3.25,21.96,,,,,,7.3,3.1,25.7,16,,,,,,,,,,,,,{비}2140-2210.,
143,대구,2005-06-16,22.7,18.9,230,28.2,1433,.67,.1,,.1,,.1,8.4,90,33,5,140,2122,2.9,2506,140,14.8,36,1637,61.4,16.9,1001.8,1010,754,1006.4,1640,1008.5,14.6,5.6,1300,2.99,20.17,,,,,,7.8,6,27.5,16.6,,,,,,,,,,,,,{소나기}1955-2035.,
143,대구,2005-06-17,24.7,20.3,459,29.9,1513,,,,,,,5.9,290,1607,4,270,1642,1.9,1642,90,15.8,33,1604,59.1,18.1,1000.9,1009.9,735,1005.1,1805,1007.7,14.6,6.9,1100,2.98,20.37,,,,,,6.3,4.6,27.4,19.4,,,,,,,,,,,,,{박무}0430-{박무}{강도0}0600-{박무}{강도0}0900-1140.,
143,대구,2005-06-18,25.2,20.8,609,30.9,1519,1.42,.5,1947,.5,1920,.5,10.3,290,1944,5,270,1946,1.7,1469,290,17,35,1530,62.6,19.7,998.7,1007.5,724,1002.9,1640,1005.4,14.6,7.3,1200,2.56,19.4,,,,,,6.4,2.3,28.1,17.5,,,,,,,,,,,,,{박무}0340-{박무}{강도0}0600-{박무}{강도0}0900-1120. {연무}1110-{연무}{강도0}1200-1420. {뇌전}{강도0}(NW 4-5)1912-{뇌전}{강도0}(NW{이동}W 3-4)1930-{뇌전}{강도0}(W{이동}SW 3-4)1950-{뇌전}{강도0}(SW{이동}S 3-4)2000-{뇌전}{강도0}(S{이동}SE 3-4)2010-{뇌전}{강도0}(SE{이동}E 4-5)2015-2030. {소나기}1920-2010. {비}2030-2045. {비}2120-2140. {박무}2310-{박무}{강도0}2400-,
143,대구,2005-06-19,25.7,21.9,553,30.3,1556,,,,,,,4.6,160,1609,2.8,90,1544,1.3,1123,290,17.9,36,1558,63.1,20.7,996.6,1004.7,0,1001.6,1620,1003.2,14.6,1.8,1100,2.01,15.04,,,,,,7.6,3.6,26.7,18.5,,,,,,,,,,,,,-{박무}-{박무}{강도0}0300-{박무}{강도0}0600-{박무}{강도0}0900-{박무}{강도0}1200-{박무}{강도0}1500-1640.,
143,대구,2005-06-20,26.8,21,502,32.8,1450,,,,,,,7.6,250,1411,3.7,160,1730,1.6,1382,50,16.4,27,1719,55.6,19,997.1,1005.5,748,1001.5,1707,1003.7,14.6,9.3,1300,2.67,21.86,,,,,,2.4,.8,29.4,17.1,,,,,,,,,,,,,{박무}0240-{박무}{강도0}0300-{박무}{강도0}0600-{박무}{강도0}0900-{박무}{강도0}1200-1440.,
143,대구,2005-06-21,27.9,21.3,524,33.4,1648,,,,,,,9.2,270,1417,5.5,270,1419,2.1,1814,270,16.6,31,1637,51.8,19,996.6,1005.1,604,1000.6,1720,1003.2,14.6,10.4,1300,2.99,24.04,,,,,,4.4,2.4,32.7,17.6,,,,,,,,,,,,,{박무}0420-{박무}{강도0}0600-{박무}{강도0}0900-1040. {연무}1030-{연무}{강도0}1200-1230.,
143,대구,2005-06-22,27.1,23.6,2345,34.6,1458,1.67,.1,,.1,,.1,11.1,290,1720,6,290,1728,2.4,2074,270,16.1,24,1500,53,18.5,997.1,1005.8,2241,1001.6,1538,1003.8,14.6,8.1,1200,3.32,21.97,,,,,,3.6,2.6,33.3,20.4,,,,,,,,,,,,.1,{박무}0240-{박무}{강도0}0300-0530. {연무}0730-{연무}{강도0}0900-{연무}{강도0}1200-1240. {천둥}{강도0}(W)1615-{천둥}{강도0}(W)1800-{천둥}{강도0}(S)1840. {소나기}1630-1645. {소나기}1715-{소나기}{강도0}1800-1840.,
143,대구,2005-06-23,28,21.8,459,34,1442,,,,,,,9.4,290,1442,4.9,290,1451,2.5,2160,270,15.8,28,1500,49.5,18.1,998.2,1006.5,730,1002.9,1755,1004.8,14.6,12.7,1200,3.23,26.99,,,,,,1,.5,33.6,18.6,,,,,,,,,,,,,{박무}0420-{박무}{강도0}0600-{박무}{강도0}0900-0930. {연무}0920-1140.,
143,대구,2005-06-24,30,23.8,607,36.2,1526,,,,,,,7.5,270,2053,4.6,270,2100,2.3,1987,270,17.1,26,1731,47.8,19.7,998.5,1007,750,1002.7,1659,1005.1,14.6,10.8,1200,3.18,25.05,,,,,,0,0,35.3,18.8,,,,,,,,,,,,,{박무}0340-{박무}{강도0}0600-{박무}{강도0}0900-1050. {연무}1040-{연무}{강도0}1200-{연무}{강도0}1500-1530. {박무}2010-{박무}{강도0}2100-{박무}{강도0}2400-,
143,대구,2005-06-25,30.1,25.9,532,35.5,1537,,,,,,,7.7,270,1554,4.8,270,1327,2.6,2246,270,16.6,28,1159,45.1,19.1,999.4,1007.3,819,1003.8,1631,1006,14.6,10.8,1200,3.02,23.95,,,,,,3.4,.1,35.3,22.4,,,,,,,,,,,,.5,-{박무}-{박무}{강도0}0300-{박무}{강도0}0600-{박무}{강도0}0900-0940. {연무}0930-{연무}{강도0}1200-{연무}{강도0}1500-1730.,
143,대구,2005-06-26,26.1,21.8,653,28.5,2142,4.25,.5,645,.5,555,.5,8.5,160,2141,4.2,180,2251,1.8,1555,290,20.2,47,27,69.6,24,998.4,1008,736,1002.5,2358,1005,14.6,.2,900,1.28,7.22,,,,,,9.5,5.1,26.6,20.5,,,,,,,,,,,,0,{박무}0335-{박무}{강도0}0600-{박무}{강도0}0900-{박무}{강도0}1200-1420. {비}0550-{비}{강도0}0600-0710. {비}0950-1020. {비}1150-{비}{강도0}1200-1230. {비}1340-{비}{강도0}1500-1510. {비}1940-1955.,
143,대구,2005-06-27,29.4,27.2,623,33.2,1226,2.67,0,,0,,0,12,230,246,6.6,270,1223,3.1,2678,250,21.3,50,1207,61.8,25.5,994.6,1003.3,2359,999.6,1604,1001.2,14.6,4.6,1100,3.08,18.81,,,,,,7.9,6,32.8,23.5,,,,,,,,,,,,13.5,{비}0440-0720.,
143,대구,2005-06-28,25,24,1051,27.7,205,15.08,5,1033,8.5,248,32,7.9,290,302,4.6,270,309,1.3,1123,290,22.6,70,148,86.4,27.8,999,1008.2,2206,1001.9,235,1005.6,14.6,0,1200,.64,4.05,,,,,,10,5.9,26.1,23.4,,,,,,,,,,,,29,{비}0218-{비}{강도0}0300-{비}0540. {비}0730-0830. {비}0907-{비}{강도0}1200-{비}{강도0}1500-1640. {비}2050-{비}{강도0}2100-{비}{강도0}2400-,
143,대구,2005-06-29,27,23.4,221,31.2,1301,4,6,244,7.5,154,10.5,7.5,270,1617,4.4,270,1620,1.6,1382,70,22.4,56,1258,76.8,27.4,1000.8,1008.9,2329,1005.6,1724,1007.4,14.6,2.6,1100,1.81,10.75,,,,,,6.9,5.5,26.9,22.1,,,,,,,,,,,,,-{비}-{소나기}0210-{소나기}{강도1}0300-0320. {비}0640-0720. {천둥}{강도0}(W)0220-{뇌전}{강도0}(NW 4~5)0244-0255. {박무}0310-{박무}{강도0}0600-0840. ,
143,대구,2005-06-30,27.5,23.8,506,33.8,1331,,,,,,,11,270,1625,5.6,270,1629,2,1728,270,20.5,45,1254,66.6,24.5,1002.1,1010.6,753,1006.9,1521,1008.8,14.6,7.6,1300,2.74,20.04,,,,,,4.5,3.1,27.3,20.7,,,,,,,,,,,,6,{박무}0335-{박무}{강도0}0600-{박무}{강도0}0900-1040.,
143,대구,2005-07-01,23.7,20.7,1421,26,8,12.62,5.5,1330,15,1242,49.5,11.1,70,1059,4.5,110,1503,1.4,1210,70,21.6,68,0,87.5,26,999.1,1007.8,1129,1004.5,1929,1005.9,14.6,0,1500,.97,2.78,,,,,,9.8,5.3,24.3,20.6,,,,,,,,,,,,70.5,{소나기}0655-{비}0725-{비}{강도1}0900-{소나기}0945-{소나기}{강도1}1200-{비}1230-{비}{강도0}1500-1540. {뇌전}{강도0}(W 5~6)0659-{뇌전}{강도0}(W{이동}SW  4~5)0710-0720. {뇌전}{강도0}(S 4~5)0950-{뇌전}{강도0}(S 3~4)1035-{뇌전}{강도0}(S{이동}SE 3~4)1120-{뇌전}{강도0}(SE 4~5)1200-1220. {비}1723-{비}{강도0}1800-{비}{강도0}2100-2115.,
143,대구,2005-07-02,25.3,22.4,915,29.4,1605,7.92,3,722,12,711,32,7.4,290,723,4.6,270,730,1.4,1210,320,22.6,68,1424,84.8,27.7,996.2,1005.2,730,1001.2,1544,1002.9,14.6,1.6,1500,2.1,10.74,,,,,,9.3,6,26.5,21.7,,,,,,,,,,,,7,{소나기}0245-{소나기}{강도0}0300-{비}0320-{비}{강도0}0600-{비}{강도1}0900-1040. {천둥}{강도0}(W)0240-{뇌전}{강도0}(W 5~6)0258-{뇌전}{강도0}(W 5~6)0300-0310.,
143,대구,2005-07-03,24.1,21.7,1029,25.6,0,14.5,6,1006,17,932,27.5,5,110,1224,3.2,110,1240,1,864,290,22.3,84,1311,89.4,27.3,993.4,1003.8,644,996.8,1942,1000.1,14.6,0,1200,.66,3.72,,,,,,10,6.3,24.8,21.2,,,,,,,,,,,,27,{비}0325-0340. {비}0440-{비}{강도0}0600-{비}{강도0}0900-{비}{강도0}1200-{비}{강도0}1500-1640. {비}2145-{비}{강도0}2400- {박무}1610-{박무}{강도0}1800-{박무}{강도0}2100-{박무}{강도0}2400-,
143,대구,2005-07-04,26,22.9,921,30.3,1541,3.33,1,100,1.5,16,1.5,7.8,320,1417,5.1,290,1448,1.7,1469,290,21.1,49,1543,75.8,25.4,991.5,1000.6,2201,995.6,339,998.1,14.5,5.7,1500,2.67,17.42,,,,,,6.5,4.4,27.8,21.5,,,,,,,,,,,,0,-{비}-0130. {비}0640-0730. {비}0850-{비}{강도0}0900-0950. -{박무}-{박무}{강도1}0300-{박무}{강도1}0600-{박무}{강도0}0900-{박무}{강도0}1200-1330.,
143,대구,2005-07-05,24.9,23,604,28.5,1359,2.58,.5,915,.5,825,.5,8.5,270,1415,4.4,270,1505,1.6,1382,270,20.5,54,1606,76.6,24.4,993.7,1001.7,1059,999.1,1640,1000.3,14.5,.6,1300,1.8,10.17,,,,,,8.8,3.4,24.9,21.4,,,,,,,,,,,,.5,{박무}0430-{박무}{강도0}0600-{박무}{강도0}0900-{박무}{강도0}1200-{박무}{강도0}1500-1540. {비}0755-{비}{강도0}0900-1030.,
143,대구,2005-07-06,27,21.8,617,32.3,1550,,,,,,,6.7,290,1605,4.3,270,1154,1.9,1642,270,18.9,38,1535,63.1,22.1,995,1004.7,2347,1000,150,1001.6,14.5,10.3,1300,2.94,23.35,,,,,,5.1,2.3,28,20,,,,,,,,,,,,,{박무}0240-{박무}{강도0}0300-{박무}{강도0}0600-{박무}{강도0}0900-{박무}{강도0}1200-1430.,
143,대구,2005-07-07,23.8,21.8,2358,27.2,1454,,,,,,,7.7,90,1943,5,140,1603,3.6,3110,110,18.6,60,1457,72.6,21.6,1001.3,1010.8,2355,1004.6,129,1008.1,14.5,0,1100,1.7,10.76,,,,,,8.5,4,24.8,20.2,,,,,,,,,,,,,{박무}0230-{박무}{강도0}0300-{박무}{강도0}0600-{박무}{강도0}0900-1130. {박무}2010-{박무}{강도0}2100-{박무}{강도0}2400-,
143,대구,2005-07-08,23.5,20.5,422,26.9,1441,3.67,.5,2224,1.2,2217,1.5,8,140,854,5.1,140,931,3.1,2678,110,19.2,63,1114,76.8,22.5,1001.8,1010.9,1,1005.6,2345,1008.6,14.5,1.2,1000,2.22,11.71,,,,,,8.5,4.5,24.5,18.4,,,,,,,,,,,,2.5,-{박무}-0130. {박무}0630-{박무}{강도0}0900-{박무}{강도0}1200-{박무}{강도0}1500-{박무}{강도0}1800-{박무}{강도0}2100-{박무}{강도0}2400- {비}2005-{비}{강도0}2100-2345.,
143,대구,2005-07-09,23.3,21.6,651,26.3,1624,10.58,1,1124,1.5,1050,3.5,7.7,90,745,5.3,90,747,1.9,1642,110,21.4,76,1640,88.1,25.6,994.5,1005.9,0,997.4,1642,1001.2,14.5,.1,1500,.75,5.11,,,,,,9.8,5.9,23.9,21.2,,,,,,,,,,,,2.5,-{박무}-{박무}{강도0}0300-{박무}{강도0}0600-{박무}{강도0}0900-{박무}{강도0}1200-1320. {비}0455-{비}{강도0}0600-{비}{강도0}0900-{비}{강도0}1200-1330. {비}2040-{비}{강도0}2100-2230. {비}2310-2320.,
143,대구,2005-07-10,23.4,20.6,2150,28.6,1129,5.67,0,,0,,0,8.6,110,2154,5.8,140,1554,2.2,1901,140,20.3,63,1247,82.6,24.2,999.7,1009,2249,1002.9,140,1006.4,14.5,1.3,900,1.81,11.13,,,,,,9.3,4.8,25.5,19.4,,,,,,,,,,,,24.5,{비}1440-{비}{강도0}1500-{비}{강도0}1800-2020.,
143,대구,2005-07-11,19.6,18.6,545,20.9,1719,21.25,3.5,741,11,739,41,12.1,90,715,5.8,110,719,3.6,3110,140,17.9,84,0,89.4,20.6,997.7,1008.6,7,1001.5,1713,1004.5,14.4,0,1200,.28,2.07,,,,,,10,6.4,20.4,17.8,,,,,,,,,,,,18,{비}0110-{비}{강도0}0300-{비}{강도1}0600-{비}{강도1}0900-{비}{강도0}1200-{비}{강도0}1500-1740. {비}1830-2030. {비}2105-2350.,
143,대구,2005-07-12,23.2,18.8,334,27.4,1445,4.5,.5,20,1,105,1.5,5.5,90,8,3.4,140,0,1.4,1210,90,18.8,56,1624,76.9,21.9,1001.9,1010.5,2249,1004.6,0,1008.7,14.4,1.6,1200,2.37,15.92,,,,,,7.5,5.4,25.3,18.6,,,,,,,,,,,,2,{비}0020-{비}{강도0}0300-0450. {박무}0530-{박무}{강도0}0600-{박무}{강도0}0900-0920.,
143,대구,2005-07-13,24.5,21.2,622,30,1520,8.25,2,2000,3.5,1910,8,6.4,270,1744,4,290,1857,1.5,1296,270,20.1,48,1521,78,23.8,1003.6,1013,2354,1008.9,324,1010.3,14.4,3.8,1400,2.81,17.01,,,,,,8.8,5.9,26.6,21,,,,,,,,,,,,6,{비}0210-{비}{강도0}0300-{비}{강도0}0600-0720. {박무}0540-{박무}{강도0}0600-{박무}{강도0}0900-{박무}{강도0}1200-1240. {소나기}1755-2030. {소나기}2055-{소나기}{강도0}2100-2125.,
143,대구,2005-07-14,26,22.1,543,31.1,1401,.67,.5,1810,.5,1758,.5,6.8,160,1730,3.1,270,1152,1,864,50,20.8,48,1338,74.1,24.8,1007.3,1015.3,2354,1012.1,1700,1014,14.4,4.3,1100,2.61,15.86,,,,,,8,4.3,27.4,19.8,,,,,,,,,,,,.6,{박무}0020-{박무}{강도0}0300-{박무}{강도0}0600-{박무}{강도0}0900-{박무}{강도0}1200-{박무}{강도0}1500-1540. {소나기}1758-{소나기}{강도0}1800-1838.,
143,대구,2005-07-15,26.8,21.8,311,32,1620,2.5,.1,,.1,,.1,5.9,290,1734,3.8,270,1414,1.4,1210,270,21.7,54,1605,73.8,26.2,1008.3,1016.2,742,1013.3,1726,1015,14.4,4.9,1200,2.53,18.08,,,,,,7.6,5.5,28.8,19.6,,,,,,,,,,,,,{박무}0220-{박무}{강도0}0300-{박무}{강도0}0600-{박무}{강도0}0900-{박무}{강도0}1200-1320. {소나기}0450-{비}0520-{비}{강도0}0600-0720.,
143,대구,2005-07-16,27.8,25.1,445,31.6,1422,1.17,.2,1529,.4,1510,.4,6.5,270,1333,3.9,270,1318,2,1728,270,22.7,53,1425,73.9,27.8,1008.6,1017,828,1013.4,1638,1015.3,14.4,1.2,1000,1.86,13.8,,,,,,7.4,3.1,28.6,23.3,,,,,,,,,,,,.5,{박무}0040-{박무}{강도0}0300-{박무}{강도0}0600-{박무}{강도0}0900-{박무}{강도0}1200-1430. {비}1325-1350. {비}1510-1555.,
143,대구,2005-07-17,28.5,25.2,516,33,1444,.83,.1,,.1,,.1,7.9,270,1703,4.6,270,1703,1.7,1469,270,21.6,38,1455,67.6,26.1,1007,1015,0,1011.8,1702,1013.7,14.3,3.8,1300,2.51,16.89,,,,,,7.4,5.1,29,23.4,,,,,,,,,,,,,{비}0230-{비}{강도0}0300-0320. {박무}0420-{박무}{강도0}0600-{박무}{강도0}0900-1140.,
143,대구,2005-07-18,28.9,24.7,536,33.5,1459,,,,,,,7.9,290,1319,4.9,270,1046,2.9,2506,290,20.9,44,1500,63.4,25,1006.2,1014.3,821,1011,1708,1012.9,14.3,8.7,1200,2.87,22.44,,,,,,2.9,2.1,29.8,22.6,,,,,,,,,,,,,{박무}0230-{박무}{강도0}0300-{박무}{강도0}0600-0640.,
143,대구,2005-07-19,29.4,25.6,428,34.2,1429,,,,,,,7.1,270,511,4.4,270,536,2.6,2246,270,20.3,38,1433,59,24.1,1003.9,1012.6,59,1008.3,1752,1010.5,14.3,8.2,1100,3.03,21.63,,,,,,1.5,1.5,30.9,22.1,,,,,,,,,,,,,,
143,대구,2005-07-20,29.9,24.6,558,35.6,1546,,,,,,,7,290,1411,4.3,270,1633,2.3,1987,290,21.9,41,1547,63.3,26.6,1000.7,1010.3,0,1004.9,1742,1007.3,14.3,9.8,1300,3.06,24.16,,,,,,1.8,1.8,34.9,21.8,,,,,,,,,,,,,{박무}0520-{박무}{강도0}0600-{박무}{강도0}0900-{박무}{강도0}1200-1430.,
143,대구,2005-07-21,30.7,26.3,508,36.1,1511,,,,,,,6.3,290,746,4,270,743,2.4,2074,290,21.8,39,1602,60.3,26.5,1000.5,1008.7,2357,1005.2,1710,1007.1,14.3,11,1100,3.01,24.75,,,,,,0,0,36.2,23.1,,,,,,,,,,,,,{박무}0120-{박무}{강도0}0300-{박무}{강도0}0600-{박무}{강도0}0900-{박무}{강도0}1200-1230. {연무}1220-{연무}{강도0}1500-{연무}{강도0}1800-2010.,
143,대구,2005-07-22,30,25.3,534,36,1530,,,,,,,8.1,140,2028,5.3,140,2005,2.4,2074,140,22.4,42,1447,65.1,27.4,1002,1010,730,1006.6,1710,1008.6,14.2,5.9,1200,3.13,20.51,,,,,,1,1,34.7,23.2,,,,,,,,,,,,,{박무}0020-{박무}{강도0}0300-{박무}{강도0}0600-{박무}{강도0}0900-{박무}{강도0}1200-1230. {연무}1220-{연무}{강도0}1500-{연무}{강도0}1800-1840. {박무}1830-{박무}{강도0}2100-{박무}{강도0}2400-,
143,대구,2005-07-23,28.1,25,457,32.5,1515,,,,,,,9.5,90,1852,5.8,90,2314,4.2,3629,110,21.1,50,1517,66.1,25.3,1002.7,1010.6,724,1007.6,1844,1009.4,14.2,8.2,1200,2.65,22.32,,,,,,3.1,.9,35.1,23.2,,,,,,,,,,,,,-{박무}-{박무}{강도0}0300-{박무}{강도0}0600-{박무}{강도0}0900-{박무}{강도0}1200-{박무}{강도0}1500-{박무}{강도0}1800-{박무}{강도0}2100-{박무}{강도0}2400-,
143,대구,2005-07-24,27.4,24.4,538,31.4,1618,,,,,,,8.1,90,1716,5.7,90,1719,3.5,3024,110,20.5,52,1526,66.3,24.4,1002.1,1010,613,1007.1,1726,1008.8,14.2,2.8,1300,2.11,16.84,,,,,,4.1,4.1,31.4,22.4,,,,,,,,,,,,,-{박무}-{박무}{강도0}0300-{박무}{강도0}0600-{박무}{강도0}0900-{박무}{강도0}1200-{박무}{강도0}1500-{박무}{강도0}1800-{박무}{강도0}2100-{박무}{강도0}2400-,
143,대구,2005-07-25,27.1,23.8,2353,32,1505,,,,,,,9.2,90,1822,5.6,110,1903,3.8,3283,110,19.4,45,1447,63.6,22.7,999.7,1008.3,815,1004.3,1847,1006.3,14.2,9.5,1100,3.24,24.65,,,,,,4,3.9,34.3,21.6,,,,,,,,,,,,,-{박무}-{박무}{강도0}0300-{박무}{강도0}0600-0840.,
143,대구,2005-07-26,26.9,23.1,510,32.5,1549,1.42,3,2050,3.5,2044,3.5,6.9,110,13,4.6,140,21,2.6,2246,140,20.2,47,1551,67.1,23.9,996.8,1005.1,0,1000.8,1717,1003.5,14.1,6.5,1300,2.85,21.28,,,,,,6.5,4.3,34.4,20,,,,,,,,,,,,3.5,{소나기}2030-{소나기}{강도0}2100-2155. {박무}2040-{박무}{강도0}2100-{박무}{강도0}2400-,
143,대구,2005-07-27,28.7,24.5,245,32.8,1430,,,,,,,5.5,180,2206,3,140,0,1.7,1469,140,21.1,46,1432,64.1,25.2,998.1,1006.3,705,1003.3,1630,1004.7,14.1,2.9,1200,2.21,15.07,,,,,,7.6,5.4,30.3,23.2,,,,,,,,,,,,,-{박무}-{박무}{강도0}0300-{박무}{강도0}0600-{박무}{강도0}0900-{박무}{강도0}1200-1430. {박무}2030-{박무}{강도0}2100-{박무}{강도0}2400-,
143,대구,2005-07-28,27.3,24.4,2323,32.2,1207,8.5,1,1542,2.5,1515,7,9.5,250,1135,4.3,230,1159,1.9,1642,50,21.4,44,1204,71.4,25.8,995.4,1004.4,1,1000.3,1731,1002,14.1,.6,1100,1.95,8.87,,,,,,9.5,5,28.1,23.3,,,,,,,,,,,,,-{박무}-{박무}{강도0}0300-{박무}{강도0}0600-{박무}{강도0}0900-0930. {비}1430-1445.  {비}1515-{비}{강도0}1800-2040. {비}2110-{비}{강도0}2400-,
143,대구,2005-07-29,26.9,23.7,224,32.4,1358,4.58,6.5,134,12.5,115,15.5,6,270,1258,3.7,270,1218,1.8,1555,270,21.6,46,1359,73.9,26.1,997.4,1006.3,2351,1001.2,109,1004,14.1,3.7,1300,3.04,15.68,,,,,,8.4,4.5,28.8,22.7,,,,,,,,,,,,,-{비}-{비}{강도0}0300-0330. {소나기}1650-1755. {박무}1040-{박무}{강도0}1200-{박무}{강도0}1500-{박무}{강도0}1800-{박무}{강도0}2100-{박무}{강도0}2400- ,
143,대구,2005-07-30,27.6,22.8,453,33.1,1537,,,,,,,6.7,270,1414,3.5,290,1505,2,1728,270,19.4,36,1624,62.9,22.8,1000.3,1008.3,859,1005.2,1653,1006.9,14,9.5,1100,3.13,24.34,,,,,,5.4,1.6,29.2,21.5,,,,,,,,,,,,,-{박무}-{박무}{강도0}0300-{박무}{강도0}0600-{박무}{강도0}0900-{박무}{강도0}1200-1340.,
143,대구,2005-07-31,29,24.6,553,34.1,1416,.67,0,,0,,0,6.9,160,1925,4.1,140,1928,1.7,1469,320,19.3,34,1725,57.9,22.8,999.9,1008.3,940,1004.5,1656,1006.5,14,7.6,1200,3.08,19.9,,,,,,5.8,2.8,29.9,23,,,,,,,,,,,,,{비}0010-0050. {박무}0020-{박무}{강도0}0300-{박무}{강도0}0600-{박무}{강도0}0900-1030. {연무}1020-{연무}{강도0}1200-1340.,
143,대구,2005-08-01,27.9,24.5,709,31.3,1402,3.02,4.5,657,7.5,650,10,10.1,290,659,4.9,270,706,2.2,1901,270,22.3,57,1354,71.6,27.2,996.5,1006.5,0,1001.8,1754,1003.1,14,1.9,1100,2.89,11.83,,,,,,9,5.1,27.2,23.3,,,,,,,,,,,,.5,{박무}0130-{박무}{강도0}0300-{박무}{강도0}0600-0740. {비}0219-0235. {비}0645-{소나기}0710-{비}0815-{비}{강도0}0900-0930. {천둥}{강도0}(SW)0715-{뇌전}{강도0}(SW 6~7)0725-{뇌전}{강도0}(SW{이동}S 5~6)0750-0810.,
143,대구,2005-08-02,26.9,24.7,2239,31.7,1258,9.22,11,1906,23,1834,50.5,6.6,160,1445,4.3,160,1449,1.5,1296,50,23.5,62,1301,82,29.3,997.1,1004.6,2135,1002.8,1928,1003.7,13.9,.9,900,1.44,7.94,,,,,,8.6,5.3,27.8,24.3,,,,,,,,,,,,65,{박무}0530-{박무}{강도0}0600-{박무}{강도0}0900-1030. {소나기}1055-1059. {소나기}1225-1250. {소나기}1326-1440. {소나기}1510-{소나기}{강도0}1500-{소나기}{강도1}1800-{비}1940-{비}{강도0}2100-2240. {천둥}{강도0}(W)1441-{뇌전}{강도0}(W{이동}NW 5~6)1445-1510. {천둥}{강도0}(NW)1526-1540. {뇌전}{강도1}(Z 2~3)1703. {천둥}{강도0}(Z)1845-{뇌전}{강도0}(Z{이동}E 6~8)1910-1930.,
143,대구,2005-08-03,28,24.9,0,31.7,1445,6.8,4.5,350,10,320,14.5,8.4,270,1435,5.3,270,1504,1.9,1642,180,22.7,54,1344,74,27.9,998.5,1007.4,2110,1002.8,358,1005.1,13.9,.4,1400,1.51,8.78,,,,,,7.3,5.1,27.3,24.2,,,,,,,,,,,,,{비}0152-{비}{강도0}0300-{소나기}0345-{비}0430-{비}{강도0}0600-0840. {천둥}{강도0}(SW)0345-0420.,
143,대구,2005-08-04,29.3,25.2,517,34.5,1414,,,,,,,6.3,140,1659,3.8,160,1549,1.5,1296,50,22.3,46,1347,67,27.2,1002.6,1011.7,2355,1007.3,0,1009.3,13.9,5.1,1000,2.33,14.58,,,,,,3,3,29,23.3,,,,,,,,,,,,,,
143,대구,2005-08-05,29.4,23.6,549,35.6,1541,,,,,,,8.1,70,1258,5.1,90,1735,2.7,2333,90,20.4,31,1701,61.3,24.3,1004.2,1012.1,707,1009,1549,1010.8,13.9,11.8,1100,3.18,26.09,,,,,,.6,.6,30.6,22.1,,,,,,,,,,,,,,
143,대구,2005-08-06,27.8,24,616,34.9,1308,1,3.5,1550,15,1540,15,9.5,250,1605,5.4,270,1606,2.1,1814,50,21.4,44,1244,69.6,25.7,1003.7,1011.7,58,1007.7,1511,1010.4,13.8,7.7,1200,3.22,19.76,,,,,,3.8,2.5,30.9,23.1,,,,,,,,,,,,15,{천둥}{강도0}(SW)1505-{뇌전}{강도0}(SW 6~7)1525-{뇌전}{강도1}(SW{이동}Z 2~3)1620-{뇌전}{강도0}(Z{이동}NE 5~6)1635-1720. {소나기}1540-1640. {천둥}{강도0}(NW)1949-1955.,
143,대구,2005-08-07,27.9,24.1,618,32.6,1453,,,,,,,5.6,50,1710,3.4,180,1911,1.6,1382,180,21.7,47,1450,70.1,26.2,1003.8,1011.8,915,1009,1550,1010.5,13.8,5.1,1100,2.43,13.74,,,,,,8.6,4.5,28.6,22.4,,,,,,,,,,,,,{박무}0320-{박무}{강도0}0600-{박무}{강도0}0900-1130.,
143,대구,2005-08-08,26.2,24.2,812,29.8,1620,10.82,2.5,758,4.4,724,10.5,6.3,90,1547,4.3,110,1549,2.5,2160,90,22.9,64,1737,81.8,28.2,1004.2,1012.7,756,1009.2,1645,1010.9,13.8,1.7,1500,1.7,8.47,,,,,,8.3,5.1,27.3,23.4,,,,,,,,,,,,,{비}0350-0455. {비}0515-0540. {비}0715-{비}{강도0}0900-0910. {비}0945-{비}{강도0}1200-1440. {비}1829-2010. {비}2235-2315. {소나기}2352-{소나기}{강도0}2400- {천둥}{강도0}(W)2357.,
143,대구,2005-08-09,28.2,24.7,119,32.6,1551,2.33,2,2,2.5,0,4.5,8.4,270,1153,4.8,270,1157,2,1728,110,23.1,54,1605,74.5,28.6,1001.9,1010.2,0,1006.9,1703,1008.6,13.7,5.7,1500,2.12,11.15,,,,,,5.5,4.6,29.6,24,,,,,,,,,,,,,-{소나기}-0030. {비}0055-0130. {소나기}1145-{소나기}{강도0}1200-1220. {소나기}1310-1350. {천둥}{강도0}(N)1157-{천둥}{강도0}(N)1200-1210.,
143,대구,2005-08-10,27,25.4,415,32.5,1120,6.33,3,1308,3.5,1250,6.5,9.1,250,1315,3.9,250,1256,1.3,1123,50,23.4,50,1121,81.3,29.2,1002.3,1010,901,1007.9,1731,1008.9,13.7,1.4,1000,1.58,8.71,,,,,,7.9,5.1,27.9,23.2,,,,,,,,,,,,,{박무}0120-{박무}{강도0}0300-{박무}{강도0}0600-{박무}{강도0}0900-0920. {비}1250-{소나기}1319-{비}1330-{비}{강도0}1500-1750. {비}1810-1930. {천둥}{강도0}(W)1317. ,
143,대구,2005-08-11,28,25,443,31.7,1236,2.97,.5,340,.5,,.5,9.2,230,1147,4.9,230,1137,1.9,1642,230,22.7,55,1238,73.3,27.9,1002.3,1010.3,2349,1008,423,1009,13.7,1.6,1000,1.84,11.89,,,,,,8.8,4.4,28.3,24.3,,,,,,,,,,,,,{박무}0320-0540. {비}0340-0350. {비}0450-0530. {비}1322-1450. {비}1850-1930.,
143,대구,2005-08-12,29.2,25.3,545,34.1,1541,.67,.1,,.1,,.1,6.3,200,1201,3.7,250,1144,2,1728,270,22.6,46,1302,68.5,27.8,1004.8,1012.9,2335,1010,1603,1011.4,13.6,6.5,1200,2.87,17.59,,,,,,6.6,5,29.3,23.1,,,,,,,,,,,,,{비}0135-0215. {박무}0220-{박무}{강도0}0300-{박무}{강도0}0600-{박무}{강도0}0900-1040.,
143,대구,2005-08-13,29.9,26.1,441,34.5,1506,,,,,,,12,140,1443,4.9,250,1629,3,2592,250,21.9,44,1520,62.9,26.6,1005.7,1013.8,724,1011,1746,1012.3,13.6,7.9,1500,2.06,17.15,,,,,,4,2,30.1,23.3,,,,,,,,,,,,,{박무}0130-{박무}{강도0}0300-0510.,
143,대구,2005-08-14,29.8,26.7,548,33.6,1640,,,,,,,10,250,1410,5.7,230,1411,3.5,3024,230,21.8,48,1407,62.5,26.4,1003.6,1012.3,643,1007.9,1649,1010.2,13.6,6.7,1400,2.01,15.06,,,,,,5.1,1.8,29.3,24.2,,,,,,,,,,,,,,
143,대구,2005-08-15,26.9,23,1749,32.7,1512,2.33,7.5,1739,10,1720,10,12.2,320,1739,6,270,1745,2.6,2246,320,21.7,52,1610,74,26.3,1001.5,1009.7,743,1005.8,1630,1008.1,13.5,1.7,1200,2.07,11.34,,,,,,6.4,3.9,28.3,22,,,,,,,,,,,,,{비}0805-{비}{강도0}0900-0915. {소나기}1720-{소나기}{강도1}1800-1830. {천둥}{강도0}(W)1705-{뇌전}{강도0}(W 5~6)1725-{뇌전}{강도0}(W 5~6)1800-1825. ,
143,대구,2005-08-16,28.5,22.8,414,33.9,1420,,,,,,,6.3,250,917,3.8,110,2014,1.3,1123,110,22,49,1423,68.9,26.7,1000.4,1008.4,3,1005.1,1721,1007.1,13.5,6.8,1100,2.57,15.51,,,,,,3.8,2.9,28.9,21.5,,,,,,,,,,,,,{박무}0630-{박무}{강도0}0900-{박무}{강도0}1200-1430.,
143,대구,2005-08-17,28.5,25.9,509,33.2,1447,.17,0,,0,,0,7.9,70,1647,5.3,90,1649,3.4,2938,110,20.9,46,1711,64,25.1,1001.6,1010.2,2253,1006.4,1741,1008.2,13.5,6.6,1200,2.7,16.85,,,,,,8.3,5.4,28.9,24.2,,,,,,,,,,,,,{박무}0515-{박무}{강도0}0600-{박무}{강도0}0900-{박무}{강도0}1200-1240. {소나기}2325-2335.,
143,대구,2005-08-18,25.8,23.8,1634,30.9,1349,6.42,12.5,1623,36,1547,48.5,7.8,270,1557,5.3,250,1625,1.9,1642,90,21.8,58,1342,79.1,26.5,1002,1010.1,0,1006.6,1456,1008.7,13.4,1.6,1000,2.11,8.3,,,,,,9.1,5.8,26.7,22.9,,,,,,,,,,,,,{비}0550-{비}{강도0}0600-0610. {박무}0830-{박무}{강도0}0900-1115. {소나기}1425-{소나기}{강도0}1500-{비}1750-{비}{강도0}1800-2030. {뇌전}{강도0}(W 5~6)1530-{뇌전}{강도1}(W{이동}NW 2~3)1543-{뇌전}{강도0}(NW{이동}N 5~6)1559-1610. {천둥}{강도0}(W)1620-{뇌전}{강도0}(W{이동}NW 4~5)1635-{뇌전}{강도0}(NW 6~7)1715-1740.,
143,대구,2005-08-19,24.4,22.3,2158,29.7,1150,5.58,6,1449,6.9,1415,11,10.2,250,1455,5.3,90,1714,1.9,1642,110,21.5,65,1133,83.9,26,1000.8,1009.3,31,1005.5,1415,1007.5,13.4,.6,1100,1.9,8.48,,,,,,10,5.3,25.6,21.2,,,,,,,,,,,,,{박무}0325-{박무}{강도0}0600-{박무}{강도0}0900-{박무}{강도0}1200-{박무}{강도0}1500-1720. {뇌전}{강도0}(SW 5~7)1355-{뇌전}{강도0}(SW{이동}W 3~4)1500-{뇌전}{강도0}(W{이동}NW 5~6)1630-{뇌전}{강도0}(NW{이동}N 5~6)1650-1655. {소나기}1350-{소나기}{강도1}1500-1545. {소나기}1630-{비}1730-{비}{강도0}1800-1830. {비}2040-{비}{강도0}2100-2220.,
143,대구,2005-08-20,21.9,20.2,613,24,1648,18.75,5,626,15.5,543,68.5,8.1,90,15,5.1,90,23,1.9,1642,110,20.5,82,117,91.1,24.4,999.4,1007.5,0,1005.2,1524,1006.2,13.4,0,1500,.58,3.73,,,,,,10,6.3,23.5,19.8,,,,,,,,,,,,,{비}0150-{비}{강도1}0300-{비}{강도1}0600-{비}{강도1}0900-{비}{강도0}1200-{비}{강도0}1500-1715. {비}2010-2045. {비}2115-{비}{강도0}2400- {박무}1655-{박무}{강도0}1800-{박무}{강도0}2100-{박무}{강도0}2400-,
143,대구,2005-08-21,25,21.8,308,30,1440,2.08,.5,154,.5,154,.5,8.8,140,1156,5.4,110,1158,3.1,2678,90,19.5,51,1441,72,22.8,1000.5,1009.9,2342,1005.8,302,1007.2,13.3,6.3,1100,2.89,19.4,,,,,,6.1,4.6,27.5,21,,,,,,,,,,,,,-{비}-0025. {비}0140-{비}{강도0}0300-0320. -{박무}-{박무}{강도0}0300-0525.,
143,대구,2005-08-22,22,21,609,23.2,1715,9.42,1.5,945,5.5,1017,13,6.7,110,1607,4.6,110,1615,2.4,2074,90,19.2,73,0,83.8,22.5,1005.3,1014.4,2334,1009.6,101,1012.1,13.3,0,1100,.51,3.87,,,,,,9.1,6.6,23.4,20.6,,,,,,,,,,,,,{비}0440-{비}{강도0}0600-{비}{강도0}0900-{비}{강도0}1200-1235. {비}1310-1440.,
143,대구,2005-08-23,22.8,20.1,548,26.9,1316,,,,,,,11.6,90,1730,7.2,90,1658,4,3456,110,15.8,41,1321,65.4,18.1,1007.3,1015.1,941,1013.3,1526,1014.1,13.3,11.3,1200,2.93,20.41,,,,,,5,3.6,24.5,18,,,,,,,,,,,,,,
143,대구,2005-08-24,22.7,20.5,2013,27.2,1202,7.08,1.5,1951,4.5,1901,15,14.8,90,1215,7.5,90,1215,3.9,3370,90,17.4,48,1206,73.3,20.1,1003.3,1013.9,41,1006.3,2359,1010,13.2,2.5,1100,2.51,11.12,,,,,,8.5,5.8,23,17.9,,,,,,,,,,,,,{비}1540-{비}{강도0}1800-{비}{강도0}2100-2120. {비}2235-{비}{강도0}2400-,
143,대구,2005-08-25,23.4,20.9,0,30.1,1347,10.67,.2,20,.4,0,1.5,8.1,90,1858,5,110,1923,2.6,2246,110,20.8,62,1352,85.1,24.8,997.6,1006.5,2321,1002.6,1358,1004.3,13.2,.5,1100,1.28,6.36,,,,,,8.5,5.6,24.3,19.8,,,,,,,,,,,,,-{비}-{비}{강도0}0300-0350. {비}0440-{비}{강도0}0600-0630. {비}0710-{비}{강도0}0900-0930. {박무}0920-{박무}{강도0}1200-1240. {비}1415-{비}{강도0}1500-1655.,
143,대구,2005-08-26,23.9,20.3,350,28.7,1535,,,,,,,12.5,230,1842,5.5,250,1149,2.6,2246,250,16.3,40,1525,63.5,18.7,1003.8,1012.2,2058,1006.4,0,1010.6,13.2,9.5,1200,2.84,20.07,,,,,,4.1,3.1,25.7,17.5,,,,,,,,,,,,,{박무}0120-{박무}{강도0}0300-0520.,
143,대구,2005-08-27,24.9,20.8,704,30,1500,,,,,,,5.5,230,35,3.7,230,33,2,1728,230,17.3,40,1628,63.5,19.9,1005.5,1014.1,928,1010.5,1709,1012.3,13.1,9.8,1000,2.46,18.64,,,,,,4.8,2.4,26.5,17.9,,,,,,,,,,,,,,
143,대구,2005-08-28,25.3,20.3,450,30.5,1519,,,,,,,7.6,230,1328,4.9,250,1531,2.1,1814,230,16.5,32,1511,59.9,18.9,1005.1,1012.8,954,1010.1,1539,1011.8,13.1,11.2,1200,2.72,19.98,,,,,,.6,0,26.8,17.1,,,,,,,,,,,,,{박무}0430-{박무}{강도0}0600-0740.,
143,대구,2005-08-29,25.7,20.1,612,31,1428,,,,,,,6.2,230,1532,3.3,250,1339,1.5,1296,230,17.3,36,1636,61.1,19.8,1004.3,1013.2,535,1008.8,1728,1011,13.1,8.4,1200,2.52,16.73,,,,,,4.1,2.5,26.9,17.5,,,,,,,,,,,,,{박무}0520-{박무}{강도0}0600-{박무}{강도0}0900-{박무}{강도0}1200-1230. {연무}1220-{연무}{강도0}1500-1530.,
143,대구,2005-08-30,23.8,20.2,2351,27.8,1229,2.83,.1,,.1,,.1,5.3,230,1045,3.4,250,1129,1.4,1210,50,18.2,34,1553,70.5,21.1,1003.1,1011.6,2339,1008.5,342,1009.9,13,0,1200,1.02,6.13,,,,,,7.4,4,24.4,16.9,,,,,,,,,,,,,{박무}0210-{박무}{강도0}0300-{박무}{강도0}0600-{박무}{강도0}0900-{박무}{강도0}1200-{박무}{강도0}1500-1530. {비}1340-{비}{강도0}1500-1630.,
143,대구,2005-08-31,24.6,18.8,556,30.3,1604,,,,,,,3.8,110,1619,2.5,110,1621,1.1,950,20,16.8,42,1355,62.5,19.2,1005.5,1013.5,2155,1010.8,1544,1012.3,13,3.9,900,1.68,11.65,,,,,,6.5,4,25.3,16.4,,,,,,,,,,,,,,
143,대구,2005-09-01,28.4,21.7,553,34.3,1523,,,,,,,7,230,1345,4.2,230,1642,1.8,1555,230,21.1,45,1524,65.9,25.4,1007,1015.3,2228,1011.8,1608,1013.7,13,8.4,1300,2.44,17.03,,,,,,3.6,2.6,29.7,19.1,,,,,,,,,,,,,{박무}0520-{박무}{강도0}0600-{박무}{강도0}0900-1110.,
143,대구,2005-09-02,28.7,25.5,628,33.8,1434,.25,0,,0,,0,6.5,250,1530,3.9,250,1537,1.9,1642,230,22.1,45,1435,68.6,26.9,1007.4,1016,720,1011.9,1552,1014.1,12.9,5.2,1100,2.36,13.87,,,,,,7.1,5.1,30.1,23.3,,,,,,,,,,,,,{박무}0525-{박무}{강도0}0600-{박무}{강도0}0900-0950. {소나기}1555-1610.,
143,대구,2005-09-03,25.2,22.5,2313,29.4,1216,.75,.4,1232,.4,1230,.4,10.9,90,1456,6.1,70,1603,3.7,3197,90,20.2,62,1216,73.6,23.9,1007.4,1015.9,2124,1013,1436,1014.1,12.9,.8,1100,1.6,10.52,,,,,,8.8,4.3,27.1,21.5,,,,,,,,,,,,,{박무}0840-{박무}{강도0}0900-1030. {비}1230-1315.,
143,대구,2005-09-04,21.8,19.6,2358,23.5,1000,5.25,.1,,.4,700,.5,9.1,90,1036,5.6,110,1117,2.4,2074,90,17.7,68,1649,77,20.5,1008.6,1016.4,2021,1014,504,1015.5,12.8,0,1000,.6,3.55,,,,,,9,5.8,23,16,,,,,,,,,,,,,{비}0405-0445. {비}0640-{비}{강도0}0900-{비}0915. {비}1220-1420.,
143,대구,2005-09-05,22.5,19.1,258,25.7,1054,,,,,,,14.5,50,1439,7.2,50,1139,3.7,3197,50,14.6,43,1055,60.8,16.7,1006.1,1015.9,0,1010.5,2346,1012.9,12.8,2.8,1000,1.93,8.94,,,,,,8.9,7,23.5,15.4,,,,,,,,,,,,,,
143,대구,2005-09-06,22.8,20.6,914,24.6,1526,13,1,921,4,1716,11.5,16.7,70,1510,7.6,70,1557,3.8,3283,70,17.7,58,2340,72.8,20.4,993.9,1010.6,0,995.5,1829,1000.6,12.8,0,1300,.4,1.8,,,,,,9.3,6.6,21.7,19.6,,,,,,,,,,,,,{비}0640-{비}{강도0}0900-{비}{강도0}1200-{비}{강도0}1500-{비}{강도0}1800-1940.,
143,대구,2005-09-07,24.9,21.8,635,30.3,1313,,,,,,,13.9,340,5,5.5,320,13,3.3,2851,230,16.4,40,1315,59.4,18.8,998.3,1011.3,2304,995.9,4,1005,12.7,7,1200,2.8,15.83,,,,,,5.6,5,24.6,18.8,,,,,,,,,,,,,,
143,대구,2005-09-08,24.2,20.9,622,29.9,1524,,,,,,,14.4,110,1035,4.9,110,2302,3.4,2938,110,17.5,47,1347,66.1,20,1006.4,1015.1,2335,1011.1,6,1013.2,12.7,6.8,1200,2.74,17.72,,,,,,5.1,3.3,25.9,18.8,,,,,,,,,,,,,,
143,대구,2005-09-09,22.1,20.6,923,25.2,1327,3.67,1.5,902,2.5,840,5.5,7,110,903,4.3,90,904,2.8,2419,90,18.7,66,1402,80.1,21.7,1008.7,1016.7,941,1014.6,1441,1015.5,12.7,0,1300,1.26,6.31,,,,,,9.3,5.3,22.7,19.3,,,,,,,,,,,,,{비}0745-0755. {비}0835-{비}{강도0}0900-1040. {비}1645-1740. {비}2330-{비}{강도0}2400-,
143,대구,2005-09-10,24,20.5,236,28.4,1532,3.58,1,147,1,57,2.5,6.3,90,2214,4,250,1405,1.8,1555,70,20.6,61,1533,81,24.4,1008.9,1016.8,856,1013.9,1702,1015.7,12.6,2.3,1100,1.98,10.4,,,,,,9,5.9,25.2,20,,,,,,,,,,,,,-{비}-0245. {비}2205-2255. {박무}0520-{박무}{강도0}0600-{박무}{강도0}0900-{박무}{강도0}1200-1330. {박무}2040-{박무}{강도0}2100-{박무}{강도0}2400-,
143,대구,2005-09-11,26,22.5,412,30.4,1554,2,.5,120,.5,120,.5,4.3,110,2138,3.1,110,2146,1.3,1123,90,22,57,1556,79,26.6,1010,1018.4,2315,1015.1,1538,1016.7,12.6,1.3,1100,2.27,11.3,,,,,,6.4,4.1,26.8,21.5,,,,,,,,,,,,,{비}0120-{비}{강도0}0300-0320. -{박무}-{박무}{강도0}0300-{박무}{강도0}0600-{박무}{강도0}0900-{박무}{강도0}1200-1420.,
143,대구,2005-09-12,27.7,23.4,458,33.2,1355,,,,,,,6,230,1431,3.7,230,1403,1.5,1296,250,22,44,1437,72.3,26.7,1010.3,1018.5,905,1015.3,1547,1017,12.6,5.9,1200,2.9,17.88,,,,,,6.8,3.8,27.9,20.9,,,,,,,,,,,,,{박무}0520-{박무}{강도0}0600-{박무}{강도0}0900-1125.,
143,대구,2005-09-13,25.8,24,1656,29.8,1212,2.33,.2,,.4,1340,.5,8.5,90,1635,5.1,110,1257,2.2,1901,90,21.9,61,1247,79.4,26.6,1005.3,1016.4,0,1007.1,2343,1012,12.5,3.5,900,1.55,8.93,,,,,,6.9,5.1,26.7,22,,,,,,,,,,,,1,{비}1030-1050. {비}1105-1120. {비}1340-{비}{강도0}1500-1510. {비}1830-1845.,
143,대구,2005-09-14,22.5,19.7,2349,26.4,1425,.92,.5,620,.5,550,.5,9.6,90,2016,6,90,1947,3,2592,90,17.8,60,1427,74.4,20.6,1007.5,1018.2,2349,1007.3,44,1014.3,12.5,3.5,1300,2.82,13.37,,,,,,7.6,7.1,24.9,18.1,,,,,,,,,,,,,{비}0550-{비}{강도0}0600-0645.,
143,대구,2005-09-15,21.3,17.9,627,26.8,1324,,,,,,,9.3,90,1720,6.3,70,1726,3.3,2851,90,14.5,42,1326,65.3,16.5,1012,1020.6,940,1017.1,1537,1018.9,12.4,9,1100,2.75,19.45,,,,,,3.9,1.6,23.9,15,,,,,,,,,,,,,,
143,대구,2005-09-16,21.8,15.7,515,27.6,1457,,,,,,,5.5,70,1627,3.4,110,1734,1.8,1555,70,14.8,41,1500,66.1,16.9,1010.1,1019,16,1014.7,1541,1017,12.4,9.5,1200,2.9,19.83,,,,,,3.1,1.4,24.7,13.2,,,,,,,,,,,,,,
143,대구,2005-09-17,25.4,19.3,407,31.7,1425,,,,,,,9.1,230,1251,4.8,230,1304,1.6,1382,160,18.5,45,1436,66.3,21.5,1009.6,1018.6,2145,1014.7,1517,1016.4,12.4,6.9,1300,2.61,15.74,,,,,,5,3.4,26.1,17,,,,,,,,,,,,,,
143,대구,2005-09-18,24.9,22.8,2347,27.9,957,4.17,4,1156,4.1,1106,5,4.9,250,1033,3.1,250,1042,1.2,1037,250,21.6,67,959,81.6,26.1,1011.7,1019.7,1140,1017.4,52,1018.4,12.3,.9,1500,1.04,7.03,,,,,,7.1,3.8,26.4,18.9,,,,,,,,,,,,5,{박무}0210-{박무}{강도0}0300-0530. {비}1005-{비}{강도0}1200-1415. {박무}1310-{박무}{강도0}1500-1630.,
143,대구,2005-09-19,22.7,19.1,554,29.9,1306,1.58,.5,1817,.8,1727,1,7.1,230,1740,4.2,230,1748,1.5,1296,230,16.3,33,1339,69,18.7,1010.5,1019.5,734,1015,1644,1017.3,12.3,4.9,1200,2.88,16.44,,,,,,6.5,3.6,24.8,16.1,,,,,,,,,,,,,{박무}0320-0540. {비}1555-1620. {비}1725-{비}{강도0}1800-1835.,
143,대구,2005-09-20,21.5,17.5,209,27.5,1400,3.33,2,144,3,115,3.5,8.9,90,2230,5.8,70,2000,2.6,2246,90,16.2,53,1330,72.3,18.5,1008.4,1016.9,2328,1013.2,1404,1015.2,12.2,4,1200,2.74,14.16,,,,,,8.8,5,23.2,17.2,,,,,,,,,,,,,{비}0115-{비}{강도0}0300-0435. {박무}0530-{박무}{강도0}0600-{박무}{강도0}0900-1130.,
143,대구,2005-09-21,19.1,18.1,2307,20.8,0,16.83,.5,524,2,1327,7.5,10.5,70,1506,6.1,90,1509,3.6,3110,90,16.6,67,112,84.6,19,1007.5,1016.7,7,1013,1736,1014.4,12.2,0,1000,.3,1.48,,,,,,10,6.5,20,17,,,,,,,,,,,,,{비}0340-{비}{강도0}0600-{비}{강도0}0900-1045. {비}1245-{비}{강도0}1500-{비}{강도0}1800-{비}{강도0}2100-2130. {비}2240-2340. {박무}1030-{박무}{강도0}1200-{박무}{강도0}1500-{박무}{강도0}1800-{박무}{강도0}2100-{박무}{강도0}2400-,
143,대구,2005-09-22,19.5,18.2,8,21.5,1422,11.08,3.5,603,7.5,550,9,8.8,90,1742,5,70,1931,2.5,2160,90,17.1,76,1607,85.5,19.7,1006.8,1016.2,2044,1011,520,1013.7,12.2,0,1300,1.19,4.82,,,,,,9.9,5.9,20.6,17.2,,,,,,,,,,,,,-{박무}-{박무}{강도0}0300-{박무}{강도0}0600-{박무}{강도0}0900-1120. {비}0110-{비}{강도0}0300-0510. {비}0550-{비}{강도0}0600-{비}{강도0}0900-1110. {천둥}{강도0}(S)0615-0630. {비}1920-1940. {비}2105-2230.,
143,대구,2005-09-23,20.1,18.3,647,24,1409,6.25,.2,,.3,510,.5,7,110,1958,4.7,110,2000,2.5,2160,110,16.6,66,1400,80,19,1009.7,1017.7,824,1015.3,1518,1016.6,12.1,0,1100,1.04,6.62,,,,,,9.4,4.9,20.9,17.2,,,,,,,,,,,,,{박무}0130-{박무}{강도0}0300-{박무}{강도0}0600-0730. {비}0030-0140. {비}0250-{비}{강도0}0300-0320. {비}0510-0545. {비}0615-0805. {비}0840-{비}{강도0}0900-0920. {비}1650-{비}{강도0}1800-1820.,
143,대구,2005-09-24,20.5,16.9,2352,24.9,1447,,,,,,,8.4,90,1620,5.4,70,1437,2.2,1901,90,14.5,48,1448,69.1,16.6,1010.1,1018.1,2345,1015.6,1427,1017,12.1,4.3,1400,2.28,12.08,,,,,,4.8,3.8,21.7,13.5,,,,,,,,,,,,,,
143,대구,2005-09-25,19.2,14.6,548,25.2,1433,,,,,,,8.2,70,1427,5.1,90,1806,2.1,1814,90,11.4,37,1444,62.1,13.6,1011.5,1019.7,2228,1016.7,1555,1018.4,12.1,8.7,1300,2.83,19.02,,,,,,3.9,2.4,20.8,11.6,,,,,,,,,,,,,,
143,대구,2005-09-26,20,16.3,630,25.8,1404,,,,,,,8.3,70,1850,5.4,70,1720,2.3,1987,90,12,37,1501,60.4,14.1,1014,1022.8,2350,1019.2,1524,1020.9,12,8.1,1100,2.46,17.85,,,,,,4.6,2.5,20.9,13.5,,,,,,,,,,,,,,
143,대구,2005-09-27,18,14.8,625,21.8,1357,,,,,,,5.2,50,1554,3.1,90,1810,1.4,1210,50,13.4,59,1239,73.6,15.4,1015.8,1024.6,826,1021.6,1605,1022.8,12,0,1000,1.22,6.68,,,,,,6.4,6.4,18.6,11.7,,,,,,,,,,,,,,
143,대구,2005-09-28,18.9,14.2,620,24.8,1456,,,,,,,9.5,70,1515,5.7,70,1522,2,1728,20,13.6,46,1553,71.4,15.6,1014.6,1023.2,937,1019.6,1612,1021.6,11.9,6.2,1400,2.19,14.52,,,,,,3.6,1.4,20.1,11.1,,,,,,,,,,,,,,
143,대구,2005-09-29,19.5,14.8,608,25.8,1325,,,,,,,10.2,90,1304,6.3,70,1255,2.6,2246,70,13.3,42,1357,68,15.3,1013.2,1022.3,746,1018.1,1713,1020.2,11.9,5.6,1200,2.42,16.34,,,,,,5.8,3.5,20.4,11.1,,,,,,,,,,,,,,
143,대구,2005-09-30,19.5,17.6,319,21.5,1331,11.67,.3,1705,.6,1625,1.5,3.6,70,822,2.5,70,822,.9,778,90,16.7,70,0,83,19.2,1010.5,1019.2,942,1015.8,2400,1017.4,11.9,0,1000,.72,3.23,,,,,,9.6,5.6,19.9,15.7,,,,,,,,,,,,,{비}1220-{비}{강도0}1500-{비}{강도0}1800-{비}{강도0}2100-{비}{강도0}2400-,
143,대구,2005-10-01,24.8,20.9,0,29,1321,2.25,.5,2339,.5,2249,.5,6.3,200,1423,3.7,230,1542,1.2,1037,230,21,61,1523,79.9,25.1,1007.3,1015.8,0,1012.4,1502,1014,11.8,.3,1300,1.33,6.72,,,,,,9.1,4.9,24.3,19.6,,,,,,,,,,,,,-{비}-0030. {박무}0020-{박무}{강도0}0300-0520. {비}2120-2150. {비}2245-{비}{강도0}2400-,
143,대구,2005-10-02,22.3,19.6,2351,24.3,1047,1.75,.3,3,.3,0,.5,7,230,1037,4.5,250,953,2,1728,230,16.1,56,1628,67.3,18.4,1009.3,1017.7,2244,1014.1,258,1016.2,11.8,.9,900,1.13,6.98,,,,,,7.9,4.3,22.6,14.7,,,,,,,,,,,,,-{비}-0145. ,
143,대구,2005-10-03,20.8,15.4,552,26,1255,,,,,,,8.1,70,1039,4.8,70,1058,2.2,1901,90,14.6,47,1418,67.8,16.7,1010.7,1019.7,844,1015.4,1502,1017.6,11.8,6.1,1100,2.49,15.5,,,,,,5.6,3.6,22,12.7,,,,,,,,,,,,,,
143,대구,2005-10-04,16.5,12.9,2342,20.6,0,3.42,.2,,.4,358,.4,6.8,230,443,4.4,230,500,2.5,2160,230,9,44,1456,61.1,11.5,1012.1,1020.6,2340,1016.9,23,1019.1,11.7,.2,1400,1.17,6.52,,,,,,8.1,4.8,18.2,8.8,,,,,,,,,,,,,{비}0310-{비}{강도0}0600-0620. {비}0925-0940.,
143,대구,2005-10-05,15.1,11,602,20.3,1555,,,,,,,3.6,20,1240,2.6,70,730,1.1,950,20,10.2,47,1140,72.8,12.5,1012.7,1021,826,1018.3,1534,1019.8,11.7,1.8,1000,1.6,7.37,,,,,,5.8,3.4,16.3,8.2,,,,,,,,,,,,,,
143,대구,2005-10-06,17,11.2,610,24.4,1459,,,,,,,6.9,110,1730,4.3,90,1745,1.7,1469,90,11.7,32,1438,72.8,13.8,1012.6,1022.1,1029,1017.5,1503,1019.6,11.7,9.6,1200,2.22,13.28,,,,,,5.6,3.4,18.9,7.8,,,,,,,,,,,,,{박무}0150-{시정(미만)}{1km}{안개}0230-{안개}{강도0}0300-{시정(미만)}{0.5km}{안개}0320-{안개}{강도1}0600-{시정(이상)}{0.5km}{안개}0630-{시정(이상)}{1km}{박무}0650-{박무}{강도0}0900-{박무}{강도0}1200-1230.,4.33
143,대구,2005-10-07,16.5,15.1,200,18.2,1202,7.5,.5,1518,1,1450,2,6.3,250,1507,3.1,250,1848,1.5,1296,250,14,75,1047,84.1,16.1,1007.2,1017.9,0,1012,1344,1014.2,11.6,0,900,.49,2.26,,,,,,9.1,5.4,17.9,13.4,,,,,,,,,,,,,{비}1045-{비}{강도0}1200-{비}{강도0}1500-{비}{강도0}1800-1815. {박무}1740-{박무}{강도0}1800-{박무}{강도0}2100-{박무}{강도0}2400-,
143,대구,2005-10-08,18,14.1,506,22.7,1547,,,,,,,6.6,270,1006,3.7,290,1420,1.7,1469,320,11.7,44,1618,67.1,13.8,1010.5,1021.5,2359,1014.2,0,1017.5,11.6,7.7,1100,1.77,12.17,,,,,,3.9,3.4,18.4,11.3,,,,,,,,,,,,,-{박무}-{박무}{강도0}0300-0530.,
143,대구,2005-10-09,17.2,12.7,444,22.9,1420,,,,,,,9.8,90,1140,6,90,1146,2.5,2160,90,10.3,40,1422,65.5,12.6,1016.4,1024.6,2257,1021.4,5,1023.4,11.5,5.4,1000,1.95,11.28,,,,,,4.5,3.4,18,9.8,,,,,,,,,,,,,{박무}0620-0745.,
143,대구,2005-10-10,16.9,11.9,616,23.9,1253,,,,,,,10.2,50,1528,6.2,90,1535,2.3,1987,90,9.4,34,1420,62.8,11.8,1017.5,1025.9,857,1023.2,1448,1024.5,11.5,6.9,1100,2.29,11.92,,,,,,3.8,2.1,17.8,9.4,,,,,,,,,,,,,,
143,대구,2005-10-11,17.5,13.3,545,22.8,1411,,,,,,,8.6,70,1533,5.5,70,1541,2,1728,250,9.5,39,1414,59.3,11.8,1016.2,1024.7,840,1021.7,1708,1023.2,11.5,3.2,1100,1.99,8.85,,,,,,7,6.4,18.2,9.8,,,,,,,,,,,,,,
143,대구,2005-10-12,18.5,15.2,644,23.8,1331,,,,,,,10.6,110,1256,6.1,110,1342,2.6,2246,90,10.3,38,1440,58.9,12.5,1014.6,1023.2,834,1019.6,1529,1021.5,11.4,9.9,1300,2.21,14.01,,,,,,3.4,3.3,19.6,11.7,,,,,,,,,,,,,,
143,대구,2005-10-13,19,13.2,717,24.6,1410,,,,,,,5.7,250,1223,3.6,270,1444,1.2,1037,270,11.7,38,1413,63.9,13.8,1010.8,1020.7,0,1015.2,1521,1017.7,11.4,8.4,1200,2.11,13.05,,,,,,4.1,3.5,21.1,9,,,,,,,,,,,,,,
143,대구,2005-10-14,18,13.2,2342,21.5,1550,.67,0,,0,,0,6.8,290,959,4.3,290,1104,2.2,1901,270,8.4,30,1714,54.4,11.7,1008.5,1016.8,2227,1014.3,1453,1015.4,11.4,2.1,900,.85,5.76,,,,,,7.5,4.1,19.5,8.6,,,,,,,,,,,,,{비}0710-0750.,
143,대구,2005-10-15,15.8,12.8,529,21,1522,,,,,,,8.7,270,1138,5.2,270,1142,3,2592,270,1.8,25,1341,39.4,7.1,1007.9,1016.5,0,1012.1,1528,1014.9,11.3,7.6,1100,2.31,13.71,,,,,,2.6,1.5,17.8,7.9,,,,,,,,,,,,,,
143,대구,2005-10-16,15.2,9.6,651,22,1456,,,,,,,5.9,270,1508,3.1,270,1508,1.3,1123,290,3.7,14,1556,50.1,8.1,1009.9,1018.6,853,1014.6,1428,1016.9,11.3,10.1,1200,2.23,14.59,,,,,,.5,0,17.8,4.6,,,,,,,,,,,,,,
143,대구,2005-10-17,15.3,7.7,657,23.8,1538,,,,,,,5.3,250,1539,3.2,290,1626,1.2,1037,20,4.6,19,1528,52.1,8.5,1013.4,1023.1,2235,1018,0,1020.4,11.2,10.1,1200,2.09,13.64,,,,,,0,0,17.5,5,,,,,,,,,,,,,,
143,대구,2005-10-18,16.2,9.4,607,23.6,1406,,,,,,,7,110,1922,5.2,110,1920,1.3,1123,20,9.2,31,1407,65.4,11.8,1016.8,1025.9,818,1021,1501,1023.9,11.2,8.3,1200,1.85,11.4,,,,,,.5,.5,17.8,6.1,,,,,,,,,,,,,{연무}1130-{연무}{강도0}1200-{연무}{강도0}1500-1630.,
143,대구,2005-10-19,15.8,12.1,2358,20.3,1528,2.17,.3,829,.4,747,.4,8,90,1508,4.7,90,1623,2.2,1901,110,10.5,49,1509,70.8,12.7,1019.8,1028.6,1026,1024.7,0,1026.9,11.2,3.4,1200,2.06,7.3,,,,,,6,5,16.6,10.2,,,,,,,,,,,,,{박무}0720-{박무}{강도0}0900-1145. {비}0720-{비}{강도0}0900-0930.,
143,대구,2005-10-20,15.1,9.8,630,21.8,1320,,,,,,,4.9,290,1603,3.1,110,2136,1.5,1296,20,9,34,1327,68.6,11.5,1017.9,1028.3,859,1021.8,2118,1024.9,11.1,7.6,1200,1.93,11.96,,,,,,1.4,.4,17.4,7.8,,,,,,,,,,,,,{박무}0420-{박무}{강도0}0600-0610.,
143,대구,2005-10-21,14.2,10.8,527,16.8,1432,1.08,0,,0,,0,7.3,270,1203,4.4,270,1218,2,1728,290,9.1,59,1030,70.8,11.6,1010.8,1022.1,126,1014.9,1936,1017.8,11.1,0,1100,.46,2.84,,,,,,8,4,14.5,6.7,,,,,,,,,,,,,{비}1155-{비}{강도0}1200-1235. {비}1415-1440. ,
143,대구,2005-10-22,10.8,8.7,2309,14.5,1436,2,2,152,2,120,2.5,9.7,110,40,5.6,270,1621,3,2592,270,-.8,20,1350,47,6.1,1012,1020.6,902,1015.7,0,1019.1,11.1,8,1300,2.06,12.63,,,,,,3.6,3.3,12.2,4.5,,,,,,,,,,,,,{비}0120-{비}{강도0}0300-0320.,
143,대구,2005-10-23,11.5,3.7,626,17.7,1325,,,,,,,7.9,250,1310,4.3,270,1208,2.2,1901,270,-1,20,1303,44.8,5.8,1011.4,1021,832,1016.4,1551,1018.5,11,9.8,1200,2.12,13.19,,,,,,3.1,0,12.2,-.5,,,,,,,,,,,,,,
143,대구,2005-10-24,13.3,6.7,643,20.6,1424,,,,,,,9,270,1307,5.3,290,1641,2.2,1901,270,4.5,32,1416,56.4,8.5,1011.9,1021,2358,1016.8,1350,1018.9,11,10,1100,1.85,11.1,,,,,,1,1,13.3,1.8,,,,,,,,,,,,,,
143,대구,2005-10-25,13.6,8.6,729,20.4,1523,,,,,,,4.6,110,1735,3.1,110,1739,1.2,1037,70,6.8,36,1516,64.4,9.9,1016.7,1025.7,2301,1021,0,1023.8,11,4.7,1000,1.23,8.37,,,,,,4.6,0,14.5,4.1,,,,,,,,,,,,,{박무}0120-{박무}{강도0}0300-{박무}{강도0}0600-{박무}{강도0}0900-1120. {연무}1110-{연무}{강도0}1200-{연무}{강도0}1500-{연무}{강도0}1800-2030. {박무}2020-{박무}{강도0}2100-{박무}{강도0}2400-,
143,대구,2005-10-26,13.9,11.5,2357,18.7,1528,4.83,.1,,.2,,.4,6.4,90,1623,4.1,110,1658,1.3,1123,90,10.3,60,1654,78.6,12.6,1018.2,1026.8,910,1023.5,1617,1025.3,10.9,3,1400,1.18,4.94,,,,,,5,3.8,14.8,7.5,,,,,,,,,,,,,-{박무}-{박무}{강도0}0300-{박무}{강도0}0600-{박무}{강도1}0900-1140. {비}0730-{비}{강도0}0900-{비}{강도0}1200-1220.,
143,대구,2005-10-27,13.8,8.7,555,21.9,1520,,,,,,,3.1,250,1155,2,90,523,1,864,70,8,19,1531,71,10.8,1017.5,1027.4,828,1022.3,1727,1024.6,10.9,5.9,1200,1.79,9.19,,,,,,3.8,2.5,14.9,6.4,,,,,,,,,,,,,{박무}0040-{박무}{강도0}0300-{시정(미만)}{1km}{안개}0430-{시정(미만)}{0.5km}{안개}0445-{시정(미만)}{0.2km}{안개}0510-{시정(미만)}{0.1km}{안개}0540-{안개}{강도2}0600-{시정(이상)}{0.1km}{안개}0715-{시정(이상)}{0.2km}{안개}0740-{시정(이상)}{0.5km}{안개}0820-{안개}{강도0}0900-{시정(이상)}{1km}{박무}1040-{박무}{강도1}1200-1230. {연무}1220-1430.,6.17
143,대구,2005-10-28,13.9,10,407,19.8,1537,1.33,0,,0,,0,10.8,270,2323,6.5,270,2349,1.9,1642,270,7.9,47,2011,67.4,10.8,1011.6,1023.1,1,1015.3,1635,1018.6,10.9,1.7,1400,.93,4.69,,,,,,6.4,3.5,14.4,6.4,,,,,,,,,,,,,{박무}0230-{박무}{강도0}0300-{박무}{강도0}0600-{박무}{강도0}0900-{박무}{강도0}1200-1415. {비}0830-{비}{강도0}0900-0950.,
143,대구,2005-10-29,12.7,9.6,632,17,1506,,,,,,,11.3,320,405,6.1,290,414,3.5,3024,270,1,31,1423,44.8,6.6,1010,1018.4,102,1014.7,1408,1017.1,10.8,7.7,1200,2,11.6,,,,,,4.5,1.3,14.4,4.5,,,,,,,,,,,,,,
143,대구,2005-10-30,10,5.3,533,15,1316,,,,,,,9,290,1513,5.6,270,1530,2.6,2246,290,1.4,30,1317,56.5,6.8,1012,1021.3,2228,1017.2,1403,1019.2,10.8,4.6,1000,1.61,9.12,,,,,,4.5,4,12.9,1.5,,,,,,,,,,,,,,
143,대구,2005-10-31,11.3,6.4,420,18,1432,,,,,,,7.7,360,2207,4.3,270,1331,2.2,1901,270,-.4,26,1710,45.6,5.9,1016.3,1025.1,945,1021.2,0,1023.5,10.7,9.3,1200,1.91,11.48,,,,,,1.9,1.9,12.6,3.5,,,,,,,,,,,,,,
143,대구,2005-11-01,11.5,4.7,511,18.9,1305,,,,,,,6,270,1352,4,270,1254,1.5,1296,20,2.4,30,1250,54.8,7.3,1017.5,1026.9,751,1022.6,1639,1024.7,10.7,9.3,1200,1.95,11.17,,,,,,1.3,0,11.8,1,,,,,,,,,,,,,,
143,대구,2005-11-02,12.5,5.9,654,19.2,1336,,,,,,,5.2,270,1258,3.3,270,1409,1.2,1037,20,4.2,31,1335,59,8.2,1016.3,1026.4,815,1020.7,1656,1023.5,10.7,8,1200,1.76,9.81,,,,,,1.8,.5,12.6,1.8,,,,,,,,,,,,,{박무}0430-{박무}{강도0}0600-{박무}{강도0}0900-1030. {연무}1020-{연무}{강도0}1200-1230. ,
143,대구,2005-11-03,15.5,10,550,22.9,1503,,,,,,,3.6,270,1313,2,20,521,.7,605,20,5.7,26,1605,54.3,9.2,1014.1,1023.8,845,1018.9,1550,1021.1,10.7,8,1200,1.73,10.12,,,,,,1.6,1.1,15.2,5.3,,,,,,,,,,,,,{박무}0820-{박무}{강도0}0900-1020. {연무}1010-{연무}{강도0}1200-1240.,
143,대구,2005-11-04,16.7,10,627,24.1,1430,,,,,,,4.8,270,1334,3.3,250,1341,1.1,950,20,8.6,37,1431,60,11.2,1011.8,1021,851,1017.1,1449,1018.8,10.6,9.1,1100,1.58,9.86,,,,,,2.4,1.6,15.8,4.5,,,,,,,,,,,,,{박무}0820-{박무}{강도0}0900-1130.,
143,대구,2005-11-05,17.7,11.9,510,22.5,1335,.73,,,,,.2,4.3,90,2212,3.1,70,2252,1.3,1123,70,12.1,52,1338,69.4,14.2,1007.9,1018.9,909,1009.9,2352,1014.9,10.6,4,1100,1.32,7.12,,,,,,6.8,4,17.8,7.6,,,,,,,,,,,,,{박무}1030-{박무}{강도0}1200-{박무}{강도0}1500-{박무}{강도0}1800-{박무}{강도0}2100-{박무}{강도0}2400- {비}2316-{비}{강도0}2400-,
143,대구,2005-11-06,17.9,14.3,2358,22.5,1420,8.42,,,,,9,12.5,320,1603,6.6,290,1529,2.5,2160,270,12.7,48,2318,72.5,15.2,999.3,1010.2,2352,1002.5,1217,1006.2,10.6,4.2,1400,1.29,7.14,,,,,,6.3,5.3,17.7,11.9,,,,,,,,,,,,,-{비}-{비}{강도0}0300-{비}{강도0}0600-0640. -{박무}-{박무}{강도0}0300-{박무}{강도0}0600-{박무}{강도0}0900-1150. {비}0945-0950. {비}1010-1150. {황사}2315-{황사}{강도0}2400-,
143,대구,2005-11-07,12.9,9.6,640,18.2,1441,,,,,,,9.6,290,908,5.4,290,912,2.8,2419,270,.3,22,1456,43.6,6.3,1007.3,1015.5,2203,1010.2,0,1014.3,10.5,9.2,1200,1.88,11.51,,,,,,0,0,11.6,5.6,,,,,,,,,,,,,-{황사}-{황사}{강도0}0300-{황사}{강도0}0600-0730.,
143,대구,2005-11-08,12.7,9.4,2400,16.8,1355,.5,,,,,0,10.4,290,242,6.2,290,1414,3.3,2851,270,-5.5,11,1406,31,4.4,1011.2,1019.9,901,1014.2,7,1018.3,10.5,9.7,1200,1.94,11.91,,,,,,1.3,.6,12.6,4.2,,,,,,,,,,,,,{비}0245-{비}{강도0}0300-0315.,
143,대구,2005-11-09,11.6,6.6,715,17.7,1442,,,,,,,8.5,290,323,5.1,270,326,1.7,1469,270,-.1,27,1443,45.4,6.1,1012.6,1021.9,807,1017.9,1549,1019.8,10.5,7.8,1200,1.74,9.32,,,,,,3.3,.3,10.5,1.5,,,,,,,,,,,,,,
143,대구,2005-11-10,12.2,4.6,722,20.2,1520,,,,,,,3.4,90,520,2.4,90,520,1,864,70,4.4,35,1422,60.3,8.5,1010.2,1020.2,821,1014.5,1454,1017.3,10.4,8.3,1200,1.51,8.86,,,,,,.9,.3,11.4,1.9,,,,,,,,,,,,,{연무}1320-{연무}{강도0}1500-1630.,
143,대구,2005-11-11,11.9,9.7,2400,13.1,1506,9.58,,,,,5,7.2,140,1617,4.7,140,1619,1.3,1123,140,9.2,70,13,82.6,11.7,1008.4,1017.9,2400,1013.3,1558,1015.6,10.4,0,1100,.26,1.09,,,,,,7.9,5.4,11.9,4.2,,,,,,,,,,,,,{박무}0640-{박무}{강도0}0900-{박무}{강도0}1200-{박무}{강도1}1500-{박무}{강도0}1800-{박무}{강도0}2100-{박무}{강도0}2400- {비}0715-0740. {비}0810-{비}{강도0}0900-{비}{강도0}1200-{비}{강도0}1500-1720. ,
143,대구,2005-11-12,11.4,6,605,18.5,1406,,,,,,,6.7,250,951,4.2,270,1019,1.9,1642,270,-2.7,9,1417,46.3,5.5,1014.9,1024.9,2236,1017.9,0,1022.1,10.4,9.5,1200,1.85,11.21,,,,,,0,0,10.8,.6,,,,,,,,,,,,,-{박무}-{박무}{강도0}0300-{박무}{강도0}0600-0620.,
143,대구,2005-11-13,10.9,3.8,607,17.4,1347,,,,,,,4.7,270,1147,2.4,70,304,1.1,950,20,1.1,29,1444,52.8,6.7,1015.7,1025.8,803,1019.5,1746,1022.9,10.4,4.2,1100,1.58,8.03,,,,,,5.1,3.9,11,1.1,,,,,,,,,,,,,,
143,대구,2005-11-14,11.1,6.5,2351,15.7,1143,.42,,,,,0,8,270,1521,6.2,270,1520,2.1,1814,290,-2.2,17,1654,40.6,5.5,1013.3,1022.6,2337,1018.1,1339,1020.5,10.3,4.7,1300,1.39,7.03,,,,,,5.1,3,10.7,2.8,,,,,,,,,,,,,{비}0510-0535.,
143,대구,2005-11-15,6.6,2.9,706,11.5,1355,,,,,,,9.4,320,1228,5.7,290,1443,3.2,2765,290,-11.2,16,1339,27.1,2.6,1015.2,1024.9,2337,1019.7,1401,1022.5,10.3,9.5,1200,1.83,11.01,,,,,,.4,0,6.5,-2.4,,,,,,,,,,,,,,
143,대구,2005-11-16,5.1,-.6,708,11.1,1503,,,,,,,6.9,290,1441,3.9,270,1453,2.1,1814,270,-8.9,18,1554,37.4,3.2,1017.3,1026.3,827,1022.7,1509,1024.7,10.3,9.5,1200,1.74,10.31,,,,,,0,0,5,-3.9,,,,,,,,,,,,,,
143,대구,2005-11-17,5.7,-.8,550,11.9,1515,,,,,,,9.6,290,1308,6,270,1428,2.9,2506,290,-10.6,13,1213,32.3,2.8,1019,1028.3,2320,1024.6,1415,1026.3,10.2,9.6,1200,1.81,10.79,,,,,,.1,0,5,-6.4,,,,,,,,,,,,,,
143,대구,2005-11-18,6.6,2.9,657,10.8,1529,,,,,,,9.9,290,1232,5.9,290,1332,2.7,2333,290,-10.7,16,1534,28.6,2.7,1022.8,1031.5,1029,1028.1,17,1030.2,10.2,8.7,1100,1.71,9.66,,,,,,2.9,0,6,-3.6,,,,,,,,,,,,,,
143,대구,2005-11-19,4.6,-.4,709,10.5,1254,,,,,,,6.3,290,1422,3.8,290,1422,1.6,1382,290,-9.6,15,1407,37.4,3,1023.5,1032.9,735,1028.8,1332,1030.9,10.2,7.2,1100,1.55,8.66,,,,,,3,0,4.5,-6.5,,,,,,,,,,,,,,
143,대구,2005-11-20,4.8,-2.2,708,12.3,1459,,,,,,,5.5,270,1356,3.5,270,1401,1.5,1296,50,-10.3,11,1545,36.8,2.9,1021.4,1031.2,241,1026.2,1536,1028.7,10.2,9.6,1200,1.72,10.29,,,,,,0,0,3.6,-7.4,,,,,,,,,,,,,,
143,대구,2005-11-21,6.4,-.2,631,12.5,1448,,,,,,,6.5,290,1703,4.3,290,1521,1.7,1469,290,-3.6,34,1117,48.4,4.8,1018.3,1028.2,230,1023.4,1437,1025.7,10.1,6.3,1100,1.36,7.34,,,,,,2.3,2.3,5.1,-6,,,,,,,,,,,,,,
143,대구,2005-11-22,7.1,3.7,2333,12.1,1336,,,,,,,8.2,270,1053,5.4,270,1054,2.5,2160,290,-6.7,20,1400,38.8,3.8,1019.5,1028.6,849,1025.3,1436,1026.9,10.1,9.6,1200,1.68,10.11,,,,,,0,0,5.6,-3.8,,,,,,,,,,,,,,
143,대구,2005-11-23,6.9,.5,612,13,1333,,,,,,,9.2,200,1305,3.4,290,1341,1.1,950,290,-2.6,33,1241,50.6,5.1,1016.3,1027.4,10,1021,1628,1023.6,10.1,5.5,1200,1.47,7.65,,,,,,4.9,1.8,6.3,-5,,,,,,,,,,,,,,
143,대구,2005-11-24,9.3,4.2,751,15.5,1403,,,,,,,7.2,290,1629,4,290,1511,1.4,1210,290,-.4,24,1506,52.9,6,1012.5,1021.7,836,1017.6,1441,1019.7,10.1,8.3,1200,1.45,8.18,,,,,,0,0,7.5,-2.7,,,,,,,,,,,,,,
143,대구,2005-11-25,9.3,3.8,627,15.8,1433,,,,,,,9.4,290,1524,5.1,290,1557,1.6,1382,270,-.7,26,1536,51.6,5.8,1011.2,1020.2,818,1016.2,1518,1018.3,10,8.3,1200,1.42,8.25,,,,,,.1,.1,7.2,-3.6,,,,,,,,,,,,,,
143,대구,2005-11-26,8.7,3.3,732,15.4,1404,,,,,,,5.9,270,1334,3.4,270,1317,1.3,1123,50,.9,33,1335,59.1,6.6,1008.9,1018.7,824,1013.6,1529,1016.1,10,7.2,1200,1.41,7.73,,,,,,.5,.5,7.3,-2.3,,,,,,,,,,,,,{박무}0520-{박무}{강도0}0600-{박무}{강도0}0900-1130.,
143,대구,2005-11-27,10.1,5.3,226,15.9,1348,,,,,,,6.6,270,1247,3.4,290,1702,1.3,1123,270,1.9,35,1654,57.1,7,1010.2,1020.6,2211,1014.5,406,1017.4,10,7.1,1200,1.27,6.93,,,,,,1.8,1.8,8.6,-.2,,,,,,,,,,,,,{박무}0220-{박무}{강도0}0300-{박무}{강도0}0600-{박무}{강도0}0900-{박무}{강도0}1200-1220. {박무}2330-{박무}{강도0}2400-,
143,대구,2005-11-28,9.9,4.1,659,15,1541,1.67,,,,,.3,13,290,2127,7,290,2027,2,1728,290,1.2,32,1656,55.8,6.7,1007.2,1020.2,318,1007.6,1838,1014.4,10,4.5,1200,.99,6.37,,,,,,5.6,1.6,8.2,.7,,,,,,,,,,,,,-{박무}-{박무}{강도0}0300-{박무}{강도0}0600-{박무}{강도0}0900-{박무}{강도0}1200-{박무}{강도0}1500-1630. {비}1655-1710. {비}1805-1930.,
143,대구,2005-11-29,6.8,3.9,2331,10.1,1441,,,,,,,16.5,290,45,8.8,270,106,4.3,3715,290,-7.4,18,1301,36.9,3.6,1008.5,1019.1,1021,1011,59,1015.7,10,9.1,1200,1.63,9.53,,,,,,.4,.4,5.8,-.8,,,,,,,,,,,,,,
143,대구,2005-11-30,6.5,2.2,2344,11.8,1429,,,,,,,6.4,290,1019,3.7,270,1312,1.5,1296,270,-7,15,1354,41,3.8,1011.4,1020.8,2340,1015.6,9,1018.6,9.9,9,1200,1.6,9.29,,,,,,.9,.9,5.4,-4.1,,,,,,,,,,,,,,
143,대구,2005-12-01,6.4,-.5,707,14.2,1432,,,,,,,6,290,1447,4,290,1450,1.2,1037,70,-2.6,34,1308,53,5.2,1011.9,1021,20,1016.7,1339,1019.2,9.9,6.4,1200,1.24,6.52,,,,,,2,1,5.2,-5.1,,,,,,,,,,,,,,
143,대구,2005-12-02,6.1,1.2,2345,10.2,1349,,,,,,,10.4,290,1403,6.4,290,1403,3.4,2938,290,-9.8,12,1558,34.5,3.4,1015.7,1025.3,2325,1019.9,0,1023.1,9.9,6.5,1200,1.56,7.86,,,,,,2.6,.4,5.9,-4.1,,,,,,,,,,,,,{박무}0230-{박무}{강도0}0300-{박무}{강도0}0600-0710.,
143,대구,2005-12-03,2.7,.1,529,6.4,1418,,,,,,,9.4,270,1101,6.7,270,1105,2.8,2419,270,-14.5,18,1032,27.4,2.1,1015.1,1026.2,244,1016.4,2359,1022.5,9.9,5.5,1000,1.58,9.45,,,,,,5.3,.9,2.8,-4,,,,,,,,,,,,,,
143,대구,2005-12-04,.2,-3.1,2319,3.1,411,3,,,,,.6,13,270,1320,7.8,290,1324,4,3456,290,-10.8,17,1317,47.9,2.9,1005.2,1016.4,0,1011.1,1403,1012.6,9.9,8,1200,2,11.3,.7,710,.7,710,.7,4,2.9,1.5,-6.3,,,,,,,,,,,,,{눈}0420-{눈}{강도0}0600-0720. {박무}0440-{박무}{강도0}0600-0845.,
143,대구,2005-12-05,-2.5,-5.4,656,1.2,1336,,,,,,,11.2,290,1157,6.6,290,1254,4.3,3715,290,-13.5,29,1219,45,2.2,1011.7,1022.8,2349,1013.9,26,1019.3,9.8,9.1,1200,2.01,11.98,,,,,,1.6,1.6,-1.5,-9.4,,,,,,,,,,,,,,
143,대구,2005-12-06,1,-2.5,559,6.4,1336,,,,,,,9.9,290,1355,5.9,290,1400,3.2,2765,270,-9.1,31,1337,47.1,3.1,1016.9,1025.5,849,1022.5,0,1024.4,9.8,8.6,1200,1.67,9.98,,,,,,.3,.3,-.1,-6.6,,,,,,,,,,,,,,
143,대구,2005-12-07,1.5,-1.5,723,5.9,1357,,,,,,,8.9,290,1446,5.1,320,1422,3,2592,290,-8.2,31,1454,49.3,3.3,1017.4,1026,2303,1023.1,1358,1024.8,9.8,8.9,1200,1.59,9.27,,,,,,.9,.9,.4,-6.4,,,,,,,,,,,,,,
143,대구,2005-12-08,.8,-1.4,512,4.4,1258,,,,,,,11,270,1234,7.2,270,1246,3.7,3197,290,-9.5,33,1327,46.6,3,1019.1,1028.5,2338,1024.7,1421,1026.6,9.8,7.3,1200,1.99,10.63,,,,,,1,1,.6,-7.1,,,,,,,,,,,,,,
143,대구,2005-12-09,1.5,-2.9,457,6.5,1417,,,,,,,9.8,270,1256,6.1,290,1305,2.7,2333,290,-9.4,28,1418,44.9,3,1021.1,1030.5,941,1026.8,1504,1028.6,9.8,8.5,1200,1.57,9,,,,,,.9,0,-.2,-9.4,,,,,,,,,,,,,,
143,대구,2005-12-10,1.4,-2.2,617,6.2,1405,,,,,,,10.1,290,1622,5.9,290,1623,2.6,2246,290,-8.7,24,2010,48.8,3.3,1018.8,1029,228,1024.1,1439,1026.3,9.8,2.2,1300,1.07,4.47,,,,,,4.8,3.5,.8,-8.8,,,,,,,,,,,,,,
143,대구,2005-12-11,-1.9,-4.4,755,1.6,1440,,,,,,,8.6,290,2338,5.4,290,1400,3.9,3370,290,-16.8,21,1200,33.3,1.7,1017.7,1027.6,1012,1023.3,1449,1025.3,9.8,6.8,1200,2.01,10.5,,,,,,1.5,1.1,-1.4,-6.7,,,,,,,,,,,,,,
143,대구,2005-12-12,-3,-5.2,2349,1.5,1407,,,,,,,14.5,290,2129,7.4,290,1249,4.7,4061,290,-14.5,28,1347,43.6,2,1014.1,1024.9,0,1018.7,1431,1021.7,9.8,9.1,1200,1.64,9.42,,,,,,.6,.6,-2.9,-9,,,,,,,,,,,,,,
143,대구,2005-12-13,-3.8,-6.8,451,.1,1320,,,,,,,17.2,320,1342,9.5,290,1345,5,4320,290,-15.5,29,1216,42.4,1.9,1014.4,1023.4,2324,1019.9,1407,1021.9,9.8,9.2,1200,1.67,9.74,,,,,,.3,.3,-4.1,-10.1,,,,,,,,,,,,,,
143,대구,2005-12-14,-2.2,-5.8,450,2.5,1428,,,,,,,10.1,290,1630,6.6,290,1628,3.5,3024,290,-15.1,21,1241,39.1,1.9,1016.6,1025.8,1107,1023.1,40,1024.2,9.8,9.2,1200,2.01,11.91,,,,,,.1,.1,-3.6,-11.1,,,,,,,,,,,,,,
143,대구,2005-12-15,-.9,-3.8,717,2.5,1447,3.08,,,,,0,12.7,270,1321,7.3,290,1344,3.7,3197,290,-10.8,27,1503,50.3,2.8,1015.3,1024.1,956,1020.9,1427,1022.8,9.8,9.1,1200,1.64,9.35,0,,0,,0,3.3,2.9,-.8,-7.9,,,,,,,,,,,,,{눈}0245-{눈}{강도0}0300-0550.,
143,대구,2005-12-16,.3,-3.7,744,5.7,1425,4.42,,,,,.8,7.5,250,1437,5.1,290,1559,2.4,2074,270,-6.8,34,1425,60.8,3.8,1014.9,1025.1,944,1020.4,1509,1022.4,9.7,7.4,1200,1.96,10.96,1.1,2320,1.1,2320,1.1,4,2.8,.3,-10.4,,,,,,,,,,,,,{눈}1905-{눈}{강도0}2100-2330.,
143,대구,2005-12-17,-4.9,-10.9,2349,.1,0,.5,,,,,0,16.1,290,1953,8.4,290,1846,5.2,4493,290,-19.4,23,832,33.9,1.4,1017.4,1031.2,2339,1020.8,1417,1025.1,9.7,7.4,1200,1.99,10.31,,,1.1,0,,2.1,2.1,-3.5,-14,,,,,,,,,,,,,{눈}1645-1715.,
143,대구,2005-12-18,-4,-11.1,603,2.2,1543,1.25,,,,,0,7.6,290,40,4.8,290,59,2.9,2506,290,-17.1,23,1209,38.8,2,1020.9,1032.2,548,1025.3,1535,1028.6,9.7,7.5,1200,1.96,11.15,,,,,,2.5,2.1,-4.5,-15.2,,,,,,,,,,,,,{눈}1655-{눈}{강도0}1800-1810.,
143,대구,2005-12-19,.2,-3.1,2357,5.4,1349,,,,,,,7.1,320,1531,4.6,290,1425,2.2,1901,270,-13.7,16,1550,38.1,2.2,1020.7,1030.4,2250,1026.2,119,1028.2,9.7,8.9,1200,1.94,11.53,,,,,,0,0,-2.1,-11.4,,,,,,,,,,,,,,
143,대구,2005-12-20,-.3,-7.3,733,5.8,1455,,,,,,,6.9,290,1327,4.6,270,1322,2.1,1814,290,-15.5,16,1337,34.5,1.9,1020.3,1031.6,904,1023.8,2339,1027.8,9.7,8.1,1200,1.94,10.56,,,,,,4.3,.1,-1.5,-12.7,,,,,,,,,,,,,,
143,대구,2005-12-21,-2.2,-6.3,2345,.9,9,2.67,,,,,1,13.9,320,1621,7.7,290,1614,3.5,3024,290,-12.5,21,1609,48.3,2.5,1008.6,1024,3,1012.3,1449,1016.1,9.7,1.1,1200,1.12,3.99,1.7,1115,1.7,1115,1.7,5.9,3,-1.5,-9.6,,,,,,,,,,,,,{눈}0905-1120. {눈}2325-2350.,
143,대구,2005-12-22,-3.2,-7.6,408,1,1451,,,,,,,15.1,290,1237,8.3,290,1234,4.7,4061,290,-14.4,28,1355,43.9,2.1,1008.8,1018.4,1003,1014.2,1449,1016.3,9.7,8.9,1100,1.88,11.64,,,,,,1.5,1.5,-3.8,-11,,,,,,,,,,,,,,
143,대구,2005-12-23,.3,-3.1,406,4.8,1206,2.83,,,,,.4,10.8,290,2012,6.2,290,2117,2.1,1814,290,-6.6,34,2236,61.1,3.9,1008.9,1019.6,2359,1014.2,1232,1016.4,9.7,2.9,1100,1.06,4.05,,,,,,4.1,3,-1,-8,,,,,,,,,,,,,{진눈깨비}1250-{진눈깨비}{강도0}1500-1540. {박무}1330-{박무}{강도0}1500-1650.,
143,대구,2005-12-24,-1.5,-5.1,736,3,1524,,,,,,,9.6,290,38,5.5,290,39,2.7,2333,290,-15.8,19,1616,34.4,1.8,1016,1026.2,952,1019.5,1,1023.6,9.7,9.2,1200,1.94,11.54,,,,,,0,0,-3.1,-11,,,,,,,,,,,,,,
143,대구,2005-12-25,.2,-6.5,743,9.1,1433,,,,,,,13.1,270,1547,8.3,290,1547,2.6,2246,290,-11.6,21,2024,43.1,2.7,1011.1,1022.9,0,1013.6,1451,1018.6,9.7,7.6,1300,1.44,8,,,,,,1.8,1.8,-.1,-12.6,,,,,,,,,,,,,,
143,대구,2005-12-26,-2.4,-4.8,746,1.9,1442,,,,,,,10.5,290,1312,6.2,320,1354,3.8,3283,290,-16.3,21,1514,36.1,1.8,1018,1028.7,2339,1020.5,5,1025.6,9.7,9.2,1200,1.98,12.03,,,,,,0,0,-3,-9.9,,,,,,,,,,,,,,
143,대구,2005-12-27,-2.3,-6,604,2.5,1451,,,,,,,11.6,320,1319,6.5,290,1309,3.5,3024,290,-18.2,15,1527,31.9,1.5,1022.7,1032.6,2232,1028,1447,1030.3,9.8,9.2,1200,1.7,9.99,,,,,,0,0,-3.9,-12.2,,,,,,,,,,,,,,
143,대구,2005-12-28,-1,-6,820,4.6,1504,,,,,,,7.2,320,7,4.6,270,1447,2.2,1901,270,-18.2,12,1419,30.3,1.5,1024,1033.4,959,1029.4,1353,1031.6,9.8,9.2,1200,1.94,11.37,,,,,,.5,0,-3.2,-14.1,,,,,,,,,,,,,,
143,대구,2005-12-29,-.8,-6.6,624,5.1,1431,,,,,,,6.5,270,1434,4,270,1350,1.6,1382,50,-15.2,17,1330,34.5,1.9,1023.6,1033.3,920,1028.9,1438,1031.2,9.8,6.8,1200,1.6,8.98,,,,,,1.4,0,-1.9,-11.4,,,,,,,,,,,,,,
143,대구,2005-12-30,1.3,-5,741,7.1,1549,,,,,,,9.3,290,1616,5.8,290,1616,1.7,1469,270,-7.2,32,1249,53.9,3.7,1022.5,1032.2,806,1027.4,1451,1030,9.8,2.4,1200,1.32,5.03,,,,,,6.1,1.9,.7,-11.5,,,,,,,,,,,,,,
143,대구,2005-12-31,2.7,-.8,321,6.6,1457,,,,,,,10.6,90,1109,6.9,110,1115,2.5,2160,90,-4.7,37,1452,58.8,4.3,1022.9,1032,1033,1028.8,1500,1030.4,9.8,4.7,1200,1.54,9.05,,,,,,6.1,1.6,2.8,-6.9,,,,,,,,,,,,,{박무}0230-{박무}{강도0}0300-{박무}{강도0}0600-0840.,
143,대구,2006-01-01,3,-2.3,646,7.7,1436,,,,,,,6,340,1701,3.8,320,1643,1.7,1469,290,-4,39,1508,60.9,4.6,1016.6,1029.6,0,1020.6,2048,1024,9.8,3.7,1100,1.47,8.15,,,,,,6,3.5,3.9,-9.7,,,,,,,,,,,,,,
143,대구,2006-01-02,4.6,2.6,2359,8.4,1439,,,,,,,11,290,2046,6.2,290,1625,3.5,3024,290,-6.7,22,1718,44.8,3.8,1012.7,1021.5,255,1017.4,1413,1020,9.8,7.3,1200,1.55,9.71,,,,,,4.3,2.9,4.1,-2.4,,,,,,,,,,,,,{박무}0720-{박무}{강도0}0900-1030. {연무}1020-1140.,
143,대구,2006-01-03,1.7,-.5,806,5.7,1438,,,,,,,15.6,290,1140,7.5,290,750,4.6,3974,290,-19.1,11,1332,20.1,1.4,1015.9,1025.1,956,1019.9,0,1023.4,9.8,7.9,1200,2.01,11.52,,,,,,4.3,2,1.9,-4,,,,,,,,,,,,,,
143,대구,2006-01-04,-.6,-3.6,2357,1.2,1432,,,,,,,7.7,290,1444,5.4,270,1500,3.3,2851,290,-20.2,13,1416,22.5,1.3,1017.4,1026.9,1037,1022.9,1531,1024.9,9.8,0,1400,.5,2.9,,,,,,9.4,3.5,.2,-5,,,,,,,,,,,,,,
143,대구,2006-01-05,-3,-6.6,754,1.2,1332,,,,,,,8.2,290,127,5.8,270,1402,3.3,2851,290,-18.3,24,1247,31.1,1.5,1018.4,1027.7,949,1024.2,1445,1026,9.8,7.3,1200,1.63,8.58,,,,,,4.9,3,-1.8,-10.4,,,,,,,,,,,,,,
143,대구,2006-01-06,-3.5,-5.2,2342,0,1439,,,,,,,11.9,270,1924,6.6,270,1400,3.9,3370,290,-18.6,21,1439,32.9,1.5,1015.7,1027.4,243,1020.2,1608,1023.3,9.8,3.4,1300,1.45,6.47,,,,,,4.6,2.8,-3.2,-9.7,,,,,,,,,,,,,,
143,대구,2006-01-07,-3.4,-7.3,715,1,1511,,,,,,,10,320,1607,6.3,320,1610,3.5,3024,290,-19.4,20,1302,29.8,1.3,1018.4,1027.8,2337,1024,0,1026,9.9,9.4,1200,2.04,12.34,,,,,,0,0,-4.1,-12.2,,,,,,,,,,,,,,
143,대구,2006-01-08,-.5,-5.1,726,5,1456,,,,,,,6.6,270,1215,4.4,270,40,1.9,1642,270,-15.4,19,1456,33.9,1.9,1019.7,1029.5,901,1025.5,1626,1027.2,9.9,9.1,1200,1.72,9.79,,,,,,1.8,0,-2.5,-13.4,,,,,,,,,,,,,,
143,대구,2006-01-09,1.1,-4.1,751,6.1,1403,,,,,,,7.5,320,1629,4.7,290,1300,1.6,1382,270,-10.9,30,1314,40.9,2.7,1016.8,1026.7,7,1022,1441,1024.3,9.9,8.9,1200,1.65,9.28,,,,,,2.8,1.9,.1,-12.2,,,,,,,,,,,,,,
143,대구,2006-01-10,2.7,-1.9,656,7.5,1538,,,,,,,5.9,230,1328,3.6,320,1908,1.5,1296,290,-8.1,27,1613,46,3.3,1016.8,1027.1,2358,1021.9,1436,1024.2,9.9,7.8,1200,1.68,9.56,,,,,,2,.8,2.1,-9.7,,,,,,,,,,,,,,
143,대구,2006-01-11,1.1,-4.3,718,8.5,1432,,,,,,,5,290,1449,3.4,270,1240,1.3,1123,50,-12,17,1351,41.6,2.5,1022.6,1032.8,2400,1027,5,1030.1,9.9,8.6,1300,1.56,9.02,,,,,,1.4,0,1.3,-11.2,,,,,,,,,,,,,,
143,대구,2006-01-12,2.2,-5.2,740,9.1,1522,,,,,,,13,110,1804,4.8,90,1750,2,1728,110,-7.5,31,1435,49.9,3.8,1022.7,1034.1,924,1025.6,2355,1030.2,9.9,4.2,1000,1.24,6.16,,,,,,6,4.1,2.3,-9.8,,,,,,,,,,,,.5,,
143,대구,2006-01-13,6.1,4.4,559,7.3,1439,17.83,,,,,5.5,5,140,230,3.1,140,232,1.1,950,90,4.2,62,222,86.8,8.3,1010.3,1025.7,4,1014.3,2400,1017.6,10,0,1200,.29,1.42,,,,,,10,5.4,6.2,2.9,,,,,,,,,,,,6,{비}0240-{비}{강도0}0300-{비}{강도0}0600-{비}{강도0}0900-{비}{강도0}1200-{비}{강도0}1500-{비}{강도0}1800-2030.  {박무}0820-{박무}{강도0}0900-{박무}{강도0}1200-{박무}{강도1}1500-{박무}{강도1}1800-{박무}{강도1}2100-{박무}{강도1}2400-,
143,대구,2006-01-14,6.5,4.7,2344,8.9,1550,6,,,,,1,7.5,140,821,4.7,140,830,2.1,1814,140,2.8,59,1819,77.4,7.6,1009.9,1021.5,2349,1013.3,353,1017.1,10,.1,1400,.63,2.31,,,,,,9.4,7.9,6.7,2.3,,,,,,,,,,,,0,-{박무}-{시정(미만)}{1km}{안개}0140-{시정(미만)}{0.5km}{안개}0220-{시정(미만)}{0.2km}{안개}0250-{안개}{강도2}0300-{시정(이상)}{0.2km}{안개}0315-{시정(이상)}{0.5km}{안개}0420-{시정(이상)}{1km}{박무}0440-{박무}{강도2}0600-{박무}{강도2}0900-1140.  {비}0450-{비}{강도0}0600-{비}{강도0}0900-1040.  {비}1240-1250.,3
143,대구,2006-01-15,4.2,2,717,7.5,1610,.83,,,,,.2,4.9,140,210,3.4,90,422,1.4,1210,90,-.5,56,1315,70.9,5.9,1014,1022.7,852,1019.8,1319,1021.3,10,.6,1100,.71,4.36,,,,,,6,4.1,4.2,-4.3,,,,,,,,,,,,.2,{박무}0620-0730. {비}1355-1445.,
143,대구,2006-01-16,3.1,-.1,753,5.6,1547,1,,,,,0,4.6,50,219,2.9,50,224,1.1,950,50,-.4,59,2229,76.4,5.9,1014.6,1024.2,2209,1019.7,1433,1021.9,10,0,1400,.59,3.43,,,,,,7.3,3.3,2.9,-5.8,,,,,,,,,,,,,{박무}0210-{박무}{강도0}0300-{박무}{강도0}0600-{박무}{강도0}0900-{박무}{강도0}1200-{박무}{강도0}1500-{박무}{강도0}1800-{박무}{강도0}2100-{박무}{강도0}2400- {비}2010-{비}{강도0}2100-2110. {달무리}0240-0310.,
143,대구,2006-01-17,4.1,-.7,515,9.3,1527,,,,,,,4.3,270,205,2.9,270,210,1.2,1037,50,-4.2,28,1346,56.8,4.5,1019,1028.8,1024,1023.4,8,1026.4,10,5.9,1200,1.26,7.25,,,,,,4.5,1.5,3.3,-5.3,,,,,,,,,,,,,-{박무}-{박무}{강도0}0300-{박무}{강도0}0600-{박무}{강도0}0900-{박무}{강도0}1200-1240.,
143,대구,2006-01-18,4.8,1.2,659,9.1,1443,,,,,,,6.4,90,1741,4.5,110,1848,1.7,1469,140,-2.4,27,1446,61.5,5.2,1018.7,1027.6,2205,1024.1,1422,1026.1,10.1,4.4,1100,1.09,6.26,,,,,,5.8,2.4,3.6,-2.2,,,,,,,,,,,,,{달무리}0500-0715.,
143,대구,2006-01-19,4,2.9,529,6.4,1245,.75,,,,,0,10.2,110,1450,7.3,90,1450,3.3,2851,110,-.5,57,1406,71.1,5.9,1020.3,1029.3,2007,1026.5,1422,1027.7,10.1,2.3,1300,1.18,6.19,,,,,,8.6,7,4.7,1.2,,,,,,,,,,,,,{비}1145-{비}{강도0}1200-1230.,
143,대구,2006-01-20,4.4,2.2,721,8,1450,,,,,,,5.9,140,1235,3.4,140,1239,1.6,1382,140,-3.2,38,1255,57.8,4.8,1016.8,1028.2,120,1020.5,2352,1024.1,10.1,4.8,1200,1.47,7.72,,,,,,6.3,5.1,5.3,-2.3,,,,,,,,,,,,,,
143,대구,2006-01-21,3.2,-1,802,8.6,1512,,,,,,,5.7,270,2310,3.6,290,2311,1.4,1210,50,-6.3,16,1603,53.1,3.9,1011.2,1020.8,941,1015.9,1532,1018.5,10.1,5.7,1200,1.6,7.86,,,,,,2,0,3.2,-6,,,,,,,,,,,,,,
143,대구,2006-01-22,1.3,-2.7,2355,5.7,1340,,,,,,,13.9,290,1420,8.5,290,1400,4.5,3888,290,-15.7,14,1538,28.6,1.9,1012.9,1024.6,2359,1017.5,1515,1020.3,10.2,9.5,1200,2.21,13.89,,,,,,0,0,2.2,-6.7,,,,,,,,,,,,,,
143,대구,2006-01-23,-.4,-5.3,711,6.2,1530,,,,,,,7.2,290,1348,5.5,270,1343,2.9,2506,270,-16.7,12,1523,30.8,1.7,1020.7,1030.6,2240,1024.6,0,1028.2,10.2,9.5,1200,1.86,11.08,,,,,,0,0,1.2,-9.4,,,,,,,,,,,,,,
143,대구,2006-01-24,.1,-3.4,734,5.6,1537,,,,,,,7.8,270,1218,4.8,270,1109,2.5,2160,270,-14.9,14,1541,34.5,2,1023.1,1032.2,1048,1029.5,1731,1030.6,10.2,9.8,1100,1.66,10.12,,,,,,.4,0,1,-8.9,,,,,,,,,,,,,,
143,대구,2006-01-25,1.7,-3.6,611,7.4,1428,,,,,,,8.7,270,1430,5.5,270,1320,2.3,1987,290,-13.3,14,1200,34.9,2.3,1022.2,1031.5,300,1027.8,1400,1029.7,10.2,7,1200,2.02,11.05,,,,,,2.3,.4,1.5,-8.5,,,,,,,,,,,,,,
143,대구,2006-01-26,3.7,-.6,706,8.9,1520,,,,,,,6.9,290,1408,4.8,290,1416,2.5,2160,290,-6.8,26,1522,47,3.7,1017.8,1029,0,1022,1615,1025.2,10.3,8,1200,1.71,9.76,,,,,,2,0,3.1,-7.9,,,,,,,,,,,,,{박무}0240-{박무}{강도0}0300-{박무}{강도0}0600-{박무}{강도0}0900-1020.  {연무}1010-{연무}{강도0}1200-1340.,
143,대구,2006-01-27,3.6,.1,428,8.6,1512,,,,,,,10.5,290,1409,6.8,290,1610,3.5,3024,290,-8,26,2220,43.6,3.4,1015,1025.2,2356,1019.9,1603,1022.3,10.3,6.5,1200,1.61,9.06,,,,,,1.4,1.4,3.3,-7.1,,,,,,,,,,,,,{박무}0635-0830.,
143,대구,2006-01-28,3.5,-2.6,759,9.7,1503,,,,,,,6.1,90,1240,4.4,90,1220,1.5,1296,50,-7.4,30,1419,45.8,3.6,1018.5,1027.9,1043,1023.6,1608,1025.9,10.3,8.8,1200,1.77,10.2,,,,,,2.3,0,3.9,-9.8,,,,,,,,,,,,,,
143,대구,2006-01-29,5.5,-1.8,655,12.3,1610,,,,,,,4.2,110,604,3.1,90,607,1.3,1123,90,-4.6,22,1638,51.3,4.4,1018.7,1028.1,1030,1023.9,1516,1026.1,10.3,8.9,1200,1.83,10.77,,,,,,3,1.1,5.6,-7.6,,,,,,,,,,,,,,
143,대구,2006-01-30,8.8,4.9,723,13.2,1511,1.93,,,,,.1,6.8,110,2000,4.8,140,1954,1.5,1296,140,.7,41,0,56.3,6.5,1019.7,1028.5,1037,1025.1,11,1026.9,10.4,2.2,1000,.91,5.1,,,,,,8.4,5.6,8.2,.8,,,,,,,,,,,,7.6,{비}2204-{비}{강도0}2400-,
143,대구,2006-01-31,6.5,6,317,7.2,0,12.33,,,,,8,9,110,104,5.3,110,1623,2.7,2333,110,4.4,74,0,84.9,8.3,1017.6,1027.3,950,1022,2322,1024.9,10.4,0,1400,.25,1.33,,,,,,10,6.6,6.1,4.6,,,,,,,,,,,,8.5,-{비}-{비}{강도0}0300-{비}{강도0}0600-{비}{강도0}0900-1130. {비}2310-{비}{강도0}2400- {박무}0020-{박무}{강도0}0300-{박무}{강도0}0600-{박무}{강도0}0900-{박무}{강도0}1200-1315. {박무}2230-{박무}{강도0}2400-,
143,대구,2006-02-01,4.4,1.1,2339,8.1,1337,7.5,,,,,8,12,270,1412,6.8,290,1434,3.4,2938,290,-.6,47,1401,70,6,1014.6,1026.3,2358,1018.6,618,1021.9,10.4,4.4,1400,1.73,7.86,,,,,,5.9,5,5.9,-3.6,,,,,,,,,,,,,-{비}-{비}{강도0}0300-{비}{강도0}0600-0730.  -{박무}-{박무}{강도0}0300-{박무}{강도0}0600-0630.,
143,대구,2006-02-02,2.2,-.9,737,7,1552,,,,,,,11.2,320,2121,6.4,290,2400,2.9,2506,290,-10.7,14,1537,40.5,2.8,1019.7,1029.2,905,1024.9,1736,1027.2,10.5,6.1,1300,1.82,9.56,,,,,,3.1,2.1,2.7,-6.4,,,,,,,,,,,,,,
143,대구,2006-02-03,-4.7,-8.8,2353,1,0,,,,,,,14.5,270,343,7.9,290,320,4.7,4061,290,-20.6,14,1404,30.4,1.3,1026,1037.9,2234,1027.4,10,1033.7,10.5,10,1200,2.02,12.39,,,,,,.6,.3,-.7,-11.2,,,,,,,,,,,,,,
143,대구,2006-02-04,-5.1,-10.1,526,.6,1522,,,,,,,9.8,270,1430,6.5,290,1438,3.8,3283,290,-20.8,19,1528,30.8,1.2,1028,1038.1,104,1032.7,1541,1035.8,10.5,9.9,1200,2.03,12.69,,,,,,.6,0,-2.3,-13.3,,,,,,,,,,,,,,
143,대구,2006-02-05,-1.5,-6.4,429,3.1,1459,,,,,,,7.4,270,924,4.9,270,926,2.4,2074,270,-17.8,13,1615,31.1,1.6,1025.3,1036.7,927,1028.7,2356,1032.9,10.6,6.8,1200,2.03,10.99,,,,,,5.3,0,.1,-9.7,,,,,,,,,,,,1.3,,
143,대구,2006-02-06,.3,-3,731,2.3,1541,8.25,,,,,1.3,4.3,140,433,3.3,110,439,1.1,950,50,-4.4,24,52,72.8,4.6,1015,1028.8,6,1017.7,2400,1022.4,10.6,.3,1300,1.15,4.21,2.2,900,2.2,900,2.2,9.3,7.1,1.3,-4,,,,,,,,,,,,2.7,{눈}0505-{눈}{강도0}0600-{눈}{강도0}0900-1025. {눈}1125-{눈}{강도0}1200-1420. {박무}0620-{박무}{강도0}0900-{박무}{강도0}1200-{박무}{강도0}1500-{박무}{강도0}1800-{박무}{강도0}2100-{박무}{강도0}2400-,
143,대구,2006-02-07,2.2,.2,545,5.6,1315,8.42,,,,,3,11.3,270,1244,6.7,290,1900,3,2592,270,-2.4,47,1408,72,5.2,1007.1,1021.3,2353,1010.6,652,1014.5,10.6,2.4,1000,1.42,6.08,4,710,4,710,4,9,6.6,2,-2.3,,,,,,,,,,,,.3,-{박무}-{박무}{강도0}0300-{박무}{강도0}0600-{박무}{강도0}0900-0940.  {진눈깨비}0250-{진눈깨비}{강도0}0300-{눈}0315-{눈}{강도0}0600-{눈}{강도0}0900-0910.  {진눈깨비}1235-1330.  {진눈깨비}1655-1740.  {눈}2320-2345.,
143,대구,2006-02-08,-2.6,-5.4,2351,.5,0,1.33,,,,,0,13.8,290,1109,8.4,290,1100,5.1,4406,290,-13.7,30,1455,44.5,2.2,1020.6,1033.6,2316,1021.2,0,1028.2,10.7,8.4,1300,2.12,12.53,,,,,,3.1,3.1,.7,-7.9,,,,,,,,,,,,,{눈}0045-0130. {눈}0215-0250.,
143,대구,2006-02-09,-2.3,-6.8,601,2.5,1534,,,,,,,10.5,270,1505,6.9,270,1230,3.7,3197,290,-15,21,1242,40.3,2,1024,1036.3,824,1025.9,2356,1031.6,10.7,10.1,1200,2.17,13.56,,,,,,0,0,-.4,-9.7,,,,,,,,,,,,,,
143,대구,2006-02-10,1.3,-4.5,618,7.5,1452,,,,,,,9.5,290,1721,5.8,290,1641,2.2,1901,290,-7.5,33,1502,53.3,3.5,1012.4,1025.9,0,1016.8,1453,1019.9,10.7,4.4,1200,1.37,8.07,,,,,,3.3,3.3,.9,-9.3,,,,,,,,,,,,,,
143,대구,2006-02-11,2.8,-1.9,334,7.8,1349,,,,,,,7.8,270,1631,5,290,1600,2,1728,290,-6.2,32,2213,53.5,3.9,1011.3,1021.9,2358,1016.5,1342,1018.7,10.7,4.3,1200,1.49,7.76,,,,,,5.5,4.6,1.7,-7.1,,,,,,,,,,,,,,
143,대구,2006-02-12,1.9,-2.6,721,6.7,1520,,,,,,,11.5,290,503,6.6,290,510,3.4,2938,290,-16.2,11,1609,26,1.8,1019.4,1029.2,1030,1021.9,0,1026.9,10.8,10.4,1200,2.2,14.07,,,,,,0,0,2.5,-7,,,,,,,,,,,,,,
143,대구,2006-02-13,5.9,-1.9,705,15,1648,,,,,,,7.2,290,1521,5.1,270,1545,1.6,1382,270,-8.2,14,1536,38.8,3.5,1013.4,1026.9,0,1015.8,2353,1020.7,10.8,10.2,1300,2.06,13.36,,,,,,1,.5,4.2,-8.5,,,,,,,,,,,,3.5,{달무리}1840-1920.,
143,대구,2006-02-14,11.1,5.7,10,17.5,1416,5.92,,,,,3.5,9.7,270,1237,5.9,270,1238,1.9,1642,290,7,59,1417,75.1,10.1,1006.2,1016.9,2311,1010.4,1549,1013.3,10.9,4.2,1300,1.87,8.63,,,,,,6.1,4.4,8.5,1.6,,,,,,,,,,,,,{비}0255-{비}{강도0}0300-{비}{강도0}0600-0655. {비}0715-0830. {비}0940-1020. {박무}0620-{박무}{강도0}0900-1140.,
143,대구,2006-02-15,5.8,4,2318,9.1,34,6.5,,,,,4.5,6.5,110,1722,4.3,110,1726,1.7,1469,270,2.9,68,1359,79.9,7.5,1011.9,1020.9,910,1016.2,356,1019.2,10.9,0,1100,.33,1.52,,,,,,9.3,3.8,4.7,1.6,,,,,,,,,,,,,{비}1230-1330. {비}1350-{비}{강도0}1500-{비}{강도0}1800-1920. {박무}0210-{박무}{강도0}0300-{박무}{강도0}0600-{박무}{강도0}0900-{박무}{강도0}1200-{박무}{강도0}1500-{박무}{강도0}1800-2030.,
143,대구,2006-02-16,5.4,2,2354,9.7,1343,1.75,,,,,.5,13.1,290,2039,8.5,320,2121,3,2592,290,-3.6,21,2053,57.4,5.3,1013.2,1025.1,2343,1017.2,634,1020.5,10.9,.3,1300,.94,5.43,,,,,,8.8,4.6,4.7,-.4,,,,,,,,,,,,,{비}0235-{비}{강도0}0300-0420.  {박무}0520-{박무}{강도0}0600-{박무}{강도0}0900-1040.,
143,대구,2006-02-17,-1,-3.7,722,2.7,1437,,,,,,,12.4,320,1316,7.2,290,1227,4.4,3802,290,-19.2,14,1245,25.3,1.4,1022.3,1031.3,2223,1024.9,3,1029.8,11,9.5,1200,2.31,14.71,,,,,,1.6,.6,1.4,-6.5,,,,,,,,,,,,,,
143,대구,2006-02-18,1.8,-3.1,256,7.2,1509,,,,,,,7.8,270,1122,5,270,1240,2.5,2160,270,-10.6,29,1618,39.9,2.8,1020.9,1031.4,41,1025.4,1659,1028.4,11,7.9,1400,1.59,10.87,,,,,,2.8,0,2.1,-6.6,,,,,,,,,,,,,{햇무리}1150-1330.,
143,대구,2006-02-19,4.8,.3,305,10.9,1555,,,,,,,6.4,270,1330,5.2,270,1330,2,1728,270,-8.9,13,1523,39.4,3.2,1018.7,1028.4,849,1023.4,1702,1026,11,5.4,1300,2.02,11.41,,,,,,3.4,.4,3.7,-5.5,,,,,,,,,,,,,,
143,대구,2006-02-20,7.3,1.3,508,14.2,1517,,,,,,,5.7,290,1533,3.5,270,1500,1.3,1123,270,-8,13,1534,35.3,3.4,1015.8,1025.6,34,1020.2,1558,1023.1,11.1,9.7,1200,2.11,13.29,,,,,,3.1,.4,5.3,-4.4,,,,,,,,,,,,,,
143,대구,2006-02-21,8.6,.6,744,16.3,1621,,,,,,,5.1,320,1606,3.3,270,1437,1.3,1123,50,-5.9,13,1610,37.8,4,1014,1024.5,749,1018,2359,1021.2,11.1,9.4,1200,2.14,13.34,,,,,,2.8,0,6.1,-5.7,,,,,,,,,,,,,,
143,대구,2006-02-22,6.8,4.5,2347,9.2,1427,4.25,,,,,.5,9,270,1439,5.5,290,1448,2.9,2506,290,-2.6,31,2348,51.3,5.2,1014.1,1025.1,2350,1017.8,7,1021.4,11.1,1.2,1300,1.2,6.16,,,,,,7.8,3.6,4.8,0,,,,,,,,,,,,,{비}0705-{비}{강도0}0900-1120.,
143,대구,2006-02-23,5.9,.3,712,11.9,1550,,,,,,,7.2,270,1446,4.3,290,1435,2.4,2074,290,-13.6,10,1425,25.5,2.2,1020.2,1029.6,1004,1025,10,1027.6,11.2,10.1,1200,2.32,15.06,,,,,,2.3,0,5.1,-4.7,,,,,,,,,,,,,,
143,대구,2006-02-24,6.6,3,711,12.6,1459,,,,,,,10.8,90,1815,7.3,90,1820,3.4,2938,110,-7.7,20,130,37.3,3.7,1023,1032,2034,1028.5,1438,1030.4,11.2,10,1200,2.24,14.55,,,,,,1.9,0,6.8,-2.8,,,,,,,,,,,,,,
143,대구,2006-02-25,6,0,632,11.4,1434,5.42,,,,,3,4.8,90,2126,2.9,110,115,1.4,1210,90,.5,46,1418,68.6,6.5,1018.4,1031.3,0,1020.6,2400,1025.7,11.2,.8,1100,1.38,7.76,,,,,,6.9,2.8,5.5,-3,,,,,,,,,,,,,{비}1835-{비}{강도0}2100-{비}{강도0}2400-,
143,대구,2006-02-26,6.5,.3,2354,11.3,1421,1.42,,,,,.5,13.8,320,1440,8.2,290,1500,3.7,3197,290,-6,11,1708,48.1,4.8,1014,1029,2345,1016.5,445,1021.3,11.3,9.6,1200,2.29,14.23,,,,,,3,1.3,7.5,-2.2,,,,,,,,,,,,,-{비}-0125. {박무}0030-{박무}{강도0}0300-{박무}{강도0}0600-0710.,
143,대구,2006-02-27,3,-2,623,8.4,1503,,,,,,,11.2,110,1725,5.8,110,2000,2.6,2246,290,-9,22,1704,42,3.2,1024.4,1033.6,910,1028.9,3,1031.9,11.3,8,1200,2.37,13.16,,,,,,4.5,1.5,4.3,-6.3,,,,,,,,,,,,,{햇무리}1450-1720.,
143,대구,2006-02-28,3.5,2.1,241,5.9,1411,7.58,,,,,.4,8.5,110,1429,5.7,110,1434,1.9,1642,70,-1.9,49,1123,67.3,5.3,1020.1,1032.6,0,1023.1,2359,1027.5,11.4,0,1300,.63,3.2,,,,,,9.6,6.6,3.4,-.9,,,,,,,,,,,,,{비}1215-1230.  {비}1640-{비}{강도0}1800-{비}{강도0}2100-{비}{강도0}2400-  {박무}1820-{박무}{강도0}2100-{박무}{강도0}2400- ,
143,대구,2006-03-01,2.6,1,2348,5.4,1554,5.75,,,,,1.5,10.7,320,1522,6.4,320,1413,3.3,2851,290,-4,36,1705,63.4,4.7,1010.3,1023.3,0,1014.9,1645,1017.7,11.4,3.5,1400,1.43,7.85,,,,,,6.3,5.1,3.8,-2.4,,,,,,,,,,,,,-{비}-{비}{강도0}0300-0545. -{박무}-{박무}{강도0}0300-{박무}{강도0}0600-{박무}{강도0}0900-1130.,
143,대구,2006-03-02,1.7,.1,607,5.6,1316,,,,,,,13.5,290,1350,8,290,1350,4.2,3629,290,-10.5,23,1633,40.3,2.8,1009.4,1019.1,2353,1015.5,342,1016.8,11.4,6.5,1300,2.31,12.47,,,,,,2.6,2.6,.9,-4.6,,,,,,,,,,,,,,
143,대구,2006-03-03,2.8,-1.5,644,7.8,1451,,,,,,,9.7,290,1529,6.1,270,1534,3.3,2851,290,-11,17,1543,37.8,2.7,1014.6,1024.2,2314,1019.1,0,1022,11.5,10.8,1200,2.45,16.37,,,,,,0,0,3.5,-5.2,,,,,,,,,,,,,,
143,대구,2006-03-04,5.9,-1.1,714,12.9,1647,,,,,,,7.5,270,1503,4.5,270,1532,1.9,1642,270,-9.3,16,1418,35.8,3.1,1016.3,1026.4,848,1020.6,1601,1023.6,11.5,9.9,1100,1.98,13.24,,,,,,2.4,0,4.3,-7.9,,,,,,,,,,,,,,
143,대구,2006-03-05,11.7,6.3,724,17.6,1609,,,,,,,6.8,290,1114,4,270,1250,1.3,1123,270,3.1,33,0,55.4,7.7,1012.6,1022.4,1,1017,1718,1019.7,11.6,4.7,1200,1.23,8.96,,,,,,5.6,3.5,9.6,.4,,,,,,,,,,,,,,
143,대구,2006-03-06,10,6.9,632,17,1445,,,,,,,14.2,90,1738,7.9,110,1735,2.7,2333,110,4.2,33,1422,68.4,8.3,1013,1022.4,2046,1017.6,1437,1020.2,11.6,4.4,1300,1.9,10.59,,,,,,5.8,1,10.4,1.1,,,,,,,,,,,,,{박무}0430-{박무}{강도0}0600-{박무}{강도0}0900-{박무}{강도0}1200-1330.  {박무}2030-{박무}{강도0}2100-{박무}{강도0}2400-,
143,대구,2006-03-07,11.7,6.1,628,17.8,1518,,,,,,,8.3,290,1733,5.4,290,1734,2.7,2333,270,2.2,33,1734,53.9,7.2,1012,1022,37,1015.4,1653,1019.1,11.6,6.8,1200,2.05,12.48,,,,,,3.8,3.4,11.8,2.3,,,,,,,,,,,,,-{박무}-{박무}{강도0}0300-{박무}{강도0}0600-{박무}{강도0}0900-1130. {연무}1120-{연무}{강도0}1200-1320.,
143,대구,2006-03-08,11.3,5.4,624,18.9,1509,,,,,,,8.4,340,1515,5.6,320,1520,2.5,2160,270,-4.6,7,1451,40.3,4.8,1016.3,1025.8,909,1020.1,0,1023.4,11.7,8.5,1200,2.42,15.01,,,,,,2.5,0,11.7,0,,,,,,,,,,,,,{박무}0210-{박무}{강도0}0300-{박무}{강도0}0600-{박무}{강도0}0900-0920. {햇무리}1520-1640. ,
143,대구,2006-03-09,9.9,6.9,629,14,1343,,,,,,,9.5,110,1916,6.5,110,1753,3.4,2938,140,3.1,46,1428,62.5,7.6,1015.6,1025.8,858,1020.5,1515,1022.8,11.7,1.4,1000,1.5,8.57,,,,,,6.5,2.4,9.7,4.6,,,,,,,,,,,,,{박무}0520-{박무}{강도0}0600-{박무}{강도0}0900-1030.  {햇무리}0940-1040.,
143,대구,2006-03-10,12,3.7,657,20.2,1528,,,,,,,6.8,290,1509,3.9,290,1400,1.9,1642,270,1.4,20,1423,52.6,6.8,1009.4,1020.8,0,1012.5,1744,1016.4,11.7,9.1,1200,2.18,14.13,,,,,,1.1,0,12.2,-.1,,,,,,,,,,,,,{박무}0140-{박무}{강도0}0300-{박무}{강도0}0600-{박무}{강도0}0900-{박무}{강도0}1200-1320.,
143,대구,2006-03-11,11.8,8.5,559,17.9,1403,,,,,,,9,320,1512,5.7,320,1630,2.8,2419,290,2.4,31,2354,52.6,7.4,1006.7,1016,2400,1010.5,1427,1013.8,11.8,1.8,1100,1.7,9.78,,,,,,7.4,1.6,11.4,3.6,,,,,,,,,,,,,{박무}0630-{박무}{강도0}0900-1040. {연무}1030-1150. {황사}1140-{황사}{강도0}1200-{황사}{강도0}1500-{황사}{강도0}1800-{황사}{강도0}2100-{황사}{강도0}2400-,
143,대구,2006-03-12,1.3,-4.8,2346,8.7,0,,,,,,,15.7,290,1204,11.4,290,1204,6.1,5270,290,-18,13,1003,24.8,1.7,1011,1022.6,2232,1015.4,110,1018.4,11.8,7.5,1300,2.45,14.27,,,,,,5.9,.9,5.7,-6.9,,,,,,,,,,,,,-{황사}-0210.  {햇무리}1410-1540.,
143,대구,2006-03-13,-.4,-5.9,510,5.6,1426,,,,,,,12.5,290,57,8,290,2100,4.1,3542,290,-14.3,22,1231,35.4,2.2,1013,1024.2,634,1016.8,1459,1020.5,11.9,8.1,1100,2.26,14.09,,,,,,3.8,3.4,3,-8.9,,,,,,,,,,,,,,
143,대구,2006-03-14,3.1,-1.3,646,7.8,1558,.67,,,,,0,14.7,270,814,8,290,811,4.8,4147,290,-10.9,21,1306,37.8,2.7,1012.6,1021.9,932,1017.9,158,1020,11.9,10.1,1200,2.56,17.53,,,,,,2.5,2,6.1,-3.9,,,,,,,,,,,,,{눈}0240-{눈}{강도0}0300-0320. {황사}0210-{황사}{강도0}0300-0440.,
143,대구,2006-03-15,9,1.5,610,15.2,1455,,,,,,,7.7,290,318,4.8,270,1221,2.6,2246,270,-8.9,15,1521,28.9,3.2,1009.6,1021.3,547,1012.5,1654,1016.8,11.9,9.1,1200,2.42,16.15,,,,,,2.8,1,10.1,-3.7,,,,,,,,,,,,,,
143,대구,2006-03-16,5.8,1.5,1009,10.2,0,11.67,,,,,8.5,9.5,320,1719,6.7,290,1749,2.3,1987,320,.5,33,0,70.1,6.4,1000.6,1012.6,0,1004.4,1419,1007.8,12,0,1400,.88,3.21,,,,,,9.6,6.9,6.3,1.3,,,,,,,,,,,,,{비}0350-0440. {비}0530-{비}{강도0}0600-{비}{강도0}0900-{진눈깨비}0905-{비}1120-{비}{강도0}1200-{비}{강도0}1500-1620. {박무}0630-{박무}{강도0}0900-{박무}{강도0}1200-{박무}{강도0}1500-1630.,
143,대구,2006-03-17,10.8,2,649,19.6,1532,,,,,,,5.7,270,107,4.2,290,259,1.5,1296,270,0,19,1512,51.3,6.1,1007.7,1018.5,907,1011.9,1652,1014.9,12,8.5,1200,2.6,17.12,,,,,,1.9,.5,10.2,-2.2,,,,,,,,,,,,,,
143,대구,2006-03-18,10.4,8.4,2358,12.5,1621,5.25,,,,,.5,9.9,290,2208,5.5,290,2214,2.1,1814,270,2.2,41,2358,56.8,7.3,1001.6,1013,14,1005.5,1604,1008.8,12,.9,1500,1.23,5.14,,,,,,7.3,3.3,9.7,5.3,,,,,,,,,,,,,{비}0515-0545. {비}0645-{비}{강도0}0900-1130. {박무}0840-{박무}{강도0}0900-{박무}{강도0}1200-1440.,
143,대구,2006-03-19,7,2.8,609,12.7,1531,,,,,,,9.8,290,1601,5.9,290,1617,3.7,3197,290,-12.2,11,1537,26.3,2.5,1009.3,1020.1,2329,1009.8,0,1016.5,12.1,10.9,1200,2.75,19.2,,,,,,.1,.1,8.3,-1.3,,,,,,,,,,,,,,
143,대구,2006-03-20,8.5,2.1,631,15.4,1553,,,,,,,8.4,270,1328,4.2,290,1136,2.2,1901,270,-12.4,12,1156,22.5,2.4,1012,1021.8,750,1016.5,1707,1019.2,12.1,8.7,1200,2.37,15.53,,,,,,3.5,0,7.9,-2.6,,,,,,,,,,,,,{햇무리}1020-1140.,
143,대구,2006-03-21,11.3,6.4,616,18.3,1416,,,,,,,9.7,90,1826,6.7,90,1750,2.1,1814,270,-4.9,10,1309,35.5,4.5,1010.5,1019.2,1000,1015.5,1602,1017.6,12.2,8.8,1200,2.56,16.85,,,,,,4,1.6,12.7,2.1,,,,,,,,,,,,,,
143,대구,2006-03-22,12.2,5.3,703,18.6,1530,,,,,,,6.3,90,1132,4.3,90,1141,1.8,1555,110,-.8,14,1724,44.6,5.9,1004.1,1018.5,3,1006.1,1703,1011.1,12.2,8.4,1200,2.59,16.06,,,,,,4.9,.3,13.3,2.9,,,,,,,,,,,,,{햇무리}1535-1740.,
143,대구,2006-03-23,10.3,6.2,2357,15.7,1518,,,,,,,12.4,290,529,8.2,290,529,4.1,3542,290,-9.3,8,1656,28.8,3.5,1004.2,1015.7,2356,1007.1,204,1011.4,12.2,9.2,1200,2.74,17.96,,,,,,4.8,1.6,12.4,1.9,,,,,,,,,,,,,,
143,대구,2006-03-24,7.9,.7,626,14.2,1623,,,,,,,6.9,290,1306,3.9,320,100,1.8,1555,50,-11.5,9,1507,25.5,2.6,1009.4,1018.5,2349,1014.7,1512,1016.6,12.3,10.6,1200,2.42,16.27,,,,,,1.1,0,10.3,-2.5,,,,,,,,,,,,,,
143,대구,2006-03-25,12.4,2.8,624,20,1431,,,,,,,11.6,250,1449,6.8,270,1700,2.4,2074,270,-8.9,9,1455,24.5,3.2,1009.4,1019.7,734,1012.8,1730,1016.5,12.3,9.2,1200,2.51,16.87,,,,,,2.6,.3,12.5,-3.2,,,,,,,,,,,,,{햇무리}1620-1720.,
143,대구,2006-03-26,12.8,8.5,2333,17.8,1612,,,,,,,8.1,140,1854,6.3,140,1902,2.8,2419,140,-5.8,7,1314,32.5,4.4,1008.5,1017.8,917,1012.5,1745,1015.6,12.4,10,1200,2.8,18.5,,,,,,3.9,1.8,16.1,3.4,,,,,,,,,,,,,,
143,대구,2006-03-27,11.4,3.6,658,18.6,1621,,,,,,,7.9,290,1335,4.8,270,1339,2.1,1814,290,-3.5,14,1850,39.4,4.9,1003.3,1016.7,14,1006.1,1747,1010.4,12.4,9.8,1200,2.6,17.34,,,,,,1,.4,14.1,1.3,,,,,,,,,,,,,,
143,대구,2006-03-28,5.9,1.5,708,10,0,.75,,,,,1,16.1,270,1616,8.9,290,1618,4.7,4061,290,-8,21,524,36.8,3.5,1001,1014.2,2346,1004.3,446,1008.3,12.4,4.6,1300,1.86,12.17,,,,,,5.3,3.6,7.3,-1,,,,,,,,,,,,,{진눈깨비}0645-0730. {햇무리}1030-1210. {황사}1115-{황사}{강도0}1200-{황사}{강도0}1500-1615.  ,
143,대구,2006-03-29,7,.5,610,12.3,1509,,,,,,,10.8,290,1236,6.4,290,1318,3.7,3197,290,-10.7,14,1309,29.6,2.8,1004.5,1015.2,735,1008.6,1751,1011.7,12.5,9.1,1100,2.63,16.96,,,,,,2,1,9.6,-3.3,,,,,,,,,,,,,,
143,대구,2006-03-30,7.8,4.1,623,12.8,1537,,,,,,,12.6,290,1454,7.9,290,1440,4,3456,290,-9.6,12,1507,31.1,3.1,1007.8,1020.5,2344,1008.1,116,1015,12.5,11.1,1200,2.78,19.95,,,,,,1.9,1.9,11.9,.5,,,,,,,,,,,,,,
143,대구,2006-03-31,9.3,0,612,17.4,1659,,,,,,,6.1,290,1139,3.3,270,1140,1.5,1296,50,-5.6,14,1359,38.4,4.1,1011.4,1021.7,738,1014.8,1702,1018.6,12.5,11,1200,2.42,17.73,,,,,,.4,0,12.8,-3.4,,,,,,,,,,,,,,
143,대구,2006-04-01,11.6,7.3,549,15.2,1343,7.33,1,1624,2,1618,4,7.5,90,1638,3.9,90,1839,1.4,1210,20,6.5,50,1048,70.6,10.1,1003.4,1017.6,0,1001.5,2353,1010.5,12.6,0,1100,.82,4.14,,,,,,8.8,5.4,10.6,2.2,,,,,,,,,,,,,{비}1335-{비}{강도0}1500-{비}{강도0}1800-1945.  {비}2035-{비}{강도0}2100-2145.  {박무}2130-{박무}{강도0}2400-,
143,대구,2006-04-02,12.8,9.2,2254,17.3,1014,,,,,,,13.5,290,1654,9.9,290,1130,3.5,3024,290,5.5,43,2354,62.5,9.6,996.1,1010.9,2347,998,817,1003.1,12.6,7.6,1100,2.62,15.03,,,,,,4.1,3.6,13.9,4.4,,,,,,,,,,,,,-{박무}-0210.,
143,대구,2006-04-03,14.9,4.9,659,24.4,1513,,,,,,,7.3,270,1452,4.8,290,1454,1.7,1469,270,-1.4,12,1515,36.5,5.5,1005.9,1014.8,920,1010.8,5,1013,12.7,9.6,1200,2.68,18.5,,,,,,2.4,0,15.3,0,,,,,,,,,,,,,{햇무리}1710-1740.,
143,대구,2006-04-04,11.6,9.5,2342,15.8,16,10.58,1,1412,3,1346,10.5,6.8,110,2115,4.4,140,2100,2.1,1814,110,6.2,34,16,70.5,9.6,1002.8,1013.1,0,1006.8,1553,1009.9,12.7,0,1300,.31,2.01,,,,,,9.8,5.1,10.8,7.5,,,,,,,,,,,,,{비}0955-{비}{강도0}1200-{비}{강도0}1500-{비}{강도0}1800-1940.  {비}2130-2220.  {박무}1920-{박무}{강도0}2100-{박무}{강도0}2400-,
143,대구,2006-04-05,11.6,8.6,502,19.1,1507,2.68,.1,,.1,,.2,11,140,1741,7.2,140,1740,3.1,2678,110,5.2,36,1509,65.4,8.8,1004.1,1017.1,2258,1007.1,42,1011.2,12.7,7.5,1200,2.7,16.8,,,,,,5.3,3.5,13.9,6.9,,,,,,,,,,,,,-{박무}-0110. {비}0404-{비}{강도0}0600-0645.,
143,대구,2006-04-06,10.8,7.7,616,15.2,1312,,,,,,,8.4,110,1658,5.9,90,1700,3.3,2851,110,3.5,44,1244,60.1,7.8,1010,1020,837,1014.7,1716,1017.2,12.8,.5,1200,1.57,10.5,,,,,,8.8,5.5,11.4,5.8,,,,,,,,,,,,,,
143,대구,2006-04-07,14.5,7.3,546,21.3,1511,.83,.1,,.1,,.1,12.2,270,1504,8.3,270,1504,2.8,2419,270,3.5,24,1458,50.6,7.9,1004.6,1016.5,0,1007.7,1628,1011.7,12.8,8.7,1200,2.69,17.6,,,,,,5,3.9,15.6,2.1,,,,,,,,,,,,,{비}2130-2220.,
143,대구,2006-04-08,14.6,10.5,2350,20.4,1516,,,,,,,10.6,270,58,7.1,270,100,3.5,3024,290,-6.8,10,1553,25.3,3.9,1009,1019,2214,1011,0,1016.1,12.8,8.5,1200,2.37,17.01,,,,,,0,0,14.9,4.9,,,,,,,,,,,,,{황사}0420-{황사}{강도0}0600-{황사}{강도0}0900-{황사}{강도1}1200-{황사}{강도1}1500-{황사}{강도1}1800-{황사}{강도1}2100-{황사}{강도1}2400-,
143,대구,2006-04-09,14.4,9.7,602,20.3,1555,3.08,1.5,2347,4,2257,5,9.7,160,455,6.3,140,500,3.6,3110,140,4.7,30,1705,53.8,8.6,1011.7,1022.1,945,1016.1,1613,1018.8,12.9,5.2,1100,2.17,14.41,,,,,,7.8,4.1,16.9,8.2,,,,,,,,,,,,,-{황사}-{황사}{강도0}0300-{황사}{강도0}0600-{황사}{강도0}0900-{황사}{강도0}1200-{황사}{강도0}1500-1640. {박무}2020-{박무}{강도0}2100-{박무}{강도0}2400- {비}2055-{비}{강도0}2100-{비}{강도1}2400-,
143,대구,2006-04-10,13,11.6,154,14.2,1429,20,.5,12,1.5,4,11,8.2,110,1951,6.6,110,1952,3,2592,110,11.1,81,1502,87,13.3,1002.7,1017.1,0,1007.6,1856,1009.8,12.9,0,1100,.26,1.78,,,,,,10,6.5,12.9,10.4,,,,,,,,,,,,,-{비}-{비}{강도0}0300-{비}{강도0}0600-{비}{강도0}0900-{비}{강도0}1200-{비}{강도0}1500-1630.  {비}1840-1930.  {비}2120-{비}{강도0}2400-  -{박무}-{박무}{강도0}0300-{박무}{강도0}0600-{박무}{강도0}0900-{박무}{강도0}1200-1330.  {박무}2230-{박무}{강도0}2400-,
143,대구,2006-04-11,13.4,12.2,548,14.7,2057,16.67,2,128,3,111,15.5,7.3,270,1544,5,270,1700,2.3,1987,270,11.7,82,2242,88.4,13.8,996.2,1008.1,0,1001.1,1413,1003.2,12.9,0,1400,.51,3.61,,,,,,8.4,6.6,13.9,10.6,,,,,,,,,,,,,-{비}-{비}{강도0}0300-{비}{강도0}0600-{비}{강도0}0900-{비}{강도0}1200-{비}{강도0}1500-1640. -{박무}-{박무}{강도0}0300-{박무}{강도0}0600-{박무}{강도0}0900-{박무}{강도0}1200-1230.,
143,대구,2006-04-12,16,11,2334,25.4,1515,,,,,,,11,160,1620,7.5,140,1627,2.7,2333,140,8.4,33,1537,61.6,11.1,1001.7,1013,2223,1004.4,1,1008.6,13,10.1,1100,2.77,20.17,,,,,,4.4,2.5,18.2,7.2,,,,,,,,,,,,,,
143,대구,2006-04-13,8.9,6.9,2316,11.2,0,,,,,,,11.2,110,556,6.6,110,1318,4.7,4061,110,1.4,50,1124,58.4,6.8,1010.2,1022.6,2354,1012.8,2,1017.4,13,0,1100,.75,3.71,,,,,,8.9,4.4,8.9,5.1,,,,,,,,,,,,,,
143,대구,2006-04-14,9.5,5,615,15.1,1409,,,,,,,11.6,110,1412,7.1,110,1645,4.1,3542,110,-1.2,24,1558,48.3,5.6,1016.3,1025.3,838,1021.9,1624,1023.5,13.1,10.5,1200,3.02,22.28,,,,,,2.9,1.4,13.7,2.9,,,,,,,,,,,,,,
143,대구,2006-04-15,9.7,4.6,337,14.7,1616,,,,,,,7.9,160,1235,6.3,140,1234,1.8,1555,50,1,39,1428,55.3,6.6,1010.4,1022.9,0,1013.4,1731,1017.6,13.1,2.3,1300,2.15,12.34,,,,,,6.1,3.5,11.3,1.6,,,,,,,,,,,,,,
143,대구,2006-04-16,10.3,6.3,2346,15.5,1503,,,,,,,14.2,320,1206,8.3,320,1211,3.9,3370,290,-9,10,1320,28.8,3.4,1008.4,1018.6,2355,1013.4,550,1015.6,13.1,11.7,1200,3.18,23.67,,,,,,.6,0,13.1,1.5,,,,,,,,,,,,,{달무리}0420-0530.,
143,대구,2006-04-17,12.9,3.6,439,21.5,1527,,,,,,,10.2,290,1309,5.3,270,1430,2,1728,270,-2.7,18,1553,36.1,5,1009.2,1019.2,805,1012.2,1555,1016.2,13.2,7.9,1300,2.34,17.03,,,,,,4,.5,14.1,.7,,,,,,,,,,,,,,
143,대구,2006-04-18,17.4,11.1,612,23.5,1512,,,,,,,11.7,290,1120,5.7,270,1034,2.1,1814,270,3.5,22,1333,39.9,8,1009.6,1018.8,758,1014.3,1627,1016.6,13.2,5.6,1000,2.02,14.85,,,,,,4.5,1.4,17.3,5,,,,,,,,,,,,,{황사}0620-{황사}{강도0}0900-{황사}{강도0}1200-1420.,
143,대구,2006-04-19,14,7.9,2332,18.7,1128,6.85,3,856,7,1446,18,19.6,270,2049,13.3,290,1843,4,3456,270,7.2,37,2354,64,11,1001.2,1015.9,1,1001.8,1535,1008.2,13.2,.4,1100,1.36,4.48,,,,,,7.6,6.1,12.4,4.6,,,,,,,,,,,,,{비}0355-0455.  {비}0830-{소나기}0850-{소나기}{강도0}0900-0930.  {뇌전}{강도1}(W 2~3)0850-{뇌전}{강도1}(W 2~3)0900-{뇌전}{강도1}(W{이동}NW 2~3)0911-0915.  {비}1159-{비}{강도0}1200-{소나기}1250-{소나기}{강도0}1500-{비}1510-1650.  {천둥}{강도0}(W)1250-{뇌전}{강도1}(W 2~3)1350-{뇌전}{강도1}(W{이동}NW 3~4)1425-{뇌전}{강도0}(NW{이동}N 4~6)1450-{뇌전}{강도0}(N{이동}NE 5~7)1455-{뇌전}{강도0}(NE 5~7)1500-1505.,
143,대구,2006-04-20,9.3,5.6,359,14.3,1449,.5,0,,0,,0,19.7,290,958,11.7,270,1240,6.6,5702,270,-1.4,31,1503,47.4,5.5,998.5,1008.5,2338,1002.4,1447,1005.6,13.3,7.5,1000,2.44,17.13,,,,,,6.5,6,10.5,3.7,,,,,,,,,,,,,{비}0250-{비}{강도0}0300-0320.,
143,대구,2006-04-21,14.4,8.4,552,20.7,1527,,,,,,,13.4,290,141,8.1,290,400,3.9,3370,290,-.6,23,1444,36.5,5.9,1001,1009.9,940,1005.6,1720,1007.9,13.3,11.7,1200,2.99,22.56,,,,,,1.1,0,15.5,4.2,,,,,,,,,,,,,,
143,대구,2006-04-22,13.3,10.8,502,18,1700,1.42,.2,1316,.3,1226,.3,5,270,749,3.8,270,925,1.9,1642,290,2.9,33,1210,50.3,7.7,999.5,1008.3,9,1004.1,1701,1006.4,13.3,2.6,1500,1.41,8.42,,,,,,6,2.9,12.2,6.4,,,,,,,,,,,,,{비}1205-1330.,
143,대구,2006-04-23,14,8.9,600,24.1,1537,,,,,,,16.9,250,1629,9.5,270,1635,3.2,2765,290,.2,12,1518,44,6.5,999.6,1011,2347,1000.2,1532,1006.6,13.4,9,1200,2.79,19.49,,,,,,1.4,1.1,16.2,4.3,,,,,,,,,,,,,{박무}0210-{박무}{강도0}0300-{박무}{강도0}0600-0630. {황사}1520-1730. {황사}2320-{황사}{강도0}2400-,
143,대구,2006-04-24,13.8,7.6,558,20.3,1514,,,,,,,13.7,270,1550,7.9,270,1633,3.9,3370,270,-8,11,1341,23.3,3.4,1004.3,1013.6,728,1007.9,1642,1011.3,13.4,10.1,1200,2.76,20.36,,,,,,0,0,15.5,4.2,,,,,,,,,,,,,-{황사}-{황사}{강도0}0300-{황사}{강도0}0600-{황사}{강도1}0900-{황사}{강도1}1200-{황사}{강도0}1500-{황사}{강도0}1800-{황사}{강도0}2100-{황사}{강도0}2400-,
143,대구,2006-04-25,15.6,9.4,542,21.7,1550,,,,,,,10,290,3,5.6,290,0,3.2,2765,290,-8.7,8,1501,19.1,3.2,1006.5,1015.6,1021,1011.2,1625,1013.5,13.4,10.6,1200,3.06,22.97,,,,,,2.4,.5,17.8,5.7,,,,,,,,,,,,,-{황사}-0245.,
143,대구,2006-04-26,14,12.1,2342,17.1,1209,4.83,.1,,.1,,.2,6.6,180,1256,3.6,180,1229,1.5,1296,50,4,22,1,52.3,8.4,1006.1,1014.3,724,1011.5,1750,1013.1,13.5,.1,1400,.79,6.03,,,,,,9.3,5.3,13.8,10.3,,,,,,,,,,,,,{비}0840-0855. {비}1145-{비}{강도0}1200-{비}{강도0}1500-1620.,
143,대구,2006-04-27,14.8,10.7,533,19.8,1526,,,,,,,8.9,320,1229,5.4,290,1200,2.6,2246,290,4.7,27,1737,52.4,8.6,1006.4,1015.1,2226,1011.7,1704,1013.4,13.5,6.7,1400,2.67,18.6,,,,,,3.6,3,16.5,6.2,,,,,,,,,,,,,,
143,대구,2006-04-28,16.2,7.9,459,23.5,1538,,,,,,,9.4,250,1317,6.3,270,1317,2,1728,270,2.6,16,1251,44.5,7.5,1004.5,1015.3,405,1007.1,1742,1011.5,13.5,10.7,1200,3.15,23.96,,,,,,1.5,0,19.5,3.2,,,,,,,,,,,,,,
143,대구,2006-04-29,14.5,10.9,614,18.6,1523,1.92,.1,,.1,,.1,7.9,290,1518,4.3,270,1351,1.7,1469,270,8.1,49,13,64.5,10.8,999,1009.3,0,1003.4,1554,1005.9,13.6,1.2,1500,1.59,8.83,,,,,,6.5,2.4,15,6.1,,,,,,,,,,,,,{비}0825-{비}{강도0}0900-1020.,
143,대구,2006-04-30,21.3,11.3,438,30.1,1527,,,,,,,15.6,270,1701,7,270,1649,2.3,1987,270,9.4,24,1559,50.4,11.8,994.8,1006,5,997.5,1445,1001.6,13.6,9.7,1300,2.47,18.6,,,,,,2.8,0,21.9,5.6,,,,,,,,,,,,,{박무}0520-{박무}{강도0}0600-{박무}{강도0}0900-0940.,
143,대구,2006-05-01,21.5,17.1,550,28.8,1544,,,,,,,10.4,140,2254,8.1,140,2226,2.4,2074,140,8.9,33,2244,45,11.7,997,1006.3,2400,1001,1639,1003.8,13.6,6.4,1100,1.95,15.54,,,,,,4,1.9,24,11.4,,,,,,,,,,,,,{황사}1430-{황사}{강도0}1500-{황사}{강도0}1800-{황사}{강도0}2100-2230.,
143,대구,2006-05-02,15.4,11.1,2134,19.7,1107,,,,,,,14.8,110,1320,8.8,110,1130,5.6,4838,110,2.8,22,1031,44.1,7.6,1007.7,1020.7,2317,1006.3,0,1014.7,13.7,9.3,1200,3.05,22.25,,,,,,4.6,2.4,21.2,9,,,,,,,,,,,,,,
143,대구,2006-05-03,15.8,8.8,602,23.4,1640,,,,,,,7.9,110,149,5.7,90,1400,2.6,2246,110,3.7,24,1627,46.5,8,1012.1,1021.6,738,1016,1745,1019.2,13.7,10.7,1200,3.02,23.09,,,,,,.8,.8,22.4,5.9,,,,,,,,,,,,,,
143,대구,2006-05-04,20.1,11.8,513,29.2,1534,,,,,,,8.4,290,1419,5.1,270,1428,2.1,1814,270,6.3,16,1538,45.4,9.9,1011.8,1021.4,711,1015,1546,1018.7,13.7,9.7,1200,2.8,20.56,,,,,,2,0,24,6.2,,,,,,,,,,,,,{햇무리}1620-1720.,
143,대구,2006-05-05,21.3,17.7,351,25.9,1356,,,,,,,13.5,250,921,5.4,270,1210,2.2,1901,180,13,43,1339,59,15,1010.4,1019.6,0,1015.1,2358,1017.3,13.8,1.9,1300,2.24,12.21,,,,,,7.9,5.5,23.5,12,,,,,,,,,,,,,,
143,대구,2006-05-06,18.1,16.3,2322,20.3,0,13.83,4.5,2029,6.5,1939,24,14.3,110,1210,5,110,800,2.6,2246,110,15.6,64,0,84.8,17.8,999.7,1015.1,0,1001.7,1814,1006.6,13.8,0,1600,.35,2.3,,,,,,10,6.4,17.9,15.3,,,,,,,,,,,,,{비}0350-{비}{강도0}0600-{비}{강도0}0900-{비}{강도1}1200-{비}{강도0}1500-1540. {천둥}{강도0}(W)1920-1927. {비}1930-{비}{강도1}2100-2130. {뇌전}{강도0}(W 4~6)1935-{뇌전}{강도1}(W 3~4)1958-{뇌전}{강도2}(W{이동}NW 1~2)2020-{뇌전}{강도0}(NW{이동}N 3~5)2035-2045.,
143,대구,2006-05-07,17.7,14.6,536,22.3,1456,1.75,.1,,.1,,.1,9,110,1917,6.6,140,1942,2.8,2419,110,13.2,60,1458,74.5,15.2,1005,1017.7,2356,1005.3,101,1011.9,13.8,2,1000,2.11,10.53,,,,,,8.4,6.5,18.5,13,,,,,,,,,,,,,{이슬비}0355-0435.  {이슬비}0510-{이슬비}{강도0}0600-0615.,
143,대구,2006-05-08,16.1,12.8,2317,20.2,1627,,,,,,,13.7,140,2038,6.1,110,710,4,3456,140,11.4,57,1610,72.9,13.5,1012.2,1020.9,1126,1017.3,1659,1019.2,13.9,2.1,1500,1.68,11.62,,,,,,6.6,5.6,16.9,11.3,,,,,,,,,,,,,,
143,대구,2006-05-09,14.9,11.9,305,20.7,1436,2.25,1,2345,2,2258,2,11,110,1445,5.7,110,200,3.1,2678,140,10.4,55,1437,73.8,12.6,1009.9,1020.5,0,1015.2,2305,1017,13.9,7.3,1400,2.73,15.66,,,,,,7,5.3,18.8,9.7,,,,,,,,,,,,,{비}2145-{비}{강도0}2400-,
143,대구,2006-05-10,16.7,12.6,232,20.7,1657,12.17,2,806,7.5,859,35.5,11.3,290,1536,4.1,290,1850,1.4,1210,270,14.3,73,1700,85.1,16.5,1003.8,1015.4,4,1007.5,1424,1010.7,13.9,.4,1200,1.26,6.3,,,,,,9.1,7.4,17.3,11.9,,,,,,,,,,,,,-{비}-{비}{강도0}0300-{비}{강도0}0600-{비}{강도1}0900-1140.  {비}1505-1535.  {박무}0840-{박무}{강도0}0900-{박무}{강도0}1200-{박무}{강도0}1500-1640.,
143,대구,2006-05-11,16.4,12.8,2356,20.5,1513,,,,,,,15.8,20,1312,7.6,110,1110,4.5,3888,110,5,26,1526,49.4,9.2,1014.5,1024.7,2351,1012.3,0,1021.5,13.9,9.5,1200,3.16,20.12,,,,,,5.4,1.9,18.3,9.9,,,,,,,,,,,,,,
143,대구,2006-05-12,13.9,9.4,405,19.4,1202,4.67,.5,2259,.5,2209,1,7.5,90,1220,5,90,1224,2.3,1987,90,2.2,18,1208,49.3,7.4,1014.9,1025.1,633,1019.1,1554,1021.9,14,.2,1100,1.7,8.67,,,,,,8.8,4,13.7,7.4,,,,,,,,,,,,,{비}1920-{비}{강도0}2100-{비}{강도0}2400-,
143,대구,2006-05-13,16.2,9.1,546,23.2,1338,1.58,.5,111,.5,21,.5,11.5,320,1344,6.2,290,1416,3,2592,290,5.2,23,1344,51.9,8.9,1006.9,1019.6,0,1010.3,1608,1013.9,14,6.8,1200,3.11,21.14,,,,,,4.3,2.5,18.1,7,,,,,,,,,,,,,-{비}-0135.,
143,대구,2006-05-14,18.6,12.9,543,24.4,1418,,,,,,,12.4,290,1338,7.4,290,1344,3.4,2938,290,3,19,1438,37.9,7.7,1007.7,1017.6,2352,1012.4,1532,1014.6,14,12.1,1200,2.99,23.42,,,,,,2.3,.4,20.9,9,,,,,,,,,,,,,,
143,대구,2006-05-15,19.2,12.1,604,25.7,1538,,,,,,,6.8,290,1519,4.2,270,1600,1.7,1469,50,3.1,14,1458,37.8,7.9,1011.4,1019.7,1036,1016.5,1733,1018.4,14.1,10.7,1400,2.03,17.06,,,,,,6.1,.9,20.5,7.5,,,,,,,,,,,,,{햇무리}0930-1430.,
143,대구,2006-05-16,21.4,15.8,544,27.2,1509,,,,,,,7.1,270,1024,4.1,270,1518,1.8,1555,270,6.2,17,1334,39.4,9.6,1012.6,1021.6,835,1017.5,1705,1019.5,14.1,8.9,1300,2.86,19.85,,,,,,5.3,2.3,24.2,9.5,,,,,,,,,,,,,,
143,대구,2006-05-17,20.8,17.1,634,24.6,1408,,,,,,,5.2,290,1605,3.7,270,1810,1.4,1210,270,9.7,32,1408,49.3,12.1,1010.9,1019.6,817,1015.8,1715,1017.8,14.1,0,1100,1.37,10.88,,,,,,9.8,7.9,22,13.3,,,,,,,,,,,,,,
143,대구,2006-05-18,19.7,15.8,539,23.3,1328,4.08,.5,2245,.5,2155,.5,5,90,1821,3.5,90,1600,1.2,1037,50,11.9,39,1322,61.5,14,1006.9,1017.1,0,1010.6,2359,1013.8,14.1,0,900,1.11,7.64,,,,,,10,8.9,20.4,12.7,,,,,,,,,,,,,{박무}0520-{박무}{강도0}0600-{박무}{강도0}0900-0940. {비}1955-{비}{강도0}2100-{비}{강도0}2400-,
143,대구,2006-05-19,16.3,14.6,557,18.4,1619,15.17,2.5,735,10,717,48,6.7,110,1605,4.1,140,1543,1.9,1642,270,13.9,69,2019,84.6,15.9,997.7,1010.9,21,1000.3,1612,1004.6,14.2,.4,1500,1.48,5.11,,,,,,9.6,7.3,17.6,13.6,,,,,,,,,,,,,-{비}-{비}{강도0}0300-{비}{강도1}0600-{비}{강도1}0900-{비}{강도0}1200-{비}{강도0}1500-1510.,
143,대구,2006-05-20,22,14.1,559,28.7,1532,,,,,,,7.3,270,1054,4.6,290,920,2.4,2074,270,9.8,23,1534,49.1,12.2,1001.5,1012.3,2353,1004,50,1008.2,14.2,11.1,1200,3.05,23.08,,,,,,.9,.3,21.4,10.2,,,,,,,,,,,,,{박무}0220-{박무}{강도0}0300-{박무}{강도0}0600-0630.,
143,대구,2006-05-21,23.3,16.8,605,30.9,1518,,,,,,,7.4,180,1623,4.2,160,1900,1.7,1469,50,13.7,34,1523,56.4,15.7,1005.9,1015.4,812,1010.3,1628,1012.6,14.2,10.2,1200,2.57,19.81,,,,,,1.5,0,23.7,13.9,,,,,,,,,,,,,{박무}0320-{박무}{강도0}0600-0630.,
143,대구,2006-05-22,22.5,17.7,515,27.1,1100,1.92,.1,,.1,,.1,12,180,1158,5,270,2400,2.3,1987,50,15.1,47,1230,62.8,17.2,1001,1011.6,0,1004.8,1915,1007.7,14.2,4.1,900,1.84,11,,,,,,6.1,4,21.8,14.8,,,,,,,,,,,,,{비}1355-{비}{강도0}1500-1530.  {비}2130-2150.,
143,대구,2006-05-23,22,18.9,628,27.7,1534,.25,0,,0,,0,11.5,290,21,5.9,270,30,3,2592,290,10.7,24,1818,50.5,13.1,1001.4,1010.5,2338,1005.4,209,1008.2,14.3,10.6,1200,3.04,22.93,,,,,,2.8,1.9,25.3,14.7,,,,,,,,,,,,,{비}0040-0055.,
143,대구,2006-05-24,18.9,14.2,2359,27.1,1402,,,,,,,11.8,140,1749,7.1,110,1937,3.2,2765,140,10.1,27,1330,57,12.4,1007.9,1020.2,2359,1010.5,0,1014.8,14.3,11.1,1200,3.27,26.1,,,,,,1.9,.8,23.8,9.1,,,,,,,,,,,,,{연무}1130-{연무}{강도0}1200-1240.,
143,대구,2006-05-25,17.6,12.9,448,24,1352,,,,,,,16.2,140,1133,5.1,140,2048,3.3,2851,110,8.5,31,1412,57.1,11.2,1011.9,1021.7,758,1015.5,1730,1018.9,14.3,4.3,1000,2.62,16.3,,,,,,8.8,3.4,20.5,11,,,,,,,,,,,,,{햇무리}0740-0820.,
143,대구,2006-05-26,17.6,14.8,358,21.8,1416,3.33,.1,,.1,,.1,8.5,110,2010,5.6,90,2010,2.6,2246,110,12,51,1343,69,14.1,1006.2,1018.8,23,1009.6,2357,1013.2,14.3,.6,1300,2.09,7.59,,,,,,9.9,5,19.8,13.6,,,,,,,,,,,,,{비}0830-{비}{강도0}0900-1020. {비}1230-1335. {비}2005-2030.,
143,대구,2006-05-27,17.5,16.6,815,18.9,1402,6.83,1,802,1.3,745,3.5,9.1,90,311,5.7,90,1200,3.2,2765,110,14.8,74,0,82.8,16.9,994.7,1009.6,0,998.1,1744,1001.6,14.3,0,1200,.66,3.59,,,,,,9.8,7.4,18,13.8,,,,,,,,,,,,,{비}0455-0530. {비}0745-0845. {비}1025-{비}{강도0}1200-1330. {비}1440-{비}{강도0}1500-1540. {비}1630-1710. {비}2330-{비}{강도0}2400- {박무}0750-{박무}{강도0}0900-{박무}{강도0}1200-{박무}{강도0}1500-{박무}{강도0}1800-{박무}{강도0}2100-{박무}{강도0}2400-,
143,대구,2006-05-28,18.2,14.8,2352,23.6,1356,2.7,.5,0,1.5,0,1.5,7.9,270,1257,4.4,290,1334,2.4,2074,290,13.2,45,1358,73,15.2,994,1004.6,2350,998.3,105,1000.8,14.4,2.4,1200,2.26,11.3,,,,,,7.3,5.8,18.4,12.1,,,,,,,,,,,,,-{비}-0242.  -{박무}-{박무}{강도0}0300-{박무}{강도0}0600-0740.,
143,대구,2006-05-29,19.1,14.1,456,25.6,1402,1.13,3.5,1517,3.5,1442,3.5,9.1,290,1522,5.4,290,1525,1.7,1469,70,13.1,37,1303,69.4,15.1,998.1,1007.4,2335,1002.8,1459,1004.9,14.4,6.7,1200,3.05,18.49,,,,,,5.4,4,20.3,10.8,,,,,,,,,,,,,{소나기}1442-{소나기}{강도0}1500-1535. {소나기}1625-1630. {소나기}1720-1730. {천둥}{강도0}(W)1459-{천둥}{강도0}(W)1500-{뇌전}{강도1}(W 3~4)1518-{뇌전}{강도0}(W{이동}NW 5~6)1523-1535. {뇌전}{강도0}(W 5~6)1624-1635. {뇌전}{강도0}(SE 4~5)1640-1720. {천둥}{강도0}(SE)1943.,
143,대구,2006-05-30,22.6,15.5,323,29.4,1555,,,,,,,6.7,290,1452,4,290,1755,1.8,1555,290,12.3,30,1521,55.9,14.4,1003.1,1013,2346,1007.4,0,1009.9,14.4,10.4,1200,3.1,23.47,,,,,,1.5,1.4,24.1,13.3,,,,,,,,,,,,,{박무}0210-{박무}{강도0}0300-{박무}{강도0}0600-{박무}{강도0}0900-1030.,
143,대구,2006-05-31,24,16,511,30.9,1509,,,,,,,6.1,270,1104,3.7,270,1030,1.7,1469,290,10,18,1429,43.9,12.4,1007.5,1015.6,804,1012.2,1726,1014.2,14.4,11.8,1200,2.92,23.05,,,,,,1.3,0,25.9,12.8,,,,,,,,,,,,,,
143,대구,2006-06-01,24.2,18.5,618,30.2,1503,,,,,,,7,140,1831,4.5,140,1823,2.1,1814,140,12.5,27,1302,49.1,14.6,1007.1,1016.1,659,1011.5,1610,1013.8,14.4,9.8,1200,2.53,18.79,,,,,,3.6,0,26.4,14.2,,,,,,,,,,,,,{박무}0510-{박무}{강도0}0600-{박무}{강도0}0900-{박무}{강도0}1200-1230.,
143,대구,2006-06-02,19.3,16.5,2338,24,1533,,,,,,,10.9,110,1734,7.1,140,1514,4.7,4061,110,12.3,52,1535,63.3,14.3,1005.6,1015.2,2400,1011,1558,1012.5,14.5,9.1,1200,2.82,20.01,,,,,,5.4,0,24.6,13.7,,,,,,,,,,,,,{박무}0320-0440.,
143,대구,2006-06-03,19.8,15.7,510,26.6,1602,,,,,,,10.8,90,224,6.3,90,153,4.1,3542,140,10.4,33,1613,55.8,12.7,1006.5,1016.3,854,1011,1714,1013.4,14.5,8.9,1200,3.21,23.51,,,,,,5.6,3.3,27,14.3,,,,,,,,,,,,,,
143,대구,2006-06-04,20,14.9,404,26.1,1711,,,,,,,8.7,110,22,5.3,110,30,1.9,1642,110,11,26,1714,58.8,13.2,1003,1012.1,110,1007.5,1738,1009.8,14.5,4,1400,2.21,12.35,,,,,,5.6,2.4,25,12.8,,,,,,,,,,,,,,
143,대구,2006-06-05,23.5,15.9,434,30.8,1611,,,,,,,5.5,140,2332,3.4,290,1741,1.6,1382,50,12.9,24,1533,54,14.9,1000.1,1008.9,0,1003.9,1638,1006.8,14.5,11.2,1100,2.61,20.89,,,,,,2.1,0,28.1,11,,,,,,,,,,,,,{박무}0430-{박무}{강도0}0600-{박무}{강도0}0900-1030. {연무}1040-{연무}{강도0}1200-1240.,
143,대구,2006-06-06,24.5,16.7,457,32.2,1540,,,,,,,6.9,140,237,4.5,110,328,2.2,1901,140,13.9,20,1500,56.3,16.2,999.6,1008.3,549,1003.4,1650,1006.3,14.5,10.2,1200,2.67,20.9,,,,,,2,.1,30.6,14.4,,,,,,,,,,,,,{박무}0235-{박무}{강도0}0300-{박무}{강도0}0600-{박무}{강도0}0900-{박무}{강도0}1200-1330.,
143,대구,2006-06-07,21.3,18.2,541,26,1442,,,,,,,8.7,160,307,6.4,140,250,4.1,3542,140,15.4,54,1421,69,17.6,1001,1010.1,820,1005.5,1733,1007.8,14.5,4.9,1200,2.47,16.28,,,,,,7,1.5,26.9,16.5,,,,,,,,,,,,,{박무}0320-{박무}{강도0}0600-{박무}{강도0}0900-{박무}{강도0}1200-{박무}{강도0}1500-{박무}{강도0}1800-{박무}{강도0}2100-{박무}{강도0}2400-,
143,대구,2006-06-08,19.4,18.2,502,21.4,1333,4.25,0,,0,,0,5.6,110,1351,3.7,140,1400,1.9,1642,140,14.9,59,1323,73.9,16.9,994.2,1007,0,996.8,2358,1001,14.5,0,1300,.64,3.61,,,,,,10,5.5,20.9,16.3,,,,,,,,,,,,,-{박무}-{박무}{강도0}0300-{박무}{강도0}0600-{박무}{강도0}0900-{박무}{강도0}1200-1330. {비}0745-0810. {비}0930-1010. {비}1050-1120. {비}1210-1230. {비}1455-{비}{강도0}1500-1505. {비}1930-1950. {비}2040-{비}{강도0}2100-2230. {박무}2120-{박무}{강도0}2400-,
143,대구,2006-06-09,23.2,17.1,541,28.8,1457,,,,,,,7.9,320,1139,4.8,270,1055,2.1,1814,290,12.2,27,1454,53.1,14.4,990.3,1001,2334,995.3,328,997,14.5,10.7,1200,2.9,22.34,,,,,,2.5,2.5,28.4,13.9,,,,,,,,,,,,,-{박무}-{박무}{강도0}0300-{박무}{강도0}0600-0820.,
143,대구,2006-06-10,22.7,17.2,605,29.9,1243,3.55,4,2227,11,2137,19.5,9.2,90,2318,5.6,90,2318,2.4,2074,50,12.8,25,1201,58.4,15.1,994.3,1004.5,2246,998.6,1443,1001,14.5,10.3,1100,2.66,20.55,,,,,,3.8,2.8,28.6,13.2,,,,,,,,,,,,,{번개}{강도0}(W)1946-1950.  {뇌전}{강도0}(W 6~8)2017-{뇌전}{강도1}(W 3~4)2045-{뇌전}{강도1}(W 3~4)2100-{뇌전}{강도1}(W{이동}SW 3~4)2105-2150.  {뇌전}{강도1}(W 2~3)2210-2250.  {뇌전}{강도1}(W 3~4)2307-{뇌전}{강도1}(W{이동}SW 3~4)2324-{뇌전}{강도1}(SW 3~4)2400-  {소나기}2027-{소나기}{강도0}2100-{소나기}{강도0}2400-,
143,대구,2006-06-11,22.9,17.5,316,27.9,1453,1.75,1,0,3.5,0,3.5,9.2,270,1142,5.4,270,1145,2.7,2333,290,12.4,32,1454,54.6,14.6,998.6,1010.3,2357,1002.3,122,1005.3,14.6,10.1,1100,3.03,21.38,,,,,,4.6,4.6,22.9,15.5,,,,,,,,,,,,,-{뇌전}-{뇌전}{강도1}(SW 2~3)0024-{뇌전}{강도1}(SW{이동}S 2~3)0034-0050. -{소나기}-{비}0110-0145. {박무}0420-{박무}{강도0}0600-{박무}{강도0}0900-0940.,
143,대구,2006-06-12,23.4,16,529,29.7,1334,,,,,,,8.8,140,1625,6.2,160,1634,2.2,1901,110,12,27,1540,50.4,14.1,1006.7,1016.1,2307,1010.3,0,1013.5,14.6,11.1,1200,3.05,23.62,,,,,,.5,.5,24.2,11.8,,,,,,,,,,,,,,
143,대구,2006-06-13,23.8,17,600,31.4,1426,,,,,,,7.9,230,1340,4.9,90,1624,2.6,2246,110,12.8,25,1443,52.5,14.8,1008,1016.5,755,1012.6,1601,1014.8,14.6,9.8,1100,2.94,21.51,,,,,,2.5,1,26.2,15.7,,,,,,,,,,,,,,
143,대구,2006-06-14,20.3,17.4,527,23.8,1159,11.17,1,1624,4.5,1642,20.5,9.1,110,858,6.4,140,900,3.6,3110,110,15.9,49,1201,76,18.4,999.4,1014.8,32,995.9,2353,1006.2,14.6,.2,1000,1.54,7.3,,,,,,8.8,4.9,20.1,15.6,,,,,,,,,,,,,{박무}0430-{박무}{강도0}0600-{박무}{강도0}0900-1030. {비}1250-{비}{강도0}1500-{비}{강도1}1800-{비}{강도1}2100-{비}{강도0}2400-  {박무}1520-{박무}{강도0}1800-{박무}{강도0}2100-{박무}{강도0}2400-,
143,대구,2006-06-15,23,19,2345,27.2,1326,1.5,.5,0,1.5,0,1.5,9.6,320,1141,6.1,320,1150,2.8,2419,290,14.7,33,1406,61.8,17.1,993.2,1006.6,2352,993.9,225,1000,14.6,8.2,1200,2.84,19.54,,,,,,5,2.9,22.9,14.7,,,,,,,,,,,,,-{비}-0130.  -{박무}-{박무}{강도0}0300-0315.,
143,대구,2006-06-16,23.8,16.4,529,31.3,1447,,,,,,,6.2,160,1417,4.4,160,1433,1.6,1382,50,11.9,19,1456,51.4,14.2,1001.5,1009.7,835,1006.6,0,1008.3,14.6,8.5,1300,2.38,19.69,,,,,,3.6,0,24.1,12.9,,,,,,,,,,,,,,
143,대구,2006-06-17,25,17,614,31.9,1545,,,,,,,6.9,320,1552,4.1,270,1500,1.9,1642,270,12.4,26,1614,47.8,14.4,1000.3,1010.2,716,1004.6,1710,1007.1,14.6,10.9,1100,2.92,22.95,,,,,,3.6,0,26.3,13.1,,,,,,,,,,,,,,
143,대구,2006-06-18,25.5,20.3,604,31.3,1459,,,,,,,9.3,290,1529,5.9,290,1538,2.6,2246,290,12.5,19,1509,46.1,14.6,1001.3,1010.5,2352,1006.6,2,1008,14.6,10,1300,2.95,21.79,,,,,,1.8,.9,27.2,18.3,,,,,,,,,,,,,,
143,대구,2006-06-19,26.2,19.6,502,32.1,1342,,,,,,,7.7,340,1142,4.2,270,1616,1.7,1469,50,11.9,21,1224,44,14.1,1005.6,1013.6,2303,1010.5,0,1012.3,14.6,9.4,1200,2.93,21.46,,,,,,3.1,0,27.2,14.6,,,,,,,,,,,,,,
143,대구,2006-06-20,27.3,20.9,407,33.5,1537,,,,,,,6.5,250,1427,4,270,2010,1.8,1555,270,14.4,25,1538,46.6,16.4,1005,1013.9,740,1009,1632,1011.7,14.6,8.7,1200,2.93,21.64,,,,,,4.5,0,29.8,17.1,,,,,,,,,,,,,,
143,대구,2006-06-21,25.4,21.5,2400,30.3,1250,4.8,.5,2332,.5,2242,.5,7.8,270,1341,5,270,1342,2.4,2074,290,17,39,1404,60,19.5,1003.2,1012,544,1008.3,1651,1009.9,14.6,1.6,1200,2.49,13.2,,,,,,9.4,4.8,27.6,19.5,,,,,,,,,,,,,{비}1807-2030. {비}2135-{비}{강도0}2400-,
143,대구,2006-06-22,22.9,20.7,609,26.4,1655,10.5,2,600,4.4,542,12,5.7,320,1213,3.8,320,1217,1.6,1382,270,19.5,65,1648,80,22.7,1000,1008.7,0,1005.5,1720,1006.7,14.6,.1,1400,1.26,5.73,,,,,,9.4,5,23.8,18.7,,,,,,,,,,,,,-{비}-{비}{강도0}0300-0310. {비}0530-{비}{강도0}0600-{비}{강도0}0900-{비}{강도0}1200-1250. {박무}0420-{박무}{강도0}0600-{박무}{강도0}0900-{박무}{강도0}1200-{박무}{강도0}1500-1530.,
143,대구,2006-06-23,22.8,18.9,2344,27.2,1442,,,,,,,9.5,160,2120,6.1,140,2000,3,2592,140,17.9,57,1443,73.8,20.6,1001.4,1011.2,2259,1005.9,203,1008.2,14.6,2.6,1200,2.42,14.38,,,,,,8.6,5.4,24.9,17.9,,,,,,,,,,,,,{박무}0430-{박무}{강도0}0600-{박무}{강도0}0900-{박무}{강도0}1200-{박무}{강도0}1500-1630.,
143,대구,2006-06-24,21.7,17.8,527,27.1,1502,,,,,,,8.6,140,1323,6.3,140,1330,4.1,3542,140,16,51,1503,69.8,18.2,1004.5,1012.9,1005,1009.5,1726,1011.3,14.6,4.2,1300,2.8,17.52,,,,,,9.1,3.5,25.5,16.1,,,,,,,,,,,,,{박무}0620-{박무}{강도0}0900-{박무}{강도0}1200-1440.,
143,대구,2006-06-25,19.9,19.1,410,20.8,854,8.62,.5,1118,2,1106,4.5,7.8,110,307,5.1,140,300,3,2592,140,16.9,73,825,81.6,19.3,1002.4,1011.7,51,1007.8,2356,1009.3,14.6,0,1200,.4,3.42,,,,,,10,6.4,20.7,17.5,,,,,,,,,,,,,{박무}0520-{박무}{강도0}0600-{박무}{강도0}0900-{박무}{강도0}1200-{박무}{강도0}1500-{박무}{강도0}1800-{박무}{강도0}2100-{박무}{강도0}2400- {비}0850-{비}{강도0}0900-{비}{강도0}1200-1450. {비}1515-1545. {비}2030-{비}{강도0}2100-2212. {비}2335-{비}{강도0}2400-,
143,대구,2006-06-26,23.4,18.8,32,28.9,1445,.75,.5,26,.5,0,.5,6.3,270,1920,3.7,270,1927,2.1,1814,290,18.9,54,1448,75.6,21.9,999,1008,9,1003.5,1810,1005.7,14.6,1.6,1300,2.43,12.86,,,,,,8.3,6,25.3,17.9,,,,,,,,,,,,,-{비}-0045. -{박무}-{박무}{강도0}0300-{박무}{강도0}0600-{박무}{강도0}0900-{박무}{강도0}1200-1320.,
143,대구,2006-06-27,26,20.9,601,31.6,1457,,,,,,,8.3,270,1636,4.2,270,1812,2.2,1901,270,19.1,45,1458,67.3,22.3,998.8,1006.9,626,1003.6,1636,1005.5,14.6,8.2,1300,2.61,19.78,,,,,,7,2.1,28.6,18.9,,,,,,,,,,,,,{박무}0115-{박무}{강도0}0300-{박무}{강도0}0600-0720.  {박무}2330-{박무}{강도0}2400-,
143,대구,2006-06-28,27,22.7,430,33.1,1543,,,,,,,8.3,270,1643,5.6,270,1651,2.1,1814,270,18.7,35,1529,62.1,21.7,1000.9,1009,2226,1005.9,1638,1007.6,14.6,8.5,1200,2.69,19.69,,,,,,7.3,1.6,29.2,20.3,,,,,,,,,,,,,-{박무}-{박무}{강도0}0300-{박무}{강도1}0600-{박무}{강도1}0900-{박무}{강도0}1200-1420.,
143,대구,2006-06-29,26.7,23.6,231,31,1416,.58,.5,2350,.5,2325,.5,7,160,2150,4.3,160,1543,2.3,1987,160,20.1,45,1505,67.4,23.5,1002.2,1011.2,805,1007.2,2353,1008.9,14.6,3,1100,2.13,12.38,,,,,,7.3,3.6,27.9,21.1,,,,,,,,,,,,,{박무}0030-{박무}{강도0}0300-{박무}{강도0}0600-{박무}{강도0}0900-{박무}{강도0}1200-1420. {비}2325-{비}{강도0}2400-,
143,대구,2006-06-30,27.1,23.9,446,30.9,1254,1.25,.5,0,1,0,1,7.9,250,1340,5,270,1535,2.4,2074,270,20.8,53,1249,68.6,24.8,1000,1008.1,2235,1004.7,1701,1006.6,14.6,1.3,1000,1.81,11.9,,,,,,8.4,3.9,27.7,21.8,,,,,,,,,,,,,-{비}-0115.,
143,대구,2006-07-01,23.5,22.5,1100,25,0,15.33,2.5,1041,8.5,1159,28.5,6.5,110,1155,4.8,110,1200,1.8,1555,50,21.5,75,0,87.1,25.7,998,1007.9,806,1001.7,1635,1004.7,14.6,0,1200,.58,3.37,,,,,,9.4,6.3,24.1,21.5,,,,,,,,,,,,,{비}0320-0330. {비}0525-{비}{강도0}0600-{비}{강도0}0900-{비}{강도1}1200-{비}{강도0}1500-{비}{강도0}1800-2035. {박무}1020-{박무}{강도0}1200-1340.,
143,대구,2006-07-02,23.3,19.5,2353,28.8,1306,3.08,7,1925,8.5,1920,11.5,7.4,90,2130,4.7,140,2211,1.8,1555,140,20.3,58,1310,82.3,23.9,998.6,1007.7,2208,1003.5,119,1005.3,14.6,1.7,1200,1.81,10.74,,,,,,8.3,6.9,25,18.6,,,,,,,,,,,,,{소나기}1345-1430. {천둥}{강도0}(SW)1550-{뇌전}{강도0}(SW 5~8)1602-1615. {뇌전}{강도0}(W 5~6)1820-1850. {소나기}1630-1710. {소나기}1825-1855. {소나기}1920-2030.,
143,대구,2006-07-03,22.6,19,419,27.1,1647,.25,.1,,.1,,.1,8,110,1243,5.4,110,1227,3.4,2938,140,18.4,62,1505,77.1,21.4,999.5,1007.7,737,1004.5,1723,1006.2,14.6,4.4,1200,2.38,17.31,,,,,,8.9,7,24.9,18.3,,,,,,,,,,,,,{박무}0315-{박무}{강도0}0600-{박무}{강도0}0900-{박무}{강도0}1200-1430.  {비}0605-0620.,
143,대구,2006-07-04,21.8,21,1934,22.8,923,15.18,2.5,1325,8,1652,22,7.2,90,2155,4.6,140,1300,2.8,2419,110,19.8,81,912,87.1,23.2,994.5,1005.8,0,995.9,2336,1001.3,14.5,0,1500,.67,4.3,,,,,,10,7,23,20.3,,,,,,,,,,,,,{박무}0420-{박무}{강도0}0600-{박무}{강도0}0900-{박무}{강도0}1200-{박무}{강도0}1500-{박무}{강도0}1800-{박무}{강도0}2100-{박무}{강도0}2400- {비}0635-0710. {비}0924-{비}{강도0}1200-{비}{강도0}1500-{비}{강도1}1800-{비}{강도0}2100-{비}{강도0}2400-,
143,대구,2006-07-05,21.6,20.1,2336,24.7,1127,3.5,.1,,.4,39,.5,7.6,90,1710,5.5,90,1720,2.7,2333,110,17.6,66,2346,77.5,20.3,992.7,1002.4,2240,995.5,55,999.5,14.5,0,1100,.98,6.57,,,,,,10,6.1,23,19.2,,,,,,,,,,,,,-{비}-{비}{강도0}0300-0330. -{박무}-0240.,
143,대구,2006-07-06,20.5,18.6,608,22.5,1632,,,,,,,6.9,140,914,4.3,110,20,2.6,2246,140,15.4,64,1103,71.5,17.6,996.3,1004.7,2335,1002.1,322,1003.1,14.5,.1,1200,.9,6.1,,,,,,10,4.8,21.2,18.1,,,,,,,,,,,,,,
143,대구,2006-07-07,23.2,19.6,436,26.5,1556,.33,0,,0,,0,4,270,1359,2.6,270,1429,1.3,1123,110,18.8,62,1524,75.4,21.7,998.4,1007.5,2316,1003.8,253,1005.1,14.5,.2,1200,1.63,9.25,,,,,,9.8,5.4,23.8,18.3,,,,,,,,,,,,,{박무}0220-{박무}{강도0}0300-{박무}{강도0}0600-{박무}{강도0}0900-{박무}{강도0}1200-{박무}{강도0}1500-{박무}{강도0}1800-{박무}{강도0}2100-{박무}{강도0}02400- {비}0720-0740.,
143,대구,2006-07-08,23.8,21.2,535,28.3,1207,7.67,.5,1708,1.5,1900,6.5,7.1,90,1256,5.1,90,1300,2.5,2160,110,20.6,63,1208,82,24.4,1001.6,1009.9,2313,1007,324,1008.3,14.5,0,1100,1.42,8.66,,,,,,9.4,5.6,25,19.7,,,,,,,,,,,,,-{박무}-{박무}{강도0}0300-{박무}{강도0}0600-{박무}{강도0}0900-{박무}{강도0}1200-1330. {박무}1610-{박무}{강도0}1800-{박무}{강도0}2100-{박무}{강도0}2400- {비}1620-{비}{강도0}1800-{비}{강도0}2100-{비}{강도0}2400- ,
143,대구,2006-07-09,22.2,21.6,715,23.7,1838,15.08,10,1318,38,1318,122,5.7,160,1801,4.6,140,1801,1.9,1642,110,21.2,86,1850,93.5,25.4,1002.8,1011.3,1436,1008.1,501,1009.6,14.5,.7,1800,.39,1.82,,,,,,9,6.3,22.5,20.5,,,,,,,,,,,,,-{비}-{비}{강도0}0300-0330.  {비}0605-{비}{강도1}0900-{비}{강도1}1200-{비}{강도2}1500-1740.  -{박무}-{박무}{강도0}0300-{박무}{강도0}0600-{박무}{강도0}0900-{박무}{강도0}1200-{박무}{강도0}1500-1640.  {천둥}{강도0}(NW)1232.,
143,대구,2006-07-10,23.2,21.5,459,24.5,1536,16.08,9,1336,30,1246,96,19.9,90,955,12.2,110,1000,4.1,3542,110,21,76,2022,87,25.1,995.1,1009.2,0,995.3,1518,1001.8,14.5,0,1000,.31,1.62,,,,,,10,7.1,22.6,20.3,,,,,,,,,,,,,{비}0340-{비}{강도0}0600-{비}{강도1}0900-{비}{강도1}1200-{비}{강도1}1500-{비}{강도0}1800-1945. {박무}0520-{박무}{강도0}0600-{박무}{강도0}0900-{박무}{강도0}1200-{박무}{강도0}1500-{박무}{강도0}1800-{박무}{강도0}2100-{박무}{강도0}2400-,
143,대구,2006-07-11,25.6,23.6,47,28.9,1542,7.83,.5,1947,1,2215,2,8,290,237,4.8,270,500,2,1728,270,21.6,63,1341,77.9,25.9,1000.8,1009.5,2115,1002.6,0,1007.5,14.4,0,1200,1.24,8.09,,,,,,8.5,6.6,25.5,22.2,,,,,,,,,,,,,-{박무}-0020. {비}1030-1050. {비}1630-{비}{강도0}1800-{비}{강도0}2100-{비}{강도0}2400-,
143,대구,2006-07-12,27.2,23.9,450,32.4,1542,7.58,1.5,358,3.5,308,8.5,8.3,270,1556,4.4,270,1414,1.3,1123,90,23.8,57,1629,81.1,29.5,1000.7,1009,0,1005,1701,1007.4,14.4,2.9,1300,1.71,11.48,,,,,,8.8,7.6,27.2,23.2,,,,,,,,,,,,,-{비}-{비}{강도0}0300-{비}{강도0}0600-0725.  {소나기}1740-1750.  {박무}0325-{박무}{강도0}0600-0720.,
143,대구,2006-07-13,29.3,26.6,438,33.7,1547,.42,0,,0,,0,8.3,270,1322,4.7,270,1456,2,1728,270,23.5,53,1543,70.6,28.9,1001.8,1010.1,2251,1006.7,213,1008.4,14.4,3,1400,2.34,11.81,,,,,,6.8,5,28.4,24,,,,,,,,,,,,,{소나기}1045-1110. {천둥}{강도0}(NW)1832. {번개}{강도0}(N)2040.,
143,대구,2006-07-14,29.2,24.4,2330,35.4,1426,,,,,,,10,270,1445,6.2,270,1454,2.2,1901,180,22.4,44,1427,66.6,27,1004.4,1013.4,2318,1009.4,104,1011.1,14.4,6.7,1300,2.85,18.18,,,,,,5.3,4.4,29.6,22.6,,,,,,,,,,,,,,
143,대구,2006-07-15,28,24.3,140,33.5,1352,3.92,6,1815,8,1811,12.5,11,270,939,5.6,270,940,2.2,1901,50,23,54,1356,74.4,28.1,1003.7,1013.3,0,1008.3,1718,1010.4,14.4,5,1200,2.85,16.66,,,,,,9.3,5.9,28.5,22.9,,,,,,,,,,,,,{천둥}{강도0}(NW)1720-{뇌전}{강도1}(NW 3~5)1750-{뇌전}{강도1}(NW 3~5)1800-{뇌전}{강도0}(NW{이동}N 4~6)1845-{뇌전}{강도0}(N{이동}NE 5~8)1955-2010. {소나기}1750-{소나기}{강도0}1800-{비}2030-{비}{강도0}2100-2145.,
143,대구,2006-07-16,23.6,20.6,1829,28.3,858,11.67,11.5,1706,22,1649,71,9.6,140,1007,6.3,140,1100,2.4,2074,140,21.4,71,1110,86.6,25.7,1001.5,1010.1,0,1006.7,1552,1008.2,14.4,1,900,1.34,6.06,,,,,,9.4,6.8,25.1,20.1,,,,,,,,,,,,,{소나기}1110-1140. {소나기}1215-1345. {소나기}1420-{소나기}{강도1}1500-{소나기}{강도1}1800-{비}1830-{비}{강도0}2100-{비}{강도0}2400- {천둥}{강도0}(NW)1215. {천둥}{강도0}(NW)1244-1345. {천둥}{강도1}(NW)1517-{뇌전}{강도0}(NW 5~8)1620-{뇌전}{강도1}(NW 3~4)1703-{뇌전}{강도2}(NW 1~2)1715-{뇌전}{강도0}(NW 4~5)1735-{뇌전}{강도0}(NW 4~5)1800-1810.,
143,대구,2006-07-17,20,19,707,20.9,3,20.17,5,1424,14.5,550,56,5.8,270,149,3.9,140,1354,2,1728,110,18.9,88,1616,92.4,22,1001.4,1009.6,834,1006.9,2357,1008.2,14.3,0,1200,.7,3.26,,,,,,10,7.6,21.5,18.7,,,,,,,,,,,,,-{비}-{비}{강도0}0300-{비}{강도1}0600-{비}{강도1}0900-{비}{강도1}1200-1250. {비}1305-{비}{강도1}1500-{비}{강도0}1800-1830. {비}2205-{비}{강도0}2400-,
143,대구,2006-07-18,20.3,19.5,2252,21,1056,15.83,5,1312,14.5,2217,54.5,6,140,1246,4,140,1250,2,1728,140,19.2,91,737,92.6,22.4,996.3,1006.9,0,1001.4,1252,1003.1,14.3,0,700,.18,1.43,,,,,,10,6.9,21.3,18.9,,,,,,,,,,,,,-{비}-0020.  {비}0735-{비}{강도1}0900-{비}{강도0}1200-{비}{강도0}1500-{비}{강도0}1800-1935.  {비}2030-{비}{강도0}2100-{비}{강도1}2400-  {박무}0245-{박무}{강도0}0300-{박무}{강도0}0600-{박무}{강도0}0900-{박무}{강도0}1200-{박무}{강도0}1500-{박무}{강도0}1800-{박무}{강도0}2100-{박무}{강도0}2400-,
143,대구,2006-07-19,20.1,18.9,2332,21.3,1002,17.83,1.5,2312,2.5,2248,4,7.1,110,849,4.2,90,855,2.7,2333,110,18.4,79,1705,88.5,21.2,998.9,1007.6,2323,1003.6,54,1005.7,14.3,0,1400,.42,3.27,,,,,,10,7.1,21.1,18.2,,,,,,,,,,,,,-{비}-{비}{강도0}0300-0430. {비}0540-{비}{강도0}0600-0640. {비}0840-{비}{강도0}0900-0920. {비}1110-{비}{강도0}1200-{비}{강도0}1500-1720. {비}1830-{비}{강도0}2100-{비}{강도0}2400- -{박무}-{박무}{강도0}0300-{박무}{강도0}0600-{박무}{강도0}0900-0930.,
143,대구,2006-07-20,19.3,18.7,40,21.7,1034,15.33,.5,0,1.5,1342,5,7.9,110,1134,5.3,110,1141,2.7,2333,140,17.8,76,1036,89.8,20.5,997.4,1007.3,0,1002.4,1923,1004.2,14.3,0,1000,.73,4.02,,,,,,10,7.5,20.8,18.3,,,,,,,,,,,,,-{비}-{비}{강도0}0300-0315. {비}0620-0730. {비}1125-{비}{강도0}1200-{비}{강도0}1500-{비}{강도0}1800-{비}{강도0}2100-2130. {비}2310-{비}{강도0}2400- {박무}1130-{박무}{강도0}1200-{박무}{강도0}1500-{박무}{강도0}1800-{박무}{강도0}2100-{박무}{강도0}2400-,
143,대구,2006-07-21,22.2,19,0,25.5,1437,2.42,0,,0,,0,4.6,110,834,2.7,140,843,1.3,1123,140,19.4,71,1438,84.3,22.8,995.9,1004.1,2305,1001.6,435,1002.6,14.3,0,1300,1.25,7.41,,,,,,9.8,5.8,23.2,18.6,,,,,,,,,,,,,-{비}-0030.  {이슬비}0555-{이슬비}{강도0}0600-0615.  {이슬비}0705-0840.  -{박무}-{박무}{강도0}0300-{박무}{강도0}0600-{박무}{강도0}0900-{박무}{강도0}1200-{박무}{강도0}1500-1740.,
143,대구,2006-07-22,25.7,21.5,516,30.8,1556,,,,,,,8,270,1747,4.5,270,1741,1.9,1642,290,19.7,44,1542,70.4,22.9,995.5,1004.1,7,1000.3,1735,1002.2,14.2,5.2,1100,2.48,17.47,,,,,,7,3.4,25.7,18,,,,,,,,,,,,,{박무}0430-{박무}{강도0}0600-{박무}{강도0}0900-{박무}{강도0}1200-1340.,
143,대구,2006-07-23,22.3,19.3,512,25.4,1619,3.67,0,,0,,0,5.6,140,1943,3.9,140,1600,1.8,1555,140,18.5,62,1020,78,21.3,998.1,1007,2238,1003.3,426,1004.9,14.2,.2,1400,1.1,7.47,,,,,,9.4,5.6,23.6,16.7,,,,,,,,,,,,,{비}1050-{비}{강도0}1200-1430. {박무}2320-{박무}{강도0}2400-,
143,대구,2006-07-24,22.1,20.2,435,24.3,1629,.5,0,,0,,0,5.1,90,1454,3.5,110,1510,1.7,1469,110,19.1,72,1524,82.5,22.3,1001.2,1010.3,2400,1005.9,427,1008,14.2,0,1400,.77,5.11,,,,,,10,5.1,22.9,19.3,,,,,,,,,,,,,-{박무}-{박무}{강도0}0300-{박무}{강도0}0600-{박무}{강도0}0900-{박무}{강도0}1200-{박무}{강도0}1500-{박무}{강도0}1800-{박무}{강도0}2100-{박무}{강도0}2400-  {비}1150-{비}{강도0}1200-1210.  {비}1730-1740.,
143,대구,2006-07-25,25.8,21.2,510,31.4,1508,3.42,0,,0,,0,6.7,140,2303,4.2,140,2306,1.6,1382,110,18.9,36,1234,66.6,21.9,1006,1015.6,2305,1010.3,0,1012.7,14.2,5.2,1200,2.84,17.01,,,,,,8.8,4.5,27.1,19.9,,,,,,,,,,,,,-{박무}-{박무}{강도0}0300-{박무}{강도0}0600-{박무}{강도0}0900-1130. {비}1650-1730. {비}2045-{비}{강도0}2100-2330. ,
143,대구,2006-07-26,21.6,20.7,510,23.9,1,16.83,6.5,757,19.5,718,58.5,6.8,110,726,4.4,140,919,1.7,1469,140,20.4,71,0,91.4,24,1009.4,1017.5,1326,1015.3,359,1016.2,14.1,0,1500,.67,3.53,,,,,,10,7.8,23.2,19.3,,,,,,,,,,,,,{비}0020-{비}{강도0}0300-{비}{강도0}0600-{소나기}0805-{비}0820-{비}{강도1}0900-{비}{강도1}1200-{비}{강도1}1500-1640. {비}1750-{비}{강도0}1800-1820. {천둥}{강도0}(SW)0810.,
143,대구,2006-07-27,26.6,20.9,545,32,1523,,,,,,,10.7,180,1305,4.6,270,1400,1.6,1382,70,21,51,1537,72.4,25.2,1005.6,1016.2,59,1009.4,1739,1012.2,14.1,6.2,1000,2.06,15.63,,,,,,6.8,5.3,27.2,19,,,,,,,,,,,,,{박무}0330-{박무}{강도0}0600-{박무}{강도0}0900-1030.,
143,대구,2006-07-28,28.3,25.1,602,33.4,1428,1.75,3.5,1807,5.5,1728,5.5,9.6,270,1401,5.6,270,1717,1.9,1642,270,21.8,45,1317,68.4,26.2,1003.2,1010.8,919,1008.3,1646,1009.9,14.1,6.4,1300,2.36,17.84,,,,,,5.5,5,30.2,21.7,,,,,,,,,,,,,{소나기}1655-{소나기}{강도0}1800-1840. {뇌전}{강도0}(W 3~4)1755-{뇌전}{강도0}(W 3~4)1800-{뇌전}{강도1}(W 1~2)1810-1825.,
143,대구,2006-07-29,27.2,25.1,510,32.8,1327,2.92,2,1702,3,1640,3.5,6.5,50,1624,3.7,290,1300,1.6,1382,20,22.8,52,1051,77.8,28.1,1005.5,1013.6,2234,1010.3,0,1012.2,14.1,8.3,1000,2.08,13.19,,,,,,7,4.4,28.4,22.7,,,,,,,,,,,,,{비}0140-{비}{강도0}0300-0325. {소나기}1640-1750. {천둥}{강도0}(NW)1645-{뇌전}{강도1}(NW 3~4)1655-1735.,
143,대구,2006-07-30,28.8,24.3,551,34.3,1513,,,,,,,5.7,270,1704,3.8,290,1723,1.6,1382,290,22.9,47,1301,72.4,28.4,1006.1,1014.7,621,1010.8,1716,1012.8,14,9.5,1200,2.91,18.63,,,,,,5,3.3,29.4,22.6,,,,,,,,,,,,,{박무}0315-{박무}{강도0}0600-{박무}{강도0}0900-1045.,
143,대구,2006-07-31,30.1,25.8,534,35.2,1650,,,,,,,7.8,270,1351,4.5,270,1342,2,1728,290,22.4,42,1318,65.1,27.5,1003.9,1012.5,718,1008.4,1710,1010.6,14,10.8,1200,3,23.04,,,,,,1.9,1.9,31.8,23.5,,,,,,,,,,,,,,
143,대구,2006-08-01,30,25.4,527,35.1,1507,,,,,,,7.4,270,1144,4.5,270,1137,1.9,1642,270,21.8,39,1246,62.5,26.2,1003.9,1012,2327,1009,1816,1010.5,14,10.8,1200,3.1,20.81,,,,,,2.6,2.6,30.5,23.2,,,,,,,,,,,,,,
143,대구,2006-08-02,29.9,25.4,544,35.2,1542,,,,,,,7.8,270,1058,4.2,270,1342,1.8,1555,50,21.9,39,1524,64,26.7,1006.9,1014.8,2331,1011.9,0,1013.5,14,11.1,1300,2.85,18.68,,,,,,2.4,2.4,31.1,22.8,,,,,,,,,,,,,,
143,대구,2006-08-03,30.3,25.5,619,35.2,1312,,,,,,,6,140,1855,4,140,2129,1.9,1642,50,22,41,1233,62.6,26.6,1008.9,1017.4,753,1013.6,1740,1015.6,13.9,10.9,1200,3.07,20.62,,,,,,2.4,1.3,31.2,22.5,,,,,,,,,,,,,,
143,대구,2006-08-04,30.6,25.5,555,36.7,1510,,,,,,,6.1,140,1452,3.9,110,1624,1.9,1642,90,21.9,29,1651,61.9,26.7,1007.7,1016.7,718,1011.5,1732,1014.3,13.9,10.8,1200,2.78,19.26,,,,,,1.6,1.6,33.1,23.6,,,,,,,,,,,,,,
143,대구,2006-08-05,30.3,25.7,532,36,1508,,,,,,,6.1,160,1553,3.8,160,1600,1.6,1382,50,21.3,32,1555,60.4,25.6,1005.5,1014.2,726,1009.4,1738,1012.1,13.9,10.9,1300,2.74,19.28,,,,,,3,2.5,33,24.5,,,,,,,,,,,,,,
143,대구,2006-08-06,29.9,25.4,541,35.7,1423,1.08,.2,1843,.2,1750,.2,6.2,320,1605,3.6,270,1424,1.6,1382,50,21.1,35,1407,60.4,25.3,1003.5,1012.1,658,1007.6,1608,1010.1,13.8,9.4,1300,2.76,18.93,,,,,,3.8,2.6,33,22.2,,,,,,,,,,,,,{천둥}{강도0}(NW)1612-{천둥}{강도0}(NW)1635-1640. {소나기}1750-{소나기}{강도0}1800-1855.,
143,대구,2006-08-07,30.3,25.7,606,35.2,1549,.33,1,1830,1,,1,7.5,290,1339,3.5,180,1843,1.8,1555,290,21.4,38,1720,60.4,25.7,1001.9,1010.5,737,1006.2,1644,1008.5,13.8,7.9,1100,2.55,16.35,,,,,,4.5,2.6,32.9,23.3,,,,,,,,,,,,,{소나기}1830-1850.,
143,대구,2006-08-08,30.4,25.3,534,36.5,1528,,,,,,,6.6,90,1713,4.4,90,1641,2,1728,90,21.6,35,1520,61.1,26.2,1001.7,1009.6,659,1006.3,1534,1008.3,13.8,8.4,1100,2.43,16.07,,,,,,2.9,1.9,32.1,23.2,,,,,,,,,,,,,{천둥}{강도0}(NW)1730-1750.,
143,대구,2006-08-09,30.3,24.5,617,36.4,1612,,,,,,,6.5,90,1859,4.6,90,1900,2.3,1987,140,20.4,30,1628,58.3,24.4,1002.2,1010.3,754,1006.5,1749,1008.8,13.7,10.1,1100,2.67,19.26,,,,,,1.9,.8,33.4,22.2,,,,,,,,,,,,,,
143,대구,2006-08-10,30.9,25.4,525,36.6,1401,,,,,,,7.3,230,1432,3.4,270,1617,1.8,1555,290,20.6,29,1654,57,24.7,1002.3,1010.2,756,1006.9,1734,1008.9,13.7,11,1200,2.78,17.64,,,,,,2.6,.8,33.7,22.9,,,,,,,,,,,,,{박무}0342-{박무}{강도0}0600-0840. {햇무리}1030-1110.,
143,대구,2006-08-11,30.6,27,534,35.1,1519,,,,,,,6.9,290,1455,4.3,290,1615,2.3,1987,320,22.3,42,1520,62.3,27.3,1002.1,1010,1052,1007.5,1518,1008.6,13.7,7,1300,2.34,14.99,,,,,,4.8,2.3,34.5,24.1,,,,,,,,,,,,,{박무}0620-{박무}{강도0}0900-1130.,
143,대구,2006-08-12,30,26.3,554,35.9,1625,.83,0,,0,,0,9,270,1807,4.9,270,1821,2.3,1987,320,22.1,39,1542,63.8,26.8,1000.4,1008.7,918,1004.7,1636,1007,13.6,10.2,1300,2.66,20.11,,,,,,4.4,3.1,35.8,23.8,,,,,,,,,,,,,{소나기}1940-2030.,
143,대구,2006-08-13,30.3,25.6,433,35.8,1528,,,,,,,6.4,320,1518,3.8,90,2015,2.1,1814,320,21.9,37,1612,62.4,26.7,998.7,1007.1,0,1002.9,1736,1005.3,13.6,10.3,1200,2.52,18.64,,,,,,3.1,2.3,36,24.7,,,,,,,,,,,,,,
143,대구,2006-08-14,31.1,26,538,37.1,1505,,,,,,,6.9,340,1620,4.2,290,1308,1.9,1642,320,21.5,33,1458,59,26,997,1005.5,638,1001.2,1753,1003.5,13.6,10.7,1100,2.61,19.42,,,,,,2.6,2.4,36.6,23.8,,,,,,,,,,,,,,
143,대구,2006-08-15,30.8,27.2,602,37.2,1533,,,,,,,9.5,110,1838,6.9,110,2000,2.4,2074,110,22.6,38,1514,63,27.7,996,1003.9,611,1000.7,1538,1002.6,13.5,7.4,1000,2.16,14.57,,,,,,2.5,2.1,35.3,24.7,,,,,,,,,,,,,,
143,대구,2006-08-16,29.4,25.9,553,35.5,1359,,,,,,,9.7,90,1606,6.6,90,1757,3.6,3110,140,21.6,39,1401,64.5,26.2,995.9,1004,858,1000.5,1741,1002.5,13.5,10.4,1300,2.56,19.41,,,,,,1.5,.9,35.9,23.8,,,,,,,,,,,,,{박무}0315-{박무}{강도0}0600-{박무}{강도0}0900-{박무}{강도0}1030.,
143,대구,2006-08-17,29,24.1,457,34.8,1449,,,,,,,9.9,110,1805,6,90,1541,3.4,2938,90,19,31,1451,56.5,22.3,994.6,1002.8,26,999.1,1521,1001.2,13.5,10.9,1200,2.76,20.58,,,,,,3,1.9,35.5,21,,,,,,,,,,,,,,
143,대구,2006-08-18,26.8,25.2,2356,28.4,1350,.75,0,,0,,0,12.1,20,1747,5.7,50,1937,3.3,2851,50,18.8,53,1351,61,21.8,994.9,1002.3,750,1000.3,1613,1001.5,13.4,0,1300,.44,3.02,,,,,,10,7.4,28.7,23.6,,,,,,,,,,,,,{비}1745-{비}{강도0}1800-1830.,
143,대구,2006-08-19,21.3,19.6,702,25.3,0,22.92,2.5,616,10,555,36.5,7.3,340,315,4.3,270,1813,3,2592,270,19.1,62,1,86.5,22.2,995.3,1003.6,2356,1000.9,1545,1002.1,13.4,0,1400,.37,2.61,,,,,,10,7.9,22.7,18.8,,,,,,,,,,,,,{비}0020-{비}{강도1}0300-{비}{강도1}0600-0845. {비}0930-{비}{강도0}1200-{비}{강도0}1500-{비}{강도0}1800-{비}{강도0}2100-{비}{강도0}2400-,
143,대구,2006-08-20,24.3,20.9,233,27.7,1717,6.83,1,143,3.5,105,5,4.6,110,2342,3.2,140,2351,1.4,1210,270,21,69,1442,81.6,25.1,999.9,1009.5,2335,1003.4,102,1006.6,13.4,.6,1400,1.36,9.33,,,,,,7.8,5.5,26.3,20.7,,,,,,,,,,,,,-{비}-{비}{강도0}0300-{비}{강도0}0600-0650.,
143,대구,2006-08-21,26.8,23.2,518,33.3,1410,1.33,1,1609,1.5,1532,1.5,8.9,290,1538,3.8,50,1719,2,1728,110,23,53,1411,80.4,28.4,1002.6,1010.5,2117,1007.1,1515,1009.3,13.4,7,1100,2.36,13.05,,,,,,7.6,4.8,28,22,,,,,,,,,,,,,{박무}0340-{박무}{강도1}0600-{박무}{강도0}0900-{박무}{강도0}1200-1340. {박무}1510-{박무}{강도0}1800-{박무}{강도0}2100-{박무}{강도0}2400- {소나기}1525-1645. {뇌전}{강도0}(W 5~6)1540-{뇌전}{강도0}(W{이동}NW 4~5)1550-1630.,
143,대구,2006-08-22,25.7,23.8,2310,30.1,1509,4.92,.3,1712,.5,1716,1,8,90,1810,5.3,140,1639,3,2592,140,22.6,67,1513,83,27.8,1004.3,1012.6,2137,1009.6,1544,1011,13.3,.4,1300,1.39,7.26,,,,,,9.8,4.6,27,22.4,,,,,,,,,,,,,-{박무}-{박무}{강도0}0300-{박무}{강도0}0600-{박무}{강도0}0900-{박무}{강도0}1200-{박무}{강도0}1500-{박무}{강도0}1800-{박무}{강도0}2100-{박무}{강도0}2400- {비}1115-{비}{강도0}1200-1210. {비}1640-{비}{강도0}1800-2040. {번개}{강도0}(SW)2050-{번개}{강도0}(SW)2100-2120.,
143,대구,2006-08-23,26.7,22.7,410,32.2,1508,2.6,.2,2006,.3,1922,.4,6.3,140,808,3.9,140,814,2.3,1987,140,22.1,56,1430,76.5,27,1004.7,1013.3,945,1008.9,1644,1011.4,13.3,4.2,1200,2.7,13.2,,,,,,7.4,4.1,28.4,21.9,,,,,,,,,,,,,-{박무}-{박무}{강도0}0300-{박무}{강도0}0600-{박무}{강도0}0900-0930. {비}0310-0420. {비}1920-2046.,
143,대구,2006-08-24,26.9,23.7,2350,33.6,1405,4.33,1.5,1700,3,1618,7,8.9,290,1521,4.6,140,1722,1.8,1555,70,22.5,50,1408,78,27.5,1006.1,1014.8,2036,1010.6,1449,1012.8,13.2,4,1100,2.51,12.63,,,,,,8.9,5.3,28.7,22.7,,,,,,,,,,,,,{뇌전}{강도0}(SW 3~4)0111-0130. {소나기}0125-0150. {소나기}0235-0245. {소나기}1515-1740. {뇌전}{강도0}(NW 3~4)1610-{뇌전}{강도1}(NW 2~3)1645-{뇌전}{강도0}(NW 4~5)1710. {소나기}1855-2015. {천둥}{강도0}(NW)1857-{뇌전}{강도0}(NW 4~6)1915-1945. {박무}2055-{박무}{강도0}2100-{박무}{강도0}2400-,
143,대구,2006-08-25,25.8,23.2,407,31.4,1443,2.58,2,1629,3.5,1614,4.5,6.6,180,1629,4,140,1017,1.9,1642,110,22.2,58,1442,81.3,27.1,1007.8,1016,805,1012.5,1508,1014.6,13.2,2.7,1000,2.31,11.38,,,,,,8,4.3,27.9,22.3,,,,,,,,,,,,,-{박무}-{박무}{강도0}0300-{박무}{강도0}0600-{박무}{강도0}0900-1120. {소나기}1605-{소나기}{강도0}1800-1840. {뇌전}{강도0}(NW 5~6)1605-{뇌전}{강도1}(NW 2~3)1620-{뇌전}{강도0}(NW 4~5)1720-1740. ,
143,대구,2006-08-26,27.9,24.1,526,32.6,1535,,,,,,,6.6,160,1747,4.3,140,1601,2.6,2246,110,22.5,52,1531,73.5,27.6,1005.7,1014.6,722,1009.9,1712,1012.4,13.2,5.9,1200,2.51,14.77,,,,,,5.9,3.9,28.9,23.3,,,,,,,,,,,,,{박무}0420-{박무}{강도0}0600-{박무}{강도0}0900-1040.,
143,대구,2006-08-27,25.2,23.5,1020,28.1,1325,4.83,8.5,955,31,900,54,6.9,110,1151,4.6,90,1153,1.9,1642,290,22.4,71,1328,84.5,27.4,1001.7,1010.8,0,1006.1,1152,1008.4,13.1,.4,1300,1.44,4.98,,,,,,6.8,5,25.7,22,,,,,,,,,,,,,{비}0725-{비}{강도1}0900-{소나기}0903-{비}1105-{비}{강도0}1200-1215. {천둥}{강도0}(W)0905-{뇌전}{강도2}(W 1~2)0914-{뇌전}{강도1}(W{이동}NW 3~5)0940-{뇌전}{강도0}(NW{이동}N 4~6)1035-1050. {박무}2325-{박무}{강도0}2400-,
143,대구,2006-08-28,27.5,23.8,10,32.5,1458,,,,,,,7.1,320,1402,4.5,270,1223,1.9,1642,320,20.8,42,1440,68.3,24.8,1001.7,1009.8,2337,1006.7,1505,1008.3,13.1,7.2,1200,2.5,16.81,,,,,,5.3,3.4,28.4,22.1,,,,,,,,,,,,,-{박무}-{박무}{강도0}0300-{박무}{강도0}0600-{박무}{강도0}0900-{박무}{강도0}1200-1230. {박무}2140-{박무}{강도0}2400-,
143,대구,2006-08-29,27.1,22.9,551,32,1431,1.33,0,,0,,0,6.5,160,2228,4.3,140,2201,2,1728,70,21.1,48,1708,70.8,25.3,1002.2,1010.1,802,1007.3,1542,1008.8,13.1,4.9,1100,2.47,12.84,,,,,,5.6,3.3,27.8,21.6,,,,,,,,,,,,,-{박무}-{박무}{강도0}0300-{박무}{강도0}0600-{박무}{강도0}0900-{박무}{강도0}1200-1305. {박무}1740-{박무}{강도0}1800-{박무}{강도0}2100-{박무}{강도0}2400- {비}2210-2250. {비}2320-{비}{강도0}2400-,
143,대구,2006-08-30,23.5,21.5,652,25.6,0,7.75,4,236,12,212,16.5,7.9,110,1753,4.9,90,1728,2.8,2419,140,19.6,67,1231,78.6,23,1002.3,1010.9,1011,1007.8,1559,1009.1,13,0,800,.64,3.96,,,,,,10,5.9,24.6,21.4,,,,,,,,,,,,,-{비}-{비}{강도0}0300-{비}{강도0}0600-0745. -{박무}-{박무}{강도0}0300-{박무}{강도0}0600-{박무}{강도0}0900-0940. {박무}2330-{박무}{강도0}2400-,
143,대구,2006-08-31,24.2,20.7,2400,28.7,1508,,,,,,,9.1,110,1150,5.8,110,1135,3.4,2938,110,15.9,47,1223,60,18.3,999.7,1008.3,1,1004.4,1521,1006.4,13,6.4,1100,2.73,17.27,,,,,,5,2.9,25.1,18.4,,,,,,,,,,,,,-{박무}-{박무}{강도0}0300-0530.,
143,대구,2006-09-01,23.4,18.6,633,29.1,1419,,,,,,,9.9,90,1623,6,110,1632,2.5,2160,110,16.2,48,1418,64,18.5,1000.6,1009.4,2216,1006,1527,1007.3,13,6.5,1200,2.05,13.55,,,,,,4,2.8,24.1,16.8,,,,,,,,,,,,,,
143,대구,2006-09-02,24.3,18.9,544,29.7,1458,,,,,,,7.3,70,1829,4.2,90,1822,2,1728,140,17.1,43,1642,65,19.6,1002.4,1010.4,2358,1007.3,1513,1009.1,12.9,7,1200,2.79,17.36,,,,,,3.4,2.8,25.6,17.7,,,,,,,,,,,,,,
143,대구,2006-09-03,24.4,19.8,528,29.4,1525,,,,,,,7.6,110,1027,4.5,110,1132,2.6,2246,110,17.6,44,1315,66.9,20.2,1002.8,1011.6,704,1007.7,1837,1009.6,12.9,9.4,1000,2.25,16.87,,,,,,3.4,1.6,26.1,18.1,,,,,,,,,,,,,,
143,대구,2006-09-04,25.4,20.4,506,30.7,1541,,,,,,,7.5,250,1057,4.4,290,1106,1.9,1642,290,17.7,40,1533,63.5,20.4,999.8,1008.6,37,1004.3,1632,1006.5,12.9,10.7,1100,2.28,17.18,,,,,,3.5,2.5,26.7,18.4,,,,,,,,,,,,,,
143,대구,2006-09-05,21.1,17.5,2344,24.9,2,7.08,.5,2307,.5,2217,.5,11.7,110,733,7.2,90,712,3.9,3370,110,14.7,53,1140,66.4,17,1001.9,1010.2,1029,1006.3,336,1008.7,12.8,.2,900,1.02,5.39,,,,,,9.9,6.6,22,16.4,,,,,,,,,,,,,{비}1655-{비}{강도0}1800-{비}{강도0}2100-{비}{강도0}2400-,
143,대구,2006-09-06,18.3,15.7,537,22.1,1423,10.5,1,400,1.5,310,4.5,4.9,320,1245,3.4,290,1251,1.5,1296,290,15.4,65,1428,82.6,17.6,1001.6,1011,2344,1006.9,1522,1008.5,12.8,1,1400,1.5,6.41,,,,,,6.5,3.5,21.2,14.7,,,,,,,,,,,,,-{비}-{비}{강도0}0300-{비}{강도0}0600-{비}{강도0}0900-1030. {박무}0820-{박무}{강도0}0900-1020.,
143,대구,2006-09-07,20.6,16.1,455,27.3,1411,,,,,,,10.3,90,1637,6.6,110,1746,2.3,1987,110,14.4,40,1525,69.5,16.5,1007.2,1016.2,2221,1010.9,0,1014,12.7,7,1200,2.64,17.17,,,,,,1.9,1.5,22.7,14.5,,,,,,,,,,,,,{박무}0230-{박무}{강도0}0300-{박무}{강도1}0600-{박무}{강도0}0900-1030.,
143,대구,2006-09-08,21.6,18.8,106,23.5,1614,,,,,,,8,90,1717,4.9,110,1720,1.9,1642,140,16.6,68,1216,72.6,19,1008.1,1016.3,23,1013.8,1638,1014.9,12.7,0,1100,.55,3.53,,,,,,9.8,6.8,21.7,15.5,,,,,,,,,,,,,,
143,대구,2006-09-09,22.5,18.8,2358,26.6,1501,,,,,,,9.3,290,1213,5.5,290,1241,2.4,2074,290,16.1,50,1507,67.3,18.5,1006,1016.2,2331,1010.9,1503,1012.8,12.7,1.4,1400,1.65,8.71,,,,,,9,4.1,24.2,16.1,,,,,,,,,,,,,,
143,대구,2006-09-10,18.3,14.7,2349,22.3,1548,,,,,,,10.2,320,1247,6.4,290,1251,3.1,2678,290,6.4,30,1241,46.4,9.7,1011.5,1020.2,2221,1016,0,1018.5,12.6,10.2,1100,2.66,16.7,,,,,,4.6,1.6,20.5,11,,,,,,,,,,,,,,
143,대구,2006-09-11,16.9,13.2,447,19.9,1244,5.08,.1,,.1,,.2,4.8,320,1418,3.4,320,1419,1.4,1210,50,11.5,52,1026,69.9,13.7,1013.9,1022.3,2134,1019.8,6,1020.9,12.6,.1,1000,1.19,6.25,,,,,,9.1,3.5,18.6,11.6,,,,,,,,,,,,,{비}1615-{비}{강도0}1800-{비}{강도0}2100-2120.,
143,대구,2006-09-12,20.2,17.1,322,23.4,1410,,,,,,,7.8,110,1501,4.7,110,1507,1.6,1382,90,14.6,55,1350,69.6,16.7,1015.4,1023.8,950,1021.1,135,1022.3,12.6,.7,1200,1.23,6.51,,,,,,9.6,5,20.7,15.1,,,,,,,,,,,,,,
143,대구,2006-09-13,21,19.3,549,23.7,1530,,,,,,,13.3,140,1121,4.8,140,1709,1.7,1469,140,14.7,50,1436,66.9,16.8,1014.3,1022.9,109,1019.8,1533,1021.2,12.5,.1,1300,1.11,7.17,,,,,,8.9,5.1,22.5,18,,,,,,,,,,,,,,
143,대구,2006-09-14,20.8,16.6,628,26.4,1444,,,,,,,15.5,90,1612,6,90,1321,2.3,1987,90,12.8,34,1445,61.1,14.9,1012.8,1021.3,916,1017.7,1527,1019.7,12.5,6.2,1200,2.26,14.96,,,,,,4.6,2,23.4,13.8,,,,,,,,,,,,,,
143,대구,2006-09-15,19.7,17.1,2400,24,1403,8.42,.5,1611,2.5,1615,5,8.5,90,1338,5.2,90,1342,2.1,1814,110,14.9,58,942,73,17,1010,1019.3,28,1015.1,1846,1016.9,12.4,.3,900,1.25,6.24,,,,,,9.6,7.5,21.9,15.1,,,,,,,,,,,,,{비}1125-1145. {비}1330-{비}{강도0}1500-{비}{강도0}1800-1930. {비}2040-{비}{강도0}2100-2150. {비}2305-{비}{강도0}2400- {박무}2230-{박무}{강도0}2400- ,
143,대구,2006-09-16,19.7,17,3,22.7,1559,11.17,.5,17,1.5,-2330,1.5,6.9,110,1637,4,110,1638,1.4,1210,140,16.1,61,1617,79.4,18.4,1006.9,1015.7,0,1012.2,1534,1013.8,12.4,0,1100,1.24,6.03,,,,,,10,6.9,21.3,16.8,,,,,,,,,,,,,-{비}-{비}{강도0}0300-{비}{강도0}0600-0830. {비}1420-{비}{강도0}1500-1505. {비}1925-2020. {비}2250-2350. -{박무}-{박무}{강도0}0300-{박무}{강도0}0600-0840.,
143,대구,2006-09-17,18.2,17.1,2349,19.5,1337,22.58,1,1348,3.5,1327,27.5,9.5,320,2354,5.2,320,2354,1.6,1382,320,16.4,73,2209,87.9,18.7,999.2,1014.1,0,998.2,2208,1006.1,12.4,0,1100,.35,2.18,,,,,,10,7.8,19.7,16.1,,,,,,,,,,,,,{비}0035-0055. {비}0145-{비}{강도0}0300-{비}{강도0}0600-{비}{강도0}0900-{비}{강도0}1200-{비}{강도0}1500-{비}{강도0}1800-{비}{강도0}2100-{비}{강도0}2400- {박무}0530-{박무}{강도0}0600-{박무}{강도0}0900-1030.,
143,대구,2006-09-18,18.6,16,238,22.3,1149,11.42,4.5,230,17,158,36.5,10.9,270,351,6.2,320,116,3.1,2678,270,14.7,61,1151,77.5,16.7,1000,1011.8,2328,999,0,1006.9,12.3,0,1100,1.6,7.05,,,,,,9.3,7.4,19.1,15,,,,,,,,,,,,0,-{비}-{비}{강도1}0300-{비}{강도0}0600-{비}{강도0}0900-0940. {비}1250-1350.  {비}1630-1650. {비}1715-1740. {박무}0215-{박무}{강도0}0300-0505.,
143,대구,2006-09-19,21.4,16.5,608,27.4,1450,,,,,,,6.7,270,1147,3.6,290,1302,1.5,1296,50,13.8,32,1523,64.1,15.9,1006.8,1015.9,2336,1011.6,0,1013.6,12.3,10,1200,2.96,21.25,,,,,,2.5,1.3,22.9,13.6,,,,,,,,,,,,,,
143,대구,2006-09-20,20.9,15.8,506,27.4,1449,,,,,,,6.8,90,1633,4.4,90,1637,2,1728,90,12.6,28,1556,61.8,14.7,1009.4,1017.4,2133,1014.6,1535,1016.3,12.3,6.3,1000,2.26,16.22,,,,,,4,0,21.7,14.1,,,,,,,,,,,,,{박무}0430-{박무}{강도0}0600-{박무}{강도0}0900-0940.,
143,대구,2006-09-21,20.9,16.3,534,26.9,1408,,,,,,,8.8,90,1500,5.5,90,1708,2.4,2074,110,14.5,42,1409,67.1,16.6,1011.1,1019.8,2337,1016.4,1542,1018,12.2,6.4,1200,2.69,16.31,,,,,,4.6,.9,21.9,15.6,,,,,,,,,,,,,,
143,대구,2006-09-22,20.4,16.1,557,25.9,1411,,,,,,,10.3,110,1640,7.3,90,1610,2.9,2506,110,12.6,36,1403,62.5,14.7,1014.1,1022.1,2212,1019.5,1531,1021,12.2,10.6,1200,2.87,21,,,,,,.5,.5,22.8,12.6,,,,,,,,,,,,,,
143,대구,2006-09-23,19.3,13.8,620,25.5,1238,,,,,,,9.1,90,1257,5.8,110,1141,2.4,2074,50,10.6,32,1344,58.9,12.8,1013.5,1022.5,657,1018.1,1635,1020.4,12.1,9.7,1200,3.18,20.65,,,,,,.4,.4,21.9,10.6,,,,,,,,,,,,,,
143,대구,2006-09-24,18.7,13.1,556,25.2,1417,,,,,,,7.8,110,1747,5.5,90,1819,2.2,1901,140,11,38,1422,62.1,13.2,1011.8,1019.9,813,1017,1508,1018.8,12.1,9.2,1000,2.54,18.65,,,,,,1.5,1.4,21.2,9.5,,,,,,,,,,,,,,
143,대구,2006-09-25,19.1,12.8,559,26.2,1445,,,,,,,8.3,140,1402,5.6,110,1714,2.3,1987,110,11.5,30,1609,63.4,13.7,1011.1,1019.9,806,1016.1,1514,1018,12.1,9.4,1200,2.87,19.63,,,,,,2.9,.8,22.1,9.7,,,,,,,,,,,,,,
143,대구,2006-09-26,20.5,16.2,633,26.2,1357,,,,,,,8.6,110,1506,5.4,110,1722,2.2,1901,110,12.7,36,1420,61.9,14.7,1009.1,1017.7,817,1014.1,1521,1015.9,12,5.9,1300,2.7,16.75,,,,,,5.4,3.8,23,12.8,,,,,,,,,,,,,,
143,대구,2006-09-27,20.8,14.9,600,27.2,1500,,,,,,,5.8,140,1751,4.2,90,1947,1.7,1469,20,12.9,34,1500,62.9,15,1009.1,1017.3,858,1013.5,1548,1016,12,9.4,1200,2.62,18.33,,,,,,1.1,1,23.1,11.5,,,,,,,,,,,,,,
143,대구,2006-09-28,20.2,16.1,630,25.5,1331,,,,,,,5,270,1334,2.6,90,136,1.4,1210,50,14.4,41,1315,69.9,16.5,1009.8,1018.1,806,1015,1443,1016.7,11.9,3.1,900,1.57,10.23,,,,,,5.8,3,21.3,13.3,,,,,,,,,,,,,{박무}1105-{박무}{강도0}1200-{박무}{강도0}1500-{박무}{강도0}1800-{박무}{강도0}2100-{박무}{강도0}2400-,
143,대구,2006-09-29,21,15.9,622,26.5,1548,,,,,,,9.4,90,2043,5.6,110,2051,1.8,1555,50,14.3,39,1426,66.9,16.4,1010.6,1019.6,2255,1015.7,1443,1017.5,11.9,4.4,1100,2.52,14.41,,,,,,5.3,1.5,22,12.7,,,,,,,,,,,,,-{박무}-{박무}{강도0}0300-{박무}{강도0}0600-{박무}{강도0}0900-1140.,
143,대구,2006-09-30,20.4,15.3,605,25.8,1245,,,,,,,9.3,90,1725,6.2,110,1759,3,2592,110,12.5,36,1246,62,14.6,1013.1,1021.7,847,1018.1,1512,1020,11.9,6.1,1000,2.33,15.62,,,,,,4.5,1.4,23,12.3,,,,,,,,,,,,,{박무}0230-{박무}{강도0}0300-{박무}{강도0}0600-0840.,
143,대구,2006-10-01,20,17.1,637,25,1156,,,,,,,7.5,110,1626,5.6,110,1631,2,1728,140,13.2,45,1156,65,15.2,1011,1019.5,18,1016,1417,1017.8,11.8,2.3,1100,2.4,10.76,,,,,,7.5,3.6,21.3,13.9,,,,,,,,,,,,,,
143,대구,2006-10-02,20.3,15.1,547,27,1428,,,,,,,8.1,90,1723,5.7,90,1726,2,1728,110,12.8,27,1545,63.6,14.9,1009.1,1017.4,713,1013.6,1558,1016,11.8,8.7,1300,2.62,18.6,,,,,,1.8,1.6,23.7,11.7,,,,,,,,,,,,,,
143,대구,2006-10-03,19.9,13.8,634,27.3,1405,,,,,,,5.6,110,2106,3.5,110,2114,1.9,1642,110,11.4,33,1559,60.4,13.6,1008.4,1017.4,820,1012.8,1600,1015.3,11.8,9.7,1200,2.71,18.71,,,,,,.1,.1,22.9,10.8,,,,,,,,,,,,,,
143,대구,2006-10-04,19.2,13.7,617,26.7,1406,,,,,,,8.8,110,1814,5.2,110,1817,2.5,2160,110,11.9,35,1409,63.4,14,1006.7,1014.8,842,1011.3,1530,1013.6,11.7,7.4,1300,2.55,16.53,,,,,,5.1,0,21.9,10.9,,,,,,,,,,,,,,
143,대구,2006-10-05,20.1,14.7,543,26,1513,,,,,,,10.1,70,1408,6.3,50,1402,2.1,1814,50,10.4,24,1411,56.5,12.7,1005.5,1014.3,9,1010,1548,1012.4,11.7,9,1100,2.54,17.65,,,,,,2.6,2.4,22.4,10.6,,,,,,,,,,,,,,
143,대구,2006-10-06,21.2,16.3,624,27.6,1526,,,,,,,8.7,70,1443,5.1,70,1412,2.1,1814,70,7.9,21,1504,44.8,10.8,1004.1,1012.1,108,1009.3,1526,1010.9,11.7,9.7,1100,2.69,18.49,,,,,,1,.6,22.7,9.7,,,,,,,,,,,,,,
143,대구,2006-10-07,19.5,12.4,609,27,1511,,,,,,,6.4,140,2106,3.7,110,2143,1.5,1296,50,8.9,25,1414,53.6,11.5,1004.7,1013.6,2347,1009.5,1513,1011.6,11.6,9.5,1200,2.6,18.11,,,,,,0,0,21.8,7.7,,,,,,,,,,,,,,
143,대구,2006-10-08,19.3,13.6,641,26.7,1552,,,,,,,4.1,90,806,2.8,90,822,1.5,1296,50,12.2,35,1500,65.4,14.3,1008.6,1017.4,932,1013.5,1,1015.5,11.6,7,1200,1.98,13.5,,,,,,1.6,.3,20.9,10.3,,,,,,,,,,,,,{박무}2330-{박무}{강도0}2400-,
143,대구,2006-10-09,20.5,15.4,631,27.2,1456,,,,,,,5.2,320,1045,2.9,320,1035,1,864,50,14.4,42,1629,68.8,16.4,1010.4,1018.7,2300,1014.9,1501,1017.3,11.5,5.2,1200,1.72,10.83,,,,,,1.5,0,22.7,13.7,,,,,,,,,,,,,-{박무}-{박무}{강도0}0300-{박무}{강도0}0600-{박무}{강도0}0900-{박무}{강도0}1200-1440. {연무}1430-{연무}{강도0}1500-1750. {박무}1740-{박무}{강도0}1800-{박무}{강도0}2100-{박무}{강도0}2400-,
143,대구,2006-10-10,21.4,15.7,648,27.4,1426,,,,,,,4,290,1357,2.7,270,1524,1.2,1037,50,15,27,1336,67.9,17.1,1011.2,1020.1,857,1015.8,1628,1017.9,11.5,6.6,1200,2.15,12.75,,,,,,2.9,.4,21.9,11.8,,,,,,,,,,,,,-{박무}-{박무}{강도0}0300-{박무}{강도1}0600-{박무}{강도1}0900-{박무}{강도0}1200-1240. {박무}1735-{박무}{강도0}1800-{박무}{강도0}2100-{박무}{강도0}2400- {연무}1235-{연무}{강도0}1500-1740. ,
143,대구,2006-10-11,21.3,18.2,535,26.3,1512,,,,,,,5.8,320,1450,3.8,290,1456,1.5,1296,50,12.9,30,1242,60.8,15,1010.9,1019.1,2246,1016,1404,1017.5,11.5,5.2,1000,2.18,12.82,,,,,,5.8,1.1,22.2,13.6,,,,,,,,,,,,,-{박무}-{박무}{강도0}0300-{박무}{강도0}0600-{박무}{강도0}0900-1015. {연무}1010-{연무}{강도0}1200-1240. {박무}2305-{박무}{강도0}2400-,
143,대구,2006-10-12,20.3,15.6,636,26.9,1430,,,,,,,5.7,290,1127,3.6,320,1508,1.6,1382,320,7.7,18,1425,49.3,11,1013.6,1022.1,851,1018.2,1503,1020.3,11.4,9.3,1200,2.43,16.25,,,,,,0,0,21.7,10.4,,,,,,,,,,,,,-{박무}-{박무}{강도0}0300-{박무}{강도0}0600-{박무}{강도0}0900-1120. {연무}1110-{연무}{강도0}1200-1230.,
143,대구,2006-10-13,17.8,11.3,615,24.8,1318,,,,,,,9.4,90,1700,6.2,90,1624,2.5,2160,110,8.7,27,1354,56.9,11.5,1015,1023.4,855,1020.2,1517,1021.8,11.4,9.2,1100,2.54,15.82,,,,,,2.5,.4,19.5,7.2,,,,,,,,,,,,,,
143,대구,2006-10-14,19.1,13.7,432,26.2,1441,,,,,,,4.9,290,1505,3.3,270,1334,1.3,1123,50,10.5,28,1657,59.5,12.7,1012.5,1021.5,723,1016.8,1553,1019.2,11.4,8.8,1200,1.98,13.13,,,,,,1.4,1,21.2,9.9,,,,,,,,,,,,,,
143,대구,2006-10-15,19.7,12.8,710,27,1457,,,,,,,5.3,140,2248,3.6,140,2252,1.3,1123,50,10.8,31,1512,58.8,13.1,1012,1020.4,849,1016.4,1434,1018.7,11.3,9.3,1200,2.19,14.39,,,,,,0,0,20.5,9.9,,,,,,,,,,,,,{박무}2140-{박무}{강도0}2400-,
143,대구,2006-10-16,20,15.2,559,25.9,1505,,,,,,,4.4,90,1127,2.7,250,1349,1.3,1123,90,13.7,46,1506,67.9,15.8,1013.1,1022.2,858,1017.9,1503,1019.9,11.3,6.9,1100,2.07,12.65,,,,,,1.4,.8,21,12.5,,,,,,,,,,,,,-{박무}-{박무}{강도0}0300-{박무}{강도1}0600-{박무}{강도0}0900-{박무}{강도0}1200-1220. {연무}1210-{연무}{강도0}1500-1640. {박무}1630-{박무}{강도0}1800-{박무}{강도0}2100-{박무}{강도0}2400-,
143,대구,2006-10-17,19.2,16,2400,25,1534,,,,,,,4.2,270,946,2.8,90,2047,1.2,1037,290,14,42,1525,72.6,16.1,1013.9,1022,927,1019.1,1443,1020.6,11.3,2.6,1000,1.59,8.54,,,,,,4.4,.6,19.6,11.1,,,,,,,,,,,,,-{박무}-{박무}{강도0}0300-{박무}{강도0}0600-{시정(미만)}{1km}{안개}0720-{시정(이상)}{1km}{박무}0820-{박무}{강도1}0900-{박무}{강도0}1200-{박무}{강도0}1500-{박무}{강도0}1800-{박무}{강도0}2100-{박무}{강도0}2400-,1
143,대구,2006-10-18,19.5,13.8,616,25.9,1449,,,,,,,4,270,1452,2.4,290,1508,1.2,1037,50,12.6,36,1523,65.8,14.7,1014.9,1023.8,846,1019.6,1610,1021.6,11.2,8,1100,2.04,13.3,,,,,,2.4,0,20.3,12,,,,,,,,,,,,,-{박무}-{박무}{강도0}0300-{박무}{강도1}0600-{박무}{강도0}0900-{박무}{강도0}1200-1340. {연무}1330-{연무}{강도0}1500-1545. {박무}2030-{박무}{강도0}2100-{박무}{강도0}2400-,
143,대구,2006-10-19,20.7,14.7,635,26.4,1451,,,,,,,5.4,250,1325,3.6,270,1330,1.2,1037,50,13,38,1458,62.6,15,1013.5,1021.9,804,1017.8,1459,1020.2,11.2,5.9,1100,1.95,11.15,,,,,,6.8,2,21.6,12.8,,,,,,,,,,,,,-{박무}-{박무}{강도0}0300-{박무}{강도0}0600-{박무}{강도0}0900-1120. {연무}1110-{연무}{강도0}1200-{연무}{강도0}1500-{연무}{강도0}1800-1940. {박무}1930-{박무}{강도0}2100-{박무}{강도0}2400-,
143,대구,2006-10-20,21.5,16.8,704,27.8,1511,,,,,,,11,110,1942,7.1,110,1943,2,1728,110,10.8,19,1532,53.9,13.2,1015.3,1024.7,2330,1019.7,1508,1021.9,11.1,8.9,1200,2.2,14.43,,,,,,3.5,1.8,22.7,12.4,,,,,,,,,,,,,-{박무}-{박무}{강도0}0300-{박무}{강도0}0600-{박무}{강도0}0900-1140.,
143,대구,2006-10-21,20.1,17.2,416,24.6,1334,,,,,,,7,90,56,4.5,90,44,2.5,2160,110,13.7,44,1501,67,15.7,1017.2,1026.1,911,1022,1630,1023.9,11.1,5.4,1200,2.15,11.14,,,,,,6.4,5,21.8,14.6,,,,,,,,,,,,,,
143,대구,2006-10-22,17.2,15.2,656,19.6,1236,8.92,2,2009,6,1937,16,6.4,110,1657,4,110,1916,1.9,1642,90,14.7,67,1226,84.8,16.9,1008.9,1023,0,1010,2345,1015.7,11.1,.8,900,.83,3.83,,,,,,7.9,4.4,18,12.1,,,,,,,,,,,,,{비}1250-{비}{강도0}1500-{비}{강도0}1800-{비}{강도0}2100-2145. {박무}1430-{박무}{강도0}1500-{박무}{강도0}1800-{박무}{강도0}2100-{박무}{강도0}2400-,
143,대구,2006-10-23,16.3,14,2400,19,1500,.42,.5,945,.5,,.5,12.9,290,1230,7.4,290,1305,4,3456,290,8.6,42,1501,60.3,11.4,1006.4,1020.6,2358,1009,313,1013.2,11,3.3,1200,1.55,8.98,,,,,,6,5.6,16.4,10.5,,,,,,,,,,,,,-{박무}-{박무}{강도0}0300-0520. {비}0945-1010.,
143,대구,2006-10-24,15.1,11.7,543,20.1,1553,,,,,,,8.5,50,1057,5.5,90,1725,2.2,1901,270,5.7,34,1626,53.6,9.2,1017.9,1027,2044,1020.6,0,1024.7,11,6.6,1200,2.47,13.34,,,,,,2,2,14.8,7.4,,,,,,,,,,,,,,
143,대구,2006-10-25,15.3,9,711,21.2,1459,,,,,,,5.4,270,1422,3.3,290,1431,1.2,1037,50,7.7,41,1315,61.4,10.5,1017.5,1026.9,805,1022.2,1533,1024.4,11,6.9,1100,2.29,13.82,,,,,,3.9,3,15.6,5.5,,,,,,,,,,,,,,
143,대구,2006-10-26,16,12.6,651,19.6,1225,2.83,.1,,.2,,.2,6,140,1053,4,140,1654,2.1,1814,110,10.8,51,1218,70.8,13,1016.9,1024.6,809,1022.8,1324,1023.7,10.9,2.5,1000,1.48,7.18,,,,,,8.5,5,16.4,10.2,,,,,,,,,,,,,{비}1425-{비}{강도0}1500-1640. {비}1745-{비}{강도0}1800-1820.,
143,대구,2006-10-27,16.5,11.8,2339,21.2,1435,,,,,,,6.6,290,1110,4,320,1238,1.6,1382,290,8.8,38,1447,61,11.4,1015.9,1024.3,900,1020.8,1434,1022.7,10.9,7.6,1300,1.69,10.92,,,,,,3.4,3.4,17.1,7.5,,,,,,,,,,,,,,
143,대구,2006-10-28,15.1,8.6,727,22.8,1501,,,,,,,6.1,290,1454,4,270,1458,1.3,1123,50,4.9,20,1535,54.4,8.7,1012.8,1022.5,0,1016.7,1636,1019.6,10.9,9.3,1200,1.94,12.17,,,,,,1,0,14.8,4.4,,,,,,,,,,,,,,
143,대구,2006-10-29,16.4,12,650,22,1502,,,,,,,6.9,270,1502,4.3,270,1308,1.7,1469,270,8.3,39,1449,59,11,1013,1022.1,2346,1017.9,1453,1019.7,10.8,8.2,1200,1.68,10.46,,,,,,1,1,15.9,7.2,,,,,,,,,,,,,{박무}2330-{박무}{강도0}2400-,
143,대구,2006-10-30,14.8,9.7,620,22.1,1501,,,,,,,3.8,270,1526,2.5,50,23,1.1,950,50,7.1,28,1612,62,10.1,1015.1,1024.3,901,1019.9,1524,1021.9,10.8,8.2,1200,1.71,10.31,,,,,,.4,0,15.1,5.7,,,,,,,,,,,,,-{박무}-{박무}{강도0}0300-{박무}{강도0}0600-{박무}{강도0}0900-{박무}{강도0}1200-1310.,
143,대구,2006-10-31,14.6,8.4,642,22.5,1438,,,,,,,6.4,270,1401,3.4,270,1402,1.3,1123,50,4.6,22,1431,55,8.6,1012.8,1021.8,202,1016.9,1504,1019.6,10.8,8.5,1200,1.7,10.37,,,,,,0,0,14.2,3.9,,,,,,,,,,,,,{박무}0810-{박무}{강도0}0900-1030.,
143,대구,2006-11-01,15.3,9.6,738,20.7,1314,,,,,,,5.9,140,2312,3.8,140,2319,1,864,50,7.5,36,1533,60.4,10.4,1011.4,1020.7,814,1016.3,1659,1018.2,10.7,6.8,1100,1.38,8.35,,,,,,2.9,.4,14.6,5.8,,,,,,,,,,,,,{박무}0420-{박무}{강도0}0600-0610.,
143,대구,2006-11-02,14.8,10.9,619,19.9,1329,,,,,,,7.3,320,1401,4.3,290,1236,1.8,1555,290,6.5,33,1602,60,9.8,1009.9,1018.2,847,1014.8,1423,1016.7,10.7,6.6,1200,1.68,9.4,,,,,,3.1,1.6,14.9,5.2,,,,,,,,,,,,,{박무}0145-{박무}{강도0}0300-{박무}{강도0}0600-{박무}{강도0}0900-{박무}{강도0}1200-1215.,
143,대구,2006-11-03,14.3,8,708,21.1,1407,,,,,,,6.6,270,1203,3.8,270,1239,1.2,1037,50,6.3,38,1359,59.5,9.6,1010.5,1019.1,830,1015.8,1455,1017.3,10.7,8.3,1200,1.79,10.72,,,,,,.9,.3,14,2.9,,,,,,,,,,,,,{박무}0420-0520.,
143,대구,2006-11-04,14.7,10.3,530,20.8,1530,,,,,,,4,270,1406,2.5,290,1413,1,864,50,7.4,27,1457,63.1,10.3,1009.3,1018.2,843,1014.2,1549,1016.1,10.6,3.4,1100,1.55,7.3,,,,,,5.1,1.9,14.4,5.9,,,,,,,,,,,,,{연무}1130-{연무}{강도0}1200-{연무}{강도0}1500-1610.,
143,대구,2006-11-05,14.5,11.7,2354,19.8,1041,2.17,,,,,21,11.8,290,1058,6.6,290,1101,1.5,1296,290,9.2,43,2321,71.1,12,1005.6,1015.2,0,1009.5,1445,1012.3,10.6,4.1,1300,1.3,5.26,,,,,,4,2.3,14.1,7,,,,,,,,,,,,,{박무}0150-{박무}{강도0}0300-{박무}{강도0}0600-{박무}{강도0}0900-{박무}{강도0}1200-1330. {천둥}{강도0}(NW)1025-{뇌전}{강도0}(NW 3~4)1050-{뇌전}{강도1}(NW{이동}W 2~3)1115-{뇌전}{강도2}(W{이동}SW 1~2)1130-{뇌전}{강도1}(SW{이동}S 2~3)1145-{뇌전}{강도0}(S 4~6)1200-1220. {소나기}1020-{소나기}{강도0}1200-1230.,
143,대구,2006-11-06,9.3,6.1,611,12.8,1548,2.5,,,,,.2,15.1,270,1752,8.5,270,1810,2.7,2333,290,2.6,38,1805,62.6,7.4,1005.7,1015.1,0,1009.9,1549,1012.6,10.6,4.1,900,1.21,5.46,,,,,,4.8,3.8,10,4.3,,,,,,,,,,,,,{비}1120-{비}{강도0}1200-1240. {비}1350-1410. {비}2230-2320.,
143,대구,2006-11-07,6.1,1.7,552,11,1441,2.83,,,,,.5,18.8,270,1025,7.8,290,42,3.6,3110,290,-2,34,1442,57.6,5.3,1013.4,1022.5,2222,1012.7,3,1020.5,10.5,9.3,1100,1.91,11.76,,,,,,2.4,2,7.2,0,,,,,,,,,,,,,{비}0030-0130. {눈}0340-0530. {천둥}{강도0}(W)0035-0045.,
143,대구,2006-11-08,11.6,3,510,19.6,1514,,,,,,,7.5,290,2006,3,250,1542,1.2,1037,290,3.8,30,1454,60.3,8.2,1013.4,1023.5,823,1017.9,2049,1020.3,10.5,8.5,1200,1.72,11.04,,,,,,1.1,1,9.8,-.6,,,,,,,,,,,,,,
143,대구,2006-11-09,15.9,11.8,2351,23.5,1339,2.2,,,,,4,9.4,270,1305,5.3,270,1242,1.5,1296,270,10.8,40,1330,72.5,13,1011.7,1021.2,2322,1015.6,1435,1018.5,10.5,4.1,1200,1.67,7.69,,,,,,4.9,3.1,14.3,7,,,,,,,,,,,,,{소나기}1608-{소나기}{강도0}1800-1820. {천둥}{강도0}(NW)1610-{천둥}{강도0}(W)1618-{천둥}{강도0}(SW)1705-1758.,
143,대구,2006-11-10,12.9,7.1,726,18.1,1454,,,,,,,3.8,160,1502,2.6,110,1515,1.2,1037,50,3.2,18,1442,57.4,8,1013.7,1024.1,931,1016.3,2359,1020.5,10.4,5.5,1100,1.76,9.73,,,,,,4.9,1.3,12.1,4.3,,,,,,,,,,,,,{박무}0720-{시정(미만)}{1km}{낮은안개}0745-{시정(이상)}{1km}{박무}0840-{박무}{강도0}0900-0930.,.92
143,대구,2006-11-11,10.8,6.2,2337,15,1352,.55,,,,,0,9.4,290,1248,5.3,290,457,3,2592,290,-3.2,20,1945,38,5.1,1009.3,1020.1,2340,1014,324,1016.2,10.4,6.6,1100,1.73,9.57,,,,,,3.5,1.6,9.9,1.8,,,,,,,,,,,,,{비}0245-{비}{강도0}0300-0318.,
143,대구,2006-11-12,8,3.8,602,14,1507,,,,,,,8.3,270,1335,4.7,290,1325,2.3,1987,290,-7,14,1352,36.1,3.7,1013.6,1022.6,904,1019.1,1646,1020.5,10.4,8.9,1200,2.06,12.89,,,,,,0,0,6.3,-.2,,,,,,,,,,,,,,
143,대구,2006-11-13,8.4,2.5,456,13.3,1429,,,,,,,4.6,250,1215,3.2,270,1224,.9,778,50,.4,37,1315,57,6.4,1009.9,1020.1,835,1013.5,2354,1016.9,10.4,2,1000,.99,5.43,,,,,,6.5,1.9,7.8,-2.3,,,,,,,,,,,,,,
143,대구,2006-11-14,10,6.5,2334,12.7,1224,,,,,,,12.8,270,1456,6.9,290,1503,4.1,3542,290,-5.3,13,1316,36.1,4.5,1009.9,1020.6,2157,1012.7,109,1016.9,10.3,7.6,1100,2.04,11.65,,,,,,3.3,2.5,7.8,3.2,,,,,,,,,,,,,{채운}1020-1050.,
143,대구,2006-11-15,9.3,3.2,717,15.3,1334,,,,,,,12.4,270,1417,6.2,270,1318,2.5,2160,290,-1.5,32,1333,46.9,5.5,1011.3,1020.6,2359,1014.5,1532,1018.3,10.3,6.3,1100,1.84,8.47,,,,,,2.4,2.4,7.3,-1.3,,,,,,,,,,,,,{달무리}0510-0533.,
143,대구,2006-11-16,6.4,3,719,10.1,1514,,,,,,,9.3,290,259,5.7,290,307,3.1,2678,290,-8.7,14,1458,34.8,3.3,1016.7,1025.5,2220,1020.6,0,1023.8,10.3,3.5,1300,1.89,8.3,,,,,,4.6,3.1,5.4,-.5,,,,,,,,,,,,,,
143,대구,2006-11-17,7,1.4,713,13.6,1449,,,,,,,6.4,270,1233,4.3,270,1308,1.7,1469,50,-5.7,21,1203,42.3,4.1,1019.5,1027.9,852,1024.7,1538,1026.6,10.2,7.9,1200,1.89,11.2,,,,,,2.5,.3,5.3,-3.2,,,,,,,,,,,,,,
143,대구,2006-11-18,5.9,2.6,412,11,1450,,,,,,,3.9,90,122,3,110,237,1.3,1123,90,-1.2,40,1451,60.5,5.6,1018,1027.7,9,1023.2,1737,1025.1,10.2,1.2,1400,1.08,3.74,,,,,,5.3,1.6,5.7,.7,,,,,,,,,,,,,,
143,대구,2006-11-19,10,3.4,338,15.9,1405,,,,,,,4.1,270,1036,2.7,270,1045,1.1,950,50,3.4,43,1406,64.1,7.8,1012.7,1023.6,8,1016.8,1552,1019.7,10.2,4.6,1200,1.76,8.57,,,,,,6.8,4,8.9,0,,,,,,,,,,,,,{박무}0430-{박무}{강도0}0600-0715.,
143,대구,2006-11-20,11.6,6.7,2353,17.2,1357,,,,,,,6.7,290,1118,4.1,270,1125,1.9,1642,270,-1.2,18,1521,43.9,5.8,1011.5,1020.1,2139,1016.7,1601,1018.4,10.2,7.9,1200,1.75,10.29,,,,,,2.4,.5,9.6,2.5,,,,,,,,,,,,,,
143,대구,2006-11-21,9.8,2.3,654,16.6,1432,,,,,,,4.4,270,1330,2.8,270,1337,1.1,950,50,-.5,24,1318,50.4,5.9,1012.8,1021.3,833,1017.3,1430,1019.7,10.1,6.5,1100,1.44,8.36,,,,,,3,.8,7.5,-.6,,,,,,,,,,,,,{박무}0520-{박무}{강도0}0600-0620.,
143,대구,2006-11-22,9.9,5.9,629,13.6,1429,,,,,,,5.4,110,2031,3.5,110,2044,1,864,110,2.5,42,1949,59.8,7.3,1017.2,1026.3,1046,1020.8,0,1024.2,10.1,0,1200,.65,3.71,,,,,,8.5,4.8,8.4,2.2,,,,,,,,,,,,,{박무}0410-{박무}{강도0}0600-{박무}{강도0}0900-{박무}{강도0}1200-1315. {연무}1305-{연무}{강도0}1500-1630.,
143,대구,2006-11-23,9.7,7.9,2312,11.8,132,3.83,,,,,0,11.6,90,1126,7,90,1011,4.1,3542,90,3.1,55,0,62.3,7.6,1018.7,1028.6,2302,1023.9,539,1025.7,10.1,0,1200,.46,2.55,,,,,,8.8,6.1,9.2,6.1,,,,,,,,,,,,,{비}1430-{비}{강도0}1500-{비}{강도0}1800-1820.,
143,대구,2006-11-24,9.3,7.2,255,10.8,1444,1.33,,,,,0,9.7,90,1057,5,50,402,2.9,2506,70,.6,45,1446,54,6.4,1023,1031.1,957,1028.3,59,1030.1,10.1,0,1100,.37,1.86,,,,,,9.3,8,8.3,5.4,,,,,,,,,,,,,{비}0820-{비}{강도0}0900-0940.,
143,대구,2006-11-25,10.1,4.7,736,16.3,1405,,,,,,,7.4,90,1418,4.8,90,1423,2.2,1901,270,3.2,39,1407,62,7.7,1017.8,1029.3,0,1020.9,2357,1024.8,10,6.6,1300,1.73,9.72,,,,,,3.9,3.1,9,.7,,,,,,,,,,,,,,
143,대구,2006-11-26,10.5,8,247,12,1728,8,,,,,1,4.5,250,2123,2.7,270,2130,.9,778,90,8.4,74,0,85.8,11.1,1008.4,1020.9,0,1012.2,2355,1015.3,10,0,1000,.37,1.31,,,,,,9.8,6.1,10.3,3.6,,,,,,,,,,,,,{비}0820-{비}{강도0}0900-{비}{강도0}1200-{비}{강도0}1500-1530. {비}1840-1930. {박무}1230-{박무}{강도0}1500-{박무}{강도0}1800-{박무}{강도0}2100-{박무}{강도0}2400- ,
143,대구,2006-11-27,10.1,7.8,2355,11.7,759,18.67,,,,,8.5,5.5,290,1633,3.8,290,1642,1.6,1382,290,8.3,79,1511,86.9,11,1005.2,1016.2,2326,1009.3,1437,1012,10,0,1000,.1,.54,,,,,,9.8,7.1,10.7,6.2,,,,,,,,,,,,,{비}0230-{비}{강도0}0300-{비}{강도0}0600-{비}{강도0}0900-{비}{강도0}1200-{비}{강도0}1500-{비}{강도0}1800-2050. {비}2340-{비}{강도0}2400- -{박무}-{박무}{강도0}0300-{박무}{강도0}0600-{박무}{강도0}0900-{박무}{강도0}1200-{박무}{강도0}1500-{박무}{강도0}1800-2050.,
143,대구,2006-11-28,9,6.5,2355,13.2,1342,4.92,,,,,0,7.7,290,2352,4.7,320,2103,2.2,1901,290,4.2,56,2101,71.5,8.4,1010.7,1021.5,2314,1014.8,1354,1017.6,10,2.1,1200,1.41,5.8,,,,,,7,3.8,9.4,4.3,,,,,,,,,,,,,-{비}-{비}{강도0}0300-0320. {비}1520-1545. {비}1630-1740.,
143,대구,2006-11-29,6,4.3,2337,8.7,1305,,,,,,,8.6,290,40,5.3,290,44,2.9,2506,290,-6,23,1326,42.6,4,1016.4,1025.4,1012,1021.3,139,1023.5,10,3.6,1200,1.54,7.2,,,,,,5.6,1.8,5.7,2.6,,,,,,,,,,,,,{햇무리}1040-1210. {채운}1220-1235.,
143,대구,2006-11-30,5.2,.1,652,9.8,1431,,,,,,,7.5,290,1335,4.7,290,1320,1.8,1555,290,-4.5,32,0,50,4.5,1016.1,1025.2,154,1021.1,1609,1023.2,9.9,5.9,1100,1.6,8.4,,,,,,2.9,.5,4.1,-2.4,,,,,,,,,,,,,,
143,대구,2006-12-01,5.2,1.7,524,10.9,1434,,,,,,,7.5,270,1614,4.5,320,1645,1.6,1382,50,-1,34,1616,64.8,5.7,1012.3,1023,109,1016.7,1558,1019.3,9.9,3.2,1300,1.25,5.47,,,,,,4.5,2.5,5,-.6,,,,,,,,,,,,,{박무}0620-0730. {박무}0940-{박무}{강도0}1200-1310.,
143,대구,2006-12-02,2.7,-.9,2351,6,1235,,,,,,,15.8,290,1029,8.5,290,1036,4.5,3888,290,-7.7,27,1141,47.5,3.6,1015,1026.5,2332,1016.3,340,1022.1,9.9,7.4,1200,1.9,10.06,,,,,,3.6,3.6,2.8,-2.4,,,,,,,,,,,,,,
143,대구,2006-12-03,-.6,-3.4,712,3,1328,,,,,,,10.5,290,1523,6.6,290,1520,4.1,3542,290,-14.3,16,1437,37.9,2.1,1022,1031.5,2356,1026.4,0,1029.3,9.9,8.3,1200,1.85,10.97,,,,,,0,0,0,-5.2,,,,,,,,,,,,,,
143,대구,2006-12-04,1,-1.7,349,5.9,1439,,,,,,,9.9,290,1217,5.5,290,1050,2.6,2246,270,-12,16,1457,40.3,2.5,1024.1,1032.9,925,1030.3,1503,1031.4,9.9,7.7,1200,1.79,10.35,,,,,,.3,0,.4,-7.8,,,,,,,,,,,,,,
143,대구,2006-12-05,2.5,-2.5,517,8.9,1403,,,,,,,5.4,340,1444,3.2,340,1453,1.2,1037,50,-6.1,29,1223,54.3,4.1,1024.2,1032.5,232,1029.5,1421,1031.4,9.9,3.5,1200,1.47,6.61,,,,,,5.4,1.4,1.3,-6.8,,,,,,,,,,,,,,
143,대구,2006-12-06,3.7,-1.7,717,9.6,1551,,,,,,,4,250,1249,2.8,270,1251,1.2,1037,50,-2,40,1414,67.5,5.3,1023.9,1035.3,803,1028.8,2349,1031.1,9.8,6.4,1100,1.46,8.57,,,,,,2.6,.8,2.1,-7.2,,,,,,,,,,,,,{박무}0420-{박무}{강도0}0600-{박무}{강도0}0900-{박무}{강도0}1200-1315. {연무}1305-{연무}{강도0}1500-{연무}{강도0}1800-1830. {박무}1820-{박무}{강도0}2100-{박무}{강도0}2400-,
143,대구,2006-12-07,5.3,3.4,245,6.6,1417,9.5,,,,,2,2.9,270,1312,1.9,270,655,.9,778,270,2.3,68,28,79.6,7.2,1018.1,1029,11,1023.3,1415,1025.3,9.8,0,1100,.17,.72,,,,,,10,6.1,5.1,2.1,,,,,,,,,,,,,-{박무}-{박무}{강도0}0300-0340. {박무}0430-{박무}{강도0}0600-{박무}{강도0}0900-{박무}{강도0}1200-{박무}{강도0}1500-{박무}{강도0}1800-{박무}{강도0}2100-{박무}{강도0}2400- {비}0540-{비}{강도0}0600-0620. {비}1420-{비}{강도0}1500-1730. {비}1820-{비}{강도0}2100-{비}{강도0}2400- ,
143,대구,2006-12-08,6.7,5.8,403,8.2,1136,14.67,,,,,4,7.6,90,1340,5.2,110,1936,2,1728,110,4.3,68,1133,83,8.3,1018.9,1027.6,905,1024.4,46,1025.9,9.8,0,1100,.18,.62,,,,,,10,7.3,6,5.3,,,,,,,,,,,,,-{박무}-{박무}{강도0}0300-{박무}{강도1}0600-0830. {박무}1440-{박무}{강도0}1500-{박무}{강도0}1800-{박무}{강도0}2100-{박무}{강도0}2400- -{비}-{비}{강도0}0300-{비}{강도0}0600-0730. {비}1550-{비}{강도0}1800-1840. {비}1940-{비}{강도0}2100-{비}{강도0}2400- ,
143,대구,2006-12-09,6,2.8,2355,9,1353,10.17,,,,,1.5,8.7,320,1408,5.4,290,1334,2.6,2246,290,1.3,50,2009,72.3,7,1015.8,1025.5,2353,1020.6,1401,1022.9,9.8,1.2,1300,.77,3.5,,,,,,6.5,5.5,5.4,.9,,,,,,,,,,,,,-{비}-0040. {비}0150-{비}{강도0}0300-{비}{강도0}0600-{비}{강도0}0900-1120. -{박무}-{박무}{강도0}0300-{박무}{강도0}0600-{박무}{강도0}0900-{박무}{강도0}1200-1250.,
143,대구,2006-12-10,3.6,.5,722,8.1,1422,,,,,,,6.7,270,2153,4.2,290,1201,2.8,2419,290,-9.2,22,1443,40.4,3.1,1019.6,1028.7,2237,1024.9,1519,1026.7,9.8,7.3,1200,1.78,10.09,,,,,,2,.6,1.4,-1.7,,,,,,,,,,,,,,
143,대구,2006-12-11,3.6,-2,531,9.2,1415,,,,,,,4.9,290,28,3,270,16,1,864,50,-5.9,31,1453,50.9,4,1019.7,1029.6,822,1024.5,2242,1026.9,9.8,7.2,1200,1.57,8.52,,,,,,4,1.3,2.7,-5.8,,,,,,,,,,,,,,
143,대구,2006-12-12,6.6,1.5,659,13.1,1435,,,,,,,5.9,290,1442,3.7,290,1451,1.2,1037,50,-1.9,33,1253,55.9,5.4,1018,1026.9,954,1023.5,1429,1025,9.8,7.1,1200,1.54,8.74,,,,,,.9,.1,3.8,-4,,,,,,,,,,,,,,
143,대구,2006-12-13,7,3.3,206,11,1519,,,,,,,5.9,270,1456,3.4,270,1457,1.3,1123,270,1.3,43,1512,66.5,6.7,1015.5,1025.4,3,1020.7,1427,1022.6,9.8,2.4,1200,1.14,4.56,,,,,,6.9,3.4,4.8,-1.5,,,,,,,,,,,,,{박무}0730-{박무}{강도0}0900-{박무}{강도0}1200-1330. {박무}2330-{박무}{강도0}2400-,
143,대구,2006-12-14,6.2,3.8,2355,9.1,1235,,,,,,,6.3,320,1532,4.3,290,1454,1.6,1382,290,-.9,39,1336,61,5.8,1013.7,1023,947,1018.6,1416,1020.8,9.8,0,1200,.83,3.61,,,,,,7.3,3.5,4.5,-2.1,,,,,,,,,,,,,-{박무}-{박무}{강도0}0300-{박무}{강도0}0600-{박무}{강도0}0900-{박무}{강도0}1200-1340. {햇무리}1510-1525.,
143,대구,2006-12-15,5.6,.1,706,11.3,1449,,,,,,,6.2,270,1515,3.9,290,1524,1.2,1037,270,-2,34,1412,58.9,5.3,1014.9,1023.5,947,1020.1,1650,1022,9.8,6.2,1200,1.45,7.66,,,,,,1.9,1.4,3.1,-4.3,,,,,,,,,,,,,{박무}0420-{박무}{강도0}0600-0640. {박무}0940-1030.,
143,대구,2006-12-16,4.3,1.9,711,8.3,1313,.22,,,,,0,7,290,1415,4.6,290,1423,1.6,1382,290,-.8,60,1314,68.6,5.8,1013.2,1022.8,2,1018.3,1332,1020.3,9.7,0,1200,.56,2.77,,,,,,5.1,2.4,3,-3.8,,,,,,,,,,,,,{박무}0410-{박무}{강도0}0600-{박무}{강도0}0900-{박무}{강도0}1200-{박무}{강도0}1500-{박무}{강도0}1800-{박무}{강도0}2100-{박무}{강도0}2400- {비}1552-1605.,
143,대구,2006-12-17,1.8,-.1,204,5,1346,2.07,,,,,0,12.1,290,1734,6.9,290,1734,3.2,2765,270,-5.7,43,1343,56.9,4,1013.9,1028.5,2345,1017.3,603,1021.1,9.7,1.5,1100,1.19,4.8,,,,,,5.3,3.9,1.1,-4.2,,,,,,,,,,,,,-{박무}-{박무}{강도0}0300-{박무}{강도0}0600-0620. {싸락눈}0610-0650. {눈}1430-1439. {눈}1515-1630. ,
143,대구,2006-12-18,1.5,-1.5,729,5.6,1334,,,,,,,8.4,290,1051,5,290,1133,2.7,2333,290,-11.1,20,1425,41.9,2.7,1025.4,1035.4,2326,1028.4,1,1032.6,9.7,7,1200,1.6,8.83,,,,,,2.1,.3,-.4,-5.6,,,,,,,,,,,,,,
143,대구,2006-12-19,1.7,-3.6,802,7.6,1514,,,,,,,3.9,270,100,2.7,270,108,1.2,1037,50,-10.4,17,1532,42.9,2.8,1028.6,1037.8,911,1034.3,1405,1035.9,9.7,6.1,1200,1.43,7.88,,,,,,1.9,.5,-1.1,-7.2,,,,,,,,,,,,,,
143,대구,2006-12-20,3.1,-3.2,705,10.1,1532,,,,,,,3,70,300,2,90,304,1,864,50,-8,17,1437,47.3,3.4,1025.7,1036.4,0,1029.9,2351,1032.9,9.7,6.2,1100,1.29,7.77,,,,,,3.9,.3,1.3,-6.3,,,,,,,,,,,,,{햇무리}1210-1410. {햇무리}1550-1630.,
143,대구,2006-12-21,4.7,0,636,11.3,1427,,,,,,,5.1,250,1557,3,270,1511,1.3,1123,270,-4.5,29,1536,52.3,4.4,1020.3,1029.9,0,1025.4,1426,1027.5,9.7,6.9,1200,1.5,8.31,,,,,,1,.1,2,-5.4,,,,,,,,,,,,,,
143,대구,2006-12-22,4,-1.1,732,9.7,1337,,,,,,,8.4,320,1354,5.1,290,1359,1.8,1555,270,-3.7,39,1339,57.8,4.7,1018.3,1027.1,905,1023.5,1447,1025.4,9.7,5.3,1200,1.4,7.38,,,,,,.6,.6,.4,-5.2,,,,,,,,,,,,,{박무}1750-{박무}{강도0}1800-{박무}{강도0}2100-{박무}{강도0}2400-,
143,대구,2006-12-23,5.5,1.2,736,10.7,1453,,,,,,,9.4,290,1307,5.4,290,1542,2.4,2074,270,-3.2,32,1305,54.8,4.9,1017.7,1026.1,835,1022.6,1431,1024.8,9.7,7.4,1200,1.63,9.09,,,,,,.5,0,.8,-4.9,,,,,,,,,,,,,-{박무}-{박무}{강도0}0300-{박무}{강도0}0600-0830.,
143,대구,2006-12-24,3.9,-1,747,9.5,1539,,,,,,,4.1,270,1425,3.2,270,1431,1,864,50,-2.6,39,1424,62.9,5.1,1019.4,1028.6,931,1025.2,1337,1026.6,9.7,3.2,1200,1.18,6.44,,,,,,3.5,0,-2.3,-5.5,,,,,,,,,,,,,{햇무리}1240-1310. {햇무리}1450-1515.,
143,대구,2006-12-25,6.7,.3,731,15.1,1521,,,,,,,6.1,110,1818,4,110,1820,1.3,1123,50,1,42,1514,67.3,6.6,1018.7,1028.3,909,1023.3,1527,1025.8,9.7,7.1,1200,1.49,8.35,,,,,,2.8,.5,-.1,-6,,,,,,,,,,,,,,
143,대구,2006-12-26,7.7,1.9,715,14.6,1417,,,,,,,3.7,290,1650,2.4,270,1645,1,864,270,3.3,52,1327,73.5,7.8,1011.8,1024.3,0,1015.5,2355,1018.8,9.7,7.1,1200,1.45,7.97,,,,,,.6,.4,2.5,-2.4,,,,,,,,,,,,,{박무}0225-{박무}{강도0}0300-{박무}{강도0}0600-0730.,
143,대구,2006-12-27,6.3,1.1,2354,10.2,1256,,,,,,,10.8,320,2203,6.4,290,2220,3.6,3110,290,-2.7,39,1157,52.6,5.2,1008.1,1017.5,2301,1013.2,1347,1015.1,9.7,4.7,1200,1.38,6.99,,,,,,1.3,.6,1.1,-1.1,,,,,,,,,,,,,,
143,대구,2006-12-28,-2.7,-7.7,2358,1.2,8,,,,,,,20.6,290,1450,9.2,290,1712,6.1,5270,290,-16.4,22,1432,36,1.8,1014.9,1027.6,2400,1017.3,3,1022.3,9.7,7.8,1200,1.63,9.62,,,,,,2.1,1.9,-.2,-9.5,,,,,,,,,,,,,,
143,대구,2006-12-29,-4,-9.4,712,2.3,1525,,,,,,,8.6,270,1113,5.2,290,1139,3.4,2938,290,-21.8,13,1403,26.9,1.1,1023.5,1032.6,2234,1027.6,0,1030.9,9.8,7.9,1200,1.76,10.16,,,,,,0,0,-2.9,-11.8,,,,,,,,,,,,,,
143,대구,2006-12-30,.4,-4.5,545,5,1500,,,,,,,5.7,290,122,3.9,270,714,1.9,1642,270,-19.1,11,1335,23.3,1.4,1025.5,1034.8,926,1031.1,1411,1032.9,9.8,6.4,1200,1.71,9.18,,,,,,3.6,1.4,-.9,-8.5,,,,,,,,,,,,,,
143,대구,2006-12-31,2.9,-2.1,759,9.6,1506,,,,,,,4.2,290,1625,2.8,270,1554,1,864,50,-12.6,16,1230,32.4,2.4,1024.8,1034.8,949,1029.6,1443,1032,9.8,7.9,1200,1.63,9.21,,,,,,2.1,0,.6,-7.3,,,,,,,,,,,,,,
143,대구,2007-01-01,4.9,-.2,137,9.3,1441,,,,,,,4.5,270,1549,3,270,1530,1.2,1037,20,-8.2,25,1242,38.6,3.3,1019.7,1030.8,1,1024.4,2030,1026.8,9.8,3.3,1200,1.36,6.21,,,,,,6.8,3.8,2.7,-4.4,,,,,,,,,,,,,,
143,대구,2007-01-02,7.2,3.3,507,13,1428,,,,,,,4.6,290,1620,3.1,110,2042,1.1,950,50,-3.3,31,1240,47.8,4.8,1016.4,1025.3,0,1021.1,1413,1023.5,9.8,6.3,1200,1.5,7.81,,,,,,5,3.8,4.9,-1.2,,,,,,,,,,,,,,
143,대구,2007-01-03,6.9,3.9,104,9.4,1459,,,,,,,8.6,110,1444,5.1,110,1432,2.3,1987,140,.7,52,1153,64.3,6.4,1019.8,1028.1,2019,1024.3,0,1026.8,9.8,0,1300,.65,3.18,,,,,,7.5,4.3,5.8,-.7,,,,,,,,,,,,,{달무리}2220-2255.,
143,대구,2007-01-04,5.2,1.2,811,10.6,1236,,,,,,,8.2,110,1622,5.2,110,1607,1.9,1642,50,0,47,1237,68.5,6.1,1020.9,1028.9,1831,1026.6,144,1028,9.8,3.3,1200,1.64,6.82,,,,,,6.3,4.8,3.1,-2.9,,,,,,,,,,,,,,
143,대구,2007-01-05,5.3,.9,700,10.8,1450,,,,,,,4.4,90,1041,3.1,90,1049,.9,778,50,-1.3,33,1524,63,5.5,1017.5,1029.4,859,1019.1,2352,1024.6,9.8,3,1200,1.33,6.34,,,,,,5.4,2.5,2.6,-5.2,,,,,,,,,,,,,,
143,대구,2007-01-06,2.8,-.3,1932,6.7,1230,.92,,,,,0,16.1,270,2054,9.1,270,2150,4.3,3715,290,-7.3,31,1455,48.3,3.7,1006,1019.2,0,1009.7,1428,1013.1,9.8,1.6,1400,.8,4.14,,,,,,5.5,5,.3,-2.9,,,,,,,,,,,,,{비}0640-0655. {눈}1850-1930.,
143,대구,2007-01-07,1,-1.8,754,4.6,1346,,,,,,,17,290,134,10.4,290,143,5,4320,290,-9.2,31,1512,46.8,3.1,1012.5,1022,2235,1012,0,1019.7,9.9,6.7,1200,1.59,8.6,,,,,,2.4,1.8,-1.1,-4,,,,,,,,,,,,,,
143,대구,2007-01-08,1.6,-.9,2356,5.2,1417,,,,,,,12.8,290,1400,7,270,1214,4.4,3802,290,-10.4,27,1422,41.1,2.8,1018.3,1028.8,2122,1021,27,1025.5,9.9,8.1,1200,1.78,10.31,,,,,,1.5,1.5,-.6,-5.4,,,,,,,,,,,,,,
143,대구,2007-01-09,1.7,-1.9,700,7,1420,,,,,,,6.6,270,1442,4.1,270,1343,2.3,1987,290,-10,19,1416,43.5,2.9,1021.1,1030.8,859,1025.3,1458,1028.3,9.9,7.9,1200,1.76,10.38,,,,,,1.4,.8,0,-6.2,,,,,,,,,,,,,,
143,대구,2007-01-10,2.3,-1.2,355,6.9,1425,,,,,,,8.3,320,1139,5.1,290,1140,2.6,2246,270,-7.5,29,1347,49.1,3.5,1023,1031.7,2340,1028.1,0,1030.2,9.9,7.7,1200,1.73,9.52,,,,,,1.1,.5,.6,-7,,,,,,,,,,,,,,
143,대구,2007-01-11,1.4,-3.6,726,6.1,1244,,,,,,,7,250,1220,4.3,270,1228,1.8,1555,290,-9.9,25,1458,45.5,2.9,1023.9,1033.4,1004,1029.1,1529,1031.2,9.9,4.5,1200,1.66,7.77,,,,,,1.9,0,-.8,-9.1,,,,,,,,,,,,,,
143,대구,2007-01-12,1,-1.9,2357,5.3,1400,,,,,,,11.2,320,1516,7,290,1311,3.3,2851,290,-11.5,21,2003,40.4,2.6,1020.7,1030.5,0,1025.2,1457,1028,9.9,3.8,1200,1.64,7.1,,,,,,4.5,1.3,-.1,-6.9,,,,,,,,,,,,,,
143,대구,2007-01-13,-1.1,-3.8,645,3.6,1514,,,,,,,8.4,270,1233,5.3,270,1244,3,2592,290,-13.5,24,1530,40.1,2.2,1020.7,1029.6,938,1025.2,1448,1028,9.9,6.6,1300,1.75,9.72,,,,,,2.6,.4,-1.3,-7.9,,,,,,,,,,,,,,
143,대구,2007-01-14,.7,-3.9,357,6.6,1526,,,,,,,10,290,1409,6.2,320,1406,3,2592,290,-15.7,15,1603,29.9,1.9,1022.4,1031.5,924,1027.8,1616,1029.7,10,8.4,1200,1.83,10.87,,,,,,0,0,-1.5,-8.3,,,,,,,,,,,,,,
143,대구,2007-01-15,2,-3.9,547,9.1,1535,,,,,,,4.8,290,1300,3.2,270,1221,1.3,1123,50,-14.9,11,1549,30.6,2,1020.2,1029.8,221,1024.9,1555,1027.4,10,7.3,1200,1.6,8.7,,,,,,3.6,2.1,-.9,-8.5,,,,,,,,,,,,,,
143,대구,2007-01-16,5,1.8,208,7.8,1437,,,,,,,5.4,290,2158,3.8,290,2158,1.5,1296,270,-10.9,21,1647,30.5,2.7,1016.7,1025.6,0,1021.8,1715,1023.8,10,0,1100,.78,3.09,,,,,,9.8,8.3,2.1,-1.5,,,,,,,,,,,,,,
143,대구,2007-01-17,5.1,2.6,738,9.1,1533,,,,,,,7.3,320,1014,5.2,290,1351,3,2592,290,-6.4,25,1528,43.4,3.8,1015.8,1024.7,932,1021.1,1457,1022.9,10,3.8,1200,1.48,7.3,,,,,,5.3,1.8,1.6,-3,,,,,,,,,,,,,{박무}0715-{박무}{강도0}0900-1030.,
143,대구,2007-01-18,4.5,1.7,2345,9.2,1428,,,,,,,11.4,320,1339,6.5,290,1239,3.1,2678,290,-9.7,16,1414,36.6,3.1,1018.3,1029.4,2347,1023.4,554,1025.4,10.1,6.6,1200,1.79,9.63,,,,,,2,1.9,-1.6,-6.7,,,,,,,,,,,,,{박무}0640-{박무}{강도0}0900-1050.,
143,대구,2007-01-19,2.1,-4.6,733,8.8,1415,,,,,,,4.7,270,1530,2.8,270,137,1.3,1123,50,-14.1,10,1725,33.5,2.2,1021.3,1030.7,954,1026,1526,1028.5,10.1,7.2,1200,1.82,10.17,,,,,,3.3,.6,.9,-9.3,,,,,,,,,,,,,,
143,대구,2007-01-20,4.5,.3,405,8.1,1501,,,,,,,3.8,90,1633,2.5,140,1915,1.3,1123,50,-8.3,22,1257,40.1,3.5,1020.5,1029.1,2330,1026.1,1458,1027.7,10.1,1.4,1400,.89,3.71,,,,,,7.1,4.9,3.6,-2.8,,,,,,,,,,,,,,
143,대구,2007-01-21,5.8,1.3,804,11.7,1513,,,,,,,3.9,160,1353,2.2,160,1402,1,864,270,-3.7,36,1133,50.8,4.7,1020,1029.7,926,1024.6,1514,1027.1,10.1,5.7,1100,1.47,7.89,,,,,,2.9,1.9,4.6,-4.9,,,,,,,,,,,,,,
143,대구,2007-01-22,4.5,.3,441,9.1,1539,,,,,,,8.6,290,1025,5.4,290,1028,2,1728,290,-5.4,30,1444,50,4.1,1020.4,1030.4,2256,1025.1,415,1027.5,10.1,6.6,1200,1.64,9.15,,,,,,2.4,1.6,3.1,-6.8,,,,,,,,,,,,,{박무}0145-{박무}{강도0}0300-{박무}{강도0}0600-0630. {연무}1230-{연무}{강도0}1500-1630.,
143,대구,2007-01-23,4,-1,708,9.7,1450,,,,,,,4.5,270,1457,2.9,270,1459,1.2,1037,50,-7.6,18,1709,45.9,3.6,1019.6,1029.9,840,1024.1,2354,1026.8,10.2,1.3,1300,1.14,6.61,,,,,,6,0,2.8,-6.3,,,,,,,,,,,,,{박무}0440-{박무}{강도0}0600-{박무}{강도0}0900-{박무}{강도0}1200-1240. {연무}1230-1340.,
143,대구,2007-01-24,5.9,1.4,756,11,1456,,,,,,,6.9,250,1417,4.2,290,1357,2.1,1814,270,-10,12,1424,33.1,3,1017.1,1025.9,2312,1022.3,1441,1024.2,10.2,7,1200,1.78,10.54,,,,,,2.6,0,4.1,-4.8,,,,,,,,,,,,,{박무}0740-{박무}{강도0}0900-0920.,
143,대구,2007-01-25,3.9,-1.7,724,9.6,1532,,,,,,,6.1,320,1649,3.9,290,1343,1.8,1555,290,-8.3,18,1612,42.9,3.3,1017.6,1027,831,1022.8,1551,1024.7,10.2,6.5,1200,1.68,9.65,,,,,,.9,0,2.4,-8,,,,,,,,,,,,,{햇무리}1250-1310.,
143,대구,2007-01-26,2.3,-1.9,600,6,1248,.17,,,,,0,7.8,270,1657,4.9,270,1718,2.1,1814,290,-5.3,38,1252,57.6,4.2,1012.1,1023.2,0,1015.3,1419,1019.3,10.3,.7,1200,1.16,4.59,,,,,,6,2.5,1.3,-8.9,,,,,,,,,,,,,{비}1505-1515. {박무}2030-{박무}{강도0}2100-{박무}{강도0}2400-,
143,대구,2007-01-27,3,1.1,1056,6.5,1404,1.5,,,,,0,9.4,320,1410,5.4,290,1430,2.7,2333,270,-3.7,36,1538,61.3,4.7,1015.9,1025.6,2242,1020.9,30,1023.1,10.3,2.8,1200,1.3,6.27,,,,,,5,3.5,2.5,-4.5,,,,,,,,,,,,,-{박무}-{박무}{강도0}0300-{박무}{강도0}0600-{박무}{강도0}0900-{박무}{강도0}1200-1240. {눈}0920-0950. {눈}1035-1120. {눈}1250-1305.,
143,대구,2007-01-28,1.8,-1.2,746,6.5,1445,,,,,,,15.6,290,1203,5.2,270,1343,2.5,2160,290,-6,36,1446,57.4,3.9,1016.9,1025.6,0,1021.9,1441,1024.1,10.3,4.1,1100,1.66,8.28,,,,,,2.1,2.1,.5,-8.1,,,,,,,,,,,,,,
143,대구,2007-01-29,3,-1.6,734,9,1541,,,,,,,6.8,270,1733,3.6,270,1058,1.8,1555,270,-7.4,27,1420,47.8,3.5,1017.7,1026.9,1004,1022.9,1502,1024.8,10.3,8.3,1200,1.91,11.13,,,,,,0,0,.4,-7.2,,,,,,,,,,,,,,
143,대구,2007-01-30,1.9,-2.2,727,8,1206,.5,,,,,0,12.3,270,1922,7,290,1930,2.8,2419,290,-7.6,23,1817,50.9,3.6,1015.6,1025.4,2329,1019.8,1551,1022.8,10.4,5.4,1100,1.39,7.17,,,,,,1.4,1,1.4,-8.9,,,,,,,,,,,,,{비}1320-1350.,
143,대구,2007-01-31,1.1,-2.4,730,5.7,1535,,,,,,,11.2,290,1240,6.6,290,1323,4.2,3629,290,-11.7,19,1426,40.1,2.6,1018,1028.1,911,1023.5,2334,1025.2,10.4,8,1200,2.04,11.99,,,,,,1.9,1.1,1.7,-6,,,,,,,,,,,,,{채운}0810-0850.,
143,대구,2007-02-01,-.8,-3.9,719,2.7,1411,,,,,,,10.3,270,1428,6.2,290,1439,4.2,3629,290,-13.7,23,1436,38.8,2.2,1015.3,1023.9,2200,1020.8,1410,1022.6,10.4,8.1,1200,1.81,10.77,,,,,,.1,0,.6,-7.4,,,,,,,,,,,,,,
143,대구,2007-02-02,-1,-5.1,733,3.6,1547,,,,,,,9.6,290,325,5.7,290,325,3.3,2851,290,-15.2,19,1444,35.6,1.9,1017.7,1026.4,1057,1023.4,41,1025,10.5,9.1,1200,2.12,13.31,,,,,,0,0,.3,-10.1,,,,,,,,,,,,,,
143,대구,2007-02-03,3.2,-4.1,733,10.3,1609,,,,,,,12.7,290,1736,7.2,290,1651,3.3,2851,270,-8.4,25,1612,43.8,3.4,1013.9,1025.3,0,1016.5,1550,1021.1,10.5,8.5,1200,1.98,11.99,,,,,,.5,.5,2.4,-9.2,,,,,,,,,,,,,,
143,대구,2007-02-04,6,0,710,13.1,1528,,,,,,,7.5,320,22,4.1,290,30,1.8,1555,270,-9.2,16,1530,34.1,3.1,1016.8,1026.6,1005,1021.9,0,1023.9,10.5,8.8,1200,2.04,12.41,,,,,,0,0,4.2,-7.2,,,,,,,,,,,,,,
143,대구,2007-02-05,6.3,0,527,14.3,1521,,,,,,,5.8,270,1345,3.7,270,1310,1.3,1123,270,-7.3,14,1557,39.9,3.6,1014.5,1023.8,813,1019,1510,1021.6,10.6,7.2,1200,2.02,11.11,,,,,,2.8,.1,4,-8.3,,,,,,,,,,,,,,
143,대구,2007-02-06,8.9,2.2,715,16.9,1557,,,,,,,4,270,1312,2.3,270,1400,1,864,270,-2.2,27,1600,46.4,5.2,1015.5,1024.2,946,1020.8,1446,1022.6,10.6,5.6,1200,1.63,9.61,,,,,,1.3,.6,6,-4.8,,,,,,,,,,,,,{박무}0620-{박무}{강도0}0900-1040. {연무}1030-{연무}{강도0}1200-1250.,
143,대구,2007-02-07,9.4,3,649,18.1,1506,,,,,,,7.9,110,1730,5.1,140,1658,1.9,1642,140,1.6,12,1418,61.6,7.1,1018.7,1027.6,944,1023.6,1549,1025.7,10.6,7.4,1300,2.04,11.53,,,,,,1.3,1.3,8.4,-2.4,,,,,,,,,,,,,{박무}0420-{박무}{강도0}0600-{박무}{강도0}0900-{박무}{강도0}1200-1240. {박무}1715-{박무}{강도0}1800-{박무}{강도0}2100-{박무}{강도0}2400-,
143,대구,2007-02-08,8.4,7.2,811,9.1,0,15.17,,,,,9.5,5.6,140,1224,4,140,1225,1.8,1555,110,6.9,73,0,88.6,10,1013.1,1026,0,1016.6,1657,1020.1,10.6,0,1100,.18,.39,,,,,,10,7.6,8.1,4.5,,,,,,,,,,,,,-{박무}-{박무}{강도0}0300-{박무}{강도1}0600-{박무}{강도1}0900-{박무}{강도0}1200-{박무}{강도1}1500-{박무}{강도0}1800-{박무}{강도0}2100-{박무}{강도1}2400- {비}0340-{비}{강도0}0600-{비}{강도0}0900-{비}{강도0}1200-{비}{강도0}1500-1640. {비}1730-{비}{강도0}1800-1940.,
143,대구,2007-02-09,8,5.7,2359,10.8,1442,,,,,,,10.4,320,1718,6,290,1935,2.7,2333,290,3.4,51,1617,72.8,8,1008,1017.3,0,1012.2,1538,1014.9,10.7,1.2,1400,1.11,4.1,,,,,,8.5,5.9,8,4.7,,,,,,,,,,,,,-{박무}-{박무}{강도1}0300-{박무}{강도2}0600-{시정(미만)}{1km}{안개}0620-{시정(미만)}{0.5km}{안개}0710-{안개}{강도1}0900-{시정(이상)}{0.5km}{안개}0940-{시정(이상)}{1km}{박무}1030-{박무}{강도0}1200-1430.,4.17
143,대구,2007-02-10,5.8,2.2,2356,11.3,1350,.5,,,,,0,12.9,290,1937,7,290,1937,3.4,2938,290,-3.5,27,1906,51.1,4.8,1007.3,1018,2341,1010,1410,1014.3,10.7,5.1,1200,1.85,8.98,,,,,,3.8,3.8,4.8,-1.6,,,,,,,,,,,,,{박무}0815-{박무}{강도0}0900-1015. {박무}1440-{박무}{강도0}1500-1640. {비}1420-1450. {박무}2330-{박무}{강도0}2400-,
143,대구,2007-02-11,4.4,.4,705,10.4,1540,,,,,,,8.3,270,1157,5.2,290,1159,2.9,2506,290,-8.9,18,1503,39.5,3.2,1012.5,1021.4,916,1017.7,3,1019.6,10.7,8.8,1200,2.23,13.96,,,,,,0,0,3.5,-4.7,,,,,,,,,,,,,-{박무}-{박무}{강도0}0300-0340.,
143,대구,2007-02-12,4.9,.8,655,10.6,1503,,,,,,,6,270,34,3.9,270,43,2.1,1814,270,-8,22,1519,39.4,3.4,1014.6,1023.1,1005,1020,1614,1021.7,10.8,8.6,1200,2.16,13.41,,,,,,.4,0,4.2,-3.4,,,,,,,,,,,,,,
143,대구,2007-02-13,5.4,-.5,710,11.1,1508,6.92,,,,,14,4.6,110,2023,2.8,90,815,1.3,1123,50,-1.2,31,1332,64.4,6,1010.9,1023.9,956,1006.8,2355,1018,10.8,2.8,1000,1.23,6.14,,,,,,6.8,2.9,4.1,-3.9,,,,,,,,,,,,,{비}1705-{비}{강도0}1800-{비}{강도0}2100-{비}{강도0}2400-,
143,대구,2007-02-14,4.8,-.3,2333,9.2,1056,4.33,,,,,3,14.9,320,1502,9.1,290,1621,5.1,4406,290,-5.1,23,1351,52.8,4.9,1004.9,1019,2324,1006.5,10,1012,10.8,6,1300,2.23,10.89,,,,,,4,2.6,6.2,-2.8,,,,,,,,,,,,,-{비}-{비}{강도0}0300-0420. {박무}0410-{박무}{강도0}0600-0630. {박무}0840-{박무}{강도0}0900-1140.,
143,대구,2007-02-15,2.7,-1.9,701,7.9,1536,,,,,,,12.4,290,1,7.2,290,1501,4.4,3802,290,-13.3,17,1251,31.1,2.3,1014.4,1022.8,915,1018.8,1,1021.5,10.9,9.4,1200,2.37,15.28,,,,,,0,0,2.4,-4.8,,,,,,,,,,,,,,
143,대구,2007-02-16,5,-2.3,738,11.6,1558,,,,,,,6.3,90,2018,4,90,1824,1.8,1555,90,-6.9,22,1523,43.5,3.8,1015.9,1025.4,1041,1021.2,1620,1023,10.9,8.7,1400,1.84,12.3,,,,,,3.8,1.6,4,-6.6,,,,,,,,,,,,,,
143,대구,2007-02-17,5.7,4.1,245,7.1,1432,7.42,,,,,3.5,4.1,110,20,2.6,50,658,1.2,1037,290,2.7,61,1,79.6,7.5,1010.3,1022.9,25,1013.3,2348,1017.3,11,0,1100,.28,1.61,,,,,,9.8,6.9,4.4,1.3,,,,,,,,,,,,,{비}0640-0720. {비}0825-{비}{강도0}0900-1020. {비}1150-{비}{강도0}1200-{비}{강도0}1500-1640. {박무}1030-{박무}{강도0}1200-{박무}{강도0}1500-1650. {박무}2320-{박무}{강도0}2400-,
143,대구,2007-02-18,7,2.2,612,13.4,1457,,,,,,,6.7,140,1924,4.2,140,1958,1.5,1296,50,1.9,34,1623,71.6,7,1007.4,1015.9,2357,1012.6,1542,1014.3,11,6.5,1200,2.18,12.15,,,,,,5.1,4.3,5.7,-.3,,,,,,,,,,,,,-{박무}-{박무}{강도0}0300-{시정(미만)}{1km}{안개}0335-{시정(미만)}{0.5km}{안개}0350-{시정(미만)}{0.2km}{안개}0425-{안개}{강도2}0600-{시정(이상)}{0.2km}{안개}0815-{시정(이상)}{0.5km}{안개}0845-{안개}{강도0}0900-{시정(이상)}{1km}{박무}1040-{박무}{강도1}1200-1230.,7.08
143,대구,2007-02-19,8.2,3,727,14.2,1545,,,,,,,6,270,1359,3.2,270,1401,1.3,1123,20,-1.4,13,1646,55.4,5.8,1010.1,1018.5,854,1015.3,1506,1017.1,11,9.2,1200,2.23,14.43,,,,,,.9,.8,4.1,-2.1,,,,,,,,,,,,,{박무}0520-{박무}{강도0}0600-0750.,
143,대구,2007-02-20,8.3,2.1,740,15.5,1502,,,,,,,5.2,290,1617,3.7,290,1625,1.1,950,50,-3.6,13,1652,48.4,4.9,1012.7,1021.5,843,1017.1,1457,1019.6,11.1,8.6,1200,2.3,14.32,,,,,,1.3,.3,5.1,-2.6,,,,,,,,,,,,,{박무}0540-{박무}{강도0}0600-0730.,
143,대구,2007-02-21,8.6,1.3,654,16.8,1602,,,,,,,4.4,270,1301,2.7,290,1626,1.2,1037,50,-5.9,11,1517,41,4.1,1014.5,1024.1,822,1019.2,1544,1021.5,11.1,9.2,1200,2.2,14.27,,,,,,.1,0,6.9,-2.9,,,,,,,,,,,,,,
143,대구,2007-02-22,8.1,1.4,711,15.1,1557,,,,,,,5.9,270,1550,3.3,270,1557,1.1,950,50,-3,21,1537,47.3,4.9,1008.6,1020.8,1,1011.7,1656,1015.6,11.1,4.1,1200,1.75,8.69,,,,,,3.9,0,6.1,-3.4,,,,,,,,,,,,,{박무}0420-{박무}{강도0}0600-0720. {햇무리}1230-1530.,
143,대구,2007-02-23,8.4,4.3,2351,13.6,1524,,,,,,,9.3,320,627,5.3,290,930,2.9,2506,290,-7.9,13,1431,35.1,3.7,1010.6,1023.1,2343,1012.7,233,1017.5,11.2,9.8,1200,2.52,16.67,,,,,,0,0,7.6,-.5,,,,,,,,,,,,,,
143,대구,2007-02-24,5.4,0,728,10.3,1459,,,,,,,10.5,90,1639,6.9,110,1717,3.3,2851,110,-4.4,28,135,49.8,4.7,1016.5,1025.4,927,1021.3,1515,1023.6,11.2,5.9,1300,2.03,11.97,,,,,,3.8,2.5,5.8,-2.3,,,,,,,,,,,,,,
143,대구,2007-02-25,7.1,4.1,2357,11.6,1258,,,,,,,8.6,110,1744,5.7,90,1522,2.5,2160,110,-.6,37,1626,58.3,5.9,1017.2,1026.5,2154,1022.5,1416,1024.3,11.2,3.4,1200,1.91,8,,,,,,5.6,4.8,6.1,-.2,,,,,,,,,,,,,,
143,대구,2007-02-26,7.6,1.2,723,14,1620,,,,,,,7.6,160,1237,4.8,160,1243,1.7,1469,140,-1.1,33,1545,55.4,5.6,1018.6,1027.7,822,1023.9,1728,1025.7,11.3,9.3,1300,2.35,14.94,,,,,,.6,.6,3,-2.9,,,,,,,,,,,,,,
143,대구,2007-02-27,9,1.8,619,16.3,1413,,,,,,,11.7,110,2050,7.8,90,2049,2.4,2074,110,-.6,21,1413,55,5.9,1018.5,1028.5,2359,1022.8,1504,1025.5,11.3,9.1,1200,2.3,14.45,,,,,,1.9,0,5.1,-2,,,,,,,,,,,,,,
143,대구,2007-02-28,8.2,4.4,728,13.2,1455,,,,,,,9.6,110,1809,6.7,90,1834,3.6,3110,110,-2.8,29,1258,46.5,5,1023.2,1032,1045,1028.5,0,1030.3,11.4,10.2,1200,2.52,16.69,,,,,,1.3,1,6.5,1.5,,,,,,,,,,,,,,
143,대구,2007-03-01,8.2,.1,708,15.1,1429,,,,,,,5.4,110,2312,3.3,140,15,1.9,1642,140,-1.4,20,1430,53.9,5.6,1020.7,1030.9,745,1024.8,1637,1027.8,11.4,7.2,1300,2.25,12.81,,,,,,5.6,2.4,7.5,-2.6,,,,,,,,,,,,,,
143,대구,2007-03-02,9.3,7.1,549,11.4,1147,6.8,,,,,6,5.3,140,104,3.5,140,105,1.5,1296,140,5.1,56,1157,75,8.9,1015.9,1026,8,1020.8,2103,1022.9,11.4,.2,1100,.93,2.32,,,,,,9.3,5.9,6.4,1.5,,,,,,,,,,,,,{비}0617-0635. {비}0925-1025. {비}1315-{비}{강도0}1500-{비}{강도0}1800-1845. {박무}1835-{박무}{강도0}2100-{박무}{강도0}2400-,
143,대구,2007-03-03,12.9,9.8,4,18.7,1527,,,,,,,8.2,140,1844,5.6,140,2002,2,1728,140,10.1,63,1541,82,12.4,1013.8,1022.1,855,1018.2,1640,1020.6,11.5,2.9,1300,2.12,8.75,,,,,,8.9,7.4,12,7.3,,,,,,,,,,,,,-{박무}-{박무}{강도0}0300-{시정(미만)}{1km}{안개}0520-{안개}{강도0}0600-{시정(미만)}{0.5km}{안개}0620-{시정(미만)}{0.2km}{안개}0710-{안개}{강도2}0900-{시정(이상)}{0.2km}{안개}0930-{시정(이상)}{0.5km}{안개}1040-{시정(이상)}{1km}{박무}1135-{박무}{강도2}1200-{박무}{강도0}1500-1640. {박무}1740-{박무}{강도0}1800-{박무}{강도0}2100-{박무}{강도0}2400-,6.25
143,대구,2007-03-04,13.6,11.4,213,16.7,2104,11.83,,,,,27,11.2,160,1820,5,160,2044,3.3,2851,140,10.7,74,1203,81.5,13,1004.3,1021.8,11,998.7,2231,1011.1,11.5,0,900,.51,1.81,,,,,,10,6.8,11.3,9,,,,,,,,,,,,,-{박무}-{박무}{강도0}0300-{박무}{강도1}0600-{박무}{강도0}0900-{박무}{강도0}1200-{박무}{강도0}1500-{박무}{강도0}1800-{박무}{강도0}2100-{박무}{강도0}2400- {비}1055-1120. {비}1235-{비}{강도0}1500-{비}{강도0}1800-{비}{강도1}2100-{비}{강도0}2400-,
143,대구,2007-03-05,4.7,-1.8,2358,13.8,0,.17,,,,,0,15.3,270,1612,9.2,290,1306,6.1,5270,290,-5.1,37,1249,49.3,4.5,1002.2,1017.6,2357,999,21,1009.2,11.5,8.1,1200,2.75,17.91,,,,,,3.6,3.6,6.5,-2.6,,,,,,,,,,,,,-{비}-0010. -{박무}-0015.,
143,대구,2007-03-06,-1.2,-4.4,645,2.7,1526,,,,,,,16.7,270,150,9.6,290,152,5.6,4838,290,-16.2,17,1722,32.4,1.8,1013.4,1022.5,837,1017.4,8,1020.8,11.6,10.2,1200,2.77,19.36,,,,,,.6,.6,.3,-5.4,,,,,,,,,,,,,{황사}1530-1650.,
143,대구,2007-03-07,.4,-4,615,5.3,1434,,,,,,,11.8,290,27,6.9,270,1335,4.4,3802,290,-12.9,18,1401,38.5,2.3,1012.4,1022,812,1016.9,1617,1019.6,11.6,10.4,1200,2.76,18.77,,,,,,.9,.9,2,-7,,,,,,,,,,,,,,
143,대구,2007-03-08,3.7,-.6,657,9,1555,1.17,,,,,0,10.1,290,1525,5.7,290,1200,3.7,3197,290,-9.4,20,1508,40.3,3.1,1014.6,1023.8,2120,1018.9,0,1021.7,11.7,9.7,1200,2.78,18.9,,,,,,3.3,2.1,4.8,-3.5,,,,,,,,,,,,,{눈}0110-0220.,
143,대구,2007-03-09,5.9,0,615,12.3,1440,,,,,,,10.1,270,1546,6.1,290,1140,2.2,1901,290,-6.6,21,1535,41.9,3.7,1016.8,1025.7,841,1022.2,1845,1023.9,11.7,8.8,1200,2.63,16.71,,,,,,2.6,.9,5.6,-5.1,,,,,,,,,,,,,,
143,대구,2007-03-10,6.3,1.3,2353,15.8,1523,,,,,,,17.1,290,1701,8.9,290,1845,3.4,2938,290,-6,18,1526,42.8,4,1010,1023.4,1,1010.1,1510,1017.1,11.7,6.6,1300,2.24,13.68,,,,,,5.6,2.3,8.6,-1,,,,,,,,,,,,,{박무}0150-{박무}{강도0}0300-{박무}{강도0}0600-0620.,
143,대구,2007-03-11,2.3,-2.5,356,7.6,1418,,,,,,,16.1,290,1442,9,270,1445,5.6,4838,290,-13.2,22,1334,31,2.3,1013.5,1022.2,844,1017.6,1548,1020.6,11.8,9,1300,2.69,18.09,,,,,,1.8,1.8,5.5,-4.8,,,,,,,,,,,,,,
143,대구,2007-03-12,6,1.2,515,11.5,1507,,,,,,,10,290,1053,5.7,270,1057,3.7,3197,290,-10.6,16,1508,30.4,2.8,1014.7,1024.9,856,1018.7,1645,1021.7,11.8,9.5,1200,2.78,18.91,,,,,,3.3,1.3,8.2,-1.8,,,,,,,,,,,,,,
143,대구,2007-03-13,7.4,2.7,628,12.8,1439,,,,,,,9.8,270,1251,5.5,270,1254,3.1,2678,290,-10.6,14,1531,27.6,2.8,1013.1,1021.8,830,1017.7,1547,1020.1,11.9,8,1200,2.68,15.8,,,,,,2.4,1.1,8.5,-.6,,,,,,,,,,,,,,
143,대구,2007-03-14,8.8,3.2,632,14.5,1701,,,,,,,5.8,110,1954,3.6,90,2002,1.7,1469,270,-8.6,12,1709,30.4,3.3,1014.2,1023.4,838,1019.1,1706,1021.2,11.9,5.3,1100,2.16,12.52,,,,,,5.5,0,8.5,-1.2,,,,,,,,,,,,,{햇무리}0930-1450.,
143,대구,2007-03-15,9,5.3,533,14.3,1445,,,,,,,9.6,110,1957,5.9,90,1925,2.3,1987,110,.1,32,1425,53.8,6.2,1012.2,1021.1,0,1015.2,1609,1019.2,11.9,3.4,1300,2.2,10,,,,,,6.8,5.3,10.5,4.4,,,,,,,,,,,,,{박무}0735-{박무}{강도0}0900-1140. {연무}1130-{연무}{강도0}1200-1350. {박무}2040-{박무}{강도0}2100-{박무}{강도0}2400-,
143,대구,2007-03-16,8.8,6.8,2343,13.1,1331,,,,,,,9.3,140,1341,6.1,140,1350,3.5,3024,110,.3,34,1332,55.1,6.3,1014.5,1023.4,924,1019.5,0,1021.5,12,3.7,1300,2.68,12.22,,,,,,7.8,4.6,12,5.3,,,,,,,,,,,,,-{박무}-{박무}{강도0}0300-{박무}{강도0}0600-0610.,
143,대구,2007-03-17,5.7,3.9,2309,7.9,1349,6.83,,,,,2,8.8,90,1747,6.1,90,1753,3.5,3024,110,1.4,59,1712,72.8,6.8,1017.6,1026.7,2215,1022.2,230,1024.6,12,.7,1300,1.97,7.52,,,,,,8,4.5,7.1,-.1,,,,,,,,,,,,,{비}0330-0455. {비}0540-{비}{강도0}0600-{비}{강도0}0900-1030. {박무}0610-{박무}{강도0}0900-1040. {박무}1210-1340. {비}1215-1250.,
143,대구,2007-03-18,6.4,.3,553,13.1,1513,,,,,,,6,110,2039,4.1,140,2048,1.8,1555,50,-2.2,26,1441,57.8,5.2,1016.7,1026.3,746,1021.2,1702,1023.7,12,9,1300,2.74,17.86,,,,,,3,3,9.1,-3,,,,,,,,,,,,,{박무}0430-{박무}{강도0}0600-0840.,
143,대구,2007-03-19,5.8,3.2,551,11.6,1337,1.08,,,,,0,11.3,90,1448,7.6,110,1454,2.7,2333,110,-.3,38,1413,64.3,6,1017.2,1027.6,2310,1021.8,1344,1024.3,12.1,2.3,1200,1.8,8.71,,,,,,7.8,5.6,6.6,1.7,,,,,,,,,,,,,{박무}0440-{박무}{강도0}0600-0720. {비}1435-{비}{강도0}1500-1540.,
143,대구,2007-03-20,7.9,2.5,602,12.8,1440,,,,,,,7.5,270,1720,4.8,270,1703,2.3,1987,270,-1.3,34,1438,53.1,5.6,1018.1,1027.6,119,1022.5,1650,1025.1,12.1,6.5,1100,2.37,14.78,,,,,,5.8,4.6,11,.6,,,,,,,,,,,,,,
143,대구,2007-03-21,10.1,3.2,611,15.6,1557,,,,,,,6,270,1324,4.1,270,1327,1.5,1296,270,-.8,30,1440,48.3,5.8,1017.4,1027.1,850,1021.7,1638,1024.3,12.1,6,1200,2.22,13.99,,,,,,4,1.5,11.3,.6,,,,,,,,,,,,,{연무}1235-{연무}{강도0}1500-{연무}{강도0}1800-{연무}{강도0}2100-2320. {박무}2310-{박무}{강도0}2400-,
143,대구,2007-03-22,11.7,4.3,651,18.3,1527,,,,,,,6.6,290,1414,4.1,290,1420,1.6,1382,50,-.7,24,1605,44.3,5.8,1016.4,1025.3,856,1021.1,1701,1023.4,12.2,9,1300,2.48,16.79,,,,,,1.3,.4,12.8,.5,,,,,,,,,,,,,-{박무}-{박무}{강도0}0300-{박무}{강도0}0600--{박무}{강도1}0900-1032.,
143,대구,2007-03-23,14.2,5.9,606,21.5,1535,,,,,,,7.3,270,1622,4.2,180,1726,1.5,1296,270,-1.9,15,1604,36.4,5.4,1013.1,1025.3,751,1014.6,2346,1019.9,12.2,8,1200,2.53,17.01,,,,,,4.5,1.8,15.4,.1,,,,,,,,,,,,,{박무}0225-{박무}{강도0}0300-{박무}{강도0}0600-{박무}{강도0}0900-0920. {연무}0910-{연무}{강도0}1200-{연무}{강도0}1500-1530.,
143,대구,2007-03-24,13,10.1,630,16.8,1610,8.42,,,,,4,7.8,290,2327,4.6,110,408,2.2,1901,290,9.9,26,0,80.5,12.3,997.7,1014.6,0,1000.2,1602,1004.5,12.3,0,1200,.84,3.06,,,,,,8.4,5.8,12.9,9.8,,,,,,,,,,,,,{비}0025-{비}{강도0}0300-{비}{강도0}0600-0745. {비}0925-1030. {박무}0325-{박무}{강도0}0600-{박무}{강도0}0900-{박무}{강도0}1200-1310. {박무}2030-{박무}{강도0}2100-{박무}{강도0}2400-,
143,대구,2007-03-25,14.1,9.6,601,19.8,1548,,,,,,,12.3,320,1352,7.6,270,1338,4,3456,290,-1.7,13,1553,37.6,5.7,1001.9,1012.7,2356,1005.4,0,1008.7,12.3,10,1200,2.89,20.42,,,,,,1.3,.5,14.5,7,,,,,,,,,,,,,-{박무}-{박무}{강도0}0300-0540.,
143,대구,2007-03-26,13.4,7.4,620,21.6,1433,.58,,,,,.2,13.3,320,1547,7,320,1552,1.9,1642,270,0,12,1112,42.4,6.4,1007.1,1016,718,1011.7,1458,1013.9,12.3,8.1,1100,2.59,16.33,,,,,,2,.5,14,1.2,,,,,,,,,,,,,{소나기}1545-1620. {박무}2320-{박무}{강도0}2400-,
143,대구,2007-03-27,14.4,10.5,529,21.2,1602,,,,,,,10.8,290,1631,7.3,290,1636,2.5,2160,290,3.6,24,1609,48.8,7.9,1004.2,1013.4,2348,1007.5,1604,1010.9,12.4,3.6,1300,2.48,10.68,,,,,,5.4,2.5,13,7.6,,,,,,,,,,,,,-{박무}-{박무}{강도0}0300-{박무}{강도0}0600-0635. {황사}1930-{황사}{강도0}2100-{황사}{강도0}2400-,
143,대구,2007-03-28,14.9,7,635,22.7,1515,2.87,,,,,.5,13.1,270,1943,7.5,270,1933,2.2,1901,270,2,12,1520,45.4,7.4,1002.6,1014.5,748,1002.4,1643,1009.4,12.4,5.7,1100,2.12,14.83,,,,,,3.9,1.1,15,2.2,,,,,,,,,,,,,-{황사}-{황사}{강도0}0300-{황사}{강도0}0600-{황사}{강도0}0900-{황사}{강도0}1200-1442. {비}1858-{비}{강도0}2100-2150. {천둥}{강도0}(NW)1902. {천둥}{강도0}(NW)1951.,
143,대구,2007-03-29,11.9,8.6,2339,15.5,1420,3.58,,,,,19,12.1,110,1934,7.1,110,1439,3.5,3024,110,6.8,55,1422,70.5,9.9,1001.3,1012,816,1000.9,1938,1008.1,12.5,4.6,1100,1.95,12.44,,,,,,6.9,4.3,14.9,4.5,,,,,,,,,,,,,{박무}0345-{박무}{강도0}0600-{박무}{강도0}0900-{박무}{강도0}1200-1235. {비}1830-{비}{강도1}2100-2205. {천둥}{강도0}(NW)1928-{뇌전}{강도0}(NW 5~6)1940-{뇌전}{강도1}(NW 2~3)2014-{뇌전}{강도1}(NW{이동}W 2~3)2036-{뇌전}{강도0}(W{이동}SW 3~4)2044-{뇌전}{강도1}(SW{이동}S 2~3)2100-2109. {뇌전}{강도0}(NW 3~4)2122-{뇌전}{강도1}(NW{이동}W 2~3)2132-{뇌전}{강도1}(W 1~2)2136-{뇌전}{강도0}(W{이동}SW 3~4)2159-2210. {번개}{강도0}(SE)2249.,
143,대구,2007-03-30,12.5,8.1,427,17.8,1624,.92,,,,,0,6.6,140,2132,4.2,110,2018,2.2,1901,140,4.9,35,1558,60.8,8.7,1006.2,1015.8,1211,1006.3,0,1013.1,12.5,5.4,1300,2.9,16.58,,,,,,5.9,4.5,14.3,7.3,,,,,,,,,,,,,{비}0150-0245.,
143,대구,2007-03-31,12.1,9.3,904,16.5,1741,4.08,,,,,6,10.8,160,855,5.9,140,900,2.6,2246,290,6.7,32,2148,70.3,10.1,999.4,1013.7,209,1000.8,1522,1006.2,12.5,0,1400,.88,4.61,,,,,,6.6,4.8,11.8,8.6,,,,,,,,,,,,,{천둥}{강도0}(NW)0145. {천둥}{강도0}(NW)0156. {천둥}{강도0}(NW)0746-{천둥}{강도0}(NW{이동}W)0755-{뇌전}{강도0}(W 5~6)0758-{뇌전}{강도0}(W{이동}SW 4~5)0802-{뇌전}{강도1}(SW{이동}S 2~3)0810-{뇌전}{강도1}(S 1~2)0830-{뇌전}{강도0}(S{이동}SE 4~5)0849-{뇌전}{강도0}(SE 4~5)0900-0908. {천둥}{강도0}(NW)0951-{뇌전}{강도0}(NW 5~6)0956-1015. {박무}0420-0530. {소나기}0735-{소나기}{강도0}0900-{소나기}/ {우박}(d 2.0)1037-{소나기}1038-1045. {비}1140-{비}{강도0}1200-1235. {박무}1220-{박무}{강도0}1500-1540. {황사}1910-{황사}{강도1}2100-{황사}{강도1}2400-,
143,대구,2007-04-01,12.2,9.5,427,15.8,1432,,,,,,,8.6,320,2106,4.5,290,1852,2.7,2333,270,-.6,29,1523,41.1,5.8,1004.3,1013.5,2400,1008.1,0,1011.1,12.6,0,1200,.57,3.4,,,,,,7,4.1,11.3,7.1,,,,,,,,,,,,,-{황사}-{황사}{강도2}0300-{황사}{강도2}0600-{황사}{강도2}0900-{황사}{강도2}1200-{황사}{강도2}1500-{황사}{강도2}1800-{황사}{강도1}2100-{황사}{강도1}2400-,
143,대구,2007-04-02,9.9,5.5,2333,14.6,1437,,,,,,,12.8,290,1126,7.7,290,1148,4,3456,290,-5.7,17,1547,34.1,4.1,1007.9,1018.2,2359,1011.9,1554,1014.8,12.6,9.2,1200,2.85,19.89,,,,,,3.4,.1,11.2,3.2,,,,,,,,,,,,,-{황사}-{황사}{강도0}0300-{황사}{강도0}0600-{황사}{강도0}0900-0930.,
143,대구,2007-04-03,7.8,3.5,508,12.8,1528,,,,,,,11.3,290,1417,6.5,270,1230,4.3,3715,290,-8.3,17,1412,32.6,3.3,1010.8,1019.4,910,1015.2,1550,1017.8,12.6,9.6,1300,2.92,19.38,,,,,,.8,.6,10.8,.6,,,,,,,,,,,,,,
143,대구,2007-04-04,8.8,5.3,807,13.5,1502,,,,,,,12.6,320,1041,7.5,290,1045,3.5,3024,270,-7.7,12,1434,33.1,3.6,1014.5,1026.3,2345,1017.7,357,1021.5,12.7,11.5,1200,3.01,21.29,,,,,,1.8,.1,11.9,2.2,,,,,,,,,,,,,,
143,대구,2007-04-05,10.3,2.2,601,17.3,1538,,,,,,,6.3,270,1142,3.5,270,2211,1.7,1469,70,-3.2,9,1430,43.8,5,1019,1028.9,818,1022.9,1837,1026,12.7,9.9,1200,3.07,21.1,,,,,,3.4,1.1,14.2,-.6,,,,,,,,,,,,,,
143,대구,2007-04-06,13.3,6.1,610,19.5,1522,,,,,,,7,270,1940,4.2,270,2014,2,1728,270,.1,14,1517,43.1,6.2,1014.6,1025.4,9,1017.9,1711,1021.5,12.8,8.3,1200,2.68,17.34,,,,,,4.1,1.8,16.2,1.3,,,,,,,,,,,,,,
143,대구,2007-04-07,13.9,9,601,19.6,1502,,,,,,,9.8,290,1529,5.8,290,1512,3,2592,290,-3.3,13,1530,32,4.9,1011.8,1021,659,1015.8,1603,1018.7,12.8,11,1100,3.05,21.59,,,,,,1.1,.6,16.5,3.5,,,,,,,,,,,,,,
143,대구,2007-04-08,12.8,6.9,638,17.7,1213,.83,0,,0,,0,9.1,320,1620,5.5,320,1620,2,1728,290,-1.4,22,1214,38.4,5.5,1011.2,1019.6,2252,1015.3,1553,1018,12.8,4.9,1000,1.91,11.92,,,,,,3.1,2.4,14.4,2.2,,,,,,,,,,,,0,{비}1655-1705. {비}1730-{비}{강도0}1800-1810.,
143,대구,2007-04-09,13.1,5.5,614,19.7,1531,,,,,,,7,270,1148,3.9,270,1150,1.7,1469,290,-5.3,10,1700,31.8,4.3,1013.7,1022,722,1018.5,1716,1020.6,12.9,10.3,1300,2.89,19.42,,,,,,.3,.3,16.7,1.2,,,,,,,,,,,,,{박무}0440-0540.,
143,대구,2007-04-10,13.8,5.9,643,21.6,1519,,,,,,,8.5,140,2033,4.9,140,2307,1.9,1642,50,-.6,15,1440,41.1,6,1013.5,1022.7,720,1016.7,1627,1020.4,12.9,10.7,1100,2.95,19.67,,,,,,2.4,1.4,16.6,2.4,,,,,,,,,,,,,,
143,대구,2007-04-11,14.7,10.5,607,21.2,1533,,,,,,,8,110,1728,5.2,90,1809,2.6,2246,140,5.3,24,1511,55.4,9,1013.3,1022,857,1016.9,1653,1020.1,12.9,8.5,1100,2.77,18.68,,,,,,5.4,2.4,18.3,8.1,,,,,,,,,,,,,{박무}0620-{박무}{강도0}0900-1040. {박무}2140-{박무}{강도0}2400-,
143,대구,2007-04-12,16,9.5,637,22.7,1508,,,,,,,7.6,230,1612,3.6,180,1542,1.4,1210,50,4.4,21,1602,49,8.5,1009.5,1021.1,0,1012.8,1705,1016.2,13,5.7,1400,1.52,9.62,,,,,,5.6,1.3,17.5,5.3,,,,,,,,,,,,,-{박무}-{박무}{강도0}0300-{박무}{강도0}0600-{박무}{강도0}0900-0945.,
143,대구,2007-04-13,15.2,11.3,2354,23.2,1419,3.5,2,621,7.5,604,9,14.6,290,1702,8.1,270,1443,3.5,3024,290,6.7,20,1442,58.5,10.1,1001.8,1013.3,0,1003.8,1420,1008.6,13,7.5,1200,2.8,16.26,,,,,,5.5,4.3,15,9.3,,,,,,,,,,,,,{비}0540-{비}{강도0}0600-{비}{강도0}0900-0910. {박무}0635-{박무}{강도0}0900-1130.,
143,대구,2007-04-14,15,7.8,631,22.1,1645,,,,,,,7.5,270,1717,4.5,270,1717,1.8,1555,290,.2,17,1656,39.5,6.3,1005.1,1014.5,857,1009.1,1712,1011.9,13,11,1200,3.03,22.91,,,,,,1.8,.3,16.9,3.5,,,,,,,,,,,,,{박무}0430-0530.,
143,대구,2007-04-15,12.9,8.8,2352,19.2,1337,4.08,.5,2017,1.5,2025,2.5,13.1,90,1917,8,110,1754,3,2592,110,2.9,26,1332,53.5,7.7,1003.2,1011.8,831,1006.9,1517,1010,13.1,5.3,1000,2.53,10.36,,,,,,7.8,4,15,5,,,,,,,,,,,,,{비}1955-{비}{강도0}2100-{비}{강도0}2400- {박무}2120-{박무}{강도0}2400-,
143,대구,2007-04-16,8.1,5.8,2325,9.3,247,15.25,1,743,3.5,709,11,11.1,70,1959,6.5,110,357,2.9,2506,110,5.2,75,1202,80.9,8.9,1001.6,1013,2359,1006.3,1227,1008.5,13.1,0,1200,.53,3.32,,,,,,8.9,6.6,9.6,5.5,,,,,,,,,,,,,-{비}-0130. {비}0335-{비}{강도0}0600-{비}{강도0}0900-{비}{강도0}1200-{비}{강도0}1500-1720. -{박무}-{박무}{강도0}0300-{박무}{강도0}0600-{박무}{강도0}0900-1130.,
143,대구,2007-04-17,10,5.4,116,16.1,1418,,,,,,,9.5,90,2012,6.2,90,2015,2.4,2074,90,3,30,1440,63.8,7.6,1007.4,1016.9,2301,1012.3,1604,1014.3,13.2,5.8,1200,2.5,15.76,,,,,,7.4,4,12.2,2.9,,,,,,,,,,,,,{박무}0830-{박무}{강도0}0900-0940.,
143,대구,2007-04-18,11.8,8.5,626,17.5,1410,,,,,,,9.8,70,1435,5.8,70,1442,2.6,2246,90,4,31,1359,60,8.2,1008,1016.7,0,1012.2,1628,1014.8,13.2,7.8,1200,2.95,21.16,,,,,,5.5,3.4,15,7,,,,,,,,,,,,,{박무}0420-0545.,
143,대구,2007-04-19,14.5,6.4,548,21.7,1508,,,,,,,8.3,230,1618,4.3,250,1626,1.8,1555,200,2.6,19,1304,49.3,7.4,1009.1,1017.8,748,1013.2,1625,1015.9,13.2,10.3,1200,3.3,22.96,,,,,,1.4,.1,17.3,4,,,,,,,,,,,,,{박무}0225-{박무}{강도0}0300-0510. {박무}0920-1040.,
143,대구,2007-04-20,16.8,9.8,457,20.3,1219,,,,,,,11.1,200,1205,5.3,230,1908,2.3,1987,50,7.3,36,1024,53.3,10.4,1006.4,1017,148,1008.4,1717,1013.1,13.3,3.9,1000,2.38,13.65,,,,,,6.3,3.4,16.6,7,,,,,,,,,,,,,,
143,대구,2007-04-21,20.3,15.5,636,24.5,1340,,,,,,,10.6,160,1500,5.2,160,1454,2.3,1987,250,13,45,1240,63.3,15.1,1005.5,1014.6,857,1009.9,1656,1012.1,13.3,4.6,1300,1.84,13.99,,,,,,6.8,4,20.6,12.8,,,,,,,,,,,,,{박무}0420-0550. {박무}0640-0845.,
143,대구,2007-04-22,17.4,12,2359,21.2,1234,1.5,.1,,.2,,.2,9.6,110,2015,5.7,140,1859,2.5,2160,250,8.4,25,1718,58.4,11.8,1003.4,1013.7,2337,1007.8,525,1010.1,13.3,0,1200,1.46,7.61,,,,,,9.8,3.6,17,11,,,,,,,,,,,,,{비}0210-{소나기}0240-{소나기}{강도0}0300-{비}0310-0340. {천둥}{강도0}(W)0235-0250. {박무}0215-{박무}{강도0}0300-{박무}{강도0}0600-0830.,
143,대구,2007-04-23,14.2,9,641,20.5,1453,,,,,,,11.1,140,13,6.2,90,1804,3.4,2938,110,-.5,18,1358,39.1,6,1008.2,1017,2239,1013,24,1015,13.4,10,1200,3.32,24.78,,,,,,2.1,0,19.2,7,,,,,,,,,,,,,,
143,대구,2007-04-24,14.6,8.6,558,19.8,1403,,,,,,,6.4,230,1418,3.5,110,36,1.7,1469,250,2.5,28,1329,44.4,7.3,1005,1016.5,0,1008,1734,1011.8,13.4,2.3,1200,2.17,13.84,,,,,,7.3,2.9,17.1,6.8,,,,,,,,,,,,,,
143,대구,2007-04-25,17,12.1,554,23,1614,,,,,,,12.8,270,1633,7.8,250,1633,3.7,3197,250,.2,15,1629,33.3,6.2,1003.8,1013,2359,1008,1609,1010.5,13.4,11,1200,3.24,24.22,,,,,,1.9,1.8,20.8,9.6,,,,,,,,,,,,,,
143,대구,2007-04-26,17.5,11.3,512,25.3,1352,,,,,,,10.3,140,1919,6.3,110,1926,2.9,2506,270,.5,12,1350,37.5,6.7,1010.5,1020.8,2301,1013,0,1017.3,13.5,10.6,1200,3.25,23.6,,,,,,2.5,0,21.5,6.6,,,,,,,,,,,,,,
143,대구,2007-04-27,16.8,9.6,531,23.7,1650,,,,,,,11.3,250,1958,6.4,250,1918,3.1,2678,250,4.7,14,1846,49.3,8.9,1011.8,1022,805,1013.7,1734,1018.6,13.5,2.2,1300,2.36,15.26,,,,,,4.9,2.9,19.1,8.1,,,,,,,,,,,,,{박무}0615-0830.,
143,대구,2007-04-28,18.3,11.6,531,24.3,1515,,,,,,,11.1,250,1521,5.7,250,1658,3.2,2765,250,-6.5,10,1246,18.6,3.8,1013.4,1022.5,707,1017.2,1753,1020.1,13.5,11.1,1200,3.41,25.18,,,,,,0,0,22.6,5.4,,,,,,,,,,,,,,
143,대구,2007-04-29,20.4,12.6,547,27.6,1436,,,,,,,8,270,1422,4.8,270,1531,2.1,1814,250,-5.4,10,1423,18.5,4.2,1012,1021.1,714,1015.6,1610,1018.7,13.6,10.9,1200,3.3,25.97,,,,,,2,0,24.5,6.5,,,,,,,,,,,,,,
143,대구,2007-04-30,17.7,12,2307,22.2,1450,4.17,.5,2044,1.5,2037,2,10.5,110,2212,4,90,2153,1.5,1296,230,-1.3,12,1200,32.3,6,1008,1018.2,8,1010.1,2351,1014.6,13.6,1.8,1000,1.6,9.74,,,,,,8.6,3.9,18.8,10.3,,,,,,,,,,,,,{비}1905-{비}{강도0}2100-2315.,
143,대구,2007-05-01,14.8,12.1,145,18.3,1330,11.17,1.5,1641,3.5,1616,6,9,250,1242,3.7,250,2154,1.4,1210,250,12.1,69,1204,83,14.1,997.8,1010.1,0,1002.1,1508,1004.5,13.6,0,1300,.41,2.66,,,,,,10,7.1,15.4,10.8,,,,,,,,,,,,3.5,{비}0130-0210. {비}0410-{비}{강도0}0600-{비}{강도0}0900-0930. {비}1510-{비}{강도0}1800-1840. {비}2040-{비}{강도0}2100-2220. {박무}0525-{박무}{강도0}0600-{박무}{강도0}0900-{박무}{강도0}1200-1340. {박무}1530-{박무}{강도0}1800-{박무}{강도0}2100-{박무}{강도0}2400-,
143,대구,2007-05-02,18.6,12.3,522,25.2,1519,,,,,,,10.3,250,1423,6.2,250,1437,2.4,2074,250,6.2,17,1508,50.1,9.9,1002.5,1011.6,2324,1007.1,41,1009.2,13.7,10.6,1200,3.05,23.61,,,,,,.8,.8,20,8.6,,,,,,,,,,,,,-{박무}-{박무}{강도0}0300-{박무}{강도0}0600-0850.,
143,대구,2007-05-03,19.1,11.3,533,25.2,1415,,,,,,,7.3,230,1323,3.9,250,1607,1.8,1555,250,6.3,27,1045,44.6,9.7,1004.2,1013.7,718,1008.4,1534,1010.9,13.7,6.9,1300,2.92,18.19,,,,,,4.8,0,20.3,6.5,,,,,,,,,,,,,{햇무리}1150-1320. {박무}2020-{박무}{강도0}2100-{박무}{강도0}2400-,
143,대구,2007-05-04,20.9,13.3,606,28.1,1505,,,,,,,7.9,250,1532,4.8,250,1250,2,1728,250,10.8,28,1352,54.6,13,1000.8,1010.3,0,1004,1555,1007.4,13.7,9.5,1200,3.31,23.41,,,,,,.3,.1,24.8,8.8,,,,,,,,,,,,,-{박무}-{박무}{강도0}0300-{박무}{강도0}0600-{박무}{강도0}0900-1040.,
143,대구,2007-05-05,20.5,15.1,527,28.5,1455,,,,,,,7.5,140,1637,5.2,140,2117,2.6,2246,140,10.6,16,1332,57.1,13,1000.9,1009.6,717,1005.2,1627,1007.5,13.8,7.2,1200,3.17,21.33,,,,,,4.3,.4,25.3,10.1,,,,,,,,,,,,,{박무}0145-{박무}{강도0}0300-{박무}{강도0}0600-{박무}{강도0}0900-0950. {햇무리}1420-1540. {박무}2220-{박무}{강도0}2400-,
143,대구,2007-05-06,16.8,14.8,2355,20.8,1226,,,,,,,9.1,110,1502,5.6,110,907,3.8,3283,110,10.4,52,1227,65.3,12.7,996.9,1006.4,7,1001.8,1715,1003.5,13.8,2.6,1200,2.25,13.69,,,,,,8.5,4.9,21.1,11.8,,,,,,,,,,,,,-{박무}-{박무}{강도0}0300-{박무}{강도0}0600-{박무}{강도0}0900-{박무}{강도0}1200-1345.,
143,대구,2007-05-07,21.7,12.3,535,29.8,1437,,,,,,,9.1,250,1458,5.6,250,1502,2.4,2074,270,4.3,13,1332,39.1,8.7,998.8,1008.1,2400,1003.8,1507,1005.3,13.8,10.6,1200,3.33,23.79,,,,,,1.5,0,25.8,8,,,,,,,,,,,,,{박무}0145-{박무}{강도0}0300-{박무}{강도0}0600-0830.,
143,대구,2007-05-08,23.8,14.1,545,32.7,1500,,,,,,,7.5,270,1640,4.8,270,1647,1.7,1469,250,2.8,12,1444,27.8,7.6,1003.5,1012.3,2237,1007.7,1618,1010.1,13.9,10.6,1200,3.12,22.8,,,,,,.6,0,27.6,7.3,,,,,,,,,,,,,,
143,대구,2007-05-09,18.6,12.8,2215,27.2,1434,5.25,3,1824,8,1816,12.5,9.3,110,1651,5.4,140,1636,2.2,1901,140,5.2,12,1503,47.5,9.2,1004,1014.3,826,1006.6,1817,1010.7,13.9,4.4,1300,2.56,16.91,,,,,,7.3,3.5,24.2,7,,,,,,,,,,,,,{햇무리}1030-1540. {비}1750-{비}{강도0}1800-{비}{강도0}2100-2305. {박무}1905-{박무}{강도0}2100-{박무}{강도0}2400-,
143,대구,2007-05-10,17.7,11.6,418,24.1,1542,,,,,,,14.5,290,1341,6.1,250,1443,2.9,2506,250,5.9,18,1818,50.6,9.5,1007.5,1017,2344,1009.8,7,1014.2,13.9,10,1200,3.18,24.64,,,,,,3.6,1.3,19.8,10.1,,,,,,,,,,,,,-{박무}-0030.,
143,대구,2007-05-11,19.5,11.3,539,27.3,1519,,,,,,,7.5,230,1401,4.9,160,1737,1.7,1469,50,5.1,15,1525,43,8.9,1009.6,1019.8,806,1013,1645,1016.3,13.9,10.8,1200,3.23,25.33,,,,,,2.5,1.4,23.8,7.9,,,,,,,,,,,,,{채운}1250-1340.,
143,대구,2007-05-12,16.4,14.3,1300,18.3,24,5.58,1,1128,3,1051,7.5,11.6,230,2043,6.4,250,2056,1.8,1555,250,9.4,37,14,64.5,12.1,1002.4,1013.8,0,1005.3,2017,1009.1,14,0,1300,.44,2.92,,,,,,7.9,5.6,16.1,11.8,,,,,,,,,,,,,{비}0945-{비}{강도0}1200-{비}{강도0}1500-1520. {박무}1030-{박무}{강도0}1200-{박무}{강도0}1500-{박무}{강도0}1800-1910.,
143,대구,2007-05-13,19.6,13,418,26.3,1630,,,,,,,11.5,230,1511,5.3,250,1519,2.7,2333,250,1.5,12,1500,33.5,7,1005.2,1013.9,1056,1008.6,0,1011.8,14,11.3,1200,3.35,26.48,,,,,,0,0,20.9,7.9,,,,,,,,,,,,,,
143,대구,2007-05-14,21.4,14.3,533,28.6,1457,,,,,,,14.6,230,1615,7.6,230,1621,2.8,2419,230,3.4,11,1625,35.8,8.2,1003.2,1012.7,1,1006.2,1534,1009.8,14,10.6,1200,3.5,26.05,,,,,,2.3,.3,24,8.8,,,,,,,,,,,,,,
143,대구,2007-05-15,21.1,15.5,548,28.1,1621,,,,,,,7.5,140,1803,4.2,160,1809,1.6,1382,250,7.4,14,1441,45.5,10.6,1005.6,1014.3,806,1010.1,1712,1012.2,14,9.6,1200,3.04,22.51,,,,,,2.6,0,24.7,12.8,,,,,,,,,,,,,{박무}0540-{박무}{강도0}0600-{박무}{강도0}0900-0940. {햇무리}1240-1620.,
143,대구,2007-05-16,17,14.8,2135,21.1,1243,7,1.5,1402,2.5,2130,7.5,9.5,140,1603,5.1,160,1615,1.8,1555,50,12,57,1030,72.5,14.1,995.3,1011.7,0,991.7,2317,1001.9,14.1,0,1200,.9,5.7,,,,,,8.6,4.8,17,12.1,,,,,,,,,,,,,{박무}0830-{박무}{강도0}0900-{박무}{강도0}1200-1430. {박무}1640-{박무}{강도0}1800-{박무}{강도0}2100-{박무}{강도0}2400- {비}1305-1315. {비}1345-1420. {비}1625-{비}{강도0}1800-{비}{강도0}2100-2240.,
143,대구,2007-05-17,20.4,14.6,146,26.2,1615,,,,,,,15.8,250,1010,8.2,250,1040,4.1,3542,250,6.6,20,1608,44.3,10,989.4,999.8,2203,991.4,344,995.9,14.1,8.8,1200,3.04,20.28,,,,,,3.8,3.8,21.1,11.8,,,,,,,,,,,,,-{박무}-{박무}{강도0}0300-0440.,
143,대구,2007-05-18,19.5,14.8,1957,26.2,1351,1.08,.4,1952,.4,1925,.4,12,200,1107,6.2,270,1710,3.1,2678,250,6.9,23,1306,46.1,10,992.1,1003.2,2320,996.3,1342,998.7,14.1,9.8,1200,3.47,23.7,,,,,,4.3,3.5,23.4,9.6,,,,,,,,,,,,,{비}1925-2030.,
143,대구,2007-05-19,18,14.8,430,23.6,1540,.5,0,,0,,0,7.1,320,1234,4.4,140,1848,2.8,2419,250,9.3,33,1525,57.9,11.8,1000.8,1011.5,2345,1003.1,9,1007.4,14.2,4.6,1100,2.34,16.45,,,,,,7.1,6.8,20.5,12.3,,,,,,,,,,,,,{비}1745-{비}{강도0}1800-1815.,
143,대구,2007-05-20,18.8,13.1,517,24.8,1647,,,,,,,6.1,160,1929,3.6,140,219,1.8,1555,140,10.4,31,1553,59.6,12.7,1005.6,1014.2,757,1009.6,1729,1012.3,14.2,7.1,1100,2.35,19.11,,,,,,5.4,5.1,22.7,10,,,,,,,,,,,,,,
143,대구,2007-05-21,19.4,13.8,549,24.2,1159,,,,,,,5.5,270,1217,3.3,250,1239,1.5,1296,270,7.2,24,1313,48.9,10.4,1006.3,1014.5,718,1011,1823,1012.9,14.2,5.8,1100,2.29,16.5,,,,,,4,.9,23.2,9.1,,,,,,,,,,,,,{박무}0520-{박무}{강도0}0600-0840.,
143,대구,2007-05-22,21.8,12.1,521,29.7,1517,,,,,,,6,230,1343,3,230,1106,1.3,1123,70,4.3,10,1432,37.4,8.7,1005.2,1014.3,733,1008.7,1710,1011.8,14.2,11.4,1200,3.5,26.18,,,,,,2.5,0,27.4,6.3,,,,,,,,,,,,,,
143,대구,2007-05-23,22.4,16.5,539,27.8,1452,,,,,,,9.8,250,1318,5.5,250,1225,1.8,1555,250,9.3,28,1312,43.6,11.9,1003.9,1012.7,748,1008,1608,1010.4,14.3,7,1200,3.25,20.56,,,,,,5.6,1.6,27.7,9.6,,,,,,,,,,,,,,
143,대구,2007-05-24,21.6,17.7,512,27.5,1129,7.08,1,1932,3.1,1925,8,8.3,140,1133,4.9,140,1120,2.2,1901,50,14.5,39,1136,65.8,16.7,997.3,1009.9,22,998.1,2357,1003.9,14.3,3.9,1100,2.46,13.97,,,,,,8,6.9,24.9,13.3,,,,,,,,,,,,,{비}1540-1605. {비}1640-1730. {비}1810-{비}{강도0}2100-{비}{강도0}2400- {박무}1940-{박무}{강도0}2100-{박무}{강도0}2400-,
143,대구,2007-05-25,23.7,19.1,4,29.5,1605,6.67,1,54,2,19,2.5,13.3,270,1306,7.4,270,1321,3.1,2678,250,9.3,16,1508,47.9,13,991.6,1002.1,2208,994.8,232,998.1,14.3,8.8,1300,3.27,24.88,,,,,,4.1,2.5,24.9,14.3,,,,,,,,,,,,,-{박무}-{박무}{강도0}0300-{박무}{강도0}0600-0840. -{비}-{비}{강도0}0300-{비}{강도0}0600-0640. {황사}1250-{황사}{강도0}1500-{황사}{강도0}1800-{황사}{강도0}2100-{황사}{강도0}2400-,
143,대구,2007-05-26,25.2,18.2,546,32.4,1545,,,,,,,11.5,250,1620,6.4,250,1713,2.9,2506,250,5.1,12,1542,29.9,8.9,996.9,1006.1,855,1001.3,111,1003.3,14.3,10.7,1200,3.36,25.99,,,,,,2.1,.5,28.2,13.3,,,,,,,,,,,,,-{황사}-{황사}{강도0}0300-{황사}{강도0}0600-{황사}{강도0}0900-{황사}{강도0}1200-{황사}{강도0}1500-{황사}{강도0}1800-1930.,
143,대구,2007-05-27,21.9,16.2,2316,30.2,1248,,,,,,,13.1,90,1633,7.9,90,1618,3.4,2938,110,9.1,25,0,45.1,11.6,1002.1,1015.3,2345,1003.2,40,1008.6,14.3,8,1200,2.58,18.52,,,,,,6.4,2.6,26.4,16.1,,,,,,,,,,,,,{연무}1040-{연무}{강도0}1200-1320.,
143,대구,2007-05-28,18,15.1,350,22.5,1604,,,,,,,10,90,359,6.2,90,1056,4.2,3629,90,9.9,46,1504,58.6,12.2,1007.8,1017,822,1012.2,1842,1014.5,14.4,10,1300,2.48,20.5,,,,,,5.5,2.5,23.9,13.6,,,,,,,,,,,,,{햇무리}1120-1530.,
143,대구,2007-05-29,20,13.8,508,29.2,1352,2.08,.1,1602,.1,1515,.1,8.1,250,1357,4.8,250,1358,2.2,1901,110,13.2,34,1354,66.5,15.5,1002.9,1013.5,0,1006.1,1537,1009.5,14.4,6.7,1200,2.94,18.45,,,,,,3.9,2.6,24.6,12.6,,,,,,,,,,,,,{비}1515-{소나기}1525-1720. {천둥}{강도0}(NW)1540-{천둥}{강도1}(NW)1630-{뇌전}{강도1}(NW 3~4)1635-{뇌전}{강도1}(NW{이동}W 1~2)1638-{뇌전}{강도0}(W 5~7)1645-1655. {박무}1620-1740. {박무}2120-{박무}{강도0}2400-,
143,대구,2007-05-30,20.2,17.1,544,26.5,1456,,,,,,,9.1,110,1933,5.8,140,1848,3.2,2765,250,11.6,29,1651,58.6,13.7,1002.1,1012,2331,1006.6,1627,1008.7,14.4,8.4,1100,3.27,24.12,,,,,,3.6,3.6,27.7,15.1,,,,,,,,,,,,,-{박무}-{박무}{강도0}0300-0415. {달코로나}2320-2352.,
143,대구,2007-05-31,18.9,14.5,604,25.1,1420,,,,,,,9.5,90,1920,5.9,90,1825,3.2,2765,110,11.7,40,1504,63.8,13.8,1006.1,1015.1,2301,1010.7,1644,1012.7,14.4,8.8,1300,3.3,23.94,,,,,,3.4,2.9,26.6,13.6,,,,,,,,,,,,,{박무}0220-{박무}{강도0}0300-{박무}{강도0}0600-{박무}{강도0}0900-1130.,
143,대구,2007-06-01,18.3,15,638,23,1354,,,,,,,7.9,90,2007,4.9,110,1954,2.9,2506,110,11.6,47,1353,64.5,13.7,1005.7,1014.8,4,1010.2,1614,1012.3,14.4,1.3,1300,2.78,14.75,,,,,,8.3,3.5,24.6,13.8,,,,,,,,,,,,,,
143,대구,2007-06-02,18.2,14.8,559,20.7,1523,,,,,,,7.3,90,1040,5,140,1044,2.9,2506,110,11.9,56,2052,66.3,14,1005,1012.5,1200,1010.4,1715,1011.7,14.5,3.1,800,1.23,8.12,,,,,,7,4,24.5,13.3,,,,,,,,,,,,,,
143,대구,2007-06-03,20.8,17.2,441,26.5,1424,,,,,,,9.8,110,1511,6,110,1510,3.9,3370,110,13.1,43,1425,62,15.2,1006.1,1014,2119,1011.3,1625,1012.7,14.5,9.1,1200,3.46,26.11,,,,,,4,2.4,28.5,16.3,,,,,,,,,,,,,{박무}0510-{박무}{강도0}0600-{박무}{강도0}0900-0940.,
143,대구,2007-06-04,22.8,15.3,509,28.2,1343,,,,,,,6.3,110,2,4.1,110,0,1.8,1555,250,13.5,37,1158,57.8,15.6,1004.4,1014,524,1008.4,1731,1011,14.5,6.4,1100,2.38,16.82,,,,,,5.4,1.1,29.5,13,,,,,,,,,,,,,,
143,대구,2007-06-05,25,21,526,31.2,1600,,,,,,,9.3,230,1552,4.9,250,2112,2.5,2160,250,15.2,30,1539,55.9,17.4,1001.2,1009.6,55,1005,1733,1007.7,14.5,5,1200,2.66,18.5,,,,,,6.4,5.4,32,19.2,,,,,,,,,,,,,{박무}0420-{박무}{강도0}0600-0840.,
143,대구,2007-06-06,25.6,20.7,533,31.2,1526,,,,,,,8.6,250,1315,4.4,250,1307,2.5,2160,250,13.1,21,1538,48.8,15.4,1001.4,1009.1,724,1006.2,1704,1007.8,14.5,7.8,1300,3.12,22.25,,,,,,4.6,4,33.4,19.1,,,,,,,,,,,,,,
143,대구,2007-06-07,25,21.6,603,30,1530,,,,,,,7.1,230,1601,4.3,270,1744,2.3,1987,250,11.2,29,1629,42,13.3,1001.5,1010.1,709,1005.9,1549,1008,14.5,3.7,1400,2.03,11.52,,,,,,7.8,3.8,31.4,19.3,,,,,,,,,,,,,,
143,대구,2007-06-08,22.4,16.6,2306,31.6,1407,4,2.5,2016,3.5,2017,5.5,11.1,70,1817,6.9,110,1628,2.9,2506,250,12.7,24,1300,57.1,14.8,1001.8,1011.7,2231,1004.5,1551,1008.4,14.5,9.5,1200,2.7,20.25,,,,,,4.4,3.6,32.1,16,,,,,,,,,,,,,{천둥}{강도0}(SW)1805-{뇌전}{강도0}(SW 3~4)1810-{뇌전}{강도0}(SW{이동}S 3~4)1820-1840. {번개}{강도0}(NW)1955-{뇌전}{강도0}(NW 5~6)2008-{뇌전}{강도1}(NW 2~3)2013-2025. {뇌전}{강도1}(NW 2~3)2210-2240. {소나기}1810-1850. {소나기}2010-{비}2030-{비}{강도0}2100-2140. {소나기}2210-{비}2250-{비}{강도0}2400- {박무}2130-{박무}{강도0}2400-,
143,대구,2007-06-09,19.8,16.1,413,24.5,1503,2.42,.5,51,.5,1,.5,6,110,610,4,110,1610,2,1728,110,12,38,1209,61.6,14.1,1004.2,1012.1,2156,1009.7,1502,1010.9,14.5,4.5,1000,2.4,16.71,,,,,,5.1,4.6,22.6,15,,,,,,,,,,,,,-{박무}-{박무}{강도0}0300-0420. -{비}-0150. {비}0245-{비}{강도0}0300-0320.,
143,대구,2007-06-10,21.2,15.6,356,27.7,1505,,,,,,,7.3,90,1952,4.6,90,1732,2.1,1814,110,12.3,36,1409,58.1,14.3,1004.7,1012.8,2218,1009,1650,1011.3,14.5,7.6,1400,2.59,17.66,,,,,,2.1,2.1,25.3,13.1,,,,,,,,,,,,,{박무}0210-{박무}{강도0}0300-0430.,
143,대구,2007-06-11,24.3,15.8,539,32.2,1503,,,,,,,5.5,50,1232,3.4,110,1639,1.6,1382,90,12.1,15,1555,51.8,14.5,1004.2,1012.4,18,1008.4,1626,1010.8,14.6,9.8,1100,2.7,20.79,,,,,,3,.4,30.7,13.6,,,,,,,,,,,,,,
143,대구,2007-06-12,25.8,20.2,519,32.7,1527,,,,,,,7.1,230,1531,4.5,230,1538,1.6,1382,250,13.9,24,1531,49.6,16,1003.9,1011.9,715,1007.8,1640,1010.3,14.6,10.5,1200,2.91,22.63,,,,,,3.6,.3,33.3,17.2,,,,,,,,,,,,,{햇무리}1350-1520. {채운}1350-1510.,
143,대구,2007-06-13,23.4,19.5,539,27.2,1537,6.08,.2,2340,.5,2319,.4,6.4,110,1922,4.2,110,1923,1.6,1382,110,15.4,40,1548,61,17.6,1000.6,1010.8,0,1004.9,1616,1007.1,14.6,.4,1200,.75,5.97,,,,,,8,4.3,26.7,16.3,,,,,,,,,,,,,{비}1415-1440. {비}1630-1720. {비}1910-{비}{강도0}2100-{비}{강도0}2400- {박무}2250-{박무}{강도0}2400-,
143,대구,2007-06-14,20.6,18.8,800,23.7,1448,11.17,.5,9,1.5,539,5.5,5.4,140,1736,3.6,140,1743,1.5,1296,140,16.2,60,1755,76,18.6,999.7,1008.6,2321,1005,424,1006.2,14.6,0,1100,1.09,7.32,,,,,,8.4,6.1,22.5,18.1,,,,,,,,,,,,,-{비}-{비}{강도0}0300-{비}{강도0}0600-{비}{강도0}0900-1110. -{박무}-{박무}{강도0}0300-{박무}{강도0}0600-{박무}{강도0}0900-1120.,
143,대구,2007-06-15,20.3,17.7,2338,24,1530,2,0,,0,,0,8.6,110,1621,5.5,140,1627,2.7,2333,110,13.7,53,2357,65.5,15.8,1003.8,1012.3,2149,1008.2,310,1010.4,14.6,1.1,1500,1.92,11.32,,,,,,8.8,4.3,20.7,14.8,,,,,,,,,,,,,{박무}0530-{박무}{강도0}0600-{박무}{강도0}0900-1010. {비}0610-0810.,
143,대구,2007-06-16,21.8,14.5,602,28.6,1319,,,,,,,11.5,140,1411,6.9,110,1505,3.4,2938,110,7.5,18,1337,42.5,10.4,1006,1013.8,2156,1010.8,1556,1012.6,14.6,12.7,1200,3.66,28.11,,,,,,2.8,2.1,26.6,10.6,,,,,,,,,,,,,{놀}0440-0550.,
143,대구,2007-06-17,20.4,18.6,2338,22.8,1747,.83,0,,0,,0,8.6,140,1105,5.7,110,1050,3.7,3197,110,12.1,47,1911,58.1,14.2,1006.1,1014,1137,1011.6,344,1012.7,14.6,1.2,900,1.13,8.63,,,,,,5.5,4.5,22.2,17.5,,,,,,,,,,,,,{소나기}0805-0820. {소나기}1150-1155. {비}1240-1310.,
143,대구,2007-06-18,23.5,16.6,448,33,1633,,,,,,,9.1,110,2012,5.4,110,1920,2.6,2246,140,11,11,1623,49.9,13.3,1005.9,1014.1,2346,1010,1529,1012.4,14.6,12.8,1200,3.39,26.68,,,,,,2,2,30.8,14.8,,,,,,,,,,,,,,
143,대구,2007-06-19,22.5,14.8,525,30.1,1420,,,,,,,8.8,110,1725,5.4,140,1720,3.3,2851,140,14.3,30,1531,61.8,16.4,1007.2,1015.6,613,1011.8,1617,1013.8,14.6,12.4,1200,3.44,26.97,,,,,,.1,.1,30.7,12,,,,,,,,,,,,,,
143,대구,2007-06-20,25.4,18.2,508,32.5,1440,,,,,,,7.9,250,1446,4.5,230,1557,1.9,1642,140,16.4,34,1418,59.8,18.8,1005.1,1014.1,558,1008.8,1647,1011.5,14.6,8.5,1100,3.06,20.19,,,,,,3.1,2,31.5,16.2,,,,,,,,,,,,,{박무}0430-{박무}{강도0}0600-{박무}{강도0}0900-1010.,
143,대구,2007-06-21,25.3,21.7,2356,31.1,1400,5.08,3,2341,9,2253,24,6.4,90,2236,4.1,140,1553,1.7,1469,160,19.2,44,1400,69.9,22.5,1000.2,1011,0,1002.5,2351,1006.7,14.6,.4,1200,2.51,11.43,,,,,,9.4,5.1,28.3,21.1,,,,,,,,,,,,,{박무}0840-{박무}{강도0}0900-1120. {비}1550-1555. {비}1640-1720. {비}1940-{비}{강도1}2100-{비}{강도1}2400- {박무}2020-{박무}{강도0}2100-{박무}{강도0}2400-,
143,대구,2007-06-22,21.1,19.5,2358,23.5,1646,15.5,2.5,18,3.5,0,11,6.4,140,1053,4.2,140,1303,2.2,1901,110,18.8,70,1649,86,21.9,998.1,1008.3,2330,1001.5,212,1004.6,14.6,.5,1600,1.18,6.72,,,,,,8.3,5.5,22.3,17.2,,,,,,,,,,,,,-{비}-{비}{강도0}0300-{비}{강도0}0600-{비}{강도0}0900-{비}{강도0}1200-{비}{강도0}1500-1530. -{박무}-{박무}{강도0}0300-{박무}{강도0}0600-{박무}{강도0}0900-{박무}{강도0}1200-1310.,
143,대구,2007-06-23,20.9,17.7,2312,27.5,1335,8.42,3,2237,8,2150,12.5,5.4,250,1424,3.2,230,1432,1.1,950,50,17.1,47,1418,79.6,19.7,1001.4,1009,724,1006.3,2400,1008,14.6,0,1200,2.04,10.98,,,,,,9,5.3,22.3,16.7,,,,,,,,,,,,,{박무}0130-{박무}{강도0}0300-{박무}{강도1}0600-{박무}{강도0}0900-{박무}{강도0}1200-1410. {비}1535-{비}{강도0}1800-{비}{강도0}2100-{비}{강도0}2400- {박무}2040-{박무}{강도0}2100-{박무}{강도0}2400-,
143,대구,2007-06-24,20.9,17.6,216,23.8,1628,9.25,2,40,3.5,7,9.5,6,110,1016,4,110,1108,1.7,1469,140,18.8,78,1630,87,21.9,994.3,1006.4,2,998.5,1644,1000.8,14.6,0,1100,.95,6.58,,,,,,10,6,22.2,17.5,,,,,,,,,,,,,-{박무}-{박무}{강도0}0300-{박무}{강도0}0600-{박무}{강도0}0900-{박무}{강도0}1200-{박무}{강도0}1500-{박무}{강도0}1800-{박무}{강도0}2100-{박무}{강도0}2400- -{비}-{비}{강도0}0300-{비}{강도0}0600-{비}{강도0}0900-0915.,
143,대구,2007-06-25,23.5,20.3,335,27.7,1444,1.17,0,,0,,0,6.6,140,2123,4.1,110,2052,1.6,1382,140,18.8,57,1250,74.9,21.8,995.6,1003.3,802,1000.9,1536,1002.1,14.6,0,1100,1.7,9.94,,,,,,10,4.5,24.3,18.7,,,,,,,,,,,,,-{박무}-{박무}{강도1}0300-{박무}{강도0}0600-0620. {비}0630-0640. {비}0740-0825. {박무}1010-{박무}{강도0}1200-{박무}{강도0}1500-{박무}{강도0}1800-{박무}{강도0}2100-{박무}{강도0}2400- {비}2040-2055.,
143,대구,2007-06-26,25.1,20.7,517,30.5,1513,.33,.2,,.2,,.2,6,110,104,3.7,140,108,2.3,1987,140,18.7,48,1514,68.5,21.8,998.6,1007.1,2209,1003,25,1005,14.6,3.5,1300,2.82,19.87,,,,,,7.8,5.1,25.9,19.6,,,,,,,,,,,,,-{박무}-{박무}{강도1}0300-{박무}{강도1}0600-{박무}{강도0}0900-{박무}{강도0}1200-1450. {비}0505-0525. {박무}2010-{박무}{강도0}2100-{박무}{강도0}2400-,
143,대구,2007-06-27,27.5,22.2,409,32.5,1333,,,,,,,7.6,250,1506,5.1,250,1512,1.5,1296,250,19.4,41,1436,62.6,22.8,1001,1008.4,803,1006.2,1658,1007.4,14.6,5,1100,2.88,19.11,,,,,,7.6,2.5,27.5,20.6,,,,,,,,,,,,,-{박무}-{박무}{강도0}0300-{박무}{강도0}0600-{박무}{강도0}0900-{박무}{강도0}1200-1230. {박무}1920-{박무}{강도0}2100-{박무}{강도0}2400-,
143,대구,2007-06-28,27.6,24.1,527,31.7,1148,3.25,6.5,2311,7,2305,7,6.5,250,2317,3.5,230,2321,1.4,1210,230,20.9,54,1149,67,25.1,998.5,1007.5,13,1002.8,1730,1004.9,14.6,.4,1100,1.71,11.98,,,,,,8.9,6.1,27,22.1,,,,,,,,,,,,,-{박무}-{박무}{강도0}0300-{박무}{강도0}0600-{박무}{강도0}0900-0945. {비}0440-0520. {비}0650-0840. {비}1835-1850. {박무}2030-{박무}{강도0}2100-{박무}{강도0}2400- {천둥}{강도0}(SW)2245-{뇌전}{강도0}(SW 5~6)2305-{뇌전}{강도0}(SW{이동}S 7~8)2310-2320. {소나기}2305-2335.,
143,대구,2007-06-29,27.4,24.2,445,32,1414,2.92,1.5,352,4.5,343,5,11.6,250,1437,6.6,250,1533,2.7,2333,250,19.7,39,1448,64.6,23.4,997.4,1006.5,2356,1002.3,1302,1003.8,14.6,4,1400,2.93,18.7,,,,,,7.1,5.8,27.4,23.6,,,,,,,,,,,,,-{박무}-{박무}{강도0}0300-{박무}{강도0}0600-0820. {비}0235-{비}{강도0}0300-0530. {박무}2350-{박무}{강도0}2400-,
143,대구,2007-06-30,24.5,21.8,2334,27.5,1450,,,,,,,9.5,110,2033,6.3,90,2038,3.3,2851,110,18.1,57,1450,67.4,21,1001.8,1009.6,2157,1006.4,0,1008.3,14.6,.8,1400,1.76,13.13,,,,,,8.6,8.4,25.1,21.3,,,,,,,,,,,,,-{박무}-{박무}{강도0}0300-{박무}{강도0}0600-{박무}{강도0}0900-{박무}{강도0}1200-1230.,
143,대구,2007-07-01,20.7,19.2,618,22.1,29,15,3,312,9,248,34.5,8,110,521,5.4,90,0,2.5,2160,110,18.6,77,27,87.3,21.6,1000.1,1008.6,0,1004.9,1704,1006.6,14.6,0,1100,.78,4.91,,,,,,10,6.5,21.9,18.8,,,,,,,,,,,,,{비}0055-{비}{강도1}0300-{비}{강도1}0600-0825. {박무}0110-{박무}{강도0}0300-{박무}{강도0}0600-{박무}{강도0}0900-0920. {비}0845-{비}{강도0}0900-1130. {비}1225-{비}{강도1}1500-1710. {박무}1230-{박무}{강도0}1500-{박무}{강도0}1800-{박무}{강도0}2100-{박무}{강도0}2400-,
143,대구,2007-07-02,23.5,20.2,315,27.3,1243,.83,0,,0,,0,5.5,140,500,3.4,140,513,1.8,1555,140,20.1,65,1250,80.9,23.7,996.7,1005.7,0,1001,1801,1003.2,14.6,.2,1200,2.12,9.55,,,,,,9.6,5.6,23.9,19.7,,,,,,,,,,,,,-{박무}-{박무}{강도0}0300-{박무}{강도0}0600-{박무}{강도0}0900-1040. {비}0240-{비}{강도0}0300-0330. {박무}1920-{박무}{강도0}2100-{박무}{강도0}2400-,
143,대구,2007-07-03,25.4,22.5,416,30.2,1316,1.92,0,,0,,0,6.9,110,1735,4.1,110,1728,2,1728,110,20.6,52,1317,75,24.4,996.8,1004.7,807,1001.9,1655,1003.2,14.6,1.5,1100,2.58,14.43,,,,,,9.6,5.4,26.1,21.7,,,,,,,,,,,,,-{박무}-{박무}{강도0}0300-{박무}{강도0}0600-{박무}{강도0}0900-{박무}{강도0}1200-1255. {비}0130-0240. {비}0720-0805. {박무}1640-{박무}{강도0}1800-{박무}{강도0}2100-{박무}{강도0}2400-,
143,대구,2007-07-04,22.4,20.3,2357,25.3,1730,12.17,2,1027,6,949,20.5,5.6,270,1453,3.5,110,431,1.7,1469,250,19.9,67,1749,85,23.4,994.4,1003.9,2341,998.6,550,1000.8,14.5,1.3,1700,.91,6.89,,,,,,8,5,23.6,18.7,,,,,,,,,,,,,-{박무}-{박무}{강도0}0300-{박무}{강도1}0600-{박무}{강도0}0900-{박무}{강도0}1200-{박무}{강도0}1500-1620. {비}0135-{비}{강도0}0300-{비}{강도0}0600-{비}{강도0}0900-{비}{강도0}1200-1345.,
143,대구,2007-07-05,24.8,19.7,418,30,1406,,,,,,,5.4,270,1303,3.6,230,1435,1.4,1210,250,18.8,50,1507,70.3,21.9,997.9,1005.8,751,1002.5,1651,1004.4,14.5,3.8,1200,2.86,16.95,,,,,,6.5,2.5,24.7,18.2,,,,,,,,,,,,,{박무}0130-{박무}{강도0}0300-{박무}{강도0}0600-{박무}{강도0}0900-0945. {박무}1750-{박무}{강도0}1800-{박무}{강도0}2100-{박무}{강도0}2400-,
143,대구,2007-07-06,24.8,20.5,439,29.7,1232,,,,,,,10,140,1915,6.2,90,1838,2.9,2506,90,18.1,47,1223,67,20.9,996.7,1004.8,0,1001.3,1615,1003.2,14.5,9.1,1100,2.77,22.73,,,,,,4.3,2.1,26.2,18.2,,,,,,,,,,,,,-{박무}-{박무}{강도0}0300-{박무}{강도0}0600-{박무}{강도0}0900-{박무}{강도0}1200-{박무}{강도0}1500-1630. {박무}1930-{박무}{강도0}2100-{박무}{강도0}2400-,
143,대구,2007-07-07,24.9,21.7,537,29.1,1401,,,,,,,7.5,110,2306,4.4,140,2300,2.6,2246,110,18,48,1258,65.9,20.8,997.7,1005.6,2259,1002.9,1706,1004.1,14.5,7.3,1200,3.14,21.72,,,,,,5.5,2.8,26.2,20.8,,,,,,,,,,,,,-{박무}-{박무}{강도0}0300-{박무}{강도0}0600-{박무}{강도0}0900-1120. {박무}2230-{박무}{강도0}2400-,
143,대구,2007-07-08,23.9,21.6,445,28.7,1514,,,,,,,7,90,1738,4.3,110,1758,2.8,2419,110,18.2,51,1516,70.3,21,998.1,1005.8,834,1002.4,1735,1004.6,14.5,2.3,1400,1.98,12.55,,,,,,6,1.9,24.6,20.7,,,,,,,,,,,,,-{박무}-{박무}{강도0}0300-{박무}{강도0}0600-{박무}{강도0}0900-{박무}{강도0}1200-1440. {박무}2140-{박무}{강도0}2400-,
143,대구,2007-07-09,21.5,19.5,2309,24.6,1339,8.33,3,2300,10.5,2222,24,8.6,90,2012,5.2,90,2041,3.4,2938,110,17.8,62,1348,79.1,20.5,997.2,1005.9,1046,1000.6,2400,1003.7,14.5,0,1000,1.05,7.04,,,,,,9.1,4.8,22.4,18,,,,,,,,,,,,,-{박무}-{박무}{강도0}0300-0430. {비}1540-{비}{강도0}1800-{비}{강도0}2100-{비}{강도1}2400- {박무}1740-{박무}{강도0}1800-{박무}{강도0}2100-{박무}{강도0}2400-,
143,대구,2007-07-10,21.1,19.7,0,22.2,1445,18.92,2.5,241,5,203,13.5,8,110,43,4.9,90,50,1.8,1555,250,19.9,88,2055,92,23.4,992.1,1001.7,2147,996.8,524,998.7,14.5,0,1000,.36,2.96,,,,,,10,6.6,22.1,19.2,,,,,,,,,,,,,-{비}-{비}{강도1}0300-{비}{강도0}0600-{비}{강도0}0900-{비}{강도0}1200-{비}{강도0}1500-{비}{강도0}1800-1855. -{박무}-{박무}{강도0}0300-{박무}{강도0}0600-{박무}{강도0}0900-{박무}{강도0}1200-{박무}{강도0}1500-1710.,
143,대구,2007-07-11,21.6,19.7,419,24.3,1535,.67,.1,,.1,,.1,7.9,140,1244,4.8,110,1231,3.1,2678,110,17.7,68,1519,77.9,20.3,997.4,1006.7,2252,1001.2,14,1003.9,14.4,.3,1200,2.19,8.66,,,,,,10,6.9,22.4,19.1,,,,,,,,,,,,,{박무}0130-{박무}{강도0}0300-{박무}{강도0}0600-0840. {비}0405-0445. {박무}1040-{박무}{강도0}1200-1250.,
143,대구,2007-07-12,25.1,20.2,426,30.7,1418,,,,,,,5.4,90,2053,3.6,90,2134,2.1,1814,110,18.4,40,1619,67.9,21.3,1000.7,1009.5,2355,1005.7,402,1007.2,14.4,6,1300,3.1,19.26,,,,,,6.9,4.4,25.3,19.7,,,,,,,,,,,,,{박무}0430-{박무}{강도0}0600-0650. {박무}2240-{박무}{강도0}2400-,
143,대구,2007-07-13,22.1,19.5,2351,24.6,910,7.75,.5,2031,.5,1941,1,10.1,90,1117,6.2,90,1121,3.9,3370,110,18.3,68,1247,78.4,21.1,1002,1009.6,16,1007.5,2359,1008.6,14.4,0,1200,.89,6.51,,,,,,9.1,6.6,22.8,18.7,,,,,,,,,,,,,-{박무}-{박무}{강도0}0300-{박무}{강도0}0600-0825. {비}1250-1335. {비}1540-{비}{강도0}1800-{비}{강도0}2100-2240. {박무}1740-{박무}{강도0}1800-{박무}{강도0}2100-{박무}{강도0}2400-,
143,대구,2007-07-14,21.8,18.7,701,24.8,1444,2.75,.5,654,.8,605,1,10.1,50,1509,5.8,90,1345,3,2592,110,16.5,60,2336,71.4,18.9,994.6,1007.5,0,997.7,1714,1001.1,14.4,0,1100,.72,6.09,,,,,,9,6.8,21.6,18.5,,,,,,,,,,,,,-{박무}-0230. {비}0410-0440. {비}0605-0820.,
143,대구,2007-07-15,23.7,18.7,542,30.8,1415,,,,,,,8.1,110,2213,5.2,140,1909,2.2,1901,250,15.2,36,1425,59.6,17.4,995.5,1004.3,2225,999.4,6,1002,14.4,9.4,1200,3.3,20.45,,,,,,4.3,3.4,25.4,16.3,,,,,,,,,,,,,,
143,대구,2007-07-16,21.2,18.6,422,23.7,1242,3.83,.5,24,1.5,22,2,6.6,90,13,4.5,90,30,2.2,1901,110,17.7,70,0,79.8,20.4,994.1,1003.9,114,998.3,1845,1000.6,14.4,.2,1200,1.45,7.51,,,,,,9.9,5.4,22.3,17.2,,,,,,,,,,,,,{비}0015-0215. {비}0315-0425. {박무}0910-1140. {비}0950-1030.,
143,대구,2007-07-17,24.1,21.7,125,27.5,1456,,,,,,,5.9,250,954,3.6,250,1200,1.5,1296,270,18.6,57,1459,71.3,21.6,995.4,1004.2,2300,999.4,435,1001.8,14.4,.5,1300,1.6,9.61,,,,,,7.9,6.8,24.3,20.3,,,,,,,,,,,,,,
143,대구,2007-07-18,26.7,21.2,542,32.2,1614,,,,,,,7.9,230,1613,3.1,270,1617,1.4,1210,90,18.7,38,1623,63,21.8,996.7,1004.9,704,1000.7,1837,1003.1,14.3,10.2,1200,2.86,22.04,,,,,,4.1,3.5,28,18.7,,,,,,,,,,,,,{박무}0310-{박무}{강도0}0600-0845. {박무}2230-{박무}{강도0}2400-,
143,대구,2007-07-19,25.7,23.2,446,27.7,1157,6,1,1717,2,1550,3.5,3.9,50,1127,2.6,50,1300,1.1,950,70,22.4,68,950,81.8,27.4,993.6,1002.8,38,997.4,1753,1000,14.3,0,900,.81,4.46,,,,,,10,5,25.4,21.2,,,,,,,,,,,,,-{박무}-{박무}{강도0}0300-{박무}{강도0}0600-{박무}{강도0}0900-{박무}{강도0}1200-{박무}{강도0}1500-{박무}{강도0}1800-{박무}{강도0}2100-{박무}{강도0}2400- {비}1335-{비}{강도0}1500-{소나기}1505-{비}1720-{비}{강도0}1800-1825. {비}1920-2030. {천둥}{강도0}(W)1611-{뇌전}{강도0}(W 4~6)1626-{뇌전}{강도0}(W{이동}NW 4~6)1632-{뇌전}{강도0}(NW{이동}N 4~6)1650-1715.,
143,대구,2007-07-20,24.6,21.6,2353,27.5,1132,4.75,1,623,1.8,538,2.5,9.6,90,1442,5.8,90,1115,2.8,2419,110,20.7,62,1806,78.8,24.9,995.5,1004.6,2127,999.2,327,1002,14.3,.7,1100,2.19,12.1,,,,,,9.9,6,25.9,21.2,,,,,,,,,,,,,-{박무}-{박무}{강도1}0300-{박무}{강도1}0600-{박무}{강도0}0900-0930. {비}0520-{비}{강도0}0600-0810. {비}1925-{비}{강도0}2100-2120.,
143,대구,2007-07-21,22.4,21.1,404,24,1427,5.5,.5,905,1,2255,1.5,6.6,140,7,4,140,42,1.4,1210,140,19.2,68,203,81.6,22.5,998.2,1005.5,927,1003.9,325,1004.7,14.3,0,1100,.68,4.12,,,,,,10,6.6,23,20.7,,,,,,,,,,,,,{비}0850-{비}{강도0}0900-1040. {박무}0930-{박무}{강도0}1200-{박무}{강도0}1500-{박무}{강도0}1800-{박무}{강도1}2100-{박무}{강도1}2400- {이슬비}2020-{이슬비}{강도0}2100-{비}2120-{비}{강도0}2400-,
143,대구,2007-07-22,24.9,21.6,1,30.7,1328,1.83,.5,29,.5,0,.5,8.1,110,1548,5.5,140,1705,2.2,1901,110,20.1,49,1335,75,23.7,999.4,1008.3,2222,1004.2,241,1005.8,14.2,7.1,1200,2.88,18.21,,,,,,7,5,26.4,21.2,,,,,,,,,,,,,-{비}-0150. -{박무}-{박무}{강도1}0300-{박무}{강도0}0600-{박무}{강도0}0900-0930.,
143,대구,2007-07-23,26.4,22.2,248,30.7,1157,,,,,,,6.1,140,1227,3.2,250,1236,1.4,1210,110,21.2,53,1202,73.4,25.4,1002.6,1010.4,2320,1007.9,1551,1009,14.2,3.9,1100,2.58,13.5,,,,,,8.5,5.1,27.1,21.6,,,,,,,,,,,,,{박무}0130-{박무}{강도0}0300-{박무}{강도0}0600-{박무}{강도0}0900-1130. {박무}2020-{박무}{강도0}2100-{박무}{강도0}2400-,
143,대구,2007-07-24,27.1,24.1,446,30.6,1521,1,0,,0,,0,4.5,110,1604,2.8,140,1625,1.1,950,50,22.4,59,1427,76.3,27.4,1003.1,1010.7,1025,1008.1,1746,1009.6,14.2,.9,1400,2.11,10.74,,,,,,9,5.4,27.6,22.8,,,,,,,,,,,,,-{박무}-{박무}{강도0}0300-{박무}{강도1}0600-{박무}{강도0}0900-{박무}{강도0}1200-{박무}{강도0}1500-1720. {비}1150-{비}{강도0}1200-1250. {박무}1950-{박무}{강도0}2100-{박무}{강도0}2400-,
143,대구,2007-07-25,29,25.7,351,33.4,1434,,,,,,,8,270,1404,4.7,250,1411,1.8,1555,270,22.3,48,1655,68,27.3,1002.5,1009.7,0,1007.9,1549,1008.9,14.2,5.9,1000,1.87,15.87,,,,,,5.1,4.5,28.7,23.3,,,,,,,,,,,,,-{박무}-{박무}{강도0}0300-{박무}{강도0}0600-{박무}{강도0}0900-{박무}{강도0}1200-{박무}{강도0}1500-1720.,
143,대구,2007-07-26,29.9,25,406,34.9,1519,,,,,,,6.8,270,1137,4.1,250,1154,1.9,1642,250,21.3,43,1403,61,25.5,1003.5,1011.3,937,1008.5,1709,1009.8,14.1,11.4,1200,3.08,22.97,,,,,,1.4,1.4,30.2,22.7,,,,,,,,,,,,,{박무}0140-{박무}{강도0}0300-{박무}{강도0}0600-{박무}{강도0}0900-{박무}{강도0}1200-1215.,
143,대구,2007-07-27,30.3,25.3,555,35.5,1455,,,,,,,7.3,270,1747,4.2,270,1756,2,1728,270,21.8,43,1457,61.5,26.3,1002.4,1010.5,753,1007.2,1602,1008.8,14.1,10.5,1200,3.01,22.98,,,,,,1.1,1.1,31.3,23.7,,,,,,,,,,,,,{박무}0325-{박무}{강도0}0600-{박무}{강도0}0900-1025. {박무}2020-{박무}{강도0}2100-{박무}{강도0}2400-,
143,대구,2007-07-28,30.2,26.3,535,34.2,1411,,,,,,,9.5,270,1016,5.9,270,1022,3,2592,250,21.6,41,1536,60.9,26,1002,1009.6,732,1007.1,1708,1008.4,14.1,9.3,1200,2.87,21.44,,,,,,1.6,1.6,31.2,24.6,,,,,,,,,,,,,-{박무}-{박무}{강도0}0300-{박무}{강도0}0600-{박무}{강도0}0900-0940. {박무}1950-{박무}{강도0}2100-{박무}{강도0}2400-,
143,대구,2007-07-29,27.3,22.2,2344,33.7,1311,2.5,1,1557,2.2,1522,3,18.3,340,1504,8,290,1512,2.3,1987,250,21,45,1443,69.8,25.2,1003.1,1011.2,1604,1008,1406,1009.5,14.1,4.5,1200,2.63,15.33,,,,,,6,2,29.4,20.8,,,,,,,,,,,,,-{박무}-{박무}{강도0}0300-{박무}{강도1}0600-{박무}{강도0}0900-{박무}{강도0}1200-{박무}{강도0}1500-1530. {비}1455-{비}{강도0}1500-1725. {천둥}{강도0}(W)1525-{천둥}{강도0}(SW)1530-{뇌전}{강도0}(SW 3~5)1540-{뇌전}{강도0}(SW{이동}S 3~5)1545-1610.,
143,대구,2007-07-30,25.1,20.8,538,30.7,1434,,,,,,,7,140,1046,4.7,90,1654,2.5,2160,110,19,46,1533,69.9,22.1,1003.7,1012.1,927,1008.7,1650,1010.2,14,7.1,1400,2.63,20.25,,,,,,4.3,4.3,27.6,19.7,,,,,,,,,,,,,{박무}0320-{박무}{강도0}0600-{박무}{강도0}0900-0930.,
143,대구,2007-07-31,27.6,22.7,324,32.7,1618,,,,,,,6.5,250,1244,4.1,250,1300,1.9,1642,250,19.7,41,1624,63.4,23.2,1000.6,1009.6,0,1004.5,1847,1007,14,7.6,1300,2.91,19.34,,,,,,5.4,5,28.8,21.2,,,,,,,,,,,,,{박무}0420-{박무}{강도0}0600-0750.,
143,대구,2007-08-01,29.6,24.7,503,35.2,1437,,,,,,,9.3,250,1211,5.1,250,1101,2.1,1814,180,21.4,41,1305,62.6,25.7,998.5,1006.6,2,1002.7,1331,1004.9,14,8.9,1200,3.02,21.4,,,,,,3.3,3.1,32.8,22.5,,,,,,,,,,,,,{박무}0110-{박무}{강도0}0300-{박무}{강도0}0600-{박무}{강도0}0900-0920.,
143,대구,2007-08-02,30.3,26.1,513,35.4,1436,,,,,,,7.6,110,2031,5.2,110,2037,1.7,1469,70,21,42,1433,58.6,25.3,997.9,1007.2,815,1001.2,1810,1004.2,14,6.9,1300,2.51,17.98,,,,,,4.3,2.3,32.7,23.2,,,,,,,,,,,,,{박무}0040-{박무}{강도0}0300-0530.,
143,대구,2007-08-03,29.3,24.6,2315,36.4,1452,.33,2.5,1821,3,,3,11.1,250,1627,6.1,230,1632,2.4,2074,250,20.5,37,1509,60.9,24.4,997.1,1006.4,2242,1000.5,250,1003.4,13.9,4.7,1200,2.57,15.34,,,,,,6.3,4.5,32.4,23.5,,,,,,,,,,,,3,{천둥}{강도0}(SW)1630-1655. {천둥}{강도0}(S)1755-{천둥}{강도0}(S)1800-{천둥}{강도0}(SE)1825-1840. {천둥}{강도0}(SW)1855-{뇌전}{강도0}(SW 3~4)1905-{뇌전}{강도0}(SW{이동}S 3~5)1913-{뇌전}{강도0}(S{이동}SE 3~5)1940-{뇌전}{강도0}(SE{이동}E 5~6)2010-{번개}{강도0}(E)2025-2048. {소나기}1810-1830.,
143,대구,2007-08-04,29.1,23.7,429,34.9,1417,,,,,,,9.5,230,1356,4.3,160,1641,2.2,1901,200,21.5,40,1409,65.5,25.9,999.9,1008.4,2340,1004.3,1423,1006.3,13.9,8.6,1300,3.13,21.25,,,,,,4.9,4.4,31.5,23.1,,,,,,,,,,,,.5,{박무}0215-{박무}{강도0}0300-{박무}{강도0}0600-{박무}{강도0}0900-1030.,
143,대구,2007-08-05,27.2,25.2,2356,30.2,1548,8.17,.5,743,.5,653,.5,7.6,230,1653,3.4,230,1659,1.6,1382,250,22,48,1609,73.3,26.8,1003.6,1012.2,2339,1008,307,1010,13.9,.3,1500,1.26,8.42,,,,,,8.4,4.3,28,23.3,,,,,,,,,,,,2,{박무}0210-{박무}{강도0}0300-{박무}{강도0}0600-0620. {비}0255-{비}{강도0}0300-0340. {비}0415-{비}{강도0}0600-{비}{강도0}0900-1140. {박무}0930-{박무}{강도0}1200-1330.,
143,대구,2007-08-06,25.5,23.5,614,27.5,1737,9.03,.5,207,1,449,2.5,3.7,270,1623,2.2,230,1253,1.1,950,50,21.9,70,1202,80.8,26.6,1007.2,1015,818,1012.2,0,1013.7,13.8,0,1100,1.19,7.14,,,,,,10,6.9,26.2,22.6,,,,,,,,,,,,,{비}0115-{비}{강도0}0300-0335. {비}0440-{비}{강도0}0600-0855. {비}1243-1315. {비}1455-{비}{강도0}1500-1610. {박무}0230-{박무}{강도0}0300-{박무}{강도0}0600-0620. {박무}0740-{박무}{강도0}0900-1010. {비}2310-2350.,
143,대구,2007-08-07,24.5,22.3,355,27,1009,16.67,4,1025,11,315,40,4.5,90,1905,3.2,90,1828,1.4,1210,90,22.7,77,1012,89.5,28,1006.2,1014.3,45,1011.2,1704,1012.8,13.8,.8,800,1.09,6.32,,,,,,9.5,6.4,26.1,22.2,,,,,,,,,,,,,{비}0030-{비}{강도0}0300-0540. {비}0910-1150. {비}1220-{비}{강도0}1500-1610. {박무}0135-{박무}{강도0}0300-0550. {박무}1340-{박무}{강도0}1500-{박무}{강도0}1800-{박무}{강도0}2100-2120. {비}1740-{비}{강도0}1800-{비}{강도0}2100-2240. {천둥}{강도0}(S)1820-1830. {뇌전}{강도0}(S 5~6)2020-{뇌전}{강도0}(S{이동}SE 5~6)2032-2045.,
143,대구,2007-08-08,25.2,24,9,27.1,532,13.83,5.5,830,17,741,37.5,6.1,160,549,4.2,90,1539,1.8,1555,90,23.6,76,532,90.5,29.4,1004.6,1012.3,2128,1009.3,435,1011,13.8,.2,1500,1.22,4.83,,,,,,8.8,6.9,25.6,23.2,,,,,,,,,,,,,{천둥}{강도0}(SW)0510-0550. {천둥}{강도0}(S)0630-{뇌전}{강도0}(S 3~4)0645-{뇌전}{강도0}(S{이동}SE 3~4)0740-{뇌전}{강도0}(SE{이동}E 3~4)0830-0835. {천둥}{강도0}(NW)0850-{천둥}{강도0}(NW)0900-{뇌전}{강도0}(NW 3~4)0925-{뇌전}{강도0}(NW{이동}N 3~4)0935-{뇌전}{강도0}(N{이동}NE 3~4)1040-{뇌전}{강도0}(NE 5~6)1125-{천둥}{강도0}(NE)1145-{천둥}{강도0}(NE)1200-1220. {뇌전}{강도0}(SW 5~6)1410-{뇌전}{강도0}(SW{이동}W 3~4)1440-{뇌전}{강도0}(W{이동}NW 5~6)1455-{뇌전}{강도0}(NW 5~7)1500-1510. {비}0530-{비}{강도0}0600-{비}{강도1}0900-{비}{강도1}1200-{비}{강도1}1500-{비}{강도1}1800-1920. {뇌전}{강도0}(SE 3~4)1740-1755.,
143,대구,2007-08-09,27.3,25.3,1,30.7,1641,4.67,.5,1331,.5,1241,.5,4.8,250,1332,2.5,250,1334,1,864,50,24.2,67,1741,83.5,30.7,1004.8,1011.9,28,1010,1656,1011.2,13.7,.3,1600,1.13,7.11,,,,,,8,6.4,27.7,24.7,,,,,,,,,,,,,{비}0735-0740. {비}0820-{비}{강도0}0900-1040. {천둥}{강도0}(SW)1110-1130. {천둥}{강도0}(NW)1325-{뇌전}{강도0}(NW 3~4)1330-1350. {소나기}1125-{비}1140-{비}{강도0}1200-1205. {소나기}1240-1415.,
143,대구,2007-08-10,28.2,25.3,530,32.7,1511,2.5,4,1246,4,1220,4.5,9.1,230,1249,5.4,250,1243,1.6,1382,50,23.2,54,1515,74.9,28.8,1003.4,1011.7,0,1008,1742,1009.8,13.7,5.1,1300,2.63,15.28,,,,,,5.4,5.1,28.9,23.7,,,,,,,,,,,,,{비}0750-{비}{강도0}0900-0920. {소나기}1220-{비}1255-1320. {뇌전}{강도0}(NW 3~4)1240-1250.,
143,대구,2007-08-11,29.2,24.1,531,34.2,1549,,,,,,,7.6,140,1203,4.9,90,1930,2.8,2419,110,20.7,38,1521,62.1,24.8,1000.7,1010,0,1005.3,1700,1007.1,13.7,11,1300,3.16,24.91,,,,,,4.3,2.6,30.3,22.6,,,,,,,,,,,,,,
143,대구,2007-08-12,27.4,25.7,1659,29.2,834,9.83,1,1636,2,1640,2.5,13.3,140,813,6.5,140,827,3.4,2938,110,21.9,57,835,72.4,26.6,996.4,1005.7,0,1001.5,1623,1002.8,13.7,0,800,.74,4.58,,,,,,8.6,5.9,26,24.2,,,,,,,,,,,,,{비}1055-1135. {비}1230-{비}{강도0}1500-{비}{강도0}1800-{비}{강도0}2100-2140. {뇌전}{강도0}(S 7~8)2035-2043.,
143,대구,2007-08-13,27.3,25.6,501,30.3,914,4.3,1.5,1628,2,1614,3,7.5,90,1743,4.9,140,1024,2.8,2419,110,23,57,1013,77.8,28.5,996.3,1004,0,1001.6,1604,1002.8,13.6,3,900,1.96,11.72,,,,,,8.4,6.4,28.3,24.7,,,,,,,,,,,,,{비}1302-1335. {비}1455-{비}{강도0}1500-{비}{강도0}1800-1820. {비}2305-2325.,
143,대구,2007-08-14,27.7,25.3,406,29.2,858,9.67,2.5,337,5,301,8,11.6,160,655,5.7,160,828,2.7,2333,140,23.2,68,906,76.4,28.8,997.9,1009.1,2349,1001.4,325,1004.3,13.6,.1,1000,.66,5.69,,,,,,9.1,6,27,24.7,,,,,,,,,,,,,{비}0050-0150. {비}0240-{비}{강도0}0300-{비}{강도0}0600-0620. {비}0640-0730. {비}0915-1120. {비}1320-1435. {비}1525-1555. {비}1910-1930.,
143,대구,2007-08-15,28.1,24.5,528,33.2,1517,1.83,.5,450,.5,400,.5,5.6,250,1714,2.8,230,1722,1,864,50,22.4,49,1529,72.3,27.4,1005,1014.2,2342,1009,5,1011.4,13.6,4.7,1300,1.79,14.24,,,,,,6.1,2.9,28,23.3,,,,,,,,,,,,,{비}0355-0545. {박무}0420-0550.,
143,대구,2007-08-16,29.4,24,534,34.7,1608,,,,,,,6.5,270,1430,3.8,250,1352,1.3,1123,270,22.5,45,1605,68.1,27.6,1006.5,1014.5,702,1011.2,1830,1013,13.5,10.8,1100,3.04,21.89,,,,,,1.4,1.1,30,21.8,,,,,,,,,,,,,,
143,대구,2007-08-17,30.4,25.2,619,36.2,1528,,,,,,,6.3,140,1922,4.1,110,1938,1.7,1469,110,21.8,34,1547,62.1,26.4,1004.7,1013.2,631,1008.7,1812,1011.1,13.5,11.6,1300,3.12,23.76,,,,,,.9,.9,31,24.6,,,,,,,,,,,,,,
143,대구,2007-08-18,30.1,25.3,549,36,1530,,,,,,,6.5,250,1745,3.5,110,31,1.8,1555,230,21.1,33,1537,60.5,25.4,1002.8,1010.9,0,1007,1728,1009.1,13.5,9.5,1300,2.73,20.61,,,,,,2.9,2.9,30.6,23.7,,,,,,,,,,,,,,
143,대구,2007-08-19,29.3,25.7,430,34.5,1425,,,,,,,7.4,200,1644,4.8,250,1658,1.5,1296,250,22.2,42,1427,66.3,27,1003.4,1010.9,2255,1008.1,1546,1009.8,13.4,5.7,1100,2.89,18.4,,,,,,4.8,3.5,29.4,23.8,,,,,,,,,,,,,{박무}0740-{박무}{강도0}0900-0940. {천둥}{강도0}(SW)1450-1455. {천둥}{강도0}(NW)1555-1605.,
143,대구,2007-08-20,29.8,25.3,602,34.9,1450,,,,,,,6.5,270,1319,3.9,230,1457,2.2,1901,250,21.2,39,1300,61.1,25.5,1003.3,1011.2,820,1007.6,1754,1009.7,13.4,8.7,1100,3.14,21.06,,,,,,3.8,2.8,31.5,23.5,,,,,,,,,,,,,,
143,대구,2007-08-21,30.4,26.3,537,35.7,1524,.13,0,,0,,0,10.8,250,1558,5.3,250,1603,2.3,1987,250,22.2,40,1525,62.8,27.1,1001.2,1009.6,719,1005.1,1546,1007.5,13.4,8.5,1100,2.82,20.01,,,,,,4.8,4,33,24.7,,,,,,,,,,,,,{소나기}1636-1644.,
143,대구,2007-08-22,27.9,24.7,2325,33.2,1420,1.92,5,1803,11.5,1750,12.5,8.5,50,1500,4.4,290,1455,1.8,1555,50,22.4,49,1422,72.9,27.4,1001.5,1009.5,2342,1006,1420,1008,13.3,4,1400,1.72,13.18,,,,,,5.8,4,30.3,23.5,,,,,,,,,,,,,{소나기}1525-1550. {소나기}1750-{소나기}{강도0}1800-1920. {천둥}{강도0}(SW)1755-{천둥}{강도0}(SW)1800-{뇌전}{강도0}(SW 4~5)1804-{뇌전}{강도0}(SW 2~3)1822-1830.,
143,대구,2007-08-23,27.9,24,452,32.9,1535,,,,,,,7,110,1831,4.4,90,1754,2.1,1814,110,21.2,41,1452,68.9,25.6,1005.5,1015.1,2328,1009.2,145,1011.9,13.3,8.8,1200,3.18,22.05,,,,,,2.8,2.8,28.8,22.1,,,,,,,,,,,,,{박무}0330-{박무}{강도0}0600-{박무}{강도0}0900-1020.,
143,대구,2007-08-24,28.6,23.7,527,34,1620,,,,,,,5.4,140,103,3.5,140,107,1.6,1382,110,21.8,44,1432,68.3,26.4,1008.8,1017.1,923,1013.4,1636,1015.3,13.2,7.9,1100,2.7,18.54,,,,,,3.3,3.3,29.2,22.3,,,,,,,,,,,,,{박무}0420-{박무}{강도0}0600-{박무}{강도0}0900-{박무}{강도0}1200-1250.,
143,대구,2007-08-25,30.4,25.8,517,35.5,1528,,,,,,,5.8,230,1631,3.7,250,1656,1.3,1123,250,20.8,33,1650,58.1,25,1009.1,1017,638,1013.2,1646,1015.5,13.2,10.3,1200,3.02,21.54,,,,,,1.5,1.5,30.1,23,,,,,,,,,,,,,{박무}0335-{박무}{강도0}0600-{박무}{강도0}0900-0940. {박무}2240-{박무}{강도0}2400-,
143,대구,2007-08-26,28.6,25.5,610,34.7,1328,1.25,2.5,1721,4,1705,4,15.6,250,1707,7.7,250,1716,1.4,1210,270,22.8,35,1335,72.8,28.1,1008.4,1016.5,702,1012,1634,1014.8,13.2,7.3,1100,2.78,17.3,,,,,,4.5,3.3,30.1,24.2,,,,,,,,,,,,,-{박무}-{박무}{강도0}0300-0540. {소나기}1705-{소나기}{강도0}1800-1820. {천둥}{강도0}(W)1710-{뇌전}{강도0}(W 3~4)1720-{뇌전}{강도0}(W{이동}NW 3~4)1740-{천둥}{강도0}(NW)1750-{천둥}{강도0}(N)1755-{천둥}{강도0}(N)1800-1815.,
143,대구,2007-08-27,27.4,25,521,32.2,1302,.92,4,1520,5,1515,7,9.5,290,1521,4.2,290,1526,1.2,1037,250,23.5,55,1304,80.1,29.4,1005.6,1014.6,0,1009.9,1504,1012.1,13.1,3.4,1200,2.19,13.6,,,,,,8,4.8,29.6,24.2,,,,,,,,,,,,,{박무}0420-{박무}{강도0}0600-0620. {천둥}{강도0}(SW)1420-{뇌전}{강도0}(SW 5~6)1427-{뇌전}{강도0}(SW{이동}W 3~4)1435-{천둥}{강도0}(W)1445-{천둥}{강도0}(NW)1500-1530. {천둥}{강도0}(W)1630-1710. {소나기}1515-1545. {소나기}1615-1640.,
143,대구,2007-08-28,26.3,22.3,2236,31.7,1309,5.58,12.5,2216,27.8,2148,28,7.5,110,1857,4.7,140,1925,2.1,1814,110,22.2,56,1317,79,27.2,1003.6,1011.2,1043,1008.6,1610,1010.1,13.1,1.6,1200,2.55,11.35,,,,,,9.3,5.6,27.5,22.1,,,,,,,,,,,,,{비}0740-0840. {비}1440-{비}{강도0}1500-1540. {비}1935-{비}{강도0}2100-{소나기}2220-2310. {번개}{강도0}(NW)2105-{번개}{강도0}(N)2130-2135. {뇌전}{강도0}(N 3~4)2225-2240. {번개}{강도0}(S)2350-{번개}{강도0}(S)2400-,
143,대구,2007-08-29,21.6,18.7,2327,24,1321,22.75,5,252,8,243,36,11.6,90,1937,6.6,90,1939,3.4,2938,110,20,84,1751,90.1,23.7,1001.7,1010.1,105,1006.4,1621,1008.2,13.1,0,1300,.99,4.02,,,,,,10,7,23.1,18.3,,,,,,,,,,,,,-{번개}-0003. {뇌전}{강도0}(SW 4~5)0243-{뇌전}{강도0}(SW 4~5)0300-0305. {소나기}0115-{소나기}{강도0}0300-{비}0340-{비}{강도0}0600-{비}{강도0}0900-{비}{강도0}1200-{비}{강도0}1500-{비}{강도0}1800-{소나기}1930-{비}1945-{비}{강도0}2100-{비}{강도0}2400- {뇌전}{강도0}(W 5~6)1925-{뇌전}{강도0}(NW 4~5)1935-1940. {박무}0510-{박무}{강도0}0600-{박무}{강도0}0900-{박무}{강도0}1200-1320. {박무}2030-{박무}{강도0}2100-{박무}{강도0}2400-,
143,대구,2007-08-30,20.4,18.8,1,22.5,1122,16.83,1.5,1851,2.5,1837,6.5,7.3,140,246,4.5,110,352,1.8,1555,110,18.5,78,1200,88,21.4,1001.1,1009.2,2338,1005.6,1310,1007.7,13,0,1100,.5,3.17,,,,,,10,6.5,22.1,18.5,,,,,,,,,,,,,-{비}-{비}{강도0}0300-0420. {비}0535-{비}{강도0}0600-0730. {비}1150-{비}{강도0}1200-1415. {비}1550-{비}{강도0}1800-{비}{강도0}2100-{비}{강도0}2400- -{박무}-{박무}{강도0}0300-0450. {박무}0540-{박무}{강도0}0600-0740.,
143,대구,2007-08-31,21.6,18.7,42,25.6,1430,8.25,.5,17,.5,0,1.5,6.1,110,1448,3.9,110,1452,1.4,1210,90,18.5,66,1443,82.1,21.4,1003.6,1011.5,946,1008.9,200,1010.2,13,0,1100,1.41,7.81,,,,,,10,5.6,23,18.6,,,,,,,,,,,,,-{비}-0120. {비}0735-{비}{강도0}0900-0910. {비}1840-{비}{강도0}2100-{비}{강도0}2400-,
143,대구,2007-09-01,18.9,17.5,1808,20.7,0,24,2.5,1641,8.5,1639,65,11.6,90,1522,7.1,90,1550,1.6,1382,110,17.8,86,1504,92.5,20.5,1001.1,1010.9,922,1004.8,2354,1007.7,13,0,1000,.32,1.9,,,,,,10,7.6,20.3,17.2,,,,,,,,,,,,,{박무}0020-{박무}{강도0}0300-0510. {박무}1030-{박무}{강도0}1200-{박무}{강도0}1500-{박무}{강도0}1800-{박무}{강도0}2100-{박무}{강도0}2400- -{비}-{비}{강도0}0300-{비}{강도0}0600-{비}{강도0}0900-{비}{강도0}1200-{비}{강도0}1500-{비}{강도1}1800-{비}{강도1}2100-{비}{강도0}2400-,
143,대구,2007-09-02,20.5,18.5,0,22.1,1433,15.25,1,19,2,0,7.5,7.1,110,2019,4,110,2032,2.1,1814,110,19.1,85,2034,90.6,22.2,999.1,1008.4,2328,1003.8,350,1005.7,12.9,0,1100,.95,5.37,,,,,,10,6.9,21.3,18.3,,,,,,,,,,,,,-{비}-{비}{강도0}0300-0315. {비}0430-{비}{강도0}0600-{비}{강도0}0900-{비}{강도0}1200-{비}{강도0}1500-1545. {비}1610-1655. -{박무}-{박무}{강도0}0300-{박무}{강도0}0600-{박무}{강도0}0900-1030.,
143,대구,2007-09-03,22.8,20.2,504,27.5,1426,,,,,,,9,90,1740,5.7,90,1754,2.9,2506,110,18.5,61,1427,76.8,21.5,1003.3,1011.8,2339,1008.2,0,1009.9,12.9,1.4,1400,2.6,13.2,,,,,,8.3,6.8,23.7,18.6,,,,,,,,,,,,,,
143,대구,2007-09-04,20.7,18.1,2001,23.7,1225,15.83,3,1920,10,1917,34.5,5.5,70,1245,3.2,110,842,1.1,950,90,18.3,68,1421,85.8,21.2,1005.3,1012.9,2042,1010.9,1504,1011.9,12.9,0,1400,.5,2.77,,,,,,9.6,6.6,21.9,17.7,,,,,,,,,,,,,{비}0810-{비}{강도0}0900-{비}{강도0}1200-{비}{강도0}1500-{비}{강도0}1800-{비}{강도1}2100-{비}{강도0}2400-,
143,대구,2007-09-05,19.8,18.5,0,21.2,1447,21.33,3.5,729,11,655,48.5,7,140,1534,4,140,1525,1.5,1296,110,18.6,82,1628,91.8,21.6,1002.8,1011.8,0,1007.8,2357,1009.5,12.8,0,1200,.51,2.99,,,,,,10,7.9,20.7,18.4,,,,,,,,,,,,,-{비}-{비}{강도1}0300-{비}{강도1}0600-{비}{강도1}0900-{비}{강도0}1200-1450. {박무}0235-{박무}{강도0}0300-{박무}{강도0}0600-{박무}{강도0}0900-{박무}{강도0}1200-1430. {비}1730-{비}{강도0}1800-{비}{강도0}2100-{비}{강도0}2400-,
143,대구,2007-09-06,19.9,18.2,2248,21.6,1300,16,4,2239,8.5,2200,29.5,7.3,140,1354,4.6,110,1316,2.2,1901,110,18,79,1308,87.9,20.8,999.4,1008.4,57,1004,1532,1006,12.8,0,1200,.42,2.88,,,,,,10,7.1,20.6,17.8,,,,,,,,,,,,,-{비}-{비}{강도0}0300-{비}{강도0}0600-0720. {비}0815-{비}{강도0}0900-1015. {비}1720-{비}{강도0}1800-{소나기}1810-{비}2015-{비}{강도1}2100-{비}{강도0}2400- {뇌전}{강도0}(SW 6~9)1825-{뇌전}{강도0}(SW{이동}S 5~6)1843-{뇌전}{강도0}(S{이동}SE 3~4)1855-{뇌전}{강도0}(SE{이동}E 3~4)1911-1930. {뇌전}{강도0}(E 3~4)2005-{뇌전}{강도0}(E{이동}NE 3~4)2008-2015. {박무}1850-{박무}{강도0}2100-{박무}{강도0}2400-,
143,대구,2007-09-07,21.7,18.5,0,26.2,1616,6.75,3,2203,7.5,2136,10.5,4.6,250,2027,2.9,270,2032,.9,778,250,18.5,60,1309,81.8,21.4,998.3,1006.1,2240,1003.5,1616,1004.8,12.8,.9,1100,1.87,11.29,,,,,,9.5,6.6,22.8,18.2,,,,,,,,,,,,,-{비}-0240. {비}0320-0540. -{박무}-{박무}{강도0}0300-{박무}{강도0}0600-0640. {비}2010-2040. {비}2135-2250.,
143,대구,2007-09-08,23.2,20,557,28,1408,2.25,.5,58,.5,35,.5,7.5,270,1636,4.8,270,1642,1.9,1642,270,16.1,39,1417,66.4,18.6,1000.7,1009.2,2329,1005.9,1523,1007.3,12.7,7.6,1200,3.17,19.93,,,,,,6.6,3.6,24,19.3,,,,,,,,,,,,,{비}0035-0250. {박무}0420-{박무}{강도0}0600-0730.,
143,대구,2007-09-09,23.5,19.2,548,28.5,1543,,,,,,,7.6,320,1230,4.4,250,1411,1.6,1382,250,15.3,37,1609,61.9,17.5,1003,1011.8,2340,1007.9,1451,1009.5,12.7,7.6,1100,2.96,18.35,,,,,,4.4,3.3,23.1,16.8,,,,,,,,,,,,,,
143,대구,2007-09-10,24,17.8,616,30.2,1509,,,,,,,5.8,270,1225,3.3,250,1302,1.2,1037,250,15.9,37,1512,62.8,18.3,1005.7,1013.4,936,1010.3,1521,1012.2,12.6,11,1200,2.83,20.83,,,,,,.8,0,24.4,14.3,,,,,,,,,,,,,{박무}0150-{박무}{강도0}0300-0530.,
143,대구,2007-09-11,24.4,19.7,539,29.8,1558,,,,,,,5.6,270,1248,3.6,140,2034,1.2,1037,250,15.6,35,1216,60,17.9,1005.3,1013.6,742,1010.1,1606,1011.9,12.6,7,1200,2.34,15.88,,,,,,4.8,0,23.5,16.2,,,,,,,,,,,,,{박무}0140-{박무}{강도0}0300-{박무}{강도0}0600-0740. {연무}0940-{연무}{강도0}1200-1250.,
143,대구,2007-09-12,23.4,18.5,639,29,1558,,,,,,,5.8,160,1206,3.5,140,1211,1.7,1469,70,17.2,47,1355,69.4,19.8,1006.4,1014.3,2323,1011.2,1723,1012.9,12.6,8.2,1300,2.8,18.07,,,,,,4,.3,24.8,16,,,,,,,,,,,,,{박무}0150-{박무}{강도0}0300-{박무}{강도0}0600-{박무}{강도0}0900-0950. {연무}0940-{연무}{강도0}1200-1230. {박무}2220-{박무}{강도0}2400-,
143,대구,2007-09-13,23.2,18.6,613,28.7,1159,,,,,,,7.5,90,1413,5,90,1418,2.4,2074,110,16.8,37,1247,68.6,19.3,1007.6,1015.2,848,1012.4,1611,1014.2,12.5,5,1200,2.41,14.84,,,,,,4.4,3.1,23.2,15.8,,,,,,,,,,,,,-{박무}-{박무}{강도0}0300-{박무}{강도0}0600-{박무}{강도0}0900-0930.,
143,대구,2007-09-14,21,20.1,1546,22.5,1234,16.75,3.5,744,7.5,737,21.5,8.8,90,1823,5.3,90,1738,2.7,2333,110,19.2,78,0,88.3,22.3,1005.3,1014.6,0,1008.5,2352,1011.8,12.5,0,1000,.61,3.49,,,,,,9.8,7.9,21.6,18.1,,,,,,,,,,,,,{박무}0120-{박무}{강도0}0300-{박무}{강도0}0600-{박무}{강도0}0900-{박무}{강도0}1200-1240. {박무}1840-{박무}{강도0}2100-{박무}{강도0}2400- {비}0330-{비}{강도0}0600-{비}{강도1}0900-{비}{강도0}1200-1235. {비}1350-{비}{강도0}1500-{비}{강도0}1800-{비}{강도0}2100-2130.,
143,대구,2007-09-15,21.4,20.7,729,21.7,1145,14.75,2,633,6,1137,29.5,9.3,250,633,4.2,160,634,2.3,1987,110,20.2,87,0,92,23.9,1001.1,1009.1,2343,1005.9,409,1007.6,12.5,0,1300,.27,1.5,,,,,,9.9,6.8,21.7,20.1,,,,,,,,,,,,,-{박무}-{박무}{강도0}0300-{박무}{강도0}0600-{박무}{강도0}0900-{박무}{강도0}1200-{박무}{강도0}1500-{박무}{강도0}1800-1820. {천둥}{강도0}(W)0540-{천둥}{강도0}(W)0600-0620. {천둥}{강도0}(SW)0805-{뇌전}{강도0}(SW 4~5)0825-{뇌전}{강도0}(SW{이동}S 3~4)0900-0920. {천둥}{강도0}(SE)1040-{뇌전}{강도0}(SE 3~4)1055-{뇌전}{강도0}(SE{이동}E 3~4)1130-{뇌전}{강도1}(E 1~2)1200-{뇌전}{강도0}(E{이동}NE 3~4)1232-1250. {비}0605-{소나기}0750-{소나기}{강도1}0900-{비}0930-{소나기}1040-{소나기}{강도1}1200-{비}1250-{비}{강도0}1500-{비}{강도0}1800-1950. {비}2040-{비}{강도0}2100-2140. {무지개}1820-1840.,
143,대구,2007-09-16,21.1,19.5,441,23.6,1342,15.53,11,2117,42,2041,98,9.8,110,1950,5.1,140,2054,3.3,2851,110,19,72,1218,87,22.1,1000.2,1010.4,1048,1000.4,2037,1006.8,12.4,0,1100,.95,5.2,,,,,,10,7.4,21.8,19.2,,,,,,,,,,,,,{비}0236-0255. {비}0322-0440. {비}0555-{비}{강도0}0600-{비}{강도0}0900-1020. {비}1430-{비}{강도0}1500-{비}{강도0}1800-{비}{강도2}2100-{비}{강도0}2400- {박무}0320-0520.,
143,대구,2007-09-17,22.1,20,311,25.2,1057,1.5,.5,18,1,14,1,9,110,1951,5.1,110,1929,2.5,2160,110,18.8,70,1754,81.5,21.9,1006.6,1017.5,2214,1004.2,4,1013.2,12.4,.8,1000,1.28,7.19,,,,,,9.3,6.5,22.2,19.7,,,,,,,,,,,,,-{비}-0120. {비}2350-{비}{강도0}2400-,
143,대구,2007-09-18,22.4,20.3,156,24.1,1546,1.42,.2,646,.3,645,.4,10.3,90,1402,6.3,90,1406,3.9,3370,110,19,72,1128,80,22.1,1009.2,1017.4,13,1014.4,1527,1015.8,12.3,0,1100,1.19,6.34,,,,,,9.8,6,22.1,19.2,,,,,,,,,,,,,-{비}-0040. {비}0645-0730.,
143,대구,2007-09-19,27,22.2,527,32,1358,.67,0,,0,,0,7.3,180,1658,3.9,140,1458,1.9,1642,140,21.6,54,1351,72.5,26,1006.4,1014.6,5,1011,1508,1012.8,12.3,6.8,1300,2.29,14.54,,,,,,5.4,5,26.3,21,,,,,,,,,,,,,{박무}0210-{박무}{강도0}0300-{박무}{강도0}0600-0750. {소나기}0930-1010.,
143,대구,2007-09-20,28.3,24.7,627,31.8,1236,.58,1,613,1,605,1,8.8,180,1658,4.4,160,1158,2.3,1987,160,20.8,48,1236,64.5,24.9,1006.7,1014.5,650,1011.5,1444,1013.1,12.3,5.2,1100,2.82,14.14,,,,,,5.8,5.3,26.3,23.5,,,,,,,,,,,,,{비}0605-0640.,
143,대구,2007-09-21,28.6,26.2,557,33,1501,.75,.1,1949,.1,1935,.1,9.1,230,1137,4.4,250,1642,1.8,1555,230,21,47,1310,64,25.2,1007.5,1016.3,2248,1012.2,254,1013.9,12.2,5.6,1100,2.61,13.95,,,,,,6.3,5.3,27.6,23.7,,,,,,,,,,,,,{소나기}1935-2020.,
143,대구,2007-09-22,23.7,20.2,2320,27.1,1230,3.5,.1,2003,.4,2009,.4,10.6,110,1106,6.2,140,1357,3.7,3197,110,18.1,55,1232,70.4,21,1013,1021.9,2139,1016.1,54,1019.6,12.2,2.8,1200,2.82,13.81,,,,,,9.3,5.9,24.5,20,,,,,,,,,,,,,{비}1950-{비}{강도0}2100-2320.,
143,대구,2007-09-23,20.5,18.5,715,21.7,1351,10.33,.5,554,1.5,548,3,5.6,140,1531,3.4,140,1634,1.9,1642,110,16.8,73,110,78.3,19.2,1013.6,1022.2,851,1018.6,2358,1020.2,12.1,0,1100,.47,3.76,,,,,,10,7.4,21.2,17.3,,,,,,,,,,,,,{비}0250-{비}{강도0}0300-{비}{강도0}0600-{비}{강도0}0900-1010. {비}1310-{비}{강도0}1500-1520. {비}1840-1930.,
143,대구,2007-09-24,20.1,18.2,719,22.2,1359,10.75,1.5,643,4.5,600,13,5.4,140,32,3.4,140,52,1.1,950,110,17.3,71,213,83.4,19.9,1010.6,1019,840,1015.7,1608,1017.2,12.1,.1,1300,1.17,5.04,,,,,,8.4,5.8,21.4,17.1,,,,,,,,,,,,,{비}0235-{비}{강도0}0300-{비}{강도0}0600-{비}{강도0}0900-{비}{강도0}1200-1320. {박무}0620-{박무}{강도0}0900-{박무}{강도0}1200-1230.,
143,대구,2007-09-25,21.1,17.5,547,27.8,1359,,,,,,,9.3,90,1721,5.9,90,1702,2,1728,110,16.8,50,1411,77,19.3,1009.9,1018.2,2205,1015,335,1016.5,12.1,6.5,1200,2.88,16.8,,,,,,4.5,4.5,22.3,15.6,,,,,,,,,,,,,{박무}0330-{시정(미만)}{1km}{안개}0535-{시정(미만)}{0.5km}{안개}0548-{안개}{강도1}0600-{시정(이상)}{0.5km}{안개}0633-{시정(이상)}{1km}{박무}0655-{박무}{강도0}0900-1130.,1.33
143,대구,2007-09-26,21.7,17.1,558,26.8,1535,,,,,,,5.6,140,1125,3.5,140,1057,1.7,1469,110,15.7,47,1238,69.9,17.9,1010.1,1018.3,833,1014.7,1629,1016.8,12,8.3,1100,2.78,18.08,,,,,,2.3,2,22.7,15,,,,,,,,,,,,,,
143,대구,2007-09-27,24.3,18.7,640,29.7,1437,,,,,,,7,250,1153,4.8,250,1155,1.6,1382,250,17,43,1303,65,19.5,1005.9,1016.5,43,1009.2,1644,1012.4,12,10.6,1200,2.77,18.86,,,,,,4.3,1.5,24.3,16.6,,,,,,,,,,,,,{놀}1740-1825. {달코로나}2310-2350.,
143,대구,2007-09-28,21.7,18.7,2334,23.8,1512,5.75,.2,641,.3,635,.4,5.5,250,601,3.5,270,914,1.5,1296,250,16.1,45,1616,70.9,18.6,1009.1,1019.5,2345,1010.9,322,1015.7,12,.2,1400,1.42,4.94,,,,,,9.1,4.6,21.8,17.3,,,,,,,,,,,,,{박무}0645-0810. {비}0635-0740. {비}0825-{비}{강도0}0900-0935. {비}1620-1650. {비}1740-{비}{강도0}1800-2040.,
143,대구,2007-09-29,20.3,18.5,322,23.7,1359,,,,,,,8.3,90,1618,5.3,140,1411,2.4,2074,90,14,56,1400,66.4,16,1014.7,1022.7,906,1019.4,0,1021.4,11.9,.3,1300,1.38,7.15,,,,,,9.4,5.8,20.2,17.5,,,,,,,,,,,,,,
143,대구,2007-09-30,19.2,17.1,711,21.1,1534,4.42,.1,,.3,600,.4,3.7,110,2257,2.6,110,2258,.8,691,110,14.6,62,1732,74.1,16.7,1012.6,1021.5,829,1017.4,1746,1019.3,11.9,0,900,.84,5.3,,,,,,9.5,5.5,20,16.5,,,,,,,,,,,,,{비}0450-{비}{강도0}0600-0840. {비}1340-1415.,
143,대구,2007-10-01,20.6,17.6,555,24.7,1441,,,,,,,4.9,110,1443,2.6,110,1420,1.1,950,50,13.9,42,1203,66,16,1009.7,1018,909,1014.4,1529,1016.4,11.8,2.2,1400,2.16,11.73,,,,,,8.1,5,22.3,17.1,,,,,,,,,,,,,,
143,대구,2007-10-02,21,18,628,26.1,1304,,,,,,,7.8,90,1725,4.8,90,1755,2.1,1814,110,14.9,44,1241,67.9,17,1010.7,1018.8,2050,1015.8,225,1017.3,11.8,5.9,1200,2.55,14.02,,,,,,7.8,4.3,22.2,16.7,,,,,,,,,,,,,,
143,대구,2007-10-03,21.8,18.8,629,25.3,1310,,,,,,,4,110,23,2.6,140,32,1.3,1123,110,16.2,54,1312,70.1,18.5,1012,1020.1,940,1017.3,1605,1018.6,11.8,1.4,1100,1.95,9.89,,,,,,9.4,4.1,22.9,17.5,,,,,,,,,,,,,,
143,대구,2007-10-04,20.9,18.7,458,23.8,1613,1.58,.2,1156,.2,1135,.2,6.4,90,2003,4,90,2006,1.5,1296,110,17.5,73,1035,80.1,20.2,1011,1018.6,830,1015.5,1535,1017.7,11.7,1.1,900,1.21,7.02,,,,,,6.1,4.1,22.1,15.8,,,,,,,,,,,,,{박무}0150-{박무}{강도0}0300-{박무}{강도0}0600-{박무}{강도0}0900-{박무}{강도0}1200-{박무}{강도0}1500-{박무}{강도0}1800-{박무}{강도0}2100-{박무}{강도0}2400- {비}1135-{비}{강도0}1200-1310.,
143,대구,2007-10-05,20.7,16.5,643,26,1517,,,,,,,9.8,70,1401,5.3,90,1119,2.7,2333,90,13.6,39,1145,65.5,15.7,1011.2,1019.7,709,1015.8,1520,1017.9,11.7,9.3,1200,2.71,18.66,,,,,,2.4,2.3,21.9,15.3,,,,,,,,,,,,,-{박무}-{박무}{강도0}0300-0520.,
143,대구,2007-10-06,20,15,641,25.7,1513,,,,,,,9.6,90,1058,6,90,1106,2.4,2074,90,13,32,1523,65.6,15,1010.3,1019.2,829,1015,1646,1016.9,11.7,9.4,1200,2.28,16.67,,,,,,1.8,1.8,21.1,11.8,,,,,,,,,,,,,,
143,대구,2007-10-07,19.7,14.6,647,25.2,1221,7.58,1,1712,2.5,1700,4,4,270,1238,2.5,270,1255,1,864,270,16.3,50,1214,81.3,18.9,1006.2,1016.1,0,1010.6,2357,1012.9,11.6,4.7,1000,2.14,11.44,,,,,,5.6,4,20.4,13.8,,,,,,,,,,,,,{박무}0320-0520. {박무}1730-{박무}{강도0}1800-{박무}{강도0}2100-{박무}{강도0}2400- {비}1355-{비}{강도0}1500-{비}{강도0}1800-2040. {비}2140-2230.,
143,대구,2007-10-08,19.4,16.5,2345,22.8,1530,7.17,.5,927,1,855,1.5,4.5,250,329,3.1,250,331,1.4,1210,250,11.9,37,1559,62.9,14.3,1006,1014.5,944,1010.6,0,1012.6,11.6,2.8,1200,1.83,10.34,,,,,,7.9,5.5,20.7,13.1,,,,,,,,,,,,,-{박무}-{박무}{강도0}0300-{박무}{강도0}0600-0650. {비}0020-{비}{강도0}0300-0340. {비}0540-{비}{강도0}0600-0650. {비}0810-{비}{강도0}0900-1050. {놀}1755-1820.,
143,대구,2007-10-09,17.7,12.3,657,23.6,1406,,,,,,,8.3,90,1506,5.6,90,1215,2.3,1987,250,9.6,44,1329,59,12.1,1008.2,1016.1,907,1013.2,1455,1014.9,11.6,9.9,1200,2.68,17.82,,,,,,1.6,1.4,17.9,8.6,,,,,,,,,,,,,,
143,대구,2007-10-10,18.2,13.8,401,23.1,1212,,,,,,,8.5,90,1407,5.4,90,1512,2.1,1814,90,12.1,46,1526,68.3,14.2,1010.2,1018.3,834,1015.6,1432,1016.9,11.5,7.4,1100,2.52,15.15,,,,,,3.9,3.9,19.2,10.3,,,,,,,,,,,,,,
143,대구,2007-10-11,17.6,14.3,456,21.7,1144,,,,,,,6.8,250,1321,4.1,250,1322,1.7,1469,250,8.8,33,1238,57.8,11.5,1011.3,1020.1,2312,1015.7,1424,1018,11.5,2.3,1100,2.4,10.31,,,,,,7.6,6.9,18.2,13.3,,,,,,,,,,,,,,
143,대구,2007-10-12,17.6,15.3,313,21.2,1359,,,,,,,4.4,270,1154,2.7,230,1148,1.1,950,250,9.4,41,1610,58.3,11.8,1014.9,1023.5,2234,1019.8,23,1021.6,11.4,.5,1300,1.59,8.4,,,,,,8.9,8.9,18.6,12.8,,,,,,,,,,,,,,
143,대구,2007-10-13,17.9,14,640,21.8,1412,,,,,,,4,50,1803,2.5,250,2348,.8,691,50,11.2,34,1528,65.6,13.4,1015.6,1024.4,806,1020.6,1656,1022.4,11.4,2.4,1000,1.92,11.01,,,,,,7.1,4.1,18.3,13.1,,,,,,,,,,,,,{박무}0140-{박무}{강도0}0300-{박무}{강도0}0600-0650.,
143,대구,2007-10-14,17.6,14.6,2338,24,1521,,,,,,,8.1,140,1641,5.3,140,1722,2,1728,250,11.1,32,1458,66.5,13.3,1013.5,1022.3,2226,1017.5,1438,1020.2,11.4,5,1300,2.27,12.28,,,,,,6.4,3.3,19.5,12.5,,,,,,,,,,,,,{박무}0520-{박무}{강도0}0600-{박무}{강도0}0900-1040.,
143,대구,2007-10-15,15.9,11.6,604,21.8,1331,,,,,,,10.1,90,1601,6.1,90,1645,2.3,1987,50,10.6,40,1356,71,12.8,1016,1024,756,1021.1,1434,1022.7,11.3,8.7,1200,2.71,16.52,,,,,,5.4,3.1,17.6,8.3,,,,,,,,,,,,,{박무}0720-0750.,
143,대구,2007-10-16,16.1,11.6,558,21.2,1402,,,,,,,5.4,90,1854,3.4,110,1900,1.5,1296,50,10,35,1517,68,12.3,1014.9,1023.2,0,1019.6,1521,1021.7,11.3,7.7,1000,2.07,13.94,,,,,,2.8,2.8,17,10.6,,,,,,,,,,,,,{박무}0340-{박무}{강도0}0600-0640.,
143,대구,2007-10-17,15.4,10.3,633,21.3,1451,,,,,,,6,290,1244,3.2,250,1206,1.3,1123,50,7.7,28,1456,62.4,10.6,1014.6,1023.2,814,1019.2,1442,1021.4,11.3,9.7,1100,2.39,15.67,,,,,,.9,.6,15.9,8.1,,,,,,,,,,,,,,
143,대구,2007-10-18,15.4,9.8,606,20.7,1423,,,,,,,6.4,140,1650,4.1,110,1657,1.5,1296,110,9.4,48,1139,67.1,11.9,1014.3,1023.4,909,1019.1,2330,1021.1,11.2,7,1000,2.14,13.17,,,,,,4,3,16.2,5.4,,,,,,,,,,,,,,
143,대구,2007-10-19,14.3,9.8,2336,19.7,1122,.5,0,,0,,0,14.3,270,1459,7.3,250,1507,3.1,2678,250,5.8,34,1119,58.4,9.8,1008.5,1019.1,0,1012.5,1434,1015.3,11.2,5.5,1000,2.16,10.62,,,,,,5.3,3.6,15.3,7.5,,,,,,,,,,,,,{비}1150-{비}{강도0}1200-1220.,
143,대구,2007-10-20,9.8,7.3,2340,13.1,1426,,,,,,,13.5,270,1314,7.4,270,1346,4.1,3542,250,-2.8,25,1537,41.6,5.1,1011.8,1020.8,2154,1016.4,141,1018.8,11.2,10,1200,2.54,17.09,,,,,,2,1.1,11.7,2.9,,,,,,,,,,,,,,
143,대구,2007-10-21,12.6,6.9,110,19.5,1533,,,,,,,7.4,250,1200,4.5,250,1248,2,1728,250,2.4,29,1529,50.8,7.3,1013.3,1022.3,914,1017.8,1542,1020.2,11.1,9.8,1200,2.51,16.53,,,,,,1.1,0,12.3,1.8,,,,,,,,,,,,,,
143,대구,2007-10-22,14.7,8.1,622,21.3,1408,,,,,,,6.8,230,1147,3.7,250,1156,1.3,1123,250,7.1,35,1409,61.5,10.1,1013.2,1021.6,2335,1017.9,1438,1020,11.1,8.1,1200,2.33,13.95,,,,,,2.6,.9,14.3,3,,,,,,,,,,,,,,
143,대구,2007-10-23,15.5,9.6,531,22.2,1418,,,,,,,5.9,70,1809,3.9,90,1629,1.5,1296,90,9.6,39,1530,68.9,12,1017.9,1027,2331,1021.5,0,1024.7,11,9,1200,2.05,13.35,,,,,,0,0,15.3,7.5,,,,,,,,,,,,,{박무}0140-{박무}{강도0}0300-{박무}{강도0}0600-0750. {연무}1110-{연무}{강도0}1200-1440. {박무}2120-{박무}{강도0}2400-,
143,대구,2007-10-24,16,9.6,730,23.2,1515,,,,,,,4.3,110,1458,2.9,90,1729,1.3,1123,90,11.1,38,1538,74.1,13.3,1019.2,1028.6,857,1023.9,1704,1026,11,7.8,1200,2.17,13.9,,,,,,.9,.3,16.2,8.6,,,,,,,,,,,,,-{박무}-{박무}{강도0}0300-{박무}{강도0}0600-{시정(미만)}{1km}{안개}0720-{시정(미만)}{0.5km}{안개}0750-{시정(미만)}{0.2km}{안개}0810-{시정(이상)}{0.2km}{안개}0830-{시정(이상)}{0.5km}{안개}0845-{시정(이상)}{1km}{박무}0855-{박무}{강도2}0900-1020. {연무}1015-{연무}{강도0}1200-1340. {박무}2040-{박무}{강도0}2100-{박무}{강도0}2400-,1.58
143,대구,2007-10-25,15.8,12.5,619,19.1,1516,3.83,2.5,2337,6,2300,8.5,4.3,70,2131,2.7,110,1545,.9,778,110,13,62,1628,82.8,15.1,1015.4,1025.3,823,1018.7,2230,1022.1,11,.2,1000,1.22,5.99,,,,,,8.3,5.6,16.5,11.5,,,,,,,,,,,,,-{박무}-{박무}{강도0}0300-{박무}{강도2}0600-{시정(미만)}{1km}{안개}0715-{시정(이상)}{1km}{박무}0845-{박무}{강도2}0900-1125. {연무}1120-{연무}{강도1}1200-{연무}{강도0}1500-{연무}{강도0}1800-1850. {박무}1840-{박무}{강도0}2100-{박무}{강도1}2400- {비}1225-1245. {비}1750-{비}{강도0}1800-1815. {비}2020-{비}{강도0}2100-2155. {비}2230-{비}{강도1}2400-,1.5
143,대구,2007-10-26,15.9,13,2322,19.6,1418,4.33,1,39,5,135,15.5,6.1,270,1141,4.3,140,1454,1.8,1555,110,13.6,66,1351,85.6,15.7,1010.9,1020,2223,1015.4,610,1017.6,10.9,.8,1300,.88,5.82,,,,,,6.6,4.4,16.6,8.1,,,,,,,,,,,,,-{박무}-{박무}{강도0}0300-{박무}{강도0}0600-{박무}{강도0}0900-{박무}{강도0}1200-1245. -{비}-{비}{강도1}0300-0420.,
143,대구,2007-10-27,14.6,10,642,20.7,1352,,,,,,,6.5,90,1409,4,110,1419,1.6,1382,90,8.5,36,1401,68.6,11.1,1010.5,1019.5,0,1014.6,1344,1017.3,10.9,9.5,1100,2.28,15.15,,,,,,.5,.5,14,6.1,,,,,,,,,,,,,,
143,대구,2007-10-28,14.9,8.1,636,20.1,1543,,,,,,,4.8,230,2050,2.6,250,2343,1,864,50,9.1,46,1426,68.9,11.6,1009,1019.1,843,1013.4,1625,1015.8,10.9,5.1,1200,1.97,10.53,,,,,,6,2.4,14.4,6.9,,,,,,,,,,,,,,
143,대구,2007-10-29,13.7,11,2345,17.6,0,,,,,,,10,250,1148,6.2,250,1156,3.2,2765,250,4.7,37,1542,54.6,8.8,1013.7,1024.1,2357,1014,0,1020.6,10.8,6.2,1200,2.2,12.41,,,,,,6.6,3.9,13.3,6.5,,,,,,,,,,,,,{박무}0230-{박무}{강도0}0300-0320.,
143,대구,2007-10-30,12.6,8.6,2331,18.3,1532,,,,,,,4.6,270,1615,2.8,250,1442,1.3,1123,250,3.9,31,1454,56.3,8.1,1017.5,1026,2134,1022.6,1448,1024.4,10.8,6.3,1100,2.11,11.64,,,,,,4.3,1.6,12.5,6.8,,,,,,,,,,,,,,
143,대구,2007-10-31,12.5,6.6,353,18.3,1324,,,,,,,4.9,250,1454,3.1,250,1421,1.4,1210,270,4.5,32,1201,59.4,8.4,1016,1025.8,249,1020.2,2337,1022.9,10.8,4.3,1000,1.88,10.65,,,,,,6.5,3.9,12.2,5.5,,,,,,,,,,,,,{박무}0340-{박무}{강도0}0600-0620.,
143,대구,2007-11-01,12,9.1,2346,15.1,1419,,,,,,,10.1,250,1434,6.1,250,1456,3,2592,250,-.3,18,1312,44.3,6.3,1013.6,1022.3,953,1018.7,1557,1020.4,10.7,5.5,1300,2.22,11.2,,,,,,5.4,4.3,11.2,4.9,,,,,,,,,,,,,,
143,대구,2007-11-02,10.5,6.4,710,15.8,1410,,,,,,,7.8,250,37,4.5,250,39,2.2,1901,250,.4,30,1351,50.4,6.3,1014.7,1023.8,2337,1018.7,1438,1021.7,10.7,9.2,1100,2.33,14.22,,,,,,1.8,1.5,9.8,1,,,,,,,,,,,,,,
143,대구,2007-11-03,10.7,4.5,632,18,1407,,,,,,,6,250,1433,4,250,1402,1.3,1123,50,2.1,28,1357,57.6,7.1,1018,1028.1,2336,1022.7,1357,1025,10.7,8.4,1200,2.18,13.05,,,,,,.3,.3,9.5,2.9,,,,,,,,,,,,,,
143,대구,2007-11-04,11.4,5.1,521,18.5,1417,,,,,,,5.5,140,1407,3.6,140,1432,1.4,1210,50,5.3,40,1242,66.5,9,1021.6,1030.8,835,1026.6,1457,1028.5,10.6,8.1,1200,2.14,12.59,,,,,,3.4,1.3,10.5,4,,,,,,,,,,,,,,
143,대구,2007-11-05,12.1,9.1,615,15.3,1511,,,,,,,3.4,250,1807,2.1,230,1649,.8,691,250,8.3,63,1346,77,11,1019.2,1028.2,801,1024,1724,1026.1,10.6,0,1000,.71,4.43,,,,,,8.9,5.5,12.2,5.9,,,,,,,,,,,,,{박무}2310-{박무}{강도0}2400-,
143,대구,2007-11-06,12.6,9.3,2400,17.7,1429,,,,,,,3.2,140,1732,2,140,1749,.6,518,50,7.4,46,1437,71.3,10.4,1017.1,1025.7,827,1022,1543,1023.9,10.6,.7,1400,1.62,7.4,,,,,,5.9,3.3,12.7,3.5,,,,,,,,,,,,,-{박무}-{박무}{강도0}0300-{박무}{강도0}0600-{박무}{강도0}0900-1140.,
143,대구,2007-11-07,12.1,6,637,20,1458,,,,,,,3.7,250,1337,2.4,230,1351,.9,778,50,4.8,29,1511,63.6,8.6,1014.8,1024.1,845,1019.3,1609,1021.7,10.5,9.4,1200,2.07,12.59,,,,,,1.3,0,11,1.6,,,,,,,,,,,,,{박무}0210-{박무}{강도0}0300-{박무}{강도0}0600-0620. {연무}1120-{연무}{강도0}1200-1250. {채운}1620-1710.,
143,대구,2007-11-08,12.6,6.5,704,19.7,1331,,,,,,,6.8,110,1927,4.3,90,1935,1.3,1123,90,5.6,32,1458,64.5,9.2,1014.2,1022.8,2214,1019.1,1523,1021.1,10.5,6.5,1100,1.84,10.44,,,,,,3.9,0,11,2.5,,,,,,,,,,,,,{연무}1115-{연무}{강도0}1200-1320. {박무}2010-{박무}{강도0}2100-{박무}{강도0}2400-,
143,대구,2007-11-09,13.9,8.1,655,20.2,1354,,,,,,,4.9,90,1244,2.8,110,1312,.9,778,50,8,42,1422,68.6,10.8,1014,1023.1,844,1018.6,1548,1020.8,10.5,7.9,1200,1.88,10.95,,,,,,2.3,2.3,12.7,6.8,,,,,,,,,,,,,-{박무}-{박무}{강도0}0300-{박무}{강도2}0600-{박무}{강도1}0900-1020. {연무}1010-{연무}{강도0}1200-1330. {연무}1740-{연무}{강도0}1800-{연무}{강도0}2100-2320. {박무}2310-{박무}{강도0}2400-,
143,대구,2007-11-10,12.4,9.8,2323,16.2,1230,,,,,,,9.8,270,1254,5.3,270,1255,2.9,2506,250,2,34,1515,49.3,7.2,1012.4,1020.5,432,1017.5,1415,1019.3,10.4,6.1,1100,1.73,9.98,,,,,,4.4,3.8,11.7,6.8,,,,,,,,,,,,,-{박무}-{박무}{강도0}0300-{박무}{강도0}0600-0640.,
143,대구,2007-11-11,10.3,7.9,659,14.8,1456,,,,,,,9,250,1437,5,250,1440,2.8,2419,250,.9,36,1458,51.8,6.5,1012.7,1021.4,829,1018.1,1539,1019.6,10.4,9.3,1200,2.09,12.68,,,,,,.6,.6,9.2,3.5,,,,,,,,,,,,,,
143,대구,2007-11-12,9.9,6,527,15.6,1443,,,,,,,6.6,320,1312,3.6,270,1241,1.9,1642,250,0,24,1233,51.6,6.2,1013.3,1021.8,903,1018.6,1511,1020.2,10.4,9.6,1200,2.14,13.28,,,,,,0,0,8.5,3.4,,,,,,,,,,,,,,
143,대구,2007-11-13,10.6,4.5,258,17.1,1432,,,,,,,7,250,1203,4.4,250,1422,2,1728,250,.9,26,1150,54,6.6,1013.8,1022.3,915,1018.6,1556,1020.7,10.4,8.7,1100,1.88,11.93,,,,,,3.1,.3,8.7,1.6,,,,,,,,,,,,,,
143,대구,2007-11-14,11.6,6,642,17.7,1400,,,,,,,8.1,250,1012,3.1,250,1024,1.2,1037,50,3.8,29,1408,60.1,8,1015,1023.3,2356,1020.2,1408,1021.9,10.3,8.8,1300,1.97,11.93,,,,,,2.3,0,10.1,1.2,,,,,,,,,,,,,{박무}0240-{박무}{강도0}0300-{박무}{강도0}0600-{박무}{강도0}0900-0930. {연무}0920-{연무}{강도0}1200-{연무}{강도0}1500-{연무}{강도0}1800-{연무}{강도0}2100-{연무}{강도0}2400-,
143,대구,2007-11-15,11.1,6.1,724,16.2,1424,,,,,,,5.9,250,1220,3.8,250,1226,1.1,950,230,4.9,44,1426,65.8,8.7,1017.2,1025.4,1107,1022.9,51,1024.2,10.3,.9,1300,.96,5.6,,,,,,4.1,2.8,10,4.6,,,,,,,,,,,,,-{연무}-0255. {박무}0245-{박무}{강도0}0300-{박무}{강도1}0600-{박무}{강도1}0900-1020. {연무}1010-{연무}{강도0}1200-{연무}{강도0}1500-{연무}{강도0}1800-{연무}{강도0}2100-{연무}{강도0}2400-,
143,대구,2007-11-16,9,5.9,2344,13.8,1416,,,,,,,10.3,270,510,4.3,250,1100,2.5,2160,250,-5,19,1514,37.8,4.3,1015.5,1025.3,856,1020,2352,1022.5,10.3,8.1,1200,2.21,12.7,,,,,,1.8,.8,7.9,2.2,,,,,,,,,,,,,-{연무}-{연무}{강도0}0300-0530.,
143,대구,2007-11-17,8.4,2.9,601,13.5,1457,,,,,,,11.1,270,1704,6.5,250,1634,3.3,2851,250,-3.1,30,1624,44.1,4.9,1009.7,1020.1,854,1013.4,1446,1016.7,10.2,9.4,1200,2.11,12.78,,,,,,.9,.9,6.7,-2.7,,,,,,,,,,,,,,
143,대구,2007-11-18,3.6,-.6,2353,10.1,32,,,,,,,12.8,270,338,7.5,270,1236,4.3,3715,270,-15.9,10,1214,24.1,1.9,1017.6,1029.9,2207,1015.6,0,1024.8,10.2,8.8,1200,2.29,12.97,,,,,,.9,.8,4.5,-2.5,,,,,,,,,,,,,,
143,대구,2007-11-19,1.6,-4.1,712,7.5,1500,,,,,,,5.8,270,210,3.5,270,214,1.9,1642,250,-13.3,14,1520,34,2.2,1018.8,1031.1,650,1020,2356,1026,10.2,9.2,1200,2.14,12.65,,,,,,1.4,.5,2.1,-5.5,,,,,,,,,,,,,,
143,대구,2007-11-20,4.8,.6,2358,8.1,1330,,,,,,,13.3,270,1214,7.8,250,1216,3.4,2938,250,-8.3,20,1522,40.3,3.5,1017.1,1027.9,2316,1019.6,105,1024.2,10.2,9.2,1200,2.13,12.45,,,,,,1.8,1.3,4.7,-1.7,,,,,,,,,,,,,,
143,대구,2007-11-21,4.9,-1,359,11.1,1254,.58,,,,,0,9.1,270,1431,5.4,250,1432,2.4,2074,250,-8.4,22,1357,38.4,3.3,1021.3,1031.4,2357,1025.8,453,1028.4,10.1,7.3,1200,1.99,10.98,,,,,,2.5,1.5,4.2,-3.2,,,,,,,,,,,,,{싸락눈}0720-0755.,
143,대구,2007-11-22,5.2,-.8,645,11.3,1457,,,,,,,7.9,250,1158,4.5,250,1121,1.7,1469,250,-9.2,19,1254,36.4,3.1,1023.8,1033.7,943,1029,1714,1030.9,10.1,8.7,1200,2.04,12.06,,,,,,1.6,.9,4,-3.2,,,,,,,,,,,,,,
143,대구,2007-11-23,6.5,.8,647,13.8,1444,,,,,,,3.7,90,218,2.8,90,221,1,864,70,-2.7,30,1313,52.4,5.1,1019.4,1030.2,0,1024,1514,1026.5,10.1,5.1,1200,1.64,8.34,,,,,,2.3,1.3,5.9,-3.4,,,,,,,,,,,,,,
143,대구,2007-11-24,8.8,3.9,343,15.3,1339,.92,,,,,0,6.5,270,1422,3.7,270,1427,1.2,1037,70,.5,29,1552,57,6.4,1018.8,1027.9,2235,1024.1,438,1025.8,10.1,7.5,1100,1.51,9.13,,,,,,2.1,1.8,7.3,1.2,,,,,,,,,,,,,{박무}0320-{박무}{강도0}0600-0830. {비}0535-{비}{강도0}0600-0630. {연무}1130-{연무}{강도0}1200-{연무}{강도0}1500-1520.,
143,대구,2007-11-25,7.9,1,711,15.5,1518,,,,,,,5.1,250,1403,2.7,250,1432,1.2,1037,50,-1.5,27,1632,52.9,5.5,1019.2,1028.8,926,1023.8,1638,1026.2,10,9,1200,1.93,11.34,,,,,,1.8,1.5,5.9,-1.5,,,,,,,,,,,,,{연무}0920-{연무}{강도0}1200-1320.,
143,대구,2007-11-26,8.9,2,730,17,1339,,,,,,,8.1,250,1655,4.6,270,1633,2,1728,250,1,38,1304,57.5,6.7,1014,1025,9,1017.5,1551,1020.9,10,5.5,1200,1.74,8.7,,,,,,3.5,2.4,7.4,-4.1,,,,,,,,,,,,,,
143,대구,2007-11-27,6,2.9,2357,11.1,1421,,,,,,,8.1,250,1509,5.3,250,1511,3,2592,250,-9,16,1503,34.5,3.2,1010.9,1020,14,1015.1,1448,1017.9,10,5.9,1300,1.84,9.61,,,,,,4.8,3.9,6.1,.3,,,,,,,,,,,,,{달코로나}0430-0510.,
143,대구,2007-11-28,5.2,-1.7,649,12.6,1441,,,,,,,5,270,8,3.1,250,16,1.2,1037,50,-6.8,27,1544,42.6,3.7,1012.2,1020.5,830,1017.4,1515,1019.3,10,9.2,1200,1.88,11.1,,,,,,1.4,1.4,4.2,-3.4,,,,,,,,,,,,,,
143,대구,2007-11-29,8.5,1.7,527,15.6,1517,,,,,,,6.1,250,2345,3.8,250,2216,1.3,1123,250,-.2,40,1247,53.9,6.1,1013.2,1023.1,2353,1017.8,1443,1020.2,10,7.3,1200,1.66,9.41,,,,,,1.5,1.3,6.7,-3.7,,,,,,,,,,,,,,
143,대구,2007-11-30,6,2.9,725,10.5,1347,,,,,,,7.9,250,918,4.9,250,1124,3,2592,270,-9.4,15,1530,33.8,3.1,1017.1,1025.6,929,1022.6,1410,1024.1,9.9,9.3,1200,2.03,12.04,,,,,,0,0,4.8,-1.8,,,,,,,,,,,,,,
143,대구,2007-12-01,6,1.7,615,10.8,1409,,,,,,,9.8,290,1227,5.8,290,1229,2.9,2506,270,-5.5,29,1525,43.4,4.1,1017.4,1026.3,941,1022.7,1418,1024.5,9.9,9,1200,1.98,11.54,,,,,,1.5,1.5,4.6,-.3,,,,,,,,,,,,,,
143,대구,2007-12-02,4.9,2.5,458,7.6,1151,10.33,,,,,9.5,8.8,50,750,3.2,290,2248,1.1,950,270,.5,54,1159,73,6.4,1013.1,1024,0,1016.7,2113,1020.2,9.9,0,1000,.65,2.51,,,,,,9,6.1,5.3,-1.8,,,,,,,,,,,,,{연무}1020-{연무}{강도0}1200-1450. {비}1320-{비}{강도0}1500-{비}{강도0}1800-{비}{강도0}2100-2340. {박무}1440-{박무}{강도0}1500-{박무}{강도0}1800-{박무}{강도0}2100-{박무}{강도1}2400-,
143,대구,2007-12-03,4.7,1.3,714,9.1,1403,,,,,,,10.8,290,2213,6.6,290,2222,3.4,2938,270,-4.4,31,1245,52.6,4.5,1016.2,1027.2,2359,1017.6,0,1023.3,9.9,7.5,1200,1.9,10.7,,,,,,2,2,3.8,-2.5,,,,,,,,,,,,,-{박무}-0140.,
143,대구,2007-12-04,1.5,-1.1,2341,5.1,1403,,,,,,,10.1,290,1404,5.5,290,1836,3.4,2938,290,-10.4,24,1337,42,2.8,1023.7,1032.9,2339,1027.1,1,1030.9,9.9,9.2,1100,1.88,11.33,,,,,,.5,.1,1,-4.9,,,,,,,,,,,,,,
143,대구,2007-12-05,1.4,-1.8,730,6,1407,,,,,,,8.6,290,1256,5.4,270,1339,2.9,2506,270,-12.3,17,1540,38.3,2.5,1023.6,1033,917,1029.1,1457,1030.8,9.9,9.4,1200,2.01,11.85,,,,,,0,0,.3,-6.8,,,,,,,,,,,,,,
143,대구,2007-12-06,2.8,-.1,259,6.8,1313,,,,,,,6.4,270,146,4.2,270,1352,2.1,1814,270,-6.1,37,222,52,4,1016.6,1029.3,0,1021.1,1526,1023.8,9.8,.6,1100,1.15,5.65,,,,,,6.4,2.3,1.3,-2.5,,,,,,,,,,,,,,
143,대구,2007-12-07,5.1,.8,0,9.3,1425,1.83,,,,,0,16.1,290,1405,5.4,270,1015,2.2,1901,290,-3.1,40,1205,55.8,4.9,1013.8,1023.8,2323,1017.7,413,1020.8,9.8,5.8,1100,1.49,8.37,,,,,,5.3,4.9,3.6,-1,,,,,,,,,,,,,{비}0520-{비}{강도0}0600-0710.,
143,대구,2007-12-08,3.6,.3,549,8,1145,,,,,,,13.8,290,1435,7.2,290,1506,2.7,2333,270,-5.8,35,1451,51.8,4.1,1017.4,1026.2,2316,1022.6,1423,1024.5,9.8,8.5,1100,1.72,10.29,,,,,,.6,.6,1.4,-6.5,,,,,,,,,,,,,,
143,대구,2007-12-09,4.2,.6,255,9.8,1449,,,,,,,8.5,290,1105,4.8,270,1113,1.5,1296,270,-6.5,27,1516,46.4,3.8,1019.1,1027.9,833,1024.4,1526,1026.3,9.8,8.7,1200,1.86,10.82,,,,,,.9,.4,1.8,-3.2,,,,,,,,,,,,,,
143,대구,2007-12-10,3.7,-1.7,517,7.9,1412,.97,,,,,.4,4.5,250,1423,3.1,270,1432,.6,518,90,-3.7,41,1454,59,4.7,1016.4,1026.6,709,1019,2358,1023.5,9.8,1.9,1300,1.12,6.07,,,,,,6.5,4.8,3,-4.3,,,,,,,,,,,,,{연무}1240-1355. {비}2302-{비}{강도0}2400-,
143,대구,2007-12-11,7.2,4,350,11.1,1532,6.5,,,,,.5,5.5,270,1522,3.8,270,1529,1.6,1382,270,3.8,67,1205,77.8,8,1010.7,1019.4,6,1015.9,1529,1017.7,9.8,3.6,1100,1.44,7.35,,,,,,6.5,2.8,6.7,2.5,,,,,,,,,,,,,-{비}-{비}{강도0}0300-{비}{강도0}0600-0630. {박무}0830-{박무}{강도0}0900-1140. {연무}1130-{연무}{강도0}1200-{연무}{강도0}1500-1540. {햇무리}1430-1455. {박무}1840-2040. {박무}2340-{박무}{강도0}2400-,
143,대구,2007-12-12,6.2,4.1,512,8.1,1435,,,,,,,5.3,270,2134,3.5,270,2208,1.5,1296,270,1.6,57,2334,71.6,6.9,1007.8,1018.3,1,1012.4,2400,1014.8,9.8,0,1400,.56,3.36,,,,,,7.6,4.5,5.8,1.7,,,,,,,,,,,,,-{박무}-{박무}{강도0}0300-{박무}{강도0}0600-{박무}{강도0}0900-1140. {연무}1130-{연무}{강도0}1200-{연무}{강도0}1500-{연무}{강도0}1800-{연무}{강도0}2100-2140.,
143,대구,2007-12-13,5.1,2.2,2333,8.6,1254,,,,,,,13.1,290,1423,7.2,290,1430,4.2,3629,290,-4.2,37,1854,51,4.6,1004.9,1014.6,2321,1009.9,1358,1011.9,9.8,5.1,1200,1.58,8.07,,,,,,3.6,2.9,4.2,0,,,,,,,,,,,,,,
143,대구,2007-12-14,2.8,.2,701,7.5,1423,,,,,,,10.8,270,1444,6.3,270,1244,3.5,3024,290,-8.5,28,1502,43.3,3.2,1009.6,1018.3,2240,1014.5,51,1016.6,9.8,9.2,1200,1.94,11.13,,,,,,.1,.1,1.5,-3.7,,,,,,,,,,,,,,
143,대구,2007-12-15,2.9,-1.7,710,8.8,1315,,,,,,,10.8,290,1521,6.6,320,1526,2.1,1814,290,-5.2,34,1323,55.1,4.2,1012.7,1024.4,2356,1016.7,1313,1019.8,9.8,4.6,1100,1.57,6.43,,,,,,3.1,2.6,1.8,-4.6,,,,,,,,,,,,,,
143,대구,2007-12-16,2.3,-1.1,745,7,1340,,,,,,,7.5,270,1345,5,270,1350,2,1728,290,-7.3,26,1320,50.3,3.6,1018.9,1028.4,924,1024.2,16,1026.1,9.7,8.5,1200,1.85,10.62,,,,,,.8,0,1.1,-5.1,,,,,,,,,,,,,,
143,대구,2007-12-17,4.8,.8,753,9.6,1359,,,,,,,8,270,1243,4.5,270,1229,1.9,1642,270,-4.3,36,1250,51.9,4.5,1015.4,1025.9,11,1019.8,1619,1022.5,9.7,8,1200,1.76,9.67,,,,,,3.6,.4,3,-2.7,,,,,,,,,,,,,,
143,대구,2007-12-18,3.6,.6,725,7.5,1356,,,,,,,6,270,1441,3.8,290,1450,2.2,1901,270,-6.4,32,1237,48,3.8,1015.2,1023.6,954,1021.1,105,1022.3,9.7,6.3,1100,1.49,8.22,,,,,,2.5,2,2.3,-2.7,,,,,,,,,,,,,,
143,대구,2007-12-19,3.1,-.1,2344,8.1,1402,,,,,,,8.6,270,1313,5.5,290,1307,2.3,1987,270,-6.7,30,1550,49.3,3.7,1014.4,1023.3,2352,1019.6,1449,1021.6,9.7,8.1,1200,1.8,10.01,,,,,,1,0,1.5,-6.5,,,,,,,,,,,,,,
143,대구,2007-12-20,3.6,-2,454,11.3,1524,,,,,,,4,290,1146,2.7,290,1147,.9,778,90,-4.3,35,1326,57.4,4.5,1017.1,1026.9,2303,1022,1415,1024.3,9.7,7,1200,1.49,8.3,,,,,,1.1,.8,1.9,-7.6,,,,,,,,,,,,,{연무}1320-{연무}{강도0}1500-{연무}{강도0}1800-{연무}{강도0}2100-{연무}{강도0}2400-,
143,대구,2007-12-21,4.8,.6,509,8.6,1516,,,,,,,4.4,140,1041,3,140,1055,1,864,90,-.8,49,1511,66.5,5.8,1020.3,1030.2,832,1025.6,2350,1027.4,9.7,0,1100,.83,5.13,,,,,,6,1.6,3.8,-1.7,,,,,,,,,,,,,-{연무}-0210. {박무}0205-{박무}{강도0}0300-{박무}{강도0}0600-{박무}{강도0}0900-1055. {연무}1045-{연무}{강도0}1200-{연무}{강도0}1500-{연무}{강도0}1800-{연무}{강도0}2100-{연무}{강도0}2400-,
143,대구,2007-12-22,7.7,4.6,722,10.1,1611,,,,,,,4.8,270,2238,3.1,270,2242,.9,778,270,1.4,56,1442,63,6.7,1014.9,1025.8,0,1019.3,1541,1021.9,9.7,0,1100,.49,2.79,,,,,,7.6,4,6,.8,,,,,,,,,,,,,-{연무}-{연무}{강도0}0300-{연무}{강도0}0600-0750. {연무}1040-1150.,
143,대구,2007-12-23,7,2.7,647,12,1238,,,,,,,10.3,20,1340,6.2,270,1308,2.7,2333,290,-2.1,20,1226,55,5.4,1014.2,1024.8,2356,1019.3,610,1021.3,9.7,7.7,1200,1.68,9.34,,,,,,1.3,.5,4.6,-4,,,,,,,,,,,,,,
143,대구,2007-12-24,4.4,-.5,803,9.3,1428,,,,,,,4.3,290,115,3.3,290,121,1.1,950,70,-2.5,40,1431,60.4,5.1,1020.5,1029.5,1104,1024.7,3,1027.7,9.7,3.2,1200,1.13,6.72,,,,,,4.9,.8,2.7,-3.5,,,,,,,,,,,,,{연무}0935-{연무}{강도0}1200-{연무}{강도0}1500-{연무}{강도0}1800-1920.,
143,대구,2007-12-25,7.7,3.4,555,12.6,1400,,,,,,,7,110,1552,4.4,140,1818,1.6,1382,140,.6,43,1250,60.6,6.4,1020.8,1029.3,845,1025.6,1353,1027.8,9.7,3.3,1200,1.55,7.48,,,,,,6.9,2.6,6.1,1.3,,,,,,,,,,,,,{연무}0940-{연무}{강도0}1200-1230.,
143,대구,2007-12-26,8.8,4.3,759,14.8,1330,,,,,,,12.1,140,1822,4.7,140,1353,1.9,1642,140,2.1,40,1334,63,7.1,1021.9,1031,942,1027.4,1437,1029,9.7,7.8,1300,1.61,9.1,,,,,,1.5,1.5,6.3,-.3,,,,,,,,,,,,,,
143,대구,2007-12-27,6.6,1.3,626,10.6,1538,3.83,,,,,7,4,250,2034,2.7,250,2043,.9,778,110,2.9,60,1539,76.5,7.6,1016.8,1028.7,0,1020.4,1806,1023.9,9.7,1,1200,.92,4.67,,,,,,6.6,3.5,5.7,-1.5,,,,,,,,,,,,,{비}2010-{비}{강도0}2100-{비}{강도0}2400-,
143,대구,2007-12-28,7.3,6,2345,8.1,1532,17.67,,,,,11.5,9.3,270,2315,4.8,290,2318,1.9,1642,270,5.6,64,2332,87.4,9.1,1007,1020.9,0,1010.8,1523,1014,9.7,0,1200,.58,2.76,,,,,,9.8,6.8,7.8,3.7,,,,,,,,,,,,,-{비}-{비}{강도0}0300-{비}{강도0}0600-{비}{강도0}0900-{비}{강도0}1200-{비}{강도0}1500-1740. {박무}1830-{박무}{강도0}2100-2330.,
143,대구,2007-12-29,4.4,1.3,2357,8,1105,1.25,,,,,0,15.1,290,1445,8.1,290,1455,4.2,3629,290,-3.4,44,1553,56,4.8,1003.3,1012.2,306,1008.9,1314,1010.3,9.8,4.8,1300,1.62,7.64,,,,,,5.3,4.4,3.7,.6,,,,,,,,,,,,,{연무}0740-{연무}{강도0}0900-{연무}{강도0}1200-{연무}{강도0}1500-1630. {황사}1620-{황사}{강도0}1800-2015. {눈}2245-{눈}{강도0}2400-,
143,대구,2007-12-30,-1.6,-3.5,2340,1.3,0,.67,,,,,0,16.7,270,2302,8.2,270,2304,5.3,4579,290,-11.7,37,1145,47.3,2.5,1004.6,1015,2330,1009.5,38,1011.8,9.8,5.1,1100,1.55,7.53,,,,,,2.3,2.3,-.2,-4.8,,,,,,,,,,,,,-{눈}-0040.,
143,대구,2007-12-31,-2,-4,26,1.6,1153,1.08,,,,,0,16.2,290,1741,8.8,290,2026,5.2,4493,290,-11.8,40,1155,48.4,2.5,1007.6,1016.8,2400,1012.6,1426,1014.8,9.8,4.7,1100,1.46,6.98,,,,,,2.4,2.4,-1.3,-5.5,,,,,,,,,,,,,{눈}1205-1210. {눈}1230-1250. {눈}1310-1350.,
143,대구,2008-01-01,-2.9,-4.6,725,.8,1321,,,,,,,12.4,320,1404,7,290,0,3.9,3356,290,-11.8,36,1344,50.8,2.5,1011.9,1022.5,2359,1016.6,1,1019.2,9.8,7.8,1200,1.63,9.3,,,,,,.3,.3,-2.5,-7.2,,,,,,,,,,,,,,
143,대구,2008-01-02,-.7,-4.9,527,4,1425,,,,,,,8.8,270,1824,5.3,290,1454,2.8,2404,290,-11.2,26,1444,46.9,2.6,1017,1026.1,2109,1022.4,5,1024.3,9.8,7.9,1200,1.64,9.29,,,,,,0,0,-1.7,-8.9,,,,,,,,,,,,,,
143,대구,2008-01-03,2.3,-2.9,552,8.2,1507,,,,,,,10.6,270,1540,5.2,290,1548,1.7,1441,290,-6.3,31,1545,54.6,3.8,1016.7,1026.2,236,1021.1,1402,1023.9,9.8,6.9,1100,1.34,7.74,,,,,,1.3,1.1,-.3,-8.9,,,,,,,,,,,,,,
143,대구,2008-01-04,2.5,-3.1,650,8.4,1524,,,,,,,4.5,270,1148,2.7,270,1149,1,852,250,-6.5,26,1428,54.6,3.8,1017.4,1027.5,1009,1022.4,2317,1024.6,9.8,7.5,1200,1.54,8.3,,,,,,1.4,0,.2,-8.6,,,,,,,,,,,,,,
143,대구,2008-01-05,3.8,.4,647,8.8,1429,,,,,,,8.1,340,1350,4.6,270,1239,2.1,1827,270,-5.1,31,1454,53.8,4.2,1015.4,1024,941,1021,1423,1022.6,9.8,7.8,1200,1.59,9.05,,,,,,0,0,1.4,-6.8,,,,,,,,,,,,,,
143,대구,2008-01-06,4.3,-1.5,705,11.2,1518,,,,,,,6.1,290,1441,4,270,1441,1.5,1315,270,-2.3,40,1530,63.1,5.2,1015.5,1025,1016,1020.7,1528,1022.6,9.8,7.5,1200,1.39,7.76,,,,,,2.1,0,2,-7.6,,,,,,,,,,,,,{연무}0945-{연무}{강도0}1200-1240.,
143,대구,2008-01-07,4.9,-.8,609,11.1,1512,,,,,,,7.6,340,1518,4.2,320,1532,1.3,1161,270,-.6,42,1509,69.4,5.9,1010.8,1021.6,6,1015.1,1515,1017.8,9.9,6.4,1200,1.18,6.43,,,,,,2,0,2.6,-6.3,,,,,,,,,,,,,{박무}0230-{박무}{강도0}0300-{박무}{강도0}0600-{박무}{강도0}0900-1030. {연무}1020-{연무}{강도0}1200-{연무}{강도0}1500-{연무}{강도0}1800-{연무}{강도0}2100-2340. {박무}2330-{박무}{강도0}2400-,
143,대구,2008-01-08,4.7,.8,551,8.3,1410,,,,,,,6.1,320,1437,3.2,340,1437,1.3,1141,270,-2,43,2258,62.8,5.3,1011.7,1020.2,948,1017.3,413,1018.8,9.9,.2,1100,.9,4.42,,,,,,4.9,.5,1.7,-6.4,,,,,,,,,,,,,-{박무}-{박무}{강도2}0300-{박무}{강도2}0600-{박무}{강도0}0900-0940. {연무}0930-{연무}{강도0}1200-{연무}{강도0}1500-{연무}{강도0}1800-{연무}{강도0}2100-{연무}{강도0}2400-,
143,대구,2008-01-09,3.6,-.6,657,9.6,1455,,,,,,,3.3,90,820,2.2,70,826,.9,769,50,-6.1,27,1428,50.5,3.9,1013.9,1022.9,2322,1019,1437,1021,9.9,6,1200,1.34,6.91,,,,,,1.5,0,1.7,-6.2,,,,,,,,,,,,,-{연무}-{연무}{강도0}0300-0430. {연무}1140-{연무}{강도0}1200-{연무}{강도0}1500-{연무}{강도0}1800-{연무}{강도0}2100-{연무}{강도0}2400-,
143,대구,2008-01-10,4.5,-1.4,342,10.6,1513,,,,,,,5.8,320,1509,3.1,320,1539,1,830,50,-3.1,37,1357,59.4,4.9,1015.9,1025.1,925,1020.4,1421,1023.1,9.9,5.2,1200,1.27,5.98,,,,,,4.6,3.3,2.6,-5.7,,,,,,,,,,,,,-{연무}-{연무}{강도0}0300-{연무}{강도0}0600-0730. {연무}1110-{연무}{강도0}1200-{연무}{강도0}1500-{연무}{강도0}1800-{연무}{강도0}2100-{연무}{강도0}2400-,
143,대구,2008-01-11,5,4.2,424,6.1,1135,15.33,,,,,15.5,6.6,140,2019,4.4,140,2023,1.4,1172,70,1.6,59,852,79.4,6.9,1011.7,1023.4,7,1016.7,1435,1018.8,9.9,0,1400,.08,.33,,,,,,10,6.9,4,.7,,,,,,,,,,,,,-{연무}-{연무}{강도0}0300-{연무}{강도0}0600-{연무}{강도0}0900-1115. {비}0530-0540. {비}0640-0710. {비}0830-{비}{강도0}0900-1040. {박무}1105-{박무}{강도0}1200-{박무}{강도0}1500-{박무}{강도0}1800-{박무}{강도0}2100-{박무}{강도0}2400- {비}1130-{비}{강도0}1200-{비}{강도0}1500-{비}{강도0}1800-{비}{강도0}2100-{비}{강도1}2400-,
143,대구,2008-01-12,4.2,2.9,726,5.6,1522,15.08,,,,,12,3.6,250,806,2.4,270,806,1.3,1107,270,2.2,78,1553,87.5,7.2,1014.1,1024.9,2202,1016.6,338,1021.2,9.9,0,1100,.42,2.21,,,,,,8.1,6,4.4,-1.9,,,,,,,,,,,,,-{비}-{비}{강도0}0300-{비}{강도0}0600-{비}{강도0}0900-{비}{강도0}1200-{비}{강도0}1500-1505. -{박무}-{박무}{강도0}0300-{박무}{강도0}0600-{박무}{강도0}0900-{박무}{강도0}1200-1215.,
143,대구,2008-01-13,2,-.1,817,3.9,1537,,,,,,,6.5,270,514,4.5,110,1822,2.3,1971,270,-4.8,52,1121,60.8,4.3,1020.6,1030.6,2146,1024.4,2,1027.8,9.9,1.4,1100,1.08,4.61,,,,,,8.3,3.6,1.4,-2.1,,,,,,,,,,,,,,
143,대구,2008-01-14,2.1,.4,2352,6.6,1445,,,,,,,6.2,320,1532,3.8,320,1521,1.6,1408,320,-4.1,52,1442,63.3,4.5,1022.1,1030.5,924,1027.2,1441,1029.4,10,2.8,1300,1.27,6.12,,,,,,5.8,4.8,3.1,-4.5,,,,,,,,,,,,,,
143,대구,2008-01-15,1.3,-1.7,504,5.2,1356,,,,,,,6.7,270,2038,4.3,270,1137,2.6,2207,290,-13.8,14,1245,35.4,2.3,1023.1,1032,925,1027.9,1355,1030.4,10,5.3,1100,1.46,7.44,,,,,,4.3,0,.2,-6.4,,,,,,,,,,,,,,
143,대구,2008-01-16,-2,-5.5,2356,1.6,1412,,,,,,,12.3,320,1557,6.3,320,1545,3.6,3149,290,-17.6,14,1446,30.9,1.6,1025.2,1035.5,2357,1030.1,1512,1032.6,10,8.3,1200,1.69,9.93,,,,,,.5,0,-.5,-8.4,,,,,,,,,,,,,,
143,대구,2008-01-17,-3.6,-8.2,640,.1,1434,,,,,,,6.4,320,3,3.9,290,429,1.8,1598,290,-17.3,27,1225,34.4,1.6,1026.5,1036.8,836,1031.5,1357,1033.9,10,4.9,1100,1.45,7.62,,,,,,4.5,.6,-2.6,-10.8,,,,,,,,,,,,,{햇무리}1240-1310.,
143,대구,2008-01-18,-.5,-6,723,4,1406,,,,,,,6.6,340,1350,4.1,270,1242,2.1,1788,290,-17,12,1331,30.3,1.7,1024.7,1033.9,947,1030.1,1352,1032,10,8.2,1300,1.58,9.41,,,,,,3.1,1.1,-.5,-11.1,,,,,,,,,,,,,,
143,대구,2008-01-19,1.4,-4.1,721,6.2,1505,,,,,,,3.8,270,416,2.1,270,417,1,826,290,-12.9,24,23,34.3,2.3,1024.4,1034.5,913,1029.4,1602,1031.7,10.1,5.6,1300,1.45,7.82,,,,,,6.4,1.3,.8,-7.5,,,,,,,,,,,,,,
143,대구,2008-01-20,2.6,1.1,722,4.6,1239,11.83,,,,,1.5,3.9,290,1659,2.5,270,1703,1.2,1043,270,-3.1,39,0,68.6,5.1,1017.4,1029.7,0,1021.8,1633,1024.6,10.1,0,1200,.44,2.85,,,,,,10,6.8,2.1,-1.3,,,,,,,,,,,,,{눈}1210-{비}1350-{비}{강도0}1500-{비}{강도0}1800-{비}{강도0}2100-{비}{강도0}2400- {박무}1450-{박무}{강도0}1500-{박무}{강도0}1800-{박무}{강도0}2100-{박무}{강도0}2400-,
143,대구,2008-01-21,3.6,2.6,1915,5.1,255,11.58,,,,,.5,8.7,110,328,4.6,110,334,2.7,2315,110,.2,69,423,78.6,6.2,1017.4,1026.2,2212,1022.6,21,1024.6,10.1,0,1300,.58,3.22,,,,,,9.6,4.6,3.7,1.2,,,,,,,,,,,,,-{박무}-{박무}{강도0}0300-{박무}{강도0}0600-0830. -{비}-{비}{강도0}0300-0320. {비}0520-{비}{강도0}0600-0710. {비}0850-{비}{강도0}0900-{비}{강도0}1200-{비}{강도0}1500-1515.,
143,대구,2008-01-22,3.5,2.3,806,5.1,1433,18.58,,,,,3.5,4.9,290,2400,3.1,270,2347,1.3,1115,270,1.6,77,221,87.9,6.9,1016.1,1025.9,0,1020.8,2347,1023.2,10.1,0,1300,.34,1.85,,,,,,10,6.5,4,1.2,,,,,,,,,,,,,{비}0440-{비}{강도0}0600-{비}{강도0}0900-{비}{강도0}1200-{비}{강도0}1500-{비}{강도0}1800-1925.  {비}2010-{비}{강도0}2100-{비}{강도0}2400-   {박무}0730-{박무}{강도0}0900-{박무}{강도0}1200-{박무}{강도0}1500-{박무}{강도0}1800-{박무}{강도0}2100-{박무}{강도0}2400-,
143,대구,2008-01-23,1.3,-3,2348,4.6,1410,7.5,,,,,4,11.4,290,1440,6.3,290,1503,4.1,3525,290,-5.1,34,2155,64.4,4.5,1014.1,1023.9,2400,1018.8,1424,1021.2,10.2,3.1,1200,1.12,6.2,,,,,,5.3,3.9,2.8,-4.8,,,,,,,,,,,,,-{박무}-{박무}{강도0}0300-{박무}{강도0}0600-0830. -{비}-{비}{강도0}0300-{비}{강도0}0600-0730.,
143,대구,2008-01-24,-3.5,-6.7,735,.5,1524,,,,,,,11.2,320,1341,6,290,1414,3.7,3167,290,-16.7,19,1505,36.8,1.7,1021.1,1030.8,1115,1023.9,0,1028.4,10.2,8.8,1200,1.86,11.22,,,,,,1.1,0,-2,-8.4,,,,,,,,,,,,,,
143,대구,2008-01-25,-1.6,-6,732,2.7,1505,,,,,,,6.8,320,322,3.8,320,338,2.1,1849,290,-13.2,27,1215,42.5,2.2,1023.2,1032.6,849,1028.8,1451,1030.5,10.2,8.2,1200,2.11,11.86,,,,,,3,.4,-2,-8.2,,,,,,,,,,,,,,
143,대구,2008-01-26,.6,-2,217,5.9,1527,,,,,,,5.2,270,1448,3.3,270,1455,1.5,1310,270,-11.8,19,1444,41.5,2.5,1021.2,1030,302,1026,1505,1028.4,10.2,6.9,1200,2.04,11.25,,,,,,3.1,.6,1.1,-8.2,,,,,,,,,,,,,,
143,대구,2008-01-27,.9,-4.8,738,7.3,1533,,,,,,,5.7,140,1632,3.1,140,1640,1.4,1199,50,-5.8,40,1208,62.9,4.1,1019.4,1030,722,1023,2340,1026.7,10.3,8,1200,2.02,12.08,,,,,,1.6,.1,1.1,-8.6,,,,,,,,,,,,,,
143,대구,2008-01-28,1,-1.3,622,3.9,1404,7.83,,,,,1.2,6.1,320,1601,3.5,290,1602,1.6,1340,50,-3.1,52,1526,74.8,4.9,1011.9,1023.8,22,1015.8,2238,1019,10.3,0,1100,.83,3.43,1.5,2330,1.5,2330,3.2,8.9,3.8,.5,-6.4,,,,,,,,,,,,,{눈}1550-{눈}{강도0}1800-{눈}{강도0}2100-2340. {박무}1820-{박무}{강도0}2100-2240.,
143,대구,2008-01-29,2.3,.1,334,6.7,1547,,,,,,,7,320,1713,3.5,270,1558,1.9,1614,290,-10.4,14,1640,40.9,2.8,1008.6,1018.4,2210,1013.4,1416,1015.7,10.3,3.4,1400,1.59,6.65,,,1.5,0,,5.1,3,2.6,-6.1,,,,,,,,,,,,,,
143,대구,2008-01-30,.7,-2.3,2342,4.3,1212,.42,,,,,0,13,340,1230,6.7,290,1311,3.3,2808,290,-9.5,31,1709,46.9,3,1013.7,1025.1,2302,1018.3,0,1020.9,10.4,6.4,1200,2.04,11.43,,,,,,3.3,2.5,.4,-6.4,,,,,,,,,,,,,{눈}0735-0740. {눈}0920-0940.,
143,대구,2008-01-31,-1.1,-4.4,734,3.3,1534,,,,,,,9.1,320,1510,5.1,320,1628,2.8,2411,290,-12.5,25,1609,43.3,2.4,1018.5,1028,2351,1023.5,1534,1025.7,10.4,9.2,1200,2.25,14.1,,,,,,.3,0,-.4,-8.3,,,,,,,,,,,,,,
143,대구,2008-02-01,.2,-4.9,536,6.1,1529,,,,,,,6.8,320,6,3.9,290,13,2,1718,290,-15,14,1620,33.3,1.9,1019.2,1029.4,906,1023.4,1654,1026.5,10.4,8.9,1200,2.31,14.06,,,,,,2.6,0,-.1,-10.5,,,,,,,,,,,,,,
143,대구,2008-02-02,.7,-1.9,2355,5.7,1610,,,,,,,4.4,290,101,2.5,270,54,1.2,1001,50,-13.3,15,1546,36.9,2.3,1014.5,1024.8,40,1018.6,1736,1021.7,10.5,2.4,1200,1.26,8.16,,,,,,5.4,1.9,.5,-8.2,,,,,,,,,,,,,,
143,대구,2008-02-03,1.5,-3.1,357,6.7,1422,,,,,,,9.7,320,1711,5.1,320,1716,2.7,2312,290,-10,25,1553,42.9,2.9,1011,1020.3,2358,1015.5,1516,1018.2,10.5,5,1300,2.06,10.14,,,,,,3.5,1.9,1.5,-7.6,,,,,,,,,,,,,,
143,대구,2008-02-04,.8,-2.2,712,6,1515,,,,,,,9.6,320,1734,5.3,320,1526,3.3,2829,290,-11,27,1432,41.6,2.6,1015.5,1025.2,2354,1020.2,10,1022.7,10.5,9.6,1200,2.28,14.09,,,,,,0,0,1.3,-7.3,,,,,,,,,,,,,,
143,대구,2008-02-05,-.4,-4.4,703,3.9,1611,,,,,,,8.1,320,15,4.6,320,10,2.2,1874,290,-12.6,25,1612,40.6,2.3,1017.5,1027.1,839,1022.7,1701,1024.8,10.5,2.5,1200,1.44,8.88,,,,,,5.3,0,.2,-8.4,,,,,,,,,,,,,{햇무리}0850-1430.,
143,대구,2008-02-06,.2,-2.5,600,4.8,1523,,,,,,,9.3,320,946,4.6,320,1610,3,2584,290,-13.1,21,1604,37.6,2.3,1014.8,1023.6,843,1020,1427,1022,10.6,9,1200,2.36,14.57,,,,,,1.3,0,1.7,-6.8,,,,,,,,,,,,,,
143,대구,2008-02-07,-.4,-4.8,653,5,1518,,,,,,,8.5,290,1329,4.8,270,1333,2.4,2100,290,-12.5,21,1434,41.6,2.4,1015.5,1024.1,809,1020.6,1432,1022.7,10.6,10,1200,2.45,15.44,,,,,,0,0,.7,-10.2,,,,,,,,,,,,,,
143,대구,2008-02-08,.2,-4.2,702,5.3,1602,,,,,,,6.9,340,40,3.7,290,417,1.9,1636,290,-12.3,25,1604,40,2.4,1017.3,1026.8,719,1022.7,2300,1024.5,10.6,8.9,1100,2.24,13.28,,,,,,3.4,.3,1,-8.7,,,,,,,,,,,,,,
143,대구,2008-02-09,0,-1.9,2359,3.2,1420,,,,,,,10.9,320,1256,6,320,1543,2.9,2546,290,-10.8,34,1249,44.5,2.7,1016.3,1027.4,2141,1021.8,410,1023.5,10.7,5.5,1100,1.75,9.74,,,,,,3.5,2.5,.6,-7.4,,,,,,,,,,,,,,
143,대구,2008-02-10,2.2,-5,651,9.4,1537,,,,,,,6.7,270,1524,3.6,290,1531,1.6,1370,270,-13,12,1653,35.4,2.3,1018.1,1028.1,746,1023.5,1815,1025.3,10.7,9.2,1200,2.31,14.39,,,,,,2.9,0,2.1,-8.4,,,,,,,,,,,,,{햇무리}1705-1730.,
143,대구,2008-02-11,3,.2,640,6.8,1537,,,,,,,7.8,340,2242,4.3,290,1946,2.4,2070,290,-11.5,24,1603,34.3,2.6,1015.1,1025.3,937,1020.2,1708,1022.2,10.7,2,1100,1.64,9.1,,,,,,6.3,.8,3.3,-5.2,,,,,,,,,,,,,,
143,대구,2008-02-12,-2.2,-5.9,2359,1.7,0,,,,,,,13.6,320,1001,7.1,320,328,4.5,3860,290,-20.8,12,1226,24.1,1.2,1015.3,1025.4,2135,1020.3,1427,1022.6,10.8,7.9,1200,2.58,15.14,,,,,,2.1,.3,1,-9,,,,,,,,,,,,,,
143,대구,2008-02-13,-3.5,-8.5,725,2.1,1534,,,,,,,9.9,320,1547,5.4,290,1358,3.7,3154,290,-20.7,12,1528,27.3,1.2,1018.3,1028,859,1023.7,1524,1025.7,10.8,10,1200,2.56,16.26,,,,,,.4,0,-1.1,-11,,,,,,,,,,,,,{놀}0640-0720. {놀}1735-1830. {달무리}2220-2310.,
143,대구,2008-02-14,.6,-3.8,206,5.5,1504,,,,,,,9.9,320,1303,5.3,320,1308,2.7,2344,290,-13.7,18,1535,34.9,2.1,1017.1,1026.6,927,1021.7,1604,1024.3,10.8,9.9,1200,2.51,15.97,,,,,,.5,0,2,-9.4,,,,,,,,,,,,,{놀}0650-0725. {놀}1740-1835.,
143,대구,2008-02-15,.5,-3.3,2349,4.8,1352,,,,,,,11.4,320,1258,6.5,290,1259,3.6,3103,290,-17.7,11,1616,26.6,1.7,1017.8,1028.3,2400,1023.2,1457,1025.1,10.9,9.6,1200,2.55,16.43,,,,,,0,0,2.1,-7.7,,,,,,,,,,,,,{놀}0640-0720. {놀}1735-1820.,
143,대구,2008-02-16,-.8,-5,638,4.3,1426,,,,,,,13.2,270,1503,6.7,290,1504,3.5,3023,290,-16.9,16,1427,29.5,1.7,1021.7,1030.6,2359,1027.6,1419,1029,10.9,10.1,1200,2.51,16.47,,,,,,.1,.1,.8,-8.3,,,,,,,,,,,,,{놀}0640-0725. {놀}1740-1815.,
143,대구,2008-02-17,0,-3.7,642,5.3,1538,,,,,,,9.1,340,1146,4.8,290,1123,2.3,2005,290,-15,16,1554,33.4,2,1025.8,1035.4,2358,1030.6,0,1033.1,10.9,10.3,1200,2.57,16.75,,,,,,0,0,1.8,-11.4,,,,,,,,,,,,,{놀}0640-0740. {놀}1745-1825.,
143,대구,2008-02-18,.6,-6.7,650,7.4,1526,,,,,,,5.6,290,1452,3.2,290,1457,1.2,1063,50,-17.9,10,1436,27.3,1.5,1026.9,1038.1,731,1031,1740,1034.2,11,9.4,1300,2.23,14.57,,,,,,2.1,.8,1.9,-13.5,,,,,,,,,,,,,{놀}0645-0710. {햇무리}1005-1055. {놀}1745-1830.,
143,대구,2008-02-19,2.9,-1.8,654,8.1,1552,,,,,,,10.1,320,1424,6,320,1444,2.9,2463,290,-12.5,19,1436,32.4,2.4,1021.5,1031.5,0,1026.1,1644,1028.7,11,10.1,1200,2.56,16.26,,,,,,0,0,3.1,-8.9,,,,,,,,,,,,,{놀}0635-0655. {놀}1753-1827.,
143,대구,2008-02-20,4.9,-.9,732,11,1444,,,,,,,13.5,320,1255,7.1,320,1256,2.6,2248,290,-11.1,16,1359,33.8,2.7,1018.9,1027.3,0,1024.4,1446,1026,11.1,9.6,1200,2.44,15.35,,,,,,0,0,4.3,-9.5,,,,,,,,,,,,,{연무}0430-{연무}{강도0}0600-{연무}{강도0}0900-1140. {놀}0650-0740. {놀}1750-1828.,
143,대구,2008-02-21,5,-2.7,706,12.1,1440,,,,,,,6.7,320,1356,3.8,290,1438,1.3,1100,320,-12.2,13,1524,30.1,2.4,1016.9,1027.6,826,1020.4,1704,1024,11.1,9.2,1100,2,14.22,,,,,,1.8,0,3.6,-10.9,,,,,,,,,,,,,{놀}0642-0728. {햇무리}1240-1350. {놀}1735-1840. {연무}1930-{연무}{강도0}2100-{연무}{강도0}2400-,
143,대구,2008-02-22,6.5,-1.4,702,14.3,1544,,,,,,,5.2,340,2050,3.2,290,1623,1.4,1189,290,-5.6,21,1545,43.6,4.1,1010.2,1022.3,103,1011.9,2350,1017.2,11.1,8.7,1200,2.37,13.89,,,,,,3.5,0,6.2,-7.6,,,,,,,,,,,,,-{연무}-{연무}{강도0}0300-{연무}{강도0}0600-0750. {달무리}0523-0548. {놀}0657-0732. {햇무리}1020-1130. {연무}1745-{연무}{강도0}1800-{연무}{강도0}2100-{연무}{강도0}2400-,
143,대구,2008-02-23,1.6,-2.3,2326,8.9,110,.17,,,,,0,14.7,320,241,7.2,320,1340,4.3,3719,290,-14.2,13,1332,31,2.1,1014,1028.2,2355,1011.7,45,1021.2,11.2,9.7,1300,2.57,16.46,,,,,,.8,.8,4.9,-6.6,,,,,,,,,,,,,-{연무}-{연무}{강도0}0300-0420. {비}0155-0205. {놀}0642-0745. {놀}1752-1820.,
143,대구,2008-02-24,1,-4.3,712,6.5,1523,,,,,,,7.7,90,1747,5.3,90,1755,2.5,2145,140,-11.5,25,1348,40.3,2.6,1023.1,1032.7,912,1028.2,0,1030.4,11.2,10.4,1200,2.61,17.64,,,,,,.1,.1,4.4,-8.7,,,,,,,,,,,,,{놀}0637-0722. {놀}1742-1835.,
143,대구,2008-02-25,1.4,-4.2,721,6.7,1414,7.17,,,,,.5,6,160,1630,3.3,160,1633,1.5,1330,110,-4.4,33,1405,68.4,4.6,1019.3,1030.8,17,1020.9,2400,1026.6,11.2,3.2,1000,1.68,8.29,,,,,,6.6,3.1,3,-6.2,,,,,,,,,,,,,{달코로나}0552-0648. {놀}0645-0734. {비}1650-{비}{강도0}1800-{비}{강도0}2100-{비}{강도0}2400- {박무}1835-{박무}{강도0}2100-{박무}{강도0}2400-,
143,대구,2008-02-26,1.7,.2,2200,4.1,1447,9.83,,,,,4.5,11.1,320,1500,5.8,290,1420,3.1,2650,290,-4.3,37,1627,66.6,4.6,1010.5,1020.9,0,1014.8,1335,1017.6,11.3,1.8,1100,1.54,7.72,.5,750,.5,750,.5,7.6,5.9,2,-1.8,,,,,,,,,,,,,-{비}-{비}{강도0}0300-{진눈깨비}0515-{진눈깨비}{강도0}0600-{눈}0610-{진눈깨비}0815-{진눈깨비}{강도0}0900-{비}0930-0950. -{박무}-{박무}{강도0}0300-{박무}{강도0}0600-{박무}{강도0}0900-1120. {놀}1815-1855.,
143,대구,2008-02-27,3.6,-1.6,710,9.5,1520,,,,,,,13.8,320,1501,6.7,320,1454,3.8,3313,290,-10.5,22,1720,35.8,2.8,1014.1,1023.4,847,1018.2,1502,1021.2,11.3,10.5,1200,2.69,18.01,,,,,,.4,.4,3.5,-5.1,,,,,,,,,,,,,{놀}0643-0725. {놀}1749-1852.,
143,대구,2008-02-28,5.5,-1.1,649,12.2,1517,,,,,,,8.1,270,1344,4.1,290,1346,2,1757,290,-8.9,19,1557,36.6,3.1,1011.5,1024.1,219,1013.9,2354,1018.6,11.4,10,1200,2.65,17.32,,,,,,2.3,0,5.8,-7.4,,,,,,,,,,,,,{놀}0648-0728. {놀}1745-1836.,
143,대구,2008-02-29,7.3,-.2,643,14.6,1547,,,,,,,11.3,270,1554,6.5,290,1535,2.6,2281,290,-7.2,14,1739,38.8,3.6,1001.1,1013.9,0,1003.6,1433,1008,11.4,6.5,1300,2.11,12.76,,,,,,4.8,1.9,5.5,-5.8,,,,,,,,,,,,,{놀}0645-0742. {놀}1752-1833.,
143,대구,2008-03-01,6.5,1.6,549,12.3,1458,,,,,,,10.5,290,40,5.5,320,49,2.6,2238,320,-10.7,14,1521,30.5,2.8,1009.3,1018.5,2329,1010,1,1016.3,11.4,10.6,1200,2.77,18.64,,,,,,.1,0,9.2,-5.5,,,,,,,,,,,,,{놀}0642-0728. {놀}1750-1854.,
143,대구,2008-03-02,7.4,.9,538,14,1620,,,,,,,8.9,290,1643,5.2,290,1644,1.7,1429,290,-7.2,19,1624,37.1,3.6,1007.7,1019,137,1011.1,1602,1014.7,11.5,3.6,1200,2.21,11.7,,,,,,7,1.6,7.5,-4.9,,,,,,,,,,,,,{황사}1410-{황사}{강도0}1500-{황사}{강도1}1800-{황사}{강도2}2100-{황사}{강도2}2400-,
143,대구,2008-03-03,6.5,3.5,2355,10,1339,,,,,,,8.9,290,1231,5.1,290,1232,2.6,2204,290,-3.5,32,1,49.4,4.8,1006.8,1016.5,2400,1011.9,1442,1013.8,11.5,2.5,1100,2.05,10.76,,,,,,5.8,1.8,7.3,-.2,,,,,,,,,,,,,-{황사}-{황사}{강도1}0300-{황사}{강도1}0600-{황사}{강도1}0900-{황사}{강도0}1200-1440.,
143,대구,2008-03-04,2.7,-.6,817,7.2,1546,6.83,,,,,1,5.8,270,18,3.8,140,1836,2,1767,320,-3,40,53,67.3,5,1012.3,1023.2,2339,1016.3,325,1019.4,11.5,3.2,1300,2.03,10.22,1.2,840,1.2,840,1.2,6.4,5.1,4.6,-3.6,,,,,,,,,,,,,{눈}0550-{눈}{강도0}0600-{눈}{강도0}0900-{비}1030-{비}{강도0}1200-1240. {박무}0620-{박무}{강도0}0900-{박무}{강도0}1200-1245. {놀}1736-1847.,
143,대구,2008-03-05,4.7,-2,650,11,1354,,,,,,,9.2,290,1312,5.1,290,1315,1.6,1358,270,-6.3,21,1354,51.4,3.9,1017.4,1026.5,829,1022.6,1628,1024.5,11.6,10.4,1200,2.78,18.08,,,,,,.4,.4,7.2,-5.9,,,,,,,,,,,,,{박무}0220-{박무}{강도0}0300-{박무}{강도0}0600-0840. {놀}0652-0708. {놀}1742-1838.,
143,대구,2008-03-06,5.6,-1.2,657,12.2,1526,,,,,,,11.5,270,1519,6.7,290,1452,2.4,2055,290,-5.4,20,1219,47.5,4.1,1016.1,1025.8,735,1019.8,1553,1023.2,11.6,8.9,1400,2.09,14.99,,,,,,1.1,.4,7.8,-5.7,,,,,,,,,,,,,{놀}0652-0717. {놀}1751-1832.,
143,대구,2008-03-07,6.4,2.1,638,11.5,1459,,,,,,,8.1,270,1148,4.7,290,1148,2.2,1866,290,-5.7,23,1536,44.3,4,1018.4,1027.5,2347,1023.5,1551,1025.5,11.6,10.1,1200,2.73,18.1,,,,,,.6,.6,10,-4.7,,,,,,,,,,,,,{놀}1755-1845.,
143,대구,2008-03-08,7.2,-.9,641,14.3,1441,,,,,,,6.2,270,1213,3.1,320,1309,1.5,1265,50,-8.9,12,1446,36,3.2,1018.8,1029.3,834,1022.7,1723,1025.9,11.7,9.6,1200,2.93,19.42,,,,,,2.3,0,11.4,-6.6,,,,,,,,,,,,,{놀}0615-0705. {햇무리}1640-1713. {놀}1753-1832.,
143,대구,2008-03-09,9.5,3.6,655,16.3,1622,,,,,,,5.9,320,1239,3.4,290,1311,1.7,1511,270,-5.3,13,1339,37.3,4.1,1012.7,1024.4,7,1015.8,1724,1019.6,11.7,7.8,1200,2.74,16.29,,,,,,4,2.1,10.2,-2.1,,,,,,,,,,,,,{놀}1755-1838.,
143,대구,2008-03-10,10.3,4.7,531,17.5,1529,,,,,,,8.2,290,1119,5,270,1128,2.5,2199,290,-5.5,20,1522,33.8,4.1,1011.1,1019.7,906,1015.9,1649,1018,11.8,10.3,1200,2.63,17.83,,,,,,0,0,12.8,-2.4,,,,,,,,,,,,,{놀}0643-0725. {놀}1752-1836. {연무}2310-{연무}{강도0}2400-,
143,대구,2008-03-11,12.1,4.5,435,19.1,1609,,,,,,,7,110,1847,4.3,110,2037,1.9,1625,140,1.4,28,1609,50.3,6.9,1013.8,1022.7,2347,1018.2,1710,1020.7,11.8,8.4,1200,2.5,16.04,,,,,,.8,.8,14.1,-2.1,,,,,,,,,,,,,-{연무}-{연무}{강도0}0300-{연무}{강도0}0600-{연무}{강도0}0900-{연무}{강도0}1200-{연무}{강도0}1500-{연무}{강도0}1800-{연무}{강도0}2100-{연무}{강도0}2400- {놀}1754-1820.,
143,대구,2008-03-12,12,5.9,634,18.7,1425,,,,,,,6.3,70,1101,4.3,160,1109,2.4,2089,140,4.5,26,1432,64.1,8.5,1016.2,1025.6,848,1020.9,1626,1023.2,11.8,7.4,1200,2.4,15.31,,,,,,.4,0,14.3,2.6,,,,,,,,,,,,,-{연무}-0030. {박무}0020-{박무}{강도0}0300-{박무}{강도0}0600-{박무}{강도1}0900-1030. {연무}1020-{연무}{강도0}1200-{연무}{강도0}1500-{연무}{강도0}1800-{연무}{강도0}2100-2250. {박무}2240-{박무}{강도0}2400-,
143,대구,2008-03-13,10.9,5.9,713,16.5,1448,1.33,,,,,.5,5.9,290,2247,3.6,290,1514,1.7,1492,290,4.4,37,1430,66.8,8.4,1011.1,1023.1,28,1014.6,1854,1018,11.9,.3,1300,1.47,7.74,,,,,,8.5,4.1,11.4,3.6,,,,,,,,,,,,,-{박무}-{박무}{강도1}0300-{박무}{강도1}0600-{박무}{강도1}0900-1040. {연무}1030-{연무}{강도1}1200-{연무}{강도0}1500-{연무}{강도0}1800-{연무}{강도0}2100-2315. {놀}1755-1842. {비}2240-{비}{강도0}2400- {박무}2305-{박무}{강도0}2400-,
143,대구,2008-03-14,10.5,7.1,2315,16.3,1410,3.33,,,,,.5,10.6,110,1950,5.8,140,1953,2.8,2454,270,1.5,27,1241,57.3,6.9,1012,1022.4,2303,1015.4,306,1018.9,11.9,8,1200,2.98,17.66,,,,,,3.1,2.3,14.8,3.2,,,,,,,,,,,,,-{비}-{비}{강도0}0300-0320. -{박무}-{박무}{강도1}0300-{박무}{강도0}0600-0830. {놀}0610-0705. {놀}1757-1843.,
143,대구,2008-03-15,11.7,4.5,649,18.9,1636,,,,,,,6.3,270,2139,4.4,270,2149,2.1,1813,290,.8,23,1510,50,6.5,1011.8,1022.4,750,1014.4,1656,1018.6,11.9,9.6,1200,2.8,19.21,,,,,,3,1.3,18.1,1.2,,,,,,,,,,,,,{놀}0618-0703. {놀}1758-1850.,
143,대구,2008-03-16,11.7,8.3,625,17.1,1442,,,,,,,9.2,320,1228,5,290,1209,2.7,2347,290,-6.2,13,1456,31.8,4.1,1010.5,1019.8,944,1015.7,1526,1017.3,12,9.1,1200,2.99,19.51,,,,,,1.5,.1,15.5,.3,,,,,,,,,,,,,{놀}0621-0705. {놀}1759-1844. {달무리}2140-2252.,
143,대구,2008-03-17,11.5,2.8,656,19.5,1630,,,,,,,7.4,140,2113,4.9,160,2116,1.7,1453,50,-4.6,7,1513,38.4,4.8,1010.8,1019.8,915,1014.6,1624,1017.7,12,10.4,1200,2.85,20.2,,,,,,1.3,0,15.5,-4,,,,,,,,,,,,,{놀}0618-0650.,
143,대구,2008-03-18,11.9,5.5,625,17.8,1600,,,,,,,5.4,140,2030,3.4,140,2034,2.2,1920,140,3.5,28,1418,59.5,7.9,1009.8,1019.8,648,1014.4,1627,1016.7,12.1,1.9,1100,1.84,11.91,,,,,,6.6,2.5,13.8,2.1,,,,,,,,,,,,,{박무}0615-0855. {햇무리}1332-1452.,
143,대구,2008-03-19,10.8,6.1,2340,15,1237,1.42,,,,,0,8.4,90,1804,5.3,90,1807,2.9,2522,140,3.5,46,1424,61.4,7.9,1009.8,1020.8,2338,1012.3,505,1016.7,12.1,0,1100,.86,5.45,,,,,,7.3,4,11.2,1.8,,,,,,,,,,,,,{비}0315-0350. {비}0450-0540.,
143,대구,2008-03-20,8.3,1.3,719,16.3,1417,,,,,,,9.7,110,1906,6.5,140,1631,3,2568,110,-2.3,20,1403,52,5.2,1015.8,1025.8,2300,1020.3,1431,1022.9,12.1,11.2,1200,3.06,21.72,,,,,,0,0,12.7,-2.1,,,,,,,,,,,,,,
143,대구,2008-03-21,9.6,1,634,17.9,1545,,,,,,,9.5,110,1349,5.8,140,1953,3,2563,90,-1.6,17,1722,50.9,5.5,1016.2,1026,207,1020.2,1453,1023.2,12.2,9.9,1200,3.12,21.12,,,,,,2.4,0,13,-2.3,,,,,,,,,,,,,{햇무리}1450-1520. {달코로나}1920-2010.,
143,대구,2008-03-22,11.4,4.5,540,17.5,1336,2.5,,,,,.4,8.2,110,1128,5.1,160,2045,2.5,2176,140,3.7,35,1429,61.9,8,1010.6,1021.7,0,1014.3,1722,1017.5,12.2,5,1200,2.53,14.71,,,,,,8.5,2.3,12.8,.5,,,,,,,,,,,,,{햇무리}0810-0855. {햇무리}1310-1345. {비}2130-{비}{강도0}2400- {박무}2320-{박무}{강도0}2400-,
143,대구,2008-03-23,10.2,9.1,437,11.4,1650,18.83,,,,,11.5,7,270,2044,4.1,290,2132,2.3,1973,290,7.8,65,2311,85.5,10.6,1001,1014.8,0,1004.6,1606,1007.8,12.3,0,1500,.41,2.24,,,,,,9.5,7.4,10.5,6,,,,,,,,,,,,,-{비}-{비}{강도0}0300-{비}{강도0}0600-{비}{강도0}0900-{비}{강도0}1200-{비}{강도0}1500-{비}{강도0}1800-1835. -{박무}-{박무}{강도0}0300-{박무}{강도0}0600-{박무}{강도0}0900-{박무}{강도0}1200-{박무}{강도0}1500-{박무}{강도0}1800-1920. {비}2010-2025.,
143,대구,2008-03-24,12.4,6.9,605,18.7,1552,.5,,,,,0,9.7,270,2037,5.4,270,2038,2.9,2489,270,1.2,25,1559,49.1,6.7,1003.5,1013,1000,1007.9,14,1010.3,12.3,10.7,1200,3.08,21.39,,,,,,1,1,12.6,3.3,,,,,,,,,,,,,{비}0410-0440. {놀}1802-1852.,
143,대구,2008-03-25,9.6,5.9,543,15.2,1504,,,,,,,11.6,320,1542,6.2,290,1533,3.5,2993,290,-7.4,17,1504,30.6,3.6,1003,1011.7,702,1006.7,1455,1009.8,12.3,10.1,1200,3.06,20.9,,,,,,1.3,1.3,11.7,-.8,,,,,,,,,,,,,,
143,대구,2008-03-26,8.3,4.4,618,12.6,1510,,,,,,,8.6,320,1621,4.7,290,1139,2.8,2386,290,-4.2,26,1607,42.1,4.5,1004.7,1013.5,2329,1010.3,1614,1011.7,12.4,7.7,1300,2.82,17.6,,,,,,2.8,2.4,12.4,-.2,,,,,,,,,,,,,,
143,대구,2008-03-27,8,3.4,519,13.5,1207,2.08,,,,,.4,8.8,340,1323,5.4,320,1323,1.5,1278,290,-1.1,39,2149,53.6,5.7,1005.1,1015.2,2353,1009.2,1722,1012.1,12.4,2.2,1100,1.63,9.85,,,,,,5.5,2.5,8.2,-.5,,,,,,,,,,,,,{비}1235-1305. {비}1355-{비}{강도0}1500-1530.,
143,대구,2008-03-28,9,3.6,642,15,1626,,,,,,,9.1,90,1801,5.4,110,1810,2.6,2268,290,-1.8,21,1627,50,5.4,1012.6,1024.2,2351,1015.1,57,1019.6,12.4,10.7,1200,3.11,21.84,,,,,,1.1,1,12.3,-1.5,,,,,,,,,,,,,{놀}1816-1859.,
143,대구,2008-03-29,8.9,6.5,2342,12.9,1430,7.17,,,,,3.5,7.2,90,1517,4.7,110,1536,2.7,2352,110,2.6,44,1431,66.4,7.4,1015.7,1026,817,1020.4,2203,1022.7,12.5,.4,1100,1.85,8.85,,,,,,9.4,5.9,10.5,4.6,,,,,,,,,,,,,{비}1650-{비}{강도0}1800-{비}{강도0}2100-{비}{강도0}2400- {박무}2130-{박무}{강도0}2400-,
143,대구,2008-03-30,7.9,5,655,10.8,1657,10.08,,,,,6,4.9,360,1721,3,320,1634,1.4,1251,320,3.8,60,1711,76.3,8,1007.9,1020.4,0,1012.3,1728,1014.9,12.5,0,1200,1.46,6.54,,,,,,8.9,7,8.8,3.6,,,,,,,,,,,,,-{박무}-{박무}{강도0}0300-{박무}{강도0}0600-{박무}{강도0}0900-0940. -{비}-{비}{강도0}0300-{비}{강도0}0600-{비}{강도0}0900-1005.,
143,대구,2008-03-31,8.6,5.7,559,12.1,1525,,,,,,,8.4,270,924,5.1,290,1318,2.5,2194,290,.7,40,1557,58.6,6.4,1007.9,1018.1,2358,1012.5,0,1014.8,12.5,1.3,1100,2.07,9.43,,,,,,5.3,5.3,7.7,1.5,,,,,,,,,,,,,{연무}0910-{연무}{강도0}1200-{연무}{강도0}1500-1520. {연무}2140-{연무}{강도0}2400-,
143,대구,2008-04-01,10.9,3.4,559,17.2,1429,,,,,,,11.3,340,1248,5.7,320,1257,2.5,2152,320,-1.6,22,1443,46.6,5.5,1010.3,1019.4,814,1014.7,1542,1017.2,12.6,8.9,1200,3.05,21.25,,,,,,1.1,0,11.1,-1.1,,,,,,,,,,,,,-{연무}-0150. {박무}0140-{박무}{강도0}0300-0548. {놀}0540-0620. {놀}1820-1853.,
143,대구,2008-04-02,12.3,7.7,555,17.7,1429,,,,,,,9.3,270,1737,5.7,290,1750,2.4,2083,290,-2.2,21,1506,38.3,5.2,1005.5,1017.1,0,1007.9,1612,1012.4,12.6,5.9,1300,2.82,17.11,,,,,,4.1,2,14.5,2.5,,,,,,,,,,,,,{놀}0550-0615. {놀}1755-1856.,
143,대구,2008-04-03,12.9,6.6,549,19.7,1550,,,,,,,11.4,320,1525,5.9,320,1530,3.5,3042,290,-6.4,9,1544,30.3,4,1006.4,1015.9,2346,1010.1,1546,1013.2,12.7,11.6,1200,3.22,23.72,,,,,,1.4,.3,15.4,1.2,,,,,,,,,,,,,{놀}0545-0620. {놀}1810-1850.,
143,대구,2008-04-04,14,8.2,624,20.7,1531,,,,,,,8.6,340,1554,4.3,320,1601,2,1740,290,-7.9,12,1427,22.6,3.4,1010.7,1019.6,944,1014.6,1723,1017.5,12.7,11,1200,3.13,22.22,,,,,,3.4,.3,16.6,3,,,,,,,,,,,,,{놀}0538-0622. {햇무리}0935-1210.,
143,대구,2008-04-05,15.7,8.5,656,23.5,1509,,,,,,,6.4,180,1913,3.5,270,1456,1.2,1052,50,-3.8,10,1521,28.6,4.7,1013.2,1022.3,951,1017.4,1625,1020,12.8,10.1,1300,2.82,20.62,,,,,,2.9,0,17.3,3.6,,,,,,,,,,,,,{놀}0555-0625. {놀}1758-1845.,
143,대구,2008-04-06,15.7,8.1,628,24,1339,1.5,1,2319,3,2300,3.5,8.3,180,1710,4.9,180,1636,1.9,1628,50,-2.2,13,1413,35.5,5.5,1008.6,1019.9,0,1011.3,1617,1015.4,12.8,10.2,1200,3.02,21.62,,,,,,2.9,1.5,18.6,2.7,,,,,,,,,,,,,{놀}0555-0620. {놀}1757-1850. {비}2230-{비}{강도0}2400- {박무}2345-{박무}{강도0}2400-,
143,대구,2008-04-07,13.3,10.2,536,19.7,1417,4.08,.5,5,2,44,3.5,7.5,140,1937,4.5,140,1943,2.3,1954,290,7.8,39,1628,71.8,10.6,1003.3,1014.1,2342,1007.1,1600,1010.1,12.8,4.3,1200,2.64,15.52,,,,,,6.3,5.3,13.6,7.4,,,,,,,,,,,,,-{비}-{비}{강도0}0300-0405. -{박무}-{박무}{강도0}0300-{박무}{강도0}0600-0620. {놀}1805-1855.,
143,대구,2008-04-08,14.3,7.4,622,21.8,1354,,,,,,,9.3,90,1624,5.9,90,1628,2.8,2444,110,3,17,1457,53.9,7.8,1008.7,1017.2,739,1013.7,1625,1015.5,12.9,10.6,1200,3.24,23.77,,,,,,2.4,.3,17.6,4.5,,,,,,,,,,,,,{놀}0550-0625. {박무}0640-0735. {놀}1805-1850.,
143,대구,2008-04-09,11.5,10,2343,13.2,1007,12.67,1,1216,3,1206,15.5,10.3,110,1151,6.1,90,1033,3.7,3200,110,7.7,67,1123,78.3,10.5,1001.5,1016,0,1003.8,2357,1008.3,12.9,0,800,.38,2.55,,,,,,9.8,6.5,11.1,7.8,,,,,,,,,,,,,{비}1120-{비}{강도0}1200-{비}{강도0}1500-{비}{강도0}1800-{비}{강도0}2100-{비}{강도0}2400- {박무}1140-{박무}{강도0}1200-{박무}{강도0}1500-{박무}{강도0}1800-{박무}{강도0}2100-{박무}{강도0}2400-,
143,대구,2008-04-10,11.7,9.4,2356,16,1708,14.33,1,19,3,0,13.5,7.1,340,1243,3.5,20,1344,1.4,1241,290,7.3,50,1709,76.3,10.3,1000.6,1014.1,2336,1003.1,324,1007.4,12.9,.5,1400,1.15,5.78,,,,,,6.6,4.9,11.9,5.5,,,,,,,,,,,,,-{비}-{비}{강도0}0300-{비}{강도0}0600-{비}{강도0}0900-{비}{강도0}1200-1420. -{박무}-{박무}{강도0}0300-{박무}{강도0}0600-{박무}{강도0}0900-{박무}{강도0}1200-1240. {놀}1815-1905.,
143,대구,2008-04-11,13.9,6,513,23.4,1556,,,,,,,8.2,160,2011,4.7,140,2220,1.8,1522,70,4.9,23,1527,61.1,8.7,1008,1017.2,2309,1011.8,1631,1014.8,13,10,1200,3.09,21.76,,,,,,1.3,0,14.8,2.4,,,,,,,,,,,,,{놀}0546-0625. {놀}1817-1903.,
143,대구,2008-04-12,11.7,9.6,521,13.9,948,,,,,,,9.5,140,1017,5.8,110,1020,3.6,3096,110,7.1,59,957,74,10.1,1012.6,1022.2,1249,1017,24,1019.5,13,.7,900,1.35,7.77,,,,,,8.1,3.9,12.3,7.7,,,,,,,,,,,,,{박무}0620-0820.,
143,대구,2008-04-13,13.7,10.2,652,19.4,1349,,,,,,,6,320,1548,3.5,320,1530,1.7,1495,140,7.4,46,1343,67.4,10.3,1008.7,1019.1,0,1013,1620,1015.6,13,3.1,1200,2.99,14.74,,,,,,7.9,5,15.7,7.7,,,,,,,,,,,,,{박무}0340-{박무}{강도0}0600-{박무}{강도0}0900-0925.,
143,대구,2008-04-14,15.4,7.8,623,22.8,1522,,,,,,,5.8,250,1426,3.7,140,1951,1.4,1216,50,5.2,21,1639,57,9,1009.6,1018.4,1017,1013.2,1713,1016.3,13.1,11.1,1100,3.15,23.56,,,,,,.5,0,19.1,4.5,,,,,,,,,,,,,{박무}0130-{박무}{강도0}0300-{박무}{강도0}0600-{박무}{강도0}0900-0915. {연무}0905-1140. {놀}0555-0625. {놀}1835-1910.,
143,대구,2008-04-15,18.1,9.9,629,25.6,1443,,,,,,,4.7,290,1722,3,140,2000,1.2,996,50,5.1,21,1446,47.6,8.9,1009.3,1018.3,726,1013,1600,1016,13.1,11,1200,3.19,22.94,,,,,,2.5,0,21.3,5.4,,,,,,,,,,,,,{박무}0440-{박무}{강도0}0600-0840. {놀}0550-0620. {연무}0830-{연무}{강도0}0900-{연무}{강도0}1200-1410. {놀}1830-1912.,
143,대구,2008-04-16,15.9,13.8,554,19,1514,10,.5,2307,.5,2217,1,7.2,110,1948,4.8,90,1948,2.1,1781,110,9.1,40,1048,64.8,11.7,1008.7,1017.5,928,1013.3,1646,1015.4,13.2,0,1300,1.8,9.29,,,,,,9.8,5.8,17.9,11.7,,,,,,,,,,,,,{비}1040-{비}{강도0}1200-1340. {비}1550-1640. {비}1750-{비}{강도0}1800-{비}{강도0}2100-{비}{강도0}2400- {박무}2120-{박무}{강도0}2400-,
143,대구,2008-04-17,14.6,12.9,442,16.2,1545,13.58,1.5,411,4,355,9.5,7.7,50,2016,3.6,90,4,1.2,1004,140,10.9,64,2051,79,13,1007.6,1017,2118,1013.1,346,1014.4,13.2,0,1200,.83,4.15,,,,,,9.9,7.4,14.9,12.7,,,,,,,,,,,,,-{비}-{비}{강도0}0300-{비}{강도0}0600-0830. {비}1040-{비}{강도0}1200-{비}{강도0}1500-1545. -{박무}-{박무}{강도0}0300-{박무}{강도0}0600-0745. {박무}1235-1340.,
143,대구,2008-04-18,17.9,12,544,26.1,1455,,,,,,,8.3,320,1515,4.8,140,1908,2.6,2237,140,6.8,15,1544,54,10,1010.4,1019.2,2400,1014.7,1620,1017.1,13.2,11.5,1200,3.31,24.89,,,,,,1.8,1.8,19,8.5,,,,,,,,,,,,,{놀}0545-0620. {놀}1805-1910.,
143,대구,2008-04-19,16,9.8,642,23.3,1419,,,,,,,10.1,70,1641,5.8,110,1642,3,2587,110,6.6,30,1305,58.8,9.8,1014.2,1022.6,2105,1018.7,1533,1020.9,13.2,10,1200,3.24,24.23,,,,,,.6,.6,19.5,8.8,,,,,,,,,,,,,{박무}0340-{박무}{강도0}0600-0830. {놀}1840-1915.,
143,대구,2008-04-20,15.7,8.8,520,21.8,1252,,,,,,,13.1,140,1142,7,110,1200,3.2,2792,90,3.7,26,1240,48.5,8,1015.4,1023.5,747,1020.6,1609,1022.2,13.3,8.4,1100,3.07,21.76,,,,,,5,0,18.5,6.4,,,,,,,,,,,,,{놀}0550-0625. {햇무리}1518-1640.,
143,대구,2008-04-21,16.2,11.4,615,21.7,1610,,,,,,,8.8,110,1845,5.6,90,1903,3.3,2808,140,3.6,27,1742,45.1,8,1014.2,1022.8,910,1018.9,1631,1021,13.3,2.3,1000,2.23,14.85,,,,,,7.8,2.5,17.8,8.8,,,,,,,,,,,,,{햇무리}0840-1020.,
143,대구,2008-04-22,19.8,13.8,526,26.9,1406,.45,0,,0,,0,6.5,140,27,3.9,140,15,2.2,1861,140,3.8,21,1407,36,8.1,1009.7,1020.4,2,1013,1630,1016.3,13.4,4.3,1100,3.11,18.66,,,,,,8.4,5.9,22,10.6,,,,,,,,,,,,,{놀}0548-0624. {비}1813-1825. {비}2345-{비}{강도0}2400-,
143,대구,2008-04-23,13.9,9.1,2357,19.8,0,11.58,.5,200,1.5,946,7.5,10,340,2304,5.1,290,2344,2.4,2103,290,9.1,39,1,74.8,12.1,1004.5,1015.4,14,1008,1746,1011.3,13.4,1.3,1500,1.71,6.07,,,,,,8.4,6.8,14.6,7.8,,,,,,,,,,,,,-{비}-{비}{강도0}0300-0510. {이슬비}0855-{이슬비}{강도0}0900-{비}0920-{비}{강도0}1200-{비}{강도0}1500-1520. {박무}0320-{박무}{강도0}0600-{박무}{강도0}0900-{박무}{강도0}1200-{박무}{강도0}1500-1510.,
143,대구,2008-04-24,12,6.8,549,18.2,1511,,,,,,,11.5,320,1156,6.7,290,1207,3.6,3089,290,-3.3,17,1518,37.3,4.9,1007.6,1016.3,2312,1011.9,20,1014.4,13.4,11.8,1200,3.36,26,,,,,,.6,.6,14.4,4.3,,,,,,,,,,,,,{놀}0550-0625.,
143,대구,2008-04-25,14.4,5.6,540,22.5,1333,,,,,,,10.7,200,1647,5.7,160,1656,2.1,1829,50,-1.7,13,1319,38.6,5.5,1006.4,1016.3,145,1009.8,1658,1013.2,13.5,10.8,1200,3.37,24.71,,,,,,3,.5,17.9,2.6,,,,,,,,,,,,,{놀}0518-0640.,
143,대구,2008-04-26,13.1,11,2348,15.7,1634,2.58,.5,232,.5,210,.5,11.8,290,930,6.8,270,903,3.7,3201,290,3.3,33,15,52.1,7.8,1002.6,1013.5,2305,1005.8,621,1009.4,13.5,2.9,900,1.88,12.19,,,,,,6.5,6.1,14.5,8.8,,,,,,,,,,,,,{비}0210-{비}{강도0}0300-0445. {놀}1842-1912.,
143,대구,2008-04-27,13,7.2,600,19.6,1557,,,,,,,9.9,360,1710,5,320,1707,2.1,1806,290,2,23,1514,50.5,7.1,1007.8,1017.1,2358,1011.7,1628,1014.6,13.5,7.1,1200,2.41,18.85,,,,,,5,.4,16.5,1.6,,,,,,,,,,,,,{박무}0520-{박무}{강도0}0600-0655.,
143,대구,2008-04-28,15.1,6.9,524,23,1507,,,,,,,6.7,320,1452,3.3,290,1418,1.6,1377,20,4.8,27,1547,53.4,8.6,1009.6,1018.9,752,1013.4,1721,1016.3,13.6,10.9,1100,3.14,24.31,,,,,,1.4,0,19.5,3.3,,,,,,,,,,,,,{박무}0345-{박무}{강도0}0600-0755. {연무}0745-{연무}{강도0}0900-0950. {놀}0509-0635. {연무}1220-1440.,
143,대구,2008-04-29,19.6,10.6,441,27.5,1623,,,,,,,6.9,270,1231,4,270,1256,1.7,1431,270,10.3,34,1637,57.5,12.7,1009.1,1018.2,803,1012.9,1623,1015.8,13.6,11.1,1200,3.16,23.71,,,,,,0,0,22.9,5.3,,,,,,,,,,,,,{놀}0510-0620. {연무}0810-{연무}{강도0}0900-{연무}{강도0}1200-1240.,
143,대구,2008-04-30,21.8,15.9,413,28.9,1558,,,,,,,7.6,270,1345,3.6,250,1354,1.9,1615,290,10.3,25,1603,52.5,12.7,1007.3,1017,652,1010.2,1710,1013.9,13.6,9,1200,3.19,23.14,,,,,,2.8,0,24.7,12.3,,,,,,,,,,,,,{박무}0140-{박무}{강도0}0300-{박무}{강도0}0600-0840. {연무}0830-{연무}{강도0}0900-1140. {놀}0520-0615.,
143,대구,2008-05-01,21.8,15.3,622,28.2,1622,,,,,,,6.7,270,1144,3.8,270,1145,1.5,1317,270,9.9,26,1623,49.6,12.2,1005,1014.1,714,1008.8,1632,1011.6,13.7,9.3,1300,2.97,22.94,,,,,,4.3,0,26.1,11.6,,,,,,,,,,,,,{놀}1850-1945.,
143,대구,2008-05-02,23.3,14.3,603,31.8,1518,,,,,,,5.2,270,1500,3.2,110,2123,1.5,1327,20,10,15,1653,49.1,12.5,1003.4,1012.5,749,1006.7,1635,1009.9,13.7,11.6,1200,3.24,25.13,,,,,,0,0,27.4,10.9,,,,,,,,,,,,,{놀}0515-0620. {연무}0920-1130. {놀}1852-1940.,
143,대구,2008-05-03,24.9,16.9,606,32.3,1526,,,,,,,5.4,110,1903,3.6,110,2255,1.4,1191,20,11.2,19,1507,46,13.4,1003.6,1012.5,846,1008.1,1638,1010.1,13.7,9.6,1200,2.92,22.37,,,,,,.6,0,28.1,11.6,,,,,,,,,,,,,{놀}0517-0625. {연무}0920-1125. {놀}1755-1913.,
143,대구,2008-05-04,20.7,17.6,2357,26.2,1410,4.33,.5,1840,.9,1750,1,7.2,140,1829,5.3,140,1834,1.6,1408,50,12.5,27,1647,61.9,14.6,997.5,1009.6,0,1000.1,2358,1004,13.8,0,1300,1.09,7.49,,,,,,8.6,4.5,21.7,13.6,,,,,,,,,,,,,{비}1730-{비}{강도0}1800-1920. {비}2130-{비}{강도0}2400- {천둥}{강도0}(SW)1910-{뇌전}{강도0}(SW 9~10)1913-{뇌전}{강도0}(SW{이동}S 8~9)1918-1925.,
143,대구,2008-05-05,19.5,16.3,709,24.3,1504,4.17,1,316,1.5,226,2,10.1,320,1013,6,270,1247,3.3,2885,290,1.9,13,1731,39.3,8.3,999,1011.4,2329,998.8,231,1005.6,13.8,11,1200,3.5,27.59,,,,,,2.5,2.3,23.6,7.7,,,,,,,,,,,,,-{비}-{비}{강도0}0300-0410. {박무}0215-{박무}{강도0}0300-0415.,
143,대구,2008-05-06,20.1,9.5,550,29.5,1535,,,,,,,8.9,290,1600,4.9,290,1651,2.1,1782,290,-1.5,9,1545,27.1,5.5,1004,1013.3,818,1006.6,1604,1010.6,13.8,12.2,1200,3.46,27.46,,,,,,0,0,24.7,2.8,,,,,,,,,,,,,{놀}0510-0550. {놀}1815-1920.,
143,대구,2008-05-07,22.8,14.3,546,30.5,1633,,,,,,,6.3,270,2122,3.5,290,2106,2,1690,270,.9,9,1332,26.1,6.6,1002.6,1012,728,1005.5,1750,1009.2,13.9,10.1,1200,3.33,24.32,,,,,,3.4,0,26.5,7.3,,,,,,,,,,,,,{놀}0520-0550. {놀}1825-1910.,
143,대구,2008-05-08,21.6,17.5,539,26.5,1422,,,,,,,7.4,70,1653,4.7,70,1745,1.9,1619,290,3.4,18,1906,31.8,8,1003.5,1011.8,2229,1008.4,1527,1010.1,13.9,4.3,1300,2.4,17.28,,,,,,7.3,2.9,24.4,10.9,,,,,,,,,,,,,{햇무리}1240-1352.,
143,대구,2008-05-09,17.6,14.4,2400,21.8,1254,,,,,,,14.4,90,1115,8.7,90,1407,4.9,4202,90,4.4,19,1402,44.6,8.6,1008.7,1018.1,2040,1011.2,224,1015.4,13.9,4.3,1100,3.34,19.24,,,,,,7.6,4.8,22.3,13,,,,,,,,,,,,,{놀}0515-0610.,
143,대구,2008-05-10,14.8,11.6,2358,18.4,1338,,,,,,,11.5,70,1154,6.5,90,1503,4.1,3565,90,3.7,32,1500,48.5,8,1010.8,1019.3,2238,1016.4,1445,1017.6,13.9,5.5,1100,2.8,19.76,,,,,,5.1,3.9,21.2,6.5,,,,,,,,,,,,,{놀}1830-1920.,
143,대구,2008-05-11,13.9,8,542,20.1,1450,,,,,,,9.2,90,1614,6,90,1617,3.2,2740,90,4,28,1441,54.1,8.2,1011.7,1019.8,616,1016.4,1621,1018.5,14,10.8,1200,3.56,27.3,,,,,,.5,.5,21.4,2.3,,,,,,,,,,,,,{놀}0455-0550. {놀}1830-1918.,
143,대구,2008-05-12,14.5,10.1,458,19.3,1442,,,,,,,12.9,70,851,7.6,90,1014,4.6,3986,90,5.2,35,1550,55.5,8.9,1009.3,1019.1,0,1014,2344,1016.1,14,10.1,1100,3.37,26.71,,,,,,5.3,3.8,21.8,6.1,,,,,,,,,,,,,{놀}0505-0550.,
143,대구,2008-05-13,12.3,9.6,412,18.8,1229,11.45,1.5,232,4,226,11,9.1,90,17,5.5,90,0,2.2,1859,270,8.1,41,1302,77.1,10.8,1006.1,1014.6,349,1010.7,1341,1012.9,14,4.9,1200,3.18,16.89,,,,,,8.4,6.3,15.2,9.2,,,,,,,,,,,,,{비}0140-{비}{강도0}0300-0542. {소나기}1350-{소나기}{강도0}1500-{비}1505-1645. {비}1735-{비}{강도0}1800-1915. {비}2110-{비}{강도0}2400- {천둥}{강도0}(SW)1345-{뇌전}{강도0}(SW 7~8)1405-{뇌전}{강도0}(SW{이동}S 5~6)1420-{뇌전}{강도1}(S 3~4)1430-1455.,
143,대구,2008-05-14,15.1,10.2,405,20.9,1510,4.75,1,225,2,200,2,7.2,320,1648,3.6,290,1337,1.8,1535,290,6.4,30,1622,60.4,9.7,1008.4,1017,2322,1013,104,1015.1,14,7.1,1200,3.19,21.74,,,,,,5,4.1,18.2,8.6,,,,,,,,,,,,,-{비}-{비}{강도0}0300-0445. {놀}1855-1930.,
143,대구,2008-05-15,17.7,9.3,519,24.2,1419,,,,,,,6.8,250,1928,3.6,270,1404,1.5,1282,270,6,20,1346,50.6,9.4,1009.1,1018.5,901,1012.7,1647,1015.8,14.1,10.6,1200,3.48,25.43,,,,,,2,2,22.5,6.7,,,,,,,,,,,,,{놀}0510-0550.,
143,대구,2008-05-16,19.1,13.3,551,24.6,1509,,,,,,,6.3,270,1547,3.8,270,1549,1.5,1274,270,7.3,28,1042,49.1,10.3,1005.8,1015,739,1009.5,1851,1012.5,14.1,8.4,1400,2.6,20.62,,,,,,2.9,.8,23.7,7.5,,,,,,,,,,,,,{놀}0505-0558.,
143,대구,2008-05-17,20,12.5,535,26.4,1419,,,,,,,7,180,1836,3.8,160,1831,1.3,1144,20,8.7,25,1513,51.5,11.3,1004,1012.6,742,1007.9,1800,1010.6,14.1,7.6,1200,2.98,20.74,,,,,,3.6,.9,23.8,8.2,,,,,,,,,,,,,{박무}0410-{박무}{강도0}0600-0750. {연무}0740-{연무}{강도0}0900-{연무}{강도0}1200-1340. {놀}0513-0604. {놀}1905-1940.,
143,대구,2008-05-18,19.7,15.5,449,24.3,1456,3.13,7,2257,13,2249,14.5,11.7,290,2242,6.2,270,2249,2,1703,160,11.2,31,1316,60.5,13.5,1000.7,1010.9,8,1002.9,2212,1007.3,14.1,1.3,1200,2.48,13.59,,,,,,9.1,5.9,22.7,11.8,,,,,,,,,,,,,{비}0805-0816. {비}2012-2025. {비}2055-{비}{강도0}2100-2224. {소나기}2245-{소나기}{강도0}2400- {천둥}{강도0}(NW)2135-2139. {뇌전}{강도0}(SE 5~8)2220-2230. {뇌전}{강도0}(NW 5~8)2240-{뇌전}{강도1}(NW 4~5)2255-{뇌전}{강도2}(NW 2~3)2305-2310. {뇌전}{강도2}(SW 3~4)2303-{뇌전}{강도2}(SW{이동}S 3~4)2315-{뇌전}{강도1}(S{이동}SE 4~5)2330-2345. {박무}2235-{박무}{강도0}2400-,
143,대구,2008-05-19,18,13.4,2348,23.2,1550,5.03,1.5,0,2.5,0,6,11.1,270,2313,6.2,270,2256,2.7,2312,270,6.6,19,1813,53.3,10.4,998.1,1007.2,907,1001.8,1759,1004.7,14.2,5.5,1400,2.86,18.64,,,,,,5.9,2.9,19.9,10.7,,,,,,,,,,,,,-{소나기}-{비}0040-{비}{강도0}0300-0502. -{박무}-0045. {햇무리}1140-1330.,
143,대구,2008-05-20,18,11.1,536,24.7,1443,,,,,,,9.2,250,1013,5.3,290,1308,3,2590,270,5.9,27,1444,47.6,9.4,1001.3,1010.2,2347,1005.2,120,1008,14.2,12.3,1200,3.52,28.06,,,,,,0,0,22.1,7.9,,,,,,,,,,,,,{놀}0452-0605. {놀}1907-1945.,
143,대구,2008-05-21,21.3,12.8,451,29.7,1548,,,,,,,8.9,290,1228,4.4,250,1228,1.5,1303,50,6.3,17,1325,43.3,9.7,1003.4,1011.7,745,1006.9,1559,1009.9,14.2,10.1,1200,3.04,23.51,,,,,,2.9,0,24.6,8.2,,,,,,,,,,,,,{햇무리}1040-1120.,
143,대구,2008-05-22,22.4,15.3,540,28.9,1536,,,,,,,5.9,290,1410,3.3,270,1412,1.4,1219,230,9.9,28,1251,47.3,12.3,1006.5,1014.9,2309,1010.9,1646,1013.1,14.3,7.7,1100,2.91,21.48,,,,,,4,0,26.1,11,,,,,,,,,,,,,{햇무리}1045-1420.,
143,대구,2008-05-23,22.7,18,453,28.1,1300,1.5,.3,2250,.5,2250,.5,6.7,250,1526,4,270,1531,1.4,1225,270,14.3,40,1506,61,16.4,1005.4,1014.7,537,1009.5,2304,1011.9,14.3,4.9,1200,2.67,16.12,,,,,,8.5,2.6,25.1,14.7,,,,,,,,,,,,,{박무}0317-{박무}{강도0}0600-0815. {연무}0805-{연무}{강도0}0900-{연무}{강도0}1200-1340. {햇무리}1140-1320. {비}2230-{비}{강도0}2400-,
143,대구,2008-05-24,18.9,17.3,2353,21,1018,10,.5,1200,1,1334,1.5,6,140,1058,4.3,140,1104,1.8,1533,110,16.3,66,1037,85.4,18.5,999.5,1010.3,19,1003.7,1726,1006.1,14.3,0,900,.75,5.8,,,,,,9,6.1,20.3,14.4,,,,,,,,,,,,,-{비}-0115. {비}0240-{비}{강도0}0300-0340. {비}0905-0930. {박무}0420-{박무}{강도0}0600-0745. {박무}0940-{박무}{강도0}1200-{박무}{강도0}1500-{박무}{강도0}1800-{박무}{강도0}2100-{박무}{강도0}2400- {비}1145-{비}{강도0}1200-{비}{강도0}1500-{비}{강도0}1800-1905.,
143,대구,2008-05-25,24.1,16.5,549,30.9,1506,,,,,,,9,320,1732,4.7,290,1124,2.1,1835,270,14.4,30,1734,59.5,16.5,998.5,1006.9,2336,1003.3,1712,1004.9,14.3,9.8,1200,2.98,23.3,,,,,,1.6,.3,27.6,14,,,,,,,,,,,,,-{박무}-{박무}{강도1}0300-{박무}{강도2}0600-{시정(미만)}{1km}{안개}0615-{시정(이상)}{1km}{박무}0740-{박무}{강도1}0900-1015. {연무}1005-{연무}{강도0}1200-1230.,1.42
143,대구,2008-05-26,24.1,18.8,2400,31.2,1507,,,,,,,9,290,1422,5.4,290,1442,2.7,2296,270,10.2,14,1454,46.4,12.8,1002,1010,2330,1006.7,1734,1008.5,14.3,12,1200,3.38,27.25,,,,,,1.6,0,29.3,13.9,,,,,,,,,,,,,,
143,대구,2008-05-27,24.5,15.9,533,33.6,1358,,,,,,,7.2,160,1721,4.1,160,1603,1.9,1667,160,10.3,19,1400,45.5,12.7,1000.4,1009.9,13,1004.1,1523,1006.9,14.4,9.6,1300,3.27,24.97,,,,,,5,1.3,30.9,13,,,,,,,,,,,,,,
143,대구,2008-05-28,18.6,16.9,601,24.1,0,15.5,4,936,13.5,927,44,7.1,140,1527,4.7,110,1534,2,1753,110,15.7,39,320,85.6,18,995.3,1005.6,21,998.4,1711,1001.9,14.4,0,1500,.71,3.51,,,,,,10,6.3,20.3,16.6,,,,,,,,,,,,,{비}0315-0320. {비}0350-{비}{강도0}0600-{비}{강도1}0900-{비}{강도1}1200-{비}{강도0}1500-{비}{강도0}1800-1850. {비}2325-2350. {박무}0420-{박무}{강도0}0600-{박무}{강도0}0900-{박무}{강도0}1200-{강도0}1500-{박무}{강도0}1800-{박무}{강도0}2100-{박무}{강도0}2400-,
143,대구,2008-05-29,20,17.4,2237,24,1700,,,,,,,9.2,140,1426,5.9,110,1358,3.1,2686,110,15.6,59,1634,76.9,17.8,998.6,1008.6,2121,1001,139,1005.2,14.4,2.8,1600,1.93,14.3,,,,,,7.1,6.1,21.6,14.9,,,,,,,,,,,,,-{박무}-{박무}{강도0}0300-{박무}{강도0}0600-0720.,
143,대구,2008-05-30,19.1,16.2,2359,22.3,1454,.7,0,,0,,0,7.5,90,8,4.7,90,14,2.1,1799,290,13,37,1849,68.8,15.1,1000,1008.2,101,1004.1,1712,1006.6,14.4,0,900,1.38,9.56,,,,,,7.9,5.4,19.6,11.2,,,,,,,,,,,,,{비}1940-2022. {황사}1830-{황사}{강도1}2100-{황사}{강도0}2400-,
143,대구,2008-05-31,20.5,12.9,435,27.3,1553,,,,,,,8.3,270,1337,4.3,290,1414,2.2,1906,290,6.1,22,1036,43.1,9.6,1002.1,1010.8,2400,1007,117,1008.7,14.4,12.3,1200,3.51,28.88,,,,,,0,0,24.2,7.9,,,,,,,,,,,,,-{황사}-{황사}{강도0}0300-{황사}{강도0}0600-{황사}{강도0}0900-1140.,
143,대구,2008-06-01,21.5,14.7,513,27.2,1509,,,,,,,8.1,160,1413,3.8,160,1331,2,1726,90,8.1,24,1311,45.1,10.9,1005.4,1014.3,2314,1010.5,252,1012,14.5,8,1300,2.94,21.86,,,,,,4.9,0,25.5,10.7,,,,,,,,,,,,,{햇무리}0942-1630.,
143,대구,2008-06-02,19.8,18,2256,23.7,1320,,,,,,,9.4,70,1615,6.2,90,1337,3.7,3163,90,13,40,0,65.5,15.1,1007.2,1014.8,823,1012.8,241,1013.9,14.5,.4,1200,1.9,12.54,,,,,,8.5,4.3,22.6,14.8,,,,,,,,,,,,,{연무}0740-{연무}{강도0}0900-1040.,
143,대구,2008-06-03,18.6,15.9,508,23.9,1251,1.25,0,,0,,0,8.8,110,1420,5.4,90,1337,3.2,2782,110,13.5,50,1251,72.8,15.5,1007.3,1015.5,2237,1012.5,1513,1013.9,14.5,.9,1200,3.02,11.68,,,,,,8.3,8.3,22,13.1,,,,,,,,,,,,,{비}2210-2325.,
143,대구,2008-06-04,16.4,14,1939,19.7,1423,4.05,7.5,1811,18,1746,19,11,140,1925,6.3,90,1607,4.4,3801,90,12.5,60,1424,78.4,14.5,1005.1,1014.7,26,1007.9,2358,1011.8,14.5,.2,1300,1.71,8.54,,,,,,9.9,7,20.8,12.9,,,,,,,,,,,,,{박무}0620-{박무}{강도0}0900-0930. {박무}1750-{박무}{강도0}1800-2020. {비}1522-{소나기}1745-{소나기}{강도1}1800-{비}1830-1925. {뇌전}{강도0}(SW 5~6)1748-{뇌전}{강도0}(SW 5~6)1800-{뇌전}{강도0}(SW 3~4)1805-{뇌전}{강도1}(SW 2~3)1810-1825.,
143,대구,2008-06-05,15.6,13.3,309,18,1452,11,6,258,11.4,212,18,9.5,140,207,5.6,110,259,3,2555,110,13.1,77,1453,85.9,15.1,999.1,1008.3,2338,1004.4,305,1005.8,14.5,0,1300,.85,6.26,,,,,,9.9,6.8,17,12.9,,,,,,,,,,,,,{비}0048-0058. {비}0150-{소나기}0220-{소나기}{강도1}0300-{비}0320-{비}{강도0}0600-0650. {뇌전}{강도0}(SW 7~8)0215-{뇌전}{강도0}(SW 5~6)0225-{뇌전}{강도1}(SW 4~5)0235-{뇌전}{강도2}(SW 2~3)0243-{뇌전}{강도2}(SW{이동}W 1~2)0250-{뇌전}{강도2}(W{이동}NW 1~2)0255-{뇌전}{강도2}(NW 1~2)0300-{뇌전}{강도2}(NW 2~3)0305-0310. {박무}0230-{박무}{강도0}0300-{박무}{강도0}0600-{박무}{강도0}0900-{박무}{강도0}1200-1320. {비}0730-{비}{강도0}0900-0940. {비}1110-{비}{강도0}1200-1310. {박무}1750-{박무}{강도0}1800-{박무}{강도0}2100-{박무}{강도0}2400- {이슬비}2050-{이슬비}{강도0}2100-2140. {이슬비}2310-{이슬비}{강도0}2400-,
143,대구,2008-06-06,20.3,15,251,25.4,1447,3.5,.5,155,1,140,1,7.7,320,1548,4.2,290,1422,1.8,1574,290,12.8,40,1519,65,14.8,1003.3,1011.6,2255,1008,0,1009.9,14.5,5.2,1300,2.58,20.12,,,,,,6.6,5.8,22.4,14.5,,,,,,,,,,,,,-{이슬비}-0120. {비}0140-{비}{강도0}0300-0320. {비}0340-0410. -{박무}-{박무}{강도0}0300-{박무}{강도0}0600-{박무}{강도0}0900-0930.,
143,대구,2008-06-07,21.9,17.7,601,26.2,1450,1.75,.2,,.2,,.2,6.4,270,1100,4,270,1231,1.7,1461,290,13.1,39,1431,59,15.2,1004,1012,810,1008.6,1804,1010.6,14.5,4.1,1000,2.94,19.52,,,,,,8.1,3.1,23.5,14.8,,,,,,,,,,,,,{비}0530-{비}{강도0}0600-0715. {박무}0740-0810. {연무}0805-{연무}{강도0}0900-0930. {햇무리}1140-1325.,
143,대구,2008-06-08,21.3,16.3,1949,29.1,1413,4.42,12.5,1938,19.5,1936,20.5,15.3,270,1938,8.1,270,1942,1.4,1175,50,15.1,34,1336,71.1,17.2,1003.5,1011.9,1946,1007.4,1818,1010.1,14.5,7.6,1200,3.11,20.74,,,,,,6.9,2,24.4,14.1,,,,,,,,,,,,,{박무}0230-{박무}{강도0}0300-{박무}{강도0}0600-0830. {연무}0820-{연무}{강도0}0900-{연무}{강도0}1200-{연무}{강도0}1500-1540. {비}1530-{비}{강도0}1800-1810. {박무}1740-{박무}{강도0}1800-1820. {천둥}{강도0}(NW)1705-1720. {천둥}{강도0}(NW)1910-{뇌전}{강도0}(NW 7~8)1918-{뇌전}{강도0}(NW 5~6)1922-{뇌전}{강도1}(NW 3~4)1933-{뇌전}{강도1}(NW{이동}N 3~4)1941-{뇌전}{강도2}(N 1~2)1952-{뇌전}{강도2}(N{이동}NE 2~3)2000-{뇌전}{강도1}(NE 3~4)2005-{뇌전}{강도0}(NE 4~5)2008-{뇌전}{강도0}(NE 5~6)2018-{뇌전}{강도0}(NE 7~8)2027-2030. {뇌전}{강도0}(W 5~6)1920-{뇌전}{강도1}(W 3~4)1938-{뇌전}{강도1}(W 2~3)1942-{뇌전}{강도2}(W 1~2)1950-{뇌전}{강도2}(Z 1)2003-{뇌전}{강도2}(E 1~2)2006-2010. {뇌전}{강도0}(SW 5~6)1942-{뇌전}{강도1}(SW{이동}S 3~4)1958-{뇌전}{강도1}(S 2~3)2003-{뇌전}{강도1}(S{이동}SE 3~4)2012-{뇌전}{강도0}(SE 4~5)2017-{뇌전}{강도0}(SE 5~6)2021-{뇌전}{강도0}(SE 7~8)2040-2050. {소나기}1930-{비}2025-{비}{강도0}2100-2115.,
143,대구,2008-06-09,22.5,16,429,29.4,1542,,,,,,,5.9,140,2030,3.8,140,1921,1.7,1469,290,14.8,34,1545,65.9,16.9,1003.9,1012.3,733,1008.5,1712,1010.5,14.5,9,1200,3.44,25.42,,,,,,3.5,1.4,24.4,14.8,,,,,,,,,,,,,{박무}0020-{박무}{강도0}0300-{박무}{강도0}0600-{박무}{강도0}0900-1010.,
143,대구,2008-06-10,25,19.5,608,30.4,1440,,,,,,,7.3,290,1131,3.2,110,1854,1.4,1173,50,17,41,1411,63.1,19.4,1001.5,1010.7,0,1004.9,1710,1008,14.5,5.7,1100,2.71,19.79,,,,,,7,1.4,26.9,17.5,,,,,,,,,,,,,{박무}0415-{박무}{강도0}0600-0855. {연무}0850-{연무}{강도0}0900-{연무}{강도0}1200-{연무}{강도0}1500-{연무}{강도0}1800-{연무}{강도0}2100-{연무}{강도0}2400-,
143,대구,2008-06-11,21.4,17.1,2359,24.4,1248,,,,,,,9.6,90,804,6.3,90,813,3.5,2991,110,12.7,39,1704,59.4,15.1,1002.2,1009.5,713,1007.6,19,1008.7,14.6,.6,1200,2.26,14.11,,,,,,8,1.3,23.3,13.9,,,,,,,,,,,,,-{연무}-{연무}{강도0}0300-{연무}{강도0}0600-{연무}{강도0}0900-{연무}{강도0}1200-1250.,
143,대구,2008-06-12,22.2,13.2,425,30.3,1715,,,,,,,5,70,1504,3,90,1423,1.4,1201,20,8.8,13,1738,46.9,11.4,1002,1010.4,759,1006.6,1729,1008.6,14.6,13,1200,3.51,29.42,,,,,,.6,0,27.4,10.3,,,,,,,,,,,,,,
143,대구,2008-06-13,25.9,17.2,527,33.4,1436,,,,,,,7.3,230,1809,4.2,180,1810,1.4,1172,290,10.9,17,1449,43.5,13.3,1003.7,1012,2315,1008.1,1627,1010.2,14.6,12.7,1200,3.38,27.77,,,,,,1,.1,29.9,13.7,,,,,,,,,,,,,,
143,대구,2008-06-14,21.1,18.5,2346,24.8,1232,,,,,,,11.5,90,1738,6.8,90,1933,4.8,4127,90,13.8,48,1114,63.9,15.8,1009.1,1017.9,2130,1012,0,1015.7,14.6,5.8,1200,2.92,21.72,,,,,,6.6,1.5,26.3,17,,,,,,,,,,,,,,
143,대구,2008-06-15,18.9,16.4,2345,22.2,1323,,,,,,,11.2,110,1425,6.4,90,1419,4.2,3644,90,11.2,45,1637,61.4,13.3,1009.1,1017.3,0,1014.5,1718,1015.7,14.6,4.5,1400,2.63,19.29,,,,,,7,4.6,24.3,13.2,,,,,,,,,,,,,,
143,대구,2008-06-16,19,15,420,23,1422,,,,,,,11.3,110,1317,6.4,90,1746,3.8,3305,90,12,50,1327,64.9,14,1008.4,1016.1,0,1014.1,1327,1015.1,14.6,7.5,1300,2.82,23.24,,,,,,7,2.9,25.6,12.3,,,,,,,,,,,,,{햇무리}1050-1530.,
143,대구,2008-06-17,20,17.8,302,22.8,1322,.83,.1,,.1,,.1,8.9,90,1825,5.4,90,1434,3.7,3167,110,15,65,1323,73.1,17.1,1008.7,1016.5,815,1014.2,1959,1015.3,14.6,0,1300,1.34,9.31,,,,,,10,5.8,22.9,17,,,,,,,,,,,,,{비}0250-{비}{강도0}0300-0320. {박무}2050-{박무}{강도0}2100-{박무}{강도0}2400- {비}2340-{비}{강도0}2400-,
143,대구,2008-06-18,21.8,17.9,204,27.7,1735,22.75,7.5,2149,20,2112,57,9.9,250,1721,4.2,140,15,2.4,2081,110,19.6,66,1725,88.4,23,1002.5,1014.2,0,1005.4,1844,1009,14.6,0,1200,.69,4.39,,,,,,10,7.4,21.8,17.9,,,,,,,,,,,,,-{박무}-{박무}{강도0}0300-{박무}{강도0}0600-{박무}{강도0}0900-{박무}{강도0}1200-{박무}{강도0}1500-1540. -{비}-{비}{강도1}0300-{비}{강도0}0600-{비}{강도0}0900-{비}{강도0}1200-{비}{강도0}1500-1630. {비}1720-{비}{강도0}1800-{비}{강도0}2100-2335.,
143,대구,2008-06-19,25.3,19.5,517,30.2,1628,,,,,,,7.1,290,1437,3.8,290,1521,1.9,1676,290,18.4,49,1623,67.8,21.2,1001.6,1010.3,922,1005.8,1801,1008.1,14.6,10.1,1300,3.05,25.92,,,,,,6.3,3.5,26.6,17.2,,,,,,,,,,,,,,
143,대구,2008-06-20,25.4,21.1,804,29.8,1534,3.17,2.5,749,8,711,10.5,5.1,270,1713,3.3,270,1645,1.4,1251,270,20.8,60,1535,76.6,24.6,997.8,1007.5,150,1002,1834,1004.2,14.6,2.8,1100,2.71,15.71,,,,,,8.5,5.6,26.8,21,,,,,,,,,,,,,{박무}0530-{박무}{강도0}0600-{박무}{강도0}0900-1145. {비}0625-{비}{강도0}0900-0925. {연무}1135-{연무}{강도0}1200-{연무}{강도0}1500-1730. {박무}2040-{박무}{강도0}2100-{박무}{강도0}2400- {비}2350-{비}{강도0}2400-,
143,대구,2008-06-21,21.9,20.4,950,25.4,0,7.67,1,915,3,844,5,8.7,110,1345,5.5,90,1347,3.3,2875,110,18.1,64,810,79.8,20.8,995.3,1003.5,38,1000.7,2343,1001.8,14.6,0,1100,1.04,5.59,,,,,,10,6.1,22.5,20,,,,,,,,,,,,,-{비}-0010. {비}0750-{비}{강도0}0900-{비}{강도0}1200-1240. {비}1350-{비}{강도0}1500-1630. -{박무}-{박무}{강도0}0300-{박무}{강도0}0600-{박무}{강도0}0900-{박무}{강도0}1200-{박무}{강도0}1500-{박무}{강도0}1800-{박무}{강도0}2100-{박무}{강도0}2400-,
143,대구,2008-06-22,21.2,18.6,2353,25,1441,2.17,.5,626,1,612,1,8.4,140,1507,5.3,110,1516,2.8,2382,110,17.4,64,1442,80,20,995.9,1005.8,2215,999.8,332,1002.4,14.6,.7,1300,2.02,12.41,,,,,,8.4,5.9,23.7,17.7,,,,,,,,,,,,,-{박무}-{박무}{강도0}0300-{박무}{강도0}0600-0840. {비}0605-0815.,
143,대구,2008-06-23,20.4,17.6,429,25.1,1528,,,,,,,10.3,90,1723,6,90,1750,3.6,3135,90,13.8,48,1144,67.3,15.8,999.4,1007.3,2106,1004.9,441,1005.9,14.6,7.4,1300,3.31,24.42,,,,,,6.9,4.5,23.5,16.6,,,,,,,,,,,,,,
143,대구,2008-06-24,20.2,18.2,538,24.1,1416,,,,,,,7.8,70,1729,5.4,90,1822,3.4,2959,90,14.7,56,1441,71.1,16.7,1000.3,1008.4,2301,1005.7,1612,1006.9,14.6,.6,1300,1.81,13.97,,,,,,9.1,6,22.9,17.4,,,,,,,,,,,,,,
143,대구,2008-06-25,19.9,17.6,2342,22.3,1203,,,,,,,7.3,90,1942,4.9,90,1949,2.6,2222,110,14.2,52,2058,70.3,16.3,1001.4,1009.6,2354,1006.6,236,1008,14.6,.4,1000,1.23,8.79,,,,,,7.4,4.4,21.6,13.5,,,,,,,,,,,,,,
143,대구,2008-06-26,21.3,15.8,519,29.1,1628,,,,,,,7.8,140,1953,5,140,1954,2.4,2077,90,13.8,40,1559,64.5,15.8,1002.5,1010.8,801,1006.8,1711,1009,14.6,8.1,1200,3.41,25.31,,,,,,4.8,4.1,27.4,13.2,,,,,,,,,,,,,,
143,대구,2008-06-27,24,18.1,454,28.8,1319,.42,0,,0,,0,5.3,110,14,3.3,110,6,1.5,1317,110,17,48,1323,66.1,19.4,1003.6,1011.9,602,1008.5,1656,1010,14.6,5.3,1200,2.96,17.79,,,,,,7.5,4.3,27.2,16.3,,,,,,,,,,,,,{소나기}1755-{소나기}{강도0}1800-1820.,
143,대구,2008-06-28,19.1,17.6,1419,23.1,0,19.17,3,1308,12.5,1237,46.5,6.4,90,1420,4.3,90,1422,2.2,1904,110,17,75,0,87.9,19.4,1000.9,1010.8,755,1004.1,2348,1007.5,14.6,0,900,.72,2.66,,,,,,10,7.4,20.6,18.3,,,,,,,,,,,,,{박무}0210-{박무}{강도0}0300-{박무}{강도0}0600-{박무}{강도0}0900-{박무}{강도0}1200-{박무}{강도0}1500-{박무}{강도0}1800-{박무}{강도0}2100-{박무}{강도0}2400- {비}0310-{비}{강도0}0600-{비}{강도0}0900-{비}{강도1}1200-{비}{강도1}1500-{비}{강도0}1800-{비}{강도0}2100-2150. {비}2330-{비}{강도0}2400-,
143,대구,2008-06-29,19.9,18.3,11,21.9,1730,10.58,3,128,5,102,8.5,5.4,90,605,3.2,110,610,1.7,1431,110,17.9,82,1742,88.8,20.6,999.7,1009.9,2154,1003,321,1006.3,14.6,0,1400,.86,5.67,,,,,,9.5,6.5,21.6,18.3,,,,,,,,,,,,,-{비}-{비}{강도0}0300-0450. {비}0640-{비}{강도0}0900-0935. {비}1015-1145. {비}1330-1450. -{박무}-{박무}{강도0}0300-{박무}{강도0}0600-{박무}{강도0}0900-1110.,
143,대구,2008-06-30,22.5,19,601,27.7,1531,1.5,0,,0,,0,6.1,140,2123,4,110,2117,2.4,2104,110,17.1,51,1522,72.9,19.5,1005.7,1013.8,2321,1009.3,0,1012.2,14.6,5.2,1200,3.46,22.24,,,,,,7,5.9,25.8,18.3,,,,,,,,,,,,,{이슬비}0320-0450. {박무}0330-0545.,
143,대구,2008-07-01,23.8,19.8,217,28.1,1459,,,,,,,6.4,180,1540,3.8,140,1741,1.7,1463,110,16.8,40,1538,67.1,19.2,1004,1013.5,51,1008.2,1854,1010.5,14.6,1.8,1100,2.95,15.4,,,,,,9.4,5,25.4,19.5,,,,,,,,,,,,,{박무}0120-{박무}{강도0}0300-{박무}{강도0}0600-{박무}{강도0}0900-1035. {연무}1025-{연무}{강도0}1200-{연무}{강도0}1500-1520.,
143,대구,2008-07-02,22.6,20.4,343,24.9,1215,7.33,1.5,1326,5.5,1535,11,5.7,90,1632,3.8,90,1636,1.1,953,20,20,72,0,85.9,23.5,998.7,1008.3,7,1001.2,1728,1005.2,14.6,0,1000,1.14,5.91,,,,,,10,5.9,24,20.5,,,,,,,,,,,,,{박무}0130-{박무}{강도0}0300-{박무}{강도0}0600-{박무}{강도0}0900-{박무}{강도0}1200-{박무}{강도0}1500-{박무}{강도0}1800-1945. {비}0310-0350. {비}1155-{비}{강도0}1200-{비}{강도0}1500-1750. {비}2315-{비}{강도0}2400- {천둥}{강도0}(SE)1622-1632.,
143,대구,2008-07-03,26,21.9,143,30.5,1628,4.92,3,1213,4,1205,7,7.5,270,1707,4.5,270,1813,1.8,1521,270,20.4,50,1636,73,24,997.2,1006.6,2325,1002.2,1703,1003.7,14.5,2.3,1100,2.14,14.42,,,,,,6.8,5.9,26.3,20.5,,,,,,,,,,,,,-{비}-{비}{강도0}0300-0415. {소나기}1205-1245. {박무}0020-{박무}{강도0}0300-0540. {연무}2015-{연무}{강도0}2100-{연무}{강도0}2400-,
143,대구,2008-07-04,27.4,21.9,348,32.5,1452,,,,,,,7.4,270,1333,4.3,270,1333,1.4,1218,270,21.5,49,1306,71.9,25.7,999.5,1007.2,923,1004,1634,1005.9,14.5,6.1,1200,3,21.45,,,,,,5.8,2.1,28.5,19.3,,,,,,,,,,,,,-{연무}-0030. {박무}0020-{박무}{강도0}0300-{박무}{강도0}0600-{박무}{강도0}0900-0930. {연무}0920-{연무}{강도0}1200-1240. {연무}1640-{연무}{강도0}1800-{연무}{강도0}2100-2230. {박무}2220-{박무}{강도0}2400-,
143,대구,2008-07-05,27.8,25.4,648,31.7,1559,,,,,,,4.7,250,129,2.9,270,134,1.4,1211,20,22.2,56,1416,72,26.7,999.3,1006.7,802,1004.2,1742,1005.7,14.5,.6,1300,2.15,12.26,,,,,,7.9,3.5,28.2,23.5,,,,,,,,,,,,,-{박무}-{박무}{강도0}0300-{박무}{강도0}0600-{박무}{강도0}0900-1015. {연무}1005-1145.,
143,대구,2008-07-06,29.7,25.6,355,34.7,1444,,,,,,,6.7,290,1241,4.6,270,1249,2,1690,270,22.5,48,1402,66.8,27.3,1000.1,1008.8,2344,1004.8,1448,1006.4,14.5,10.2,1200,3.31,26.04,,,,,,4.9,4.1,31.3,23,,,,,,,,,,,,,{박무}0320-{박무}{강도0}0600-0730.,
143,대구,2008-07-07,31,26.5,507,36,1443,,,,,,,6,340,1321,3.6,270,1410,1.9,1609,320,22.7,43,1449,62.9,27.6,1003.4,1011.2,2328,1008.4,1758,1009.7,14.5,10.2,1200,3.33,25.18,,,,,,4.5,4.5,32.9,25.3,,,,,,,,,,,,,{박무}0130-{박무}{강도0}0300-{박무}{강도0}0600-0825. {연무}0815-{연무}{강도0}0900-{연무}{강도0}1200-{연무}{강도0}1500-{연무}{강도0}1800-{연무}{강도0}2100-{연무}{강도0}2400-,
143,대구,2008-07-08,30.7,27,552,35.7,1611,,,,,,,7.3,140,2005,4.7,140,1918,2.3,1946,140,21.6,37,1640,60.1,25.9,1005.3,1013.1,816,1010.1,1713,1011.6,14.5,10.3,1200,3.24,25.68,,,,,,3.5,3,35.1,24.6,,,,,,,,,,,,,-{연무}-{연무}{강도0}0300-0420. {박무}0410-{박무}{강도0}0600-0710.,
143,대구,2008-07-09,30.1,25.1,530,35.6,1543,,,,,,,6,110,1822,4,90,6,2.1,1795,110,20.9,39,1553,59.3,24.7,1003.6,1012.3,655,1007.5,1737,1010,14.5,9.1,1300,2.85,22.24,,,,,,4,4,35.3,23.6,,,,,,,,,,,,,{박무}0420-{박무}{강도0}0600-0635. {연무}0625-{연무}{강도0}0900-{연무}{강도0}1200-1235.,
143,대구,2008-07-10,30.7,25.8,552,35.9,1521,,,,,,,6.9,320,1806,4,320,1834,2.1,1790,320,20.5,39,1515,55.6,24.1,1000.1,1009.1,711,1003.7,1717,1006.4,14.5,9.5,1100,3.29,25.12,,,,,,4.5,2.1,37.4,22.8,,,,,,,,,,,,,{연무}0415-{연무}{강도0}0600-{연무}{강도0}0900-1040. {뇌전}{강도0}(S 9~10)2010-{뇌전}{강도0}(S{이동}SE 9~10)2030-{번개}{강도0}(SE)2038-2050.,
143,대구,2008-07-11,29.5,26.8,617,33.5,1407,,,,,,,7.6,320,1552,4.2,290,1557,2.1,1797,270,21.6,47,1412,63.4,25.8,998.4,1006,829,1003.2,1633,1004.8,14.4,1.8,1100,2.12,15.01,,,,,,7.8,3.9,33.2,25.5,,,,,,,,,,,,,{박무}0640-{박무}{강도0}0900-0940. {햇무리}1720-1810.,
143,대구,2008-07-12,27.7,25.5,529,31.1,1449,1.83,.1,,.1,,.2,9.2,160,1515,5.8,140,1523,1.7,1481,20,21.6,58,1450,69.9,25.8,999.3,1006.6,820,1004.3,1715,1005.7,14.4,1.4,1400,2.13,10.95,,,,,,8.3,3.9,31,23.2,,,,,,,,,,,,,{박무}0330-{박무}{강도0}0600-0830. {비}1210-1310. {비}1520-1610.,
143,대구,2008-07-13,27.1,24.8,508,32.6,1552,4.33,3.5,2333,3.5,2325,6,9.3,290,1731,5.4,320,1740,1.6,1358,50,22.1,54,1557,75,26.6,1000.2,1008.7,2305,1004.6,1547,1006.6,14.4,2.3,1500,2.25,13.38,,,,,,9,5.4,30.9,21.9,,,,,,,,,,,,,{천둥}{강도0}(NW)1550-1605. {천둥}{강도0}(NW)1725-{천둥}{강도0}(NW{이동}N)1740-1752. {천둥}{강도0}(N)1810-1825. {소나기}1735-{소나기}{강도0}1800-{비}1840-{비}{강도0}2100-2120. {비}2325-{비}{강도1}2400-,
143,대구,2008-07-14,28.8,25.5,212,33.4,1533,2.92,.5,431,.5,430,.5,8.3,90,1618,5.5,90,1640,1.8,1557,90,23,51,1414,72.4,28.1,1002.9,1010.7,2307,1007.7,1528,1009.3,14.4,4.9,1000,2.73,17.11,,,,,,8.9,6.3,30.3,24.2,,,,,,,,,,,,,-{비}-0115. {비}0430-0530. {소나기}1225-1235. {소나기}2025-2035. {소나기}2320-2340. {박무}0340-{박무}{강도0}0600-{박무}{강도0}0900-0950. {연무}0940-1115.,
143,대구,2008-07-15,28,25.1,508,33.3,1456,3.08,8,1608,17.3,1604,17.5,6.6,340,1554,4,110,117,1.8,1537,110,22.9,52,1509,75.1,28,1001.6,1010.7,0,1005.6,1718,1008,14.4,1.8,1100,2.51,12.78,,,,,,7.5,4.5,31.2,23.6,,,,,,,,,,,,,{박무}0320-{박무}{강도0}0600-{박무}{강도0}0900-0920. {연무}0910-{연무}{강도0}1200-1330. {소나기}1540-1745. {소나기}1820-1920. {박무}2215-{박무}{강도0}2400-,
143,대구,2008-07-16,28.8,24.1,521,33.3,1437,,,,,,,8.7,250,1249,4.9,270,1010,1.8,1563,270,21.3,45,1425,66.1,25.4,997.8,1007,0,1001.2,1741,1004.1,14.4,8.2,1200,2.99,22.83,,,,,,6.5,3,29.9,22.3,,,,,,,,,,,,,-{박무}-{박무}{강도0}0300-{박무}{강도0}0600-0820.,
143,대구,2008-07-17,29.4,25.4,458,33.7,1731,,,,,,,6.2,250,1522,3.5,270,1553,1.8,1542,270,21.7,46,1641,64.6,26,997,1005.2,2252,1001.8,1604,1003.4,14.3,3.7,1100,2.44,16.59,,,,,,6.8,6,29.8,22.7,,,,,,,,,,,,,,
143,대구,2008-07-18,30.1,24.4,548,35.1,1423,,,,,,,6.8,290,1047,3.8,320,1413,1.8,1564,320,20.4,31,1433,58.6,24.1,1000,1007.7,2317,1004.9,34,1006.3,14.3,9.9,1200,3.27,24.39,,,,,,5.8,2.9,33.3,21.8,,,,,,,,,,,,,,
143,대구,2008-07-19,29.6,26.5,621,34,1409,1.5,.2,505,.3,505,.3,8,140,1417,4.9,140,1418,1.9,1615,110,23.1,51,1208,68.8,28.2,1000.3,1008,758,1004.6,1549,1006.6,14.3,1.7,1300,2.29,12.84,,,,,,8.3,7.6,31.6,25.3,,,,,,,,,,,,,{비}0505-0545. {소나기}1550-1640.,
143,대구,2008-07-20,27.8,25.3,342,30.7,1200,6.58,.5,1343,.6,1253,1,7.9,90,1558,4.9,110,1525,3,2598,110,23.3,67,1203,77.3,28.6,998.6,1007.1,0,1003,1743,1005,14.3,.3,1100,2.04,9.55,,,,,,9,7.3,28.5,24.7,,,,,,,,,,,,,{비}0710-0840. {비}0950-1115. {비}1225-1450. {비}1720-1750. {비}2045-{비}{강도0}2100-2130. {천둥}{강도0}(SW)1252-1315. {천둥}{강도0}(SE)1334-1355. {박무}1310-{박무}{강도0}1500-{박무}{강도0}1800-2030. {연무}2020-{연무}{강도0}2100-2320.,
143,대구,2008-07-21,29.2,26.8,539,32.5,1312,,,,,,,8.2,270,1341,4.4,270,1342,2,1757,290,21.1,48,1327,62.4,25.1,996.1,1004.1,2246,1001.2,1723,1002.4,14.2,1.2,1200,2.17,12.53,,,,,,7.3,6.8,29.9,23.2,,,,,,,,,,,,,{연무}0640-{연무}{강도0}0900-0940.,
143,대구,2008-07-22,28.7,25.3,527,33.4,1457,,,,,,,8.2,250,1543,4.1,270,1517,1.7,1504,320,21.5,44,1500,67.3,25.8,998,1006.3,2346,1003.1,1453,1004.4,14.2,4,1100,2.87,18.03,,,,,,7.3,5.1,32,23,,,,,,,,,,,,,,
143,대구,2008-07-23,29.1,24.8,400,34.2,1614,,,,,,,6.3,160,1716,3.5,270,1349,1.6,1425,140,21.7,45,1616,65.8,25.9,1000,1007.9,724,1004.8,1745,1006.4,14.2,3.9,1200,2.39,16.95,,,,,,7.6,3.3,32.2,22.8,,,,,,,,,,,,,{박무}0230-{박무}{강도0}0300-{박무}{강도0}0600-0815. {연무}0805-{연무}{강도0}0900-{연무}{강도0}1200-{연무}{강도0}1500-{연무}{강도0}1800-{연무}{강도0}2100-{연무}{강도0}2400-,
143,대구,2008-07-24,30.6,27.3,409,35.2,1617,,,,,,,9.2,270,1318,4.5,250,1325,2.2,1922,160,21.9,41,1343,61,26.2,997.8,1006.3,0,1002,1718,1004.1,14.2,6.2,1200,3.35,19.86,,,,,,6.3,4.8,34.1,24.8,,,,,,,,,,,,,-{연무}-0155. {박무}0145-{박무}{강도0}0300-{박무}{강도0}0600-0645.,
143,대구,2008-07-25,25.5,23.5,1519,29.1,0,8.83,4,1122,10.5,1421,28.5,8.3,140,2148,5,110,1431,3,2551,110,22.2,66,136,82.6,26.9,997.3,1005,2315,1002.8,609,1003.7,14.1,0,1300,.97,3.91,,,,,,9.8,7.4,26.2,23.1,,,,,,,,,,,,,{연무}0420-{연무}{강도0}0600-0650. {박무}0640-{박무}{강도0}0900-{박무}{강도0}1200-{박무}{강도0}1500-1530. {비}0820-{비}{강도0}0900-{소나기}1110-{소나기}{강도1}1200-1245. {천둥}{강도0}(SW)1110-{뇌전}{강도0}(SW 9~10)1125-1140. {천둥}{강도0}(S)1205-1220. {천둥}{강도0}(SW)1355-1420. {소나기}1415-{비}1440-{비}{강도1}1500-1740. {비}1920-2020.,
143,대구,2008-07-26,27.2,23.8,145,31.5,1635,.17,.1,,.1,,.1,9.5,110,557,5.4,140,420,3.7,3175,110,21.8,52,1701,73.5,26.1,1000,1008.9,2351,1004.5,122,1006.4,14.1,5.2,1300,2.73,18.33,,,,,,8,4.1,28.2,22.8,,,,,,,,,,,,,{비}0640-0650.,
143,대구,2008-07-27,28.6,23.2,420,34.8,1557,,,,,,,6.8,270,1728,4,270,1715,1.9,1648,70,21.4,36,1447,68.4,25.6,1003.8,1011.5,2224,1008.8,1,1010.3,14.1,8,1400,3.04,22.24,,,,,,6.1,3.8,31.9,22.4,,,,,,,,,,,,,{박무}0120-{박무}{강도0}0300-{박무}{강도2}0600-{박무}{강도0}0900-0910. {연무}0905-{연무}{강도0}1200-1240.,
143,대구,2008-07-28,29.4,25.9,434,34.5,1331,2.17,0,,0,,0,6.7,270,1608,4.2,270,1609,1.6,1345,290,23.5,49,1335,71.8,28.9,1004.8,1012.4,846,1009.5,1519,1011.2,14.1,3.7,1100,2.91,15.14,,,,,,7.4,6.1,31.4,24.9,,,,,,,,,,,,,{박무}0140-{박무}{강도0}0300-{박무}{강도0}0600-0850. {연무}0840-{연무}{강도0}0900-1020. {비}0310-0335. {비}0530-0545. {소나기}1505-1620. {소나기}2005-2020. {천둥}{강도0}(NW)1505-1515. {천둥}{강도0}(SW)1550-{뇌전}{강도0}(SW 8~9)1555-1615. {뇌전}{강도0}(NW 7~8)2025-2035.,
143,대구,2008-07-29,30.4,26.7,510,36.2,1514,.5,0,,0,,0,6.9,250,2255,4.4,320,1623,2,1724,290,22.5,40,1436,64.8,27.4,1004.3,1011.9,32,1008.7,1649,1010.7,14,7.8,1400,2.92,20.58,,,,,,6.3,5.1,35.3,25.1,,,,,,,,,,,,,{박무}0440-{박무}{강도0}0600-0750. {소나기}1632-1650. {소나기}2345-2357.,
143,대구,2008-07-30,27.7,24.6,2304,34,1425,6.67,1,1747,4,1730,5.5,9.8,290,1624,4.5,290,1633,1.9,1599,270,22.2,45,1417,74,26.8,1005.5,1014.1,2358,1010.2,1457,1011.9,14,2.1,1300,2.98,14.23,,,,,,7.1,5.6,31.3,24.2,,,,,,,,,,,,,{소나기}0455-{소나기}{강도0}0600-0640. {소나기}0710-0735. {소나기}1510-{소나기}{강도0}1800-{비}1810-1920. {비}1950-2010. {천둥}{강도0}(W)1525-{천둥}{강도0}(W{이동}SW)1545-{천둥}{강도0}(SW{이동}S)1605-1620.,
143,대구,2008-07-31,28.2,23.9,455,33.1,1426,3.92,.1,,.1,,.1,5.1,140,2336,3.5,140,2335,1.4,1224,50,22.2,43,1427,72.5,26.9,1007.1,1015.6,858,1012,1748,1013.6,14,1,1100,2.38,14.7,,,,,,8.3,4.6,28.3,24.2,,,,,,,,,,,,,{소나기}0435-{비}0540-{비}{강도0}0600-0640. {비}0710-0830. {박무}0630-{박무}{강도0}0900-1045. {연무}1035-1150. {비}0955-1025.,
143,대구,2008-08-01,30.1,24.9,600,35.2,1443,,,,,,,8.7,230,1413,5,270,1315,2.1,1855,180,21.5,41,1606,62.4,25.7,1003,1012.8,0,1006.4,1743,1009.4,14,9.8,1200,3.4,23.11,,,,,,5.4,3,33.8,24,,,,,,,,,,,,,,
143,대구,2008-08-02,30.6,27.1,408,34.6,1628,,,,,,,10,250,1110,4.4,270,1028,2.3,2002,270,21.2,44,1352,58.1,25.2,997.6,1007.2,0,1001.8,1542,1003.9,13.9,8.7,1200,2.77,21.42,,,,,,5.8,4.3,33,24.2,,,,,,,,,,,,,,
143,대구,2008-08-03,29,24.9,2356,33.1,1235,2.17,.2,449,.3,451,.3,8.3,250,301,4.4,320,1513,2.5,2159,270,21.4,47,1548,64.8,25.7,997.6,1007.3,2348,1001.1,418,1003.9,13.9,4,1200,2.24,15.43,,,,,,6.9,5,31.7,23.3,,,,,,,,,,,,,{비}0440-{비}{강도0}0600-0610. {비}0705-0745.,
143,대구,2008-08-04,27.8,23.2,559,33.2,1350,,,,,,,6.7,90,1757,4.4,90,1727,2.1,1853,110,20.4,40,1304,66,24,1002.7,1011,2314,1007.2,12,1009.1,13.9,6,1000,2.96,17.21,,,,,,4,4,31,22.3,,,,,,,,,,,,,,
143,대구,2008-08-05,28.2,23.7,522,34.8,1614,,,,,,,5.7,110,2330,3.9,110,2333,1.9,1678,20,20,27,1539,64.6,23.6,1003.7,1011.9,811,1007.9,1725,1010.1,13.8,8.3,1200,3.1,20.93,,,,,,4,4,32,22.6,,,,,,,,,,,,,{박무}0120-{박무}{강도0}0300-{박무}{강도0}0600-{박무}{강도0}0900-0950. {연무}0940-{연무}{강도0}1200-1245.,
143,대구,2008-08-06,27.2,23.3,2353,33.7,1347,,,,,,,9.5,110,1821,5.9,90,1602,2.8,2457,110,19.4,39,1229,64.9,22.8,1003.8,1011.7,754,1008.4,1422,1010.2,13.8,8.1,1200,3.13,21.98,,,,,,4.9,3.5,33.1,20.5,,,,,,,,,,,,,{박무}0110-{박무}{강도0}0300-{박무}{강도0}0600-{박무}{강도0}0900-0950. {연무}0940-{연무}{강도0}1200-1220.,
143,대구,2008-08-07,26.4,19.9,553,33,1406,,,,,,,8.7,110,1907,5.2,110,1335,3,2611,90,14.6,21,1859,52.1,17,1003.8,1012.3,646,1008,1651,1010.3,13.8,12.3,1200,3.21,25.57,,,,,,1.6,.1,33.1,19.1,,,,,,,,,,,,,,
143,대구,2008-08-08,27.8,23,558,32.9,1207,,,,,,,9.2,110,1218,5.8,110,1223,3,2602,110,20.7,49,1326,65.9,24.4,1002.6,1010.7,6,1007.1,1603,1009,13.7,10.3,1300,3.41,24.48,,,,,,5.5,4.4,33,21.8,,,,,,,,,,,,,,
143,대구,2008-08-09,27.4,25,1513,33.2,1217,1.83,9.5,1506,16,1428,16.5,7.6,290,1453,4.6,110,1257,2,1753,110,22.6,52,1341,76,27.4,1001.5,1009.3,2248,1006.3,1333,1008,13.7,3.2,1200,2.38,13.39,,,,,,7.3,5,28.9,24.1,,,,,,,,,,,,,{소나기}1340-1350. {소나기}1410-{소나기}{강도1}1500-1550. {천둥}{강도0}(SW)1340-{천둥}{강도0}(SW{이동}W)1405-{뇌전}{강도0}(W 7~8)1415-1420. {놀}1910-1940.,
143,대구,2008-08-10,28.3,24.8,601,33.6,1401,,,,,,,9.2,90,1328,5.5,90,1801,3,2610,110,21.7,48,1402,69,26,1002.5,1010.4,2204,1007.1,1459,1009,13.7,9.2,1400,2.95,22.71,,,,,,5.4,4.8,30,23.9,,,,,,,,,,,,,{박무}0520-{박무}{강도0}0600-0830.,
143,대구,2008-08-11,29.5,25.7,548,34.4,1617,,,,,,,8,90,1726,5.5,90,1733,2.7,2298,90,22.6,49,1340,67.8,27.5,1003.2,1010.9,934,1007.4,1738,1009.6,13.7,4.6,1100,3.1,17.28,,,,,,6.5,5,31.1,24.7,,,,,,,,,,,,,{박무}0140-{박무}{강도0}0300-{박무}{강도0}0600-0810. {연무}0805-{연무}{강도0}0900-{연무}{강도0}1200-1245.,
143,대구,2008-08-12,28,26.7,804,33.2,1208,3.33,3.5,1348,7,1315,9.5,6.2,110,1045,3.8,110,1053,2.2,1892,110,24,56,1210,80,29.9,1001.7,1009.9,42,1006.7,1607,1008.1,13.6,1.7,1000,3.09,11.13,,,,,,9.1,5.6,28.2,25.9,,,,,,,,,,,,,{박무}0530-{박무}{강도0}0600-{박무}{강도0}0900-0955. {연무}0945-1015. {비}0745-0830. {비}1315-{비}{강도1}1500-1550. {천둥}{강도0}(N)1340-1355. {천둥}{강도0}(N)1430-1445. {번개}{강도0}(E)2205-2220.,
143,대구,2008-08-13,28.7,25.7,659,35,1438,.5,7.5,1643,12,1640,12,7.9,290,1551,4.7,290,1605,1.4,1226,290,23.7,45,1442,76.3,29.3,999.1,1007.2,11,1003.2,1500,1005.5,13.6,3.5,1300,3.12,15.93,,,,,,6.5,5,31.4,25.4,,,,,,,,,,,,,{박무}0330-{박무}{강도0}0600-{박무}{강도0}0900-0930. {번개}{강도0}(E)0135-0150. {천둥}{강도0}(SE)1610-{뇌전}{강도0}(SE 4~6)1635-{뇌전}{강도1}(SE 3~5)1650-1715. {소나기}1640-1710. {채운}1805-1825. {번개}{강도0}(SE)2045-2055.,
143,대구,2008-08-14,29.2,25.4,538,33.2,1515,1,0,,0,,0,6.1,140,1841,3.3,180,1903,1.6,1385,290,22.6,47,1327,69.6,27.5,997.3,1005.8,0,1001.6,1748,1003.7,13.6,4.7,1100,2.26,15.7,,,,,,6.9,5.3,29.5,25.2,,,,,,,,,,,,,{박무}0140-{박무}{강도0}0300-{박무}{강도0}0600-0850. {소나기}1710-1725. {소나기}1905-1930. {비}2340-{비}{강도0}2400-,
143,대구,2008-08-15,25.5,22.3,2250,32.5,1325,15.42,21.5,1603,69,1549,135,9.7,320,1144,4.5,290,1506,2.1,1778,110,22.3,51,1326,83.9,27,993.9,1003.1,22,998.1,1449,1000.3,13.5,3.7,1000,2.68,12.69,,,,,,9.3,6.6,27.3,22.2,,,,,,,,,,,,,-{비}-{비}{강도0}0300-0550. {박무}0320-0515. {소나기}1425-{소나기}{강도1}1500-{비}1650-{비}{강도1}1800-{비}{강도1}2100-{비}{강도1}2400- {천둥}{강도0}(NW)1440-{뇌전}{강도0}(NW 7~8)1450-{뇌전}{강도0}(NW 7~8)1500-1505. {뇌전}{강도0}(W 7~8)1515-{뇌전}{강도1}(W 5~6)1525-{뇌전}{강도1}(W{이동}NW 5~6)1545-{뇌전}{강도1}(NW 4~5)1610-1645. {박무}2030-{박무}{강도0}2100-{박무}{강도0}2400-,
143,대구,2008-08-16,21.6,20.4,2131,22.9,1231,16.33,5.5,255,16,212,44.5,8.1,110,1144,5.1,140,834,3.1,2721,110,19.7,82,2048,88.9,22.9,997.2,1008.1,2217,1000.4,235,1003.7,13.5,0,1200,.49,3.72,,,,,,10,7,23.4,21.3,,,,,,,,,,,,,-{비}-{비}{강도1}0300-{비}{강도0}0600-0815. {비}0940-1110. {비}1230-{비}{강도0}1500-1650. {비}1745-{비}{강도0}1800-1850. {비}2040-{비}{강도0}2100-2150. -{박무}-{박무}{강도0}0300-0540.,
143,대구,2008-08-17,23.1,19.5,453,26.4,1453,2.08,.5,434,1,415,1,7.4,70,1459,4.3,90,1317,1.8,1592,90,18.5,63,1457,76.3,21.3,1003.4,1011.2,2232,1008,0,1009.9,13.5,.4,1200,2.01,9.51,,,,,,9.1,5.3,24.5,19.4,,,,,,,,,,,,,{비}0210-0225. {비}0415-{비}{강도0}0600-0605.,
143,대구,2008-08-18,26.7,22.3,444,32.7,1350,.42,0,,0,,0,10.8,270,1440,5.6,270,1558,2.7,2349,110,21.2,56,1351,72.6,25.1,998.4,1010.6,0,1001.4,1509,1004.8,13.4,1.4,1300,1.58,10.5,,,,,,8.5,5.5,26.1,22.7,,,,,,,,,,,,,{비}1050-1105. {소나기}1520-1530.,
143,대구,2008-08-19,27.1,23.8,422,31.2,1459,,,,,,,11.5,290,1217,6,290,1143,3.1,2677,270,17,37,1628,55.4,19.4,998.1,1006.2,2358,1003.5,1536,1004.5,13.4,9.5,1200,3.2,22.43,,,,,,3.9,3.1,27.4,22.1,,,,,,,,,,,,,,
143,대구,2008-08-20,24.7,20.2,2351,30.7,1550,1.5,1,2338,2,2239,2.5,9.2,110,2014,5.6,90,1935,2.7,2354,290,16.2,31,1656,61.6,18.5,1000.7,1010.1,2356,1005.2,1548,1007.2,13.4,10.4,1200,2.9,23.01,,,,,,4.8,4,28.3,20.7,,,,,,,,,,,,,{비}2230-{비}{강도0}2400- {박무}2240-{박무}{강도0}2400-,
143,대구,2008-08-21,22.4,18.9,429,27.2,1454,5.25,.5,17,1.5,25,3,10.3,70,1902,6,90,1830,3.7,3165,110,15,44,1310,64.8,17.1,1004,1011.5,2037,1009.4,1507,1010.6,13.3,7.3,1300,3.23,21.87,,,,,,7.1,5,26.3,20.5,,,,,,,,,,,,,-{비}-{비}{강도0}0300-0450. {비}0550-{비}{강도0}0600-0615. -{박무}-{박무}{강도0}0300-0440.,
143,대구,2008-08-22,20.6,19.4,919,21.8,1145,11.17,1.5,1331,4,1243,11,6.6,140,39,4.1,110,1203,2.3,1974,110,17.4,66,0,82.6,20,996.2,1010.5,0,996.6,2245,1002.7,13.3,0,1100,.5,2.55,,,,,,9.8,6.5,21.7,19.9,,,,,,,,,,,,,{달무리}0250-0440. {비}0715-{비}{강도0}0900-1120. {비}1215-{비}{강도0}1500-{비}{강도0}1800-1920. {박무}1340-{박무}{강도0}1500-{박무}{강도0}1800-{박무}{강도0}2100-{박무}{강도0}2400-,
143,대구,2008-08-23,24.8,21.4,0,30,1431,,,,,,,7.1,320,1610,4.4,90,2316,2,1745,270,19.1,49,1414,72.1,22.1,995.4,1008.3,2353,996.5,123,1001.9,13.3,3.4,1000,2.35,14.43,,,,,,8.1,6.4,25.3,21.1,,,,,,,,,,,,,-{박무}-{박무}{강도0}0300-0520.,
143,대구,2008-08-24,23.6,21,622,27.8,1516,,,,,,,8.6,90,1842,5.2,90,1846,3.5,3008,90,16.9,50,1331,67.4,19.3,1005.1,1013.5,2236,1008.3,0,1011.7,13.2,8.2,1300,2.93,21.92,,,,,,6.1,3.8,26.8,18.6,,,,,,,,,,,,,{놀}0545-0630.,
143,대구,2008-08-25,22.8,20.8,2400,25.9,1427,,,,,,,9.2,110,1614,5.6,90,1547,2.9,2478,110,15.9,52,1521,66,18.1,1007.3,1014.9,616,1012.2,1532,1013.8,13.2,3.2,1100,2.09,15.1,,,,,,7.9,3.8,25.4,17.9,,,,,,,,,,,,,,
143,대구,2008-08-26,22.4,19.6,559,27.3,1352,,,,,,,9.2,90,1652,5.5,90,1700,2.4,2064,110,15.3,46,1251,65.6,17.4,1005.5,1014.4,0,1010.4,1651,1012.1,13.1,6.2,1300,3.06,18.26,,,,,,5.3,4,26.6,16.7,,,,,,,,,,,,,,
143,대구,2008-08-27,22.8,17.5,629,29.2,1524,,,,,,,6.8,90,1736,4.4,90,1737,1.9,1612,20,16.1,42,1527,67.9,18.4,1003.8,1011.7,0,1008.2,1546,1010.3,13.1,7.8,1000,2.79,18.92,,,,,,3.9,3.8,26.6,15.1,,,,,,,,,,,,,,
143,대구,2008-08-28,23.8,18.8,513,29.3,1411,,,,,,,7.1,70,1942,4.3,90,1949,2.1,1792,110,17.4,42,1416,69.3,19.9,1004.5,1012.3,923,1009.1,1610,1011,13.1,7.8,1200,3.13,19.29,,,,,,2.8,2.6,27,16,,,,,,,,,,,,,,
143,대구,2008-08-29,24.2,19.9,341,29.4,1432,,,,,,,8.4,140,1926,5.5,110,1934,2.9,2497,110,17.4,47,1421,67.9,19.9,1005.5,1013.3,2159,1010.6,1454,1012,13,9.2,1200,3.14,21.77,,,,,,2.4,2.1,28.3,17.6,,,,,,,,,,,,,,
143,대구,2008-08-30,23.2,19.9,603,27.3,1521,,,,,,,10.6,90,1323,6.3,90,1328,2.9,2535,90,16.1,47,1520,66,18.3,1005.7,1013.8,646,1010.3,1624,1012.3,13,8.2,1200,3.13,19.71,,,,,,3.8,3.8,27.7,16.7,,,,,,,,,,,,,,
143,대구,2008-08-31,22.9,19.1,350,28.1,1549,,,,,,,9,70,1810,5.7,90,1815,2.6,2286,90,17.3,55,1419,71.3,19.8,1003,1012.4,0,1007.2,1512,1009.5,13,4.8,1300,3.08,16.99,,,,,,7.4,5.5,27.7,15.8,,,,,,,,,,,,,,
143,대구,2008-09-01,24.6,22.4,337,28.6,1329,1.17,0,,0,,0,8.4,90,1303,5.1,90,1312,3.4,2961,110,20.4,64,1331,77.9,23.9,997.8,1007.7,0,1002.8,1746,1004.2,12.9,.2,1200,1.94,8.07,,,,,,9.5,5.8,26.3,21.8,,,,,,,,,,,,,{비}0810-0830. {비}1530-1620.,
143,대구,2008-09-02,24,22.1,2356,27.7,1509,2.83,1.5,1621,2,1550,3.5,7.9,110,1423,4.8,110,1304,2.7,2372,110,19.6,57,1510,77.3,22.8,997.9,1008.2,2337,1001.7,327,1004.4,12.9,2.9,1200,2.69,13.75,,,,,,8.5,6.4,27.7,19.2,,,,,,,,,,,,,{비}0430-0555. {비}1550-1655. {비}1830-1850.,
143,대구,2008-09-03,23.9,19.8,605,31,1522,,,,,,,8.5,110,1916,5.6,90,1844,2.3,1991,140,16.8,34,1537,66.5,19.1,1003.3,1012.5,2333,1007.8,1456,1009.9,12.9,8.6,1200,3.16,21.72,,,,,,4,2.6,26.9,15.8,,,,,,,,,,,,,,
143,대구,2008-09-04,22.6,17.1,551,28.2,1451,,,,,,,7.5,110,1502,5.2,90,1814,2.9,2501,90,14.9,35,1435,64.8,17.1,1005.9,1013.7,728,1011,1456,1012.5,12.8,10.8,1300,3.01,21.35,,,,,,5.9,.5,26,13.8,,,,,,,,,,,,,,
143,대구,2008-09-05,23.2,17.6,529,28.8,1458,,,,,,,7.6,70,1938,5,90,1840,2.1,1848,90,16.4,41,1459,67.4,18.6,1007.8,1016,2341,1012.8,124,1014.4,12.8,6,1200,2.64,17.68,,,,,,7.1,3.5,27.2,13.8,,,,,,,,,,,,,{놀}1900-1930.,
143,대구,2008-09-06,23.2,21,2359,26.6,1215,1.67,.5,1349,.5,1330,.5,5.2,140,1442,3.4,110,2052,1.4,1240,110,18.3,58,1208,74.9,21.1,1010.5,1018.1,2357,1015.7,134,1017.1,12.8,0,1100,1.49,7.55,,,,,,8.6,5.9,24.6,17.3,,,,,,,,,,,,,{비}0620-0640. {비}1330-1450.,
143,대구,2008-09-07,23.7,18.4,605,31,1345,,,,,,,8.1,110,1726,4.9,110,1732,2,1754,110,14.4,28,1459,61.1,16.7,1010.7,1019.5,746,1015,1526,1017.3,12.7,9.1,1200,3.06,21.45,,,,,,1.5,1.4,27,15.5,,,,,,,,,,,,,{박무}0140-{박무}{강도0}0300-{박무}{강도0}0600-{박무}{강도0}0900-0950. {놀}1822-1920.,
143,대구,2008-09-08,23.1,17.4,510,29.6,1443,,,,,,,8.9,110,1659,5.7,90,1702,2.4,2047,90,15.1,42,1133,62.8,17.3,1010.3,1018.5,2103,1015,1414,1016.9,12.7,8.1,1200,2.76,17.51,,,,,,4.3,.9,25.6,12.8,,,,,,,,,,,,,{놀}0550-0610.,
143,대구,2008-09-09,23.9,19.2,559,29.7,1440,,,,,,,6.9,90,1020,4.2,140,1025,2.1,1818,90,16.3,40,1658,64.5,18.5,1010.6,1019,701,1015,1717,1017.2,12.7,7.9,1300,2.96,19.42,,,,,,2.1,2.1,26.8,14.7,,,,,,,,,,,,,{박무}0530-{박무}{강도0}0600-0815. {연무}0805-{연무}{강도0}0900-0940.,
143,대구,2008-09-10,23.5,16.7,709,30.4,1622,,,,,,,6.6,270,1632,3.9,270,1638,1.8,1587,270,15.7,33,1427,64.9,17.9,1008.3,1017.7,654,1012.2,1740,1014.9,12.6,9.5,1100,2.94,20.55,,,,,,1.9,1.9,26.8,13.7,,,,,,,,,,,,,{박무}0340-{박무}{강도0}0600-{박무}{강도0}0900-0945.,
143,대구,2008-09-11,25.8,20.7,617,31.2,1435,.5,0,,0,,0,6,320,1353,3.1,320,1401,1.4,1223,320,18,40,1435,63.5,20.6,1004.9,1014,0,1008.5,1649,1011.4,12.6,7,1300,2.57,17.26,,,,,,6.4,3.1,28.3,16.6,,,,,,,,,,,,,{박무}0210-{박무}{강도0}0300-{박무}{강도0}0600-0830. {연무}0820-{연무}{강도0}0900-{연무}{강도0}1200-1240. {비}2115-2145.,
143,대구,2008-09-12,27.2,23.1,621,32.1,1346,,,,,,,7.5,320,1447,3.9,320,1454,1.6,1396,290,16.3,29,1140,54.3,18.7,1003.4,1011.3,2318,1008.2,1528,1009.8,12.5,9.1,1200,2.86,19.54,,,,,,5.5,3,30.8,19.1,,,,,,,,,,,,,{박무}0620-0755. {연무}0745-{연무}{강도0}0900-0930.,
143,대구,2008-09-13,25.7,21.1,627,33.1,1533,1.83,6,1950,12.5,1940,12.5,8.1,90,1813,4.8,90,1925,1.9,1667,20,18.1,30,1534,66.4,20.9,1006.9,1016.2,2301,1011.2,0,1013.4,12.5,9.3,1100,2.75,18.82,,,,,,3.5,2.8,29.7,17.8,,,,,,,,,,,,,{박무}0330-{박무}{강도0}0600-0820. {연무}0810-{연무}{강도0}0900-1150. {천둥}{강도0}(SW)1920-{뇌전}{강도0}(SW 5~6)1935-{뇌전}{강도0}(SW{이동}S 4~5)1945-{뇌전}{강도0}(S{이동}SE 5~6)2002-2010. {소나기}1940-{비}2010-{비}{강도0}2100-2130. {박무}1950-{박무}{강도0}2100-{박무}{강도0}2400-,
143,대구,2008-09-14,24.9,21.9,558,29,1538,,,,,,,7.2,90,1622,4.9,90,1704,3,2549,110,18.9,52,1421,70.4,21.8,1009.4,1017.9,905,1014.3,1630,1015.9,12.5,4.2,1300,2.27,16.46,,,,,,7.3,4.8,25.6,19.8,,,,,,,,,,,,,-{박무}-{박무}{강도0}0300-{박무}{강도0}0600-{박무}{강도0}0900-0940. {연무}0930-1050.,
143,대구,2008-09-15,24,21.4,551,28.3,1609,,,,,,,6.8,140,1255,4.5,110,1256,1.7,1501,110,18,46,1706,71,20.7,1005.6,1015.1,130,1009.5,1655,1012.2,12.4,1.1,1100,2.1,10.39,,,,,,7.4,4,24.1,17.6,,,,,,,,,,,,,,
143,대구,2008-09-16,25.2,19.2,622,31.6,1610,,,,,,,5.5,140,1456,2.9,140,1259,1.3,1121,20,16.9,31,1509,63.8,19.4,1003.6,1011.4,0,1008.6,1504,1010.1,12.4,9.7,1200,2.5,18.46,,,,,,1,.3,26.4,15.8,,,,,,,,,,,,,{박무}0140-{박무}{강도0}0300-{박무}{강도0}0600-{박무}{강도0}0900-0930. {연무}0925-{연무}{강도0}1200-1225.,
143,대구,2008-09-17,25.7,19.9,557,32.2,1450,,,,,,,7,90,1550,4.6,90,1707,2.3,1997,90,15.4,25,1524,58.5,17.9,1004.7,1012.5,730,1009.5,1546,1011.2,12.4,10.2,1200,3.01,20.82,,,,,,3.4,1.9,28.6,17.1,,,,,,,,,,,,,{박무}0320-{박무}{강도0}0600-0840. {달코로나}2310-2330.,
143,대구,2008-09-18,26.5,21.9,456,32.6,1532,,,,,,,6.7,90,1735,4.2,90,1922,2.1,1778,110,18.1,34,1538,62,20.8,1004.3,1012.2,638,1008.4,1644,1010.8,12.3,7.4,1200,2.98,18.34,,,,,,3,2,29.4,19.2,,,,,,,,,,,,,{박무}0530-{박무}{강도0}0600-0750. {연무}0740-{연무}{강도0}0900-0940.,
143,대구,2008-09-19,25.1,19.4,606,31.4,1425,,,,,,,8.8,140,1630,5.7,140,1324,3,2557,110,17.5,42,1217,65.5,20,1005.3,1012.9,835,1010.1,1444,1011.8,12.3,11.1,1200,2.93,20.95,,,,,,1.8,1.8,28.4,15.7,,,,,,,,,,,,,{박무}0120-{박무}{강도0}0300-{박무}{강도0}0600-0740.,
143,대구,2008-09-20,24.4,21,608,29.2,1404,1,.1,,.1,,.2,6.4,140,1950,4.4,140,1956,1.9,1648,140,18.8,54,1406,72.1,21.7,1004.2,1013.3,739,1008.4,1904,1010.7,12.2,3,1000,2.19,11.41,,,,,,8.4,4.9,26.2,18.4,,,,,,,,,,,,,{비}2030-{비}{강도0}2100-2110. {비}2250-2310.,
143,대구,2008-09-21,23.4,21.2,2255,26.6,1525,1.58,.1,,.2,,.2,8.4,90,1341,5.1,90,1637,2.6,2208,110,18.5,54,1643,74.9,21.4,1003.4,1012.7,2131,1007.6,338,1009.9,12.2,2.9,1300,1.75,10.37,,,,,,6.4,3.9,25.6,17.5,,,,,,,,,,,,,{박무}0220-{박무}{강도0}0300-{박무}{강도0}0600-{박무}{강도0}0900-0940. {비}0705-0840.,
143,대구,2008-09-22,24.8,19.4,510,30.3,1449,,,,,,,5.2,250,1909,2.9,140,29,1.2,1021,110,17.1,39,1452,65.3,19.6,1003.8,1012.4,851,1007.5,1558,1010.3,12.2,7.1,1100,2.58,17.44,,,,,,5.4,2.1,28.3,15.6,,,,,,,,,,,,,{박무}0040-{박무}{강도0}0300-{박무}{강도0}0600-{박무}{강도0}0900-0920. {연무}0915-1050.,
143,대구,2008-09-23,24.4,22.3,2357,27.3,1625,.67,0,,0,,0,7.6,70,2036,4.5,90,2041,2,1744,290,18.9,56,1405,71.8,21.8,1005.3,1015,2357,1009.4,128,1011.8,12.1,.2,1300,1.2,5.85,,,,,,8.4,4.9,25.5,19.3,,,,,,,,,,,,,{박무}0530-{박무}{강도0}0600-{박무}{강도0}0900-1015. {비}0650-0730.,
143,대구,2008-09-24,22.5,21.8,2154,23.3,1013,.25,0,,0,,0,7.9,70,504,4.7,90,613,3,2602,90,16.3,61,1356,68.1,18.5,1008.6,1017.1,946,1012.9,2357,1015.2,12.1,0,1500,.64,3.81,,,,,,9.8,5.3,24,19.6,,,,,,,,,,,,,{비}0340-0355.,
143,대구,2008-09-25,21.1,18.4,2317,23.4,1354,.92,0,,0,,0,7.9,290,1723,4,320,1516,2.1,1782,290,15.6,63,1540,71.1,17.8,1003,1012.9,0,1007.5,1458,1009.5,12,.2,1500,.94,4.29,,,,,,7.4,4.1,23.3,14.8,,,,,,,,,,,,,{박무}0830-{박무}{강도0}0900-1105. {비}0845-{비}{강도0}0900-0940.,
143,대구,2008-09-26,18,14.2,2338,21.3,1101,,,,,,,9.7,290,1517,5.4,290,1054,3,2577,290,4,19,1556,42.6,8.9,1007.9,1020.3,2350,1008.8,11,1014.6,12,3.7,1000,2.19,12.7,,,,,,4.4,2,20.3,7.4,,,,,,,,,,,,,,
143,대구,2008-09-27,15.6,9.6,459,21.9,1445,,,,,,,4.3,250,1536,2.6,290,1649,1.2,1052,290,1.1,17,1459,40.4,6.7,1013.7,1022.5,921,1018,1512,1020.5,12,5.8,1200,3.2,16.29,,,,,,3.8,3.4,18.2,2,,,,,,,,,,,,,,
143,대구,2008-09-28,16.4,12.7,449,20,1444,2.28,0,,0,,0,5.2,180,1456,2.2,110,1617,1,892,20,8.1,40,1228,58.6,10.9,1013.3,1022.1,759,1018.3,1650,1020,11.9,.1,1400,.95,6.66,,,,,,9.1,4.3,19.4,6.7,,,,,,,,,,,,,{비}1145-1157. {비}1225-1235. {비}2120-2250. {비}2335-{비}{강도0}2400-,
143,대구,2008-09-29,16.5,13.7,740,20.5,1540,11.42,.5,445,2,825,5,4.8,110,1737,2.9,90,1757,1,877,50,12.9,60,1603,79.9,14.9,1011.5,1020.5,933,1016.1,1543,1018.3,11.9,1.2,1300,1.64,8.39,,,,,,8.4,5.1,18.7,11.7,,,,,,,,,,,,,-{비}-{비}{강도0}0300-{비}{강도0}0600-{비}{강도0}0900-1125. {박무}0520-{박무}{강도0}0600-0840.,
143,대구,2008-09-30,18.4,13.8,543,23.9,1435,,,,,,,4.8,320,1712,2.8,320,1720,1,849,20,14,53,1437,77.5,16,1007.7,1017.2,0,1011.9,1635,1014.4,11.9,1,1200,1.81,11.42,,,,,,5.6,2.8,20,9.5,,,,,,,,,,,,,{박무}0120-{박무}{강도1}0300-{시정(미만)}{1km}{안개}0340-{시정(이상)}{1km}{박무}0530-{박무}{강도1}0600-{박무}{강도0}0900-1050. {연무}1040-{연무}{강도0}1200-1230.,1.83
143,대구,2008-10-01,19.5,12.8,708,26.2,1300,,,,,,,8.8,140,1408,5.6,110,1426,2.2,1864,90,13,39,1434,68.9,15,1007.8,1017.1,2248,1012.4,20,1014.4,11.8,8.3,1100,2.57,17.73,,,,,,2.3,2.1,20.8,8,,,,,,,,,,,,,{박무}0430-0530. {박무}0615-{시정(미만)}{1km}{안개}0645-{시정(미만)}{0.5km}{안개}0650-{시정(미만)}{0.2km}{안개}0653-{시정(미만)}{0.1km}{안개}0655-{시정(이상)}{0.1km}{안개}0706-{시정(이상)}{0.2km}{안개}0715-{시정(이상)}{0.5km}{안개}0718-{시정(이상)}{1km}{박무}0740-{박무}{강도0}0900-0950. {연무}0945-1040.,.92
143,대구,2008-10-02,19.5,13.9,608,26.2,1536,,,,,,,6.3,250,1338,3.3,110,1047,1.4,1246,50,11,27,1631,61.6,13.2,1010.6,1018.9,757,1015.2,1618,1017.2,11.8,10.6,1200,2.78,18.79,,,,,,.3,.3,21.1,9.2,,,,,,,,,,,,,{박무}0220-{박무}{강도0}0300-{박무}{강도0}0600-0640.,
143,대구,2008-10-03,20.6,13.5,629,28.1,1533,,,,,,,6.8,270,1211,3.9,270,1327,1.7,1474,270,11.5,31,1600,59.4,13.6,1008.5,1017.1,0,1012.7,1525,1015.1,11.8,10.5,1200,2.71,18.12,,,,,,1.3,.3,21.5,8.5,,,,,,,,,,,,,{박무}0430-{박무}{강도0}0600-0620.,
143,대구,2008-10-04,21,14.9,616,27,1443,,,,,,,5.2,160,1832,3.4,110,2207,1.4,1185,20,12.9,36,1332,63,15,1008,1016.4,831,1012.4,1506,1014.6,11.7,8.5,1200,2.13,13.84,,,,,,3.3,.5,22.7,9.2,,,,,,,,,,,,,{박무}0220-{박무}{강도0}0300-{박무}{강도0}0600-0620. {연무}0930-{연무}{강도0}1200-1240. {연무}1540-{연무}{강도0}1800-{연무}{강도0}2100-{연무}{강도0}2400-,
143,대구,2008-10-05,21.1,19,704,23.8,1334,3.17,0,,0,,0,5.6,110,2111,3.7,110,2112,1.6,1424,110,16.2,60,1536,74,18.4,1005.7,1014.6,6,1010.4,1518,1012.3,11.7,0,1300,.99,5.54,,,,,,9.3,4,22.9,16.7,,,,,,,,,,,,,-{연무}-0130. {박무}0120-{박무}{강도0}0300-{박무}{강도0}0600-{박무}{강도0}0900-{박무}{강도0}1200-1230. {연무}1220-{연무}{강도0}1500-1630. {비}0920-1020. {비}1105-{비}{강도0}1200-1210. {비}1535-1640. {박무}2040-{박무}{강도0}2100-{박무}{강도0}2400-,
143,대구,2008-10-06,20.7,16.9,638,26.3,1401,,,,,,,7.1,320,1229,4.1,290,1328,2,1696,290,11.3,23,1251,58.3,13.6,1006,1015,2243,1011,358,1012.6,11.6,8,1200,2.66,15.82,,,,,,7.5,.6,23.3,11.5,,,,,,,,,,,,,-{박무}-{박무}{강도0}0300-{박무}{강도0}0600-{박무}{강도0}0900-0920. {연무}0910-1140.,
143,대구,2008-10-07,19.3,14.6,646,23.8,1446,,,,,,,6.1,320,1143,3.4,270,1229,1.5,1278,20,10.5,36,1227,59,12.8,1010.1,1019,2234,1014.8,1443,1016.7,11.6,7.6,1100,2.48,14.68,,,,,,3.9,1.1,21.1,8.7,,,,,,,,,,,,,,
143,대구,2008-10-08,19.7,13.8,412,25.6,1414,,,,,,,5,140,1928,3.4,140,1940,1.4,1221,70,11,31,1443,60.6,13.2,1013.1,1021.3,912,1017.7,1602,1019.8,11.6,7.8,1200,2.56,15.29,,,,,,4.6,2.5,21.7,8.7,,,,,,,,,,,,,{박무}0140-{박무}{강도0}0300-{박무}{강도0}0600-0625.,
143,대구,2008-10-09,21.1,16.2,620,27.8,1504,.08,0,,0,,0,4.6,140,2104,2.7,90,2123,1.1,962,50,11.2,23,1548,57.8,13.5,1014.9,1024.1,912,1019.6,1559,1021.5,11.5,7.9,1100,2.34,14.68,,,,,,4,.8,22.6,12.2,,,,,,,,,,,,,{박무}0420-{박무}{강도0}0600-0630. {비}0750-0755.,
143,대구,2008-10-10,19.2,16.7,606,22.9,1242,4.17,.2,1525,.5,1505,.5,5.5,320,2400,3,290,1400,1.4,1235,290,14.3,57,1515,74.1,16.4,1011.2,1020.7,0,1015.8,1712,1017.9,11.5,0,1200,1,4.89,,,,,,7.1,3.9,19.9,11.9,,,,,,,,,,,,,{박무}0620-{박무}{강도0}0900-0950. {연무}0940-{연무}{강도0}1200-1345. {비}1335-{비}{강도0}1500-1745. {박무}2015-{박무}{강도0}2100-2330.,
143,대구,2008-10-11,17,12.6,620,22.6,1457,,,,,,,7.6,340,158,4.4,320,139,2.2,1925,270,3,20,1450,42.4,7.7,1012.6,1021.2,847,1017.1,0,1019.3,11.4,10.7,1100,2.69,18.33,,,,,,1,0,17.2,4.9,,,,,,,,,,,,,,
143,대구,2008-10-12,16.2,10.5,556,23.1,1615,,,,,,,6.1,230,1520,2.5,290,1636,1.3,1137,20,6.1,27,1617,54.4,9.4,1011.5,1020.4,148,1015.7,1701,1018.3,11.4,8.6,1300,2.41,15.94,,,,,,2.4,.4,19,5.9,,,,,,,,,,,,,,
143,대구,2008-10-13,16.9,9.4,541,24.1,1356,,,,,,,5.5,290,1154,2.9,270,1218,1.2,1026,20,3.5,15,1628,45.9,8,1011.2,1019.8,832,1015.8,1527,1018,11.4,8.6,1200,2.67,16.34,,,,,,4,1.8,18.5,1.3,,,,,,,,,,,,,,
143,대구,2008-10-14,18.1,11,636,25,1445,,,,,,,7.7,320,1520,4.5,270,1123,1.9,1667,290,4.4,18,1538,44.8,8.5,1012.8,1021.8,2347,1017.5,1420,1019.5,11.3,10.5,1200,2.68,17.49,,,,,,.3,.3,19.2,3.9,,,,,,,,,,,,,,
143,대구,2008-10-15,18.3,11,726,26.5,1513,,,,,,,5.6,290,1514,2.9,290,1518,1.2,1007,50,7,20,1523,51.3,10.1,1016.3,1024.9,839,1021.1,1519,1023.1,11.3,9.9,1200,2.38,15.55,,,,,,0,0,19.4,3.5,,,,,,,,,,,,,{연무}2340-{연무}{강도0}2400-,
143,대구,2008-10-16,17.9,11.6,653,25.2,1435,,,,,,,3.7,230,1332,2,90,2344,1,853,20,8.5,31,1422,56.5,11.1,1017.2,1025.9,802,1022,1450,1024,11.3,5.7,1300,1.81,11.71,,,,,,4,0,19.1,5.1,,,,,,,,,,,,,-{연무}-{연무}{강도0}0300-0440. {박무}0430-{박무}{강도0}0600-0835. {연무}0830-{연무}{강도0}0900-{연무}{강도0}1200-{연무}{강도0}1500-{연무}{강도0}1800-{연무}{강도0}2100-{연무}{강도0}2400-,
143,대구,2008-10-17,19.2,12.5,644,27.1,1525,,,,,,,4.6,90,2036,2.8,140,2021,1,888,20,9.8,21,1421,58.8,12.2,1017.2,1025.6,841,1022,1515,1023.9,11.2,8.5,1200,2.13,12.97,,,,,,.5,0,20.5,6.2,,,,,,,,,,,,,-{연무}-0250. {박무}0240-{박무}{강도0}0300-{박무}{강도1}0600-{박무}{강도0}0900-0910. {연무}0905-{연무}{강도0}1200-{연무}{강도0}1500-{연무}{강도0}1800-{연무}{강도0}2100-2250. {박무}2240-{박무}{강도0}2400-,
143,대구,2008-10-18,19.5,12.2,634,28.8,1431,,,,,,,5.7,160,2143,3.5,140,1542,1.5,1265,50,8.8,17,1434,57.3,11.6,1017,1026,833,1021.4,1544,1023.7,11.2,9.7,1200,2.36,15.39,,,,,,.4,0,21,6.3,,,,,,,,,,,,,-{박무}-{박무}{강도0}0300-{박무}{강도0}0600-{박무}{강도0}0900-0950. {연무}0945-{연무}{강도0}1200-1350.,
143,대구,2008-10-19,17.9,10.9,655,25.5,1505,,,,,,,4.8,90,152,3.2,90,157,1.2,999,20,7.5,19,1506,54.4,10.4,1014.2,1023.6,7,1018.3,1627,1020.9,11.2,5.4,1100,2.03,11.5,,,,,,5.6,1.9,19.4,4.6,,,,,,,,,,,,,{박무}0210-{박무}{강도0}0300-0540.,
143,대구,2008-10-20,19,11.8,642,26.9,1413,,,,,,,7.3,90,1441,4.5,110,1509,1.9,1644,140,8.3,17,1316,53.5,11.1,1013.3,1021.5,811,1018.2,1452,1020,11.1,9.9,1200,2.31,14.96,,,,,,1.3,.8,20.8,4.9,,,,,,,,,,,,,{연무}0930-1140.,
143,대구,2008-10-21,19.1,12.7,629,25.6,1423,,,,,,,6,110,1231,3.8,90,1232,1.7,1499,110,11.8,41,1425,65.5,13.9,1013.7,1023,839,1018.5,1456,1020.4,11.1,6.6,1200,2.2,12.36,,,,,,6.1,1.3,20.8,7.8,,,,,,,,,,,,,{박무}0530-{박무}{강도0}0600-{박무}{강도0}0900-1040. {연무}1035-{연무}{강도0}1200-1240.,
143,대구,2008-10-22,17.4,16,1816,19.3,0,13.12,1,1756,2.5,1716,10.5,6.4,50,1253,4.1,90,1257,1.9,1651,110,14.7,68,27,84.5,16.7,1010,1019.5,0,1013.9,2355,1016.7,11.1,0,1200,.32,1.98,,,,,,10,6.3,17.8,15.2,,,,,,,,,,,,,{비}0020-0050.  {박무}0320-{박무}{강도0}0600-{박무}{강도0}0900-{박무}{강도0}1200-{박무}{강도0}1500-{박무}{강도0}1800-{박무}{강도0}2100-{박무}{강도0}2400- {비}0825-{비}{강도0}0900-{비}{강도0}1200-{비}{강도0}1500-{비}{강도0}1800-{비}{강도0}2100-2102.,
143,대구,2008-10-23,18.9,16.8,414,21.3,1624,2.5,.5,1229,.5,1210,1,4.6,290,2336,2.9,290,2337,.9,803,270,16.9,78,1103,88.8,19.3,1005.3,1013.9,0,1010,1354,1011.9,11,.1,1000,.99,5.04,,,,,,9.6,4.9,19.7,14.7,,,,,,,,,,,,,-{박무}-{박무}{강도0}0300-{박무}{강도0}0600-{박무}{강도0}0900-{박무}{강도0}1200-{박무}{강도0}1500-{박무}{강도0}1800-{박무}{강도0}2100-{박무}{강도0}2400- {비}1210-1310. {비}1340-{비}{강도0}1500-1510.,
143,대구,2008-10-24,15.8,11.7,2340,20.9,1511,,,,,,,12.1,320,1134,5.9,290,1136,3.9,3330,290,4.8,27,1515,50,8.9,1012.3,1024.1,2250,1012.2,1,1019.1,11,10.3,1200,2.48,16.43,,,,,,1.8,1.8,15.5,6.6,,,,,,,,,,,,,-{박무}-0140.,
143,대구,2008-10-25,13.1,7.3,705,17.6,1407,,,,,,,6.8,270,56,3.9,270,1359,1.5,1292,270,2.7,33,1336,50.5,7.5,1013.5,1024.2,835,1016.8,2330,1020.4,11,5.1,1000,1.75,10.59,,,,,,6.5,2.3,12.6,1,,,,,,,,,,,,,,
143,대구,2008-10-26,16.2,12.9,517,21.6,1256,,,,,,,12.6,270,1225,7,290,1221,2.9,2483,270,3.2,19,1502,45.9,8,1008.6,1017.2,2357,1012.3,1435,1015.4,10.9,7.7,1200,2.4,13.29,,,,,,5.3,2.9,16.5,8.1,,,,,,,,,,,,,,
143,대구,2008-10-27,13.5,10.9,2349,17.1,1414,,,,,,,11.5,290,1012,6.2,290,1003,3.3,2867,290,1.6,26,1248,45.5,6.9,1011.1,1019.5,1028,1016.8,1417,1017.9,10.9,7.6,1200,2.21,12.24,,,,,,1.8,1.8,14.1,2.2,,,,,,,,,,,,,,
143,대구,2008-10-28,13.9,9.1,623,19.3,1434,,,,,,,8.2,320,1207,4.4,290,1208,2.5,2156,290,2.9,32,1311,49.4,7.6,1009.4,1019,907,1013.8,1704,1016.2,10.8,9,1100,2.23,14.61,,,,,,4.4,1.9,15,.9,,,,,,,,,,,,,,
143,대구,2008-10-29,14.9,11.3,714,19.1,1322,,,,,,,6.7,320,1311,3.8,270,1301,1.4,1177,290,4.7,38,1453,51.3,8.6,1010.3,1018.8,2255,1015,0,1017.1,10.8,3.4,1100,1.66,9.62,,,,,,7,3.1,15.9,4.1,,,,,,,,,,,,,,
143,대구,2008-10-30,13.9,9.1,633,19.3,1500,,,,,,,11.2,320,1312,5,320,1417,1.7,1433,290,2.5,28,1324,49.3,7.4,1013.9,1022.3,911,1018.8,0,1020.8,10.8,9.3,1200,2.17,13.37,,,,,,1,.5,14.7,1.1,,,,,,,,,,,,,,
143,대구,2008-10-31,12.2,7.9,450,16.5,1332,.58,0,,0,,0,5.8,320,1919,3.1,290,2053,1.3,1149,290,4.8,44,1336,61.8,8.7,1011.4,1021.8,117,1015.2,1409,1018.3,10.7,1.9,1300,1.26,5.54,,,,,,5.4,1.9,11.9,1.1,,,,,,,,,,,,,{비}1150-{비}{강도0}1200-1225. {연무}1545-{연무}{강도0}1800-1905. {박무}2340-{박무}{강도0}2400-,
143,대구,2008-11-01,12.8,6.7,621,19,1454,,,,,,,5.6,270,1257,3.5,270,1306,1.4,1187,270,3.8,22,1456,58.9,8.2,1011,1021.3,837,1015.2,1817,1017.8,10.7,9.7,1200,2.34,14.43,,,,,,1.3,.5,13.8,-.7,,,,,,,,,,,,,-{박무}-{박무}{강도0}0300-{박무}{강도0}0600-{박무}{강도0}0900-0915.  {연무}0908-1110.,
143,대구,2008-11-02,14.8,8.5,644,20.5,1526,,,,,,,5.7,250,1205,3.5,270,1214,1.5,1262,270,5.1,37,1832,54.4,8.8,1008.1,1016.9,833,1012.4,1518,1014.8,10.7,3.9,1100,1.86,10.1,,,,,,6.4,0,14.1,1,,,,,,,,,,,,,,
143,대구,2008-11-03,14.7,9.9,711,20.2,1556,,,,,,,9.4,250,1816,5.3,320,2148,2,1727,270,2,27,1733,43.3,7.2,1009.4,1019.6,2349,1013.7,1536,1016.1,10.6,2.4,1100,1.26,7.4,,,,,,4.9,.8,14,3.4,,,,,,,,,,,,,{연무}1145-{연무}{강도0}1200-{연무}{강도0}1500-1530.,
143,대구,2008-11-04,12,6.3,711,18.4,1513,,,,,,,6.5,320,1420,3.6,250,1103,1.7,1450,290,-7,12,1322,28.8,3.8,1015,1023.4,2224,1019.6,0,1021.9,10.6,9.8,1200,2.34,14.84,,,,,,0,0,12.3,-2.9,,,,,,,,,,,,,,
143,대구,2008-11-05,11.3,4.2,717,18.9,1401,,,,,,,4.7,250,1318,3,270,1337,1,903,50,-2.8,19,1402,39.8,5,1013.9,1023.8,828,1018.5,1612,1020.8,10.6,7.2,1100,1.95,11.12,,,,,,3.5,.4,10.8,-3.2,,,,,,,,,,,,,,
143,대구,2008-11-06,14.9,6.4,627,22.9,1515,,,,,,,4.1,270,1609,2,140,1523,.8,666,50,7.3,35,1217,62.5,10.9,1010,1020,143,1014.1,1608,1016.8,10.5,5.4,1100,1.83,10.1,,,,,,6.3,1.5,14.7,-.7,,,,,,,,,,,,,,
143,대구,2008-11-07,16.5,14.8,534,19.5,1353,,,,,,,3.7,270,1135,3,270,1123,.9,773,270,9.7,38,1506,67,12.3,1010.4,1019,2309,1014.6,122,1017.2,10.5,0,1300,.7,2.87,,,,,,9.8,4,15.6,9.7,,,,,,,,,,,,,{박무}0445-{박무}{강도0}0600-{박무}{강도0}0900-1115. {연무}1105-{연무}{강도0}1200-{연무}{강도0}1500-1535.,
143,대구,2008-11-08,13.3,11.8,2350,15.2,1040,.17,,,,,0,8.7,140,1223,4.7,110,1134,2.4,2114,110,7.9,60,0,70.4,10.7,1013.4,1022.7,2157,1017.4,348,1020.2,10.5,0,1000,.8,3.74,,,,,,10,6.8,14.5,9.9,,,,,,,,,,,,,{연무}0540-{연무}{강도0}0600-{연무}{강도0}0900-0940. {비}1235-1245.,
143,대구,2008-11-09,11.7,8.9,2352,15,1500,.67,,,,,0,6.2,110,2035,3.7,140,1511,2.4,2071,110,6.4,55,1347,70.5,9.6,1015.2,1024.5,2339,1020.2,1518,1022.1,10.5,.5,1300,1.09,6.08,,,,,,8.3,4.5,15,4.4,,,,,,,,,,,,,{비}0340-0350. {비}1004-1034.,
143,대구,2008-11-10,10.2,5.4,751,15.8,1347,,,,,,,9.8,90,1752,5.3,90,1757,2.7,2336,110,4.8,43,1419,71.6,8.6,1019.6,1028.1,2131,1024.2,8,1026.6,10.4,8.8,1200,2.35,13.58,,,,,,2.8,2.8,12.9,-.2,,,,,,,,,,,,,{달코로나}1935-1950.,
143,대구,2008-11-11,10.3,5.1,542,16.1,1502,,,,,,,7.1,90,1608,4.3,90,1559,1.6,1418,20,2.8,32,1450,63.3,7.5,1019.8,1029.1,827,1024.7,1556,1026.8,10.4,7.1,1100,1.95,11.46,,,,,,.5,.5,12,-2,,,,,,,,,,,,,,
143,대구,2008-11-12,10.8,4.7,540,18.4,1444,,,,,,,3.8,250,1249,2,270,1509,1,837,20,2.8,31,1556,60.8,7.5,1017.4,1026.2,819,1022,1611,1024.3,10.4,9.2,1200,2.08,12.57,,,,,,0,0,11.7,-2.4,,,,,,,,,,,,,,
143,대구,2008-11-13,12.4,5.9,700,19.9,1455,,,,,,,3.6,290,1527,2.1,290,1530,.9,781,50,4.5,33,1518,61,8.4,1016.7,1026.3,809,1021,1728,1023.6,10.3,8.4,1200,2.02,11.87,,,,,,1.3,1,12.6,-1.7,,,,,,,,,,,,,{연무}0930-{연무}{강도0}1200-1230.,
143,대구,2008-11-14,12.7,9.1,653,17.9,1546,,,,,,,4.5,320,1125,2.3,270,1039,1,826,20,3.2,24,1534,55.8,7.8,1015.5,1024.4,900,1020.9,1439,1022.4,10.3,5,1300,1.82,9.31,,,,,,4,.3,13.2,2.8,,,,,,,,,,,,,,
143,대구,2008-11-15,13.5,7.5,617,20.1,1527,,,,,,,4.1,270,1554,2.5,250,2314,1,877,270,4.3,25,1545,56.1,8.3,1010,1021.7,130,1013.6,1452,1016.8,10.3,7,1100,1.61,9.95,,,,,,5.1,.4,13.5,1.4,,,,,,,,,,,,,{연무}1025-{연무}{강도0}1200-1340.,
143,대구,2008-11-16,13.2,8.7,2349,17.5,1206,,,,,,,6.8,290,1322,4,270,1449,2.2,1898,270,2,32,1306,48.1,7.3,1009,1017.3,934,1014.2,1529,1015.8,10.3,5.9,1100,1.79,9.42,,,,,,3.8,1.1,12.9,2.6,,,,,,,,,,,,,{연무}0840-{연무}{강도0}0900-0940.,
143,대구,2008-11-17,9.3,5.7,2358,14,1421,,,,,,,10,320,1325,5.3,290,2358,3,2570,290,-5.3,24,1116,36.3,4.2,1011,1020.1,1005,1015.8,1448,1018,10.2,4.8,1200,1.92,9.82,,,,,,3.5,.6,9.8,-.4,,,,,,,,,,,,,,
143,대구,2008-11-18,2.5,-.6,713,6.5,1433,,,,,,,12.6,270,1036,6.3,290,1024,3.5,3004,290,-13.7,13,1016,31.3,2.3,1015.3,1025,836,1019.2,0,1022.4,10.2,8.4,1200,2.12,12.79,,,,,,1.4,1.4,4.8,-3.9,,,,,,,,,,,,,,
143,대구,2008-11-19,.4,-2.7,722,4.9,1458,,,,,,,14,290,1134,6.5,290,1159,3.8,3281,270,-14.6,18,1219,33.1,2,1018.9,1028.8,2351,1023.2,0,1026.1,10.2,8.8,1200,2.12,12.77,,,,,,0,0,1.7,-9.8,,,,,,,,,,,,,,
143,대구,2008-11-20,3.9,-3.8,701,9.2,1559,,,,,,,6.7,250,1605,3.8,270,1625,1.7,1499,270,-6.5,31,1433,48,3.8,1017.6,1028.8,3,1020.6,2346,1024.8,10.1,8.4,1200,2.01,11.62,,,,,,2.9,2.9,3.5,-11.7,,,,,,,,,,,,,,
143,대구,2008-11-21,7,3.2,2359,12.3,1311,2.33,,,,,0,17.1,270,1335,7.6,290,1347,2.8,2381,270,-6.2,18,1336,43.4,4.2,1017.8,1029.2,2350,1020.7,0,1024.9,10.1,5.9,1200,2.01,9.63,,,,,,2.3,1.9,5.9,-6.4,,,,,,,,,,,,,{비}0010-0135. {비}0745-0840.,
143,대구,2008-11-22,6.1,-1.3,710,11.9,1327,,,,,,,7.2,270,1302,4.3,270,1308,1.6,1348,270,-5.1,31,1314,45.3,4.2,1020.4,1030.9,851,1024.7,1611,1027.5,10.1,6.3,1100,1.69,9.31,,,,,,4,0,4.8,-10.5,,,,,,,,,,,,,,
143,대구,2008-11-23,9,3.2,746,15.2,1430,,,,,,,4.5,90,1959,2.7,90,2000,1,847,70,-1.8,25,1501,48.6,5.4,1017.9,1027.1,903,1023.1,1519,1024.9,10.1,7.7,1100,1.73,9.91,,,,,,4.8,0,7.6,-5.1,,,,,,,,,,,,,,
143,대구,2008-11-24,6.7,4.9,2352,8.4,0,10.08,,,,,11,6.2,270,1455,3.3,270,1413,1.6,1385,270,3.1,50,706,79,7.7,1014.9,1024.2,151,1019.6,1301,1022,10.1,0,1200,.3,1.36,,,,,,9.4,7.1,6.7,-1.5,,,,,,,,,,,,,{비}0705-{비}{강도0}0900-{비}{강도0}1200-{비}{강도0}1500-1710. {박무}0940-{박무}{강도0}1200-{박무}{강도0}1500-{박무}{강도0}1800-{박무}{강도1}2100-{시정(미만)}{1km}{안개}2315-{시정(미만)}{0.5km}{안개}2330-{안개}{강도1}2400-,.75
143,대구,2008-11-25,6.2,3.2,759,12.3,1447,2.25,,,,,.2,5.8,320,1431,3.1,270,1501,1.3,1099,270,2.9,50,1510,80.9,7.5,1017.7,1026.9,2356,1023.1,311,1024.7,10,4.5,1200,1.77,7.59,,,,,,5.1,4.3,7.9,-2.8,,,,,,,,,,,,,-{안개}-{시정(미만)}{0.2km}{안개}0040-{안개}{강도2}0300-{시정(이상)}{0.2km}{안개}0530-{안개}{강도1}0600-{시정(이상)}{0.5km}{안개}0840-{안개}{강도0}0900-{시정(이상)}{1km}{박무}1130-{박무}{강도1}1200-1250. {비}0915-1130. {연무}1240-{연무}{강도0}1500-1520. {박무}2040-{박무}{강도0}2100-{박무}{강도0}2400-,11.5
143,대구,2008-11-26,6.2,2.6,831,10.9,1426,,,,,,,3.9,320,1047,2.6,250,1315,.9,798,20,1.3,47,1450,73.1,6.7,1018.7,1028.7,1027,1023.6,2359,1025.8,10,2.8,1100,1.59,6.62,,,,,,4.6,1.4,6.6,-3.2,,,,,,,,,,,,,-{박무}-{박무}{강도1}0300-{박무}{강도1}0600-{시정(미만)}{1km}{안개}0640-{시정(미만)}{0.5km}{안개}0710-{시정(미만)}{0.2km}{안개}0730-{안개}{강도2}0900-{시정(이상)}{0.2km}{안개}0910-{시정(이상)}{0.5km}{안개}0940-{시정(이상)}{1km}{박무}1130-{박무}{강도1}1200-1230. {연무}1220-1330.,4.83
143,대구,2008-11-27,5.4,2,651,8.1,1308,6.42,,,,,.5,6,270,2121,3.8,270,2122,1.2,1012,50,1.7,62,1218,77.3,6.9,1010.3,1023.6,0,1014.4,2038,1017.3,10,.4,1100,.86,3.88,,,,,,8.6,5.3,6,-4,,,,,,,,,,,,,{박무}0450-{박무}{강도0}0600-0840. {박무}1015-1055. {연무}1045-{연무}{강도0}1200-1450. {박무}1440-{박무}{강도0}1500-{박무}{강도0}1800-{박무}{강도0}2100-{박무}{강도0}2400- {비}1355-{비}{강도0}1500-{비}{강도0}1800-2020.,
143,대구,2008-11-28,7.1,3.7,645,10.7,1415,.17,,,,,0,6.9,290,1220,4.2,270,1025,2.3,2004,270,2.2,54,1416,71.9,7.2,1010.4,1019.8,2150,1014.1,133,1017.4,10,.7,1300,1.12,4.79,,,,,,6.9,6.3,6.9,.5,,,,,,,,,,,,,-{박무}-{박무}{강도0}0300-{박무}{강도0}0600-{박무}{강도0}0900-0945. {비}0130-0140.,
143,대구,2008-11-29,5.7,3.1,2327,10.6,1309,2.5,,,,,0,15.4,270,1417,8.3,270,1417,3.4,2961,270,-3.2,25,1433,54.5,5,1011,1024.4,2356,1013.4,1311,1018,10,3.5,1200,1.43,7.1,,,,,,3.4,3.1,4.3,-3.1,,,,,,,,,,,,,{비}0925-0930. {비}1015-{비}{강도0}1200-1215. {비}1514-1539.,
143,대구,2008-11-30,4.5,.7,626,9.7,1435,,,,,,,7.3,250,1155,4,290,1448,1.9,1628,270,-7.7,22,1436,43.3,3.5,1020.6,1029.2,1019,1024.3,0,1027.7,9.9,8.1,1200,1.99,11.53,,,,,,0,0,2.4,-8.5,,,,,,,,,,,,,,
143,대구,2008-12-01,5.4,-.7,433,13.2,1446,,,,,,,6,250,1439,3.5,270,1454,1,850,20,-5.1,21,1420,50.3,4.2,1017.5,1028.7,23,1021.3,1710,1024.6,9.9,7.9,1200,1.84,10.52,,,,,,0,0,3,-8.4,,,,,,,,,,,,,,
143,대구,2008-12-02,8.2,1.6,652,15.9,1423,,,,,,,3.7,270,1351,2,290,1357,.8,659,20,1.1,40,1441,62,6.7,1013.2,1021.8,16,1018.1,1427,1020.2,9.9,7.4,1200,1.57,8.64,,,,,,.3,.3,5.6,-5.7,,,,,,,,,,,,,{연무}1025-{연무}{강도0}1200-{연무}{강도0}1500-{연무}{강도0}1800-{연무}{강도0}2100-{연무}{강도0}2400-,
143,대구,2008-12-03,8.4,2.4,738,14.7,1444,,,,,,,4.9,90,2207,3.2,70,2208,.9,800,20,.8,30,1516,61.9,6.5,1015.1,1024.3,947,1020.8,0,1022.1,9.9,7.4,1200,1.63,9.14,,,,,,1.6,0,6.1,-4.8,,,,,,,,,,,,,-{연무}-0135. {박무}0125-{박무}{강도0}0300-{박무}{강도0}0600-{박무}{강도0}0900-1020. {연무}1015-{연무}{강도0}1200-{연무}{강도0}1500-{연무}{강도0}1800-{연무}{강도0}2100-{연무}{강도0}2400-,
143,대구,2008-12-04,9.6,6.6,2353,14.5,1542,4.17,,,,,1,10,290,2241,5.9,290,2243,1.8,1576,290,3.3,40,1949,66.1,8.1,1011.5,1022.2,26,1014.7,1514,1018.5,9.9,0,1200,.64,2.3,,,,,,9.9,5,8.4,3.9,,,,,,,,,,,,,-{연무}-{연무}{강도0}0300-0350. {박무}0340-{박무}{강도0}0600-0640. {비}0910-{비}{강도0}1200-1255. {비}1345-1410.,
143,대구,2008-12-05,-1.4,-6.3,2357,6.6,0,3.92,,,,,0,13.9,290,1458,7.5,270,1512,4.3,3739,290,-12.1,26,1457,45.6,2.6,1016.4,1027.1,2335,1019.4,25,1023.6,9.8,3,1300,1.86,7.04,,,,,,4.3,3.4,1.4,-8.6,,,,,,,,,,,,,{눈}0725-{눈}{강도0}0900-1120.,
143,대구,2008-12-06,-4.5,-8.2,715,-.4,1444,,,,,,,9.5,270,1518,5.7,270,1518,3.7,3194,270,-18.6,22,1247,33.1,1.4,1022.7,1032.4,2344,1027,0,1030.1,9.8,8.1,1200,2.01,11.63,,,,,,0,0,-3,-10.9,,,,,,,,,,,,,,
143,대구,2008-12-07,-1.2,-7.1,629,5.4,1522,,,,,,,4.3,250,1210,2.5,270,419,1.1,979,50,-10.1,34,1433,52.1,2.9,1021.9,1032.4,4,1026.7,1531,1029.3,9.8,7.5,1300,1.64,10.01,,,,,,3.4,1.1,-.5,-13.3,,,,,,,,,,,,,,
143,대구,2008-12-08,4.1,-1.8,709,12.7,1435,,,,,,,5.9,270,1455,3.2,270,1512,1,899,70,-4.4,33,1439,56.4,4.4,1014.5,1026.9,1,1018.7,1532,1021.6,9.8,4.2,1200,1.66,7.27,,,,,,3.1,2.4,2.9,-8.4,,,,,,,,,,,,,,
143,대구,2008-12-09,6.4,.1,604,14.2,1510,,,,,,,2.8,70,2233,1.9,70,2235,.7,623,70,-2.6,27,1543,55.5,5.1,1013.3,1022.3,931,1018.3,1529,1020.4,9.8,6.9,1200,1.52,8.43,,,,,,0,0,3.6,-7.1,,,,,,,,,,,,,{황사}1340-{황사}{강도0}1500-{황사}{강도0}1800-{황사}{강도0}2100-{황사}{강도0}2400-,
143,대구,2008-12-10,7.9,1,753,15.9,1508,,,,,,,3,70,27,2,90,29,.7,597,20,.2,38,1426,59.6,6.3,1012.3,1022.1,854,1016.6,2320,1019.3,9.8,7.4,1200,1.5,8.39,,,,,,.5,0,4.9,-4.5,,,,,,,,,,,,,-{황사}-{황사}{강도0}0300-0450. {황사}1010-{황사}{강도0}1200-{황사}{강도0}1500-1550. {연무}1540-{연무}{강도0}1800-{연무}{강도0}2100-{연무}{강도0}2400-,
143,대구,2008-12-11,8,3.6,2400,12.5,1355,.33,,,,,0,10.7,250,1045,5.6,290,1054,2.4,2044,290,-.9,33,1502,55.5,5.9,1009.6,1021.1,2313,1012.9,610,1016.6,9.8,5.2,1200,1.73,7.64,,,,,,3.1,1.5,5.7,-1.9,,,,,,,,,,,,,-{연무}-0240. {박무}0230-{박무}{강도0}0300-{박무}{강도0}0600-0750. {비}0839-0859. {연무}0930-1140.,
143,대구,2008-12-12,5.6,.9,506,10.8,1506,,,,,,,6,270,1213,4,250,1010,1.7,1447,270,-4.9,28,1600,47.8,4.3,1015.6,1024.4,855,1020.8,1515,1022.7,9.8,7.8,1200,1.83,10.18,,,,,,2.8,0,3.3,-8.2,,,,,,,,,,,,,,
143,대구,2008-12-13,6.7,3.4,623,10.2,1338,,,,,,,6.7,290,2232,3.7,290,2237,1.9,1661,290,-6.2,12,2353,42,4.2,1014.8,1023.7,948,1019.8,1446,1021.9,9.8,.9,1100,1.46,5.66,,,,,,6.9,2.6,6.4,-1.9,,,,,,,,,,,,,,
143,대구,2008-12-14,2.2,-.8,600,7.2,1438,,,,,,,8.6,270,758,5,270,758,3,2620,270,-16.9,10,1418,25.4,1.7,1015,1023.3,2316,1020.1,1414,1022.1,9.8,6.2,1200,1.95,10.08,,,,,,.6,.6,1,-9,,,,,,,,,,,,,,
143,대구,2008-12-15,3.3,-1,309,8.9,1435,,,,,,,7.4,270,1352,4.2,270,1354,1.6,1403,270,-7,30,48,47.4,3.7,1016.6,1025.8,2300,1022.2,1424,1023.7,9.8,4.7,1100,1.63,8.06,,,,,,1.5,1.5,1.6,-9.3,,,,,,,,,,,,,,
143,대구,2008-12-16,3.3,-2.6,713,10.5,1535,,,,,,,3.7,270,1421,2.5,250,1425,1,845,20,-7,23,1339,50.9,3.7,1017.2,1027,854,1022,1617,1024.3,9.7,7.6,1200,1.8,9.96,,,,,,0,0,1,-10.7,,,,,,,,,,,,,{연무}0915-{연무}{강도0}1200-1340.,
143,대구,2008-12-17,5.5,-1.5,615,12.4,1422,,,,,,,5,270,2353,2.8,250,2349,.9,806,290,-3.3,37,1350,54.3,4.9,1012.8,1023.7,251,1016.8,2025,1019.8,9.7,7.5,1200,1.64,9.04,,,,,,2.1,2.1,2.3,-9.9,,,,,,,,,,,,,,
143,대구,2008-12-18,5.1,1.6,2347,9.4,1344,,,,,,,10.5,320,156,5.8,290,200,2.8,2430,290,-11.2,14,1508,31.1,2.7,1014.6,1024,2232,1017.4,0,1021.7,9.7,7.9,1200,1.92,10.99,,,,,,.4,.4,2.4,-9.1,,,,,,,,,,,,,,
143,대구,2008-12-19,2.1,-3.3,644,8.9,1419,,,,,,,5.7,250,1356,3.9,270,1356,1.4,1172,20,-10.1,19,1429,42.3,2.9,1015.2,1024.2,738,1020.4,1636,1022.3,9.7,7.7,1200,1.88,10.49,,,,,,0,0,0,-11.9,,,,,,,,,,,,,,
143,대구,2008-12-20,4.2,-1,252,8,1343,8.33,,,,,2,5.1,250,1426,3.3,270,1431,1.2,1052,270,-1.4,46,845,67.5,5.7,1013.6,1023,2039,1019.3,910,1020.7,9.7,0,1300,.69,2.14,,,,,,8,4.1,3,-8.2,,,,,,,,,,,,,{비}0845-{비}{강도0}0900-0905. {비}0953-{비}{강도0}1200-1303. {박무}1035-{박무}{강도0}1200-{박무}{강도0}1500-1530. {연무}1520-{연무}{강도0}1800-1910. {박무}1905-{박무}{강도0}2100-{박무}{강도0}2400- {비}1910-{비}{강도0}2100-{비}{강도0}2400-,
143,대구,2008-12-21,2.8,1.4,928,5,27,14.12,,,,,8.5,4.7,320,1608,2.9,250,1916,1.3,1114,290,-1,62,2139,76.5,5.8,1014.9,1023.5,2400,1020.6,1401,1022,9.7,0,1300,.19,.93,,,,,,9.1,4.9,3.4,-4.2,,,,,,,,,,,,,-{비}-{비}{강도0}0300-{비}{강도0}0600-{진눈깨비}0840-{진눈깨비}{강도0}0900-{눈}0920-{진눈깨비}1020-{비}1035-1151. {비}1330-{비}{강도0}1500-1546. -{박무}-{박무}{강도0}0300-{박무}{강도0}0600-{박무}{강도0}0900-{박무}{강도0}1200-{박무}{강도0}1500-1620.,
143,대구,2008-12-22,-.4,-2.8,2305,2.7,1426,,,,,,,11.2,270,1144,5.8,290,1024,3.3,2861,290,-13,17,1314,39.9,2.3,1020,1029.6,2225,1023.4,2,1027.3,9.7,7.7,1200,1.87,10.42,,,,,,.5,.5,-.3,-8.1,,,,,,,,,,,,,,
143,대구,2008-12-23,.7,-3.3,218,5.7,1428,,,,,,,6.5,250,1512,3.8,270,1518,1.5,1303,290,-7.7,40,1706,53.6,3.5,1019.9,1029.1,944,1026,1635,1027.1,9.7,4.1,1300,1.71,7.78,,,,,,3,3,.1,-9.9,,,,,,,,,,,,,,
143,대구,2008-12-24,1.2,-1.9,730,5.2,1520,,,,,,,4,250,1421,2.5,250,1440,1,875,290,-4.5,49,1416,66.3,4.4,1014.2,1026.1,34,1017.6,2400,1021.4,9.7,1.7,1000,.84,4.67,,,,,,3.9,2.1,.5,-9.3,,,,,,,,,,,,,{연무}0935-{연무}{강도0}1200-{연무}{강도0}1500-{연무}{강도0}1800-{연무}{강도0}2100-{연무}{강도0}2400-,
143,대구,2008-12-25,1.7,-1.8,2359,5.8,1039,,,,,,,13,320,1133,7,270,1142,3,2558,270,-10.7,20,1140,43.9,3,1012.7,1026,2347,1015.1,456,1019.8,9.7,6.2,1200,1.86,9.32,,,,,,1.6,1.6,.2,-8.1,,,,,,,,,,,,,-{연무}-0130.  {박무}0120-{박무}{강도0}0300-{박무}{강도0}0600-0720.,
143,대구,2008-12-26,-1,-4.7,703,3.7,1515,,,,,,,8.5,290,1340,5.2,270,1252,3,2627,290,-19.2,14,1335,25.3,1.4,1020.6,1029.3,1023,1026,0,1027.9,9.7,7.9,1200,1.96,11.11,,,,,,1.1,0,-1.8,-10.8,,,,,,,,,,,,,,
143,대구,2008-12-27,.7,-4.4,816,6.3,1419,,,,,,,8.1,290,1522,4.5,290,1455,2.5,2123,270,-15.5,12,1333,30.8,2,1019.1,1028.1,243,1023.9,1605,1026.4,9.7,7.8,1200,1.91,10.76,,,,,,.8,0,-1.1,-10,,,,,,,,,,,,,,
143,대구,2008-12-28,2.8,-2.4,508,7.3,1436,,,,,,,5.3,250,1249,3.4,250,1257,1.3,1082,270,-6.5,34,1437,51.6,3.8,1016.2,1026.2,0,1021,1452,1023.4,9.7,5,1100,1.54,7.72,,,,,,4.9,2.3,1,-10.9,,,,,,,,,,,,,{연무}1340-{연무}{강도0}1500-1545.,
143,대구,2008-12-29,5,1.4,630,9.2,1427,,,,,,,11.5,320,1254,5.5,290,1302,2.3,1969,290,-4.2,37,1008,51.6,4.5,1012.5,1021.6,1,1017.8,1250,1019.5,9.8,4.2,1200,1.68,7.63,,,,,,7.5,6.1,3.7,-4.7,,,,,,,,,,,,,{연무}0915-1030.,
143,대구,2008-12-30,1.2,-2.2,2355,4.5,0,1.08,,,,,0,10.9,290,1445,5.8,270,1150,3.8,3326,290,-8.7,34,1402,47.8,3.2,1015.1,1024.8,2241,1019.6,134,1022.3,9.8,5.4,1200,1.62,8.91,,,,,,3.9,3.9,2.2,-6.3,,,,,,,,,,,,,{눈}0805-0840. {눈}1115-1145.,
143,대구,2008-12-31,-1.8,-5.2,731,2.7,1504,,,,,,,9.1,250,1519,4.9,270,1524,2.9,2531,290,-13.1,25,1550,43.1,2.2,1016.1,1025.8,900,1021.1,1554,1023.4,9.8,7.8,1200,1.91,10.84,,,,,,0,0,-1,-11.6,,,,,,,,,,,,,,
143,대구,2009-01-01,-2.6,-6.5,724,1.8,1445,,,,,,,11.2,290,412,5.1,270,1535,3.4,2920,270,-15.8,23,1502,36.4,1.8,1017,1027.1,2330,1021.8,142,1024.3,9.8,7.9,1200,1.91,11.03,,,,,,.6,.6,-1.8,-10.1,,,,,,,,,,,,,,
143,대구,2009-01-02,.3,-4.3,521,5.6,1523,,,,,,,6.5,320,17,3.5,270,1504,2.1,1833,270,-13.4,24,1435,36,2.2,1020.5,1029.3,932,1026.3,1449,1027.8,9.8,7.9,1200,1.94,11,,,,,,0,0,-1.2,-11.3,,,,,,,,,,,,,,
143,대구,2009-01-03,1.6,-5.5,749,8.6,1526,,,,,,,6,270,1638,3.3,290,1623,1.5,1318,270,-13.2,15,1324,36.5,2.2,1020.5,1030.1,926,1025.4,1436,1027.7,9.8,7.9,1200,1.9,10.79,,,,,,0,0,-.8,-13.8,,,,,,,,,,,,,,
143,대구,2009-01-04,1.8,-3.3,516,7.8,1429,,,,,,,5.4,270,1544,3.3,270,1305,1.3,1135,20,-12,17,1257,37.4,2.5,1018.1,1027.4,908,1023.3,1447,1025.3,9.8,2.3,1300,1.3,6.79,,,,,,2.9,.5,.8,-10.5,,,,,,,,,,,,,,
143,대구,2009-01-05,2.2,-.4,2329,6.4,1318,,,,,,,9.4,290,1656,5.3,320,1304,2.6,2222,290,-8.3,29,1342,46.1,3.3,1018.5,1028,2328,1023,1417,1025.6,9.8,7.7,1200,1.77,9.96,,,,,,.6,.5,.3,-8.9,,,,,,,,,,,,,,
143,대구,2009-01-06,1.6,-4.7,756,6.6,1413,,,,,,,6.2,270,27,3.8,270,30,1.7,1466,270,-11.4,20,1710,41.3,2.6,1020.1,1029.6,1000,1025.2,1450,1027.3,9.8,6.9,1100,1.74,9.52,,,,,,3.5,0,1,-12.1,,,,,,,,,,,,,,
143,대구,2009-01-07,2.5,-1.3,2344,7.9,1508,,,,,,,5.1,290,1136,2.9,250,1236,1.7,1476,270,-14.9,14,1513,27.4,1.9,1020.2,1028.9,943,1025.4,1445,1027.4,9.9,7.7,1200,1.77,9.91,,,,,,1.3,0,.9,-9.7,,,,,,,,,,,,,,
143,대구,2009-01-08,1.8,-4,804,8.8,1505,,,,,,,5.7,270,1356,3.7,270,1524,1.6,1389,270,-14,13,1506,32.8,2.1,1018.9,1028.8,824,1023.5,1524,1026.1,9.9,7.3,1300,1.7,9.55,,,,,,3,.3,.2,-11.6,,,,,,,,,,,,,,
143,대구,2009-01-09,.7,-1.6,2400,4.3,1239,,,,,,,12.3,320,1407,5.7,290,1415,3.1,2675,270,-13.5,23,131,34.9,2.2,1013.8,1024.6,19,1018.5,1449,1021,9.9,5.6,1200,1.61,8.72,,,,,,1.5,.4,-.2,-10.1,,,,,,,,,,,,,,
143,대구,2009-01-10,-2.6,-4.7,700,.9,1435,,,,,,,10.7,290,1257,5.6,290,1154,3.5,3042,290,-14.9,23,1422,39.3,2,1013.3,1022.3,2324,1019,1412,1020.6,9.9,7.9,1200,1.95,11.66,,,,,,.1,.1,-1.9,-9.9,,,,,,,,,,,,,,
143,대구,2009-01-11,-2.3,-5.3,755,2.8,1532,,,,,,,11.8,320,1642,6.4,290,1651,3.4,2899,270,-13.9,30,1557,40.8,2.1,1013.9,1023,959,1018.4,1518,1021.2,9.9,6.5,1200,1.83,9.54,,,,,,2,2,-1.7,-11.8,,,,,,,,,,,,,,
143,대구,2009-01-12,-3.4,-6.4,735,1.2,1430,,,,,,,12.1,320,1048,6.6,290,1444,4.4,3806,290,-15,28,1406,40.8,1.9,1017.7,1027.5,2343,1022,0,1025.1,9.9,7.5,1200,2.02,11.33,,,,,,1.6,1.6,-2.6,-9.9,,,,,,,,,,,,,,
143,대구,2009-01-13,-2.3,-6.5,557,2.6,1539,,,,,,,9.6,320,1430,4.7,290,1435,2.8,2376,290,-15.3,23,1544,37.6,1.9,1021.3,1030.5,1024,1026.7,1514,1028.6,10,8.3,1200,2.04,11.95,,,,,,.1,.1,-2.2,-12.2,,,,,,,,,,,,,,
143,대구,2009-01-14,-2.4,-6,2355,2.2,1322,2.5,,,,,.1,11.9,290,1340,6.7,290,1144,2.9,2487,290,-15.3,18,1337,39.8,2,1020.5,1032,2349,1025,552,1027.8,10,7.3,1200,2.02,11.26,.4,830,.4,830,.4,2.3,2.3,-1.5,-12.3,,,,,,,,,,,,,{눈}0620-0850.,
143,대구,2009-01-15,-3.3,-7.6,634,2.2,1430,,,,,,,8.1,290,1515,4.4,320,1516,2.5,2145,270,-20.9,10,1431,27.8,1.2,1023.8,1033,1013,1028.9,1535,1031.1,10,8.4,1200,2.07,12.28,,,,,,0,0,-2.9,-14.2,,,,,,,,,,,,,,
143,대구,2009-01-16,.1,-7.4,655,6.7,1511,,,,,,,5,270,1425,3.2,270,1430,1.2,1049,290,-10.6,30,1511,45.1,2.8,1021.7,1031.5,202,1025.8,1515,1028.9,10,8.2,1200,1.82,10.81,,,,,,2.3,2.3,-.3,-14.7,,,,,,,,,,,,,,
143,대구,2009-01-17,2.8,-3.4,714,8.8,1522,,,,,,,3.7,320,1441,2.2,70,2342,.9,759,20,-7.6,27,1458,48.8,3.5,1019.3,1029.4,918,1023.9,1558,1026.5,10,8.1,1200,1.69,9.74,,,,,,2.3,2.3,1.5,-11.6,,,,,,,,,,,,,,
143,대구,2009-01-18,2.7,-.6,458,6.3,1622,6,,,,,1.5,4.5,270,2340,2.8,270,2340,1.2,1027,70,-2,47,0,72,5.5,1010.4,1024.2,0,1013,1625,1017.5,10.1,.2,1300,.92,3.04,,,,,,7.6,4.9,1.5,-5.2,,,,,,,,,,,,,{비}0810-{비}{강도0}0900-{비}{강도0}1200-1340. {비}1450-{비}{강도0}1500-1520. {박무}1040-{박무}{강도0}1200-{박무}{강도0}1500-{박무}{강도0}1800-{박무}{강도0}2100-2320. {연무}2310-{연무}{강도0}2400-,
143,대구,2009-01-19,4.2,.9,724,7.8,1449,,,,,,,8.3,320,1328,4.8,290,1335,2.4,2087,270,-8.6,20,1142,40.6,3.3,1015,1024,954,1016.5,10,1022.1,10.1,8.1,1200,2.03,11.38,,,,,,1.8,.4,1.9,-7.7,,,,,,,,,,,,,-{연무}-{연무}{강도0}0300-{연무}{강도0}0600-{연무}{강도0}0900-1130.,
143,대구,2009-01-20,4,.4,845,8.4,1430,,,,,,,4.4,270,613,2.9,250,617,1.3,1086,250,-11.8,14,1611,32.9,2.5,1016.4,1025.1,1005,1021.4,1559,1023.5,10.1,2.8,1300,1.25,7.52,,,,,,6.6,1.6,2.8,-4.8,,,,,,,,,,,,,,
143,대구,2009-01-21,2.6,-.5,650,6.7,1513,,,,,,,3.4,290,1451,2,320,1458,.9,785,20,-7.9,30,1345,46.5,3.4,1013.8,1023.1,14,1018.8,1549,1020.9,10.1,0,1500,.57,3.5,,,,,,6.8,3.1,1.1,-8.4,,,,,,,,,,,,,,
143,대구,2009-01-22,2.8,-2.8,702,9.7,1539,,,,,,,4.3,250,1608,2.8,270,1615,1,876,20,-6,31,1539,54.5,3.9,1008.8,1020.1,0,1013.1,1510,1015.9,10.2,5.7,1200,1.4,8.39,,,,,,3.9,0,1.5,-9.8,,,,,,,,,,,,,{햇무리}1235-1420.,
143,대구,2009-01-23,-2.6,-8,2356,5.1,253,,,,,,,14.2,320,1359,7.7,320,1118,4.5,3862,290,-13.8,24,1359,42.6,2.3,1012.4,1026.7,2400,1013,100,1019.7,10.2,4.1,1400,1.71,8.66,,,,,,3.8,3.5,.4,-12,,,,,,,,,,,,,,
143,대구,2009-01-24,-4.2,-10.5,744,1.2,1335,,,,,,,10.2,340,1320,6.1,270,1644,2.8,2410,270,-15.4,22,1334,42,1.9,1013.8,1026.7,0,1017.3,1413,1021.1,10.2,7,1300,2.14,10.92,,,,,,3.4,2.9,-3.2,-16.5,,,,,,,,,,,,,,
143,대구,2009-01-25,-.7,-4.8,528,4.2,1454,1.42,,,,,0,7.5,250,1801,4.4,270,1803,2.1,1841,270,-10.6,27,1612,49,2.7,1013.7,1023.1,954,1018.7,1458,1020.9,10.2,8.1,1300,1.95,12.11,,,,,,2.8,2.8,.9,-12.1,,,,,,,,,,,,,{눈}0645-0810.,
143,대구,2009-01-26,-.1,-4.3,544,4.7,1407,.17,,,,,0,8.4,320,1427,4.9,290,1428,2,1727,290,-8,36,1341,55.5,3.4,1016.7,1027.5,2353,1021.5,359,1024,10.3,6.1,1300,1.89,9.58,,,,,,3.9,3.6,.7,-12.1,,,,,,,,,,,,,{눈}1520-1530.,
143,대구,2009-01-27,.2,-4.3,734,5.6,1547,,,,,,,4.9,270,1147,2.7,270,1241,1.3,1124,290,-11.6,22,1616,43.1,2.6,1022.4,1032.1,1006,1027.5,0,1029.6,10.3,9,1200,2.15,13.07,,,,,,0,0,.6,-14.5,,,,,,,,,,,,,,
143,대구,2009-01-28,1.4,-6.6,702,10,1514,,,,,,,3.3,270,1611,1.9,250,1508,1,893,50,-9.4,29,1251,46.6,3.1,1020.8,1030.7,1010,1025.4,1744,1028,10.3,9,1200,2.12,12.96,,,,,,0,0,1.6,-13.7,,,,,,,,,,,,,,
143,대구,2009-01-29,1.8,-2.2,645,5.1,1621,.83,,,,,0,4.5,90,1133,3.2,90,1139,.9,808,20,-5.9,46,1608,57.3,4,1016.7,1026.9,3,1021.5,2356,1023.9,10.4,0,1200,.43,2.55,,,,,,8.4,2.6,1.2,-9.6,,,,,,,,,,,,,{비}2310-{비}{강도0}2400-,
143,대구,2009-01-30,5.6,2.2,557,8.8,2138,16.33,,,,,5.5,4.2,290,2214,2.4,290,2257,1,825,270,2.3,60,0,80.3,7.3,1010.9,1021.5,0,1015.4,1505,1018,10.4,0,1300,.5,3.01,,,,,,9.8,6,5,1.6,,,,,,,,,,,,,-{비}-{비}{강도0}0300-{비}{강도0}0600-{비}{강도0}0900-{비}{강도0}1200-{비}{강도0}1500-1620. {박무}0030-{박무}{강도0}0300-{박무}{강도0}0600-{박무}{강도0}0900-{박무}{강도0}1200-{박무}{강도0}1500-{박무}{강도0}1800-{박무}{강도0}2100-2120.,
143,대구,2009-01-31,7.7,4.4,2337,11,1301,,,,,,,6.6,90,1540,4.4,140,1640,2.1,1851,110,-1,36,1417,54.8,5.7,1016.3,1028.3,2356,1017.4,0,1023.3,10.4,1.3,1200,1.32,6.84,,,,,,5.5,5.5,6.3,.9,,,,,,,,,,,,,,
143,대구,2009-02-01,4.8,-1,740,10.3,1532,,,,,,,4.4,110,1954,2.6,110,6,1.2,1075,50,-2.2,39,1354,62.4,5.2,1022.6,1031.9,804,1028,21,1029.7,10.4,7.7,1200,2.05,11.91,,,,,,2.8,0,4.5,-8.1,,,,,,,,,,,,,,
143,대구,2009-02-02,7.8,1.5,536,14.3,1539,,,,,,,5.7,230,1410,2.9,270,1418,1.2,1037,20,-.1,37,1513,59.4,6.1,1018.2,1029.1,0,1022.1,1605,1025.2,10.5,8.1,1200,2.07,11.95,,,,,,5,1.1,6.3,-4.5,,,,,,,,,,,,,{박무}0540-{박무}{강도0}0600-0740.,
143,대구,2009-02-03,8.4,6.2,603,11.9,1448,,,,,,,8.8,90,1817,5.2,90,1121,2.4,2074,110,1.4,45,1415,62.8,6.8,1014.8,1022.9,2324,1020.2,1602,1021.8,10.5,2.2,1000,1.54,8.3,,,,,,7,2.5,7.5,1.7,,,,,,,,,,,,,{연무}1115-{연무}{강도0}1200-1230.,
143,대구,2009-02-04,7.8,2.5,638,13.8,1457,,,,,,,5.1,290,1501,2.8,290,1505,1.2,1010,20,.7,33,1417,63.4,6.4,1014.3,1023.9,815,1018.7,1616,1021.3,10.5,6.2,1200,2.04,10.87,,,,,,4.3,2,7.4,-4.1,,,,,,,,,,,,,{박무}0220-{박무}{강도0}0300-{박무}{강도0}0600-{박무}{강도0}0900-1040. {연무}1140-{연무}{강도0}1200-1350.,
143,대구,2009-02-05,7.4,2.1,747,13,1324,,,,,,,10.4,320,1346,5.7,290,1351,2.1,1781,290,-3.1,18,1141,51.3,5,1014.4,1024.2,2352,1019.6,1335,1021.4,10.6,6.3,1300,2.34,11.87,,,,,,1.9,1.4,7.1,-7.1,,,,,,,,,,,,,,
143,대구,2009-02-06,6.3,.7,704,12.2,1526,,,,,,,3.5,320,44,2.2,340,1,1,904,20,-1.6,39,1528,58.1,5.4,1016.7,1026.6,810,1021.2,1839,1023.7,10.6,6.6,1300,1.7,10.09,,,,,,1.4,0,6.1,-7.1,,,,,,,,,,,,,{연무}0240-{연무}{강도0}0300-{연무}{강도0}0600-0650. {박무}0640-{박무}{강도0}0900-1020. {연무}1010-{연무}{강도0}1200-{연무}{강도0}1500-{연무}{강도0}1800-{연무}{강도0}2100-{연무}{강도0}2400-,
143,대구,2009-02-07,6.9,1.9,756,11.9,1404,,,,,,,8.5,270,1309,4.9,270,1436,1.9,1631,290,-2.2,32,1233,55.1,5.2,1014.9,1023.6,1003,1019.6,1642,1021.9,10.6,5.9,1300,1.76,10.46,,,,,,2.6,0,6.1,-5.7,,,,,,,,,,,,,-{연무}-{연무}{강도0}0300-{연무}{강도0}0600-0720. {박무}0715-0840. {연무}0835-{연무}{강도0}0900-{연무}{강도0}1200-{연무}{강도0}1500-{연무}{강도0}1800-{연무}{강도0}2100-{연무}{강도0}2400-,
143,대구,2009-02-08,7,1.6,729,12.7,1530,,,,,,,5.1,290,317,2.7,290,546,1.2,1024,290,-4.3,23,1550,46.9,4.5,1016.1,1026.5,852,1020.4,1659,1023.2,10.7,8.2,1200,2.21,13.12,,,,,,1.8,0,7.3,-5.9,,,,,,,,,,,,,-{연무}-{연무}{강도0}0300-{연무}{강도0}0600-{연무}{강도0}0900-{연무}{강도0}1200-1340.,
143,대구,2009-02-09,7.1,4.1,438,11.9,1452,,,,,,,10.7,320,1651,5.7,290,1700,2.3,1981,270,-6,22,1417,40.1,4,1009.1,1021.2,0,1012.4,1451,1016.1,10.7,3.7,1300,1.59,8.46,,,,,,4.9,1.5,7.6,-1.3,,,,,,,,,,,,,{연무}0740-{연무}{강도0}0900-{연무}{강도0}1200-1220.,
143,대구,2009-02-10,5.8,3,746,10.9,1546,,,,,,,8.1,250,1050,4.3,270,1118,2.7,2306,270,-3.9,32,1422,50.6,4.6,1008,1017.9,846,1012.5,1946,1015,10.7,9.3,1200,2.38,14.41,,,,,,.4,.4,7.4,-5.5,,,,,,,,,,,,,,
143,대구,2009-02-11,7.3,.2,553,15.7,1558,,,,,,,9.1,290,1624,4.9,290,1624,1.6,1385,290,-4.1,18,1559,47.9,4.6,1004.8,1014,2318,1008.7,1527,1011.7,10.8,7,1200,2.06,12.27,,,,,,.5,.3,7.1,-7.4,,,,,,,,,,,,,{연무}1015-{연무}{강도0}1200-{연무}{강도0}1500-1625.,
143,대구,2009-02-12,9.5,.6,656,16,2359,,,,,,,5.8,160,1656,3.1,160,1702,1.3,1134,50,-1.3,23,1655,49.3,5.9,1006.1,1017.2,926,1008.3,2357,1013,10.8,4.2,1100,1.94,10.4,,,,,,5.8,3,9.4,-7.3,,,,,,,,,,,,,{연무}0440-{연무}{강도0}0600-{연무}{강도0}0900-{연무}{강도0}1200-{연무}{강도0}1500-1640.,
143,대구,2009-02-13,17.3,13,2400,20.1,1407,10.92,,,,,4.5,10.9,270,1252,5.8,270,1449,3,2564,270,11.8,56,505,70.9,14,992.9,1008.3,0,994.2,1350,999.5,10.8,.2,1300,.64,2.33,,,,,,10,4.6,13.9,11.5,,,,,,,,,,,,,{비}0235-{비}{강도0}0300-{비}{강도0}0600-{비}{강도0}0900-1140. {박무}0740-{박무}{강도0}0900-0940. {비}1740-{비}{강도0}1800-1910. {비}2005-2025.,
143,대구,2009-02-14,10.9,6.8,720,16.1,1518,,,,,,,8.1,320,158,4.8,320,154,2.7,2328,290,-2,16,1633,44.1,5.5,1004.5,1014.3,2300,1001.7,0,1011.4,10.9,7.7,1200,2.27,13.96,,,,,,2.6,1.4,10.4,-.9,,,,,,,,,,,,,,
143,대구,2009-02-15,5.2,-.5,2359,9.7,0,.25,,,,,0,10.7,320,1655,5.4,290,1700,2.6,2250,290,-6.2,23,1858,45,4.2,1011.8,1023,2359,1014.2,0,1018.9,10.9,1.1,1000,1.19,4.67,,,,,,6.4,2,4.2,-3.9,,,,,,,,,,,,,{비}1235-1250.,
143,대구,2009-02-16,-1.3,-4.3,741,3.1,1540,,,,,,,13.2,290,1116,6.6,320,1146,4.1,3553,290,-21.3,10,1400,22.4,1.2,1020.3,1030.1,2204,1022.8,1,1027.6,10.9,9.5,1200,2.6,16.23,,,,,,3.1,.4,2.2,-7.8,,,,,,,,,,,,,,
143,대구,2009-02-17,-.5,-5.3,639,4.8,1456,,,,,,,7.9,250,1507,4.4,270,1510,2.6,2277,290,-21.3,9,1457,21.6,1.2,1022.2,1032.1,914,1027,2006,1029.5,11,10.3,1200,2.65,17.11,,,,,,1.5,0,3.1,-10.8,,,,,,,,,,,,,,
143,대구,2009-02-18,1.8,-2.3,606,6.6,1454,,,,,,,8.6,320,1340,4.5,270,1313,2.6,2284,290,-14.2,16,41,30.4,2.1,1019.8,1029,923,1025,1456,1027,11,9.5,1300,2.17,14.08,,,,,,2.3,0,3.9,-9.9,,,,,,,,,,,,,,
143,대구,2009-02-19,2.2,-.6,721,6.6,1443,7.83,,,,,2.5,5.4,270,1642,3.2,140,917,1.5,1324,250,-5.8,31,1306,58.9,4.2,1013.4,1027,143,1012.1,2357,1020.6,11,0,1000,1.04,5.18,,,,,,9,6.4,3.3,-5.7,,,,,,,,,,,,,{연무}1110-{연무}{강도0}1200-{연무}{강도0}1500-1715. {박무}1705-{박무}{강도0}1800-{박무}{강도0}2100-{박무}{강도0}2400- {비}1535-1555. {비}1630-{진눈깨비}1655-{진눈깨비}{강도0}1800-{진눈깨비}{강도0}2100-{진눈깨비}{강도0}2400-,
143,대구,2009-02-20,2.2,-2.5,2359,6.4,1125,4.58,,,,,.5,14.7,320,1413,8.3,290,1418,4,3427,270,-6.5,33,1211,55.3,4,1007.8,1021.6,2348,1010.2,351,1014.9,11.1,4.3,1500,1.6,10.21,,,,,,5,3.4,4,-5.4,,,,,,,,,,,,,-{박무}-{박무}{강도0}0300-{박무}{강도0}0600-{박무}{강도0}0900-0935. {연무}0925-1120. -{진눈깨비}-{진눈깨비}{강도0}0300-0350. {진눈깨비}0840-0855. {진눈깨비}0910-0940. {황사}1145-{황사}{강도0}1200-{황사}{강도0}1500-{황사}{강도0}1800-{황사}{강도0}2100-2245.,
143,대구,2009-02-21,1,-5.3,645,8.7,1543,,,,,,,7.7,320,0,3.9,290,26,1.6,1394,290,-12.8,11,1554,38,2.3,1013.7,1025,853,1017.8,2119,1020.8,11.1,10.1,1200,2.67,17.62,,,,,,.3,0,3.9,-13,,,,,,,,,,,,,,
143,대구,2009-02-22,2.6,.4,446,4.1,2359,12.5,,,,,12.5,3.9,320,2122,2.5,320,2120,.8,731,270,-1.9,39,0,73.5,5.5,1007.9,1019,128,1012,1728,1015,11.2,0,1100,.34,1.96,,,,,,7.9,5.1,1.9,-7.9,,,,,,,,,,,,,{비}0920-{비}{강도0}1200-{비}{강도0}1500-{비}{강도0}1800-{비}{강도0}2100-2150. {박무}1250-{박무}{강도0}1500-{박무}{강도0}1800-{박무}{강도0}2100-{박무}{강도0}2400-,
143,대구,2009-02-23,7.1,2.9,537,13.1,1432,,,,,,,7.9,90,1738,5.1,90,1714,2,1687,90,2.3,49,1425,73,7.2,1010.8,1020.1,2148,1013.3,13,1017.8,11.2,4.1,1200,2.24,12.24,,,,,,6.8,1.6,6.8,-1.2,,,,,,,,,,,,,-{박무}-{박무}{강도0}0300-{박무}{강도0}0600-0640. {박무}0840-{박무}{강도0}0900-1050. {연무}1040-1140.,
143,대구,2009-02-24,10.3,6,733,15.6,1553,1.25,,,,,.5,4.5,140,2244,2.9,140,2249,1.2,1039,290,2.7,34,1553,61.9,7.4,1009,1019.4,934,1012.9,2258,1015.9,11.2,4.6,1100,2.26,12.18,,,,,,7.5,3.8,9.6,.8,,,,,,,,,,,,,{비}2245-{비}{강도0}2400-,
143,대구,2009-02-25,9.7,5.4,2354,14.2,1430,5.83,,,,,3,8,320,1654,4.3,270,1532,2.3,1965,270,-.5,19,1844,53,6.3,1009.8,1020.9,2349,1012.6,54,1016.8,11.3,2.7,1100,1.95,10.54,,,,,,7.9,2.5,9,-1.8,,,,,,,,,,,,,-{비}-{비}{강도0}0300-0550. {박무}0020-{박무}{강도0}0300-{박무}{강도0}0600-{박무}{강도0}0900-0930.,
143,대구,2009-02-26,7.7,3.4,718,12,1506,,,,,,,6.2,290,319,3.5,270,516,2,1686,270,-6.1,16,1258,39.6,4.4,1014.8,1024.3,959,1019.7,1714,1021.8,11.3,5.1,1200,2.49,13.39,,,,,,7,4.1,8.3,-1.4,,,,,,,,,,,,,,
143,대구,2009-02-27,9.1,6.7,755,13.1,1518,1.5,,,,,0,6.1,250,1426,3.4,270,1427,1.8,1518,270,-11.2,10,1432,26,2.9,1012.9,1021.7,2320,1017.6,1448,1019.8,11.3,4.2,1100,2.02,11.33,,,,,,8.1,2.6,8.1,-.9,,,,,,,,,,,,,{비}0210-0255. {비}0335-0420. {햇무리}1220-1440.,
143,대구,2009-02-28,8.2,1.3,709,14.2,1419,,,,,,,6,160,1215,3.7,140,1217,1.4,1198,70,-3.3,16,1449,48.3,4.9,1016.1,1025,2249,1020.7,1649,1023.1,11.4,8.1,1200,2.42,15.3,,,,,,4.9,0,8.1,-6.8,,,,,,,,,,,,,,
143,대구,2009-03-01,8.4,3.3,655,14.4,1522,,,,,,,9.5,270,1559,5.1,290,1604,2.6,2255,290,-13.4,8,1549,22.1,2.2,1018.6,1027.7,849,1023.3,1705,1025.6,11.4,10.6,1200,2.74,18.29,,,,,,.6,0,8,-6.9,,,,,,,,,,,,,,
143,대구,2009-03-02,4.6,.3,649,7.7,1243,,,,,,,9.6,70,1351,5.8,90,1746,3,2584,90,-5.1,29,0,49.5,4.3,1020.5,1030.3,844,1026,2347,1027.6,11.4,.8,1100,2.05,9.16,,,,,,6.6,4.3,5.8,-6.5,,,,,,,,,,,,,{연무}0930-1140.,
143,대구,2009-03-03,3.9,2.3,807,5.7,1821,11.83,,,,,2,6,320,1827,3.4,270,1839,1.9,1658,290,.1,47,43,76.6,6.2,1013.4,1026.2,0,1018.1,1439,1020.5,11.5,0,1300,.65,3.69,,,,,,9.5,6,5.3,-.3,,,,,,,,,,,,,{비}0345-{비}{강도0}0600-{비}{강도0}0900-{비}{강도0}1200-1450. {비}1525-1610. {박무}0715-{박무}{강도0}0900-{박무}{강도0}1200-{박무}{강도0}1500-1730.,
143,대구,2009-03-04,6.9,2.5,752,12.7,1551,,,,,,,5.2,270,322,3.3,270,325,1.6,1384,270,-.5,30,1613,60.9,5.9,1013.5,1022.5,2259,1018.4,1550,1020.5,11.5,6.8,1300,2.52,15.3,,,,,,5.9,2.9,7.8,-1,,,,,,,,,,,,,{박무}0620-{박무}{강도0}0900-0915. {연무}0910-{연무}{강도0}1200-1240.,
143,대구,2009-03-05,7.6,3,544,13.1,1441,8.83,,,,,3,6.7,70,1522,4.2,110,1534,1.8,1521,90,3.3,39,1510,76.4,7.8,1009.5,1022.7,52,1012.1,2338,1016.5,11.6,.1,1100,1.35,7.06,,,,,,9.1,5.1,8.1,-1.5,,,,,,,,,,,,,{비}1510-{비}{강도0}1800-{비}{강도0}2100-{비}{강도0}2400- {박무}2340-{박무}{강도0}2400-,
143,대구,2009-03-06,6.3,1.3,2352,10.7,1424,.67,,,,,.2,13.7,320,1231,7.1,270,1458,4.2,3651,270,-6.6,15,1656,44.5,4.3,1009.2,1023,2344,1011.8,33,1016.2,11.6,8,1400,2.49,16.18,,,,,,4,2.9,6.9,-2.7,,,,,,,,,,,,,-{박무}-0130. -{비}-0040. {연무}1140-{연무}{강도0}1200-1240.,
143,대구,2009-03-07,5.1,-1,637,11.5,1455,,,,,,,8.7,270,1248,5.1,270,141,2.4,2066,270,-12.4,13,1409,29.5,2.4,1016.7,1027,1034,1020.7,1750,1023.8,11.6,7.8,1200,2.85,17.91,,,,,,4.3,0,5.8,-7.1,,,,,,,,,,,,,,
143,대구,2009-03-08,9.4,2.8,723,16.6,1555,,,,,,,5.9,270,1636,3.7,270,1637,1.2,1047,270,-9.1,10,1602,29,3.1,1012.8,1022.8,21,1016,1706,1019.7,11.7,9.2,1200,2.68,17.28,,,,,,5.1,0,9.5,-2.7,,,,,,,,,,,,,,
143,대구,2009-03-09,10.3,4.6,554,17.1,1618,,,,,,,5.1,270,1336,3.4,270,1631,1.4,1179,270,-6.5,14,1412,33.4,3.9,1010.8,1020.3,223,1015,1707,1017.7,11.7,5.3,1400,2.12,13.22,,,,,,3.6,0,10.2,-2.5,,,,,,,,,,,,,,
143,대구,2009-03-10,9.2,4.9,652,15.1,1509,,,,,,,9.2,290,1028,4.8,270,1245,3.1,2686,270,-11.1,8,1510,29.1,3.1,1013.3,1022.2,914,1017.5,0,1020.2,11.7,8.8,1200,2.99,19.29,,,,,,3.1,0,9.8,-.8,,,,,,,,,,,,,,
143,대구,2009-03-11,7.1,3.2,652,13.2,1558,,,,,,,6.8,250,1450,4.1,270,1457,2,1727,270,-13.9,8,1510,22.4,2.1,1018.4,1028.9,2354,1021.5,32,1025.5,11.8,6.5,1300,2.3,15.17,,,,,,5,.6,9.3,-5.6,,,,,,,,,,,,,{햇무리}1515-1550.,
143,대구,2009-03-12,8.5,-.3,655,15.6,1555,,,,,,,6.8,200,1604,3.8,90,906,2,1686,90,-6.1,22,1343,35.9,3.9,1018.8,1031.3,803,1021,2355,1025.8,11.8,6.6,1200,2.41,14.46,,,,,,7.4,3.1,9.6,-7.2,,,,,,,,,,,,,,
143,대구,2009-03-13,7.4,1.4,2358,10.5,45,13.92,,,,,7,14.3,270,1959,7.6,270,1951,3.4,2953,290,1.2,28,59,67.3,7.2,1003.6,1021,0,1005.2,1136,1010.6,11.9,0,1400,.4,1.95,,,,,,10,7,7.7,.6,,,,,,,,,,,,,{비}0055-{비}{강도0}0300-{비}{강도0}0600-{비}{강도0}0900-{이슬비}1120-{이슬비}{강도0}1200-1450.,
143,대구,2009-03-14,2.7,-2,644,8.2,1457,,,,,,,15,290,148,7.1,290,1427,4.9,4239,290,-12.9,17,1537,31.5,2.3,1011.2,1021.6,2255,1014.3,20,1018.4,11.9,10.9,1200,2.97,21.23,,,,,,.5,.5,3.1,-4.2,,,,,,,,,,,,,,
143,대구,2009-03-15,7.5,-.7,656,15.3,1604,,,,,,,8.7,270,1741,4,270,1054,2,1732,270,-8.4,15,1246,35,3.4,1009.8,1021.5,0,1012.3,1620,1016.7,11.9,10.8,1200,3.17,21.07,,,,,,.3,.3,7,-8.6,,,,,,,,,,,,,,
143,대구,2009-03-16,13.3,6,638,20.3,1548,,,,,,,13.2,250,1552,6.7,250,1558,2.3,2004,270,-1.3,17,1555,39.1,5.6,1005.7,1015,854,1009.4,1623,1012.5,12,5.7,1200,2.43,14.76,,,,,,1.8,1.4,11.8,-.5,,,,,,,,,,,,,{황사}1050-{황사}{강도0}1200-{황사}{강도0}1500-{황사}{강도0}1800-{황사}{강도0}2100-{황사}{강도0}2400-,
143,대구,2009-03-17,15,6.7,731,23.3,1556,,,,,,,10.2,270,1501,4.2,250,1507,1.4,1169,20,-3.4,10,1521,31.3,4.9,1007.1,1016.5,830,1010.9,1550,1013.8,12,9.7,1200,2.62,18.57,,,,,,0,0,14,-1.8,,,,,,,,,,,,,-{황사}-{황사}{강도0}0300-{황사}{강도0}0600-{황사}{강도0}0900-{황사}{강도0}1200-{황사}{강도0}1500-{황사}{강도0}1800-{황사}{강도0}2100-{황사}{강도0}2400-,
143,대구,2009-03-18,17.1,11.8,117,22.3,1509,,,,,,,10.6,270,1454,4.8,270,1538,1.5,1279,270,10.1,49,1510,64.3,12.5,1007,1014.8,822,1012.6,1429,1013.7,12,3.2,1400,1.78,8.93,,,,,,4.5,4.5,17.8,4,,,,,,,,,,,,,-{황사}-0230.,
143,대구,2009-03-19,19.5,12.5,2355,26.6,1530,.33,,,,,0,10.2,90,2354,6.2,140,2329,1.8,1598,270,11.9,37,1339,63.9,14,1003.8,1013.7,0,1006.6,1619,1010.5,12.1,8.8,1200,2.56,17.26,,,,,,5.8,4.5,21.2,7,,,,,,,,,,,,,{연무}0920-1115. {비}2340-{비}{강도0}2400-,
143,대구,2009-03-20,10.7,7.7,2352,15.5,1548,.67,,,,,0,12.3,110,112,7.2,110,114,4.6,3951,110,1.4,34,1548,54.1,6.8,1012.2,1021.5,1024,1012,0,1019.1,12.1,5.6,1400,2.54,15.03,,,,,,4.5,3.8,16.8,5.4,,,,,,,,,,,,,-{비}-0030. {비}0120-0130.,
143,대구,2009-03-21,12.3,3.6,556,19.3,1610,4.42,,,,,5.5,6.8,140,2,3.9,110,5,1.7,1436,110,4.8,29,1334,63.8,9,1005.5,1021.3,104,999.9,2400,1012.3,12.2,5.8,1100,2.72,15.03,,,,,,5.5,2.3,14.8,-1.1,,,,,,,,,,,,,{비}1935-{비}{강도0}2100-{비}{강도1}2400-,
143,대구,2009-03-22,14.4,9.7,2352,17.5,1451,3.17,,,,,1.5,9.8,290,1658,5.3,290,1701,2.8,2457,290,8.6,47,1731,69.5,11.6,995.4,1012.5,2357,994.8,401,1002.1,12.2,2.7,1400,1.67,8.28,,,,,,6.3,3.9,14.7,3.8,,,,,,,,,,,,,-{비}-{비}{강도0}0300-0310.,
143,대구,2009-03-23,9.7,5,634,14.9,1550,,,,,,,8,320,2323,4.6,290,2328,2.3,2010,290,-3.8,17,1610,41.5,4.8,1009.5,1018.6,946,1012.5,0,1016.4,12.3,7.9,1200,2.95,18.2,,,,,,3.9,.3,10.8,-.9,,,,,,,,,,,,,{햇무리}1415-1530.,
143,대구,2009-03-24,7.2,2.7,632,12.3,1555,.08,,,,,0,9.3,320,2329,4.8,320,2356,2.8,2445,290,-11.7,12,1230,27.4,2.6,1010.7,1020.5,916,1014.5,1805,1017.7,12.3,8.8,1100,2.99,19.26,,,,,,3.8,.6,10.6,-4.1,,,,,,,,,,,,,{햇무리}1220-1250. {진눈깨비}2355-{진눈깨비}{강도0}2400-,
143,대구,2009-03-25,5.1,1.1,704,9.8,1534,.42,,,,,0,10.8,320,1129,6.2,290,1414,3.9,3382,290,-12.7,12,1408,30.9,2.5,1010,1018.9,952,1014.6,1513,1017,12.3,10.6,1200,3.31,23.49,,,,,,1.3,.8,11,-1,,,,,,,,,,,,,-{진눈깨비}-0025.,
143,대구,2009-03-26,7.4,.3,528,14.8,1524,,,,,,,13.6,290,1634,6.6,270,1641,3.1,2709,270,-7.7,17,1354,34.9,3.5,1010.8,1020.3,2342,1014.3,1519,1017.8,12.4,8.9,1100,2.97,19.48,,,,,,1.6,1.6,10.2,-7.9,,,,,,,,,,,,,,
143,대구,2009-03-27,7.4,2.2,618,13.2,1545,,,,,,,9.8,290,2257,5.5,270,58,3.3,2869,290,-12.6,12,1515,24.8,2.4,1015.4,1024.4,910,1020.3,0,1022.4,12.4,11,1200,3.27,23.43,,,,,,2,0,12.9,-3.6,,,,,,,,,,,,,{채운}1710-1725.,
143,대구,2009-03-28,8.3,3.5,648,14.5,1500,,,,,,,7.6,160,2104,4.6,140,2109,2.6,2269,270,-10.7,11,1407,27,2.8,1014.5,1023.6,20,1018.5,1643,1021.5,12.4,9.8,1200,3.24,23.12,,,,,,3.9,0,14.8,1,,,,,,,,,,,,,,
143,대구,2009-03-29,7.1,3.3,627,10.9,1503,,,,,,,10.6,70,1818,6.5,90,1821,3.7,3219,90,-1.4,41,0,55.1,5.5,1017.6,1027.8,2309,1022.3,335,1024.6,12.5,6.9,1100,2.51,18.03,,,,,,7.3,2.1,13.2,-2.6,,,,,,,,,,,,,,
143,대구,2009-03-30,9.6,5.7,454,14.6,1445,,,,,,,7.2,90,1725,4.7,90,1822,2.3,1994,90,-1.2,25,1452,48.8,5.7,1018.5,1028.3,919,1022.2,1638,1025.5,12.5,4.9,1100,3.03,17.7,,,,,,8.1,7.6,16,3.4,,,,,,,,,,,,,,
143,대구,2009-03-31,9.6,6.3,2356,13.5,1350,.75,,,,,0,8.3,290,2204,4.8,290,1533,2.9,2467,290,-2,27,1616,45.6,5.4,1014.6,1024,0,1019.5,1904,1021.6,12.5,7.3,1200,3.25,20.37,,,,,,6.6,6.1,16.3,1.9,,,,,,,,,,,,,{비}0640-0725.,
143,대구,2009-04-01,6.8,3.2,556,11,1320,,,,,,,11.7,270,1117,5.8,290,1024,3.4,2910,290,-5,27,1624,43.5,4.2,1014.8,1024.3,2357,1019.5,1448,1021.8,12.6,5.6,1300,1.76,13.67,,,,,,3.5,3.5,10.1,-3,,,,,,,,,,,,,{연무}0520-{연무}{강도0}0600-0840. {연무}2330-{연무}{강도0}2400-,
143,대구,2009-04-02,10.5,3.3,619,17.5,1548,,,,,,,7.8,320,1131,4.5,270,1111,2.4,2074,270,-6.4,14,1550,33.5,3.9,1017.4,1027,746,1021.5,1605,1024.4,12.6,11.2,1200,3.27,23.67,,,,,,1.5,0,15.2,-5.4,,,,,,,,,,,,,-{연무}-{연무}{강도0}0300-0540.,
143,대구,2009-04-03,13.2,8.3,615,19,1436,,,,,,,7.7,270,1512,4.7,270,1515,2.2,1937,270,-6.9,11,1356,26.1,3.7,1013.8,1024.2,28,1017.4,1611,1020.7,12.7,4.8,1300,2.61,17.41,,,,,,7.1,4,18.5,3.8,,,,,,,,,,,,,,
143,대구,2009-04-04,12.6,10,601,17.3,1439,,,,,,,12.7,320,1447,6.1,320,1452,3,2613,290,-5.3,13,901,29.8,4.3,1011.1,1019.8,920,1016,1447,1018,12.7,8.7,1200,3.24,21.88,,,,,,5.4,1,18.4,5.6,,,,,,,,,,,,,,
143,대구,2009-04-05,14.3,8.8,541,21,1439,,,,,,,7.3,290,1533,3.9,290,1533,2.5,2129,270,-1.6,16,1534,36.1,5.5,1009.2,1018.3,830,1012.6,1657,1015.9,12.7,10.6,1200,3.08,22.11,,,,,,1.3,0,19,1.3,,,,,,,,,,,,,{연무}0530-{연무}{강도0}0600-{연무}{강도0}0900-1030.,
143,대구,2009-04-06,15.1,7.2,540,21.7,1447,,,,,,,11.6,320,1252,5.3,290,1207,2.6,2210,270,-5,14,1337,26.5,4.2,1006.6,1015.9,0,1009.9,1559,1013.3,12.8,11.6,1100,3.1,23.02,,,,,,.6,.4,18.7,-2.4,,,,,,,,,,,,,{연무}2030-{연무}{강도0}2100-{연무}{강도0}2400-,
143,대구,2009-04-07,16.8,7.7,634,25.6,1454,,,,,,,9.3,290,1320,5.2,320,1543,2.3,1965,290,-2.9,9,1418,30.5,5.2,1009.3,1018.4,2355,1013.7,1635,1016,12.8,11.4,1200,3.21,23.29,,,,,,1.3,0,20.6,-1.6,,,,,,,,,,,,,-{연무}-{연무}{강도0}0300-0520. {연무}0930-{연무}{강도0}1200-1240.,
143,대구,2009-04-08,17.3,9.5,706,26.2,1534,,,,,,,8.5,70,1820,5,90,1754,2.2,1894,90,1.8,11,1349,40.6,7.1,1013,1022.3,2351,1016.7,1612,1019.8,12.8,9.6,1200,3.03,21.44,,,,,,2,0,21.9,3.3,,,,,,,,,,,,,{연무}0530-{연무}{강도0}0600-{연무}{강도0}0900-{연무}{강도0}1200-1330.,
143,대구,2009-04-09,18.7,9.2,616,27.8,1538,,,,,,,6.1,160,1923,3.3,160,1924,1.4,1242,70,-1.3,8,1634,33,5.9,1014.6,1023.9,818,1018.2,1707,1021.4,12.9,11.1,1200,3.13,22.81,,,,,,0,0,22.9,3.3,,,,,,,,,,,,,{연무}0940-{연무}{강도0}1200-1240.,
143,대구,2009-04-10,20.7,11.7,544,28.8,1526,,,,,,,6.7,270,1323,3.5,270,1324,1.5,1276,250,-2.6,9,1320,23.4,5.1,1013.2,1022.8,805,1016.5,1651,1019.8,12.9,11.3,1200,3.1,23.19,,,,,,0,0,23.8,2.1,,,,,,,,,,,,,,
143,대구,2009-04-11,19.3,12.2,615,28.3,1354,,,,,,,7.9,110,1538,5,110,1543,2.2,1916,110,.3,12,1209,31,6.3,1011.7,1021,753,1015.3,1711,1018.4,13,10.6,1200,3.12,21.76,,,,,,.3,0,23.1,2.6,,,,,,,,,,,,,{연무}1640-{연무}{강도0}1800-{연무}{강도0}2100-{연무}{강도0}2400-,
143,대구,2009-04-12,18.7,10.4,551,26.3,1551,,,,,,,7.7,320,1823,3.9,320,1827,2,1698,290,.8,13,1645,35.6,6.7,1006.9,1018.1,0,1009.4,1706,1013.6,13,10.1,1200,3.09,20.99,,,,,,3.3,0,22.8,7.2,,,,,,,,,,,,,-{연무}-{연무}{강도0}0300-0530. {연무}0820-{연무}{강도0}0900-{연무}{강도0}1200-1225.,
143,대구,2009-04-13,19.5,13,600,24,1440,.42,0,,0,,0,6.7,250,1348,4.1,270,1251,1.6,1410,250,3.4,19,1135,36.9,8.1,1000.8,1011.9,0,1004.4,1552,1007.4,13,3,1100,2.43,13.86,,,,,,7.8,3.3,20.7,4.3,,,,,,,,,,,,,{햇무리}1110-1310. {연무}1110-{연무}{강도0}1200-1320. {비}2335-{비}{강도0}2400-,
143,대구,2009-04-14,15.1,9.9,2358,18.8,0,1.42,0,,0,,0,9.6,140,726,5.3,90,733,2.7,2314,110,6,37,1651,55.9,9.5,999.2,1008,2355,1003.5,214,1006,13.1,1.8,1100,1.74,9.33,,,,,,6.8,3.4,15.9,6.6,,,,,,,,,,,,,-{비}-0055. {비}0125-0135. {비}0555-{비}{강도0}0600-0610. {비}0635-0640. {박무}0640-0720.,
143,대구,2009-04-15,14.2,8.6,311,21.8,1259,3,.5,1606,1,1526,1,9.3,270,1522,4.8,270,1152,1.9,1643,270,6.5,24,1434,61.8,9.7,1000.4,1009.7,2324,1004.1,1508,1007.1,13.1,4.7,1100,2.46,12.65,,,,,,6.6,3.1,16.9,2,,,,,,,,,,,,,{연무}0940-1130. {비}1430-1440. {비}1520-{비}{강도0}1800-1810.,
143,대구,2009-04-16,11.1,10,546,12.3,6,,,,,,,10.1,70,642,6,90,641,3.3,2815,90,5.2,62,1300,67.4,8.9,1005.6,1013.8,944,1009.6,4,1012.5,13.1,0,1300,.6,4.19,,,,,,9,6.9,12.2,6.1,,,,,,,,,,,,,,
143,대구,2009-04-17,15.8,8.3,509,23.6,1625,,,,,,,6.3,290,1237,2.9,270,1708,1.4,1221,140,1.3,10,1626,44.4,7,1007.7,1016.8,937,1011.6,1705,1014.4,13.2,11.7,1200,3.38,25.91,,,,,,.9,.9,22,3.2,,,,,,,,,,,,,,
143,대구,2009-04-18,20.3,10.6,512,29.7,1527,,,,,,,7.9,290,1459,4.5,270,1406,1.8,1584,270,-.3,10,1528,33.3,6.3,1008,1016.4,837,1012.4,1546,1014.7,13.2,11.8,1200,3.37,25.51,,,,,,.6,0,24.2,2.4,,,,,,,,,,,,,,
143,대구,2009-04-19,20.1,12.5,549,29.6,1454,,,,,,,8.5,140,2300,5.6,140,2353,2.7,2330,110,4.6,14,1439,41.4,8.8,1007.3,1016.7,308,1010.6,1538,1013.9,13.2,9.7,1200,3.11,22.07,,,,,,4.6,0,24.6,5.7,,,,,,,,,,,,,,
143,대구,2009-04-20,15,13.7,1012,16,0,14,1,1002,2.5,1906,11.5,11.1,110,1236,6.2,110,1224,3.6,3103,110,11.4,67,823,79.8,13.6,996,1013.2,0,994.5,2227,1002.8,13.3,0,1300,.54,3.11,,,,,,10,6,15.2,10.7,,,,,,,,,,,,,{연무}0520-{연무}{강도0}0600-0855. {박무}0845-{박무}{강도0}0900-{박무}{강도0}1200-{박무}{강도0}1500-{박무}{강도0}1800-{박무}{강도0}2100-{박무}{강도0}2400- {비}0820-{비}{강도0}0900-{비}{강도0}1200-{비}{강도0}1500-{비}{강도0}1800-{비}{강도0}2100-2220.,
143,대구,2009-04-21,14.9,12.9,2201,18.8,1405,,,,,,,12.5,290,1735,6.7,270,2335,4.2,3589,270,4,31,1611,49.6,8.4,995.5,1007.3,2358,994.6,0,1002.2,13.3,5.1,1500,2.11,17.04,,,,,,6.4,6.4,14.7,8.5,,,,,,,,,,,,,-{박무}-0130.,
143,대구,2009-04-22,16,11.2,2359,22.5,1450,,,,,,,17.1,270,1126,9,270,1233,4.5,3918,270,-2.7,12,1428,31.1,5.2,1003.9,1016.6,2351,1007.3,0,1010.7,13.4,12.4,1200,3.54,27.02,,,,,,.4,.4,19.7,4.9,,,,,,,,,,,,,,
143,대구,2009-04-23,13.8,8.7,447,21.7,1527,,,,,,,9.9,110,1907,6.5,90,1942,3.1,2657,90,2.2,24,1246,47.9,7.2,1012.2,1021.3,2155,1016.4,1620,1019.1,13.4,11.1,1200,3.43,24.29,,,,,,3.5,0,21.5,1.1,,,,,,,,,,,,,{채운}1725-1735.,
143,대구,2009-04-24,13.5,11.4,543,17.2,1500,5.58,.5,2055,2.5,2319,3,10.2,140,1307,5.8,110,1314,3,2579,90,6.9,50,1126,65.6,10,1009.4,1020.9,41,1010.4,2320,1016.2,13.4,.2,1300,2.01,8.47,,,,,,10,5.4,16.5,0,,,,,,,,,,,,,{비}1040-1050. {비}1125-{비}{강도0}1200-1230. {비}1730-1755. {비}2005-{비}{강도0}2100-{비}{강도0}2400-,
143,대구,2009-04-25,12.6,9.7,1935,18.6,1215,8.42,.5,20,2.5,0,3.5,13.4,320,1351,7.7,320,1354,3.2,2730,270,5.4,40,1523,64.1,9.3,998.7,1010.6,0,1003,1236,1005.5,13.5,4.9,1300,3.27,18.5,,,,,,8.3,6.6,16.7,6.9,,,,,,,,,,,,,-{비}-{비}{강도0}0300-{비}{강도0}0600-0620. {박무}0330-{박무}{강도0}0600-{박무}{강도0}0900-0940. {황사}1140-{황사}{강도0}1200-1420. {비}1805-2010.,
143,대구,2009-04-26,12.2,9.1,302,17.1,1402,4.33,1,2251,1.4,2201,1.5,10,290,148,5.4,270,324,2.9,2499,290,1.8,30,1231,51.3,7,1003,1012.1,2346,1006.8,2,1009.8,13.5,6,1100,3.21,18.69,,,,,,8.3,6.6,16,6.1,,,,,,,,,,,,,{비}1940-{비}{강도0}2100-{비}{강도0}2400-,
143,대구,2009-04-27,13,8.5,515,18.7,1411,1.42,.3,1424,.3,1420,.3,10.3,340,1427,5.3,340,1432,2.5,2117,270,2,18,1424,50.6,7.2,1005.9,1015.5,2336,1010.5,1602,1012.8,13.5,8.1,1100,3.13,20,,,,,,5.3,4.8,14.4,2.4,,,,,,,,,,,,,-{비}-0025. {비}0105-0120. {소나기}1420-{소나기}{강도0}1500-1505.,
143,대구,2009-04-28,15.2,8,542,23.5,1400,1.75,.5,1852,.5,1810,.5,9.7,90,1705,6.3,90,1705,2.2,1936,290,.3,14,1342,40.3,6.3,1011.9,1022.8,2356,1015.5,0,1018.7,13.6,9.5,1200,3.41,23,,,,,,2.1,2.1,17.2,.4,,,,,,,,,,,,,{비}1810-1945. {비}2010-2020.,
143,대구,2009-04-29,17.2,7.6,554,25.4,1418,,,,,,,7.7,290,1252,4.2,160,1935,1.6,1418,20,-.7,12,1617,35.6,6,1015.7,1024.9,744,1019.7,1649,1022.5,13.6,12.2,1200,3.36,25.8,,,,,,0,0,23.6,.6,,,,,,,,,,,,,,
143,대구,2009-04-30,18.9,9.9,542,26.2,1633,,,,,,,7.5,270,1554,4,270,1337,1.4,1252,250,-2.4,10,1516,27.1,5.2,1016.1,1025.4,822,1019.6,1710,1022.8,13.6,10.5,1200,3,23.97,,,,,,3,0,26.5,2.3,,,,,,,,,,,,,,
143,대구,2009-05-01,19.8,12.5,534,26.8,1502,,,,,,,6.1,250,1353,3.1,270,1029,1.6,1421,270,.6,14,1503,30.4,6.5,1015.8,1025.3,733,1019.6,1551,1022.6,13.6,11.3,1200,3.18,23.91,,,,,,1.1,0,26.6,3.8,,,,,,,,,,,,,,
143,대구,2009-05-02,18.5,14.4,625,25.4,1331,6.83,1,1852,1.5,1833,4,10.7,270,1126,5.2,250,1135,1.9,1651,230,10.8,34,1332,63.6,13.1,1012.5,1021.9,0,1015.8,1622,1019.2,13.7,4.6,1100,3.23,16.81,,,,,,8.6,4,21,9.1,,,,,,,,,,,,,{비}1640-{비}{강도0}1800-{비}{강도0}2100-2330.,
143,대구,2009-05-03,19.2,15.2,616,25,1615,5.67,1,458,2,408,3,6,250,1420,3.4,270,1221,1.5,1254,250,11.7,31,1617,65.4,13.9,1011.5,1020.4,933,1015.4,1825,1018.3,13.7,6.1,1400,2.87,18.76,,,,,,5.6,3.5,22.1,10.7,,,,,,,,,,,,,{비}0150-{비}{강도0}0300-{비}{강도0}0600-0730. {박무}0530-{박무}{강도0}0600-{박무}{강도0}0900-0940.,
143,대구,2009-05-04,21.4,14.1,527,28.9,1621,,,,,,,7.5,340,1158,4.4,320,1211,2.2,1901,290,5.6,14,1457,44.9,9.7,1008.8,1018,640,1012.3,1620,1015.5,13.8,12.1,1200,3.42,26.57,,,,,,.4,0,26.4,7.8,,,,,,,,,,,,,,
143,대구,2009-05-05,22.1,15,450,30.1,1341,,,,,,,8,110,1731,4.6,110,1533,1.8,1577,320,4.7,14,1559,38,9,1007.4,1015.5,814,1010.8,1613,1014,13.8,8.7,1100,3.3,20.88,,,,,,2.4,2.4,27.8,7.9,,,,,,,,,,,,,,
143,대구,2009-05-06,21.1,13.1,537,30.5,1437,.42,0,,0,,0,8.1,90,1635,5.2,90,1706,2.2,1901,90,4.2,9,1522,36.6,8.3,1006.8,1016,713,1010.6,1626,1013.4,13.8,9.2,1200,3.27,22.02,,,,,,1.6,1.6,28.4,7,,,,,,,,,,,,,{달무리}0050-0120. {소나기}1520-1545. {천둥}{강도0}(SW)1515-1535.,
143,대구,2009-05-07,22.2,12.5,544,31,1526,,,,,,,9.8,320,1635,5.1,290,1552,2.3,1999,290,2.8,10,1751,35.4,7.8,1001.9,1012.5,0,1004.8,1613,1008.5,13.8,10.9,1200,3.29,25.09,,,,,,.6,.4,29.6,7.3,,,,,,,,,,,,,,
143,대구,2009-05-08,24.2,19,511,32.3,1622,,,,,,,8.4,140,1733,5,140,1741,2.5,2169,270,4.5,14,1658,29.3,8.4,1002.2,1010.9,2353,1006.8,1635,1008.7,13.9,11.4,1200,3.07,23.66,,,,,,0,0,30.4,10.5,,,,,,,,,,,,,,
143,대구,2009-05-09,25.6,16.8,430,34.4,1557,,,,,,,7,270,2055,4,270,2102,1.8,1591,250,3.4,9,1641,27.6,7.9,1003,1011.2,553,1006.2,1639,1009.5,13.9,10.7,1100,3.24,24.77,,,,,,2.3,0,31.6,9,,,,,,,,,,,,,{연무}0240-{연무}{강도0}0300-0440.,
143,대구,2009-05-10,23.8,17.4,517,33.2,1424,,,,,,,9,110,2101,5.2,140,2050,2.3,1947,140,1.8,6,1432,30.3,7.6,1005.3,1013.9,741,1008.8,1703,1011.9,13.9,12.5,1200,3.52,27.96,,,,,,3.9,0,32.5,7.5,,,,,,,,,,,,,{달무리}0050-0130.,
143,대구,2009-05-11,22.1,14.1,457,30.3,1314,,,,,,,7.5,160,1534,3.9,160,1539,2,1726,110,10.1,18,1340,51.3,12.5,1004.6,1013.8,720,1008.2,1649,1011.2,14,7.5,1200,3.55,21.46,,,,,,4.5,2.3,27,9.3,,,,,,,,,,,,,{박무}0630-0740. {연무}0730-{연무}{강도0}0900-1040.,
143,대구,2009-05-12,20.1,17.3,749,22.9,1634,4.08,2.5,739,4.5,618,8,7.6,290,1830,4.2,320,1834,2.1,1803,270,15.1,55,10,73.6,17.3,1000.8,1010.7,0,1005,1505,1007.4,14,0,1400,.86,4.86,,,,,,8.6,5.3,20.2,13.9,,,,,,,,,,,,,{비}0455-0540. {비}0610-{비}{강도0}0900-0930. {박무}0620-{박무}{강도0}0900-{박무}{강도0}1200-1430.,
143,대구,2009-05-13,21.4,16.9,524,27.6,1556,,,,,,,9.7,320,1837,5,290,1714,2.6,2285,290,4.1,14,1559,37,8.8,1004.4,1013,832,1008.7,0,1011,14,12.5,1200,3.35,26.6,,,,,,2,1,26.2,9.3,,,,,,,,,,,,,{박무}0240-{박무}{강도0}0300-0440.,
143,대구,2009-05-14,22.2,16.1,544,29.7,1436,,,,,,,8.9,90,1748,5.3,90,1748,2.5,2183,270,-1.5,10,1356,21.8,5.6,1007.5,1017.4,2254,1011.8,213,1014.1,14,12.1,1200,3.59,27.07,,,,,,2.5,0,28.7,7.6,,,,,,,,,,,,,,
143,대구,2009-05-15,19.9,16.1,450,23.6,1431,.17,0,,0,,0,6.2,140,2114,4,140,2107,2.1,1836,110,1.7,22,1147,30.5,6.9,1011.5,1020.5,808,1017.1,1532,1018.1,14.1,.2,1100,1.79,11.45,,,,,,9.9,7.6,23.7,14.1,,,,,,,,,,,,,{비}2350-{비}{강도0}2400-,
143,대구,2009-05-16,15,13.6,1201,18.8,0,20.42,1.5,1434,4,1434,19.5,5.7,70,847,3.6,110,928,1.6,1357,110,11.7,34,0,82,13.9,1004.1,1017.2,0,1003.8,2400,1010.9,14.1,0,1400,.3,1.47,,,,,,10,7.3,15.6,13.4,,,,,,,,,,,,,-{비}-0040. {비}0120-0155. {비}0310-{비}{강도0}0600-0655. {비}0717-0817. {비}0935-{비}{강도0}1200-{비}{강도1}1500-{비}{강도0}1800-{비}{강도0}2100-{비}{강도0}2400- {박무}0810-{박무}{강도0}0900-{박무}{강도0}1200-{박무}{강도0}1500-{박무}{강도0}1800-{박무}{강도0}2100-{박무}{강도0}2400-,
143,대구,2009-05-17,18.4,14.7,2323,23.7,1120,4.75,.5,4,1,2,1.5,14.5,290,1320,7.7,290,1322,3.5,3003,270,10.5,41,2012,62.6,13.3,997.6,1011.1,2342,1000.7,403,1004.3,14.1,4.5,1300,3.29,19.89,,,,,,5.1,3.5,20.4,9.5,,,,,,,,,,,,,-{비}-{비}{강도0}0300-0435. {비}0710-0720. -{박무}-{박무}{강도1}0300-0530.,
143,대구,2009-05-18,20.3,11.6,431,28.1,1636,,,,,,,7.2,270,1646,4.2,270,1608,2.1,1776,270,1.7,18,1357,31.6,6.9,1003.6,1012.6,652,1007.1,1722,1010.3,14.1,10.5,1200,3.55,26.94,,,,,,2.8,.8,25.3,5.4,,,,,,,,,,,,,,
143,대구,2009-05-19,23.2,13.8,516,31.4,1521,,,,,,,7.5,270,1218,4.3,270,1301,2,1714,270,4.9,17,1522,33.1,8.7,1003.8,1012.2,700,1007.6,1541,1010.4,14.2,10.5,1100,3.37,26.32,,,,,,2.6,0,28.8,8.5,,,,,,,,,,,,,,
143,대구,2009-05-20,23.7,16.2,534,30.3,1349,.92,.2,2348,.3,2311,.2,11.6,180,2251,5.2,180,2309,1.4,1215,270,7.8,21,1315,38.5,10.6,1006.5,1015.1,2330,1011.1,1609,1013.1,14.2,2.9,1200,2.53,16.58,,,,,,7.4,3.5,26.9,10.5,,,,,,,,,,,,,{햇무리}0930-1720. {비}2305-{비}{강도0}2400-,
143,대구,2009-05-21,16.5,14.4,724,21.9,0,16.25,3,617,13,529,67,7.6,140,1259,4.7,140,1302,1.8,1515,20,13.7,37,3,83.9,15.7,1000.3,1013.9,0,1002.5,1810,1007,14.2,.1,1500,1.5,3.96,,,,,,10,7.1,17.7,14.1,,,,,,,,,,,,,-{비}-{비}{강도0}0300-{비}{강도1}0600-{비}{강도1}0900-{비}{강도1}1200-{비}{강도0}1500-1615. {박무}0230-{박무}{강도0}0300-{박무}{강도0}0600-{박무}{강도0}0900-{박무}{강도0}1200-{박무}{강도0}1500-{박무}{강도0}1800-{박무}{강도0}2100-{박무}{강도0}2400-,
143,대구,2009-05-22,21.2,15.8,358,26.9,1623,.42,0,,0,,0,7.8,320,1011,4.6,270,1101,2.5,2127,290,12.6,33,1558,61.3,14.7,1002.9,1011.3,2356,1004.9,46,1009.5,14.2,7.3,1100,3.12,22.71,,,,,,6.5,3.5,22.4,13.2,,,,,,,,,,,,,-{박무}-{박무}{강도0}0300-{박무}{강도0}0600-0730. {비}0145-0210.,
143,대구,2009-05-23,20.1,17.7,2320,24.3,1539,2.83,.1,526,.2,455,.2,7.2,320,1833,3.9,290,1613,1.9,1621,270,11.4,42,1541,58.8,13.6,1002.2,1011.2,0,1005.8,1721,1008.9,14.3,1.7,1200,2.65,11.74,,,,,,8.6,6.3,21.5,13.6,,,,,,,,,,,,,{비}0455-0555. {비}0715-{비}{강도0}0900-0905. {박무}1030-{박무}{강도0}1200-1230.,
143,대구,2009-05-24,18.8,15.5,2345,25.4,1327,1.25,.5,1548,.5,1540,.5,8.8,110,1508,5.5,90,1509,2.5,2164,270,11.9,32,1336,65.6,14,1004.9,1015.3,2349,1008.4,158,1011.5,14.3,6,1000,2.89,17.53,,,,,,4.1,4.1,22.7,12.3,,,,,,,,,,,,,{박무}0240-{박무}{강도0}0300-{박무}{강도0}0600-0710. {박무}2330-{박무}{강도0}2400- {연무}0705-{연무}{강도0}0900-1040. {소나기}1540-1655.,
143,대구,2009-05-25,21.9,13.3,512,29.5,1510,,,,,,,5.6,90,1925,3.6,90,1928,1.4,1233,90,10.1,27,1531,52.6,12.5,1008.2,1016.9,800,1012.6,1634,1014.9,14.3,11.4,1200,3.15,24.74,,,,,,2,0,27.5,10.6,,,,,,,,,,,,,-{박무}-{박무}{강도0}0300-{박무}{강도0}0600-0820. {연무}0815-{연무}{강도0}0900-1120.,
143,대구,2009-05-26,23.4,17.2,613,29.2,1539,.67,.5,2325,.5,2314,.5,7.5,140,2322,5.1,110,2324,1.8,1591,110,10,22,1600,44.6,12.3,1006.9,1015.2,3,1010.9,1726,1013.4,14.3,4.6,1100,2.42,17.78,,,,,,6.9,.9,27.5,13.8,,,,,,,,,,,,,{햇무리}0630-0720. {연무}1120-1150. {번개}{강도0}(N)2255-{뇌전}{강도0}(N{이동}NE 3~4)2315-{뇌전}{강도0}(NE 7~8)2325-2335. {소나기}2314-2354.,
143,대구,2009-05-27,21.5,17.2,2356,27.2,1256,,,,,,,10.2,160,1623,6.4,90,1718,3.3,2888,90,9.3,31,1535,47.1,11.8,1007.4,1015.2,835,1012.3,125,1014,14.3,11.2,1200,3.47,25.76,,,,,,1.8,1.1,27.1,12.8,,,,,,,,,,,,,,
143,대구,2009-05-28,21.1,14.1,441,28.9,1359,,,,,,,9.8,140,1345,5.5,110,1448,2.8,2392,110,9.7,28,1553,51.5,12.1,1007.1,1016.1,630,1011.1,1516,1013.8,14.4,12.6,1200,3.4,27.31,,,,,,0,0,29.4,10.6,,,,,,,,,,,,,,
143,대구,2009-05-29,18.9,14.5,503,26.3,1350,,,,,,,10.2,110,2015,6,110,1750,3.5,2993,110,9.8,33,1252,58,12.1,1004.6,1014.6,646,1008.6,1539,1011.3,14.4,11.1,1200,3.19,24.39,,,,,,0,0,26.8,9.2,,,,,,,,,,,,,,
143,대구,2009-05-30,18.7,14.2,447,26.2,1709,,,,,,,8.4,110,17,5.2,110,3,2.5,2154,110,9.4,33,1529,56.8,11.8,999.7,1010.6,28,1002.7,1722,1006.3,14.4,4.7,1400,2.84,18.67,,,,,,3.9,1.8,27.4,10.9,,,,,,,,,,,,,,
143,대구,2009-05-31,21.5,13.2,532,28.6,1537,,,,,,,10.9,270,1455,6.2,270,1502,2.7,2331,270,1.9,13,1139,35.6,7.5,997.3,1006.3,709,1001,1718,1003.8,14.4,12.8,1200,3.54,28.68,,,,,,1.1,1.1,28.8,8.1,,,,,,,,,,,,,,
143,대구,2009-06-01,23.8,15.1,610,31.1,1448,,,,,,,8.7,270,1552,3.8,270,1343,1.8,1525,270,4.7,13,1241,32.1,8.9,997.6,1006.4,844,1000.9,1711,1004.2,14.4,12.9,1200,3.53,28.52,,,,,,0,0,32.1,6.6,,,,,,,,,,,,,,
143,대구,2009-06-02,23.4,18.9,515,29.3,1121,,,,,,,9.7,250,1735,3.8,200,1447,1.8,1530,180,11.6,21,1113,49.8,13.8,997.6,1006,545,1001.4,1631,1004.1,14.5,4,1100,2.61,18.03,,,,,,6.8,2.8,28.3,12.8,,,,,,,,,,,,,{연무}0015-{연무}{강도0}0300-{연무}{강도0}0600-{연무}{강도0}0900-1130. {햇무리}1515-1545. {달무리}2030-2310.,
143,대구,2009-06-03,20.6,19.4,627,23.1,1127,.17,0,,0,,0,7.3,270,1148,4,250,1044,2,1756,270,13.6,52,1128,64.6,15.6,995.6,1004.6,0,1000.3,1549,1002.2,14.5,.1,1100,1.54,7.51,,,,,,9.8,7,23.4,17.5,,,,,,,,,,,,,{연무}0430-{연무}{강도0}0600-0630. {비}1905-1915.,
143,대구,2009-06-04,22.2,17.6,537,28.8,1547,,,,,,,7.5,90,1833,4.6,90,1742,2.2,1892,90,13.2,27,1535,60,15.3,995.7,1003.4,824,1000.2,1653,1002.2,14.5,5.7,1300,3.26,21.74,,,,,,5.8,5.8,30.1,14.1,,,,,,,,,,,,,{박무}0420-{박무}{강도0}0600-0810. {연무}0805-{연무}{강도0}0900-{연무}{강도0}1200-1235.,
143,대구,2009-06-05,21.1,16.6,537,26.7,1500,,,,,,,9.9,110,1643,6.5,90,1834,3.8,3270,110,13.6,42,1411,64.6,15.6,996.4,1004.8,2224,1001,1640,1002.9,14.5,11.7,1200,3.35,27.27,,,,,,2.4,2.4,30.9,14.2,,,,,,,,,,,,,{박무}0340-{박무}{강도0}0600-0740. {연무}0730-{연무}{강도0}0900-0940. {연무}2310-{연무}{강도0}2400-,
143,대구,2009-06-06,20.2,17.9,2348,24.9,1525,,,,,,,9.4,90,2038,5.8,90,2041,3.2,2745,110,13.3,46,1522,65.5,15.3,1000,1009.7,2328,1004,119,1006.6,14.5,5.7,1400,2.88,16.28,,,,,,5.8,5.8,27.9,15.4,,,,,,,,,,,,,-{연무}-0230. {박무}0220-{박무}{강도0}0300-0430.,
143,대구,2009-06-07,19.5,17,2339,24.3,1418,,,,,,,7.5,110,2,5,90,11,3.1,2661,110,11.9,48,1419,62.4,13.9,1004.2,1012.9,2345,1009,300,1010.9,14.5,.6,1400,2.06,12.25,,,,,,7.3,3.1,25.4,14.8,,,,,,,,,,,,,,
143,대구,2009-06-08,21.4,16,530,27.6,1531,,,,,,,6.5,140,2246,4.2,90,1751,2.1,1835,110,12.9,36,1447,60.5,14.9,1007.3,1015.5,901,1012.3,1749,1013.9,14.5,3.3,1000,2.48,17.11,,,,,,8.8,7.9,27.8,14.2,,,,,,,,,,,,,{박무}0520-{박무}{강도0}0600-0720. {연무}0710-{연무}{강도0}0900-{연무}{강도0}1200-1230. {연무}2310-{연무}{강도0}2400-,
143,대구,2009-06-09,20.9,17.2,538,25.4,1604,5.78,.4,446,.5,356,.5,6.3,70,2137,3.4,110,100,1.8,1546,110,14.2,46,1406,67.1,16.2,1004.1,1014.9,341,1005.6,2356,1010.7,14.5,.1,1300,1.64,9.01,,,,,,9.9,6,23.8,16.5,,,,,,,,,,,,,-{연무}-0230. {박무}0210-{박무}{강도0}0300-{박무}{강도0}0600-0840. {박무}0930-1055. {연무}1050-1140. {비}0315-0530. {비}0610-0650. {비}1040-1045. {비}1758-{비}{강도0}1800-1850. {비}2005-{비}{강도0}2100-2105. {비}2305-{비}{강도0}2400-,
143,대구,2009-06-10,23.2,18.5,517,28.8,1550,7,.5,39,1,534,2,10.2,270,1703,6,270,1705,2.5,2186,270,14.9,32,1711,62.4,17.2,991.7,1005.7,0,995.6,1455,998.1,14.5,3.2,1100,2.98,15.35,,,,,,8.3,5.6,25.5,17.6,,,,,,,,,,,,,-{비}-0155. {비}0310-{비}{강도0}0600-0810. {박무}0330-{박무}{강도0}0600-{박무}{강도0}0900-1110. {채운}1715-1745. {비}2355-{비}{강도0}2400-,
143,대구,2009-06-11,25.4,18.2,449,32.1,1604,.17,0,,0,,0,10.2,270,1904,6.2,270,1910,3.1,2690,270,7.5,15,1426,36.3,10.6,993.3,1001.4,1047,997.7,0,999.7,14.6,13.5,1200,3.34,28.29,,,,,,1.1,.5,33.1,12.6,,,,,,,,,,,,,-{비}-0010.,
143,대구,2009-06-12,25.2,20.9,601,29.8,1557,,,,,,,7.8,250,219,4.4,270,2121,2.5,2150,270,9,27,842,36.8,11.8,992.8,1001.2,2336,997.5,1629,999.3,14.6,5.1,1400,2.45,19.12,,,,,,6.9,.9,31.9,15,,,,,,,,,,,,,{햇무리}1030-1130. {연무}2040-{연무}{강도0}2100-{연무}{강도0}2400-,
143,대구,2009-06-13,23.9,18.8,356,30,1618,,,,,,,8.6,320,1322,4.5,110,2058,2.7,2308,270,6.5,23,1559,34,9.8,996.6,1005.8,2353,1001.1,28,1003.1,14.6,12.4,1200,3.36,27.73,,,,,,2.4,2,33.4,10.5,,,,,,,,,,,,,-{연무}-{연무}{강도0}0300-0415.,
143,대구,2009-06-14,21.8,17.9,529,27.1,1449,.75,.2,1613,.2,1605,.2,8.2,90,1809,5.6,90,1813,2.8,2406,90,12.2,36,1450,56.1,14.3,1001.5,1010.9,2335,1005.8,0,1008,14.6,4.7,1100,2.99,17.45,,,,,,6.6,6,30.8,15.8,,,,,,,,,,,,,{소나기}1605-1650.,
143,대구,2009-06-15,22,18.4,521,27.9,1458,.58,0,,0,,0,6.4,70,1946,4.2,90,1951,2.3,2013,140,14,35,1544,62.1,16,1005.1,1013.2,935,1009.6,1638,1011.7,14.6,3.8,1300,3.02,17.26,,,,,,7,3.9,30.2,17.2,,,,,,,,,,,,,{연무}0030-0255. {박무}0250-{박무}{강도0}0300-0520. {비}0245-{비}{강도0}0300-0320. {박무}0740-{박무}{강도0}0900-0940. {연무}0930-1040.,
143,대구,2009-06-16,23.8,18.1,527,30.7,1609,,,,,,,7.1,140,1833,4.7,110,1905,2.4,2116,110,13.8,28,1350,57,15.9,1006.2,1014.8,815,1009.9,1628,1012.8,14.6,8,1200,3.16,22.95,,,,,,4.3,4.3,33.3,16.5,,,,,,,,,,,,,{연무}0720-{연무}{강도0}0900-{연무}{강도0}1200-1230.,
143,대구,2009-06-17,23,19.2,444,28.6,1435,,,,,,,7.5,160,1649,5.1,140,1637,3.4,2957,110,16.1,47,1436,66.4,18.3,1007.4,1015.5,852,1012.3,1651,1014,14.6,5.5,1100,2.9,20.24,,,,,,8.4,3.4,30.9,17.4,,,,,,,,,,,,,{박무}0230-{박무}{강도0}0300-{박무}{강도0}0600-0820. {연무}0810-{연무}{강도0}0900-{연무}{강도0}1200-{연무}{강도0}1500-1630. {햇무리}1540-1620.,
143,대구,2009-06-18,26.2,19.6,616,33.3,1517,.08,0,,0,,0,7.3,180,1556,3.9,110,120,2.3,2003,110,13.3,24,1233,48.3,15.4,1004.6,1013.7,0,1008.6,1633,1011.1,14.6,11.2,1200,3.13,24.96,,,,,,2.4,1.4,36.8,18.4,,,,,,,,,,,,,{연무}0130-{연무}{강도0}0300-0430. {비}0320-0325.,
143,대구,2009-06-19,27.2,20.4,514,34,1509,,,,,,,7.4,140,1418,4.7,160,1421,2.5,2147,140,13.5,24,1613,45.6,15.6,1001.7,1011.2,557,1005.2,1658,1008.1,14.6,9.8,1200,3.17,22.95,,,,,,4.4,.6,35.4,17.3,,,,,,,,,,,,,,
143,대구,2009-06-20,24.8,21.8,1917,28,1429,5.67,6,1848,13.5,1816,28,6.5,160,1203,3.8,90,1924,1.8,1592,90,18.3,51,1352,69.3,21.2,997.3,1007.4,13,1001.7,1514,1003.8,14.6,0,1200,.83,5.11,,,,,,9.6,6.5,27,20.1,,,,,,,,,,,,,{비}1510-{비}{강도0}1800-2050. {박무}1630-{박무}{강도0}1800-{박무}{강도0}2100-{박무}{강도0}2400-,
143,대구,2009-06-21,27.5,22.6,26,33.2,1517,1.17,.1,,.1,,.1,7.5,270,1451,4.3,270,1434,1.4,1173,20,20.9,42,1559,68.9,24.7,993.6,1002.4,27,997.5,1719,1000,14.6,5.7,1100,2.98,19.93,,,,,,8.3,6.8,29.9,22.8,,,,,,,,,,,,,-{박무}-0210. {박무}0520-{박무}{강도0}0600-{박무}{강도0}0900-1040. {비}2250-{비}{강도0}2400-,
143,대구,2009-06-22,21.1,17.9,1125,27,0,14.17,4.5,614,16.5,608,57.5,8.7,320,714,4.1,340,721,1.5,1317,290,17.9,64,1725,82.4,20.6,992.1,1001.1,744,995.7,1658,998.6,14.6,.9,1600,1.6,6.47,,,,,,8.1,5.9,22.4,17.8,,,,,,,,,,,,,-{비}-{비}{강도0}0300-{비}{강도1}0600-{소나기}0603-{비}0650-{비}{강도0}0900-{비}{강도1}1200-1410. {박무}0040-{박무}{강도0}0300-{박무}{강도0}0600-{박무}{강도0}0900-{박무}{강도0}1200-{박무}{강도0}1500-1620. {뇌전}{강도0}(SW 5~7)0605-{뇌전}{강도0}(SW{이동}S 5~6)0612-{뇌전}{강도0}(S 4~5)0631-0641. {박무}2310-{박무}{강도0}2400-,
143,대구,2009-06-23,25.4,19.2,419,31,1616,,,,,,,6.5,320,1505,3.3,320,1513,1.9,1639,270,14.2,28,1617,53.6,16.4,994.9,1002.9,746,999.6,1710,1001.3,14.6,8.7,1100,2.97,24,,,,,,3.9,1.1,27.8,16.5,,,,,,,,,,,,,-{박무}-{박무}{강도0}0300-0430.,
143,대구,2009-06-24,27.9,20.9,518,34.1,1526,,,,,,,8.2,290,1359,4,270,1709,2,1735,270,10.9,19,1514,37.8,13.2,997.6,1006.1,2221,1002.1,0,1004,14.6,12.4,1200,3.35,27.62,,,,,,.4,.4,30.9,14.6,,,,,,,,,,,,,,
143,대구,2009-06-25,28.2,21.5,516,35.2,1503,,,,,,,7.5,320,1642,3.9,270,1713,1.6,1351,270,11.2,18,1259,37.4,13.4,1000.3,1008.4,2400,1004.5,1610,1006.7,14.6,12.2,1200,3.24,27.01,,,,,,.8,0,32.7,14.7,,,,,,,,,,,,,,
143,대구,2009-06-26,28.2,21.3,520,35.3,1531,,,,,,,7,290,1317,4.4,270,1319,2,1720,270,11.3,14,1434,37.8,13.5,1002.8,1011.1,819,1007.4,1802,1009.2,14.6,12.2,1200,3.29,27.26,,,,,,1.9,0,33.7,14.1,,,,,,,,,,,,,,
143,대구,2009-06-27,27.1,22.4,544,32.5,1727,,,,,,,6.8,250,1909,4.3,270,1938,1.8,1570,290,17.5,32,1440,57.4,20,1001.1,1010.4,826,1004.7,1707,1007.6,14.6,3.2,1400,2.54,18.95,,,,,,5.5,1.1,32.4,17,,,,,,,,,,,,,{연무}0640-{연무}{강도0}0900-{연무}{강도0}1200-1220.,
143,대구,2009-06-28,27.3,23.1,512,31.7,1423,,,,,,,7.8,270,1537,5,270,1305,2,1692,320,19.2,44,1420,62.6,22.3,998.1,1006.7,808,1002.5,1715,1004.5,14.6,3.4,1200,2.89,19.39,,,,,,6.3,3.5,32.6,19.7,,,,,,,,,,,,,,
143,대구,2009-06-29,26,22.8,714,29.3,1624,8.68,9.5,622,32.5,543,43.5,5.6,110,641,3.8,140,647,1.3,1140,20,20.8,54,1721,74.6,24.6,994.9,1003.6,2313,999.8,1406,1001.3,14.6,.3,1200,1.95,10.93,,,,,,8.3,4.9,25.9,21.7,,,,,,,,,,,,,{비}0105-0133. {비}0157-{비}{강도0}0300-{소나기}0555-{소나기}{강도1}0600-{비}0645-{비}{강도0}0900-1010. {천둥}{강도0}(SW)0545-{뇌전}{강도0}(SW 4~5)0553-{뇌전}{강도0}(SW 4~5)0600-{뇌전}{강도0}(SW{이동}W 3~4)0605-0615. {박무}0515-{박무}{강도0}0600-{박무}{강도0}0900-1010.,
143,대구,2009-06-30,22.9,18.9,2312,26.6,1205,11.67,.5,1256,1,1254,4.5,7.4,320,1300,4.3,140,1807,1.5,1264,50,19.3,60,1309,80.4,22.5,997.7,1005.3,1858,1003.1,149,1004.3,14.6,0,900,.72,4.73,,,,,,9.4,3.8,23.7,18.4,,,,,,,,,,,,,{박무}0420-{박무}{강도0}0600-0640. {박무}0740-{박무}{강도0}0900-{박무}{강도0}1200-1330. {비}1220-{비}{강도0}1500-{비}{강도0}1800-{비}{강도0}2100-{비}{강도0}2400- {박무}2240-{박무}{강도0}2400-,
143,대구,2009-07-01,24.2,18.4,449,30.2,1717,2.5,.5,35,.5,-2345,.5,5.4,250,1855,3.1,270,1904,1.4,1175,110,16,36,1742,63.5,18.2,996.4,1004.7,55,1001.1,1700,1002.9,14.6,4.8,1200,3.24,19.66,,,,,,6.4,4.3,24.7,18.3,,,,,,,,,,,,,-{비}-0230. -{박무}-{박무}{강도0}0300-0550. {박무}0640-{박무}{강도0}0900-0940.,
143,대구,2009-07-02,22.5,19.6,2355,29.7,1257,3.37,1,1427,1.5,1405,3.5,14.1,270,1429,7.2,270,1436,1.7,1461,140,17.5,44,1258,74.5,20,996.7,1004.4,2153,1000.7,1358,1003.3,14.6,2.8,1000,2.46,12.75,,,,,,7.6,6.8,23.5,16.7,,,,,,,,,,,,,{박무}0720-{박무}{강도0}0900-1140. {박무}1620-1745. {천둥}{강도0}(W)1342-1351. {천둥}{강도0}(NW)1415. {천둥}{강도0}(N)1433-{천둥}{강도0}(N{이동}NE)1439-{천둥}{강도0}(NE)1500-1510. {천둥}{강도0}(SW)1626-{뇌전}{강도0}(SW 5~6)1639-1650. {천둥}{강도0}(S)1702-1720. {소나기}1405-{소나기}{강도0}1500-{비}1515-1525. {소나기}1635-{비}1730-{비}{강도0}1800-1810. {소나기}2013-{비}2025-2040. {박무}2120-{박무}{강도0}2400-,
143,대구,2009-07-03,23.3,19.1,539,29.5,1431,2.28,.2,,.2,,.5,7.3,270,1637,4.4,140,1916,1.8,1589,270,16,34,1347,66.8,18.3,997,1005.9,2239,1001.3,1508,1003.5,14.5,4.5,1300,3.03,20.97,,,,,,7.5,7.3,27.8,17.8,,,,,,,,,,,,,-{박무}-{박무}{강도0}0300-{박무}{강도1}0600-{박무}{강도0}0900-0920. {연무}0910-1140. {소나기}2044-{비}2057-{비}{강도0}2100-2126. {소나기}2225-{비}2340-{비}{강도0}2400- {뇌전}{강도0}(N 7~8)2030-2053. {뇌전}{강도0}(SW 7~8)2203-{뇌전}{강도0}(SW{이동}S 4~5)2214-{뇌전}{강도0}(S 2~3)2229-2235. {뇌전}{강도1}(Z 1)2246-{뇌전}{강도0}(E 2~3)2304-2335.,
143,대구,2009-07-04,23.1,20.1,258,29.5,1438,3.37,2.5,1728,6,1710,13.5,6.8,140,1716,4.8,90,1651,1.7,1489,50,17.8,41,1443,74.5,20.4,1001.8,1011.5,2352,1005.4,16,1008.3,14.5,4.1,1100,3.1,18.54,,,,,,7.5,7.5,27.6,17.8,,,,,,,,,,,,,-{비}-0007. {박무}0010-{박무}{강도0}0300-{박무}{강도0}0600-{박무}{강도0}0900-0910. {연무}0905-{연무}{강도0}1200-1250. {소나기}1710-{소나기}{강도1}1800-1810. {소나기}1840-2055. {천둥}{강도0}(W)1811-{뇌전}{강도0}(W 7~8)1841-1855. {뇌전}{강도0}(NW 4~5)1934-1950. {박무}2220-{박무}{강도0}2400-,
143,대구,2009-07-05,25.3,21,455,30.9,1451,.17,0,,0,,0,6.1,110,1612,3.9,90,1749,2.1,1837,110,18.2,36,1447,66.9,20.9,1005.6,1013.8,2344,1010.6,1528,1012.2,14.5,4.8,1200,2.82,19.68,,,,,,6.5,5.5,28.4,19.4,,,,,,,,,,,,,-{박무}-{박무}{강도0}0300-{박무}{강도0}0600-{박무}{강도1}0900-0920. {연무}0915-{연무}{강도0}1200-1245. {비}1805-1815. {연무}1810-{연무}{강도0}2100-{연무}{강도0}2400-,
143,대구,2009-07-06,26.5,20.9,515,32.2,1529,,,,,,,6.3,110,302,4.1,110,2011,2.1,1807,110,17.4,30,1526,60.3,19.9,1005.1,1013.7,0,1009.3,1715,1011.6,14.5,5.9,1100,3.14,22.24,,,,,,6.8,4,31,18.8,,,,,,,,,,,,,-{연무}-0030. {박무}0025-{박무}{강도0}0300-{박무}{강도0}0600-0820. {연무}0810-{연무}{강도0}0900-1130.,
143,대구,2009-07-07,20.1,17,844,25.5,0,15.2,7,656,17.5,613,79,8.8,110,853,5.8,140,859,1.6,1423,110,17.8,67,0,87.4,20.4,1000.5,1011.1,0,1004.1,1507,1007.2,14.5,0,1600,.24,1.4,,,,,,9.8,7.8,20.6,16.7,,,,,,,,,,,,,{비}0258-{비}{강도0}0300-{비}{강도1}0600-{비}{강도1}0900-{비}{강도1}1200-{비}{강도0}1500-1745. {비}2150-2215. {박무}0520-{박무}{강도0}0600-{박무}{강도0}0900-{박무}{강도1}1200-{박무}{강도0}1500-{박무}{강도0}1800-{박무}{강도0}2100-{박무}{강도0}2400- {천둥}{강도0}(SW)1210-1230. {천둥}{강도0}(W)1415-1425.,
143,대구,2009-07-08,25.8,20.7,3,30.9,1708,.83,3.5,2350,4.5,2325,3.5,5.4,230,1418,2.7,270,1420,1,829,50,20.9,57,1711,75.4,24.8,999,1007.4,543,1003.4,1714,1005.5,14.5,1.3,1100,2.69,15.31,,,,,,8.6,7.5,26.6,20.2,,,,,,,,,,,,,-{박무}-{박무}{강도0}0300-{박무}{강도0}0600-{박무}{강도0}0900-0950. {연무}0940-1040. {비}2140-2155. {비}2325-{비}{강도1}2400- {박무}2340-{박무}{강도0}2400-,
143,대구,2009-07-09,27.1,23.1,547,30.1,1032,7.25,2,1931,7,310,15,11,270,1634,5,270,1941,2.2,1935,270,21.4,53,1056,72.8,25.6,992.6,1004.6,0,994,1731,999,14.5,0,1000,1.51,7.35,,,,,,9.9,6.5,26.4,22.8,,,,,,,,,,,,,-{비}-{비}{강도0}0300-0455. -{박무}-{박무}{강도0}0300-{박무}{강도0}0600-0630. {비}1835-2055.,
143,대구,2009-07-10,26.4,21.7,513,31,1555,,,,,,,8,290,1209,4.5,290,1212,2.2,1943,290,16.4,36,1725,55.9,18.7,998.8,1008.6,2336,999.8,0,1005.3,14.5,9.1,1100,2.94,23.76,,,,,,4.4,1.9,30.1,17,,,,,,,,,,,,,,
143,대구,2009-07-11,25,20.4,2338,30.3,1211,5.83,1,2252,2,2251,4.5,5.7,290,1539,3.5,270,1820,1.5,1268,270,17.6,39,1124,65,20.2,1003.1,1011.2,2204,1008,101,1009.6,14.4,.6,1100,1.94,11.29,,,,,,9.4,3.8,26.8,18.8,,,,,,,,,,,,,{비}1810-{비}{강도0}2100-{비}{강도0}2400-,
143,대구,2009-07-12,25.3,19.9,107,29.8,1322,8.33,1.5,1412,2.5,0,5.5,12.8,230,1702,4.7,270,1349,2.1,1793,110,20.7,59,1321,77,24.5,999,1010.3,19,1002.2,1702,1005.5,14.4,0,1200,.52,3.76,,,,,,9.6,7.4,24.8,19.5,,,,,,,,,,,,,-{비}-0230. {비}0410-{비}{강도0}0600-0755. {비}0930-0955. {박무}0020-0240. {박무}0520-{박무}{강도0}0600-0830. {비}1350-1450. {비}2310-2350.,
143,대구,2009-07-13,27.1,24.4,1812,30.9,1432,4,10,1746,14.5,1740,17,8.3,270,1745,3.7,270,1746,1.7,1458,270,22.4,58,1140,76.6,27.1,1003.7,1012.3,2128,1005.8,11,1010.2,14.4,1.1,1400,1.49,10.77,,,,,,8.5,5.6,29,22.2,,,,,,,,,,,,,{비}0025-0035. {천둥}{강도0}(W)1738-{뇌전}{강도0}(W 4~5)1743-{뇌전}{강도0}(W{이동}NW 4~5)1753-{뇌전}{강도0}(NW 4~5)1800-{뇌전}{강도0}(NW{이동}N 4~5)1807-{뇌전}{강도0}(N{이동}NE 4~5)1812-1820. {뇌전}{강도0}(NE 4~5)1812-1820. {소나기}1740-{소나기}{강도1}1800-{비}1827-1930. {뇌전}{강도0}(W 12~13)2035-{뇌전}{강도0}(W{이동}SW 10~11)2050-{뇌전}{강도0}(SW 4~5)2100-2140. {소나기}2040-{소나기}{강도0}2100-{비}2150-2240.,
143,대구,2009-07-14,28.5,23.6,251,32.6,1408,3.43,5,157,7,145,7,11.3,270,2119,5,250,2020,2.1,1802,180,21.6,49,1406,68.4,25.9,999.1,1011.4,5,1001,2359,1005.6,14.4,.5,1300,1.79,11.43,,,,,,9.4,5.8,27.4,22.8,,,,,,,,,,,,,{뇌전}{강도0}(SW 5~6)0155-0220. {소나기}0145-0245. {비}1104-{비}{강도0}1200-1210. {비}2205-2325.,
143,대구,2009-07-15,22.3,20.5,557,29.6,4,7.25,13.5,220,31.5,216,47.5,15.1,270,227,7.3,290,232,2.2,1863,290,18.8,60,26,81.6,21.7,1000.4,1010.2,2235,1000.2,32,1007,14.4,2.3,1600,1.83,7.87,,,,,,6.9,3.9,22.7,17.5,,,,,,,,,,,,,{비}0025-0030. {비}0140-{소나기}0220-{소나기}{강도2}0300-{비}0325-{소나기}0430-{비}0540-{비}{강도1}0600-0850. {번개}{강도0}(NE)0308. {뇌전}{강도0}(SW 4~5)0310-{뇌전}{강도0}(SW{이동}W 4~5)0320-0332. {뇌전}{강도0}(SW 4~5)0455-{뇌전}{강도0}(SW{이동}W 4~5)0515-0528. {박무}0845-{박무}{강도0}0900-1030.,
143,대구,2009-07-16,23.1,21.2,431,26,1749,11.08,2.5,332,5.5,555,21,6.6,140,906,3.9,90,906,1.2,1079,270,20.5,73,1749,85.4,24.1,1000.2,1009.2,121,1005,1808,1006.7,14.4,.2,1500,1.19,5.77,,,,,,9.1,5.8,23.2,17.5,,,,,,,,,,,,,{박무}0120-{박무}{강도0}0300-{박무}{강도0}0600-{박무}{강도0}0900-{박무}{강도0}1200-{박무}{강도0}1500-1635. {비}0310-{비}{강도0}0600-{소나기}0805-{소나기}{강도0}0900-{비}0918-1025. {비}1125-{소나기}1130-{소나기}{강도0}1200-{비}1247-{비}{강도0}1500-1515. {천둥}{강도0}(SW)0804-0840. {천둥}{강도0}(SW)1140-1150. {천둥}{강도0}(SW)1240-1245.,
143,대구,2009-07-17,25.9,23.5,221,30,1148,2.9,6.5,1554,11.5,1718,21.5,4.3,290,1753,2.3,20,1607,.8,700,290,22.9,68,1143,84.5,28,999.5,1007.1,852,1004.9,308,1006,14.3,0,1100,2.19,9.3,,,,,,10,4.1,26.4,22.6,,,,,,,,,,,,,{박무}0020-{박무}{강도0}0300-{박무}{강도0}0600-{박무}{강도0}0900-{박무}{강도0}1200-{박무}{강도0}1500-{박무}{강도0}1800-{박무}{강도0}2100-{박무}{강도0}2400- {비}0806-0843. {비}1320-1355. {비}1550-1630. {천둥}{강도0}(W)1710-1720. {천둥}{강도0}(NE)1732-{천둥}{강도0}(NE{이동}E)1745-1750. {소나기}1718-{비}1748-{비}{강도1}1800-1820.,
143,대구,2009-07-18,29.2,25.1,359,33,1430,,,,,,,9.4,250,829,4,270,2356,2.1,1827,250,21.8,51,1305,65.6,26.2,997.4,1006.7,22,1001.9,2252,1003.7,14.3,1.8,1200,2.31,14.79,,,,,,8.6,4.5,28.7,23,,,,,,,,,,,,,-{박무}-{박무}{강도0}0300-0430.,
143,대구,2009-07-19,28.1,25.6,623,31.7,1329,4.42,.9,447,1.4,414,3.5,8,270,104,4.9,270,28,1.9,1637,270,22.7,57,1332,73.5,27.7,997.8,1006.5,2337,1000.6,228,1004.3,14.3,1.3,1200,2.85,10.79,,,,,,8.8,6.8,27.4,24.2,,,,,,,,,,,,,{비}0348-0355. {비}0405-0543. {비}0615-0840. {비}1120-1135.,
143,대구,2009-07-20,27.5,23.5,333,32.4,1434,.17,0,,0,,0,5.7,110,952,3.7,90,1305,2.2,1924,90,22.4,56,1435,74.4,27.1,997.6,1006.3,0,1001.6,2355,1004.1,14.3,1.5,1300,2.85,14.73,,,,,,9.3,5.1,29.6,22.4,,,,,,,,,,,,,{박무}0520-{박무}{강도0}0600-{박무}{강도0}0900-1110. {연무}1105-{연무}{강도0}1200-1320. {박무}2340-{박무}{강도0}2400- {비}2345-2355.,
143,대구,2009-07-21,27.5,24.7,624,31.7,1612,7.5,6.5,603,15.5,528,35,8.6,320,451,4,270,459,2.1,1827,290,21.5,51,1613,71.6,25.9,992.1,1001.8,31,996.4,1656,998.5,14.2,1.9,1400,2.31,12.85,,,,,,8.3,4.1,28.8,21.1,,,,,,,,,,,,,-{박무}-{박무}{강도0}0300-{박무}{강도1}0600-0620. {비}0002-0010. {소나기}0055-0105. {비}0150-{소나기}0210-{비}0250-{비}{강도1}0300-0340. {뇌전}{강도0}(NW 4~5)0050-{뇌전}{강도0}(NW{이동}N 4~5)0105-{뇌전}{강도0}(N 3~4)0120-{뇌전}{강도0}(N{이동}NE 3~4)0130-0145. {뇌전}{강도0}(W 3~4)0220-{뇌전}{강도0}(W{이동}SW 2~3)0225-{뇌전}{강도0}(SW{이동}S 2~3) 0230-{뇌전}{강도0}(S 2~3)0243-0250. {비}0420-{비}{강도1}0600-{비}{강도0}0900-0920. {비}1258-1320. {박무}0830-{박무}{강도0}0900-0925.,
143,대구,2009-07-22,25.4,22.2,2356,31.5,1601,,,,,,,8.5,140,1930,5.3,140,1934,2.6,2272,270,18,39,1602,64.9,20.6,994.6,1004.9,2238,998.8,123,1001,14.2,6.1,1300,2.77,18.58,,,,,,4,3.4,29.4,18.4,,,,,,,,,,,,,{연무}0550-{연무}{강도0}0600-{연무}{강도0}0900-{연무}{강도0}1200-1320. {연무}1740-{연무}{강도0}1800-{연무}{강도0}2100-2115.,
143,대구,2009-07-23,24.7,20.2,529,29.4,1513,1.25,0,,0,,0,6.1,140,2139,4,140,2320,2.3,1996,110,18.6,51,1149,70,21.4,997.9,1005.5,902,1002.9,1724,1004.4,14.2,2.7,1000,2.53,16.73,,,,,,7,2.3,29.3,17.5,,,,,,,,,,,,,{박무}0515-{박무}{강도0}0600-0810. {연무}0805-{연무}{강도0}0900-1150. {연무}1250-{연무}{강도0}1500-1530. {햇무리}1130-1240. {비}1950-{비}{강도0}2100-2105.,
143,대구,2009-07-24,21.9,20.4,1020,23.3,3,9.5,1,701,4,702,14.5,6.8,90,1034,4.6,90,1026,1.9,1632,140,17.8,70,1714,78,20.3,995.9,1004.7,40,1000.6,1727,1002.5,14.2,0,1400,.47,3.4,,,,,,9.8,6.5,22.4,20.1,,,,,,,,,,,,,{비}0025-0035. {비}0410-{비}{강도0}0600-{비}{강도0}0900-{비}{강도0}1200-1330. {박무}0510-{박무}{강도0}0600-{박무}{강도0}0900-{박무}{강도0}1200-1340.,
143,대구,2009-07-25,22.6,21.2,548,25.5,1217,.33,0,,0,,0,8.4,90,1638,5,90,1532,2.2,1906,90,17,64,1211,71.3,19.4,998.9,1008.8,2207,1002.1,245,1005.5,14.2,0,1100,1.34,7.3,,,,,,10,6.5,23.9,20.4,,,,,,,,,,,,,{비}0645-0705.,
143,대구,2009-07-26,22.7,20.7,621,26.5,1453,,,,,,,8.4,140,1157,5.3,140,1211,3.8,3242,110,16.2,58,1314,67.1,18.4,1000.4,1008.4,0,1005.2,1802,1007,14.1,5.7,1200,3.28,21.62,,,,,,7.4,5.6,27.2,18.9,,,,,,,,,,,,,,
143,대구,2009-07-27,23.2,20.5,551,26.7,1540,,,,,,,7.7,140,1225,4.8,90,1638,3.1,2662,90,16.3,54,1558,65.6,18.5,1000.5,1007.7,241,1005.9,1740,1007,14.1,3.3,1000,2.16,18.41,,,,,,6.9,5.5,27.7,18.1,,,,,,,,,,,,,,
143,대구,2009-07-28,21.9,20,2339,24.5,1148,9.42,1.5,2311,6,2256,10.5,7,90,1458,4.1,110,1954,2.6,2213,110,17.6,64,1151,77.1,20.1,999.9,1007.7,656,1004.9,2348,1006.4,14.1,0,1000,1.09,6.61,,,,,,9.1,5,22.8,17.8,,,,,,,,,,,,,{비}1435-{비}{강도0}1500-{비}{강도0}1800-{비}{강도0}2100-{비}{강도1}2400- {박무}2210-{박무}{강도0}2400-,
143,대구,2009-07-29,23,19.8,224,27.9,1507,9.12,2.5,33,8.5,32,35,5.8,140,1641,3.9,140,1648,1.5,1298,110,18.7,56,1511,78.1,21.5,1000,1010.1,2256,1003.7,408,1006.5,14,1.4,1000,1.65,11.63,,,,,,8.5,4.6,25,19.4,,,,,,,,,,,,,-{비}-{비}{강도1}0300-{비}{강도0}0600-{비}{강도0}0900-0907. -{박무}-{박무}{강도0}0300-{박무}{강도0}0600-{박무}{강도0}0900-1030.,
143,대구,2009-07-30,24.4,21.4,433,29.8,1545,,,,,,,9.6,110,1901,5.8,110,1835,2.9,2475,110,17.8,52,1451,67.8,20.4,1003.7,1011.7,2314,1008.4,1732,1010.3,14,6.8,1100,2.73,20.91,,,,,,5.3,4.8,26,18.7,,,,,,,,,,,,,,
143,대구,2009-07-31,23.8,20.4,335,28.2,1517,,,,,,,7.3,140,2034,4.6,110,2107,2.5,2135,110,16.9,49,1529,66.4,19.2,1003.4,1011.8,801,1007.8,1731,1010,14,2.6,1000,2.2,16.93,,,,,,6.3,5.4,27.3,18.2,,,,,,,,,,,,,,
143,대구,2009-08-01,24.3,21.2,649,28.6,1507,,,,,,,7.4,140,2236,4.7,140,2243,2.9,2474,110,17.3,50,1445,66.3,19.8,1001,1009.1,0,1005.5,1809,1007.5,14,6.5,1300,2.89,21.73,,,,,,5.5,3.9,31.2,18.5,,,,,,,,,,,,,,
143,대구,2009-08-02,23.1,20.4,451,27,1703,,,,,,,7.3,70,2152,4.7,70,2146,2.8,2448,90,16.6,52,1705,67.8,18.9,1001.2,1009,2251,1006.2,1745,1007.7,13.9,1.8,1000,1.62,12.71,,,,,,5.6,5.4,25.9,17.1,,,,,,,,,,,,,{연무}0210-{연무}{강도0}0300-0430.,
143,대구,2009-08-03,22.3,19,351,25.2,1211,,,,,,,6.8,70,1311,4.3,90,1317,2.3,2024,50,16.7,58,1212,71.4,19,1002.5,1010.1,2308,1007.5,1413,1009.1,13.9,.4,1100,1.27,9.06,,,,,,7.5,4.3,25.4,15.3,,,,,,,,,,,,,,
143,대구,2009-08-04,23.9,19.1,552,29,1454,,,,,,,8.9,90,1827,5.4,90,1713,3,2620,110,16.6,47,1455,65.3,18.9,1002.6,1010,2335,1007.6,1608,1009.1,13.9,7.2,1200,3.05,22.7,,,,,,6.6,4.9,29.7,15.4,,,,,,,,,,,,,{달코로나}2105-2350.,
143,대구,2009-08-05,24.5,21.7,514,28.6,1402,,,,,,,9.7,140,1416,5.7,90,1644,3.4,2915,90,16.8,46,1416,63.4,19.1,1003.3,1010.8,2150,1008.4,1438,1009.8,13.9,7.5,1400,2.87,20.08,,,,,,5.5,4.6,29.8,18.2,,,,,,,,,,,,,,
143,대구,2009-08-06,22.8,21.4,816,24.6,1734,5.38,2.4,809,3,1015,8.5,7.8,140,1437,4.9,110,1444,3.3,2857,110,19.2,68,2,80.6,22.3,1004.4,1011.8,1047,1010.1,234,1010.9,13.8,0,1400,1.12,7.16,,,,,,9.9,7.3,23.7,20.6,,,,,,,,,,,,,{비}0753-0842. {박무}0820-{박무}{강도0}0900-{박무}{강도0}1200-1240. {비}0923-1140. {박무}1415-{박무}{강도0}1500-1620. {비}2055-{비}{강도0}2100-2257. {비}2345-{비}{강도0}2400-,
143,대구,2009-08-07,23.5,22,0,26,1052,5.75,1,1226,2,1220,3,8.1,140,1030,5,110,1023,2.4,2040,110,20.6,73,1039,83.9,24.3,1004.1,1011.6,0,1009.8,1817,1010.6,13.8,0,1000,1.54,7.51,,,,,,9.6,6.1,24.4,21.6,,,,,,,,,,,,,-{비}-0145. {비}0745-0820. {비}1220-{비}{강도0}1500-1545. {박무}0720-{박무}{강도0}0900-1030. {박무}1240-{박무}{강도0}1500-1740. {박무}2310-{박무}{강도0}2400-,
143,대구,2009-08-08,25.3,23,514,29.4,1439,,,,,,,9.1,90,1830,5.4,90,1709,3.6,3104,110,20.7,62,1442,76.3,24.4,1003,1010.7,820,1008,1646,1009.5,13.8,1.3,1300,2.87,16.16,,,,,,8.6,6.4,28.1,21.6,,,,,,,,,,,,,-{박무}-{박무}{강도0}0300-{박무}{강도0}0600-0720.,
143,대구,2009-08-09,24.2,22.7,432,26.6,1517,1.67,0,,0,,0,7.9,140,1318,4.9,140,1722,3.1,2695,110,19.6,65,1517,76.3,22.8,1001,1009.2,0,1006.3,1534,1007.5,13.7,0,1400,.86,6.85,,,,,,8.4,8.4,24.9,21.6,,,,,,,,,,,,,{박무}0520-{박무}{강도0}0600-{박무}{강도0}0900-1020. {이슬비}0740-{이슬비}{강도0}0900-0920.,
143,대구,2009-08-10,24.9,22.8,355,27.7,1328,,,,,,,6.8,140,2009,4.1,110,1704,2.3,1977,110,20.4,67,1330,76.4,24,1001.4,1009.3,2120,1006.6,350,1007.9,13.7,0,1200,1.2,7.75,,,,,,9.9,7.1,25.9,20.8,,,,,,,,,,,,,,
143,대구,2009-08-11,24.5,23.5,2129,26.7,1017,4.75,4,2054,12.5,2100,16.5,8.7,90,1049,5.2,90,1006,3,2633,90,21.3,70,1020,82.9,25.4,1000.4,1009.2,3,1003.9,2352,1006.9,13.7,0,1000,1.09,5.2,,,,,,9.8,6.8,25,22.6,,,,,,,,,,,,,{박무}0740-{박무}{강도0}0900-0920. {박무}1720-{박무}{강도0}1800-{박무}{강도0}2100-{박무}{강도0}2400- {비}1140-{비}{강도0}1200-1230. {비}1620-{비}{강도0}1800-1840. {비}2035-{비}{강도1}2100-2210.,
143,대구,2009-08-12,26.7,23.6,141,30.7,1124,6.7,4.5,133,7.5,58,10,8.3,270,1407,3.9,250,1203,1.8,1590,20,22.9,61,1118,80.8,28,993.2,1003.9,0,997.8,1543,999.6,13.6,.1,1100,.82,4.44,,,,,,10,6.4,26.4,23.2,,,,,,,,,,,,,-{박무}-{박무}{강도0}0300-0335. {비}0057-0250. {비}0450-0515. {비}0651-0725. {비}1445-1455. {비}1810-1830. {비}2040-{비}{강도0}2100-{비}{강도0}2400-,
143,대구,2009-08-13,26.6,22.5,530,32.7,1626,6.38,1,202,1,202,3,6.5,110,224,4.1,110,132,2,1706,110,21.2,46,1631,74,25.2,997.5,1007.2,2350,1000.1,3,1004,13.6,3.4,1400,2.8,16.69,,,,,,7.9,5.5,28.6,21.7,,,,,,,,,,,,,-{비}-0010. {비}0202-{비}{강도0}0300-{비}{강도0}0600-0815. {박무}0610-0820.,
143,대구,2009-08-14,27.6,24.3,536,32.3,1505,,,,,,,4.4,320,1321,2.9,50,1923,1.4,1240,290,20,41,1416,65.6,23.5,1002.1,1009.7,904,1007.2,0,1008.6,13.6,2.3,1000,2.32,15.74,,,,,,6.5,3.3,30.8,19.9,,,,,,,,,,,,,{박무}0420-{박무}{강도0}0600-0820. {연무}0815-{연무}{강도0}0900-1135.,
143,대구,2009-08-15,27.6,22.2,446,34,1544,,,,,,,8.1,110,2032,4.9,110,2034,2,1737,90,18.1,30,1536,59.9,20.9,1003.8,1012.4,2357,1008.6,1520,1010.2,13.5,10,1200,3.09,23.32,,,,,,1.4,1.4,32.2,18.1,,,,,,,,,,,,,{박무}0510-{박무}{강도0}0600-0855. {연무}0850-{연무}{강도0}0900-1130.,
143,대구,2009-08-16,25.2,23.5,508,29.2,1348,.13,0,,0,,0,8.6,110,1437,5.3,110,1445,2.8,2395,110,19,52,1349,68.8,21.9,1007.9,1016,2306,1012.3,12,1014.4,13.5,.1,1300,2,9.76,,,,,,9.5,5.9,27.6,19.8,,,,,,,,,,,,,{이슬비}0450-0458.,
143,대구,2009-08-17,25.1,23.6,739,26.9,1337,.33,0,,0,,0,7.9,110,1734,4.6,110,1739,2.6,2280,110,20.1,70,1307,73.9,23.5,1008.8,1016.6,705,1014,1728,1015.3,13.5,0,1200,.84,5.3,,,,,,9.5,6.9,26.2,21.7,,,,,,,,,,,,,{연무}0850-{연무}{강도0}0900-{연무}{강도0}1200-{연무}{강도0}1500-1559. {박무}1558-{박무}{강도0}1800-{박무}{강도0}2100-{박무}{강도0}2400- {비}1558-1618.,
143,대구,2009-08-18,27.1,22.4,558,31.5,1410,,,,,,,5.1,140,9,3.3,140,1,1.3,1154,50,20.7,51,1402,69.6,24.5,1007.2,1015,0,1012.1,1811,1013.6,13.4,2.3,900,1.95,14.19,,,,,,5.1,3.6,29.8,19.8,,,,,,,,,,,,,-{박무}-{박무}{강도0}0300-{박무}{강도0}0600-{박무}{강도0}0900-0925. {연무}0915-1040.,
143,대구,2009-08-19,28.8,23.9,534,33.7,1417,,,,,,,5.9,140,1440,3.5,140,1444,1.3,1101,70,21.5,45,1423,66.4,25.6,1005,1014,9,1009.1,1719,1011.4,13.4,5.3,1200,3.01,17.98,,,,,,4.8,1.9,32,20.6,,,,,,,,,,,,,{박무}0240-{박무}{강도0}0300-{박무}{강도0}0600-0855. {연무}0845-{연무}{강도0}0900-{연무}{강도0}1200-1430.,
143,대구,2009-08-20,28.5,24.8,547,33.2,1326,4.67,1.5,1838,4.5,1837,8.5,9.1,270,1516,4.6,270,1007,1.8,1554,270,21.8,49,1110,68.9,26.2,999.7,1009.5,0,1003.1,1541,1006.1,13.4,2.9,1200,2.78,16.2,,,,,,7.6,3.8,31.5,21.3,,,,,,,,,,,,,{박무}0240-{박무}{강도0}0300-{박무}{강도0}0600-0620. {박무}2030-{박무}{강도0}2100-{박무}{강도0}2400- {비}1755-{비}{강도0}1800-{비}{강도0}2100-2235. {천둥}{강도0}(NW)1802. {천둥}{강도0}(NW)1823-{뇌전}{강도0}(NW{이동}N 6~7)1839-{뇌전}{강도0}(N 5~6)1845-{뇌전}{강도0}(N{이동}NE 4~5)1853-1915.,
143,대구,2009-08-21,28.3,24.6,559,33,1538,,,,,,,7.3,340,1441,4.3,270,1036,2.5,2119,290,15.7,24,1608,50.1,18.4,999.6,1007.1,1039,1004.6,1548,1006,13.3,11.5,1200,3.1,24.47,,,,,,2.5,1.6,31.5,18.3,,,,,,,,,,,,,-{박무}-{박무}{강도0}0300-{박무}{강도0}0600-0610.,
143,대구,2009-08-22,27.2,21.8,529,33.2,1545,,,,,,,7.8,270,1327,4.6,320,1422,2.2,1901,290,13.6,22,1414,45.6,15.7,1000.4,1008.3,2140,1005.3,1556,1006.9,13.3,10.7,1200,3.09,23.16,,,,,,3.1,2.9,30.9,16.2,,,,,,,,,,,,,,
143,대구,2009-08-23,27.8,23.7,2356,33.1,1442,,,,,,,9.8,290,1436,5,320,1436,2.8,2377,270,12.4,20,1517,40.5,14.5,1002.5,1010.7,2350,1007.6,103,1009,13.3,10.2,1100,3.28,24.27,,,,,,4.4,3.9,32.3,17.2,,,,,,,,,,,,,,
143,대구,2009-08-24,24.9,19.9,612,30.6,1351,,,,,,,9,90,1734,6.3,90,1812,3.2,2731,90,15.2,36,1352,56.1,17.2,1005.9,1013.7,2148,1010.6,57,1012.5,13.2,11.3,1200,3.27,23.9,,,,,,2.6,2.3,31.5,15.5,,,,,,,,,,,,,,
143,대구,2009-08-25,25,21.3,623,30,1509,,,,,,,6.9,90,1802,4.4,90,1758,2.2,1938,110,16.4,39,1510,60.3,18.7,1005.7,1013.9,946,1010.4,1632,1012.3,13.2,4.2,1200,3.02,16.32,,,,,,5.6,5.1,31.6,18.6,,,,,,,,,,,,,,
143,대구,2009-08-26,26.3,21.7,517,31.7,1444,,,,,,,6.8,290,1148,3.3,270,1424,1.7,1480,110,17.1,34,1702,59.1,19.6,1002.3,1012,0,1006,1800,1008.8,13.2,6.3,1200,2.73,18.54,,,,,,4.1,4.1,31.8,18,,,,,,,,,,,,,,
143,대구,2009-08-27,27.1,23.1,305,30.9,1158,,,,,,,9.1,250,1439,4.7,270,1447,1.9,1623,50,19.9,47,1012,65.9,23.4,998.2,1007.1,0,1003,1249,1004.6,13.1,1,1100,2.04,11.76,,,,,,8.9,4.9,29.1,19.2,,,,,,,,,,,,,,
143,대구,2009-08-28,28.1,24.1,2359,33.2,1545,.2,0,,0,,0,8.7,290,1608,4.7,290,1625,2.5,2159,320,17.7,34,1524,55.6,20.6,999.9,1010,2357,1004.3,430,1006.3,13.1,8.8,1200,3.05,22.44,,,,,,2.4,1.4,34.4,17,,,,,,,,,,,,,{비}0333-0345. {박무}0320-{박무}{강도0}0600-0745.,
143,대구,2009-08-29,23.8,19.7,548,28.5,1251,,,,,,,10.4,90,1421,6.2,90,1452,3.2,2807,90,15.5,42,1036,60.5,17.6,1006.2,1015.5,2359,1010,0,1012.8,13.1,6.2,1200,2.62,19.25,,,,,,6,1.9,29.1,15,,,,,,,,,,,,,,
143,대구,2009-08-30,22.5,21.1,2125,24.5,1203,.08,0,,0,,0,8.8,110,1122,5.6,90,1125,3,2582,90,14.4,48,1205,61,16.5,1009,1016.8,2052,1014.4,502,1015.6,13,0,1100,1.31,7.47,,,,,,10,5.5,24,18.3,,,,,,,,,,,,,{비}1525-1530.,
143,대구,2009-08-31,22.4,19.6,520,26.9,1130,,,,,,,9.2,90,1151,5.7,90,1154,2.7,2334,90,13.5,42,1131,58.1,15.5,1009.9,1018.3,2203,1015.3,1513,1016.6,13,2.9,1100,2.09,14.47,,,,,,6.1,3.4,26.6,14.3,,,,,,,,,,,,,,
143,대구,2009-09-01,21.7,16.3,611,27.6,1259,,,,,,,9.1,70,1705,5.6,90,1711,2.8,2451,90,12.8,38,1448,58.5,14.8,1011.7,1019.9,819,1017,1450,1018.4,13,8.4,1200,3.07,20.6,,,,,,3.6,1.6,28.3,11.2,,,,,,,,,,,,,,
143,대구,2009-09-02,22.5,17.2,559,28.5,1449,,,,,,,8.1,90,2020,5,90,1103,2.7,2368,90,13.3,34,1348,58.3,15.3,1011.2,1019.4,730,1015.5,1530,1017.8,12.9,10.4,1300,2.99,22.19,,,,,,3.4,2.4,29.9,12.6,,,,,,,,,,,,,,
143,대구,2009-09-03,22.8,16.5,558,29.2,1524,,,,,,,8.5,90,1809,5.6,90,1843,2.6,2273,110,15,37,1324,63.5,17.1,1009.3,1018.1,827,1013.4,1608,1015.9,12.9,9,1100,2.92,21.6,,,,,,3.8,1.8,29.3,12.8,,,,,,,,,,,,,,
143,대구,2009-09-04,23.2,20.1,408,27.9,1417,,,,,,,8.4,70,1831,5.3,90,1704,2.9,2484,110,17,54,1351,69,19.4,1005.9,1014.7,2,1010.7,1508,1012.5,12.8,3.2,1300,2.76,15.58,,,,,,5.8,4.8,27.8,16.9,,,,,,,,,,,,,,
143,대구,2009-09-05,24.7,19.1,441,31.3,1501,,,,,,,8,140,2059,4.5,110,2059,2.1,1784,110,15.7,35,1502,59.9,17.8,1002.5,1011.4,0,1006.5,1712,1009.1,12.8,9.8,1200,2.95,21.29,,,,,,2.4,.6,31.9,15.9,,,,,,,,,,,,,,
143,대구,2009-09-06,26,18.7,551,33.3,1452,,,,,,,6.9,320,1446,4.2,110,2303,2.1,1835,90,16.4,33,1648,58.3,18.7,1000.7,1009,702,1004.9,1522,1007.1,12.8,10.6,1200,2.84,21.07,,,,,,1.1,.5,32.3,16.1,,,,,,,,,,,,,,
143,대구,2009-09-07,27,21.4,613,33,1453,,,,,,,6.3,320,1842,3.6,320,1705,1.9,1663,290,18.1,39,1336,60.3,20.8,999.3,1008.1,719,1003.3,1610,1005.7,12.7,6.6,1100,2.55,18.06,,,,,,3.5,3.5,33,18.6,,,,,,,,,,,,,,
143,대구,2009-09-08,23.8,21,724,27.4,1409,.75,.5,717,.5,710,.5,9.1,70,1835,5.2,90,1727,3.2,2733,110,17,49,1611,66.8,19.5,1000.1,1008.5,2227,1004.9,157,1006.6,12.7,4.7,1300,2.66,13.64,,,,,,7.6,6,28.9,19.3,,,,,,,,,,,,,{박무}0640-0730. {비}0710-0755.,
143,대구,2009-09-09,24.7,21,637,30.2,1513,,,,,,,6.9,320,1515,3.8,140,16,2,1687,110,13.7,33,1443,52.1,15.7,1001.8,1009.9,1017,1006.1,1542,1008.3,12.7,5,1300,2.52,16.33,,,,,,4.9,2.4,29.7,16.9,,,,,,,,,,,,,,
143,대구,2009-09-10,24.6,17.5,615,31.6,1510,,,,,,,6.1,320,1429,3.8,140,2018,1.8,1516,50,11.3,15,1454,48.4,13.9,1003.1,1011.5,732,1007.7,1630,1009.6,12.6,11,1100,2.87,21.4,,,,,,4.3,2.3,30.4,11.9,,,,,,,,,,,,,,
143,대구,2009-09-11,23.1,18.9,2337,28.4,1221,6.58,.5,1742,1,1734,3,5.3,270,1527,3.5,270,1534,1.5,1254,270,16,37,1204,66,18.2,1002.5,1010.4,734,1007.5,1615,1009,12.6,.6,1100,1.84,10.02,,,,,,8.6,6,25.4,16.3,,,,,,,,,,,,,{달무리}0330-0350. {연무}0830-{연무}{강도0}0900-1030. {비}1715-{비}{강도0}1800-{비}{강도0}2100-2350. {박무}2030-{박무}{강도0}2100-{박무}{강도0}2400-,
143,대구,2009-09-12,21.7,17.8,608,28.2,1524,,,,,,,11.1,320,1627,5.1,320,1636,2.3,1998,290,12.1,33,1554,56.8,14.2,1000,1010.7,2348,1002.8,1454,1006.6,12.5,6,1200,3.08,16.53,,,,,,5.8,4.4,23.6,14.7,,,,,,,,,,,,,-{박무}-0240.,
143,대구,2009-09-13,22.6,16.2,610,29.5,1555,,,,,,,6.1,140,2103,3.8,110,2148,1.6,1377,290,11.6,27,1547,52.9,13.8,1007.6,1016,945,1010.7,0,1014.3,12.5,10.7,1200,2.99,21.86,,,,,,1.6,1.6,28.5,11.8,,,,,,,,,,,,,,
143,대구,2009-09-14,20.7,18,700,24.8,1329,7.08,.5,2219,1.5,2213,2,4.3,270,2158,2.7,270,2200,1.4,1226,320,14.8,47,1321,70.3,16.9,1007.6,1016.1,622,1011.9,1616,1014.2,12.5,0,1200,1.05,6.14,,,,,,9,3,21,15.6,,,,,,,,,,,,,{연무}1340-{연무}{강도0}1500-1605. {비}1435-1455. {비}1710-{비}{강도0}1800-{비}{강도0}2100-2355. {박무}2240-{박무}{강도0}2400-,
143,대구,2009-09-15,22.2,16.3,547,28.7,1525,,,,,,,6.5,320,1633,3.5,290,1623,2,1715,290,13,32,1404,59.6,15,1005.1,1013.2,756,1009.1,1524,1011.7,12.4,10.9,1200,2.95,21.03,,,,,,2,1,26.1,13.4,,,,,,,,,,,,,-{박무}-{박무}{강도0}0300-{박무}{강도0}0600-0740.,
143,대구,2009-09-16,22.8,18.3,556,28.7,1358,,,,,,,6.5,70,1758,4.1,70,1800,2,1769,270,11.9,29,1401,52.4,14,1007.3,1015.2,2334,1012,1358,1013.9,12.4,6.9,1100,2.83,17.29,,,,,,2.8,2.4,25.4,13.3,,,,,,,,,,,,,{연무}0130-{연무}{강도0}0300-{연무}{강도0}0600-{연무}{강도0}0900-0920.,
143,대구,2009-09-17,22.7,16.8,607,28.6,1358,,,,,,,5.2,160,2100,3.2,140,2106,1.6,1413,90,12.6,31,1554,55.9,14.7,1007.7,1016.2,802,1012,1552,1014.4,12.4,6.3,1100,2.78,16.26,,,,,,3.4,2,26.7,13.4,,,,,,,,,,,,,{박무}0450-{박무}{강도0}0600-0620.,
143,대구,2009-09-18,22.9,17.4,607,31.3,1405,,,,,,,9.6,110,1844,6,90,1809,2.5,2141,20,12,17,1642,54.5,14.2,1007.1,1015.4,2300,1010.5,1546,1013.7,12.3,10.5,1200,2.94,20.36,,,,,,.4,.4,27.9,13,,,,,,,,,,,,,{박무}0340-0520. {연무}0930-1140.,
143,대구,2009-09-19,21.1,16.1,550,27.2,1406,,,,,,,9.6,140,1503,6,140,1503,2.7,2295,90,11,32,1253,54.6,13.1,1008.3,1016.2,905,1012.6,1504,1014.9,12.3,10,1300,2.79,20.42,,,,,,1.6,1.6,26,10.6,,,,,,,,,,,,,,
143,대구,2009-09-20,21.2,15.4,551,27,1537,,,,,,,8.8,70,1008,5.1,110,1144,2.6,2250,90,11.3,33,1539,55.3,13.4,1008.4,1016.6,825,1013.5,1533,1015,12.2,10.3,1100,2.83,20.07,,,,,,4,2.1,26.9,10.2,,,,,,,,,,,,,,
143,대구,2009-09-21,20.1,18.9,605,22.5,1247,5.92,.2,,.2,,.5,6,140,1,3.4,110,1,1.4,1180,50,14.7,56,1328,72.3,16.8,1007.8,1015.9,2218,1013.1,1349,1014.4,12.2,0,1200,.72,4.3,,,,,,9.6,4.5,20.8,16.7,,,,,,,,,,,,,{비}1255-{비}{강도0}1500-{비}{강도0}1800-1850. {박무}1830-2030.,
143,대구,2009-09-22,22,17.9,710,27.6,1321,,,,,,,7.2,90,1713,4.5,90,1500,1.9,1667,90,14.8,40,1322,65.6,16.9,1010.4,1018.3,908,1015.4,1458,1017,12.2,3.3,1100,2.45,12.73,,,,,,8.9,5.5,23.9,16,,,,,,,,,,,,,{박무}0520-{박무}{강도0}0600-{박무}{강도0}0900-0920. {연무}0915-1040.,
143,대구,2009-09-23,21.7,18.7,444,26.5,1551,7.33,1,424,2.5,352,7,4.7,140,405,3.1,110,412,1.3,1104,70,17.4,58,1554,77.6,20,1011.3,1019.3,933,1016.5,1645,1017.9,12.1,1.8,1400,1.97,9.12,,,,,,6,4.5,22.8,16.7,,,,,,,,,,,,,{비}0340-0555. {비}0630-{비}{강도0}0900-1135. {박무}0730-{박무}{강도0}0900-{박무}{강도0}1200-1340.,
143,대구,2009-09-24,23.6,19.1,654,30.1,1507,,,,,,,6.2,140,1841,3.9,140,2045,1.5,1332,110,17,36,1508,69.9,19.5,1011.4,1019.7,917,1015.9,1517,1017.9,12.1,4.1,1200,2.58,13.97,,,,,,6.9,3.3,24.8,16.1,,,,,,,,,,,,,{박무}0030-{박무}{강도0}0300-{박무}{강도0}0600-{시정(미만)}{1km}{안개}0650-{시정(이상)}{1km}{박무}0730-{박무}{강도0}0900-1030. {연무}1020-{연무}{강도0}1200-1235.,.67
143,대구,2009-09-25,22.9,19.9,413,27,1428,,,,,,,4.7,140,2248,3.1,140,2249,1.6,1419,90,17.6,54,1650,73,20.1,1009.7,1018.1,839,1014.6,1748,1016.3,12,0,1200,1.38,8.21,,,,,,9.8,4.3,24.3,17.8,,,,,,,,,,,,,{박무}0015-{박무}{강도0}0300-{박무}{강도1}0600-{박무}{강도0}0900-1045. {연무}1040-{연무}{강도0}1200-{연무}{강도0}1500-{연무}{강도0}1800-{연무}{강도0}2100-{연무}{강도0}2400-,
143,대구,2009-09-26,23,18.2,531,28.6,1407,,,,,,,10.3,110,1535,5.4,90,1613,2.5,2192,110,16.4,41,1409,68.6,18.7,1010.8,1018.7,2214,1015.7,1435,1017.4,12,6.4,1200,2.62,15.72,,,,,,5.1,2.4,25.6,14.6,,,,,,,,,,,,,-{연무}-0055. {박무}0050-{박무}{강도0}0300-0520.,
143,대구,2009-09-27,20.7,19.5,2348,22.1,0,15.95,1.5,1957,4.5,1931,20.5,5.4,140,1543,3.2,110,1547,1.7,1472,90,17.2,69,924,80.9,19.6,1009.9,1018.7,1033,1014,2355,1016.6,12,0,1200,.52,3.56,,,,,,9.8,5.8,21,16.7,,,,,,,,,,,,,{박무}0630-0720. {박무}1230-{박무}{강도0}1500-{박무}{강도0}1800-{박무}{강도0}2100-{박무}{강도0}2400- {비}0803-{비}{강도0}0900-{비}{강도0}1200-{비}{강도0}1500-{비}{강도0}1800-{비}{강도1}2100-{비}{강도1}2400-,
143,대구,2009-09-28,20,18.8,718,23.2,1635,11.67,1,35,3,31,8,4.8,270,650,3.3,140,1257,1.5,1278,250,17,66,1638,83.9,19.4,1008.6,1018.6,2329,1011.4,406,1015.3,11.9,.9,1500,1.2,5.44,,,,,,9.1,5.4,21.2,17.4,,,,,,,,,,,,,-{박무}-{박무}{강도0}0300-{박무}{강도0}0600-{박무}{강도0}0900-1150. -{비}-{비}{강도0}0300-{비}{강도0}0600-0620. {비}0740-{비}{강도0}0900-{비}{강도0}1200-1240. {비}1330-1350.,
143,대구,2009-09-29,21.3,17.9,609,25.4,1159,,,,,,,7.4,110,1635,4.5,110,1612,2,1688,90,16.3,57,1200,74.6,18.5,1013.1,1021.2,2217,1017.9,101,1019.8,11.9,.5,1100,1.79,10.49,,,,,,9.6,5.1,21.5,16,,,,,,,,,,,,,{박무}0020-{박무}{강도0}0300-{박무}{강도0}0600-{박무}{강도0}0900-0940.,
143,대구,2009-09-30,20.9,18.3,630,25,1442,,,,,,,7.6,90,1606,4.8,90,1606,1.8,1528,90,15.4,48,1710,71.9,17.5,1013.9,1022.3,926,1019.1,1700,1020.6,11.9,.8,1300,1.33,9.01,,,,,,6.8,2.4,20.8,14.7,,,,,,,,,,,,,{박무}0615-0740.,
143,대구,2009-10-01,21.9,15.6,552,27.9,1413,2.92,.1,,.1,,.2,5,160,1053,2.9,110,1119,1.3,1150,50,14.7,33,1258,66.5,16.8,1009.4,1020.2,1,1011.3,2354,1016,11.8,6.8,1100,2.67,17,,,,,,4.5,2.5,23.8,12.7,,,,,,,,,,,,,{비}1755-{비}{강도0}1800-1940. {비}2250-{비}{강도0}2400-,
143,대구,2009-10-02,22,18.8,2335,27.2,1458,6.33,2.5,26,7.5,3,19,8.5,290,1957,4.4,290,2011,2.3,1970,270,12.8,37,1459,59.4,15.2,1001.7,1011.9,42,1005.7,1453,1008.3,11.8,8.3,1100,2.49,16.57,,,,,,4.6,2.8,21.8,13.1,,,,,,,,,,,,,-{비}-{비}{강도1}0300-{비}{강도0}0600-0620. {박무}0020-{박무}{강도1}0300-{박무}{강도0}0600-{박무}{강도0}0900-0930.,
143,대구,2009-10-03,19.8,15.4,2346,26,1453,,,,,,,7.4,320,1719,4.3,290,1422,2.1,1793,270,3.6,15,1343,36.8,8,1007.1,1015.9,2328,1010.1,0,1013.7,11.8,10.3,1200,2.86,19.73,,,,,,1.4,.3,19,9.5,,,,,,,,,,,,,,
143,대구,2009-10-04,18.3,13,621,25.5,1433,,,,,,,8.3,320,1316,4.6,320,1318,1.6,1349,290,7.8,31,1531,52.4,10.6,1009.8,1019.2,2342,1014.9,536,1016.5,11.7,5.3,1200,2.6,15.41,,,,,,3.9,.5,19.1,8.7,,,,,,,,,,,,,{달무리}2150-2340.,
143,대구,2009-10-05,17.6,11.4,644,24.6,1515,,,,,,,5.3,320,1525,2.2,70,822,1.1,944,50,4.7,16,1632,47.4,8.8,1011.5,1020.3,849,1015.8,1625,1018.3,11.7,9.4,1200,2.45,16.98,,,,,,4.3,.6,17.7,7,,,,,,,,,,,,,,
143,대구,2009-10-06,17.7,11.4,531,24.1,1519,,,,,,,8.1,90,1702,5,90,1742,1.8,1595,90,9.2,40,1614,58.8,11.6,1012.2,1020.2,758,1017.6,1522,1018.9,11.7,6.1,1300,2.56,14.37,,,,,,3.3,.5,18.2,7.6,,,,,,,,,,,,,,
143,대구,2009-10-07,18.1,13.5,500,22.9,1159,.42,.1,,.1,,.1,12.2,90,1240,6.2,70,1551,2.5,2151,50,8.9,39,1144,56.8,11.5,1008.4,1019.1,42,1011.3,2348,1015.1,11.6,.9,1100,1.7,8.43,,,,,,7.4,1.9,18.1,8.9,,,,,,,,,,,,,{비}1230-1245. {비}1345-1355.,
143,대구,2009-10-08,17.7,15,655,22.9,1342,,,,,,,7.2,20,1239,4.1,360,1410,2,1702,50,5.5,30,1226,45.6,9.1,1005.8,1014.6,2137,1010.9,154,1012.5,11.6,3.1,1200,1.87,11.18,,,,,,6.4,6,18.9,8.1,,,,,,,,,,,,,,
143,대구,2009-10-09,16.6,10.6,638,22.7,1418,,,,,,,6.7,290,1548,3.2,110,1956,1.4,1189,50,6,23,1551,53.5,9.5,1008.4,1016.8,2349,1013.2,1548,1015.2,11.5,10.1,1200,2.63,16.77,,,,,,1.8,1.8,18.5,5.5,,,,,,,,,,,,,,
143,대구,2009-10-10,16.5,10.8,628,23.4,1549,,,,,,,5.9,270,1238,3.1,320,1315,1.5,1265,20,7.4,29,1244,58.1,10.3,1012.2,1021.4,2259,1016.7,0,1019,11.5,7.8,1200,2.63,14.21,,,,,,1.3,1.3,17.6,6.4,,,,,,,,,,,,,,
143,대구,2009-10-11,17.2,10.4,607,23.7,1549,,,,,,,5.6,320,1438,2.9,140,2113,1.3,1161,50,7.7,29,1550,57.4,10.6,1014.6,1023.7,922,1019.8,1613,1021.4,11.5,8.6,1100,2.47,14.74,,,,,,3.9,2.8,19.3,5.8,,,,,,,,,,,,,,
143,대구,2009-10-12,18.2,13,631,23.2,1326,,,,,,,6.7,250,1443,3.7,250,1357,1.7,1467,270,8.8,38,1328,56.6,11.3,1010.6,1020.8,6,1014.2,1557,1017.4,11.4,5.1,1100,2.34,12.65,,,,,,4,2,19,8.6,,,,,,,,,,,,,,
143,대구,2009-10-13,18,13.3,541,23.7,1432,,,,,,,7.9,290,2352,4.4,290,2358,2.1,1805,270,5.5,20,1323,47.3,9.2,1008.6,1017.1,845,1013.2,1547,1015.3,11.4,8.9,1100,2.55,15.7,,,,,,4.4,1.3,19.9,7.1,,,,,,,,,,,,,,
143,대구,2009-10-14,15.3,12.5,2257,19.4,1507,4.58,.5,40,2,43,3.5,8.7,320,1341,4.8,290,1247,2.2,1886,290,8.4,40,1525,65.6,11.1,1009.8,1019.7,2350,1013.4,435,1016.6,11.4,6,1300,2.19,12.01,,,,,,4.9,3.6,17.1,7.4,,,,,,,,,,,,,{비}0010-{비}{강도0}0300-0440. {박무}0030-{박무}{강도0}0300-{박무}{강도1}0600-{박무}{강도0}0900-0930. {비}1125-1130.,
143,대구,2009-10-15,15.9,9.4,533,22.7,1422,,,,,,,6.8,320,1536,3.6,270,1314,1.4,1202,20,6,21,1553,56.3,9.5,1011.9,1021,752,1016.2,1706,1018.7,11.3,9.7,1200,2.54,15.85,,,,,,0,0,16.7,5.2,,,,,,,,,,,,,{박무}0420-{박무}{강도0}0600-0610.,
143,대구,2009-10-16,16.5,9.6,606,23.4,1441,,,,,,,5.7,270,1254,3.4,270,1257,1.2,1039,20,5.8,20,1454,53.1,9.3,1006.4,1017.9,105,1009.1,2358,1013.2,11.3,9.3,1100,2.37,14.9,,,,,,3.3,.4,17.4,4.3,,,,,,,,,,,,,,
143,대구,2009-10-17,16.3,11.8,638,21.5,1336,1.75,1,400,2.5,404,3,11.8,270,1454,6.2,270,1428,2.9,2548,270,6.2,28,1431,54.3,9.6,998.7,1009.1,0,1003.3,1341,1005.5,11.2,6.4,1200,2.08,11.86,,,,,,4.4,3.5,15.3,7.3,,,,,,,,,,,,,{뇌전}{강도0}(NW 6~7)0348-{뇌전}{강도0}(NW 5~6)0357-{뇌전}{강도0}(NW{이동}N 3~4)0402-{뇌전}{강도1}(N 2~3)0407-{뇌전}{강도0}(N{이동}NE 4~5)0411-{뇌전}{강도0}(NE 6~7)0416-0430. {소나기}0355-{비}0440-0540.,
143,대구,2009-10-18,16.5,12.2,640,21.3,1444,,,,,,,10.4,270,1110,5.6,290,1050,2.5,2178,270,3.3,23,1435,42.8,7.8,1001.9,1010.7,847,1006.6,1613,1008.6,11.2,9.6,1200,2.59,16.46,,,,,,2.5,.1,17.2,5.7,,,,,,,,,,,,,,
143,대구,2009-10-19,16,11.2,556,23.7,1329,,,,,,,13.1,270,1226,8.2,270,1230,3.4,2961,270,2.8,19,1306,43.9,7.6,1000.9,1013.3,2400,1004,1233,1007.7,11.2,7.2,1300,2.28,14.07,,,,,,1.9,1.1,17.3,5.9,,,,,,,,,,,,,{황사}1230-1340.,
143,대구,2009-10-20,13.7,9.8,2349,18.7,1530,,,,,,,10.9,320,1204,5.9,270,1334,2.8,2399,270,0,20,1348,41.1,6.2,1010.3,1019.9,2308,1013.3,0,1017.2,11.1,8.2,1200,2.57,15.29,,,,,,1,1,16.1,3.8,,,,,,,,,,,,,,
143,대구,2009-10-21,14.9,7,503,22.6,1533,,,,,,,5.8,340,1356,3.4,320,1402,1.4,1235,270,1.9,22,1653,44,7.1,1013.7,1022,947,1018.6,1504,1020.6,11.1,6.2,1000,1.87,13.32,,,,,,1.5,0,15.9,2,,,,,,,,,,,,,,
143,대구,2009-10-22,14.7,7.9,642,21.6,1542,,,,,,,3.9,180,1344,1.9,70,549,.9,796,20,.1,17,1616,40.4,6.2,1013.9,1023.4,802,1018.6,1744,1020.7,11.1,6.2,1100,2.14,12.11,,,,,,4.5,.3,15.1,1.7,,,,,,,,,,,,,,
143,대구,2009-10-23,15.8,7.8,614,24.7,1515,,,,,,,5.6,160,2245,3.6,140,2254,1.2,1074,50,2.8,16,1712,46.3,7.6,1012.5,1021.2,843,1016.6,1418,1019.3,11,9,1200,2.19,13.71,,,,,,0,0,16.1,3.4,,,,,,,,,,,,,,
143,대구,2009-10-24,16.4,11.2,710,22.6,1249,,,,,,,9.1,90,1555,5.5,110,1428,2.8,2406,110,9.8,43,1358,66.6,12.2,1013.7,1021.7,848,1018.8,1410,1020.5,11,8.3,1200,2.26,13.76,,,,,,1.1,1.1,17.7,5.3,,,,,,,,,,,,,{연무}0240-{연무}{강도0}0300-0515. {박무}0510-{박무}{강도0}0600-0720.,
143,대구,2009-10-25,15.8,10.5,641,21.6,1403,,,,,,,7.7,140,1430,4.9,110,1336,2.2,1942,110,7.8,33,1223,62.4,10.7,1013.4,1022.8,806,1018.2,1439,1020.2,11,8.3,1100,2.44,14.22,,,,,,3.3,.8,17.1,4,,,,,,,,,,,,,{박무}0210-{박무}{강도0}0300-{박무}{강도0}0600-0640.,
143,대구,2009-10-26,16.7,10.4,636,23.5,1446,,,,,,,5.6,270,1229,2.9,270,1441,1.4,1216,270,7.3,29,1429,56.9,10.3,1008.9,1018.6,15,1013.3,1444,1015.6,10.9,9.4,1200,2.12,13.24,,,,,,.4,.3,17.3,2.4,,,,,,,,,,,,,,
143,대구,2009-10-27,16.9,11.7,546,23.5,1447,,,,,,,6.9,270,1216,4.1,270,1217,1.4,1239,270,6.6,26,1510,54,9.8,1011.1,1022.4,2350,1014.5,0,1017.9,10.9,7.9,1200,2.07,12.41,,,,,,.5,.5,17.2,5.6,,,,,,,,,,,,,{박무}0620-0755. {연무}0750-{연무}{강도0}0900-{연무}{강도0}1200-1230.,
143,대구,2009-10-28,16.2,9.3,650,23.9,1502,,,,,,,4.6,250,1458,2.7,270,1518,1.1,977,20,5.8,22,1618,53.4,9.2,1016.4,1025,936,1021.3,1411,1023.3,10.9,8.7,1200,2.12,13.03,,,,,,2,2,17.1,3.7,,,,,,,,,,,,,{연무}0240-{연무}{강도0}0300-0350. {박무}0340-{박무}{강도0}0600-0815. {연무}0810-{연무}{강도0}0900-{연무}{강도0}1200-1430. {연무}2030-{연무}{강도0}2100-{연무}{강도0}2400-,
143,대구,2009-10-29,17.4,12.3,609,22.9,1617,,,,,,,4.1,230,1235,2.6,270,1208,1,853,50,9.5,39,1623,61.1,11.9,1015.3,1024.3,812,1019.9,1603,1022.1,10.8,4.5,1000,1.67,8.5,,,,,,5.4,3.6,17.1,6.1,,,,,,,,,,,,,-{연무}-{연무}{강도0}0300-0550. {박무}0545-{박무}{강도0}0600-0820. {연무}0815-{연무}{강도0}0900-{연무}{강도0}1200-{연무}{강도0}1500-1640.,
143,대구,2009-10-30,18.2,13.3,710,24.1,1544,,,,,,,6.8,110,1647,4.2,90,1608,1.8,1540,20,10.6,32,1548,63.3,12.9,1017,1025.5,2115,1021.6,0,1023.7,10.8,4.9,1300,1.54,9.77,,,,,,4.4,.4,19.2,7.8,,,,,,,,,,,,,{박무}0330-{박무}{강도0}0600-0740. {연무}0825-{연무}{강도0}0900-{연무}{강도0}1200-1340.,
143,대구,2009-10-31,18.9,12.9,655,25.1,1502,,,,,,,6.8,250,1643,3.1,250,1517,1.2,1034,90,12.2,35,1506,67.8,14.2,1010.8,1024.9,0,1012.9,2355,1017.5,10.7,4.3,1100,1.91,9.92,,,,,,3.4,1.1,18.4,6.5,,,,,,,,,,,,,{박무}0320-{박무}{강도0}0600-{박무}{강도0}0900-1030. {연무}1025-{연무}{강도0}1200-1320.,
143,대구,2009-11-01,15.3,10.3,2339,21.4,138,3.25,,,,,.4,9.6,320,1354,5.2,290,158,2.6,2284,290,5.6,36,1452,53.5,9.3,1009.8,1019.4,2320,1012.4,140,1016.6,10.7,3.1,1400,1.85,7.86,,,,,,6.9,4.5,17.3,4,,,,,,,,,,,,,{비}0150-{비}{강도0}0300-0410. {비}0935-1030.,
143,대구,2009-11-02,6.3,1.3,2358,10.4,9,,,,,,,11.2,320,1020,6.1,320,1410,3.8,3249,290,-7.3,23,1546,38.3,3.7,1018.6,1031.8,2313,1019.3,1,1025.7,10.7,9.8,1100,2.37,14.97,,,,,,.5,.5,10.3,-2.9,,,,,,,,,,,,,,
143,대구,2009-11-03,6.7,-.1,430,13.7,1504,,,,,,,7.9,320,1356,4.5,290,1442,2.7,2356,270,-6.9,28,1148,37.9,3.9,1024.8,1035.1,927,1029.8,1500,1032,10.7,10.2,1200,2.34,14.92,,,,,,0,0,9.2,-4.6,,,,,,,,,,,,,,
143,대구,2009-11-04,10.5,2.8,555,16,1547,,,,,,,7.2,250,1319,4.2,270,1315,1.5,1263,270,1.7,39,1245,56,7,1021.3,1030.8,5,1026,2357,1028.3,10.6,5.1,1100,2.07,10.1,,,,,,5.4,1.6,11.4,-3.5,,,,,,,,,,,,,,
143,대구,2009-11-05,14.8,9.1,611,21.8,1458,,,,,,,3.9,270,1534,2.3,270,1600,.7,590,20,6.4,38,1431,58.9,9.7,1016.3,1026.1,20,1020.7,1702,1023.2,10.6,6.1,1200,1.89,10.55,,,,,,4.5,3.1,15.3,2,,,,,,,,,,,,,,
143,대구,2009-11-06,16.2,9.2,607,23.8,1509,,,,,,,5.7,250,1424,3.3,270,1303,1.1,914,20,8.3,34,1302,62.3,10.9,1011.9,1021.6,112,1015.7,1700,1018.7,10.6,8.1,1200,2.18,12.59,,,,,,1.5,1.3,15.9,2.4,,,,,,,,,,,,,,
143,대구,2009-11-07,17.8,11.6,728,24.7,1440,,,,,,,5.1,270,1458,3,290,1450,1,831,270,11,40,1346,66.6,13.1,1011.3,1019.7,840,1016.3,1457,1018.1,10.5,6.1,1100,1.88,11.18,,,,,,5,2.1,17.8,4.2,,,,,,,,,,,,,{박무}0630-0840. {연무}0955-{연무}{강도0}1200-1220.,
143,대구,2009-11-08,17.9,16.1,458,23.1,1024,5.5,,,,,11,4.9,250,1126,2.2,20,1624,.8,729,20,14.9,59,1116,82.9,17,1008.8,1018.2,0,1013.5,1710,1015.5,10.5,.7,900,1.14,3.78,,,,,,8.9,4.9,16.4,10.6,,,,,,,,,,,,,{비}0555-{비}{강도0}0600-0625. {비}1110-{비}{강도0}1200-1250. {비}1330-{비}{강도1}1500-1650. {박무}2140-{박무}{강도0}2400-,
143,대구,2009-11-09,18,15.8,651,21.9,1213,,,,,,,8,90,1454,4.9,110,1902,2.4,2075,110,13.6,58,1314,76.8,15.6,1007.9,1016.1,941,1013.2,1454,1014.7,10.5,1.6,1100,2.1,7.39,,,,,,8.8,6.8,17.5,12.4,,,,,,,,,,,,,-{박무}-{박무}{강도0}0300-{박무}{강도1}0600-{시정(미만)}{1km}{안개}0820-{안개}{강도0}0900-{시정(이상)}{1km}{박무}0940-1130.,1.33
143,대구,2009-11-10,15,13.1,1913,16.7,1202,6.5,,,,,2.5,8.2,110,1237,5.1,90,1243,3,2615,110,9.5,60,1209,69.9,11.9,1006.7,1015.6,233,1012,1651,1013.5,10.4,0,1000,.23,1.32,,,,,,9.8,8.1,13.9,11.8,,,,,,,,,,,,,{비}1305-{비}{강도0}1500-{비}{강도0}1800-1935.,
143,대구,2009-11-11,11.5,9.4,2232,14.2,0,,,,,,,8.6,90,1447,4.8,70,957,3.3,2858,70,3.2,51,1505,56.6,7.7,1014.5,1028.2,2340,1013.2,1,1021.4,10.4,.1,1200,.39,2.2,,,,,,9.1,8.8,10.8,7.9,,,,,,,,,,,,,,
143,대구,2009-11-12,11.2,9.7,642,12.3,2400,,,,,,,9.3,50,438,5.7,90,1001,3.5,2984,90,2.5,46,1132,55.8,7.4,1020.3,1030.3,829,1023.4,2334,1027.3,10.4,0,1100,.71,2.89,,,,,,9.5,8,9.4,6.5,,,,,,,,,,,,,,
143,대구,2009-11-13,11,9.4,701,12.3,0,11.33,,,,,4.5,4.3,70,5,2.7,90,13,1.5,1286,250,8.4,64,0,84.5,11.1,1009.2,1023.5,0,1012,2311,1016.1,10.4,0,1100,.23,1.32,,,,,,10,7.5,11.4,8.9,,,,,,,,,,,,,{비}0630-{비}{강도0}0900-{비}{강도0}1200-{비}{강도0}1500-1750. {박무}0620-{박무}{강도0}0900-{박무}{강도0}1200-{박무}{강도0}1500-{박무}{강도0}1800-{박무}{강도0}2100-{박무}{강도0}2400-,
143,대구,2009-11-14,10.4,5.6,2351,15.7,1226,,,,,,,11.5,320,1342,6.1,290,1438,3.6,3100,270,1,34,1453,53.9,7,1006.7,1016.9,2257,1011.1,1337,1013.6,10.3,5.6,1200,1.75,9.27,,,,,,4.4,4.4,9.6,1.8,,,,,,,,,,,,,-{박무}-{박무}{강도0}0300-0340.,
143,대구,2009-11-15,4.8,2.7,2146,8,1337,,,,,,,13.3,320,1306,6.8,270,1349,4.1,3514,290,-6.1,31,1346,45.5,3.9,1015.2,1027.3,2348,1016.7,0,1022.3,10.3,5.4,1200,2.21,10.81,,,,,,4.9,4.9,5.5,-.2,,,,,,,,,,,,,,
143,대구,2009-11-16,3.3,1.4,714,6.9,1423,,,,,,,9.9,290,855,5.2,290,1515,3.2,2777,290,-10.2,21,1433,37.8,2.9,1021.1,1030.6,902,1026.2,1430,1028.3,10.3,5.8,1200,2,10.43,,,,,,7.4,3.1,4.7,.3,,,,,,,,,,,,,,
143,대구,2009-11-17,3.1,.3,2345,7,1457,,,,,,,8.1,320,1516,5.1,270,1253,3,2629,270,-14,16,1459,28,2.1,1018.4,1028.3,0,1022.7,1447,1025.6,10.2,4.7,1100,1.67,8.89,,,,,,4.8,1.1,5.4,-3.4,,,,,,,,,,,,,,
143,대구,2009-11-18,3,-1.2,618,8,1451,,,,,,,8,320,1258,4.3,290,1242,2.4,2037,270,-14.4,13,1418,28.3,2.1,1021.4,1030.4,932,1026.8,0,1028.6,10.2,9.8,1200,2.24,13.88,,,,,,2,0,4.1,-7.7,,,,,,,,,,,,,,
143,대구,2009-11-19,5.1,.9,720,10.2,1505,,,,,,,9.2,320,1510,5,290,1458,2.2,1935,270,-7.9,26,125,39.4,3.5,1023.4,1031.4,1041,1029.2,1522,1030.6,10.2,7.2,1200,1.79,10.46,,,,,,3,.6,5.3,-3.9,,,,,,,,,,,,,,
143,대구,2009-11-20,4.6,1,525,9.5,1355,,,,,,,7.9,290,949,4.3,270,1306,2.5,2175,270,-8.6,15,1251,39.6,3.2,1021.6,1031.6,146,1025.5,1527,1028.8,10.2,6.9,1100,2.04,11.44,,,,,,2,.4,4.6,-4.5,,,,,,,,,,,,,,
143,대구,2009-11-21,4.3,.3,2359,9,1341,.58,,,,,0,7.2,270,1109,4.3,290,933,2.1,1818,290,-11.4,12,1347,34.8,2.8,1021,1030.7,841,1026.6,1515,1028.2,10.1,9.4,1200,2.16,13.09,,,,,,1.6,1.1,5.2,-6.6,,,,,,,,,,,,,{비}0240-{비}{강도0}0300-0315.,
143,대구,2009-11-22,3.4,-2.8,656,10.2,1419,,,,,,,5.6,270,1348,3.2,270,1432,1.2,1038,20,-10.8,18,1416,36.9,2.7,1018.5,1028.1,814,1023.2,1449,1025.7,10.1,8.9,1200,1.95,11.85,,,,,,.8,0,3.1,-9.6,,,,,,,,,,,,,,
143,대구,2009-11-23,6.7,-.6,509,15.2,1433,,,,,,,5.6,250,1331,2.9,250,1211,1.1,989,20,-3.7,28,1434,49.5,4.7,1019.1,1028.6,824,1024.5,1428,1026.2,10.1,8.9,1100,1.96,11.71,,,,,,.1,.1,4.9,-7.4,,,,,,,,,,,,,,
143,대구,2009-11-24,7,.3,648,15.9,1510,,,,,,,3.4,140,1337,1.9,250,1244,.9,812,20,-2,23,1522,56,5.3,1014.8,1026.3,0,1018.3,1446,1021.8,10.1,9,1200,1.92,11.32,,,,,,0,0,5.3,-5.6,,,,,,,,,,,,,{박무}0435-{박무}{강도0}0600-0640.,
143,대구,2009-11-25,6.5,.8,706,12.3,1226,.17,,,,,0,5.6,250,1304,3.4,270,1310,1.1,933,50,-.1,40,1227,64,6.1,1013.2,1022.7,2245,1018.2,1237,1020.3,10,4.5,1100,1.7,6.81,,,,,,3.1,3.1,4.6,-6.2,,,,,,,,,,,,,{연무}0245-{연무}{강도0}0300-0555. {박무}0550-{박무}{강도0}0600-0725. {연무}0845-{연무}{강도0}0900-{연무}{강도0}1200-1330. {비}1335-1345.,
143,대구,2009-11-26,7.3,1.5,734,14.6,1540,,,,,,,3.6,250,1136,2.2,250,1051,1,870,20,2.4,49,1542,72.5,7.3,1016.6,1026.4,1020,1021.4,1558,1023.7,10,7.6,1200,1.69,9.72,,,,,,.6,0,6,-5.1,,,,,,,,,,,,,{박무}0150-{박무}{강도0}0300-{박무}{강도0}0600-{박무}{강도0}0900-1135. {연무}1130-{연무}{강도0}1200-{연무}{강도0}1500-{연무}{강도0}1800-{연무}{강도0}2100-2150. {박무}2140-{박무}{강도0}2400-,
143,대구,2009-11-27,9.1,4.8,648,15.5,1321,,,,,,,6.9,290,1534,3.7,320,1535,1.5,1276,290,3,43,1316,67.5,7.6,1016.2,1025.1,2327,1021.1,1405,1023.2,10,5.6,1300,1.46,8.35,,,,,,5.1,.6,7.7,-.8,,,,,,,,,,,,,-{박무}-{박무}{강도0}0300-{박무}{강도1}0600-{박무}{강도0}0900-1015. {연무}1010-{연무}{강도0}1200-1320. {연무}2330-{연무}{강도0}2400-,
143,대구,2009-11-28,8.4,2.8,720,13.5,1457,,,,,,,8.2,90,1901,4.9,110,1910,1.9,1634,90,2.3,46,1427,66.5,7.2,1017.8,1026.5,840,1023.3,1429,1024.9,10,4.7,1300,1.5,7.89,,,,,,4.1,3.8,7.9,-3.3,,,,,,,,,,,,,-{연무}-{연무}{강도0}0300-0315. {박무}0310-{박무}{강도0}0600-{박무}{강도0}0900-0910. {연무}0905-{연무}{강도0}1200-{연무}{강도0}1500-1530.,
143,대구,2009-11-29,7.8,6.3,2353,9.3,12,15.83,,,,,13.5,5.3,110,22,3.3,110,23,1.6,1378,250,5.4,73,11,85.5,9,1015.8,1025,125,1021.3,1422,1022.8,10,0,1100,.43,1.85,,,,,,9.6,6.4,7.8,5.3,,,,,,,,,,,,,{박무}0530-{박무}{강도0}0600-{박무}{강도0}0900-{박무}{강도0}1200-{박무}{강도0}1500-{박무}{강도0}1800-{박무}{강도0}2100-{박무}{강도0}2400- {비}0615-0710. {비}0905-{비}{강도0}1200-{비}{강도0}1500-{비}{강도0}1800-{비}{강도0}2100-{비}{강도0}2400-,
143,대구,2009-11-30,7,4.4,2357,10.6,1524,4.33,,,,,.5,6,320,1550,3.5,270,331,2,1742,270,1.4,48,1533,68.9,6.8,1016.1,1024.5,2206,1021.9,524,1023.2,9.9,2.5,1300,1.32,5.55,,,,,,5.6,4.6,6.8,-3.4,,,,,,,,,,,,,-{박무}-{박무}{강도0}0300-{박무}{강도0}0600-{박무}{강도0}0900-1010. {연무}1005-{연무}{강도0}1200-1330. -{비}-{비}{강도0}0300-0420.,
143,대구,2009-12-01,5.8,.6,724,12.3,1309,,,,,,,8.2,320,1326,4.6,290,1328,1.4,1167,290,-.6,37,1320,65.6,5.9,1018.2,1027.4,2205,1023.8,1433,1025.3,9.9,7,1200,1.73,8.51,,,,,,.5,.5,3.4,-5.4,,,,,,,,,,,,,{박무}0130-{박무}{강도0}0300-{박무}{강도0}0600-0740. {연무}0945-{연무}{강도0}1200-1240. {연무}2020-{연무}{강도0}2100-2340. {박무}2335-{박무}{강도0}2400-,
143,대구,2009-12-02,5.2,-.2,638,11.1,1435,,,,,,,4.6,250,1316,2.6,270,1317,1.1,925,270,-.4,45,1412,69,6,1017.1,1027.7,800,1020.7,2358,1024.2,9.9,5.3,1100,1.63,8.64,,,,,,3.4,0,3.5,-7.2,,,,,,,,,,,,,-{박무}-{박무}{강도0}0300-{박무}{강도0}0600-{박무}{강도0}0900-0955. {연무}0950-{연무}{강도0}1200-{연무}{강도0}1500-{연무}{강도0}1800-{연무}{강도0}2100-2250. {박무}2240-{박무}{강도0}2400-,
143,대구,2009-12-03,6.8,3.2,327,11.6,1320,,,,,,,10.7,320,1545,5.2,290,1416,2.4,2047,270,-1.1,33,1155,59,5.7,1012.6,1022.9,2219,1017.1,1316,1019.7,9.9,6,1100,1.68,9.07,,,,,,4.9,2.6,5.5,-2.3,,,,,,,,,,,,,-{박무}-{박무}{강도0}0300-{박무}{강도0}0600-0845. {연무}0840-{연무}{강도0}0900-{연무}{강도0}1200-1240.,
143,대구,2009-12-04,5.9,.2,623,12,1544,,,,,,,4.3,270,1403,2.7,270,9,1.1,940,50,-1.3,37,1502,61.6,5.6,1013.7,1024.3,720,1016.5,2400,1020.8,9.9,8.6,1200,1.81,10.25,,,,,,1.9,1.5,3.4,-6.6,,,,,,,,,,,,,{박무}0440-{박무}{강도0}0600-0640. {박무}0720-{박무}{강도0}0900-0935. {연무}0930-{연무}{강도0}1200-1430.,
143,대구,2009-12-05,4.7,0,2338,8.5,630,2.25,,,,,3.5,13.9,290,1534,8,270,1435,4.4,3776,290,-4.4,31,1522,54.3,4.9,1007.3,1020.1,2344,1009.7,557,1014.3,9.8,5.5,1100,1.44,7.87,,,,,,3.1,2.8,4,-2.3,,,,,,,,,,,,,{비}0430-0545. {비}0815-0845. {비}0950-1020. {박무}0445-{박무}{강도0}0600-0630.,
143,대구,2009-12-06,.7,-2.1,716,4.5,1437,,,,,,,12.7,340,1000,5.8,290,1008,3.9,3344,270,-15.4,16,1328,30.5,1.9,1017.1,1027.3,2349,1020.1,0,1024.3,9.8,9.5,1200,2.03,12.18,,,,,,0,0,-.8,-4.9,,,,,,,,,,,,,,
143,대구,2009-12-07,2.4,-2.3,802,9.2,1531,,,,,,,6.5,250,119,3.9,270,126,2,1691,250,-15,14,1350,27.9,2,1021.6,1030.3,939,1027.1,2,1028.8,9.8,9.5,1200,1.99,11.78,,,,,,0,0,-.1,-7.4,,,,,,,,,,,,,,
143,대구,2009-12-08,3.7,-3.4,711,9.9,1413,,,,,,,4.9,250,1346,3.1,250,1359,1.2,1000,50,-8.6,23,1526,42.6,3.2,1019.8,1029.7,0,1024.9,1508,1026.9,9.8,5.8,1100,1.69,9.09,,,,,,4.4,3,1.7,-9.2,,,,,,,,,,,,,,
143,대구,2009-12-09,5.9,1.3,259,9.1,1931,2.42,,,,,.5,4.3,110,2000,2.6,110,2004,1,850,50,-2.7,38,1209,55.3,5.2,1016.8,1026.4,908,1022.2,2322,1023.9,9.8,0,1100,.82,4.17,,,,,,9.3,6.6,4.5,-4,,,,,,,,,,,,,{비}1245-1315. {비}2130-2140. {비}2215-{비}{강도0}2400-,
143,대구,2009-12-10,8.6,6.8,148,10,2152,17.42,,,,,18,3.8,270,2240,2.6,250,2357,1,842,270,7.1,83,26,90.9,10.1,1011.2,1022.4,0,1015.1,2336,1018.2,9.8,0,1100,.22,.85,,,,,,10,7.9,7.9,6.1,,,,,,,,,,,,,-{비}-{비}{강도0}0300-0545. {비}0815-{비}{강도0}0900-0910. {비}1250-{비}{강도0}1500-1645. {비}1710-{비}{강도0}1800-{비}{강도0}2100-{비}{강도0}2400- {박무}0420-{박무}{강도0}0600-{박무}{강도0}0900-{박무}{강도0}1200-{박무}{강도1}1500-{박무}{강도1}1800-{박무}{강도1}2100-{박무}{강도1}2400-,
143,대구,2009-12-11,11.5,8.7,644,15.3,1408,5.67,,,,,11.5,6.2,290,1631,3.3,250,124,1.7,1503,270,7.8,62,1409,79.1,10.6,1009.5,1018.4,2215,1014.4,1426,1016.4,9.8,2.2,1200,1.45,6.82,,,,,,8.5,7,10.5,5.2,,,,,,,,,,,,,-{비}-{비}{강도0}0300-0540. -{박무}-{박무}{강도0}0300-{박무}{강도0}0600-{박무}{강도0}0900-1130.,
143,대구,2009-12-12,10.1,7.4,2341,14.2,1436,,,,,,,6.9,290,1257,3.7,270,939,2.1,1824,270,.2,31,1615,51.8,6.3,1013.2,1021.6,2217,1018.2,0,1020.2,9.8,7.1,1200,1.79,9.55,,,,,,4.9,1.9,7.5,1.6,,,,,,,,,,,,,,
143,대구,2009-12-13,7.2,4.5,536,12.9,1432,,,,,,,6.8,340,1530,4.2,340,1533,1.6,1416,270,-6.4,13,1457,41.9,4.1,1013.1,1021.9,214,1017.4,1438,1020.2,9.8,5,1300,1.63,7.78,,,,,,4,.4,4.9,-2.4,,,,,,,,,,,,,,
143,대구,2009-12-14,4.6,2.3,356,8.3,1417,,,,,,,10,320,1310,5.7,290,1408,2.9,2545,270,-15.7,12,1514,21.9,1.8,1018.4,1027.3,2328,1021.5,5,1025.6,9.8,8.7,1200,1.96,11.47,,,,,,2.3,.6,1.3,-4.1,,,,,,,,,,,,,,
143,대구,2009-12-15,.9,-1.2,2347,2.6,0,,,,,,,9.7,320,1049,5.3,290,1058,3.1,2721,270,-19.5,14,1125,20.5,1.3,1019.5,1029.1,1000,1025.2,1606,1026.8,9.8,1.3,1400,1.01,5.55,,,,,,7.8,0,.8,-3.5,,,,,,,,,,,,,,
143,대구,2009-12-16,-2.7,-5.9,730,1,1457,,,,,,,9.7,290,409,5.4,270,956,3.6,3082,290,-19.2,13,1338,28.5,1.4,1018.8,1028.5,903,1024.3,1607,1026.2,9.7,7.4,1200,1.97,10.78,,,,,,.6,0,-2.3,-8,,,,,,,,,,,,,,
143,대구,2009-12-17,-2.2,-4.2,711,1.6,1524,,,,,,,10.1,290,1444,5.2,290,1450,3.2,2774,290,-13.7,25,1417,42.3,2.2,1016,1025.7,950,1020.5,1545,1023.4,9.7,7.4,1200,1.86,10.28,,,,,,1.5,1.5,-2.3,-8,,,,,,,,,,,,,,
143,대구,2009-12-18,-3.8,-6.2,746,0,1409,,,,,,,13.2,290,1609,6.9,270,1356,4,3481,270,-15.3,23,1348,41.3,1.9,1016.8,1025.4,2230,1022.5,1350,1024.2,9.7,9.2,1200,1.97,11.36,,,,,,.1,.1,-4.2,-8.8,,,,,,,,,,,,,,
143,대구,2009-12-19,-1.9,-5.2,112,1.8,1443,,,,,,,13.6,290,1414,6.9,290,1423,4.5,3847,290,-13.3,24,1341,42.4,2.2,1016.1,1025.7,1021,1022.1,2356,1023.5,9.7,9.1,1200,1.96,11.48,,,,,,1.5,1.4,-3.7,-7.7,,,,,,,,,,,,,,
143,대구,2009-12-20,0,-2.2,623,3.2,1522,2.83,,,,,0,11,270,158,6.3,270,201,3.7,3175,270,-8.8,43,2102,51.5,3.2,1012.7,1022.1,0,1017.1,1513,1020,9.7,6.2,1300,1.44,8.7,,,,,,2.8,2.8,-.6,-7.1,,,,,,,,,,,,,{눈}0720-0850. {눈}1205-1325.,
143,대구,2009-12-21,-1.1,-5.4,632,4.1,1504,,,,,,,8.6,320,42,4.3,290,251,2.1,1843,290,-16.5,16,1650,31.3,1.7,1018.2,1027.8,958,1022,0,1025.5,9.7,9,1200,1.9,11.23,,,,,,0,0,-3,-12.3,,,,,,,,,,,,,,
143,대구,2009-12-22,1.9,-4.5,659,10,1518,,,,,,,4.9,270,1522,3.4,270,1528,1,845,290,-7.4,32,1519,51.3,3.6,1015.9,1025.4,941,1021,1556,1023.1,9.7,8.8,1200,1.74,10.1,,,,,,0,0,-1.3,-13.3,,,,,,,,,,,,,,
143,대구,2009-12-23,4.8,-.3,300,12.4,1420,,,,,,,4.8,340,1546,2.8,250,1518,1,907,50,-2.5,39,1421,60,5.1,1013.3,1022.1,2251,1018.4,1439,1020.4,9.7,4.9,1300,1.43,7.36,,,,,,5.9,4.1,2.3,-5.9,,,,,,,,,,,,,{연무}1220-{연무}{강도0}1500-{연무}{강도0}1800-{연무}{강도0}2100-{연무}{강도0}2400-,
143,대구,2009-12-24,4.5,-.6,544,10.4,1437,,,,,,,3.5,110,402,2,70,757,.9,814,50,-1.1,47,1437,68.5,5.7,1013.4,1023.4,903,1018.3,1431,1020.6,9.7,4.9,1200,1.42,7.68,,,,,,3.5,1.5,2.4,-7.8,,,,,,,,,,,,,-{연무}-0045. {박무}0040-{박무}{강도0}0300-{박무}{강도0}0600-{박무}{강도0}0900-1035. {연무}1030-{연무}{강도0}1200-{연무}{강도0}1500-{연무}{강도0}1800-{연무}{강도0}2100-2345. {박무}2340-{박무}{강도0}2400-,
143,대구,2009-12-25,4.9,1.4,635,9.3,1522,,,,,,,9.6,230,2217,5.4,270,2041,1.9,1668,270,-1.7,38,2053,64.3,5.5,1007.9,1018.5,0,1012.1,1554,1015,9.7,.5,1200,.87,4.66,,,,,,6.1,3,3.1,-5.7,,,,,,,,,,,,,-{박무}-{박무}{강도1}0300-{박무}{강도1}0600-{박무}{강도1}0900-1110. {연무}1105-{연무}{강도1}1200-{연무}{강도1}1500-{연무}{강도0}1800-{연무}{강도0}2100-2145. {황사}2140-{황사}{강도0}2400-,
143,대구,2009-12-26,-.7,-3.1,2350,3,0,,,,,,,10.4,320,128,5.7,290,136,3.6,3086,270,-16.4,16,1513,31.3,1.8,1013.7,1023.5,2233,1015.5,0,1021,9.7,8.7,1200,1.97,11.62,,,,,,1.1,1,-1,-12.8,,,,,,,,,,,,,-{황사}-{황사}{강도0}0300-{황사}{강도0}0600-0750.,
143,대구,2009-12-27,-1.7,-6.7,753,4.3,1405,,,,,,,11.1,320,1615,5.1,290,1623,2.3,2019,270,-15.4,14,1621,38.3,1.9,1012.7,1023.5,225,1016.4,1243,1020,9.8,5.8,1200,1.82,8.84,,,,,,3.1,2.8,-1.8,-13.2,,,,,,,,,,,,,,
143,대구,2009-12-28,-2.5,-5.6,2336,2,1508,,,,,,,10.1,320,1341,5.4,290,1348,2.9,2522,270,-15.5,17,1420,38.1,1.9,1014,1022.9,1002,1019.2,15,1021.4,9.7,8.7,1200,1.88,10.92,,,,,,0,0,-3.3,-14.3,,,,,,,,,,,,,,
143,대구,2009-12-29,-1.5,-8.6,707,4.7,1452,,,,,,,5.4,270,1152,3.2,270,1110,1.1,988,50,-13,25,1424,42.9,2.3,1011.5,1022.1,0,1015.9,2315,1018.7,9.8,8.6,1200,1.9,10.62,,,,,,1.3,1,-3.3,-15.3,,,,,,,,,,,,,,
143,대구,2009-12-30,1.2,-3,2357,6.2,1102,2,,,,,0,15.7,270,1329,8.1,270,1331,3.1,2694,270,-10.2,25,1148,43.6,2.9,1006.7,1016.7,2324,1011.9,1335,1013.9,9.8,6.5,1200,1.75,9.31,,,,,,4,3.3,1.1,-8.2,,,,,,,,,,,,,{황사}1045-{황사}{강도0}1200-1250. {눈}1410-{눈}{강도0}1500-1610.,
143,대구,2009-12-31,-4.7,-7.1,2353,-1.2,1341,,,,,,,13.7,320,300,6.4,270,339,4.3,3706,270,-19.3,15,1624,32.9,1.4,1012.9,1022.8,2132,1016.2,55,1020.3,9.8,9,1200,1.9,11.28,,,,,,.6,.6,-4.4,-11,,,,,,,,,,,,,,
