지점,지점명,일시,평균기온(°C),최저기온(°C),최저기온 시각(hhmi),최고기온(°C),최고기온 시각(hhmi),강수 계속시간(hr),10분 최다 강수량(mm),10분 최다강수량 시각(hhmi),1시간 최다강수량(mm),1시간 최다 강수량 시각(hhmi),일강수량(mm),최대 순간 풍속(m/s),최대 순간 풍속 풍향(16방위),최대 순간풍속 시각(hhmi),최대 풍속(m/s),최대 풍속 풍향(16방위),최대 풍속 시각(hhmi),평균 풍속(m/s),풍정합(100m),최다풍향(16방위),평균 이슬점온도(°C),최소 상대습도(%),최소 상대습도 시각(hhmi),평균 상대습도(%),평균 증기압(hPa),평균 현지기압(hPa),최고 해면기압(hPa),최고 해면기압 시각(hhmi),최저 해면기압(hPa),최저 해면기압 시각(hhmi),평균 해면기압(hPa),가조시간(hr),합계 일조시간(hr),1시간 최다일사 시각(hhmi),1시간 최다일사량(MJ/m2),합계 일사량(MJ/m2),일 최심신적설(cm),일 최심신적설 시각(hhmi),일 최심적설(cm),일 최심적설 시각(hhmi),합계 3시간 신적설(cm),평균 전운량(1/10),평균 중하층운량(1/10),평균 지면온도(°C),최저 초상온도(°C),평균 5cm 지중온도(°C),평균 10cm 지중온도(°C),평균 20cm 지중온도(°C),평균 30cm 지중온도(°C),0.5m 지중온도(°C),1.0m 지중온도(°C),1.5m 지중온도(°C),3.0m 지중온도(°C),5.0m 지중온도(°C),합계 대형증발량(mm),합계 소형증발량(mm),9-9강수(mm),기사,안개 계속시간(hr)
143,대구,1990-01-01,.1,-3.8,325,5.1,1527,1.83,,,,,0,4.7,250,1909,3.7,250,1910,1.8,1561,250,-4.9,57,1505,69.5,4.3,1015.6,1024.7,0,1021.2,1515,1023.3,9.8,3,1300,1.15,5.65,,,,,,4.5,3,.4,-10.5,1.2,1.9,2.6,3.7,5.7,9.3,12,14.6,16.3,,1.3,0,{눈}0740-{눈}{강도0}0900-0930.,
143,대구,1990-01-02,.7,-1.8,2400,5.3,1236,,,,,,,10.1,290,2028,6.7,320,2240,4,3458,320,-6.3,46,1505,60.3,3.8,1016.2,1025.3,2400,1021.7,1500,1023.8,9.8,6.5,1100,1.73,7.78,,,,,,1.8,2.1,1.5,-9.6,1.9,2.1,2.8,3.6,5.5,9.3,12,14.6,16.3,,1.8,,,
143,대구,1990-01-03,-1.6,-3.9,730,2.8,1445,,,,,,,11.5,290,1633,7.8,290,1640,4.7,4036,270,-10.3,36,1600,52.5,2.8,1016.9,1026.4,2400,1022.9,1400,1024.7,9.8,8.6,1200,1.65,9.05,,,,,,.5,.5,-.6,-8.8,1.2,1.7,2.6,3.6,5.5,9.2,11.9,14.6,16.3,,1.5,,,
143,대구,1990-01-04,-.8,-4.6,500,5.3,1502,,,,,,,8.2,250,1146,6.3,250,1150,3.9,3380,270,-10.9,28,1504,49.5,2.7,1019.1,1028.7,1015,1025,1510,1026.9,9.8,8.4,1200,1.72,9.58,,,,,,0,0,-.8,-9.8,.5,1,2.2,3.3,5.3,9,11.7,14.4,16.2,,2,,,
143,대구,1990-01-05,3,-2.7,428,8.1,1448,.82,,,,,.4,12.1,250,2216,7.5,250,2220,3.1,2656,250,-4.1,48,1440,59.8,4.6,1015.4,1026.6,0,1019,2200,1023,9.8,1.9,1200,1.31,5.21,,,,,,6.3,6.9,1.9,-7.5,1.6,1.7,2.2,3.1,5,9,11.6,14.4,16.2,,1.9,.4,{비}2303-2352.,
143,대구,1990-01-06,1.4,-2,2400,4.9,0,,,,,,,13.2,290,546,8.5,290,600,5.1,4401,290,-8.8,29,1400,48.3,3.4,1018.1,1031.3,2400,1020.2,100,1025.7,9.8,8.7,1200,1.73,9.52,,,,,,0,0,1.5,-8.8,2.8,3,3,3.5,5,8.7,11.5,14.4,16.2,,1.5,,,
143,대구,1990-01-07,-.6,-6.1,750,7.3,1520,,,,,,,4,270,109,3.5,270,120,1.4,1212,50,-10.6,21,1638,49.8,2.7,1025.3,1035.1,1000,1031.3,0,1033.1,9.8,8.5,1200,1.61,8.99,,,,,,0,0,-.9,-13.4,1.1,1.5,2.5,3.5,5,8.5,11.3,14.2,16.1,,1.6,,,
143,대구,1990-01-08,.2,-5.9,610,7.9,1520,,,,,,,3.5,250,1805,3.3,250,1810,1.5,1318,250,-6.1,43,1505,63.5,3.9,1023.9,1034.4,900,1028.8,1640,1031.7,9.9,5.1,1100,1.3,6.28,,,,,,4.3,3.6,-.2,-11.7,.7,1.2,2.2,3.1,5,8.5,11.3,14.1,16.1,,.9,.1,,
143,대구,1990-01-09,5.1,1.3,530,9.3,1650,5.73,,,,,2.8,5.3,90,2335,4,90,2340,1.2,1079,50,1.2,58,1300,76.5,6.7,1015.8,1029.1,0,1013.7,2400,1023.4,9.9,.9,1100,1.07,3.74,,,,,,9.8,7.8,4.3,-1.4,3.2,3,2.9,3.2,4.9,8.5,11.3,14.1,16.1,,.3,3.7,{비}0045-0250.  {비}1901-{비}{강도0}2100-2240.  {박무}0810-{박무}{강도0}0900-{박무}{강도0}1200-{박무}{강도0}1500-{박무}{강도0}1800-{박무}{강도0}2100-{박무}{강도0}2400-,
143,대구,1990-01-10,7.1,5,2350,10.3,935,2.92,,,,,1,17.2,290,1249,13.5,250,903,4.2,3600,290,2.4,55,1323,71.8,7.3,1006.8,1024.2,2400,1006.9,545,1014.3,9.9,3.3,1200,1.65,6.14,,,,,,6.8,6.3,5.7,-1.4,5.6,5.4,4.6,4.5,5,8,11,13.9,16,,1.1,,-{박무}-{박무}{강도0}0300-{박무}{강도0}0600-0640.  {비}0150-0235.  {비}0330-0540.,
143,대구,1990-01-11,5,.1,802,9.4,1432,,,,,,,5.6,320,16,4.2,320,20,1.5,1332,20,-.4,51,1530,69.5,5.9,1017.1,1026.7,905,1022.8,1503,1024.7,9.9,5.5,1000,1.05,6.26,,,,,,6.5,5.1,4.1,-3.4,4.5,4.7,4.9,5.1,5.7,8.3,11,13.9,16,,.7,,{박무}0830-{박무}{강도0}0900-{박무}{강도0}1200-1450.,
143,대구,1990-01-12,4.2,.8,2400,7.9,1137,,,,,,,14.3,290,2348,8.8,290,2350,4.9,4250,290,-2.9,49,2400,60.5,5,1013.6,1023.4,0,1018.9,1530,1021.1,9.9,3.3,1000,1.19,6.03,,,,,,8.3,4.8,3.3,-1.7,4.3,4.6,5,5.3,6.1,8.3,11,13.9,16.1,,2.7,,,
143,대구,1990-01-13,-.1,-3.1,2400,4.1,1436,,,,,,,14.3,290,59,9.7,290,11,4.5,3894,290,-13.6,21,1630,37,2.2,1017,1026.5,1000,1022.1,0,1024.7,9.9,8.4,1200,1.76,10.06,,,,,,.8,.4,.9,-9.9,2.8,3.2,4,4.9,6.2,8.2,10.8,13.8,16,,1.5,,,
143,대구,1990-01-14,-.7,-4.5,300,5.1,1510,,,,,,,7.2,270,342,6,270,510,3.5,3017,270,-12.3,30,1400,41.8,2.5,1018.4,1027.8,1040,1024.8,1530,1026.2,10,7.2,1200,1.38,6.46,,,,,,2.8,1.1,.5,-9.2,1.8,2.3,3.2,4.2,5.9,8.4,10.8,13.7,16,,2,,,
143,대구,1990-01-15,.4,-2.1,600,2.4,1500,,,,,,,5.7,290,1025,3.8,290,1030,1.9,1680,290,-7.3,45,1645,57.3,3.6,1016.2,1026.9,0,1021.8,1650,1023.9,10,0,1200,.65,3.68,,,,,,8.3,6.6,.3,-8.9,1.2,1.8,2.8,3.8,5.6,8.4,10.7,13.7,16,,1.1,,{달무리}0512-0620.,
143,대구,1990-01-16,.3,-3.9,806,5.9,1457,,,,,,,11.1,290,1613,7,290,1620,4.3,3700,270,-10.9,26,1254,44.3,2.7,1013.9,1023.1,2400,1019.6,1510,1021.6,10,8.1,1200,1.79,9.88,,,,,,0,0,.7,-7.8,1.8,2,2.6,3.5,5.3,8.3,10.5,13.6,15.8,,1.1,,,
143,대구,1990-01-17,.8,-4.4,830,8.4,1536,,,,,,,5.3,250,1544,4,270,1450,1.9,1652,270,-7.1,26,1530,60.8,3.6,1015,1025.4,903,1020.3,2145,1022.7,10,8.4,1200,1.66,9.21,,,,,,1.8,1.3,.9,-11,1.9,1.9,2.6,3.4,5.2,8.2,10.5,13.6,15.7,,.9,0,[0820-{박무}{강도0}0900-1030.,
143,대구,1990-01-18,4.1,1.5,500,8.1,1425,1.98,,,,,.1,13,290,1445,8.3,290,1450,2.4,2115,290,-3.9,49,1630,56,4.6,1011,1021.9,2400,1016,1300,1018.5,10,0,1300,.65,2.95,,,,,,9.3,7.1,1.8,-4.1,2.3,2.5,2.8,3.6,5,8.2,10.5,13.6,15.8,,1.2,.1,{비}0843-0857.  {비}1025-{비}{강도0}1200-1210.,
143,대구,1990-01-19,.7,-4.3,2400,4.1,1457,,,,,,,13.7,320,1350,9.3,290,1353,5.3,4614,290,-14,21,1730,33.5,2.1,1018.3,1030.9,2300,1021.9,0,1026.1,10.1,7.1,1100,1.57,8.84,,,,,,5.3,1.3,1.4,-7.4,2.5,2.8,3,3.8,5,8,10.4,13.4,15.7,,2.8,,,
143,대구,1990-01-20,-4.2,-7.9,758,1,1442,,,,,,,10.9,290,1427,8.7,290,1429,3.8,3243,290,-16.9,20,1410,36,1.7,1024,1033.7,1040,1029.6,1528,1031.9,10.1,9.1,1200,1.89,10.8,,,,,,0,0,-2.7,-14.2,.6,1.2,2.4,3.4,5,8,10.4,13.3,15.7,,1.7,,,
143,대구,1990-01-21,-3.5,-9.5,800,3.8,1500,,,,,,,4.3,250,1135,3.3,250,1150,1.4,1190,50,-14,21,1600,47.5,2.1,1022.2,1033.2,800,1026.4,1633,1030.2,10.1,8.5,1200,1.77,9.88,,,,,,0,0,-2.1,-15.7,-.2,.6,1.8,2.8,4.8,8,10.4,13.3,15.7,,.5,0,,
143,대구,1990-01-22,-3.3,-9.1,2400,.4,1036,.67,,,,,0,13.8,290,1217,8.7,290,1240,4.7,4099,290,-13.2,24,1220,48,2.4,1019.5,1031.4,2400,1024,550,1027.4,10.1,8.3,1200,1.93,10.91,,,,,,1.5,1.8,-1.3,-13.6,.9,1,1.6,2.6,4.4,7.8,10.3,13.2,15.7,,3.2,,{눈}0610-0650.,
143,대구,1990-01-23,-7.6,-10.5,812,-2.6,1535,,,,,,,15,270,1201,9.3,270,1210,4.7,4044,270,-19,21,1430,41,1.4,1019.2,1031.4,0,1023.7,2400,1027.2,10.2,8.7,1200,1.95,11.05,,,,,,0,0,-5.1,-14.2,-.6,.2,1.4,2.4,4.3,7.7,10.2,13.1,15.6,,1.7,,,
143,대구,1990-01-24,-7.9,-10.2,2400,-4.6,1527,,,,,,,17.3,290,1331,10.5,290,1340,5.4,4685,290,-19.5,25,1630,41.5,1.4,1019.2,1032.7,2400,1023.3,20,1027.2,10.2,9,1100,1.89,11.17,,,,,,.5,.3,-5.5,-14.7,-1,-.2,1.1,2,4,7.6,10.2,13.1,15.6,,2.3,,,
143,대구,1990-01-25,-8.4,-11.8,800,-2.8,1442,,,,,,,10.7,320,1309,7.3,270,1410,4,3457,290,-20,22,1606,42,1.3,1026.9,1038.1,2400,1032.7,0,1035,10.2,8.9,1200,2.02,11.71,,,,,,0,0,-5.8,-17.1,-1.9,-.7,.6,1.8,3.8,7.4,10,13,15.5,,2,,,
143,대구,1990-01-26,-6.8,-11.6,700,.1,1540,,,,,,,8,270,1225,6,270,1230,3.3,2837,270,-20.8,21,1510,34.3,1.2,1029.7,1039.3,900,1035.8,1600,1037.7,10.2,8.7,1200,1.88,11,,,,,,0,0,-5,-17.2,-2.1,-1.1,.4,1.5,3.6,7.2,10,12.9,15.5,,1.4,,,
143,대구,1990-01-27,-4.6,-11.5,758,4.7,1550,,,,,,,4.6,250,1510,3.3,230,1518,1.4,1198,50,-13.8,31,1428,51,2.1,1029,1039.2,1030,1034.9,1630,1037,10.3,8.8,1200,1.43,8.56,,,,,,.8,0,-3.6,-18,-1.8,-1,.2,1.3,3.5,7.2,10,12.9,15.4,,1.5,,,
143,대구,1990-01-28,-2.6,-8.2,650,3.6,1506,6.42,,,,,1.4,3.9,90,804,2.8,90,810,1.2,1053,70,-7.6,46,1419,71,3.6,1026.1,1037.5,923,1026.9,2400,1034,10.3,2.1,1000,1.21,5.33,2.4,2025,2.4,2025,2.7,7.5,4.4,-2.1,-12.6,-1,-.5,.2,1.1,3.3,7,10,12.8,15.4,,.2,2.3,{햇무리}1120-1235. {박무}1530-{시정(미만)}{1km}{안개}1720-{안개}{강도0}1800-{시정(이상)}{1km}{박무}2030-{박무}{강도2}2100-{박무}{강도0}2400- {눈}1630-{눈}{강도0}1800-{눈}{강도0}2100-{진눈깨비}2120-{비}2150-2255.,3.17
143,대구,1990-01-29,4.4,0,0,10.8,1352,4,,,,,.9,9.6,110,2230,7.7,110,2230,2.3,1950,320,1.7,69,1400,83.8,7,1015.1,1027,2400,1019.7,714,1022.7,10.3,2.7,1100,1.78,6.97,,,2,0,,9.8,6.6,2.6,-.2,.5,-.1,.3,1.3,3.3,7,9.8,12.7,15.4,,.6,,{비}0230-{비}{강도0}0300-{비}{강도0}0600-0630.  -{박무}-{시정(미만)}{1km}{안개}0230-{안개}{강도0}0300-{안개}{강도0}0600-{시정(이상)}{1km}{박무}0830-{박무}{강도0}0900-{박무}{강도0}1200-1430.,6
143,대구,1990-01-30,2.7,.6,2400,4.4,0,12,,,,,5.5,10.9,90,1015,7.7,90,1016,3.9,3350,90,.6,77,930,85,6.4,1019.4,1029.2,1050,1025.8,1645,1027.1,10.4,0,1200,.31,1.74,1,2400,1,2400,1,10,6.3,1.4,0,.6,.3,.5,1.4,3.3,6.8,9.8,12.7,15.4,,.5,8.2,{비}1140-{비}{강도0}1200-{진눈깨비}1420-{진눈깨비}{강도0}1500-{비}1655-1750.  {비}1810-{진눈깨비}2030-{진눈깨비}{강도0}2100-{눈}2310-{눈}{강도0}2400-,
143,대구,1990-01-31,.7,.3,650,1.9,1205,24,,,,,10.2,4.6,270,2313,3.7,270,2320,1.8,1527,290,-.5,88,1450,91.8,5.9,1016.4,1026,0,1022.8,2345,1024.1,10.4,0,1100,.35,1.75,5.8,2400,6.7,2400,8.1,10,5.6,.1,-.3,.1,.5,.9,1.5,3,6.5,9.5,12.6,15.4,,.3,8.7,-{눈}-{눈}{강도0}0300-{눈}{강도0}0600-{눈}{강도0}0900-{눈}{강도0}1200-{눈}{강도0}1500-{눈}{강도0}1800-{눈}{강도0}2100-{눈}{강도0}2400-,
143,대구,1990-02-01,1.4,-.6,750,4.7,1505,10.67,,,,,1.2,6.8,290,1227,5.5,290,1230,3.5,3050,270,-1.6,64,1539,81,5.4,1018.5,1031.3,2400,1023,0,1026.2,10.4,1.6,1300,1.37,6.9,3.6,640,9.6,640,4,9.3,5.4,.6,-4.4,.5,.7,1.1,1.8,3.2,6.5,9.5,12.4,15.3,,1.1,0,-{눈}-{눈}{강도0}0300-{눈}{강도0}0600-0730.  {눈}0920-{눈}{강도0}1200-1230.,
143,대구,1990-02-02,1.2,-3.8,700,6.3,1510,,,,,,,3.5,230,1317,3.3,230,1325,1.6,1400,250,-2.2,59,1505,79.3,5.2,1023.1,1033.2,900,1028.4,2400,1030.9,10.5,3.9,1100,1.49,8.05,,,2.1,0,,5.8,4.6,.4,-9.4,.9,1.1,1.5,2,3.5,6.5,9.3,12.4,15.3,,1,,{박무}0710-{박무}{강도2}0900-{시정(미만)}{1km}{안개}0920-{시정(미만)}{0.5km}{안개}0940-{시정(이상)}{0.5km}{안개}1025-{시정(이상)}{1km}{박무}1042-{박무}{강도2}1200-1410.,1.37
143,대구,1990-02-03,2,-.1,827,5.4,1504,,,,,,,8.5,270,1027,7.2,270,1012,3.5,3002,270,-5.4,42,1507,59.5,4.1,1020.2,1029,830,1026,1512,1027.9,10.5,3.4,1100,1.63,7.53,,,,,,8.5,4.9,2.2,-5.6,2.2,2.1,2,2.3,3.5,6.3,9.1,12.2,15.2,,.8,,,
143,대구,1990-02-04,2.3,.2,0,5,1205,5.58,,,,,0,7.6,110,1125,5.7,110,1124,2.7,2312,110,-2.5,63,336,73.3,5.2,1019.9,1030.3,2330,1025.8,1410,1027.5,10.5,0,1000,.63,3.8,,,,,,10,7.8,2,-3.4,2,2.2,2.5,2.7,3.7,6.3,9,12,15.1,,.4,0,{비}1440-{비}{강도0}1500-{비}{강도0}1800-2015.,
143,대구,1990-02-05,4.3,.1,730,9.8,1512,,,,,,,4,90,1336,2.8,90,1340,1.3,1122,360,-.7,46,1500,72.5,5.8,1023.4,1033,910,1029.2,315,1031,10.5,3.4,1200,1.65,8.7,,,,,,9,5.5,4.1,-5.5,4.1,3.7,3.3,3.2,4,6.3,8.9,11.9,15,,1.6,,{박무}0910-{박무}{강도0}1200-1350.,
143,대구,1990-02-06,4.9,1.7,740,10.3,1519,,,,,,,7.6,290,1322,5.8,270,1310,2.7,2325,250,-4.4,20,1628,55.3,4.6,1024,1033.1,1025,1030.3,1625,1031.7,10.6,4.9,1100,1.82,9.59,,,,,,7,2,4.2,-5.9,4.6,4.6,4.4,4.1,4.4,6.3,8.8,11.9,14.9,,2,,{박무}0730-{박무}{강도0}0900-{박무}{강도0}1200-1240.,
143,대구,1990-02-07,2.6,-3,830,8.9,1630,,,,,,,3.1,250,1316,2.5,250,1310,1.3,1125,250,-5.2,36,1630,57.5,4.2,1022.6,1032,400,1027.9,1703,1030.3,10.6,3.6,1200,1.04,7.18,,,,,,4.8,1.9,2.1,-9.2,2.5,3,3.5,4.1,4.9,6.5,8.8,11.9,14.9,,1.3,0,{박무}0720-{박무}{강도0}0900-1145.,
143,대구,1990-02-08,3.6,2.1,300,6.5,1215,15.17,,,,,4.2,5.1,250,1947,4.5,250,1950,2.4,2037,250,1.6,73,0,86.8,6.9,1020,1028.8,0,1025.6,1510,1027.7,10.6,0,900,.27,1.44,,,,,,10,6.6,3,-1.2,3.1,3.3,3.5,4,5,6.5,8.8,11.9,14.9,,.4,4.4,{비}0745-{비}{강도0}0900-{비}{강도0}1200-{비}{강도0}1500-{비}{강도0}1800-2030.  {비}2120-2345.,
143,대구,1990-02-09,5.5,2.5,550,11.1,1641,1.58,,,,,.2,4.1,90,2246,3.2,90,2250,1.5,1275,250,2.4,57,1646,81.3,7.3,1023.3,1033.2,1225,1028.4,0,1030.9,10.7,3.5,1200,1.49,6.9,,,,,,8,4.9,5.8,-1.9,5.2,4.8,4,4.3,4.8,6.5,8.7,11.8,14.7,,.9,.7,{비}0015-0150.  {박무}0310-{박무}{강도0}0600-{박무}{강도0}0900-{박무}{강도1}1200-{박무}{강도0}1500-1535.,
143,대구,1990-02-10,4.1,2.5,450,5.7,1610,15.25,,,,,12.9,6.2,250,2233,5.2,250,2230,1.9,1677,90,3,88,0,92,7.6,1014.2,1030.7,0,1014.5,2216,1021.8,10.7,0,1200,.17,.81,,,,,,9.8,6.5,4,-1.8,4.1,4.4,4.6,4.8,5.3,6.7,8.7,11.7,14.7,,1.2,12.2,{비}0630-{비}{강도0}0900-{비}{강도0}1200-{비}{강도0}1500-{비}{강도0}1800-{비}{강도0}2100-2145.,
143,대구,1990-02-11,6.6,3.6,800,11.2,1500,,,,,,,10.4,290,518,6.8,290,520,4,3433,290,-.9,33,1600,61,5.8,1010.9,1020.3,900,1015,0,1018.3,10.7,8.3,1100,2.02,11.81,,,,,,4.3,4,6.3,-1.4,6.3,5.9,5.3,5.1,5.5,6.7,8.6,11.7,14.7,,2.1,,,
143,대구,1990-02-12,4.1,.2,2400,7.9,1456,,,,,,,15,290,1055,9.5,290,1104,4.5,3931,290,-8.1,27,1216,41,3.4,1016.3,1028.7,2310,1018.5,151,1024,10.8,8.8,1100,2.22,13.63,,,,,,2.3,1.1,3.8,-5,5,5.2,5.4,5.5,5.7,6.8,8.5,11.7,14.7,,2.3,,,
143,대구,1990-02-13,3,-2.2,817,8.7,1405,,,,,,,5,90,1900,4,90,1900,2.2,1885,70,-7.9,25,1609,46.3,3.4,1019.7,1029.2,1100,1025.5,2240,1027.3,10.8,5.9,1200,1.48,6.84,,,,,,5.3,3.8,2.9,-7.9,3.9,4.4,4.5,5.2,6,6.9,8.5,11.7,14.7,,1.6,0,,
143,대구,1990-02-14,6,3.6,730,9,1510,7.77,,,,,0,4.3,270,1554,3.8,250,1300,1.6,1397,250,.9,55,0,70.3,6.6,1017.1,1026.1,250,1022.2,1600,1024.7,10.8,0,1000,1.03,5.15,,,,,,10,5.8,6.3,2.1,5.6,5.5,5.3,5.3,6,7,8.5,11.7,14.6,,.8,0,{비}0605-{비}{강도0}0900-1020.  {비}1844-{비}{강도0}2100-2215.,
143,대구,1990-02-15,7.2,4.9,806,10.5,1456,.42,,,,,0,7.6,90,1818,6.5,90,1810,2.8,2398,90,1.2,47,1509,66.5,6.7,1017,1026,900,1022.2,1527,1024.6,10.9,.3,1300,1.03,6.02,,,,,,10,6.3,7.1,-.3,6.3,6.4,6.1,5.9,6,7,8.5,11.7,14.5,,1.2,0,{비}2245-2310.,
143,대구,1990-02-16,6.7,2.1,553,12.9,1333,,,,,,,6.8,90,2028,5,110,1630,2.4,2033,90,.9,45,1355,67.3,6.5,1019.2,1030.1,2400,1024.5,10,1026.8,10.9,5.9,1100,1.93,10.4,,,,,,3.5,2,7.4,-4.1,6.8,6.9,6.4,6.2,6.5,7.2,8.5,11.7,14.4,,2.1,,,
143,대구,1990-02-17,7.1,.1,708,14.7,1545,,,,,,,4.5,90,218,3.7,90,220,1.7,1427,70,.3,38,1546,67,6.3,1021.9,1032.2,900,1027,1800,1029.5,11,8.3,1100,1.96,11.71,,,,,,4.8,3.1,7.7,-6,7,7,6.6,6.5,6.8,7.4,8.6,11.7,14.4,,2.2,,{햇무리}1410-1530.,
143,대구,1990-02-18,8.9,7.3,708,10.6,1113,10.5,,,,,4.1,11.2,90,1313,7.3,90,1310,3.3,2812,90,4.7,60,0,75.8,8.6,1018.8,1028.2,0,1021.6,2400,1026.3,11,0,1100,.41,2.47,,,,,,10,7.4,7.7,5.4,7.5,7.5,7.3,7,7,7.4,8.5,11.5,14.3,,.4,7,{비}1030-{비}{강도0}1200-{비}{강도0}1500-1720.  {비}2020-{비}{강도0}2100-{비}{강도0}2400-,
143,대구,1990-02-19,8.5,7.1,2400,9.6,1202,13.22,,,,,23.4,11,270,1605,7.3,270,1612,2.9,2501,290,6.9,74,2400,90,10,1008.4,1021.6,0,1011.8,1548,1015.9,11,0,1000,.2,1.23,,,,,,9.5,8.1,7.9,5.5,7.8,7.8,7.6,7.3,7.5,7.6,8.6,11.5,14.3,,.4,20.5,-{비}-{비}{강도0}0300-0510.  {이슬비}0834-{이슬비}{강도0}0900-{이슬비}{강도0}1200-{비}1215-{비}{강도1}1500-1637.{박무}0630-{시정(미만)}{1km}{안개}0725-{안개}{강도0}0900-{안개}{강도0}1200-{시정(이상)}{1km}{박무}1220-1320.,4.92
143,대구,1990-02-20,7.3,4.5,2400,11.7,1358,,,,,,,14,290,1132,9.3,290,1200,4.5,3923,290,.2,44,1440,61.5,6.2,1013.8,1024.7,2200,1017.3,0,1021.4,11.1,9.2,1100,2.36,13.99,,,,,,3.5,3,8.7,-.9,8,7.9,7.6,7.5,7.6,7.7,8.5,11.4,14.3,,3.3,,,
143,대구,1990-02-21,6.4,.6,715,11,1750,,,,,,,11.2,70,1953,6.8,90,2050,2.7,2362,70,1.4,56,1540,70.5,6.8,1018.4,1028.2,908,1024.3,130,1026,11.1,1.2,900,.95,6.02,,,,,,7.3,4.3,6.7,-4.1,5.9,6.2,6.9,7.3,7.7,7.7,8.5,11.4,14.2,,2,10,-{박무}1120-{박무}{강도0}1200-{박무}{강도0}1500-1720.,
143,대구,1990-02-22,9.7,9.2,730,10.5,0,18.08,,,,,27.7,12.4,90,1215,7.7,90,1220,5.1,4448,90,7.1,68,0,84,10.1,1013.6,1024.8,0,1017.8,1600,1021,11.1,0,1300,.28,1.52,,,,,,10,5,8.7,7.6,8.1,8,7.7,7.6,8,8,8.5,11.5,14.2,,1,20.5,{비}0240-{비}{강도0}0300-{비}{강도0}0600-{비}{강도1}0900-{비}{강도0}1200-{비}{강도0}1500-{비}{강도0}1800-2045.,
143,대구,1990-02-23,8.8,7.1,2400,9.9,1530,12.65,,,,,5.9,8,110,2018,5.3,110,2022,4.1,3532,110,6.8,77,2230,87.5,9.9,1011.6,1021.1,2400,1017.7,1630,1019.1,11.2,0,1200,.62,2.95,,,,,,10,6.1,8.8,6.1,8.9,8.6,8.2,8.1,8,8,8.5,11.5,14.2,,1.4,3.1,{비}0545-{비}{강도0}0600-{비}{강도0}0900-{비}{강도0}1200-{비}{강도0}1500-{비}{강도0}1800-1824.,
143,대구,1990-02-24,6.1,5.1,2400,7.1,0,,,,,,,10,90,1840,7,90,1838,4.3,3752,90,1.7,67,1330,73.3,6.9,1014.3,1022.8,1100,1020.4,342,1021.8,11.2,0,1000,.65,4.04,,,,,,10,7.1,6.5,4.4,6.8,7.3,7.7,8.1,8,8,8.5,11.3,14,,1,5.4,,
143,대구,1990-02-25,4.5,1.2,2400,7.6,1458,8.7,,,,,5.9,8.2,290,1545,6.3,270,1500,3.1,2690,290,-1,42,1730,70.5,5.8,1012.8,1023,2400,1018.6,1500,1020.3,11.2,2,1400,1.67,8.08,,,,,,6.8,2.4,6.1,-4.3,6.2,6.5,7.2,7.6,8.2,8.4,8.6,11.3,13.9,,1.8,.5,{비}0130-{비}{강도0}0300-{비}{강도0}0600-{비}{강도0}0900-0942.  {비}1045-1115.,
143,대구,1990-02-26,3.4,-1.3,710,8.7,1530,,,,,,,7,110,1900,5.3,90,1920,3.1,2710,250,-4.7,40,1417,55.5,4.4,1016.3,1025.7,2400,1022.6,1505,1023.9,11.3,8.4,1100,2.02,11.82,,,,,,2.5,3.5,4.4,-4.7,5.1,5.4,6.2,6.9,8,8.4,8.6,11.3,13.9,,1.7,,,
143,대구,1990-02-27,5.5,3.3,700,10,1424,,,,,,,12.1,90,1720,8.8,90,1737,3.4,2974,90,-.9,52,1413,64,5.8,1020.5,1031.3,2253,1025.7,0,1028.1,11.3,4.4,1300,2.28,10.52,,,,,,6,3.4,8,1.6,6.8,6.7,6.7,7,7.8,8.5,8.8,11.3,13.9,,1.9,,,
143,대구,1990-02-28,5.1,1.3,600,9.3,1152,,,,,,,8.5,90,1427,6.7,90,1435,2.8,2445,70,-.5,52,1500,69.3,5.9,1021.7,1031.6,910,1026.1,2400,1029.4,11.4,3.9,1000,1.72,8.38,,,,,,7.3,4.9,5.6,-4,5.7,6.3,6.6,7,7.9,8.4,8.8,11.4,13.8,,2.2,,{햇무리}0835-1030.,
143,대구,1990-03-01,6.6,5.3,2400,8.5,1340,10.42,,,,,.6,10.3,70,1833,6.7,50,1540,3.1,2696,90,1,57,1840,67.8,6.6,1016.6,1026.1,0,1022,1500,1024.1,11.4,0,1100,.6,2.99,,,,,,10,7.8,5.7,3.6,6.2,6.5,6.8,7,7.9,8.5,9,11.4,13.7,,.6,.6,{비}1105-{비}{강도0}1200-{비}{강도0}1500-1720.  {비}1950-{비}{강도0}2100-{비}{강도0}2400-,
143,대구,1990-03-02,6.3,4.5,2400,9.5,1103,.33,,,,,0,8.1,70,1030,5.7,70,1031,3.1,2683,90,.8,53,1430,69,6.5,1015.9,1024.9,940,1021.7,2400,1023.4,11.4,2.2,900,1.23,5.68,,,,,,7.3,6.6,6,.4,6,6.3,6.8,7,7.7,8.4,8.8,11.3,13.7,,.6,,-{비}-0020.,
143,대구,1990-03-03,6.9,.7,632,14.3,1508,,,,,,,7.2,320,1752,5.8,320,1758,2.3,1958,90,-.6,39,1800,60.8,5.9,1011.4,1021.9,101,1015.2,1803,1018.9,11.5,8.6,1100,2.19,13.47,,,,,,5,1.6,8.8,-5.3,7.2,7.1,6.7,6.9,7.7,8.5,9,11.3,13.7,,3.1,,,
143,대구,1990-03-04,7.8,2,615,14.2,1519,,,,,,,9.8,290,1226,7,290,1230,3.2,2740,290,-1.2,33,1355,55,5.6,1006.4,1017.2,0,1010.3,1600,1013.9,11.5,8.7,1100,2.37,15.06,,,,,,2.8,.1,9.3,-4.4,8.4,8.2,7.6,7.5,7.9,8.5,9,11.3,13.7,,3.5,,,
143,대구,1990-03-05,6.3,1.5,720,11.9,1521,,,,,,,11.7,270,1702,7.3,270,1712,4.1,3502,270,-4,31,1430,50,4.6,1005.5,1014.7,832,1009.7,1530,1012.9,11.5,9.9,1100,2.49,16.19,,,,,,1.3,0,8.6,-3,8.1,8.1,7.9,7.9,8,8.5,9,11.3,13.7,,3.9,,,
143,대구,1990-03-06,7,1.3,755,12.9,1451,,,,,,,16.2,290,1645,8,290,1651,4.6,3960,270,-3.7,34,1500,48,4.7,1005.6,1015.2,855,1010.3,1515,1013.1,11.6,9.6,1100,2.49,16.49,,,,,,.5,.3,9.1,-4.1,8.6,8.1,8,7.8,8.2,8.5,9,11.3,13.7,,4.2,,,
143,대구,1990-03-07,6.4,3.4,2400,10.7,1531,,,,,,,14.5,320,1153,8.3,320,1156,4.6,3989,270,-6.2,24,1520,41.3,3.9,1009.2,1023.3,2400,1012.3,3,1016.6,11.6,8.2,1100,2.69,14.61,,,,,,2.8,2.4,9,-3.7,8.3,8.3,8.1,8.1,8,8.5,9,11.2,13.7,,4.1,,,
143,대구,1990-03-08,6.2,-2.3,644,13.9,1545,,,,,,,8.2,290,1350,5,290,1350,2.2,1900,270,-6.2,24,1726,42.8,3.9,1017.6,1027.7,904,1023.1,1708,1025.1,11.7,9.8,1200,2.52,16.64,,,,,,0,0,8,-4.4,7.8,7.9,7.9,7.9,8,8.5,9,11.2,13.7,,3.7,,,
143,대구,1990-03-09,8.7,0,612,16.7,1501,,,,,,,9.2,270,1245,6.5,270,1253,3.3,2861,270,-4.1,19,1610,43.8,4.5,1019.2,1028.7,2300,1024.4,1530,1026.7,11.7,9.5,1100,2.66,17.38,,,,,,0,0,10,-6.5,9.1,8.7,8.3,8.1,8.2,8.5,9,11.2,13.7,,3.8,,,
143,대구,1990-03-10,10.6,2.8,650,19.4,1603,,,,,,,5.8,250,1425,4.3,290,1430,2.2,1917,270,-.3,23,1500,51.5,6,1019.2,1030.6,840,1023.6,1810,1026.7,11.7,9,1200,2.4,15.65,,,,,,0,0,11.7,-1.3,10.5,10.1,9.1,8.7,8.4,8.7,9.1,11.3,13.7,,2.3,,,
143,대구,1990-03-11,10.5,7.4,620,15.9,1204,3.33,,,,,5.9,14.8,270,2359,9.7,270,2351,2.3,1958,50,6.1,52,0,74.5,9.7,1006.4,1023.8,0,1004.9,2203,1013.8,11.8,.3,1000,.93,3.26,,,,,,7,6.3,9,.8,9.6,9.4,9.5,9.3,8.5,8.7,9.1,11.3,13.7,,1.7,5.9,{비}1210-1450.  {비}2145-2225.,
143,대구,1990-03-12,7.9,4.8,2400,12.2,1452,1.78,,,,,0,16.8,270,148,11,270,143,5.1,4422,320,-1,38,1455,54.3,5.7,1008.3,1023.1,2400,1006.2,0,1015.7,11.8,6.3,1200,2.06,12.25,,,,,,6.8,5.1,9.1,-.7,9.7,9.4,9.4,9.1,9,9,9.3,11.3,13.7,,2.7,,{비}0703-0850.,
143,대구,1990-03-13,8.4,1.7,630,16.4,1558,,,,,,,4.6,270,546,4.2,270,540,2.3,1968,270,-2.5,22,1845,48,5.1,1017.6,1027.1,930,1022.9,1650,1025.1,11.8,10,1200,2.55,17.28,,,,,,0,0,9.5,-3.2,9.8,9.5,9.1,9,8.9,9.3,9.4,11.4,13.7,,2.7,,,
143,대구,1990-03-14,7.8,4.9,605,11.3,1238,8.42,.5,1455,2,1455,5,7,290,2040,5,290,2048,1.9,1633,70,4.4,57,1240,78.3,8.5,1012.8,1025.5,0,1014.8,1902,1020.3,11.9,0,1000,.58,3.73,,,,,,9.8,8.1,8,1.9,9.1,9,9.4,9.4,9,9.1,9.4,11.3,13.7,,1.5,5,{박무}1115-{박무}{강도0}1200-{박무}{강도0}1500-{박무}{강도1}1800-{박무}{강도0}2100-2330.{비}1255-{비}{강도0}1500-{비}{강도0}1800-{비}{강도0}2100-2120.,
143,대구,1990-03-15,9.9,5.6,2400,15,1458,,,,,,,14.3,290,1259,9.3,290,1303,5.4,4672,290,-1.4,26,1430,48,5.7,1013.5,1026.6,2400,1015.9,0,1020.8,11.9,9.8,1300,2.51,16.41,,,,,,.5,1.4,10.8,1.3,10.5,10.2,9.6,9.4,9.3,9.2,9.4,11.3,13.7,,4,,{연무}0820-{연무}{강도0}0900-{먼지연무}0920-{먼지연무}{강도0}1200-1350.,
143,대구,1990-03-16,8.1,3.3,650,13.9,1506,,,,,,,10.8,290,1530,8.3,290,1534,4.4,3768,270,-3.4,25,1730,46,4.8,1018.9,1028.3,918,1024.7,1500,1026.4,12,9.1,1200,2.44,16.87,,,,,,4,.9,8.8,-1.4,10,10,9.7,9.6,9.5,9.4,9.5,11.4,13.7,,4.1,,,
143,대구,1990-03-17,7.8,.9,650,16.1,1356,.83,0,,.2,2145,.2,13.9,290,1806,10,290,1813,3.5,3006,290,-4.8,16,1408,45.3,4.4,1015.4,1027.4,0,1017.6,1730,1022.9,12,5.6,1100,2.46,13.02,,,,,,8.8,5.4,8.8,-4.8,9.7,9.6,9.5,9.4,9.5,9.4,9.5,11.4,13.7,,4.2,.2,{소나기}2145-2235.,
143,대구,1990-03-18,6.7,2.7,656,11.9,1558,,,,,,,14.4,290,1036,10.3,290,1038,4.6,4003,270,-2.9,38,1630,51,5,1016.3,1026.1,2400,1021.2,0,1023.8,12,8.6,1000,2.58,15.11,,,,,,1.8,1.5,8.9,-.5,9,9.1,9.5,9.5,9.5,9.5,9.6,11.4,13.7,,3.4,,,
143,대구,1990-03-19,8.9,.7,705,18.7,1615,,,,,,,11,320,1908,9.8,320,1911,4,3458,250,-4.8,13,1600,42.8,4.4,1015.4,1026.1,0,1019,1700,1022.8,12.1,10.5,1100,2.79,19.28,,,,,,0,0,11.4,-4.2,12.3,9.9,9.5,9.5,9.5,9.6,9.7,11.5,13.7,,5.2,,,
143,대구,1990-03-20,12.5,5.9,553,20.2,1627,,,,,,,6.3,250,1318,6,250,1324,3.5,2992,270,-3.8,16,1340,34.8,4.8,1013.3,1022.6,900,1017.7,1600,1020.6,12.1,9.7,1200,2.59,17.18,,,,,,0,0,14.7,1.7,12.3,11.8,10.6,10,9.6,9.7,9.7,11.4,13.7,,4.8,,,
143,대구,1990-03-21,12.5,5.5,709,18.7,1436,,,,,,,10,90,1647,9,90,1656,4,3490,90,5,42,1600,60.8,8.7,1015.5,1025.5,2400,1019.7,100,1022.9,12.1,10,1200,2.65,17.83,,,,,,2.5,3.1,15,-.9,13.3,12.9,11.7,10.8,10,9.7,9.7,11.4,13.7,3.8,4.1,,,
143,대구,1990-03-22,13.6,6,648,22.1,1631,,,,,,,6.8,270,1443,5,270,1510,2.2,1873,70,3.5,18,1700,58,8,1016.3,1026,905,1020.5,1600,1023.6,12.2,9.3,1100,2.61,16.95,,,,,,2.5,.9,16.1,2.3,14.6,13.9,12.4,11.4,10.5,9.9,9.9,11.5,13.7,3.2,4.1,,,
143,대구,1990-03-23,13.2,9.6,630,15.7,1802,6.18,.4,1340,.5,1330,1.5,2.6,70,1720,2.5,70,1725,1.4,1183,70,9.2,55,0,77,12.1,1011.3,1022.7,0,1013.7,2400,1018.5,12.2,0,1100,.67,3.99,,,,,,9,6.9,13,3.9,12.8,12.6,12.5,11.9,10.8,9.9,9.9,11.5,13.7,.4,.5,1.5,{비}0903-0915.  {비}1030-1152.  {비}1305-{비}{강도0}1500-1742.{박무}1310-{박무}{강도0}1500-{박무}{강도0}1800-{박무}{강도0}2100-{박무}{강도0}2400-,
143,대구,1990-03-24,10,6.1,1924,15.7,430,11.17,1,1420,4.5,1420,10.3,15.7,90,1113,10.3,90,1118,5,4283,90,7.8,56,2400,87,11,1009.8,1024.6,2400,1011.4,418,1017.2,12.3,0,1400,.19,1.28,,,,,,10,6.3,10.1,5,11.3,11.4,12,11.8,11.2,10.1,10,11.5,13.7,1.3,2.6,10.3,{비}0635-0645.  {비}0910-{비}{강도0}1200-{비}{강도0}1500-{비}{강도0}1800-2010.-{박무}-{박무}{강도1}0300-{박무}{강도0}0600-{박무}{강도0}0900-{박무}{강도0}1200-{박무}{강도0}1500-{박무}{강도0}1800-1820.,
143,대구,1990-03-25,6.8,3.8,2400,10.8,1303,,,,,,,13.4,70,1059,8.3,70,1150,5.7,4899,70,-4.6,35,1130,44,4.3,1019,1028.4,2200,1024.6,0,1026.6,12.3,8,1200,2.9,17.44,,,,,,4.8,2.9,8.3,-.6,9.3,9.5,10.1,10.6,11.3,10.3,10,11.5,13.7,,3.8,,,
143,대구,1990-03-26,8.1,.6,643,15.4,1515,,,,,,,6.5,90,1953,5.5,90,2000,2.6,2255,90,-1.4,35,1506,53,5.5,1019.4,1029.4,910,1023.6,1720,1027,12.3,11.1,1100,2.91,19.93,,,,,,0,0,12.1,-5.4,11,10.8,10.2,10.3,10.6,10.5,10.1,11.5,13.7,,4.2,,,
143,대구,1990-03-27,9,1.9,648,14.9,1650,2.75,.4,2330,1.3,2250,1.9,4.2,290,1342,3.5,290,1340,1.7,1500,90,1.9,42,1530,63.5,7,1016.6,1027.1,0,1020.9,1700,1024.1,12.4,2.7,900,1.52,10.25,,,,,,7,6.5,12.2,1.9,10.9,10.8,10.9,10.7,10.6,10.5,10.2,11.5,13.7,2,2.2,12.9,{햇무리}0940-1040.  {비}2115-{비}{강도0}2400-,
143,대구,1990-03-28,10.4,8.7,425,11.9,1505,17.53,.8,635,2,635,13.4,10,90,1556,6.7,90,1410,4.1,3581,90,8.5,79,1510,88,11.1,1007.2,1021.5,0,1011.5,1600,1014.6,12.4,0,1300,.24,1.55,,,,,,10,5.3,9.9,7.6,10.4,10.6,10.8,10.9,10.9,10.5,10.2,11.5,13.7,1.1,1.3,5.8,-{비}-{비}{강도0}0300-{비}{강도0}0600-{비}{강도1}0900-{비}{강도0}1200-1225.  {비}1344-1414.  {비}1545-1610.  {비}1808-{비}{강도0}2100-2140.  {비}2320-{비}{강도0}2400-  {박무}1620-1750.,
143,대구,1990-03-29,9.3,8.6,2400,10.3,1110,15.25,.3,113,1,50,6.5,6.1,110,1241,4.7,110,1242,2.6,2246,110,7.3,81,1400,87.3,10.2,1008.4,1018.6,2150,1012.6,0,1015.9,12.5,0,1100,.33,2.3,,,,,,10,5.3,9.4,6.7,10,9.9,10.3,10.5,10.7,10.5,10.2,11.5,13.6,.6,.9,3.1,-{비}-{비}{강도0}0300-{비}{강도0}0600-0620.  {비}1230-{비}{강도0}1500-{비}{강도0}1800-{비}{강도0}2100-2125.,
143,대구,1990-03-30,10.8,7.4,652,15.1,1448,1.33,0,,0,,0,5.2,110,2159,4,110,1830,1.9,1661,50,6,50,1618,74.3,9.4,1010.5,1019.9,925,1016.1,1718,1017.8,12.5,0,1200,1.45,8.25,,,,,,10,8.3,11.6,4.7,11.2,10.9,10.4,10.4,10.6,10.5,10.4,11.5,13.6,1.1,1.8,0,{비}2150-2310. {박무}0010-{박무}{강도0}0300-{박무}{강도0}0600-0640.,
143,대구,1990-03-31,13.2,7.7,630,20.4,1555,,,,,,,6,340,1242,4.3,270,1150,2.5,2167,290,6.1,37,1600,64.8,9.4,1007.1,1016.7,0,1011,1525,1014.3,12.5,9.3,1200,2.6,18.12,,,,,,3,2,15.9,4.5,14,13.5,11.8,11.1,11,10.6,10.5,11.5,13.6,3.1,3.8,,{박무}0610-{박무}{강도0}0900-1110.,
143,대구,1990-04-01,14.3,6.6,702,22.3,1628,,,,,,,6.8,270,2153,6.7,270,2203,2.6,2216,270,6,29,1648,60.8,9.4,1005.5,1015,700,1010,1540,1012.8,12.6,10.5,1200,2.56,16.74,,,,,,4.5,3.8,16,.7,15.2,14.2,13.1,12.1,11.5,10.5,10.5,11.5,13.5,3.4,4.1,,,
143,대구,1990-04-02,16.4,7.4,650,24.8,1525,,,,,,,8.3,90,1704,5.5,90,1715,2.3,2021,20,6,31,1650,53,9.4,1008.8,1018.1,1020,1013.2,1807,1016,12.6,10.2,1100,2.83,18.83,,,,,,.5,.3,18.6,1.6,16.5,15.7,14,12.8,12,10.7,10.5,11.5,13.5,4,4.7,,{박무}0640-{박무}{강도0}0900-1140.,
143,대구,1990-04-03,12.6,9.3,650,17,1235,9.05,.6,1950,2.5,1900,8.1,8.8,250,1259,7.7,250,1300,2.5,2192,70,7.3,50,1440,72,10.3,1005.5,1016.6,0,1009.7,2300,1012.8,12.6,.6,1000,1,5.01,,,,,,9.3,5.8,13.2,5.6,13.4,13.7,13.8,13.3,12.5,11,10.7,11.6,13.5,1.4,1.5,8.4,{비}1457-{비}{강도0}1500-{비}{강도0}1800-{비}{강도0}2100-{비}{강도0}2400-{박무}0605-{박무}{강도0}0900-{박무}{강도0}1200-1225.,
143,대구,1990-04-04,7.3,3.7,630,11.8,1531,.67,.2,0,.5,2330,.3,15,320,1014,10,320,1011,6.6,5678,290,-3.7,31,1640,47.5,4.8,1005.5,1016.8,2300,1009.2,148,1013,12.7,7.4,1000,2.45,16.78,,,,,,4.5,3.5,9.6,.1,11.7,11.9,12.4,12.5,12.5,11,10.7,11.6,13.5,3.7,4.3,,-{비}-0040.,
143,대구,1990-04-05,9.7,2.7,616,16.8,1430,,,,,,,16.8,270,1735,11.7,270,1744,6.5,5586,270,-6.2,22,1410,33.3,3.9,1009.1,1018.7,940,1013.9,1645,1016.5,12.7,11.6,1100,3.09,22.7,,,,,,0,0,13.4,-2.5,12,11.8,11.6,11.8,12.3,11.2,10.7,11.6,13.5,5.8,7,,,
143,대구,1990-04-06,12.5,4.1,620,20.8,1530,,,,,,,8.2,200,1800,6.5,200,1800,2.6,2211,270,-2,30,0,36.5,5.5,1010.3,1021.1,800,1013.7,1800,1017.6,12.8,11.1,1100,2.7,19.14,,,,,,2.8,.4,15.6,-3.2,13.7,13.6,12.5,12.1,12,11.2,10.7,11.6,13.5,3.7,4.2,1.9,,
143,대구,1990-04-07,12.9,9.2,2400,16.1,1802,11.83,.7,2105,1.6,2102,4,16,290,2300,11.7,290,2304,4,3451,90,8.9,47,0,77.5,11.6,1000.9,1016.6,0,1001.1,1932,1008.2,12.8,0,900,.49,2.12,,,,,,10,6,11.9,3.8,12.2,12.4,12.7,12.4,12.1,11.3,10.8,11.6,13.5,2,2.2,2.1,{비}0525-{비}{강도0}0600-{비}{강도0}0900-{비}{강도0}1200-1405.  {비}1510-1730.  {비}2102-2152.{박무}1730-{박무}{강도0}1800-{박무}{강도0}2100-{박무}{강도0}2400-,
143,대구,1990-04-08,11.7,6.8,240,17.6,1455,,,,,,,16.3,270,1205,12.7,270,1219,7.1,6105,270,-6.2,18,1500,29,3.9,1001.2,1014,2400,1004.5,40,1008.4,12.8,10.6,1100,2.57,18.6,,,,,,0,0,12.2,1.9,11.9,11.8,11.8,11.9,12.2,11.4,11,11.7,13.5,5.3,6,,-{박무}-0130.  {황사}0715-{황사}{강도0}0900-{황사}{강도0}1200-{황사}{강도0}1500-{황사}{강도0}1800-{황사}{강도0}2100-{황사}{강도0}2400-,
143,대구,1990-04-09,13.7,5.3,633,22.3,1615,,,,,,,8.7,270,1713,6.7,270,1650,2.3,1962,290,.6,28,0,41.3,6.5,1007.7,1017.2,2300,1012.6,1710,1015,12.9,9.9,1100,1.97,14.8,,,,,,3,1.3,14.1,-1.9,13.1,12.8,12.1,11.9,12.1,11.5,11,11.7,13.5,3.2,4.1,,-{황사}-{황사}{강도0}0300-{황사}{강도0}0600-{황사}{강도0}0900-{황사}{강도0}1200-{황사}{강도0}1500-{황사}{강도0}1800-{황사}{강도0}2100-{황사}{강도0}2400-,
143,대구,1990-04-10,17,9.9,650,24.5,1440,,,,,,,7.3,180,1751,6,180,1810,2.1,1806,70,3.6,22,1342,43.8,8,1010.9,1020,2220,1016,1630,1018.1,12.9,10.4,1200,2.48,16.89,,,,,,5.8,0,18.2,3.2,16.2,15.6,13.8,12.8,12.1,11.5,11,11.7,13.5,5.1,5.5,,-{황사}-{황사}{강도0}0300-{황사}{강도0}0600-{황사}{강도0}0900-{황사}{강도0}1200-{황사}{강도0}1500-{황사}{강도0}1800-{황사}{강도0}2100-{황사}{강도0}2400-,
143,대구,1990-04-11,16.1,7.7,642,24.3,1357,,,,,,,10.2,110,1405,8,90,1240,3.8,3275,90,5.2,27,1422,51.8,8.9,1012.5,1021.7,910,1017.7,1605,1019.7,12.9,11.2,1100,2.48,18.78,,,,,,3.3,1.3,18.5,3.2,16.6,16.1,14.8,13.7,12.3,11.5,11,11.7,13.5,4,5.3,4.7,-{황사}-{황사}{강도0}0300-0330.  {햇무리}1110-1340.,
143,대구,1990-04-12,15.5,14.1,530,16.3,0,18.08,1.4,1750,4.9,1700,34.6,8.7,90,1253,7.3,90,1256,3.8,3313,90,14.1,62,0,91.5,16.2,1003.4,1018.7,0,1004.2,2400,1010.6,13,0,1100,.37,2.43,,,,,,10,6.3,15.5,12.8,15.4,15.6,15.2,14.3,13,11.8,11.2,11.7,13.5,.7,1,29.9,{비}0415-{비}{강도0}0600-{비}{강도0}0900-{비}{강도0}1200-{비}{강도0}1500-{비}{강도0}1800-{비}{강도0}2100-2220.,
143,대구,1990-04-13,12.7,7.2,2400,16.1,0,,,,,,,9.8,290,1904,8,290,1900,3.9,3395,290,8,54,1840,73.3,11,999.9,1011,2350,1003.4,10,1007.1,13,0,1200,.76,4.27,,,,,,9,4.8,12.7,2.4,14,14.2,14.4,14.1,13.5,11.8,11.3,11.7,13.5,1.4,2,.5,,
143,대구,1990-04-14,9.2,5,324,13.9,1549,1.17,.3,715,.5,650,.5,10.8,250,1502,9,250,1511,3.7,3203,270,2.1,42,1635,63.5,7.2,1001.2,1011,0,1006.9,1500,1008.6,13,2.5,1400,1.44,8.97,,,,,,6.8,6.9,10.4,.3,11,11.3,12.4,12.9,13.5,12,11.3,11.7,13.5,2.5,3,,{비}0640-0750.,
143,대구,1990-04-15,12,6.7,600,18.8,1405,,,,,,,8.1,230,1312,5,230,1312,2.4,2059,270,3,36,1500,55.3,7.6,1001.5,1010,2400,1006.5,1625,1008.8,13.1,6.3,1100,2.92,17.32,,,,,,7.8,4.8,14.9,1.4,14.5,14.1,12.9,12.6,13,12.3,11.5,11.8,13.5,2.9,3.7,,,
143,대구,1990-04-16,9.5,8.1,2400,11.5,1546,8.02,0,,0,,0,8,90,1854,6.3,90,1857,3.1,2636,90,5.6,63,1555,76.8,9.1,1005.6,1016,2400,1010,0,1013,13.1,0,1400,.87,4.47,,,,,,10,5.5,11.4,6.7,12.3,12.5,13.1,13.1,13.2,12.2,11.7,11.9,13.5,.7,.9,.2,{비}0905-{비}{강도0}1200-1325.  {비}1904-{비}{강도0}2100-2245.,
143,대구,1990-04-17,10,7.4,530,15,1505,2.92,.1,420,.2,400,.2,9.2,90,2046,7.5,90,2050,3.1,2652,110,3.5,43,1355,65.8,7.9,1009.8,1019.1,2400,1015.3,1517,1017.2,13.2,4.2,1200,2.35,14.32,,,,,,7.8,5.5,14.8,4.9,13.5,13.3,12.7,12.7,13,12.3,11.7,12,13.4,2.8,3.6,,{비}0245-{비}{강도0}0300-0540.,
143,대구,1990-04-18,11,6.5,625,17.5,1548,,,,,,,6.7,90,1903,5.7,90,1910,2.9,2479,110,3.1,31,1630,60,7.7,1012,1021,900,1017,1700,1019.4,13.2,7.8,1100,3.01,19.13,,,,,,7.5,4.1,15.4,3.9,15.2,14.9,13.7,13.1,13,12.2,11.6,12,13.3,2.6,4.4,,,
143,대구,1990-04-19,12.4,5.7,600,19.7,1354,,,,,,,8.7,90,1729,8,90,1600,3.2,2758,90,4.3,34,1333,60.5,8.3,1010.1,1020.7,758,1013.6,1810,1017.4,13.2,8.7,1100,2.96,18.12,,,,,,5.8,3.6,16.9,1.6,15.7,15.7,14.6,13.8,13.5,12.3,11.8,12,13.3,3.3,4,9.3,{햇무리}1410-1540.,
143,대구,1990-04-20,10.9,8.6,802,12.9,1613,11.17,1.1,535,2.8,700,10.1,5.1,90,129,4,110,830,1.7,1434,110,7.9,67,0,81.8,10.7,1006.5,1015.6,1110,1011.7,1600,1013.9,13.3,0,1100,.96,5.02,,,,,,10,7.5,12.5,7.9,13.4,13.4,14.1,13.9,13.6,12.5,11.8,12,13.3,.5,.6,.8,{비}0420-{비}{강도0}0600-{비}{강도0}0900-{비}{강도0}1200-{비}{강도0}1500-1530.{박무}1620-{박무}{강도0}1800-{박무}{강도0}2100-{박무}{강도0}2400-,
143,대구,1990-04-21,14.1,9.8,640,18.8,1548,,,,,,,10.3,90,1214,8,90,2100,3.9,3346,90,8.1,47,1557,68.8,10.8,1005.6,1015,0,1010.3,1635,1012.9,13.3,6.7,1100,2.77,18.86,,,,,,8.3,3,18.5,8.8,16.1,15.7,14.4,13.8,13.5,12.5,12,12.1,13.3,3.8,4.3,3.9,-{박무}-{박무}{강도1}0300-{박무}{강도1}0600-{박무}{강도0}0900-0940.  {햇무리}1325-1540.,
143,대구,1990-04-22,11.5,10.6,2400,12,0,14.83,1.2,1520,5,1450,29.5,9.9,90,159,7.3,90,208,2.7,2346,110,9.1,76,0,85.5,11.6,999.8,1012.2,0,1004.2,1500,1007.1,13.3,0,1300,.26,2.09,,,,,,10,6,11.8,8.8,12.8,13.1,14,14,13.7,12.5,12,12.1,13.3,.7,1.1,25.6,{비}0620-{비}{강도0}0900-{비}{강도0}1200-{비}{강도1}1500-{비}{강도0}1800-1845.  {비}2025-{비}{강도0}2100-2250.,
143,대구,1990-04-23,12.7,8,2400,19.8,1230,,,,,,,13.3,290,2100,9.7,290,1630,4.2,3610,290,5.6,44,1400,63,9.3,1001.3,1013.7,2400,1005.8,1512,1008.6,13.4,7.9,1000,2.89,13.94,,,,,,5.5,3,14.6,3.1,14.4,14.4,13.8,13.6,13.8,12.8,12,12.2,13.3,4.1,4.9,,,
143,대구,1990-04-24,12.3,5.3,610,19.1,1555,,,,,,,12.3,270,1502,8.3,270,1500,4.7,4061,290,-2.5,24,1510,37,5.1,1008.4,1017.8,2200,1013.5,1620,1015.7,13.4,12.3,1100,3.1,24.6,,,,,,0,0,16.1,-1.2,15.3,14.9,13.9,13.6,13.9,13,12,12.2,13.3,4.7,5.5,,,
143,대구,1990-04-25,12.6,3.4,605,19.9,1647,,,,,,,11.3,250,1333,8.7,250,1340,3.7,3208,200,-.4,24,1329,42.3,6,1009.1,1018.9,845,1012.8,1710,1016.4,13.4,12.1,1100,3.41,25.19,,,,,,1.8,0,17.8,-3.3,16.1,15.9,14.7,14.1,13.8,12.9,12.2,12.3,13.3,6,6.1,,,
143,대구,1990-04-26,16.1,9.9,550,24.5,1516,,,,,,,12.6,290,1347,8.3,290,1352,3.5,3036,290,3.5,24,1530,47.5,8.1,1010,1020.8,2400,1015.2,1520,1017.2,13.5,11.2,1200,3,21.68,,,,,,.8,0,19.7,4,18.1,17.6,16,14.9,14.2,12.9,12.2,12.3,13.3,5.2,6.3,,{황사}0840-{황사}{강도0}0900-{황사}{강도0}1200-{황사}{강도0}1500-{황사}{강도0}1800-{황사}{강도0}2100-2110.,
143,대구,1990-04-27,16.2,5.3,535,26.2,1520,,,,,,,9.8,250,1402,8.3,250,1410,2.6,2285,250,4.2,23,1500,47.3,8.5,1011.9,1022,700,1014.8,1650,1019,13.5,11.3,1100,2.81,21.08,,,,,,3.5,1.1,20.3,-1.2,18.1,17.8,16.4,15.4,14.5,13,12.4,12.4,13.3,4.3,5.8,.3,{황사}0915-{황사}{강도0}1200-1240.,
143,대구,1990-04-28,15.9,12.9,2323,18.1,1332,8.35,.4,1625,1.1,1623,3.2,6,340,2330,5.2,340,2300,1.7,1500,320,12.2,66,1500,79.3,14.2,1011.8,1019.9,1350,1017.5,1745,1019,13.5,0,1200,1.03,4.4,,,,,,10,6.5,16.4,8.3,16.8,16.8,16.7,15.9,15,13.1,12.5,12.4,13.3,.6,.9,2.9,{비}0140-{비}{강도0}0300-0330.  {비}0915-1136.  {비}1605-{비}{강도0}1800-2015.{박무}0530-{박무}{강도0}0600-{박무}{강도0}0900-{박무}{강도0}1200-1325.,
143,대구,1990-04-29,16.6,11.5,600,25,1405,,,,,,,14.3,90,1813,11.5,90,1810,4,3417,90,5.8,26,1225,53,9.5,1015.2,1025.8,2225,1019.7,0,1022.4,13.6,12.1,1200,3.33,24.76,,,,,,.5,0,20.9,6.2,19,18.5,16.6,15.6,15,13.2,12.5,12.4,13.3,6.3,7.2,,,
143,대구,1990-04-30,17.4,8,600,27.3,1635,,,,,,,7,90,2400,5.3,90,2400,2.6,2259,70,5,27,1930,48,8.8,1015.6,1025.5,0,1019,1620,1022.8,13.6,12.1,1100,3.22,24.1,,,,,,0,0,22.3,4.4,20.1,19.6,17.8,16.5,15,13.3,12.5,12.4,13.3,6.2,6.6,,,
143,대구,1990-05-01,13.7,10.1,2210,17.1,1215,6.92,.5,2120,2.5,2110,9.1,16,90,816,10.7,90,1130,7.2,6202,90,7.1,40,1130,66.3,10.2,1014.4,1023.5,910,1018.9,1850,1021.7,13.6,4,1000,1.42,8.94,,,,,,7.5,3.6,15.3,9,16.2,16.5,16.9,16.9,15.6,13.5,12.5,12.4,13.3,2.5,3.1,13.1,{비}1705-{비}{강도0}1800-{비}{강도0}2100-{비}{강도0}2400-,
143,대구,1990-05-02,10.9,8.9,310,12.7,1547,18.83,.5,213,1.5,200,4.4,15.3,90,715,11,90,412,7.3,6330,90,8.4,80,1530,84.8,11,1011.2,1020.4,0,1017.2,1700,1018.6,13.7,0,1200,.51,3.31,,,,,,10,6,11,8.1,12.5,12.8,14.5,15.2,15.5,13.5,12.5,12.4,13.3,.7,1.1,9.1,-{비}-{비}{강도0}0300-{비}{강도0}0600-0745.  {비}0820-{비}{강도0}0900-{비}{강도0}1200-{비}{강도0}1500-{비}{강도0}1800-1925.,
143,대구,1990-05-03,12.4,10.9,530,13.7,1555,12.25,1.6,754,5.8,750,11.6,12,90,344,7.3,90,220,3.1,2690,90,10.5,78,150,87.8,12.8,1004.6,1017.7,0,1008.1,1925,1011.8,13.7,0,900,.44,2.98,,,,,,10,5.1,12.8,9.9,13.1,13.1,13.7,14.2,15,14,12.9,12.6,13.3,.5,.7,2.9,{비}0505-0530.  {비}0610-{비}{강도0}0900-{비}{강도0}1200-1445.  {비}1645-{비}{강도0}1800-1850.{비}2040-{비}{강도0}2100-2150.,
143,대구,1990-05-04,13.2,11.9,440,14.5,1202,5,.4,1321,1.1,1313,2,5,110,1712,4.2,110,1708,1.5,1254,290,11.1,77,2333,87,13.2,1000.6,1009,910,1005.2,1820,1007.9,13.7,0,900,.36,2.52,,,,,,10,6.3,14.1,10.4,13.9,13.9,14,14.1,14.5,13.8,12.8,12.6,13.3,.4,.5,2,{비}1235-{비}{강도0}1500-1735.{박무}0810-{박무}{강도1}0900-{박무}{강도2}1200-{박무}{강도2}1500-{박무}{강도0}1800-{박무}{강도0}2100-2250.,
143,대구,1990-05-05,15.6,9.3,515,23.3,1657,,,,,,,7.3,290,1213,4.8,290,1220,2.8,2449,270,5.3,27,1831,53.3,9,1004.1,1015.5,2400,1008.2,30,1011.3,13.8,11.8,1100,3.21,21.82,,,,,,.8,.4,20.7,3.6,16.7,16.3,14.8,14.4,14.5,13.8,13,12.6,13.4,3.9,4.9,,,
143,대구,1990-05-06,16.8,8.9,600,24.3,1455,,,,,,,12.5,250,1428,7,250,1550,2.6,2282,200,6.1,27,1530,52.8,9.5,1008,1016.8,700,1012.4,1700,1015.2,13.8,11.1,1100,2.86,22.59,,,,,,1.8,.8,21.8,3.2,18.6,18.2,16.4,15.4,14.7,13.8,13,12.6,13.4,5.3,6.2,,,
143,대구,1990-05-07,16.1,13.4,2400,21.2,1630,6.87,22.5,1822,45.9,1803,55.6,15,270,1829,6.7,270,1834,2.3,1995,90,12.3,62,0,77.8,14.4,1003.9,1014.1,0,1007.4,1817,1011,13.8,2.6,1400,2.01,8.43,,,,,,7.8,4,18.1,8.6,17,16.9,17,16.2,15.2,13.9,13,12.6,13.4,.7,1,55.6,{비}1105-{비}{강도0}1200-1340. {소나기}1803-{시정(미만)}{1km}{소나기}1812-{시정(미만)}{0.5km}{소나기}/{우박}(d 1.2)1823-{시정(이상)}{0.5km}{소나기}1835-{시정(이상)}{1km}{소나기}1850-{소나기}{강도0}2100-2220.{천둥}{강도0}(E)1804-{뇌전}{강도0}(E{이동}NE 2-4)1807-1821.{뇌전}{강도0}(SW 3-5)1810-{뇌전}{강도0}(SW{이동}S 2-4)1813-{뇌전}{강도1}(S{이동}SE 1-2)1820-{뇌전}{강도0}(SE{이동}E 2-4)1836-{뇌전}{강도0}(E{이동}NE 4-6)1842-1857.,
143,대구,1990-05-08,17.2,12.7,232,24.6,1638,,,,,,,5.5,270,1052,3.8,290,1330,2,1732,290,11.6,45,1647,72.3,13.6,1002.8,1011.6,930,1008.2,220,1009.9,13.9,6.9,1400,2.57,17.32,,,,,,6,3.5,19.2,8.9,18.3,18.2,16.8,16.1,15,14.2,13.3,12.8,13.4,2.7,3.4,,{박무}0120-{박무}{강도0}0300-{박무}{강도0}0600-{박무}{강도0}0900-1120.,
143,대구,1990-05-09,21,12.9,600,29.6,1643,,,,,,,7.2,270,1438,5.7,290,1520,2.6,2274,250,11.6,31,1500,59.3,13.7,1004.5,1013.7,820,1009.1,1800,1011.6,13.9,11.4,1100,3.1,23.46,,,,,,0,0,24,7.9,21.3,20.8,18.4,17,15.6,14.4,13.5,13.1,13.4,5.4,6.2,,{박무}0510-{박무}{강도1}0600-{박무}{강도1}0900-{박무}{강도1}1200-1220.,
143,대구,1990-05-10,23,16.2,600,30.4,1448,,,,,,,10.5,250,1245,8.3,250,1251,2.8,2436,50,12.3,32,1830,54,14.5,1005.2,1013.8,900,1009.6,1553,1012.3,13.9,12.3,1200,3.06,22.9,,,,,,1,0,25.7,10.5,23.7,23.2,20.6,18.5,16.3,14.4,13.5,13.1,13.4,6.2,7.4,,,
143,대구,1990-05-11,20.8,16.3,609,24.8,1504,,,,,,,8.6,230,1510,6.5,250,1700,3,2570,270,14.4,44,0,66.5,16.5,1005.1,1013.3,0,1010.5,1622,1012.2,13.9,5.4,1000,1.82,11.21,,,,,,7.5,4.8,22.2,10.5,21.2,21.1,20.6,19.1,17.3,15.6,13.5,13.1,13.4,1.8,2.8,,{박무}0730-{박무}{강도0}0900-1020.  {햇무리}0820-0850.,
143,대구,1990-05-12,22.9,17.3,430,30.8,1557,,,,,,,5.4,270,1833,4.7,270,1833,2.6,2272,270,12.7,27,1536,57,14.9,1004.9,1014.2,920,1009.1,1800,1011.9,14,11.3,1100,3.15,24.08,,,,,,2.3,1.1,25.7,11.6,25,24.1,21.6,19.5,18,15.3,13.6,13.1,13.4,4.3,6.2,,,
143,대구,1990-05-13,21.8,16.7,642,27.1,1613,,,,,,,6,250,1345,5.7,250,1430,2.3,2011,320,15.4,50,1616,68,17.6,1002.5,1011.1,0,1007.3,1810,1009.6,14,6.2,1100,2.87,14.39,,,,,,7.5,6.6,23.9,11.3,23.6,23.4,21.8,20.4,18,15.3,13.6,13.1,13.4,2,2.7,1,{박무}0610-{박무}{강도0}0900-{박무}{강도0}1200-{박무}{강도0}1500-1540.,
143,대구,1990-05-14,17.7,12.8,2400,22,0,3.58,4.1,2158,4.1,2155,5.1,16.8,20,2152,13.3,20,2153,5.1,4373,110,12.4,60,1500,71.5,14.4,1003.3,1015.4,2400,1008.4,500,1010.4,14,2.9,1300,3.02,13.28,,,,,,9.3,5.5,20.3,9.6,21.7,21.7,21.2,20.2,18.6,15.5,13.8,13.1,13.5,3,3.7,4.1,{비}0525-{비}{강도0}0600-0825.  {소나기}2155-2230.{천둥}{강도0}(N)2150-{뇌전}{강도0}(N{이동}NW 3-5)2205-{뇌전}{강도0}(NW{이동}W 2-4)2212-{뇌전}{강도0}(N{이동}SW3-5)2223-2242.,
143,대구,1990-05-15,18.1,10,600,28.5,1423,,,,,,,16.8,270,1301,11.3,270,1301,4.3,3716,290,9,26,1430,60,11.5,1009.1,1020.2,2400,1012.8,1540,1016.2,14,12.1,1100,3.25,25.39,,,,,,0,0,22.6,5.7,21.6,21.2,20.5,19.6,18.5,15.8,14,13.1,13.5,6.2,7.8,,,
143,대구,1990-05-16,19.1,11.1,620,26.8,1503,,,,,,,8.1,110,1,6.8,110,18,2.5,2124,90,9.6,37,1510,56,12,1011.9,1021.1,730,1015.9,1710,1019,14.1,9.1,1000,2.74,18.55,,,,,,7.5,3.8,22.6,8.7,22,22.2,21.1,19.9,18.5,15.8,14.1,13.1,13.5,4,4.1,0,{햇무리}0720-1620.,
143,대구,1990-05-17,17.6,13.2,2020,23.6,1250,9.65,1.7,1650,5.3,1610,11.6,13.2,160,1252,8.3,160,1253,3.4,2900,90,11.3,39,1420,68.5,13.4,1010.9,1020.5,320,1012.7,2400,1018.1,14.1,0,1200,1.56,8.54,,,,,,10,7.6,18.9,12.3,20.3,20.4,20.8,20,18.9,16.2,14.4,13.2,13.5,1.7,2.5,19.5,{비}0701-0830.  {비}1435-{비}{강도0}1500-{비}{강도0}1800-2035.  {비}2150-{비}{강도0}2400-,
143,대구,1990-05-18,14.8,13.6,130,16.2,1005,16.67,.8,1050,2.9,1050,19,5.9,250,2235,4.7,250,1303,1.7,1467,250,12.9,74,2230,88.5,14.9,1001.7,1012.7,0,1006.3,1710,1008.9,14.1,0,1600,.32,2.57,,,,,,10,6.5,15.9,12.5,16.9,17.1,18.3,18.8,18.5,16.6,14.6,13.2,13.5,.8,1.1,11.1,-{비}-{비}{강도0}0300-{비}{강도0}0600-{비}{강도0}0900-{비}{강도0}1200-{비}{강도0}1500-1640.,
143,대구,1990-05-19,18.7,12.9,538,24.7,1504,,,,,,,10.6,250,1513,8.3,250,1740,3.5,3063,270,12.4,54,1502,67.8,14.5,1001.3,1010,2330,1007.2,1400,1008.4,14.2,11.9,1200,3.01,22.6,,,,,,2,2,22.4,8,20.5,20.2,18.8,18.4,18,16.5,14.6,13.2,13.5,4.8,5.1,1.6,,
143,대구,1990-05-20,19.5,15.4,523,25.7,1435,.67,1.2,659,1.6,650,1.6,15.9,290,1510,10.5,290,1500,4.5,3884,290,10.1,31,1514,59.3,12.9,1001.6,1011.1,2300,1006.4,1344,1008.7,14.2,9.4,1200,2.96,22.6,,,,,,5,4.4,22.7,10.6,22,21.6,20.2,19.2,18.5,16.5,14.8,13.3,13.5,6.3,6.8,,{소나기}0650-0730.,
143,대구,1990-05-21,18.8,12.5,600,24.9,1520,,,,,,,21.7,270,1258,13.3,270,1305,4.9,4259,290,6.5,32,1800,45.3,9.7,1002,1012.4,2400,1006.8,1610,1009.2,14.2,12,1200,3.24,25.24,,,,,,.5,.5,23.6,7.2,22.2,22,20.7,19.6,18.9,16.6,15,13.4,13.5,7.3,8.5,,,
143,대구,1990-05-22,16.4,12.9,537,20.6,1320,,,,,,,9,290,1008,7.3,290,1011,4,3439,320,9.4,52,1320,63,11.8,1006.7,1016.5,2340,1012.1,20,1013.9,14.2,7.2,1200,2.56,15.97,,,,,,9.8,4.9,21,8.6,20.9,20.9,20.5,19.7,18.8,16.6,15,13.4,13.5,4,4.5,,,
143,대구,1990-05-23,19.8,12.2,552,26.5,1454,,,,,,,8.1,250,2000,7.2,250,2000,2.7,2336,250,9,34,1500,52.8,11.5,1010.1,1018.8,833,1014.7,1800,1017.2,14.2,11.3,1200,3.11,22.88,,,,,,5.8,0,24.1,7.9,22.8,22.5,21,19.8,18.8,16.8,15.1,13.5,13.6,5.1,6,,,
143,대구,1990-05-24,18,12.4,550,26.2,1352,1.2,11,1727,17.1,1712,17.1,13.5,90,1705,9,90,1650,3.2,2759,90,9.9,29,1400,63.5,12.3,1010.8,1020.6,2300,1015.2,1520,1018,14.3,8.5,1200,3.07,20.15,,,,,,5,2,22.3,8,22.5,22.4,21.6,20.3,19,17,15.2,13.6,13.7,5.9,7.8,17.1,{소나기}1703-{소나기}{강도0}1800-1815.{천둥}{강도0}(NW)1708-{뇌전}{강도0}(NW 4-6)1714-{뇌전}{강도0}(NW{이동}N 2-4)1719-{뇌전}{강도0}(N{이동}NE 3-5)1726-1750.  {무지개}1748-1805.,
143,대구,1990-05-25,16.8,10.7,532,25.6,1558,,,,,,,7,320,1524,5.7,320,1524,2.4,2079,20,9,32,1502,65,11.5,1011.7,1021,2400,1016.8,1630,1018.9,14.3,9.5,1100,3.34,22.64,,,,,,4.3,3.5,20.3,7.2,20.9,21,20.7,19.9,19,17,15.3,13.6,13.7,5.1,5.6,,{박무}0330-{시정(미만)}{1km}{안개}0510-{시정(미만)}{0.5km}{안개}0525-{시정(미만)}{0.2km}{안개}0540-{시정(미만)}{0.1km}{안개}0550-{안개}{강도2}0600-{시정(이상)}{0.1km}{안개}0612-{시정(이상)}{0.2km}{안개}0623-{시정(이상)}{0.5km}{안개}0640-{시정(이상)}{1km}{박무}0720-{박무}{강도1}0900-{박무}{강도0}1200-1220.,2.17
143,대구,1990-05-26,19.5,11.9,603,27.2,1536,,,,,,,6.9,270,1703,6,270,1705,2.1,1827,50,8.3,30,2049,52.5,11.2,1013.4,1022.6,700,1017.5,1810,1020.5,14.3,11.4,1000,2.74,21.94,,,,,,.8,.6,23.2,7.5,22.6,22.2,21.3,20.2,19.2,17.2,15.5,13.7,13.7,4.8,6,,{박무}0430-{박무}{강도0}0600-0850.,
143,대구,1990-05-27,20,10.9,520,28.4,1515,,,,,,,8.5,250,1547,7.5,250,1550,2.6,2208,50,7.7,24,1331,47.8,10.7,1012.6,1021.9,700,1016.7,1730,1019.6,14.3,12.6,1200,3.07,25.72,,,,,,1.3,1,25.5,5.8,23.9,23.6,22.1,20.7,19.5,17.1,15.5,13.8,13.7,6.1,7,,,
143,대구,1990-05-28,22.4,16.2,525,29.1,1604,,,,,,,7,250,1148,5.7,250,1150,2.4,2115,320,12.9,41,1558,56.3,14.9,1011.3,1020.2,633,1015.7,1745,1018.3,14.4,11.2,1300,2.83,22.17,,,,,,4.5,1.9,27,11.2,26.2,25.3,23.4,21.7,19.7,17.2,15.6,13.8,13.7,5.5,5.9,,,
143,대구,1990-05-29,23.5,18,536,28.5,1452,,,,,,,5.3,250,232,5,250,240,2.4,2032,270,14.1,38,1850,57,16.1,1009.5,1018.5,820,1014.1,1725,1016.5,14.4,8.9,1200,2.6,17.32,,,,,,6.5,3.8,26.4,14.3,26,25.3,24.2,22.3,20.2,17.4,15.7,13.8,13.7,3.4,4.1,,,
143,대구,1990-05-30,21.1,18.5,2400,25.7,1255,3.53,.3,1655,.7,1620,1.2,8.2,250,1517,6,250,1510,2.4,2058,110,14.5,46,1400,67,16.5,1007.6,1016.3,730,1013.4,1505,1014.8,14.4,1.3,1100,1.8,8.16,,,,,,10,6.1,22.1,15.9,23.1,23.4,23.3,22.3,20.5,17.6,15.5,13.8,13.7,1.7,1.9,4.6,{비}1533-1740.  {비}2105-2210.  {비}2340-{비}{강도0}2400-{박무}0710-{박무}{강도0}0900-{박무}{강도0}1200-1220.  {햇무리}1040-1210.,
143,대구,1990-05-31,19.6,16.4,855,25.1,1619,12.5,.3,21,1,20,4.8,14,180,1622,8.3,180,1625,4.7,4029,90,15.7,55,1730,78.5,17.9,1000.5,1013.6,0,1003.4,1543,1007.6,14.4,2.7,1200,1.24,8.62,,,,,,9.8,6.9,19.8,15.3,20.6,21,21.5,21.3,20.5,17.6,15.6,13.8,13.7,2.5,2.9,1.4,-{비}-{비}{강도0}0300-{비}{강도0}0600-{비}{강도0}0900-{비}{강도0}1200-1230.,
143,대구,1990-06-01,20.4,17.6,2400,23.4,1348,,,,,,,10.7,250,1403,8.7,250,1420,4.6,3985,250,12.1,48,1825,59.8,14.2,1000.1,1008.4,904,1005.4,1630,1007.2,14.4,3.2,1300,1.95,13.6,,,,,,8.3,4.1,21.3,13.3,21.3,21.2,20.8,20.6,20.3,18,16,14.1,13.7,4.9,5.3,,,
143,대구,1990-06-02,22.1,15.1,245,29.3,1505,,,,,,,8.1,250,1112,6,250,1120,3.8,3280,270,12.5,37,1610,56.3,14.6,1002,1011.2,2329,1007.4,1530,1009,14.4,11.9,1100,3.28,25.48,,,,,,1.5,.5,26.9,9.5,24.8,24.1,22.1,21,20.1,18,16.1,14.1,13.8,6.3,7.1,,,
143,대구,1990-06-03,23.3,17.7,533,27.9,1318,,,,,,,5.3,270,52,4.7,270,100,2,1702,270,13.6,40,1305,55.3,15.6,1004,1012.9,904,1009,1818,1011,14.5,7.6,1100,2.09,14.72,,,,,,7,2.5,25,11.9,24.7,24.5,23.4,22.1,20.4,18,16.2,14.1,13.8,3,3.5,,,
143,대구,1990-06-04,20.2,16.7,2400,23.1,1456,,,,,,,4,110,1705,3.3,110,1710,1.6,1358,70,14.6,55,1455,70.8,16.6,1000.4,1009.1,0,1005.2,1632,1007.5,14.5,0,900,.77,5.79,,,,,,8,5.5,20.7,10.5,21.5,21.8,22.3,21.7,20.6,18.2,16.4,14.2,13.8,1,1.3,,{박무}0530-{박무}{강도0}0600-{박무}{강도0}0900-{박무}{강도0}1200-{박무}{강도0}1500-1725.,
143,대구,1990-06-05,23.5,13.9,535,33,1555,,,,,,,6.2,90,1927,5.3,90,1930,2,1726,20,12,23,1630,53.3,14.2,1002.3,1013,2400,1007.5,100,1009.3,14.5,11.9,1200,3.22,24.92,,,,,,1,.5,26.6,8.9,25.5,24.6,22.6,21.4,20.7,18.3,16.5,14.2,13.8,5.9,7.6,,,
143,대구,1990-06-06,22.5,17.3,530,31.4,1558,,,,,,,12,110,1922,8.3,110,1928,3.9,3350,110,14.5,37,1545,62.3,16.6,1008.4,1018.6,2400,1013,0,1015.4,14.5,12,1100,2.89,22.09,,,,,,1,0,28,13.3,26.8,26.4,24.7,22.9,20.6,18.3,16.5,14.2,13.8,5.6,6,,{연무}1110-{연무}{강도0}1200-{연무}{강도0}1500-1645.,
143,대구,1990-06-07,24,16.2,535,32.2,1437,,,,,,,6.7,160,1500,5,160,1504,2.5,2134,90,12.6,23,1440,54.3,14.8,1009.1,1018.9,558,1013.2,1815,1016.1,14.5,11.2,1200,2.8,22.05,,,,,,4.8,1.3,28.9,13.6,26.8,26.6,25,23.4,21.2,18.5,16.7,14.5,13.9,5.6,6.3,,,
143,대구,1990-06-08,21.5,19.4,1723,24.8,1115,11.45,.8,1730,3.1,1640,13,9.2,110,1516,6.7,110,1522,3.4,2898,90,15.9,52,0,71.8,18.2,997.2,1014.5,0,990.7,2400,1004.1,14.5,.7,700,.93,5.6,,,,,,10,7.1,22.5,14.8,23,23.8,24.3,23.5,21.6,18.6,16.9,14.6,13.9,1.8,2.4,13,{비}1203-{비}{강도0}1500-{비}{강도0}1800-{비}{강도0}2100-2330.,
143,대구,1990-06-09,22.4,18.3,2400,25.8,1501,,,,,,,15.5,290,1129,10,290,1602,5.4,4664,290,13.4,38,1830,57.5,15.4,989.9,1004.5,2320,990.4,215,996.9,14.5,11.5,1100,3.53,24.82,,,,,,3.8,1.9,26.1,12.6,24.8,24.6,23.6,22.6,21.5,18.7,16.9,14.6,13.9,5.8,7,,,
143,대구,1990-06-10,23.9,16.7,450,31.7,1538,,,,,,,12.3,250,1025,9.3,250,1110,3.9,3335,250,15.3,40,1200,60,17.5,999.8,1010.6,2400,1004.3,0,1006.8,14.5,11,1200,3.14,23.21,,,,,,1.3,0,26.7,10.8,26,25.5,24.2,23,21.5,19,17,14.6,13.9,5.7,6.9,,,
143,대구,1990-06-11,25.5,19.9,500,32,1605,,,,,,,7,270,1106,6,270,1110,2.5,2158,290,15.3,28,1110,55.8,17.5,1002.9,1012.5,700,1008.1,1630,1009.9,14.5,9.3,1000,2.8,20.79,,,,,,7,0,28.4,15.1,27.6,27.1,25.4,23.7,21.7,19.2,17.1,14.6,13.9,6.6,8,,,
143,대구,1990-06-12,23.7,18.7,608,28.6,1718,,,,,,,5.8,290,1742,4.7,290,1738,2.3,1987,320,15.4,46,1440,60.3,17.5,1000.5,1009.7,650,1005.5,1710,1007.5,14.6,8,1000,1.98,15.19,,,,,,7.5,5.6,26.7,14.3,26.4,26.2,25.4,24,22,19.2,17.2,14.7,13.9,3.8,4.5,,{박무}0430-{박무}{강도0}0600-{박무}{강도0}0900-{박무}{강도0}1200-1340.,
143,대구,1990-06-13,24.7,19.9,550,30.7,1412,,,,,,,7.3,160,1829,5.8,160,1837,2.3,1988,160,17.1,40,1400,65,19.5,1000.9,1009.6,906,1005.8,1600,1007.8,14.6,6.1,1100,2.73,17.47,,,,,,6.5,4.1,27.3,16.3,27.2,27,25.7,24.2,22.3,19.4,17.4,14.8,14,4.3,5.4,,{박무}0620-{박무}{강도0}0900-{연무}1120-{연무}{강도0}1200-1340.,
143,대구,1990-06-14,25.8,19.6,600,32.3,1630,,,,,,,9.1,250,1416,6.2,250,1420,2.4,2062,70,17.7,40,1600,62.5,20.2,1002.2,1010.6,800,1007.5,1700,1009.1,14.6,9.6,1200,2.82,19.7,,,,,,6.8,2.1,29.4,15.1,28.3,27.9,26.2,24.6,22.5,19.6,17.5,15,14.1,5.3,6,10.7,,
143,대구,1990-06-15,21.5,19.2,902,24.4,0,12.53,.9,400,4.4,352,12.1,6.7,110,353,5.3,110,400,2.5,2196,110,18.8,68,40,84.3,21.7,999.4,1008.3,0,1005.1,1335,1006.4,14.6,0,1100,.71,5.35,,,,,,10,7,22.7,18.5,23.8,24.5,25.2,24.5,22.8,19.8,17.5,15,14.1,.8,1.1,48.2,{비}0220-{비}{강도0}0300-{비}{강도0}0600-{비}{강도0}0900-{비}{강도0}1200-1452.{박무}1430-{박무}{강도0}1500-{박무}{강도0}1800-{박무}{강도0}2100-{박무}{강도0}2400-,
143,대구,1990-06-16,21.9,17.4,927,28.4,1645,9.4,8,605,23.1,605,47.9,10.2,320,1412,6.8,270,1400,3,2576,290,15.9,44,1550,70.8,18.1,1002.9,1013.8,2400,1007,328,1010,14.6,7.3,1100,3.02,16.16,,,,,,6,1.6,23.9,15.2,23.7,23.8,23.7,23.2,22.2,20,17.5,15,14.1,3.2,4.1,1.1,{비}0010-0051.  {비}0142-{비}{강도0}0300-{소나기}0420-{소나기}{강도0}0600-{소나기}{강도0}0900-1010.{소나기}1140-1155.  {천둥}{강도0}(SW)0308-{천둥}{강도0}(NW)0604-{뇌전}{강도0}(NW{이동}N4-6)0608-0624.{뇌전}{강도0}(SW3-5)0702-0725.  -{박무}-{박무}{강도0}0300-{박무}{강도0}0600-0820.,
143,대구,1990-06-17,24.5,17.4,600,32.5,1535,,,,,,,6.1,270,1051,4.7,270,1110,1.9,1609,320,15.5,31,1540,60.8,17.7,1008.4,1017.1,900,1013.8,0,1015.4,14.6,12.5,1200,3.07,24.23,,,,,,2.3,.4,29.7,13.2,26.6,26.1,24.5,23.4,22.1,20.4,17.6,15.1,14.1,5,6.3,,,
143,대구,1990-06-18,24.6,18.6,530,31.3,1503,,,,,,,6.8,180,1448,5.7,180,1520,2.2,1872,90,15.5,33,1516,59.3,17.6,1006.8,1016.5,755,1011.3,1705,1013.8,14.6,9.1,1000,2.26,15.76,,,,,,6.3,4.4,27,14.6,26.4,26.3,25.6,24.2,22.4,20.4,18.3,15.6,14.3,4.2,5.5,,{박무}0620-{박무}{강도0}0900-1140.,
143,대구,1990-06-19,26.5,20.9,2400,29.9,1202,6.33,7.5,2210,19.2,2151,33.3,14.4,250,1225,10,230,1251,4.4,3801,250,20.4,55,1400,70,24,1002.8,1012.2,2400,1008.4,1800,1009.7,14.6,.8,900,1.68,10.53,,,,,,8.5,5.3,27,20.2,26.8,26.7,25.9,24.5,23,20.4,18.5,15.6,14.3,2.2,2.7,57.4,{비}1740-{비}{강도0}1800-{비}{강도0}2100-{비}{강도1}2400-,
143,대구,1990-06-20,19.2,18.3,600,20.9,0,15.5,1.4,220,6.8,200,34.1,5,90,456,4,110,442,1.9,1658,110,17.5,84,0,90.3,20,1004.3,1012.9,205,1008.6,2400,1011.4,14.6,0,1100,.37,2.86,,,,,,10,5.5,20.9,17.7,21.8,22.4,24,23.8,23.6,21.4,19,16.4,14.3,.7,1,10,-{비}-{비}{강도0}0300-0445.  {비}0610-{비}{강도0}0900-{비}{강도0}1200-{비}{강도0}1500-1625.{비}1835-1905.,
143,대구,1990-06-21,24.5,18.7,10,28.8,1104,2.98,.6,1632,1.7,1630,1.7,11,230,1048,7,250,1600,2.9,2498,230,21.2,64,1050,82.3,25.2,999,1008.7,2242,1004.3,1430,1006,14.6,1.8,1000,1.56,9.85,,,,,,7.5,4.6,25.4,18.5,24.3,23.9,23.4,23.2,22.8,21.2,19,16.4,14.3,1.3,1.7,1.7,{비}1455-{비}{강도0}1500-1754.,
143,대구,1990-06-22,26,21.5,552,31,1503,.83,.2,1610,.4,1540,.4,8.2,270,1503,5.2,230,1630,2.1,1836,290,21.3,54,1504,76.8,25.4,1004.7,1014.3,2300,1008.4,0,1011.6,14.6,7.3,1000,2.71,16.6,,,,,,7.8,5,28.3,18.2,26.9,26.3,24.8,23.8,23,21.2,19.2,16.4,14.3,3,3.8,.4,{소나기}1540-1630.,
143,대구,1990-06-23,28,22.8,600,33.9,1522,,,,,,,8.1,270,1102,6.7,250,1130,2.9,2501,250,21.8,50,1500,71,26,1007.8,1016.1,1030,1013,1800,1014.8,14.6,7.4,1100,3.13,19.13,,,,,,5,4.6,30.7,19.8,29.1,28.4,26,24.7,23.2,21.3,19.3,16.4,14.3,5.6,6.5,,,
143,대구,1990-06-24,24.2,22.2,2100,26.8,0,14.67,1.3,1930,5.3,1858,16.2,7,230,1049,4.7,230,1059,1.9,1609,90,22.1,57,1134,88.3,26.6,1008,1016.7,1220,1012.8,2400,1015.1,14.6,0,1000,.92,5.68,,,,,,10,5.8,25.4,21.5,25.7,26,26.3,25.3,23.8,21.2,19.4,16.4,14.3,1,1.5,31.6,{비}0920-{비}{강도0}1200-{비}{강도0}1500-{비}{강도0}1800-{비}{강도0}2100-{비}{강도0}2400-{박무}0430-{박무}{강도0}0600-{박무}{강도0}0900-0930.,
143,대구,1990-06-25,23.2,22,535,24.5,1532,23.17,3.8,439,10.8,410,45.3,7.6,90,1613,6,110,1632,3.1,2647,90,21.8,90,1130,91.8,26.1,999.5,1012.8,0,1001.1,2400,1006.5,14.6,0,900,.37,3.01,,,,,,10,5.5,23.9,21.7,24.1,24.3,24.9,24.5,24.2,21.6,19.5,16.6,14.4,1,1.4,29.9,-{비}-{비}{강도0}0300-{비}{강도0}0600-{비}{강도0}0900-{비}{강도0}1200-{비}{강도0}1500-{비}{강도1}1800-{비}{강도0}2100-2310.,
143,대구,1990-06-26,26.5,23.3,0,31.1,1525,,,,,,,12.8,230,1113,10,230,1120,5.3,4607,230,21,55,1500,72.5,24.8,992.9,1003.3,2400,998.6,1200,999.7,14.6,7,1100,3.36,23.45,,,,,,7,3.8,29.3,22.7,27.8,27.4,25.6,24.6,24,22,20,16.9,14.4,7.3,8.3,.3,,
143,대구,1990-06-27,20.8,17.8,2400,24,0,11.83,.8,1756,1.3,1740,2.7,11.1,90,1629,8.3,90,1630,4.7,4056,90,18,79,0,84,20.7,999.9,1010,2158,1003.3,0,1007,14.6,0,1200,.97,6.34,,,,,,10,5,22.3,16.8,23.7,24.2,25.3,25,24.3,22,20,17,14.5,1.2,1.5,2.5,{비}0240-{비}{강도0}0300-0535.  {비}1030-{비}{강도0}1200-{비}{강도0}1500-{비}{강도0}1800-1925.{박무}0620-{박무}{강도0}0900-{박무}{강도1}1200-{박무}{강도1}1500-{박무}{강도0}1800-1920.,
143,대구,1990-06-28,18.5,17.4,328,20.5,1204,5.52,.4,2010,.8,1825,1.7,10,90,1122,6.7,90,1500,5.4,4662,90,16,80,1140,86,18.2,1003.2,1012.3,2400,1008.3,246,1010.3,14.6,0,1000,1.03,5.39,,,,,,10,5.1,19.5,16.6,20.6,21.1,22.8,23.5,24,22,20.2,17.1,14.5,.9,1.2,1.7,{비}0554-{비}{강도0}0600-0715.  {비}1550-1750.  {비}1820-2030.,
143,대구,1990-06-29,19.7,17.3,350,23.3,1525,4.97,0,,.1,600,.1,10.8,90,1852,8.3,90,1910,4.8,4147,90,16,68,1530,79.5,18.2,1005.2,1013.7,2400,1010.9,150,1012.3,14.6,.6,1100,1.96,13.41,,,,,,10,4.4,22.2,16.4,21.1,22.1,22.4,22.7,23.1,22,20.2,17.1,14.5,3.9,4.7,0,{비}0525-{비}{강도0}0600-{비}{강도0}0900-1023.{박무}1111-{박무}{강도0}1200-{박무}{강도0}1500-1730.,
143,대구,1990-06-30,19.4,17.6,320,22.2,1342,,,,,,,10.5,110,1457,7.7,110,1520,4.7,4078,110,14.9,64,1500,75.3,16.9,1006.1,1014.4,840,1011.5,1443,1013.3,14.6,.2,1200,1.88,9.73,,,,,,10,3.6,21.6,15.2,21.9,22.1,22.5,22.8,22.9,21.8,20.2,17.1,14.5,3.2,3.6,,,
143,대구,1990-07-01,19.3,17.7,2400,22.7,1109,1.67,.8,2306,1.2,2225,1.3,12.8,90,2058,8.3,110,1500,5.4,4632,110,15,57,1112,76.3,17.1,1004.4,1013.1,900,1009.6,2400,1011.5,14.6,.5,1000,2.04,11.55,,,,,,9.8,5.9,22.5,16.5,22.4,22.3,22.4,22.6,22.6,21.6,20.2,17.1,14.6,1.5,2,11.3,{비}2220-{비}{강도0}2400-,
143,대구,1990-07-02,19.4,17.4,120,21,1620,17.43,1.2,620,5.1,550,11.6,10.7,110,423,7.2,110,430,4.8,4147,110,18.1,89,1550,91.8,20.8,998.5,1009.6,0,1004.1,1912,1005.5,14.5,0,1300,.4,3.15,,,,,,9.5,6.8,19.9,16.6,20.5,20.7,21.6,22,22.5,21.6,20.3,17.1,14.7,.5,.9,5.9,-{비}-{비}{강도0}0300-{비}{강도0}0600-{비}{강도0}0900-0950.  {비}1028-1125.{비}1245-{비}{강도0}1500-1504. {비}1615-{비}{강도0}1800-2035.,
143,대구,1990-07-03,22.4,19,350,28.1,1803,3.72,1.6,5,4.1,2,4.3,5.3,290,2030,4.3,290,2034,2.2,1939,270,19.2,69,1800,81.8,22.2,997.8,1008.2,2400,1003.4,330,1004.8,14.5,.6,1200,1.3,8.95,,,,,,9.3,4.6,23.5,18.7,22.8,22.6,22.1,21.9,22.2,21.5,20.2,17.1,14.7,2.2,2.6,,{비}0002-0210.  {비}0515-{비}{강도0}0600-0650.{박무}1120-{박무}{강도0}1200-{박무}{강도0}1500-1735.,
143,대구,1990-07-04,23.8,19.6,507,28.9,1508,,,,,,,9,270,1059,6,270,1123,3.3,2858,270,17.2,51,1510,67,19.6,1003.2,1011.9,2300,1008.2,0,1010.3,14.5,5.9,1300,2.84,17.29,,,,,,4.3,1.9,27.7,15.9,24.6,24.4,23.3,22.6,22.4,21.4,20.2,17.1,14.7,3.6,3.9,,,
143,대구,1990-07-05,25.2,18.6,521,31.3,1450,,,,,,,6.3,290,1303,4.5,320,1340,1.8,1565,360,18.8,45,1330,69.3,21.8,1003.7,1013,740,1007.9,1716,1010.6,14.5,10.4,1200,3.16,21.69,,,,,,3.8,2.3,31,14.6,27.2,26.3,24.8,23.4,22.8,21.3,20.2,17.1,14.7,4.2,4.8,2.3,{박무}0420-{박무}{강도0}0600-{박무}{강도0}0900-1045.,
143,대구,1990-07-06,27,22.9,600,32.3,1620,.88,2.3,750,2.3,730,2.3,9,320,725,6.3,320,735,1.9,1651,70,22.5,59,1626,77.5,27.3,1001,1010.3,730,1004.8,1800,1007.9,14.5,6.6,1100,2.83,17.55,,,,,,6.8,3.9,28.6,20.4,28.2,28,26.3,24.7,23.3,21.2,20.2,17.1,14.7,3.5,4.1,,{소나기}0730-0805. {소나기}0840-0858.{천둥}{강도0}(NW)0725-{천둥}{강도0}(NW{이동}W)0735-{천둥}{강도0}(W{이동}NE)0752-0810.,
143,대구,1990-07-07,28,25.3,522,31.6,1606,,,,,,,6.6,160,1815,5.3,160,1828,2.5,2121,160,23,60,1700,75,28.2,999.6,1007.6,2200,1005.4,1726,1006.5,14.5,1.2,1500,1.71,10.09,,,,,,9.5,8.3,28.6,23.2,28.3,28.1,26.9,25.5,23.7,21.2,20.2,17.1,14.8,3,3.5,,{박무}0030-{박무}{강도0}0300-{박무}{강도0}0600-{박무}{강도0}0900-1115.,
143,대구,1990-07-08,28.5,25.5,2400,32.2,1322,,,,,,,8.2,200,1731,6.2,200,1731,3.2,2773,180,22,58,1302,68,26.4,999.8,1009.1,2400,1005.2,1300,1006.7,14.5,5.3,1100,2.39,12.9,,,,,,6,3.5,28.8,22.1,28.7,28.6,27.2,25.7,24.3,21.5,20,17.1,14.9,4.4,5.1,,,
143,대구,1990-07-09,28.4,23.8,600,32.7,1540,,,,,,,7.2,250,1515,6,250,1520,1.8,1573,250,23.6,60,1340,76,29.1,1003.5,1011.6,920,1009.1,0,1010.4,14.5,5.3,1400,2.48,14.7,,,,,,3.5,3.8,31.8,20.6,29.6,29.1,27.4,26.1,24.5,21.6,20,17.1,14.9,3.8,4.8,,{박무}0510-{박무}{강도0}0600-{박무}{강도0}0900-1120.,
143,대구,1990-07-10,28.4,24.7,540,33.8,1408,,,,,,,8,230,1424,6.3,230,1430,2.3,2030,230,22.2,53,1630,70.3,26.9,1003.8,1012.6,746,1008.6,1810,1010.8,14.5,7.2,1300,2.7,17.82,,,,,,7.3,4,32.6,21.8,31.1,30.6,28.5,26.7,24.7,21.8,20,17.1,14.9,2.9,3.4,,,
143,대구,1990-07-11,27.5,24.9,542,32.2,1055,6.87,2.5,1845,4.2,1810,7.6,7.3,180,1200,6,180,1203,2.6,2275,90,22.9,58,1138,76.8,27.9,998,1009.4,0,1000,2400,1004.9,14.4,3.7,900,2.24,10.37,,,,,,6.8,4.6,29.8,21.7,28.6,29,28.4,27.1,25.1,22.2,20.1,17.1,14.9,1.7,2,7.7,{비}1243-{비}{강도0}1500-1740.  {비}1810-2005.,
143,대구,1990-07-12,27.3,24.3,623,31.2,1425,1,0,,.1,530,.1,11,290,1507,7.7,290,1510,3.3,2886,290,22.5,58,1700,76,27.2,991.4,1001.7,2400,996.7,445,998.2,14.4,5.8,1200,2.74,14.21,,,,,,7.5,5.8,28.6,23,28.3,28.4,27.5,26.6,25.5,22.3,20.2,17.1,14.9,4.4,5,,{비}0530-{비}{강도0}0600-0630.,
143,대구,1990-07-13,27.2,22.7,530,32.7,1525,,,,,,,7,110,2346,5.7,110,2340,3.3,2818,270,20.1,48,1530,66,23.6,994.5,1004.3,2400,1000.2,310,1001.3,14.4,11.7,1100,2.73,19.83,,,,,,2.8,1.6,31.5,18.8,29.5,29.8,28.1,26.6,25.4,22.5,20.3,17.1,14.9,4.9,5.7,18.5,,
143,대구,1990-07-14,22.2,20.8,950,24.3,0,12.25,6.2,931,12,842,45.7,9.5,110,1438,7,110,1440,4.3,3714,110,20.4,82,0,90,24,996,1004.7,757,1000,1800,1003,14.4,0,1400,.87,4.04,,,,,,9.5,4.6,24,20.7,25,25.6,27.1,26.7,26,23,20.5,17.1,14.9,1.2,1.7,27.2,{비}0620-{비}{강도0}0900-{비}{강도0}1200-{비}{강도0}1500-{비}{강도0}1800-1835.,
143,대구,1990-07-15,25,21.5,600,29,1708,2.6,4.3,2340,13.4,2300,20.8,7.3,110,938,6.7,110,1000,2.6,2258,90,22.6,75,1715,86.5,27.5,997.5,1006.4,2220,1003,240,1004.3,14.4,3,1500,1.81,12.47,,,,,,7.3,3.1,26.4,19.7,26,25.9,25.8,25.5,25.2,23.3,20.9,17.8,15,2.3,2.8,54.6,{박무}0410-{박무}{강도0}0600-{박무}{강도0}0900-1120.  {박무}1730-{박무}{강도0}1800-{박무}{강도0}2100-{박무}{강도0}2400-{소나기}2124-{소나기}{강도1}2400-{번개}{강도0}(SW)2125-{뇌전}{강도0}(SW3-5)2131-{뇌전}{강도0}(SW{이동}S2-4)2250-{뇌전}{강도0}(S2-4)2400-,
143,대구,1990-07-16,26.4,22.5,803,31.8,1622,5.35,10.2,604,22.5,537,33.8,11.3,230,1804,7.8,230,1810,3.4,2970,90,22.8,60,1620,82,27.8,995,1005.6,0,999.2,1616,1002,14.4,8.1,1100,2.53,17.51,,,,,,5.8,2.6,27.9,21.6,27.4,27.2,26.8,25.8,25,24,21.9,18.3,15,4.6,5.7,,-{소나기}-{비}0130-0225.  {소나기}0454-{비}0520-{비}{강도1}0600-0750.-{뇌전}-0125.  {뇌전}{강도0}(NW4-6)0503-0512.  -{박무}-0220.,
143,대구,1990-07-17,27.8,23.5,530,32.2,1401,.75,.9,1450,.9,1445,.9,9.4,180,1825,6.7,160,1600,2.2,1866,160,23.2,61,1430,76.5,28.4,995.5,1004.8,847,1000.1,1607,1002.3,14.3,6.8,1000,2.09,14.72,,,,,,6,5.8,28.8,20.6,28.2,28.3,27.3,26.4,25.7,23.9,21.9,18.3,15,4.5,4.7,.9,{소나기}1445-{소나기}{강도0}1500-1530.,
143,대구,1990-07-18,28.2,23.9,2400,31.9,1420,5.17,24.7,1920,27.8,1900,67.2,13.5,320,2126,7,230,1710,3.3,2808,250,24,63,1520,78.8,29.8,994.6,1006.3,2303,998.9,410,1001.4,14.3,3.8,1100,2.08,11.06,,,,,,8.3,4.6,28.1,23.2,28.1,28.4,27.4,26.8,25.8,23.7,22,18.3,15.2,2,2.5,109.2,{비}1026-1115.  {소나기}1842-{비}1945-2022.  {소나기}2119-{소나기}{강도2}2400-{뇌전}{강도0}(NW5-6)1835-{뇌전}{강도0}(NW{이동}N2-3)1903-{뇌전}{강도0}(N{이동}NE3-4)1934-1943.{뇌전}{강도0}(NW3-4)2108-{뇌전}{강도0}(NW3-4)2400-,
143,대구,1990-07-19,26.2,23,618,31.3,1440,8.08,8.4,556,18.3,548,42.2,8.8,110,2055,6.3,110,2020,2.9,2538,110,23.5,71,1455,85.8,28.9,1001.2,1013,2220,1005.4,18,1008.1,14.3,.8,1300,2.12,11,,,,,,9.5,4.5,28,22.4,27.6,27.6,27.3,26.7,26,24.7,23,18.9,15.2,2.7,3.1,.2,-{뇌전}-{뇌전}{강도0}(NW{이동}N2-4)0235-{뇌전}{강도0}(N2-4)0300-{뇌전}{강도0}(N{이동}NE3-4)0340-{뇌전}{강도0}(NE3-4)0600-0645.-{소나기}-{소나기}{강도0}0300-{소나기}{강도1}0600-0722.  {소나기}1502-1520.  {소나기}2050-{소나기}{강도0}2100-2115.,
143,대구,1990-07-20,27.9,23.4,430,32.3,1558,,,,,,,6.1,200,1729,4.8,90,610,2.6,2266,90,22.9,57,1604,75.8,28,1005.5,1014.1,2400,1011.3,1631,1012.4,14.3,6,1300,1.78,14.16,,,,,,7.8,2.5,28.9,22.3,28.3,28.2,27.5,26.9,26.5,25,23.2,19.4,15.4,3.7,3.9,,{햇무리}1135-1340.,
143,대구,1990-07-21,29.1,23.8,530,34.3,1547,,,,,,,7.4,270,1206,5.7,270,1210,2.6,2234,20,22.8,51,1154,70,27.7,1007,1015.5,852,1012.6,1625,1013.9,14.2,10,1000,3.08,21.73,,,,,,3.3,1.4,32.8,20.6,31,30.5,28.7,27.4,26.5,24.8,23.2,19.4,15.4,4.9,6,,,
143,대구,1990-07-22,28.8,25.4,450,33.3,1553,,,,,,,8.8,250,1422,6.7,250,1430,2.4,2090,290,22.5,40,1545,71,27.4,1007.7,1016.1,1015,1013.4,1700,1014.6,14.2,6.4,1300,2.33,17.2,,,,,,5.8,3.8,31.7,22.9,31.6,31.2,29.7,28.2,26.8,24.8,23.2,19.4,15.4,4.4,5.1,,,
143,대구,1990-07-23,28.7,25.6,620,32.9,1357,,,,,,,9.7,250,1101,7.7,250,1020,2.9,2514,250,22.3,51,1354,69.3,26.9,1004.7,1014,130,1009.2,2000,1011.6,14.2,5.3,1200,2.49,15.42,,,,,,7.5,7.9,31.1,23.9,30.9,31.1,29.9,28.5,27.1,25.1,23.1,19.4,15.4,4.4,4.7,,{박무}0620-0840.,
143,대구,1990-07-24,29.5,25.2,550,34.4,1613,,,,,,,8.5,230,1020,6.8,230,1040,3.6,3122,250,22.5,47,1608,66.8,27.2,1000.1,1010.5,0,1002.9,1800,1006.9,14.2,11.5,1100,3,21.41,,,,,,4.8,3.3,32.8,22.4,32.3,32.2,30.2,28.7,27.2,25,23.1,19.2,15.6,5.2,5.8,,,
143,대구,1990-07-25,28.8,24.5,608,32.5,1148,,,,,,,7.3,230,1114,6.7,250,903,2.8,2386,20,22.2,53,1245,68.3,26.8,998.8,1006.9,2400,1004,1800,1005.7,14.2,4.3,1100,2.89,15.73,,,,,,6,2.1,32.2,20.8,31.7,31.5,30.5,29,27.7,25,23,19.1,15.6,3.8,4.7,,,
143,대구,1990-07-26,28.9,25.1,615,35,1446,2.33,6,2222,12.7,2209,13.2,11.2,90,1920,7,90,1928,2.1,1840,70,23.1,46,1450,73.3,28.4,1000.4,1008.6,2400,1005.7,1710,1007.2,14.1,6.9,1200,2.88,16.45,,,,,,8.5,3.9,33.3,22.7,32.4,32.2,30.5,29.1,27.7,25,22.9,19.1,15.6,4.8,6.2,13.2,{소나기}1925-1940.  {소나기}2105-2310/,
143,대구,1990-07-27,29.3,24.3,554,34.9,1510,.37,.2,1930,.3,,.3,5.1,140,1941,4.5,140,1950,2.2,1876,50,23.4,42,1508,72.8,28.9,1002.1,1010.5,840,1007.4,1630,1008.9,14.1,10.2,1400,2.42,18.09,,,,,,5.8,4,32.6,23.1,31.3,31.1,30.4,29.1,27.8,25.2,23.1,19.1,15.6,4.8,5.8,.3,{소나기}1923-1945.,
143,대구,1990-07-28,30.1,26,510,36.3,1638,,,,,,,5.3,360,1728,4.7,360,1730,2,1736,320,23.5,42,1651,69.3,29,1004.8,1012.9,825,1010,1800,1011.6,14.1,9.2,1000,2.95,20.86,,,,,,2.5,3.1,33.5,23.1,33,32.9,31,29.6,27.9,25.3,23.2,19.1,15.6,4.6,5.9,,{박무}0030-{박무}{강도0}0300-{박무}{강도0}0600-{박무}{강도0}0900-1020.,
143,대구,1990-07-29,30.2,26,620,36.4,1354,,,,,,,7.8,70,1600,5.5,70,1610,2.5,2120,20,23,48,1423,66.5,28.2,1006.2,1014.4,900,1011.1,1605,1013.1,14.1,8.6,1100,2.86,18.09,,,,,,2.8,1.3,33.7,23.1,33.1,33.1,31.7,30.2,28.2,25.4,23.3,19.1,15.6,5.6,6.8,,,
143,대구,1990-07-30,29.4,24.3,614,35.1,1526,,,,,,,7,140,2107,6.3,140,2110,3.9,3360,110,22.9,51,1433,69.3,27.8,1005.6,1014.6,820,1009.9,1805,1012.5,14,10.6,1100,3.39,22.68,,,,,,3.8,1.1,36,22.7,33.8,33.3,31.9,30.2,28.4,25.5,23.3,19.1,15.7,6,6.8,,,
143,대구,1990-07-31,29.5,25.5,610,35.3,1624,,,,,,,5.7,110,52,5,110,10,2.4,2057,110,23.1,43,1807,70.3,28.3,1003.1,1012.1,815,1007,1731,1009.9,14,7.9,1100,2.65,17.37,,,,,,7.5,4.8,33.5,22.9,33.4,33.4,32.1,30.6,28.7,25.5,23.3,19.1,15.7,4.2,4.8,,,
143,대구,1990-08-01,30.7,24.7,600,37.5,1629,,,,,,,6,290,1552,4.7,290,1602,2.4,2052,270,22.1,42,1400,61.5,26.5,1000.4,1009.1,743,1004.5,1520,1007.2,14,11.7,1200,3.18,24.41,,,,,,1.5,.3,36.7,20.4,34.6,34.1,32.2,30.6,28.8,25.7,23.4,19.1,15.8,6.4,7.3,,,
143,대구,1990-08-02,30.8,24.7,610,36.7,1359,,,,,,,4.9,320,1718,4.2,320,1721,1.9,1649,270,22.5,38,1451,63.5,27.3,999.5,1007.8,0,1004.5,1551,1006.4,13.9,10.1,1100,2.98,19.03,,,,,,.5,.5,34.7,20.7,34.4,34.1,32.6,31.1,29,25.8,23.5,19.1,15.8,5,5.9,,,
143,대구,1990-08-03,29.9,26.1,2400,35.7,1503,2.28,3.9,1605,6.7,1550,7,10,70,1603,8.3,70,1618,2.2,1924,70,23.8,42,1535,71.5,29.5,999.9,1008.2,2400,1005.2,1613,1006.8,13.9,6,1000,2.19,12.8,,,,,,4,3.9,33.8,22.7,32.3,32.2,31.9,30.9,29.1,25.8,23.5,19.2,15.8,3.7,4.3,7,{소나기}1550-1754.  {비}2002-2015.,
143,대구,1990-08-04,30.3,24.4,557,36.7,1530,,,,,,,7.2,250,1350,5.3,290,1700,2.1,1827,70,22.8,36,1632,68,27.9,999.8,1008.2,0,1004.3,1731,1006.6,13.9,10.1,1300,2.69,20.2,,,,,,4.8,3.1,33.4,21.6,32.7,32.3,31.1,30.1,29.1,25.8,23.5,19.2,15.8,5.8,7,,{박무}0510-{박무}{강도0}0600-0830.,
143,대구,1990-08-05,30,25.3,555,36.4,1349,,,,,,,6.5,90,1750,4.5,90,1820,2,1712,90,22,41,1337,64.5,26.6,997.3,1006.2,0,1001.5,1615,1004.2,13.9,7.7,1200,2.87,17.38,,,,,,3.8,1.4,34,21.9,33.6,33.4,31.9,30.5,29,26,23.8,19.2,15.9,5,6,,,
143,대구,1990-08-06,30.8,25.3,548,38.5,1636,,,,,,,5.4,90,2133,4.2,320,1630,2.2,1921,90,22.6,36,1655,64,27.5,995.3,1003.5,100,999.8,1550,1002.1,13.8,9.4,1200,2.89,19.6,,,,,,3,2.5,35.4,23.8,34.1,33.9,32.3,30.8,29,26.2,23.8,19.1,15.9,6.2,6.8,,{박무}0620-{박무}{강도0}0900-{박무}{강도0}1200-1420.,
143,대구,1990-08-07,30,25.4,614,35.5,1528,,,,,,,9.9,90,1822,6.8,90,1710,3.7,3180,90,22.3,45,1931,65,27,997,1006.1,2400,1002.3,1620,1003.8,13.8,10.4,1200,2.84,20.86,,,,,,1,1.5,35.5,23.4,34.2,34,32.8,31.3,29.2,26.4,23.9,19.2,16,7,7.5,,{박무}0420-{박무}{강도0}0600-{박무}{강도0}0900-{박무}{강도0}1200-1220.,
143,대구,1990-08-08,29.2,24.9,554,35.1,1421,,,,,,,9.3,90,1808,8,90,1819,3.9,3403,110,21.6,44,1459,65,25.9,999.2,1007,931,1004.4,1605,1006,13.8,9.4,1200,2.63,19.96,,,,,,3,3.6,35.1,22.5,33.7,33.4,32.5,31.2,29.4,26.5,24,19.3,16,6,7.1,,,
143,대구,1990-08-09,26.8,25,610,33.3,1305,2.33,10.9,1448,11.2,1443,13.2,7.3,340,1455,6.3,270,1448,2.7,2352,90,23.9,54,1258,84,29.7,998.2,1006.6,0,1002.9,1800,1005,13.7,3.4,1000,2.51,13.54,,,,,,8.8,4.3,28.9,22.2,31.3,31.6,31.6,30.7,29.3,26.5,24,19.3,16,4.7,5.4,13.9,{박무}0020-{박무}{강도0}0300-{박무}{강도0}0600-{박무}{강도0}0900-{박무}0940.  {소나기}1443-{소나기}{강도1}1500-1530.{소나기}1841-2014.  {천둥}{강도0}(E)1425-{천둥}{강도0}(E{이동}NE)1450-{천둥}{강도0}(NE)1500-{천둥}{강도0}(NE{이동}N)1515-1530.  {뇌전}{강도0}(SW 2-3)1847-{뇌전}{강도0}(SW{이동}S 1-2)1852-{뇌전}{강도0}(S{이동}SE 2-3)1930-2006.,
143,대구,1990-08-10,28,24.9,558,33.5,1707,2.62,.3,708,.6,708,.7,4.4,230,1625,4,230,1630,1.8,1556,70,24.2,58,1704,80.8,30.2,996.1,1005.8,2400,1001.5,1508,1003,13.7,4.8,1300,1.84,11.64,,,,,,7.3,6.4,29.3,23.3,29.2,29.7,29.9,29.7,29.1,26.7,24.2,19.4,16.1,2.8,3.5,0,{비}0640-0840.  {비}1152-{비}{강도0}1200-1229.{박무}0810-{박무}{강도0}0900-1040.,
143,대구,1990-08-11,29.3,25.8,635,35.6,1532,,,,,,,5.4,290,1412,4.7,290,1421,2.5,2119,270,19.3,33,1405,57.8,22.7,1000.9,1009.7,2400,1005.8,0,1007.7,13.7,10.7,1100,3.15,23.35,,,,,,3.8,2.6,33.9,20.4,32.9,32.5,30.9,29.8,29,26.8,24.2,19.4,16.1,7,7.9,,,
143,대구,1990-08-12,28.8,21.4,610,36.8,1547,,,,,,,5.9,270,1308,5,270,1310,1.9,1623,320,19.4,34,1831,58.8,22.5,1003.4,1011.6,817,1008.5,1640,1010.2,13.6,11.8,1200,2.96,22.48,,,,,,0,0,34.2,16.8,33.1,32.6,31.4,30.3,28.9,26.7,24.3,19.4,16.1,5.7,6.9,,,
143,대구,1990-08-13,30.1,23.3,620,38,1519,,,,,,,6.4,250,1524,5.3,250,1530,2.3,1975,50,19.4,28,1459,57.3,22.8,1001.7,1010.7,0,1005.6,1810,1008.6,13.6,12,1100,2.96,21.64,,,,,,0,0,35.3,19.5,33.9,33.6,31.9,30.7,29.1,26.7,24.4,19.5,16.2,7.1,7.9,,{박무}0510-{박무}{강도0}0600-{박무}{강도0}0900-1125.,
143,대구,1990-08-14,28.7,24.1,559,32.2,1508,.25,0,,0,,0,9.3,250,1238,7,250,1248,2.9,2521,250,22.7,60,0,70,27.7,999.5,1008.3,2400,1004.9,1520,1006.4,13.6,4.9,900,1.31,10.43,,,,,,6.5,2.9,32.1,21,31.1,31.2,31.3,30.5,29.2,26.7,24.4,19.5,16.2,3.3,5.1,18.1,{소나기}1445-1455.  {소나기}1620-1625.,
143,대구,1990-08-15,27,24.5,713,31.6,1610,6.47,5,2210,11.5,600,26.6,5.8,290,1517,4.3,340,2250,1.8,1541,320,23.4,58,1609,81.3,28.8,1004.2,1013.2,2231,1008.3,0,1011,13.5,1.1,1400,1.35,8.85,,,,,,7.3,3.9,28.2,22.5,28.8,29.2,29.9,29.4,28.8,27,24.5,19.5,16.2,2.8,3.3,15.6,{박무}0010-{박무}{강도0}0300-{박무}{강도0}0600-{박무}{강도0}0900-{박무}{강도0}1200-1250.{소나기}0532-{소나기}{강도1}0600-{비}0710-{비}{강도0}0900-1120.  {소나기}2155-2235.,
143,대구,1990-08-16,26.2,23.3,2400,32.9,1402,5.47,12,1728,45.4,1700,57.5,9,110,1604,6.7,110,1610,2.4,2051,110,22.6,57,1453,82.3,27.5,1005.3,1013.1,2207,1010,1550,1012.2,13.5,4.6,1200,2.44,11.79,,,,,,10,4.4,28,22.4,28.5,28.8,28.9,28.7,28.6,27,24.7,19.6,16.3,3.6,4.2,50.4,{소나기}0220-0257.  {소나기}0305-0456.  {소나기}1645-{소나기}{강도0}1800-1945.{박무}0710-{박무}{강도0}0900-{박무}{강도0}1200-{박무}{강도0}1500-1520.{천둥}{강도0}(NE)1644-{뇌전}{강도0}(NE 2-4)1712-{뇌전}{강도0}(NE 3-5)1800-1820.,
143,대구,1990-08-17,25,22.8,220,28.6,1602,2.25,0,,0,,0,10.1,90,1808,7.5,90,1821,4.3,3756,90,21,65,1530,79,24.9,1004.2,1012.7,0,1010,1600,1011.1,13.5,1.6,1400,2.17,11.24,,,,,,8,5.1,26.8,21.5,26.6,26.9,27.8,27.9,27.8,26.9,25,20.3,16.3,3.9,4.3,0,{비}0725-{비}{강도0}0900-0940.,
143,대구,1990-08-18,24.8,22.5,610,28.3,1405,,,,,,,10.1,90,1535,8.2,90,1540,4.3,3732,90,20,60,1410,75.3,23.3,1004.2,1012.4,30,1009.6,1823,1011.3,13.4,3.7,1000,2.15,13.64,,,,,,6.3,4.3,26.3,20.1,26.9,27.1,27.4,27.4,27.7,26.7,25.2,20.5,16.4,2.7,3.1,,,
143,대구,1990-08-19,27.8,22.6,630,34.8,1605,,,,,,,7.5,250,1513,5.7,250,1520,2,1740,50,21.6,44,1630,71,25.7,1001.5,1010.6,0,1006.1,1800,1008.3,13.4,7.6,1100,2.78,17.29,,,,,,6,2,30.9,20.7,30,29.6,28.3,27.5,27.4,26.6,25.2,20.5,16.4,3.9,4.4,,,
143,대구,1990-08-20,28.1,24.9,2400,34.7,1252,5.12,4.3,2325,9.7,2250,14.7,13.6,90,1355,8.5,70,1400,2.9,2499,90,23.8,50,1230,77.5,29.5,1000.7,1008.8,0,1005.5,1528,1007.6,13.4,6.6,1100,3.19,16.65,,,,,,7.8,5.5,30.9,23.3,31,30.9,29.8,28.6,27.7,26.4,25,20.5,16.4,3.3,5,27.6,{소나기}1330-1357.  {비}1920-{비}{강도0}2100-{비}{강도0}2400-,
143,대구,1990-08-21,28,24.6,600,32.7,1528,5.92,2,127,5.8,120,12.9,9,160,1254,6.7,160,1300,3.6,3142,90,22.9,51,1630,75.3,28,997.1,1007.5,0,1000.8,2400,1003.9,13.3,4.8,1200,2.03,12.43,,,,,,8,4.1,29,24.1,28.3,28.6,28.9,28.5,28,27.1,25.2,20.5,16.4,3.1,3.9,,-{비}-{비}{강도0}0300-0555.,
143,대구,1990-08-22,29.5,24.5,512,34.2,1537,1.67,1.5,2320,3.3,2232,3.5,10.2,180,1555,6.2,180,1600,3,2573,90,23.6,53,1610,71,29.1,989.2,1000.8,0,993.5,1550,996,13.3,7.2,900,2.12,14.06,,,,,,6.5,5.1,30.9,22.9,29.6,29.6,28.9,28.4,28,26.5,25,20.4,16.6,3,4.7,3.5,{소나기}2205-2345.{천둥}{강도0}(E)2145-{천둥}{강도0}(E{이동}NE)2210-{뇌전}{강도0}(NE{이동}N 2-3)2240-{뇌전}{강도0}(N{이동}NW 3-4)2305-2317.,
143,대구,1990-08-23,27.9,23.2,630,33.3,1535,,,,,,,13.2,270,1508,9,270,1510,4.8,4166,270,18.1,36,1530,57,21.1,995.8,1008.3,2400,995.4,0,1002.6,13.3,11.7,1100,2.97,20.98,,,,,,1.8,1.8,29.3,20,29.5,29.7,29.1,28.4,28.2,26.5,25.1,20.6,16.6,6,7.3,,,
143,대구,1990-08-24,27.3,22.6,557,33,1443,,,,,,,7.2,290,1437,5.5,270,1000,2.4,2042,250,19,42,1510,61.3,21.9,1003.9,1012.3,2400,1008.2,100,1010.8,13.2,11.1,1100,3.01,20.55,,,,,,5.8,1,31.8,20.1,30.5,30.2,29.2,28.4,28,26.5,25,20.8,16.7,5,5.9,,,
143,대구,1990-08-25,27.1,21.2,600,34,1537,,,,,,,7.1,270,1308,5,270,1310,2.3,1992,20,19.5,41,1700,65.3,22.7,1005.7,1013.4,600,1011.2,1720,1012.6,13.2,11.2,1200,2.9,21.07,,,,,,.3,.1,32.2,18.2,31.2,30.8,29.8,28.7,28.2,26.5,24.7,20.8,16.9,5.6,6.3,,{박무}0510-{박무}{강도0}0600-{박무}{강도0}0900-0940.,
143,대구,1990-08-26,26.3,21.1,616,32.5,1518,,,,,,,8.8,90,2212,6.7,90,2230,3,2581,90,19.5,47,1630,66.8,22.7,1008.1,1018,2400,1012.6,140,1015.1,13.2,9.7,1100,2.79,17.32,,,,,,1.3,.4,30.7,18.4,29.9,30.1,29.8,28.8,28,26.3,24.5,20.6,16.9,3.1,4.9,,{박무}0120-{박무}{강도0}0300-{박무}{강도0}0600-{박무}{강도0}0900-1120.,
143,대구,1990-08-27,26.2,22.4,705,30.4,1520,,,,,,,9,70,2012,6.5,90,1700,3.9,3408,90,19.3,50,1430,66.8,22.4,1012.6,1021.5,2100,1018,0,1019.6,13.1,10.9,1300,2.34,16.5,,,,,,3.5,1.5,30.9,20,29.6,29.9,29.3,28.7,28.4,26.8,24.9,20.6,16.9,5,5.5,,,
143,대구,1990-08-28,25.3,20.8,628,30.1,1252,,,,,,,8.4,90,1750,6.8,90,1450,3.5,3014,90,19.1,49,1630,69.5,22.1,1013.4,1021.8,640,1017.8,1840,1020.3,13.1,9.8,1100,2.49,17.9,,,,,,2.3,1.8,30.1,18,29.4,29.3,29.1,28.4,27.7,26.3,24.7,20.6,16.9,3.9,5.5,,,
143,대구,1990-08-29,25.7,19.1,640,32.1,1446,,,,,,,5,90,1055,3.7,90,1100,2,1736,110,19.7,47,1520,71.5,23,1009.1,1019.7,0,1012.9,1820,1016.1,13.1,9.7,1100,2.99,19.13,,,,,,1.5,1.4,30.7,15.5,30.1,29.7,29.2,28.2,27.8,26.4,24.7,20.6,16.9,3.7,5.2,,,
143,대구,1990-08-30,26.9,21.8,614,34,1422,,,,,,,3.5,90,12,3.3,90,20,1.5,1302,20,21.7,49,1345,75.5,26.1,1005.3,1014.2,0,1009.5,1552,1012.3,13,4.3,1200,2.48,11.75,,,,,,5.8,5.5,29.7,19.3,29.9,29.7,29.1,28.3,27.8,26.1,24.8,20.6,16.9,2.5,3.2,,{박무}1020-{박무}{강도0}1200-{박무}{강도0}1500-1630.,
143,대구,1990-08-31,28.7,23.9,2400,33,1525,.83,.4,2020,.5,2010,.6,14,90,2400,10,90,2400,2.9,2484,90,23.3,54,1530,73.5,28.6,1004,1012,950,1009,1505,1010.9,13,4.7,1200,1.44,9.96,,,,,,6.3,4.6,30.3,21.7,30,30,29.3,28.4,27.4,26,24.5,20.6,16.9,2.8,3.2,10.6,{비}2010-2045.  {비}2220-2235.,
143,대구,1990-09-01,25.7,22.1,350,29.6,1710,7.63,4.2,250,6,240,13.5,14,90,10,13.3,90,10,4.6,3980,110,22.8,69,1512,84,27.7,1002.6,1011.3,0,1007.8,1640,1009.5,13,1.2,1300,1.25,6.93,,,,,,8.3,5.1,26.5,21.4,26.6,27,27.7,27.8,27,26.2,24.6,20.5,17.1,2.1,2.8,3.5,{소나기}0237-{소나기}{강도1}0300-0350.  {소나기}0455-0535.  {소나기}0940-{소나기}{강도0}1200-{소나기}{강도0}1500-1515.{소나기}1815-1825.{박무}0020-{박무}{강도0}0300-0540.,
143,대구,1990-09-02,28.5,24.9,0,31.9,1320,1.72,1,1004,1.5,1000,1.5,13.5,180,2025,7.3,140,1620,4.6,3986,160,21.9,56,1330,68.5,26.4,997.9,1008.6,0,1001.3,1835,1004.7,12.9,6.8,1200,2.1,13.84,,,,,,6.3,5.6,28.8,23.2,27.7,27.8,27.5,27.3,27.1,26.6,24.7,20.6,17.1,3.9,5,1.7,{비}0952-1120.  {소나기}1330-1345.,
143,대구,1990-09-03,23.5,20.9,2400,26.8,1330,6,.1,10,.2,5,.6,11,200,12,8,230,300,3.9,3395,230,17.4,59,1401,69,20,999.9,1013.6,2400,1002.6,440,1006.8,12.9,.3,1200,1.72,5.74,,,,,,9,6.9,23.6,19.7,24.9,25.6,27,27,27.1,26,24.6,20.7,17.1,2.1,3,.4,{소나기}0005-0040.  {비}1745-2310.,
143,대구,1990-09-04,23.7,20,640,28.6,1515,,,,,,,9.6,90,1645,7.7,90,1650,4,3451,110,16.1,44,1630,63.3,18.3,1009.1,1017.8,2220,1013.6,0,1016.1,12.8,9.4,1000,2.68,19.31,,,,,,7.5,5.1,29,19.8,27.3,27,26.5,26.5,26.8,26,24.5,20.8,17.2,5.5,7,,,
143,대구,1990-09-05,23.9,19.7,622,28.7,1401,5.25,.1,1945,.1,1900,.2,5.2,140,23,4.3,250,1600,2,1694,90,18.8,52,1400,74.3,21.8,1011.5,1020,2240,1017.5,1500,1018.6,12.8,4.9,1100,2.12,10.59,,,,,,7.3,3.9,26.6,19.7,27,26.9,26.5,26.7,26.5,25.8,24.5,20.8,17.2,2.3,2.7,4,{비}1655-{비}{강도0}1800-{비}{강도0}2100-2210.,
143,대구,1990-09-06,22,21.2,635,23.3,0,22.08,.8,1030,3.1,1000,22.7,4.6,110,1325,3.5,110,1330,2,1688,110,20.9,84,0,93.8,24.7,1014,1022.6,2100,1019.6,540,1021,12.8,0,1100,.5,3.02,,,,,,10,6.1,23.1,21.2,24.2,24.6,25.4,26.2,26.4,25.7,24.5,20.7,17.1,.7,1,19.1,{비}0040-{비}{강도0}0300-{비}{강도0}0600-{비}{강도0}0900-{비}{강도0}1200-{비}{강도0}1500-{비}{강도0}1800-{비}{강도0}2100-2245.{박무}2310-{박무}{강도0}2400-,
143,대구,1990-09-07,23.9,20.8,530,28.7,1540,2,.1,55,.2,55,.2,8.1,90,1627,6.8,90,1640,2.9,2538,110,20.5,63,1440,82.5,24,1015.1,1023.9,1028,1019.9,1800,1022.1,12.7,4.3,1300,2.5,14.05,,,,,,6.5,4.3,26.4,20.5,25.8,25.6,25,25.6,25.8,25.5,24.4,20.7,17,2.5,3.5,,{비}0020-0220.-{박무}-{박무}{강도0}0300-{박무}{강도0}0600-{박무}{강도0}0900-{박무}{강도0}1200-1450.,
143,대구,1990-09-08,25.2,20.8,620,31.7,1650,1,.4,2320,1.1,2240,1.2,5.5,250,2248,5,250,2300,2.1,1840,90,20.6,54,1640,76.5,24.3,1011.4,1021.1,0,1014.7,1810,1018.3,12.7,7.1,1100,2.47,14.5,,,,,,6,5.1,27.4,20.5,27.1,26.9,25.8,25.9,25.9,25.5,24.4,20.8,17.3,2.9,4.1,1.4,{소나기}2240-2340.  {박무}1030-{박무}{강도0}1200-{박무}{강도0}1500-1640.,
143,대구,1990-09-09,26.4,23.3,2400,33.2,1455,2.58,3.7,1750,10,1725,10.2,9,340,1724,8,320,1730,2.1,1775,320,21.8,45,1530,78.8,26.1,1006.4,1015.5,0,1010.8,1620,1013.4,12.7,7.1,1100,2.45,15.97,,,,,,6,4.9,30.3,21.7,28.8,28.5,27.1,26.6,25.9,25.4,24.2,20.8,17.2,2.8,3.4,10,{비}0040-0210.  {소나기}1715-{소나기}{강도0}1800-1820.{뇌전}{강도0}(NE 5-6)1717-{뇌전}{강도0}(NE{이동}E 3-4)1725-{뇌전}{강도0}(E{이동}SE 3-4)1735-{뇌전}{강도1}(SE{이동}S 2-3)1740-{뇌전}{강도0}(S{이동}SW 3-4)1755-{뇌전}{강도0}(SW{이동}W 4-5)1805-1817.,
143,대구,1990-09-10,24.2,22.6,532,26.7,1232,11.33,5.5,2223,12,2210,15.8,8.1,90,920,6,90,930,3.1,2692,90,22.2,77,1052,88.5,26.7,1006.5,1015.2,400,1010.6,2400,1013.5,12.6,1.6,1100,1.09,6.47,,,,,,8.5,5.3,24.7,21.2,25.6,26,26.4,26.6,26.2,25.2,24.2,20.8,17.2,2.4,2.8,15.8,{비}1240-{비}{강도0}1500-{비}{강도0}1800-{비}{강도0}2100-{비}{강도0}2400-{박무}0330-{박무}{강도0}0600-{박무}{강도0}0900-{박무}{강도0}1200-1410.,
143,대구,1990-09-11,27.1,23.1,320,31.9,1458,3.75,.7,1800,.8,1730,2.2,13.7,200,1508,9.2,200,1500,2.8,2379,20,22,56,1540,75.5,26.5,1000.8,1010.8,200,1004.4,2400,1007.7,12.6,2.2,1300,1.92,8.57,,,,,,8.3,5.6,27.5,22.4,26.8,26.5,26,26.2,26,25.2,24.2,20.8,17.2,2.6,3,28.2,-{비}-0015.  {비}1630-{비}{강도0}1800-1830.  {비}2220-2350.,
143,대구,1990-09-12,22.8,20.8,840,26.3,100,9.25,7.2,550,16.8,500,26.1,10.3,110,1813,7.3,110,1820,4.3,3726,90,20,74,1540,84.5,23.5,1000.9,1012.6,2400,1003.6,330,1007.9,12.6,0,1200,.72,5.34,,,,,,9.8,4.1,23.2,20,24.1,24.8,25.4,26,26.1,25.5,24.2,21,17.3,1.8,2.1,.1,{비}0035-0220.  {비}0350-{비}{강도1}0600-{비}{강도0}0900-1120.,
143,대구,1990-09-13,22.2,18.4,657,26.4,1510,,,,,,,8.6,90,1742,6.7,110,1540,2.9,2539,110,16.9,57,1210,73.5,19.3,1008.2,1018.3,2100,1012,300,1015.2,12.5,5.6,1000,1.79,11.81,,,,,,5.8,2.5,23.7,16.5,23.4,23.6,24.5,25.2,25.8,25.3,24.2,21.2,17.4,1.9,2.7,1.2,,
143,대구,1990-09-14,20,19.2,2400,21.8,1330,18.92,1,1630,4.4,1500,16.6,4.1,270,2315,3.7,270,2324,1.8,1539,270,18.3,82,330,89.8,21.1,1008.8,1018,0,1013.6,1525,1015.9,12.5,0,900,.83,4.19,,,,,,10,7.3,21.4,18.1,22.3,22.7,23.6,24.8,25.5,25.2,24.2,21.4,17.4,1.5,1.8,15.4,{비}0505-{비}{강도0}0600-{비}{강도0}0900-{비}{강도0}1200-{비}{강도0}1500-{비}{강도0}1800-{비}{강도0}2100-{비}{강도0}2400-{박무}1520-{박무}{강도0}1800-2030.,
143,대구,1990-09-15,22,18.4,610,27.9,1437,.17,0,,0,,0,5.7,270,1214,4.3,270,1110,2.6,2245,250,16.7,39,1730,75,19.2,1008.9,1018.6,2400,1014.5,300,1015.9,12.4,6.9,1100,2.39,14.19,,,,,,5.5,2.8,23.2,16.9,23.5,23.5,23.6,24.3,25,25,24.2,21.4,17.5,2.1,3.3,,-{비}-0010.  {박무}2030-{박무}{강도0}2400-,
143,대구,1990-09-16,20.9,15.6,640,25.7,1243,,,,,,,7.9,90,1815,6,90,1320,3.5,3028,90,15.5,53,1420,72.5,17.6,1009.3,1019,835,1013.9,1657,1016.4,12.4,5.8,1000,2.45,13.62,,,,,,4,2.9,23,14,22.7,23.1,23.3,24.2,24.7,24.9,24.2,21.4,17.4,3,3.9,5,-{박무}-{박무}{강도0}0300-{박무}{강도0}0600-0730.,
143,대구,1990-09-17,21.1,18.7,630,25.8,1650,6,1.3,808,3.2,800,6.7,7.9,290,2305,6.3,290,2320,1.8,1562,290,17.5,58,1635,80.3,20,1003.3,1014.1,0,1007.7,1800,1010.3,12.4,2.6,1300,1.76,7.9,,,,,,9.5,7.3,22.9,18.4,22.7,22.8,23.1,24,24.6,24.7,24.1,21.4,17.4,2.6,3,1.7,{소나기}0405-0555.  {비}0720-{비}{강도0}0900-1040.  {비}1150-{비}{강도0}1200-1240.{박무}0830-{박무}{강도0}0900-{박무}{강도0}1200-{박무}{강도0}1500-1640.,
143,대구,1990-09-18,18.2,14.1,2359,22.9,1514,,,,,,,9.2,290,140,6.7,290,230,3.7,3216,290,8.5,34,1750,53.8,11.1,1004.1,1012.7,1040,1009.4,0,1011.3,12.3,6.5,1100,2.33,14.51,,,,,,8,2.9,20,10.8,21,21.4,22.4,23.5,24.4,24.5,24,21.4,17.5,3,3.5,,,
143,대구,1990-09-19,17.9,12.5,605,25,1520,,,,,,,7.9,20,1437,6.2,20,1510,2.3,1953,50,11,46,1630,65.3,13.2,1003.2,1012.2,2240,1008.1,1510,1010.3,12.3,4.8,1300,1.97,11.12,,,,,,3.5,2.5,19.9,9.8,19.9,20.2,21.1,22.7,23.7,24.4,24,21.4,17.5,1.6,2.7,,,
143,대구,1990-09-20,19.2,11.5,630,27,1530,,,,,,,5.4,110,2125,4.7,110,2140,1.9,1619,70,10.5,34,1453,60,12.7,1009.6,1020.3,2400,1012.2,0,1016.7,12.3,10.8,1200,2.48,17.19,,,,,,0,0,22.5,8.8,21.7,21.7,21.4,22.4,23.5,24.2,23.8,21.4,17.7,2.6,3.8,,,
143,대구,1990-09-21,20.2,13.3,630,28.8,1538,,,,,,,3.9,270,1245,3.3,90,330,1.6,1358,320,12.9,38,1525,66,14.9,1013.1,1021.7,900,1017.9,1600,1020.2,12.2,10.5,1200,2.43,16.09,,,,,,0,0,23.8,10.9,23.2,23,22.3,22.7,23.4,23.9,23.7,21.4,17.9,2.7,4,,,
143,대구,1990-09-22,21.4,14.2,633,29.2,1438,,,,,,,4.7,90,2110,4,90,2120,1.6,1385,50,14.5,40,1622,67.8,16.5,1012.3,1021,920,1016.9,1630,1019.4,12.2,10,1200,2.43,14.82,,,,,,0,0,24,11.2,23.6,23.4,22.8,23.1,23.2,23.7,23.6,21.3,17.9,2.7,3.5,,,
143,대구,1990-09-23,20.5,16.8,2300,26.3,1315,5.83,5.9,2048,21.3,2010,55.5,8.3,90,1808,6,90,1800,2.9,2521,90,16.8,53,1233,80.3,19.1,1010.4,1019.8,110,1014.6,1530,1017.6,12.1,5.4,1100,1.69,8.54,,,,,,8,3.8,22,14.2,22.7,22.9,22.9,23.3,23.2,23.5,23.5,21.3,17.9,1.6,2.4,78.9,{비}1515-1535.  {비}1650-1710.  {비}1850-{비}{강도2}2100-{비}{강도1}2400-,
143,대구,1990-09-24,18.1,16.6,230,20.1,1630,12.83,2.3,59,6.9,0,24,4.2,90,1555,3.3,90,1550,1.6,1384,90,16.4,78,2230,90,18.7,1010.6,1019.8,2200,1016,356,1017.7,12.1,0,1300,.55,2.49,,,,,,10,6.5,19.1,16.4,19.8,20.3,20.9,22,22.7,23.2,23.3,21.4,18,1.2,1.5,.6,-{비}-{비}{강도0}0300-{비}{강도0}0600-{비}{강도0}0900-{비}{강도0}1200-1250.,
143,대구,1990-09-25,19.6,17.3,622,22.7,1505,,,,,,,8.1,110,1459,6,110,1500,2.3,2024,110,14.2,56,1410,72.5,16.3,1014.6,1024.8,2300,1019.4,0,1021.7,12.1,1.4,1300,1.36,7.25,,,,,,9,7.3,20.7,15.6,20.6,21.1,20.7,21.6,22.5,23.2,23.3,21.7,18.1,2,2.6,,,
143,대구,1990-09-26,20,15.8,710,24.8,1302,,,,,,,12.2,90,1420,8.3,90,1240,3.4,2898,90,12.8,46,1630,64.5,14.9,1017.5,1025.5,1000,1023.8,1500,1024.7,12,9.2,1100,2.94,15.98,,,,,,3.3,3.3,22.1,12.8,21.9,21.7,21.1,21.7,22.2,23,23.2,21.6,18.1,3.2,4.4,,,
143,대구,1990-09-27,19.9,14.1,630,26.3,1508,,,,,,,5.6,90,1958,4.3,90,2000,1.9,1623,90,14.2,51,1630,70.5,16.2,1014.6,1025.2,30,1018.6,1630,1021.7,12,5.5,1200,2.46,13.26,,,,,,6.5,4.9,22.7,11.1,22.2,22,21.2,21.8,22.2,22.8,23,21.6,18.2,2.7,3.3,,,
143,대구,1990-09-28,20.7,16.2,640,27.8,1513,,,,,,,4.3,320,1615,3.8,320,1630,1.7,1459,70,15,40,1730,72.8,17.1,1010.9,1019.9,0,1015.8,1550,1018,12,8.5,1200,2.28,13.47,,,,,,6.8,1.9,23.6,12.8,23.3,23.1,22,22.2,22.3,22.8,23,21.6,18.2,2.9,3.5,,{박무}0510-{박무}{강도0}0600-{시정(미만)}{1km}{안개}0710-{시정(이상)}{1km}{박무}0835-{박무}{강도2}0900-{박무}{강도1}1200-1330.,1.42
143,대구,1990-09-29,20.2,14.8,710,26.2,1515,,,,,,,12.5,90,1220,8.7,90,1050,3.8,3314,90,14,48,1530,69,16,1009.8,1017.8,800,1015.2,1320,1016.9,11.9,9.5,1200,2.48,15.26,,,,,,3,1.9,23.2,11.6,23,22.9,22.3,22.5,22.5,22.5,22.9,21.4,18.2,3.2,4.3,,,
143,대구,1990-09-30,19.6,14.3,630,25.5,1326,,,,,,,5,110,1825,4.5,110,1830,1.6,1401,110,13.5,50,1330,68.5,15.5,1009.1,1017.8,930,1014.5,1510,1016.2,11.9,4.2,1200,2.15,9.65,,,,,,5.3,1.8,21.3,10.2,21.6,21.8,21.7,22.3,22.4,22.5,22.8,21.3,18.2,1.6,2.5,,,
143,대구,1990-10-01,18.9,13.6,600,26.4,1507,,,,,,,7.2,290,1550,5.3,290,1620,2.4,2042,290,11.8,36,1730,66.5,14,1010.3,1019.9,2300,1015.1,1600,1017.4,11.8,7.6,1200,2.34,13.47,,,,,,3.5,.4,21.8,10.2,21.8,22,21.7,22.1,22.3,22.5,22.7,21.3,18.3,3.5,3.8,,{박무}0510-{박무}{강도1}0600-{박무}{강도0}0900-0950.,
143,대구,1990-10-02,17.8,10.6,710,24.2,1505,,,,,,,3.5,200,1159,3.5,290,100,1.7,1503,270,9.7,36,1530,60.8,12.1,1014.3,1023.4,940,1019.6,1644,1021.6,11.8,10.3,1100,2.38,14.44,,,,,,3.5,1.1,20.1,6.7,20.8,20.9,21.1,21.9,22.1,22.5,22.5,21.2,18.3,2.3,3,,,
143,대구,1990-10-03,18,12.7,700,24,1350,,,,,,,5,110,1348,4.2,110,1430,1.8,1543,110,13,54,1230,73.5,15.1,1014.1,1023.8,900,1018.8,1550,1021.4,11.8,4.9,1200,2.38,11.06,,,,,,7.8,5.6,20.8,9.3,21.2,21.1,20.9,21.6,22,22.4,22.5,21.1,18.3,2,2.7,5.3,,
143,대구,1990-10-04,20.1,16.2,700,26.6,1540,6.83,1,630,1.6,600,5.3,6.2,270,1140,4.8,290,1310,2.2,1877,290,13.7,35,1630,69.8,15.8,1011.7,1020,2200,1016.7,1610,1018.8,11.7,9.2,1200,2.57,16.32,,,,,,3.3,1.5,23,11.4,22.5,22.3,21.8,22,21.9,22.2,22.4,21,18.3,3.6,4.3,,{비}0030-{비}{강도0}0300-{비}{강도0}0600-0720.,
143,대구,1990-10-05,18.9,11.9,655,26.5,1630,,,,,,,3.6,320,1600,3,320,1610,1.3,1161,70,11.2,31,1652,65.3,13.4,1011.4,1020.8,850,1016.3,1527,1018.5,11.7,10,1000,1.83,13.17,,,,,,6.8,5.5,20.3,8,20.7,20.8,20.9,21.7,21.8,22,22.3,20.9,18.3,2.7,3.5,,,
143,대구,1990-10-06,19.4,16.2,350,24.8,1502,,,,,,,9.5,90,1535,7,90,1610,2.3,2025,90,12.1,38,1500,65.5,14.2,1009.5,1018,2105,1015,1430,1016.5,11.7,4.6,1200,2.29,9.22,,,,,,9,6.9,20.5,15,21,21.1,20.9,21.6,21.8,22,22.2,20.9,18.3,2.2,2.9,,,
143,대구,1990-10-07,18.7,16.1,2340,23.2,1235,,,,,,,10.4,70,1307,8.2,70,1320,2.9,2494,70,11.6,42,1303,64.5,13.8,1007.8,1017.7,200,1012.4,2400,1014.9,11.6,1.7,1100,1.36,7.78,,,,,,7,5.3,19.7,11.4,20.1,20.2,20.5,21.4,21.8,22,22.2,20.8,18.3,2.7,3,,,
143,대구,1990-10-08,17.2,12.2,654,25.4,1348,1.83,1.5,1702,1.5,1642,1.5,11.8,110,1914,8.8,110,1910,3.2,2747,110,9.6,40,1340,63,12,1007.5,1019.8,2300,1011.4,440,1014.8,11.6,7.9,1100,2.4,13.29,,,,,,2.5,2.1,18.6,7.1,19.6,19.4,20,20.9,21.5,21.8,22,20.8,18.3,4,6.7,1.5,{소나기}1552-1742.,
143,대구,1990-10-09,13.9,9.1,2400,19.6,1330,,,,,,,8.2,70,1445,6.8,70,1450,3.2,2776,110,4.4,39,1430,54.3,8.6,1016.5,1030,2400,1019.8,0,1023.9,11.5,6.6,1100,2.37,12.98,,,,,,3.8,3.5,16.7,4.5,18.3,18.4,19.5,20.5,21.1,21.7,22,20.8,18.3,2,2.4,,,
143,대구,1990-10-10,13,5,640,20.7,1555,,,,,,,7,90,2008,5.3,90,2000,2.2,1864,70,4.5,31,1300,60.8,8.5,1023.3,1032.7,900,1028.7,1700,1030.7,11.5,10,1200,2.52,14.98,,,,,,1.8,0,17.3,2.1,17.5,17.7,18.7,19.7,20,21.7,22,20.8,18.4,4.1,4.9,,,
143,대구,1990-10-11,14.1,8.1,712,19.3,1445,,,,,,,3.2,270,820,3,270,810,1.3,1165,70,8.7,53,1630,70.8,11.4,1020.7,1030.4,825,1025.1,2400,1028,11.5,3,1200,1.22,7,,,,,,8.3,6.3,16.4,5.1,16.8,17.1,17.6,19.3,20.3,21.4,21.7,20.6,18.3,1.2,1.5,,,
143,대구,1990-10-12,16.8,13.6,630,20,1305,,,,,,,3.1,110,2156,2.8,110,2240,1.4,1179,90,11.9,57,1430,74.5,14,1014.5,1025.1,0,1018.9,2400,1021.8,11.4,.3,1000,.98,5.35,,,,,,10,8.9,17.9,12.8,18,17.6,18.6,19.1,20,21,21.7,20.6,18.3,1.7,2,,,
143,대구,1990-10-13,17.5,16.4,420,18.6,1030,5,.6,1220,1.1,1210,2,3.1,90,810,3,90,810,1.1,980,90,15.5,79,925,88.3,17.6,1008.6,1018.9,0,1014.4,1500,1015.8,11.4,0,800,.57,2.94,,,,,,9.8,7.5,18.5,16.1,18.5,18.7,19,19.4,20,21,21.7,20.6,17.9,.5,.7,2,{비}1140-{비}{강도0}1200-{비}{강도0}1500-1640.  {박무}1240-{박무}{강도0}1500-1550.,
143,대구,1990-10-14,18.5,14.9,550,24.8,1537,,,,,,,6.6,320,1402,5.3,290,1210,2,1699,320,12.9,37,1630,72.8,15,1010.7,1020.4,2230,1015.1,0,1017.9,11.4,8.3,1200,2.3,12.66,,,,,,3.8,2.8,19.8,9.7,20.2,20,19.7,19.5,20,20.8,21.6,20.5,17.9,2.4,3.3,,{박무}0420-{시정(미만)}{1km}{안개}0535-{안개}{강도0}0600-{시정(이상)}{1km}{박무}0745-0820.,2.17
143,대구,1990-10-15,17.3,11.1,710,25.1,1510,,,,,,,6.4,270,1438,4.8,270,1445,1.7,1448,320,9.4,41,1535,63.3,11.9,1012.2,1021.8,850,1016.5,1530,1019.3,11.3,8.6,1200,2.02,11.24,,,,,,.3,.1,18.7,6.6,19.1,19,19.3,19.6,20,20.7,21.5,20.5,17.9,2,2.9,,{박무}0610-{박무}{강도0}0900-{박무}{강도0}1200-1230.,
143,대구,1990-10-16,16.5,11,705,23.8,1432,,,,,,,8.9,290,1346,6.7,290,1350,2.3,1956,290,8.8,21,1343,64.8,11.5,1010.8,1019.4,900,1016.2,1400,1018,11.3,9.4,1200,2.2,13.89,,,,,,0,0,18.3,6.6,18.9,19,19.3,19.4,20,20.8,21.5,20.5,17.9,3.4,4.4,,{박무}0405-{박무}{강도1}0600-{박무}{강도0}0900-1030.,
143,대구,1990-10-17,14.4,10.4,508,19.4,1350,,,,,,,14.9,320,1445,9.2,320,1440,3.6,3070,290,3.8,26,1455,52.8,8.3,1013,1021.9,2158,1018.4,445,1020.3,11.3,9.8,1100,2.26,14.17,,,,,,2,0,16.8,5.1,17.8,18,18.7,19.1,19.7,20.5,21.3,20.3,17.9,3.3,4.3,,,
143,대구,1990-10-18,13.5,8.2,650,20,1557,,,,,,,11.5,290,1316,8.8,290,1310,4,3482,290,4.4,35,1400,55.5,8.4,1014.4,1023.9,920,1019.2,1540,1021.7,11.2,10,1200,2.32,14.53,,,,,,.8,0,15.8,2.1,16.9,17.2,18.1,18.6,19.6,20.5,21.3,20.3,17.9,2.3,3.4,,,
143,대구,1990-10-19,16.4,9.8,650,24.1,1510,,,,,,,6.9,250,1520,5,270,1530,2.5,2190,250,7.2,33,1512,57.3,10.2,1012.8,1022,150,1017.5,1600,1020,11.2,9.8,1100,2.18,13.72,,,,,,1.5,0,17.8,4.1,17.8,17.8,18.1,18.4,19.3,20.4,21.2,20.3,17.9,3.6,4.7,,,
143,대구,1990-10-20,15.5,7.8,654,23.9,1518,,,,,,,3.2,90,2240,3,70,2230,1.4,1232,50,8.8,36,1420,68.3,11.3,1013.7,1022.5,850,1018.7,1552,1020.9,11.1,8.8,1100,1.95,11.63,,,,,,0,.1,16.9,2.6,17.4,17.5,18,18.4,18.7,20,20.9,20.2,17.9,2.4,3.8,,{박무}0920-{박무}{강도0}1200-1450.,
143,대구,1990-10-21,15.4,9.1,630,24.6,1331,,,,,,,11.1,90,1440,7.5,90,1440,2.5,2135,90,8.9,37,1545,69.8,11.4,1016.3,1025.3,910,1021.6,1500,1023.6,11.1,9.3,1200,2.13,12,,,,,,.8,1,17,3.9,17.5,17.7,18,18.3,18.9,20,21,20.3,17.9,1.9,3,,{박무}0710-{박무}{강도0}0900-1140.,
143,대구,1990-10-22,14.9,9.4,650,23,1310,.58,0,,0,,0,8.2,90,1407,5.7,90,1410,2.1,1810,90,8.7,42,1300,68.5,11.3,1016.6,1025.2,900,1021.7,1420,1024,11.1,6.9,1200,2.03,10.17,,,,,,3.3,1.6,15.7,3.7,16.9,17.2,17.8,18.2,18.8,19.9,21,20.3,17.9,1.6,2.6,0,{소나기}1420-1455.,
143,대구,1990-10-23,15.1,8.6,720,22.8,1520,,,,,,,8,90,1722,4.5,90,1700,1.9,1678,90,9.4,45,1512,71,11.8,1016.3,1025.3,840,1020.6,1525,1023.6,11,8.8,1200,1.94,11.41,,,,,,1.3,.9,16.9,2.3,17.2,17.2,17.5,17.9,18.4,19.5,20.6,20.1,17.9,2.1,2.5,,{박무}0810-{박무}{강도0}0900-1040.,
143,대구,1990-10-24,14.9,9.3,805,22.3,1345,,,,,,,3.3,270,1448,3,270,1455,1.4,1214,50,9.4,39,1504,73.5,11.8,1014,1023.7,230,1018.6,2335,1021.3,11,4.8,1000,1.7,9.66,,,,,,5,3.3,16.7,3.6,17.1,17.4,17.7,17.9,18.8,19.6,20.7,20.1,17.9,1.2,2.2,5.1,{박무}0710-{시정(미만)}{1km}{안개}0730-{시정(이상)}{1km}{박무}0840-{박무}{강도0}0900-1130.,1.17
143,대구,1990-10-25,13.5,12,2335,17.8,1418,9,.8,15,2.7,15,5.1,4.6,230,32,4,230,40,1.9,1684,270,10.5,52,1420,83.3,12.8,1007.6,1019.3,110,1011.3,1700,1014.9,11,.7,1300,1.52,4.22,,,,,,8,3.8,14.4,7.6,15.8,16.2,16.9,17.9,18,19.6,20.6,20.1,17.9,2.2,2.6,0,{비}0010-{비}{강도0}0300-{비}{강도0}0600-{비}{강도0}0900-0910.{박무}0910-{박무}{강도0}1200-1340.,
143,대구,1990-10-26,12.7,8.4,2400,16.8,1330,.33,0,,0,,0,8.8,320,935,6.7,320,940,3.2,2777,290,6.7,51,1212,67.5,9.9,1009.2,1023,2400,1011.8,210,1016.5,10.9,1.3,1000,1.65,7.73,,,,,,4,3.6,12.9,2.9,14.2,14.9,16.1,17.1,18,19.2,20.3,19.9,17.9,1.2,1.8,,{비}0105-0125.,
143,대구,1990-10-27,11.1,4.2,715,19.5,1526,,,,,,,3.9,270,1629,3,270,1620,1.4,1191,50,5.8,39,1248,74,9.2,1017.8,1028,903,1023,0,1025.4,10.9,8.9,1200,1.98,11.34,,,,,,0,0,12.4,-.5,13.7,13.8,15,16.4,17.8,19,20.1,19.9,17.9,.7,1.2,,,
143,대구,1990-10-28,12.4,5.5,753,20.8,1540,,,,,,,6,250,1403,5,250,1440,1.6,1350,70,7.6,39,1520,75.8,10.5,1018.6,1028,910,1024.3,1500,1026,10.9,7.9,1200,1.66,10.89,,,,,,3,0,14.2,.7,14.2,14.4,15,15.9,17.6,19,20.1,20,17.9,1.6,2.3,,{박무}0510-{박무}{강도0}0600-{시정(미만)}{1km}{안개}0715-{시정(이상)}{1km}{박무}0750-{박무}{강도1}0900-{박무}{강도0}1200-1250.,.58
143,대구,1990-10-29,14.1,9,707,21,1603,,,,,,,3.7,50,1854,2.7,270,1540,1.4,1178,50,9.7,54,1620,76.5,12.1,1017.5,1026.2,20,1022.6,1518,1024.8,10.8,2.3,1000,1.61,7.89,,,,,,4,2.4,14.5,5.8,14.8,15,15.7,16.4,17.1,18.8,19.9,19.9,17.9,.9,1.1,,{박무}1210-{박무}{강도0}1500-1740.,
143,대구,1990-10-30,14.2,8.4,700,23.5,1547,,,,,,,5.1,250,1443,3.5,250,1450,1.3,1145,20,9.3,37,1605,76.5,11.7,1016.6,1025.9,930,1021.5,1530,1023.9,10.8,7.1,1200,1.83,10.07,,,,,,2.5,2.5,14.8,4.4,15.4,15.5,15.7,16.4,17.5,18.8,20.1,19.9,17.9,1.2,1.6,,{박무}0410-{시정(미만)}{1km}{안개}0450-{시정(미만)}{0.5km}{안개}0530-{안개}{강도1}0600-{시정(미만)}{0.2km}{안개}0640-{시정(미만)}{0.1km}{안개}0655-{시정(이상)}{0.1km}{안개}0730-{시정(이상)}{0.2km}{안개}0820-{안개}{강도1}0900-{시정(이상)}{0.5km}{안개}0915-{시정(이상)}{1km}{박무}0940-{박무}{강도0}1200-1230.,4.83
143,대구,1990-10-31,14.4,7.9,730,23.6,1513,,,,,,,5,270,1412,3.8,270,1400,1.4,1196,70,7.7,31,1518,69.5,10.5,1015.4,1024.8,900,1020.2,1710,1022.7,10.8,9,1200,1.81,11.12,,,,,,0,0,15.3,3.9,15.4,15.5,15.8,16.4,17.7,18.7,20,19.9,17.9,2.7,3.4,,{박무}0505-{박무}{강도0}0600-{박무}{강도1}0900-{박무}{강도0}1200-1220.,
143,대구,1990-11-01,14.6,8.3,545,22.4,1504,,,,,,,7.3,270,1137,4.7,270,1150,1.9,1673,320,8.4,42,1355,69.3,11.1,1013.5,1023.1,910,1018.9,1540,1020.9,10.7,9.2,1100,2,12.01,,,,,,0,0,15.2,2.1,15.4,15.5,15.9,16.4,16.9,18.3,19.6,19.6,17.9,1.9,2.8,,,
143,대구,1990-11-02,14,7.1,655,22.2,1532,,,,,,,3.7,90,1310,2.5,90,1310,1.2,1072,70,8,39,1630,70.5,10.7,1013.3,1022.5,930,1019,1456,1020.6,10.7,7.8,1200,1.72,9.89,,,,,,0,0,14.5,2,15,15.1,15.6,16,16.9,18.3,19.6,19.6,17.9,1.3,2,,{박무}0620-{박무}{강도0}0900-{박무}{강도0}1200-1330.,
143,대구,1990-11-03,14,8.8,635,20.3,1450,,,,,,,2.9,110,1645,2.5,110,1650,1.1,971,70,9.3,47,1454,76,11.8,1009.3,1019.7,130,1013.7,1635,1016.6,10.7,5.1,1200,1.48,7.64,,,,,,6,0,14.1,5.5,14.7,14.9,15.4,16.2,16.9,18.3,19.6,19.6,17.9,.9,1.2,,{박무}0015-{박무}{강도0}0300-{박무}{강도2}0600-{시정(미만)}{1km}{안개}0710-{시정(미만)}{0.5km}{안개}0735-{시정(이상)}{0.5km}{안개}0840-{안개}{강도0}0900-{시정(이상)}{1km}{박무}0930-{박무}{강도0}1200-{박무}{강도0}1500-1530.  {박무}2230-{박무}{강도0}2400-,2.33
143,대구,1990-11-04,14.4,8.9,750,21.7,1442,,,,,,,6.2,320,1502,5,320,1440,1.8,1593,70,9.2,43,1435,74.8,11.7,1004.5,1014.6,2400,1009.4,1400,1011.7,10.6,6.6,1300,1.57,8.86,,,,,,6.8,4,15,4.5,15.4,15.4,15.5,16.1,16.5,18,19.4,19.5,17.9,1.6,2.1,,-{박무}-{박무}{강도0}0300-{박무}{강도0}0600-{시정(미만)}{1km}{안개}0625-{시정(미만)}{0.5km}{안개}0635-{시정(미만)}{0.2km}{안개}0745-{시정(미만)}{0.1km}{안개}0750- {시정(이상)}{0.1km}{안개}0757-{시정(이상)}{0.2km}{안개}0805-{안개}{강도1}0900-{시정(이상)}{0.5km}{안개}0935-{시정(이상)}{1km}{박무}1110-{박무}{강도2}1200-1440.{박무}2310-{박무}{강도0}2400-,4.75
143,대구,1990-11-05,15.7,8.7,638,22.1,1458,,,,,,,7.5,250,1501,4.2,250,1535,2,1696,250,8.6,35,1340,66.3,11.3,1008.7,1018,2230,1014.3,1512,1015.9,10.6,6.9,1100,1.52,9.23,,,,,,3.3,2.3,16,3.7,15.9,16,15.9,16.3,16.7,18,19.3,19.4,17.9,1.6,2.5,,-{박무}-0150.  {박무}1115-{박무}{강도0}1200-1250.,
143,대구,1990-11-06,15,10,710,22.3,1457,1.83,,,,,4.3,13.9,320,1829,7.3,230,1330,2.7,2375,230,10.3,43,1332,76.8,12.6,1009.2,1018.4,300,1011.9,1705,1016.5,10.6,7,1200,1.62,9.39,,,,,,3,2.4,15.7,5.6,15.8,16,16.1,16.3,16.8,18,19.3,19.4,17.9,2.2,2.8,4.3,{박무}0310-{박무}{강도1}0600-{박무}{강도1}0900-{박무}{강도0}1200-1220.{박무}1830-{박무}{강도0}2100-{박무}{강도0}2400-{비}1750-{비}{강도0}1800-1940.,
143,대구,1990-11-07,13.3,8.4,720,18.3,1550,,,,,,,10.5,320,1147,7,320,1200,3.4,2931,270,3,32,1451,51.5,7.7,1014.5,1026,2400,1017.9,0,1021.7,10.5,8.8,1100,1.92,10.67,,,,,,2,.3,12.4,4.2,13.5,13.9,15.2,16.1,16.8,18,19.3,19.4,17.9,2.2,2.8,,-{박무}-{박무}{강도0}0300-0530.,
143,대구,1990-11-08,12.1,6,730,17.2,1435,,,,,,,8.2,90,1945,6,90,1950,2.3,2030,70,6.5,52,1202,69.8,9.8,1018.4,1028.1,904,1023.7,2400,1025.8,10.5,4.2,1000,1.18,6.57,,,,,,7,6.3,12.1,.7,12.6,12.9,14,15.3,16.5,17.8,19.1,19.3,17.8,1.5,1.9,5.5,,
143,대구,1990-11-09,10.1,4.6,2400,13.3,0,11.92,,,,,17,17,270,2327,9.5,270,2340,4.3,3705,290,6.7,53,2400,80.8,10.1,1009,1023.7,0,1011.7,1718,1016.3,10.5,0,1100,.28,1.37,,,,,,8.8,4.4,10.1,2.2,11.7,12.4,13.8,15.2,16,17.6,19,19.3,17.8,,2.4,11.5,{비}0445-{비}{강도0}0600-{비}{강도0}0900-{비}{강도0}1200-{비}{강도0}1500-1640.,
143,대구,1990-11-10,2.6,-.5,724,5.8,1333,,,,,,,17.7,290,631,10.7,290,630,6.8,5888,290,-9.3,36,1530,41.3,3.1,1013.9,1024.9,2250,1015.5,0,1021.5,10.4,9.4,1200,1.93,11.9,,,,,,.3,1.3,3.2,-2.6,6.5,7.6,10.8,13.4,15.7,17.5,19,19.3,17.8,,2.4,,,
143,대구,1990-11-11,5.9,-1.2,732,14.6,1519,,,,,,,8.6,250,1402,6.3,250,1420,2.5,2160,270,-1.1,42,1630,62,5.8,1016.5,1025.7,1010,1022.4,1500,1024.1,10.4,9,1200,1.88,11.04,,,,,,0,0,5.5,-5.9,7.3,7.6,9.7,12.2,15.2,17.3,18.8,19.2,17.8,,2.3,,,
143,대구,1990-11-12,10.5,3.6,706,19.3,1512,,,,,,,5.9,230,1347,5.2,230,1320,1.9,1620,230,4.9,43,1513,70.3,8.7,1018.5,1027.6,1000,1024.2,1517,1026,10.4,8.4,1200,1.72,10.12,,,,,,0,0,9.7,-1.4,10,10.1,10.8,12.1,14.2,17,18.6,19,17.7,1.8,2.4,,,
143,대구,1990-11-13,11.7,5.5,614,20.2,1525,,,,,,,6.2,250,1448,5.7,270,1520,1.7,1464,250,6.4,39,1631,73.5,9.6,1018.7,1028.1,1000,1024.1,1600,1026.2,10.3,8.6,1200,1.77,10.18,,,,,,0,0,10.7,-.8,11.1,11.3,11.7,12.5,14.2,16.8,18.6,19,17.7,2,2.7,,{박무}0720-{박무}{강도0}0900-{박무}{강도1}1200-1430.,
143,대구,1990-11-14,12.1,5.8,755,20.2,1552,,,,,,,5.8,230,1332,4.5,230,1240,1.6,1343,230,6.8,44,1455,73.8,9.9,1016.2,1025.8,10,1020.7,1600,1023.5,10.3,8.2,1200,1.8,10.12,,,,,,0,0,11.2,.3,11.6,11.8,12,12.7,14.1,16.6,18.6,19,17.7,1.3,2.1,,{박무}0620-{박무}{강도1}0900-1125.,
143,대구,1990-11-15,12.5,6.5,704,20.1,1507,,,,,,,8.1,110,2002,5.7,110,1850,1.8,1557,360,8.4,51,1630,77.8,11,1017.4,1027.9,2200,1022.8,415,1024.8,10.3,6.8,1200,1.34,7.53,,,,,,0,.1,11.3,2.3,11.8,11.9,12.3,12.9,14,16.3,18.3,18.8,17.7,1,1.5,,{박무}0505-{박무}{강도1}0600-{박무}{강도2}0900-{박무}{강도1}1200-{박무}{강도0}1500-{박무}{강도0}1800-{박무}{강도0}2100-{박무}{강도0}2400-,
143,대구,1990-11-16,12.6,6.5,738,20.5,1527,,,,,,,4,270,1435,3.7,270,1450,1.4,1195,290,7.8,42,1523,75.3,10.6,1020.1,1029.2,900,1025.1,1527,1027.5,10.3,5.4,1200,1.57,7.44,,,,,,5.5,1.5,11.6,2.6,12.2,12.3,12.5,13.1,14.2,16.2,18.1,18.8,17.7,.7,1.2,,-{박무}-{박무}{강도0}0300-{박무}{강도0}0600-{시정(미만)}{1km}{안개}0638-{시정(미만)}{0.5km}{안개}0740-{시정(미만)}{0.2km}{안개}0755-{안개}{강도2}0900-{시정(이상)}{0.2km}{안개}0940-{시정(이상)}{0.5km}{안개}1115-{시정(이상)}{1km}{박무}1140-{박무}{강도2}1200-{박무}{강도1}1500-1630.,5.03
143,대구,1990-11-17,13.2,7.4,658,20.5,1512,,,,,,,4.5,110,1952,4.3,230,1320,1.4,1218,70,8.8,44,1540,78,11.4,1019.8,1029.6,645,1025.2,1553,1027.2,10.2,5.7,1300,1.34,7.01,,,,,,3.3,1.3,12,1.8,12.2,12.3,12.5,13.1,14.1,16.1,18,18.7,17.7,.6,1.1,.2,{박무}0530-{박무}{강도0}0600-{시정(미만)}{1km}{안개}0647-{시정(미만)}{0.5km}{안개}0650-{시정(미만)}{0.2km}{안개}0655-{시정(미만)}{0.1km}{안개}0700-{시정(이상)}{0.1km}{안개}0840-{안개}{강도2}0900-{시정(이상)}{0.2km}{안개}1034-{시정(이상)}{0.5km}{안개}1045-{시정(이상)}{1km}{박무}1053-{박무}{강도2}1200-{박무}{강도1}1500-1520.{박무}2310-{박무}{강도0}2400-,4.1
143,대구,1990-11-18,17,11.3,740,23.7,1452,1.52,,,,,.7,6.9,270,1422,5.3,270,1410,1.6,1411,90,12.1,51,1407,74.8,14.2,1016.2,1026,0,1020.8,1540,1023.4,10.2,6.1,1200,1.41,8.01,,,,,,8.3,6.4,16.3,7.1,15.3,14.9,14,13.7,14,15.9,17.8,18.6,17.6,.7,1.2,.7,-{박무}-{박무}{강도1}0300-{박무}{강도2}0600-{박무}{강도0}0900-{박무}{강도0}1200-1232.  {비}0435-0540.{비}2334-{비}{강도0}2400-,
143,대구,1990-11-19,15.8,15.2,2248,17.4,1216,12.68,,,,,20.9,8,90,1556,5.8,90,1600,2.9,2509,90,14.3,85,1233,90.8,16.3,1013.8,1024.2,0,1016,2238,1021.1,10.2,0,900,.5,1.82,,,,,,10,7.8,15.2,14,15.1,15.2,14.9,14.6,14.8,16,17.8,18.6,17.7,.4,.8,20.7,-{비}-0036.  {비}1145-{비}{강도0}1200-{비}{강도0}1500-{비}{강도0}1800-{비}{강도0}2100-2350.{박무}0610-{박무}{강도0}0900-{박무}{강도0}1200-{박무}{강도1}1500-{박무}{강도1}1800-{박무}{강도0}2100-{박무}{강도0}2400-,
143,대구,1990-11-20,12.9,3.1,2400,16.8,1330,,,,,,,15.3,290,1346,10.8,290,1350,4.9,4240,270,5.6,33,1840,65.3,10.5,1010.4,1027.4,2400,1013.7,522,1017.8,10.2,1.1,1300,1,4.39,,,,,,6.8,4.1,12.2,0,13.7,14.2,14.7,14.8,15,16,17.6,18.5,17.7,,2.3,,-{박무}-{박무}{강도0}0300-{박무}{강도0}0600-0840.,
143,대구,1990-11-21,1.9,-1.3,730,6.4,1526,,,,,,,15.8,290,958,11,290,1020,5.5,4725,290,-11.1,26,1430,38.3,2.7,1021.6,1032.3,1000,1027.4,0,1029.4,10.1,8.6,1200,1.87,10.97,,,,,,.5,1.5,3,-4.2,6.2,7.2,10.4,13.1,14.8,15.9,17.4,18.4,17.6,,2.1,,,
143,대구,1990-11-22,7.5,2.4,747,14.7,1502,,,,,,,9.2,320,1452,7.7,320,1600,3.2,2778,250,-2,36,1530,52.3,5.3,1019.9,1030.3,2400,1025,1506,1027.5,10.1,8.9,1200,1.73,9.94,,,,,,2,2.1,7.6,-.6,8.4,8.7,9.9,11.8,14,15.8,17.4,18.4,17.6,,2.8,,,
143,대구,1990-11-23,7.7,2.6,755,15.8,1510,,,,,,,4,270,1300,2.7,270,1310,1.2,1076,50,-.1,33,1432,60.3,6.1,1024.6,1033.9,930,1030.3,0,1032.2,10.1,8.3,1200,1.62,8.78,,,,,,0,0,7.3,-2.9,8.5,8.8,9.9,11.5,13.6,15.9,17.6,18.4,17.7,1.3,1.9,,{박무}0810-{박무}{강도0}0900-1140.,
143,대구,1990-11-24,7.7,.6,733,15.2,1450,,,,,,,4,250,1225,3.5,250,1220,1.4,1208,70,2.8,50,1555,73.5,7.5,1022.8,1033,745,1027.4,2400,1030.4,10.1,5.3,1100,1.42,7.24,,,,,,4.3,3.1,7.5,-3.3,8.1,8.3,9.5,11.2,13,15.5,17.3,18.3,17.7,.8,1.2,.1,{박무}0520-{박무}{강도0}0600-{박무}{강도1}0900-{박무}{강도0}1200-1321.  {박무}1910-{박무}{강도0}2100-{박무}{강도0}2400-,
143,대구,1990-11-25,10.2,8.3,2400,13,1432,7.97,,,,,.6,3.9,270,1621,3,270,1630,1.7,1467,270,7,72,1354,81,10.1,1017.6,1027.7,30,1022.8,1530,1025.1,10,0,1200,.72,2.21,,,,,,7.5,4,9.2,5.2,10.1,10.1,10.6,11.4,12.9,15.5,17.3,18.3,17.6,.6,1,.5,-{박무}-{박무}{강도0}0300-{박무}{강도0}0600-0632.  {박무}1430-{박무}{강도0}1500-{박무}{강도0}1800-{박무}{강도0}2100-{박무}{강도0}2400-{비}0545-{비}{강도0}0600-0654.  {비}0746-{비}{강도0}0900-{비}{강도0}1200-1410.  {비}1730-1755.,
143,대구,1990-11-26,9.7,5,545,15.8,1453,,,,,,,3.4,270,520,3.3,270,530,1.5,1275,250,3.9,38,1515,71,8.1,1018.9,1028.1,1030,1025,1440,1026.4,10,6.7,1200,1.43,7.71,,,,,,2.8,1.6,8.4,.2,9.2,9.4,10.3,11.3,12.8,15.3,17.2,18.2,17.6,.9,1.2,,-{박무}-{박무}{강도0}0300-{박무}{강도0}0600-{박무}{강도0}0900-{박무}{강도0}1200-1240.,
143,대구,1990-11-27,11,6.2,615,17.3,1340,,,,,,,7.2,110,1902,4.8,90,1540,1.9,1650,90,6.6,55,1355,75,9.8,1018.3,1027.4,920,1023.5,1500,1025.8,10,3.5,1200,1.34,6.57,,,,,,5.5,3.1,10,1.5,10.6,10.5,10.7,11.4,12.5,15,16.9,18,17.5,1,1.3,,{박무}0520-{박무}{강도0}0600-{박무}{강도1}0900-{박무}{강도0}1200-1230.,
143,대구,1990-11-28,11.3,6.9,313,18,1502,,,,,,,10.9,110,1538,6.2,110,1600,2.2,1860,70,6.3,45,1514,73.5,9.6,1018.9,1027.8,920,1024.2,1505,1026.4,10,6.4,1200,1.44,7.15,,,,,,4.8,3.5,10,1.6,11,11,11.2,11.7,12.7,15,16.8,17.9,17.5,1.3,2,,{박무}0212-{박무}{강도0}0300-{박무}{강도0}0600-{박무}{강도0}0900-1140.,
143,대구,1990-11-29,12.8,8.6,145,17.6,1344,,,,,,,10.3,50,1133,7.8,50,1140,3.6,3102,70,5,43,1343,60.3,8.7,1017.6,1027.5,50,1022.4,2400,1025.1,10,1.8,1300,1.3,5.17,,,,,,7.3,7.5,11.8,3.3,11.2,11.2,11.3,11.9,12.9,15,16.7,17.9,17.5,2.1,2.6,,,
143,대구,1990-11-30,12.7,10.4,635,15.5,1532,,,,,,,5.8,290,1331,4.5,320,1410,2.6,2222,320,5.4,53,1530,60.8,9,1008.4,1022.4,0,1011.7,1600,1015.7,9.9,.5,1000,.49,3.33,,,,,,9.8,9.4,11.7,5.9,11.6,11.7,11.8,12.2,13,14.2,16.5,17.8,17.5,2,2.5,0,,
143,대구,1990-12-01,7.4,.5,2210,11.1,0,4.62,,,,,.5,17.6,250,1253,13,250,1140,6.2,5380,250,.6,40,1500,63.8,6.7,1003.9,1014.9,2316,1009.7,620,1011.4,9.9,4.7,1300,1.45,6.28,.9,2400,.9,2400,.9,9.8,6.3,7.5,-1,9.4,9.8,11,11.9,13.1,14.4,16.5,17.8,17.5,1.8,2.5,.5,{비}0853-{비}{강도0}0900-0935.  {눈}1940-2030.  {눈}2055-{눈}{강도0}2100-{눈}{강도0}2400-,
143,대구,1990-12-02,2.4,-.8,2400,6.4,1134,.33,,,,,0,16,290,1110,10.7,290,1120,7,6066,290,-4.5,50,1140,60.8,4.4,1014.4,1029.9,2400,1014.4,0,1022,9.9,4.2,1100,1.57,6.92,0,,.9,0,0,6.8,6.1,3,-2.8,5.9,7,9.1,10.9,12.7,14.4,16.4,17.7,17.4,,3.2,,-{눈}-0020.,
143,대구,1990-12-03,1.4,-3.3,620,6.7,1540,,,,,,,11.9,290,342,8.2,290,350,4.2,3642,290,-7.5,42,1300,52.8,3.6,1025.4,1035.1,2400,1029.9,0,1033.2,9.9,6.7,1200,1.71,9.12,,,,,,4.3,3.1,2.6,-8,4.8,5.5,7.4,9.7,12,14.3,16.2,17.6,17.4,,2.1,,,
143,대구,1990-12-04,4.6,-.4,535,11.5,1527,,,,,,,8.3,270,1229,6,270,1240,2.2,1876,290,-.7,47,1338,71,5.8,1026.1,1035.3,15,1031.8,1520,1033.8,9.9,6.3,1200,1.66,8.33,,,,,,3,3,4.6,-5.3,6,6.3,7.6,9.2,11.4,14.4,16.2,17.6,17.4,,1.3,,,
143,대구,1990-12-05,5.1,-.7,730,12.9,1523,,,,,,,4.9,250,1417,4.3,250,1440,1.5,1272,20,-1.3,36,1545,67,5.6,1023.6,1033.2,0,1029.1,1800,1031.2,9.9,8,1200,1.5,8.33,,,,,,0,.3,4.3,-6.5,5.7,6.3,7.5,9,11,14.2,16.1,17.6,17.4,,1.6,,{박무}0530-{박무}{강도0}0600-{박무}{강도0}0900-{박무}{강도0}1200-1345.,
143,대구,1990-12-06,5.7,-.3,735,14.4,1540,,,,,,,5.5,270,1415,3.8,270,1430,1.5,1280,270,.6,43,1400,73.3,6.4,1021.8,1031.3,900,1027.1,1600,1029.4,9.8,7.1,1200,1.53,8.08,,,,,,0,0,4.6,-5.5,5.8,6.1,7.2,8.8,10.5,13.8,15.9,17.6,17.4,,1.5,,{박무}0520-{박무}{강도0}0600-{박무}{강도1}0900-{박무}{강도0}1200-1340.,
143,대구,1990-12-07,8.2,2.1,745,16.8,1503,,,,,,,5,290,1318,4.5,270,1400,1.3,1095,270,2.8,42,1630,71.3,7.5,1019.6,1029.1,800,1024.8,1608,1027.1,9.8,8.1,1200,1.42,7.55,,,,,,1,0,6.2,-4.2,6.5,6.6,7.4,8.7,10.3,13.6,15.9,17.6,17.4,1.2,1.8,,{박무}0335-{박무}{강도0}0600-{박무}{강도1}0900-{박무}{강도1}1200-1430.,
143,대구,1990-12-08,7.8,2.1,756,16,1455,,,,,,,4,270,1432,3.7,250,1340,1.3,1082,360,2.5,45,1551,72.8,7.3,1016.2,1026.1,0,1021.1,1630,1023.7,9.8,6.8,1200,1.41,7.29,,,,,,2.8,1.4,6.1,-4.2,6.8,7,7.7,8.8,10.3,13.5,15.8,17.5,17.4,.4,.6,.2,{박무}0520-{박무}{강도0}0600-{시정(미만)}{1km}{안개}0715-{시정(미만)}{0.5km}{안개}0722-{시정(미만)}{0.2km}{안개}0725-{시정(미만)}{0.1km}{안개}0727-{안개}{강도2}0900-{시정(이상)}{0.1km}{안개}0903-{시정(이상)}{0.2km}{안개}0908-{시정(이상)}{0.5km}{안개}0917-{시정(이상)}{1km}{박무}1005-{박무}{강도1}1200-{박무}{강도0}1500-1550.,2.83
143,대구,1990-12-09,10.1,4.3,420,19,1555,1.5,,,,,.2,3.6,270,1552,3,270,1620,1.1,942,70,6.4,51,1620,79,9.8,1010,1022.1,0,1014.6,1500,1017.4,9.8,5.9,1100,1.31,6.63,,,,,,3,2.1,8.4,-1.7,8.5,8.4,8.4,9,10,13,15.5,17.4,17.3,1.2,1.6,,{비}0510-{비}{강도0}0600-0640.{박무}0815-{박무}{강도0}0900-{박무}{강도1}1200-{박무}{강도0}1500-1530.,
143,대구,1990-12-10,8.8,4.1,757,15.1,1542,,,,,,,3.5,250,615,3.2,250,620,1.3,1131,70,5.2,52,1545,80.5,8.9,1011.3,1020.9,926,1016.8,0,1018.7,9.8,5.7,1100,1.21,6.01,,,,,,2.5,2.5,7.2,-.2,8.1,8.2,8.8,9.4,10.6,13,15.4,17.3,17.3,.9,1.3,,{박무}0150-{박무}{강도0}0300-{시정(미만)}{1km}{안개}0423-{시정(미만)}{0.5km}{안개}0429-{시정(미만)}{0.2km}{안개}0434-{시정(미만)}{0.1km}{안개}0440-{안개}{강도2}0600-{시정(이상)}{0.1km}{안개}0635-{시정(이상)}{0.2km}{안개}0641-{시정(이상)}{0.5km}{안개}0648-{시정(이상)}{1km}{박무}0655-{시정(미만)}{1km}{안개}0720-{시정(미만)}{0.5km}{안개}0728-{시정(미만)}{0.2km}{안개}0740-{시정(미만)}{0.1km}{안개}0835-{안개}{강도2}0900-{시정(이상)}{0.1km}{안개}0935-{시정(이상)}{0.2km}{안개}1005-{시정(이상)}{0.5km}{안개}1025-{시정(이상)}{1km}{박무}1120-{박무}{강도2}1200-{박무}{강도0}1500-{박무}{강도0}1800-{박무}{강도0}2100-{박무}{강도0}2400-,6.53
143,대구,1990-12-11,3.8,.4,2400,9,438,,,,,,,18.3,290,710,12.5,290,720,5.7,4942,290,-2.8,45,1450,63.3,5.3,1015,1029.6,2115,1016.1,400,1022.6,9.8,6.9,1300,1.39,7.74,,,,,,4,4.1,3.8,-3.8,6.9,7.4,8.4,9.4,10.6,13,15.4,17.2,17.3,,1.1,,-{박무}-{박무}{강도0}0300-{박무}{강도0}0600-0630.,
143,대구,1990-12-12,2.3,-1.5,610,7.7,1505,,,,,,,10.4,320,1612,7.8,290,1230,3.6,3142,290,-5.2,36,1340,60.8,4.2,1020.2,1029.1,100,1026,1500,1028,9.8,8.1,1200,1.69,9.36,,,,,,0,1.1,2.6,-6,4.7,5.1,6.7,8.5,10.2,12.8,15.1,17,17.3,,2.5,,{박무}0510-{박무}{강도0}0600-0645.,
143,대구,1990-12-13,3,-2.6,737,8.8,1439,.33,,,,,0,7.4,250,1202,5.3,250,1210,2.2,1878,320,-2.6,47,1630,69,5.1,1017.6,1028.3,0,1023.3,1540,1025.3,9.8,6.2,1300,1.28,6.73,,,,,,4.5,1.3,2.8,-8,4.5,4.8,6,7.8,10,12.8,15.1,17,17.3,,1.1,0,{비}2150-2210.,
143,대구,1990-12-14,5.4,.4,2400,10.6,1202,,,,,,,15.1,290,1550,10.7,290,1650,4,3450,290,-1.3,41,2010,64.3,5.8,1017.1,1029.2,2300,1022.3,1500,1024.7,9.7,5.3,1200,1.15,6.4,,,,,,5.3,3.5,4.6,-3.2,6.2,6.5,7,8,9.5,12.7,15,17,17.3,,2.3,,,
143,대구,1990-12-15,.3,-2.5,630,4.6,1530,,,,,,,7.7,320,1827,5.5,320,1830,3.2,2767,270,-11.8,23,1730,42,2.5,1021.8,1031.2,858,1027.8,1700,1029.6,9.7,1.7,1300,.96,5.37,,,,,,4.8,2.5,.2,-6.4,2.8,3.4,5.5,7.5,9.4,12.4,14.8,16.8,17.2,,1.6,,,
143,대구,1990-12-16,1.8,-2,452,7.7,1432,,,,,,,11.8,290,1247,8.3,290,1340,3.7,3157,290,-9.9,32,1620,42.3,2.9,1021.3,1030.7,915,1027.2,1502,1029,9.7,8.5,1200,1.57,8.79,,,,,,0,1.4,2.1,-6.8,3.1,3.4,4.7,6.6,9,12.2,14.8,16.8,17.2,,2.3,,,
143,대구,1990-12-17,.7,-3.1,615,6.1,1603,,,,,,,6.4,320,1625,4.8,320,1850,2.3,2009,270,-8.3,33,1340,52.5,3.3,1015.4,1028.8,0,1019.4,1600,1023.2,9.7,1.7,1200,.84,4.67,,,,,,4.8,3.5,.5,-9.1,2.4,2.7,4.2,6.3,8.5,12.1,14.7,16.7,17.2,,1.8,,{박무}1018-{박무}{강도0}1200-1240.,
143,대구,1990-12-18,3,-.6,2400,7.4,1505,,,,,,,10.3,290,1233,7.3,290,1240,2.9,2517,290,-5,37,1600,56.5,4.3,1014.8,1025.9,2400,1020.3,530,1022.4,9.7,5.2,1200,1.59,7.04,,,,,,5,1.6,2.4,-9.3,3.5,3.6,4.5,6.1,8.1,11.9,14.5,16.6,17,,1.9,,,
143,대구,1990-12-19,1.2,-5,642,8.5,1524,,,,,,,4.1,270,1527,3.8,250,140,1.7,1450,20,-6,33,1638,60,3.9,1017.4,1027.3,945,1022.6,2320,1025.1,9.7,8.6,1200,1.54,8.19,,,,,,0,0,1.3,-11.2,2.6,2.7,4.1,5.8,7.9,11.7,14.3,16.5,17,,2.4,,,
143,대구,1990-12-20,3.1,-.7,107,8,1530,,,,,,,6.1,270,1520,5.3,270,1500,2.5,2131,270,-5.4,37,1530,55.3,4.1,1012.4,1022.9,0,1016.3,1510,1019.9,9.7,1.9,,,,,,,,,5.8,3.1,2.3,-4.9,3.2,3.3,4.2,5.7,7.7,11.6,14.2,16.4,17,,1.5,,,
143,대구,1990-12-21,4.6,-2,730,12.4,1535,,,,,,,12.2,230,2231,7.7,230,2200,2.5,2199,270,-1,48,1450,69.5,5.7,1011.5,1021.5,900,1016.3,2300,1019,9.7,5.9,,,,,,,,,2.5,3,3.6,-7.6,4,3.9,4.5,5.8,7.5,11.2,14,16.3,17,,1.8,,,
143,대구,1990-12-22,5,.7,2400,9.8,1334,.38,,,,,0,15.6,290,1624,12,290,1640,5.9,5056,290,-2.5,39,1000,58.8,5.1,1010.8,1022.7,2400,1014.5,1406,1018.3,9.7,5.8,1100,1.39,6.46,,,,,,3.5,2.9,3.7,-3.4,4.6,4.7,5.3,6.1,7.6,11.1,14,16.3,17,,2.8,0,{눈}1702-1725.,
143,대구,1990-12-23,.9,-1.9,810,4.9,1505,,,,,,,20,290,1435,11.3,290,1440,6.8,5839,290,-8.2,32,1510,53.3,3.4,1017.3,1026.6,1000,1022.7,0,1025,9.7,8,1200,1.87,10.51,,,,,,2.5,1.9,1.6,-4.6,3.3,3.6,4.8,6,7.4,11,13.8,16.2,17,,3,,,
143,대구,1990-12-24,0,-3.1,810,4.7,1435,,,,,,,10.2,290,1244,6.7,290,200,3.8,3300,290,-10.3,30,1405,48.3,2.8,1018.8,1027.5,1040,1025.4,1430,1026.6,9.7,7.8,1200,1.86,10.73,,,,,,0,0,.9,-8.8,2.4,2.6,3.9,5.6,7.3,10.8,13.5,16,17,,2.3,,,
143,대구,1990-12-25,.7,-6.3,740,7.9,1555,1.75,,,,,1.4,15,290,2330,11,290,2330,2.1,1835,290,-5.2,36,1540,68.5,4.5,1012.2,1026.7,0,1011.9,2145,1019.9,9.7,5.9,1300,1.22,6.98,,,,,,2,3.8,1.3,-11.8,1.9,1.9,3.2,5,6.9,10.6,13.5,16,17,,1.3,1.4,{비}1745-{비}{강도0}1800-1930.,
143,대구,1990-12-26,-2.9,-6.9,2400,3,0,,,,,,,21,290,1359,12.5,270,1200,8.1,6974,290,-13.9,38,1930,43,2.1,1012,1025.5,2400,1014.6,0,1019.8,9.7,4.8,1100,1.49,6.31,,,,,,6.3,4.9,-2.1,-9.8,1.2,1.6,3.2,4.9,6.8,10.5,13.4,16,17,,1.1,,,
143,대구,1990-12-27,-4.5,-9.6,630,1.6,1613,,,,,,,7.3,320,22,5.5,320,20,3.1,2664,270,-14.4,34,1630,46,2,1021.3,1031.7,1015,1025.5,0,1029.2,9.7,8.2,1200,1.66,9.45,,,,,,.8,0,-2.5,-12.5,-.3,0,2,4.3,6.5,10.3,13.2,15.9,16.9,,1.8,,,
143,대구,1990-12-28,-1,-5.8,520,4.1,1508,,,,,,,8.2,290,2048,7,290,1410,3.3,2842,290,-9.4,41,1640,52.8,3,1019.9,1029.3,2400,1025.5,1520,1027.7,9.7,6.2,1300,1.55,7.54,,,,,,3.3,2.5,-.8,-11.4,0,.1,1.7,3.7,6.1,10.2,13.2,15.8,16.8,,2.4,,,
143,대구,1990-12-29,.3,-3,2400,5.3,1445,,,,,,,11.2,290,1250,7,290,1300,3.9,3399,290,-9.3,35,1217,49.5,3,1023.1,1033.3,2400,1029.1,410,1031,9.7,8.2,1200,1.71,9.74,,,,,,0,0,-.5,-9.8,.6,.5,1.8,3.6,5.9,10.1,13.1,15.7,16.8,,1.3,,,
143,대구,1990-12-30,-1.5,-6.6,713,4.8,1605,,,,,,,3.2,250,1703,3,250,1700,1.3,1103,50,-6.6,49,1602,68.5,3.8,1022.5,1033.3,0,1026,2400,1030.3,9.7,4.9,1200,.91,5.78,,,,,,6,2,-1.7,-11.4,.1,.3,1.7,3.5,5.5,9.9,12.9,15.4,16.7,,1.3,,{박무}1010-{박무}{강도0}1200-1250.,
143,대구,1990-12-31,5.2,.7,0,11.7,1526,,,,,,,4.6,70,2349,3.7,70,2350,1.2,1045,290,-1.2,52,1258,64,5.7,1012,1026,0,1015.5,1800,1019.5,9.8,3.4,1100,1.09,5.7,,,,,,8.8,6.5,4.3,-.5,3.1,2.7,2.6,3.6,5.4,9.8,12.8,15.4,16.7,,1.2,,{박무}1210-{박무}{강도0}1500-1640.,
143,대구,1991-01-01,3.2,.1,750,7.4,1310,5.12,,,,,1.3,11.3,290,2329,8.3,290,2400,2.7,2295,290,1.2,54,2400,87.3,6.7,1007.5,1016.6,2400,1013.7,1420,1015,9.8,.3,900,.5,2.14,,,,,,6.8,3.3,1.8,-4.9,,,,,,,,,,,,1.3,{박무}0710-{박무}{강도0}0900-{박무}{강도0}1200-1246. {비}1155-{비}{강도0}1200-1218. {비}1256-{비}{강도0}1500- 1740.,
143,대구,1991-01-02,-.7,-3.4,2400,2.6,0,,,,,,,13,290,1320,10.2,290,410,6.5,5573,290,-14.5,19,1330,35.5,2.1,1014.1,1025.1,2330,1016.6,0,1021.9,9.8,8.1,1200,1.94,11.06,,,,,,4,3.6,.6,-6.3,,,,,,,,,,,,,,
143,대구,1991-01-03,-.7,-5.6,740,4.4,1609,,,,,,,12.1,320,2351,8.3,290,2330,4.4,3780,250,-10.8,36,0,46,2.8,1014.9,1025.9,640,1019,2056,1022.6,9.8,8.2,1200,1.79,10.05,,,,,,3.8,2.6,.3,-11.2,,,,,,,,,,,,,,
143,대구,1991-01-04,-2.7,-5.7,810,1.1,0,,,,,,,15.7,290,1435,10.7,290,1540,6.1,5281,290,-12.6,30,1750,46,2.4,1015.3,1025.8,1040,1021.2,0,1023.1,9.8,7.8,1200,1.86,10.56,,,,,,2,.4,-.9,-8.9,,,,,,,,,,,,,,
143,대구,1991-01-05,-4.4,-7.4,740,-1,1512,,,,,,,18,270,1214,13.3,290,1240,6.4,5558,290,-14,35,1510,48,2.1,1014.1,1023.9,2400,1019.1,1340,1021.9,9.8,7.8,1200,1.91,10.52,,,,,,3.8,.4,-2.7,-10.3,,,,,,,,,,,,,{달무리}0140-0420.,
143,대구,1991-01-06,-2.7,-7.1,747,3.5,1535,,,,,,,11.9,290,1201,8,290,1210,3.4,2906,290,-11.6,35,1604,51,2.5,1017.9,1027.7,2140,1023.9,0,1025.8,9.8,9.1,1200,1.93,11.23,,,,,,0,.9,-2.3,-14.2,,,,,,,,,,,,,,
143,대구,1991-01-07,-1.6,-3.7,547,1.2,1630,4.67,,,,,2.3,12.4,320,2320,9.2,290,2100,2.6,2214,290,-5.4,56,1100,76.8,4.3,1014.1,1027.5,0,1017.3,1617,1021.8,9.8,0,900,.38,1.7,3,1500,3,1500,3,7.8,4.1,-1.4,-12.5,,,,,,,,,,,,2.3,{눈}1120-{눈}{강도0}1200-{눈}{강도0}1500-1530. {눈}1650-1720. {박무}1415-{박무}{강도0}1500-{박무}{강도0}1800- {박무}{강도0}2100-{박무}{강도0}2400-,
143,대구,1991-01-08,-3,-5.6,817,1.1,1519,,,,,,,8.6,290,3,6.3,320,100,3.9,3366,320,-11.3,38,1503,54.8,2.6,1014,1023.1,2400,1019.3,1426,1021.8,9.9,8.3,1200,1.9,11.01,,,1.2,0,,.3,.8,-1.3,-8.8,,,,,,,,,,,,,-{박무}-{박무}{강도0}0300-0530.,
143,대구,1991-01-09,-1.4,-6.6,734,5.7,1540,,,,,,,7.1,250,1338,5.8,250,1320,3.1,2685,290,-11.7,22,1600,47.3,2.5,1015.6,1024.9,948,1021.6,1555,1023.3,9.9,9.2,1200,1.88,10.77,,,,,,0,0,-1.4,-10.9,,,,,,,,,,,,,,
143,대구,1991-01-10,1.1,-3.6,658,6,1503,,,,,,,8.8,290,1255,7,290,1250,2.8,2430,320,-5.4,41,1630,63.8,4.1,1014.1,1023.7,0,1019.5,1503,1021.8,9.9,3.1,1100,1.41,6.34,,,,,,7,4.8,-.4,-9,,,,,,,,,,,,,,
143,대구,1991-01-11,1.3,-2.2,813,6.7,1533,,,,,,,4.9,290,1646,4.3,270,2020,1.8,1535,290,-6.8,29,1524,59.8,3.8,1011.9,1021.3,230,1017,1430,1019.5,9.9,2.7,1300,1.3,6.01,,,,,,8.3,5.9,.8,-6.9,,,,,,,,,,,,,{박무}0710-{박무}{강도0}0900-{박무}{강도0}1200-1450.,
143,대구,1991-01-12,.3,-2.6,713,5.5,1408,,,,,,,11.1,320,1438,9.3,290,1320,4.4,3832,290,-9.1,34,1500,50.8,3.1,1013.3,1024.2,2400,1018.9,1300,1021,9.9,8.5,1200,1.81,9.82,,,,,,.3,.4,-.3,-8.8,,,,,,,,,,,,,,
143,대구,1991-01-13,-2.1,-5.5,757,2.2,1505,,,,,,,17.3,290,1401,9.7,290,1520,6,5213,290,-14,29,1730,39.8,2.1,1018.8,1029.9,2150,1024.2,0,1026.7,9.9,8.1,1200,1.89,11.14,,,,,,.3,.4,-1.5,-8.5,,,,,,,,,,,,,,
143,대구,1991-01-14,-2.6,-5.8,717,.7,1457,,,,,,,9.1,320,1357,6.8,290,1530,3.6,3112,290,-15.3,28,1430,39.3,1.9,1022.5,1032.5,1013,1028.4,1430,1030.4,10,2.1,1200,1.06,6.14,,,,,,2.8,2.5,-2.6,-10.7,,,,,,,,,,,,,,
143,대구,1991-01-15,-1.3,-8.6,750,7.4,1543,,,,,,,5.2,290,1507,4,290,1340,1.7,1426,290,-10.8,34,1559,49.8,2.8,1022,1031.2,305,1027.7,1410,1029.9,10,8.1,1300,1.53,8.7,,,,,,3.8,2.9,-1.5,-14.4,,,,,,,,,,,,,{박무}1020-{박무}{강도0}1200-1245.,
143,대구,1991-01-16,.3,-5.7,710,7.9,1530,,,,,,,3.3,360,1655,3.2,360,1640,1.3,1087,360,-7.1,32,1602,62.3,3.6,1020.3,1031.6,355,1022,2400,1028,10,5.4,1300,1.27,6.64,,,,,,6.5,3.8,-.3,-11,,,,,,,,,,,,0,{박무}0710-{박무}{강도0}0900-{박무}{강도0}1200-1430.,
143,대구,1991-01-17,2.2,-1.9,2400,6.6,1455,.8,,,,,0,14.3,290,1159,9.7,290,1150,4.5,3867,290,-11.4,18,1430,40.5,2.8,1017.8,1031.5,2400,1020.7,330,1025.5,10,8.7,1200,1.99,11.73,,,,,,0,0,1.6,-9,,,,,,,,,,,,,{비}0357-0445.,
143,대구,1991-01-18,.4,-3.9,555,7,1524,,,,,,,7.7,90,1952,6,90,2010,3,2553,290,-10.7,21,1501,46.8,2.8,1025.1,1035,2330,1031.5,0,1032.8,10,8.9,1200,1.86,10.7,,,,,,0,0,.2,-9.9,,,,,,,,,,,,,,
143,대구,1991-01-19,1.1,-5.8,628,9.2,1505,,,,,,,4,70,305,3.3,70,310,1.4,1240,50,-5,38,1506,68.3,4.2,1025.7,1036.3,740,1030.6,1705,1033.5,10.1,6.8,1400,1.54,9.26,,,,,,1.5,2.3,1.3,-11.4,,,,,,,,,,,,,{박무}1018-{박무}{강도0}1200-1245.,
143,대구,1991-01-20,3.2,-4,804,12,1611,,,,,,,3.1,250,1413,2.7,250,1420,1.4,1182,70,-1.9,46,1547,71,5.4,1019.7,1031,30,1023.7,2400,1027.4,10.1,6.3,1200,1.76,8.88,,,,,,4.8,2.5,2.5,-8.5,,,,,,,,,,,,4,{박무}0840-{박무}{강도0}0900-1140.,
143,대구,1991-01-21,5.1,4.1,427,7,1649,17.48,,,,,9.8,10.2,90,539,6.5,90,550,2,1760,290,4.1,69,0,93.5,8.2,1012.6,1023.7,0,1018,1447,1020.1,10.1,0,1200,.57,2.11,,,,,,10,5.9,4.8,1.3,,,,,,,,,,,,7,{비}0251-{비}{강도0}0300-{강도0}0600-{강도0}0900-{강도0}1200-{강도0}1500-1730. {비}1940-2040.{비}2210- {비}{강도0}2400-  {박무}0950-{박무}{강도0}1200-{박무}{강도0}1500-{박무}{강도0}1800-{박무}{강도0}2100-{박무}{강도0}2400-,
143,대구,1991-01-22,4.6,3,2400,6,1330,16.75,,,,,1.6,7.1,110,1809,6.3,110,1820,3.1,2643,110,3.1,80,1400,90,7.6,1016.7,1029,2400,1021.5,0,1024.3,10.1,0,1200,.45,2.29,,,,,,10,4.6,4.3,2.2,,,,,,,,,,,,.4,-{비}-{비}{강도0}0300-{비}{강도0}0600-{비}{강도0}0900-{비}{강도0}1200-1245. {비}1315-1450. {비}1910-{비}{강도0}2100-2135. {박무}-{박무}{강도0}0300-{박무}{강도0}0600-{박무}{강도0}0900-1045.,
143,대구,1991-01-23,3.9,0,620,9.6,1515,,,,,,,5.4,90,1137,4,90,1230,1.6,1380,50,1,59,1513,83,6.6,1022.5,1033.1,936,1028.4,2400,1030.2,10.2,7.6,1100,1.87,10.03,,,,,,4.3,1.9,4,-4.5,,,,,,,,,,,,0,{박무}0710-{박무}{강도0}0900-0930.,
143,대구,1991-01-24,2.8,.9,640,4.5,1817,8.78,,,,,5.6,10.4,320,2015,7.3,290,2120,2.8,2395,70,.6,62,2130,86,6.4,1014.8,1028.4,0,1016.7,1510,1022.4,10.2,0,1300,.27,1.25,,,,,,9.3,7.3,2.6,.2,,,,,,,,,,,,5.6,{비}0823-{비}{강도0}0900-{비}{강도0}1200-{비}{강도0}1500-1710.{박무}1030-{박무}{강도0}1200-{박무}{강도0}1500-{박무}{강도0}  1800-2010.,
143,대구,1991-01-25,3.5,-.9,2400,6.6,1443,.32,,,,,0,14.5,290,257,10.3,290,310,5.4,4674,290,-7.3,29,1603,45.5,3.6,1015.6,1027.9,2400,1020.7,540,1023.2,10.2,7.9,1200,2.05,11.25,,,,,,5,3.5,3.4,-4,,,,,,,,,,,,,{눈}0833-0852.,
143,대구,1991-01-26,.7,-2.7,711,5.8,1429,,,,,,,9.8,320,1506,8,290,1500,3.9,3389,290,-11.8,28,1600,40.3,2.5,1021.3,1031,2400,1027.6,1510,1029,10.2,8.5,1200,2.05,12.28,,,,,,.3,.1,.9,-7.8,,,,,,,,,,,,,,
143,대구,1991-01-27,.5,-3.4,740,6.6,1532,,,,,,,6.8,290,1445,5,290,1500,2.9,2465,290,-11.3,26,1500,43.8,2.6,1023.2,1033.3,2400,1029.1,1500,1031,10.3,9.5,1200,2.11,12.62,,,,,,0,0,.7,-7.5,,,,,,,,,,,,,,
143,대구,1991-01-28,.3,-5.7,630,6.5,1530,,,,,,,7.1,90,1738,5.3,90,1750,2.2,1898,70,-7.3,34,1530,60,3.6,1026.3,1035.8,900,1032.3,1700,1034.1,10.3,7.6,1200,1.88,10.26,,,,,,4,0,.5,-9.6,,,,,,,,,,,,,{달무리}2040-2210.,
143,대구,1991-01-29,2,-3.7,757,9.2,1459,,,,,,,6,90,1836,5,90,1840,1.8,1538,70,-5.3,28,1600,64.3,4.2,1025.4,1034.9,1032,1031,1500,1033.1,10.3,8.5,1200,2.01,12.03,,,,,,0,0,2.1,-7.5,,,,,,,,,,,,,,
143,대구,1991-01-30,2.6,-2.3,633,9.9,1434,,,,,,,4.2,230,1432,3,230,1440,1.5,1293,70,-4.3,35,1630,64.3,4.5,1022.8,1033.6,230,1028.3,1730,1030.6,10.4,8,1200,1.88,9.87,,,,,,1.8,2,2.3,-6.1,,,,,,,,,,,,,{박무}0830-{박무}{강도0}0900-{박무}{강도0}1200-1340.,
143,대구,1991-01-31,2.4,-2.9,808,9,1540,,,,,,,7.2,270,1347,6,270,1310,2.5,2125,290,-7.9,22,1730,52.3,3.5,1017.8,1029,0,1022.3,1800,1025.5,10.4,8.6,1200,2.13,12.69,,,,,,0,0,2.2,-8.4,,,,,,,,,,,,,,
143,대구,1991-02-01,1.9,-1.6,745,7.3,1517,,,,,,,8.1,290,1358,6.3,290,1120,3.6,3106,290,-8.6,33,1312,46.8,3.2,1014.6,1024.4,2400,1019.9,1420,1022.3,10.4,8.9,1200,2.12,12.68,,,,,,0,0,1.9,-6.4,,,,,,,,,,,,,,
143,대구,1991-02-02,.7,-3.8,730,7,1530,,,,,,,7.3,290,1433,5.3,290,1440,2.9,2469,290,-9.5,22,1740,49.3,3,1018,1028.3,1025,1024.4,0,1025.7,10.4,9.3,1200,2.06,12.57,,,,,,0,0,1.6,-9.5,,,,,,,,,,,,,,
143,대구,1991-02-03,.6,-5.6,550,8,1530,,,,,,,6.7,270,1420,4.8,270,1430,1.9,1681,290,-8.5,26,1500,55.8,3.2,1016.8,1027.3,337,1021.2,1700,1024.5,10.5,7.3,1200,1.89,10.3,,,,,,2.5,.1,1,-10.6,,,,,,,,,,,,,,
143,대구,1991-02-04,1.1,-2.5,705,5.7,1327,.33,,,,,0,16.4,290,1430,11.7,290,1530,4.1,3508,290,-7.1,32,1630,57,3.7,1013.4,1024,2300,1018.7,1500,1021.1,10.5,4.4,1400,1.71,8.01,,,,,,3,1,.6,-7.6,,,,,,,,,,,,,{눈}1030-1050.  {박무}0910-1030.,
143,대구,1991-02-05,1.1,-3.9,743,7.7,1608,,,,,,,6.4,250,1155,5.3,250,1120,3.1,2656,290,-9.3,27,1630,47.8,3,1017.2,1027.2,902,1023.1,1502,1025,10.5,9.6,1200,2.18,13.44,,,,,,.5,0,1.4,-10.6,,,,,,,,,,,,,,
143,대구,1991-02-06,1.8,-3.5,750,8,1523,,,,,,,5.9,290,1417,4.7,290,1450,1.8,1534,270,-6,36,1500,59.5,3.9,1015.8,1025.9,950,1020.8,1530,1023.4,10.6,5.6,1200,1.86,9.78,,,,,,5.5,1.4,1.4,-9.2,,,,,,,,,,,,,,
143,대구,1991-02-07,4.1,-3.4,718,11,1552,.75,,,,,0,8.3,270,2327,6,270,2330,2.1,1848,250,-4.3,26,1605,60.3,4.5,1012.5,1022.3,900,1017.6,1615,1020,10.6,5.9,1100,1.78,9.96,,,,,,5.8,2.6,3.7,-8.1,,,,,,,,,,,,,{박무}0830-{박무}{강도0}0900-1150.  {비}2303-2348.,
143,대구,1991-02-08,4.7,.2,2338,10,1545,,,,,,,10.7,290,557,7,290,340,3.4,2933,290,-7.1,18,1740,45,3.8,1017,1027.9,2157,1018.1,0,1024.6,10.6,9.5,1300,2.22,14.04,,,,,,0,0,4,-5.5,,,,,,,,,,,,,,
143,대구,1991-02-09,2.5,-3.4,718,9.4,1503,7.97,,,,,4.7,3.9,90,32,3.7,90,40,1.1,925,50,-3.5,37,1505,67.5,5,1016.4,1027.7,0,1016,2400,1024,10.7,1.7,1200,1.43,5.73,,,,,,7.5,3.9,2.5,-9,,,,,,,,,,,,,{박무}0830-{박무}{강도0}0900-{박무}{강도0}1200-1500-1735.  {박무}2120-{박무}{강도1}2400-                 {비}1602-{비}{강도0}1800-{비}{강도0}2100-{비}{강도0}2400-,
143,대구,1991-02-10,5.3,4,740,6.8,1840,15.53,,,,,11.4,5.9,250,719,5.5,250,720,2,1704,250,3.9,85,1700,91.3,8.1,1006.1,1018,2400,1010.2,500,1013.6,10.7,0,1200,.36,1.73,,,,,,10,4.8,5.4,3.9,,,,,,,,,,,,,-{비}-{비}{강도0}0300-{비}{강도0}0600-{비}{강도0}0900-{비}{강도0}1200-{비}{강도0}1500-1508.                {비}2336-{비}{강도0}2400-  -{박무}-{박무}{강도1}0300-0530.,
143,대구,1991-02-11,4.9,2.2,2400,9.9,1357,1.95,,,,,0,13.2,320,1617,9.3,320,1630,3.4,2955,290,1.4,52,1615,78.8,6.8,1012.1,1023,2400,1018,0,1019.6,10.7,5.5,1100,1.85,9.09,,,,,,6.5,4,5.1,-2.9,,,,,,,,,,,,,-{비}-0142. {비}1225-1240.,
143,대구,1991-02-12,3.9,-.1,730,9.9,1532,,,,,,,9.2,290,1355,5.3,290,1140,3.1,2680,290,-6.8,26,1430,48.5,3.7,1019.1,1028.6,2400,1023,0,1026.7,10.8,9,1200,2.28,14.33,,,,,,.3,0,3.5,-4.6,,,,,,,,,,,,,,
143,대구,1991-02-13,3.2,-.3,658,8.1,1642,,,,,,,4.2,90,230,3.5,90,240,1.2,1061,70,-4.1,42,1330,60.3,4.5,1019.9,1029.7,930,1025.6,1900,1027.6,10.8,0,1200,.88,4.1,,,,,,5.8,3,1.7,-3.4,,,,,,,,,,,,,{연무}0920-{연무}{강도0}1200-{연무}{강도0}1500-1640.,
143,대구,1991-02-14,4.3,-1.6,648,10.3,1355,5.17,,,,,3.7,11.5,90,1310,7.7,90,1420,2.7,2347,90,1.1,54,1410,81,6.7,1014.2,1026.3,0,1016.8,2400,1021.8,10.8,3.6,1000,1.4,6.66,,,,,,6,3.5,3.3,-5.4,,,,,,,,,,,,,{비}1850-{비}{강도0}2100-{비}{강도0}2400-,
143,대구,1991-02-15,4.5,2.9,2103,5.9,0,20.67,,,,,14.7,8.6,270,2018,6.7,270,2020,2.9,2486,270,3.5,86,1930,93,7.9,1002.4,1016.8,0,1005.5,1458,1009.9,10.9,0,1200,.58,2.37,,,,,,10,5.9,4.9,1.3,,,,,,,,,,,,,-{비}-{비}{강도0}0300-{비}{강도0}0600-{비}{강도0}0900-{비}{강도0}1200-{비}{강도0}1500-{비}{강도0}1800-2040,
143,대구,1991-02-16,3.4,.1,710,7.8,1520,,,,,,,6.3,270,12,5.7,270,10,2.4,2084,320,-3.7,37,1600,62.3,4.7,1009.9,1021.2,2400,1013.1,0,1017.4,10.9,6.9,1100,2.1,12.43,,,,,,3.3,2.8,3.9,-4.2,,,,,,,,,,,,,,
143,대구,1991-02-17,1.8,-1.7,748,7,1419,,,,,,,5.7,250,1059,4.5,270,940,2.1,1792,320,-7.6,36,1830,50.8,3.5,1018.3,1028.1,928,1021.2,0,1026,10.9,9.3,1100,2.14,12.67,,,,,,2.3,0,1.9,-7.6,,,,,,,,,,,,,,
143,대구,1991-02-18,1.9,-1.1,611,5,1601,,,,,,,14.2,290,2318,8.3,290,2340,3.2,2734,270,-4.5,44,1400,64.3,4.4,1013,1025.9,333,1016.4,2100,1020.6,11,0,1300,.79,4.48,,,,,,8.3,5.3,1.3,-3.2,,,,,,,,,,,,,,
143,대구,1991-02-19,-.1,-3.3,2400,2.8,1530,.13,,,,,0,15,290,533,10.7,290,540,6.2,5326,290,-13.6,25,1645,37,2.2,1013.4,1024.1,2300,1018.2,400,1021,11,8.6,1300,2.4,13.98,,,,,,2.5,.3,2.5,-5.7,,,,,,,,,,,,,{눈}1002-1010.,
143,대구,1991-02-20,-1.8,-5.1,710,4.7,1546,1.75,,,,,.1,17.1,270,1555,10.5,270,1600,4.7,4086,290,-9.5,34,1550,57.3,3.1,1013.3,1024.5,320,1016.6,1530,1021.1,11,7.8,1100,2.29,13.22,.2,2055,.2,2055,.2,5,3.6,.7,-7.9,,,,,,,,,,,,,{눈}1345-1405.  {눈}1750-1755.  {눈}1935-2055.,
143,대구,1991-02-21,-3.1,-5.9,2400,-.5,1153,3.33,,,,,1.2,23.3,270,1235,13.8,270,1250,7.1,6163,290,-14,29,1350,44.5,2.2,1014.8,1028.1,2230,1017.8,445,1022.6,11.1,6.7,1100,2.17,11.95,1.9,700,1.9,700,1.9,4.3,3.1,-2,-9.4,,,,,,,,,,,,,{눈}0350-{눈}{강도0}0600-0710.,
143,대구,1991-02-22,-6.8,-10.1,2400,-3.5,1340,3.75,,,,,3.7,16,290,1335,11.2,290,1350,4.4,3830,290,-14.7,35,0,56.3,2,1017.6,1030.3,2400,1022.9,1005,1025.6,11.1,6,1300,2.11,9.48,6.2,915,6.2,915,6.2,6.5,3.8,-2.8,-12.6,,,,,,,,,,,,,{눈}0545-{눈}{강도0}0600-{눈}{강도0}0900-0915.  {눈}1205-1220.,
143,대구,1991-02-23,-7.5,-12.4,610,-1.7,1546,,,,,,,13.6,290,1240,10.2,290,1250,5,4357,290,-15.9,39,1248,51.5,1.8,1023.7,1033.6,1005,1029.7,1713,1031.7,11.2,9.9,1200,2.57,16.75,,,1.2,0,,0,.1,-2.8,-14.1,,,,,,,,,,,,,,
143,대구,1991-02-24,-5.4,-10.4,708,.1,1632,,,,,,,13,290,1332,8,290,1330,4.4,3795,290,-16.2,29,1450,43.5,1.7,1026.1,1036.1,2320,1032.1,1550,1034,11.2,9.9,1200,2.65,17.11,,,,,,0,0,-1.6,-12.8,,,,,,,,,,,,,,
143,대구,1991-02-25,-1.5,-7.1,715,5.6,1510,,,,,,,11,290,1533,7.5,290,1200,4.1,3513,290,-14.7,22,1500,40.3,2,1026.6,1036.6,900,1032.7,1600,1034.6,11.2,9.7,1200,2.6,17.16,,,,,,0,0,.3,-11,,,,,,,,,,,,,,
143,대구,1991-02-26,1.5,-4.7,737,8.4,1607,,,,,,,7.5,250,1330,5.5,250,1030,3.1,2640,270,-7.4,34,1555,53.5,3.5,1023.9,1034.4,910,1028.4,1700,1031.7,11.3,10.2,1200,2.42,16.08,,,,,,1.5,0,2.4,-8.5,,,,,,,,,,,,,{달무리}2150-,
143,대구,1991-02-27,2.2,-1.1,736,5.3,1609,12.08,,,,,4.6,3.8,250,1210,3.7,250,1210,1.2,1046,250,-.3,60,1200,83.5,6.1,1018,1030.5,50,1018,2400,1025.6,11.3,0,900,.55,3.55,,,,,,8.3,2.8,2,-5.8,,,,,,,,,,,,,-{달무리}-0120.  {박무}0835-{박무}{강도0}0900-0925.  {박무}2015-{박무}{강도2}2100-{박무}{강도1}2400-           {비}1155-{비}{강도0}1200-{비}{강도0}1500-{비}{강도0}1800-{비}{강도0}2100-{비}{강도0}2400-,
143,대구,1991-02-28,5.6,2.6,2400,8.1,1207,2.17,,,,,.3,9.8,270,1140,7.5,270,1220,3.8,3307,290,-1.5,35,1800,64.5,5.8,1011.6,1022.5,2200,1015.6,400,1019.1,11.3,0,1100,1.26,6.55,,,,,,9.5,7.5,5,1,,,,,,,,,,,,,-{비}-0210. -{박무}-{시정(미만)}{1km}{안개}0110-{시정(미만)}{0.5km}{안개}0230-{안개}{강도1}0300-{시정(이상)}{0.5km}{안개}0440-{안개}{강도0}0600-{시정(이상)}{1km}{박무}0615-0820.,5.08
143,대구,1991-03-01,4.2,-.8,730,10.7,1429,,,,,,,7.2,340,1544,5.8,290,20,2.9,2469,270,-9.9,24,1930,36,2.9,1016.1,1026.7,2400,1021.4,1528,1023.7,11.4,10.2,1100,2.29,14.85,,,,,,3.8,2.3,4.5,-3.9,,,,,,,,,,,,,,
143,대구,1991-03-02,4.8,-2.6,740,12.1,1512,,,,,,,8.4,270,1408,6.3,290,1500,2.9,2531,290,-10.1,20,1730,36.5,2.9,1018.6,1027.5,900,1023.7,1638,1026.2,11.4,10.1,1300,2.52,16.71,,,,,,.8,0,5,-7.3,,,,,,,,,,,,,,
143,대구,1991-03-03,5.7,-.5,740,13.6,1630,,,,,,,7.1,230,1331,5.5,200,1250,2,1707,320,-5.6,24,1700,45.8,4.1,1019.2,1029.1,900,1024.3,1800,1026.9,11.5,9.5,1200,2.55,16.68,,,,,,0,0,5.8,-5.9,,,,,,,,,,,,,,
143,대구,1991-03-04,5.8,-.2,710,12.8,1546,,,,,,,5,270,1532,4.3,270,1400,1.9,1667,270,-3.7,31,1830,53.5,4.7,1014.2,1025.5,0,1018,1820,1021.8,11.5,5.4,1400,1.41,8.42,,,,,,7.5,3.9,5.3,-5.9,,,,,,,,,,,,,{박무}0833-{박무}{강도0}0900-{박무}{강도0}1200-1240.,
143,대구,1991-03-05,8.6,-1,647,18.9,1515,,,,,,,5,230,1328,4.2,230,1150,1.6,1396,50,-3.2,21,1530,48.8,4.8,1010.1,1020.3,750,1014.2,1648,1017.5,11.5,9.3,1200,2.51,15.61,,,,,,1,2.1,8.3,-6.6,,,,,,,,,,,,,{박무}0820-{박무}{강도0}0900-1145.,
143,대구,1991-03-06,10.6,3.4,745,19.9,1530,,,,,,,9.4,290,1602,7.3,290,1610,2.7,2331,290,-1.2,22,1430,48.8,5.6,1011.2,1021.7,2400,1016.8,1445,1018.6,11.6,9.5,1200,2.54,16.48,,,,,,0,0,11.1,-3.3,,,,,,,,,,,,,{박무}0820-{박무}{강도0}0900-1140.,
143,대구,1991-03-07,6.1,2.1,2030,8.7,357,7.83,,,,,6.9,16.2,90,1210,11,90,1220,6.8,5908,90,2.4,59,0,77.8,7.3,1018.2,1028.4,925,1021.7,0,1025.8,11.6,0,1000,1.41,6.36,,,,,,9.8,5.1,5.8,.4,,,,,,,,,,,,,{비}1610-{소나기}1710-{소나기}/{우박}(d 0.5)1750-{비}1757-{비}{강도0}1800-{진눈깨비}1805-{진눈깨비}{강도0}2100-{비}2140-{비}{강도0} 2400-,
143,대구,1991-03-08,3,1.8,1230,4.1,830,17.17,,,,,17.2,13.3,90,636,8.7,90,640,5.2,4523,90,1.5,80,830,89.8,6.8,1011,1025.7,0,1012.9,2055,1018.5,11.6,0,1300,.41,1.91,,,,,,10,5.5,2.4,.6,,,,,,,,,,,,,-{비}-0220.  {소나기}0840-{소나기}/{싸락우박}0845-{소나기}{강도0}/{싸락우박}{강도0}0900-{소나기}{강도0}/{싸락우박}{강도0}1200-{비}1218-1445.  {비}1515-{비}{강도0}1800-{비}{강도0}2100-{비}{강도0}2400-,
143,대구,1991-03-09,4.4,2.5,130,7.6,1617,9.92,,,,,.4,7,340,1702,5.7,340,1720,2,1766,290,1.8,72,1620,84,7,1011.2,1023.3,2400,1014.5,0,1018.7,11.7,1.2,1400,.8,5.45,,,,,,9.8,6.1,5.7,-.4,,,,,,,,,,,,,-{비}-{비}{강도0}0300-{비}{강도0}0600-0840. {비}0940-1055. {박무}1220-1345.,
143,대구,1991-03-10,3.8,.8,730,6.2,1355,9.83,,,,,14.1,7.2,90,1837,5,90,1840,2.1,1854,90,.8,65,1330,80.8,6.5,1014.6,1025.3,1000,1018.6,1957,1022.3,11.7,0,1000,1.09,4.21,,,,,,7.5,4.6,3.5,-2.6,,,,,,,,,,,,,{비}1310-{비}{강도0}1500-{비}{강도0}1800-1930. {소나기}2030-{비}2057-{비}{강도0}2100-{비}{강도0}2400-       {뇌전}{강도0}(NE4-5)2038-{뇌전}{강도0}(NE{이동}E3-4)2045-{뇌전}{강도0}(E{이동}SE3-4)2051-{뇌전}{강도0}(SE{이동}S3-4)  2054-2056.,
143,대구,1991-03-11,3.7,.6,455,6.5,1730,7.3,,,,,13.1,6,110,4,4.3,110,310,2,1693,290,2.2,84,1300,90.5,7.2,1011.4,1021.7,2330,1017,304,1018.9,11.8,0,1200,.77,4.09,1.2,440,1.2,440,1.2,10,5,3.5,.2,,,,,,,,,,,,,-{비}-{진눈깨비}0230-{진눈깨비}{강도0}0300-{눈}0340-{진눈깨비}0440-0530. {비}1245-1433. {박무}0730-0845.     {박무}1213-{박무}{강도0}1500-1735.,
143,대구,1991-03-12,7.5,3.4,540,13.2,1508,,,,,,,7.6,320,958,6.7,320,1000,3.3,2881,270,-2.6,26,1500,54.8,5.3,1015.7,1025.7,2400,1021,305,1023.2,11.8,8.6,1200,2.91,17.21,,,,,,5,1.3,8.7,.2,,,,,,,,,,,,,,
143,대구,1991-03-13,7.9,.3,708,13.9,1458,,,,,,,8.9,320,1131,7.5,270,1140,2.9,2514,320,-4.5,23,1440,44.3,4.4,1017.5,1027.5,723,1022.1,1535,1025,11.8,9.8,1200,2.64,16.86,,,,,,2.5,2.3,8.8,-4.6,,,,,,,,,,,,,,
143,대구,1991-03-14,3.9,-.3,657,8.9,1645,,,,,,,10.1,320,1350,8.3,270,700,5.1,4411,320,-8,25,1540,43.3,3.4,1020.5,1031.8,2320,1025,0,1028.2,11.9,10.1,1200,2.89,20.14,,,,,,2.3,.5,8.2,-2.8,,,,,,,,,,,,,,
143,대구,1991-03-15,3.7,-2.2,635,9.2,1512,1.18,,,,,0,8,250,1751,6.2,250,1750,2.2,1896,90,-3.3,37,1510,62.5,4.8,1020.8,1032.6,140,1022.9,2400,1028.5,11.9,3.8,1000,1.81,11.71,,,,,,5.8,4.8,6.5,-5.8,,,,,,,,,,,,,{비}1730-{비}{강도0}1800-1828. {비}2308-2321.,
143,대구,1991-03-16,5.1,2.3,752,9.3,1557,4.7,,,,,.1,12.7,290,1559,9,320,1240,4.4,3828,290,-1.9,43,1558,62.5,5.4,1013.7,1023.1,913,1018.6,1550,1021.3,11.9,4.2,1100,2.02,11.35,,,,,,6.5,4.5,7.2,.2,,,,,,,,,,,,,{비}0105-{비}{강도0}0300-0525. {비}1558-1620.,
143,대구,1991-03-17,5.2,.2,705,11.8,1616,,,,,,,8.8,250,1110,6.5,320,150,3.5,3016,270,-8.1,24,1500,41.3,3.4,1016.9,1026.3,1000,1022.4,0,1024.6,12,10.2,1200,2.93,19.73,,,,,,2.5,1.3,8.5,-3.1,,,,,,,,,,,,,,
143,대구,1991-03-18,7,-1.4,710,15.8,1550,,,,,,,7.1,230,1459,5,230,1500,1.8,1573,20,-4.6,23,1320,47,4.4,1016.3,1026.3,730,1020.1,1810,1023.8,12,10,1200,2.8,18.59,,,,,,0,0,9.5,-6.9,,,,,,,,,,,,,,
143,대구,1991-03-19,11.7,3.4,729,21,1552,,,,,,,9,230,1416,7.2,270,2330,2.7,2343,290,1.4,23,1603,53,7,1011.2,1023,515,1014.3,1850,1018.5,12.1,10.5,1200,2.56,17.54,,,,,,.3,1.4,11,-2.3,,,,,,,,,,,,,,
143,대구,1991-03-20,14.8,5.7,2400,24.7,1545,3.58,,,,,.2,18.8,90,1927,12.7,90,1920,4.3,3710,90,8.5,29,1540,71,11.4,1007.9,1023.5,2345,1011.5,1630,1015.1,12.1,8.2,1300,2.37,14.4,,,,,,9.8,4.1,15.5,5.1,,,,,,,,,,,,,{박무}0610-{박무}{강도0}0900-1125. {비}2025-{비}{강도0}2100-{비}{강도0}2400-,
143,대구,1991-03-21,5.7,4.2,2400,8.7,1248,.75,,,,,0,18.9,90,1108,11.2,90,1110,7.2,6194,90,-2.3,46,1240,57.3,5.2,1018.8,1028,952,1023.4,0,1026.4,12.1,1,1100,1.94,8.77,,,,,,9.8,5.1,8,4,,,,,,,,,,,,,-{비}-0045.,
143,대구,1991-03-22,5.1,4,740,6.1,1330,15.47,,,,,16.9,8.3,90,217,5.7,90,420,2.9,2507,90,3,56,0,88,7.7,1009.9,1024.6,0,1012.8,1810,1017.4,12.2,0,1100,.27,1.8,,,,,,10,5.1,6,2.7,,,,,,,,,,,,,{비}0352-{비}{강도0}0600-{비}{강도0}0900-{비}{강도0}1200-{비}{강도0}1500-{비}{강도0}1800-1920.,
143,대구,1991-03-23,11.3,3.8,715,20.3,1545,,,,,,,6.2,230,1426,4.3,230,1320,2.2,1913,230,2.8,30,1903,61.3,7.5,1008.2,1017.5,750,1013.8,1600,1015.5,12.2,10.2,1200,2.82,19.66,,,,,,2.8,1.3,13.5,.7,,,,,,,,,,,,,,
143,대구,1991-03-24,11.3,4.9,650,18.1,1358,,,,,,,13.7,110,1605,9.3,90,1640,3.9,3336,90,5.2,32,1210,67.8,8.9,1010.7,1019.9,2400,1016.4,1603,1018,12.3,9.2,1100,2.52,17.05,,,,,,3.5,2.1,13.5,-.5,,,,,,,,,,,,,{박무}0910-1120. {박무}1740-{박무}{강도0}1800-{박무}{강도0}2100-2210.,
143,대구,1991-03-25,10.1,8.1,2400,13.6,1602,9.75,,,,,2.2,8.3,110,728,6.7,110,740,2.9,2540,110,7.5,67,1720,84.5,10.4,1011.9,1021,940,1017.9,1632,1019.3,12.3,.9,1000,.82,6.44,,,,,,7.5,3.3,11.8,2.9,,,,,,,,,,,,,{비}0235-{비}{강도0}0300-{비}{강도0}0600-{비}{강도0}0900-{비}{강도0}1200-1220. {박무}1230-{박무}{강도0}1500-1730.,
143,대구,1991-03-26,8.2,3.3,553,12.3,1220,5.67,,,,,5.8,19.2,90,1443,13.3,90,1440,6.3,5472,90,4.1,47,1330,77.5,8.3,1014.7,1024.7,921,1019.6,2210,1022.2,12.3,4.2,1100,2.47,11.4,,,,,,7.5,5.3,8.2,1.2,,,,,,,,,,,,,{박무}0310-{시정(미만)}{1km}{안개}0410-{시정(미만)}{0.5km}{안개}0414-{시정(미만)}{0.2km}{안개}0435-{시정(이상)}{0.2km}{안개}0510-{안개}{강도1}0600-{시정(이상)}{0.5km}{안개}    0603-{시정(이상)}{1km}{박무}0610-0840. {비}1820-{비}{강도0}2100-{비}{강도0}2400-,2
143,대구,1991-03-27,6,4.6,530,7.8,1730,13.42,,,,,2.4,8.4,110,334,7.2,110,320,4,3432,110,4.4,78,1712,90.3,8.4,1013,1024.9,2300,1018.6,345,1020.6,12.4,0,1400,.32,2.2,,,,,,10,5.8,7.1,4.4,,,,,,,,,,,,,-{비}-{비}{강도0}0300-{비}{강도0}0600-{비}{강도0}0900-0930. {비}1130-{비}{강도0}1200-{비}{강도0}1500-1525.,
143,대구,1991-03-28,7.7,6,430,11,1548,,,,,,,8,110,2111,6,110,2110,3.1,2648,110,3.7,60,1630,76,8,1019.8,1031.7,2252,1023.5,420,1027.4,12.4,.3,1400,1.06,6.6,,,,,,7.8,4.8,8.7,4.2,,,,,,,,,,,,,,
143,대구,1991-03-29,8.5,4.9,615,12.5,1437,,,,,,,7,140,1347,5.2,110,40,2.8,2437,110,2.1,45,1407,66.5,7.1,1022.1,1031.7,1021,1026,2400,1029.6,12.4,4,1300,2.18,12.75,,,,,,10,7.1,9.7,1.1,,,,,,,,,,,,,,
143,대구,1991-03-30,8.9,6,2400,13.9,1558,,,,,,,10.2,290,1604,7.7,320,1620,3.9,3343,290,-2.7,25,1800,47.8,5.3,1017.8,1026.3,2140,1023.4,1550,1025.3,12.5,2.6,1000,2.03,13.61,,,,,,6.8,6.1,10.8,1.8,,,,,,,,,,,,,{박무}0630-0745. {달무리}2020-2145.,
143,대구,1991-03-31,5.5,1.9,640,11,1536,,,,,,,14.6,320,1851,9.7,320,2040,5.4,4634,290,-10.4,18,1900,31.5,2.8,1019.6,1030.7,2400,1024.6,1543,1027.2,12.5,11,1200,3.11,22.23,,,,,,5,.1,10.5,-1.6,,,,,,,,,,,,,,
143,대구,1991-04-01,4.4,-1.1,630,11.2,1641,,,,,,,9,90,2018,6.3,90,2020,3,2581,320,-7.9,19,1605,44.3,3.4,1023.6,1033.1,2400,1029.3,1630,1031.3,12.6,11,1200,2.99,21.75,,,,,,.8,.4,10.7,-5.6,,,,,,,,,,,,,,
143,대구,1991-04-02,6.6,-2.7,640,14.8,1621,,,,,,,8,290,1459,6,250,1330,2.5,2180,270,-6.4,17,1601,45,3.8,1024.7,1034.2,800,1029.3,1650,1032.3,12.6,11.1,1200,2.98,21.3,,,,,,0,0,11.2,-6.5,,,,,,,,,,,,,,
143,대구,1991-04-03,11.1,2.4,620,19.6,1645,,,,,,,8.7,270,1423,6.5,250,1150,2.9,2504,270,-3.5,20,1802,39.3,4.8,1022.1,1032.6,830,1025.3,1705,1029.6,12.6,10.9,1200,2.92,21.02,,,,,,0,0,14.2,-3.2,,,,,,,,,,,,,,
143,대구,1991-04-04,12.4,4.6,703,20,1708,,,,,,,6.8,270,1350,5.2,270,1350,2.4,2075,250,-1,23,1334,43,5.7,1016,1026.9,0,1019.4,1720,1023.4,12.7,8,1200,2.51,15.93,,,,,,4.3,3.5,13.9,-1.9,,,,,,,,,,,,,{박무}0740-0825.,
143,대구,1991-04-05,14,5.2,630,23.4,1612,,,,,,,5.4,270,1416,4,250,1100,1.9,1659,270,0,17,1730,43.8,6.2,1012,1021.4,740,1015.4,1620,1019.2,12.7,10.8,1200,2.97,21.43,,,,,,0,0,17,-2.1,,,,,,,,,,,,,,
143,대구,1991-04-06,11.5,7.2,638,17.8,1120,,,,,,,15.5,110,1821,11.3,110,2100,4.8,4151,110,4.4,35,30,62,8.4,1011.6,1020.5,2130,1017.9,1320,1019,12.7,7.6,1200,1.65,12.43,,,,,,6.3,3.5,13.9,1.3,,,,,,,,,,,,,,
143,대구,1991-04-07,10.1,7.4,2400,13.7,1430,,,,,,,14.7,110,1437,11.2,110,1440,6.3,5409,110,4.3,50,1530,68.5,8.4,1011,1020.5,30,1015.4,1508,1018.4,12.8,5.6,1200,1.8,13.2,,,,,,7.5,6.3,12.7,4.8,,,,,,,,,,,,,,
143,대구,1991-04-08,12.2,3.7,640,23.8,1635,,,,,,,8.9,110,2049,6.2,110,2110,2,1703,110,4.4,25,1602,64,8.4,1007.9,1017.5,14,1012.1,1715,1015.2,12.8,10,1100,2.57,18.8,,,,,,3,.4,15.9,-.4,,,,,,,,,,,,,,
143,대구,1991-04-09,13.3,7.3,410,21.2,1602,,,,,,,9.1,110,901,7,110,2100,4.1,3546,110,6.7,38,1730,66.8,9.8,1009.1,1019,900,1013.7,1630,1016.4,12.9,9.2,1200,2.84,18.26,,,,,,2.8,.3,17,5.8,,,,,,,,,,,,,{박무}0510-{박무}{강도0}0600-{박무}{강도0}0900-{박무}{강도0}1200-1230.,
143,대구,1991-04-10,11.8,7.6,555,16,1340,6.83,.3,1645,.8,1610,2.3,5.3,90,53,5,90,100,2.3,1948,90,8.5,37,1225,80.5,11.2,1004.9,1015.2,30,1010.1,1500,1012.2,12.9,0,1000,.79,4.91,,,,,,8.3,5.3,12.2,5.6,,,,,,,,,,,,,{박무}0510-{박무}{강도0}0600-{박무}{강도0}0900-1140. {비}1055-1123. {비}1228-{비}{강도0}1500-{비}{강도0}1800- 1820.  {비}2330-{비}{강도0}2400-,
143,대구,1991-04-11,14.8,12.1,2303,19.6,1502,.5,0,,0,,0,15.4,90,1119,10.8,90,1120,5.8,5041,110,8.2,29,1630,67.8,11.1,1006,1017,2136,1010.6,330,1013.2,12.9,9.9,1200,3.05,22.35,,,,,,5.8,2.6,18.8,11.8,,,,,,,,,,,,,-{비}-0030.  {박무}0630-0830.,
143,대구,1991-04-12,12.8,10.1,2400,15.8,1407,1.92,0,,.1,2240,.1,10,110,300,8.3,110,300,5.5,4740,110,5.2,48,1230,60.8,9,1006.1,1017,0,1009.1,2400,1013.4,13,0,1300,1.01,4.9,,,,,,10,5.5,14.2,9.6,,,,,,,,,,,,,{비}1735-{비}{강도0}1800-1805.  {비}2010-2025. {비}2230-2340.,
143,대구,1991-04-13,14.4,9.7,530,21.7,1440,4.33,1.5,410,4.1,330,7.1,8.5,320,1929,6.7,290,1600,3.1,2686,290,9.8,55,1730,76.3,12.2,1001.1,1012.5,2335,1005.6,1425,1008.4,13,3.7,1000,2.45,12.68,,,,,,9,7.3,15.8,9.5,,,,,,,,,,,,,{비}0210-{비}{강도0}0300-{비}{강도0}0600-0630. {박무}0430-{박무}{강도0}0600-{박무}{강도0}0900-1130.,
143,대구,1991-04-14,16,10.6,630,22,1521,,,,,,,10.3,290,1003,6.5,320,1130,3.5,2991,290,4.1,26,1630,45.5,8.6,1007,1016.8,2400,1011.7,1640,1014.2,13,11.2,1200,3.17,23.55,,,,,,2,1,19.6,5.7,,,,,,,,,,,,,,
143,대구,1991-04-15,15.2,6.3,538,23.2,1634,,,,,,,6.3,320,1344,5.3,320,1350,2.3,1992,290,-1.8,19,1502,32.8,5.4,1010,1019.1,900,1014.5,1745,1017.3,13.1,9.9,1100,2.63,18.32,,,,,,3,1.5,16.8,1.1,,,,,,,,,,,,,,
143,대구,1991-04-16,18.1,8.9,627,27,1541,,,,,,,6.9,180,1855,4.8,180,1910,2.1,1835,250,.9,9,1930,36.3,6.8,1012,1021.9,750,1015.8,1800,1019.1,13.1,11.3,1200,3.23,23.77,,,,,,.8,0,20.7,3.4,,,,,,,,,,,,,,
143,대구,1991-04-17,13.4,9.4,603,16.9,1140,13.92,4.2,2010,12.3,1800,70.8,7,110,1823,5.5,110,1830,1.7,1441,70,10,50,1110,80.8,12.4,1004.4,1019.1,0,1000.4,2400,1011.6,13.1,2.1,800,1.2,4.58,,,,,,6.5,4.4,14.9,4.6,,,,,,,,,,,,,{비}1005-{비}{강도0}1200-{비}{강도0}1500-{비}{강도1}1800-{비}{강도1}2100-{비}{강도0}2400-                  {박무}1110-{박무}{강도0}1200-{박무}{강도0}1500-{박무}{강도0}1800-{박무}{강도0}2100-{박무}{강도0}2400-,
143,대구,1991-04-18,10.3,4.8,2400,16,358,7.27,1.2,912,4.3,830,9.9,17.1,110,1038,11,90,750,4.2,3648,110,7.6,64,1944,84.3,11,1002.7,1019.9,2400,998.6,243,1010,13.2,0,1300,.42,2.69,,,,,,8,4,10.5,-.6,,,,,,,,,,,,,-{비}-0118.  {비}0742-{비}{강도0}0900-{비}{강도0}1200-1340.  -{박무}-0150.,
143,대구,1991-04-19,11.1,2,530,21.2,1514,,,,,,,9,290,1945,7.3,320,1700,2.7,2364,320,.7,20,1830,59,6.5,1009.6,1020.4,813,1012.6,1600,1017,13.2,9.5,1200,3.24,21.25,,,,,,4.8,4.9,13.8,-2,,,,,,,,,,,,,{박무}0510-{시정(미만)}{1km}{안개}0555-{안개}{강도0}0600-{시정(이상)}{1km}{박무}0710-{박무}{강도0}0900-0936.,1.25
143,대구,1991-04-20,14.4,7.9,625,20.9,1559,,,,,,,11.1,320,1854,8,320,1910,4.2,3632,270,-1.5,23,1914,34.5,5.6,1008.9,1019.5,820,1013.1,1625,1016.2,13.3,11.1,1200,3.16,23.48,,,,,,.5,.1,17.6,2.8,,,,,,,,,,,,,,
143,대구,1991-04-21,16.4,8.1,620,23.9,1548,,,,,,,10,320,1203,7.2,290,1340,3.3,2833,290,-.7,20,1930,33.8,5.9,1010.5,1022.1,2400,1016,0,1017.8,13.3,11.4,1200,3.13,23.52,,,,,,0,0,19.4,2.3,,,,,,,,,,,,,,
143,대구,1991-04-22,16.1,7.6,556,23.7,1322,,,,,,,7.3,270,1436,6.5,230,1450,2.3,1964,360,2.3,19,1440,44.3,7.4,1016.7,1026,2330,1022.1,0,1023.9,13.3,9.1,1100,2.64,18.77,,,,,,4.8,1.8,18.1,1.5,,,,,,,,,,,,,,
143,대구,1991-04-23,15.6,9.7,607,23.2,1422,,,,,,,8.3,230,1533,7,250,1510,2.2,1886,250,6.7,24,1210,59,10,1019,1027.6,830,1024.6,1512,1026.3,13.4,5.5,1200,2.09,12.06,,,,,,7.3,3.3,17.1,5,,,,,,,,,,,,,,
143,대구,1991-04-24,16.6,11.7,552,23.3,1614,,,,,,,4.5,110,1130,4,110,1840,1.6,1418,70,10.7,39,1750,70.5,12.9,1014.8,1025.9,0,1019.2,1830,1022,13.4,4.6,1300,2.57,12.88,,,,,,4.5,3.4,19.3,8.4,,,,,,,,,,,,,{박무}0525-{박무}{강도0}0600-{박무}{강도0}0900-{박무}{강도0}1200-1220.,
143,대구,1991-04-25,18.1,11.3,607,26.9,1526,,,,,,,8.1,250,2208,6.3,270,2230,2.3,2010,270,10.4,30,1349,67.3,12.7,1010.5,1021,25,1013.5,1801,1017.7,13.4,7,1200,2.85,17.74,,,,,,5.3,3.1,20.6,6.8,,,,,,,,,,,,,{박무}0525-{박무}{강도0}0600-{박무}{강도1}0900-{박무}{강도0}1200-1250. {달무리}2010-,
143,대구,1991-04-26,16.6,11.2,2355,24.2,1554,,,,,,,11.3,110,1850,8.8,110,1740,3.9,3372,290,4.8,14,1558,49.5,8.9,1011.7,1021.4,1008,1016.6,1510,1018.9,13.5,9.1,1200,3.09,22.04,,,,,,5,1.6,21.3,8.8,,,,,,,,,,,,,-{달무리}-0040.  {달무리}2120-,
143,대구,1991-04-27,15.8,7.5,558,25.3,1650,,,,,,,6.1,160,1837,5.7,140,1830,2.1,1806,70,3.6,19,1633,48.8,8,1010.5,1021.6,12,1013.4,1720,1017.8,13.5,11.7,1100,2.96,21.32,,,,,,4,.9,20,4.4,,,,,,,,,,,,,-{달무리}-0115.  {햇무리}1120-1240.,
143,대구,1991-04-28,18.1,8.4,558,27.3,1439,,,,,,,11.4,250,1710,6.3,250,1650,2.5,2159,270,6.1,20,1330,49.8,9.8,1003.2,1015.7,0,1006.7,1650,1010.4,13.5,10.4,1200,3.05,22.61,,,,,,3.8,2.8,22.2,1.8,,,,,,,,,,,,,,
143,대구,1991-04-29,16.1,11.8,2400,19.1,1638,3.5,.7,1000,1.6,940,3,7.8,360,1428,5.8,20,1400,3.1,2712,290,9.7,39,1718,66,12.1,1000.8,1011.7,2350,1005.6,543,1008,13.6,3.9,1500,2.12,9.96,,,,,,8,3.9,18,8.2,,,,,,,,,,,,,{비}0840-{비}{강도0}0900-{비}{강도0}1200-1210.,
143,대구,1991-04-30,16.3,8.3,547,24.5,1523,,,,,,,11.6,250,2300,9,200,1700,3.8,3257,230,5.9,24,1830,56.8,9.5,1000.7,1012.2,40,1001.8,1850,1007.8,13.6,10.9,1200,3.23,23.72,,,,,,1,1,20.8,3,,,,,,,,,,,,,{박무}0645-{박무}{강도0}0900-0920.,
143,대구,1991-05-01,14.4,10.1,2354,18.9,1613,,,,,,,20.3,290,1537,13.2,270,1600,7.2,6229,270,-3.8,20,1730,27.5,4.7,997.4,1007.3,2311,1002.4,1520,1004.6,13.6,9.8,1200,3.03,20.75,,,,,,6,2.4,18.4,5.4,,,,,,,,,,,,,{황사}0730-{황사}{강도0}0900-{황사}{강도0}1200-{황사}{강도0}1500-1710.,
143,대구,1991-05-02,12.7,8.2,346,18.2,1508,.13,0,,0,,0,13.1,290,847,11.7,270,940,5.5,4737,290,.3,33,1502,42.8,6.3,1002.8,1016.3,2400,1006.2,250,1010.1,13.7,4.5,1200,2.7,15.09,,,,,,5,5.9,17.4,3,,,,,,,,,,,,,{소나기}1050-1058.,
143,대구,1991-05-03,14.2,8.2,540,22,1547,,,,,,,13.7,90,1832,8.7,90,1850,3.7,3184,290,2.2,21,1502,47.3,7.2,1012.8,1024.3,2315,1016.3,0,1020.1,13.7,10.7,1200,3.36,23.92,,,,,,1,1.1,20,1.8,,,,,,,,,,,,,,
143,대구,1991-05-04,14.9,6.7,530,23.5,1619,,,,,,,8.3,270,1202,5.8,90,1810,2.8,2454,90,2.2,20,1500,48.3,7.3,1015.6,1025.8,810,1019.6,1719,1022.9,13.7,11.7,1200,3.29,25.09,,,,,,0,0,21.8,.8,,,,,,,,,,,,,,
143,대구,1991-05-05,16.3,8.1,555,24.6,1448,,,,,,,9.7,70,1752,7.2,70,1720,2.9,2515,90,2.7,22,1751,45.3,7.6,1014.8,1024.4,838,1018.3,1755,1022,13.8,11.3,1200,3.17,24.17,,,,,,0,0,22.4,3.2,,,,,,,,,,,,,,
143,대구,1991-05-06,13.7,11.5,643,17,1542,9.7,.2,1955,.7,2220,1.8,9.1,140,1535,6.3,140,1550,2.8,2404,110,9,36,0,74.5,11.7,1010.6,1020.7,30,1015.8,1500,1017.9,13.8,0,1000,.49,3.9,,,,,,9,6,15,9.6,,,,,,,,,,,,,{비}0910-1035. {비}1148-{비}{강도0}1200-1240. {비}1525-1630. {비}1740-{비}{강도0}1800- {비}{강도0}2100-{비}{강도0}2400-,
143,대구,1991-05-07,16.4,13.4,0,20.5,1448,3.08,0,,0,,0,7.2,230,1636,6.5,230,1640,2.6,2275,110,12.5,61,1436,78.8,14.5,1007.4,1015.9,44,1013.2,1455,1014.6,13.8,.5,1200,1.49,6.39,,,,,,9.5,5.4,17.2,13.3,,,,,,,,,,,,,-{비}-0040.  {비}0640-0812.{비}1043-1136.  {박무}0825-{박무}{강도0}0900-{박무}{강도0}1200-1315.,
143,대구,1991-05-08,16.9,13.3,602,22.2,1431,4.17,.2,320,.8,300,1.3,8,290,1218,6.5,290,1220,3,2629,290,8.7,32,1721,64.3,11.7,1006.8,1015.7,2350,1012.4,1730,1014,13.8,2.2,1200,2.65,12.3,,,,,,7.8,5,18.3,9.4,,,,,,,,,,,,,{비}0130-{비}{강도0}0300-0540.,
143,대구,1991-05-09,18.8,10.5,540,27.6,1630,,,,,,,10.2,290,1810,7,290,1810,2.5,2149,270,4.1,16,1619,42,8.3,1007.7,1016.8,2340,1012.2,1546,1014.8,13.9,10.2,1200,3.12,21.69,,,,,,4.5,3.1,21.5,6.5,,,,,,,,,,,,,{황사}0805-{황사}{강도0}0900-{황사}{강도0}1200-{황사}{강도0}1500-{황사}{강도0}1800-{황사}{강도0}2100-{황사}{강도0}2400-,
143,대구,1991-05-10,20.3,11.5,612,29.4,1448,,,,,,,13.9,230,1619,9.3,230,1630,3.4,2957,270,4.9,25,1247,37.5,8.7,1010.2,1019.1,2353,1014.2,1547,1017.4,13.9,9.3,1200,3.07,21.22,,,,,,3.5,1.5,23.5,4.9,,,,,,,,,,,,,-{황사}-{황사}{강도0}0300-{황사}{강도0}0600-{황사}{강도0}0900-{황사}{강도0}1200-{황사}{강도0}1500-{황사}{강도0}1800-{황사}{강도0}2100-   {황사}{강도0}2400-,
143,대구,1991-05-11,20,15.1,548,25,1344,,,,,,,5.1,270,1613,2.5,360,2330,1.3,1130,50,7.3,29,1330,44.5,10.2,1011.9,1020.7,843,1017.2,2330,1019,13.9,1.5,1000,1.41,10.65,,,,,,7.3,6.3,21.4,8.2,,,,,,,,,,,,,-{황사}-{황사}{강도0}0300-{황사}{강도0}0600-{황사}{강도0}0900-{황사}{강도0}1200-{황사}{강도0}1500-{황사}{강도0}1800-{황사}{강도0}2100-   {황사}{강도0}2400-,
143,대구,1991-05-12,20.7,15,550,27.6,1605,,,,,,,7.2,270,1616,5.5,270,2240,2.6,2230,270,8.5,28,1730,46.5,11.1,1007.8,1017.5,720,1011.1,1800,1014.9,14,10.1,1200,3.02,22.63,,,,,,3.5,2.1,25.7,8.4,,,,,,,,,,,,,-{황사}-{황사}{강도0}0300-{황사}{강도0}0600-{황사}{강도0}0900-1120.,
143,대구,1991-05-13,21.3,14.2,629,29.4,1631,,,,,,,7.8,110,1950,5.7,110,2000,2.6,2253,290,8.5,14,1800,48.8,11.4,1009.3,1018.1,845,1014.3,1715,1016.3,14,12.3,1200,3.29,25.93,,,,,,0,0,27.3,8,,,,,,,,,,,,,,
143,대구,1991-05-14,21.6,12.7,531,30.4,1540,,,,,,,8.1,320,1611,6.8,230,1800,2,1705,50,7.9,15,1646,45.8,10.7,1009.3,1018.9,20,1012.9,1801,1016.4,14,11.4,1200,3.11,24.24,,,,,,2,.3,26.8,6.7,,,,,,,,,,,,,{박무}0715-{박무}{강도0}0900-1030.,
143,대구,1991-05-15,22.3,16.1,432,29.2,1435,.28,0,,0,,0,9.5,230,1609,6.7,250,1420,2.7,2309,200,11.3,32,1421,51.5,13.6,1001.9,1015.3,0,1003.5,1810,1009,14,9.6,1200,2.96,21.63,,,,,,4.8,4,28,10,,,,,,,,,,,,,{비}0504-0521.  {박무}0725-{박무}{강도0}0900-0930.  {번개}{강도0}(NW)2120-2130.,
143,대구,1991-05-16,18.5,13.5,559,25,1419,.63,.2,1550,.3,1543,.3,21.1,290,1547,15,290,1600,5.2,4492,270,8.2,30,1415,52.5,11,998.1,1007,2330,1001.9,1530,1005.3,14.1,9.2,1200,2.83,21.24,,,,,,2.3,3.3,25.5,8.4,,,,,,,,,,,,,{소나기}1543-1621.  {뇌전}{강도0}(E8-10)1552-1558. {폭풍}1550-1600.,
143,대구,1991-05-17,19.2,13.4,601,25.5,1720,,,,,,,13.7,290,1302,9.2,290,1130,4.8,4165,290,7.9,25,1813,50.3,10.7,1000.4,1009.7,2333,1005.5,1641,1007.4,14.1,11.9,1200,3.4,26.2,,,,,,3.5,1.9,26.6,8.8,,,,,,,,,,,,,,
143,대구,1991-05-18,23,11.4,538,34.1,1642,,,,,,,12.9,250,1618,8.3,250,1650,3.7,3192,270,7.5,20,1640,39.3,10.5,1001.9,1010.6,830,1006.2,1620,1008.9,14.1,12.1,1200,3.11,24.41,,,,,,.8,0,28.1,5.9,,,,,,,,,,,,,,
143,대구,1991-05-19,22.8,19.6,500,27.4,1317,,,,,,,8.9,250,1409,6.2,250,1410,2.7,2367,320,14.1,45,0,58.3,16.2,1004.7,1015.5,2400,1009.8,0,1011.8,14.1,3.9,1100,1.74,11.75,,,,,,9.5,8,25.2,14.4,,,,,,,,,,,,,,
143,대구,1991-05-20,20.8,16.9,553,26.4,1309,,,,,,,13.1,90,1401,9,90,1440,5.4,4634,110,10.2,33,1405,53,12.6,1008.7,1017.7,908,1013.8,1800,1015.8,14.2,8.1,1200,3.33,21.21,,,,,,8.8,4,26,13,,,,,,,,,,,,,,
143,대구,1991-05-21,22.6,14.3,430,31,1601,,,,,,,6,90,1556,4.3,90,2040,1.9,1629,90,12.4,37,1054,53.5,14.7,1003.4,1014.7,0,1006.8,1705,1010.4,14.2,11,1200,3.21,24.49,,,,,,3.8,2,30.3,9.9,,,,,,,,,,,,,,
143,대구,1991-05-22,24.9,17.3,503,34,1610,,,,,,,7,90,1819,5.5,70,1840,2.7,2340,250,12.1,23,1518,49.8,14.3,999.7,1010.1,2330,1003.8,1500,1006.7,14.2,12.1,1100,3.1,24.61,,,,,,.5,.1,31.5,11.9,,,,,,,,,,,,,{박무}0430-{박무}{강도0}0600-0840.,
143,대구,1991-05-23,19.7,16.1,2400,23.1,0,,,,,,,15.9,110,1010,10.8,110,1140,6.8,5871,110,12.4,41,0,63,14.4,1005.2,1014.3,844,1009.6,207,1012.2,14.2,11,1200,3.28,25.13,,,,,,4.3,3.6,27.4,12.7,,,,,,,,,,,,,,
143,대구,1991-05-24,17.1,15.5,621,18.5,2130,9.47,.5,1426,.6,1426,1.2,10.4,110,11,8,110,20,2.9,2503,110,13.9,71,0,82,16,1003.2,1012.3,908,1008,1616,1010.4,14.3,0,1400,.49,2.95,,,,,,10,7.3,19.2,14,,,,,,,,,,,,,{비}0507-{비}{강도0}0600-0628.  {비}0823-0845.  {비}0945-{비}{강도0}1200-1335.            {비}1425-{비}{강도0}1500-1545.  {비}1735-{비}{강도0}1800-1920.  {비}2230-2320.            {박무}0610-{박무}{강도0}0900-{박무}{강도0}1200-{박무}{강도0}1500-{박무}{강도1}1800-{박무}{강도1}2100-{박무}{강도1}2400-,
143,대구,1991-05-25,16.7,14,2333,18.6,2,13.4,1,757,2.6,730,3.4,13.6,90,1159,8.7,90,1130,5.1,4372,110,13.2,73,1101,79.8,15.3,1004,1012.8,1143,1009,430,1011.2,14.3,0,1000,.33,2.28,,,,,,10,5.5,17.7,13.5,,,,,,,,,,,,,-{박무}-{박무}{강도1}0300-{박무}{강도0}0600-{박무}{강도0}0900-{박무}{강도0}1200-{박무}{강도0}1500-{박무}{강도0}1800-{박무}{강도0}2100-   {박무}{강도0}2400-  {비}0725-{비}{강도0}0900-{비}{강도0}1200-{비}{강도0}1500-{비}{강도0}1800-2012.           {비}2313-2350.,
143,대구,1991-05-26,13.9,12.5,2348,15.2,1531,16.58,5,1242,7.5,1240,13.8,12,90,1913,8.2,110,710,4.6,4012,110,11,76,2219,82.5,13.2,1002.3,1014.2,2400,1007.4,1420,1009.6,14.3,0,1100,.4,2.09,,,,,,10,4.6,15,12,,,,,,,,,,,,,-{박무}-{박무}{강도0}0300-{박무}{강도0}0600-{박무}{강도0}0900-{박무}{강도0}1200-{박무}{강도0}1500-{박무}{강도0}1800-{박무}{강도0}2100-   2210.  {비}0105-{비}{강도0}0300-0546.  {비}0838-{비}{강도0}0900-{비}{강도0}1200-1220.          {비}1240-{비}{강도0}1500-{비}{강도0}1800-2052.,
143,대구,1991-05-27,15.6,11.6,420,21.2,1404,3.3,.1,415,.1,400,.1,14.1,90,1314,8.7,110,1550,4.4,3764,110,5,25,1623,53.5,9,1009.6,1019,2210,1014.2,0,1016.8,14.3,7.5,1200,3.46,22.14,,,,,,7,2.8,18.8,6,,,,,,,,,,,,,{비}0203-{비}{강도0}0300-0521.,
143,대구,1991-05-28,15.6,8.1,540,21.5,1337,,,,,,,13,110,1423,9.8,110,1440,4.4,3802,90,4.7,31,1549,50.5,8.6,1011.3,1020.3,649,1016.7,1425,1018.6,14.3,13.1,1200,3.46,27.75,,,,,,0,.3,21.7,3.2,,,,,,,,,,,,,,
143,대구,1991-05-29,16.8,10.1,530,23.8,1345,,,,,,,13,90,1830,9.2,90,1940,4.2,3590,90,9.4,41,1331,63.3,11.8,1011.2,1020.6,638,1016.7,1615,1018.4,14.4,11.5,1200,3.33,26.22,,,,,,2.8,1.4,24,7.1,,,,,,,,,,,,,,
143,대구,1991-05-30,16.6,11.3,555,22.4,1231,,,,,,,9.2,110,2157,6.5,110,1720,4.3,3695,110,7.5,30,1340,57.5,10.5,1010.4,1020.2,617,1014.9,1640,1017.6,14.4,6.6,1100,3.07,18.67,,,,,,8.5,4.8,21.3,9.1,,,,,,,,,,,,,{달무리}0120-0340.,
143,대구,1991-05-31,19.3,11.9,530,27.4,1551,,,,,,,9.1,140,1940,6.8,140,1940,3.1,2642,90,9.2,24,1609,55.5,11.7,1005.9,1015.4,0,1009.8,1810,1013.1,14.4,12.7,1100,3.24,26.5,,,,,,1.3,2.5,26.5,6.8,,,,,,,,,,,,,,
143,대구,1991-06-01,17.4,14.6,509,19.1,1440,13.58,.9,2120,3.1,2120,14,5.3,110,3,4.5,110,10,1.8,1558,270,14.8,74,1030,84.5,16.9,1005,1014.1,605,1009.6,2355,1012.1,14.4,0,1300,.63,4.47,,,,,,10,7.1,19,12,,,,,,,,,,,,,{박무}0430-{박무}{강도0}0600-{박무}{강도0}0900-{박무}{강도0}1200-{박무}{강도0}1500-{박무}{강도0}1800-{박무}{강도0}2100-{박무}{강도0}2400-{비}1025-{비}{강도0}1200-{비}{강도0}1500-{비}{강도0}1800-{비}{강도0}2100-{비}{강도0}2400-,
143,대구,1991-06-02,18.5,16.3,511,21.2,1609,8.4,1.4,210,6.3,120,17.2,7.2,90,1849,5.2,90,1850,1.6,1417,110,14.7,65,1846,79.3,16.8,1001.1,1009.6,0,1007.4,1600,1008.2,14.4,0,1100,1.07,6.16,,,,,,10,5.4,19.7,16.2,,,,,,,,,,,,,-{박무}-{박무}{강도0}0300-{박무}{강도0}0600-{박무}{강도0}0900-{박무}{강도0}1200-{박무}{강도0}1500-{박무}{강도0}1800-{박무}{강도0}2100- {박무}{강도0}2400- -{비}-{비}{강도0}0300-0536. {비}0752-0820. {비}0940-1130. {비}1450-{비}{강도0} 1500-1520.,
143,대구,1991-06-03,18.4,17.2,654,20.8,1240,16.17,.9,821,2.9,747,13.1,5.4,110,1121,4.7,110,1130,2.1,1848,110,16.1,74,1245,86.3,18.3,999.8,1008.8,2223,1005.3,1215,1006.9,14.4,0,1100,1.52,4.96,,,,,,10,5.3,19,17.1,,,,,,,,,,,,,-{박무}-{박무}{강도0}0300-{박무}{강도0}0600-{박무}{강도0}0900-{박무}{강도0}1200-{박무}{강도0}1500-{박무}{강도0}1800-{박무}{강도0}2100- {박무}{강도0}2400- {비}0220-{비}{강도0}0300-{비}{강도0}0600-{비}{강도0}0900-{비}{강도0}1200-{비}{강도0}1500-1730. {비}1830-1930.,
143,대구,1991-06-04,22.9,17.3,522,29,1501,,,,,,,8.7,270,1234,6.5,290,1510,3.5,2984,270,14.7,43,1520,61.5,16.8,1003.7,1013.3,850,1008.7,0,1010.7,14.5,10.9,1200,3.1,22.57,,,,,,6.5,1,24.9,15,,,,,,,,,,,,,-{박무}-{박무}{강도0}0300-{박무}{강도0}0600-{박무}{강도0}0900-1130.,
143,대구,1991-06-05,24.4,18.9,550,30.3,1630,,,,,,,7.7,250,1227,5,290,1720,3.1,2645,270,14.3,34,1625,55.5,16.4,1004.4,1012.8,918,1009.3,1642,1011.3,14.5,10.2,1000,2.5,19.63,,,,,,4.8,1.5,26.5,14.9,,,,,,,,,,,,,{박무}0040-{박무}{강도0}0300-{박무}{강도0}0600-0830.,
143,대구,1991-06-06,25.2,19.3,549,31.6,1655,,,,,,,8.4,90,2046,6.3,110,1830,2.8,2448,290,14.2,32,1506,52.3,16.3,1003.4,1012.4,2330,1007.8,1700,1010.4,14.5,11.7,1100,2.85,22.97,,,,,,4.3,.6,29.2,15.9,,,,,,,,,,,,,{박무}0610-0830.,
143,대구,1991-06-07,23.8,15.9,516,30.8,1526,,,,,,,7.5,110,1709,5.7,90,1800,2.9,2491,90,13.1,30,1051,52.8,15.1,1006.6,1015.4,2400,1011.6,1650,1013.6,14.5,11.4,1200,3.2,24.36,,,,,,1.8,1.6,29.5,12.4,,,,,,,,,,,,,,
143,대구,1991-06-08,23.6,16.7,544,30.9,1346,,,,,,,7.6,160,1443,6.5,160,1740,3.4,2925,160,15.6,35,1330,62.3,17.8,1008.6,1017.6,730,1013.9,1618,1015.6,14.5,9.6,1000,2.83,20.98,,,,,,4.3,2.1,28.3,13.1,,,,,,,,,,,,,{박무}0220-{박무}{강도0}0300-{박무}{강도0}0600-{박무}{강도0}0900-0939. {박무}1810-{박무}{강도0}2100-{박무}{강도0}2400-,
143,대구,1991-06-09,22.4,20.3,730,24.2,0,16.33,3.1,658,10.2,750,55.4,7.8,110,631,6.3,110,740,2.8,2422,110,19.3,71,0,82.5,22.4,1004.4,1015,0,1007.4,1716,1011.4,14.5,0,1300,.45,2.88,,,,,,9.8,7,23.1,20.1,,,,,,,,,,,,,-{박무}-{박무}{강도0}0300-{박무}{강도0}0600-{박무}{강도0}0900-{박무}{강도0}1200-1430. {비}0310-{비}{강도0}0600-{비}{강도1}0900-{비}{강도1}1200-{비}{강도0}1500-{비}{강도0}1800-1930.,
143,대구,1991-06-10,25.9,21.3,537,31.6,1631,,,,,,,7,270,1240,4.7,270,1440,2.7,2296,270,19.2,47,1626,67.5,22.2,1004.5,1013.4,926,1008.7,1830,1011.4,14.5,10.5,1200,2.96,21.61,,,,,,4,2,27.6,18.8,,,,,,,,,,,,,,
143,대구,1991-06-11,26.8,22,530,32.1,1342,1.58,.3,2000,.5,1920,.5,18.7,200,1711,12,200,1740,4.7,4037,230,19.9,44,1343,67.3,23.3,1000.1,1011.7,0,1002,1745,1006.9,14.5,5.4,1200,3.31,17.78,,,,,,6.5,3.6,28.8,20.6,,,,,,,,,,,,,{박무}0620-0830.{소나기}1530-1540. {소나기}1855-20200.,
143,대구,1991-06-12,28.1,24.7,322,31.7,1534,.33,0,,.1,,.1,13.9,250,1410,10.5,230,1050,6,5181,250,18.6,39,2230,57,21.6,996.4,1005.3,2400,1002.1,1630,1003.3,14.6,10.4,1200,3.07,23.36,,,,,,5.5,4.3,31.3,21.4,,,,,,,,,,,,,{소나기}0220-0240.,
143,대구,1991-06-13,25.3,21.3,754,31.3,1629,,,,,,,10.1,290,1140,7.7,290,1200,3.6,3078,290,14.7,34,1647,52.3,16.7,999.5,1008.4,2344,1004.6,1750,1006.5,14.6,9.3,1200,3.42,24.12,,,,,,5,3,29.6,18.9,,,,,,,,,,,,,,
143,대구,1991-06-14,25.7,19.1,559,32.1,1714,,,,,,,6,90,1930,4.7,110,2230,2.1,1787,90,15.8,30,1739,55.3,18,1000.5,1009.1,845,1005.6,1853,1007.4,14.6,8.8,1200,3.21,22.1,,,,,,2.5,2.9,29.1,14.7,,,,,,,,,,,,,,
143,대구,1991-06-15,21.6,18.1,2400,25.3,1203,,,,,,,10.8,90,1130,8.3,90,1130,4.9,4248,110,15.4,48,1113,68.5,17.5,998.7,1007,0,1003.6,1913,1005.6,14.6,3.7,1100,1.85,12.14,,,,,,7.5,5.1,24.2,14.8,,,,,,,,,,,,,{박무}0630-0830.,
143,대구,1991-06-16,21.7,14.9,430,27.3,1503,,,,,,,7.3,110,820,6,110,840,2.5,2164,90,14.4,42,1508,65.3,16.5,999.4,1007.4,900,1004.9,1623,1006.5,14.6,8.3,1200,2.9,19.52,,,,,,6,5.3,27.2,12.2,,,,,,,,,,,,,,
143,대구,1991-06-17,25.2,19.7,429,31.6,1502,,,,,,,8,340,1524,5.7,340,1720,2.7,2352,320,15.5,34,1508,57,17.6,997.8,1005.8,0,1002.4,1759,1004.7,14.6,9.4,1100,3.21,23.78,,,,,,4.8,2.3,31.2,15.9,,,,,,,,,,,,,{박무}0430-{박무}{강도0}0600-{박무}{강도0}0900-0940.,
143,대구,1991-06-18,25.2,20.2,600,31,1602,,,,,,,6.3,90,1403,5,270,150,2.7,2356,90,15.6,30,1624,57,17.8,998.9,1007.4,834,1004,1459,1005.8,14.6,6.6,1200,3.11,19.94,,,,,,8.8,5,28.7,17.8,,,,,,,,,,,,,{박무}0630-{박무}{강도0}0900-1110.,
143,대구,1991-06-19,23,20.2,459,26.2,1430,,,,,,,5.1,90,1345,4,90,1350,2.2,1870,90,16.9,61,1230,68.5,19.3,999.3,1007.2,903,1005.1,1715,1006.3,14.6,0,1300,1.41,7.82,,,,,,9.3,8.3,25.6,17.2,,,,,,,,,,,,,{박무}0430-{박무}{강도0}0600-{박무}{강도0}0900-{박무}{강도0}1200-{박무}{강도0}1500-{박무}{강도0}1800-{박무}{강도0}2100-{박무}{강도0}2400-,
143,대구,1991-06-20,25.1,20.1,600,30.6,1649,,,,,,,6.7,290,1121,4.2,290,1520,2.5,2174,320,14.8,34,1245,55,17.1,998.3,1006.8,837,1003.1,1750,1005.2,14.6,9.6,1100,3,22.07,,,,,,5.8,3.5,30.3,16.8,,,,,,,,,,,,,-{박무}-{박무}{강도0}0300-0430.,
143,대구,1991-06-21,26.5,20.6,609,33,1546,,,,,,,7.2,250,1039,4.7,320,1700,2.6,2287,270,15.6,29,1508,54.3,17.9,998.7,1007,900,1003.8,1800,1005.7,14.6,11.1,1200,3.25,25.43,,,,,,2.3,1,34.2,15.9,,,,,,,,,,,,,{박무}0330-{박무}{강도0}0600-{박무}{강도0}0900-1030.,
143,대구,1991-06-22,26.3,20.5,543,33,1501,,,,,,,7.6,110,2046,5.3,110,1940,2.2,1942,110,16.1,35,1500,55.3,18.3,996.8,1006.2,0,1000.3,1715,1003.7,14.6,9.9,1200,2.87,20.04,,,,,,3,.6,32.4,15.8,,,,,,,,,,,,,{박무}0420-{박무}{강도0}0600-0830.,
143,대구,1991-06-23,22.5,19.5,538,26.3,1504,,,,,,,13.5,90,1432,8.3,90,1510,5.9,5140,90,17.3,59,1402,72.3,19.7,996.4,1005.5,2225,1002.2,1615,1003.3,14.6,8.2,1300,2.78,21.11,,,,,,6.5,.9,29,16.7,,,,,,,,,,,,,{박무}0230-{박무}{강도0}0300-0430.  {박무}0730-{박무}{강도0}0900-{박무}{강도0}1200-{박무}{강도0}1500-{박무}{강도0}1800-{박무}{강도0}2100-{박무}{강도0}2400-,
143,대구,1991-06-24,23.1,17.6,550,29,1451,,,,,,,10.5,90,1850,8,90,1720,4,3447,110,15.9,44,1328,65.5,18,1000.7,1011.3,2200,1005.4,0,1007.6,14.6,7.1,1300,2.9,23.43,,,,,,5,3.5,30.2,14.1,,,,,,,,,,,,,-{박무}-{박무}{강도0}0300-{박무}{강도0}0600-0830.,
143,대구,1991-06-25,23.3,19.2,550,28.1,1503,,,,,,,9.2,90,1605,7.8,140,1100,4.4,3764,90,16.1,47,1535,64.8,18.3,1005.7,1015.1,2337,1011.1,0,1012.8,14.6,5,1400,2.74,19.36,,,,,,7,3.9,31.3,16.2,,,,,,,,,,,,,,
143,대구,1991-06-26,24.5,19.2,537,30.4,1620,8.08,.5,340,1.7,300,3.5,7.6,270,1451,5.7,290,1550,2.7,2367,110,18.2,48,1515,70,20.9,1005.3,1014.4,0,1010.2,1802,1012.3,14.6,8.9,1400,2.59,19.96,,,,,,8.3,5.4,30.1,19.1,,,,,,,,,,,,,{비}0005-{비}{강도0}0300-{비}{강도0}0600-0810. {박무}0330-{박무}{강도0}0600-{박무}{강도0}0900-{박무}{강도0}1200-1320.,
143,대구,1991-06-27,27,22.1,509,32.3,1502,,,,,,,9.5,250,1643,8,250,1520,3,2583,230,18.9,41,1356,63.3,21.9,1003.8,1012.8,730,1007.9,1645,1010.7,14.6,7.5,1200,2.21,18,,,,,,6.5,4.8,32.3,20.8,,,,,,,,,,,,,{박무}0430-{박무}{강도0}0600-{박무}{강도0}0900-1030.,
143,대구,1991-06-28,27.1,22.2,540,33.8,1605,.17,.1,1820,.1,,.1,12.1,200,1756,8.7,200,1800,3.3,2877,250,20.3,45,1533,67.5,23.8,1001.9,1010.5,742,1006,1643,1008.8,14.6,5.9,1400,2.96,16.19,,,,,,5.8,4.4,32.2,19.6,,,,,,,,,,,,,{박무}0320-{박무}{강도0}0600-{박무}{강도0}0900-1030.  {소나기}1820-1830.,
143,대구,1991-06-29,27.4,25.3,2357,29.6,1803,4.58,.3,1120,.6,1050,.8,13.5,230,837,7.8,230,1710,3.3,2833,250,20.7,58,1620,67.5,24.5,997.5,1007.4,0,1002,1623,1004.4,14.6,.8,1400,1.39,8.39,,,,,,9.3,3.9,28.1,22.7,,,,,,,,,,,,,{비}0930-{비}{강도0}1200-1405.,
143,대구,1991-06-30,26.6,23.5,550,30.7,1515,,,,,,,6.6,160,1608,4.5,160,1610,1.8,1552,180,21.2,55,1450,73.5,25.2,997.9,1006.6,845,1003.1,1720,1004.7,14.6,.8,1200,1.76,9.04,,,,,,9.8,6.9,29.6,22.3,,,,,,,,,,,,,{박무}0430-{박무}{강도0}0600-{박무}{강도0}0900-{박무}{강도0}1200-{박무}{강도0}1500-1730.,
143,대구,1991-07-01,23.9,21.4,2358,28,1732,13.42,12.9,1920,14,1905,17.4,9.2,20,1907,8,20,1920,2.1,1777,270,20.4,56,1650,80.8,24,996.6,1005.9,2137,1002.1,1720,1003.5,14.6,0,1300,1.08,7.32,,,,,,8.3,5.1,24.9,19.6,,,,,,,,,,,,,{비}0010-0040.{비}0125-{비}{강도0}0300-{비}{강도0}0900-{비}{강도0}1200-1330.{박무}0330-{박무}{강도0}0600{박무}{강도0}0900-{박무}{강도0}1200-1330.{박무}2230-{박무}{강도0}2400-{소나기}1905-1955.{뇌전}{강도0}(NE5-10)1910-{천둥}{강도0}(E)1915-1920.,
143,대구,1991-07-02,22.2,20.6,257,24.9,1535,1.42,.1,1215,.1,1155,.1,9.2,90,1807,6.3,90,1820,3.4,2916,90,18.2,67,1543,78,20.9,999.5,1008.3,2259,1005,1517,1006.6,14.6,.6,1500,1.4,6.46,,,,,,9.8,6.5,23,19.2,,,,,,,,,,,,,{비}1155-{비}{강도0}1200-1240.{비}1340-1420.-{박무}-{박무}{강도0}0300-{박무}{강도0}0600-{박무}{강도0}0900-{박무}{강도0}1200-{박무}{강도0}1500-{박무}{강도0}1800-{박무}{강도0}2100-{박무}{강도0}2400-,
143,대구,1991-07-03,24.7,20.3,525,29.8,1341,,,,,,,6.1,110,1414,4.7,110,1650,2.6,2212,90,17.9,46,1340,67,20.6,1001.2,1009.6,739,1007,1735,1008.1,14.5,5.7,1100,3.02,18.71,,,,,,8,6.4,27.9,18.1,,,,,,,,,,,,,-{박무}-{박무}{강도0}0300-{박무}{강도0}0600-{박무}{강도0}0900-1040.,
143,대구,1991-07-04,21.6,20.5,2142,23.1,0,18.42,1.6,1902,4.4,2046,17.6,7.9,110,517,6,110,530,2.8,2431,90,18.7,76,0,83.8,21.6,996.8,1007.6,10,1001.6,1658,1003.8,14.5,0,1200,.73,3.93,,,,,,10,6.5,22.3,20.4,,,,,,,,,,,,,{박무}0420-{박무}{강도0}0600-{박무}{강도0}0900-{박무}{강도0}1200-1230.{박무}1930-{박무}{강도0}2100-{박무}{강도0}2400{비}0335-{비}{강도0}0600-0730.{비}0930-{비}{강도0}1200-{비}{강도0}1500-{비}{강도0}1800-{비}{강도0}2100-{비}{강도0}2400,
143,대구,1991-07-05,24.9,20.2,300,31.4,1628,.75,0,,.1,0,.1,6.4,250,1942,5.3,250,1850,1.7,1431,250,18.2,38,1648,68,20.9,997.5,1007.8,2400,1002.5,300,1004.4,14.5,4,1100,2.62,20.24,,,,,,7,3.8,27.4,20.1,,,,,,,,,,,,,-{비}-0045.-{박무}-{박무}{강도0}0300-{박무}{강도0}0600-{박무}{강도0}0900-0950.,
143,대구,1991-07-06,27.2,21.7,557,32.9,1600,,,,,,,6.1,90,2101,5,160,1940,2.3,1987,90,19.1,35,1607,63,22.1,1000.2,1008.4,829,1005.7,1526,1007.1,14.5,9,1000,2.58,20.77,,,,,,5.8,4.4,30.3,18.3,,,,,,,,,,,,,{박무}0420-{박무}{강도0}0600-{박무}{강도0}0900-{박무}{강도0}1200-1430.,
143,대구,1991-07-07,22.3,20.1,835,26.7,1715,12,4,702,10,812,41,11.2,250,1800,8,90,1050,4.1,3540,110,19.4,62,1707,83.5,22.6,993.8,1007.3,0,991.7,1710,1000.8,14.5,.5,1500,1.15,4.98,,,,,,9.5,6.1,22.9,19.3,,,,,,,,,,,,,{박무}0330-{박무}{강도0}0600-{박무}{강도0}0900-{박무}{강도0}1200-1330.{박무}1730-{박무}{강도0}1800-2030.{비}0440-{비}{강도0}0600{비}{강도1}0900-{비}{강도0}1200-1420.{비}1810-2030.,
143,대구,1991-07-08,21.8,19.1,628,25.1,1159,10.35,1.3,2030,3.5,2030,7.9,7,290,35,4.7,290,40,1.8,1555,320,17.7,56,1207,78,20.3,1001.2,1009.9,2136,1002.6,0,1008.2,14.5,2.7,900,1.34,8.08,,,,,,7.3,5.6,23.5,16.3,,,,,,,,,,,,,{비}1110-1120.{비}1159-{비}{강도0}1200-{비}{강도0}1500-{비}{강도0}1800-1820.{비}2010-{비}{강도0}2100-{비}{강도0}2400-{박무}1620-{박무}{강도0}1800-{박무}{강도0}2100-{박무}{강도0}2400-,
143,대구,1991-07-09,21.8,20.4,130,24.4,1302,13.58,10.3,2253,12,2207,25.4,7.9,270,2247,4.3,180,2250,1.3,1095,360,19.3,74,1303,85.5,22.3,1000.7,1008.6,1520,1006.3,2244,1007.7,14.5,0,1200,1.16,4.61,,,,,,10,6.6,22.9,20.3,,,,,,,,,,,,,-{박무}-{박무}{강도0}0300-{박무}{강도0}0600-{박무}{강도0}0900-{박무}{강도0}1200-{박무}{강도0}1500-{박무}{강도0}1800-{박무}{강도0}2100-{박무}{강도0}2400- -{비}-0250.{비}0450-0550.{비}1020-{비}{강도0}1200-{비}{강도0}1500-{비}{강도0}1800-1820.{비}2145-{소나기}2243-{비}2310-2330.{번개}{강도0}(NW)2245.{번개}{강도0}(N)2255.,
143,대구,1991-07-10,22.3,21.3,1020,24.2,1630,12,7.5,418,21.3,349,66.5,7.1,290,820,5.3,290,830,1.4,1193,320,19.9,79,1557,86.3,23.2,999.9,1009.3,2254,1004.8,357,1006.9,14.5,0,1300,.8,4.11,,,,,,8.5,7.5,23.2,20.2,,,,,,,,,,,,,{비}0130-0230.{비}0330-{비}{강도1}0600-{비}{강도1}0900-{비}{강도0}1200-1430.-{박무}-{박무}{강도0}0300-{박무}{강도0}0600-{박무}{강도0}0900-{박무}{강도0}1200-{박무}{강도0}1500-{박무}{강도0}1800-{박무}{강도0}2100-{박무}{강도0}2400-,
143,대구,1991-07-11,22.1,19,2400,25.8,1503,8.92,6.9,2305,14.6,2300,36,10.3,270,2008,6,140,2150,2.3,1965,250,18.7,63,1513,81.5,21.6,1002.7,1011.5,734,1007.3,2346,1009.7,14.4,0,1300,1.05,6.75,,,,,,10,7.8,23.7,17.8,,,,,,,,,,,,,{비}1505-{비}{강도0}1800-{소나기}2010-{소나기}{강도1}2100-{소나기}{강도1}2400--{박무}-{박무}{강도0}0300-{시정(미만)}{1km}{안개}0530{안개}{강도0}0600-{시정(이상)}{1km}{박무}0710-{박무}{강도0}0900-{박무}{강도0}1200-{박무}{강도0}1500-{박무}{강도0}1800-{박무}{강도0}2100-{박무}{강도0}2400-{뇌전}{강도0}(N5-8)2018-{뇌전}{강도0}(N{이동}NE3-4)2025-{뇌전}{강도0}(NE{이동}SE3-4)2028-{뇌전}{강도0}(SE{이동}S5-10)2040.{뇌전}{강도0}(NW5-8)2235-{뇌전}{강도1}(NW{이동}N2-3)2250-{뇌전}{강도1}(N{이동}NE2-3)2305-{뇌전}{강도1}(NE{이동}S2-3)2320-{뇌전}{강도0}(s{이동}SW4-5)2328-2338.,1.67
143,대구,1991-07-12,21.1,19,0,23.8,1629,5.67,1.9,507,3.6,447,6.7,6.3,110,1850,4.7,110,1850,1.8,1586,140,17.8,71,1644,81.5,20.3,999.8,1010.5,2400,1004.4,700,1006.8,14.4,0,1300,.97,5.37,,,,,,10,8.4,22.7,18.8,,,,,,,,,,,,,-{소나기}-0130.{비}0430-{비}{강도0}0600-0840.-{박무}-{박무}{강도0}0300-{박무}{강도0}0600-{박무}{강도0}0900-{박무}{강도0}1200-1440.,
143,대구,1991-07-13,24.3,19.9,623,29,1501,,,,,,,5.7,140,1433,3.8,110,1840,2,1711,90,18.6,46,1308,72,21.5,1004.9,1013,2343,1010.5,0,1011.8,14.4,8,1200,2.95,20.79,,,,,,8.5,6.3,26.9,18.9,,,,,,,,,,,,,{박무}0440-{박무}{강도0}0600-{박무}{강도0}0900-1030.{박무}1930-{박무}{강도0}2100-{박무}{강도0}2400,
143,대구,1991-07-14,25.9,21,625,31.4,1433,,,,,,,5.6,230,1337,4.3,270,1710,2.1,1796,270,19.2,43,1553,67.8,22.2,1005.6,1014.2,713,1009.7,1802,1012.5,14.4,7.6,1200,3.11,21.7,,,,,,9.3,4.5,28.8,18.1,,,,,,,,,,,,,-{박무}-{박무}{강도0}0300-{박무}{강도0}0600-{박무}{강도0}0900-{박무}{강도0}1200-1230.,
143,대구,1991-07-15,24.2,23.1,2350,25.7,1307,14.67,1.2,1000,4.7,910,16.7,4.8,90,1716,3.5,90,1620,1.6,1366,90,21.6,76,1254,85.5,25.7,1002.7,1013.4,20,1006.1,2400,1009.6,14.4,0,1100,.9,4.47,,,,,,10,6.1,24.6,20.9,,,,,,,,,,,,,{박무}0320-{박무}{강도0}0600-{박무}{강도0}0900-{박무}{강도0}1200-{박무}{강도0}1500-1740.{박무}2130-{박무}{강도0}2400{비}0820-{비}{강도0}0900-{비}{강도0}1200-{비}{강도0}1500-{비}{강도0}1800-1830.{비}1930-{비}{강도0}2100-{비}{강도0}2400,
143,대구,1991-07-16,26.1,22.7,212,31.1,1449,.83,0,,.1,610,.1,8.6,290,943,6.5,270,1050,2.7,2290,320,20.9,49,1442,74.5,24.7,1000.1,1008.2,2230,1005,355,1007,14.4,5.6,1300,3.24,17.28,,,,,,7,4.4,27.6,21.2,,,,,,,,,,,,,-{비}-0015.{비}0610-0645.-{박무}-{박무}{강도0}0300-0520.,
143,대구,1991-07-17,26.3,22.1,2348,31.6,1642,4.42,3,2130,8.9,2110,13.2,8,110,2043,5.5,270,1700,2.2,1934,110,21.6,59,1400,75.8,25.7,1001.2,1010.5,2305,1007,1520,1008.1,14.3,3.7,1300,2.12,12.79,,,,,,7.3,3.9,28.1,20.4,,,,,,,,,,,,,{소나기}1855-{비}2050-{비}{강도0}2100-2320.{박무}0730-{박무}{강도0}0900-0930.,
143,대구,1991-07-18,21.8,20.2,2330,23,1420,9.42,4.6,751,8.8,710,16.5,8.1,110,541,7,110,550,3.6,3123,110,19.2,80,1500,85.3,22.2,1004.5,1014.5,2400,1009.9,343,1011.6,14.3,0,1400,.51,3.36,,,,,,10,5.3,22.8,20.1,,,,,,,,,,,,,{비}0440-{비}{강도0}0600-{비}{강도0}0900-0930.{비}1120-{비}{강도0}1200-1350.{비}2035-{비}{강도0}2100{박무}0610-{박무}{강도0}0900-0920.{박무}1110-{박무}{강도0}1200-{박무}{강도0}1500-{박무}{강도0}1800-{박무}{강도0}2100-{박무}{강도0}2400,
143,대구,1991-07-19,24.7,20.2,0,30.7,1801,,,,,,,7.3,230,1544,6.5,230,1600,2.5,2201,140,20.6,58,1602,78.5,24.4,1006.1,1015.1,1000,1010.4,1758,1013,14.3,3.2,1100,2.19,12.74,,,,,,7.5,4.4,26.1,20.1,,,,,,,,,,,,,-{박무}-{박무}{강도0}0300-{박무}{강도0}0600-{박무}{강도0}0900-{박무}{강도0}1200-1430.,
143,대구,1991-07-20,27.6,22.8,2055,34.2,1510,3.6,15,1551,41.5,1542,43.6,12.3,20,1546,10,50,1600,3.1,2703,250,21.9,47,1504,72.8,26.3,1004.8,1013.6,2100,1009.7,1553,1011.8,14.3,6.8,1100,3.1,17.28,,,,,,6.3,4.6,28.4,20.2,,,,,,,,,,,,,{천둥}{강도0}(NE)1515-{천둥}{강도1}(N)1520-{뇌전}{강도1}(N{이동}NE3-4)1545-{뇌전}{강도1}(NE{이동}N2-3)1548{뇌전}{강도2}(N{이동}Z1-2)1550-{뇌전}{강도2}(Z{이동}SE2-3)1600-{뇌전}{강도1}(SE{이동}E3-4)1610-{천둥}{강도1}(S)1620-{천둥}{강도1}(SE)1635-1650.{천둥}{강도0}(NW)1745-{뇌전}{강도1}(NW{이동}N3-4)1758-{뇌전}{강도1}(N{이동}Z1-2)1800-{뇌전}{강도1}(Z{이동}E3-4)1815-{천둥}{강도0}(S)1820-{천둥}{강도0}(SE)1832-1845.{소나기}1542-1638.{소나기}1750-{소나기}{강도0}1800-1930.{비}2110-2210,
143,대구,1991-07-21,25.8,22.9,0,30.6,1133,4.83,.3,1620,.6,1550,1.3,8.2,250,1143,6.3,250,1210,1.4,1247,230,23.1,59,1138,85,28.3,1003.1,1011.8,136,1008.6,1806,1010,14.3,2,1100,1.93,7.38,,,,,,7.8,4.4,27.5,21.6,,,,,,,,,,,,,{소나기}0955-1020.{소나기}1245-{비}1420-{비}{강도0}1500-{소나기}1515-1710.{천둥}{강도0}(NE)1520-{천둥}{강도0}(N)1530-{천둥}{강도1}(NW)1535-{천둥}{강도1}(W)1550-1610.,
143,대구,1991-07-22,29.2,24.6,537,34.7,1630,,,,,,,11.7,230,1228,7.7,250,1410,3.8,3240,230,22.4,48,1630,67.8,27.2,1000.1,1008.8,0,1004.4,1750,1006.9,14.2,10.8,1300,3.17,22.97,,,,,,4.3,2.9,30.4,22.6,,,,,,,,,,,,,,
143,대구,1991-07-23,30.1,26.8,542,32.9,1427,.42,0,,.1,1245,.1,12,230,101,8.5,270,210,5,4336,250,22.3,54,1005,63.3,27,1000.2,1009,2400,1005.6,325,1007,14.2,5,1300,2.19,13.97,,,,,,5.8,4.8,29.7,23.8,,,,,,,,,,,,,{소나기}1245-1310.,
143,대구,1991-07-24,29.7,26.9,300,33.2,1525,,,,,,,11.6,230,1803,8.3,250,1410,5.1,4446,250,21.6,49,1234,62.5,25.8,1001.9,1010.3,1100,1004.5,2143,1008.8,14.2,3.7,1200,2.53,16.82,,,,,,9.3,5.5,31.2,24.7,,,,,,,,,,,,,,
143,대구,1991-07-25,28.4,25.3,613,32,1329,2.67,7.6,2103,19.4,2110,20.5,19.9,230,2213,10.3,230,2220,3.9,3399,180,22.1,51,1230,68.8,26.6,996.6,1008,0,996.9,2219,1003.5,14.2,.3,1100,1.93,10.76,,,,,,9.5,5.1,28.8,23.4,,,,,,,,,,,,,{소나기}2040-{소나기}{강도0}2100-2320.{천둥}{강도0}(NE)2130-{뇌전}{강도0}(NE{이동}E2-3)2140-{뇌전}{강도1}(E{이동}SE3-4)2145-2150,
143,대구,1991-07-26,28.6,24,616,33.7,1633,,,,,,,13.8,230,45,8.5,230,30,2.9,2541,320,19.2,38,1537,57.5,22.3,995.7,1005.7,2400,997.4,0,1002.4,14.1,11.9,1200,3.2,25.03,,,,,,3.3,2.5,30.9,21,,,,,,,,,,,,,,
143,대구,1991-07-27,28.9,23.3,540,35,1509,,,,,,,5.1,160,1908,4.7,160,1840,2.2,1912,340,20.7,34,1358,64,24.5,997.8,1006.1,2300,1002.9,1714,1004.6,14.1,9,1200,3.01,21.42,,,,,,3,2.3,32.7,20.7,,,,,,,,,,,,,{박무}0740-0830.,
143,대구,1991-07-28,27.7,25.2,613,32.1,1159,.83,1,1335,1,,1.7,13,90,2208,8.8,90,2200,4.2,3626,90,22.6,59,1600,74.5,27.5,999.4,1007.4,935,1004.3,2400,1006.3,14.1,4.3,1000,2.52,17.2,,,,,,6.8,5.1,29.2,23.6,,,,,,,,,,,,,{비}0810-0825.{소나기}1115-1125.{소나기}1220-1230.{소나기}1330-1345.{박무}1310-{박무}{강도0}15001730.{박무}1830-{박무}{강도0}2100-{박무}{강도0}2400,
143,대구,1991-07-29,26.1,24.8,1059,27.6,1411,8.75,1.1,1050,2.6,1110,6.8,15.2,20,1702,10,70,700,6.5,5604,70,22.3,69,823,79.3,26.9,987.6,1004.3,0,986.6,1801,994.4,14.1,0,800,.74,5.54,,,,,,10,6.5,26.1,23.4,,,,,,,,,,,,,-{박무}-{박무}{강도0}0300-{박무}{강도0}0600-0630.{박무}0930-{박무}{강도0}1200-1340.{박무}1440-{박무}{강도0}1500-1610.{비}0845-{비}{강도0}0900-{비}{강도0}1200-1325.{비}1435-{비}{강도0}1500-1710.{비}1750-{비}{강도0}1800-1920.,
143,대구,1991-07-30,27.9,25,824,32.6,1504,3.5,.7,750,2,750,4,11.1,250,1417,8.2,250,1420,3.4,2944,230,22.7,55,1502,74.8,27.6,992.3,1004.4,2400,995.3,0,999.2,14,5,1300,2.96,14.43,,,,,,8,4.8,28.6,23.7,,,,,,,,,,,,,{비}0730-{비}{강도0}0900-1030.{비}2330-{비}{강도0}2400-{박무}0830-{박무}{강도0}0900-{박무}{강도0}1200-1230.,
143,대구,1991-07-31,23.9,22.7,1517,27.2,0,18.67,8,1448,24.9,1410,82.1,13,270,1445,6.7,290,1500,1.7,1465,110,22,77,1215,89,26.4,999.8,1009.7,2349,1004.3,200,1006.7,14,0,1000,.98,4.11,,,,,,10,5.3,25,22.6,,,,,,,,,,,,,-{비}-0040.{비}0105-{비}{강도1}0300-{소나기}0410-{소나기}{강도0}0600-0610.{비}0810-0850.{비}09150950.{비}1020-1140.{소나기}1210-{소나기}{강도2}1500-{비}1630-{비}{강도0}1800-1850.{비}1930-{비}{강도0}2100-2310.{천둥}{강도0}(S)0415-{뇌전}{강도0}(S{이동}SW7-8)0428-{뇌전}{강도0}(SW{이동}W7-8)0458-{뇌전}{강도0}((S{이동}SE7-8)0600-0605.{천둥}{강도0}(S)1325-{천둥}{강도0}(S{이동}SE4-5)1335-{뇌전}{강도0}(SE{이동}S4-5)1500-{뇌전}{강도0}(S{이동}SE4-5)1540-{천둥}{강도0}(SE{이동}S7-8)1615-1620.{박무}0620-{박무}{강도0}0900-{박무}{강도0}1200-{박무}{강도0}1500-1730.{박무}2030-{박무}{강도0}2100-{박무}{강도0}2400,
143,대구,1991-08-01,25.9,22.3,426,30.6,1624,6.5,6.7,230,25.7,222,53.8,5.6,250,1628,4.3,270,1640,1.6,1397,50,22.3,57,1630,81,27,1002.5,1010.7,1009,1008,311,1009.4,14,.6,1400,2.01,12.05,,,,,,8.5,6.3,27.8,22.2,,,,,,,,,,,,,{천둥}{강도0}(N)0415-{뇌전}{강도0}(N{이동}NE 3-4)0420-{뇌전}{강도1}(NE{이동}E 2-3)0430-0440. {비}0020-{비}{강도2} 0300-{소나기}0405-{비}0505-{비}{강도0}0600-0630. {비}0810-0830. -{박무}-{박무}{강도0}0300-{박무}{강도0}0600- {박무}{강도0}0900-{박무}{강도0}1200-1240.,
143,대구,1991-08-02,28.5,25.5,300,31.9,1324,1.83,1.8,2228,3.2,2228,3.7,13,250,1540,7.7,270,1030,3.9,3376,250,22.6,59,1043,71.3,27.5,1001.2,1009.7,0,1006.1,1700,1008.1,14,1.6,1000,2.19,12.52,,,,,,9.3,6.3,28.6,24,,,,,,,,,,,,,{비}2210-{비}{강도0}2400-,
143,대구,1991-08-03,24.9,22.7,2400,28.4,1233,.67,0,,0,,0,8.4,110,1608,6.3,110,1850,2.8,2377,110,20.3,53,1117,76,23.9,1003.2,1011.1,744,1009,0,1010.2,13.9,1.1,1000,2.32,11.51,,,,,,9.8,4.5,26.3,21.2,,,,,,,,,,,,,-{비}-0040. {박무}1930-{박무}{강도0}2100-{박무}{강도0}2400-,
143,대구,1991-08-04,21.8,20.5,2153,22.7,0,10.5,1,1115,3.1,1057,6,8.2,90,1714,6,70,1650,3.2,2758,110,19,71,1745,84,22,1002.3,1010.5,2330,1007.6,1617,1009.4,13.9,0,1200,.36,2.65,,,,,,10,6,22.5,20.2,,,,,,,,,,,,,{비}0455-{비}{강도0}0600-0630.  {비}0820-{비}{강도0}0900-{비}{강도0}1200-1325.  {비}1410-{비}{강도0}1500-1530. {비}1920-{비}{강도0}2100-2150.  -{박무}-{박무}{강도0}0300-{박무}{강도0}0600-{박무}{강도0}1200-1320.    {박무}1410-{박무}{강도0}1500-1540. {박무}2030-{박무}{강도0}2100-{박무}{강도0}2400-,
143,대구,1991-08-05,21.5,20.3,928,24.3,1548,5,1.5,936,3.4,852,6.8,8.9,90,1751,7,90,1800,2.3,1983,90,18.1,68,1532,81,20.7,1001.5,1010.5,0,1006.9,1504,1008.5,13.9,0,1300,1.4,6.92,,,,,,8.3,6.6,22.4,19.4,,,,,,,,,,,,,{비}0730-{비}{강도0}0900-1120. {비}1220-1250.  {비}1550-1630.  -{박무}-{박무}{강도0}0300-{박무}{강도0}   0600-{박무}{강도0}0900-1140.,
143,대구,1991-08-06,22.4,20,355,27.3,1501,1.22,1,2019,1.5,2015,1.5,10.7,90,1859,8,90,1910,2.4,2112,90,17.5,52,1647,75,20,1002.2,1011,1015,1006.8,1801,1009.2,13.8,3.5,1400,1.85,13.76,,,,,,9.3,4.1,25.6,18.9,,,,,,,,,,,,,{비}0955-1030.  {소나기}2015-2053.,
143,대구,1991-08-07,23.8,18.4,610,30.1,1625,.75,.4,2230,.4,,.4,6.5,110,2025,5.5,110,2030,2.1,1848,110,17,39,1626,67.3,19.4,1001.4,1009.8,820,1006.4,1730,1008.4,13.8,9,1300,2.79,20.8,,,,,,6.5,4.9,27.4,16.6,,,,,,,,,,,,,{소나기}2225-2250. {소나기}2310-2330.  {박무}0040-{박무}{강도0}0300-0525.,
143,대구,1991-08-08,23,20.8,630,27.2,1543,,,,,,,9.4,90,1747,6.3,90,1650,3.8,3290,90,17.1,53,1252,69.8,19.5,1000.5,1009.6,10,1005.9,1810,1007.6,13.8,2.7,1100,2.45,14.8,,,,,,8,5.9,24.4,19,,,,,,,,,,,,,,
143,대구,1991-08-09,20.8,20,1342,21.5,906,16.33,4,1224,11.2,1140,32.8,8.8,90,1013,6.7,90,1020,3.1,2662,110,18.3,80,930,85.3,21,1000.3,1008.3,1215,1005.8,1907,1007.4,13.7,0,1400,.3,2.24,,,,,,10,5.5,21.4,19.1,,,,,,,,,,,,,{비}0320-{비}{강도0}0600-{비}{강도0}0900-{비}{강도1}1200-{비}{강도0}1500-{비}{강도0}1800-1940.  {박무}1030-{박무}{강도0}1200-{박무}{강도0}1500-{박무}{강도0}1800-1950.,
143,대구,1991-08-10,21.7,20.1,230,24.9,1205,10.17,3.5,913,8.1,836,11.8,9.7,110,1410,6.7,110,1410,3.6,3093,110,18.8,68,1208,83.8,21.6,999.1,1007.7,2400,1005.3,433,1006.2,13.7,0,1100,1.6,6.95,,,,,,9.8,6.6,22.3,20,,,,,,,,,,,,,{뇌전}{강도0}(S 3-4)0140-{뇌전}{강도0}(N{이동}NE 3-4)0155-{뇌전}{강도0}(NE{이동}E 3-4)0203-{뇌전}{강도0}(E{이동}SE 3-5)0208-{뇌전}{강도0}(SE{이동}S 4-5)0215-{뇌전}{강도0}(S{이동}SW 5-6)0220-0227. {소나기}0040-{비}0230-{비}{강도0}0300-0345. {비}0405-{비}{강도0}0600-{비}{강도0}0900-1020. {비}1740-{비}{강도0}1800-1830.,
143,대구,1991-08-11,22.9,21.1,535,26.1,1430,,,,,,,8,110,1650,6.8,90,1730,3.5,3009,90,18.3,62,1650,75.5,21.1,1001.3,1010.4,2200,1007,414,1008.3,13.7,.6,1000,1.56,10.74,,,,,,8,6.1,23.1,20.2,,,,,,,,,,,,,,
143,대구,1991-08-12,24.2,19.6,540,28.7,1654,,,,,,,4.9,90,2150,4.2,90,2240,2.3,1991,90,19.5,55,1415,75,22.8,1003.3,1011.6,730,1009.1,1548,1010.3,13.7,6.6,1300,2.51,16.89,,,,,,5,2.5,26.8,18.2,,,,,,,,,,,,,,
143,대구,1991-08-13,25.6,21.2,204,31.8,1508,,,,,,,8.5,90,1521,6.7,140,1420,3,2625,90,19.2,39,1653,69.3,22.3,1006,1015.5,2400,1011.2,1511,1012.9,13.6,10,1200,3.03,21.05,,,,,,4.5,4,29,20.3,,,,,,,,,,,,,{박무}0020-{박무}{강도0}0300-{박무}{강도0}0600-{박무}{강도0}0900-1140.,
143,대구,1991-08-14,24.8,19.8,601,29.5,1501,,,,,,,10.7,90,1915,7.8,90,1810,4.5,3922,110,18.4,51,1333,68.3,21.1,1008.7,1017.7,824,1013.9,1527,1015.7,13.6,11.4,1200,3.12,23.54,,,,,,1,1.8,29.2,17.7,,,,,,,,,,,,,{박무}0530-{박무}{강도0}0600-0749.,
143,대구,1991-08-15,25,21.3,610,29.4,1450,,,,,,,8.7,90,2228,6.5,90,2140,4.2,3631,90,18.4,48,1410,68,21.2,1007.2,1015.9,2400,1012,1510,1014.1,13.6,11,1200,3.05,23.1,,,,,,2.5,2.1,29.7,19.6,,,,,,,,,,,,,,
143,대구,1991-08-16,24.9,19.4,612,29.6,1522,,,,,,,8.5,110,1300,6.7,90,1950,3.7,3219,110,18.5,48,1349,69,21.3,1006.3,1015.9,0,1011.1,1609,1013.2,13.5,11.6,1200,3.06,23.01,,,,,,.3,.5,29.6,16.6,,,,,,,,,,,,,,
143,대구,1991-08-17,24.6,19.5,600,29.8,1500,,,,,,,8.3,110,1420,6.5,110,2330,3.5,3055,90,17.9,50,1308,68,20.6,1005.3,1014,902,1010.1,1700,1012.2,13.5,11.1,1200,3,21.82,,,,,,5.3,1.5,29.8,18.6,,,,,,,,,,,,,,
143,대구,1991-08-18,24.5,20,630,29.5,1502,,,,,,,8,90,1344,7,90,1350,3.6,3128,110,19.3,54,1456,73.8,22.4,1004.5,1012.6,1030,1009.7,1743,1011.4,13.5,5.1,1300,2.89,19.54,,,,,,4.3,1.6,29.6,18.5,,,,,,,,,,,,,{박무}0620-{박무}{강도0}0900-{박무}{강도0}1200-1430.,
143,대구,1991-08-19,26.4,20.9,545,33,1521,,,,,,,9.8,110,2220,7.3,110,2230,3,2577,90,19.9,48,1558,68.8,23.2,1001.8,1011.3,0,1006.4,1636,1008.7,13.4,9.9,1200,2.93,21.11,,,,,,1.5,1,32.3,19.1,,,,,,,,,,,,,{박무}0620-0845.,
143,대구,1991-08-20,26.7,21.5,601,32.6,1436,,,,,,,11.1,110,1238,8,110,1240,4,3472,110,19.9,45,1436,68,23.2,999.2,1008.5,19,1004.1,1621,1006.2,13.4,11.2,1200,3.01,22.26,,,,,,.5,.9,32.5,19.5,,,,,,,,,,,,,,
143,대구,1991-08-21,26.2,21.8,545,32.2,1239,,,,,,,12.5,110,1520,9,110,1530,3.9,3358,90,19.4,44,1237,66.3,22.5,996.6,1004.7,0,1001.9,1544,1003.5,13.4,10.6,1200,2.93,21.55,,,,,,6.5,3.5,31.3,20,,,,,,,,,,,,,,
143,대구,1991-08-22,24.3,22.4,2400,25.9,135,17.92,3.1,1819,4.2,1750,15,11.4,70,1128,7.3,70,1150,3.3,2847,110,21.4,70,0,84,25.5,993.9,1002.5,0,998.9,2400,1000.8,13.3,0,1100,.46,2.68,,,,,,10,6.5,25,22.2,,,,,,,,,,,,,{비}0505-{비}{강도0}0600-{비}{강도0}0900-1115. {비}1155-{비}{강도0}1200-{비}{강도0}1500-{비}{강도0}1800-1930.{비}1950-{비}{강도0}2100-{비}{강도0}2400-,
143,대구,1991-08-23,22.8,21.7,520,23.9,1346,24,2.5,2130,8.2,1900,96.6,17.8,90,1346,9.7,90,1540,5.5,4732,90,20.4,73,728,85.8,23.9,988.5,999.1,2400,992.6,1515,995.4,13.3,0,1000,.13,.91,,,,,,10,7,22.5,21.4,,,,,,,,,,,,,-{비}-{비}{강도0}0300-{비}{강도0}0600-{비}{강도0}0900-{비}{강도1}1200-{비}{강도1}1500-{비}{강도1}1800-{비}{강도0}2100{비}{강도0}2400-  {박무}1230-{박무}{강도0}1500-{박무}{강도0}1800-{박무}{강도0}2100-{박무}{강도0}2400-,
143,대구,1991-08-24,26.4,23.2,340,30.1,1442,5.5,2,256,3,250,5.9,9.7,90,1212,6.8,70,1540,3.9,3396,90,21.6,58,1432,75.8,25.8,996.1,1007.7,2400,999.1,0,1003,13.3,3.7,1000,2.15,13.57,,,,,,7,5.6,26.7,23,,,,,,,,,,,,,-{비}-{비}{강도1}0300-0440. {비}0540-{비}{강도0}0600-0630.  -{박무}-{박무}{강도0}0300-{박무}{강도0}0600-0850.,
143,대구,1991-08-25,27,23.5,439,31,1543,,,,,,,7.3,90,852,6.7,90,850,3.3,2870,110,20.7,52,1409,69.8,24.5,1002.3,1011.9,2333,1007.6,124,1009.2,13.2,7.1,1200,2.99,19.25,,,,,,6,3,29.8,21.8,,,,,,,,,,,,,,
143,대구,1991-08-26,24.8,20.3,2340,29.9,1321,1.33,1.5,432,2.2,400,2.2,9.3,90,1735,8.3,90,1820,4.3,3693,90,16.8,42,1501,63.3,19.4,1007.4,1018.1,2230,1011.9,0,1014.4,13.2,10.3,1100,2.89,21.78,,,,,,4.3,4,27.8,18,,,,,,,,,,,,,{소나기}0400-0520.,
143,대구,1991-08-27,22.1,16.9,614,26,1502,,,,,,,15.3,90,1843,9.5,90,1410,4.4,3789,90,13.3,41,1350,58.5,15.3,1010.7,1019.3,909,1016.3,1843,1017.8,13.1,11.4,1300,3.03,21.11,,,,,,2,2.4,25.9,13.7,,,,,,,,,,,,,,
143,대구,1991-08-28,22.5,17.5,435,26.5,1444,,,,,,,12.8,90,1102,9.5,90,1400,4.5,3908,90,15.4,51,1109,64.8,17.5,1006.4,1016.8,0,1010.6,2300,1013.5,13.1,11.4,1200,3.06,22.24,,,,,,3.3,3.3,27.1,13.6,,,,,,,,,,,,,,
143,대구,1991-08-29,21.3,19.4,632,22.2,2240,13.32,4,1500,11.9,1410,46,4.9,90,114,4.7,110,10,1.6,1346,250,18.7,77,30,85.5,21.6,999.6,1010.7,0,1003.7,1806,1006.5,13.1,0,800,.36,2.72,,,,,,9.8,7.1,22.7,19.3,,,,,,,,,,,,,{비}0306-{비}{강도0}0600-0730.  {비}1015-{비}{강도1}1200-{비}{강도0}1500-{비}{강도0}1800-1840.        {비}2005-2035. {박무}0530-{박무}{강도0}0600-{박무}{강도0}0900{박무}{강도0}1200-{박무}{강도0}1500-{박무}{강도0}1800-{박무}{강도0}  2400-,
143,대구,1991-08-30,24.5,21.5,635,29.2,1500,,,,,,,8.1,110,1921,6.7,110,1930,2,1723,110,19.9,58,1425,77,23.3,998,1006.6,2325,1003.2,1538,1005,13,2.8,1200,2.44,12.18,,,,,,8.3,5.9,25.5,19.4,,,,,,,,,,,,,-{박무}-{박무}{강도0}0300-{박무}{강도0}0600-{박무}{강도0}0900-{박무}{강도0}1200-1500-1530.,
143,대구,1991-08-31,25.3,22.2,610,30,1533,.5,0,,0,,0,8.1,290,1508,6.5,290,1510,2.4,2055,70,19.6,46,1616,72.5,22.9,1001.7,1013.6,2340,1006,241,1008.6,13,7.2,1200,2.59,16.99,,,,,,5.8,3.6,27,19.1,,,,,,,,,,,,,{비}0715-0745. {박무}0020-{박무}{강도0}0300-{박무}{강도0}0600-{박무}{강도0}0900-1040.,
143,대구,1991-09-01,25.6,20.3,630,31.6,1518,,,,,,,5.1,110,2217,4.7,110,2200,1.7,1474,110,18.7,42,1538,67.5,21.5,1007.1,1015.2,920,1012.2,1757,1014,13,10.1,1200,2.66,18.81,,,,,,2.3,2.5,29.1,16.2,,,,,,,,,,,,,{박무}0530-{박무}{강도0}0600-0730.,
143,대구,1991-09-02,24.8,19.8,637,30.4,1535,,,,,,,6.1,90,1508,4.5,90,1730,2.5,2131,90,18.6,43,1445,70.5,21.5,1006.2,1014.7,0,1011.1,1733,1013.2,12.9,9.1,1300,2.29,16.32,,,,,,4.8,3.5,28,18.9,,,,,,,,,,,,,{박무}0410-{박무}{강도0}0600-{박무}{강도0}0900-{박무}{강도0}1200-1230.,
143,대구,1991-09-03,25.4,21.3,640,30.2,1502,1.5,0,,0,,0,6.9,230,1358,3.7,110,40,1.6,1413,90,20.5,50,1538,75,24,1005,1013.6,2330,1010.1,1530,1011.9,12.9,4,1300,1.9,12.26,,,,,,9.5,7.3,27.8,19.5,,,,,,,,,,,,,{박무}0520-{박무}{강도0}0600-{박무}{강도0}0900-{박무}{강도0}1200-1330. {박무}1850-{박무}{강도0}2100-2400-         {비}2210-2340.,
143,대구,1991-09-04,27,23,640,32,1457,5.08,1.2,2250,4.6,2200,9.9,7.7,140,1621,6.3,160,1740,2.3,2019,110,20.8,50,1522,70.3,24.7,1007.2,1015.4,915,1012.4,1614,1014.1,12.9,6.9,1000,2.04,13.71,,,,,,9,5.5,29.9,21.7,,,,,,,,,,,,,-{박무}-{박무}{강도0}0300-{박무}{강도0}0600-{박무}{강도0}0900-{박무}{강도0}1200-1430. {소나기}1845-{비}2040-{비}{강도0}2100- {소나기}2130-2350. {뇌전}{강도0}(S 6-7)2140-{뇌전}{강도0}(S{이동}SE 7-8)2230-2310.,
143,대구,1991-09-05,23.7,22.5,751,25.1,0,12.17,8.7,1243,12.8,1242,41.6,12.7,270,655,8.8,250,710,1.9,1606,20,21.6,78,1013,88,25.8,1006.8,1015.2,1100,1012.4,1934,1013.8,12.8,.3,900,1.13,3.41,,,,,,8.8,5.4,24.6,22.3,,,,,,,,,,,,,{소나기}0635-{비}0830-{비}{강도0}0900-0920.{비}1005-{소나기}1050-{소나기}{강도0}1200-{비}1420-{비}{강도0}1500-   {비}{강도0}1800-1930. {박무}1230-{박무}{강도0}1500-1530. {뇌전}{강도0}(SW 7-8)0645-{뇌전}{강도0}(SW{이동}W 7-8) 0720-0730.  {뇌전}{강도0}(E 5-6)1110-{뇌전}{강도1}(E{이동}SE 3-4)1120-{뇌전}{강도0}(SE{이동}S 7-8)1125-  1130.  {뇌전}{강도1}(E 3-4)1220-{뇌전}{강도0}(E{이동}SE 7-8)1225-1240. {뇌전}{강도1}(NW 3-4)1350-1400,
143,대구,1991-09-06,23.3,21.8,2400,25.6,1101,10.75,5.9,513,6.4,415,15.6,7.7,320,500,4.7,320,500,1.6,1423,320,21.4,81,1112,88.5,25.5,1004.2,1013.3,0,1010,1618,1011.3,12.8,0,900,.61,4.2,,,,,,9,5,24.5,20.7,,,,,,,,,,,,,{비}0230-{비}{강도0}0300-0330.  {소나기}0420-{비}0520-{비}{강도0}0600-0710.  {소나기}0910-0940.     {비}1010-{비}{강도0}1200-{비}{강도0}1500-1635. {천둥}{강도0}(NE 6-7)0435-{뇌전}{강도0}(NE 6-7)0440-{뇌전}{강도0} (NE{이동}E 7-8)0445-{천둥}{강도0}(E 7-8)0450-0455.  {박무}1645-{박무}{강도0}1800-{박무}{강도0}2100-{박무}{강도0}  2400-,
143,대구,1991-09-07,23,18.8,630,28.8,1440,,,,,,,10.1,90,1309,8,90,1250,3.4,2956,90,17.1,45,1424,71.5,19.5,1003.8,1012.1,942,1008.7,1533,1010.8,12.7,8.7,1200,2.87,17.92,,,,,,5,3.1,24.8,15.5,,,,,,,,,,,,,-{박무}-{박무}{강도0}0300-{박무}{강도0}0600-{박무}{강도0}0900-1050.,
143,대구,1991-09-08,24.1,20.9,538,29.2,1519,,,,,,,8.5,110,2001,5.7,110,2030,3.2,2731,110,18.9,57,1415,73.3,21.9,1003.4,1011.5,2244,1009,1530,1010.4,12.7,6,1300,2.63,15.83,,,,,,6,3.5,26.3,20.1,,,,,,,,,,,,,{박무}0440-{박무}{강도0}0600-0630.,
143,대구,1991-09-09,23.4,18.8,706,28.5,1358,,,,,,,9.3,110,1640,7.5,110,1710,3.3,2855,110,18.1,46,1336,73.5,20.7,1005.8,1015.5,2352,1011.2,134,1012.9,12.7,9.5,1300,2.68,18.57,,,,,,1.8,1.1,27.2,17.1,,,,,,,,,,,,,{박무}0510-{박무}{강도0}0600-0840.,
143,대구,1991-09-10,23.2,17.4,634,29.4,1502,,,,,,,5.3,110,1514,3.8,110,2050,2,1745,90,16.7,41,1448,69.8,19,1008.1,1016.9,910,1013,1700,1015.1,12.6,10.6,1200,2.65,17.72,,,,,,2,.6,27.2,15.3,,,,,,,,,,,,,{박무}0530-{박무}{강도0}0600-{박무}{강도0}0900-1040.,
143,대구,1991-09-11,23,19.8,522,27.8,1202,2.83,0,,0,,0,5.8,340,1533,4.3,90,10,1.7,1507,320,17.4,52,1148,71.5,19.9,1005.4,1014.5,0,1010.1,1550,1012.4,12.6,1.3,1100,2.21,9.66,,,,,,9,3.6,24.9,17.4,,,,,,,,,,,,,{박무}0510-{박무}{강도0}0600-{박무}{강도0}0900-1130.  {비}1250-1350.  {비}1550-1640.  {비}1750-   {비}{강도0}1800-1830.{비}2010-2030.,
143,대구,1991-09-12,22.8,18.9,531,26.3,1507,,,,,,,5.2,140,1100,4.5,140,1100,1.5,1256,90,17.4,55,1110,72,19.9,1006.5,1014.9,2038,1012.3,246,1013.5,12.6,2.2,1000,1.72,9.56,,,,,,8.3,4.5,25.1,16.7,,,,,,,,,,,,,{박무}0810-{박무}{강도0}0900-1030.  {박무}1730-{박무}{강도0}1800-{박무}{강도0}2100-{박무}{강도0}2400-,
143,대구,1991-09-13,23.6,19.6,642,28.6,1416,,,,,,,11.7,90,1358,7.7,90,1610,3,2630,90,17.1,46,1413,68.5,19.6,1007.9,1016,914,1013.6,1400,1015,12.5,5.3,1300,2.55,14.52,,,,,,9.5,6.3,25.3,17.9,,,,,,,,,,,,,-{박무}-{박무}{강도0}0300-{박무}{강도0}0600-0730.,
143,대구,1991-09-14,21.8,18.7,2350,25.2,1449,8,.5,235,1,200,2.7,9.9,70,151,7,70,200,3.2,2762,70,15.6,48,1453,69,17.9,1007.6,1021,2332,1010.4,730,1014.6,12.5,1.6,1400,1.75,7.99,,,,,,9.5,5.4,22.9,16.3,,,,,,,,,,,,,{비}0130-{비}{강도0}0300-0530.  {비}0620-{비}{강도0}0900-1020.,
143,대구,1991-09-15,21.4,16.5,2350,26,1408,,,,,,,12,110,1506,8.7,90,1740,3.1,2713,90,14.4,47,1408,65.5,16.4,1015.6,1024.6,2030,1020.8,130,1022.7,12.5,8.5,1300,2.33,15.29,,,,,,4,2.8,24.8,12.3,,,,,,,,,,,,,,
143,대구,1991-09-16,19.8,13.3,615,26,1502,,,,,,,9.7,90,1538,7,90,1530,2.9,2509,90,12.5,37,1325,66.3,14.6,1015.9,1024.8,650,1021.4,1710,1023.1,12.4,10.7,1100,2.63,18.14,,,,,,2,.8,23.6,10.6,,,,,,,,,,,,,,
143,대구,1991-09-17,19.7,14.4,621,25.4,1334,,,,,,,8.6,110,1509,6.7,90,1820,2.9,2518,90,13.7,42,1333,70.8,15.7,1011.5,1022.1,0,1014.7,2400,1018.6,12.4,7.2,1000,2.4,14.87,,,,,,5.8,4.3,22.5,11.5,,,,,,,,,,,,,{박무}0610-{박무}{강도0}0900-0940.,
143,대구,1991-09-18,20.4,17.4,546,24.3,1557,,,,,,,10,110,1529,7.2,110,1520,2.9,2473,110,15.9,65,1545,75.8,18.1,1002.1,1014.7,0,1004.8,2350,1009.1,12.3,2.6,1500,1.75,8.59,,,,,,6.8,3.4,22.8,13.6,,,,,,,,,,,,,,
143,대구,1991-09-19,22,16.9,555,28.4,1556,,,,,,,8,320,1558,5.7,270,1640,2.4,2061,270,14.7,36,1652,65.8,16.8,994.8,1004.8,0,999.6,1600,1001.8,12.3,10.3,1100,2.34,16.13,,,,,,1.5,1.4,27,12.9,,,,,,,,,,,,,,
143,대구,1991-09-20,20.2,14.1,630,26.6,1544,,,,,,,12,270,1513,8.3,250,1300,3.6,3122,270,11.4,35,1223,58.8,13.5,999.5,1011,2330,1004.3,0,1006.6,12.3,7.8,1200,2.66,15.62,,,,,,2.5,1.4,21.7,9.6,,,,,,,,,,,,,,
143,대구,1991-09-21,19.4,13.1,630,25.7,1328,,,,,,,6.5,290,1121,4.7,270,1340,2,1732,20,13.4,47,1209,69,15.4,1007.8,1019.7,2352,1010.9,0,1015,12.2,6.6,1100,2.28,13.74,,,,,,2,1.5,22.9,9,,,,,,,,,,,,,,
143,대구,1991-09-22,19.7,13.9,630,25.1,1435,,,,,,,7,110,1508,6.5,110,1520,2.7,2372,90,13.7,44,1422,70.8,15.7,1013.3,1021.8,816,1018.9,1540,1020.4,12.2,9.3,1400,2.12,14.57,,,,,,2.8,.5,24.1,10.2,,,,,,,,,,,,,,
143,대구,1991-09-23,18.3,14.3,651,21.9,1202,,,,,,,4,160,1909,3.3,160,1910,1.3,1151,20,14.4,59,1254,78.8,16.5,1012.7,1021.3,0,1017.9,1718,1019.9,12.2,2.2,900,1.44,6.65,,,,,,3.5,3.8,20.1,10.6,,,,,,,,,,,,,{달무리}2130-,
143,대구,1991-09-24,19.3,14.9,642,26,1332,,,,,,,5.3,250,1206,4.5,250,1140,1.6,1380,50,14.6,49,1335,76,16.7,1010.8,1019.1,855,1015.8,1442,1017.9,12.1,3.3,1300,1.93,11.75,,,,,,8,3.8,22,11.1,,,,,,,,,,,,,-{달무리}-0130. {박무}0430-{박무}{강도0}0600-{시정(미만)}{1km}{안개}0720-{시정(미만)}{0.5km}{안개}0810-{시정(이상)}{0.5km}{안개}0820-{안개}{강도0}0900-  {시정(이상)}{1km}{박무}0930-1040.,2.17
143,대구,1991-09-25,18.9,16.2,632,23,1125,5.92,.3,1650,.8,1650,1.6,7.8,90,1550,5.3,90,1540,2.2,1927,90,15.8,58,1404,83,18,1012.9,1021.2,2043,1018.4,0,1020,12.1,1.9,1000,1.72,5.73,,,,,,9.8,6.4,19.5,13.5,,,,,,,,,,,,,{비}1445-{비}{강도0}1500-{비}{강도0}1800-2040.  {박무}0530-{박무}{강도0}0600-0830.,
143,대구,1991-09-26,20,17.6,420,23.1,1427,9.17,1.1,2253,3.1,2203,5.6,7.4,90,1017,4.8,90,1800,2.2,1917,90,17.1,66,1425,84,19.5,1008.7,1020.7,0,1011.8,2400,1015.9,12,0,1200,.59,4.21,,,,,,10,4,20.2,16.7,,,,,,,,,,,,,{비}0850-{비}{강도0}0900-{비}{강도0}1200-1210.  {비}1430-{비}{강도0}1500-1530.  {비}1820-1920.   {비}2010-{비}{강도0}2100-{비}{강도0}2400-  {박무}1630-{박무}{강도0}1800-{박무}{강도0}2100-{박무}{강도0}2400-,
143,대구,1991-09-27,19.4,17,1952,21,1135,16.33,3.2,1630,12.6,1600,76.5,9.2,290,2120,7.2,290,1950,2.5,2157,90,17.7,74,2329,89.8,20.2,995.4,1011.8,0,993.5,1833,1002.5,12,0,1300,.17,.61,,,,,,10,5.9,19.7,15.6,,,,,,,,,,,,,-{비}-{비}0020.  {비}0410-{비}{강도0}0600-{비}{강도0}0900-{비}{강도0}1200-{비}{강도0}1500-{비}{강도0}1800-2010.-{박무}-{박무}{강도0}0300-{박무}{강도0}0600-{박무}{강도0}0900-{박무}{강도0}1200-{박무}{강도0}1500-1730.,
143,대구,1991-09-28,19,14,654,24.9,1517,,,,,,,7.9,320,1330,6,270,50,2.8,2412,270,10.3,28,1518,60.5,12.7,1006.9,1019.9,2400,1004.7,0,1014.1,12,10.8,1200,2.68,17.94,,,,,,3.3,1.9,20.2,9.7,,,,,,,,,,,,,,
143,대구,1991-09-29,17,11.1,718,24,1436,,,,,,,4.2,270,1339,3,250,1420,1.3,1091,20,9.8,29,1457,67.5,12.3,1013.2,1022.3,830,1018.4,1510,1020.4,11.9,8.2,1200,2.33,13.28,,,,,,5.3,1.8,18.4,7.2,,,,,,,,,,,,,{박무}1030-{박무}{강도0}1200-1230.,
143,대구,1991-09-30,16.5,13.2,644,18.9,1548,.83,.5,2030,.6,2030,.6,5.1,270,2002,3.8,270,2010,1.1,909,50,13.5,66,1055,83.3,15.6,1012.8,1021.6,44,1017.3,2348,1020,11.9,0,900,1.13,4.76,,,,,,9.3,5.8,17.2,10.9,,,,,,,,,,,,,{비}2030-{비}{강도0}2100-2120.  {박무}0730-{박무}{강도0}0900-{박무}{강도0}1200{박무}{강도0}1500-{박무}{강도0}1800-     {박무}{강도0}2100-{박무}{강도0}2400-,
143,대구,1991-10-01,20.5,15.3,658,26.9,1520,,,,,,,5.8,90,1746,4.8,110,1640,2.1,1853,250,14.8,47,1536,71.5,16.8,1009.9,1018.4,2400,1015.2,1525,1017,11.9,7.7,1100,2.22,13.4,,,,,,3.3,2.4,22.7,12.3,,,,,,,,,,,,,-{박무}-{박무}{강도0}0300-0530.,
143,대구,1991-10-02,20.4,15.4,530,28,1535,,,,,,,6.7,270,1233,5.5,270,1210,1.8,1592,250,13.7,32,1526,69.5,15.7,1009.7,1019.2,835,1014.1,1515,1016.8,11.8,7.8,1200,2.46,14.54,,,,,,2.5,1.3,21.7,10.8,,,,,,,,,,,,,{박무}0510-{박무}{강도1}0600-{시정(미만)}{1km}{안개}0610-{시정(미만)}{0.5km}{안개}0625-{시정(미만)}{0.2km}{안개}0640-{시정(미만)}{0.1km}{안개}0653-{시정(이상)}{0.1km}{안개}0710-{시정(이상)}{0.2km}{안개}0720-{시정(이상)}{0.5km}{안개}0724-{안개}{강도0}0900-{시정(이상)}{1km}{박무}0920-1030.,3.17
143,대구,1991-10-03,20.1,13.4,643,27.1,1441,,,,,,,4.7,230,1433,3.3,250,1540,1.4,1178,50,13.9,34,1323,70.5,16,1006.7,1016,740,1010.8,1649,1013.8,11.8,8.8,1200,2.4,14.45,,,,,,1.3,.6,22.5,8.2,,,,,,,,,,,,,{박무}0530-{박무}{강도0}0600-{박무}{강도0}0900-1140.,
143,대구,1991-10-04,18.4,14.3,2352,23.1,1502,,,,,,,11.9,320,1423,8.5,290,1410,3.4,2919,320,10.8,35,1407,64.8,13.3,1006.2,1018.3,2400,1010.9,604,1013.4,11.7,7.1,1200,2.56,13.83,,,,,,3.5,1.1,20.3,9.7,,,,,,,,,,,,,{박무}0530-{박무}{강도0}0600-{박무}{강도0}0900-0940.,
143,대구,1991-10-05,17.4,11.9,710,24.1,1603,,,,,,,4,290,1606,3,290,1630,1.2,1001,50,8.2,29,1350,58,11,1011,1020,830,1016.1,1615,1018.2,11.7,9.5,1300,2.01,13.49,,,,,,1.5,.4,19.8,6.8,,,,,,,,,,,,,,
143,대구,1991-10-06,17,12.3,441,24.3,1522,,,,,,,6.2,290,1342,4.7,290,1350,1.4,1237,340,9.2,27,1432,64.8,11.8,1010.8,1020.2,732,1015.6,1531,1018,11.7,6,1200,2.35,12.32,,,,,,5.8,4.1,18.8,8.5,,,,,,,,,,,,,,
143,대구,1991-10-07,16.1,11.4,408,22.2,1459,,,,,,,8.2,270,800,6.2,290,900,2.6,2231,50,6.9,34,1437,57.8,10.1,1010,1019,2400,1015.4,1526,1017.2,11.6,9.9,1200,2.49,16.22,,,,,,.8,.1,18.9,5.8,,,,,,,,,,,,,,
143,대구,1991-10-08,15.8,9.1,630,23.9,1340,,,,,,,9.7,50,1428,7.8,50,1430,2.6,2216,70,8.6,40,1501,64.8,11.3,1012.3,1021.1,2240,1018.1,1500,1019.6,11.6,6.8,1100,1.99,11.99,,,,,,3,3,17.8,5,,,,,,,,,,,,,,
143,대구,1991-10-09,17.9,12.3,457,24.5,1511,,,,,,,10.1,70,1422,7.8,50,1430,2.5,2185,50,9.6,31,1438,61.3,12,1011.5,1020.8,127,1016.5,1515,1018.7,11.6,9.8,1200,2.34,15.11,,,,,,.8,1.4,19.4,6.6,,,,,,,,,,,,,,
143,대구,1991-10-10,17.7,13,600,24.1,1320,,,,,,,10.1,110,1644,9,110,1600,3.5,2990,90,9.6,38,1513,61,11.9,1008.8,1017.3,820,1013.7,1550,1015.9,11.5,9.5,1200,2.28,14.23,,,,,,1,1.8,19.1,7.2,,,,,,,,,,,,,,
143,대구,1991-10-11,18,12.1,615,25.1,1504,,,,,,,9.3,90,1657,7,90,1710,2.7,2300,50,9.2,36,1457,58.5,11.6,1006.6,1015.5,558,1011.3,1515,1013.8,11.5,9.9,1100,2.38,14.54,,,,,,1.8,1.5,19.8,5.8,,,,,,,,,,,,,,
143,대구,1991-10-12,17.3,12.5,652,24.4,1413,,,,,,,6.1,360,1604,5,340,1600,2.2,1902,250,10.4,42,1419,65.5,12.7,1004.1,1012.7,2241,1009,1445,1011.2,11.4,8.5,1100,2.18,13.52,,,,,,2.8,.8,19.3,6.3,,,,,,,,,,,,,,
143,대구,1991-10-13,16.7,9.6,643,25.7,1543,,,,,,,4.1,250,1342,3.5,290,1540,1.3,1153,50,10.1,32,1537,70,12.4,1006,1014.8,905,1011.1,1618,1013.2,11.4,9.9,1200,2.12,13.35,,,,,,1.5,0,18.8,3.2,,,,,,,,,,,,,,
143,대구,1991-10-14,15.8,11.6,2400,21.7,1437,,,,,,,11.5,290,1150,8.7,320,1300,3.5,3059,110,6.5,25,1330,58,9.9,1008.8,1021.8,2332,1013.5,33,1016,11.4,8.9,1200,2.39,15.09,,,,,,2,2.1,19.6,4.1,,,,,,,,,,,,,,
143,대구,1991-10-15,12.9,5.3,701,20.1,1515,,,,,,,4,230,1227,3.2,230,1240,1.5,1275,50,4.8,30,1631,61,8.6,1014.4,1023.8,814,1019.1,1738,1021.7,11.3,8.6,1200,2.05,12.75,,,,,,3.8,1.4,16.3,-.5,,,,,,,,,,,,,,
143,대구,1991-10-16,14.5,8.9,648,20,1420,1.75,.3,2205,.3,,.4,5.6,250,1415,4.3,250,1410,1.5,1329,20,8.8,46,1414,70,11.5,1009.6,1021.7,0,1012.6,1550,1016.9,11.3,4.3,1100,1.71,8.37,,,,,,8,3.6,16.3,3.8,,,,,,,,,,,,,{박무}1020-{박무}{강도0}1200-1230.  {비}1940-{비}{강도0}2100-2105. {비}2155-2215.,
143,대구,1991-10-17,16.1,11.7,2400,21,1456,.58,.6,307,.9,255,.9,15.6,320,1431,10,320,1310,4,3486,270,5.4,23,1611,53.5,9.5,1007.8,1018.6,2400,1012.2,330,1015,11.3,10,1200,2.39,15.07,,,,,,2.5,.8,17.9,7.3,,,,,,,,,,,,,{비}0255-{비}{강도0}0300-0330.,
143,대구,1991-10-18,15.5,7.1,623,22.8,1501,,,,,,,18.6,320,2234,13.2,290,2310,3.8,3304,230,6.2,35,1440,56.5,9.5,1008.1,1018.8,30,1012.2,1725,1015.3,11.2,9.7,1200,2.22,12.95,,,,,,2.5,1.6,17.3,.8,,,,,,,,,,,,,{박무}0830-{박무}{강도0}0900-1025.,
143,대구,1991-10-19,12.8,9.4,2400,17.2,1442,,,,,,,12.4,290,421,9,290,430,5.5,4753,290,1.5,35,1205,46.5,6.8,1011.6,1021.8,2216,1016.3,300,1018.9,11.2,10.1,1200,2.29,12.7,,,,,,2.3,.8,14.6,2.3,,,,,,,,,,,,,,
143,대구,1991-10-20,10.9,4.8,710,16.8,1443,,,,,,,13.2,320,1416,8.5,290,1300,3.5,3018,290,-.7,26,1437,47,5.8,1015.8,1025,2232,1021.6,1426,1023.1,11.2,9.8,1200,2.26,14.34,,,,,,0,.3,13.6,-2.2,,,,,,,,,,,,,,
143,대구,1991-10-21,11.5,4.8,647,18.7,1340,,,,,,,7.5,230,1357,5.5,250,1420,1.8,1526,270,4.1,38,1344,62.3,8.2,1018.2,1027.7,829,1023.8,1459,1025.6,11.1,7.3,1200,1.89,10.85,,,,,,4.8,2.3,13.1,-1.1,,,,,,,,,,,,,,
143,대구,1991-10-22,11.3,6,720,18.5,1427,,,,,,,9.3,290,1522,7.2,290,1250,2.5,2128,50,2,21,1300,59.3,7.3,1019.4,1028.6,922,1025.1,1630,1026.9,11.1,8.4,1200,2.03,12.05,,,,,,1.5,0,13,-1.8,,,,,,,,,,,,,{박무}0840-{박무}{강도0}0900-1030.,
143,대구,1991-10-23,11,2.9,651,18.9,1449,,,,,,,5.7,250,1451,4.8,290,1500,1.7,1460,50,2.1,35,1430,56,7.2,1019.2,1028.7,850,1024.3,1700,1026.7,11,8,1000,1.74,10.77,,,,,,5.5,1.4,12.4,-3.4,,,,,,,,,,,,,{박무}1130-{박무}{강도0}1200-1210.,
143,대구,1991-10-24,12.1,5,648,19,1436,,,,,,,4.5,110,2105,3.3,110,2030,1.3,1114,90,5.9,44,1315,68.3,9.4,1014.1,1025.6,0,1017.3,1920,1021.4,11,6,1000,1.48,8.64,,,,,,8,3.6,12.8,-1.6,,,,,,,,,,,,,{박무}0810-{박무}{강도0}0900-{박무}{강도0}1200-1230.,
143,대구,1991-10-25,14.8,9.1,510,23.1,1542,,,,,,,6.1,250,1352,4,250,1350,1.6,1410,50,8.3,36,1542,68,11,1010.7,1019.9,2400,1016.2,1426,1017.9,11,7.7,1200,1.74,10.34,,,,,,2.3,1.8,16.2,3.6,,,,,,,,,,,,,{박무}0750-{박무}{강도0}0900-{박무}{강도0}1200-1220.,
143,대구,1991-10-26,15.4,8.8,555,23.3,1252,,,,,,,4,250,1223,2.7,250,1240,1.2,1053,70,9.8,46,1413,71.3,12.1,1012.8,1022.4,850,1018.2,1630,1020,10.9,7.2,1000,1.68,9.59,,,,,,1.5,1.5,16.1,3.8,,,,,,,,,,,,,{박무}0440-{박무}{강도0}0600-{박무}{강도0}0900-{박무}{강도0}1200-{박무}{강도0}1500-1640.,
143,대구,1991-10-27,14.3,10.1,2400,19.5,1440,,,,,,,12.1,320,1654,8.5,320,1140,4.7,4021,290,4.4,33,1354,54.3,8.7,1011.8,1021,2330,1017.4,1437,1019.1,10.9,9.7,1200,2.09,12.38,,,,,,1.8,1,17.2,3.5,,,,,,,,,,,,,,
143,대구,1991-10-28,12.3,7.9,642,17.8,1448,,,,,,,12.6,290,934,8.7,290,1010,4.4,3833,290,2.3,32,1408,51.8,7.2,1013.9,1023.1,840,1018.7,1500,1021.3,10.9,9.4,1200,2.08,12.95,,,,,,0,0,15.2,1.1,,,,,,,,,,,,,,
143,대구,1991-10-29,13.5,6.6,610,20.5,1434,,,,,,,6.1,270,1345,4.8,270,210,2.3,2004,270,2.3,26,1440,50.8,7.3,1011.7,1021.5,15,1016.3,1800,1019.1,10.8,8.8,1200,2.04,12.32,,,,,,2.8,2.6,14.8,-1,,,,,,,,,,,,,,
143,대구,1991-10-30,13.9,6.6,721,21.6,1502,,,,,,,7.2,270,1317,5.7,290,1540,1.8,1554,250,5.7,33,1540,59.8,9.2,1009.9,1019.1,840,1014.7,1351,1017.2,10.8,8.6,1200,1.85,10.88,,,,,,1,.8,14.9,-2.5,,,,,,,,,,,,,,
143,대구,1991-10-31,14.1,9.2,320,19.3,1534,,,,,,,9.9,90,1015,7.7,90,1040,2.9,2465,90,6.9,43,1508,63.8,10,1011.9,1020.6,2400,1017.4,1626,1019.2,10.8,6.1,1100,1.62,9.31,,,,,,3,3.5,15.1,2.5,,,,,,,,,,,,,,
143,대구,1991-11-01,12.7,5.5,730,20,1458,,,,,,,5.9,70,1802,4.8,90,1840,1.8,1579,90,5.9,34,1450,67,9.3,1012.9,1022,930,1018.3,1450,1020.3,10.7,8.5,1200,1.62,10.1,,,,,,2,1.8,14.2,.9,,,,,,,,,,,,,{박무}0740-{박무}{강도0}0900-{박무}{강도0}1200-1220.,
143,대구,1991-11-02,12.2,6,716,20.3,1422,,,,,,,6.9,250,1429,5.7,270,1440,1.8,1576,50,4.4,27,1404,63,8.4,1012,1021,0,1016,1639,1019.3,10.7,6.9,1200,1.72,10.29,,,,,,1.3,1.3,13.5,.1,,,,,,,,,,,,,{박무}0730-{박무}{강도0}0900-{박무}{강도0}1200-1250.,
143,대구,1991-11-03,12.3,5.4,734,20.7,1502,,,,,,,13.6,320,1753,9,320,1800,3.1,2696,290,4.6,35,1910,62,8.7,1011.1,1024,2400,1014.4,1502,1018.4,10.7,7,1200,1.51,8.77,,,,,,0,.5,12.7,-1.2,,,,,,,,,,,,,{박무}1030-{박무}{강도0}1200-1340.,
143,대구,1991-11-04,7.2,2.2,629,14.1,1516,,,,,,,8.2,290,451,6.7,290,500,2.9,2525,290,-7.5,16,1430,36.5,3.6,1021.7,1033.4,2219,1024,0,1029.3,10.6,8.8,1200,1.88,11.37,,,,,,0,0,10.1,-5.1,,,,,,,,,,,,,,
143,대구,1991-11-05,8,.2,648,16.7,1448,,,,,,,8,90,1855,5.3,90,1920,1.5,1328,70,-1,29,1310,55.3,5.7,1026.8,1036.5,919,1032.3,1549,1034.3,10.6,8.7,1200,1.68,9.83,,,,,,0,0,10,-6.6,,,,,,,,,,,,,{박무}0935-{박무}{강도0}1200-1315.,
143,대구,1991-11-06,9.9,2.3,610,18.9,1516,,,,,,,4,250,1351,2.3,250,1420,1.2,1003,70,3,36,1538,65,7.6,1024.1,1034.7,840,1026.4,2240,1031.6,10.6,8.6,1200,1.7,9.84,,,,,,0,0,10.9,-2.8,,,,,,,,,,,,,{박무}0825-{박무}{강도0}0900-{박무}{강도0}1200-1330.,
143,대구,1991-11-07,11.5,4,703,17.9,1442,1.83,,,,,0,6,290,2215,4.7,290,2350,1.4,1231,70,6.7,53,1425,74.3,10,1013.4,1026.4,0,1015,2400,1020.8,10.5,2.7,1100,1.52,6.38,,,,,,6,3,12.3,-2,,,,,,,,,,,,,{박무}0425-{박무}{강도0}0600-{박무}{강도0}0900-{박무}{강도0}1200-1230.{비}2210-{비}{강도0}2400,
143,대구,1991-11-08,12.4,7,2350,16.1,1503,2.67,,,,,1.8,13.2,290,1452,9.2,320,1410,4.7,4056,290,1.6,25,1527,51.8,7.5,1011,1023.9,2345,1015,0,1018.3,10.5,9,1200,2.02,11.78,,,,,,2.5,.8,16.4,.4,,,,,,,,,,,,,-{비}-0030.{비}0120-{비}{강도0}0300-0330.{박무}0230-{박무}{강도0}0300-0420.,
143,대구,1991-11-09,8.7,1.5,735,15.6,1430,,,,,,,9.2,270,1450,7,270,1510,2.4,2103,270,-4.1,22,1445,43.3,4.6,1015.8,1025.7,714,1021.2,1320,1023.3,10.5,9,1200,1.89,11.16,,,,,,2.8,2.3,9.8,-6.5,,,,,,,,,,,,,,
143,대구,1991-11-10,8.9,5.1,2400,13.4,1315,,,,,,,13.2,320,1342,9.2,290,1350,3.4,2895,290,-2.3,31,1422,46.3,5.3,1015.1,1025.6,2400,1021.2,1332,1022.5,10.4,7.6,1200,1.69,10.27,,,,,,.3,1.3,9.8,-2.1,,,,,,,,,,,,,,
143,대구,1991-11-11,5.8,2.9,230,9.8,1453,,,,,,,14.9,320,1350,11.3,320,1350,4.2,3638,290,-3.3,32,1339,53,4.8,1017.3,1027.2,917,1023.1,1500,1024.8,10.4,7.8,1100,1.83,10.84,,,,,,2.8,2.5,6.7,-3.2,,,,,,,,,,,,,,
143,대구,1991-11-12,6.8,3.6,430,12.1,1543,,,,,,,7.6,290,32,6,250,1230,2.5,2128,250,-.2,49,1528,62,6.1,1017.5,1026.1,942,1022.7,1630,1025,10.4,3.6,1100,1.41,7.48,,,,,,6.3,3.5,7.4,-2.8,,,,,,,,,,,,,,
143,대구,1991-11-13,8.4,2.2,525,16.7,1524,,,,,,,8.1,290,1615,7.3,320,1620,2,1704,270,.7,31,1505,62.5,6.4,1017.6,1026.4,902,1022.4,1503,1025.2,10.4,7.5,1200,1.67,9.8,,,,,,1.5,.3,9,-5.6,,,,,,,,,,,,,{박무}0740-0840.,
143,대구,1991-11-14,7.9,4.2,708,12.4,1439,,,,,,,13.8,290,1336,9.8,290,1140,4.5,3853,290,-5.9,26,1530,37.8,4,1021.3,1030.7,2400,1026.4,0,1028.9,10.3,9,1200,1.88,11.17,,,,,,.5,0,9,-4.4,,,,,,,,,,,,,,
143,대구,1991-11-15,7.1,2.2,757,13.6,1426,,,,,,,7.7,290,1427,7,290,1440,2.8,2387,270,-4.4,23,1544,47.3,4.5,1022.9,1031.9,901,1028.8,1531,1030.6,10.3,9,1200,1.89,10.81,,,,,,0,0,7.7,-7.7,,,,,,,,,,,,,,
143,대구,1991-11-16,5.3,-2.1,745,13.8,1457,,,,,,,7,290,1354,5,270,1440,1.5,1300,270,-4.7,25,1430,52.3,4.3,1021.5,1031.8,855,1025.9,1450,1029.2,10.3,8.2,1200,1.79,9.97,,,,,,0,0,5.7,-11.2,,,,,,,,,,,,,,
143,대구,1991-11-17,7.2,.9,653,14.4,1535,.25,,,,,0,4.9,270,1400,4.2,270,2340,1,896,290,2,47,1556,71,7.1,1018,1028.3,900,1021.5,1800,1025.5,10.2,3.1,1200,1.14,5.66,,,,,,5.8,1.3,6.5,-6.4,,,,,,,,,,,,,{비}0905-0920.{박무}0835-{박무}{강도0}0900-{박무}{강도0}1200-1440.,
143,대구,1991-11-18,8,3.5,2400,14,1444,,,,,,,10.4,320,1152,8,290,1210,2.9,2506,250,.5,38,1440,61.3,6.4,1015.2,1024.2,1015,1020.9,1553,1022.7,10.2,8.6,1200,1.79,9.9,,,,,,1.3,0,8.5,-5.6,,,,,,,,,,,,,,
143,대구,1991-11-19,8,.5,433,15.6,1445,.92,,,,,3.2,17.4,270,1429,11,290,1610,4,3465,270,-.8,24,1445,61,5.9,1011.1,1022.7,0,1014.6,1430,1018.6,10.2,6.7,1200,1.41,7.64,,,,,,5,3.6,8,-5.4,,,,,,,,,,,,,{소나기}0715-0810.{박무}0930-1130.{뇌전}{강도0}(E3-4)0720-0730.,
143,대구,1991-11-20,7.3,2.6,2400,11.5,1447,,,,,,,15.2,290,245,10,290,250,4.3,3702,290,-5.5,25,1355,40.8,4.1,1019.3,1029.3,918,1021.9,0,1026.9,10.2,8.5,1200,1.41,7.64,,,,,,0,0,7.8,-6,,,,,,,,,,,,,,
143,대구,1991-11-21,6,-.3,714,14,1444,,,,,,,5.6,230,1505,4,230,1530,1.4,1198,20,-1.9,35,1432,58.8,5.3,1021.4,1031.1,902,1027.1,1545,1029,10.1,7.6,1200,1.67,9.1,,,,,,0,0,6.2,-7.9,,,,,,,,,,,,,{박무}0830-{박무}{강도0}0900-1030.,
143,대구,1991-11-22,7.6,2.1,432,12.7,1532,4.17,,,,,.2,4,250,1228,3,270,1240,1.1,941,270,1.4,43,1335,66.5,6.8,1020,1029.6,1000,1025.5,2400,1027.6,10.1,0,1200,1.05,4.06,,,,,,7.5,3.6,6.8,-5.2,,,,,,,,,,,,,{박무}0545-{박무}{강도0}0600-0750.{비}1930-{비}{강도0}2100-2340.,
143,대구,1991-11-23,9.4,7.6,2400,11.8,1638,10.25,,,,,6.6,7.2,270,2015,6.3,270,2120,2.2,1895,250,6.4,52,2322,82,9.7,1015.9,1027.1,2400,1020.6,1342,1023.4,10.1,0,1400,.32,1.7,,,,,,8.3,4.3,8.2,.9,,,,,,,,,,,,,{비}0415-{비}{강도0}0600-{비}{강도0}0900-{비}{강도0}1200-1430.{박무}0230-{박무}{강도0}0300-{박무}{강도0}0600-{박무}{강도0}0900-{박무}{강도0}1200-{박무}{강도0}1500-{박무}{강도0}1800-{박무}{강도0}2100-2220.,
143,대구,1991-11-24,5.1,1.4,2400,9.1,1442,,,,,,,10.7,290,645,9.7,320,320,4.6,3956,290,-8,25,1626,38.8,3.5,1025.3,1038.3,2400,1027.1,0,1033,10.1,8.5,1200,1.73,9.63,,,,,,0,.3,4.4,-7.4,,,,,,,,,,,,,,
143,대구,1991-11-25,3.6,-3.1,540,11.3,1523,,,,,,,3.8,250,1325,3,250,1340,1,844,20,-3.9,39,1455,58.8,4.6,1030.8,1040.9,903,1036.8,1730,1038.6,10,6.5,1100,1.51,7.98,,,,,,3.3,0,4.2,-9.2,,,,,,,,,,,,,{박무}0930-{박무}{강도0}1200-1430.,
143,대구,1991-11-26,7.6,3.6,318,14.8,1445,,,,,,,4.1,250,1322,3.7,250,1410,1.2,1076,290,-.6,30,1512,59.8,5.9,1025.9,1037.1,0,1030.1,1724,1033.6,10,6.4,1200,1.51,7.59,,,,,,5.8,2,6,-3.6,,,,,,,,,,,,,{박무}0910-1140.,
143,대구,1991-11-27,8,1.5,450,16.9,1502,,,,,,,4,250,950,3.3,250,950,1.1,918,50,.9,36,1447,63.8,6.6,1018.1,1030.3,0,1021.7,1740,1025.7,10,6,1200,1.49,7.56,,,,,,5.3,3.6,7.5,-4.1,,,,,,,,,,,,,{박무}0930-{박무}{강도0}1200-1230.,
143,대구,1991-11-28,7.2,3.9,2400,11.1,1550,9.08,,,,,1.6,4,250,1315,3.8,250,1350,1.2,998,20,3.3,41,1605,77.3,7.8,1011.5,1022.3,0,1016.8,1505,1019.1,10,0,1500,.53,2.17,,,,,,8.8,3.9,5.4,-.6,,,,,,,,,,,,,{박무}0630-{박무}{강도0}0900-{박무}{강도0}1200-1330.{박무}2130-{박무}{강도0}2400-{비}0615-{비}{강도0}0900-{비}{강도0}1200-{비}{강도0}1500-1520.,
143,대구,1991-11-29,4.9,-1.4,653,12.6,1507,,,,,,,3.8,70,2245,2.7,70,2250,.7,638,70,-.2,38,1530,73.3,6,1012.8,1022.6,700,1018.1,2400,1020.3,10,6.3,1200,1.31,6.76,,,,,,5.5,2.5,4.2,-8,,,,,,,,,,,,,-{박무}-{박무}{강도0}0300-{박무}{강도0}0900-{시정(미만)}{1km}{안개}0615-{시정(미만)}{0.5km}{안개}0650-{시정(미만)}{0.2km}{안개}0740-{시정(미만)}{0.1km}{안개}0845-{안개}{강도2}0900-{시정(이상)}{0.1km}{안개}0910-{시정(이상)}{0.2km}{안개}0925-{시정(이상)}{0.5km}{안개}0945{시정(이상)}{1km}{박무}1000-{박무}{강도0}1200-1345.,3.75
143,대구,1991-11-30,7,.3,751,16.1,1501,,,,,,,6.6,270,1320,5.2,250,1220,1.9,1632,270,-.3,37,1500,64,6,1011.6,1021.4,930,1016.5,1545,1019,9.9,6.9,1200,1.42,7.7,,,,,,0,0,5.2,-6.6,,,,,,,,,,,,,{박무}0450-{박무}{강도0}0600-{박무}{강도0}0900-1130.,
143,대구,1991-12-01,6.5,.6,712,14.6,1531,,,,,,,4.9,340,1800,4.2,250,1530,1.6,1354,70,-2.2,21,1527,60.5,5.3,1013.9,1024,2300,1019.4,0,1021.5,9.9,8.1,1200,1.48,8.25,,,,,,1.3,.9,5.6,-7,,,,,,,,,,,,,,
143,대구,1991-12-02,7.8,2,710,15,1505,,,,,,,3,250,1404,2,250,1520,.8,658,270,1.1,48,1500,63.3,6.8,1015.1,1025.2,901,1020.1,1620,1022.6,9.9,5.8,1100,1.1,6.36,,,,,,5.8,5.1,7.5,-4.3,,,,,,,,,,,,,{박무}0910-{박무}{강도0}1200-1340.,
143,대구,1991-12-03,7.3,3.5,2400,12.6,1420,,,,,,,9.9,320,1259,8.3,320,1300,2.8,2436,270,-4.3,17,1435,52.3,5,1015.3,1026.3,2300,1020.7,435,1022.8,9.9,7.2,1200,1.53,8.32,,,,,,0,.4,6.3,-7.6,,,,,,,,,,,,,{박무}0830-{박무}{강도0}0900-1130.,
143,대구,1991-12-04,4.3,-3.1,750,13.3,1530,,,,,,,4.8,270,958,4.5,250,950,1.6,1356,250,-7.9,19,1535,44.3,3.4,1019.5,1028.6,900,1025.5,1457,1027.1,9.9,7.9,1200,1.53,8.46,,,,,,0,0,3.7,-11.8,,,,,,,,,,,,,,
143,대구,1991-12-05,4.6,-2.9,732,14.1,1541,,,,,,,3.1,250,1421,2.8,250,1310,1,831,50,-4.5,27,1532,55.8,4.4,1020.4,1030.3,1018,1025.6,1500,1028,9.9,7.5,1200,1.37,7.39,,,,,,0,0,3.5,-10.8,,,,,,,,,,,,,{박무}0925-{박무}{강도0}1200-1345.,
143,대구,1991-12-06,5.9,-2.1,740,16,1530,,,,,,,3.5,250,1530,3,250,1540,1,844,50,-1.7,33,1500,62.8,5.4,1020,1028.8,302,1025.7,1440,1027.6,9.8,7.5,1200,1.27,7,,,,,,0,0,4.6,-9.4,,,,,,,,,,,,,{박무}0830-{박무}{강도0}0900-1130.,
143,대구,1991-12-07,8.1,1.9,650,16.3,1426,,,,,,,4.4,110,1448,2.5,110,1510,.9,739,50,2.6,43,1440,70.3,7.4,1017.7,1029.1,931,1021.7,2400,1025.2,9.8,5.1,1100,1.2,6.23,,,,,,4,1.5,6.3,-4.4,,,,,,,,,,,,,{박무}0620-{박무}{강도0}0900-{박무}{강도0}1200-1230.{연무}1310-{연무}{강도0}1500-1730.,
143,대구,1991-12-08,6.8,3.6,2400,8.8,901,,,,,,,11.2,320,1400,10,320,1420,3.7,3220,320,1.5,56,2330,68.8,6.9,1016.2,1027.9,2355,1020.6,255,1023.8,9.8,0,1200,.32,1.86,,,,,,10,4.1,6.1,-.8,,,,,,,,,,,,,{박무}0820-{박무}{강도0}0900-1120.,
143,대구,1991-12-09,2.9,.2,805,7.1,1516,,,,,,,12.5,320,318,11,320,310,4.4,3772,320,-7.6,31,1510,46.5,3.5,1024.6,1035.3,2241,1027.9,0,1032.3,9.8,7.9,1200,1.52,8.46,,,,,,1,.9,3.4,-9.4,,,,,,,,,,,,,,
143,대구,1991-12-10,1.7,-4.1,750,5.9,1610,5.17,,,,,2,5,250,2248,4.7,270,100,1.3,1159,50,-5.4,39,1505,62.3,4.3,1022.6,1034.9,130,1022.3,2400,1030.4,9.8,1.6,1000,.75,4.34,,,,,,6.8,1.8,1.9,-11.6,,,,,,,,,,,,,{박무}0920-1030.{연무}1230-1430.{비}1820-{비}{강도0}2100-2330.{박무}1810-{박무}{강도0}2100-{박무}{강도0}2400,
143,대구,1991-12-11,3.1,-2.2,2400,7.1,1035,,,,,,,16.7,290,1358,13.3,290,920,5.5,4746,290,-5,33,1655,58,4.5,1015.6,1031,2400,1018.5,445,1023.3,9.8,4.9,1000,1.1,5.65,,,,,,5.3,3.6,2.9,-7.2,,,,,,,,,,,,,-{박무}-{박무}{강도0}0300-{박무}{강도0}0600-0730.,
143,대구,1991-12-12,-3.1,-5.6,810,-.3,1510,,,,,,,12.6,290,108,10.3,290,1040,4.6,3965,290,-16.1,22,1445,38.3,1.8,1025.5,1035.6,2252,1031,0,1033.5,9.8,7.5,1200,1.59,8.7,,,,,,0,0,-1.6,-11.1,,,,,,,,,,,,,,
143,대구,1991-12-13,.5,-6.7,750,7.2,1535,,,,,,,5.6,250,305,5.3,250,300,1.8,1554,270,-8.2,39,1445,53,3.4,1024.8,1035.1,0,1030.7,1820,1032.5,9.8,3.2,1300,1.18,6.27,,,,,,5.8,3.1,.3,-11.5,,,,,,,,,,,,,{박무}1030-{박무}{강도0}1200-1330.,
143,대구,1991-12-14,4.2,-1.4,733,11.4,1505,,,,,,,4.9,230,1446,4,250,1310,1.4,1238,250,-2.9,38,1503,62.3,5,1024.6,1034.4,920,1031,1628,1032.3,9.8,3.8,1200,1.44,7.77,,,,,,0,0,3.1,-11.8,,,,,,,,,,,,,,
143,대구,1991-12-15,4.7,-1.7,701,13.8,1503,,,,,,,4,230,1406,3.7,250,1310,1.2,1007,50,-.9,40,1600,70.5,5.8,1024.7,1034.5,1004,1030.5,1515,1032.4,9.7,7.3,1200,1.32,7.39,,,,,,0,0,3.9,-11.8,,,,,,,,,,,,,{연무}1130-{연무}{강도0}1200-1345.,
143,대구,1991-12-16,6.4,-1.5,735,15.2,1523,,,,,,,3.4,90,240,3,90,240,1.2,1038,50,-.4,32,1507,67,6,1021.8,1032.7,0,1025.5,2400,1029.4,9.7,7.2,1200,1.33,7,,,,,,2.3,3.4,6,-9.2,,,,,,,,,,,,,{박무}0810-{박무}{강도0}0900-{박무}{강도0}1200-1430.,
143,대구,1991-12-17,10,7.2,2400,17,1554,4.17,,,,,1,10,290,1802,8.8,290,2030,2.3,1986,290,5.9,61,1548,76.5,9.4,1012,1025.5,0,1013.3,1643,1019.4,9.7,3.5,1200,1.27,5.01,,,,,,7.8,6.6,8.7,3.4,,,,,,,,,,,,,{비}0140-{비}{강도0}0300-0330.{비}0630-0850.{박무}0810-{박무}{강도0}0900-{박무}{강도0}1200-1440.,
143,대구,1991-12-18,7.1,4.4,838,10.6,1224,,,,,,,6.5,90,1256,5.7,290,120,2.6,2206,90,1.6,50,1500,69.5,6.9,1014.3,1023.1,1018,1020.1,100,1021.8,9.7,4.1,1100,1.28,6.01,,,,,,5.8,5.5,6.9,-.8,,,,,,,,,,,,,,
143,대구,1991-12-19,5.4,3.5,2400,9.1,1432,,,,,,,9.5,320,1517,7.7,320,1440,3.1,2658,320,-.7,44,1423,65.8,5.9,1018.1,1030.3,2400,1022.7,0,1025.7,9.7,5.6,1200,1.43,7.1,,,,,,6,3.8,6,-1,,,,,,,,,,,,,,
143,대구,1991-12-20,6.7,3.3,4,11,1513,,,,,,,3.9,270,240,3.7,250,250,1.2,1073,70,1.8,59,1352,71,7,1021.8,1032.1,945,1026.8,1703,1029.4,9.7,1.1,1300,.82,4.48,,,,,,7,6,5.9,-.8,,,,,,,,,,,,,,
143,대구,1991-12-21,6.8,4.8,0,10.1,1535,,,,,,,8,290,1100,6,290,1100,3.1,2665,290,-1.8,37,1420,56.8,5.5,1019.5,1029.5,1012,1025.1,1430,1027.1,9.7,5.1,1200,1.4,7.13,,,,,,6.8,2.1,7.8,-.8,,,,,,,,,,,,,{박무}0140-{박무}{강도0}0300-{박무}{강도0}0600-0730.,
143,대구,1991-12-22,8.3,5.2,720,11.5,1450,.22,,,,,0,7,110,1538,5.3,110,1540,2.2,1928,110,2.4,56,230,67,7.4,1020,1029.1,956,1026,1607,1027.5,9.7,0,1100,.67,3.11,,,,,,9,5.5,8,4.2,,,,,,,,,,,,,{비}0352-0405.,
143,대구,1991-12-23,9.5,7.1,240,14.1,1457,2.17,,,,,0,6.7,250,1428,5.8,250,1410,1.5,1280,270,4.5,49,1528,72.5,8.4,1016.8,1026.4,0,1022.6,1342,1024.3,9.7,3.8,1200,1.08,5.13,,,,,,7.5,2.9,10.1,.6,,,,,,,,,,,,,{비}0520-{비}{강도0}0600-0730.{박무}0830-{박무}{강도0}0900-1140.,
143,대구,1991-12-24,7,5.4,648,8.4,0,13.5,,,,,10.5,3,110,2206,2.7,110,2200,1.2,1050,90,5.6,77,0,90.5,9.1,1017.4,1026.4,1015,1023.7,100,1025,9.7,0,1400,.1,.55,,,,,,9.5,5.9,6.2,-1.3,,,,,,,,,,,,,{박무}0730-{박무}{강도0}0900-{박무}{강도0}1200-{박무}{강도0}1500-{박무}{강도0}1800-{박무}{강도0}2100-{박무}{강도0}2400{비}1030-{비}{강도0}1200-{비}{강도0}1500-{비}{강도0}1800-{비}{강도0}2100-{비}{강도0}2400,
143,대구,1991-12-25,7.4,6.5,640,8.7,1430,24,,,,,25.1,10,90,2016,6.7,90,2100,2.1,1855,90,5,76,1958,84.5,8.7,1013.5,1024.3,0,1018.9,1423,1021,9.7,0,1300,.22,1,,,,,,10,4.8,7.1,6,,,,,,,,,,,,,-{박무}-{박무}{강도0}0300-{박무}{강도0}0600-{박무}{강도0}0900-{박무}{강도0}1200-{박무}{강도0}1500-{박무}{강도0}1800-1930.-{비}-{비}{강도0}0300-{비}{강도0}0600-{비}{강도0}0900-{비}{강도0}1200-{비}{강도0}1500-{비}{강도0}1800-{비}{강도0}2100{비}{강도0}2400,
143,대구,1991-12-26,5.3,3.6,731,6.9,0,13.42,,,,,3.7,9.1,70,2340,5.5,90,2000,2.5,2132,90,2.7,74,2330,83.8,7.4,1013.8,1023.6,1037,1019.5,140,1021.3,9.7,0,1300,.28,1.58,,,,,,10,4.9,6,3,,,,,,,,,,,,,-{비}-{비}{강도0}0300-{비}{강도0}0600-{비}{강도0}0900-{비}{강도0}1200-1325.,
143,대구,1991-12-27,4.3,2.3,2400,6.2,300,13,,,,,13.1,12,320,2045,7.2,320,2100,4.3,3688,290,1.3,58,2250,81.3,6.8,1006.6,1019.8,0,1010.3,1835,1014.2,9.7,0,1200,.2,1.12,,,,,,10,5.8,4.6,1.1,,,,,,,,,,,,,{비}0220-{비}{강도0}0300-{비}{강도0}0600-{비}{강도0}0900-{비}{강도0}1200-{비}{강도0}1500-1520.{박무}0830-{박무}{강도0}0900-{박무}{강도0}1200-1430.,
143,대구,1991-12-28,-1,-4,2400,2.3,0,1.75,,,,,.1,18,290,1400,15.7,290,1350,7.2,6211,290,-8.8,44,1414,56.8,3.2,1004.5,1018.4,2400,1009.2,510,1012.2,9.7,3.5,1400,.92,5.85,.2,810,.2,810,.2,4.5,3.5,.4,-4.4,,,,,,,,,,,,,{눈}0625-0910.{박무}0710-0815.{폭풍}1350-1400.,
143,대구,1991-12-29,-3.6,-6.8,747,.4,1436,,,,,,,12.8,290,125,10.5,290,120,4.8,4129,290,-13.5,28,1403,48,2.2,1016.8,1029.3,2400,1018.4,0,1024.6,9.7,8.5,1200,1.6,8.9,,,,,,0,0,-2.2,-11.1,,,,,,,,,,,,,,
143,대구,1991-12-30,-1.5,-5.1,440,4.4,1510,,,,,,,8.6,270,1214,7,270,1240,2.9,2492,270,-11.7,24,1605,49.3,2.5,1022.4,1031.5,2325,1028.4,1522,1030.1,9.7,8.5,1200,1.64,8.81,,,,,,0,0,-1.4,-11.9,,,,,,,,,,,,,,
143,대구,1991-12-31,.1,-4.4,529,5,1458,,,,,,,7.8,290,1450,6.7,290,1510,2.4,2054,270,-6.4,48,1440,62,3.8,1020.6,1031.5,0,1025.2,1640,1028.3,9.8,1.4,1200,.81,4.77,,,,,,5.5,3.3,-.8,-10.5,,,,,,,,,,,,,,
143,대구,1992-01-01,3.4,.3,100,8.7,1520,,,,,,,3.6,270,1555,3.3,250,1700,.9,814,250,-3.8,35,1502,62,4.6,1017.3,1026.7,0,1022.4,1450,1024.9,9.8,1.7,1300,1,5.15,,,,,,6.8,6.6,2.7,-3.4,,,,,,,,,,,,,{박무}1020--1125.,
143,대구,1992-01-02,4.2,0,803,9.3,1405,,,,,,,9.8,320,2041,8,320,1420,3.4,2979,320,-2.9,42,1355,61,4.9,1017.9,1028.2,2400,1024,100,1025.5,9.8,7.6,1200,1.53,8.34,,,,,,1.8,1.8,3.5,-5.6,,,,,,,,,,,,,,
143,대구,1992-01-03,2.2,-.8,800,7.3,1503,,,,,,,8.3,270,1247,8,320,1600,3.5,3005,290,-7.3,31,1525,52.3,3.6,1021.5,1030.8,1030,1027.2,1605,1029.2,9.8,7.3,1200,1.59,8.73,,,,,,.3,.4,1.9,-6.6,,,,,,,,,,,,,,
143,대구,1992-01-04,1.2,-2.5,751,6.5,1502,,,,,,,9.2,290,1330,7.2,290,1330,3,2597,270,-7.3,31,1600,56,3.6,1023.5,1033.5,1016,1029,1629,1031.3,9.8,8,1200,1.57,8.84,,,,,,0,0,.9,-9.4,,,,,,,,,,,,,,
143,대구,1992-01-05,1,-2.4,746,4.3,1440,.25,,,,,0,6.5,270,450,6.2,270,510,1.4,1230,270,-5,49,1500,65.5,4.2,1021.7,1032.4,0,1027.2,1435,1029.5,9.8,1.4,1100,.74,3.96,,,,,,7.5,5.9,.2,-8.2,,,,,,,,,,,,,{비}2345-{비}{강도0}2400-,
143,대구,1992-01-06,3.9,1.1,240,6.6,1730,10.83,,,,,7.2,5.1,250,1240,4.8,250,1240,2,1712,250,1.7,66,0,86,7,1016.6,1027.4,0,1021.5,1332,1024.2,9.8,0,1300,.51,2.17,,,,,,10,8,4,.9,,,,,,,,,,,,,-{비}-{비}{강도0}0300-{비}{강도0}0600-{비}{강도0}0900-1050.  {박무}0030-{박무}{강도0}0300-{박무}{강도0}0600-       {박무}{강도0}0900-{박무}{강도0}1200-{박무}{강도0}1500-1530.,
143,대구,1992-01-07,4.8,1.4,2400,8.8,1220,.75,,,,,0,15,290,1500,13.3,320,1520,3.8,3294,290,-.5,47,1702,69.5,6,1017.7,1030.7,2349,1021.8,347,1025.3,9.8,4.2,1200,1.35,6.22,,,,,,5.3,4,4.5,-4.9,,,,,,,,,,,,,{비}0450-0510.  {비}0745-0810.  {박무}0330-{박무}{강도0}0600-0750.,
143,대구,1992-01-08,2.4,-.8,825,6.2,1602,,,,,,,6,290,38,5.3,290,50,1.7,1491,270,-3.5,44,1430,65.8,4.7,1021.3,1031.7,320,1025,2400,1028.9,9.8,2,1200,1.15,4.86,,,,,,7.5,7.5,1.9,-6,,,,,,,,,,,,,{박무}0650-{박무}{강도0}0900-{박무}{강도0}1200-1330.  {박무}1615-{박무}{강도0}1800-{박무}{강도0}2100-{박무}{강도0}2400-,
143,대구,1992-01-09,4.2,1.9,355,7.4,1505,,,,,,,12.7,290,1438,11.7,290,1440,4,3426,290,-3.8,37,1145,57,4.7,1015.2,1025.6,2400,1021.1,1442,1022.8,9.9,3.2,1200,1.5,7.42,,,,,,6.5,4.4,3.5,-1.6,,,,,,,,,,,,,-{박무}-{박무}{강도0}0300-{박무}{강도0}0600-{박무}{강도0}0900-1030.,
143,대구,1992-01-10,3.3,-.3,718,9,1508,1.17,,,,,.1,8.5,320,229,6.3,270,530,2.8,2442,290,-4.2,37,1620,62.5,4.5,1023.5,1033.5,1023,1025.6,0,1031.2,9.9,7.8,1200,1.52,8.37,.1,300,.1,300,.1,2.5,1.3,2.6,-8.1,,,,,,,,,,,,,{눈}0240-{눈}{강도0}0300-0350.,
143,대구,1992-01-11,2.1,-3.3,830,9.8,1620,,,,,,,6.1,290,1439,5,270,1650,1.7,1509,250,-7,25,1455,57.8,3.7,1021.8,1032.8,0,1026.4,2400,1029.6,9.9,7,1200,1.39,7.68,,,,,,2.5,.3,1.6,-10.6,,,,,,,,,,,,,{박무}0830-{박무}{강도0}0900-1030.,
143,대구,1992-01-12,3.5,-1.9,515,9.3,1308,,,,,,,11.1,290,1245,7.8,290,1240,3.4,2907,290,-4.7,44,925,55.8,4.4,1017.8,1027.3,942,1023.8,1500,1025.4,9.9,6.8,1200,1.64,8.43,,,,,,3,.1,1.8,-7.8,,,,,,,,,,,,,,
143,대구,1992-01-13,3.5,1.2,602,7.2,1450,.67,,,,,.1,9.7,320,1703,8.5,320,1710,3,2632,320,-2,53,1445,68.5,5.3,1012.7,1023.8,0,1017,1443,1020.3,9.9,0,1200,.93,4.29,.1,2400,.1,2400,.1,7.5,3.8,2.7,-4.2,,,,,,,,,,,,,{박무}1610-{박무}{강도0}1800-{박무}{강도0}2100-{박무}{강도0}2400-  {눈}2320-{눈}{강도0}2400-,
143,대구,1992-01-14,2.2,-1.1,2336,6.8,1358,3.5,,,,,.6,10,290,28,9,290,40,2.9,2519,320,-3.7,35,1448,67.5,4.7,1019.1,1030.2,2313,1021.1,0,1026.8,10,7.9,1200,1.59,8.93,.9,300,1,300,.9,2.5,1.3,2.5,-9.2,,,,,,,,,,,,,-{눈}-{눈}{강도0}0300-0330.  -{박무}-{박무}{강도0}0300-{박무}{강도0}0600-0730.,
143,대구,1992-01-15,.9,-4.4,800,7.7,1445,,,,,,,6.1,290,1945,5.2,270,2250,2.1,1780,270,-5.3,36,1450,66.8,4.1,1020,1030.1,0,1024.8,1530,1027.7,10,6.8,1200,1.46,7.92,,,,,,0,0,1.3,-10.7,,,,,,,,,,,,,{박무}0810-{박무}{강도0}0900-{박무}{강도0}1200-1230.,
143,대구,1992-01-16,2,-2.2,723,8.1,1502,1.5,,,,,.1,14.9,230,1614,12.2,230,1630,3.7,3219,290,-4,43,1322,66.3,4.6,1013.4,1025.2,0,1017.1,1612,1021,10,6.7,1200,1.53,8.62,,,,,,4.3,3.5,2,-7.6,,,,,,,,,,,,,{비}1840-1930.  {눈}2205-2245.,
143,대구,1992-01-17,-.1,-3.1,2400,2.8,1520,,,,,,,15.1,270,945,13.7,270,940,6.7,5758,290,-9.6,36,1302,48.8,3,1013.8,1024.6,2400,1019.5,0,1021.5,10,5.5,1300,1.29,6.67,,,,,,3.8,2.1,1.2,-6.6,,,,,,,,,,,,,,
143,대구,1992-01-18,-2,-5.3,410,2.2,1502,,,,,,,18.2,290,1528,16.2,290,1600,6.5,5608,290,-13.5,25,1630,42,2.2,1018.3,1028.7,2400,1024.6,0,1026.1,10,8.3,1200,1.75,9.78,,,,,,0,0,-1.1,-8.4,,,,,,,,,,,,,{폭풍}1600,
143,대구,1992-01-19,-1.6,-6.3,745,4.2,1513,,,,,,,8.7,290,33,6.7,290,40,2.4,2054,290,-13.6,27,1542,40.3,2.2,1023.9,1034.1,2250,1028.7,0,1031.7,10.1,8.8,1200,1.72,9.81,,,,,,0,0,-.5,-13.3,,,,,,,,,,,,,,
143,대구,1992-01-20,-1.2,-8.2,802,7,1552,,,,,,,3.9,250,1428,3.2,270,1440,1.4,1216,290,-10,29,1625,54.8,2.9,1025.1,1035.3,936,1030.4,1700,1032.9,10.1,7.5,1200,1.55,8.32,,,,,,2.8,0,-1.6,-14.5,,,,,,,,,,,,,{박무}0950-{박무}{강도0}1200-1230.,
143,대구,1992-01-21,1.7,-2.6,640,8.3,1438,,,,,,,8,290,1240,6.5,270,1300,2.3,1968,320,-7.7,24,1530,53.5,3.5,1019.7,1030.7,0,1023.9,2400,1027.4,10.1,7.4,1200,1.72,9.17,,,,,,3.5,0,1.1,-10.4,,,,,,,,,,,,,{달무리}0235-0530.,
143,대구,1992-01-22,2.4,-.2,2400,7.2,1408,,,,,,,12.2,290,1645,10.7,290,1500,3.8,3322,290,-5.6,33,1533,57,4.1,1014.6,1023.9,0,1020.7,1433,1022.3,10.1,6.2,1300,1.29,7.35,,,,,,2.5,3.1,1.7,-7,,,,,,,,,,,,,,
143,대구,1992-01-23,.7,-2.5,750,5.8,1354,,,,,,,12.7,270,1337,10,290,1430,4.7,4060,290,-7.4,38,1351,55.8,3.5,1015.8,1024.8,2110,1022,1342,1023.5,10.2,8,1200,1.74,9.79,,,,,,2,1,.4,-10.3,,,,,,,,,,,,,,
143,대구,1992-01-24,1,-4.2,720,7.3,1502,,,,,,,7.9,270,1225,6,290,1310,1.8,1522,270,-5.2,42,1538,65,4.2,1016.4,1025.7,905,1022.3,1640,1024.1,10.2,7.6,1200,1.63,9.09,,,,,,.8,.3,-.1,-11.2,,,,,,,,,,,,,,
143,대구,1992-01-25,3.1,-2.8,622,10.8,1502,.25,,,,,0,6.2,250,1432,4.7,290,1520,1.6,1362,50,-2.8,46,1525,67.5,5,1015.5,1024.6,2220,1020.7,1559,1023.1,10.2,3.4,1300,1.31,6.54,,,,,,5.3,3.6,2.2,-9,,,,,,,,,,,,,{소낙눈}0915-0930.  {박무}0840-{박무}{강도0}0900-{박무}{강도0}1200-{박무}{강도0}1500-1540.,
143,대구,1992-01-26,2.1,-3.6,658,9.8,1534,,,,,,,7.8,250,1230,7.2,270,1250,2.2,1878,270,-6.3,24,1626,60.5,3.9,1014.7,1024.4,0,1019.7,1500,1022.4,10.2,8.2,1200,1.74,9.84,,,,,,2.5,1.3,1.9,-11.1,,,,,,,,,,,,,{박무}0640-{시정(미만)}{1km}{안개}0715-{시정(미만)}{0.5km}{안개}0750-{시정(미만)}{0.2km}{안개}0810-{시정(미만)}{0.1km}{안개}0845-{안개}{강도2}0900-{시정(이상)}{0.1km}{안개}0910-{시정(이상)}{0.2km}{안개}0930-{시정(이상)}{0.5km}{안개}0945-{시정(이상)}{1km}{박무}1005-{박무}{강도0}1200-1230.,2.83
143,대구,1992-01-27,4.1,-1.6,740,11.7,1531,,,,,,,8.8,250,1216,6.2,250,1220,2.8,2399,250,-5,25,1550,54,4.2,1015.5,1025.2,2250,1021.3,1550,1023.1,10.3,8,1200,1.66,9.35,,,,,,0,0,2.7,-9.7,,,,,,,,,,,,,,
143,대구,1992-01-28,3.2,-4,759,10.2,1558,1.5,,,,,0,5,340,2259,4.3,340,2320,1.4,1205,20,-4.1,38,1530,61,4.6,1015.3,1026.2,913,1019.5,2122,1023,10.3,4.5,1100,1.19,6.33,,,,,,3.5,1.6,1.8,-10.9,,,,,,,,,,,,,{박무}0920-1150.  {비}1650-{비}{강도0}1800-1820.,
143,대구,1992-01-29,7.2,4.4,745,10.5,1407,,,,,,,5.3,320,1150,4.2,270,1310,1.6,1405,250,-2.5,21,1650,56,5.5,1014.3,1023.8,1040,1020.4,20,1021.7,10.3,0,1200,.89,3.81,,,,,,8.8,5.5,4.1,-3.4,,,,,,,,,,,,,{박무}0440-{박무}{강도0}0600-{박무}{강도0}0900-1130.,
143,대구,1992-01-30,4.9,2.3,740,9.5,1338,,,,,,,10,320,1525,8,320,1530,2.9,2481,290,-5.8,25,1402,48,4.1,1012.2,1022.7,0,1017.4,1410,1019.8,10.3,2.6,1200,1.13,5.29,,,,,,8,6.8,3.6,-4.1,,,,,,,,,,,,,{박무}0930-1130.,
143,대구,1992-01-31,.5,-.6,1750,2.4,0,13.83,,,,,3,6.9,290,1220,6,290,1310,3.5,3064,290,-3.8,48,0,74,4.7,1008.8,1019.3,0,1014,1529,1016.5,10.4,0,1000,.31,1.74,4,2400,4,2400,4,9,4.4,0,-8.6,,,,,,,,,,,,,{눈}0840-{눈}{강도0}0900-1020.  {눈}1150-{눈}{강도0}1200-{눈}{강도0}1500-{눈}{강도1}1800-{눈}{강도0}2100-    {눈}{강도0}2400-  {박무}0820-{박무}{강도0}0900-{박무}{강도0}1200-{박무}{강도0}1500-{박무}{강도0}1800-{박무}{강도0}2100-       {박무}{강도0}2400-,
143,대구,1992-02-01,.8,-2.4,754,4.8,1458,1.5,,,,,0,9.8,270,1422,7.3,270,1500,2.4,2114,320,-7,30,1526,60,3.7,1017.5,1030.6,2400,1016.3,0,1025.1,10.4,7.9,1200,1.82,9.46,,,4,0,,2.3,1.1,2.1,-9.6,,,,,,,,,,,,,-{눈}-0130.-{박무}-{박무}{강도0}0300-0330.,
143,대구,1992-02-02,.1,-6.3,800,5.7,1458,.67,,,,,0,7,270,1410,6.3,270,1350,1.5,1319,250,-6.4,42,1453,64.8,3.8,1020.5,1031.1,310,1023.7,2400,1028.3,10.4,3.6,1200,1.65,7.84,,,,,,4.8,3.8,1.3,-11.3,,,,,,,,,,,,,{비}2320-{눈}2350-{눈}{강도0}2400-{박무}0830-{박무}{강도0}0900-1130.{박무}2305-{박무}{강도0}2400,
143,대구,1992-02-03,1.8,.6,325,3.2,1915,16.25,,,,,10,9.2,290,2314,8.3,290,2320,2.2,1907,270,-.2,71,0,87.5,6,1009.5,1023.7,0,1013.2,1859,1017.1,10.5,0,1100,.33,1.43,.5,230,.5,230,.5,10,4.4,2.1,0,,,,,,,,,,,,,-{눈}-{비}0230-{비}{강도0}0300-{비}{강도0}0600-{비}{강도0}0900-1115.{비}1230-{비}{강도0}1500-1730.-{박무}-{박무}{강도0}0300-{박무}{강도0}0600-{박무}{강도0}0900-{박무}{강도0}1200-{박무}{강도0}1500-1750.,
143,대구,1992-02-04,1.9,-1.2,720,6.4,1517,,,,,,,9.8,320,942,7.3,270,750,3.9,3348,320,-7.3,32,1650,52,3.6,1011.7,1022.4,2400,1016.2,0,1019.4,10.5,9,1200,1.96,10.82,,,,,,1.3,.6,2.9,-8.6,,,,,,,,,,,,,,
143,대구,1992-02-05,1,-2.8,403,6.6,1635,,,,,,,5.2,290,1758,4.2,270,2130,2.1,1847,290,-8.1,31,1715,52.3,3.3,1015.5,1025.1,2400,1021.6,1440,1023.2,10.5,1.9,1100,.99,6.32,,,,,,4.5,4,1.4,-8.1,,,,,,,,,,,,,,
143,대구,1992-02-06,1.4,-4.2,733,7.5,1528,,,,,,,14,320,2319,10.8,320,2310,3.2,2802,250,-9.5,26,1606,47.3,3,1016.3,1025.5,925,1021.9,1500,1024,10.6,6.9,1200,1.61,9.42,,,,,,6.3,2.4,1.4,-10,,,,,,,,,,,,,,
143,대구,1992-02-07,-.1,-4.2,705,3.8,1502,,,,,,,13,290,1442,11.7,290,1250,4.2,3644,290,-10.8,28,1424,46,2.7,1018.4,1028,901,1024.8,0,1026.2,10.6,8.8,1200,2.03,11.86,,,,,,.5,0,.9,-9.6,,,,,,,,,,,,,,
143,대구,1992-02-08,-.9,-4.5,720,3.3,1440,,,,,,,12,290,1435,8.3,320,1410,4.7,4096,290,-11.4,29,1450,46.8,2.6,1018.9,1028.3,902,1025,1430,1026.8,10.6,8.5,1200,2.07,12.43,,,,,,0,0,-.2,-9.2,,,,,,,,,,,,,,
143,대구,1992-02-09,.4,-5.2,657,6.6,1515,,,,,,,8.5,290,1632,8,270,1140,3.2,2770,270,-8.1,33,1611,54.3,3.3,1017.8,1028.1,905,1022.6,1649,1025.6,10.7,9.4,1200,2.06,12.43,,,,,,0,0,1.2,-10.6,,,,,,,,,,,,,,
143,대구,1992-02-10,2.6,-2.2,742,8.8,1508,,,,,,,12,270,1207,11.3,320,1230,3.7,3196,320,-6.6,33,1530,53,3.7,1015.4,1025.1,2350,1020.4,1430,1023,10.7,8.4,1300,1.79,11.15,,,,,,.3,.4,2,-9.4,,,,,,,,,,,,,,
143,대구,1992-02-11,1.8,-4.6,720,9.6,1516,,,,,,,5.2,290,8,5,290,10,1.4,1191,20,-8,32,1750,49.3,3.4,1015.4,1026.4,900,1020,2100,1023.1,10.7,7.5,1200,1.69,9.75,,,,,,4,1.5,1.8,-11,,,,,,,,,,,,,{박무}1030-{박무}{강도0}1200-1230.{연무}1240-1330.,
143,대구,1992-02-12,2.4,-4.2,740,9.2,1616,,,,,,,6.1,270,1414,4.8,270,1420,1.6,1375,50,-6.4,28,1304,56.8,3.8,1011.6,1021.4,47,1016.8,1559,1019.2,10.8,7,1200,1.5,9.1,,,,,,3.3,1.3,1.7,-10.4,,,,,,,,,,,,,{박무}0730-{박무}{강도0}0900-0925.,
143,대구,1992-02-13,3.1,-.5,2400,7.6,1420,.67,,,,,0,11.1,290,1316,8,290,1440,3.7,3196,290,-5.3,33,1547,56.5,4.2,1010.4,1021.7,2341,1016.6,1430,1018,10.8,7.3,1200,1.94,11.11,,,,,,4,2.4,2.4,-6.4,,,,,,,,,,,,,{비}0610-0620.{눈}0850-{눈}{강도0}0900-0920.{박무}0720-{박무}{강도0}0900-1120.,
143,대구,1992-02-14,2.1,-2.4,440,8.4,1519,,,,,,,8,250,1015,6.5,250,1010,3.4,2902,270,-7.9,34,1512,48.5,3.4,1013.7,1023.4,1020,1019.2,1625,1021.3,10.8,9.1,1200,1.99,12.27,,,,,,1.5,0,2.3,-8.6,,,,,,,,,,,,,{박무}0630-{박무}{강도0}0900-1030.{달무리}2030-2230.,
143,대구,1992-02-15,3.5,-2.1,650,10.8,1353,,,,,,,15.2,290,2335,10,290,2340,2.9,2525,290,-4.3,39,2131,57.5,4.6,1007,1019.9,139,1010.3,1755,1014.5,10.9,5.9,1200,1.21,7.13,,,,,,4.5,2.5,2.8,-8.3,,,,,,,,,,,,,{박무}0820-{박무}{강도0}0900-{박무}{강도0}1200-1240.,
143,대구,1992-02-16,.4,-2.7,822,4.4,1455,,,,,,,14.1,290,317,12.3,290,340,5.2,4454,290,-13.6,22,1451,36,2.2,1012,1024,2400,1012.3,0,1019.6,10.9,9,1200,2.1,12.98,,,,,,0,0,1.8,-6.7,,,,,,,,,,,,,,
143,대구,1992-02-17,-.1,-6.1,720,6.8,1522,,,,,,,6.8,270,1350,5.7,270,1350,2.6,2244,270,-11.1,29,1530,45.3,2.6,1014.6,1024.4,840,1019.9,1500,1022.3,10.9,8,1100,1.56,10.69,,,,,,2.3,.9,2.2,-13.4,,,,,,,,,,,,,{박무}0830-{박무}{강도0}0900-1030.,
143,대구,1992-02-18,3.1,-1.5,725,10.4,1540,,,,,,,14.7,270,1515,11.3,250,1610,3.9,3381,270,-4.7,38,1255,57.8,4.4,1013.3,1023.7,2400,1018.4,1500,1020.8,11,8.7,1200,1.94,11.01,,,,,,2.3,2,3.4,-8,,,,,,,,,,,,,,
143,대구,1992-02-19,.1,-3.5,740,5.7,1406,,,,,,,12.5,290,1414,8.7,290,1420,5,4282,290,-12,24,1420,42,2.5,1016.3,1026,825,1021.2,1600,1024,11,8.9,1200,2.15,13.18,,,,,,2,.4,1.8,-8.1,,,,,,,,,,,,,,
143,대구,1992-02-20,-.1,-5,615,5.5,1541,,,,,,,12.2,290,1515,8.7,290,1650,4.2,3637,290,-12,27,1440,42.5,2.5,1016.9,1026.2,105,1022.1,1502,1024.6,11,9.4,1200,2.16,13.63,,,,,,.3,0,1.2,-12.6,,,,,,,,,,,,,,
143,대구,1992-02-21,0,-4.1,705,4.8,1508,,,,,,,14.2,290,1603,10.3,290,1540,3.8,3306,290,-9.7,38,1533,49,3,1017.7,1027.7,2400,1024,1602,1025.5,11.1,7.3,1200,1.85,11.36,,,,,,.5,.8,.9,-12.6,,,,,,,,,,,,,{박무}0840-{박무}{강도0}0900-0915.,
143,대구,1992-02-22,2.3,-2.4,615,8.6,1556,,,,,,,9.3,290,1612,6.3,270,1040,2.5,2182,270,-6.3,33,1603,54,3.8,1019.6,1029,836,1025.6,1500,1027.3,11.1,7.3,1300,2.01,10.66,,,,,,.5,1.4,4.2,-10.7,,,,,,,,,,,,,{박무}0730-0840.,
143,대구,1992-02-23,3,-2.5,650,10.1,1432,.2,,,,,0,9.8,320,1900,6.8,290,2220,2.7,2366,290,-4.7,35,1738,57.5,4.4,1013.9,1027.4,5,1017.4,1646,1021.5,11.1,2.5,1200,1.6,7.44,,,,,,7,5.8,2.6,-8.4,,,,,,,,,,,,,{박무}0830-{박무}{강도0}0900-1130.{비}1518-1530.,
143,대구,1992-02-24,2.8,-1,654,7.4,1511,,,,,,,16.2,290,1445,12.7,290,1410,5.7,4966,290,-6.6,35,1333,50.5,3.8,1012,1021.5,845,1017.8,1522,1019.6,11.2,9.1,1200,2.12,13.55,,,,,,1.5,1,4.5,-7.6,,,,,,,,,,,,,,
143,대구,1992-02-25,5.2,-.4,730,12,1535,,,,,,,8.6,320,1050,6.7,290,1040,2.7,2375,290,-4.3,26,1720,53,4.5,1015.9,1025.7,2152,1021.1,200,1023.4,11.2,9,1200,2.13,13.57,,,,,,0,0,6.7,-9.3,,,,,,,,,,,,,{박무}0830-{박무}{강도0}0900-0945.,
143,대구,1992-02-26,6.8,-3.1,740,16.8,1533,,,,,,,11,230,1710,9.2,230,1700,2.4,2053,50,-4.1,25,1710,50.5,4.5,1015.1,1025.6,112,1018.4,1545,1022.7,11.3,9,1200,2.06,13.04,,,,,,0,0,8.1,-10.7,,,,,,,,,,,,,{박무}0820-{박무}{강도0}0900-1110.{연무}1130-{연무}{강도0}1200-1330.,
143,대구,1992-02-27,10.6,2.5,701,20.1,1543,,,,,,,7.7,200,1828,5.7,270,1640,1.8,1532,270,2.1,32,1639,57.8,7.2,1012.5,1021.5,0,1017.8,1558,1019.9,11.3,9.3,1200,2.02,12.92,,,,,,2,2,13.3,-6.4,,,,,,,,,,,,,{박무}0830-{박무}{강도0}0900-{박무}{강도0}1200-1340.,
143,대구,1992-02-28,12.7,9.1,750,17.3,1256,5,,,,,2.1,6.1,250,1340,5.3,270,1430,1.4,1224,70,10.2,63,0,84.8,12.6,1012,1020.6,810,1018.4,408,1019.4,11.3,1,1100,1.07,5.02,,,,,,8.5,5.3,11.2,1.9,,,,,,,,,,,,,{박무}0630-{박무}{강도0}0900-{박무}{강도0}1200-{박무}{강도0}1500-{박무}{강도0}1800-{박무}{강도0}2100-{박무}{강도0}2400{비}1330-{비}{강도0}1500-1640.{비}1920-{비}{강도0}2100-2110.,
143,대구,1992-02-29,15.7,11.2,2400,19,1230,2.58,,,,,1.2,9.9,250,754,7.8,250,800,2.4,2113,50,12,73,800,83,14.1,1008.1,1019.1,0,1012.6,1545,1015.3,11.4,0,1100,.51,2.58,,,,,,9.5,7,14.2,6.9,,,,,,,,,,,,,-{박무}-{박무}{강도0}0300-{박무}{강도0}0600-0710.{비}0650-0705.{비}1240-1420.{박무}1030-{박무}{강도0}1200-{박무}{강도0}1500-{박무}{강도0}1800-{박무}{강도0}2100-{박무}{강도0}2400,
143,대구,1992-03-01,8.5,6.8,2400,11.2,0,4,,,,,2.5,14.1,110,1042,10.5,90,1200,5.7,4896,90,4.4,60,2125,76,8.5,1012.3,1024.6,2251,1015.4,402,1019.7,11.4,0,1300,.26,1.51,,,,,,10,7.3,8.5,5.8,,,,,,,,,,,,,-{박무}-{박무}{강도0}0300-{박무}{강도0}0600-{박무}{강도0}0900-{박무}{강도0}1200-{박무}{강도0}1500-1530.{비}0940-{비}{강도0}1200-1340.,
143,대구,1992-03-02,6.7,5.6,2350,7.3,1453,,,,,,,13.3,90,852,12.7,90,940,4.7,4036,90,-1.2,53,1425,57,5.6,1016.8,1026.2,2250,1023.4,650,1024.4,11.4,0,1400,.25,1.52,,,,,,10,6.5,5.5,4.4,,,,,,,,,,,,,,
143,대구,1992-03-03,5.7,3.1,2400,8.4,1332,,,,,,,9.5,70,1532,6.5,70,1700,3.6,3150,70,-3.6,42,1355,51.8,4.7,1020.2,1031.1,2225,1025.2,305,1027.8,11.5,.3,1200,1.36,6.63,,,,,,7.8,6.4,5.8,-.9,,,,,,,,,,,,,,
143,대구,1992-03-04,5.5,3.1,0,8.5,1245,2.75,,,,,1.9,11.5,70,1527,8.8,90,1010,4,3485,90,-3,42,1221,54,4.9,1019.8,1030.8,159,1023,2400,1027.4,11.5,2.3,1100,1.61,8.55,,,,,,9.3,6.1,6.1,-2.4,,,,,,,,,,,,,{비}2115-{비}{강도0}2400,
143,대구,1992-03-05,3.5,2.5,2359,4.3,1503,22.67,,,,,15.8,4,340,1208,3.7,340,1300,1.7,1487,320,1.9,76,1838,89.3,7,1010.1,1023,0,1014.9,1640,1017.7,11.6,0,1400,.54,2.22,,,,,,10,5.3,5.1,.5,,,,,,,,,,,,,-{비}-{비}{강도0}0300-{비}{강도0}0600-{비}{강도0}0900-{비}{강도0}1200-{비}{강도0}1500-{비}{강도0}1800-{비}{강도0}21002240.{박무}0230-{박무}{강도0}0300-{박무}{강도0}0600-{박무}{강도0}0900-{박무}{강도0}1200-{박무}{강도0}1500-{박무}{강도0}18002015.,
143,대구,1992-03-06,3.4,.9,2400,7.8,1520,4,,,,,.9,8,110,1947,7.2,160,1840,2.1,1833,110,-1.9,42,1520,70,5.4,1014.9,1027.7,2400,1018.4,0,1022.4,11.6,2.9,1200,1.02,7.36,,,,,,8.3,5,5,-4,,,,,,,,,,,,,{비}1710-{비}{강도0}1800-{진눈깨비}1830-{진눈깨비}{강도0}2100-2110.{박무}1810-{박무}{강도0}2100-2220.,
143,대구,1992-03-07,3.7,-1.8,730,11.2,1613,,,,,,,11,250,1510,10.3,250,1510,2.1,1786,290,-4,27,1520,64,4.6,1020.2,1030.7,905,1025.3,1757,1027.9,11.6,8.3,1200,2.37,14.15,,,,,,1.5,.4,5,-7.1,,,,,,,,,,,,,{박무}0130-{박무}{강도0}0300-{박무}{강도0}0600-{박무}{강도0}0900-1140.,
143,대구,1992-03-08,6.3,-.5,723,14,1552,,,,,,,6.2,250,1638,4,270,1710,1.9,1640,270,-4.5,17,1700,50.8,4.4,1018.4,1028.5,852,1022.4,1817,1026,11.7,9.6,1200,2.43,15.34,,,,,,.8,0,6.3,-7.1,,,,,,,,,,,,,{박무}0730-{박무}{강도0}0900-0940.{연무}1010-{연무}{강도0}1200-1430.,
143,대구,1992-03-09,7.6,-.8,715,16.4,1535,,,,,,,7.2,290,1545,6.3,290,1540,1.8,1562,270,-2.7,21,1558,52,5,1014.4,1024.7,20,1018.7,1620,1022,11.7,9.1,1200,2.3,14.82,,,,,,1.5,0,8,-6.5,,,,,,,,,,,,,,
143,대구,1992-03-10,8.2,1.5,1458,15.1,1439,,,,,,,7.3,290,1625,5.3,340,1600,2.2,1902,270,-.4,37,1505,55.3,5.9,1013.8,1023.4,2400,1018.7,1536,1021.2,11.7,4.2,1300,1.69,9.47,,,,,,3,1.6,8.3,-5.8,,,,,,,,,,,,,{박무}0830-{박무}{강도0}0900-{박무}{강도0}1200-{박무}{강도0}1500-1520.,
143,대구,1992-03-11,8.5,-.2,723,17.8,1638,,,,,,,4.1,290,1540,3.8,270,230,1.4,1183,270,-2,21,1558,52.8,5.3,1017.1,1026.7,902,1022,1555,1024.6,11.8,9.2,1200,2.08,13.61,,,,,,1.5,0,10.7,-6.2,,,,,,,,,,,,,{박무}0620-{박무}{강도0}0900-1110.{연무}1130-{연무}{강도0}1200-1430.,
143,대구,1992-03-12,10.4,3,700,19.4,1523,,,,,,,10.6,320,1550,8.5,250,1250,2.1,1790,320,-.2,25,1602,50.8,6,1016.3,1026.1,2400,1020.5,1504,1023.8,11.8,8.7,1200,2.17,13.76,,,,,,.3,0,11.8,-3,,,,,,,,,,,,,{박무}0805-{박무}{강도0}0900-{박무}{강도0}1200-1230.,
143,대구,1992-03-13,10.8,1.9,643,20.5,1500,,,,,,,6.2,250,1216,4.5,250,1220,1.5,1288,50,.1,21,1629,54,6.2,1016.7,1026.9,940,1021,1759,1024.1,11.9,9.8,1200,2.38,14.9,,,,,,.5,0,12.3,-1.8,,,,,,,,,,,,,{박무}0530-{박무}{강도0}0600-{박무}{강도0}0900-{박무}{강도0}1200-1315.,
143,대구,1992-03-14,11.8,3.4,640,19.9,1438,.25,,,,,0,5,140,2242,4.7,140,2250,1.4,1235,90,1.3,29,1500,52,6.7,1013.1,1024.2,0,1015.9,1705,1020.5,11.9,6,1300,1.82,10.31,,,,,,6.5,2.9,12.9,-3,,,,,,,,,,,,,{박무}0730-{박무}{강도0}0900-1110.{연무}1130-{연무}{강도0}1200-{연무}{강도0}1500-1630.{비}1810-1825.,
143,대구,1992-03-15,12.2,10.2,2400,16.6,1430,2.83,,,,,0,11,90,1750,9.8,90,1750,5,4279,110,6.5,52,1427,69.3,9.7,1007.7,1018.3,10,1012.1,1340,1015,11.9,3.6,1200,2.06,8.91,,,,,,9.5,5.4,12.7,7.5,,,,,,,,,,,,,{박무}0020-{박무}{강도0}0300-{박무}{강도0}0600-{박무}{강도0}0900-{박무}{강도0}1200-{박무}{강도0}1500-1730.{비}0840-{비}{강도0}0900-1120.{비}2350-{비}{강도0}2400,
143,대구,1992-03-16,6.9,3.9,2330,10.2,0,3.08,,,,,0,11.7,90,1410,10.2,90,1420,5.1,4402,90,2.2,61,1655,72,7.3,1014.9,1028,2352,1017.6,0,1022.3,12,0,1200,.35,1.86,,,,,,10,5.4,6.8,3.1,,,,,,,,,,,,,-{비}-02230.{비}2325-{비}{강도0}2400,
143,대구,1992-03-17,4.6,2.4,2343,8.5,1125,8,,,,,4,14,90,1740,12.7,90,1800,3.6,3130,90,.3,47,1215,76,6.3,1019.1,1028.6,840,1024.3,1606,1026.8,12,.9,1300,1.48,7.7,,,,,,9.5,5.6,6.8,.7,,,,,,,,,,,,,-{비}-0150.{비}1750-{비}{강도0}1800-{비}{강도0}2100-{비}{강도0}2400{박무}1740-{박무}{강도0}1800-{박무}{강도0}2100-{박무}{강도0}2400,
143,대구,1992-03-18,4.7,1.4,618,7.4,1730,12.33,,,,,6.6,7.5,250,1108,6.5,250,1210,2.3,1956,250,2.2,71,1644,83.5,7.2,1014.6,1026,2400,1020,629,1022.2,12.1,.2,1200,1.49,5.2,,,,,,9.8,5.9,6.4,.5,,,,,,,,,,,,,-{박무}-{박무}{강도0}0300-{박무}{강도0}0600-{박무}{강도0}0900-{박무}{강도0}1200-1230.{박무}2230-{박무}{강도0}2400-{비}-{비}{강도0}0300-{비}{강도0}0600-{비}{강도0}0900-{비}{강도0}1200-1220.,
143,대구,1992-03-19,8.8,5.3,520,14.1,1638,,,,,,,9.3,320,1343,8.3,320,1340,2.3,1982,290,2.1,35,1642,66.3,7.2,1019.8,1028.7,2341,1025.8,1503,1027.3,12.1,6.2,1300,1.6,10.87,,,,,,8,6.5,9.1,3.2,,,,,,,,,,,,,-{박무}-{박무}{강도0}0300-{박무}{강도0}0600-{박무}{강도0}0900-1030.,
143,대구,1992-03-20,7.4,2.4,647,11.2,1510,5.5,,,,,3.5,11.5,90,1140,10.3,90,1241,2.8,2410,90,1.6,45,37,67.3,7.1,1018.7,1029.4,752,1021.1,2332,1026.2,12.1,.7,1000,.95,6.16,,,,,,8.5,3.8,8.5,-4.2,,,,,,,,,,,,,{박무}0630-{박무}{강도0}0900-1030.  {박무}1820-{박무}{강도0}2100-{박무}{강도0}2400-                      {비}1830-{비}{강도0}2100-{비}{강도0}2400-,
143,대구,1992-03-21,7.7,5,2400,12.3,1442,10.33,,,,,2.5,12.7,110,2143,10.2,110,2150,3,2603,290,3,45,1623,74.8,7.6,1016,1030.3,2400,1019.4,255,1023.6,12.2,.5,1200,1.63,7.22,,,,,,9,4.8,8.7,3.6,,,,,,,,,,,,,-{비}-{비}{강도0}0300-{비}{강도0}0600-{비}{강도0}0900-1020.-{박무}-0250.{박무}0930-1130.,
143,대구,1992-03-22,8.4,2.2,607,14.7,1545,,,,,,,9.1,90,1801,7.8,90,1840,2.1,1842,70,1.6,35,1540,66,6.9,1022.6,1033.2,920,1027.3,1950,1030.2,12.2,8,1100,2.12,14.9,,,,,,3.3,2.5,10.3,-3.9,,,,,,,,,,,,,,
143,대구,1992-03-23,7.1,5.1,844,9.2,0,12.5,,,,,19.3,10.8,90,415,6.8,90,540,2.5,2186,90,4.5,66,0,84,8.4,1014.6,1027.5,0,1019.4,1438,1022.1,12.2,0,1100,.41,2.33,,,,,,10,5.4,7.9,4.6,,,,,,,,,,,,,{비}0230-{비}{강도0}0300-{비}{강도0}0600-{비}{강도0}0900-{비}{강도0}1200-1430.{비}1550-1620.{박무}0630-0830.{박무}1030-{박무}{강도0}1200-1340.,
143,대구,1992-03-24,8.6,6.5,429,11.8,1410,,,,,,,7.9,140,1245,5,140,1246,2,1737,90,5.4,62,1357,80.8,8.9,1012.3,1020.9,53,1017.3,1503,1019.7,12.3,.9,1200,2.01,5.31,,,,,,10,4.8,8.7,5.6,,,,,,,,,,,,,{박무}0430-{박무}{강도0}0600-{박무}{강도0}0900-1130.{박무}1730-{박무}{강도0}1800-{박무}{강도0}2100-{박무}{강도0}2400,
143,대구,1992-03-25,10.7,6.7,700,15.6,1526,,,,,,,9.1,320,1134,5.3,320,510,2.8,2432,290,1.1,28,1518,55.8,6.8,1012,1021.7,1127,1017.2,1557,1019.4,12.3,8.5,1100,2.15,13.66,,,,,,7.8,6.5,11.9,3.8,,,,,,,,,,,,,-{박무}-{박무}{강도0}0300-{박무}{강도0}0600-0636.,
143,대구,1992-03-26,11.2,8.4,559,15.1,1550,,,,,,,13.8,90,1842,8.3,90,1250,3.6,3079,90,3,49,1145,57.3,7.6,1014.5,1023.5,2400,1019.5,111,1021.9,12.4,5.4,1400,1.78,11.42,,,,,,6,4.8,12,5.3,,,,,,,,,,,,,{박무}0630-{박무}{강도0}0900-1030.,
143,대구,1992-03-27,10.8,6.9,545,16,1450,,,,,,,15.5,90,1422,8.3,90,1421,3.8,3301,90,2.4,35,1530,57.8,7.3,1016.5,1026.3,2350,1022.5,1415,1024,12.4,8.5,1200,2.56,16.3,,,,,,5,2.9,12.5,3.6,,,,,,,,,,,,,{박무}0430-{박무}{강도0}0600-0630.,
143,대구,1992-03-28,10.1,6.3,605,15,1235,,,,,,,15.3,90,1552,10,90,1620,3.8,3292,90,4,41,1220,66.5,8.1,1015.4,1026.3,0,1020.2,1610,1022.8,12.4,2.8,1200,1.9,10,,,,,,8,2.6,9.9,1,,,,,,,,,,,,,,
143,대구,1992-03-29,12.2,7.2,126,20,1646,,,,,,,8,140,1830,5.2,140,1830,1.6,1355,140,5.4,32,1700,66,9,1009.4,1020.8,0,1012.7,1713,1016.8,12.5,6.8,1100,2.42,14.51,,,,,,6.5,2.6,13.6,1.8,,,,,,,,,,,,,{박무}0620-{박무}{강도0}0900-1030.,
143,대구,1992-03-30,11.6,4.5,650,20.9,1600,,,,,,,9.2,110,1833,5.3,110,1840,2.1,1810,110,4.6,23,1710,68,8.5,1012.5,1022.4,2205,1017,0,1019.7,12.5,9.4,1200,2.62,18.01,,,,,,.5,0,14.9,-.2,,,,,,,,,,,,,{박무}0520-{박무}{강도0}0600-{박무}{강도0}0900-1010.{박무}1920-{박무}{강도0}2100-{박무}{강도0}2400{연무}1030-{연무}{강도0}1200-1240.,
143,대구,1992-03-31,13.2,5.6,630,20.2,1457,1.75,,,,,.1,8.7,230,1703,5.7,270,1600,1.7,1476,90,5.2,32,1700,61.5,8.8,1011.5,1022.1,0,1015.2,1820,1018.8,12.5,6.5,1200,2.59,14.23,,,,,,5.5,3.1,14.8,.6,,,,,,,,,,,,,-{박무}-{박무}{강도0}0300-{박무}{강도0}0600-{박무}{강도0}0900-1130.{연무}1155-{연무}{강도0}1200-1430.{비}2215-{비}{강도0}2400,
143,대구,1992-04-01,14.8,10.4,535,21.7,1549,5.25,.4,142,.6,100,1.3,13.1,320,1149,6,270,1240,3.2,2769,320,5,28,1540,56.3,8.8,1004.7,1016.4,0,1007.3,1514,1011.9,12.6,7.3,1200,2.74,16.23,,,,,,7.5,3.4,17,9.3,,,,,,,,,,,,,-{비}-{비}{강도0}0300-0515.  {박무}0540-{박무}{강도0}0600-{박무}{강도0}0900-{박무}{강도0}1200-1230.,
143,대구,1992-04-02,14.6,9.5,1641,22.2,1539,,,,,,,11,110,1932,5.7,110,1930,2.9,2516,270,4.3,28,1600,51.8,8.3,1008.5,1018.5,2255,1013.1,0,1015.7,12.6,10.2,1200,2.76,19.76,,,,,,1,.4,17.9,2.9,,,,,,,,,,,,,{박무}0520-{박무}{강도0}0600-{박무}{강도0}0900-1020.  {연무}1030-{연무}{강도0}1200-1430.,
143,대구,1992-04-03,13.9,6.2,622,20.9,1604,,,,,,,8.4,140,2050,4.3,110,1720,1.3,1140,90,4.6,26,1455,57.3,8.6,1010.6,1019.8,700,1015.4,1642,1017.9,12.7,6.4,1000,1.89,13.16,,,,,,3,0,15.9,.4,,,,,,,,,,,,,{박무}0220-{박무}{강도0}0300-{박무}{강도0}0600-{박무}{강도0}0900-1030.  {연무}1040-{연무}{강도0}1200-1430.,
143,대구,1992-04-04,13.6,10,730,18.7,1643,,,,,,,7,110,15,4.2,110,20,1.9,1600,90,6,33,1730,62.5,9.4,1005.7,1017.1,20,1010.9,1604,1013,12.7,1,1100,1.08,7.01,,,,,,7,5.9,13.4,3.7,,,,,,,,,,,,,{박무}0530-{박무}{강도0}0600-{박무}{강도0}0900-1140.  {연무}1145-{강도0}1200-1340.,
143,대구,1992-04-05,16.5,7.9,535,26.4,1604,,,,,,,8,110,2000,4.5,110,1950,1.4,1242,90,6.9,26,1526,57.5,10,1007.2,1018.6,2400,1011.9,250,1014.4,12.7,10.1,1200,2.7,19.3,,,,,,.8,0,18.9,1.6,,,,,,,,,,,,,,
143,대구,1992-04-06,13,9.3,2330,19.4,1310,,,,,,,16.6,90,2039,9.8,90,2119,5.3,4594,110,8,51,1242,72.3,10.8,1012.5,1024.7,2400,1017.8,1416,1019.8,12.8,6.9,1100,2.37,14.33,,,,,,5.8,3.8,15.8,4.9,,,,,,,,,,,,,{박무}0320-{박무}{강도0}0600-{박무}{강도0}0900-1120.  {연무}1130-{연무}{강도0}1200-{연무}{강도0}1500-1510.,
143,대구,1992-04-07,11.1,9.1,300,14.2,1155,,,,,,,12.5,90,1314,8.3,90,0,4.8,4190,110,6.2,57,1148,71.8,9.5,1019.9,1029.5,1027,1024.6,100,1027.4,12.8,.5,1100,1.56,7.71,,,,,,8.5,6.6,12.7,8.5,,,,,,,,,,,,,,
143,대구,1992-04-08,16,9.2,700,22.1,1504,3.17,1.3,2310,4.5,2252,6.8,10.3,230,1537,6.7,250,1620,2.5,2203,250,9.2,46,1800,65.5,11.7,1017,1028,0,1020.2,1550,1024.2,12.8,5.4,1100,2.48,15.74,,,,,,6.5,4,19.8,5.6,,,,,,,,,,,,,{연무}1130-{연무}{강도0}1200-1330.  {소나기}2050-{소나기}{강도0}2100-{비}2230-{비}{강도0}2400-               {박무}2210-{박무}{강도0}2400-,
143,대구,1992-04-09,12.7,10.6,2032,15.3,1210,24,1.7,1830,6.9,1820,66.5,11.3,90,2207,7.5,90,2129,3.8,3268,110,10.8,82,1230,88.5,13,1009.7,1021.9,0,1009.4,2400,1017,12.9,0,1100,1.01,4.42,,,,,,10,5.6,13.5,10.3,,,,,,,,,,,,,-{비}-{비}{강도0}0300-{비}{강도0}0600-{비}{강도0}0900-{비}{강도0}1200-{비}{강도0}1500-{비}{강도0}1800-{비}{강도0}2100-   {비}{강도0}2400-  -{박무}-{박무}{강도0}0300-{박무}{강도0}0600-{박무}{강도0}0900-{박무}{강도0}1200-{박무}{강도0}1500-{박무}{강도0}1800- {박무}{강도0}2100-{박무}{강도0}2400-,
143,대구,1992-04-10,10.1,7.7,2338,11.8,720,22,1,1429,3.2,200,24.1,16.1,90,157,10.2,90,110,4.3,3673,110,8.2,76,1216,87.3,10.9,998.2,1010.9,2251,1002.4,556,1005.6,12.9,0,1200,.61,3.7,,,,,,10,5.1,11.2,7.5,,,,,,,,,,,,,-{비}-{비}{강도0}0300-{비}{강도0}0600-{비}{강도0}0900-{비}{강도0}1200-1250.  {비}1320-{비}{강도0}1500-       {비}{강도0}1800-1830.  {비}1940-{비}{강도0}2100-2340.                                 -{박무}-{박무}{강도0}0300-{박무}{강도0}0600-{박무}{강도0}0900-{박무}{강도0}1200-1230.,
143,대구,1992-04-11,10,7.3,550,14,1503,6.33,.3,1955,.6,1920,1.3,15.9,290,2359,10,290,2400,2.3,1963,290,6.2,49,2400,78.8,9.5,1002.3,1011.7,1052,1006.6,1820,1009.6,13,.8,1200,1.99,8.1,,,,,,9,5.1,12.2,4.2,,,,,,,,,,,,,{비}0010-0250.  {비}0410-0510.  {비}1740-{비}{강도0}1800-2020.                     {박무}0520-{박무}{강도0}0600-{박무}{강도0}0900-1130.,
143,대구,1992-04-12,7.3,4.2,532,12.5,1530,.08,0,,0,,0,14.2,290,1306,11.7,290,1308,5.8,5001,320,-2.6,26,1212,50.5,5.1,1003.4,1017.1,2400,1009.1,400,1010.8,13,8.7,1300,2.78,19.32,,,,,,1.8,1.5,11.5,-1.8,,,,,,,,,,,,,{소나기}0810-0815.,
143,대구,1992-04-13,9.9,3.2,458,16.9,1550,,,,,,,8,110,1947,6.3,110,1950,2.5,2118,270,1,31,1530,56.5,6.6,1009.7,1018.7,924,1015.1,1651,1017.1,13,10.4,1200,2.93,21.2,,,,,,1.8,1,14,-1.5,,,,,,,,,,,,,,
143,대구,1992-04-14,12.1,5.5,640,19,1505,.52,.6,2016,.6,2005,.6,7.3,140,2152,5.7,110,2150,2.1,1798,70,3.7,32,1312,60,8,1009.1,1018.5,30,1013.3,1720,1016.4,13.1,7.2,1200,2.78,17.99,,,,,,3.5,2.4,16.1,.8,,,,,,,,,,,,,{박무}0830-{박무}{강도0}0900-1110.  {연무}1120-{연무}{강도0}1200-1230.  {소나기}2005-2036.,
143,대구,1992-04-15,9.2,6.2,2354,13.1,1520,4.17,1.2,727,2.9,650,4,18.7,270,1736,10.7,270,1740,5.5,4735,290,2.6,33,1634,65.3,7.5,1005.2,1015.3,2400,1010.8,1520,1012.6,13.1,6,1400,2.48,15.54,,,,,,6.3,4.4,10.9,3.2,,,,,,,,,,,,,{비}0505-0535.  {비}0550-{비}{강도0}0600-{비}{강도0}0900-0930.  {박무}0520-{박무}{강도0}0600-0830.,
143,대구,1992-04-16,9.3,4.9,422,15.1,1458,,,,,,,10,270,20,6,270,30,3.1,2704,270,1,36,1458,57.3,6.6,1008.8,1017.8,846,1014.8,1612,1016.2,13.1,6,1000,2.25,14.72,,,,,,3.8,4.4,13.6,1.2,,,,,,,,,,,,,,
143,대구,1992-04-17,12.4,3.7,600,20.9,1556,,,,,,,12.8,250,1446,8,250,1450,2.6,2245,50,3.7,29,1235,59.5,8,1005.7,1016.6,0,1008.3,2400,1013,13.2,10.5,1200,2.88,20.98,,,,,,1.3,1.5,15.6,-1,,,,,,,,,,,,,{박무}0815-{박무}{강도0}0900-0915.,
143,대구,1992-04-18,14.7,10.5,2351,21.5,1213,5,3.2,1521,6,1446,7.7,11.3,230,1229,8.3,230,1220,3.3,2819,320,11.1,56,2228,78.8,13.3,999.5,1011.8,2400,1004.3,1452,1006.8,13.2,.9,1100,1.9,5.4,,,,,,7.8,3.5,13.9,6.6,,,,,,,,,,,,,{비}1315-{비}{강도0}1500-{비}{강도0}1800-1815.  {박무}1530-1740.,
143,대구,1992-04-19,14.6,7,559,23.4,1557,,,,,,,13.6,270,1718,7,270,1740,3.1,2713,290,.4,16,1740,42.5,6.4,1004.7,1014.6,954,1008.9,1620,1011.9,13.2,11.5,1200,3.09,23.22,,,,,,0,0,16.6,1.6,,,,,,,,,,,,,,
143,대구,1992-04-20,16.5,7.5,558,26.7,1608,,,,,,,10,200,1633,6.2,160,1720,2.1,1797,20,1.5,18,1830,39,6.9,1007.6,1017,904,1011.4,1757,1014.7,13.3,9.6,1200,2.99,20.95,,,,,,2.3,1.1,17.6,2.5,,,,,,,,,,,,,{연무}0950-{연무}{강도0}1200-1340.,
143,대구,1992-04-21,17.5,9.5,530,25.5,1350,3.08,1.5,2300,3.3,2250,4.6,15,230,1426,9.3,230,1440,2.6,2284,180,7.7,32,1043,53.8,11.3,1001.3,1015,0,1003.1,2400,1008.5,13.3,9.7,1100,2.8,20.45,,,,,,3,2.4,20.1,3.1,,,,,,,,,,,,,{비}1905-1925.  {비}2115-{비}{강도0}2400-,
143,대구,1992-04-22,17.1,12.5,629,22.2,1557,2.25,.3,0,1.2,0,1.7,15.2,270,1352,10.7,270,1411,5.2,4505,290,2.4,20,1600,41.8,7.7,999.7,1012.7,2355,1001.9,143,1006.9,13.3,11.5,1200,3.22,24.37,,,,,,1.8,1.3,19.5,7.2,,,,,,,,,,,,,-{비}-0215.,
143,대구,1992-04-23,17,7,605,26,1432,,,,,,,14,200,1418,9.2,230,1450,3.6,3081,250,.9,19,1213,36.3,6.5,1006.3,1016,831,1010.4,1612,1013.4,13.4,11.4,1100,3.09,22.95,,,,,,1.3,.9,18.3,1.3,,,,,,,,,,,,,{연무}0830-{연무}{강도0}0900-1130.,
143,대구,1992-04-24,17.5,11.4,545,23,1530,,,,,,,14.7,270,1449,11.5,270,1459,4.3,3757,320,2.7,24,1610,38.8,7.8,1005.9,1019.1,2302,1010.5,1504,1013.1,13.4,9.3,1300,2.65,17.66,,,,,,0,.8,20.3,4.4,,,,,,,,,,,,,{황사}1440-{황사}{강도0}1500-{황사}{강도0}1800-2045.,
143,대구,1992-04-25,16.3,7.5,620,23.5,1517,,,,,,,7,320,1529,6.2,290,10,2.7,2359,270,1.3,22,1650,37.3,6.8,1012.5,1022.4,826,1016.8,1610,1019.8,13.5,11.1,1200,3.11,23.19,,,,,,.8,0,21.2,2,,,,,,,,,,,,,,
143,대구,1992-04-26,19.3,10.5,556,27.7,1502,,,,,,,6,250,1946,5,250,1950,2.7,2356,270,5.4,25,1402,41.5,9,1008.1,1019.1,0,1011.2,1801,1015.2,13.5,10.9,1200,3.32,22.88,,,,,,2,0,23,5.7,,,,,,,,,,,,,,
143,대구,1992-04-27,20.2,9.9,605,28.9,1620,,,,,,,7.6,250,1845,5.8,250,1830,2.5,2180,320,6.8,20,1432,46,10,1002.5,1013.1,0,1005.4,1638,1009.5,13.5,11.5,1100,3.19,24.43,,,,,,0,0,24.2,4.6,,,,,,,,,,,,,,
143,대구,1992-04-28,19.6,10.4,615,28.9,1542,,,,,,,10.1,270,2131,7.3,270,2100,2.9,2482,270,8.8,26,1215,53,11.5,1001,1012.8,2400,1004,1610,1008.1,13.6,10,1100,2.94,21.92,,,,,,1.5,1.5,24.5,4.6,,,,,,,,,,,,,,
143,대구,1992-04-29,16.6,12,2400,21.9,1350,2.33,.2,2330,.4,2300,.6,10.4,90,1223,8.3,90,640,5.2,4532,90,7.7,35,1430,57.5,10.6,1005.1,1017,900,1006.4,2400,1012.3,13.6,8.5,1100,2.76,19.61,,,,,,5,4.4,20.6,7.7,,,,,,,,,,,,,{비}2140-{비}{강도0}2400-  {박무}0330-{박무}{강도0}0600-0640.,
143,대구,1992-04-30,11.8,9.7,511,16.8,1539,11.58,.9,800,1.4,740,5.1,7.4,110,1829,6.2,110,1840,2.4,2104,290,8.8,56,1545,82.5,11.3,999.3,1011.5,2400,1003.4,453,1006.6,13.6,2,1200,1.98,8.71,,,,,,8.5,4.8,14.8,5.6,,,,,,,,,,,,,-{비}-{비}{강도0}0300-{비}{강도0}0600-{비}{강도0}0900-1035.  {비}1810-1830.  {소나기}1905-1945.      {박무}0730-{박무}{강도0}0900-0930.  {뇌전}{강도0}(SE 5-7)1910-1920.,
143,대구,1992-05-01,13.8,8.3,300,19.5,1448,,,,,,,7,270,1302,4.7,290,2000,1.9,1678,290,6.8,40,1400,65.8,9.9,1004.6,1014.6,1000,1009.1,1800,1011.9,13.6,6.9,1200,2.61,16.17,,,,,,7.3,4.9,16.9,4.1,,,,,,,,,,,,,{박무}0530-{박무}{강도0}0600-{시정(미만)}{1km}{안개}0730-{시정(미만)}{0.5km}{안개}0745-{시정(이상)}{0.5km}{안개}0810-{시정(이상)}{1km}{박무}0840-{박무}{강도1}0900- 1040.,
143,대구,1992-05-02,16.5,9.4,600,23.9,1536,,,,,,,14.7,270,938,11,270,1100,4.6,4003,270,3.1,27,1545,42.3,7.7,1006.5,1016.2,2330,1011.7,0,1013.7,13.7,11.9,1200,3.26,25.34,,,,,,0,0,19.7,5.1,,,,,,,,,,,,,,
143,대구,1992-05-03,19.4,10,600,29.2,1441,,,,,,,11.4,270,1539,9.2,270,1600,3.8,3310,250,5.7,26,1544,42.8,9.2,1009.5,1018.1,731,1014.2,1540,1016.6,13.7,11,1200,3,20.94,,,,,,2.5,0,23.4,4,,,,,,,,,,,,,,
143,대구,1992-05-04,20.3,15.5,2400,27.4,1415,,,,,,,8.7,70,1827,7,90,1530,3.9,3350,90,7.6,29,1352,44.5,10.4,1013.6,1022.7,2400,1017.7,0,1020.7,13.7,10.3,1300,2.86,22.2,,,,,,4,0,24.1,8.3,,,,,,,,,,,,,,
143,대구,1992-05-05,18.4,11.3,610,26.4,1445,,,,,,,12.3,70,1610,8.8,70,1630,4.9,4225,70,6.3,25,1500,49,9.7,1014.5,1023,2330,1018.8,1600,1021.7,13.8,11.3,1100,3.04,24.67,,,,,,4.3,3,22.2,7.7,,,,,,,,,,,,,,
143,대구,1992-05-06,15.2,14,2346,18.1,1159,1.08,0,,0,,0,12,70,702,8.7,70,710,5.2,4506,70,9.9,51,0,70.5,12.2,1012.2,1022.9,0,1015.3,2400,1019.5,13.8,0,1100,1.03,5.41,,,,,,9.8,5.3,15.7,13,,,,,,,,,,,,,{비}1430-{비}{강도0}1500-1535.,
143,대구,1992-05-07,18.5,13.3,110,22.4,1340,10,1,829,1.7,524,5.8,9.1,250,2222,6,250,2220,2.8,2413,70,16.2,74,1345,86.3,18.7,998.7,1015.3,0,1000.2,2330,1005.7,13.8,.3,1000,.76,3.39,,,,,,10,5.3,18.5,12.5,,,,,,,,,,,,,{비}0430-{비}{강도0}0600-0640.  {비}0825-{비}{강도0}0900-0930.  {비}1105-{비}{강도0}1200-{비}{강도0}1500-1640.  {비}1730-{비}{강도0}1800-1840.  {박무}0530-{박무}{강도0}0600-0620.,
143,대구,1992-05-08,19.1,15.1,1117,21.6,0,8.08,1.7,254,6.7,224,13.9,8.2,230,203,7.2,90,1410,3.5,3043,90,15.5,67,2032,80,17.8,997.7,1010.4,2339,1000.1,12,1004.7,13.9,1.8,1400,2.34,11.08,,,,,,8.8,4,19.3,12.9,,,,,,,,,,,,,{비}0215-{비}{강도0}0300-{비}{강도0}0600-{비}{강도0}0900-1020.                               {박무}0150-{박무}{강도0}0300-{박무}{강도0}0600-{박무}{강도0}0900-1130.,
143,대구,1992-05-09,17.4,13,2345,23.4,1458,,,,,,,12.2,70,2025,10,70,1740,5.1,4418,270,4.9,22,1344,47,8.9,1007.2,1021.5,2352,1009.9,31,1014.5,13.9,11.9,1200,3.42,25.74,,,,,,1.8,0,22.2,8.3,,,,,,,,,,,,,,
143,대구,1992-05-10,14.6,7.3,545,20.1,1410,,,,,,,13.8,70,1306,8.8,70,1310,4.3,3707,70,3.6,29,1440,50,8,1016.9,1028.3,2400,1021.5,0,1024.2,13.9,11.9,1100,3.36,26.29,,,,,,.8,0,20.3,2.3,,,,,,,,,,,,,,
143,대구,1992-05-11,14.8,7.8,555,20.9,1509,,,,,,,11.6,110,1241,9,90,910,4.3,3722,90,5.5,33,1636,55.8,9.1,1019.8,1029.3,752,1024.6,1800,1027.1,14,11.7,1200,3.34,26,,,,,,1,0,18.6,2.6,,,,,,,,,,,,,,
143,대구,1992-05-12,16.3,6.2,538,24.1,1502,,,,,,,9.2,90,2302,6.2,90,2310,2.5,2190,70,8,29,1121,61.5,10.9,1015.8,1026.9,0,1019.2,1730,1023.1,14,10.5,1100,3.2,21.9,,,,,,3.3,.4,20.8,1.8,,,,,,,,,,,,,,
143,대구,1992-05-13,16.7,14.3,2400,21.3,1728,7,.4,1142,1.1,1111,2.3,9.5,90,18,4.7,90,300,2.8,2408,90,14.1,69,1730,84.8,16.1,1009,1020.3,0,1012.5,1742,1016.2,14,1.2,1600,1.13,4.93,,,,,,7.8,4,17.3,10.2,,,,,,,,,,,,,{비}0540-{비}{강도0}0600-{비}{강도0}0900-{비}{강도0}1200-1240.                               {박무}0530-{박무}{강도0}0600-{박무}{강도0}0900-{박무}{강도1}1200-{박무}{강도0}1500-1630.,
143,대구,1992-05-14,16.6,11.8,424,23.2,1512,,,,,,,14.5,70,1635,9,70,1800,4.4,3835,70,9.1,44,1459,62.3,11.6,1012.2,1021.4,2116,1017.5,1618,1019.4,14,9.9,1200,3.35,23.88,,,,,,2.3,2.3,20.6,6.6,,,,,,,,,,,,,,
143,대구,1992-05-15,15.3,13.1,510,18.6,1614,,,,,,,8.8,70,1114,6.2,90,1300,4.1,3566,90,10.3,61,1647,72.8,12.6,1008.5,1019.7,0,1013.2,1740,1015.8,14.1,1.3,1500,1.58,9.94,,,,,,7.3,5.3,17.5,8.3,,,,,,,,,,,,,,
143,대구,1992-05-16,16.7,11,611,23,1634,,,,,,,7.5,320,1634,5,340,1220,2.3,1950,320,11.2,47,1642,71,13.3,1004.8,1013.8,720,1009.9,1725,1011.9,14.1,5.9,1000,2.38,15.16,,,,,,5.5,4.1,19.1,8.4,,,,,,,,,,,,,{박무}0630-{박무}{강도0}0900-1140.,
143,대구,1992-05-17,18.4,13.1,522,23.7,1630,,,,,,,7,230,1418,5.7,230,1420,2.1,1845,250,10.9,41,1408,63.8,13.1,1003.5,1012.2,0,1008.1,1740,1010.6,14.1,4.2,1400,3.21,19.57,,,,,,6.5,5.3,21.6,9.9,,,,,,,,,,,,,{박무}0430-{박무}{강도0}0600-{박무}{강도0}0900-1020.,
143,대구,1992-05-18,19,13.9,455,26.5,1430,,,,,,,8.9,270,1332,6.7,250,640,3.6,3124,250,10.9,34,1746,62,13.1,1001.7,1011.7,2352,1006.6,1612,1008.9,14.1,11,1200,3.67,31.1,,,,,,5.3,2.6,24.8,8.8,,,,,,,,,,,,,{박무}0530-{박무}{강도0}0600-{박무}{강도0}0900-0940.  {달무리}2130-,
143,대구,1992-05-19,20.7,13,610,29.1,1606,,,,,,,10,290,1715,5.5,290,1640,3,2567,230,9.6,26,1658,52.8,11.9,1003,1012.4,730,1006.4,1805,1010.1,14.2,11.8,1300,3.62,27.66,,,,,,5,1.9,25.1,8.8,,,,,,,,,,,,,{박무}0430-{박무}{강도0}0600-0830.  -{달무리}-0230.,
143,대구,1992-05-20,21.8,13.5,543,29.3,1353,,,,,,,15.2,290,1215,9.5,290,1250,3.6,3111,290,9.2,30,1340,46.8,11.7,999.8,1008.2,0,1004.2,1633,1006.9,14.2,10.6,1200,3.79,29.11,,,,,,2,.5,23.9,7.9,,,,,,,,,,,,,,
143,대구,1992-05-21,23.1,14.1,550,31,1549,,,,,,,13,290,1515,8.8,290,1540,3.1,2645,270,8.8,21,1630,41.8,11.4,999.4,1008.3,716,1003.9,1740,1006.3,14.2,11.8,1200,3.16,24.72,,,,,,2.5,1.8,26.7,10.2,,,,,,,,,,,,,{천둥}{강도0}(SW)1450-{천둥}{강도0}(SW)1500-1508.,
143,대구,1992-05-22,21.3,15.1,535,30.1,1410,.13,0,,0,,0,13.8,270,1314,9,110,2004,4.1,3524,290,9.9,27,1350,50.8,12.3,999.5,1009.4,2400,1004.8,1540,1006.5,14.2,12,1200,3.33,24.07,,,,,,3.8,1.4,25.7,7.8,,,,,,,,,,,,,{비}2342-2350.  {박무}0730-{박무}{강도0}0900-0950.,
143,대구,1992-05-23,18.2,13.7,605,24.7,1403,5.17,.4,336,1.4,247,4.6,12,230,1438,8,230,1450,3.6,3122,270,9.5,35,1503,60.8,12.1,999.1,1009.7,143,1002.3,1734,1006.2,14.3,6.3,1100,3.39,19.56,,,,,,6.8,3.8,20.9,8.3,,,,,,,,,,,,,{비}0120-{비}{강도0}0300-{비}{강도0}0600-0630.,
143,대구,1992-05-24,16.7,11.7,2310,24.4,1517,1.28,.2,1830,.6,1807,.6,12.7,70,1547,10,90,1620,4,3477,270,8.5,29,1522,61.8,11.1,1000.3,1011.9,2347,1005.6,210,1007.5,14.3,8.9,1200,3.28,21.32,,,,,,3.3,2.8,22.8,6.6,,,,,,,,,,,,,{뇌전}{강도0}(NW 5-7)1802-{뇌전}{강도0}(NW{이동}W 4-5)1810-1820.  {소나기}1803-1902.,
143,대구,1992-05-25,14.6,9.1,535,20.3,1352,4.88,1.3,1738,5.5,1655,8.4,10.7,320,1618,7,320,1630,2.4,2064,70,8.7,45,1346,69.3,11.3,1002.6,1012,720,1007.2,1615,1009.8,14.3,6.1,1100,2.66,15.2,,,,,,7,4.9,19.8,5.4,,,,,,,,,,,,,{소나기}1625-{소나기}{강도0}1800-1805.  {소나기}1822-1925.  {소나기}2145-2355.  {박무}1640-1745.,
143,대구,1992-05-26,14.3,9.9,252,20.4,1327,3.72,.9,1834,1.7,1745,3.6,11.5,230,1635,7.8,230,1650,3,2629,270,10.2,51,1312,77,12.5,1002,1012.4,2310,1007.5,1512,1009.2,14.3,5.5,900,2.64,16.19,,,,,,5.3,4.1,17.9,7,,,,,,,,,,,,,{소나기}0010-0048.  {소나기}1340-1345.  {소나기}1430-1445.  {소나기}1630-1710.                {소나기}1740-{소나기}{강도0}1800-1845.  {소나기}1910-2010.  {천둥}{강도0}(NE)1835-1840.,
143,대구,1992-05-27,13.9,9.1,538,21.1,1506,2.05,.5,717,2.3,707,2.4,10.2,110,1647,10,110,1741,2.5,2156,340,8.9,37,1512,75.3,11.4,1005.6,1014.7,830,1011.3,1628,1012.8,14.3,6.2,1000,2.79,18.23,,,,,,6,4.4,17.2,6,,,,,,,,,,,,,{박무}0320-{시정(미만)}{1km}{안개}0510-{시정(미만)}{0.5km}{안개}0520-{시정(이상)}{0.5km}{안개}0540-{안개}{강도1}0600-{시정(이상)}{1km}{박무}0740-{박무}{강도0}0900- 1130.  {비}0705-0855.  {소나기}1650-1703.,2.5
143,대구,1992-05-28,17.6,10.3,542,26,1345,.58,0,,0,,0,9.5,270,1038,6.7,270,1050,2.5,2142,320,10.4,39,1334,64.3,12.6,1004.4,1014.4,0,1008.6,1900,1011.6,14.4,9,1100,3.07,21.34,,,,,,4,1.9,21,5.9,,,,,,,,,,,,,{소나기}1435-{소나기}{강도0}1500-1510.  {박무}0250-{박무}{강도0}0300-{박무}{강도0}0600-0820.,
143,대구,1992-05-29,17.4,14.1,445,22.3,1250,3,3.2,1339,8.6,1325,13.8,6.2,140,2235,4.7,70,1341,2,1715,70,13.1,55,935,76.8,15.2,999.4,1008.6,0,1005,1815,1006.6,14.4,.7,1200,1.28,8.47,,,,,,4.8,3.1,18.4,9.6,,,,,,,,,,,,,{소나기}0945-1010.  {소나기}1245-{소나기}{강도1}1500-1520.  {박무}0830-{박무}{강도0}0900-1030.  {박무}1430-   {박무}{강도0}1500-{박무}{강도0}1800-1830.  {천둥}{강도0}(N)1240-{뇌전}{강도0}(N{이동}NW5-7)1255-{뇌전}{강도0}(NW{이동}W4-5)1312-{뇌전}{강도2}(W1-2)1330-{뇌전}{강도2}(W{이동}SW2-3)1350-{뇌전}{강도0}(SW{이동}S4-5)1415-1425.,
143,대구,1992-05-30,18.2,12.4,440,26.1,1323,,,,,,,9,140,2017,7.2,140,2051,3.4,2899,90,12.2,41,1336,70.5,14.2,1001.4,1010.7,2300,1006.6,1700,1008.5,14.4,9.3,1200,3.19,23.28,,,,,,1,.6,19.7,8.7,,,,,,,,,,,,,{박무}0430-{박무}{강도0}0600-{시정(미만)}{1km}{안개}0710-{시정(미만)}{0.5km}{안개}0740-{시정(이상)}{0.5km}{안개}0810-{시정(이상)}{1km}{박무}0830-{박무}{강도0}0900- 1140.,1.33
143,대구,1992-05-31,20.6,12.9,515,29.7,1630,,,,,,,6.5,140,2000,5.2,140,1950,2.3,2006,90,14,39,1637,67.8,16.1,1003.7,1013.1,2400,1008.2,1700,1010.8,14.4,10.6,1200,2.94,23.06,,,,,,2.3,1.5,24.5,10.2,,,,,,,,,,,,,{박무}0230-{박무}{강도0}0300-{박무}{강도0}0600-{박무}{강도0}0900-{박무}{강도0}1200-1320.,
143,대구,1992-06-01,24.5,15.7,540,33.4,1611,,,,,,,7.1,270,1604,4,250,1932,1.8,1590,270,15.1,30,1803,59,17.2,1005.3,1013.8,810,1009.7,1810,1012.3,14.4,11.9,1200,3.09,24.31,,,,,,1,0,28.3,12.1,,,,,,,,,,,,,{박무}0510-{박무}{강도0}0600-0830.,
143,대구,1992-06-02,26.5,17.5,524,35,1620,,,,,,,7,270,1601,5.7,200,1850,2,1770,270,14.3,21,1631,51.8,16.5,1006,1015.3,716,1010.4,1757,1013,14.4,11.9,1200,3.24,26.07,,,,,,0,0,31.5,12.4,,,,,,,,,,,,,{박무}0330-0540.,
143,대구,1992-06-03,24.8,19.7,550,30.9,1331,,,,,,,8,250,1416,7,200,1437,2.6,2263,270,15.5,30,1252,58,17.7,1004.1,1012.8,0,1008.8,1555,1011.1,14.5,7.8,1200,2.96,18.12,,,,,,5.8,5.5,27.9,14.5,,,,,,,,,,,,,{박무}0420-{박무}{강도0}0600-{박무}{강도0}0900-1130.,
143,대구,1992-06-04,21.4,19.6,543,24.4,1507,3.75,.7,1950,1.7,1900,2.1,7.4,180,1311,5.3,180,1320,2.1,1856,50,16.1,56,1529,72.5,18.4,1001.6,1011.4,0,1005.7,1720,1008.7,14.5,.2,1200,.88,5.68,,,,,,10,7.4,22.4,15.8,,,,,,,,,,,,,{박무}0510-{박무}{강도0}0600-{박무}{강도0}0900-1130.  {비}1735-{비}{강도0}1800-{비}{강도0}2100-2120.,
143,대구,1992-06-05,24.3,18.9,410,30.9,1532,,,,,,,7,290,1159,5.5,290,1209,2.5,2125,320,16.8,41,1648,65.3,19.1,1000.2,1009,2257,1006.2,155,1007.1,14.5,9.1,1300,2.65,21.63,,,,,,3.5,2.9,28.8,15.3,,,,,,,,,,,,,{박무}0120-{박무}{강도0}0300-{박무}{강도0}0600-0830.,
143,대구,1992-06-06,22.7,18.9,550,26.9,1316,,,,,,,8.8,160,1920,7,250,1350,2.2,1928,160,16.9,58,1440,70.3,19.2,999.5,1008.8,0,1003.8,1853,1006.5,14.5,2.5,1100,1.53,11.04,,,,,,7,4.4,24.7,14.8,,,,,,,,,,,,,{박무}0430-{박무}{강도0}0600-{박무}{강도0}0900-{박무}{강도0}1200-1240.  {박무}1710-{박무}{강도0}1800-{박무}{강도0}2100-    2150.,
143,대구,1992-06-07,21.1,15,2400,24.3,1328,.83,.3,914,.4,910,.4,11.5,270,1537,8.3,290,1639,3.9,3368,290,13.4,42,1640,61.8,15.7,993.9,1006.2,2340,998.2,1320,1000.9,14.5,3.2,1600,1.77,9.99,,,,,,7.8,2.8,22.9,11.4,,,,,,,,,,,,,{비}0825-0850.  {비}0910-0935.  {박무}1030-{박무}{강도0}1200-1230.,
143,대구,1992-06-08,19.5,11.1,542,27.7,1513,,,,,,,7.9,160,1752,6.7,160,1800,2.7,2354,290,7.4,28,1514,46.8,10.5,1000.4,1010.1,901,1004.5,1740,1007.6,14.5,11.8,1200,3.43,27.06,,,,,,1.3,0,26,4.2,,,,,,,,,,,,,,
143,대구,1992-06-09,22.8,16.2,516,30.4,1500,.58,.1,720,.1,720,.1,14.8,250,1228,10.7,250,1236,3.6,3082,50,12.7,33,1350,55.3,14.7,1000.1,1009.3,2400,1005.6,332,1007.1,14.5,10.2,1200,3.19,23.47,,,,,,1.5,1.3,27.8,11.1,,,,,,,,,,,,,{소나기}0630-0650.  {소나기}0720-0735.,
143,대구,1992-06-10,22.9,17.3,2400,29.5,1318,,,,,,,13.3,180,845,9.3,180,859,4.6,3958,200,15.1,45,1158,62.5,17.3,1000.3,1010.6,250,1004,1655,1007.3,14.5,8,1100,3.06,20.72,,,,,,4,2.3,25.9,13,,,,,,,,,,,,,,
143,대구,1992-06-11,20.6,14,532,27.3,1454,,,,,,,12.7,270,1410,10,270,1411,4.8,4111,290,11.5,43,1551,56.3,13.6,1001.1,1009.8,2307,1006.6,1630,1008.2,14.6,9.6,1200,3.22,24.13,,,,,,3.8,1.8,27.9,9.5,,,,,,,,,,,,,{달무리}1840-2230.,
143,대구,1992-06-12,21.3,15.1,545,27.3,1602,,,,,,,8.5,290,1157,6.5,290,1120,3.3,2833,270,12.8,41,1600,59.3,14.8,1003.2,1011.5,2329,1008.8,1747,1010.2,14.6,8.1,1100,3.09,21.05,,,,,,4.3,1.6,28.4,9.2,,,,,,,,,,,,,,
143,대구,1992-06-13,21.2,18.7,720,24.9,1706,1,.1,700,.1,640,.1,6.1,290,1058,5,290,1118,2.5,2158,320,15.4,59,1554,69.3,17.5,1004.7,1013.4,1140,1010,1745,1011.8,14.6,.8,1300,2.25,9.6,,,,,,9,2.9,23.8,15.5,,,,,,,,,,,,,{소나기}0640-0720.  {소나기}1145-{소나기}{강도0}1200-1205.  {박무}2030-{박무}{강도0}2100-{박무}{강도0}2400-,
143,대구,1992-06-14,22.8,17.8,440,27.3,1516,,,,,,,4.2,250,1846,3.8,250,1930,1.9,1627,250,16,41,1435,68,18.3,1003.9,1012.5,133,1009.5,1720,1011,14.6,3,1100,1.67,12.21,,,,,,9.8,5.1,26.5,13.7,,,,,,,,,,,,,-{박무}-{박무}{강도0}0300-{박무}{강도0}0600-0730.  {박무}1940-{박무}{강도0}2100-{박무}{강도0}2400-,
143,대구,1992-06-15,23,16,507,30.5,1504,,,,,,,8.8,110,1659,7.5,110,1702,2.8,2435,90,14.2,33,1435,60.3,16.2,1001.7,1011.5,2400,1005.1,1540,1008.7,14.6,11.2,1200,2.73,21.44,,,,,,1.3,1,28.6,11.4,,,,,,,,,,,,,-{박무}-{박무}{강도0}0300-{박무}{강도1}0600-0830.  {연무}1130-{연무}{강도0}1200-1320.,
143,대구,1992-06-16,23.1,16.3,550,30.4,1439,,,,,,,8,110,2256,6,110,2259,2.7,2374,110,14.4,37,1632,61,16.5,1003.3,1011.7,820,1008,1720,1010.3,14.6,6.8,1100,2.94,17.42,,,,,,6,2.6,26.9,12.2,,,,,,,,,,,,,{박무}0430-{박무}{강도0}0600-{박무}{강도0}0900-0955.  {연무}1130-{연무}{강도0}1200-1430.,
143,대구,1992-06-17,20.2,17.4,550,26,1144,3.92,.2,1929,.2,1920,.2,9.1,340,1430,7.5,110,330,4,3492,110,14.6,45,1140,70.5,16.7,1003,1011.5,2330,1008.8,1750,1010.1,14.6,4.6,1100,2.59,14.25,,,,,,8,4.1,24.7,13.3,,,,,,,,,,,,,{소나기}1430-{소나기}{강도0}1500-1725.  {소나기}1920-2020.,
143,대구,1992-06-18,21.3,15.5,540,29.6,1521,,,,,,,13.6,90,1729,10.7,90,1733,3.9,3410,90,13.3,32,1514,63,15.3,1004.6,1016,2335,1009.7,1520,1011.7,14.6,10.9,1200,3.14,23.22,,,,,,5,3.1,28.6,12.6,,,,,,,,,,,,,,
143,대구,1992-06-19,19.3,15.7,2400,25.9,1533,2.58,1.3,1853,5.7,1842,7.7,12.6,70,1816,9.2,70,1821,3.7,3173,110,14.4,49,1505,75.3,16.4,1009.1,1019.1,2300,1013.4,1617,1016.2,14.6,5.3,1200,2.68,18.8,,,,,,7.8,3.8,25.3,15.1,,,,,,,,,,,,,{박무}0730-{박무}{강도0}0900-{박무}{강도0}1200-1220.  {박무}1730-{박무}{강도0}1800-2040.  {소나기}1805-2040.   {천둥}{강도0}(N)1825-{뇌전}{강도0}(N{이동}NE3-4)1830-{뇌전}{강도0}(NE{이동}E2-3)1900-{뇌전}{강도0}(E{이동}SE4-5)1910- {뇌전}{강도0}(SE{이동}S4-5)1930-{뇌전}{강도0}(S{이동}SW5-7)1950-{천둥}{강도0}(W)2010-2030.,
143,대구,1992-06-20,20.4,14.6,222,26.4,1514,,,,,,,5.3,110,2230,4.8,90,2159,1.7,1468,110,12.4,40,1636,63.3,14.4,1009.7,1019,135,1013.8,1830,1016.8,14.6,10.5,1100,3.15,23.31,,,,,,4.5,4.1,25.5,11.9,,,,,,,,,,,,,{박무}0220-{박무}{강도0}0300-0420.,
143,대구,1992-06-21,22,14.6,559,28.4,1548,,,,,,,10.7,110,2259,4.8,110,2109,1.9,1615,110,13.8,33,1550,62.5,15.8,1005.1,1014.9,0,1009.1,1920,1012.2,14.6,7.9,1200,2.32,17.92,,,,,,6.3,2.3,25.5,10.7,,,,,,,,,,,,,{박무}0430-{박무}{강도0}0600-{박무}{강도0}0900-1140.,
143,대구,1992-06-22,22,18.7,452,27.4,1231,,,,,,,12.3,70,1839,9.3,70,1651,5,4351,90,14.3,41,1318,62.5,16.3,1001.3,1010.1,30,1006.3,1550,1008.3,14.6,4.9,1000,2.84,17.09,,,,,,8.8,4.4,26.2,17.3,,,,,,,,,,,,,,
143,대구,1992-06-23,18.6,17.1,900,21.3,1733,5.83,.2,825,.4,850,1,9.6,90,8,8.5,90,29,2.9,2544,90,13.9,61,1930,74.3,15.9,999.8,1009.3,2318,1005.8,1615,1006.9,14.6,.4,1600,.92,4.26,,,,,,9.3,4.1,19.1,14.9,,,,,,,,,,,,,{비}0540-{비}{강도0}0600-{비}{강도0}0900-1130.  {박무}1030-1130.,
143,대구,1992-06-24,21.3,15.8,430,27.1,1555,,,,,,,7.6,140,919,6,140,930,2.8,2451,110,11.4,33,1548,55.8,13.5,1003.8,1012.4,2400,1009,100,1010.9,14.6,11.5,1200,2.94,24.04,,,,,,2.8,1.3,28,10.9,,,,,,,,,,,,,,
143,대구,1992-06-25,22.3,14.7,457,29.9,1511,,,,,,,7.7,90,1904,7,90,1910,2.4,2066,110,13.7,35,1456,60.8,15.7,1004.8,1013.6,800,1009.2,1520,1011.8,14.6,7.9,1100,3,20.12,,,,,,3.3,3.1,29.1,10.5,,,,,,,,,,,,,{박무}0410-{박무}{강도0}0600-{박무}{강도0}0900-0950.,
143,대구,1992-06-26,23.1,17.7,530,30,1301,,,,,,,9,70,1658,6.8,70,1720,2.6,2245,90,14.3,37,1302,59.3,16.3,1004.6,1013,0,1009.8,1640,1011.6,14.6,8.2,1100,2.97,17.01,,,,,,6.5,2.9,27,13.6,,,,,,,,,,,,,{박무}0720-{박무}{강도0}0900-1030.,
143,대구,1992-06-27,23.6,16.1,530,30.7,1459,,,,,,,8.2,90,1336,6,70,1740,3.2,2786,90,13.3,31,1158,55.3,15.3,1004.6,1013.1,2356,1008.9,1715,1011.6,14.6,11.7,1100,3.26,25.04,,,,,,4.5,1.1,30.7,13.6,,,,,,,,,,,,,,
143,대구,1992-06-28,24.5,17.6,540,32.3,1444,,,,,,,6.6,160,1751,5.3,160,1749,2.2,1869,90,15.7,36,1553,60.3,17.8,1004.1,1013,0,1008,1620,1011,14.6,8.1,1100,2.88,20.39,,,,,,4.8,3.3,31.7,14.5,,,,,,,,,,,,,,
143,대구,1992-06-29,25.4,19.4,540,31.7,1720,.17,0,,0,,0,4.8,230,1808,4.3,160,1849,1.3,1103,20,18,48,1708,64.3,20.7,1001.6,1011.1,0,1005.6,1721,1008.5,14.6,7.4,1000,2.42,15.87,,,,,,9,4.6,29.4,14.5,,,,,,,,,,,,,{박무}0630-{박무}{강도0}0900-0920.  {소나기}1955-2005.,
143,대구,1992-06-30,23.9,20.5,550,29.6,1620,.42,.1,1930,.1,,.1,6.6,250,1637,6.2,250,1640,2,1715,270,18.8,51,1612,73.5,21.7,997.7,1007.5,0,1002.3,1725,1004.7,14.6,3.5,1500,1.86,11.03,,,,,,7.8,5.1,26.8,16.3,,,,,,,,,,,,,{소나기}1930-1955.  {박무}0430-{박무}{강도0}0600-{박무}{강도1}0900-{박무}{강도0}1200-1430.,
143,대구,1992-07-01,25.5,19.6,550,33,1511,,,,,,,10,180,1555,7.7,230,1439,2.7,2337,290,16.8,31,1318,62.5,19.2,996.6,1005.3,706,1001,1555,1003.5,14.6,9.2,1200,3.12,22.13,,,,,,4.8,1.1,32.3,14.9,,,,,,,,,,,,,{박무}0430-{박무}{강도0}0600-{박무}{강도0}0900-1030.,
143,대구,1992-07-02,25.5,19.8,520,32.1,1258,,,,,,,11.6,230,1752,8.7,250,1511,3.3,2885,230,19.6,48,1251,71.3,22.9,997,1006.1,738,1002,1736,1004,14.5,8.3,1100,2.8,20.51,,,,,,5,1.9,32,14.5,,,,,,,,,,,,,{박무}0320-{박무}{강도0}0600-{박무}{강도0}0900-1020.  {연무}1030-1120.,
143,대구,1992-07-03,26.7,21.5,440,32.9,1425,,,,,,,8,110,414,6.7,110,417,2.3,1983,180,20.1,45,1415,68.8,23.5,996.3,1004.9,310,1000.4,1710,1003.1,14.5,7.3,1000,2.17,16.49,,,,,,7.8,5.4,31,19.3,,,,,,,,,,,,,{박무}0230-{박무}{강도0}0300-{박무}{강도0}0600-{박무}{강도0}0900-{박무}{강도0}1200-1340.,
143,대구,1992-07-04,27.3,21.8,500,33.7,1453,,,,,,,6.2,160,1835,5.7,160,1840,2.2,1928,230,19.7,36,1714,66,22.9,996.3,1004.8,755,1000.9,1729,1003.2,14.5,7.9,1300,2.5,19.6,,,,,,5,3.5,32.6,18.5,,,,,,,,,,,,,{박무}0220-{박무}{강도0}0300-{박무}{강도0}0600-{박무}{강도0}0900-1110.  {연무}1130-{연무}{강도0}1200-1230.        {천둥}{강도0}(SE)2120-{천둥}{강도0}(SE{이동}S)2130-2140.,
143,대구,1992-07-05,26.1,22.1,607,31.7,1335,,,,,,,10.8,90,1428,9,90,1701,3.7,3186,90,19.8,52,1500,69,23.1,997.5,1005.6,840,1002.7,1543,1004.4,14.5,7.9,1300,2.85,20.73,,,,,,7.8,3.6,33.3,18.1,,,,,,,,,,,,,{박무}0230-{박무}{강도0}0300-{박무}{강도0}0600-{박무}{강도0}0900-1130.,
143,대구,1992-07-06,25.8,18.9,600,32.9,1458,,,,,,,9.9,90,1636,8,90,1552,3.9,3350,90,16.7,35,1630,60.8,19.2,998,1006.7,820,1002.7,1610,1004.8,14.5,11.4,1200,3.25,25.24,,,,,,2,.9,33.4,15.4,,,,,,,,,,,,,{박무}0430-{박무}{강도0}0600-0840.,
143,대구,1992-07-07,26.8,18.2,530,36,1529,,,,,,,10.6,230,1642,8.2,250,1701,2.9,2483,250,18.2,35,1441,62.3,20.9,997.2,1006,0,1001,1630,1004.1,14.5,9.6,1100,2.89,21.31,,,,,,3.3,1,33.4,13.7,,,,,,,,,,,,,{박무}0530-{박무}{강도0}0600-{박무}{강도0}0900-0930.,
143,대구,1992-07-08,29.2,22.6,520,37.8,1633,,,,,,,8.3,110,2032,7.7,110,2059,3.3,2831,320,20.7,36,1652,62.8,24.4,998.9,1009.7,2340,1004.2,200,1005.7,14.5,11.3,1200,3.12,23.05,,,,,,3,.6,35.4,17.1,,,,,,,,,,,,,{박무}0210-{박무}{강도0}0300-{박무}{강도0}0600-0850.,
143,대구,1992-07-09,27,20.6,525,32.9,1345,.08,0,,0,,0,7.3,250,1838,6.3,250,1839,2.6,2239,90,18.6,37,1800,61,21.5,1003.8,1012.2,2200,1009.2,110,1010.8,14.5,5.6,1200,2.39,14.68,,,,,,5.3,3,31.5,17.2,,,,,,,,,,,,,{소나기}1830-1835.  {박무}0810-{박무}{강도0}0900-0940.,
143,대구,1992-07-10,25.2,23,1509,31.2,1108,5.25,2.1,1420,8.5,1403,10.4,17.8,160,1205,9.5,160,1220,2.5,2165,70,22.3,59,1105,84.5,27,1004.7,1012.4,2400,1010.3,1621,1011.6,14.4,1.9,1000,1.62,9.42,,,,,,9.3,7.6,26.7,20.1,,,,,,,,,,,,,{소나기}0250-{소나기}{강도0}0300-0335. {소나기}1140-1145. {소나기}1205-1225. {소나기}1250-{소나기}{강도0}1500-1620. {소나기}1740-{소나기}{강도0}1800-1815. {박무}1430-{박무}{강도0}1500-1720. {뇌전}{강도0}(S3-5)0248-{뇌전}{강도0}(S)0300-{뇌전}{강도0}(S{이동}SE3-5)0315-{뇌전}{강도0}(SE4-6)0320-{뇌전}{강도0}(SE{이동}E4-6)0325-{뇌전}{강도0}(E5-7)0330-0340. {천둥}{강도0}(SW)1135-{천둥}{강도0}(SW)1200-{천둥}{강도0}(SW{이동}W)1220-1230.  {천둥}{강도0}(SW)1254-  {뇌전}{강도0}(SW4-5)1310-{뇌전}{강도0}(SW{이동}W3-4)1330-{뇌전}{강도2}(W{이동}Z1-2)1350-{뇌전}{강도0}(Z{이동}E3-4)1410-1420.,
143,대구,1992-07-11,27.7,21.7,540,33.3,1512,.17,.1,2030,.1,,.1,8.2,230,922,7.2,230,939,2.8,2413,50,21,45,1510,69,25,1007.1,1016.6,2352,1012.1,100,1014,14.4,9.2,1200,3.21,21.16,,,,,,5.5,3.8,31.9,18.9,,,,,,,,,,,,,{소나기}2030-2040.  {박무}0110-{박무}{강도0}0300-{박무}{강도0}0600-0840.,
143,대구,1992-07-12,22.6,21.8,1358,25.7,1,10.75,1,1124,4.3,1322,17.1,8,70,1346,6.3,90,1440,2.6,2278,90,20.4,79,0,87.3,23.9,1010.2,1019.1,1122,1015.6,1809,1017.2,14.4,0,1500,.74,3.43,,,,,,9.5,4.6,23.2,20.5,,,,,,,,,,,,,{소나기}0250-{소나기}{강도0}0300-0315. {비}0450-{비}{강도0}0600-{비}{강도0}0900-{비}{강도0}1200-{비}{강도0}1500-1510.{박무}0530-{박무}{강도0}0600-{박무}{강도0}0900-{박무}{강도0}1200-1445.,
143,대구,1992-07-13,24,21.3,620,28.4,1309,7.52,2.8,622,4.7,622,7.3,6.8,270,1524,5.7,270,1530,2.3,1972,250,20.6,57,1333,82.8,24.2,1007.2,1015.8,0,1012.5,1512,1014.3,14.4,2.6,1200,2.82,13.99,,,,,,10,5,25.2,20.7,,,,,,,,,,,,,{박무}0120-{박무}{강도0}0300-{박무}{강도0}0600-0730.  {박무}2130-{박무}{강도0}2400-                      {소나기}0621-0722.  {소나기}0735-0850.  {소나기}0905-0935.  {비}1545-1730.                {비}1930-{비}{강도0}2100-2230.,
143,대구,1992-07-14,25.2,21.5,2400,30.3,1518,4.58,8.5,2220,17.5,2207,25.6,7.6,90,1626,6.8,70,1601,3,2606,110,20.9,47,1513,78.8,24.7,1006.1,1014.7,0,1011.2,1730,1013.1,14.4,6.9,1200,2.96,19.11,,,,,,6.8,4.5,29,20.8,,,,,,,,,,,,,-{박무}-{박무}{강도0}0300-{박무}{강도0}0600-{박무}{강도0}0900-1020.  {박무}1840-{박무}{강도0}2100-{박무}{강도0}2400-       {소나기}1825-2045.  {소나기}2125-2340.                                            {천둥}{강도0}(W)1830-{뇌전}{강도0}(W4-6)1842-{뇌전}{강도0}(W{이동}SW3-4)1915-1930.                   {뇌전}{강도0}(N4-6)2130-{뇌전}{강도1}(N{이동}Z2-3)2140-{뇌전}{강도0}(Z{이동}S3-4)2150-2205.,
143,대구,1992-07-15,23.9,21.1,540,28.5,1443,3.97,14.1,1940,17.7,1925,37.5,6.3,70,1945,5.7,70,2210,2.1,1779,90,20.3,56,1551,81.8,23.9,1005.1,1014.1,0,1009.9,1740,1012.1,14.4,3.5,1000,2.31,11.9,,,,,,9.8,5,25.9,20.4,,,,,,,,,,,,,{소나기}1905-2025.  {소나기}2052-{소나기}{강도0}2100-2330.  -{박무}-{박무}{강도0}0300-0530.               {뇌전}{강도0}(NW5-7)1928-{뇌전}{강도0}(NW{이동}W5-7)1933-{뇌전}{강도0}(W{이동}SW4-6)1942-{뇌전}{강도0}(SW3-5)1948-{뇌전}{강도0}(SW{이동}S3-5)1953-2005.  {뇌전}{강도0}(SW5-7)2158-{뇌전}{강도0}(SW{이동}S5-7)2215-         {뇌전}{강도0}(S6-8)2227-{뇌전}{강도0}(S{이동}SE5-7)2240-2320.,
143,대구,1992-07-16,22.4,20.7,149,24.4,1250,9.42,1.1,1704,3.7,1704,5.9,4.9,90,1948,4,250,141,2,1755,90,20.3,77,1114,87.8,23.8,1002.6,1012.4,0,1007.1,2400,1009.7,14.3,0,1000,.94,5.85,,,,,,9.8,6.1,24,20.1,,,,,,,,,,,,,{박무}0120-{박무}{강도0}0300-{박무}{강도0}0600-{박무}{강도0}0900-{박무}{강도0}1200-{박무}{강도0}1500-{박무}{강도0}1800-{박무}{강도0}2100-{박무}{강도0}2400-                                                             {비}1250-{비}{강도0}1500-{비}{강도0}1800-2020.  {비}2125-2320.,
143,대구,1992-07-17,22.7,20.4,350,27.3,1830,13.45,6,524,15.9,340,82.2,9.1,230,2044,8,250,2019,2.6,2223,110,21,74,1828,90,24.9,994.3,1007.1,0,997.3,1832,1001.3,14.3,.9,1700,.67,3.81,,,,,,9.8,4.8,23.2,19.9,,,,,,,,,,,,,{소나기}0105-{소나기}{강도0}0300-{소나기}{강도1}0600-{비}0630-{비}{강도0}0900-{비}{강도0}1200-1355.  {비}1410-1430. {소나기}2028-2045.  -{박무}-{박무}{강도0}0300-{박무}{강도0}0600-{박무}{강도0}0900-{박무}{강도0}1200-1350.           {뇌전}{강도0}(N4-5)0420-{뇌전}{강도0}(N{이동}NE4-5)0440-{뇌전}{강도0}(NE{이동}E3-5)0450-                 {뇌전}{강도1}(E{이동}SE2-3)0510-{뇌전}{강도1}(SE{이동}S1-2)0530-0540.,
143,대구,1992-07-18,27.2,22.7,555,32.1,1604,,,,,,,9,230,1604,6.3,230,1528,3.5,3030,250,21.1,50,1600,69.5,25,995.5,1006.2,2400,999.4,10,1002.3,14.3,9.8,1000,2.71,19.04,,,,,,4.8,2.1,27.2,19.4,,,,,,,,,,,,,,
143,대구,1992-07-19,27.7,21.6,540,34.4,1432,.17,0,,0,,0,7.9,230,1512,6,230,1530,2.2,1861,250,21.8,42,1403,72.5,26.1,1001.3,1011.4,2400,1005.8,25,1008.1,14.3,8.2,1100,2.94,20.67,,,,,,4.8,2.3,29.5,17.9,,,,,,,,,,,,,{박무}0410-{박무}{강도0}0600-{박무}{강도0}0900-1030.  {연무}1050-{연무}{강도0}1200-1330.  {소나기}2220-2230.,
143,대구,1992-07-20,29.1,25,452,34.8,1442,,,,,,,12,200,1513,10,200,1521,2.9,2489,180,23,47,1439,70.8,28,1005,1012.8,2241,1011.3,132,1011.9,14.3,6.8,1400,3.1,19.97,,,,,,6.8,4.3,32.8,22.2,,,,,,,,,,,,,,
143,대구,1992-07-21,29.9,26.5,618,34.7,1630,,,,,,,11,200,1559,8.3,230,1531,4.2,3654,200,22.8,49,1622,66.8,27.8,1005.1,1013,2311,1009.7,1549,1011.9,14.2,11.2,1200,3.24,23.19,,,,,,3.8,2.5,33.4,22.5,,,,,,,,,,,,,,
143,대구,1992-07-22,30.3,26.1,410,35.1,1518,,,,,,,11.8,230,1708,8,200,1750,4.9,4248,230,23.4,50,1512,67.5,28.7,1004.3,1013.3,745,1009,1547,1011.1,14.2,9,1200,3.08,22.31,,,,,,3,3.4,34.7,22.7,,,,,,,,,,,,,,
143,대구,1992-07-23,30.3,25.7,559,36.2,1659,,,,,,,8,290,1331,5.2,290,1339,2.6,2219,270,22.6,37,1656,65.8,27.4,1006.1,1014.3,931,1011.8,700,1012.9,14.2,11.4,1300,2.97,22.22,,,,,,4.3,2.5,35.9,23,,,,,,,,,,,,,,
143,대구,1992-07-24,30.5,24.4,550,36.2,1508,,,,,,,5.6,270,1301,4.3,270,1243,1.9,1636,250,23.2,45,1509,66.5,28.6,1005.5,1014.6,915,1009.7,1802,1012.4,14.2,8.9,1300,3,19.28,,,,,,1.3,1.1,36.2,21.7,,,,,,,,,,,,,{박무}0530-{박무}{강도0}0600-{박무}{강도0}0900-{박무}{강도0}1200-1230.,
143,대구,1992-07-25,30.4,25.4,550,35.5,1340,,,,,,,6.6,250,1132,5.2,290,1445,3.1,2720,290,23,44,1339,66.3,28.2,1005,1013.5,1048,1009.4,1653,1011.8,14.1,7.3,1100,3.13,20.93,,,,,,5.5,3.1,35.5,22,,,,,,,,,,,,,,
143,대구,1992-07-26,30.3,25.1,540,36.3,1444,,,,,,,11,230,1607,9,230,1841,3.8,3284,230,23,39,1708,67.5,28.2,1004.3,1013.4,731,1008.6,1720,1011.1,14.1,11.3,1300,3.15,25.12,,,,,,2.5,.8,37.8,21.7,,,,,,,,,,,,,,
143,대구,1992-07-27,30.6,24.1,622,36.3,1447,,,,,,,8.8,230,1740,5.7,230,1840,3.8,3298,320,22.6,41,1452,64.5,27.6,1002.7,1011.3,0,1007.2,1601,1009.4,14.1,11.6,1100,3.11,24.78,,,,,,2.8,.3,37.6,19.2,,,,,,,,,,,,,,
143,대구,1992-07-28,31,26.3,600,36.4,1555,,,,,,,7,320,1449,5.5,320,1600,2.8,2391,320,24.1,47,1600,68.3,30,1003.2,1011.5,1000,1008.5,1700,1010,14.1,7.8,1100,2.58,18.78,,,,,,4.5,3.1,36.8,22.6,,,,,,,,,,,,,{박무}0530-{박무}{강도0}0600-0650.,
143,대구,1992-07-29,30.8,25.6,550,37.8,1541,,,,,,,7.7,250,1701,7.3,250,1719,2.5,2181,180,22.8,35,1519,65.5,27.9,1001.8,1010.5,830,1005.9,1815,1008.7,14,9.4,1300,2.92,21.37,,,,,,2,.8,36.8,20.7,,,,,,,,,,,,,{박무}0330-{박무}{강도0}0600-{박무}{강도0}0900-1030.,
143,대구,1992-07-30,30.4,24.6,608,35.8,1426,,,,,,,10.2,230,1245,7.7,230,1350,3.7,3183,230,22.4,48,1245,63.5,27.2,998.4,1008,0,1002.4,1807,1005.1,14,11.6,1200,2.91,22.98,,,,,,.8,.9,37,19.4,,,,,,,,,,,,,,
143,대구,1992-07-31,31.2,26.7,2400,36.8,1408,,,,,,,12.5,230,1246,7.8,230,1240,4.1,3523,230,23.3,37,1328,63.8,28.7,999.6,1009.6,2400,1005,40,1006.4,14,7.4,1200,3.14,21.44,,,,,,5.8,4.3,36.8,25.4,,,,,,,,,,,,,{박무}0320-0550.,
143,대구,1992-08-01,26.8,23.4,2352,31.9,1515,,,,,,,11,90,46,8.2,90,729,5.5,4722,90,19.9,49,1543,66.5,23.2,1004.5,1013.8,2400,1009.5,50,1011.3,14,10.4,1200,2.84,20.95,,,,,,5.5,4,34.1,21.3,,,,,,,,,,,,,,
143,대구,1992-08-02,26.3,22.3,543,31.6,1500,,,,,,,9.1,90,1405,8.2,70,1840,4.8,4112,90,19.3,45,1420,66.8,22.3,1007.2,1016,2100,1012.1,1612,1014.2,13.9,12,1100,2.86,23.24,,,,,,3.5,1.5,34.5,18.7,,,,,,,,,,,,,,
143,대구,1992-08-03,25.2,21.5,2400,30.2,1427,,,,,,,12.6,90,1434,9.3,90,1450,5,4287,90,16.9,46,1430,61.3,19.4,1008.9,1016.8,2124,1014.6,1730,1015.9,13.9,10.7,1200,3.22,24.4,,,,,,4,2.3,32.5,18.5,,,,,,,,,,,,,,
143,대구,1992-08-04,24.4,18.4,607,30.2,1451,,,,,,,11.5,90,1810,8.7,90,1819,3.7,3173,50,15.2,38,1348,58.5,17.3,1006.9,1016.2,0,1010.3,1805,1013.8,13.9,9.9,1300,3.11,21.22,,,,,,3.5,2.5,33.1,12.7,,,,,,,,,,,,,,
143,대구,1992-08-05,23.1,21.5,1000,25.2,1520,13.22,.6,930,1.5,900,4,5.2,230,2110,4.2,250,2100,2,1751,250,19.9,65,0,82.3,23.3,1002.6,1011.5,0,1008,1640,1009.6,13.8,0,1400,.94,4.07,,,,,,10,4.5,25,20.8,,,,,,,,,,,,,{비}0554-{비}{강도0}0600-0614.  {비}0642-0740.  {이슬비}0815-{이슬비}{강도0}0900-{비}0920-1030.     {비}1130-{비}{강도0}1200-1240.  {비}1320-1440.  {비}1450-{비}{강도0}1500-{비}{강도0}1800-2055.   {박무}0640-0750. {박무}0810-{박무}{강도0}0900-{박무}{강도0}1200-{박무}{강도0}1500-1520.  {박무}1720-{박무}{강도0}1800-{박무}{강도0}2100-{박무}{강도0}2400-,
143,대구,1992-08-06,24.8,21.7,537,28.7,1510,6.67,.6,452,1.3,435,2.1,3.7,230,444,2.8,140,2030,1.2,1026,360,20,54,1512,76.5,23.4,1004.5,1013.1,930,1010.1,1801,1011.5,13.8,.7,1400,2.11,8.17,,,,,,7.8,5.1,26.7,20.7,,,,,,,,,,,,,{비}0120-{비}{강도0}0300-{비}{강도0}0600-0730.  {소나기}1710-1740.  -{박무}-{박무}{강도0}0300-0520.      {박무}0930-{박무}{강도0}1200-{박무}{강도0}1500-1520.,
143,대구,1992-08-07,27.8,22.4,400,34.1,1501,.33,0,,0,,0,9,200,1259,6.8,140,1810,2.4,2111,90,20.4,39,1500,66.3,24,1001.6,1011.5,0,1006.7,1703,1008.5,13.8,7.4,1400,2.27,15.74,,,,,,5.5,4.4,32.3,19.1,,,,,,,,,,,,,{비}2340-{비}{강도0}2400-,
143,대구,1992-08-08,26.3,24,455,30.9,1234,5.2,2,319,5,249,6.8,7.4,90,1440,6.5,90,1441,2.4,2089,90,21.3,56,1235,75.8,25.4,999,1008.8,2400,1001.9,1305,1005.9,13.8,1.8,1200,2.33,11.48,,,,,,9,5.4,26.7,21.7,,,,,,,,,,,,,-{비}-0030.  {비}0128-{비}{강도0}0300-0435.  {비}0850-{비}{강도0}0900-0940.               {소나기}1450-{소나기}{강도0}1500-1535.  {박무}0420-{박무}{강도0}0600-0830.,
143,대구,1992-08-09,24.2,22.4,630,27.4,1623,2.08,.1,840,.1,830,.1,7.5,90,1632,6.7,90,1440,3.6,3114,90,19.5,61,1430,75.5,22.7,1004.9,1014.9,2345,1008.5,25,1011.9,13.7,.6,1400,1.43,8.59,,,,,,8.8,6.4,25.4,20.3,,,,,,,,,,,,,{소나기}0545-{소나기}{강도0}0600-0620.  {소나기}0830-{소나기}{강도0}0900-0920.   {소나기}1030-1110.,
143,대구,1992-08-10,26.3,21.7,401,32.3,1507,,,,,,,5.3,90,1910,4.3,90,209,1.9,1660,90,20.7,49,1508,72.3,24.5,1007.2,1016,902,1012.5,1543,1014.2,13.7,4.9,1000,2.37,14.77,,,,,,9,5.8,30.7,19.9,,,,,,,,,,,,,{박무}0630-{박무}{강도0}0900-1020.,
143,대구,1992-08-11,25,22.6,930,27.8,1622,9.57,1,725,3,709,10.7,4,230,1816,3.3,270,910,1.4,1193,90,22.4,70,1652,85.3,27,1005.8,1014.4,830,1010.6,2335,1012.8,13.7,.9,1200,1.86,6.85,,,,,,10,4.9,26.3,22.2,,,,,,,,,,,,,{소나기}0140-0208.  {소나기}0612-{비}0840-{비}{강도0}0900-1010.  {비}1705-{비}{강도0}1800-2020.     {비}2202-2355.  {박무}0430-{박무}{강도0}0600-{박무}{강도0}0900-{박무}{강도0}1200-{박무}{강도0}1500-{박무}{강도0}1800-    {박무}{강도0}2100-{박무}{강도0}2400-,
143,대구,1992-08-12,22.9,20.7,1228,24.4,0,12.47,2.4,1135,9.8,1110,31.9,6.1,70,910,4.5,90,700,2.2,1886,90,20.9,78,1640,88,24.7,999,1010.6,0,1003.1,1732,1005.9,13.6,0,1500,1.13,3.74,,,,,,9.8,4.9,23.7,20.1,,,,,,,,,,,,,{비}0210-0255.  {비}0355-{비}{강도0}0600-{비}{강도0}0900-{비}{강도0}1200-{비}{강도0}1500-1538.        -{박무}-{박무}{강도0}0300-{박무}{강도0}0600-{박무}{강도0}0900-{박무}{강도0}1200-1430.,
143,대구,1992-08-13,24.4,20.8,602,29.2,1412,,,,,,,8.7,90,1510,7.8,90,1509,3.6,3113,90,19.3,54,1421,74,22.3,997,1005.3,2400,1002.9,1500,1004,13.6,8.3,1300,3.06,18.94,,,,,,6.5,4.6,27.2,17.7,,,,,,,,,,,,,{박무}0340-{박무}{강도2}0600-0835.,
143,대구,1992-08-14,22.7,21.4,2325,23.7,1040,12.23,1,1339,3.1,1121,12.6,9.5,90,2311,7,70,2120,2.8,2454,110,20.1,82,240,85.3,23.5,997.5,1005.3,0,1003,405,1004.4,13.6,0,1200,.54,4.14,,,,,,10,5.1,23.4,20.3,,,,,,,,,,,,,{비}0506-{비}{강도0}0600-0745.  {비}0955-{비}{강도0}1200-{비}{강도0}1500-1730.  {비}2145-2345.   {박무}0520-{박무}{강도0}0600-{박무}{강도0}0900-{박무}{강도0}1200-{박무}{강도0}1500-{박무}{강도0}1800-1940.,
143,대구,1992-08-15,22.5,20.9,429,23.8,1457,11.15,.6,640,.8,635,1.6,10.1,70,59,7.2,70,110,3.7,3222,110,19.9,82,47,85,23.1,998.6,1009.7,2400,1003.1,225,1005.5,13.5,0,1200,.63,3.93,,,,,,10,6.1,22.9,20.4,,,,,,,,,,,,,{비}0405-0510.  {비}0609-0834.  {비}0924-{비}{강도0}1200-{비}{강도0}1500-1542.  {비}1749-   {비}{강도0}1800-1840.  {비}1910-1940.  {박무}1620-{박무}{강도0}1800-{박무}{강도0}2100-{박무}{강도0}2400-,
143,대구,1992-08-16,24.5,22.6,601,27.5,1605,2.73,.3,1253,.7,1207,.7,11.3,90,2350,8.3,90,2120,4.1,3528,90,20.7,72,1602,78.8,24.4,1004.2,1012.7,2235,1009.7,0,1011.1,13.5,3.3,1500,1.56,10,,,,,,9.3,5.5,25.1,21.2,,,,,,,,,,,,,{비}1135-{비}{강도0}1200-1340.  {소나기}1735-{소나기}{강도0}1800-1814.  {비}1135-{비}{강도0}1200-1340.   -{박무}-{박무}{강도0}0300-{박무}{강도0}0600-0640.  {박무}0930-{박무}{강도0}1200-1350.                    {소나기}1735-{소나기}{강도0}1800-1814.,
143,대구,1992-08-17,24.2,22.1,559,27.5,1450,,,,,,,9.1,90,1736,7,90,1740,4.6,3942,90,18.3,55,1515,70.5,21.1,1005.3,1013.8,840,1010.6,1835,1012.2,13.5,1.8,900,1.56,11.22,,,,,,8.8,5.6,25.4,20.2,,,,,,,,,,,,,,
143,대구,1992-08-18,23,22.1,625,24.8,1131,8.48,1,1710,2.9,1700,5.9,5.2,50,1730,3.3,90,300,1.5,1335,90,20.2,73,1135,84.3,23.6,1000.8,1011,31,1003.5,2400,1007.8,13.4,0,1000,.62,3.13,,,,,,9.8,6,23.2,19.5,,,,,,,,,,,,,{비}0850-{비}{강도0}0900-0923.  {비}1304-{비}{강도0}1500-{비}{강도0}1800-2030.  {비}2140-2210.   {박무}1635-1740.,
143,대구,1992-08-19,25.2,21.8,35,29.9,1354,2.58,.1,400,.3,155,.5,8.6,360,1310,7,360,1309,3,2565,360,19.4,54,1359,71,22.5,994.8,1003.5,0,1000.5,1350,1001.7,13.4,5.1,1300,2.15,11.11,,,,,,9.5,6.3,25.5,19.9,,,,,,,,,,,,,{비}0155-{비}{강도0}0300-0430.,
143,대구,1992-08-20,25.4,23.2,640,29.1,1604,,,,,,,5.9,90,2031,4.7,90,1820,2,1747,160,20.4,58,1640,74.3,24,997.6,1006.9,2346,1002.5,205,1004.4,13.4,1,1100,1.19,8.69,,,,,,9.3,5.9,25.9,21.8,,,,,,,,,,,,,,
143,대구,1992-08-21,24.8,21.8,450,28.2,1529,,,,,,,8.2,90,1940,6.2,90,1940,2.6,2204,90,20.3,62,1109,76.5,23.8,1001.1,1010.2,2220,1006.4,118,1008,13.3,.5,900,1.35,9.15,,,,,,6.8,5.1,25.8,18.3,,,,,,,,,,,,,,
143,대구,1992-08-22,26.6,21.9,530,32.5,1510,,,,,,,6.5,90,1829,5.3,90,1810,2.6,2259,90,20.5,44,1520,71,24.2,1002.8,1011.4,2352,1007.9,1545,1009.7,13.3,8.6,1100,2.91,20.66,,,,,,7,3.6,30.9,19.8,,,,,,,,,,,,,,
143,대구,1992-08-23,27.3,23.2,600,32,1650,1.55,.8,2345,1.6,2255,1.6,5.4,250,1310,4.7,250,1320,2.2,1864,90,21.6,51,1650,72,25.8,1003.3,1011.4,0,1008,1530,1010.2,13.3,5.4,1000,2.34,13.96,,,,,,8.3,4,30.6,21.3,,,,,,,,,,,,,{비}2225-2358.  {박무}0520-{박무}{강도0}0600-{박무}{강도0}0900-{박무}{강도0}1200-1240.,
143,대구,1992-08-24,25.6,22.7,2130,30,1257,3.72,2.8,2103,6.5,2100,12.5,7.9,140,1923,5.8,140,1930,1.7,1469,50,21.9,58,1227,80.8,26.3,1005.2,1013.2,1047,1010.3,1620,1012.1,13.2,1.7,1100,1.96,9.36,,,,,,8.5,5.1,27.3,21.9,,,,,,,,,,,,,{소나기}1837-2015.  {비}2040-{비}{강도0}2100-2240.  {비}2305-2310.                     {천둥}{강도0}(SE)1905-{천둥}{강도0}(SE{이동}S)1915-1930.  {번개}{강도0}(S)2020-2030.                 {박무}0530-{박무}{강도0}0600-{박무}{강도0}0900-1130.  {박무}1430-{박무}{강도0}1500-{박무}{강도0}1800-{박무}{강도0}2100-    {박무}{강도0}2400-,
143,대구,1992-08-25,21.3,20.1,1731,23.6,0,19.48,9,742,27.4,700,76.7,12.3,250,720,8,250,723,2.7,2295,90,20,88,2043,92.8,23.5,1006,1015.6,2348,1010.2,357,1013.1,13.2,0,1300,.47,2.22,,,,,,10,4.6,22.1,19.9,,,,,,,,,,,,,{비}0140-{비}{강도0}0300-{비}{강도0}0600-{소나기}0730-{비}0820-{비}{강도0}0900-{비}{강도0}1200-{비}{강도0}1500-    {비}{강도0}1800-2049.  {비}2340-{비}{강도0}2400-                                      -{박무}-{박무}{강도0}0300-{박무}{강도0}0600-{박무}{강도0}0900-{박무}{강도0}1200-1430.  {박무}1715-{박무}{강도0}1800-2030.  {뇌전}{강도0}(SE3-5)0735-{뇌전}{강도0}(SE{이동}S4-6)0745-{뇌전}{강도0}(S{이동}SW4-6)0755-                {뇌전}{강도0}(SW{이동}W4-6)0800-0815.,
143,대구,1992-08-26,22.8,20.6,0,25.3,1506,8.13,.3,1620,.6,1620,1.6,7.5,90,1120,5,110,2150,2.7,2328,110,20.2,76,1525,85.5,23.6,1007.8,1015.8,1020,1013.6,1658,1014.9,13.2,0,1400,.9,4.89,,,,,,10,4.8,23.8,20.1,,,,,,,,,,,,,-{비}-0016.  {비}1210-1330.  {비}1610-{비}{강도0}1800-1850.  {비}1903-{비}{강도0}2100-2255.  -{박무}-{박무}{강도0}0300-{박무}{강도0}0600-{박무}{강도0}0900-{박무}{강도0}1200-1440.  {박무}1605-1740.,
143,대구,1992-08-27,25.6,22.7,614,29.7,1302,1,.2,440,.2,440,.2,6,90,322,5.7,110,350,2.6,2271,70,22.3,57,1327,82.8,27,1007.5,1016.2,2400,1013.3,1513,1014.5,13.1,.7,1100,1.46,8.78,,,,,,8.3,4.6,25.2,21.9,,,,,,,,,,,,,{비}0440-0540.  {박무}0610-{박무}{강도0}0900-1120.,
143,대구,1992-08-28,26.9,21.6,602,32.8,1459,,,,,,,7,90,1612,5.5,90,1520,2.5,2152,70,22.7,54,1256,79,27.6,1009.3,1018,2353,1014.5,1521,1016.2,13.1,5.8,1200,3.03,19.56,,,,,,2.8,1.5,30.9,19.2,,,,,,,,,,,,,,
143,대구,1992-08-29,27.6,22.4,600,32.4,1500,,,,,,,9.1,90,1534,6.7,90,1540,3.5,2985,90,22.8,55,1500,77,27.8,1009.9,1018,0,1014.9,1830,1016.7,13,10.8,1200,2.92,19.66,,,,,,1,.8,31.1,19.8,,,,,,,,,,,,,{박무}0520-{박무}{강도0}0600-{박무}{강도0}0900-1030.,
143,대구,1992-08-30,27.5,23.4,540,32.8,1348,,,,,,,8.8,90,1926,6.5,90,1820,4,3480,90,22.5,51,1307,76.5,27.2,1009.3,1017.7,0,1014.4,1520,1016.2,13,9.2,1000,2.63,18.42,,,,,,3.8,2.8,30.2,20.1,,,,,,,,,,,,,{박무}0520-{박무}{강도0}0600-0830.,
143,대구,1992-08-31,26.3,23.8,608,28.7,1201,,,,,,,6,90,1349,5,90,1340,2.4,2076,90,22.5,64,1406,80.3,27.3,1008.2,1016.6,0,1013.7,1517,1015.2,13,2.7,1100,1.05,6.51,,,,,,9.3,4.6,27,21.9,,,,,,,,,,,,,{박무}0530-{박무}{강도0}0600-0835.,
143,대구,1992-09-01,26.9,25.1,130,29.1,1600,.75,0,,0,,0,9.5,90,1420,7.2,90,1340,3.7,3166,90,22.5,67,1338,77.5,27.3,1005.7,1015.5,0,1010.2,2356,1012.7,12.9,0,1000,1.11,7.17,,,,,,10,4.8,27,22.8,,,,,,,,,,,,,{비}0645-0730.,
143,대구,1992-09-02,28.6,26.1,2330,30,1518,4.8,.9,2132,2.8,2112,5.5,12.3,230,948,8,230,1140,4.3,3713,230,24.2,68,10,76.8,30.2,1000.3,1010.2,0,1005.7,1619,1007,12.9,.6,1300,1.42,5.73,,,,,,9.3,5.8,27.5,24.2,,,,,,,,,,,,,{비}0350-0405.  {소나기}1145-{소나기}{강도0}1200-1334.  {소나기}1428-1447.  {소나기}1950-1955.       {소나기}2050-{소나기}{강도0}2100-2240.  {소나기}2340-2345.                                   {박무}1130-{박무}{강도0}1200-1240.  {박무}2140-2320.,
143,대구,1992-09-03,28.5,25.2,552,32.9,1549,1.08,.7,110,1,105,1,8.3,200,1350,6.5,230,1910,3.6,3114,230,24,52,1532,78.3,29.9,998.5,1007.8,0,1003.8,1600,1005.4,12.9,5.7,1200,2.76,15.21,,,,,,6.3,4.4,29,23.2,,,,,,,,,,,,,{소나기}0105-0140.  {소나기}0830-0850.  {소나기}1906-1916.  {박무}0140-{박무}{강도0}0300-0540.,
143,대구,1992-09-04,28.1,24.9,2400,33.1,1445,,,,,,,6.9,290,1059,6.2,200,20,3.1,2673,290,21.8,46,1357,70.3,26.2,1000.4,1010.2,2329,1005.5,112,1007.4,12.8,9.8,1200,2.92,18.95,,,,,,3.5,1.6,30.9,20.5,,,,,,,,,,,,,{박무}0620-0730.,
143,대구,1992-09-05,25.8,20.9,557,32.2,1420,,,,,,,7.4,90,1722,6,90,1730,2.5,2152,90,20.4,41,1313,74,23.9,1003.8,1012.8,2400,1008.6,1515,1010.7,12.8,10.1,1200,2.83,16.39,,,,,,2.5,1.5,28.3,17.7,,,,,,,,,,,,,{박무}0520-{박무}{강도0}0600-{박무}{강도0}0900-1030.  {박무}1820-{박무}{강도0}2100-2230.,
143,대구,1992-09-06,25.8,21.2,635,31,1512,,,,,,,5.2,90,1220,4.3,70,1234,2.9,2468,110,20.6,48,1315,75,24.4,1006.5,1015.2,910,1011.3,1730,1013.5,12.8,8.4,1300,2.58,17.92,,,,,,2.3,2.3,29.9,18.9,,,,,,,,,,,,,,
143,대구,1992-09-07,24.3,21.4,559,29.5,1248,3.83,.3,1612,.5,1550,.6,6,290,1531,5.3,290,1539,2,1739,90,21.3,56,1255,83.8,25.3,1004.7,1013.1,52,1009.4,1800,1011.6,12.7,2,1100,2.36,8.63,,,,,,10,4.5,25.9,19.8,,,,,,,,,,,,,{비}1505-{비}{강도0}1800-1855.  {박무}0830-{박무}{강도0}0900-{박무}{강도0}1200-{박무}{강도0}1500-1730.        {박무}1825-{박무}{강도0}2100-{박무}{강도0}2400-,
143,대구,1992-09-08,23.5,20.6,2353,27.2,1423,8.93,.9,532,4.2,532,6.8,6.3,290,1833,4.8,290,1830,1.4,1244,290,20.7,66,1630,84.3,24.5,1003.6,1012.5,2132,1008.8,454,1010.6,12.7,0,1200,1.57,5.15,,,,,,9.8,4.8,24.6,19.3,,,,,,,,,,,,,{비}0210-0250.  {비}0305-0350.  {비}0510-{비}{강도0}0600-0845.                     {비}1043-{비}{강도0}1200-1214.  {비}1805-2010.  {비}2030-2040.  {비}2350-{비}{강도0}2400-   -{박무}-{박무}{강도0}0300-{박무}{강도0}0600-{박무}{강도0}0900-{박무}{강도0}1200-1320.,
143,대구,1992-09-09,17.9,16.8,1514,21.2,202,19.8,1.3,958,4.5,933,23.7,4.9,290,1407,4.3,290,1410,1.6,1379,290,16.6,62,207,92.3,18.9,1005.6,1014.7,957,1011.5,111,1012.8,12.6,0,1400,.36,2.46,,,,,,9,5.1,19.6,16.4,,,,,,,,,,,,,-{비}-{비}{강도0}0300-{비}{강도0}0600-{비}{강도0}0900-{비}{강도0}1200-{비}{강도0}1500-{비}{강도0}1800-1948.       {박무}0530-{박무}{강도0}0600-{박무}{강도0}0900-1050.  {박무}1234-{박무}{강도0}1500-1730.,
143,대구,1992-09-10,20.1,17.3,350,26.7,1329,.17,0,,0,,0,8.3,90,1715,6.5,90,1658,2.3,2006,90,16.5,55,1343,80.8,18.8,1005.5,1014.4,928,1010.8,1542,1012.5,12.6,5.2,1200,2.84,13.44,,,,,,7.5,5,21.3,15.1,,,,,,,,,,,,,{소나기}1355-1405. {박무}0520-{박무}{강도0}0600-0840.,
143,대구,1992-09-11,21.6,16.1,632,28.2,1534,,,,,,,6,270,1813,4.3,290,1830,1.5,1303,270,15.4,41,1534,70.5,17.6,1004.1,1012.6,0,1009.1,1620,1011.1,12.6,9.8,1100,2.67,18.77,,,,,,4,2.6,25.3,13.3,,,,,,,,,,,,,,
143,대구,1992-09-12,20.7,15.7,601,26.3,1409,2.43,.1,1803,.1,1803,.1,3.5,110,2315,3,70,2400,1.1,925,20,16.6,53,1433,79.3,19,1003.8,1012.2,728,1008.6,1738,1010.9,12.5,3.6,1200,1.71,10.24,,,,,,7.3,5.6,22.3,12.6,,,,,,,,,,,,,{비}1545-1750.  {비}1803-1824.,
143,대구,1992-09-13,19.4,17.2,855,21.1,0,11.97,1.4,1027,5.3,720,18.7,7.1,90,1313,5.5,90,1310,2.2,1917,90,18.1,86,1443,92.3,20.8,1000.7,1010,0,1005.1,1600,1007.8,12.5,0,1400,.44,2.55,,,,,,10,5,19.9,16.9,,,,,,,,,,,,,{비}0152-{비}{강도0}0300-{비}{강도0}0600-{비}{강도0}0900-{비}{강도0}1200-1350.                      {박무}0340-{박무}{강도0}0600-{박무}{강도0}0900-{박무}{강도0}1200-{박무}{강도0}1500-1610.,
143,대구,1992-09-14,22.6,19.3,100,28.2,1410,,,,,,,6.8,290,1604,5.2,290,1609,2.8,2392,270,18.1,57,1559,76.8,20.7,1001.5,1011.4,2244,1006.1,0,1008.6,12.5,2.4,1100,2.51,12.26,,,,,,8,3.8,23.3,18.3,,,,,,,,,,,,,,
143,대구,1992-09-15,22.8,16.9,606,29.5,1504,,,,,,,4.5,320,1544,4,320,1616,1.4,1184,20,16.9,40,1325,71.8,19.3,1004.8,1013.5,734,1009.9,1540,1011.8,12.4,10.2,1200,2.77,17.85,,,,,,.3,.6,25.5,12.5,,,,,,,,,,,,,{달무리}2240-,
143,대구,1992-09-16,23,18.4,641,28.7,1520,,,,,,,8.9,290,1213,6.7,290,1216,3.2,2771,270,14.6,42,1514,61.5,16.7,1005.4,1014.6,2350,1010.1,1430,1012.4,12.4,10.3,1100,2.62,18.04,,,,,,2.3,.6,26,13.5,,,,,,,,,,,,,-{달무리}-0330.,
143,대구,1992-09-17,21.1,15.5,642,27.5,1542,,,,,,,6.3,270,1,4.2,270,36,1.9,1601,320,12.4,39,1407,58.3,14.6,1008.8,1017.7,934,1014.1,141,1015.8,12.3,10.8,1100,2.63,18.43,,,,,,3.3,2.5,25.1,10.7,,,,,,,,,,,,,,
143,대구,1992-09-18,21.1,18.4,700,25.4,1359,,,,,,,4.8,270,1556,3.5,270,1559,2.1,1787,270,16.5,62,1404,75,18.8,1010,1018.8,2331,1015.9,242,1017.1,12.3,.5,1300,1.71,7.99,,,,,,7.3,3.6,22.5,15.2,,,,,,,,,,,,,,
143,대구,1992-09-19,21.2,15.9,556,27.5,1321,,,,,,,7.9,90,1929,5.7,90,1950,2.1,1843,90,15.4,38,1320,72.5,17.6,1013.8,1023.9,2400,1018.7,0,1020.8,12.3,5.8,1100,2.47,14.01,,,,,,6,3.4,23.5,10.8,,,,,,,,,,,,,{박무}0730-0845.,
143,대구,1992-09-20,20.8,17.5,640,23.9,1234,1.83,1.6,2140,2.6,2137,2.7,9.3,90,1349,7,90,1338,3.3,2862,70,15.7,55,1313,73.8,17.9,1017.1,1026,914,1022.9,1514,1024.3,12.2,5.8,1200,1.52,10.26,,,,,,7.5,4,22.7,14.4,,,,,,,,,,,,,{소나기}2122-2312.,
143,대구,1992-09-21,20.4,16.9,2400,25.2,1233,,,,,,,11.3,90,1701,8.2,90,1540,3.4,2914,90,14.1,50,1235,68,16.2,1017,1025.3,930,1022.8,1528,1024.2,12.2,7.9,1200,2.71,16.49,,,,,,4.8,2.5,23,10.3,,,,,,,,,,,,,,
143,대구,1992-09-22,19.2,13.2,634,24.7,1446,,,,,,,12,70,1004,7.8,70,1252,2.9,2516,70,13.2,48,1030,69.8,15.2,1016.1,1025.3,0,1020.5,1550,1023.3,12.2,7.7,1300,2.77,16.34,,,,,,2,2,22.8,7.8,,,,,,,,,,,,,,
143,대구,1992-09-23,19.7,16.3,630,22.7,1421,2.58,0,,0,,0,6,110,2140,4.7,110,2156,1.8,1556,110,16.9,79,1057,84.3,19.4,1012.9,1022.4,0,1016.5,2229,1020,12.1,0,1100,.86,4.51,,,,,,9.8,8.4,20.4,12.2,,,,,,,,,,,,,{비}0825-{비}{강도0}0900-1030.  {비}1105-1120.  {비}1210-1225.                     {박무}0845-{박무}{강도0}0900-{박무}{강도0}1200-{박무}{강도0}1500-{박무}{강도0}1800-{박무}{강도0}2100-{박무}{강도0}2400-,
143,대구,1992-09-24,22,19.8,442,25.5,1958,18.68,4.2,1450,13,1404,58.2,11.1,90,1308,8.5,90,1250,3.2,2780,90,20.6,76,1951,92,24.4,999.9,1016.8,0,997.1,2400,1006.9,12.1,0,1100,.37,1.6,,,,,,10,5.3,21.5,18.9,,,,,,,,,,,,,{비}0134-{비}{강도0}0300-{비}{강도0}0600-{비}{강도0}0900-{비}{강도0}1200-{비}{강도0}1500-{비}{강도0}1800-1920.    {비}2040-{비}{강도0}2100-2120.  {비}2235-2250.                                   -{박무}-{박무}{강도0}0300-{박무}{강도0}0600-{박무}{강도0}0900-{박무}{강도0}1200-{박무}{강도0}1500-1730.,
143,대구,1992-09-25,22.8,18.6,2400,26.5,1553,.97,1.1,8,1.2,,2.2,9.5,290,357,7.7,290,359,3.6,3143,270,18,52,1624,75.5,20.8,999.4,1015.5,2400,997.1,0,1006.3,12,7.5,1000,2.2,13.02,,,,,,7.3,2.6,24.7,14.1,,,,,,,,,,,,,{비}0008-0030.  {비}0245-{비}{강도0}0300-0315.  {소나기}2048-2054.,
143,대구,1992-09-26,17.8,13.4,2400,23.4,1404,,,,,,,9.7,90,1713,7.7,90,1802,2.8,2387,270,10.2,48,1407,61.5,12.5,1013.3,1025.2,2400,1015.5,0,1020.5,12,5.1,1100,2.15,11.44,,,,,,4.8,4.1,19.4,10.1,,,,,,,,,,,,,,
143,대구,1992-09-27,15.3,9.8,638,22.5,1357,,,,,,,8,90,1626,5.7,90,1620,2.4,2040,70,9.3,40,1356,69.3,11.7,1018.8,1027.9,932,1024.9,1448,1026.1,12,9.2,1100,2.52,15.2,,,,,,1.3,.8,17.4,5.2,,,,,,,,,,,,,,
143,대구,1992-09-28,15.3,10.8,630,21,1318,3.25,.3,2342,.8,2300,1.1,9.4,70,1550,6.5,70,1610,2.3,1945,90,11.1,57,1318,77.3,13.2,1015.7,1026.7,0,1017.5,2350,1023,11.9,2.7,1200,1.98,8.96,,,,,,7.5,4.6,13.9,8.3,,,,,,,,,,,,,{비}2045-{비}{강도0}2100-{비}{강도0}2400-,
143,대구,1992-09-29,17.3,14.5,806,22.5,1618,8.82,.9,1146,2.2,0,10.9,9.4,290,1611,8,290,1641,2.2,1889,250,14.2,49,1642,83,16.2,1005.6,1017.5,0,1009.7,1458,1012.8,11.9,4.1,1300,2.35,8.23,,,,,,6.5,3,18.9,10.5,,,,,,,,,,,,,-{비}-{비}{강도0}0300-0530.  {비}0605-0820.  {비}0907-0915.  {비}0950-1005.          {비}1142-{비}{강도0}1200-1223.  {박무}0830-{박무}{강도0}0900-{박무}{강도0}1200-1210.,
143,대구,1992-09-30,17.9,12.1,618,25,1457,,,,,,,4.4,250,1005,4,250,537,1.8,1578,320,12.2,42,1626,71.8,14.2,1011.3,1020.4,929,1015.4,0,1018.5,11.9,9.5,1100,2.64,17.85,,,,,,0,0,19.3,7.5,,,,,,,,,,,,,,
143,대구,1992-10-01,17.9,10.9,635,26,1559,,,,,,,4,90,1645,3.3,110,1709,1.3,1142,70,12.4,32,1706,73,14.4,1013.9,1022.6,2400,1019,1700,1021.1,11.8,9.7,1200,2.38,14.92,,,,,,.3,.1,19.1,7.1,,,,,,,,,,,,,{박무}0640-{박무}{강도0}0900-{박무}{강도0}1200-1215.,
143,대구,1992-10-02,18.1,11.8,701,26.3,1602,,,,,,,6.8,230,1352,6,230,1354,1.6,1370,50,14,42,1323,79.3,16.1,1013.7,1023.6,720,1018,1800,1020.9,11.8,9.5,1100,2.46,14.82,,,,,,.3,.3,19.9,7.9,,,,,,,,,,,,,{박무}0610-{박무}{강도1}0900-{박무}{강도0}1200-1415.,
143,대구,1992-10-03,18.7,14.3,602,22.8,1502,.25,0,,0,,0,4,110,2221,3.3,250,1104,1.2,1006,90,15.5,65,1500,82,17.6,1010.3,1020.2,0,1015.1,1610,1017.4,11.7,.8,1200,1.01,5.92,,,,,,6.8,7.3,18.9,10.5,,,,,,,,,,,,,{박무}0242-{박무}{강도0}0300-{박무}{강도1}0600-{박무}{강도1}0900-{박무}{강도0}1200-{박무}{강도0}1500-{박무}{강도0}1800-{박무}{강도0}2100-{박무}{강도0}2400-  {비}1030-1045.,
143,대구,1992-10-04,16.8,14.5,2128,19.4,0,12.4,1.8,926,3,1150,12.7,7,110,2123,5.5,110,1840,2.6,2238,110,15.3,84,222,91.3,17.5,1011.2,1021.3,2300,1016.4,417,1018.4,11.7,0,1300,.25,1.24,,,,,,9.8,6.8,17.2,13.1,,,,,,,,,,,,,{비}0508-{비}{강도0}0600-{비}{강도0}0900-{비}{강도0}1200-{비}{강도0}1500-1630.                      {비}1743-{비}{강도0}1800-1815.  {비}1940-2010.                                   -{박무}-{박무}{강도0}0300-{박무}{강도0}0600-{박무}{강도0}0900-{박무}{강도0}1200-1342.  {박무}1510-1740.,
143,대구,1992-10-05,14.7,10.5,2345,18.1,1449,2.58,.1,610,.2,630,.3,6.9,70,1222,5.3,110,1157,2.3,1950,110,10.7,56,1222,77.5,12.9,1015.6,1026.3,2400,1020.5,338,1022.9,11.7,4.7,1200,1.54,8.22,,,,,,6.5,4.5,16.2,6.3,,,,,,,,,,,,,{비}0455-{비}{강도0}0600-0730.,
143,대구,1992-10-06,13.6,7.6,556,20.2,1428,,,,,,,9.3,90,1548,7.3,90,1551,2.6,2210,90,8.1,44,1308,71.3,10.8,1019.1,1028,836,1024.4,1541,1026.5,11.6,9,1200,2.37,15.05,,,,,,3.5,2.1,16,3.2,,,,,,,,,,,,,{박무}0414-{박무}{강도0}0600-0820.,
143,대구,1992-10-07,15.8,11.6,500,22.3,1453,,,,,,,3.7,110,1231,3,270,1610,1.2,1035,70,10,40,1423,71.3,12.4,1016.5,1026,0,1021.3,1500,1023.8,11.6,3.6,1200,2.17,11.48,,,,,,8.8,5,17.9,8.9,,,,,,,,,,,,,{박무}1005-1132.,
143,대구,1992-10-08,16.8,13.2,717,23.3,1401,,,,,,,7.2,320,1656,5.3,320,1717,2,1751,290,11.1,45,1423,72,13.4,1014.9,1023.7,910,1020,1530,1022.2,11.6,6.8,1300,2.28,11.45,,,,,,5.5,3.3,17.9,8.2,,,,,,,,,,,,,,
143,대구,1992-10-09,16,10.4,657,22.2,1355,,,,,,,7.7,270,1022,6.3,270,1054,2.5,2175,270,9.7,42,1632,67.5,12,1015.2,1024.3,2400,1020.8,1648,1022.4,11.5,9.9,1100,2.45,15.17,,,,,,.8,1,17.5,4.4,,,,,,,,,,,,,{박무}0242-{박무}{강도0}0300-{박무}{강도0}0600-0623.,
143,대구,1992-10-10,14.7,9,626,21.4,1548,,,,,,,4,110,1414,2.8,90,2230,1.4,1214,50,8.7,36,1436,71,11.3,1016.7,1025.8,752,1022.1,1700,1024.1,11.5,6.1,1000,2.07,12.05,,,,,,5.5,2.4,16.8,4.2,,,,,,,,,,,,,{박무}0720-{박무}{강도0}0900-{박무}{강도0}1200-1220.  {햇무리}1110-1332.,
143,대구,1992-10-11,15.5,10,701,24,1518,,,,,,,4.9,320,1346,3.7,320,1353,1.5,1280,50,9.4,33,1559,71,11.8,1014.9,1023.9,859,1019.7,1500,1022.2,11.5,8.4,1200,2.33,13.82,,,,,,3.5,0,17.9,6.7,,,,,,,,,,,,,{박무}0830-{박무}{강도0}0900-1130.,
143,대구,1992-10-12,15.6,9.3,558,23,1503,,,,,,,6.3,320,1443,4.2,270,1220,1.9,1615,20,10.4,47,1247,73.8,12.7,1015.8,1025.1,2400,1021.1,1626,1023.1,11.4,8.9,1200,2.15,12.95,,,,,,1,0,17.4,5.1,,,,,,,,,,,,,{박무}0345-{박무}{강도0}0600-{박무}{강도0}0900-{박무}{강도0}1200-1230.,
143,대구,1992-10-13,15.6,10.6,651,22.5,1327,,,,,,,9,110,1453,7.3,110,1559,2.6,2270,90,10.9,50,1344,75.5,13,1016.8,1026.1,900,1022,1700,1024.1,11.4,7.1,1200,2.16,12.4,,,,,,3.3,1,17.4,6.6,,,,,,,,,,,,,{박무}0240-{박무}{강도0}0300-{박무}{강도0}0600-{박무}{강도0}0900-1035.,
143,대구,1992-10-14,15.8,9.5,623,23.2,1328,1.08,.3,2207,.3,2205,.3,6.8,110,2145,5.7,110,2148,1.8,1544,50,11.4,53,1329,76.3,13.5,1012.5,1023.3,0,1016.3,1530,1019.8,11.3,6.7,1200,2.08,10.77,,,,,,7,3,17.8,4.8,,,,,,,,,,,,,{비}2205-2310.,
143,대구,1992-10-15,17.6,14.6,519,21.9,1407,.42,0,,0,,0,8.3,90,1726,7,90,1730,2.6,2272,90,13,56,1433,75.3,15,1009.8,1018.3,1035,1015.9,1731,1016.9,11.3,5.9,1100,1.89,10.8,,,,,,7.8,4.1,17.8,9.6,,,,,,,,,,,,,{소나기}1455-{소나기}{강도0}1500-1520.,
143,대구,1992-10-16,17.5,12,640,23.4,1405,,,,,,,8.2,90,1915,6.7,70,1843,2.7,2373,90,12.1,43,1258,72.5,14.1,1009.3,1017.5,30,1014.6,1435,1016.4,11.3,7.8,1100,2.13,13,,,,,,5.3,4,20,7.4,,,,,,,,,,,,,,
143,대구,1992-10-17,16.6,13,701,22,1420,.97,.5,1650,1.9,1620,1.9,10,90,1455,7.8,90,1446,3.3,2837,90,11.6,44,1338,73.5,13.6,1010.2,1019.6,822,1015.8,1459,1017.5,11.2,6.2,1100,2.17,11.39,,,,,,5,4.9,18.9,9.7,,,,,,,,,,,,,{소나기}1620-1718.,
143,대구,1992-10-18,15.5,12.6,646,21,1309,1.95,.7,344,1.3,318,1.6,9.6,50,1510,8.7,20,1515,2.1,1831,50,11.9,57,1435,81,14,1013.3,1022.8,2330,1018.7,1354,1020.6,11.2,3.9,1100,1.75,9.28,,,,,,7,4.6,16.2,9,,,,,,,,,,,,,{비}0318-0425.  {소나기}1530-1620.  {천둥}{강도0}(N)1505-1525.                         {박무}0342-{박무}{강도0}0600-{박무}{강도0}0900-1030.,
143,대구,1992-10-19,14.6,10.9,604,21.5,1444,1.72,.5,1723,1.1,1639,1.3,7.6,140,1623,6,70,1558,1.6,1374,90,10.6,42,1542,79.8,12.8,1015.4,1024.5,910,1020.2,1510,1022.7,11.2,4.6,1200,2.07,10.72,,,,,,6.3,3,16.6,5.9,,,,,,,,,,,,,{박무}0620-{박무}{강도0}0900-1148.  {소나기}1615-1758.                                   {천둥}{강도0}(NE)1545-{뇌전}{강도1}(NE{이동}E2-3)1610-{뇌전}{강도1}(E{이동}SE2-3)1620-1630.,
143,대구,1992-10-20,14.1,9.8,558,19.4,1238,,,,,,,6,340,1311,4.7,340,1310,2.4,2060,250,7.8,45,1240,68.3,10.7,1016,1025,2351,1021.9,1400,1023.3,11.1,5.2,1200,1.75,9.73,,,,,,2.3,2.5,14,4.2,,,,,,,,,,,,,,
143,대구,1992-10-21,13.3,8.6,600,20.1,1209,,,,,,,6.5,90,1723,5.2,90,1710,2.2,1868,90,7.4,39,1202,68.5,10.3,1017.6,1026.5,902,1023.7,1551,1025,11.1,7.7,1100,2.22,12.01,,,,,,1.8,1.1,13.5,2.5,,,,,,,,,,,,,{박무}0412-{박무}{강도0}0600-0605.,
143,대구,1992-10-22,13.8,7.3,507,21,1357,,,,,,,4.1,270,1336,3.3,250,1500,1.4,1167,90,9.1,49,1300,75.8,11.6,1016.7,1026.5,904,1021.6,1730,1024,11.1,5,1100,1.92,10.36,,,,,,6.5,4.9,15.3,1.5,,,,,,,,,,,,,{박무}0715-{박무}{강도0}0900-{박무}{강도0}1200-1232.,
143,대구,1992-10-23,14.9,11.3,710,19.2,1243,.8,.1,1600,.1,1536,.1,3,270,1252,2.7,270,1300,1.1,943,70,12.2,62,1227,84.3,14.3,1011.3,1022.5,18,1015.7,1833,1018.5,11,1.6,1100,.95,4.9,,,,,,8.5,5.4,14.8,7.2,,,,,,,,,,,,,{박무}0630-{박무}{강도0}0900-{박무}{강도0}1200-{박무}{강도0}1500-{박무}{강도0}1800-{박무}{강도0}2100-{박무}{강도0}2400-         {소나기}1536-1624.,
143,대구,1992-10-24,14,9.3,2400,18.3,1317,,,,,,,11.3,270,1428,9.5,270,1351,4.5,3929,290,6.8,41,1434,64,10.1,1008.5,1017.7,2400,1013.6,1452,1015.7,11,7.2,1100,1.95,11.28,,,,,,3.8,2.4,15.2,4.2,,,,,,,,,,,,,-{박무}-{박무}{강도0}0300-{박무}{강도0}0600-0620.,
143,대구,1992-10-25,11.3,8,429,15.9,1433,,,,,,,14.9,290,1359,10.7,270,1219,4.9,4275,290,4.2,46,1438,62.5,8.3,1012,1023.9,2330,1017.1,425,1019.3,10.9,6.6,1100,1.56,9.39,,,,,,1.3,1,12.6,2.7,,,,,,,,,,,,,,
143,대구,1992-10-26,12.2,6.9,653,19.4,1443,,,,,,,6.4,270,411,5.5,320,1403,2.3,1981,270,4.3,36,1623,60.5,8.3,1019.3,1030.4,2358,1023.9,0,1026.7,10.9,9.4,1200,2.14,13.11,,,,,,.3,.1,12.8,.1,,,,,,,,,,,,,,
143,대구,1992-10-27,10.3,3.3,620,19.7,1519,,,,,,,4.1,250,1144,3.8,250,1200,1.5,1295,70,4,35,1632,68.8,8.1,1022.4,1032.2,900,1027.8,1700,1029.9,10.9,9.5,1200,2.06,12.15,,,,,,.5,0,11.3,-2.6,,,,,,,,,,,,,{박무}0824-{박무}{강도0}0900-1040.,
143,대구,1992-10-28,11.5,4,659,20.6,1553,,,,,,,8.5,250,1456,7.7,250,1522,1.7,1479,20,5.9,38,1551,71,9.4,1017.8,1029.2,0,1021.2,1808,1025.2,10.8,9.2,1200,1.97,12.32,,,,,,.3,.5,12.1,-1,,,,,,,,,,,,,{박무}0730-{박무}{강도0}0900-{박무}{강도0}1200-1228.,
143,대구,1992-10-29,12.8,7,552,20,1537,.3,.3,2354,.4,2342,.3,6.5,250,1244,5.7,250,1300,2.3,2030,230,7.1,43,1443,70.8,10.1,1010.1,1021.6,0,1013.5,1708,1017.5,10.8,9,1200,2.02,11.94,,,,,,1.8,1.3,13.1,.7,,,,,,,,,,,,,{박무}0810-{박무}{강도0}0900-0940.  {비}2342-{비}{강도0}2400-,
143,대구,1992-10-30,13.3,9.5,2400,17.8,1428,1.5,.2,446,.2,408,.3,15.1,250,1318,11.7,250,1330,5.3,4609,290,5.2,36,1519,60.8,9,1007,1018.7,2400,1011.8,430,1014.3,10.8,8.2,1300,1.8,9.44,,,,,,2.8,1.8,12.5,3.4,,,,,,,,,,,,,-{비}-0040.  {비}0408-0458.,
143,대구,1992-10-31,12,6,729,18.6,1413,,,,,,,8,250,1509,4.8,250,1520,2.3,1957,290,4.3,39,1526,61,8.3,1011.6,1020.2,2400,1016.7,1536,1018.9,10.7,8.2,1100,1.98,11.99,,,,,,3.3,3.6,12.2,-.6,,,,,,,,,,,,,,
143,대구,1992-11-01,11.8,8,706,17.1,1546,.25,,,,,0,7.9,90,1649,6.7,90,1629,3.2,2771,270,5.2,43,1520,65.5,8.9,1017.9,1030.3,2400,1020.2,0,1025.3,10.7,8,1100,2.08,12.29,,,,,,2,1.9,13.6,1.5,,,,,,,,,,,,,{소나기}0105-0120.,
143,대구,1992-11-02,9.4,3.5,720,17.6,1532,,,,,,,5.6,250,1536,4.2,270,1553,1.6,1409,50,4.1,34,1615,73.8,8.2,1021.1,1031.7,900,1024.8,2340,1028.6,10.7,7.2,1200,1.9,11.69,,,,,,0,0,11.1,-1.3,,,,,,,,,,,,,{박무}0745-{박무}{강도0}0900-{박무}{강도0}1200-1240.,
143,대구,1992-11-03,11.6,7,121,16.4,1525,.12,,,,,0,9.1,250,1428,7.7,250,1433,2.1,1791,290,7.9,59,1313,79.3,10.7,1013.9,1024.8,0,1018.2,1508,1021.2,10.6,.4,1300,.78,3.28,,,,,,5.8,3.8,10.4,1.4,,,,,,,,,,,,,{소나기}0752-0759.,
143,대구,1992-11-04,12.3,7.6,721,20.3,1450,,,,,,,4.2,270,1044,3.2,270,1100,1.6,1388,70,5.3,31,1530,67.8,9,1016.3,1025.6,900,1021.9,1524,1023.7,10.6,8.5,1200,2.03,12.17,,,,,,0,0,12.5,.8,,,,,,,,,,,,,{박무}0530-{박무}{강도0}0600-{박무}{강도0}0900-0920.,
143,대구,1992-11-05,9.2,4.9,600,12.4,1502,4.37,,,,,.2,3,200,1530,2.5,250,1152,1,874,250,6.5,65,1343,83.5,9.8,1017.3,1026.9,1035,1023.5,1500,1024.9,10.6,0,1100,.6,2.89,,,,,,7.5,3.1,8.8,-.7,,,,,,,,,,,,,{박무}0630-{박무}{강도0}0900-{박무}{강도0}1200-{박무}{강도0}1500-{박무}{강도0}1800-{박무}{강도0}2100-{박무}{강도0}2400-         {비}1005-1020.  {비}1210-1240.  {비}1403-{비}{강도0}1500-1740.,
143,대구,1992-11-06,13.3,6.7,626,20.5,1533,,,,,,,8,290,1346,7.3,290,1350,3,2624,270,6.5,33,1524,67.8,9.8,1016.8,1026.4,910,1021.5,1529,1024.1,10.5,8.2,1100,1.99,10.27,,,,,,0,0,13.3,-.4,,,,,,,,,,,,,-{박무}-{박무}{강도0}0300-{박무}{강도0}0600-0620.,
143,대구,1992-11-07,11.9,6.8,618,19.2,1426,,,,,,,10,50,1246,7,70,1330,2.5,2164,50,6.5,43,1447,72.3,9.7,1017.5,1026.7,2330,1022.7,1520,1024.8,10.5,3.6,1300,1.26,7.01,,,,,,3.3,3.5,11.9,.6,,,,,,,,,,,,,,
143,대구,1992-11-08,12.9,9.5,135,17.4,1313,,,,,,,4,270,512,3.2,250,300,1.6,1403,270,7,50,1449,68.5,10.1,1018.6,1028.1,825,1023.8,2400,1026,10.5,3.9,1100,1.62,8.08,,,,,,7.8,5,13.3,6.3,,,,,,,,,,,,,,
143,대구,1992-11-09,9,5.5,2400,12.5,0,4.75,,,,,6.8,11,290,1503,8.3,290,1512,3.2,2742,290,4.8,51,1537,76,8.8,1015.1,1023.8,0,1020.3,610,1022.5,10.5,.9,1200,1.41,5.3,,,,,,7.5,4.1,9.8,2,,,,,,,,,,,,,{비}0530-{비}{강도0}0600-{비}{강도0}0900-1015.  {박무}0520-{박무}{강도0}0600-0850.,
143,대구,1992-11-10,6.2,3.5,520,9.1,1141,1.62,,,,,0,11.9,270,1508,9.3,270,1500,4.4,3799,270,1.1,57,1453,70.8,6.6,1015.3,1026.4,2351,1021.5,1452,1022.8,10.4,3.8,1000,1.55,7.73,,,,,,3.8,4,6.3,-2.4,,,,,,,,,,,,,{소나기}1050-1105.  {소나기}1220-1335.  {소나기}1528-1535.,
143,대구,1992-11-11,9.7,4.7,700,15.1,1451,,,,,,,10.3,270,1345,6.3,290,1220,3.4,2971,290,1.7,40,1420,58.5,6.9,1020.8,1029.6,1029,1026.4,0,1028.3,10.4,7.5,1100,2.01,12.32,,,,,,2.3,1.1,9.9,1.8,,,,,,,,,,,,,,
143,대구,1992-11-12,8.6,3.9,556,15.4,1406,,,,,,,6.1,230,1313,5.3,230,1311,2.1,1786,50,4,49,1411,74.3,8.1,1020.3,1029.7,910,1026.2,1600,1027.8,10.4,4.6,1300,1.6,8.61,,,,,,7,2.9,8,-2.3,,,,,,,,,,,,,,
143,대구,1992-11-13,10.6,5.3,731,18.1,1523,,,,,,,4.6,270,1509,3.8,270,1500,1.4,1228,50,6.2,48,1530,76.3,9.5,1019.3,1028.6,904,1024.1,1510,1026.7,10.3,8.2,1100,1.68,9.69,,,,,,1.8,1,9.9,-.6,,,,,,,,,,,,,{박무}0930-1120.  {연무}1130-{연무}{강도0}1200-1340.,
143,대구,1992-11-14,9.8,4.3,700,17.8,1502,,,,,,,4.2,270,1502,3.7,270,1510,1.4,1211,20,5.3,42,1510,76.5,8.9,1019.8,1029.6,1001,1025.8,1629,1027.3,10.3,5.2,1200,1.52,8.54,,,,,,2.5,1.3,9,.2,,,,,,,,,,,,,{박무}0635-{시정(미만)}{1km}{안개}0645-{시정(미만)}{0.5km}{안개}0702-{시정(미만)}{0.2km}{안개}0715-{시정(미만)}{0.1km}{안개}0722-{시정(이상)}{0.1km}{안개}0735-        {시정(이상)}{0.2km}{안개}0745-{시정(이상)}{0.5km}{안개}0825-{안개}{강도0}0900-{시정(이상)}{1km}{박무}0920-{박무}{강도1}1200-1445.,2.58
143,대구,1992-11-15,9.6,4.8,657,17.6,1422,,,,,,,13.6,270,1730,10,290,1740,3.8,3272,270,4,41,1423,71.8,8.1,1016.9,1027.1,2400,1020.1,1650,1024.3,10.3,5.7,1200,1.58,8.9,,,,,,1.8,.9,9.2,-.9,,,,,,,,,,,,,{박무}0520-{박무}{강도0}0600-{박무}{강도0}0900-{연무}1140-{연무}{강도0}1200-1235.,
143,대구,1992-11-16,6.3,2.4,628,10.8,1453,,,,,,,10.9,290,151,8.3,290,32,3.7,3233,290,-2.9,39,1534,52.3,5,1021.9,1031.9,910,1027.1,0,1029.5,10.3,8.9,1200,1.92,11.16,,,,,,1.3,0,8.1,-3.4,,,,,,,,,,,,,,
143,대구,1992-11-17,6,-1.3,724,14,1458,,,,,,,3.5,270,1433,3,270,1502,1.3,1103,50,-1,37,1510,63.3,5.7,1022.2,1031.8,900,1027,1500,1029.9,10.2,7.2,1200,1.7,9.96,,,,,,.5,0,7.9,-6.6,,,,,,,,,,,,,,
143,대구,1992-11-18,7.9,1.1,729,15.8,1518,,,,,,,4.3,140,1442,3.5,70,752,1.5,1299,110,3.4,48,1518,76,8,1021.7,1031.6,930,1026.9,1510,1029.3,10.2,5.7,1200,1.34,8.12,,,,,,2,0,7.2,-5.5,,,,,,,,,,,,,{박무}0930-1105.,
143,대구,1992-11-19,11.6,5.5,635,17.3,1601,3.83,,,,,6.4,6.3,290,2352,5,290,2340,1.4,1249,90,9,55,1300,85.5,11.8,1012.7,1028.4,0,1010.6,2340,1020.1,10.2,4.7,1000,1.31,6.48,,,,,,6,4.4,10.7,0,,,,,,,,,,,,,{박무}0630-{박무}{강도0}0900-1055.  {박무}1450-{박무}{강도0}1500-{박무}{강도0}1800-{박무}{강도0}2100-{박무}{강도0}2400-    {비}1620-1640.  {비}1715-1745.  {비}1855-{비}{강도0}2100-2155.,
143,대구,1992-11-20,6.5,1.6,2400,14.8,0,.17,,,,,0,15.3,320,401,11.7,320,410,5.9,5076,290,.3,47,1320,65.3,6.5,1006.8,1017.3,2400,1009.8,26,1014.2,10.1,1,1200,2.12,5.82,,,,,,7.5,5.6,7.3,-1.5,,,,,,,,,,,,,-{박무}-0030.  {눈}1952-2002.,
143,대구,1992-11-21,4.2,-.7,700,9.9,1521,,,,,,,7.2,270,1341,6,290,1210,2.5,2150,270,-2.8,33,1522,62.8,5,1012.1,1021.5,1055,1017.3,0,1019.6,10.1,8.5,1200,1.84,10.69,,,,,,0,0,3.6,-6.6,,,,,,,,,,,,,,
143,대구,1992-11-22,6.3,-.5,658,13.3,1518,,,,,,,8.3,250,1448,5.7,230,1440,2.5,2196,230,.8,41,1455,71,6.5,1013.2,1022.9,1030,1018.5,1730,1020.8,10.1,6,1000,1.42,8.06,,,,,,.8,1.9,4.7,-7,,,,,,,,,,,,,,
143,대구,1992-11-23,9.8,6.6,2400,15.1,1430,,,,,,,9.2,270,1309,6.7,290,1311,3.1,2671,290,.9,36,1352,55.5,6.5,1016.5,1028.1,2323,1020.2,0,1023.9,10.1,7.6,1200,1.82,10.3,,,,,,2.5,1.5,8.4,-2.1,,,,,,,,,,,,,,
143,대구,1992-11-24,7.2,1.3,627,14.2,1454,,,,,,,5,270,1514,4,270,1500,1.5,1285,20,.9,37,1650,67.5,6.5,1017.3,1027.8,0,1021.8,1640,1024.8,10.1,5.7,1400,1.18,7.48,,,,,,1.8,.9,6,-4.8,,,,,,,,,,,,,,
143,대구,1992-11-25,7.3,3.5,2400,14.8,1352,,,,,,,14.6,290,2330,10.8,290,2340,3.9,3379,320,-.4,33,1550,62.8,6.1,1013,1022.7,250,1016.1,1440,1020.5,10,8.2,1200,1.58,9.1,,,,,,1.8,1.4,6.2,-3.3,,,,,,,,,,,,,{박무}0630-{박무}{강도0}0900-{연무}1130-{연무}{강도0}1200-1230.,
143,대구,1992-11-26,-.6,-3.7,2400,3.5,0,,,,,,,12,290,40,11.3,290,13,5.2,4536,290,-10.5,36,1531,49.8,2.8,1021.4,1035,2400,1022.1,0,1029.2,10,7.6,1200,1.81,10.7,,,,,,1.8,.4,2.4,-8.8,,,,,,,,,,,,,,
143,대구,1992-11-27,-.8,-7,745,6.7,1505,,,,,,,6,270,240,5,270,201,1.7,1497,50,-12.7,23,1500,44,2.3,1027.8,1037.6,1032,1033.8,1510,1035.7,10,8.4,1200,1.64,9.74,,,,,,2,1,.9,-12.4,,,,,,,,,,,,,{박무}0930-{박무}{강도0}1200-1315.,
143,대구,1992-11-28,3.8,-2.2,559,12,1503,,,,,,,3,250,1342,2.7,250,1639,1.1,916,50,-4.2,29,1228,57.3,4.6,1024.7,1035.7,0,1028.9,1550,1032.4,10,6.3,1300,1.39,7.18,,,,,,3.3,1,3,-8,,,,,,,,,,,,,,
143,대구,1992-11-29,6.3,-.6,513,15.5,1556,,,,,,,7.6,290,1220,6.7,290,1231,2.2,1900,250,.7,45,1530,69,6.6,1021.9,1031,0,1026.9,1505,1029.5,9.9,8.5,1200,1.72,9.88,,,,,,0,0,4.5,-7.6,,,,,,,,,,,,,,
143,대구,1992-11-30,8,.1,717,16.2,1440,,,,,,,7.2,90,1503,5.7,90,1440,2,1736,70,3.8,50,1428,76.8,8.2,1020.7,1030.9,857,1025.7,1500,1028.3,9.9,7.8,1200,1.45,8.44,,,,,,0,0,5.5,-1.7,,,,,,,,,,,,,{박무}0810-{박무}{강도0}0900-{박무}{강도0}1200-1445.,
143,대구,1992-12-01,8,2.1,625,15.9,1415,,,,,,,7.4,290,1625,6,290,1810,2.4,2101,290,.9,33,1447,67.3,6.6,1017.7,1027,0,1022.3,1430,1025.2,9.9,6.7,1200,1.49,7.62,,,,,,2.5,2.5,6.3,-3.2,,,,,,,,,,,,,{박무}0510-{시정(미만)}{1km}{안개}0535-{시정(미만)}{0.5km}{안개}0545-{안개}{강도1}0600-{시정(미만)}{0.2km}{안개}0605-{시정(미만)}{0.1km}{안개}0735-{안개}{강도2}0900- {시정(이상)}{0.1km}{안개}0930-{시정(이상)}{0.2km}{안개}0950-{시정(이상)}{0.5km}{안개}1110-{시정(이상)}{1km}{박무}1130-{박무}{강도0}1200-1320.,5.92
143,대구,1992-12-02,7,.3,625,13.7,1506,,,,,,,6.7,90,1623,5.5,90,1637,1.9,1647,90,2,48,1355,72.5,7.2,1022.2,1031.8,2250,1026.7,0,1029.9,9.9,7,1200,1.35,7.06,,,,,,2.5,2.6,5.5,-5.7,,,,,,,,,,,,,{박무}0640-{박무}{강도0}0900-{박무}{강도0}1200-1340.,
143,대구,1992-12-03,6.5,2.8,800,13.1,1356,,,,,,,8.6,320,1513,6.8,320,1450,2.7,2338,270,-.8,32,1440,65.8,6,1025.1,1035.8,2340,1030.9,1330,1032.6,9.9,6.1,1200,1.46,7.72,,,,,,3.8,2,6.1,-3.6,,,,,,,,,,,,,{박무}0610-{시정(미만)}{1km}{안개}0830-{안개}{강도0}0900-{시정(이상)}{1km}{박무}1008-{박무}{강도0}1200-1348.,1.63
143,대구,1992-12-04,4.8,-1.4,730,11.8,1545,,,,,,,4.9,110,1522,3.3,110,1524,1.4,1192,70,.4,56,1347,73.8,6.5,1029.9,1039.2,930,1035.8,0,1037.6,9.9,3.3,1300,1.12,5.59,,,,,,2.8,1.5,3.8,-8.3,,,,,,,,,,,,,{박무}0830-{박무}{강도0}0900-{박무}{강도0}1200-{박무}{강도0}1500-1540.,
143,대구,1992-12-05,7.5,1,820,14.1,1501,,,,,,,5,110,1528,4,90,1532,1.2,1043,50,3.4,49,1507,77.5,7.8,1028.8,1038.9,901,1033,2400,1036.4,9.8,4.2,1200,1.18,6.34,,,,,,6.8,4.1,6.1,-5,,,,,,,,,,,,,{박무}0515-{박무}{강도0}0600-{시정(미만)}{1km}{안개}0705-{시정(미만)}{0.5km}{안개}0710-{시정(미만)}{0.2km}{안개}0720-{시정(미만)}{0.1km}{안개}0730-{안개}{강도2}0900- {시정(이상)}{0.1km}{안개}0920-{시정(이상)}{0.2km}{안개}0950-{시정(이상)}{0.5km}{안개}1030-{시정(이상)}{1km}{박무}1120-{박무}{강도2}1200-1350.,4.25
143,대구,1992-12-06,9.1,7.2,625,10.3,2100,13.83,,,,,4.4,5,90,1340,3.5,90,1310,1.3,1083,90,7.7,80,0,91,10.6,1021.2,1033,0,1022.9,2400,1028.7,9.8,0,1300,.5,1.91,,,,,,10,5.1,8.3,1,,,,,,,,,,,,,{비}0810-{비}{강도0}0900-{비}{강도0}1200-{비}{강도0}1500-1630.  {비}1640-1740.  {비}1810-1845.   {비}2005-{비}{강도0}2100-{비}{강도0}2400-                                             {박무}0948-{박무}{강도0}1200-{박무}{강도0}1500-{박무}{강도1}1800-{박무}{강도1}2100-{박무}{강도2}2400-,
143,대구,1992-12-07,11.7,10,20,14,1501,7.25,,,,,1.8,9.5,290,1917,6,320,2300,1.7,1439,250,10.4,81,2305,91.8,12.6,1009.2,1022.9,0,1012.3,1811,1016.5,9.8,0,1300,.4,1.97,,,,,,9.8,7.3,11.2,7.5,,,,,,,,,,,,,-{비}-0240.  {비}1605-{비}{강도0}1800-2040.  -{박무}-{박무}{강도2}0300-{시정(미만)}{1km}{안개}0530-{시정(미만)}{0.5km}{안개}0550- {안개}{강도1}0600-{시정(이상)}{0.5km}{안개}0730-{안개}{강도0}0900-{안개}{강도0}1200-{시정(미만)}{0.5km}{안개}1440-{안개}{강도1}1500-{시정(이상)}{0.5km}{안개}1540- {시정(이상)}{1km}{박무}1610-{박무}{강도0}1800-1940.,10.67
143,대구,1992-12-08,9.9,4.6,2340,12.7,1500,,,,,,,11.6,290,1231,10,290,1240,4,3483,290,1.6,39,1427,57.3,6.9,1012.9,1023.9,2100,1015.5,0,1020.3,9.8,6.9,1200,1.53,7.98,,,,,,4,3.1,7.8,-2.4,,,,,,,,,,,,,{박무}0610-{박무}{강도0}0900-1040.,
143,대구,1992-12-09,6.3,3.3,430,9.5,1514,,,,,,,5.7,270,146,5.3,270,151,2.2,1864,250,0,41,1330,66.3,6.1,1014,1024.7,933,1018.3,2345,1021.5,9.8,.8,1200,.81,4.65,,,,,,5.8,3.4,4.6,-4,,,,,,,,,,,,,,
143,대구,1992-12-10,6.4,.8,2350,13.2,1258,1.82,,,,,1.1,15.9,270,2045,12.2,250,2059,4.5,3870,270,1.6,47,1258,72.5,7.2,1007.1,1018.3,0,1009.8,1450,1014.5,9.8,4.3,1200,1.5,5.81,,,,,,8,4.5,5.5,-2.9,,,,,,,,,,,,,{비}0620-0630. {소나기}1345-1410.  {소나기}1441-{소나기}{강도0}1500-1525. {소나기}1735-{소나기}{강도0}1800-1805.{박무}0810-{박무}{강도0}0900-1110.  {달무리}2330-,
143,대구,1992-12-11,.8,-2,733,4.6,1502,,,,,,,16,290,1345,10,290,1412,5.2,4487,290,-8.6,36,1131,49.8,3.2,1014.6,1024.9,2103,1017.9,0,1022.2,9.8,8.2,1200,1.68,9.71,,,,,,0,0,1.3,-7.5,,,,,,,,,,,,,-{달무리}-0045.,
143,대구,1992-12-12,1.5,-2.7,419,7.3,1540,,,,,,,3.5,250,420,3,250,430,1.2,1044,20,-3.6,51,1532,69.5,4.7,1013.9,1024.7,0,1016,2400,1021.6,9.8,1.1,1100,.83,4.45,,,,,,6.8,5,1.1,-8.9,,,,,,,,,,,,,{박무}0930-{박무}{강도0}1200-1245.,
143,대구,1992-12-13,3.4,-1.4,2400,9.2,1208,,,,,,,19.3,270,1116,14,270,1143,5.4,4677,290,-4.5,37,1453,59,4.7,1009.9,1026.6,2400,1012.6,553,1017.4,9.8,5,1100,1.33,5.69,,,,,,3.5,2.9,2.7,-5.8,,,,,,,,,,,,,{폭풍}1143,
143,대구,1992-12-14,-1.8,-4.4,851,2,1355,,,,,,,14.3,320,1401,10,320,1409,4.9,4262,270,-13.1,34,1330,43.5,2.3,1020.9,1030.5,1030,1026.6,0,1028.7,9.7,7.8,1200,1.67,9.12,,,,,,.8,0,-.7,-8.7,,,,,,,,,,,,,,
143,대구,1992-12-15,-.8,-4.7,655,4.2,1525,,,,,,,8,270,1457,6.7,290,1530,3.6,3083,270,-10.9,28,1430,49.3,2.7,1021.6,1030.9,1005,1027.4,1431,1029.3,9.7,7.8,1200,1.71,9.63,,,,,,0,0,-.4,-12.3,,,,,,,,,,,,,,
143,대구,1992-12-16,1.9,-3.5,449,7.7,1501,,,,,,,5,270,2028,4.2,230,1547,1.9,1605,290,-4.2,47,1459,65.5,4.6,1018.5,1027.9,0,1023.9,1500,1026.3,9.7,3.6,1200,1.25,6.17,,,,,,4.3,4.9,2.4,-9.2,,,,,,,,,,,,,{박무}0840-{박무}{강도0}0900-{박무}{강도0}1200-1235.,
143,대구,1992-12-17,3.3,-.3,728,7.7,1401,,,,,,,9.4,320,1517,7.3,320,1532,3.1,2658,270,-3.5,44,1533,62.5,4.7,1020.3,1029.5,2245,1026.8,120,1028.1,9.7,7.8,1200,1.63,9.14,,,,,,0,.5,2.1,-7.7,,,,,,,,,,,,,,
143,대구,1992-12-18,2.8,0,701,8.4,1551,,,,,,,6.1,250,1147,5.5,250,1147,2.4,2063,250,-5.1,30,1615,59.8,4.3,1023.4,1033.3,1030,1029.4,40,1031.1,9.7,8.3,1200,1.7,9.65,,,,,,.8,.4,2.1,-8.4,,,,,,,,,,,,,,
143,대구,1992-12-19,2.2,-3,810,8,1407,.25,,,,,0,3.6,70,105,3.3,90,110,1.6,1345,250,-3.8,46,1352,65.5,4.6,1020.2,1031.1,0,1025.3,1610,1027.9,9.7,4.6,1100,1.32,5.67,,,,,,5,2.1,1.4,-8.7,,,,,,,,,,,,,{비}2345-{비}{강도0}2400-  {박무}2230-{박무}{강도0}2400-,
143,대구,1992-12-20,3.8,2.4,753,5.6,2222,16.83,,,,,8.9,3.5,110,913,3,110,920,1.1,910,290,2.7,65,20,92.5,7.5,1015.8,1025.6,0,1021.4,1420,1023.5,9.7,0,1000,.16,.84,,,,,,10,4.6,3.7,1.2,,,,,,,,,,,,,-{비}-0005.  {비}0205-{비}{강도0}0300-{비}{강도0}0600-{비}{강도0}0900-{비}{강도0}1200-1230.           {비}1420-{비}{강도0}1500-{비}{강도0}1800-2010.  {비}2330-{비}{강도0}2400-                      -{박무}-{박무}{강도0}0300-{박무}{강도0}0600-{박무}{강도0}0900-{박무}{강도0}1200-{박무}{강도0}1500-{박무}{강도0}1800-{박무}{강도0}2100-   {박무}{강도0}2400-,
143,대구,1992-12-21,5.8,1.6,2400,11.1,1347,.58,,,,,.3,14.9,320,1504,11.7,320,1509,3.6,3148,290,.5,44,1630,72,6.6,1013,1024.8,2400,1017.5,1250,1020.5,9.7,3.4,1300,1.21,5.19,,,,,,5,2.8,5,-3.2,,,,,,,,,,,,,-{비}-0035.  -{박무}-{박무}{강도0}0300-{박무}{강도0}0600-{박무}{강도1}0900-1040.,
143,대구,1992-12-22,2.1,-.5,755,5.7,1501,,,,,,,9.2,290,947,8.7,290,1157,4.3,3726,270,-8,34,1458,47.8,3.4,1019.3,1029.5,930,1024.7,2400,1027,9.7,7,1300,1.41,7.6,,,,,,0,1.8,1.4,-5,,,,,,,,,,,,,,
143,대구,1992-12-23,-.5,-3.3,800,1.5,0,1,,,,,0,14.2,290,1245,10.7,290,1338,5.6,4872,290,-8.4,41,1431,56.3,3.3,1015.9,1026.8,1000,1020.8,1720,1023.5,9.7,8,1200,1.64,9.14,,,,,,5.3,3.5,.7,-5.9,,,,,,,,,,,,,{눈}2045-{눈}{강도0}2100-2115.  {눈}2330-{눈}{강도0}2400-,
143,대구,1992-12-24,-1.4,-4.9,725,2.8,1501,.42,,,,,0,12.4,290,1244,10.3,270,1410,5,4286,290,-11.8,33,1445,47.3,2.5,1019.8,1033.1,2400,1021.5,0,1027.6,9.7,8.2,1200,1.63,9.19,,,,,,.8,.4,-.9,-9.4,,,,,,,,,,,,,-{눈}-0025.,
143,대구,1992-12-25,-1.7,-8.2,759,5.6,1527,,,,,,,7.5,250,1125,7.2,250,1140,2.3,2030,250,-10.8,27,1452,55,2.7,1025.4,1035.7,1032,1031.5,1424,1033.3,9.7,8.4,1200,1.69,9.5,,,,,,.3,0,-1.5,-12.9,,,,,,,,,,,,,,
143,대구,1992-12-26,2.2,-5.1,718,10.2,1520,,,,,,,7.5,290,1324,6.8,270,1308,2.4,2050,250,-5.4,41,1531,59,4.2,1022.6,1033.1,1011,1026.6,2400,1030.3,9.7,7.6,1200,1.65,8.88,,,,,,3,1.9,-.3,-10.7,,,,,,,,,,,,,,
143,대구,1992-12-27,4.4,3.2,115,5.7,1411,15.08,,,,,2.3,4.2,110,1412,3.3,110,1419,1.2,1021,90,1.4,64,0,81.5,6.9,1012.2,1026.6,0,1014.2,2400,1019.8,9.7,0,1200,.3,1.71,,,,,,10,5.5,3,-2.8,,,,,,,,,,,,,{비}0815-{비}{강도0}0900-{비}{강도0}1200-{비}{강도0}1500-{비}{강도0}1800-{비}{강도0}2100-2320.             {박무}1225-{박무}{강도0}1500-{박무}{강도1}1800-{박무}{강도2}2100-{박무}{강도2}2400-,
143,대구,1992-12-28,5.4,4,131,7,1650,6,,,,,.7,4.6,270,1836,4,270,1846,1.5,1304,250,3.9,82,1919,90.5,8.1,1008.1,1021.3,2353,1013.2,510,1015.6,9.7,0,1400,.33,.88,,,,,,9.8,6.4,5.1,3.7,,,,,,,,,,,,,-{박무}-{시정(미만)}{1km}{안개}0220-{안개}{강도0}0300-{시정(미만)}{0.5km}{안개}0510-{안개}{강도1}0600-{시정(미만)}{0.2km}{안개}0740-{안개}{강도1}0900-      {시정(이상)}{0.2km}{안개}0920-{시정(이상)}{0.5km}{안개}0950-{안개}{강도0}1200-{시정(이상)}{1km}{박무}1250-{박무}{강도0}1500-{박무}{강도0}1800-1830.     {이슬비}1120-{이슬비}{강도0}1200-1240.  {비}1530-{비}{강도0}1800-1940.  {비}2240-2310.,10.5
143,대구,1992-12-29,4.8,2,2400,8.5,1437,,,,,,,7.3,290,1224,6.2,290,1129,3.1,2689,290,-3.8,32,1429,56.5,4.8,1017.5,1027.9,2300,1021.3,0,1025.1,9.7,8.3,1200,1.68,9.37,,,,,,.5,.3,3.4,-6.4,,,,,,,,,,,,,,
143,대구,1992-12-30,2.8,-1.4,550,8.5,1503,,,,,,,8,290,2057,6.5,290,2111,2.4,2066,290,-3.8,48,1552,62,4.7,1019.8,1029.3,2400,1025.9,1500,1027.5,9.8,4.2,1300,1.14,5.75,,,,,,.3,1.8,1.4,-7.5,,,,,,,,,,,,,,
143,대구,1992-12-31,2.9,-.2,552,7.9,1457,,,,,,,7.2,270,1400,5,270,1406,2.5,2120,290,-7,24,1558,51,3.7,1023.2,1032.9,1030,1029.3,0,1031,9.8,8.6,1200,1.68,9.23,,,,,,0,0,1.1,-7.3,,,,,,,,,,,,,,
143,대구,1993-01-01,.9,-4.9,811,9.3,1555,,,,,,,5.4,250,1434,4.7,250,1502,1.5,1258,270,-8.2,24,1631,54,3.3,1021.2,1032.2,0,1025.6,1540,1028.9,9.8,8.3,1200,1.69,9.17,,,,,,1,0,-.5,-10,,,,,,,,,,,,,,
143,대구,1993-01-02,3.9,-2.4,755,12.4,1523,,,,,,,4,270,1315,3.2,270,1240,1.3,1156,250,-2.6,41,1633,64,5.2,1018.1,1028.1,903,1023.3,1656,1025.8,9.8,8.5,1200,1.52,8.6,,,,,,1.8,0,1.9,-8.8,,,,,,,,,,,,,,
143,대구,1993-01-03,5,.8,2400,9.8,1454,,,,,,,8.9,290,1917,6.2,290,1922,3,2557,290,-2.8,34,1709,60.8,5.1,1017.7,1029.1,2400,1023.8,1342,1025.2,9.8,4.8,1100,1.1,5.61,,,,,,5,2.3,2.4,-5.8,,,,,,,,,,,,,{박무}0830-{박무}{강도0}0900-1130.  {연무}1250-1430.,
143,대구,1993-01-04,1.5,-2.1,815,6.9,1433,,,,,,,5,270,231,4.7,270,209,2,1767,250,-6.8,46,46,54.3,3.8,1022.2,1032.2,2400,1028,1430,1030,9.8,7.9,1200,1.41,7.54,,,,,,5.5,1.4,1.6,-7.4,,,,,,,,,,,,,,
143,대구,1993-01-05,1,-3.2,830,7.7,1452,,,,,,,6.3,270,429,5.7,270,440,2.2,1865,270,-9.3,29,1615,47.8,3,1026,1035.9,1100,1031.8,100,1033.8,9.8,8.5,1200,1.63,9.28,,,,,,0,0,0,-9.5,,,,,,,,,,,,,,
143,대구,1993-01-06,.9,-2,620,3.4,1629,8.03,,,,,1,3.4,90,1032,3,90,1047,1.3,1106,20,-3,64,0,76,5,1021.6,1034.3,0,1025.5,1559,1029.5,9.8,0,1200,.51,2.29,,,,,,9.3,3,.2,-8.4,,,,,,,,,,,,2,{싸락눈}0905-1030.  {비}1150-{비}{강도0}1200-1215.  {비}1408-{비}{강도0}1500-{비}{강도0}1800-2020.   {박무}1330-{박무}{강도0}1500-{박무}{강도0}1800-{박무}{강도0}2100-2310.,
143,대구,1993-01-07,2.7,1.3,2400,3.8,1203,14.92,,,,,20,6,250,1817,5.3,250,1827,2,1730,270,.9,78,2348,87.3,6.5,1017.4,1029.7,2330,1022.4,1304,1025,9.8,0,1100,.09,.54,,,,,,9.5,4.3,2,-5.2,,,,,,,,,,,,19,{비}0305-{비}{강도0}0600-0645.  {비}0715-{비}{강도0}0900-{비}{강도0}1200-{진눈깨비}1450-{진눈깨비}{강도0}1500-{비}1640-{비}{강도0}1800-1830.  {박무}0620-{박무}{강도0}0900-{박무}{강도0}1200-{박무}{강도0}1500-{박무}{강도0}1800-1920.,
143,대구,1993-01-08,1.9,-1.2,822,5.6,1515,,,,,,,3.8,250,32,3.7,250,30,1.5,1261,70,-1.4,62,1453,79.5,5.5,1024.3,1033.8,1113,1029.5,5,1032.1,9.9,2.3,1100,1.15,5.39,,,,,,6.5,3.8,1.7,-6.4,,,,,,,,,,,,1.1,{박무}0815-{박무}{강도0}0900-{박무}{강도0}1200-{박무}{강도0}1500-{박무}{강도0}1800-2030.,
143,대구,1993-01-09,3.8,1.6,439,5.9,1633,6.92,,,,,1.7,4.7,270,1922,4,250,1820,1.9,1666,250,1.8,72,2342,86.3,7,1018.4,1030.1,0,1023.1,2400,1026.1,9.9,0,1300,.54,2.28,,,,,,9.8,5.5,3.5,-1.6,,,,,,,,,,,,.6,{박무}0320-{박무}{강도0}0600-{박무}{강도0}0900-{박무}{강도2}1200-{박무}{강도0}1500-1730.  {비}0640-{비}{강도0}0900-1030.  {비}1120-{비}{강도0}1200-1425.,
143,대구,1993-01-10,5.1,1.8,2400,8.7,1503,,,,,,,7.1,320,1825,6.3,320,1817,3.1,2663,290,-3,37,1430,58,5,1014.2,1023.1,0,1019.5,1515,1021.7,9.9,1.3,1200,1.4,5.8,,,,,,8,2.5,3.9,-3,,,,,,,,,,,,,,
143,대구,1993-01-11,2,-.4,800,6.4,1456,,,,,,,8.2,270,317,6,270,310,3.8,3263,270,-6.9,43,1330,51.3,3.7,1016.8,1028.4,2112,1021.7,131,1024.5,9.9,5.2,1200,1.45,7.42,,,,,,5.5,1,2,-5.4,,,,,,,,,,,,,{달무리}0130-0330.,
143,대구,1993-01-12,.9,-2.4,550,6.3,1507,,,,,,,8.7,270,747,7.8,270,737,3.9,3404,270,-10.3,26,1529,44.8,2.8,1021.3,1031.1,1010,1027.2,1520,1029.1,9.9,6.5,1200,1.59,8.75,,,,,,3.3,.8,.7,-7.8,,,,,,,,,,,,,,
143,대구,1993-01-13,.7,-1.1,535,4,1501,8.92,,,,,9,4.5,250,1816,3.8,250,2110,1.6,1411,270,-5.8,43,0,63.3,4.1,1020.1,1030,254,1024.8,2400,1027.8,9.9,0,1100,.8,3.16,11.4,2400,11.4,2400,11.4,8.3,4,.2,-5.7,,,,,,,,,,,,10.8,{박무}1510-{박무}{강도2}1800-{박무}{강도2}2100-{박무}{강도2}2400-  {눈}1505-{눈}{강도0}1800-{눈}{강도0}2100-{눈}{강도0}2400-,
143,대구,1993-01-14,.2,-.8,148,1.4,1205,18.5,,,,,3,5.8,270,1502,5.3,270,1507,2.9,2530,270,-1.2,79,2340,90,5.6,1015,1024.8,0,1020.6,1501,1022.8,10,0,1200,.05,.27,4,925,14.1,925,4,9.5,4.8,0,-2.7,,,,,,,,,,,,1.2,-{박무}-{박무}{강도2}0300-{박무}{강도2}0600-{박무}{강도1}0900-{박무}{강도1}1200-{박무}{강도1}1500-{박무}{강도0}1800-{박무}{강도0}2100-   {박무}{강도0}2400-  -{눈}-{눈}{강도0}0300-{눈}{강도0}0600-{눈}{강도0}0900-{눈}{강도0}1200-{눈}{강도0}1500-{눈}{강도0}1800-1830.,
143,대구,1993-01-15,-.3,-3,2400,.9,1437,10.58,,,,,.1,9.5,290,1735,8,290,1932,4.7,4088,290,-4.6,64,2400,72.3,4.4,1013.1,1022.1,1053,1019.4,1431,1020.8,10,0,1400,.09,.43,.1,1740,10.5,0,.1,10,5,.5,-4.9,,,,,,,,,,,,.1,{눈}0750-{눈}{강도0}0900-{눈}{강도0}1200-{눈}{강도0}1500-{눈}{강도0}1800-1825.  -{박무}-{박무}{강도0}0300-{박무}{강도0}0600-{박무}{강도0}0900-{박무}{강도0}1200-{박무}{강도0}1500-1730.,
143,대구,1993-01-16,-3.3,-6.2,650,.5,1545,,,,,,,11.6,290,848,8,290,1440,4.9,4255,290,-11.1,46,1535,55.5,2.6,1014.7,1025.6,2400,1020.8,1340,1022.5,10,7.1,1100,.47,2.77,,,9.4,0,,1.5,1,-2.1,-8.8,,,,,,,,,,,,,,
143,대구,1993-01-17,-2.5,-7.6,822,2.7,1504,,,,,,,6.9,290,1238,6.3,290,1249,2.4,2040,250,-8.6,44,1505,64.5,3.2,1017.6,1027.8,930,1023.4,1550,1025.4,10,7.1,1200,2.05,10.72,,,6,0,,.5,.6,-2.1,-10.8,,,,,,,,,,,,,,
143,대구,1993-01-18,-3.2,-6.1,2400,-.5,1340,,,,,,,10.8,290,1429,8.8,320,1339,4.5,3910,290,-9.9,47,1556,60,2.9,1017.8,1027.2,1050,1024.3,1510,1025.6,10.1,7.8,1200,1.48,9.34,,,5,0,,1,.6,-2,-9.4,,,,,,,,,,,,,,
143,대구,1993-01-19,-4.4,-8.4,758,.8,1542,,,,,,,8.3,290,1158,7.7,270,1401,3.6,3082,290,-12.5,35,1630,55,2.4,1018.9,1028.6,924,1024.8,1620,1026.8,10.1,8.2,1200,1.94,11.19,,,3.8,0,,0,.9,-2.7,-11.2,,,,,,,,,,,,,,
143,대구,1993-01-20,-3.9,-7,730,.9,1502,,,,,,,8.3,290,1406,7,290,1245,3.7,3181,320,-11.2,36,1520,57.8,2.6,1019.4,1030,2400,1025.5,1440,1027.3,10.1,8.4,1200,1.89,10.98,,,2.8,0,,0,0,-2.5,-10.7,,,,,,,,,,,,,,
143,대구,1993-01-21,-3.7,-9.6,707,2.7,1527,,,,,,,7.5,290,1534,6,290,1503,2.4,2103,290,-13.3,31,1550,51.5,2.2,1023.4,1032.8,1010,1029.8,1520,1031.3,10.1,8.1,1200,1.83,10.61,,,1.7,0,,0,0,-3,-12.8,,,,,,,,,,,,,,
143,대구,1993-01-22,-2,-9.6,749,4.9,1524,,,,,,,6.2,270,1205,5,270,1201,1.9,1617,270,-9.6,33,1330,59.3,3,1022.4,1032.6,0,1027.3,1630,1030.2,10.1,8.1,1200,1.97,11.2,,,1.3,0,,0,0,-1.9,-12.5,,,,,,,,,,,,,,
143,대구,1993-01-23,-.1,-4.7,815,3.9,1447,,,,,,,5,230,1324,4.5,250,430,2,1686,270,-6.3,47,1524,63.8,3.8,1019.2,1028,132,1025.5,1510,1027,10.2,3.8,1200,1.49,7.23,,,,,,6.8,4.8,-.3,-8.9,,,,,,,,,,,,,,
143,대구,1993-01-24,2.7,-.8,820,8.2,1549,,,,,,,2.8,90,805,2.5,110,817,1,827,20,-2.1,50,1547,72,5.2,1018,1027.5,1030,1024.1,1650,1025.7,10.2,1.7,1200,1.25,6.45,,,,,,7.3,5.4,1.4,-5.8,,,,,,,,,,,,,{박무}0530-{박무}{강도0}0600-{박무}{강도0}0900-1130.,
143,대구,1993-01-25,4.7,1.5,2340,9.6,1437,,,,,,,4,110,1731,3.7,110,1710,.8,712,70,.8,58,1427,76.5,6.5,1015.6,1024.7,0,1021.1,1520,1023.1,10.2,1.7,1300,1.04,5.61,,,,,,6,3.9,2.7,-5.2,,,,,,,,,,,,,,
143,대구,1993-01-26,3.1,0,800,6.9,1455,,,,,,,10.3,290,1511,8,290,1532,4,3495,270,-5.1,38,1513,56.5,4.3,1014.5,1024.7,918,1019.8,2315,1022.2,10.3,8,1200,1.73,10.09,,,,,,2,1.6,2.1,-5.8,,,,,,,,,,,,,,
143,대구,1993-01-27,-.3,-4.7,2400,3.5,0,.52,,,,,0,15.9,270,1138,12,270,1140,6.5,5627,290,-11.1,26,1645,45.8,2.7,1012.9,1022.6,2400,1017.2,1520,1020.5,10.3,7,1300,1.85,10.08,,,,,,4.5,2.1,1,-7.2,,,,,,,,,,,,0,{눈}1008-1039.,
143,대구,1993-01-28,-3.5,-6.5,550,1.2,1524,,,,,,,15.3,290,112,10.3,290,109,6.2,5386,290,-14.6,31,1515,43.5,2,1017.4,1027.9,2400,1022.6,0,1025.2,10.3,8.5,1200,1.9,11.37,,,,,,0,0,-2.2,-9.2,,,,,,,,,,,,,,
143,대구,1993-01-29,-1.1,-5.2,540,4.1,1527,,,,,,,10.9,290,1528,8.2,290,1542,4,3444,270,-8.8,40,1345,56,3.2,1018,1028.4,600,1023.3,2400,1025.8,10.3,7.8,1200,1.63,10.1,,,,,,3.5,2.8,-.9,-9.5,,,,,,,,,,,,,,
143,대구,1993-01-30,1.9,-2.2,652,7.6,1514,,,,,,,8.7,270,1139,6.7,290,1302,3.2,2761,270,-6.9,31,1630,55.3,3.7,1016.1,1025.6,2135,1022.6,1500,1023.8,10.4,8.5,1200,1.95,11.78,,,,,,0,0,.5,-7.8,,,,,,,,,,,,,,
143,대구,1993-01-31,2.6,-3,750,10.6,1458,.42,,,,,0,15.7,320,1847,10.2,270,1821,3.6,3097,290,-4.4,39,1524,62.5,4.5,1014.8,1025.2,32,1018.8,1506,1022.4,10.4,7.1,1200,1.72,9.76,,,,,,1,.9,1.3,-7.9,,,,,,,,,,,,0,{비}1850-1915.,
143,대구,1993-02-01,1,-2.6,805,6.1,1536,,,,,,,12.8,290,728,10.5,320,740,6.1,5272,290,-10.8,28,1620,41.8,2.7,1019.5,1030,929,1024.6,0,1027.2,10.4,8.7,1200,1.98,12,,,,,,0,0,.8,-6.8,,,,,,,,,,,,,,
143,대구,1993-02-02,.5,-3.6,741,6.7,1649,,,,,,,12.1,290,210,10.7,290,222,2.7,2310,290,-11.2,24,1810,41.8,2.6,1024.7,1035.3,1036,1029,0,1032.4,10.5,8.6,1200,1.88,11.73,,,,,,0,0,.3,-9.3,,,,,,,,,,,,,,
143,대구,1993-02-03,2.1,-3.1,751,8.3,1502,,,,,,,6.1,270,1335,5,250,1339,2.1,1805,250,-7.3,30,1430,52.5,3.6,1020.8,1032.3,0,1024.4,2010,1028.5,10.5,6.8,1200,1.7,9.62,,,,,,3,.6,1.1,-7.4,,,,,,,,,,,,,,
143,대구,1993-02-04,4.4,.7,800,11.5,1549,,,,,,,5.7,250,1218,5,230,1228,2.3,1965,250,-2.2,38,1630,63,5.2,1017.6,1027.4,1045,1023.4,2335,1025.2,10.5,9,1200,1.79,10.88,,,,,,0,1,3.1,-6.2,,,,,,,,,,,,,,
143,대구,1993-02-05,6.7,-1.4,700,16.8,1549,,,,,,,12.7,230,1459,8.7,230,1412,2.7,2342,270,-.5,29,1430,65.8,6,1010.5,1023.5,0,1013.3,1714,1018,10.6,8.6,1200,1.82,10.79,,,,,,0,0,3.7,-6.7,,,,,,,,,,,,,{박무}0820-{박무}{강도0}0900-{연무}1130-{연무}{강도0}1200-1235.,
143,대구,1993-02-06,13.8,7.1,550,22.2,1518,,,,,,,11,200,2336,8.7,230,2350,2.6,2214,230,7.5,39,1459,69.5,10.4,1000.5,1013.6,0,1003.2,2352,1007.8,10.6,7.9,1300,1.6,9.68,,,,,,0,1.1,9.6,-1.5,,,,,,,,,,,,.4,{박무}0305-{박무}{강도0}0600-{박무}{강도0}0900-1020.,
143,대구,1993-02-07,5.2,-2,2400,15.5,0,1.5,,,,,.4,15.3,290,1720,12.3,290,1725,7.7,6640,290,-5.9,27,1730,44.8,4.3,1004,1021.6,2400,1003.4,0,1011.5,10.6,7.9,1200,1.99,11.6,,,,,,4.3,2.4,5.5,-5,,,,,,,,,,,,,{비}0040-0210.,
143,대구,1993-02-08,-.4,-4.6,750,4.1,1347,,,,,,,11,290,151,9.2,290,228,3.9,3341,290,-11.6,28,1630,44.5,2.5,1017.3,1027.7,1031,1021.6,0,1025.1,10.7,6.9,1200,1.95,11.2,,,,,,4.5,3,.7,-8.1,,,,,,,,,,,,,,
143,대구,1993-02-09,1.3,-2.1,745,6,1412,,,,,,,14.3,290,1245,9.3,290,1238,4.7,4036,290,-8.8,35,1429,47.3,3.2,1016.8,1026.4,2400,1023.2,1433,1024.5,10.7,9,1200,1.96,12.15,,,,,,2.8,1.8,3.4,-5.2,,,,,,,,,,,,,,
143,대구,1993-02-10,2.4,-2.9,745,8.6,1548,,,,,,,8.4,270,1233,6.7,270,1243,2.8,2446,270,-5.9,37,1551,56.5,3.9,1017.8,1028.6,941,1022.3,1641,1025.5,10.7,9.2,1200,1.86,11.46,,,,,,0,0,3.5,-9,,,,,,,,,,,,,,
143,대구,1993-02-11,4.9,2,2400,8.6,1236,.42,,,,,0,11.2,290,1551,8.7,290,1556,4.1,3569,270,-4,30,2031,54.5,4.8,1013.3,1023.5,0,1018.5,1445,1020.7,10.8,4.2,1100,1.27,7.15,,,,,,5.8,2.1,4.6,-4.6,,,,,,,,,,,,0,{박무}0610-{박무}{강도0}0900-1130.  {비}1325-1350.,
143,대구,1993-02-12,3.9,-1.4,729,10.6,1438,,,,,,,10.7,270,1407,9.5,270,1414,3.8,3319,270,-8.1,21,1427,43,3.4,1016.6,1026.5,740,1021.4,1512,1024.2,10.8,9.4,1200,2.09,13.04,,,,,,0,0,4.9,-9.1,,,,,,,,,,,,,,
143,대구,1993-02-13,5.6,-1.8,729,14,1523,,,,,,,11.9,270,1540,10,270,1544,3.3,2887,270,-1.9,28,1530,63.8,5.4,1016.7,1027.5,2400,1020.4,1630,1024.2,10.8,8.9,1200,2.02,12,,,,,,.8,1.1,6.1,-9,,,,,,,,,,,,,{박무}0810-{박무}{강도0}0900-1125.,
143,대구,1993-02-14,4.7,-.7,751,11.9,1601,,,,,,,6.5,290,11,4.7,320,56,1.9,1637,250,-5.5,27,1631,49,4.1,1021.3,1031.7,1008,1026.6,1805,1028.9,10.9,9.1,1200,2.02,12.35,,,,,,0,0,5.1,-7.2,,,,,,,,,,,,,,
143,대구,1993-02-15,6,-1.6,700,14.2,1600,,,,,,,5.9,230,1358,5.3,230,1406,2,1691,230,-4.4,24,1430,53.5,4.4,1017.9,1028.8,914,1021.9,2320,1025.5,10.9,7.8,1100,1.68,10.51,,,,,,4.8,0,5.6,-8.2,,,,,,,,,,,,,,
143,대구,1993-02-16,8.3,5.6,558,9.9,1410,14.08,,,,,20.8,10.3,90,1217,7.7,90,1214,3.2,2794,90,3.6,42,0,74.3,8.2,1006.2,1022.8,150,1005.4,2300,1013.6,10.9,0,1100,.22,1.24,,,,,,10,4.8,7,3.2,,,,,,,,,,,,21.3,{비}0940-{비}{강도0}1200-{비}{강도0}1500-{비}{강도0}1800-{비}{강도0}2100-2345.  {박무}1215-{박무}{강도0}1500-1650.,
143,대구,1993-02-17,7.5,4.5,2400,10,1519,3.33,,,,,.5,10.5,320,936,8.5,320,938,3.9,3357,270,3,53,1520,74,7.7,1007.5,1022.9,2400,1005.6,0,1015,11,2.7,1500,1.21,6.84,,,,,,8,4,8,-2,,,,,,,,,,,,,{비}0110-{비}{강도0}0300-0430.,
143,대구,1993-02-18,5.9,.7,746,13.2,1513,,,,,,,7.2,290,1926,5.3,290,1929,2.6,2238,270,-3.7,25,1510,55.5,4.8,1017.8,1027.9,910,1022.9,0,1025.4,11,8,1200,2.11,13.01,,,,,,2.5,0,5,-5.7,,,,,,,,,,,,,{박무}0625-{박무}{강도0}0900-1030.,
143,대구,1993-02-19,5.5,-.9,729,12.2,1525,,,,,,,10,90,1914,6.8,90,1923,2.4,2052,90,-3.7,25,1504,55.5,4.7,1021.8,1031.4,905,1026.7,0,1029.5,11,9.2,1200,2.32,13.48,,,,,,.3,0,5.5,-6.9,,,,,,,,,,,,,{박무}0840-{박무}{강도0}0900-1135.,
143,대구,1993-02-20,4.6,-.6,700,10.6,1402,4.92,,,,,4.2,8,90,1927,6,70,1900,3.1,2660,70,-.1,42,1406,74.8,6.1,1018.4,1030.8,612,1017.2,2400,1026.1,11.1,5.6,1100,2.14,10.24,,,,,,5,2.5,4.3,-5,,,,,,,,,,,,15.9,{비}1905-{비}{강도0}2100-{비}{강도0}2400-,
143,대구,1993-02-21,5.9,5.1,1300,7,2102,16.5,,,,,17.8,8.6,290,2320,6.3,290,2322,2.9,2506,270,4.3,73,2400,89.3,8.3,1000.5,1017.2,0,1003.9,1415,1008,11.1,0,1400,.23,.79,,,,,,10,5.5,6.2,4.7,,,,,,,,,,,,6.1,-{비}-{비}{강도0}0300-{비}{강도0}0600-{비}{강도0}0900-{비}{강도0}1200-1450.  {비}1640-{비}{강도0}1800-1820.  {박무}0530-{박무}{강도0}0600-{박무}{강도0}0900-{박무}{강도0}1200-1430.  {박무}1630-{박무}{강도0}1800-1840.,
143,대구,1993-02-22,3.2,-2.2,2400,6.1,0,,,,,,,18.7,270,1619,13.3,270,1629,6.6,5700,290,-4.6,38,1650,57.3,4.6,1004.3,1016.8,2330,1009.5,1428,1011.8,11.1,6.7,1200,2.19,12.34,,,,,,7.5,5.1,4.5,-3.2,,,,,,,,,,,,,{박무}0919-1020.,
143,대구,1993-02-23,-2,-4.2,700,1.6,1415,,,,,,,19.7,290,710,13.7,290,1011,8.2,7103,290,-14.7,29,1538,38.8,2,1012.6,1025.1,2400,1016.8,0,1020.4,11.2,10.1,1200,2.58,16.35,,,,,,1.3,1.4,1.5,-6.2,,,,,,,,,,,,,,
143,대구,1993-02-24,-2.1,-5.6,720,2.6,1513,,,,,,,11.6,290,238,8,290,1011,4.5,3931,290,-13.1,28,1600,43.8,2.2,1019.3,1029,2110,1025.1,0,1027.1,11.2,9.9,1200,2.51,16.4,,,,,,.5,.4,2.3,-7.8,,,,,,,,,,,,,,
143,대구,1993-02-25,.3,-5.2,739,7.7,1622,,,,,,,6.2,250,1329,5,250,1445,2.9,2500,270,-11,26,1620,45.3,2.7,1020.2,1030.2,932,1025.5,1627,1027.9,11.3,9.3,1200,2.34,14.56,,,,,,2.5,0,1.5,-9.4,,,,,,,,,,,,,,
143,대구,1993-02-26,1.6,-4.7,608,9.8,1605,,,,,,,6.2,290,1449,5,250,1308,2.2,1896,270,-7.5,29,1550,53.8,3.5,1017.6,1027.6,847,1021.5,1724,1025.3,11.3,9.6,1200,2.01,12.6,,,,,,2.8,0,2.7,-10.7,,,,,,,,,,,,,{박무}0910-1130.,
143,대구,1993-02-27,3.8,.2,658,9.1,1356,,,,,,,5.1,250,1210,4.8,250,1210,2.7,2360,270,-5,35,1350,54.5,4.2,1012.5,1024.2,123,1015.1,2302,1020.1,11.3,4.9,1200,1.9,8.76,,,,,,6,3.6,2.4,-5.2,,,,,,,,,,,,0,,
143,대구,1993-02-28,2.4,-1.3,2400,7.5,1203,.88,,,,,0,15.2,270,1708,11.7,270,1253,5.5,4722,270,-5.3,33,1138,57.5,4.2,1009.7,1022.1,2355,1014.3,532,1017.3,11.4,7,1100,2.4,12.62,,,,,,5,3.1,4.5,-4.5,,,,,,,,,,,,0,{눈}0730-0740.  {눈}1350-1425.  {눈}1712-1720.,
143,대구,1993-03-01,-.8,-4,2350,3.5,1410,.42,,,,,0,14.2,270,1120,10.3,290,1259,5.8,5022,290,-8.6,36,1413,56.8,3.2,1015.7,1027,2400,1020.8,1510,1023.5,11.4,8.2,1300,2.42,13.43,,,,,,2.8,2.6,3.1,-7.7,,,,,,,,,,,,0,{눈}0710-0725.  {눈}1645-1655.,
143,대구,1993-03-02,.7,-5.4,635,8,1602,,,,,,,11.6,290,1232,8.8,290,1251,4.7,4023,290,-9.5,30,1315,48.8,3,1019.8,1030.2,920,1025.5,1700,1027.6,11.4,10.1,1200,2.59,17.05,,,,,,0,0,4.1,-10.1,,,,,,,,,,,,,,
143,대구,1993-03-03,4.3,-1.5,702,12.2,1549,,,,,,,8.3,250,1525,6.7,270,1620,2.3,2003,270,-4.4,31,1557,55,4.4,1016.8,1027.2,902,1020.4,1630,1024.4,11.5,9,1200,2.48,15.46,,,,,,1.3,.4,6.6,-8.3,,,,,,,,,,,,,,
143,대구,1993-03-04,6.1,-.9,700,14.1,1612,,,,,,,6.4,270,1415,4.3,290,1310,1.5,1315,270,-1.2,35,1730,62.3,5.6,1014.9,1024.6,925,1019.2,1720,1022.5,11.5,9.2,1200,2.26,14.07,,,,,,0,0,6.8,-8.2,,,,,,,,,,,,,{박무}0830-{박무}{강도0}0900-1130.,
143,대구,1993-03-05,9.3,.9,717,19.3,1538,,,,,,,11.3,250,1620,8.7,250,1542,3,2594,250,-1,22,1616,52.5,5.7,1014.8,1024.5,903,1018.9,1540,1022.2,11.5,10.3,1200,2.55,16.84,,,,,,0,0,8.9,-7.9,,,,,,,,,,,,,{달무리}2230-,
143,대구,1993-03-06,6.2,4.2,520,10.1,1058,4.92,,,,,19.4,12.3,110,1614,7.3,110,1612,2.6,2228,110,3.2,57,0,81.8,7.8,1013.5,1024.3,635,1017,1725,1021,11.6,0,1000,.89,2.25,,,,,,9.5,5.1,4.8,-3.1,,,,,,,,,,,,20.4,-{달무리}-0330.  {비}1150-{비}{강도0}1200-{비}{강도0}1500-1645.  {박무}1310-{박무}{강도0}1500-1740.,
143,대구,1993-03-07,5.3,3,2344,7.1,0,13.83,,,,,2.1,5.7,90,837,5.2,70,1902,2.6,2213,110,1.5,54,1327,77,6.9,1016,1027.7,2400,1018.3,0,1023.6,11.6,0,1200,.65,3.79,,,,,,10,4.6,6,-.4,,,,,,,,,,,,1.1,{비}0210-{비}{강도0}0300-{비}{강도0}0600-0730.  {비}0830-{비}{강도0}0900-0930.  {비}1410-{비}{강도0}1500-{비}{강도0}1800-{비}{강도0}2100-2140.  {박무}0130-{박무}{강도0}0300-{박무}{강도0}0600-0630.,
143,대구,1993-03-08,4.4,0,507,11.1,1638,,,,,,,6,290,1501,4.5,290,1512,2,1761,50,-2.6,26,1559,65.3,5.1,1020.5,1029.9,1110,1026.1,1630,1028.1,11.7,9.3,1000,2.3,15.27,,,,,,1.5,.8,6.1,-6.2,,,,,,,,,,,,,{박무}0620-{박무}{강도0}0900-1140.,
143,대구,1993-03-09,5.2,-1.2,620,12.4,1453,,,,,,,8.1,320,1747,6.3,320,1743,2.5,2181,270,-3.2,33,1414,59.3,4.9,1018.8,1029.2,55,1022.6,1630,1026.4,11.7,7.5,1200,2.53,13.98,,,,,,4.5,1.6,5,-6.2,,,,,,,,,,,,,{박무}0710-{박무}{강도0}0900-1130.,
143,대구,1993-03-10,6.5,2.2,650,11.8,1534,,,,,,,8.2,250,1133,6.5,320,1340,3.1,2704,270,-2.3,47,1450,53.8,5.3,1016.2,1025.6,844,1021.2,1743,1023.7,11.7,6.3,1100,2.06,13.16,,,,,,2.5,1.5,5.6,-4.5,,,,,,,,,,,,,{박무}0830-{박무}{강도0}0900-1105.,
143,대구,1993-03-11,6.2,1.1,525,12.6,1528,,,,,,,3.3,140,2112,2.8,270,1802,1.2,1003,50,.1,39,1803,67.5,6.2,1015.2,1024.9,910,1020.7,1631,1022.7,11.8,7.8,1300,1.72,11.39,,,,,,4,0,6.2,-5.2,,,,,,,,,,,,0,{박무}0620-{박무}{강도0}0900-1050.  {연무}1040-{연무}{강도0}1200-{연무}{강도0}1500-1540.,
143,대구,1993-03-12,6.7,1.2,637,13.2,1505,.17,,,,,0,10.3,110,1727,8.5,90,1808,2.7,2351,90,-.6,33,1553,62.8,5.9,1016,1025.2,2118,1022.1,430,1023.5,11.8,7.1,1200,2.28,13.33,,,,,,4.5,1.3,7.8,-5.1,,,,,,,,,,,,,{비}0810-0820.  {박무}0640-{박무}{강도0}0900-1030.,
143,대구,1993-03-13,7.6,.1,640,16.6,1601,,,,,,,7.3,70,1841,6,90,1850,2.2,1860,90,-.8,20,1737,61.8,5.8,1015.9,1025.1,929,1020.5,1717,1023.4,11.9,10,1200,2.44,16.31,,,,,,1.8,0,9.3,-5.5,,,,,,,,,,,,,{박무}0820- {박무}{강도0}0900-1130.,
143,대구,1993-03-14,8.9,3.4,610,14.7,1448,7.08,,,,,5.6,8.2,250,1510,7.2,250,1520,2.1,1857,90,4.4,50,1445,74.8,8.4,1013.9,1023.8,847,1018.5,1653,1021.4,11.9,3.9,1000,1.48,8.6,,,,,,6.5,3,9.5,.9,,,,,,,,,,,,15.1,{박무}0820-{박무}{강도0}0900-{박무}{강도0}1200-1420.  {박무}2010-{박무}{강도0}2100-{박무}{강도0}2400-  {비}1635-1710.  {비}1730-{비}{강도0}1800-{비}{강도0}2100-{비}{강도0}2400-,
143,대구,1993-03-15,7.5,6.1,2400,9.3,1434,9.42,,,,,9.5,11,70,1601,8.3,70,1627,4.2,3588,50,2.8,46,2330,73.3,7.6,1009.4,1020,2352,1014.6,1441,1016.8,11.9,0,1000,.51,2.99,,,,,,9.8,5.3,7,3.2,,,,,,,,,,,,0,-{비}-{비}{강도0}0300-{비}{강도0}0600-{비}{강도0}0900-0925.  -{박무}-{박무}{강도0}0300-{박무}{강도0}0600-0830.,
143,대구,1993-03-16,4.8,1.5,2400,6.6,1502,.42,,,,,0,8.7,90,1601,6.8,90,1600,3.9,3327,90,-2.6,46,0,57.8,5.1,1014.2,1024.8,2240,1019.6,1,1021.8,12,3.5,1100,1.23,8.78,,,,,,6,5.3,5.7,-1.8,,,,,,,,,,,,0,{눈}1355-1420.,
143,대구,1993-03-17,3.4,-1,402,9.4,1405,,,,,,,9.3,90,1819,7.3,90,1811,2.9,2499,110,-3.9,36,1638,59.5,4.6,1016.1,1025.2,2400,1020.9,1631,1023.7,12,6.2,1100,2.6,14.49,,,,,,2,1,3.5,-7.4,,,,,,,,,,,,,,
143,대구,1993-03-18,4.6,-.3,706,10.6,1348,,,,,,,8,90,1933,6.7,90,1948,2.5,2122,90,-2.3,36,1354,63.3,5.2,1018.4,1027.7,2400,1023.9,1632,1026,12,7.1,1200,2.24,13.83,,,,,,3,3.1,5.7,-5.8,,,,,,,,,,,,,,
143,대구,1993-03-19,6.4,1,658,12.5,1507,1.42,,,,,.1,7.3,90,2020,6.2,90,2030,2.8,2415,90,-.4,33,1454,65.8,6,1019.3,1028.7,901,1024.1,1613,1026.9,12.1,7.2,1200,2.59,14.79,,,,,,5.8,4.4,9.6,-2.5,,,,,,,,,,,,.1,{비}2215-2340.,
143,대구,1993-03-20,6.9,1.7,653,12.4,1502,,,,,,,10,90,1816,8,90,1809,2.7,2345,90,1.2,35,1614,70.5,6.7,1019.8,1028.7,2300,1025.4,1625,1027.4,12.1,5.6,1200,2.52,13.69,,,,,,5.8,4.5,9.6,-3,,,,,,,,,,,,,{박무}0820-{박무}{강도0}0900-{박무}{강도0}1200-1230.,
143,대구,1993-03-21,7.9,1.2,700,14.3,1336,,,,,,,8.1,250,1226,5.8,230,1210,2.6,2252,90,2.5,44,1335,71,7.3,1019,1029.2,910,1022.7,1711,1026.5,12.2,5.9,1100,2.46,13.06,,,,,,4.8,3.4,9.6,-2.8,,,,,,,,,,,,,{박무}0520-{박무}{강도0}0600-{박무}{강도0}0900-1120.,
143,대구,1993-03-22,10.8,4.1,715,17.6,1603,,,,,,,6,110,2114,4.5,270,949,2.6,2211,290,-.6,28,1630,46.5,5.9,1016.6,1026.6,819,1021.1,1555,1024,12.2,9.7,1200,2.55,17.63,,,,,,1,0,12.4,-2.2,,,,,,,,,,,,,,
143,대구,1993-03-23,11,4.6,630,18.7,1410,,,,,,,7.3,290,1403,5.5,290,1411,2.1,1782,50,.1,22,1431,51.3,6.2,1012.8,1023.6,23,1016.1,1823,1020.1,12.2,6.5,1300,2.3,14.04,,,,,,6.5,5.8,11.8,-.9,,,,,,,,,,,,2.5,{박무}0630-{박무}{강도0}0900-1140.  {연무}1130-{연무}{강도0}1200-1250.,
143,대구,1993-03-24,8.5,6.7,2400,11.6,0,9.33,,,,,16.2,10.2,110,1151,8.3,110,1200,2.6,2236,90,4.6,44,0,79.3,8.6,1003.4,1016.8,0,1005.5,1313,1010.8,12.3,0,1500,.66,2.17,,,,,,10,5.9,8.9,5,,,,,,,,,,,,13.7,{박무}0605-{박무}{강도0}0900-{박무}{강도0}1200-{박무}{강도0}1500-{박무}{강도0}1800-{박무}{강도0}2100-{박무}{강도0}2400-  {비}0610-{비}{강도0}0900-{비}{강도0}1200-{비}{강도0}1500-1530.,
143,대구,1993-03-25,11.3,5.2,642,18.8,1535,,,,,,,6.4,270,2004,5,270,520,2.9,2478,250,2.4,32,1540,57.5,7.3,1008.9,1018.9,1003,1013.4,1733,1016.3,12.3,9.6,1100,2.37,16.59,,,,,,3.3,0,11.8,-.2,,,,,,,,,,,,,-{박무}-0210.  {박무}0630-{박무}{강도0}0900-1020.,
143,대구,1993-03-26,12.6,7.5,732,20.1,1644,,,,,,,7.6,110,1916,5.7,110,1920,2,1768,50,4.9,28,1356,63.3,8.7,1008.1,1017.1,2332,1012,1807,1015.4,12.3,8.5,1100,2.1,15.29,,,,,,5.8,0,13.6,1,,,,,,,,,,,,,{박무}0510-{박무}{강도0}0600-{박무}{강도0}0900-1130.  {연무}1120-{연무}{강도0}1200-1330.,
143,대구,1993-03-27,12.1,3.9,700,20.5,1616,,,,,,,6,250,1746,5,250,1748,1.9,1673,50,4.5,32,1655,64.3,8.4,1008.2,1018.2,746,1012.2,1753,1015.5,12.4,10,1200,2.34,16.49,,,,,,3.8,1.8,13.4,-1.4,,,,,,,,,,,,,{박무}0210-{박무}{강도0}0300-{박무}{강도0}0600-{박무}{강도0}0900-1110.  {연무}1210-{연무}{강도0}1500-1540.,
143,대구,1993-03-28,12.4,5.2,2400,18.6,1436,3.08,,,,,.5,12.6,320,1430,8.8,90,1839,4.7,4043,320,3.6,26,1611,59.5,8.1,1004.2,1018.3,2400,1007.1,1511,1011.5,12.4,7.2,1300,2.58,16.19,,,,,,7.5,4.3,14.4,3.6,,,,,,,,,,,,.5,{박무}0030-{박무}{강도0}0300-{박무}{강도0}0600-0630.  {박무}1950-{박무}{강도0}2100-{박무}{강도0}2400-  {비}1940-2045.  {비}2130-2330.,
143,대구,1993-03-29,8.1,2.8,645,13.9,1532,,,,,,,6.7,270,1559,5.2,110,2052,1.9,1668,320,-.4,25,1743,60.3,6.1,1016.2,1026.4,1013,1018.3,0,1023.7,12.5,11,1200,2.98,20.65,,,,,,1,.9,13.1,-1.8,,,,,,,,,,,,,-{박무}-{박무}{강도0}0300-0510.,
143,대구,1993-03-30,9.1,3.6,629,13.6,1700,,,,,,,8.7,250,1304,6.8,270,1310,2.2,1929,20,1.8,38,1725,62.3,7,1012.5,1025.4,50,1014.6,2350,1020,12.5,4.9,1200,1.6,10.59,,,,,,6.5,1.8,10,-1.8,,,,,,,,,,,,,,
143,대구,1993-03-31,11.3,3.5,638,19.3,1501,1,,,,,0,12.6,230,1513,8,200,1538,3.6,3140,50,4.2,35,1330,64.5,8.3,1002.4,1014.9,100,1004.1,1721,1009.8,12.5,8.1,1200,2.81,17.53,,,,,,1.5,2,13.6,-1.5,,,,,,,,,,,,0,{박무}0910-1045.  {소나기}1655-1705.  {소나기}1755-{소나기}{강도0}1800-1845.,
143,대구,1993-04-01,13.5,8.1,654,20.1,1603,,,,,,,8.8,290,1146,7,290,1140,3.3,2887,270,3.6,28,1603,53.5,7.9,1006.6,1015.5,1020,1010.7,0,1013.9,12.6,10.6,1200,2.79,19.71,,,,,,1,.5,15.9,3.1,,,,,,,,,,,,,{박무}0440-{박무}{강도0}0600-{박무}{강도0}0900-0940.{황사}1350-{황사}{강도0}1500-{황사}{강도0}1800-{황사}{강도0}2100-{황사}{강도0}2400,
143,대구,1993-04-02,14.7,6.3,517,22.4,1630,,,,,,,5.5,250,100,5,250,120,2,1726,250,3.9,23,1630,52.8,8.1,1009.2,1019,841,1014,1720,1016.4,12.6,9.9,1300,2.28,16.14,,,,,,3.5,1.3,15.5,.4,,,,,,,,,,,,,-{황사}-{황사}{강도0}0300-{황사}{강도0}0600-{황사}{강도0}0900-{황사}{강도0}1200-{황사}{강도0}1500-{황사}{강도0}1800-{황사}{강도0}2100{황사}{강도0}2400-{햇무리}1230-1505.,
143,대구,1993-04-03,15.3,8.4,709,24.6,1720,,,,,,,10.6,90,1821,8.3,90,1839,2.5,2161,110,5.6,29,1712,54.5,9.1,1007.4,1017,120,1010.4,1612,1014.7,12.6,9.7,1100,2.42,16.11,,,,,,2.8,0,17.1,1.9,,,,,,,,,,,,,-{황사}-{황사}{강도0}0300-{황사}{강도0}0600-{황사}{강도0}0900-{황사}{강도0}1200-{황사}{강도0}1500-{황사}{강도0}1800-{황사}{강도0}21002120.{박무}0915-1110.,
143,대구,1993-04-04,9.5,7.3,2250,11.1,0,.5,0,,0,,0,10,110,210,8.3,110,1303,5,4315,90,6.5,70,1515,82.3,9.7,1009.2,1021.1,2353,1014.2,226,1016.7,12.7,0,1300,.65,3.32,,,,,,7,5.3,10.7,3.1,,,,,,,,,,,,0,{비}1150-{비}{강도0}1200-1220.,
143,대구,1993-04-05,9.9,3,638,16.7,1555,,,,,,,6.8,90,1354,5,110,2000,1.9,1614,110,1.2,24,1730,59.8,6.8,1015,1024.7,730,1019.7,1800,1022.3,12.7,11.3,1200,2.85,20.52,,,,,,2.5,0,15,-3.7,,,,,,,,,,,,,,
143,대구,1993-04-06,10.7,3.3,545,18.5,1609,,,,,,,12,270,2051,8.3,270,2100,3.5,2987,290,.4,27,1444,54.3,6.4,1011.9,1022.7,30,1015.1,1801,1019.2,12.8,10.9,1200,2.78,19.87,,,,,,1,.6,15.4,-2.9,,,,,,,,,,,,,,
143,대구,1993-04-07,7.8,2.6,2400,12.5,1456,,,,,,,18.9,270,1047,14,270,1022,6.5,5637,290,-6,24,1420,37.8,3.9,1009.8,1021.8,2325,1014.9,1525,1017.2,12.8,11.3,1100,2.8,20.52,,,,,,0,.3,13.2,-1.2,,,,,,,,,,,,,{폭풍}1022.{황사}0810-{황사}{강도0}0900-{황사}{강도0}1200-{황사}{강도0}1500-{황사}{강도0}1800-{황사}{강도0}2100-{황사}{강도0}2400,
143,대구,1993-04-08,4.8,1.7,401,8.9,1402,,,,,,,12.3,270,1313,8.3,270,1334,5.4,4698,290,-2,52,1455,62,5.3,1014.9,1025.2,2400,1021.1,1529,1022.4,12.8,6.3,1000,1.86,13.19,,,,,,5.5,4,9.6,-2.4,,,,,,,,,,,,,-{황사}-{황사}{강도0}0300-{황사}{강도0}0600-{황사}{강도0}0900-0940.,
143,대구,1993-04-09,7.1,.8,620,14.1,1605,,,,,,,12,290,1016,8.7,290,1033,4.6,3952,290,-3.5,29,1430,49.8,4.7,1018.6,1028.2,2400,1023.8,1620,1026.2,12.9,11.6,1200,3.03,22.18,,,,,,.5,.3,12.6,-4,,,,,,,,,,,,,,
143,대구,1993-04-10,6.7,.2,637,15.1,1537,2.92,.3,1918,.7,1847,.9,16.2,230,1547,8.7,230,1555,2.4,2060,290,-.4,28,1450,66.3,6.1,1017.8,1028.9,50,1021,1550,1025.4,12.9,5.6,1000,1.92,11.78,,,,,,6,3.6,11,-4.9,,,,,,,,,,,,.9,{비}1558-1610.{비}1802-2045.{박무}0930-1140.,
143,대구,1993-04-11,7.1,2.2,458,13,1542,,,,,,,12.5,290,1203,9.3,290,1211,4,3433,290,-.3,40,1638,60.8,6,1015.6,1026.4,2400,1021.2,1600,1023.1,12.9,8.2,1300,2.28,16.46,,,,,,3,2.4,10.8,-3.1,,,,,,,,,,,,,,
143,대구,1993-04-12,9.5,1.3,643,16.9,1559,,,,,,,7.8,290,1736,5.2,290,1750,2.3,2028,290,-.3,30,1555,54.3,6,1020.3,1029.6,1008,1025.7,1743,1027.8,13,11.2,1200,2.92,20.62,,,,,,.8,.4,13.7,-4.3,,,,,,,,,,,,,{박무}0750-{박무}{강도0}0900-0925.{햇무리}1315-1345.,
143,대구,1993-04-13,12.2,4,625,20,1603,,,,,,,11.6,320,1459,8,290,1514,3,2593,320,.6,25,1445,49.5,6.4,1021.4,1031,810,1025.6,1700,1028.8,13,10.3,1200,2.83,19.76,,,,,,1,0,15.7,-3.4,,,,,,,,,,,,,{박무}0830-{박무}{강도0}0900-1020.,
143,대구,1993-04-14,14.8,6.3,652,22.4,1504,,,,,,,9.9,290,1306,6.3,290,1318,3,2570,290,2.2,25,1731,44.5,7.2,1019.7,1030.7,830,1022.7,1810,1027.1,13.1,10.9,1200,2.71,19.81,,,,,,0,.1,17.4,-1.3,,,,,,,,,,,,,{박무}0820-{박무}{강도0}0900-1030.,
143,대구,1993-04-15,16,10.6,550,22,1401,,,,,,,7,250,1506,5.5,250,1543,3.1,2703,250,1,27,1420,36.3,6.6,1013.8,1025.6,0,1015.9,1830,1021,13.1,9,1200,2.39,14.95,,,,,,5.8,0,17.4,3.1,,,,,,,,,,,,,,
143,대구,1993-04-16,17.4,9.1,640,24.8,1453,,,,,,,7.5,270,1442,5.8,250,1453,2.6,2262,270,3,26,1410,40.3,7.6,1006.3,1017.7,0,1008.7,1800,1013.5,13.1,9.1,1200,2.97,20.57,,,,,,3,1.3,20.4,1.6,,,,,,,,,,,,,,
143,대구,1993-04-17,17.9,10.8,630,25.1,1520,,,,,,,13.8,250,1434,10.3,250,1438,4.7,4039,290,6.1,28,1540,47.3,9.4,1003.7,1012.5,801,1007.9,1608,1010.8,13.2,11.3,1200,3.11,22.93,,,,,,0,.1,20.9,2.8,,,,,,,,,,,,,,
143,대구,1993-04-18,19.9,10.6,623,29.9,1532,,,,,,,12.8,290,1530,8.5,320,1640,3.2,2728,290,7.8,25,1642,49,10.6,1004.6,1013.9,901,1009.1,1621,1011.8,13.2,8.7,1200,3.06,22.79,,,,,,0,0,23.1,2.4,,,,,,,,,,,,,{박무}0710-{박무}{강도0}0900-1035.,
143,대구,1993-04-19,21,12.5,641,30,1552,,,,,,,9.2,270,1453,6.2,230,1930,2.2,1882,70,9.4,24,1630,49.5,11.8,1007.5,1016.6,900,1011.7,1701,1014.6,13.2,9.9,1200,2.81,19.37,,,,,,0,0,22.7,4.6,,,,,,,,,,,,,{박무}0530-{박무}{강도0}0600-{박무}{강도0}0900-1120.{연무}1110-{연무}{강도0}1200-1350.,
143,대구,1993-04-20,19.6,12,650,29.8,1602,,,,,,,13.3,110,2148,10,110,2127,3.1,2704,110,11.1,28,1630,62.5,13.2,1010.2,1020.6,2400,1014.5,1634,1017.3,13.3,10,1200,2.83,18.75,,,,,,2.5,1.3,22.7,4.6,,,,,,,,,,,,,{박무}0620-{박무}{강도0}0900-1105.{박무}2110-{박무}{강도0}2400,
143,대구,1993-04-21,14.3,10.5,550,17.8,1253,.92,.2,2238,.3,2238,.3,11.2,110,434,8.3,110,436,4.4,3819,110,10.9,64,1248,80.3,13,1011,1021.6,641,1013.7,2400,1018.2,13.3,4.8,1100,2.72,13.21,,,,,,8,3.4,17.2,7.7,,,,,,,,,,,,.5,-{박무}-{박무}{강도0}0300-{박무}{강도0}0600-{박무}{강도0}0900-{박무}{강도0}1200-1340.{박무}1620-1750.{박무}2130-{박무}{강도0}2400-{비}2230-2325.,
143,대구,1993-04-22,19,12.9,340,26.7,1448,3.53,.1,224,.2,230,.2,7.9,200,1709,6.7,200,1706,2.2,1863,50,11.3,31,1446,66.3,13.5,1001.7,1013.7,0,1003,2351,1008.8,13.3,5.7,1100,2.98,20.02,,,,,,5.3,2,22.6,10.8,,,,,,,,,,,,6,{비}0003-0130.{비}0205-{비}{강도0}0300-0330.{비}0350-0430.-{박무}-{박무}{강도0}0300-{박무}{강도0}0600-{박무}{강도0}0900-1130.,
143,대구,1993-04-23,21.1,15.2,430,27.8,1502,4.42,2,440,4.5,406,6,15.2,290,142,11.5,270,203,3.4,2975,270,14.8,39,1520,71,16.9,995.4,1004.2,448,1000.5,1729,1002.4,13.4,8,1300,2.65,17.33,,,,,,8.5,1.4,22.3,12.8,,,,,,,,,,,,,{천둥}{강도0}(NE)0214-{뇌전}{강도0}(NE{이동}N4-5)0218-0222.{천둥}{강도0}(NE)0412-{뇌전}{강도0}(NE3-4)0414-{뇌전}{강도0}(NE{이동}N3-4)0416-0418.{소나기}0215-{소나기}{강도0}0300-{비}0520-{비}{강도0}0600-0640.{박무}0442-{박무}{강도0}0600-{박무}{강도0}0900-0950.{황사}1230-{황사}{강도0}1500-{황사}{강도0}1800-{황사}{강도0}2100-{황사}{강도0}2400,
143,대구,1993-04-24,18.3,8.6,2400,24.5,1410,,,,,,,17.7,290,1912,12.7,290,1915,5.2,4472,290,9.5,27,2143,59.5,13.2,993.1,1009.1,2351,996.9,1340,1000.1,13.4,5.1,1100,1.83,13.5,,,,,,7,1.5,19.2,4,,,,,,,,,,,,,-{황사}-{황사}{강도0}0300-{황사}{강도0}0600-{황사}{강도0}0900-{황사}{강도0}1200-{황사}{강도0}1500-{황사}{강도0}1800-1830.{박무}0310-{박무}{강도0}0600-{박무}{강도0}0900-{박무}{강도0}1200-1410.,
143,대구,1993-04-25,13.3,7,520,20.1,1531,,,,,,,19.3,290,1248,13.3,290,1242,5.9,5099,270,.1,28,1630,41.8,6.2,1005.8,1017,2353,1009.1,0,1013.2,13.4,10.9,1200,3.26,24.51,,,,,,.5,.8,18.7,1.4,,,,,,,,,,,,,,
143,대구,1993-04-26,14.2,5.3,611,20.5,1445,,,,,,,15.2,230,1836,10.5,230,1803,5,4309,230,1.1,28,1313,41.8,6.6,1004.6,1017.6,20,1006.3,1659,1011.8,13.5,10.7,1200,3.23,24.39,,,,,,0,0,19,-2.7,,,,,,,,,,,,,,
143,대구,1993-04-27,17.7,11.2,615,25.9,1512,.75,.1,2235,.2,2235,.2,9,90,1829,6.3,90,1830,2.7,2323,110,6.3,26,1520,50.5,9.7,1006.3,1015.7,920,1011,0,1013.4,13.5,9.9,1100,2.74,19.43,,,,,,4,1.4,22.4,5,,,,,,,,,,,,9.7,{뇌전}{강도0}(NE)2248-2254.{소나기}2235-2320.{황사}1515-{황사}{강도0}1800-{황사}{강도0}2100-{황사}{강도0}2400,
143,대구,1993-04-28,13,11,2400,15.5,0,15.5,2.7,656,5.8,630,11.2,10.6,90,1048,8.3,90,1213,5.1,4438,110,11.5,66,0,91,13.6,1003.1,1015.7,0,1007,1523,1010.4,13.5,0,900,.37,2.65,,,,,,10,4.9,14.2,10.6,,,,,,,,,,,,1.7,{비}0520-{비}{강도0}0600-0745.{비}0800-{비}{강도0}0900-1140.{비}1305-{비}{강도0}1500-1530.{비}1640-{비}{강도0}1800-{비}{강도0}2100-2340.-{황사}-{황사}{강도0}0300-0430.{박무}0450-{박무}{강도0}0600-{박무}{강도0}0900-{박무}{강도0}1200-{박무}{강도0}1500-1720.,
143,대구,1993-04-29,12.1,10.4,48,16.2,1501,.75,0,,0,,0,9.7,90,1415,7.2,70,1309,4.7,4034,110,9.1,65,1513,82.5,11.6,1004.1,1013.5,1135,1009.6,250,1011.4,13.6,0,1200,1.58,7.37,,,,,,10,5,13.5,10.1,,,,,,,,,,,,,{비}0805-0850.{박무}1730-{박무}{강도0}1800-{박무}{강도0}2100-{박무}{강도0}2400,
143,대구,1993-04-30,15.4,10.1,2400,22.8,1502,2.5,.1,2302,.3,2230,.3,13.2,90,1906,10.5,90,1852,3.8,3322,90,9.4,41,1440,70.5,11.8,1006.8,1021.6,2400,1010.3,317,1014,13.6,5.8,1200,2.82,16.99,,,,,,7.5,4.4,18.6,7.7,,,,,,,,,,,,1.5,-{박무}-{박무}{강도0}0300-{박무}{강도0}0600-{박무}{강도0}0900-0910.{비}2130-{비}{강도0}2400,
143,대구,1993-05-01,11.3,9.4,530,15.7,1340,17.25,.5,2326,1.5,2243,6.1,12.9,90,1319,10,90,1020,5.1,4448,90,8,56,1330,82,10.8,1014.4,1024.1,913,1018,2400,1021.7,13.6,2.4,1300,1.92,11.59,,,,,,10,4.8,13.2,9.1,,,,,,,,,,,,,-{비}-{비}{강도0}0300-0535.{비}0645-{비}{강도0}0900-0940.{비}1515-{비}{강도0}1800-{비}{강도0}2100-{비}{강도0}2400-{박무}2310-{박무}{강도0}2400,
143,대구,1993-05-02,11.3,8.9,641,13.5,1803,15.75,1.5,250,7.7,300,34.6,5.6,110,33,3.8,110,40,1.4,1243,90,10,88,1420,92,12.3,1004.9,1018,0,1009.5,1430,1012.3,13.7,0,1100,.65,4.69,,,,,,8,4,12.8,6.4,,,,,,,,,,,,,-{비}-{비}{강도0}0300-{비}{강도0}0600-{비}{강도0}0900-{비}{강도0}1200-{비}{강도0}1500-1545.-{박무}-{박무}{강도0}0300-{박무}{강도0}0600-{박무}{강도0}0900-{박무}{강도0}1200-{박무}{강도0}1500-1555.,
143,대구,1993-05-03,15.4,8.9,548,24.4,1616,,,,,,,9.8,290,1043,6.5,290,1033,3,2599,140,9.5,32,1553,72,11.9,1008.4,1020.4,2400,1013.4,0,1015.6,13.7,8.5,1200,3.31,24.81,,,,,,3.8,.6,18.8,5.4,,,,,,,,,,,,,{박무}0120-{박무}{강도0}0300-0550.{박무}0620-{시정(미만)}{1km}{안개}0635-{시정(이상)}{1km}{박무}0645-0840.,.17
143,대구,1993-05-04,16.1,10.4,550,23.5,1553,,,,,,,9.2,110,2143,7.3,110,2130,3.8,3314,90,10,38,1630,69.3,12.2,1013.5,1023.5,910,1018.2,1620,1020.8,13.7,8.5,1100,3.04,21.87,,,,,,4,1.1,19.1,7.8,,,,,,,,,,,,,{박무}0430-{박무}{강도0}0600-0840.,
143,대구,1993-05-05,17.6,10,529,26.3,1618,,,,,,,7.2,250,1322,5.7,250,1306,2.3,1987,230,11.4,42,1622,69.5,13.5,1012.1,1021.6,35,1015.4,1815,1019.3,13.8,9.4,1200,3.21,21.46,,,,,,6,1.9,20.9,8.1,,,,,,,,,,,,,{박무}0840-{박무}{강도0}0900-1120.,
143,대구,1993-05-06,17.5,15.1,650,22.1,1707,5.13,.8,907,1,907,2.3,7.7,140,1402,6,140,1410,1.6,1387,50,14.7,59,1642,83.8,16.7,1008.2,1017.9,0,1013.3,1805,1015.4,13.8,3,1600,1.96,11.37,,,,,,7.8,2.4,17.9,12.1,,,,,,,,,,,,,{박무}0945-{박무}{강도0}1200-1415.{비}0907-{비}{강도0}1200-1415.,
143,대구,1993-05-07,18.7,13.1,704,25.2,1553,,,,,,,10.1,90,814,8.3,90,840,3.9,3358,110,13.1,47,1535,72.3,15.2,1005.4,1014.4,1030,1009,1650,1012.6,13.8,9.7,1200,3.91,29.3,,,,,,5,2,22.4,11.3,,,,,,,,,,,,,{박무}0240-{박무}{강도0}0300-{박무}{강도0}0600-{박무}{강도0}0900-0945.,
143,대구,1993-05-08,19.9,14.1,602,26.5,1432,,,,,,,8,320,1617,6.7,290,1635,2.5,2170,290,9.9,27,1718,57.3,12.6,1005.2,1013.9,1010,1010.2,1630,1012.3,13.9,11.3,1100,3.45,28.51,,,,,,4.3,.6,23.7,10.1,,,,,,,,,,,,,{박무}0310-{박무}{강도0}0600-0620.{박무}0810-{박무}{강도0}0900-0930.{황사}1110-{황사}{강도0}1200-{황사}{강도0}1500-{황사}{강도0}1800-{황사}{강도0}2100-{황사}{강도0}2400,
143,대구,1993-05-09,13.8,11.1,2300,16.7,1225,14.7,2.2,1410,9.8,1400,26.4,7.3,360,1223,5.2,360,1233,1.7,1458,50,11.3,54,0,85,13.4,1004.7,1013.4,0,1009.7,1916,1011.9,13.9,0,1000,.49,3.17,,,,,,9,3.8,14.3,10.3,,,,,,,,,,,,,-{황사}-{황사}{강도0}0300-0430.{박무}0430-{박무}{강도0}0600-{박무}{강도0}0900-{박무}{강도0}1200-{박무}{강도0}1500-{박무}{강도0}1800-{박무}{강도0}2100-{박무}{강도0}2400{비}0918-{비}{강도0}1200-{비}{강도0}1500-{비}{강도0}1800-{비}{강도0}2100-{비}{강도0}2400,
143,대구,1993-05-10,16.5,10.6,300,24.5,1622,2.5,.5,6,1.7,0,1.9,6.6,250,1951,5.3,250,1953,2.8,2440,270,10.6,41,1552,71.3,12.8,1004.3,1014.5,2400,1009.3,302,1011.5,13.9,10.4,1100,3.49,25.5,,,,,,5,2.1,18.4,8.9,,,,,,,,,,,,,-{비}-0230.-{박무}-{박무}{강도0}0300-0320.{황사}1310-{황사}{강도0}1500-{황사}{강도0}1800-{황사}{강도0}2100-{황사}{강도0}2400,
143,대구,1993-05-11,19.8,11.8,537,28.2,1502,,,,,,,10.7,200,1513,8,230,1600,3.4,2895,250,8.7,26,1505,54,11.4,1007.3,1016.1,940,1011.7,1629,1014.4,13.9,10.8,1200,3.01,23.85,,,,,,2.8,2.4,21.7,6.9,,,,,,,,,,,,,-{황사}-{황사}{강도0}0300-{황사}{강도0}0600-{황사}{강도0}0900-{황사}{강도0}1200-1240.,
143,대구,1993-05-12,22.1,15.7,529,28.6,1404,,,,,,,19.3,230,1459,11,230,1503,3.1,2714,230,16.5,50,0,70.8,19.4,1005.2,1015.1,24,1008.2,1730,1012.3,14,9,1400,2.72,19.4,,,,,,5.5,4.4,24.4,11.7,,,,,,,,,,,,,,
143,대구,1993-05-13,17.8,11.7,2340,22.7,853,10.67,4.2,1847,8,1810,23.8,14.8,90,1603,11.3,90,1556,5.2,4460,90,16.3,86,1148,91,19.1,1003.7,1013.4,2203,1009.6,901,1010.9,14,0,1100,.64,2.55,,,,,,10,5,18.2,11.6,,,,,,,,,,,,,{비}0805-0820.{비}0910-0945.{비}1230-1255.{비}1435-{비}{강도0}1500-{비}{강도0}1800-{비}{강도0}2100-{비}{강도0}2400{박무}0430-{박무}{강도0}0600-{박무}{강도0}0900-{박무}{강도0}1200-{박무}{강도0}1500-{박무}{강도0}1800-{박무}{강도0}2100-2320.,
143,대구,1993-05-14,16.1,11.1,552,25.4,1613,8.33,1.8,328,4.1,317,13.1,7.4,320,1703,6.3,270,1723,2.6,2273,110,10.8,32,1532,75.3,13,1007.8,1019.5,2400,1012.7,129,1015.1,14,9.5,1100,3.23,21.99,,,,,,5.5,3,19.9,10.1,,,,,,,,,,,,,-{비}-{비}{강도0}0300-{비}{강도0}0600-0820.{박무}0210-{박무}{강도0}0300-0530.,
143,대구,1993-05-15,17.3,10.3,450,25.8,1447,,,,,,,11.9,90,1752,9,90,1600,3.1,2653,90,8.5,28,1350,62.3,11.4,1013.7,1022.9,2400,1018.8,1600,1020.9,14.1,10,1200,3.3,24.62,,,,,,2,.5,21.1,5.6,,,,,,,,,,,,,{박무}0530-{박무}{강도0}0600-{박무}{강도0}0900-1020.,
143,대구,1993-05-16,16.7,11.9,520,22.5,1430,,,,,,,5.5,140,2,4.8,140,21,2.6,2259,110,10.9,43,1728,71.5,13.1,1013.6,1023.1,819,1017.8,1801,1020.9,14.1,2.1,1100,2.78,13.86,,,,,,8.8,3.5,18.2,10.5,,,,,,,,,,,,,,
143,대구,1993-05-17,14.5,12.5,1030,17.2,0,12.33,.7,1346,2.8,1320,13.6,6.2,320,1809,4.3,320,1820,2.2,1912,90,12.8,67,0,89.8,14.8,1008.3,1019,5,1012.5,1653,1015.6,14.1,0,1400,.45,2.66,,,,,,9.3,4.1,15.8,8.9,,,,,,,,,,,,,{비}0220-0240.{비}0510-{비}{강도0}0600-{비}{강도0}0900-{비}{강도0}1200-{비}{강도0}1500-1710.{박무}0820-{박무}{강도0}0900-{박무}{강도0}1200-{박무}{강도0}1500-{박무}{강도0}1800-1840.,
143,대구,1993-05-18,19,10.7,557,28.2,1643,,,,,,,5.2,290,1516,4.7,270,206,2.1,1856,290,11.5,31,1608,66.5,13.7,1008.6,1017.4,910,1013.8,1803,1015.8,14.1,12,1100,3.23,25.97,,,,,,1.3,0,21.1,5.5,,,,,,,,,,,,,,
143,대구,1993-05-19,21.1,13.7,620,29.2,1558,,,,,,,6.1,270,1322,4.5,250,1050,2.4,2089,270,12.5,35,1550,61,14.5,1008.6,1017.1,800,1013.2,1808,1015.7,14.2,8.5,1300,2.79,18.3,,,,,,4.8,.6,21.6,8.9,,,,,,,,,,,,,{박무}0720-0830.,
143,대구,1993-05-20,22.8,14.3,617,32.2,1603,,,,,,,7,110,1836,5.3,110,1838,2.3,1996,90,12.8,27,1602,56.3,14.8,1008.3,1016.8,735,1012.6,1710,1015.4,14.2,12.1,1100,3.05,24.09,,,,,,1,1.3,24.5,8.7,,,,,,,,,,,,,,
143,대구,1993-05-21,18.8,14.1,600,27,1249,4.47,.6,1710,1.2,1700,1.8,9.8,230,1709,7.8,230,1712,2.4,2066,70,14.1,40,1218,76.8,16.1,1005.5,1016.6,0,1007.4,2400,1012.7,14.2,3.4,900,2.08,11.81,,,,,,7.5,3.4,20.4,9.5,,,,,,,,,,,,,{박무}0920-0950.{박무}1820-{박무}{강도0}2100-{박무}{강도0}2400-{연무}0955-{연무}{강도0}1200-1330.{비}1542-{비}{강도0}1800-1915.{비}1950-2020.{비}2105-2120.{비}2350-{비}{강도0}2400,
143,대구,1993-05-22,18,15.4,250,24.6,1745,9.67,.4,515,1,416,3.8,6.5,290,1713,5.3,290,1740,2.3,2019,320,14.9,53,1745,83.3,17,998.8,1009,2400,1004.2,610,1005.9,14.2,2,1500,1.43,10.29,,,,,,7.3,3.4,19,12.7,,,,,,,,,,,,,-{비}-{비}{강도0}0300-{비}{강도0}0600-{비}{강도0}0900-0940.-{박무}-{박무}{강도0}0300-{박무}{강도0}0600-{박무}{강도0}0900-1040,
143,대구,1993-05-23,21.2,14.6,521,29.4,1558,,,,,,,6.9,250,1813,6,250,1839,2.8,2441,250,8.9,23,1610,49.8,11.6,1003.1,1012,823,1008.1,1721,1010.1,14.3,11.5,1200,2.92,23.64,,,,,,4,2,23.1,10.2,,,,,,,,,,,,,,
143,대구,1993-05-24,22.7,15.1,630,31.3,1556,,,,,,,8.4,290,1745,6.7,290,1709,2.5,2170,250,12.6,28,1641,54.8,14.6,1000.8,1010.3,2321,1005.2,1610,1007.7,14.3,11.8,1200,3.18,25.14,,,,,,1.5,.1,25.3,11,,,,,,,,,,,,,,
143,대구,1993-05-25,20.2,15.5,610,24.8,1341,,,,,,,7.4,270,1048,5.5,270,1103,2.2,1863,320,12.6,43,1155,62.8,14.6,1005.2,1014.9,2400,1009.8,135,1012.3,14.3,4.4,1000,2.33,15.63,,,,,,7,4.5,22.6,11.2,,,,,,,,,,,,,,
143,대구,1993-05-26,21.3,15.1,535,28.6,1450,,,,,,,11.2,180,1644,8.7,90,1842,2.8,2424,90,11.7,30,1601,58.3,14.1,1008,1016.6,2231,1012.7,1608,1015.1,14.3,11.8,1300,3.03,25.2,,,,,,1.5,.6,28,10.3,,,,,,,,,,,,,,
143,대구,1993-05-27,20.5,12,550,28.8,1633,,,,,,,5.8,90,1307,4.3,110,1313,1.8,1584,70,11.2,29,1317,58.5,13.3,1005.7,1016.9,37,1009.3,1810,1012.9,14.3,12,1200,3,23.78,,,,,,3,0,27.3,8.1,,,,,,,,,,,,,,
143,대구,1993-05-28,22,14.2,550,29.9,1557,,,,,,,6.8,90,1757,5.3,90,1800,2.1,1780,50,11.3,30,1522,55.3,13.6,1001.3,1010.6,59,1005.2,1812,1008.4,14.4,8.9,1400,2.8,20.95,,,,,,2.5,.9,26.9,11,,,,,,,,,,,,,,
143,대구,1993-05-29,17.3,13.1,538,21.5,1338,1.17,.2,1619,.2,1550,.2,13.3,90,1154,9,90,1200,4.5,3850,90,12.4,48,0,73.3,14.4,1000,1007.9,1040,1006.2,1711,1007.1,14.4,3.6,1100,1.83,11.72,,,,,,7,2.8,19,8.7,,,,,,,,,,,,,{비}1540-1650.,
143,대구,1993-05-30,21,11.6,528,29.6,1501,,,,,,,7.4,90,1536,5.8,90,1549,2.4,2046,90,11.9,32,1522,60.8,13.9,998.9,1007.7,2400,1004,1620,1005.9,14.4,11.8,1100,3,24.56,,,,,,2,0,27.7,7.7,,,,,,,,,,,,,{햇무리}1240-1430.,
143,대구,1993-05-31,22.6,15.4,527,29.9,1521,,,,,,,9.1,90,1345,7.2,90,1350,3.6,3074,90,13.8,36,1450,60.3,15.9,1003.3,1013.7,2351,1007.7,0,1010.3,14.4,11.6,1200,3.27,25.66,,,,,,2.3,0,28.8,12.7,,,,,,,,,,,,,{달무리}2320,
143,대구,1993-06-01,22.2,14.9,629,29.3,1338,.22,0,,0,,0,11.7,90,2329,8.3,70,1620,4.6,3965,90,15.6,39,1313,68,17.8,1003.1,1013.7,0,1002,2356,1010.1,14.4,9.2,1100,3.14,21.32,,,,,,5.8,1.6,29.7,13.5,,,,,,,,,,,,,-{달무리}-0120.{비}2347-{비}{강도0}2400,
143,대구,1993-06-02,18.9,17,2400,21.9,1021,13.5,2,605,8.4,520,31.4,18.7,200,1938,12.7,200,1920,7.1,6139,90,14.6,56,1705,77.5,16.8,982,1002,0,984.6,1558,989,14.4,1,1100,1.62,9.57,,,,,,9.3,4.6,18.5,15.2,,,,,,,,,,,,,-{비}-{비}{강도0}0300-{비}{강도0}0600-{비}{강도0}0900-{비}{강도0}1200-1330.,
143,대구,1993-06-03,17.5,16,421,19.6,1437,.75,0,,0,,0,15.4,230,8,11,230,10,5.7,4900,270,11.7,57,1500,68.8,13.7,989,1003.9,2313,989.3,0,996,14.5,0,1300,.62,4.33,,,,,,9.5,6.1,16.7,13.8,,,,,,,,,,,,,{비}0655-0730.{비}0820-0830.,
143,대구,1993-06-04,19.1,13.5,542,24.5,1403,,,,,,,7.6,110,2130,6,110,2147,3.2,2779,320,13.6,52,1745,71.3,15.6,998.8,1009.4,2400,1003.8,55,1005.9,14.5,8.3,1300,3.21,18.08,,,,,,6.5,3.8,21.6,9.3,,,,,,,,,,,,,,
143,대구,1993-06-05,20.6,14.5,547,28.8,1542,,,,,,,9.6,140,1909,7.3,140,1910,3,2624,110,14,38,1545,68.8,16,1002.4,1011.8,2400,1006.8,1740,1009.5,14.5,11.7,1100,3.11,24.85,,,,,,3.8,.9,25.6,11.5,,,,,,,,,,,,,{박무}0430-{박무}{강도0}0600-0840.{박무}2220-{박무}{강도0}2400,
143,대구,1993-06-06,21.7,14.5,543,30.2,1710,,,,,,,6.2,270,1640,5,270,1646,2.4,2074,90,15.6,38,1708,71.8,17.7,1004.9,1014.1,816,1009.6,1758,1011.9,14.5,8.6,1100,2.96,22.5,,,,,,3,.5,25.4,11.1,,,,,,,,,,,,,-{박무}-{박무}{강도0}0300-{박무}{강도0}0600-{박무}{강도0}0900-1050.,
143,대구,1993-06-07,23.3,17.1,555,29.9,1622,,,,,,,7.7,90,853,6.3,90,840,3,2559,90,16.7,41,1908,70,19,1005.9,1014.7,910,1010.6,1814,1012.9,14.5,10.9,1200,3.11,23.68,,,,,,0,.6,29.3,13.3,,,,,,,,,,,,,{박무}0340-{박무}{강도0}0600-{박무}{강도0}0900-{박무}{강도0}1200-1230.,
143,대구,1993-06-08,20.9,18.3,2400,24.2,1446,4.38,3.1,1606,6.2,1548,7.1,6,160,1603,4.3,90,1902,1.7,1507,70,18,60,1320,84,20.6,1005.3,1013.8,2325,1011,1445,1012.3,14.5,0,1100,.79,5.38,,,,,,9.5,6.5,22,15.1,,,,,,,,,,,,,{박무}0030-{박무}{강도0}0300-{박무}{강도0}0600-{박무}{강도0}0900-{박무}{강도0}1200-{박무}{강도0}1500-1745.             {박무}1820-{박무}{강도0}2100-{박무}{강도0}2400-                                             {비}1340-1445. {소나기}1547-{비}1620-1740. {비}1849-1950. {비}2010-2030.            {천둥}{강도0}(SE)1602-1610.,
143,대구,1993-06-09,22.1,16.6,230,29.6,1625,,,,,,,9.5,270,1513,4.7,180,2030,1.6,1360,270,15.3,36,1510,70.5,17.4,1006.2,1015.3,901,1011.3,1801,1013.1,14.5,7.2,1300,2.87,19.97,,,,,,5.3,3,23.8,13.2,,,,,,,,,,,,,-{박무}-{박무}{강도0}0300-{시정(미만)}{1km}{안개}0515-{안개}{강도0}0600-{시정(미만)}{0.5km}{안개}0630- {시정(이상)}{0.5km}{안개}0810-{시정(이상)}{1km}{박무}0830-   {박무}{강도1}0900-1110.,3.25
143,대구,1993-06-10,24.3,19.8,550,29.6,1521,,,,,,,9.9,270,1202,6.8,270,1210,3.3,2855,320,16.7,46,1501,63,19.1,1006.2,1014.2,940,1011.2,1709,1013.1,14.5,10.2,1100,2.76,22.35,,,,,,3,2.3,29.6,16.1,,,,,,,,,,,,,{박무}0320-{박무}{강도0}0600-{박무}{강도0}0900-1105.,
143,대구,1993-06-11,24.3,18.3,553,30.2,1646,,,,,,,7.1,180,1749,6,180,1758,2.1,1775,70,17.4,45,1700,67.3,19.9,1004.5,1014.2,305,1008.2,1709,1011.5,14.6,8.9,1100,2.96,20.26,,,,,,4.3,3,30.3,15,,,,,,,,,,,,,{박무}0330-{박무}{강도0}0600-{박무}{강도0}0900-1020. {연무}0950-{연무}{강도0}1200-1440. {박무}2130-{박무}{강도0}2400-,
143,대구,1993-06-12,22.5,18,521,25.2,1520,8.52,.1,1751,.3,1950,1,6.2,160,1158,4.7,160,1205,2.4,2061,90,20,68,1142,85.5,23.4,1000,1010.4,100,1002,2400,1007,14.6,.3,800,1.21,7.5,,,,,,7,4.4,25.2,14.4,,,,,,,,,,,,,-{박무}-{박무}{강도0}0300-{박무}{강도0}0600-{박무}{강도0}0900-1120. {박무}1820-{박무}{강도0}2100-2110.            {비}1214-1340. {비}1620-{비}{강도0}1800-{비}{강도0}2100-2325.,
143,대구,1993-06-13,24,21.3,2300,27.5,1352,6.42,4.3,642,7.5,622,14.3,7.8,110,2247,6.3,110,2120,2.1,1773,110,22,80,1422,88.8,26.5,995,1006.5,2340,999.4,608,1001.8,14.6,.5,1300,1.71,6.72,,,,,,10,5.1,24.1,20.5,,,,,,,,,,,,,{비}0305-{비}{강도0}0600-0810. {비}1120-{비}{강도0}1200-1240.                           {박무}0710-0820. {박무}1340-1450.,
143,대구,1993-06-14,24.7,20.7,510,29.9,1456,.33,0,,0,,0,6.7,90,22,6.2,90,10,2.3,1962,90,21,60,1504,80.3,24.8,997.8,1006.5,0,1002.9,1715,1004.7,14.6,2.6,1400,2.11,12.58,,,,,,9.5,5,26.1,20.3,,,,,,,,,,,,,{박무}0030-{박무}{강도0}0300-{박무}{강도0}0600-{박무}{강도0}0900-{박무}{강도0}1200-1440.                      {박무}1730-{박무}{강도0}1800-{박무}{강도0}2100-{박무}{강도0}2400-                                    {비}2325-2340. {비}2355-{비}{강도0}2400-,
143,대구,1993-06-15,26.3,22.1,515,32.3,1627,2,.2,501,.2,405,.2,5.8,230,1644,4.3,230,1852,1.8,1585,320,21.6,47,1523,77,25.8,997.3,1005.7,920,1002.6,1718,1004.1,14.6,6.3,1100,2.76,17.38,,,,,,8,4.6,27.7,21.1,,,,,,,,,,,,,-{비}-0010. {비}0020-0055. {비}0405-0520.                                   -{박무}-{박무}{강도0}0300-{박무}{강도0}0600-{박무}{강도0}0900-{박무}{강도0}1200-1220. {박무}1840-{박무}{강도0}2100-{박무}{강도0}2400-,
143,대구,1993-06-16,26.3,24,2340,29.1,1556,,,,,,,3.6,140,1737,3.2,270,1740,1.5,1332,340,22.8,61,1634,81.5,27.8,999.7,1008.8,2400,1005,1655,1006.6,14.6,0,1000,1.02,7.04,,,,,,9,4.4,25.9,20.3,,,,,,,,,,,,,-{박무}-{박무}{강도0}0300-{박무}{강도1}0600-{박무}{강도0}0900-{박무}{강도0}1200-{박무}{강도0}1500-{박무}{강도0}1800-{박무}{강도0}2100-   {박무}{강도0}2400-,
143,대구,1993-06-17,26.7,21,2400,33.2,1555,,,,,,,9,230,1501,6.2,250,1440,2.9,2505,160,20.2,38,1500,71,23.8,1001.4,1010.2,803,1006.2,1615,1008.3,14.6,7.1,1400,2.81,20.15,,,,,,5.8,3.1,31.8,19.9,,,,,,,,,,,,,-{박무}-{박무}{강도0}0300-{박무}{강도0}0600-{박무}{강도0}0900-{박무}{강도0}1200-1230. {박무}2310-{박무}{강도0}2400-,
143,대구,1993-06-18,25.2,19.8,330,31.1,1537,,,,,,,6.3,290,1449,4.8,250,1840,2.9,2471,110,19.7,51,1437,74,23,1000.1,1008.8,15,1004.7,1808,1007,14.6,6.5,1100,2.61,17.96,,,,,,7.8,4.1,29.8,18.3,,,,,,,,,,,,,-{박무}-{박무}{강도0}0300-{박무}{강도0}0600-{박무}{강도0}0900-1010. {박무}2220-{박무}{강도0}2400-,
143,대구,1993-06-19,27,21.9,2400,34.3,1637,.17,0,,0,,0,7,140,1847,6.3,140,2127,2.6,2262,270,19.1,29,1657,65.8,22.4,997.7,1006.4,0,1001.2,1730,1004.6,14.6,11.8,1100,3.14,25.18,,,,,,4,2.9,34.2,19.4,,,,,,,,,,,,,-{박무}-{박무}{강도0}0300-{박무}{강도0}0600-{박무}{강도0}0900-1020. {소나기}2045-2055.,
143,대구,1993-06-20,23.7,20.1,440,30.9,1630,,,,,,,8.5,110,1915,6.8,110,2140,3.4,2941,110,18.4,42,1515,75.3,21.2,998.7,1009.1,2400,1003.7,1715,1005.6,14.6,7.1,1300,2.63,19.38,,,,,,6,5.3,31.6,18.7,,,,,,,,,,,,,{박무}0420-{박무}{강도0}0600-{박무}{강도0}0900-{박무}{강도0}1200-1230. {박무}2010-{박무}{강도0}2100-{박무}{강도0}2400-,
143,대구,1993-06-21,23.7,19.3,230,28.7,1610,,,,,,,7.2,110,116,5.5,110,220,2.6,2265,110,18.7,52,1630,74.8,21.5,1001.7,1010,931,1007.1,1723,1008.6,14.6,4,1100,2.61,15.49,,,,,,9.3,5.9,28.2,18.9,,,,,,,,,,,,,-{박무}-{박무}{강도0}0300-{박무}{강도0}0600-{박무}{강도0}0900-1150. {박무}2310-{박무}{강도0}2400-                 {연무}1140-{연무}{강도0}1200-{연무}{강도0}1500-1620.,
143,대구,1993-06-22,22.3,19.4,2400,25,1035,8.98,.6,1707,2.8,1641,7.1,6.8,90,2220,4.2,90,1800,2,1706,110,19.8,73,1133,86,23.2,998.1,1008.3,0,1002,2348,1005.2,14.6,0,1000,.95,5.46,,,,,,10,5.3,23.5,18,,,,,,,,,,,,,-{박무}-{박무}{강도0}0300-{박무}{강도0}0600-{박무}{강도0}0900-{박무}{강도0}1200-{박무}{강도0}1500-1730.                {비}1147-{비}{강도0}1200-{비}{강도0}1500-{비}{강도0}1800-1925. {비}2045-{비}{강도0}2100-2120.         {비}2310-2356.,
143,대구,1993-06-23,21.5,18.3,210,27.3,1631,2.9,1,1,3.2,1,3.3,7.9,90,2317,6.8,90,2356,2.1,1853,110,17.5,55,1503,79.8,20.1,995.7,1006.5,2400,1000.9,434,1002.7,14.6,2,1300,2.62,11.79,,,,,,7.8,4.9,24.5,17.1,,,,,,,,,,,,,{비}0001-0255.,
143,대구,1993-06-24,22.9,17.5,330,29.7,1518,,,,,,,7.8,90,17,7.2,90,10,2.3,2014,90,18.8,51,1646,79,21.8,1000.8,1009.5,901,1006.2,1629,1007.7,14.6,5.7,1100,2.61,16.75,,,,,,5.3,1.9,25.6,15.6,,,,,,,,,,,,,{박무}0210-{박무}{강도0}0300-{박무}{강도0}0600-{박무}{강도0}0900-{박무}{강도0}1200-1330.,
143,대구,1993-06-25,25.3,21.6,630,29.1,1431,,,,,,,6.5,250,1247,5.5,160,1630,1.8,1544,180,19.8,53,1449,72.3,23.1,1000.7,1009,620,1005.8,1629,1007.6,14.6,3.7,1000,2.05,11.6,,,,,,7.8,3.6,26.7,18.1,,,,,,,,,,,,,{박무}0430-{박무}{강도0}0600-{박무}{강도0}0900-{박무}{강도0}1200-1235,
143,대구,1993-06-26,24.9,20.3,610,31.4,1619,,,,,,,7.3,230,1630,5.3,250,1624,2.4,2084,270,19.9,48,1552,75,23.3,1001.9,1011.7,2241,1006.7,29,1008.8,14.6,2.8,1200,2.39,16.91,,,,,,6.8,3.6,26,16.4,,,,,,,,,,,,,{박무}0430-{박무}{강도0}0600-{박무}{강도0}0900-{박무}{강도0}1200-1230. {연무}1620-{연무}{강도0}1800-1920.         {박무}1910-{박무}{강도0}2100-{박무}{강도0}2400-,
143,대구,1993-06-27,25.8,20.7,540,31.9,1558,,,,,,,7.5,270,1545,6.2,290,1600,2.8,2391,250,17.6,36,1600,63.5,20.2,1006.6,1015.5,917,1011.3,26,1013.6,14.6,4.7,1000,2.98,18.23,,,,,,5,2,28.8,16.3,,,,,,,,,,,,,-{박무}-{박무}{강도0}0300-{박무}{강도0}0600-0640.,
143,대구,1993-06-28,21,18.3,2000,25.3,0,18.58,7.5,1919,24.6,1916,81.4,6.5,290,2120,3.7,50,1000,1.5,1335,110,19.1,64,0,89,22.1,1004.9,1014.6,855,1006.6,2400,1012,14.6,0,1400,.35,2.3,,,,,,9.8,5.1,21.4,17.3,,,,,,,,,,,,,{비}0205-0230. {비}0340-0410. {비}0620-{비}{강도0}0900-{비}{강도0}1200-{비}{강도0}1500-{비}{강도0}1800- {비}{강도1}2100-{비}{강도0}2400-                                                    {박무}0440-{박무}{강도0}0600-{박무}{강도0}0900-{박무}{강도0}1200-{박무}{강도0}1500-{박무}{강도0}1800-{박무}{강도0}2100-2130.,
143,대구,1993-06-29,19.4,18.3,100,21.1,1728,15.92,3,332,10.8,242,55.6,6.7,110,2312,5.7,110,2320,2.2,1932,90,18.3,90,1510,93.3,21.1,995,1006.6,0,999.6,1654,1002,14.6,0,1300,.45,2.61,,,,,,10,5.1,20.1,17.2,,,,,,,,,,,,,-{비}-0055. {비}0105-{비}{강도0}0300-{비}{강도0}0600-{비}{강도0}0900-{비}{강도0}1200-1310.            {비}1820-{이슬비}1850-2030. {비}2230-2315.                                      {박무}1240-{박무}{강도0}1500-{박무}{강도0}1800-{시정(미만)}{1km}{안개}1845-{시정(이상)}{1km}{박무}2045-{박무}{강도1}2100-2245.,2
143,대구,1993-06-30,18.6,17.5,2340,19.4,0,9.17,1.9,1756,2.9,1740,7,7.2,90,706,5.7,90,742,3.6,3123,90,16.7,76,2255,88.8,19.1,998.7,1010.5,2400,1002.5,10,1005.8,14.6,0,1100,.48,2.74,,,,,,9.8,4.8,18.9,15.6,,,,,,,,,,,,7,{비}0740-{비}{강도0}0900-{비}{강도0}1200-1440.{비}1720-{비}{강도0}1800-1930.,
143,대구,1993-07-01,20.8,17,659,25.6,1615,,,,,,,6.4,110,2340,5,90,1900,2.5,2170,110,16,59,1616,74.5,18.3,1005,1014.2,2253,1010.5,0,1012,14.6,2.6,1000,2.53,13.56,,,,,,8.5,4.4,21.4,15.6,,,,,,,,,,,,,,
143,대구,1993-07-02,21.2,17.8,555,25.3,1150,,,,,,,10.8,110,1254,8.8,110,1258,4.6,3964,110,15,49,1658,68.3,17.1,1004.3,1013.7,0,1009.2,1729,1011.3,14.5,11.2,1100,3.02,23.91,,,,,,4.8,1.6,24.9,14.9,,,,,,,,,,,,,,
143,대구,1993-07-03,22.6,14.9,549,29.7,1526,,,,,,,5.3,250,1850,4.7,250,1901,2.3,1977,90,16.8,46,1130,71,19.2,1005.1,1013.8,850,1010.4,1801,1012.1,14.5,11.6,1200,3.19,24.2,,,,,,3.5,1.9,27.4,11.1,,,,,,,,,,,,,,
143,대구,1993-07-04,23.3,19,500,30,1430,,,,,,,9.5,90,1956,7,90,1959,3.6,3133,90,17.6,44,1418,73,20.2,1002.2,1013,10,1005.9,1725,1009.2,14.5,9.4,1200,3.22,23.03,,,,,,5.5,2.8,28.7,16,,,,,,,,,,,,,{박무}0430-{박무}{강도0}0600-{박무}{강도0}0900-1110.,
143,대구,1993-07-05,23.3,16.3,550,29,1554,,,,,,,8.9,140,936,7.2,110,1038,3.9,3372,110,17.5,47,1710,71.8,20.1,1001.3,1009.6,2224,1006.9,1535,1008.2,14.5,12.5,1200,3.34,27.83,,,,,,.8,.5,30.2,11.6,,,,,,,,,,,,,{박무}2210-{박무}{강도0}2400,
143,대구,1993-07-06,24,17.5,651,30.6,1439,,,,,,,7.3,110,5,5,110,16,2.6,2239,90,18.1,37,1653,71.5,20.8,1000.8,1009.4,750,1005.3,1834,1007.8,14.5,10.4,1300,2.89,21.66,,,,,,4,1.6,29.4,15.1,,,,,,,,,,,,,-{박무}-{박무}{강도0}0300-{박무}{강도1}0600-0850.,
143,대구,1993-07-07,24.9,18.2,532,31.9,1413,,,,,,,6.4,110,1729,5.2,110,1748,2.4,2105,50,18.8,43,1240,70.8,21.7,999.4,1007.8,2340,1004.5,1600,1006.3,14.5,8.9,1200,3.27,20.35,,,,,,6.5,2.4,29,14.4,,,,,,,,,,,,,{달무리}0340-0510.{박무}0720-{박무}{강도0}0900-1120.,
143,대구,1993-07-08,25.1,21.6,510,29.3,1600,1.45,0,,0,,0,7.6,110,940,5.2,110,920,2.9,2535,110,21.8,67,1430,82.5,26.2,1000.1,1008.5,2242,1005.7,1600,1007.1,14.5,0,1300,1.54,8.94,,,,,,9.3,5.4,27.9,18.7,,,,,,,,,,,,,{박무}0630-{박무}{강도0}0900-1030.{박무}2010-{박무}{강도0}2100-{박무}{강도0}2400{비}1703-{비}{강도0}1800-1830.,
143,대구,1993-07-09,26.2,22.7,2400,30,1605,.42,0,,0,,0,7.6,110,1720,5.7,110,1738,2.6,2283,110,22.8,66,1602,82,27.8,1002.6,1010.6,2400,1008.4,0,1009.5,14.5,1.3,1100,1.54,9.39,,,,,,9,4.1,28.9,20.6,,,,,,,,,,,,,{비}0715-0740.-{박무}-{박무}{강도0}0300-{박무}{강도0}0600-{박무}{강도0}0900-1040.{박무}1620-{박무}{강도0}1800-{박무}{강도0}2100-{박무}{강도0}2400,
143,대구,1993-07-10,25.3,22.1,220,29.1,1507,2.13,.6,1125,1.5,1100,1.5,9.8,270,1736,7.2,270,1743,1.9,1647,70,21.9,70,1345,81.3,26.3,1002.8,1011.5,640,1004.3,1641,1009.8,14.5,1.3,1300,2.12,9.19,,,,,,8.5,3.6,26.5,19.9,,,,,,,,,,,,,{비}0730-0753.{비}1055-{소나기}1130-{소나기}{강도0}1200-1225.{소나기}1635-1650.-{박무}-{박무}{강도0}0300-{박무}{강도0}0600-{박무}{강도0}0900-{박무}{강도0}1200-1240.{천둥}{강도0}(NW)1125-1135.,
143,대구,1993-07-11,25,22.1,1540,30.4,1130,3.67,12.6,1507,17.6,1501,18.9,22,250,1503,10.3,250,1518,1.7,1430,340,22.2,71,1040,84.8,26.7,1000.7,1009.2,1520,1006,1805,1007.6,14.4,3,900,1.94,8.96,,,,,,7.8,4.4,26.1,19.5,,,,,,,,,,,,,{박무}0820-{박무}{강도0}0900-0940.{천둥}{강도0}(NW)1425-{천둥}{강도0}(NW)1500-{뇌전}{강도0}(NW{이동}W3)1510{뇌전}{강도1}W{이동}SW2)1520-{뇌전}{강도2}(SW{이동}S1)1523-{뇌전}{강도0}(S{이동}SE3-4)1525-1540.{소나기}1450-{소나기}{강도0}1500-{비}1720-{비}{강도0}1800-1830.{박무}1430-{박무}{강도0}1500-1540.,
143,대구,1993-07-12,23,21.5,750,24.6,1700,14.78,6.9,620,18.9,620,54.2,6,270,1147,4.5,270,1200,1.5,1324,270,21.6,85,1645,91.8,25.9,999.7,1008.7,26,1004.6,2400,1006.8,14.4,0,900,1.27,5.28,,,,,,9.8,5.1,24.4,20.1,,,,,,,,,,,,,{뇌전}{강도0}(NW4-6)0535-{뇌전}{강도0}(NW{이동}W3-4)0558-{뇌전}{강도0}(W{이동}SW2-3)0615-{뇌전}{강도0}(SW{이동}S3-4)0630-0720.{천둥}{강도0}(SW)1111-{천둥}{강도0}(SW{이동}S)1120-1135.{천둥}{강도0}(S)1225-1238.{뇌전}{강도0}(S2-3)2258-{뇌전}{강도0}(S{이동}SW4-5)2302-2310.{비}0445-{소나기}0530-{소나기}{강도0}0600-{비}0730-0830.{비}1025-{소나기}1110-{비}1140-{비}{강도0}1200-{소나기}1225-{비}1240-1425.{비}1435-{비}{강도0}1500-{비}{강도0}1800-1840.{비}2103-{소나기}2245-{비}2315-{비}{강도0}2400,
143,대구,1993-07-13,24.6,22.6,701,27.3,1449,14.47,10.4,624,21.1,623,49.2,10.5,320,612,5.8,230,1509,2.1,1844,230,22.4,73,1432,88,27.1,993.5,1004.6,0,997.2,1818,1000.4,14.4,0,1400,.91,4.37,,,,,,10,5.1,25.2,21.7,,,,,,,,,,,,,-{비}-{소나기}0120-{비}0243-{비}{강도0}0300-0320.{비}0402-0410.0525-{비}{강도0}0600-{소나기}0610{비}0720-{비}{강도0}0900-1130.{비}1635-{비}{강도0}1800-{비}{강도0}2100-2130.{뇌전}{강도0}(S3-4)0135-{뇌전}{강도0}(S{이동}SE3-4)0140-{뇌전}{강도0}(SE{이동}E3-4)0145-{뇌전}{강도0}(E{이동}NE4-5)0158-0220.{천둥}{강도0}(S)0611-{뇌전}{강도0}(S{이동}SE2-3)0628-{뇌전}{강도0}(SE{이동}E3-4)0640-0720.{번개}{강도0}(S)1610-1620.,
143,대구,1993-07-14,25.5,20.6,2400,32.3,1608,4.58,1.6,2103,2.6,2103,5.5,12.3,90,1931,7.7,90,1937,3.7,3231,90,20.8,44,1605,76.8,24.6,993.1,1005.2,2344,996.8,220,1000,14.4,9.5,1100,2.54,18.69,,,,,,8.3,4.3,27.4,20,,,,,,,,,,,,,{비}0105-0250.{비}0310-0430.{소나기}2050-{소나기}{강도0}2100-2220.{천둥}{강도0}(N)2130-2140.,
143,대구,1993-07-15,22.4,20.3,112,25.2,1726,1.25,0,,0,,0,7,110,1510,6.7,110,1520,3.6,3139,110,18,63,1330,77,20.6,1000.3,1009.5,2230,1004.8,51,1007.3,14.4,2.3,1200,2.58,12.86,,,,,,9.8,4.4,24,19.3,,,,,,,,,,,,,{비}0510-0530.{비}0625-0720.,
143,대구,1993-07-16,22.4,19.2,2330,26.6,1105,10.58,2.7,2308,5,2230,6.4,8.9,90,2136,6,90,2120,3.4,2948,90,18.9,64,1030,81,21.9,1001,1009.4,0,1005.4,2400,1007.9,14.3,1.8,1000,2.52,9.53,,,,,,9.3,5.1,24.1,18.1,,,,,,,,,,,,,{비}0050-{비}{강도0}0300-0340.{비}1605-{비}{강도0}1800-{비}{강도0}2100-2350.{박무}0320-{박무}{강도0}0600-{박무}{강도0}0900-{박무}{강도0}1200-{박무}{강도0}1500-{박무}{강도0}1800-{박무}{강도0}2100-{박무}{강도0}2400,
143,대구,1993-07-17,20.3,18.9,500,22.3,1520,12.58,1.9,430,4.4,340,12.4,10,90,1513,7,90,1603,4.1,3572,90,18.1,76,1520,87.5,20.8,993.8,1005.4,0,998.5,1738,1000.9,14.3,0,1400,1.08,5.7,,,,,,10,5,21.5,17.8,,,,,,,,,,,,,{비}0005-{비}{강도0}0300-0550.{비}1130-{비}{강도0}1200-1350.{비}1930-{비}{강도0}2100-{비}{강도0}2400-{박무}-{박무}{강도0}0300-0550.,
143,대구,1993-07-18,21,18.6,230,24.2,1505,4.75,.6,207,.8,120,1.5,10,110,1550,8.5,110,1600,4.2,3590,90,16.6,62,1418,77.3,18.9,996.2,1007.8,2258,999.9,22,1003.3,14.3,2.5,1400,2.3,14.99,,,,,,8.8,4.1,23.9,17.7,,,,,,,,,,,,,-{비}-0230.{비}0505-{비}{강도0}0600-0720.,
143,대구,1993-07-19,21.2,18.2,2400,25.3,1551,,,,,,,10.5,90,1914,7.7,90,1846,3.9,3412,90,15.3,54,1322,69.5,17.4,1001.6,1012,2400,1006.9,128,1008.6,14.3,5,900,2.29,16.23,,,,,,6.3,3.9,23.8,12.7,,,,,,,,,,,,,,
143,대구,1993-07-20,21,16.3,533,25.8,1501,,,,,,,10.7,70,1351,7.3,70,1400,3.2,2805,70,12.7,40,1505,60.8,14.7,1005.8,1015.2,2257,1011.4,1643,1012.8,14.3,7.9,1300,3.03,19.13,,,,,,6,4.5,25.8,11.3,,,,,,,,,,,,,,
143,대구,1993-07-21,20.1,17.6,530,23.7,1317,,,,,,,9.5,110,1730,7,110,1738,3.1,2712,90,14.3,57,1314,69.8,16.3,1008.3,1017.5,2400,1014.6,200,1015.4,14.2,2.4,1000,2.8,12.73,,,,,,8.3,4.9,22.9,13.4,,,,,,,,,,,,,,
143,대구,1993-07-22,20.8,15.5,520,25.2,1433,,,,,,,11,70,1616,8.5,90,1351,3.8,3312,90,16.3,64,1438,75.8,18.5,1009.6,1017.6,602,1015.4,1500,1016.6,14.2,9.9,1300,3.1,22.8,,,,,,5.8,3.9,26.9,10.8,,,,,,,,,,,,,,
143,대구,1993-07-23,22.4,18.1,450,26.9,1501,,,,,,,8.4,110,2030,5.7,110,2033,3.8,3276,110,16.7,57,1301,71.5,19.1,1007.1,1016.7,45,1011.9,1755,1014.2,14.2,6.4,1200,2.58,18.95,,,,,,6.3,3.8,28.5,14.6,,,,,,,,,,,,,,
143,대구,1993-07-24,21.9,19.7,320,24.3,1335,.33,0,,0,,0,11.1,70,1001,7.2,70,1800,4.5,3851,90,18,67,1330,79,20.6,1003.7,1012.6,0,1008.8,2400,1010.8,14.2,.5,1200,1.37,10.42,,,,,,8.3,4.4,25.1,16.6,,,,,,,,,,,,,{비}1150-{비}{강도0}1200-1210.,
143,대구,1993-07-25,23.8,20.4,632,27.8,1410,,,,,,,8.3,90,1959,6.7,90,2014,3.5,3011,90,17.7,50,1345,69.8,20.3,1001.5,1010.6,2340,1007.4,603,1008.5,14.1,6.5,1000,2.32,16.62,,,,,,8.3,4.5,27.6,16.5,,,,,,,,,,,,,,
143,대구,1993-07-26,21.4,20.4,520,23,1130,2.83,0,,.1,1500,.1,9,110,2212,6.7,110,1838,4.3,3704,90,17.8,70,1058,80.3,20.3,1004.6,1012.4,2210,1010.5,134,1011.7,14.1,0,800,.74,5.76,,,,,,10,5.3,22.9,18.3,,,,,,,,,,,,,{비}1140-{비}{강도0}1200-1230.{비}1450-{비}{강도0}1500-1645.{비}2355-{비}{강도0}2400{박무}1440-{박무}{강도0}1500-{박무}{강도0}1800-1820.,
143,대구,1993-07-27,20.9,19.8,300,23,1207,3.83,.1,2137,.1,2137,.1,10.7,90,1028,7.2,90,510,4.6,3950,90,19,76,1131,88.8,22,1001.9,1012.3,0,1005.5,1803,1009,14.1,0,900,1.44,7.2,,,,,,9.8,4.8,22.9,18.2,,,,,,,,,,,,,-{비}-0015.{소나기}0815-0845.{비}1705-1750.{비}2020-{비}{강도0}2100-2240.,
143,대구,1993-07-28,23.4,20.4,603,28.1,1416,.92,.2,1640,.2,1630,.2,7.2,110,2245,5.5,110,2142,2.7,2369,110,21.1,70,1411,86.5,25.1,1001.3,1009.7,2250,1007.1,205,1008.3,14.1,.2,1300,1.73,9.27,,,,,,9.8,4.8,25.5,19.7,,,,,,,,,,,,,{비}1435-1450.{비}1630-1710.{박무}0510-{박무}{강도0}0600-{박무}{강도0}0900-{박무}{강도0}1200-{박무}{강도0}1500-{박무}{강도0}1800-{박무}{강도0}2100-{박무}{강도0}2400,
143,대구,1993-07-29,21.1,20.6,1855,22.5,0,16.37,3.3,138,9.4,132,47.6,8.7,110,1407,7.3,110,138,4,3425,110,19.8,89,752,92,23,999.7,1009.3,0,1002.6,2345,1006.7,14,0,1100,.29,1.82,,,,,,10,5,21.4,19.5,,,,,,,,,,,,,{천둥}{강도0}(N)0157-0210.{비}0125-{소나기}0150-0240.{비}0753-{비}{강도0}0900-{비}{강도0}1200-{비}{강도0}1500-{비}{강도0}1800-{비}{강도0}2100-2110.{비}2210-{비}{강도0}2400-{박무}-{박무}{강도0}0300-{박무}{강도0}0600-{박무}{강도0}0900-{박무}{강도0}1200-{박무}{강도0}1500-{박무}{강도0}1800-1840.,
143,대구,1993-07-30,24.3,20.6,15,29.3,1445,7.5,.7,20,2.6,410,10.4,4.4,230,632,4,230,638,1.9,1604,250,21.3,58,1428,84,25.4,996,1007,2400,999.5,532,1002.9,14,2.3,1200,2.15,12.81,,,,,,8.5,4.9,25.4,19.5,,,,,,,,,,,,,-{비}-{비}{강도0}0300-0540.{비}0650-0840.,
143,대구,1993-07-31,25.4,21.2,415,30.9,1635,1.83,.3,1917,.4,1917,.5,7,230,1915,5,180,1927,1.9,1625,90,21.5,52,1504,80.8,25.7,1000.4,1008.9,1000,1005.7,1800,1007.4,14,4.1,1000,2.43,15.97,,,,,,6.8,4.4,27.4,19,,,,,,,,,,,,.5,{비}0720-0740.{소나기}1735-1750.{소나기}1910-1945.{소나기}2010-2050.{박무}0510-{박무}{강도0}0600-{박무}{강도0}0900-1050.,
143,대구,1993-08-01,24.9,23.7,2400,25.9,1502,10.08,.8,1007,2.7,920,6.1,3,90,2311,2.7,90,2359,1,837,290,23,81,1531,89.3,28,1001.8,1010.2,1028,1007.7,1538,1008.7,14,0,1200,.69,4.27,,,,,,10,4.9,25.6,21,,,,,,,,,,,,,{박무}0030-{박무}{강도0}0300-{박무}{강도0}0600-{박무}{강도0}0900-{박무}{강도1}1200-{박무}{강도0}1500-{박무}{강도0}1800-{박무}{강도0}2100{박무}{강도0}2400{비}0855-{비}{강도0}0900-{비}{강도0}1200-{비}{강도0}1500-1645.{비}1935-2020.{비}2230-{비}{강도0}2400,
143,대구,1993-08-02,22,19.5,2400,23.7,0,17.42,2.7,200,7.3,120,36,11.1,90,1718,7.5,90,1740,4,3432,90,20.2,83,1530,90,23.7,999.7,1008.2,0,1004.9,1721,1006.8,13.9,0,1200,.45,2.9,,,,,,10,5.6,22.3,18.5,,,,,,,,,,,,,-{비}-{비}{강도0}0300-0525.{비}0710-{비}{강도1}0900-{비}{강도0}1200-1345.{비}1740-{비}{강도0}1800-{비}{강도0}2100-2210.{비}2305-{비}{강도0}2400-{박무}-{박무}{강도0}0300-0520.{박무}0715-{박무}{강도0}0900-{박무}{강도0}1200-{박무}{강도0}1500-{박무}{강도0}1800-1850.,
143,대구,1993-08-03,19.2,18,2251,20.5,1530,11.63,.6,1945,1.8,1945,5.3,9,110,1111,6.7,90,600,4.2,3637,90,16.7,75,1550,86.3,19.1,1001.2,1009.7,2400,1007.4,1700,1008.2,13.9,0,1000,.81,4.34,,,,,,10,4.9,20.2,17.1,,,,,,,,,,,,,-{비}-0020.{비}0110-{비}{강도0}0300-0420.{비}0502-{비}{강도0}0600-0730.{비}1820-{비}{강도0}2100-{비}{강도0}2400-{박무}1840-{박무}{강도0}2100-{박무}{강도0}2400,
143,대구,1993-08-04,20.4,18,0,24,1414,4.08,0,,0,,0,9.1,90,2146,5.7,90,2140,2.9,2472,110,16.2,59,1340,77.8,18.4,1003.3,1012,2300,1009,352,1010.4,13.9,.8,1200,2.12,10.69,,,,,,9.8,4.3,22.1,17.1,,,,,,,,,,,,,-{비}-0245.{비}0820-{비}{강도0}0900-0940.-{박무}-{박무}{강도0}0300-0420.,
143,대구,1993-08-05,20.4,17.9,530,23.7,1341,.08,0,,0,,0,8.2,110,1613,6.2,90,1547,3.2,2777,90,16.1,57,1630,77.3,18.4,1005.7,1013.7,917,1011.4,342,1012.8,13.9,1.8,1200,2.01,12.19,,,,,,8.8,5.3,21.6,15,,,,,,,,,,,,,{소나기}1205-1210.,
143,대구,1993-08-06,20.6,18.7,600,23.3,1440,,,,,,,11.4,90,1445,7.3,90,1520,4,3461,110,16.1,64,1537,75.5,18.2,1004.1,1012.9,38,1009.4,1545,1011.2,13.8,.9,1400,1.85,10.1,,,,,,8.8,5.4,22.4,16.6,,,,,,,,,,,,,,
143,대구,1993-08-07,19.8,18.7,1400,20.6,903,7.83,2.7,1300,4.9,1300,9.6,10.3,90,1838,7.3,90,944,5.1,4432,90,16.9,75,901,83.5,19.3,1000.7,1009.8,0,1005.7,1735,1007.7,13.8,0,800,.73,4.2,,,,,,10,4.8,20.9,17.9,,,,,,,,,,,,,{비}1230-{비}{강도0}1500-{비}{강도0}1800-1830.{비}2210-{비}{강도0}2400{박무}1240-1450.,
143,대구,1993-08-08,20.9,19.4,130,23,1940,17.25,3,1319,9.8,1233,38,8.5,110,2007,6.3,90,2017,3.9,3408,90,19.7,90,2230,92.5,22.9,999.4,1007.6,1042,1005.3,349,1006.5,13.8,0,1100,.34,1.42,,,,,,9,5,20.7,18.3,,,,,,,,,,,,,-{비}-{비}{강도0}0300-{비}{강도0}0600-{비}{강도0}0900-{비}{강도0}1200-{소나기}1250-{소나기}{강도0}1500-{비}1510-1705.{비}2020-2030.{박무}0005-{박무}{강도0}0300-{박무}{강도0}0600-0640.{박무}0740-0840.{박무}1015-{박무}{강도0}1200-1430.{천둥}{강도0}(S)1240-{천둥}{강도0}(SE)1305-{뇌전}{강도0}(SE{이동}S4-6)1310-1330.{천둥}{강도0}(SE)1345-{뇌전}{강도1}(SE{이동}S2-3)1350-1405.{천둥}{강도0}(S)1445-{뇌전}{강도0}(S4-6)1452-1509.,
143,대구,1993-08-09,23.6,22.4,200,25.8,1314,12.5,.5,840,2.4,2230,6.2,8.6,90,2115,6.3,90,1930,3.6,3093,90,21.5,82,1704,87.8,25.6,999.9,1008.5,858,1003.8,2318,1006.8,13.7,0,1100,1.05,5.68,,,,,,9.3,5.1,23.4,19.9,,,,,,,,,,,,,{박무}0510-{박무}{강도0}0600-{박무}{강도0}0900-{박무}{강도0}1200-{박무}{강도0}1500-{박무}{강도0}1800-1830.{비}0550-{비}{강도0}0600-0730.{비}0820-{비}{강도0}0900-0930.{비}1025-1030.{비}1250-{비}{강도0}1500-1605.{비}1740-{비}{강도0}1800-{비}{강도0}2100-{비}{강도0}2400,
143,대구,1993-08-10,22.9,22,1227,24.3,1840,15.5,1.3,850,4.8,800,32.1,15,290,1223,8.7,290,1240,4.3,3719,270,20.1,65,1826,84.8,23.5,987.7,1003.9,0,988.3,1156,994.6,13.7,0,1300,.45,2.6,,,,,,9.8,5,22.7,17.3,,,,,,,,,,,,,-{비}-{비}{강도0}0300-{비}{강도0}0600-{비}{강도0}0900-{비}{강도0}1200-{비}{강도0}1500-1530.,
143,대구,1993-08-11,26.3,19.6,622,33,1548,,,,,,,6,270,1313,4.7,230,1430,1.9,1668,250,18.2,42,1547,62.8,20.9,999,1008.5,2230,1001.3,0,1005.9,13.7,10.1,1200,3.07,23.2,,,,,,1.5,1.4,27.9,14.4,,,,,,,,,,,,,,
143,대구,1993-08-12,25,22.7,2200,30.9,1314,6.23,.8,1755,2.7,1720,5,6.8,250,1350,6,250,1403,1.4,1234,50,21.9,49,1316,83,26.3,1002.5,1010.6,2122,1008,145,1009.5,13.6,2.3,1200,2.8,11.03,,,,,,9.8,3.9,25.7,21,,,,,,,,,,,,,{비}0602-0606. {비}1430-{비}{강도0}1500-{비}{강도0}1800-1845. {비}2205-{비}{강도0}2400-          {박무}0620-0740. {박무}1520-{박무}{강도0}1800-1840. {박무}2330-{박무}{강도0}2400-,
143,대구,1993-08-13,24.5,22.5,250,28.5,1502,10.97,2.1,650,10.2,604,39,7.1,270,1612,5.7,270,1624,2.2,1879,70,22.1,74,1410,86.5,26.6,999.6,1009.4,0,1004.2,1454,1006.5,13.6,0,1000,1.7,7.21,,,,,,9,5.1,24.8,21.3,,,,,,,,,,,,,-{비}-{비}{강도0}0300-{비}{강도0}0600-{비}{강도0}0900-0940. {비}1552-1710.                     -{박무}-{박무}{강도0}0300-{박무}{강도0}0600-{박무}{강도0}0900-1130.,
143,대구,1993-08-14,25.6,21.1,525,30.8,1551,,,,,,,6.3,270,1312,4.3,230,1157,2,1702,270,20.3,45,1432,74,23.9,1000.2,1008.4,824,1005.5,1432,1007.2,13.6,8.4,1100,2.67,18.6,,,,,,4.5,2.6,27.1,18.1,,,,,,,,,,,,,,
143,대구,1993-08-15,23,21.2,2342,24.5,1300,9.08,3.5,1523,12,1503,19.3,7.2,270,1543,5,250,1548,1.5,1272,90,21.2,79,0,89.5,25.2,1000.8,1008.9,2131,1006.7,1524,1007.7,13.5,0,1200,.4,2.39,,,,,,9.5,4,23.5,20.5,,,,,,,,,,,,,{박무}0030-{박무}{강도0}0300-{박무}{강도0}0600-{박무}{강도0}0900-{박무}{강도0}1200-{시정(미만)}{1km}{낮은안개}1420-{낮은안개}{강도0}1500-{시정(이상)}{1km}{박무} 1550-1630. {박무}2220-{박무}{강도0}2400-                                           {비}1330-1135. {비}1210-{비}{강도0}1500-{비}{강도0}1800-1930. {비}2320-{비}{강도0}2400-,1.5
143,대구,1993-08-16,20.8,20.2,454,21.8,1455,19.92,.9,12,2.4,0,11.8,4.2,90,1800,3.2,90,1803,1,847,90,19,79,1319,89.5,22,1001.8,1010.3,956,1006.9,1800,1008.8,13.5,0,1100,.67,3.54,,,,,,10,4.9,22.2,19.1,,,,,,,,,,,,,-{비}-0245. {비}0515-{비}{강도0}0600-{비}{강도0}0900-1140. {비}1220-{비}{강도0}1500-{비}{강도0}1800-1910. {비}1925-{비}{강도0}2100-2320.                                               -{박무}-{박무}{강도0}0300-{박무}{강도0}0600-{박무}{강도0}0900-{박무}{강도0}1200-{박무}{강도0}1500-{박무}{강도0}1800-{박무}{강도0}2100-{박무} 2400-,
143,대구,1993-08-17,23.9,19.4,620,29.4,1617,4.33,.2,400,.4,121,.7,6.2,290,1414,5,290,1557,2.4,2091,270,18.6,43,1619,73.8,21.5,1001.9,1011.8,2400,1007.2,428,1008.8,13.5,8.8,1000,2.63,18.97,,,,,,5.5,3.5,26.5,17.6,,,,,,,,,,,,,{비}0030-{비}{강도0}0300-0440. {비}0510-0520.                                    -{박무}-{박무}{강도0}0300-0530.,
143,대구,1993-08-18,22.8,20,550,26.8,1148,2.83,.1,1712,.1,1705,.1,5.5,250,1112,4.3,270,1152,2,1704,270,18.5,57,1256,77.3,21.3,1006.1,1014,2400,1011.8,0,1013.1,13.4,1.9,1100,2.03,10.1,,,,,,8,3.5,23.7,15.8,,,,,,,,,,,,,{비}1630-1655.  {비}1705-{비}{강도0}1800-1930.  {박무}0515-{박무}{강도0}0600-{박무}{강도0}0900-1120.   {박무}2230-{박무}{강도0}2400-,
143,대구,1993-08-19,22.4,20.1,2400,26.9,1620,.92,.1,605,.1,545,.1,5,110,1439,4,140,1340,1.8,1519,50,17.6,45,1624,76,20.2,1005.6,1014,0,1011.2,1620,1012.7,13.4,4.3,1100,1.81,11.97,,,,,,7.8,2.6,23.5,18,,,,,,,,,,,,,-{박무}-{박무}{강도0}0300-{박무}{강도0}0600-{박무}{강도0}0900-{박무}{강도0}1200-1230.  {비}0545-{비}{강도0}0600-0640.,
143,대구,1993-08-20,21.5,18,620,27.2,1230,7.83,1,2255,5.1,2245,7,7.4,140,1117,5.7,140,1123,2.6,2224,110,18.1,56,1235,82,20.8,1007.1,1015.6,945,1012.8,2309,1014.2,13.4,4.7,1000,2.7,13.4,,,,,,5,3.3,23.8,17.3,,,,,,,,,,,,,{박무}0620-{박무}{강도0}0900-1020.  {비}1610-{비}{강도0}1800-{비}{강도0}2100-{비}{강도0}2400-,
143,대구,1993-08-21,22.8,19.5,140,27.7,1610,12.83,5.7,25,17.8,17,44.7,9.8,90,323,5.7,90,303,2.5,2144,110,21.1,69,1717,90.3,25.2,1002.5,1013.8,102,1007.8,1700,1009.6,13.3,.7,1100,1.71,7.71,,,,,,9.8,5.8,23.4,18.5,,,,,,,,,,,,,-{비}-{비}{강도1}0300-{소나기}0313-{비}0535-{비}{강도0}0600-0840.  {비}1005-1105.  {비}1210-{비}{강도0}1500-1510.  {비}1840-1850.  {뇌전}{강도0}(SW 4-5)0316-{뇌전}{강도1}(SW{이동}W 2-3)0348-{뇌전}{강도0}(W 3-4)0402-{뇌전}{강도0}(W{이동}NW 4-5)0505-0525.  {박무}0910-{박무}{강도0}1200-1440.,
143,대구,1993-08-22,24.1,21,2400,28.5,1611,2.67,.1,230,.4,150,.5,5.7,270,1600,4.7,270,1600,2.2,1929,340,18.6,45,1602,72.5,21.5,1005.5,1015.1,2400,1009.7,437,1012.5,13.3,4.5,1200,2.2,14.64,,,,,,5.3,3.3,25.3,19.9,,,,,,,,,,,,,{비}0140-{비}{강도0}0300-0420.  {박무}0210-{박무}{강도0}0300-0540.,
143,대구,1993-08-23,23.9,19.1,317,31.4,1557,,,,,,,5.3,250,1531,4,250,1602,1.6,1348,20,19,43,1728,76.3,22,1006.8,1016.1,939,1011.2,1910,1013.8,13.3,7.8,1100,2.73,18.48,,,,,,3.3,1,27,17.3,,,,,,,,,,,,,{박무}0510-{박무}{강도0}0600-{박무}{강도0}0900-{박무}{강도0}1200-1320.,
143,대구,1993-08-24,25.7,19.8,423,31.9,1556,,,,,,,8,270,1335,6,270,1349,2.3,1973,250,21.1,52,1326,76.8,25.1,1002.1,1011.9,0,1006,1606,1009.1,13.2,7.2,1100,2.74,17.77,,,,,,4.8,2.9,28,16,,,,,,,,,,,,,{박무}0515-{박무}{강도0}0600-{박무}{강도0}0900-1130.,
143,대구,1993-08-25,27.6,24.5,2400,31.9,1352,3.92,5.7,1953,8.1,1940,9.6,7.6,230,1601,5.3,250,1317,2.3,2030,50,23.3,53,1604,79,28.6,1000.3,1008.7,0,1005.1,1629,1007.2,13.2,1.8,1300,2.14,11.79,,,,,,8.8,4.8,30.2,22.3,,,,,,,,,,,,,{박무}0420-{박무}{강도0}0600-{박무}{강도0}0900-1030.  {비}1755-{비}{강도0}1800-1810.  {비}1930-{비}{강도0}2100-2130.  {비}2150-2330.,
143,대구,1993-08-26,21.4,19.6,2010,24.5,0,20.47,2.7,530,9.3,520,38,10.1,90,1014,8,90,1020,2.8,2426,90,19.8,89,850,90.5,23.2,999,1007.5,2145,1005,332,1006,13.2,0,1100,.35,1.82,,,,,,10,5.6,22.2,19.5,,,,,,,,,,,,,{비}0010-0230.  {비}0502-{비}{강도1}0600-{비}{강도1}0900-{비}{강도0}1200-{비}{강도0}1500-{비}{강도0}1800-{비}{강도0}2100-2310.,
143,대구,1993-08-27,23.3,18.2,545,29.7,1549,,,,,,,8,320,1633,5.7,320,1650,2.2,1942,320,17.9,42,1648,74,20.5,999.2,1008.6,2400,1004.2,1500,1006.2,13.1,8.9,1200,2.86,19.72,,,,,,3.8,2.4,26,14.5,,,,,,,,,,,,,{박무}0620-{박무}{강도0}0900-1050.,
143,대구,1993-08-28,23,17.9,435,29.2,1549,,,,,,,5,340,1608,3.8,320,1707,1.6,1383,20,15.8,34,1540,68.8,18.1,1002.7,1012.2,2400,1008.1,42,1009.7,13.1,8.9,1200,3.05,19.27,,,,,,1.5,2,26.2,14.6,,,,,,,,,,,,,{박무}0320-{시정(미만)}{1km}{안개}0530-{안개}{강도0}0600-{시정(이상)}{1km}{박무}0650-{박무}{강도0}0900-1030.,1.33
143,대구,1993-08-29,22.4,18,651,26.8,1342,,,,,,,5,250,1815,3.7,250,1520,1.4,1219,20,17.7,56,1318,76,20.3,1006.8,1015.7,2400,1012,155,1013.8,13.1,3.1,900,1.7,11.5,,,,,,6,2.8,23.9,14,,,,,,,,,,,,,{박무}0510-{박무}{강도0}0600-{박무}{강도0}0900-{박무}{강도0}1200-1240.,
143,대구,1993-08-30,23.4,17.7,448,30.6,1548,,,,,,,4.9,320,1647,3.5,320,1637,1.6,1347,320,14.9,27,1447,64.5,17.3,1009.6,1018.4,2355,1014.7,1543,1016.6,13,8.7,1300,2.75,19.2,,,,,,4,2.5,28.3,13.8,,,,,,,,,,,,,{박무}0430-{박무}{강도1}0600-{박무}{강도0}0900-0940.  {달무리}2120-2330.,
143,대구,1993-08-31,22.2,14.7,621,29.2,1530,,,,,,,4,320,1528,3.5,340,1540,1.5,1300,50,12.9,26,1500,61,15.1,1009.3,1018.5,739,1013.6,1757,1016.4,13,5.2,1000,2.41,16.28,,,,,,5.5,2.3,26,11.1,,,,,,,,,,,,,{박무}0410-0520.  {박무}0910-1005.,
143,대구,1993-09-01,22.3,19.8,630,25.7,1547,1.08,.1,935,.2,915,.2,6.4,90,1946,4.8,90,1950,1.9,1677,110,18.2,59,1532,78,21,1007.2,1015.6,951,1012.3,1733,1014.3,12.9,.4,1200,.89,6.2,,,,,,9,4.9,22.9,17.9,,,,,,,,,,,,,{비}0915-1020.  {박무}0230-{박무}{강도0}0300-0510.  {박무}1010-{박무}{강도0}1200-{박무}{강도0}1500-1540.,
143,대구,1993-09-02,22.5,19,617,26.5,1300,,,,,,,9.6,110,1022,7.2,70,1249,4,3426,90,17.5,49,1302,74.3,20,1006.9,1014.8,726,1012.3,1424,1013.9,12.9,8.1,1100,2.92,19.82,,,,,,7,2.3,26.5,15.3,,,,,,,,,,,,,{달무리}2230-,
143,대구,1993-09-03,19.3,17.9,507,21,1026,10.37,.1,1200,.5,1250,2.1,5.8,90,1202,4.7,90,1213,2,1754,110,16.6,65,1027,85,18.9,1003.4,1014.1,0,1006.2,2104,1010.5,12.9,0,800,.61,4.69,,,,,,9.3,4.6,20.8,14,,,,,,,,,,,,,-{달무리}-0520.  {비}1018-{비}{강도0}1200-{비}{강도0}1500-{비}{강도0}1800-2040.,
143,대구,1993-09-04,22.3,18.2,23,27.7,1437,3.17,1.1,1820,3.5,1755,3.5,7,90,2147,5.2,90,2220,2.4,2067,90,14.7,41,1442,63.8,16.8,1003.3,1015.1,2400,1006.1,113,1010.3,12.8,8.6,1300,2.84,19.24,,,,,,5.5,3.5,26.1,14.8,,,,,,,,,,,,,{소나기}1745-{소나기}{강도0}1800-2055.,
143,대구,1993-09-05,22.5,17.3,631,28.3,1651,,,,,,,5.7,270,1210,3.5,270,1016,1.8,1515,50,16.2,42,1527,70,18.5,1009.9,1018.6,2350,1015.1,0,1017,12.8,8.4,1100,2.78,16.98,,,,,,2.3,1.9,23.8,14.5,,,,,,,,,,,,,{박무}0630-{박무}{강도0}0900-0930.,
143,대구,1993-09-06,21.6,16.7,629,27.2,1431,,,,,,,11.3,90,1530,10,110,1212,3.9,3352,90,16,44,1340,72.8,18.3,1011.6,1019.3,900,1017.5,1531,1018.7,12.8,11.1,1200,3,21.54,,,,,,1,.6,25.5,13.8,,,,,,,,,,,,,{박무}0510-{박무}{강도0}0600-{박무}{강도0}0900-0925.,
143,대구,1993-09-07,20.6,17.4,230,24.9,1455,.17,0,,0,,0,8,90,1620,6,90,1640,2.3,1981,110,15.7,58,1455,74.5,17.8,1009.3,1019.1,0,1014,1633,1016.4,12.7,3.8,1100,2,11.41,,,,,,5.3,1.9,24.2,13.4,,,,,,,,,,,,,{소나기}1235-1245.,
143,대구,1993-09-08,20.8,14.7,540,28.5,1546,,,,,,,8,90,1621,5.8,90,1846,2.3,1958,20,15,40,1537,72.8,17.2,1007,1015.7,650,1011.7,1535,1014.1,12.7,7.3,1100,2.57,17.84,,,,,,2.8,3.1,24.6,10.8,,,,,,,,,,,,,,
143,대구,1993-09-09,21.6,19.6,540,25.6,1525,.33,0,,0,,0,7,70,1800,5.3,70,1627,2.1,1827,110,16.1,52,1526,71.5,18.3,1007.3,1016.2,2400,1012.9,452,1014.4,12.7,1.9,1100,1.39,9.09,,,,,,8.5,5.3,24.5,16.5,,,,,,,,,,,,,{소나기}2025-2045.,
143,대구,1993-09-10,20.7,15.6,600,26.4,1609,,,,,,,9,110,1811,5.7,110,1812,2.2,1874,110,15.6,44,1701,74.5,17.8,1009.7,1018.6,2330,1015.4,1553,1016.8,12.6,6.9,1100,2.24,14.17,,,,,,2,1.4,23.6,11.4,,,,,,,,,,,,,,
143,대구,1993-09-11,20.5,16.5,635,24.8,1608,,,,,,,6,110,1831,5,90,1836,2.7,2366,90,16.4,52,1616,78.3,18.7,1011,1019.3,954,1016.6,1620,1018.1,12.6,2,1200,2.37,12.89,,,,,,7,1.1,23.5,14.9,,,,,,,,,,,,,,
143,대구,1993-09-12,20,17.3,605,23.2,1458,2.75,.2,816,.5,816,.7,5,70,416,3.8,90,420,1.3,1160,70,17.2,66,1422,84.5,19.6,1010.6,1019,1011,1016.4,1534,1017.7,12.5,0,1200,1.16,5.99,,,,,,9,3,21.1,15.4,,,,,,,,,,,,,{비}0745-{비}{강도0}0900-1030.  {박무}0830-{박무}{강도0}0900-{박무}{강도0}1200-{박무}{강도0}1500-1610.,
143,대구,1993-09-13,21.7,17.2,640,26.2,1343,.95,.2,2254,.3,2250,.3,4.7,250,1550,3.8,250,1606,1.2,1048,360,18.3,61,1322,81.8,21.1,1010.1,1018.8,853,1015.4,1650,1017.2,12.5,1.8,900,1.56,9.54,,,,,,8,4.4,23,14.3,,,,,,,,,,,,,{박무}0915-{박무}{강도0}1200-{박무}{강도0}1500-{박무}{강도0}1800-{박무}{강도0}2100-{박무}{강도0}2400-  {비}2250-2347.,
143,대구,1993-09-14,24.5,19.2,700,30.5,1447,,,,,,,4.9,110,1353,3.7,110,2030,1.8,1566,320,19.1,43,1653,74.5,22.2,1009.3,1017.2,1030,1015,1650,1016.3,12.5,8.7,1300,2.36,16.82,,,,,,4.3,2,27.2,15.7,,,,,,,,,,,,,-{박무}-{박무}{강도0}0300-{박무}{강도0}0600-{박무}{강도0}0900-0940.,
143,대구,1993-09-15,23.9,18.8,620,30.6,1529,,,,,,,6.2,230,1601,4.3,250,1700,2,1725,250,18.7,44,1429,75.3,21.6,1008.7,1017.1,0,1012.9,1510,1015.6,12.4,6.9,1200,2.18,15.52,,,,,,5.5,2.9,27.2,15.1,,,,,,,,,,,,,{박무}0510-{박무}{강도0}0600-{박무}{강도0}0900-{박무}{강도0}1200-1210.,
143,대구,1993-09-16,23.8,19.8,542,30.6,1405,6.17,3.3,2150,13.1,2130,30.2,6.6,180,1839,4.8,180,1850,1.6,1398,180,19.7,49,1415,80,23,1008.6,1017.6,800,1012.8,1840,1015.6,12.4,3.4,1300,2.11,12.75,,,,,,6.8,3,26.3,15.3,,,,,,,,,,,,,{비}1750-{비}{강도0}1800-{비}{강도0}2100-{비}{강도0}2400-  {박무}0530-{박무}{강도0}0600-{박무}{강도0}0900-{박무}{강도0}1200-1210.,
143,대구,1993-09-17,23,20,400,28,1225,13,10,1630,15.6,1624,40.1,11.3,230,1228,8.3,230,1238,2.7,2336,230,21.5,73,1226,91.5,25.8,1001.3,1013.8,0,1004.5,1610,1008.3,12.4,0,1100,.89,4.7,,,,,,9.3,4.8,24.2,19.7,,,,,,,,,,,,,-{비}-0020.  {비}0055-{비}{강도0}0300-{비}{강도0}0600-0725.  {소나기}1155-{소나기}{강도0}1200-{비}1220-1320.  {비}1340-{비}{강도1}1500-1555.  {비}1620-{소나기}1630-{비}1730-{비}{강도0}1800-1850.  {천둥}{강도0}(SW)1632-{천둥}{강도0}(S)1655-1730.,
143,대구,1993-09-18,23.5,18.6,2321,27.2,1359,,,,,,,8.6,290,1010,5.3,290,1020,3,2620,270,15.6,35,1609,63.8,18.3,1008.2,1019.8,2400,1009.6,0,1015.3,12.3,4.4,1000,1.86,12.71,,,,,,7,4,23.8,13.9,,,,,,,,,,,,,,
143,대구,1993-09-19,20.9,14.7,700,28.6,1543,,,,,,,5.7,270,1346,4.7,290,1510,1.6,1421,20,12.2,25,1227,60,14.3,1013,1022.5,904,1017.4,1624,1020.1,12.3,9.9,1100,2.74,19.56,,,,,,2.3,1.6,22.7,11.1,,,,,,,,,,,,,,
143,대구,1993-09-20,19.5,15.2,620,24.5,1505,,,,,,,3,230,955,2.7,270,1820,1.1,958,250,14.8,56,1500,75.5,16.9,1011.2,1020,730,1016.1,1720,1018.3,12.2,.9,1100,1.17,8.36,,,,,,6.3,4.8,20.6,11.6,,,,,,,,,,,,,,
143,대구,1993-09-21,21.2,15.2,634,28,1431,,,,,,,8.2,110,1235,6.3,90,1250,2.5,2135,70,15.2,35,1436,71.5,17.3,1009.5,1018.2,120,1014.4,1530,1016.6,12.2,9.4,1200,2.72,17.7,,,,,,3.5,0,23.8,11.4,,,,,,,,,,,,,{박무}0320-{박무}{강도0}0600-{박무}{강도0}0900-1030.,
143,대구,1993-09-22,21.5,15.3,651,27.3,1535,,,,,,,6.2,110,1231,5.2,90,1340,2.7,2304,70,15.5,41,1327,71.5,17.7,1007.1,1016.3,757,1011.5,1713,1014.2,12.2,9.5,1100,2.75,18.35,,,,,,2.8,1.4,25.4,12.4,,,,,,,,,,,,,{박무}0730-{박무}{강도0}0900-1030.,
143,대구,1993-09-23,21.1,16.7,319,26.5,1338,,,,,,,12.1,290,1102,8.3,290,1110,3.6,3149,290,12,33,1346,59.5,14.4,1004.7,1014.6,2300,1010.3,1555,1011.8,12.1,9.5,1100,2.82,19.39,,,,,,2.5,1.8,25.1,9.9,,,,,,,,,,,,,{박무}0515-{박무}{강도0}0600-0810.,
143,대구,1993-09-24,20.1,13.4,631,27.4,1348,.28,0,,0,,0,15,320,1717,9,290,1726,2.9,2535,270,10.8,36,1500,57.3,12.9,1008.7,1018.3,2352,1014,1509,1015.7,12.1,6.4,1100,2.66,17.13,,,,,,2,1.9,23.7,8.5,,,,,,,,,,,,,{소나기}1708-1725.,
143,대구,1993-09-25,19,12.9,652,26.4,1456,,,,,,,8.2,90,1919,5.7,90,1923,2.4,2037,50,10.9,29,1341,63.5,13.1,1011.8,1020.9,2230,1017.5,1520,1019,12.1,9.6,1200,2.73,17.68,,,,,,1,.3,23.6,8.8,,,,,,,,,,,,,,
143,대구,1993-09-26,18.8,12.5,630,26.4,1454,,,,,,,5,290,1341,3.7,290,1339,1.5,1278,50,12.3,33,1638,69.3,14.3,1012.4,1021.8,933,1016.9,1830,1019.5,12,9.6,1100,2.38,16.65,,,,,,2.3,1.8,23,8.4,,,,,,,,,,,,,,
143,대구,1993-09-27,19.7,13.4,641,26.7,1523,,,,,,,8,270,1229,6,250,1243,2,1728,20,13.4,39,1334,69.8,15.4,1007.3,1017.9,0,1010.8,1653,1014.4,12,9.4,1300,2.31,15.55,,,,,,1.8,2.4,23.1,9.4,,,,,,,,,,,,,{박무}0510-{박무}{강도0}0600-{박무}{강도0}0900-1035.,
143,대구,1993-09-28,20.1,16.3,537,25.5,1348,1.17,0,,0,,0,7.5,230,1559,5.8,250,1610,2.2,1896,230,15.6,54,1347,76.3,17.8,1004.6,1013.3,2400,1009.7,1507,1011.6,11.9,3.8,1100,1.89,8.21,,,,,,8,4.6,21.2,13.1,,,,,,,,,,,,,{박무}0910-{박무}{강도0}1200-1220.  {소나기}0815-{소나기}{강도0}0900-0925.,
143,대구,1993-09-29,18.5,16.4,2350,20,0,.58,0,,0,,0,4.7,290,159,3.8,290,200,1.7,1436,290,13.2,62,1508,72,15.2,1007.7,1016,2240,1013.3,0,1014.9,11.9,0,1300,.44,2.27,,,,,,10,3.1,19.5,12.9,,,,,,,,,,,,,{비}1710-1745.,
143,대구,1993-09-30,18,14,2400,24.5,1529,,,,,,,10.4,290,939,7.3,320,1003,3.7,3155,320,8.1,28,1457,56.3,11.1,1008.9,1018,2330,1014.8,1536,1016.1,11.9,9,1200,2.71,18.08,,,,,,4,2,22.1,8.4,,,,,,,,,,,,,,
143,대구,1993-10-01,16.5,11.6,644,22.8,1454,,,,,,,10.1,320,1021,7.3,290,1138,4,3432,270,7.4,33,1530,57.3,10.4,1011.1,1022.1,2400,1016.4,1511,1018.3,11.8,10.5,1100,2.74,19.13,,,,,,0,0,21.3,6.4,,,,,,,,,,,,,,
143,대구,1993-10-02,14.6,10.7,550,18.3,1325,,,,,,,4.8,50,1321,4,70,1417,1.7,1486,50,9.1,47,1323,71.5,11.6,1016.4,1025.1,1009,1022.1,0,1023.8,11.8,1.9,1100,.99,6.59,,,,,,7.5,3.9,16.3,5.6,,,,,,,,,,,,,,
143,대구,1993-10-03,17.7,12.2,652,23.6,1325,,,,,,,7,90,1943,5.3,110,1950,1.7,1449,90,11.4,40,1414,68.3,13.5,1014.6,1023.7,0,1019.7,1816,1021.8,11.8,8.8,1100,2.37,14.7,,,,,,3.3,2.4,21.1,7.6,,,,,,,,,,,,,,
143,대구,1993-10-04,17.7,11,706,24.9,1450,,,,,,,8.2,290,1449,6.3,290,1320,2.3,2011,290,10.8,40,1627,67,13,1013.5,1023.1,906,1018.3,1621,1020.7,11.7,8.9,1100,2.43,15.86,,,,,,3.5,2.3,21.4,5.5,,,,,,,,,,,,,,
143,대구,1993-10-05,17.7,13.1,700,24.5,1314,,,,,,,13.4,90,1733,9.3,90,1743,3.9,3393,90,12,34,1300,70,14,1013.6,1023,2336,1019.4,1355,1020.8,11.7,8,1200,2.32,15.1,,,,,,4.8,2,20.9,8.6,,,,,,,,,,,,,,
143,대구,1993-10-06,17.2,13.6,652,20.4,1326,,,,,,,11.8,70,1127,8.3,70,1120,4,3473,70,10.2,51,1324,63,12.5,1014,1022.9,0,1019.1,2349,1021.2,11.6,4.3,1300,1.48,9.72,,,,,,7.3,5.1,19.9,8.2,,,,,,,,,,,,,,
143,대구,1993-10-07,17.2,13.3,2400,20.6,1420,,,,,,,7.5,70,236,4.5,70,240,2.4,2032,70,11.6,56,1430,70,13.7,1009.9,1019.1,0,1015.2,1837,1017.1,11.6,0,1300,1.09,6.54,,,,,,6.5,2.3,18.6,7.9,,,,,,,,,,,,,,
143,대구,1993-10-08,17.3,9.7,650,26.5,1510,,,,,,,5.2,290,1518,4.5,320,1620,1.7,1458,90,11,29,1550,71.3,13.1,1007,1015.9,2400,1010.9,1510,1014.2,11.6,9.3,1200,3.06,21.62,,,,,,0,0,20.6,4.8,,,,,,,,,,,,,{박무}0820-{박무}{강도0}0900-1030.,
143,대구,1993-10-09,18.4,10.8,654,27.1,1510,,,,,,,5.3,250,1510,4,270,1530,1.4,1178,340,11.6,33,1537,68.5,13.7,1008.9,1018.4,900,1014,1629,1016.1,11.5,9.7,1200,2.21,14.52,,,,,,.8,0,20.6,5.1,,,,,,,,,,,,,{박무}0810-{박무}{강도0}0900-1050.,
143,대구,1993-10-10,17.8,12.5,2400,23.6,1216,,,,,,,10.4,320,1250,7.3,320,1255,2.6,2261,290,9.7,28,1617,63.3,12.3,1011.1,1024.3,2400,1015.6,114,1018.3,11.5,9.5,1100,2.61,16.22,,,,,,1.8,1,20.2,8.3,,,,,,,,,,,,,{박무}0610-{박무}{강도0}0900-1020.,
143,대구,1993-10-11,16,9.8,700,22.8,1401,,,,,,,8.2,90,1135,5.8,90,1050,2.1,1849,90,8.7,37,1425,64.5,11.3,1018,1028.4,900,1023,1720,1025.3,11.5,9.5,1100,2.57,16.88,,,,,,0,0,19.4,4.1,,,,,,,,,,,,,,
143,대구,1993-10-12,16.5,10,715,24.2,1446,,,,,,,7,270,1310,4.8,270,1440,2.2,1919,290,9.3,31,1324,66.3,11.8,1017,1026.4,831,1021.9,1653,1024.3,11.4,8,1200,2.32,14.03,,,,,,4.3,2.3,20,5.3,,,,,,,,,,,,,,
143,대구,1993-10-13,17.7,13.8,701,21.3,1512,,,,,,,6.2,90,1733,5.2,90,1740,2.3,2000,270,10.5,52,1530,62.8,12.7,1015.8,1025,923,1021.4,1550,1023.1,11.4,.9,1000,1.43,8,,,,,,8.3,2.6,19.8,8.3,,,,,,,,,,,,,,
143,대구,1993-10-14,17.5,13.8,2357,22.5,1458,2,.2,650,.3,620,.5,7,110,1101,5.5,110,1110,1.9,1642,50,11.3,44,1550,69.8,13.5,1015.1,1025.1,2338,1020.5,1450,1022.3,11.3,.8,1300,1.7,9.41,,,,,,6.8,5.1,19,6.9,,,,,,,,,,,,,{비}0550-{비}{강도0}0600-0750.,
143,대구,1993-10-15,17.3,10.7,652,24,1449,,,,,,,5.7,290,1510,3.8,290,1520,1.6,1377,50,10.5,34,1645,68,12.7,1017.8,1027.2,950,1022.6,1700,1025.1,11.3,9,1100,2.38,14.6,,,,,,3.3,2.4,20.8,7.1,,,,,,,,,,,,,,
143,대구,1993-10-16,16.8,12.1,650,23.3,1529,,,,,,,7.3,340,1147,5.8,320,1130,2.4,2058,270,7.6,29,1547,58.3,10.6,1017.8,1027.4,1000,1022.7,1552,1025,11.3,9.9,1100,2.47,15.31,,,,,,2.3,.4,18.4,5.2,,,,,,,,,,,,,,
143,대구,1993-10-17,16.2,11,310,23.6,1443,,,,,,,7.8,270,1318,5.2,250,1440,2.3,2025,290,7.7,33,1523,60,10.5,1015.1,1024.8,952,1018.6,1642,1022.4,11.2,4.2,1200,2.33,12.91,,,,,,6.8,3,17.8,5.7,,,,,,,,,,,,,,
143,대구,1993-10-18,14.6,10.2,650,21.1,1452,,,,,,,8.1,320,1416,6,270,1500,3.5,3032,270,.6,23,1417,40.3,6.4,1014.7,1023.9,847,1019.5,1640,1022,11.2,9.8,1100,2.53,15.93,,,,,,2.3,0,17.4,3.9,,,,,,,,,,,,,,
143,대구,1993-10-19,13.8,7.1,630,21.2,1530,,,,,,,7,270,1301,4.7,270,1332,1.7,1498,270,6.7,42,1530,63.8,9.9,1013.3,1022.7,0,1018,1750,1020.5,11.2,5.2,1200,2.04,11.55,,,,,,1.3,1.1,15.4,1.3,,,,,,,,,,,,,,
143,대구,1993-10-20,13.9,7.3,700,22.6,1448,,,,,,,5.8,270,1251,4.5,270,1308,1.7,1452,50,6,27,1458,65.5,9.5,1011.5,1020.7,912,1016.4,1643,1018.7,11.1,9,1100,2.22,14.25,,,,,,1.3,0,16,1.6,,,,,,,,,,,,,{박무}0810-{박무}{강도0}0900-0930.,
143,대구,1993-10-21,11.7,7.1,651,23.9,1340,.72,3.2,1420,4.9,1407,4.9,20.1,290,1425,11.2,320,1440,1.9,1622,50,9,33,1334,83.8,11.7,1010.3,1019.9,2355,1013.7,1309,1017.6,11.1,7.9,1200,1.98,10.65,,,,,,2.8,1.1,11.8,1.6,,,,,,,,,,,,,{박무}0820-{박무}{강도0}0900-1105.  {천둥}{강도0}(NE)1405-{뇌전}{강도0}(NE 3-4)1430-{뇌전}{강도0}(NE{이동}E 2-3)1440-1450.  {소나기}1407-1450.,
143,대구,1993-10-22,13,6.7,700,18.9,1504,.67,.1,2145,.1,,.1,12.6,320,2331,8.2,320,2340,3.6,3127,270,2.5,28,1259,51.3,7.4,1012.1,1023.1,840,1016.1,1728,1019.5,11.1,8.6,1100,2.4,15.05,,,,,,2,2.3,12.7,.4,,,,,,,,,,,,,{소나기}1940-2010.  {소나기}2145-2155.,
143,대구,1993-10-23,9.9,5.6,700,15.5,1601,,,,,,,12.2,290,627,8.3,290,26,4,3496,290,-.9,31,1328,48.8,5.8,1013.5,1023.1,2300,1018.1,0,1020.9,11,9.3,1100,2.44,15.84,,,,,,.3,.1,11.4,1.3,,,,,,,,,,,,,,
143,대구,1993-10-24,11,3,708,18.4,1503,,,,,,,11.1,320,1525,7.3,320,1430,2.7,2319,270,3,31,1534,61.3,7.6,1014.1,1024.2,903,1019,1730,1021.5,11,9.5,1100,2.29,14.66,,,,,,0,0,12.4,-2.6,,,,,,,,,,,,,,
143,대구,1993-10-25,13.3,7.7,712,20.5,1416,,,,,,,11.2,320,1120,7.3,270,1203,2.9,2517,320,4,27,1456,59.3,8.4,1014.2,1025.2,2400,1019.5,1513,1021.5,11,9.2,1200,2.2,13.6,,,,,,0,.1,13.4,1.6,,,,,,,,,,,,,,
143,대구,1993-10-26,11.1,5.5,710,17.8,1429,,,,,,,6.2,290,1243,4.7,270,1504,2,1717,270,1.1,24,1630,53.8,6.7,1019.7,1030.9,2400,1025.2,0,1027.2,10.9,8.2,1200,2.35,13.27,,,,,,3.3,.5,11.4,-.2,,,,,,,,,,,,,,
143,대구,1993-10-27,10.9,3,700,19.3,1434,,,,,,,9,70,1645,6.7,90,1712,2.3,1997,70,4.7,39,1512,69.5,8.7,1026,1035.8,929,1030.9,0,1033.5,10.9,9.6,1200,2.96,19.71,,,,,,.3,0,12.9,-2.2,,,,,,,,,,,,,{박무}0920-1030.,
143,대구,1993-10-28,13,5.7,655,20.7,1501,,,,,,,5,140,1410,3.7,110,1308,1.5,1308,50,6.8,39,1448,69.5,9.9,1023.9,1034.4,629,1028.2,1606,1031.3,10.9,8.3,1300,2.51,16.48,,,,,,5.5,1.9,14.1,-.1,,,,,,,,,,,,,,
143,대구,1993-10-29,12.5,10.5,2336,14.1,0,16.67,1.5,950,5.8,900,32.2,10.4,270,1641,6.8,270,1800,3,2577,270,10.4,70,2237,87.5,12.7,1012.9,1028.4,0,1013.9,1520,1020.3,10.8,0,1400,.18,1.08,,,,,,9,4.6,12.5,6.9,,,,,,,,,,,,,{비}0010-0020.  0{비}110-{비}{강도0}0300-{비}{강도0}0600-{비}{강도0}0900-{비}{강도0}1200-{비}{강도0}1500-1740.,
143,대구,1993-10-30,10,5.7,2322,13.3,1252,.08,0,,0,,0,16,270,1623,8.7,270,1623,4.5,3894,290,1.8,38,1601,57,7,1011.9,1020.9,845,1017.5,1457,1019.2,10.8,2.3,1200,1.84,8.49,,,,,,5.8,5.4,10.3,-.2,,,,,,,,,,,,,{소나기}1440-1445.,
143,대구,1993-10-31,7.1,4.5,629,11,1331,,,,,,,13.7,290,1210,9,290,1340,4.3,3738,290,0,42,1328,62.8,6.2,1013.5,1023.8,2230,1018.5,326,1021,10.7,4.2,1300,1.71,8.73,,,,,,5,3.1,7.6,-.8,,,,,,,,,,,,,,
143,대구,1993-11-01,12.1,5.1,618,20.7,1523,,,,,,,7.9,320,1438,5.2,320,1452,1.7,1458,290,4.1,30,1503,62.3,8.2,1018.1,1028.2,2330,1023.8,0,1025.6,10.7,9.6,1200,2.09,13.14,,,,,,2,1,11.2,-1,,,,,,,,,,,,,,
143,대구,1993-11-02,12.8,5.7,745,22.5,1536,,,,,,,4.7,270,1349,3.3,270,1340,1.2,1066,290,5,26,1600,65.3,8.8,1019.9,1029.6,921,1024.9,1620,1027.3,10.7,9.7,1200,2.06,12.53,,,,,,.5,.5,12.3,.2,,,,,,,,,,,,,{박무}0820-0850.,
143,대구,1993-11-03,12.9,5.1,718,22.5,1525,,,,,,,4.9,250,1521,3.5,200,1500,1.2,998,20,3.8,24,1558,61,8.1,1018.5,1028.1,920,1023.5,1614,1025.9,10.7,8.8,1200,2.06,12.34,,,,,,0,0,11.4,-.9,,,,,,,,,,,,,{박무}0320-{박무}{강도0}0600-{박무}{강도0}0900-1055.,
143,대구,1993-11-04,13.1,5.1,709,23.5,1526,,,,,,,5.1,270,1335,3.8,270,1403,1.3,1132,250,2.9,19,1532,58,7.6,1015.8,1025.1,908,1020.5,1532,1023.1,10.6,9.2,1200,2.14,13.06,,,,,,0,0,11.7,-1.2,,,,,,,,,,,,,{박무}0010-{박무}{강도0}0300-{박무}{강도0}0600-0630.  {박무}0720-{박무}{강도0}0900-0930.,
143,대구,1993-11-05,13.2,5.3,710,23.6,1517,,,,,,,5,250,1614,4.7,250,1603,1.5,1272,250,3.4,21,1530,57,7.8,1015.8,1025.1,1013,1021,1510,1023.2,10.6,8.9,1200,1.97,11.48,,,,,,1,.9,12,-.8,,,,,,,,,,,,,,
143,대구,1993-11-06,11.3,9.4,209,12.9,1110,14.95,,,,,11.1,6.8,20,2357,5,20,2400,1.4,1250,360,8.8,61,0,84.8,11.4,1014.2,1023.3,0,1020.1,1504,1021.6,10.6,0,1200,.22,1.34,,,,,,9.8,5.6,12.1,3.4,,,,,,,,,,,,,{비}0803-{비}{강도0}0900-0930.  {비}1030-{비}{강도0}1200-{비}{강도0}1500-{비}{강도0}1800-{비}{강도0}2100-{비}{강도0}2400-  {박무}1035-{박무}{강도0}1200-{박무}{강도1}1500-{박무}{강도1}1800-{박무}{강도1}2100-{박무}{강도1}2400-,
143,대구,1993-11-07,10.7,9.6,2400,12.8,0,14.83,,,,,6.8,11.8,70,533,8.3,70,550,3.5,3055,70,8.7,74,2051,87,11.3,1018.9,1028.6,2141,1022.2,36,1026.3,10.5,0,1100,.35,1.8,,,,,,10,4.5,11.1,9.1,,,,,,,,,,,,,-{비}-0240.  {비}0430-{비}{강도0}0600-{비}{강도0}0900-{비}{강도0}1200-{비}{강도0}1500-1640.  -{박무}-{박무}{강도0}0300-{박무}{강도0}0600-0620.,
143,대구,1993-11-08,11.6,9.3,420,14.4,1503,,,,,,,10.1,90,1745,6.5,90,1814,2.1,1793,110,7.1,58,1709,74.5,10.1,1021,1030.9,2355,1026.8,1510,1028.4,10.5,0,1000,.72,4.03,,,,,,8.5,4.4,12,8.1,,,,,,,,,,,,,,
143,대구,1993-11-09,12,9.7,617,13.9,1019,,,,,,,15,90,1015,12,90,1100,4.7,4091,90,2.4,39,1032,52.5,7.3,1024.4,1033.6,1025,1030.9,0,1031.9,10.5,5.1,1000,1.7,9.49,,,,,,7.5,4.5,11.2,3.9,,,,,,,,,,,,,,
143,대구,1993-11-10,11.7,10.1,559,14,1222,12.17,,,,,7.5,4.1,70,21,3.3,70,16,1.3,1141,270,8.2,59,0,79.8,11,1020.1,1031.1,0,1025.5,2400,1027.6,10.4,0,1100,.3,1.72,,,,,,9.5,5.1,11.5,6,,,,,,,,,,,,,{비}1150-{비}{강도0}1200-{비}{강도0}1500-{비}{강도0}1800-{비}{강도0}2100-{비}{강도0}2400-,
143,대구,1993-11-11,12.8,11.1,740,14.5,1611,5.42,,,,,.3,5,110,2020,3.5,110,2030,1.4,1192,110,10.5,79,1310,86,12.7,1016.5,1025.5,0,1021.9,2400,1023.9,10.4,0,1200,.42,2.03,,,,,,10,5,12.9,10.7,,,,,,,,,,,,,-{비}-0235.  {비}0650-{비}{강도0}0900-0940.,
143,대구,1993-11-12,14.4,12.1,549,16,1511,3.83,,,,,.5,8.2,110,1958,5.7,110,2100,2.1,1794,110,12.6,85,1244,89,14.7,1011.2,1021.9,0,1014.5,2400,1018.4,10.4,0,1200,.42,1.62,,,,,,10,5.4,14,11.6,,,,,,,,,,,,,{비}0420-{비}{강도0}0600-0620.  {비}0910-1040.  {비}2330-2350.  {박무}0510-{박무}{강도0}0600-{박무} {강도0}0900-0940.,
143,대구,1993-11-13,16.7,15.1,530,19.8,1503,3.88,,,,,8,12.7,250,1641,8.3,250,1648,3.8,3278,250,12.2,42,1551,76.8,14.3,1002.3,1014.5,0,1006.6,1420,1009.4,10.3,2.8,1400,1.4,4.18,,,,,,7.5,5.4,16.3,12.6,,,,,,,,,,,,,{박무}0630-{박무}{강도0}0900-{박무}{강도0}1200-1315.  {비}0710-{비}{강도0}0900-0940.  {비}1120-{비}{강도0}1200-1230.  {소나기}1257-1310.  {천둥}{강도0}(NE)0750-0810.,
143,대구,1993-11-14,15.6,11.7,2400,18.4,1454,,,,,,,9.5,320,1401,7.2,320,1410,3.3,2821,270,9.8,54,1500,68.8,12.1,1008.5,1021.5,2357,1010.2,30,1015.8,10.3,2.9,1400,1.15,4.43,,,,,,6.3,4.4,14.7,5.3,,,,,,,,,,,,,,
143,대구,1993-11-15,13.8,7.4,729,21.1,1527,,,,,,,3.9,250,1359,3.3,270,1410,1.3,1084,270,9.2,46,1507,77.3,11.7,1015.6,1024.5,901,1021.4,1604,1022.9,10.3,8.3,1200,1.76,10.05,,,,,,2,1.9,13.1,2.7,,,,,,,,,,,,,{박무}0330-{박무}{강도0}0600-0640.  {박무}0820-{박무}{강도0}0900-{박무}{강도0}1200-1220.  {박무}2120-{박무}{강도0}2400-,
143,대구,1993-11-16,14.4,10.5,651,19.9,1457,,,,,,,8.3,90,1615,6.2,90,1620,2.5,2139,90,9.9,44,1503,77.5,12.3,1017.9,1027,1026,1023.4,1554,1025.2,10.3,6.3,1200,1.73,8.65,,,,,,5,3.1,14,5.3,,,,,,,,,,,,,-{박무}-{박무}{강도0}0300-{박무}{강도1}0600-{시정(미만)}{1km}{안개}0610-{시정(미만)}{0.5km}{안개}0630-{시정(이상)}{0.5km}{안개}0710-{안개}{강도0}0900-{시정(이상)}{1km}{박무}0940-{박무}{강도0}1200-1220.,3.5
143,대구,1993-11-17,13.9,11,338,17.4,1455,,,,,,,4,250,2046,3.2,270,2048,1.3,1104,50,9.8,57,1350,78,12.2,1017.8,1027.1,1012,1023.1,1630,1025.1,10.2,1,1100,1.15,5.64,,,,,,7.3,3.5,13.3,5.7,,,,,,,,,,,,,{박무}0920-{박무}{강도0}1200-1210.  {박무}1610-{박무}{강도0}1800-{박무}{강도0}2100-{박무}{강도0}2400-,
143,대구,1993-11-18,12.6,9.1,2101,18.3,1314,,,,,,,9,320,1532,6.7,320,1440,3.1,2659,270,8.1,54,1313,74.3,10.9,1018.5,1030.4,2400,1024,101,1025.9,10.2,6.6,1000,1.47,8.95,,,,,,3.3,2.9,12.3,5.6,,,,,,,,,,,,,-{박무}-{박무}{강도0}0300-{박무}{강도0}0600-0840.,
143,대구,1993-11-19,9.8,8.4,2220,10.8,1202,,,,,,,12.3,90,1403,8,90,1039,4.8,4145,90,4.5,64,1332,69.3,8.4,1025,1034.3,940,1030.4,0,1032.6,10.2,0,1000,.39,1.89,,,,,,9.3,6.8,9.3,4.5,,,,,,,,,,,,,,
143,대구,1993-11-20,11.5,7.8,700,15.8,1415,2.75,,,,,.3,4.4,140,14,3.7,270,2250,1.6,1341,270,6.1,56,1358,70.5,9.5,1018.2,1031.9,0,1018,2400,1025.7,10.2,1.4,1200,1.45,6.56,,,,,,9.3,4.9,12.3,6.3,,,,,,,,,,,,,{비}2045-{비}{강도0}2100-2330.,
143,대구,1993-11-21,5.5,-.2,2400,11.2,0,8.5,,,,,2.5,15.2,290,1327,10.3,290,1320,5.4,4636,290,-1.2,37,1537,65.3,6.3,1011.5,1024.7,2400,1016.2,525,1019,10.1,3.8,1300,1.2,5.91,,,,,,6.3,3.1,7.2,-3,,,,,,,,,,,,,{비}0010-{비}{강도0}0300-{비}{강도0}0600-0840.,
143,대구,1993-11-22,1.3,-2,733,5.8,1446,,,,,,,11.7,290,1220,7.8,290,1240,3.6,3096,290,-8.3,33,1451,50.3,3.3,1018.3,1028.6,929,1024.2,2353,1026,10.1,9,1100,1.93,11.54,,,,,,0,.8,2.2,-6,,,,,,,,,,,,,,
143,대구,1993-11-23,.7,-3.4,2340,6.2,1040,3.42,,,,,2.5,18.3,320,1101,12.3,320,1110,4,3442,290,-6.4,36,1530,61.3,4.1,1016.5,1031.4,2350,1021,906,1024.2,10.1,3.9,1000,.78,4.28,.3,1200,.3,1200,.3,4.8,3.6,2.3,-6.6,,,,,,,,,,,,,{싸락눈}0530-{싸락눈}{강도0}0600-{눈}0640-0715.  {눈}1050-{눈}{강도0}1200-1230.,
143,대구,1993-11-24,-.1,-4.7,610,5.7,1507,,,,,,,9.3,320,1637,7.2,320,1640,3.5,2992,270,-9.5,36,1550,50.3,3,1023.4,1033.1,723,1029,1546,1031.2,10.1,9.1,1100,1.89,11.3,,,,,,0,0,.9,-8.3,,,,,,,,,,,,,,
143,대구,1993-11-25,2.3,-2.5,652,8.7,1540,,,,,,,3.4,290,1244,3.2,270,1243,1,853,50,-2.4,48,1527,73.3,5.2,1022.3,1032.3,1014,1028.1,1806,1030.1,10,3,1100,.88,5.34,,,,,,4.3,3.5,1.9,-8,,,,,,,,,,,,,{박무}0820-{박무}{강도0}0900-1140.,
143,대구,1993-11-26,5.4,2,430,9.7,1602,,,,,,,3.7,90,833,3,90,840,.9,752,20,1.5,51,1453,77.3,6.8,1017,1028.6,0,1021.6,1713,1024.6,10,0,1100,.52,3.24,,,,,,7.5,3.3,4.2,-3.2,,,,,,,,,,,,,,
143,대구,1993-11-27,6.9,1.5,800,13.8,1518,,,,,,,13.5,270,1841,9,270,1857,3.3,2813,250,-2.2,23,1424,61.3,5.4,1016.3,1025.7,929,1021.9,1502,1023.8,10,7.1,1200,1.63,8.67,,,,,,4,2.9,5.5,-2.9,,,,,,,,,,,,,{박무}0030-{박무}{강도0}0300-{박무}{강도1}0600-{시정(미만)}{1km}{안개}0620-{시정(미만)}{0.5km}{안개}0720-{시정(미만)}{0.1km}{안개}0740-{시정(이상)}{0.1km}{안개}0820- {안개}{강도2}0900-{시정(이상)}{0.2km}{안개}0915-{시정(이상)}{0.5km}{안개}0930-{시정(이상)}{1km}{박무}1005-1130.,3.75
143,대구,1993-11-28,4.7,1.5,731,8.5,0,,,,,,,17.3,290,122,11.5,290,520,4.5,3891,290,-8,30,1500,40.3,3.4,1024.2,1034.4,945,1023.9,0,1031.9,10,9.2,1200,1.87,11.08,,,,,,1.5,.3,4.1,-6.4,,,,,,,,,,,,,{달무리}2230-,
143,대구,1993-11-29,3.6,-.3,430,7.4,1630,,,,,,,7.3,250,1310,6,250,1310,1.7,1431,50,-3.8,49,1459,59,4.6,1025.5,1035.4,932,1031.1,1813,1033.3,9.9,1.2,1300,.9,3.88,,,,,,8.5,2.8,3.1,-5.3,,,,,,,,,,,,,-{달무리}-0200.,
143,대구,1993-11-30,3.3,1.7,451,4.6,1331,7.33,,,,,9.3,5,250,2134,4.5,250,2132,1.7,1492,90,1.4,68,1234,86.8,6.8,1016.8,1031.4,0,1018.1,1804,1024.4,9.9,0,1000,.23,.95,,,,,,10,4.8,3.7,-4,,,,,,,,,,,,,{비}1140-{비}{강도0}1200-{비}{강도0}1500-1650.  {비}1710-{비}{강도0}1800-1920.  {박무}0935-{박무}{강도0}1200-{박무}{강도0}1500-{박무}{강도1}1800-{박무}{강도0}2100-{박무}{강도0}2400-,
143,대구,1993-12-01,7.7,3.8,740,13.6,1513,,,,,,,5,270,16,4.8,270,30,1.9,1659,270,1.8,32,1600,69.8,7,1014.2,1024.1,1037,1019.8,0,1021.7,9.9,8.5,1200,1.56,9.91,,,,,,3.3,1.6,6.3,-1.6,,,,,,,,,,,,,-{박무}-0020.,
143,대구,1993-12-02,7,1.2,653,13.7,1354,,,,,,,7.7,320,1827,5,320,1829,2,1741,290,1.3,42,1813,70,6.7,1012.8,1023.7,53,1016.9,1501,1020.2,9.9,6,1200,1.66,7.68,,,,,,3.5,2.4,5.8,-3.4,,,,,,,,,,,,,{박무}0520-{박무}{강도0}0600-{박무}{강도0}0900-1020.,
143,대구,1993-12-03,3,-.5,1000,8.6,0,8.08,,,,,3.5,14.7,290,1407,10.5,290,1406,4.7,4100,270,-4.8,27,1656,60.5,4.6,1011.6,1021.6,2350,1016.7,422,1019.2,9.9,4.8,1200,1.52,6.17,5,1050,5,1050,5.2,6.5,3.3,2.9,-2.2,,,,,,,,,,,,,{비}0305-{비}{강도0}0600-{눈}0705-{눈}{강도1}0900-1110.,
143,대구,1993-12-04,1.3,-2.2,650,5.7,1552,,,,,,,10.5,320,1431,7.3,320,1149,4.1,3540,290,-6.1,40,1447,58.8,3.9,1016.5,1027.1,2400,1021.3,34,1024.1,9.9,8.4,1100,1.78,10.03,,,,,,5,2.8,1.9,-6.6,,,,,,,,,,,,,,
143,대구,1993-12-05,2.6,0,2335,7.1,1501,,,,,,,9,290,920,6.5,290,910,3.8,3252,320,-7.3,26,1635,50.5,3.6,1021.1,1031.9,2355,1026.4,130,1028.8,9.8,8.4,1200,1.69,9.21,,,,,,2.5,.6,2.6,-5.7,,,,,,,,,,,,,,
143,대구,1993-12-06,1.9,-3,536,8,1440,,,,,,,9,290,1343,6.2,290,1341,3,2570,290,-9.4,31,1450,45.5,3,1023,1032,920,1028.6,1506,1030.8,9.8,7.6,1100,1.72,9.56,,,,,,1.5,.6,1.6,-8.6,,,,,,,,,,,,,,
143,대구,1993-12-07,2.6,-3,747,9.6,1442,,,,,,,6.1,290,1319,4.7,340,1440,2.2,1875,270,-5.8,33,1426,56.3,4,1022.7,1032.1,1025,1028.6,1526,1030.4,9.8,8.1,1100,1.61,9.31,,,,,,2.5,1,1.7,-8.7,,,,,,,,,,,,,,
143,대구,1993-12-08,3.1,-2.2,745,9.9,1520,,,,,,,8.1,320,1424,5.8,320,1410,1.9,1629,320,-2.9,34,1550,69,4.9,1022.8,1031.9,2116,1028.6,1350,1030.6,9.8,7.9,1200,1.57,8.59,,,,,,0,0,1.7,-8.1,,,,,,,,,,,,,{박무}0810-{박무}{강도0}0900-1020.,
143,대구,1993-12-09,4.1,-1.7,706,11.3,1514,,,,,,,4.5,70,2200,3.8,70,2200,1.2,1069,20,-2.4,31,1612,67.8,5.1,1021.8,1032.9,929,1022.7,2347,1029.5,9.8,5.7,1200,1.43,7.45,,,,,,4,2.3,2.6,-7.9,,,,,,,,,,,,,{박무}0320-{박무}{강도0}0600-{박무}{강도0}0900-{박무}{강도0}1200-1310.,
143,대구,1993-12-10,4.8,3,720,6.1,1631,9.25,,,,,6.9,10,290,2217,6.3,270,2400,2.8,2389,290,1.9,49,2349,82.5,7,1008.9,1023.7,10,1012.4,1449,1016.4,9.8,.1,1400,.27,1.4,,,,,,9.3,3.9,4.3,-2.7,,,,,,,,,,,,,{비}0240-{비}{강도0}0300-{비}{강도0}0600-{비}{강도0}0900-1050.  {비}1835-1940.  {박무}1010-{박무}{강도1}1200-{박무}{강도0}1500-{박무}{강도0}1800-2010.,
143,대구,1993-12-11,4.4,-.2,2342,8.4,1501,,,,,,,15,290,210,10,290,221,4,3456,290,-6.5,29,1556,46,3.8,1014.4,1025.8,2246,1016.1,34,1022,9.8,8.2,1200,1.58,9.01,,,,,,2.3,1,3.1,-6.4,,,,,,,,,,,,,,
143,대구,1993-12-12,2.4,-2.9,756,9.7,1526,,,,,,,5,250,1114,4.3,250,1120,1.4,1242,50,-3.5,37,1517,68.5,4.8,1018.7,1027.3,2400,1025.1,1520,1026.4,9.8,5.1,1300,1.52,6.68,,,,,,3,3,2.4,-7.2,,,,,,,,,,,,,{박무}0820-{박무}{강도0}0900-1130.,
143,대구,1993-12-13,4.5,2.8,2350,6.3,1337,6.25,,,,,2.1,6.6,320,2350,4.5,320,2347,1.9,1674,290,-2,43,2118,65.3,5.4,1019.6,1029.6,2320,1025.4,1527,1027.2,9.8,0,1100,.33,1.54,,,,,,10,7.3,3.6,1.1,,,,,,,,,,,,,{비}0725-{비}{강도0}0900-{비}{강도0}1200-1340.,
143,대구,1993-12-14,0,-3.9,2332,2.8,0,,,,,,,10.7,270,1131,8.2,290,1210,5.1,4408,290,-15,23,1530,32.3,2,1025.3,1036.7,2302,1029.3,117,1033.1,9.7,7.2,1200,1.76,9.16,,,,,,1.5,.9,.6,-7.6,,,,,,,,,,,,,,
143,대구,1993-12-15,-2.1,-6.6,746,4.4,1523,,,,,,,9.2,270,25,7.7,270,30,3,2574,270,-15.9,24,1446,35.5,1.8,1029.9,1039.9,930,1036.3,46,1037.8,9.7,8.6,1200,1.73,9.85,,,,,,0,0,-2.3,-11.7,,,,,,,,,,,,,,
143,대구,1993-12-16,-1.5,-8.4,541,5.3,1510,,,,,,,11.2,270,2327,7,290,2338,3,2614,290,-10.7,28,1324,52.5,2.7,1025.3,1037.7,0,1027.9,2311,1033.1,9.7,8.8,1200,1.71,9.53,,,,,,2.5,2.4,-2.3,-13.7,,,,,,,,,,,,,,
143,대구,1993-12-17,-2,-5.4,2331,2.7,0,,,,,,,15.7,290,37,12,290,313,6,5180,290,-13.5,30,1530,42.5,2.3,1025.3,1036.4,2102,1028.1,30,1033.2,9.7,8.3,1200,1.74,9.92,,,,,,1.3,1.1,-1.1,-8.5,,,,,,,,,,,,,,
143,대구,1993-12-18,.6,-5.4,48,7.8,1521,,,,,,,6.8,270,1351,5.7,270,1349,1.9,1682,270,-8.9,35,0,50.5,3.3,1025.2,1036.2,0,1030.4,1630,1033,9.7,6.6,1200,1.56,8.2,,,,,,5.3,3.4,.2,-8.3,,,,,,,,,,,,,,
143,대구,1993-12-19,1.1,-2.5,700,7,1601,,,,,,,5.3,320,1010,3.2,320,1010,1.1,975,20,-3.3,45,1335,75,4.8,1019.8,1030.7,0,1025.1,1507,1027.6,9.7,5.7,1200,1.08,5.84,,,,,,4,1,.8,-7.8,,,,,,,,,,,,,{박무}0620-0830.,
143,대구,1993-12-20,2.8,-3.1,818,11.4,1511,,,,,,,3.5,340,2400,2.7,250,1227,1.3,1085,70,-2.7,35,1630,71.3,5,1017.1,1027.5,922,1021.2,2400,1024.8,9.7,7,1200,1.51,7.96,,,,,,2.3,1.4,1.8,-8.3,,,,,,,,,,,,,{박무}0610-{박무}{강도0}0900-{박무}{강도0}1200-1230.,
143,대구,1993-12-21,-.9,-5.8,2400,5,50,,,,,,,15.4,290,520,11,290,532,7.1,6102,290,-9.9,39,1821,49.8,3,1018.3,1029.5,2130,1020.7,30,1026,9.7,7.2,1000,1.28,6.99,,,,,,4.5,2,-.5,-8.4,,,,,,,,,,,,,,
143,대구,1993-12-22,-2.8,-6.5,245,1.4,1520,7.17,,,,,.5,18.7,290,2006,12,290,1956,5.1,4396,290,-9.4,48,2014,60,3.1,1017.9,1029.1,0,1022.5,1340,1025.7,9.7,.6,1000,.89,4.3,.6,1000,.6,1000,.6,6,2.9,-2.4,-10.4,,,,,,,,,,,,,{눈}0615-0720.  {눈}0825-{눈}{강도0}0900-{눈}{강도0}1200-1430.,
143,대구,1993-12-23,0,-4,606,5.1,1521,,,,,,,13.2,290,1350,8.7,290,1400,5.1,4416,270,-10.5,33,1308,46.3,2.8,1019.9,1029.5,1025,1026.3,1431,1027.7,9.7,7.7,1200,1.73,9.93,,,,,,.8,.4,-.5,-8.8,,,,,,,,,,,,,,
143,대구,1993-12-24,2.2,-2.1,745,7.6,1517,,,,,,,5.3,270,133,3.8,270,139,2,1751,250,-3.8,47,1506,65.8,4.6,1017.3,1027,0,1022.8,1511,1024.9,9.7,5,1100,1,5.61,,,,,,3.8,1.1,-.3,-7.5,,,,,,,,,,,,,,
143,대구,1993-12-25,3.6,-1.6,751,12,1522,,,,,,,5.3,270,1418,4.5,290,1440,1.3,1127,20,-1.7,38,1616,71.8,5.4,1016.4,1027,1020,1021,2400,1024,9.7,7.4,1200,1.38,7.56,,,,,,1,0,1.1,-7.4,,,,,,,,,,,,,{박무}0810-{박무}{강도0}0900-{박무}{강도0}1200-1210.,
143,대구,1993-12-26,4.3,.1,420,12.2,1315,.92,,,,,.1,16.6,270,1904,10.5,270,1910,4,3456,270,-2.2,29,1255,67,5.3,1010.1,1021.6,2353,1014.4,1322,1017.7,9.7,4.2,1200,1.37,5.45,,,,,,6,3.9,1.8,-5.4,,,,,,,,,,,,,{박무}0710-{박무}{강도0}0900-1050.  {비}0835-{비}{강도0}0900-0930.,
143,대구,1993-12-27,4.2,1.5,2342,8,1454,,,,,,,13.5,290,127,9,290,138,5.3,4601,290,-6.2,35,1500,47.8,3.9,1018.3,1028.5,2240,1021.5,0,1026,9.7,7.6,1200,1.62,8.77,,,,,,2,1,2.3,-2.6,,,,,,,,,,,,,,
143,대구,1993-12-28,2.5,-1.2,2400,8.6,1546,,,,,,,7.7,270,1209,5.7,270,1240,2.8,2377,270,-8.1,25,1547,47,3.4,1023.3,1033.2,2400,1028.1,36,1031,9.7,8.9,1200,1.78,10,,,,,,0,0,1,-9.7,,,,,,,,,,,,,,
143,대구,1993-12-29,1.2,-5.4,755,10.2,1543,,,,,,,3.9,90,2200,3,90,2209,1.2,1018,70,-6.7,31,1408,59.5,3.7,1024.6,1035,1030,1029.8,1710,1032.3,9.7,7.2,1100,1.26,7.26,,,,,,0,0,-1,-10.7,,,,,,,,,,,,,{연무}1220-{연무}{강도0}1500-1640.,
143,대구,1993-12-30,4.2,-2.4,459,11.1,1620,,,,,,,3,20,1949,2.3,20,1548,.9,786,50,-.9,47,1336,71.3,5.8,1015.4,1030.3,0,1013,2400,1023.1,9.8,2.2,1300,1.13,5.76,,,,,,6.8,3.4,1.9,-7.8,,,,,,,,,,,,,{박무}0320-{박무}{강도0}0600-{박무}{강도0}0900-1040.  {연무}1240-1450.,
143,대구,1993-12-31,3.5,-.5,2349,8.1,135,2,,,,,.4,13.7,320,138,9.7,320,140,4.2,3625,320,-1.4,56,1620,71,5.7,1013.7,1027.6,2148,1011.9,56,1021.3,9.8,.6,1300,.6,3.33,,,,,,6.3,3.1,2.6,-5.4,,,,,,,,,,,,,{비}0120-{비}{강도0}0300-0320.,
143,대구,1994-01-01,.9,-3.5,702,6.5,1507,,,,,,,7.9,270,1513,6,270,1508,2.4,2107,270,-8.1,28,1530,53.5,3.3,1017.9,1028,920,1023.7,1400,1025.6,9.8,7.2,1200,1.58,8.62,,,,,,2.8,.6,0,-10.1,,,,,,,,,,,,,,
143,대구,1994-01-02,2.5,-3.6,651,10.3,1538,,,,,,,6.1,250,1313,5.2,250,1320,1.7,1452,250,-4,38,1536,65.3,4.6,1016,1026.2,1005,1021,1520,1023.7,9.8,8.5,1200,1.65,9.1,,,,,,0,0,1,-9.3,,,,,,,,,,,,,,
143,대구,1994-01-03,5.6,.4,617,12.4,1531,,,,,,,8.2,290,1359,5.2,290,1430,2.1,1844,290,-1.4,35,1556,63.8,5.5,1012.7,1022.7,230,1017.2,1500,1020.2,9.8,6.2,1200,1.56,7.68,,,,,,3.3,.5,3.3,-4.8,,,,,,,,,,,,,,
143,대구,1994-01-04,2.9,.2,800,7.1,1518,,,,,,,11.3,290,1227,8,290,1251,4.5,3921,290,-10,24,1450,39.3,2.9,1016.7,1026,953,1022.4,0,1024.4,9.8,7.5,1200,1.8,9.95,,,,,,0,0,1.7,-7.4,,,,,,,,,,,,,,
143,대구,1994-01-05,3.6,.2,810,8.6,1444,,,,,,,7.2,250,1358,5.7,270,258,2.8,2409,270,-8.6,33,1659,40,3.2,1016.8,1027.2,636,1021.3,1603,1024.5,9.8,4.2,1200,1.51,8.14,,,,,,6.8,1.1,3,-4.4,,,,,,,,,,,,,,
143,대구,1994-01-06,4.6,-.6,750,11.3,1421,,,,,,,13.4,290,1432,9.2,320,2100,3.6,3077,320,-4.4,36,1603,53.3,4.5,1014.7,1025.7,2400,1019.7,1429,1022.3,9.8,5.4,1200,1.56,7.49,,,,,,4.5,.8,2.9,-7.1,,,,,,,,,,,,,,
143,대구,1994-01-07,-.1,-3.8,810,4.5,1604,,,,,,,11.1,290,16,8.7,290,24,3.9,3365,290,-13.5,24,1530,37,2.2,1021,1032.6,1018,1025.7,0,1028.8,9.8,8.1,1200,1.82,10.11,,,,,,.3,0,.3,-8.1,,,,,,,,,,,,,,
143,대구,1994-01-08,1.2,-5.3,731,9,1552,,,,,,,5.4,250,1445,4.2,250,1300,1.8,1547,290,-8.1,35,1634,51.3,3.4,1014.9,1026.9,10,1018.8,1704,1022.6,9.9,8.5,1200,1.74,9.49,,,,,,.3,0,.4,-11.6,,,,,,,,,,,,,,
143,대구,1994-01-09,3.1,-3.5,802,11.8,1547,,,,,,,6.3,230,1357,4.7,230,1440,1.7,1440,70,-3.2,44,1523,64.8,4.9,1013.6,1022.9,1015,1019.4,1620,1021.2,9.9,8.5,1200,1.58,8.48,,,,,,2,1,2,-8.8,,,,,,,,,,,,,,
143,대구,1994-01-10,3,-2.1,820,10.6,1611,,,,,,,3.3,90,321,2.5,90,329,1.1,931,70,-1.1,43,1615,76.3,5.6,1015.6,1025.3,955,1020.8,1629,1023.2,9.9,5.3,1200,1.11,5.9,,,,,,3,0,1.7,-7.7,,,,,,,,,,,,,{박무}0710-{박무}{강도0}0900-{박무}{강도0}1200-1220.  {박무}2130-{박무}{강도0}2400-  {연무}1230-1450.,
143,대구,1994-01-11,4.1,-.5,714,10.3,1630,,,,,,,9.3,110,1931,7,110,1947,1.8,1581,110,-.1,42,1529,78.8,6.1,1016.2,1025.8,2256,1022,1516,1023.8,9.9,2.7,1400,.97,5.28,,,,,,3.3,1.9,3.3,-6.4,,,,,,,,,,,,,-{박무}-{박무}{강도0}0300-{박무}{강도0}0600-{박무}{강도0}0900-{박무}{강도0}1200-1230.  {연무}1240-1440.,
143,대구,1994-01-12,4.1,1.2,620,8.7,1606,,,,,,,3.9,230,1601,3.2,230,1610,1.5,1299,70,-.8,43,1553,73,5.8,1016.1,1026.9,913,1021.1,1441,1023.7,9.9,4.4,1100,1.08,5.49,,,,,,8.3,2.1,3.1,-2.6,,,,,,,,,,,,,{박무}0620-0730.  {박무}0940-{박무}{강도0}1200-1310.,
143,대구,1994-01-13,3.4,1.1,802,7.8,1522,,,,,,,5.8,320,342,3.8,290,2400,2.1,1809,290,-3.8,45,1800,59.8,4.6,1013.7,1023.4,332,1018.7,1700,1021.4,9.9,4.8,1300,1.3,6.17,,,,,,5,.4,1.9,-5.8,,,,,,,,,,,,,,
143,대구,1994-01-14,1,-2.4,729,6.6,1542,,,,,,,9,320,1414,6.8,290,217,3.9,3333,290,-10,25,1538,45.8,2.9,1015.3,1025.7,2400,1020.7,0,1022.9,10,8.6,1200,1.8,10.27,,,,,,0,0,.8,-10.2,,,,,,,,,,,,,,
143,대구,1994-01-15,.9,-6.4,814,10.7,1556,,,,,,,4,270,1440,3.3,270,1518,1.3,1155,50,-6.5,26,1308,56.3,3.8,1018.3,1028.1,1027,1024.3,1419,1026,10,8.3,1200,1.68,9.09,,,,,,.3,.1,-.2,-12.4,,,,,,,,,,,,,,
143,대구,1994-01-16,2.7,-3.6,650,8.7,1510,6.83,,,,,1.9,3.2,90,159,2.7,270,1610,1,900,50,-1.1,42,1508,79.8,5.9,1015.9,1027.1,1025,1019.3,2400,1023.6,10,2.2,1100,1.33,5.6,,,,,,5.5,2.9,2.5,-9.8,,,,,,,,,,,,,{비}1710-{비}{강도0}1800-{비}{강도0}2100-{비}{강도0}2400-,
143,대구,1994-01-17,4.8,3.3,627,6.2,1540,16.92,,,,,12.7,6.7,320,2214,5,270,547,2.1,1804,270,3.3,74,2400,90,7.7,1008.8,1020.2,2239,1014.4,1409,1016.3,10,0,1400,.22,.72,,,,,,10,5,4.4,1.4,,,,,,,,,,,,,-{비}-{비}{강도0}0300-{비}{강도0}0600-{비}{강도0}0900-{비}{강도0}1200-{비}{강도0}1500-1655.,
143,대구,1994-01-18,-1.8,-6.4,2400,3.6,0,,,,,,,13.7,320,1617,9,320,1640,5.4,4659,290,-12.9,25,1630,44.3,2.5,1016.3,1029.5,2400,1019.3,0,1024,10,3.8,1200,1.2,6.91,,,,,,5.8,3,-.6,-9.2,,,,,,,,,,,,,,
143,대구,1994-01-19,-5,-9.4,740,.1,1557,,,,,,,14.3,290,1357,9.7,320,1440,5.1,4382,290,-16.6,25,1220,41,1.7,1022.1,1033.1,903,1028.1,1703,1030.1,10.1,8.5,1200,1.99,11.66,,,,,,0,0,-3.5,-12.1,,,,,,,,,,,,,,
143,대구,1994-01-20,-3.1,-6,321,2,1510,,,,,,,12.9,290,1351,7.5,290,1403,4.6,3984,290,-14.7,28,1530,42.3,2,1017.2,1028.8,0,1021.3,2220,1025,10.1,7.9,1200,1.97,11.16,,,,,,2,.5,-2.4,-10.2,,,,,,,,,,,,,,
143,대구,1994-01-21,-2.7,-6.1,740,2.6,1454,,,,,,,10.4,320,1311,7.7,290,1430,3.8,3301,290,-12.8,29,1616,46.5,2.3,1012.1,1021.9,0,1016.9,1530,1019.9,10.1,8.6,1200,1.97,11.51,,,,,,0,.1,-2.2,-12.1,,,,,,,,,,,,,,
143,대구,1994-01-22,-2,-5.2,44,2.7,1547,5.25,,,,,3,12.8,270,1711,7.3,320,1716,2.9,2545,290,-6.5,52,1250,71.8,3.8,1011.8,1022.7,2253,1017.1,1606,1019.5,10.1,3.9,1100,1.9,7.21,6.6,640,6.6,640,6.6,7.3,3.5,-.6,-10.5,,,,,,,,,,,,,{눈}0340-{눈}{강도1}0600-0640.  {눈}1255-1450.  {소낙눈}1510-1530.  {박무}0710-{박무}{강도0}0900-   1030.,
143,대구,1994-01-23,-4.1,-7.7,2400,-1.6,1001,5.33,,,,,2.3,15.2,290,1216,9.3,320,1252,4.1,3578,320,-11.2,32,1620,62,2.9,1016.5,1030.5,2246,1019.3,605,1024.4,10.2,7.5,1200,2.03,10.69,4.2,855,4.2,855,4.2,3.3,2.3,-2.4,-13.4,,,,,,,,,,,,,{눈}0420-{눈}{강도0}0600-{눈}{강도0}0900-0915.  {눈}1005-1030.,
143,대구,1994-01-24,-4,-9.8,722,2.8,1618,,,,,,,6.3,290,59,5,250,1140,2.7,2355,250,-12.3,33,1620,54.8,2.4,1019.3,1030.6,300,1023.6,1636,1027.2,10.2,9,1200,1.96,11.6,,,,,,1.3,1,-2.1,-14.8,,,,,,,,,,,,,,
143,대구,1994-01-25,.3,-6.4,630,9.1,1605,,,,,,,4,290,1617,3,290,1303,1.6,1341,270,-5.6,39,1526,67.8,4.1,1014.4,1024.3,0,1019.5,1526,1022.1,10.2,8,1200,1.59,9.51,,,,,,1.3,.9,-.6,-10.8,,,,,,,,,,,,,,
143,대구,1994-01-26,2.1,-2.3,631,9.4,1451,.92,,,,,0,13.6,290,2233,7.2,290,2153,3,2560,290,-3.7,45,1451,68.8,4.7,1014.2,1027,2400,1019.1,1440,1021.8,10.2,4,1300,1.18,6.62,,,,,,3.8,1.4,.7,-7.8,,,,,,,,,,,,,{박무}0320-{박무}{강도0}0600-{박무}{강도0}0900-{박무}{강도0}1200-1215.  {비}1625-1720.,
143,대구,1994-01-27,-.7,-4.6,805,5,1532,,,,,,,9.7,290,26,7,290,601,3.7,3184,270,-13.3,22,1630,40,2.2,1020.4,1030.9,1100,1025.9,2400,1028.2,10.3,9,1200,1.95,11.97,,,,,,.8,0,-1,-9.4,,,,,,,,,,,,,,
143,대구,1994-01-28,-.5,-5.2,530,6.2,1559,,,,,,,12.1,320,1558,8.5,320,1610,3.2,2746,290,-10.7,29,1416,48.5,2.7,1013.8,1025.9,0,1017.2,1525,1021.5,10.3,7.2,1200,1.87,10.06,,,,,,4.3,1.4,-.6,-9.7,,,,,,,,,,,,,,
143,대구,1994-01-29,.3,-2.5,751,5.4,1457,,,,,,,10.3,290,1204,6.7,320,1220,3.4,2947,270,-8.5,35,1534,52.8,3.2,1018.3,1030.4,2340,1022.4,0,1026,10.3,8.5,1200,1.8,10.75,,,,,,1,.3,-.9,-8.9,,,,,,,,,,,,,,
143,대구,1994-01-30,-.7,-6.6,741,5.2,1531,,,,,,,4.9,250,1401,3.5,270,1440,1.4,1200,50,-7.2,39,1642,64.8,3.6,1023.6,1033.4,929,1029.8,1901,1031.4,10.4,7.7,1100,1.64,9.17,,,,,,4,1.3,-1.1,-11.9,,,,,,,,,,,,,{연무}1110-{연무}{강도0}1200-1440.,
143,대구,1994-01-31,2,-.5,150,5,1349,11.58,,,,,6,3.5,90,130,2.8,90,110,1.2,1059,20,-1.8,61,1350,76.8,5.5,1019.1,1030.1,0,1020.6,2400,1026.8,10.4,0,1000,.73,3.15,,,,,,9.8,6.6,.9,-5.2,,,,,,,,,,,,,{눈}0815-{눈}{강도0}0900-0940.  {비}1350-{비}{강도0}1500-{비}{강도0}1800-{비}{강도0}2100-{비}{강도0}2400-  {박무}1310-{박무}{강도0}1500-{박무}{강도0}1800-{박무}{강도1}2100-{박무}{강도1}2400-,
143,대구,1994-02-01,3,-.2,2350,6.9,1423,7.17,,,,,7.3,11.6,320,1612,8.3,320,1643,4.5,3921,290,-2.8,42,1608,68.3,5.1,1011.3,1022.9,2400,1017.2,423,1018.9,10.4,5,1200,2.11,10.78,.7,540,.7,540,.7,6.3,3.1,2.7,-4,,,,,,,,,,,,,-{비}-{진눈깨비}0230-{진눈깨비}{강도0}0300-{비}0540-{비}{강도0}0600-0710.  -{박무}-{박무}{강도1}0300-{박무}{강도1}0600-0820.,
143,대구,1994-02-02,-.6,-4.6,745,3.5,1520,,,,,,,13.9,290,1445,9.7,290,1640,5.1,4408,290,-12,28,1430,43.3,2.5,1015.2,1025.2,906,1020.2,1516,1022.9,10.5,8.7,1200,2.11,12.78,,,,,,.8,.6,-.6,-9.2,,,,,,,,,,,,,,
143,대구,1994-02-03,2.3,-.4,601,7.3,1532,,,,,,,14.6,290,51,9.7,290,217,4.8,4122,290,-10.6,25,1524,39,2.8,1015.2,1025.1,2400,1021.1,414,1022.9,10.5,9,1200,2.12,13.04,,,,,,0,0,1,-7.2,,,,,,,,,,,,,,
143,대구,1994-02-04,1.7,-.6,529,4.3,1556,,,,,,,7.1,290,2227,5.2,290,2240,3.1,2707,250,-10.1,33,1704,41.3,2.9,1014.9,1025.1,0,1020.2,1721,1022.6,10.5,.3,1300,.72,4.21,,,,,,8,3.5,0,-5.1,,,,,,,,,,,,,,
143,대구,1994-02-05,3.5,-.8,710,9.3,1506,,,,,,,9,270,1357,6.8,270,1351,4.2,3628,270,-4.7,43,1503,55.3,4.3,1013.7,1023.4,940,1019.2,1529,1021.3,10.5,8.5,1200,1.98,12.15,,,,,,2.5,.3,1.8,-5.8,,,,,,,,,,,,,,
143,대구,1994-02-06,4.5,.8,634,9.9,1554,,,,,,,7.1,270,1616,4.3,230,1327,2.8,2438,270,-1.5,34,1623,67,5.5,1011.2,1021.5,0,1015.8,1818,1018.7,10.6,7.6,1300,1.59,9.6,,,,,,2.8,0,3,-5.6,,,,,,,,,,,,,{박무}0710-{박무}{강도0}0900-1130.  {박무}1740-{박무}{강도0}1800-{박무}{강도0}2100-{박무}{강도0}2400-,
143,대구,1994-02-07,5.6,.8,625,12,1632,,,,,,,9.9,320,1419,7.3,290,1400,3.5,3052,270,-4,26,1649,53,4.6,1009.2,1018.1,1010,1014.8,2340,1016.7,10.6,9.2,1200,1.99,12.1,,,,,,0,0,2.8,-5.7,,,,,,,,,,,,,-{박무}-{박무}{강도0}0300-{박무}{강도0}0600-{박무}{강도0}0900-1115.,
143,대구,1994-02-08,3.4,-.7,602,8.4,1605,1.08,,,,,0,7.3,270,2310,5.3,290,2320,1.9,1634,290,-2.4,41,1508,67.8,5.2,999.7,1015,0,1001.2,2107,1007.2,10.6,.2,1200,.95,5.42,,,,,,7.3,4.6,2.2,-7.4,,,,,,,,,,,,2.2,{박무}0840-{박무}{강도0}0900-{박무}{강도0}1200-1220.  {연무}1225-{연무}{강도0}1500-1715.  {비}1645-1705.   {비}2120-2135.  {비}2240-2310.,
143,대구,1994-02-09,-.4,-4.9,2400,5.1,0,9,,,,,2.2,16.3,270,523,11,270,537,7,6032,290,-7.6,43,2158,60,3.7,1000.9,1018.7,2400,1001.3,0,1008.5,10.7,.9,1000,1,5.66,,,,,,6.8,3.3,.3,-7.6,,,,,,,,,,,,0,{비}0020-{진눈깨비}0240-{진눈깨비}{강도0}0300-0310.  {눈}0920-{눈}{강도0}1200-{눈}{강도0}1500-1530.,
143,대구,1994-02-10,-1.9,-7.5,729,5.5,1554,,,,,,,13,320,1,8.3,290,1011,4.2,3664,320,-14.5,22,1630,39,2,1015.5,1025.6,2308,1018.7,0,1023.2,10.7,9.4,1200,2.31,14.4,,,,,,.8,0,-.8,-10.7,,,,,,,,,,,,,,
143,대구,1994-02-11,-1.4,-3.4,745,1.8,1430,9.83,,,,,11.8,4.9,90,757,3.7,90,905,1.3,1100,50,-6.9,33,0,68.3,3.9,1013.3,1025.3,0,1015.2,2347,1021.2,10.7,.4,1200,.45,2.47,17,2400,17,2400,17.3,9.8,4.5,-1.2,-8,,,,,,,,,,,,15,{눈}1410-{눈}{강도0}1500-{눈}{강도0}1800-{눈}{강도1}2100-{눈}{강도0}2400-,
143,대구,1994-02-12,1.8,-.4,2330,5.9,1547,8.33,,,,,3.2,10.6,290,1708,8,290,1607,2.6,2222,290,-3.3,39,1612,71.3,4.9,1010.6,1023,2400,1015.1,27,1018.3,10.8,4.4,1200,2.36,10.64,5.3,600,20.3,600,5.3,5.3,2.6,2.5,-6.2,,,,,,,,,,,,,-{눈}-{눈}{강도0}0300-{눈}{강도0}0600-{진눈깨비}0650-0820.,
143,대구,1994-02-13,1.5,-3.2,654,7.7,1622,,,,,,,9.2,270,1420,7,270,937,3.8,3302,270,-10.3,26,1507,42.5,2.8,1017.1,1026.7,940,1022.8,1540,1024.8,10.8,9.9,1200,2.46,15.64,,,2,0,,0,.4,1.9,-8.8,,,,,,,,,,,,,,
143,대구,1994-02-14,3.4,-1.9,804,12.1,1621,,,,,,,5.7,230,1155,4.7,250,1153,2,1746,270,-8.6,24,1630,44.3,3.2,1016.8,1026.9,300,1020.6,2341,1024.4,10.8,8.7,1200,2.26,14.01,,,,,,3.3,1.6,2,-9.4,,,,,,,,,,,,,,
143,대구,1994-02-15,6.1,2.3,527,11.9,1527,,,,,,,6,290,1815,4.3,270,1630,1.9,1629,290,-5.5,24,1535,46,4.1,1010.5,1020.6,0,1014.8,1350,1017.9,10.9,4,1100,2.02,9.47,,,,,,8,5.1,5.3,-3.8,,,,,,,,,,,,,,
143,대구,1994-02-16,4.8,-.8,745,11.5,1606,,,,,,,8.2,320,1524,5.3,270,1337,2.3,1945,290,-4,32,1430,56,4.6,1013.3,1024.4,2400,1018.7,321,1020.8,10.9,9.4,1300,2.2,13.87,,,,,,0,0,3.1,-6.9,,,,,,,,,,,,,{박무}0830-{박무}{강도0}0900-0950.,
143,대구,1994-02-17,5,-1.5,741,12.8,1523,,,,,,,5.2,140,1239,3.3,140,1233,1.4,1230,70,-3.3,25,1541,61.3,4.8,1018.3,1028.2,922,1024.4,0,1026,11,8.2,1200,2.3,13.63,,,,,,1,0,4.6,-8.4,,,,,,,,,,,,,{박무}0820-{박무}{강도0}0900-1105.  {연무}1110-{연무}{강도0}1200-1210.,
143,대구,1994-02-18,6.4,-.7,731,15.4,1632,,,,,,,5.3,250,1359,4,230,1408,1.5,1320,50,-1.9,24,1733,61,5.3,1016.5,1026.9,0,1020.6,1510,1024.1,11,8.9,1200,2.23,13.71,,,,,,1,0,5.9,-6.4,,,,,,,,,,,,,{박무}0820-{박무}{강도0}0900-1130.,
143,대구,1994-02-19,7.2,.3,700,14.2,1528,,,,,,,6.6,270,1328,5,250,1340,1.7,1430,70,-.3,33,1524,62.5,6,1013.6,1024,902,1017.9,1801,1021.1,11,7.4,1300,1.94,12.07,,,,,,3.3,0,6.3,-5.8,,,,,,,,,,,,,{박무}0830-{박무}{강도0}0900-1110.  {연무}1120-{연무}{강도0}1200-1240.,
143,대구,1994-02-20,6.5,.2,719,12.2,1627,,,,,,,7.3,320,2344,5.5,320,2400,1.4,1209,50,.7,40,1634,68.5,6.4,1004.7,1019,0,1005,2325,1012.1,11.1,2.7,1000,1.26,7.13,,,,,,7.3,3,4.8,-5.3,,,,,,,,,,,,,{박무}0820-{박무}{강도0}0900-1120.  {연무}1140-{연무}{강도0}1200-{연무}{강도0}1500-1610.,
143,대구,1994-02-21,4.4,.2,2400,8.6,0,,,,,,,22,320,1242,13,320,1240,7.7,6643,290,-9.6,20,1651,36.8,3.2,1000.7,1015,2400,1005.1,0,1008.2,11.1,9.6,1200,2.52,16.33,,,,,,.5,0,6.3,-4.6,,,,,,,,,,,,,,
143,대구,1994-02-22,2.5,-2.3,610,8.3,1648,,,,,,,8.3,290,20,5.5,290,19,3.2,2763,270,-10,29,1430,39.8,2.9,1008.3,1018,926,1013.4,1539,1016,11.1,8.5,1200,1.96,13.02,,,,,,3.8,2.4,4.7,-9.5,,,,,,,,,,,,,,
143,대구,1994-02-23,4.8,1.5,2400,10.4,1536,,,,,,,8.2,270,906,6.2,290,940,3.5,2994,320,-6.7,26,1520,44.8,3.7,1013.7,1025,2400,1017.3,0,1021.2,11.2,8.5,1200,2.49,15.98,,,,,,3.3,1.4,7.9,-4.3,,,,,,,,,,,,,{달무리}2230-,
143,대구,1994-02-24,2.3,-2.8,731,8.7,1533,,,,,,,10.7,90,1845,6.7,90,1913,2.5,2147,90,-5.6,31,1520,60.3,4.1,1018.8,1028.2,953,1024.9,1700,1026.4,11.2,9.4,1200,2.4,14.54,,,,,,1.3,0,5.8,-8.6,,,,,,,,,,,,,-{달무리}-0140.,
143,대구,1994-02-25,1.7,-3.1,729,7.4,1518,,,,,,,9.8,90,1936,7.8,90,1920,2.8,2409,90,-5.1,42,1502,61.5,4.2,1020.9,1030.4,929,1026.2,1550,1028.6,11.2,8.7,1200,1.94,12.93,,,,,,4,0,4.9,-9,,,,,,,,,,,,,,
143,대구,1994-02-26,2.2,-3.8,716,9.7,1626,,,,,,,11.5,90,1940,7.8,90,1930,2.8,2386,90,-3.6,35,1540,69.5,4.7,1022.3,1031.5,900,1027.5,1650,1030,11.3,9,1200,2.49,15.89,,,,,,0,.5,6.7,-7,,,,,,,,,,,,,{달무리}2210-,
143,대구,1994-02-27,4.3,-2.4,742,11.3,1558,,,,,,,6.1,90,1048,4.7,90,1100,2.1,1799,90,-3.6,32,1530,61.8,4.7,1022.1,1032.5,1020,1027.2,1754,1029.8,11.3,8.7,1200,2.47,15.56,,,,,,5,.1,8.5,-6.6,,,,,,,,,,,,,-{달무리}-0210.,
143,대구,1994-02-28,5.7,1,2400,12,1503,,,,,,,10.9,290,1712,7.3,290,1730,3.5,2994,290,-3.5,30,1358,55,4.8,1018,1028.3,0,1022.6,1620,1025.6,11.4,9.4,1200,2.26,15.04,,,,,,2,1.5,9,-5.2,,,,,,,,,,,,,,
143,대구,1994-03-01,1.6,-3.4,720,8,1615,,,,,,,10.7,320,3,6.8,290,540,4.1,3509,290,-10.4,27,1458,43,2.8,1019.7,1029.8,822,1025.4,1509,1027.5,11.4,9.8,1200,2.64,17.15,,,,,,1.5,0,5.8,-7.4,,,,,,,,,,,,,,
143,대구,1994-03-02,3.6,-2.2,714,10.9,1552,,,,,,,9,270,1047,5.5,290,1150,2.7,2305,290,-8.9,21,1529,43,3.2,1018.4,1029.1,900,1023.2,1900,1026.1,11.4,9.8,1200,2.52,16.51,,,,,,0,0,7.1,-10.3,,,,,,,,,,,,,,
143,대구,1994-03-03,4.6,-.2,725,9.7,1526,,,,,,,8.4,290,2123,4.3,290,2131,1.8,1587,290,-4.6,36,1510,53,4.4,1015.2,1024.8,920,1019.6,1725,1022.8,11.5,3,1300,1.29,8.53,,,,,,8.3,7.5,5.6,-6.5,,,,,,,,,,,,,{연무}1210-1340.,
143,대구,1994-03-04,5.3,-.3,743,11.6,1350,6,,,,,4,7.4,250,1350,5.2,250,1400,1.9,1659,360,1.5,44,1337,78.5,6.9,1013,1022.8,901,1018.6,2400,1020.6,11.5,3.6,1200,1.84,9.41,,,,,,7.8,3.1,5.8,-6.8,,,,,,,,,,,,5.7,{비}1545-{비}{강도0}1800-1920.  {비}2135-{비}{강도0}2400-  {박무}0620-{박무}{강도0}0900-{박무}{강도0}1200-    1230.  {박무}1810-{박무}{강도0}2100-{박무}{강도0}2400-,
143,대구,1994-03-05,6.8,3.2,2400,12.7,1615,4.67,,,,,1.7,6.2,230,1341,4.8,230,1235,2.3,1974,290,.9,31,1614,70.3,6.6,1014.1,1027.8,2400,1017.2,142,1021.6,11.5,6.1,1300,1.96,11.35,,,,,,5.8,3.1,8,-3,,,,,,,,,,,,,-{비}-{비}{강도0}0300--0440.  -{박무}-{박무}{강도0}0300-{박무}{강도0}0600-{박무}{강도0}0900-1045.,
143,대구,1994-03-06,7.2,.7,718,15.5,1600,,,,,,,7.6,140,1956,5.3,110,1900,2.6,2238,90,1.5,34,1645,71.3,6.8,1018.9,1029.6,925,1022.9,1710,1026.4,11.6,5.7,1200,2.36,12.48,,,,,,5.5,3.9,8,-3.2,,,,,,,,,,,,.5,{박무}0615-{박무}{강도0}0900-1210.,
143,대구,1994-03-07,9.3,6.3,722,11.7,2350,11.17,,,,,10.6,10.2,90,1609,6.3,90,1620,2.8,2385,70,6.9,67,0,85.3,10.1,1010.7,1024,0,1014.3,2256,1018.1,11.6,0,1400,.67,2.55,,,,,,10,5,8.2,4.7,,,,,,,,,,,,10.1,{비}0820-{비}{강도0}0900-{비}{강도0}1200-{비}{강도0}1500-{비}{강도0}1800-1930.,
143,대구,1994-03-08,11.5,8.1,2400,15.2,1251,,,,,,,10.8,290,1423,7.7,320,1401,3.3,2890,270,5.7,33,2128,72,9.7,1008.2,1018.9,2400,1012.9,340,1015.5,11.7,2.4,1100,1.87,8.33,,,,,,9,3,10.6,1.7,,,,,,,,,,,,,{박무}0510-{박무}{강도0}0600-{박무}{강도0}0900-1140.,
143,대구,1994-03-09,3.8,-.3,2400,8.1,0,,,,,,,11.1,320,1332,8,270,1409,5.3,4571,320,-10,27,2000,35.8,2.9,1013,1022.8,1016,1018.9,0,1020.6,11.7,.8,1300,1.52,7.33,,,,,,6,3.6,3.8,-2.6,,,,,,,,,,,,,,
143,대구,1994-03-10,.6,-3.6,730,6.2,1640,,,,,,,12.8,290,1143,9.2,290,1011,5.2,4459,320,-13.3,22,1724,36,2.2,1016.1,1025.8,1010,1021.7,0,1023.7,11.7,9.8,1200,2.82,19.25,,,,,,0,0,3.5,-6.5,,,,,,,,,,,,,,
143,대구,1994-03-11,4.1,-1.3,456,11.3,1654,,,,,,,8,270,1318,5.3,250,1310,2.5,2162,290,-6.5,30,1531,47.5,3.8,1016.1,1026.2,932,1020.7,1900,1023.7,11.8,9.4,1100,2.49,16.34,,,,,,4.3,2.1,6.3,-7.2,,,,,,,,,,,,3.1,,
143,대구,1994-03-12,4.9,1.8,917,10.6,1610,8.75,,,,,4.3,7.5,320,212,5,320,229,2,1770,320,-.2,35,1615,72.5,6.1,1012.6,1022.5,255,1017.5,1545,1020.1,11.8,6.1,1300,1.99,10.35,,,,,,6.3,2.1,6.9,-3.4,,,,,,,,,,,,1.2,{비}0220-{비}{강도0}0300-{비}{강도0}0600-{진눈깨비}0810-{진눈깨비}{강도0}0900-{비}0950-1105.  {박무}1040-{박무}{강도0}1200-1330.,
143,대구,1994-03-13,3.9,-.1,2400,8.9,1417,,,,,,,11.7,270,2258,8.2,320,1452,5,4353,290,-11.1,22,1521,32.5,2.6,1014.4,1024.1,2319,1019.1,1524,1022.1,11.8,9,1200,2.66,17.87,,,,,,5.8,1.6,6.6,-3.7,,,,,,,,,,,,,,
143,대구,1994-03-14,2.3,-2,712,7.9,1642,,,,,,,13.3,290,310,8.3,320,1406,4.9,4252,290,-10.9,23,1628,38.5,2.7,1016.1,1025.1,918,1021.5,1651,1023.7,11.9,9.9,1200,2.8,19.07,,,,,,.8,.5,5.2,-6.2,,,,,,,,,,,,,,
143,대구,1994-03-15,4.5,-1,410,11.6,1539,,,,,,,12,290,1139,6.7,320,1100,3.3,2863,290,-7.7,22,1630,42.5,3.5,1018.2,1027.3,1029,1024.1,340,1025.8,11.9,10.1,1200,2.83,18.78,,,,,,0,.6,8.8,-6.7,,,,,,,,,,,,,,
143,대구,1994-03-16,6.4,.4,704,13.5,1523,,,,,,,10.9,290,1601,7,320,1636,4,3488,270,-6.6,24,1510,40.3,3.7,1015.5,1026.3,0,1019.3,1538,1023,12,7.8,1300,2.4,16.66,,,,,,3.3,.8,9.8,-4.7,,,,,,,,,,,,,,
143,대구,1994-03-17,7.7,2.1,650,14.7,1659,,,,,,,8.3,250,1401,6.3,250,1350,2.8,2382,290,-6.1,21,1540,41,4,1014.8,1025.2,913,1019.5,1723,1022.2,12,10.1,1200,2.9,19.36,,,,,,2.3,0,12,-5.4,,,,,,,,,,,,,,
143,대구,1994-03-18,8.5,-.3,715,16.6,1549,,,,,,,7.2,250,1620,5.2,270,1524,2.4,2037,270,-6.3,18,1810,36.5,3.9,1012.6,1022.5,832,1016.4,1659,1020,12,10.6,1200,2.75,18.96,,,,,,1,0,11.7,-7.5,,,,,,,,,,,,,,
143,대구,1994-03-19,9.7,3.9,702,17.8,1537,,,,,,,10.5,90,2317,6.7,90,2223,3.9,3336,270,-4.8,22,1542,36,4.3,1014,1024,2400,1018.3,1703,1021.4,12.1,10.9,1200,2.77,18.76,,,,,,1.5,0,13.2,-4.2,,,,,,,,,,,,,,
143,대구,1994-03-20,6.7,3.4,700,12.4,1502,,,,,,,13.3,90,1910,10.5,90,1740,5.2,4485,110,-.3,37,1429,63.3,6,1018.2,1029.3,2150,1023.4,1521,1025.8,12.1,9.5,1200,2.52,17.22,,,,,,3.5,1.6,10.5,0,,,,,,,,,,,,,,
143,대구,1994-03-21,6.7,3.1,640,11.3,1529,,,,,,,10.5,70,1728,7.3,90,1714,3.9,3409,110,-.9,42,1535,58.5,5.7,1021.4,1030.8,959,1027.1,1640,1029,12.1,4,1100,1.92,10.96,,,,,,9,4.4,8.6,.5,,,,,,,,,,,,,,
143,대구,1994-03-22,6,3.5,640,8.4,1215,6.67,,,,,5.7,4.7,140,59,4.2,140,108,1.5,1283,70,3.4,63,0,84,8,1017.2,1028.4,0,1021.1,2400,1024.8,12.2,0,1000,.68,3.78,,,,,,9.5,3.8,6.9,1.3,,,,,,,,,,,,5.7,{비}1140-{비}{강도0}1200-{비}{강도0}1500-1615.  {비}1805-2010.  {박무}1730-{박무}{강도0}1800-{박무}{강도0}2100-{박무}{강도0}2400-,
143,대구,1994-03-23,7.5,4.4,2400,11,1543,,,,,,,16.5,290,1304,10.3,290,1350,5.3,4550,290,-4,22,1528,48.5,5,1011.3,1021.1,0,1016.6,1458,1018.7,12.2,10.2,1200,3.04,21,,,,,,2.8,1.6,10.6,-1.2,,,,,,,,,,,,,-{박무}-{박무}{강도0}0300-{박무}{강도0}0600-0730.,
143,대구,1994-03-24,3,.4,2400,6.3,1352,2.22,,,,,.2,19.3,290,1648,11,290,1440,4.8,4127,270,-5.5,39,1547,52.8,4.1,1006.4,1018.3,0,1010.8,1216,1013.9,12.3,3.7,1300,2.07,10.04,,,,,,4.5,3.3,5.1,-6,,,,,,,,,,,,.2,{눈}1035-{눈}1130.  {비}1220-{눈}1235-1253.  {눈}1315-1325.  {눈}1425-1440.       {눈}1750-{눈}{강도0}1800-1810.,
143,대구,1994-03-25,2.4,-.7,558,7.7,1438,,,,,,,14,290,1150,9.8,290,1159,5,4340,270,-8.6,27,1307,46.8,3.3,1014.3,1026.6,2400,1017.6,0,1021.9,12.3,6.5,1200,2.34,15.98,,,,,,3.3,2,4.7,-6.8,,,,,,,,,,,,,,
143,대구,1994-03-26,3.5,-1,606,9,1522,,,,,,,12.6,290,1216,8.2,270,1540,4.5,3900,290,-6.6,31,1420,49.8,3.8,1020.6,1031.4,2400,1026.6,0,1028.3,12.3,8.6,1200,2.44,17.16,,,,,,3.5,2.4,7.1,-8,,,,,,,,,,,,,,
143,대구,1994-03-27,7.1,.1,650,15.5,1533,,,,,,,11,320,1552,7.7,290,1559,4.5,3866,290,-6.1,21,1605,42,3.9,1021.9,1032.7,848,1025.4,1803,1029.5,12.4,10.8,1200,3,21.38,,,,,,0,0,10.8,-6.4,,,,,,,,,,,,,,
143,대구,1994-03-28,9.1,3.8,710,14.9,1607,,,,,,,9.6,230,1531,8.7,230,1543,3.5,3017,270,-1.9,28,1255,46.5,5.5,1015.3,1026,113,1019.5,1507,1022.8,12.4,2.2,1000,2.25,11.03,,,,,,8.3,3.4,10.4,-2.5,,,,,,,,,,,,,,
143,대구,1994-03-29,9.6,5.3,719,15.8,1558,,,,,,,7.8,90,1838,6.5,90,1856,3,2590,110,.9,32,1557,56.8,6.6,1017.6,1027.6,1034,1021.7,0,1025.1,12.5,6.5,1200,3.1,16.28,,,,,,4.5,2.9,13.3,-1.4,,,,,,,,,,,,,{박무}0640-{박무}{강도0}0900-1020.,
143,대구,1994-03-30,10.8,3.1,712,19.1,1713,,,,,,,7.8,270,1612,5.5,320,1820,2.7,2290,230,-.7,21,1727,49.8,5.9,1016.1,1026.4,0,1019.3,1740,1023.5,12.5,10.4,1200,2.87,19.96,,,,,,1.3,.4,13.5,-2.2,,,,,,,,,,,,,,
143,대구,1994-03-31,13.6,6.8,620,21.6,1619,,,,,,,7.9,140,1957,6.3,140,1948,2.9,2508,250,-2.3,23,1647,33.8,5.2,1015.1,1024.4,929,1019.7,1734,1022.4,12.5,10.4,1100,2.62,19.13,,,,,,1.5,0,17.4,-1.7,,,,,,,,,,,,,,
143,대구,1994-04-01,10.2,7.6,658,14.5,1744,1.5,0,,0,,0,4.7,250,1627,4,250,1636,1.6,1375,20,4.1,50,0,65.8,8.2,1010.3,1022.3,0,1013,1835,1017.6,12.6,.7,1600,.54,3.6,,,,,,8.3,2.8,9.4,2,,,,,,,,,,,,0,{비}1140-{비}{강도0}1200-1310.  {박무}0840-{박무}{강도0}0900-{박무}{강도0}1200-{박무}{강도0}1500-{박무}{강도0}1800-{박무}{강도0}2100-{박무}{강도0}2400-,
143,대구,1994-04-02,15.5,6.7,640,23.9,1533,,,,,,,13.1,270,1501,10.5,270,1540,4.1,3536,270,3.6,22,1606,49.3,7.9,1006.6,1016.2,752,1010.7,1503,1013.9,12.6,10.3,1100,2.57,18.6,,,,,,0,0,16.8,-1.2,,,,,,,,,,,,,-{박무}-{박무}{강도0}0300-0530.,
143,대구,1994-04-03,16.4,9.8,710,23.8,1618,,,,,,,8.1,110,840,7.3,90,940,3.6,3108,90,6,31,1444,51.8,9.3,1011.5,1021.1,1030,1015.7,0,1018.7,12.6,8.8,1200,2.88,19.43,,,,,,3.8,1.6,19.5,3.9,,,,,,,,,,,,,,
143,대구,1994-04-04,17.8,9.5,617,26.8,1537,,,,,,,6.2,230,1310,5,230,1720,2.2,1930,250,7.6,26,1610,55.5,10.5,1011.3,1021,750,1015.1,1647,1018.5,12.7,9.6,1200,2.52,17.81,,,,,,3.5,1.1,20.9,2.7,,,,,,,,,,,,,,
143,대구,1994-04-05,19.5,10.9,656,28.5,1427,,,,,,,7.5,230,1721,5.5,230,1720,1.7,1506,340,7.8,27,1350,50.3,10.6,1010.7,1020.4,750,1014.8,1630,1017.8,12.7,8.9,1200,2.67,17.32,,,,,,2.3,2.6,20.9,3.9,,,,,,,,,,,,,,
143,대구,1994-04-06,18.7,12.2,629,26.8,1430,2.75,.4,2247,.6,2213,.7,8.4,250,1719,7,250,1607,2.6,2270,90,10.1,44,0,57.8,12.6,1006.6,1017.6,0,1010.3,1804,1013.8,12.8,5.3,1200,2.67,14.45,,,,,,7.5,1.6,21.2,6.1,,,,,,,,,,,,5.4,{비}2045-{비}{강도0}2100-2120.  {비}2150-{비}{강도0}2400-  {박무}2340-{박무}{강도0}2400-,
143,대구,1994-04-07,14.9,9.3,2400,24.2,1247,6.55,1.4,203,3.2,115,4.8,16.6,90,1941,10.3,90,1913,4.8,4105,90,8.6,41,1528,69.5,11.8,1002.3,1017.6,2400,1006.4,1400,1009.6,12.8,2.8,1100,2.5,11.62,,,,,,9.8,5.4,16.3,8.5,,,,,,,,,,,,.1,-{비}-{비}{강도0}0300-0430.  {비}1532-1735.  -{박무}-{박무}{강도0}0300-{박무}{강도1}0600-{박무}{강도1}0900-{박무}{강도0} 1200-1410.,
143,대구,1994-04-08,8.9,6.5,2400,11.5,1120,,,,,,,13,90,1050,8,90,1507,5.8,5052,90,-2,36,1138,46.3,5.3,1012.4,1024.7,2335,1017.6,0,1019.9,12.8,.8,1000,1.59,9.52,,,,,,9.8,4.1,11.3,1.8,,,,,,,,,,,,,,
143,대구,1994-04-09,8.9,3.2,654,15.6,1634,,,,,,,8.8,110,1339,5.8,110,2130,3,2607,110,-2.3,26,1530,48,5.2,1018,1028.6,856,1022.9,1653,1025.5,12.9,7,1100,2.75,19.27,,,,,,4.8,.5,12.8,-3.5,,,,,,,,,,,,,,
143,대구,1994-04-10,10,2.7,600,16.7,1546,,,,,,,6.1,70,1231,4.7,110,2220,2.4,2066,110,-.3,33,1530,50.3,6,1015.7,1026.9,141,1019.9,1521,1023.2,12.9,5.4,1200,2.33,14.54,,,,,,7.3,2.4,12.4,-1.3,,,,,,,,,,,,,,
143,대구,1994-04-11,14.6,7.3,635,21.9,1441,4.25,.2,2230,.6,2230,1.1,8.1,250,1520,6.3,250,1540,2.5,2134,90,7,33,1335,63.5,10.4,1010.2,1020.7,0,1010.6,2400,1017.5,12.9,4.7,1200,2.61,14.91,,,,,,8.5,3.9,18.8,.9,,,,,,,,,,,,19.1,{비}1945-{비}{강도0}2100-{비}{강도0}2400-  {박무}2120-{박무}{강도0}2400-,
143,대구,1994-04-12,15.1,9.9,2400,19.6,1241,8.33,1.2,147,3.7,110,18,15.6,270,1229,10.7,270,1237,5.5,4733,90,9.8,45,1248,72.5,12.7,995.8,1013.6,2400,996.2,901,1002.9,13,1.9,1400,1.86,8.81,,,,,,7,3.6,16.3,5.7,,,,,,,,,,,,0,-{비}-{비}{강도0}0300-{비}{강도0}0600-0740.  {비}0940-1020.  -{박무}-{박무}{강도0}0300-{박무}{강도0}0600-0610.,
143,대구,1994-04-13,12.3,7.3,642,18.6,1435,,,,,,,19.4,270,1252,11.8,270,1620,6.1,5244,270,-6.4,20,1441,27.5,3.8,1009.2,1020.4,2400,1013.1,1613,1016.4,13,11.2,1100,2.94,21.96,,,,,,.3,.3,14.3,.6,,,,,,,,,,,,,{황사}1430-{황사}{강도0}1500-{황사}{강도0}1800-{황사}{강도0}2100-2200.,
143,대구,1994-04-14,13.6,3.7,635,21.9,1549,,,,,,,12.7,290,1605,9.7,270,1730,4.2,3625,270,-4.7,17,1730,28.5,4.4,1013,1022.5,810,1017.1,1545,1020.3,13,11.3,1100,3.08,19.96,,,,,,.5,.3,16.1,-3.6,,,,,,,,,,,,,,
143,대구,1994-04-15,16,7,630,24.7,1614,,,,,,,7.1,180,1759,5.7,180,1840,2.4,2038,270,-.2,21,1437,34.8,6,1015,1024.6,816,1019.2,1620,1022.3,13.1,10.6,1200,2.94,22.09,,,,,,2,0,18.8,-.5,,,,,,,,,,,,,,
143,대구,1994-04-16,16.8,8.9,641,23.6,1533,,,,,,,7.9,270,1313,6.2,270,1315,3,2572,270,2.9,23,1315,41,7.5,1015.3,1025.3,913,1018,1740,1022.5,13.1,10.9,1200,3.04,21.21,,,,,,3.5,1.1,20,1.3,,,,,,,,,,,,,,
143,대구,1994-04-17,18.9,11.2,615,26.9,1701,,,,,,,7.7,140,2352,5.7,140,2400,2.9,2494,250,3.8,21,1600,38.8,8,1015,1024.7,940,1019.7,1910,1022.2,13.2,10.2,1100,2.96,21.71,,,,,,2,0,21.1,3.3,,,,,,,,,,,,,,
143,대구,1994-04-18,14.5,11.3,2351,17.3,1503,3.9,.1,1720,.4,1700,.6,7.5,110,16,7,110,17,3.2,2803,110,10,55,1511,75.5,12.3,1011.1,1021.6,0,1015.7,1604,1018.4,13.2,0,1300,.67,4.51,,,,,,6.5,3.1,15.3,9.2,,,,,,,,,,,,.6,{박무}0640-{박무}{강도0}0900-1030.  {박무}2110-{박무}{강도0}2400-  {비}1145-{비}{강도0}1200-1220.  {비}1501-{비}{강도0}1800-1820.,
143,대구,1994-04-19,15.8,9.3,323,24.6,1616,,,,,,,8,70,1541,6.3,70,1641,2.6,2226,90,7.2,24,1714,63.8,10.2,1010.3,1019.3,1034,1015.8,1820,1017.5,13.2,5.7,1100,2.76,16.32,,,,,,8.8,5.1,17.8,4.7,,,,,,,,,,,,,-{박무}-{시정(미만)}{1km}{안개}0210-{안개}{강도0}0300-{시정(미만)}{0.5km}{안개}0510-{안개}{강도1}0600-{시정(이상)}{0.5km}{안개}0710-{안개}{강도0}0900-{시정(이상)}{1km}{박무}0950-1130.  {연무}1120-{연무}{강도0}1200-1245.,7.67
143,대구,1994-04-20,14.8,13.7,703,16.1,0,5.83,0,,0,,0,9.2,110,745,7.7,90,752,4,3427,110,9.7,48,0,71.5,12,1010.6,1018.9,33,1015.8,1740,1017.8,13.3,0,1100,.53,4.04,,,,,,9.8,5.6,14.6,9.4,,,,,,,,,,,,0,{박무}0520-{박무}{강도0}0600-0650.  {비}1410-{비}{강도0}1500-1720.  {비}1740-{비}{강도0}1800-2020.,
143,대구,1994-04-21,14.2,11.8,2400,17.4,1201,1.58,.6,2332,1.1,2305,1.1,13.4,110,1201,9.8,110,1214,5.9,5129,110,7,42,1451,63.5,10.2,1010.7,1019.5,1040,1016.8,320,1018,13.3,2.5,900,2.47,13.18,,,,,,8.3,4.6,17,8.8,,,,,,,,,,,,3.6,{비}2110-2150.  {비}2305-{비}{강도0}2400-  {박무}2210-{박무}{강도0}2400-,
143,대구,1994-04-22,12.8,10.7,617,14.8,1631,16,.9,220,2,220,2.8,4.9,110,1858,3.7,110,1849,2.1,1806,110,11.4,83,1636,90.8,13.5,1007,1017.9,0,1011.5,1801,1014.3,13.3,0,1200,.42,3.43,,,,,,10,3.9,14.4,9.7,,,,,,,,,,,,.3,-{비}-0030.  {비}0210-{비}{강도0}0300-{비}{강도0}0600-0730.  {비}0825-{비}{강도0}0900-{비}{강도0}1200-  {비}{강도0}1500-1510.  {비}1530-1705.  {비}2030-{비}{강도0}2100-2220.  -{박무}-{박무}{강도0}0300-{박무}{강도0}0600-{박무}{강도0}0900-{박무}{강도0}1200-{박무}{강도0}1500-{박무}{강도0}1800-{박무}{강도0}2100-{박무}{강도0}2400-,
143,대구,1994-04-23,15.9,12.6,935,21.6,1722,3,.2,924,.4,924,.4,6.9,270,1741,5.7,270,1738,2.7,2300,270,12.5,51,1722,81,14.6,1004.6,1013,1015,1009.5,1750,1011.8,13.4,2.3,1500,1.28,8.25,,,,,,7.5,3.1,16.3,7.6,,,,,,,,,,,,.4,-{박무}-{박무}{강도0}0300-{박무}{강도0}0600-{박무}{강도0}0900-{박무}{강도0}1200-{박무}{강도0}1500-1620.  {비}0820-{비}{강도0}   0900-1120.,
143,대구,1994-04-24,18.6,11.2,647,26.4,1623,,,,,,,6.4,250,1929,5.7,250,1923,2.2,1876,270,5.1,16,1646,44.3,8.9,1006.2,1015.7,900,1010.4,1800,1013.3,13.4,11.6,1300,3.18,21.43,,,,,,1.5,0,21.3,3.9,,,,,,,,,,,,,{달무리}2120-,
143,대구,1994-04-25,19.4,10.8,612,27.3,1620,,,,,,,6.5,250,1607,5.3,250,1800,1.7,1489,70,5.2,19,1726,41.8,8.9,1005.2,1014.3,713,1009.2,1830,1012.3,13.4,10.7,1000,2.08,17.74,,,,,,6.5,1.4,20.9,4.5,,,,,,,,,,,,,-{달무리}-0130.  {달코로나}2030-2110.,
143,대구,1994-04-26,19.7,12.4,643,28.7,1529,,,,,,,10.7,110,1733,7.7,110,1738,2.4,2042,110,5.5,19,1523,42,9.2,1007.5,1017.9,2400,1012.3,0,1014.6,13.5,11.2,1100,2.93,22.27,,,,,,4,0,23.9,4.2,,,,,,,,,,,,,,
143,대구,1994-04-27,18.3,10.2,637,26.3,1437,,,,,,,7.4,290,1944,6,270,2000,2.4,2056,270,5,23,1511,47.5,8.9,1006.3,1017.9,0,1009.3,1752,1013.5,13.5,5.1,1300,2.42,15.61,,,,,,5.3,.8,21.4,6.2,,,,,,,,,,,,,{박무}0220-{박무}{강도0}0300-0540.  {박무}0830-{박무}{강도0}0900-1010.  {연무}1005-{연무}{강도0}1200-1230.,
143,대구,1994-04-28,19.9,13.3,501,27.6,1717,,,,,,,12.2,290,2037,7,290,2017,3.2,2791,270,3.2,16,1720,36.5,7.9,1002.3,1011.5,749,1006.2,1830,1009.4,13.5,11.7,1200,3.29,24.92,,,,,,1.8,.8,25.5,4.8,,,,,,,,,,,,,,
143,대구,1994-04-29,20,14.7,2400,28,1527,,,,,,,9.8,110,1719,7.7,110,1650,3.5,3009,110,7.4,29,1510,45.3,10.4,1001.5,1011.4,2400,1006.2,1600,1008.6,13.6,8.7,1200,2.92,20.24,,,,,,4.3,2.6,25.8,7.2,,,,,,,,,,,,,,
143,대구,1994-04-30,18.7,11.8,540,25.7,1542,,,,,,,9.1,200,1527,6.3,110,802,3.2,2803,110,12,44,1426,66,14.1,1004.4,1013.8,941,1009,1533,1011.6,13.6,7.9,1100,2.66,19.21,,,,,,3.8,.8,22.8,7.2,,,,,,,,,,,,,,
143,대구,1994-05-01,20.9,14.6,2400,31.3,1612,,,,,,,13.3,110,1759,9.7,110,1840,3.3,2850,110,14.6,35,1604,71.8,16.7,1005.9,1016.4,2400,1011,1629,1013.1,13.6,9.2,1100,2.57,17.55,,,,,,7.8,1.5,26,11.7,,,,,,,,,,,,,{박무}0020-{박무}{강도0}0300-{박무}{강도0}0600-{박무}{강도0}0900-1010.,
143,대구,1994-05-02,18.7,13.9,230,26.3,1355,,,,,,,9,110,1732,6.7,110,1723,4.3,3745,110,13.5,44,1345,74.8,15.5,1008.6,1017.3,836,1013.1,1800,1015.8,13.7,8.2,1200,3.52,25.37,,,,,,6.5,3.1,24.5,11.3,,,,,,,,,,,,,{박무}0220-{박무}{강도0}0300-{박무}{강도0}0600-{박무}{강도0}0900-1150.  {박무}2340-{박무}{강도0}2400-,
143,대구,1994-05-03,16.1,14.8,410,19.5,1233,9.58,.6,1423,2.8,1358,11,12,90,1224,7.7,110,1240,4.5,3872,110,14.1,62,1103,88.3,16.1,1002.1,1015.4,0,1002.5,2240,1009.3,13.7,0,1100,1.51,9.03,,,,,,9.5,4.9,18.5,11.1,,,,,,,,,,,,11.8,-{박무}-{박무}{강도0}0300-{박무}{강도0}0600-{박무}{강도0}0900-0950.  {비}1345-{비}{강도0}1500-{비}{강도0}1800-1850.  {비}1910-{비}{강도0}2100-2340.,
143,대구,1994-05-04,15.4,12.5,2400,18.8,1718,1.92,.5,37,.7,37,.8,13.8,250,1408,8.7,230,1340,4.6,4002,270,5.2,31,1424,52.8,9.1,995.4,1004.2,1023,999.4,1759,1002.6,13.7,6.3,900,2.05,14.48,,,,,,8,2.9,17.4,9,,,,,,,,,,,,0,{비}0030-0225.,
143,대구,1994-05-05,13,10.6,640,16.8,1515,.67,0,,0,,0,13,270,1522,9,270,1442,5.3,4566,270,2.9,40,1514,50.8,7.6,993.1,1005.7,2400,998.4,431,1000.3,13.8,1.7,1400,1.65,8.44,,,,,,5.8,3.5,13.4,4.5,,,,,,,,,,,,,{소나기}0530-{소나기}{강도0}0600-0610.,
143,대구,1994-05-06,16.6,7,612,26,1557,,,,,,,12.2,270,1633,8,270,1450,2.9,2468,270,2.9,20,1706,46.3,7.6,999,1008.6,2400,1003.7,1520,1006.2,13.8,12.5,1200,3.25,24.48,,,,,,1,.3,20.7,.7,,,,,,,,,,,,,,
143,대구,1994-05-07,21.5,11.7,602,28.6,1556,,,,,,,17.4,200,1311,10.8,230,1530,5,4310,230,4.1,22,1750,32.5,8.2,1000.6,1009.4,749,1004.9,1624,1007.6,13.8,11.3,1100,3.17,23.63,,,,,,1,.5,23.6,3.7,,,,,,,,,,,,,,
143,대구,1994-05-08,21.3,14.4,2400,27.2,1518,,,,,,,12.1,270,1409,8.7,270,1407,4.5,3878,290,3.1,18,1630,31,7.7,1004.7,1015.4,2400,1007.9,0,1011.8,13.9,12.1,1200,3.3,26.1,,,,,,0,0,26.1,8.4,,,,,,,,,,,,,,
143,대구,1994-05-09,20.4,9.1,601,31.3,1558,,,,,,,8,180,1717,6,160,1738,2.2,1943,20,5.2,20,1420,40.5,8.9,1007.1,1017.2,759,1010.5,1651,1014.1,13.9,12.4,1200,3.12,24.77,,,,,,.8,0,26.1,2.5,,,,,,,,,,,,,{연무}1015-1150.,
143,대구,1994-05-10,18.9,14,611,23,1503,4.42,.7,1958,1.7,1958,4.1,10.9,230,1416,6.8,230,1430,2.7,2355,110,12.9,48,0,69,15.3,1003.4,1012.5,436,1007.4,2400,1010.5,13.9,0,900,.89,6.77,,,,,,7.5,3.6,19.7,6.4,,,,,,,,,,,,15,{박무}0630-{박무}{강도0}0900-1020.  {비}1935-{비}{강도0}2100-{비}{강도0}2400-,
143,대구,1994-05-11,16,15.2,902,17.8,0,11.83,.8,6,2.9,225,11.4,14.5,90,829,8.7,90,830,3.3,2881,90,13.6,71,1050,85.8,15.6,998.1,1008.3,2314,1003.6,1250,1005.3,13.9,0,1000,.28,1.92,,,,,,9.8,4.9,19,11.2,,,,,,,,,,,,.5,-{비}-{비}{강도0}0300-{비}{강도0}0600-{비}{강도0}0900-0950.  {비}1330-{비}{강도0}1500-1530.,
143,대구,1994-05-12,20.4,12.2,621,28.6,1652,,,,,,,6.2,110,1947,5,140,1944,1.8,1572,90,11.9,28,1830,62.5,14,1004.8,1014.2,2330,1008,29,1011.9,14,11.9,1200,3.16,23.97,,,,,,1.5,.1,23.7,7.9,,,,,,,,,,,,,{박무}0720-0850.,
143,대구,1994-05-13,19.7,15.5,554,23.6,1644,,,,,,,5.7,230,1313,5.3,270,1340,1.9,1672,270,13.9,53,1209,70.3,15.9,1006.2,1015,654,1011.1,1722,1013.3,14,2.6,1000,1.57,9.91,,,,,,8,3.8,20.3,11.2,,,,,,,,,,,,0,{박무}0430-{박무}{강도0}0600-{박무}{강도0}0900-1040.,
143,대구,1994-05-14,17.9,16.2,2230,20,0,15.5,1.4,1500,5.7,1500,26.1,8.5,110,1840,6.2,110,2300,2.5,2173,110,15.7,73,0,86.8,17.8,1000.8,1012.4,0,997.6,2400,1007.9,14,0,800,.56,2.89,,,,,,10,5.5,18.8,16,,,,,,,,,,,,26.5,{비}0650-0825.  {비}0945-1145.  {비}1205-{비}{강도0}1500-{비}{강도0}1800-{비}{강도0}2100-{비}{강도0}2400-  {박무}0030-{박무}{강도0}0300-{박무}{강도0}0600-{박무}{강도0}0900-{박무}{강도0}1200-{박무}{강도0}1500-{박무}{강도0}1800-{박무}{강도0}2100-{박무}{강도0}2400-,
143,대구,1994-05-15,17.2,15.9,2247,18.2,1220,4.75,.2,34,.4,34,.4,11.7,200,1103,7.8,200,1047,4.3,3680,270,12.6,61,1211,74.5,14.7,987.1,1002.9,2400,990.6,629,994.2,14,0,1100,.35,2.63,,,,,,9.8,4.4,16.8,11.5,,,,,,,,,,,,0,-{비}-0210.  {비}0550-{비}{강도0}0600-0610.  {비}0710-{비}{강도0}0900-0925.  -{박무}-{박무}{강도0}0300-0520.,
143,대구,1994-05-16,21.3,13.6,553,30.8,1513,,,,,,,10.6,320,1722,7.7,320,1640,3,2586,290,12.8,38,1450,60.8,14.8,997,1009.4,2400,1001.6,1455,1004.1,14.1,11.4,1200,2.97,22.97,,,,,,.5,0,23.4,8.2,,,,,,,,,,,,,,
143,대구,1994-05-17,17.5,12.1,2345,20.9,1640,,,,,,,10.4,270,1640,6.3,270,1646,3.4,2896,290,7.6,31,1651,52.8,10.7,1004,1012.8,905,1009.4,0,1011.2,14.1,5.4,1500,1.66,12.53,,,,,,7.5,3.1,19.4,4.9,,,,,,,,,,,,,,
143,대구,1994-05-18,17.6,7.4,557,26.9,1443,,,,,,,18.1,290,1508,11.3,250,1343,4.4,3841,230,2.9,20,1829,41.3,7.6,1003.7,1016.6,2400,1006.1,1346,1010.8,14.1,12.1,1200,3.19,25.22,,,,,,1,.4,21.6,2,,,,,,,,,,,,,,
143,대구,1994-05-19,16.1,7.6,520,24.2,1627,,,,,,,9,290,1236,6,290,1235,2.8,2412,50,3.2,22,1630,46,7.7,1012.5,1022.1,2350,1016.6,0,1019.7,14.2,12.8,1200,3.41,27.21,,,,,,0,0,23,2,,,,,,,,,,,,,,
143,대구,1994-05-20,18.4,8.7,530,27.2,1415,,,,,,,6.9,180,1751,5.8,180,1723,2,1734,50,5.5,25,1442,46,9.1,1015.2,1025.1,810,1019.6,1826,1022.5,14.2,10.9,1100,2.98,22.33,,,,,,2.3,1.6,22.9,2.9,,,,,,,,,,,,0,,
143,대구,1994-05-21,17.8,14.2,429,21.1,1812,5.08,.1,1540,.1,1450,.1,6.1,250,1756,3.8,250,1809,1.7,1496,50,11.1,42,1132,65.5,13.7,1011,1020.6,0,1016.2,1823,1018.2,14.2,1.1,1000,.92,7.15,,,,,,8,4.4,17.8,9.3,,,,,,,,,,,,.1,{비}0855-{비}{강도0}0900-0940.  {비}1130-{비}{강도0}1200-{비}{강도0}1500-1550.,
143,대구,1994-05-22,22.1,15.1,240,30.2,1645,,,,,,,6.6,250,1537,5.7,270,1513,2.1,1794,250,10.4,19,1524,54.5,12.9,1009.1,1018.4,630,1012.8,1800,1016.2,14.2,10.3,1200,3.16,24.45,,,,,,4,1.3,27.6,9.8,,,,,,,,,,,,,{박무}0405-{박무}{강도0}0600-{박무}{강도0}0900-0930.,
143,대구,1994-05-23,23.1,16.4,505,30.1,1648,,,,,,,8.1,250,1504,6,180,1853,2.2,1889,180,11.8,26,1640,53,14,1008.9,1017.6,815,1013.1,1610,1016,14.2,10.5,1200,3.01,22.74,,,,,,3,.3,28.2,10.3,,,,,,,,,,,,,{박무}0630-{박무}{강도0}0900-1120.,
143,대구,1994-05-24,23.8,16.9,602,29.5,1517,,,,,,,8.2,160,1843,6.2,160,1851,2.9,2547,160,13.4,37,1513,54,15.4,1007.8,1016.8,0,1012.5,1741,1014.8,14.3,9,1200,3.02,19.95,,,,,,6.8,3.8,29.4,11.5,,,,,,,,,,,,,,
143,대구,1994-05-25,20.5,18.9,2342,22.9,0,13.42,1.8,1340,6.6,1340,26.4,7.5,160,755,6.7,160,740,3.4,2897,110,16.8,60,0,80.5,19.2,1003.4,1013.1,0,1009,1740,1010.5,14.3,0,1500,.36,1.44,,,,,,9.5,4.6,20.9,17.5,,,,,,,,,,,,33.9,{비}1035-{비}{강도0}1200-{비}{강도0}1500-{비}{강도0}1800-{비}{강도0}2100-{비}{강도0}2400-  {천둥}{강도0}(NE)1257-1305.  {천둥}{강도0}(NE)1340-{천둥}{강도0}(E)1353-{천둥}{강도0}(SE)1400-1415.,
143,대구,1994-05-26,21.2,18.4,525,24.4,1842,8.5,1.6,355,3.2,325,7.5,13.4,290,2313,7.7,290,2320,2.4,2044,90,18.5,27,2325,85,21.3,997.8,1009.1,0,1002,1836,1004.8,14.3,.2,1400,1.32,8.84,,,,,,10,4.6,22.8,17.9,,,,,,,,,,,,0,-{비}-{비}{강도0}0300-{비}{강도0}0600-0820.  {비}1320-1330.  {박무}0820-{박무}{강도0}0900-0930.,
143,대구,1994-05-27,20.2,16,2400,25,1559,,,,,,,13.3,320,1336,8,290,1350,5,4341,270,1.7,19,1730,28.8,7,999.2,1010.5,2349,1004.3,223,1006.2,14.3,8.6,1200,3.42,22.77,,,,,,5.3,2.4,21.4,7.8,,,,,,,,,,,,,,
143,대구,1994-05-28,19.8,9.7,542,28.2,1531,,,,,,,13,200,1415,7,230,1709,2.9,2516,50,4.2,21,1210,37.8,8.3,1002.3,1012,735,1005.9,1735,1009.3,14.4,12.3,1200,3.47,27.47,,,,,,.8,0,24.5,3.4,,,,,,,,,,,,,,
143,대구,1994-05-29,22,14.3,512,29.3,1604,,,,,,,7.7,290,1313,5.2,290,1250,2.4,2112,270,11.4,33,1206,52.3,13.7,1000.3,1009.4,800,1004,1750,1007.3,14.4,9.1,1100,2.89,20.94,,,,,,3.3,2.5,27.1,8.4,,,,,,,,,,,,,,
143,대구,1994-05-30,21.9,17.1,611,27,1608,,,,,,,9.7,290,1241,6.7,290,1222,3.9,3405,290,9.2,25,1229,47,11.8,1002.2,1011.4,2304,1007.1,0,1009.2,14.4,13,1200,3.46,27.58,,,,,,0,.1,28.8,10.9,,,,,,,,,,,,,,
143,대구,1994-05-31,21.7,13.5,604,29.4,1632,,,,,,,11.2,270,1553,7,290,1550,3,2602,290,8.6,25,1547,45,11.2,1003.6,1013.5,650,1008.2,1800,1010.6,14.4,11.3,1200,3.33,26.02,,,,,,.3,.1,28.3,7.8,,,,,,,,,,,,,,
143,대구,1994-06-01,22.8,14.5,559,30.8,1621,,,,,,,9.8,90,1930,6.7,90,1930,3.2,2725,110,7,22,1715,39,10.3,1002.6,1011.3,700,1006.6,1730,1009.6,14.4,13.1,1200,3.38,27.4,,,,,,.3,.1,30.4,8.2,,,,,,,,,,,,,,
143,대구,1994-06-02,23,13.2,601,31.3,1609,,,,,,,8.1,320,1453,5.3,320,1500,2.5,2174,320,9.5,21,1634,46.3,12,1002.4,1011.2,631,1006.8,1801,1009.4,14.4,13,1200,3.3,26.49,,,,,,.5,.3,30.3,8.3,,,,,,,,,,,,,,
143,대구,1994-06-03,24.3,16.7,553,30.8,1600,,,,,,,5.4,320,1311,4.2,320,1340,1.7,1485,290,12,27,1239,48.8,14.1,1004.5,1013.6,2329,1009.7,1704,1011.5,14.5,9.1,1200,2.67,20.98,,,,,,3.3,.5,30,10.3,,,,,,,,,,,,,,
143,대구,1994-06-04,25.3,19.8,648,31.1,1522,,,,,,,7.2,230,1349,5.3,320,1740,1.9,1668,270,13.5,34,1647,48.8,15.5,1006.8,1015.5,2222,1011.7,1501,1013.8,14.5,9.3,1000,2.39,19.02,,,,,,7,3.5,30.6,13.9,,,,,,,,,,,,,,
143,대구,1994-06-05,20.3,15.7,2400,24.4,1355,,,,,,,14,110,1850,9,110,1256,6.3,5436,110,13.2,51,1353,64.5,15.2,1009.7,1018,2249,1015.3,0,1016.8,14.5,11.7,1200,3.21,24,,,,,,6,2.3,26.5,13.4,,,,,,,,,,,,,,
143,대구,1994-06-06,19.1,15.4,15,23.9,1517,,,,,,,11.1,90,19,8.3,110,10,5.5,4733,110,13.2,52,1521,69.3,15.2,1009.2,1018.1,600,1013.8,1730,1016.3,14.5,8.6,1200,2.51,19.92,,,,,,7.5,3.6,26.3,13.2,,,,,,,,,,,,,{박무}2120-{박무}{강도0}2400-,
143,대구,1994-06-07,22,14.5,506,29.8,1719,,,,,,,6.7,140,105,5.7,110,121,2.1,1801,50,13.6,28,1805,62.5,15.7,1007.3,1016.5,818,1011.2,1727,1014.3,14.5,10.2,1200,2.94,20.3,,,,,,6.3,.5,26.7,11.3,,,,,,,,,,,,0,-{박무}-{박무}{강도0}0300-{박무}{강도0}0600-{박무}{강도0}0900-1110.  {박무}2330-{박무}{강도0}2400-,
143,대구,1994-06-08,22,18.8,329,26.4,1532,.92,0,,0,,0,7.1,250,1708,6.2,250,1720,2.3,2011,250,16.8,50,1519,73.5,19.1,1003.1,1013,0,1007.5,2329,1010.1,14.5,.4,1100,1.93,8.86,,,,,,10,6.4,24,16.2,,,,,,,,,,,,0,-{박무}-{박무}{강도0}0300-{박무}{강도0}0600-{박무}{강도0}0900-{박무}{강도0}1200-{박무}{강도0}1500-{박무}{강도0}1800-{박무}{강도0}2100-   {박무}{강도0}2400-  {비}0850-{비}{강도0}0900-0945.,
143,대구,1994-06-09,23.6,19.8,527,29.4,1539,,,,,,,7.4,320,1610,5.2,270,1430,3.5,3005,270,13.5,32,1555,55.3,15.7,998.8,1007.7,0,1003.1,1655,1005.8,14.5,7.4,1200,2.67,20.27,,,,,,8.8,3.4,28.5,16.2,,,,,,,,,,,,,-{박무}-{박무}{강도0}0300-0505.,
143,대구,1994-06-10,23,17.9,602,29,1417,,,,,,,5.7,110,1148,4.5,140,1110,2.4,2071,110,14.9,43,1450,62,17,1001,1010.6,2400,1006.4,1652,1007.9,14.5,3.7,1100,2.23,13.83,,,,,,8.5,4.5,25.6,14.4,,,,,,,,,,,,,{박무}0210-{박무}{강도0}0300-{박무}{강도0}0600-{박무}{강도0}0900-0950.  {연무}1110-{연무}{강도0}1200-{연무}{강도0}1500-{연무}{강도0}1800-{연무}{강도0}2100-2230.  {박무}2220-{박무}{강도0}2400-,
143,대구,1994-06-11,23.9,18,444,31.3,1654,,,,,,,8.2,200,1512,4.8,230,1550,2.1,1827,230,15,26,1636,61,17.2,1002.5,1012.2,820,1006.1,1811,1009.5,14.5,9.1,1100,2.9,20.82,,,,,,5.8,3.6,27,13.2,,,,,,,,,,,,,-{박무}-{박무}{강도0}0300-{박무}{강도1}0600-{박무}{강도0}0900-1110.,
143,대구,1994-06-12,25.4,18.5,512,32.8,1411,,,,,,,6.6,230,1758,5.7,230,1757,2.1,1840,230,13.5,24,1447,51,15.6,1000,1009.4,901,1005.3,1718,1007,14.6,7.4,1200,3.18,18.73,,,,,,6,4,30.8,13.4,,,,,,,,,,,,,{박무}0430-{박무}{강도0}0600-{박무}{강도0}0900-0940.,
143,대구,1994-06-13,24.1,19.9,2400,28.3,1503,,,,,,,11.9,110,1349,8.7,110,1300,4.7,4026,90,15.8,46,1550,60,18.1,999.5,1007.7,901,1005.1,1546,1006.5,14.6,9.7,1200,3.11,24.42,,,,,,5.8,3.1,30.9,13.9,,,,,,,,,,,,,{박무}0240-{박무}{강도0}0300-{박무}{강도0}0600-{박무}{강도0}0900-0940.,
143,대구,1994-06-14,23.1,15.1,603,29.8,1433,,,,,,,10.4,110,1512,6.7,110,1510,3.5,3037,90,11.4,28,1338,50.8,13.6,1001,1009.6,2337,1006.6,1600,1008,14.6,12.9,1200,3.3,26.02,,,,,,.5,0,30.9,9.6,,,,,,,,,,,,,,
143,대구,1994-06-15,24.4,14.7,550,32.8,1449,,,,,,,9.5,110,1649,6,110,1652,3,2625,140,12,27,1730,48,14,1002.3,1011.1,815,1007,1700,1009.2,14.6,12.4,1200,3.37,26.67,,,,,,1.8,.1,32.3,10.6,,,,,,,,,,,,,,
143,대구,1994-06-16,25.4,16.8,540,34.8,1502,,,,,,,7,90,1813,5.7,90,1740,2.8,2416,110,13.5,28,1459,50.3,15.5,1001.7,1010.5,807,1005.4,1600,1008.7,14.6,11.9,1200,3.19,25.09,,,,,,1.5,.5,33.3,12.3,,,,,,,,,,,,,,
143,대구,1994-06-17,25.8,19.2,610,33.6,1519,,,,,,,7.3,140,1407,6.7,90,1749,2.8,2383,70,15.8,29,1620,57.3,18,1001.4,1009.8,836,1006.3,1745,1008.3,14.6,10.9,1300,2.4,19.64,,,,,,4.5,3.1,31.7,15.1,,,,,,,,,,,,1,{박무}0520-{박무}{강도0}0600-{박무}{강도0}0900-1020.  {연무}1030-{연무}{강도0}1200-1440.,
143,대구,1994-06-18,19.8,18.6,1347,21.8,0,13.2,2.3,1317,6.4,1302,14.5,17.6,70,1927,9.2,70,1640,6.1,5239,70,17.1,67,1936,85,19.6,1000.4,1008.6,0,1006.1,1635,1007.5,14.6,0,1400,.47,3.14,,,,,,10,4.8,20.2,16.8,,,,,,,,,,,,26.7,{천둥}{강도0}(E)0717-0727.  {소나기}0718-0725.  {비}0730-{비}{강도0}0900-{비}{강도0}1200-{비}{강도0}1500-   {비}{강도0}1800-1820.  {비}2010-{비}{강도0}2100-2120.  {비}2240-2345.,
143,대구,1994-06-19,17.9,16.4,859,20,355,12.08,1.7,823,5.5,732,16.7,15.3,70,20,8.3,90,28,4.4,3830,50,12.9,56,1731,73.3,15,1001.9,1013.3,2300,1005.1,333,1009.1,14.6,0,1100,1.23,5.64,,,,,,9.3,4.4,18.3,15.1,,,,,,,,,,,,3.5,{비}0020-0120.  {비}0410-{비}{강도0}0600-{비}{강도0}0900-{비}{강도0}1200-1445.  {비}1745-1755.   {비}1810-1830.,
143,대구,1994-06-20,19.1,14.1,421,25.8,1636,,,,,,,10.5,110,2009,6.8,110,2008,2.4,2092,110,10.5,36,1424,60,12.8,1007,1016.6,2240,1012,1700,1014.1,14.6,11.4,1100,3.07,23.47,,,,,,5.5,2.4,22.1,10.2,,,,,,,,,,,,,,
143,대구,1994-06-21,23.2,16.1,530,30.8,1750,,,,,,,9.6,230,1541,4.8,230,1548,2.4,2054,270,13.5,30,1638,57.3,15.6,1006.8,1016.4,0,1010.4,1734,1013.8,14.6,11.3,1200,3.28,25.8,,,,,,4.3,1.6,28.5,11.8,,,,,,,,,,,,,{박무}0730-{박무}{강도0}0900-0920.,
143,대구,1994-06-22,20.7,14.9,2330,26.1,1558,7.33,.5,2049,2.3,2130,6.3,7.7,180,1714,5.5,230,1648,2.2,1880,270,15.1,29,1547,73.8,17.4,1004.1,1012.7,0,1009.5,1526,1011.2,14.6,0,1300,1.45,9.51,,,,,,9.8,4.9,23.1,14.8,,,,,,,,,,,,7,{박무}0410-{박무}{강도0}0600-{박무}{강도0}0900-{박무}{강도0}1200-1410.  {박무}1830-{박무}{강도0}2100-{박무}{강도0}2400-  {비}1640-{비}{강도0}1800-{비}{강도0}2100-{비}{강도0}2400-,
143,대구,1994-06-23,19.6,15,45,23.9,1545,5.17,.1,120,.3,354,.7,5.2,270,1249,4,250,1224,1.8,1551,270,16.3,64,1531,81.5,18.6,1001.5,1010.1,0,1006.9,1730,1008.6,14.6,2.4,1100,2.19,11.22,,,,,,10,6,22.5,14.7,,,,,,,,,,,,,-{비}-0240.  {비}0350-{비}{강도0}0600-0620.  -{박무}-{박무}{강도0}0300-{박무}{강도0}0600-{박무}{강도0}0900-{박무}{강도0}1200-{박무}{강도0}1500-1730.,
143,대구,1994-06-24,23.5,17.1,530,30.4,1539,,,,,,,8.3,290,1540,6.2,290,1546,2.9,2522,110,15.2,36,1536,62.8,17.3,1000.8,1009.5,749,1005.6,1737,1007.8,14.6,7.1,1100,3.03,21.47,,,,,,6.8,2.9,26.8,15.3,,,,,,,,,,,,,{박무}0030-{박무}{강도0}0300-{박무}{강도0}0600-{박무}{강도0}0900-1040.,
143,대구,1994-06-25,26.3,21.8,430,31,1529,.17,0,,0,,0,6.4,140,1800,5.2,140,1802,2.1,1783,140,19.1,45,1701,65.8,22.1,998.9,1007.8,800,1002.7,1800,1005.7,14.6,.9,1000,2.19,13.32,,,,,,8,5.6,27.8,18.9,,,,,,,,,,,,0,{박무}0510-{박무}{강도0}0600-{박무}{강도0}0900-1050.  {비}1755-{비}{강도0}1800-1805.,
143,대구,1994-06-26,28.8,23.5,522,34.1,1340,,,,,,,13.1,250,1520,8,250,1534,3.5,2988,250,21.2,41,1820,64.8,25.2,995.9,1006.6,2326,1000.9,1314,1002.7,14.6,10.1,1000,2.84,21.55,,,,,,6.3,3,31.8,20.6,,,,,,,,,,,,,,
143,대구,1994-06-27,23.4,20,2340,27.9,0,9.92,8.5,1322,10.7,1320,24.6,21.9,270,1312,9,320,1323,2.3,2003,90,20.4,55,14,83.5,23.9,1002.4,1012.3,1323,1005.9,56,1009.4,14.6,0,900,.49,3.82,,,,,,9.8,5.5,25.3,19.2,,,,,,,,,,,,24.6,{박무}0430-{박무}{강도0}0600-{박무}{강도0}0900-{박무}{강도0}1200-1430.  {박무}1820-{박무}{강도0}2100-{박무}{강도0}2400-  {비}0950-{비}{강도0}1200-1240.  {소나기}1315-{비}1336-{비}{강도0}1500-{비}{강도0}1800-2020.  {천둥}{강도0}(SW)1321.  {번개}(WSW)1334.,
143,대구,1994-06-28,23.1,19.8,100,28.2,1653,,,,,,,8.6,90,714,6.2,110,707,3,2611,110,18.1,52,1817,74.5,20.8,1005.7,1014.7,950,1011.1,300,1012.7,14.6,4.6,1200,3.28,18.27,,,,,,8.8,4.1,25.3,19.6,,,,,,,,,,,,,-{박무}-{박무}{강도0}0300-{박무}{강도0}0600-0620.,
143,대구,1994-06-29,26.2,21.2,335,31.4,1447,,,,,,,6.8,250,1257,4.5,270,1310,2,1712,230,19.1,45,1454,66.3,22.1,1002.9,1012.6,0,1006.9,1730,1009.9,14.6,7.1,1000,2.69,19.01,,,,,,8,5,29.5,19.8,,,,,,,,,,,,12.9,{박무}0310-{박무}{강도0}0600-{박무}{강도0}0900-{박무}{강도0}1200-1210.  {연무}1230-1350.,
143,대구,1994-06-30,24.6,22.6,510,26.5,1202,14.33,1.9,346,5.2,304,20.7,7.8,70,458,5.5,90,740,2,1719,90,22.5,77,55,88.3,27.3,997.5,1007.3,0,1002.1,1732,1004.4,14.6,0,1100,1.04,4.7,,,,,,10,5.3,24.9,21.8,,,,,,,,,,,,7.8,{비}0115-{비}{강도0}0300-{비}{강도0}0600-{비}{강도0}0900-{비}{강도0}1200-{비}{강도0}1500-1505.  {비}2330-{비}{강도0}2400-  {박무}2010-{박무}{강도0}2100-{박무}{강도0}2400-,
143,대구,1994-07-01,28.7,23.9,318,33.7,1602,.5,0,,0,,0,11.2,250,1352,8.7,250,1402,3,2581,250,23.4,54,1630,73.8,28.7,997.5,1008,2349,1002.6,210,1004.3,14.6,8.3,1300,2.64,15.96,,,,,,6.8,3.6,29.5,23,,,,,,,,,,,,,-{비}-0030.  -{박무}-{박무}{강도0}0300-{박무}{강도0}0600-0710.  {박무}2130-{박무}{강도0}2400-,
143,대구,1994-07-02,28.8,25.9,615,33,1626,1.92,1,1202,1.4,1200,1.5,8.6,250,1715,6.3,250,1720,3,2566,270,24,58,1652,75.5,29.9,1002.5,1012,2400,1008,0,1009.3,14.5,4.1,900,1.68,11.51,,,,,,8,5.8,29.6,23.6,,,,,,,,,,,,1.5,{비}1140-{비}{강도0}1200-1310.  {소나기}1920-1930.  {소나기}2050-{소나기}{비}{강도0}2100-2105.  -{박무}-{박무}{강도0}0300-{박무}{강도0}0600-{박무}{강도0}0900-1020.,
143,대구,1994-07-03,29,25.9,555,33.1,1437,,,,,,,4.3,270,4,3.7,270,10,1.7,1498,270,23.6,51,1423,73.8,29.1,1005.9,1014.5,830,1011.7,1800,1012.7,14.5,1.3,1300,2.47,12.35,,,,,,7.5,3.4,29.6,24.1,,,,,,,,,,,,,{박무}0330-{박무}{강도0}0600-{박무}{강도0}0900-{박무}{강도0}1200-1320.  {박무}2310-{박무}{강도0}2400-,
143,대구,1994-07-04,29.7,24.6,552,35.3,1545,,,,,,,12.2,250,1517,8.2,250,1540,4.3,3678,230,22.1,39,1538,65.8,26.7,1003.3,1012.6,0,1007.4,1807,1010.1,14.5,10.4,1200,3.2,22.99,,,,,,4.3,2.1,32.4,20.9,,,,,,,,,,,,,-{박무}-{박무}{강도0}0300-0510.,
143,대구,1994-07-05,30.6,25.2,550,35.3,1437,.3,0,,0,,0,14.1,200,1821,8.2,250,1800,3.9,3393,250,21.6,42,1437,59.5,25.9,1002.5,1010.8,1026,1005.6,1828,1009.3,14.5,9.6,1000,2.67,19.92,,,,,,2.3,1.9,34.6,21.9,,,,,,,,,,,,0,{소나기}1204-1207.  {소나기}1820-1835.,
143,대구,1994-07-06,30.5,25.5,559,35.9,1653,.6,4.6,2224,6.7,2210,6.7,8.2,270,2218,6,230,1841,2.8,2434,320,22.4,41,1614,63,27.1,1003.8,1012,900,1008.6,1745,1010.6,14.5,6.8,1100,3.01,19.95,,,,,,6.3,3.4,34.9,21.9,,,,,,,,,,,,6.7,{번개}{강도0}(N)2016-2020.  {뇌전}{강도0}(N 4-6)2035-2047.  {뇌전}{강도0}(NW 4-6)2205-{뇌전}{강도0}(NW{이동}W 3-4)2210-{뇌전}{강도0}(W{이동}SW 3-4)2214-{천둥}{강도0}(SW)2220-2240.  {소나기}2210-2246.,
143,대구,1994-07-07,30,25.5,556,35.2,1630,,,,,,,7.3,270,1333,5,270,1740,2.7,2299,290,23.3,41,1809,68.5,28.6,1004.2,1011.9,900,1009.3,1727,1011,14.5,10.2,1100,2.43,19.49,,,,,,2.3,2.5,31.9,23.2,,,,,,,,,,,,,,
143,대구,1994-07-08,30.1,24.9,610,35.8,1607,,,,,,,8.4,320,1250,5.3,270,1204,2.4,2100,320,22.6,44,1430,65.8,27.5,1003.1,1011.3,900,1007.8,1800,1009.9,14.5,11.1,1300,3.02,23.58,,,,,,4,2.6,34.5,21.9,,,,,,,,,,,,0,,
143,대구,1994-07-09,29.8,25.8,505,36.6,1403,1.1,1.2,1432,1.6,,1.7,11.7,290,1412,7.7,340,1428,2.1,1851,20,23.8,38,1406,71,29.5,1001.7,1010.1,114,1006.4,1804,1008.5,14.5,6.5,1200,2.86,18.02,,,,,,4.8,2.4,33,23.2,,,,,,,,,,,,1.7,{소나기}0534-0540.  {소나기}0545-{소나기}{강도0}0600-0610.  {소나기}1420-1445.  {소나기}1625-1635.  {천둥} {강도0}(NW)1620-1630.,
143,대구,1994-07-10,30.6,26,540,37,1720,,,,,,,9.1,270,1210,6.3,320,1340,3,2595,270,22.1,36,1740,62.8,26.7,1001.1,1008.9,840,1006,1730,1007.9,14.5,11.5,1200,3.18,25.17,,,,,,1.5,1.4,37.2,23,,,,,,,,,,,,,,
143,대구,1994-07-11,30.6,26.7,512,37.4,1651,,,,,,,7.4,140,2051,4.8,270,30,3.2,2730,270,21.9,38,1510,61.8,26.4,1002.8,1011.1,2400,1008.2,1740,1009.6,14.4,8.9,1200,3.28,23.35,,,,,,4.5,2.6,36.7,22.9,,,,,,,,,,,,,,
143,대구,1994-07-12,31.9,24.3,524,39.4,1704,,,,,,,5.7,320,1449,3.8,160,2030,2.1,1843,50,21.1,30,1429,55.5,25.2,1003.1,1011.6,810,1007.6,1833,1009.9,14.4,11.4,1200,3.18,24.26,,,,,,2.3,1.6,39.3,20.9,,,,,,,,,,,,,,
143,대구,1994-07-13,32.5,26.6,603,38.8,1628,,,,,,,9.4,250,1341,7.7,250,1342,3.1,2686,250,22.4,32,1550,57.5,27.2,1002.1,1010.1,602,1006.6,1759,1008.9,14.4,12.9,1200,3.27,24.41,,,,,,.8,.4,38.1,22.4,,,,,,,,,,,,,,
143,대구,1994-07-14,32.4,26.9,601,38.4,1634,,,,,,,7.9,250,1333,5.8,270,927,3,2592,270,22.4,39,1640,56.5,27.1,1002.5,1010.5,816,1007.6,1745,1009.3,14.4,11.5,1100,2.96,21.8,,,,,,1.5,1,38.8,21.3,,,,,,,,,,,,,,
143,대구,1994-07-15,32.7,24.2,2116,39.3,1700,1.67,11,2102,23.6,2050,23.6,21.8,180,2104,13,180,2104,2.7,2318,320,23.5,33,1648,61,29.2,1003.8,1012.2,646,1008,1813,1010.6,14.4,10.8,1200,3.06,22.84,,,,,,5,2.6,38.7,22.1,,,,,,,,,,,,23.6,{번개}{강도0}(S)1933-{번개}{강도0}(S)1940-1950.  {번개}{강도0}(S)2006-{번개}{강도0}(S)2010-{뇌전}{강도0}(S 3-5)2025-{뇌전}{강도0}(S{이동}SW 3-5)2100-{뇌전}{강도1}(SW{이동}W 2-3)2110-{뇌전}{강도1}(W 1-2)2120-{뇌전}{강도1}(W{이동}NW 1-2)2130-{뇌전}{강도1}(NW 1-2)2140-{뇌전}{강도0}(NW{이동}N 3-4)2200-{천둥}{강도0}(N)2210-2220.  {소나기}2015-2030.  {소나기}2050-{소나기}{강도1}2100-2215.,
143,대구,1994-07-16,29.4,23.7,414,37.3,1356,.83,.6,1613,.8,,1,15.8,90,1522,9.7,90,1527,2.2,1932,50,21.8,39,1258,66.5,26.1,1002.7,1011.2,830,1005.9,1521,1009.6,14.4,7.2,1200,3.11,18.73,,,,,,4,2.6,31,21.8,,,,,,,,,,,,1,{소나기}1605-1630.  {소나기}1705-1730.  {천둥}{강도0}(N)1504-1625.  {천둥}{강도0}(N)1730-1740.,
143,대구,1994-07-17,29.4,23.8,612,35.7,1422,,,,,,,8.1,90,1721,6,90,1907,3.5,3010,110,21.5,40,1630,64.8,25.6,1003.7,1012.1,930,1008.5,1750,1010.6,14.3,10.6,1200,3.19,23.73,,,,,,2.5,.8,32.6,21.1,,,,,,,,,,,,,{박무}0030-{박무}{강도0}0300-0440.  {박무}0650-{박무}{강도0}0900-1010.  {연무}1020-{연무}{강도0}1200-1250.,
143,대구,1994-07-18,30.7,23.5,537,38.8,1527,,,,,,,9.1,50,1748,6.3,50,1751,2.7,2315,90,19.5,25,1540,55.5,22.9,1003.9,1012.9,757,1008,1725,1010.8,14.3,10.9,1200,3.22,25.09,,,,,,2,.6,36.8,19.6,,,,,,,,,,,,,{박무}0430-{박무}{강도0}0600-{박무}{강도0}0900-0915.,
143,대구,1994-07-19,31.4,24.7,609,38.9,1638,,,,,,,6.9,290,1454,5.3,340,1750,2.4,2100,50,21.4,32,1806,57.3,25.5,1002.1,1011.2,749,1006.4,1803,1009,14.3,12.2,1200,2.84,22.07,,,,,,3.5,1.1,36.9,20.2,,,,,,,,,,,,,,
143,대구,1994-07-20,32.7,27.2,601,39.3,1613,,,,,,,8.1,290,1113,7.7,340,1410,2.9,2514,320,22.3,30,1628,57.5,27.2,1000.8,1009.1,720,1005.5,1807,1007.6,14.3,11.3,,,10.94,,,,,,2.3,.3,40,22.5,,,,,,,,,,,,,{박무}0630-{박무}{강도0}0900-0930.,
143,대구,1994-07-21,32.9,27.5,617,39.4,1621,,,,,,,8.1,290,1703,5.8,340,1803,3.1,2656,290,22.3,34,1429,56.3,27,1000.2,1008.2,856,1004.4,1720,1006.9,14.2,9.8,,,,,,,,,3.3,1.9,40.4,23.1,,,,,,,,,,,,,{박무}0430-{박무}{강도0}0600-{박무}{강도0}0900-1010.,
143,대구,1994-07-22,31.7,27.2,608,37.5,1403,,,,,,,10.3,70,1504,8,70,1510,4.2,3612,90,22.1,38,1341,58.3,26.6,999.3,1007.8,706,1003.7,1830,1006.1,14.2,11.8,1200,3.08,15.17,,,,,,4.5,.5,38.4,24.2,,,,,,,,,,,,,{박무}0550-{박무}{강도0}0600-{박무}{강도0}0900-1040.  {박무}2130-{박무}{강도0}2400-,
143,대구,1994-07-23,30.5,25.2,612,36.8,1410,,,,,,,10.8,90,1509,7.7,90,1820,4.4,3812,90,20.6,30,1430,59.5,24.7,998.6,1006.8,353,1003.6,1801,1005.4,14.2,11.7,1200,3.15,24.72,,,,,,.3,.3,38.1,21.3,,,,,,,,,,,,,-{박무}-{박무}{강도0}0300-{박무}{강도0}0600-{박무}{강도0}0900-0930.,
143,대구,1994-07-24,30.1,24.1,501,36.5,1409,,,,,,,12.8,90,1418,8.8,90,1641,4.2,3613,90,20.3,34,1441,58,23.9,997.5,1006.2,553,1002.4,1811,1004.3,14.2,11.5,1200,3.2,24.54,,,,,,1.5,.8,37.9,19.6,,,,,,,,,,,,,,
143,대구,1994-07-25,30.3,25.4,513,35.9,1412,,,,,,,13.2,90,1535,8.7,90,1437,3.7,3165,90,20.9,37,1340,58.5,24.7,997.2,1005,0,1001.7,1743,1003.9,14.2,12.1,1200,3.12,23.23,,,,,,1.8,2.3,38.3,21,,,,,,,,,,,,1.1,,
143,대구,1994-07-26,25.9,24.5,1221,27.9,0,11.83,4.9,1147,10.2,1120,30,6.4,320,635,4.3,340,420,2.3,1980,290,23,66,0,84,28.2,996.3,1004.4,2130,1002.7,1655,1003.3,14.1,0,1000,.29,2.51,,,,,,9.5,5.6,27,22.8,,,,,,,,,,,,30.1,{비}0640-{비}{강도0}0900-{비}{강도1}1200-1430.  {비}1930-{비}{강도0}2100-2330.,
143,대구,1994-07-27,27.3,24.8,50,31.4,1216,3.5,.3,632,.6,537,1.2,9.4,110,1641,6.3,110,1700,3.1,2649,110,23.5,64,1210,80.3,29,996.3,1004,644,1002.1,1629,1003.2,14.1,2.2,1200,2.21,13.26,,,,,,10,5.6,28.7,24.2,,,,,,,,,,,,0,{비}0410-{비}{강도0}0600-0650.  {비}0705-0745.  {소나기}2115-2125.,
143,대구,1994-07-28,28.8,26.1,558,33.5,1357,,,,,,,10,90,1424,6.7,90,1508,3.8,3271,90,23.3,51,1414,73.3,28.6,995.7,1003.5,905,1001,1831,1002.5,14.1,7.3,1300,2.84,16.92,,,,,,7.3,4.8,30.1,24.2,,,,,,,,,,,,,{박무}0125-{박무}{강도0}0300-{박무}{강도0}0600-{박무}{강도0}0900-1030.,
143,대구,1994-07-29,29.6,24.9,601,35.5,1605,1.08,1.4,1743,1.7,1720,1.7,12.8,90,1726,7.3,90,1739,3.3,2858,90,23.2,43,1600,70.5,28.5,997,1005.9,2350,1002.1,1625,1003.8,14.1,10.2,1200,3.12,23.46,,,,,,1.5,2.1,34.7,23.1,,,,,,,,,,,,1.7,{박무}0430-{박무}{강도0}0600-{박무}{강도0}0900-1110.  {소나기}1705-1710.  {소나기}1720-{소나기}{강도0}1800-1820.   {천둥}{강도0}(N)1720-{천둥}{강도0}(NW)1730-{천둥}{강도0}(W)1740-1750.,
143,대구,1994-07-30,29.4,24.7,610,35.8,1626,,,,,,,6.2,160,1839,4.8,160,1842,2,1769,90,22.8,37,1726,70.3,27.8,999.6,1008.2,2215,1005,1725,1006.5,14,3.5,1300,2.07,14.74,,,,,,6,2.4,31.3,22.5,,,,,,,,,,,,0,{박무}0610-{박무}{강도0}0900-{박무}{강도0}1200-1205.,
143,대구,1994-07-31,28.6,26.7,612,31.4,1413,3.5,0,,0,,0,5.2,90,2057,4,90,1631,1.8,1576,70,23.6,60,1546,74.8,29,1002.4,1010.4,1050,1007.8,23,1009.2,14,2.4,1300,1.02,7.88,,,,,,9.8,3.8,29,23.7,,,,,,,,,,,,1.6,{소나기}0820-0830.  {비}0930-{소나기}1010-{소나기}{강도0}1200-1220.  {소나기}1440-{소나기}{강도0}1500-1510.  {박무}0520-{박무}{강도0}0600-{박무}{강도0}0900-{박무}{강도0}1200-1430.,
143,대구,1994-08-01,27.4,25.4,559,30.3,1757,7.42,6.6,1320,13.3,947,28.2,10.8,230,1843,8,90,1214,4.1,3563,90,24,59,1804,82.5,30,999.3,1009.4,0,1003.7,1506,1006.2,14,.5,1100,1.72,5.3,,,,,,8,3.8,27.1,23.7,,,,,,,,,,,,26.6,{박무}0030-{박무}{강도0}0300-{박무}{강도0}0600-{박무}{강도0}0900-1040.  {비}0525-{비}{강도0}0600-{비}{강도0}0900-1105.  {비}1208-1212.  {비}1254-1435.  {뇌전}{강도0}(W 2-3)0940-{뇌전}{강도1}(SW 1-2)1010-{뇌전}{강도0}(S 2-3)1015-1030.  {천둥}{강도0}(NE)1235-{천둥}{강도0}(E)1250-1305.,
143,대구,1994-08-02,30.8,25.9,601,35.4,1723,,,,,,,8.8,270,1527,6.7,250,1532,2.9,2518,250,23,43,1505,64.8,28.1,1003.8,1011.9,900,1008.3,0,1010.7,13.9,3.9,1200,2.51,20.58,,,,,,5.3,4.5,32.6,23.2,,,,,,,,,,,,0,{박무}0630-0830.  {번개}{강도0}(NE)2110-2130.,
143,대구,1994-08-03,30.5,26.6,534,35.9,1545,.58,0,,0,,0,11,250,1616,7,230,1600,3.3,2846,250,23.6,43,1522,69,29.3,1004.2,1012.2,1001,1009.2,1858,1010.9,13.9,6.8,1300,3.11,19.3,,,,,,6.3,3.9,32.5,23.6,,,,,,,,,,,,0,{소나기}0835-0855.  {소나기}0930-0945.,
143,대구,1994-08-04,30.4,26.1,542,36,1719,,,,,,,6.6,290,1418,4.7,290,1019,2.4,2114,320,22.1,39,1635,62.8,26.6,1004.9,1012.8,722,1010.5,1800,1011.7,13.9,10.3,1100,2.96,20.72,,,,,,5.3,3.9,33.1,23.2,,,,,,,,,,,,,,
143,대구,1994-08-05,31.5,26.9,523,36.6,1500,,,,,,,5,140,1820,3.8,110,1752,1.9,1649,320,23.6,39,1422,65.3,29.2,1006.4,1015,916,1011.5,1710,1013.2,13.9,4.4,900,2.27,14.8,,,,,,4.8,2.5,36.1,23.8,,,,,,,,,,,,,,
143,대구,1994-08-06,31.7,26.8,616,37.8,1627,,,,,,,7.6,230,1547,5.3,250,2014,2.7,2299,250,22.8,35,1600,60.8,27.7,1007.6,1015.2,852,1011.9,1818,1014.4,13.8,11.4,1100,2.74,21.09,,,,,,1,1,37.5,23.3,,,,,,,,,,,,,,
143,대구,1994-08-07,31.4,26.8,602,36.8,1504,,,,,,,10.9,230,1302,6.2,250,1211,3.1,2714,230,22.8,38,1325,62,27.9,1006.4,1014.9,0,1010.5,1810,1013.2,13.8,10.1,1200,3.07,20.92,,,,,,4,3.1,37.4,23.5,,,,,,,,,,,,,,
143,대구,1994-08-08,31.5,27,511,37.8,1619,,,,,,,7.9,250,1456,4.7,250,1500,2.2,1919,270,22.8,31,1550,62,27.9,1004.9,1013.7,800,1009.3,1827,1011.8,13.8,6.8,1400,2.65,20.08,,,,,,5,3.6,37.5,23,,,,,,,,,,,,,,
143,대구,1994-08-09,30.9,26.8,551,37.7,1436,,,,,,,8,90,1851,6,90,1840,3,2617,90,22.7,35,1441,65,27.9,1002.5,1011.3,120,1006.5,1807,1009.3,13.7,8.4,1100,2.69,18.7,,,,,,6.8,1.6,35.1,22.2,,,,,,,,,,,,4.1,{박무}0630-{박무}{강도0}0900-1120.,
143,대구,1994-08-10,27.9,24.2,615,30.3,1335,5.25,1.9,245,4,200,4.5,13.2,90,1832,9.3,90,1602,4.7,4095,90,23.2,60,1330,76.3,28.5,997.9,1008.3,30,1001.5,1836,1004.8,13.7,1.2,1100,1.29,8.17,,,,,,9.3,4.5,28.1,21.8,,,,,,,,,,,,.7,{박무}0810-{박무}{강도0}0900-1110.  {소나기}0125-{소나기}{강도0}0300-{비}0330-0355.  {비}1505-1525.  {비}1730-{비}{강도0}1800-1820.  {비}1920-2035.  {비}2115-2135.  {천둥}{강도0}(SW)0115-{뇌전}{강도0}(SW 4-4)0125-{뇌전}{강도0}(SW 3-4)0140-{뇌전}{강도0}(SW{이동}S 3-4)0150-{뇌전}{강도0}(S 2-3)0155-{뇌전}{강도0}(S 4-5)0210-{뇌전}{강도0}(S{이동}SE 3-4)0230-{뇌전}{강도0}(SE{이동}E 4-5)0250-{뇌전}{강도0}(E 4-5)0300-0320.,
143,대구,1994-08-11,28.3,26.6,2400,29.8,1754,5.33,1.4,2247,1.7,2240,2.3,18.1,140,1311,7.2,140,1324,4.1,3571,140,22.9,58,607,72.5,27.9,996.1,1005.6,2238,1001,433,1002.9,13.7,.3,1600,.61,4.03,,,,,,9,4.8,27.2,23.5,,,,,,,,,,,,2,{비}0210-0240.  {비}0720-{비}{강도0}0900-0930.  {비}1030-1140.  {비}1220-1240.  {비}1350-1430.  {소나기}2240-2310.,
143,대구,1994-08-12,30.1,25.9,350,35,1458,.33,0,,0,,0,10,90,1259,7.2,90,1350,4.2,3608,110,21.7,40,1500,63,26.1,999.6,1007.9,2150,1005.1,107,1006.5,13.6,10.2,1300,3.09,20.57,,,,,,5,2.4,33.2,22.8,,,,,,,,,,,,,{비}0030-0050.,
143,대구,1994-08-13,29.9,25.4,520,33.6,1307,,,,,,,14,70,920,9.7,90,1030,5.2,4497,90,22.3,50,1304,64.3,27,999.3,1007.8,0,1004,1806,1006.1,13.6,12,1200,2.9,21.45,,,,,,2,2.5,34.6,21.9,,,,,,,,,,,,,,
143,대구,1994-08-14,30.9,27.7,558,36,1336,.08,0,,0,,0,12,140,1206,7.3,140,1147,4.3,3745,90,22.2,39,1230,59,26.8,998.7,1007.9,2400,1004.3,433,1005.4,13.6,6.8,1100,3.11,16.98,,,,,,4.3,2.9,34.2,24.1,,,,,,,,,,,,0,{소나기}1720-1725.,
143,대구,1994-08-15,30.4,27.8,219,35,1602,,,,,,,8.8,160,1653,6.2,180,1700,3.5,3020,110,22.5,45,1607,63.8,27.3,1002.5,1011.5,2257,1007.6,154,1009.2,13.5,7.7,1100,2.53,15.1,,,,,,6.3,4.1,34.6,24.4,,,,,,,,,,,,4.6,,
143,대구,1994-08-16,29,25.3,340,32.6,1529,1.58,3.2,45,4.6,20,4.6,8.7,160,1210,5.7,180,1641,3.3,2878,180,21.7,50,1530,66.8,26.2,1005.9,1014.2,2400,1011.1,0,1012.8,13.5,5.3,1200,2.36,11.96,,,,,,7,5.9,31.3,23.1,,,,,,,,,,,,0,{소나기}0020-0135.  {소나기}1025-1035.  {소나기}1110-1120.,
143,대구,1994-08-17,29.7,24.8,604,35.4,1427,,,,,,,8.4,250,1016,5.7,250,1037,2.6,2279,180,20.7,39,1437,59.5,24.4,1006.5,1015.2,857,1011.2,1627,1013.4,13.5,5.7,1000,2.49,16.28,,,,,,4.3,2.1,32.4,21.6,,,,,,,,,,,,,,
143,대구,1994-08-18,26.8,24.2,1600,34.1,1315,2,9.6,1443,26.7,1440,27.1,12.7,340,1503,8.2,340,1510,2.4,2080,290,22.4,38,1239,76.8,27.2,1005.9,1014.5,2400,1011,1435,1012.9,13.4,5.7,1200,2.32,13.15,,,,,,7.3,4.3,29.1,20.8,,,,,,,,,,,,27.1,{소나기}1415-{소나기}{강도1}150-1550.  {소나기}1610-1635.  {천둥}{강도0}(NE)1429-{천둥}{강도0}(E)1432-{뇌전}{강도1}(E 1-2)1439-{천둥}{강도1}(E)1452-{천둥}{강도0}(E)1500-{천둥}{강도1}(SE)1505-{천둥}{강도1}(SE)1525-1540.  {박무}0530-{박무}{강도0}0600-{박무}{강도0}0900-0940.,
143,대구,1994-08-19,27.2,23.3,635,32.3,1513,,,,,,,12.2,90,1816,7.5,90,1837,4,3453,90,19.5,36,1520,66,22.9,1008.4,1017.3,2400,1014.2,210,1015.3,13.4,10.1,1100,3.12,21.26,,,,,,4.8,2.4,29,18.3,,,,,,,,,,,,,{달무리}2320-,
143,대구,1994-08-20,25.7,19.1,601,32.3,1424,,,,,,,11.6,90,1609,8.3,90,1617,3.1,2720,90,15.8,25,1630,58.3,18.1,1010.1,1018.1,700,1015.1,1532,1017,13.4,10.9,1400,2.6,20.25,,,,,,3.5,2.9,29.9,15.7,,,,,,,,,,,,,-{달무리}-0030.,
143,대구,1994-08-21,26.2,22.1,2400,30.7,1400,,,,,,,11.3,90,1429,8.7,110,1442,4.2,3623,90,15.5,34,1034,53.3,17.7,1009.7,1017.5,959,1015,1711,1016.6,13.3,11.9,1200,3.21,24.47,,,,,,3,1.4,32.1,17.1,,,,,,,,,,,,,,
143,대구,1994-08-22,24.5,17.6,614,31.8,1602,,,,,,,9.1,90,1912,6.5,90,1850,3.7,3171,110,16,37,1511,61.5,18.3,1009.1,1017.6,848,1014,1735,1016.1,13.3,12,1200,3.23,24,,,,,,.3,.8,30.5,13.9,,,,,,,,,,,,,,
143,대구,1994-08-23,26.4,20.1,616,33.4,1633,,,,,,,7.1,90,1811,5.7,110,1836,2.2,1881,50,18.1,31,1629,63.5,20.9,1007.4,1016.1,637,1011.8,1810,1014.4,13.3,9.2,1100,3.07,19.62,,,,,,1.5,2,31.8,15.8,,,,,,,,,,,,,,
143,대구,1994-08-24,27.4,20.9,620,34.9,1608,,,,,,,6.4,200,1511,4.3,230,1905,2,1696,90,18.4,27,1609,61.8,21.4,1004.8,1013.8,819,1008.6,1817,1011.7,13.2,10.1,1100,2.55,18.96,,,,,,3.5,1.4,32.2,18.1,,,,,,,,,,,,,{박무}0920-1130.,
143,대구,1994-08-25,28.4,22.3,603,34.1,1608,,,,,,,10,250,1245,6.8,230,1311,2.8,2391,50,20.3,36,1210,62.5,23.8,1002.8,1011.7,105,1007,1611,1009.6,13.2,9.1,1200,2.99,19.73,,,,,,6.3,1.9,34.8,18.3,,,,,,,,,,,,5.5,,
143,대구,1994-08-26,28.7,24.5,614,33.8,1646,1.75,3,253,5.5,230,5.5,7.8,340,1338,6,290,1350,2.2,1875,340,21.6,39,1646,68,26,1003.2,1011.8,2330,1008.9,150,1010.1,13.2,4.6,1300,1.83,12.96,,,,,,8,3,29.8,21.5,,,,,,,,,,,,0,{소나기}0205-{소나기}{강도0}0300-0340.  {천둥}{강도0}(NE)0303-{뇌전}{강도0}(NE 3-4)0315-{번개}{강도0}(E)0329-{번개}{강도0}(SE)0343.  {박무}0620-{박무}{강도0}0900-0945.  {소나기}1245-1255.,
143,대구,1994-08-27,28.9,23.4,628,35.9,1512,,,,,,,6,160,1436,4.8,140,1440,1.7,1469,360,18.8,26,1503,58.8,22,1006.4,1014.8,2248,1011.4,1557,1013.2,13.1,10.1,1100,2.7,19.34,,,,,,2,2.1,33.2,20.1,,,,,,,,,,,,,{박무}0830-{박무}{강도0}0900-0940.,
143,대구,1994-08-28,28.3,23.9,559,34,1619,.75,.1,1100,.1,1055,.1,8.3,160,1732,7.2,160,1741,2.3,1984,70,21.4,42,1602,67.5,25.5,1007.6,1016,1032,1012.4,1530,1014.5,13.1,4.8,1500,1.81,12.34,,,,,,5.5,3.3,32.2,21.5,,,,,,,,,,,,.1,{박무}0610-{박무}{강도0}0900-{박무}{강도0}1200-1230.  {비}1055-1140.,
143,대구,1994-08-29,30.4,25.2,613,36.2,1437,,,,,,,8.2,250,1726,6.3,250,1110,3.1,2681,270,21.6,35,1435,61.8,25.9,1008.8,1017.2,2310,1013.6,1615,1015.8,13.1,9.7,1200,2.96,20.67,,,,,,6.5,4.1,35.2,22,,,,,,,,,,,,,{번개}{강도0}(E)2020-{번개}{강도0}(NE)2100-2130.  {번개}{강도0}(E)2220-{뇌전}{강도0}(E 3-4)2240-{뇌전}{강도1}(NE 2-3)2310-{번개}{강도0}(NE)2320-2335.,
143,대구,1994-08-30,30.1,24.3,622,36.8,1518,,,,,,,6,340,1732,4.3,360,1715,1.7,1468,340,21,33,1413,62.3,25.1,1009.4,1017.9,859,1014.5,1650,1016.2,13,8.5,1300,2.62,17.54,,,,,,2.3,1.9,35.8,21.2,,,,,,,,,,,,,{박무}0730-0840.,
143,대구,1994-08-31,30,24.9,623,37.7,1610,,,,,,,6.7,340,1726,5.5,340,1811,2.2,1889,290,20.7,33,1712,59.8,24.5,1008.7,1017,940,1013.7,1635,1015.5,13,9.5,1100,2.66,17.42,,,,,,2,1,35.6,20.6,,,,,,,,,,,,,,
143,대구,1994-09-01,30.6,24.6,647,37.5,1647,,,,,,,7.3,320,1725,5.3,340,1740,2.3,1998,340,19.9,27,1632,55.3,23.4,1008.1,1016.9,723,1012.6,1704,1014.9,13,10.7,1200,2.89,19.59,,,,,,2.8,.6,35.6,20.6,,,,,,,,,,,,,{박무}0740-0850.,
143,대구,1994-09-02,29.1,24.9,509,35.1,1510,.33,1.7,1625,1.7,,1.7,10.2,360,1614,6.8,320,1621,2.8,2417,290,20.3,35,1520,61.3,23.9,1007.3,1015.4,1042,1010.9,1543,1014.2,12.9,9.4,1100,2.73,18.39,,,,,,3,2.1,34.8,20.2,,,,,,,,,,,,1.7,{소나기}1625-1645.,
143,대구,1994-09-03,28.4,21.8,636,35.5,1443,,,,,,,6.8,70,1906,5.3,140,1155,2.5,2132,90,18.7,25,1350,60,21.8,1006.3,1015,800,1010.7,1833,1013.1,12.9,9.9,1200,3.05,20.66,,,,,,1.8,1.1,33.7,18,,,,,,,,,,,,,{박무}0830-{박무}{강도0}0900-0945.,
143,대구,1994-09-04,27.9,22.9,605,33.8,1523,,,,,,,6.9,250,1629,5.5,250,1750,2.3,2018,50,20.4,38,1633,66.3,24,1003.2,1012.6,0,1006.8,1830,1010.1,12.8,5.1,1200,1.92,13.1,,,,,,6,1.4,32,19,,,,,,,,,,,,,{박무}0610-{박무}{강도0}0900-1020.  {연무}1030-{연무}{강도0}1200-1240.,
143,대구,1994-09-05,26.7,24.1,2259,34.6,1237,4.57,12.4,1345,18.4,1342,30.6,15.3,250,1349,8,230,1214,3.1,2643,270,22.8,42,1240,79.5,27.7,999.1,1007.9,0,1003.9,1511,1006,12.8,6.4,1000,2.48,13.18,,,,,,7,4.4,29.1,21.4,,,,,,,,,,,,30.6,{소나기}1311-{소나기}{강도0}1500-1530.  {소나기}1710-{소나기}{강도0}1800-{비}1810-1915.  {비}2035-2045.     {천둥}{강도0}(E)1420-{천둥}{강도1}(SE)1435-1445.  {천둥}{강도0}(SE)1530-{뇌전}{강도0}(SE 5-6)1543-{뇌전}{강도0}(SE 4-5)1550-{뇌전}{강도0}(SE{이동}S 3-4)1610-1620.  {천둥}{강도0}(S)1650-{천둥}{강도0}(SE)1702-1715.    {뇌전}{강도0}(S 3-5)1730-{뇌전}{강도0}(S 2-3)1742-{천둥}{강도0}(S)1750-{천둥}{강도0}(S)1800-1805.,
143,대구,1994-09-06,24.7,21.4,653,29.7,1551,,,,,,,7.3,270,731,5.3,250,1220,2.9,2513,270,13,27,1541,50.3,15.2,1003.5,1014.4,2400,1007.4,0,1010.5,12.8,5,1300,2.26,12.26,,,,,,7.5,4.9,26.7,18,,,,,,,,,,,,,,
143,대구,1994-09-07,25.2,18.1,626,32.9,1615,,,,,,,5.1,160,1746,4.2,140,1803,1.7,1432,50,14.6,22,1442,57,16.9,1007.1,1016.2,814,1011.6,1703,1014.1,12.7,9.7,1200,2.95,19.85,,,,,,2.5,.6,28,15.7,,,,,,,,,,,,,,
143,대구,1994-09-08,26.4,21.8,632,33.7,1602,,,,,,,9,250,1355,5,290,1015,2.8,2394,250,13.8,24,1553,50.3,16.2,1006.4,1015,744,1010.9,1550,1013.4,12.7,10,1200,2.96,20.3,,,,,,1,.8,30.1,17.8,,,,,,,,,,,,,,
143,대구,1994-09-09,24.7,17.7,637,31.9,1545,,,,,,,6.3,230,1706,4.3,200,1737,2.4,2075,90,15.3,32,1506,58.3,17.5,1005.1,1014.9,724,1008.9,1820,1012.1,12.7,8.8,1200,2.55,18.51,,,,,,3.8,1,29.6,14.2,,,,,,,,,,,,,,
143,대구,1994-09-10,25.2,20.5,603,30.3,1352,,,,,,,10,290,2016,6.3,200,1510,3,2631,90,18.3,43,1307,66.8,21,1000.7,1010.1,0,1004,1705,1007.7,12.6,5.4,1000,2.13,13.59,,,,,,4.3,1.6,28.5,16.7,,,,,,,,,,,,,,
143,대구,1994-09-11,22.7,19.5,600,27,1122,,,,,,,11.8,290,1222,7.2,320,1220,4.5,3857,270,10.6,25,1137,48,13.1,1004.5,1015.3,2150,1007.6,150,1011.6,12.6,7.9,1100,2.62,16.06,,,,,,5,3,25.9,14.4,,,,,,,,,,,,,,
143,대구,1994-09-12,21.9,18.5,2400,27.3,1629,,,,,,,10,320,1138,6.3,320,1150,3,2552,270,9.7,30,1332,46.8,12.1,1009,1019.1,2400,1014.6,240,1016.1,12.6,6.9,1100,2.75,15.58,,,,,,7.3,3.5,25.7,11.5,,,,,,,,,,,,,,
143,대구,1994-09-13,20.8,13.6,552,27.8,1354,,,,,,,10.8,90,1814,6.7,90,1813,2.9,2507,50,10.4,24,1507,56.5,12.9,1012.7,1021.6,2300,1017.7,1533,1019.9,12.5,9.1,1100,2.88,19.88,,,,,,1.3,.9,27.2,8.5,,,,,,,,,,,,,,
143,대구,1994-09-14,20.1,13.3,630,27.4,1428,,,,,,,10.6,90,1621,6.5,90,1802,2.6,2222,20,11.4,32,1425,60.3,13.5,1014.2,1023,912,1019,1631,1021.4,12.5,8.8,1000,2.26,14.99,,,,,,1.3,.8,24,8.7,,,,,,,,,,,,,,
143,대구,1994-09-15,20.4,13.7,640,28,1231,,,,,,,9.5,90,1531,6.7,90,1550,2.6,2229,50,10.1,31,1350,54.8,12.4,1011.3,1021.6,0,1015.6,1525,1018.5,12.4,7.9,1100,2.78,15.63,,,,,,2.3,1.6,23,9.1,,,,,,,,,,,,,,
143,대구,1994-09-16,20.8,15.1,458,26.6,1131,3,.4,1955,1.3,1953,1.5,7.7,20,1108,5.3,360,1452,2.5,2185,270,12.4,36,1516,61,14.6,1005,1017.3,0,1006.9,2400,1012,12.4,5.3,1000,2.77,13.46,,,,,,5,3.8,24.8,8.8,,,,,,,,,,,,3.8,{비}1920-2055.  {비}2235-{비}{강도0}2400-,
143,대구,1994-09-17,18.8,17.5,149,20.9,1321,14.42,.5,30,1.9,20,4.1,8.8,290,430,6,270,720,2.8,2421,270,16.1,72,1237,84.5,18.4,997,1006.9,0,1002.6,1540,1004.1,12.4,.4,1100,.76,4.16,,,,,,10,5.4,19.9,16.2,,,,,,,,,,,,1.8,-{비}-0135.  {비}0315-0420.  {비}0555-{비}{강도0}0600-0615.  {비}0815-0850.  {비}0940- {비}{강도0}1200-{비}{강도0}1500-{비}{강도0}1800-1935.  {비}2040-{비}{강도0}2100-2135.,
143,대구,1994-09-18,22.8,16.8,643,29.7,1446,,,,,,,7.9,230,1408,5.5,230,1410,2.3,1954,230,13.3,26,1411,59.8,15.5,994.7,1003.3,2400,999.3,1630,1001.7,12.3,10.2,1200,2.93,19.46,,,,,,4.5,1.9,25.4,13.2,,,,,,,,,,,,,,
143,대구,1994-09-19,23,17.1,615,29.7,1513,,,,,,,10.6,290,1337,6.3,290,1350,2.8,2407,290,11.9,27,1511,53.3,14.2,998.2,1010.1,2335,1003.3,0,1005.2,12.3,8.1,1200,2.55,16.48,,,,,,3.3,2.6,26.1,12.7,,,,,,,,,,,,,,
143,대구,1994-09-20,23.2,15.7,620,30.5,1500,,,,,,,9.2,200,1458,6.3,250,1446,2.6,2240,250,11.7,24,1557,52.3,13.8,1003.5,1012.8,816,1008,1605,1010.4,12.3,10,1100,2.52,16.28,,,,,,4,1.6,25.3,10.5,,,,,,,,,,,,,,
143,대구,1994-09-21,23.4,20,635,28.1,1453,,,,,,,7.7,320,1057,4.8,290,1044,2.5,2171,320,12,31,1530,50.5,14.2,1005.3,1013.8,2240,1010.5,1620,1012.3,12.2,9.1,1100,2.71,16.64,,,,,,7.3,3.4,27.1,15,,,,,,,,,,,,,,
143,대구,1994-09-22,22.2,17.7,557,29.1,1423,,,,,,,10,270,1335,5.5,320,1740,2.5,2118,270,9.8,25,1338,47.3,12.2,1005.9,1014.3,928,1011,1507,1012.9,12.2,9.1,1200,2.8,18.08,,,,,,5,3.1,27.3,12.5,,,,,,,,,,,,,,
143,대구,1994-09-23,20.5,14.4,643,27.2,1441,,,,,,,8.6,290,1238,5.8,290,1107,2.7,2316,320,9.6,26,1518,53,12,1006.3,1015.3,2400,1010.7,1611,1013.4,12.1,10.2,1100,2.61,18.72,,,,,,1.3,1.3,25.5,7.7,,,,,,,,,,,,,,
143,대구,1994-09-24,17.8,12.6,644,23.6,1409,.63,.3,1436,.3,,.3,12.8,320,1548,7.5,320,1600,2.4,2116,270,10,37,1403,60.5,12.4,1007.4,1016.2,2350,1012.2,1535,1014.6,12.1,6.9,1300,1.96,11.2,,,,,,2.3,2.1,19.3,6.2,,,,,,,,,,,,.3,{소나기}1207-1212.  {소나기}1305-1310.  {소나기}1430-1458.,
143,대구,1994-09-25,18.6,10.5,643,27,1500,,,,,,,7.1,250,1326,4.7,70,1855,2.1,1785,50,8.9,25,1422,58,11.4,1007.8,1016.1,4,1012.5,1618,1014.9,12.1,10.7,1200,2.66,18.28,,,,,,1.3,.8,23.5,5,,,,,,,,,,,,,,
143,대구,1994-09-26,20.3,12.3,632,28.7,1503,,,,,,,7.3,270,1445,4.3,250,1456,1.9,1636,90,9.7,25,1400,56,12.2,1007.4,1016.5,902,1011.7,1630,1014.5,12,10.3,1200,2.54,17.63,,,,,,0,.5,24.9,8,,,,,,,,,,,,,,
143,대구,1994-09-27,20.9,12.9,630,29.3,1522,,,,,,,9.2,90,1744,6.3,90,1756,2.7,2347,290,8.9,24,1622,50.3,11.6,1008.7,1017.8,2251,1013.6,1625,1015.8,12,10.6,1200,2.74,18.84,,,,,,.8,.5,25.7,6.5,,,,,,,,,,,,,,
143,대구,1994-09-28,18.3,10.9,648,27.4,1222,,,,,,,14.7,110,1242,8.8,110,1255,3.3,2877,50,7.7,29,1220,52,10.5,1008.8,1017.5,0,1013.8,1427,1016,12,10.1,1200,2.83,18.57,,,,,,2.5,1.4,21.8,5.3,,,,,,,,,,,,,,
143,대구,1994-09-29,18.1,14.5,653,22.5,1348,.08,0,,0,,0,8.3,340,1412,5.7,340,1410,1.9,1639,110,11,47,1258,63.5,13.1,1004.4,1014.7,0,1009.6,2400,1011.6,11.9,1.2,1300,.94,6.26,,,,,,7.5,4.9,20,8.7,,,,,,,,,,,,0,{소나기}1230-1235.,
143,대구,1994-09-30,19.8,12.3,652,27.7,1610,,,,,,,7.2,70,1831,4.8,90,1840,2.3,1972,230,10.6,26,1507,59.8,13,1004.2,1014.5,2350,1009.1,20,1011.3,11.9,9.9,1200,2.65,17.7,,,,,,2.3,1.4,24.9,5.9,,,,,,,,,,,,,,
143,대구,1994-10-01,19.9,12.3,637,28.6,1537,,,,,,,8.1,270,1342,5,250,1300,1.9,1627,50,10,22,2040,59.5,12.5,1008.3,1017.4,2350,1013.6,1517,1015.4,11.8,9.6,1200,2.54,16.67,,,,,,.5,1.1,23.9,6.3,,,,,,,,,,,,,{박무}0820-{박무}{강도0}0900-0940.,
143,대구,1994-10-02,20,12.1,645,29.3,1602,,,,,,,5.1,270,1417,3.5,270,1342,1.3,1163,50,8.4,20,1620,53,11.2,1010.6,1019.5,828,1015.3,1659,1017.7,11.8,9.8,1200,2.42,15.89,,,,,,1,0,23.5,7.1,,,,,,,,,,,,,,
143,대구,1994-10-03,20.6,14.5,730,27.9,1506,,,,,,,5.4,70,2301,3.8,270,1630,1.5,1297,70,11,29,1557,57.5,13.2,1010.7,1020.4,910,1015.3,2400,1017.8,11.8,8,1300,1.75,11.71,,,,,,4.8,1.8,22.9,10,,,,,,,,,,,,.2,{박무}0910-1050.,
143,대구,1994-10-04,19.6,15.4,539,26.8,1356,.5,.2,737,.2,725,.2,14.3,250,1148,9,230,1120,4.4,3762,290,9.4,24,1502,57,12.4,1007,1017,2354,1011.5,1355,1014.2,11.7,8,1200,2.46,14.7,,,,,,5.5,2.6,22.8,11,,,,,,,,,,,,,{비}0725-0755.,
143,대구,1994-10-05,18,12.1,729,25.2,1413,,,,,,,11.8,290,1630,6.7,270,1644,3,2565,270,6,25,1613,48,9.4,1010.2,1019.1,2400,1015.4,1553,1017.3,11.7,8.2,1000,2.39,13.16,,,,,,2,1.3,19.9,5.3,,,,,,,,,,,,,,
143,대구,1994-10-06,18.7,10.7,630,27.3,1501,,,,,,,12.7,270,1327,8.3,270,1313,2.8,2454,250,5.7,21,1630,46.3,9.2,1013.1,1024,2400,1018.6,1440,1020.3,11.7,10.3,1200,2.57,16.09,,,,,,1.5,1.1,21.8,4.3,,,,,,,,,,,,,,
143,대구,1994-10-07,18,10.3,623,26,1320,,,,,,,4.3,250,1248,3.5,290,1310,1.3,1096,50,4.9,19,1426,47,8.8,1018.7,1027.7,2400,1024,0,1026,11.6,5,1100,2.16,11.62,,,,,,5.3,4,19.5,3.5,,,,,,,,,,,,,,
143,대구,1994-10-08,18.5,9.9,652,27.8,1414,,,,,,,8.2,90,1928,5.7,70,1707,2.5,2161,90,7.6,19,1325,54,10.8,1020.4,1029.7,928,1024.4,1608,1027.7,11.6,9.8,1200,2.34,15.01,,,,,,2.8,.6,21.6,3.9,,,,,,,,,,,,,,
143,대구,1994-10-09,19.2,13,656,27.1,1402,,,,,,,10.9,90,1859,6.7,90,1854,3.3,2853,90,12.1,33,1440,67.8,14.2,1018.5,1027.9,24,1022.9,1541,1025.7,11.5,8.8,1200,2.24,12.9,,,,,,5.8,1.3,22.4,9.1,,,,,,,,,,,,,{박무}0605-{박무}{강도0}0900-1050.,
143,대구,1994-10-10,17.8,15.4,540,22,1157,8.67,.4,1700,1.6,1622,2.3,9,90,1207,6.2,90,1213,2.3,1957,90,14.5,56,1212,81.5,16.6,1016.2,1024.8,115,1021.1,2400,1023.4,11.5,0,1100,.6,3.19,,,,,,8.5,4.6,18,12,,,,,,,,,,,,2.3,{비}1150-{비}{강도0}1200-{비}{강도0}1500-{비}{강도0}1800-2030.,
143,대구,1994-10-11,18.8,17.3,317,20.6,2227,11.7,2.8,2307,7.8,2252,23.8,14.8,90,2317,7.8,90,2320,3.8,3289,90,16.7,73,1114,87.8,19,1008.3,1021.1,0,1003.3,2400,1015.5,11.5,0,1100,.58,2.63,,,,,,10,6,18.8,16.2,,,,,,,,,,,,43.6,{비}0953-1015.  {비}1240-{비}{강도0}1500-{비}{강도0}1800-{비}{강도0}2100-{비}{강도0}2400-,
143,대구,1994-10-12,22.1,17.2,2400,24.9,1541,10.17,1.7,0,4.9,0,22.8,18.7,270,1155,10.5,270,1120,5.7,4933,270,15.8,46,1548,70.8,18.7,993.1,1013,2400,986.6,703,1000.1,11.4,3.9,1100,2.03,10.04,,,,,,6.3,4.8,21.7,11.3,,,,,,,,,,,,3,-{비}-{비}{강도0}0300-{비}{강도0}0600-{비}{강도0}0900-1010.,
143,대구,1994-10-13,19.3,13.7,600,26.9,1514,,,,,,,10.3,270,1500,7,270,1707,2.5,2184,270,9.9,25,1540,57.3,12.2,1007.9,1017.6,2400,1012.9,101,1015,11.4,4.9,1200,2.03,13.69,,,,,,1.3,.4,19,8.8,,,,,,,,,,,,,,
143,대구,1994-10-14,19.1,12.1,706,27.5,1427,,,,,,,7.2,270,1210,5.2,230,1151,2.4,2072,140,8.9,20,1431,57.3,11.7,1013.4,1023.5,2340,1017.6,0,1020.6,11.4,9.7,1200,2.43,14.94,,,,,,1.8,.5,18.2,7,,,,,,,,,,,,,{박무}0740-{박무}{강도0}0900-1020.,
143,대구,1994-10-15,18.1,12.8,640,23.6,1330,.33,0,,0,,0,5.6,90,1404,4.3,140,10,1.8,1589,90,12,41,1343,69.5,14.1,1015,1024.8,900,1018.1,2400,1022.2,11.3,3.9,1300,1.57,9.48,,,,,,4.5,1.5,17.9,8.1,,,,,,,,,,,,0,{박무}0040-{박무}{강도0}0300-{박무}{강도0}0600-0620.  {비}1425-1445.,
143,대구,1994-10-16,19.8,15.7,100,25.5,1438,8.53,2.7,1502,5,1500,11.3,10.9,110,2148,7,90,2158,2.4,2113,50,16,65,1500,78.8,18.2,1007.2,1018.1,0,1009.7,1437,1014.3,11.3,.1,1200,.49,2.71,,,,,,9.5,4.3,21.4,13.5,,,,,,,,,,,,11.3,{비}0950-1020.  {비}1130-{비}{강도0}1200-1215.  {비}1345-1405.  {비}1448-{비}{강도0}1500-   {비}{강도0}1800-1945.  {비}2140-2340.  {박무}0740-{박무}{강도0}0900-{박무}{강도0}1200-1240.,
143,대구,1994-10-17,16.9,13.6,2400,19.6,1524,,,,,,,8.5,90,1901,6.2,90,1340,4.3,3704,90,8.6,37,1627,59.5,11.3,1014.6,1024.9,2230,1017.1,33,1021.8,11.2,1,1300,1.06,7.86,,,,,,9,5,17.2,9.1,,,,,,,,,,,,,,
143,대구,1994-10-18,14.5,9.1,655,21,1608,,,,,,,7.5,140,1135,4.7,140,1200,2.4,2060,70,7.1,35,1425,65,10.2,1017.6,1027.6,842,1022.6,1724,1025,11.2,6,1100,2.49,12.94,,,,,,5.5,3,15.5,5.4,,,,,,,,,,,,0,,
143,대구,1994-10-19,14.7,11.4,353,18.9,1530,.5,0,,0,,0,5.8,250,1459,4.5,250,1519,2.1,1793,290,9.1,42,1652,70.5,11.6,1013.6,1023,0,1018.8,1630,1020.8,11.2,0,1200,1.4,6.68,,,,,,9,6.3,14.9,8.4,,,,,,,,,,,,0,{비}0840-1855.  {비}2345-{비}{강도0}2400-,
143,대구,1994-10-20,14.4,12.3,2241,20.4,1138,8.33,1.3,1507,3.1,1440,11.3,9.6,70,2318,6.2,90,2030,2.8,2433,90,9.7,41,1132,74.5,12.2,1014.5,1023.5,2119,1020.4,1149,1021.8,11.1,3.1,1000,1.69,6.51,,,,,,7.5,3.3,15.1,7.3,,,,,,,,,,,,17.6,-{비}-0045.  {비}1315-{비}{강도0}1500-{비}{강도0}1800-2050.,
143,대구,1994-10-21,9.8,7.7,2145,12.8,300,16,1,403,3.7,345,12.7,12.5,70,203,8.5,70,10,3.4,2912,270,6.3,53,239,81.3,9.6,1011.5,1022,0,1016.1,1318,1018.9,11.1,0,1100,1.18,3.26,,,,,,9.5,7.4,10.7,7.2,,,,,,,,,,,,6.4,{비}0310-{비}{강도0}0600-{비}{강도0}0900-{비}{강도0}1200-1255.  {비}1355-{비}{강도0}1500-{비}{강도0}1800-2010.,
143,대구,1994-10-22,12.4,7.2,450,19.8,1529,,,,,,,8,290,1350,6,270,618,3.5,3004,250,2.7,28,1436,55.5,7.5,1013.2,1023.7,2400,1018.4,255,1020.5,11.1,9.6,1200,2.42,15.25,,,,,,2,.8,12.4,3.6,,,,,,,,,,,,,,
143,대구,1994-10-23,12.9,5.8,712,21.1,1423,.58,0,,0,,0,9.2,90,1520,5.8,70,1650,2.3,1994,90,5.6,32,1644,65.5,9.1,1018.7,1029,2400,1023.7,0,1026,11,9.5,1200,2.29,14.65,,,,,,2.3,1.3,12.6,.7,,,,,,,,,,,,0,{비}2320-2355.,
143,대구,1994-10-24,13.3,8.8,2355,16.9,1241,,,,,,,10,90,1601,6.3,90,1540,3.2,2771,90,5.3,40,1443,60.3,9,1022.3,1031.3,930,1028.7,200,1029.7,11,.7,1200,.85,5.66,,,,,,6.8,6.8,12.6,2.5,,,,,,,,,,,,,{박무}0320-0430.,
143,대구,1994-10-25,11.7,7.9,427,18,1421,,,,,,,9.6,20,1254,5.5,110,1500,2.7,2306,90,4.2,35,1453,63,8.3,1020.3,1029.6,0,1025.3,1700,1027.8,11,4.9,1200,1.7,10.36,,,,,,3,3.1,11.7,2.2,,,,,,,,,,,,,,
143,대구,1994-10-26,12.2,4.9,700,21.1,1522,,,,,,,4.2,270,1219,3,140,2000,1.5,1273,70,4.8,27,1630,65.3,8.6,1017.8,1027.4,820,1022.8,1502,1025.2,10.9,9.6,1200,2.21,13.99,,,,,,0,0,12,-.3,,,,,,,,,,,,,{박무}0310-{박무}{강도0}0600-0620.  {박무}2330-{박무}{강도0}2400-,
143,대구,1994-10-27,13,5.4,700,22.2,1441,,,,,,,5.8,110,1936,4.3,90,1937,1.7,1435,90,6.5,30,1635,69.5,9.8,1015.9,1025.5,900,1020.4,1640,1023.2,10.9,9.3,1200,2.29,14.34,,,,,,0,0,13.3,.2,,,,,,,,,,,,,-{박무}-{박무}{강도0}0300-{박무}{강도0}0600-0620.,
143,대구,1994-10-28,14,7.4,700,22.6,1548,,,,,,,7.5,270,1251,6.3,270,1306,2.1,1783,290,6.5,25,1530,67.8,9.8,1010.9,1021.6,0,1014.9,1529,1018.3,10.9,9.1,1200,2.19,13.12,,,,,,0,0,13.6,1.7,,,,,,,,,,,,,{박무}0710-{박무}{강도1}0900-1120.  {박무}1930-{박무}{강도0}2100-{박무}{강도0}2400-,
143,대구,1994-10-29,15,10.6,2400,20.9,1530,,,,,,,6.7,270,1315,4.5,290,750,2.9,2542,270,3.6,22,1650,49.8,8.2,1009.5,1018.6,2400,1014.4,1431,1016.8,10.8,9.4,1200,2.01,13.13,,,,,,0,0,14.5,3.6,,,,,,,,,,,,,-{박무}-{박무}{강도0}0300-{박무}{강도0}0600-0610.,
143,대구,1994-10-30,12.7,7.8,634,18.8,1438,,,,,,,8.5,290,1533,5.5,290,1600,3.5,2994,270,.7,27,1535,46,6.4,1014,1023.9,2227,1018.6,0,1021.4,10.8,8.4,1100,2.25,14.29,,,,,,.8,.3,13.2,.8,,,,,,,,,,,,,,
143,대구,1994-10-31,11.9,6.2,613,18.5,1527,,,,,,,6.5,250,1402,4.7,250,1440,2.8,2400,270,-1.3,23,1527,41.8,5.7,1019.4,1030.2,2257,1023.8,0,1026.8,10.8,9.2,1200,2.16,13.9,,,,,,0,0,12.4,-.8,,,,,,,,,,,,,,
143,대구,1994-11-01,11,4,700,19.8,1517,,,,,,,3.4,90,2158,2.5,90,1600,1.1,929,20,2.1,24,1526,60,7.2,1022.3,1032.4,838,1027.5,1800,1029.8,10.7,9,1200,1.99,11.71,,,,,,0,.3,12.3,-1.7,,,,,,,,,,,,,{박무}0230-{박무}{강도0}0300-{박무}{강도0}0600-0620.{박무}0810-{박무}{강도0}0900-1030.,
143,대구,1994-11-02,12.5,5.8,659,20.9,1502,,,,,,,9.7,230,1515,6,200,1520,2.4,2072,50,5.4,34,1400,65,9.1,1017.5,1028.1,131,1021,1700,1024.9,10.7,7,1200,2,11.49,,,,,,3.8,1.4,12.8,.9,,,,,,,,,,,,,{박무}0120-{박무}{강도0}0300-{박무}{강도0}0600-0610.  {박무}0940-{연무}1040-{연무}{강도0}1200-1210.,
143,대구,1994-11-03,13.9,9.4,2400,18.9,1322,,,,,,,13,320,1222,8,320,1409,4.2,3608,290,-.8,20,1242,38.5,6,1019.6,1031,2330,1022.4,0,1026.9,10.7,8.9,1200,2.22,14.02,,,,,,0,0,13.4,-.1,,,,,,,,,,,,,,
143,대구,1994-11-04,10.4,2.6,729,19.3,1557,,,,,,,5,250,1409,3.5,270,1540,1.6,1368,50,.8,27,1710,54.3,6.5,1022.6,1033.1,909,1028.1,1510,1030.2,10.6,9.4,1100,1.95,12.22,,,,,,.8,0,11.6,-3.6,,,,,,,,,,,,,,
143,대구,1994-11-05,12,5.7,655,20.2,1333,,,,,,,9,250,1458,6,250,1521,1.8,1536,70,6.3,42,1328,70.8,9.6,1016.8,1028.4,0,1020.6,1650,1024.1,10.6,4,1200,1.77,9.25,,,,,,5.8,1.8,12,1.2,,,,,,,,,,,,,{박무}0220-{박무}{강도0}0300-0410.  {박무}0720-{박무}{강도0}0900-{연무}1105-{연무}{강도0}1200-1210.,
143,대구,1994-11-06,15.6,8.7,633,24,1518,,,,,,,12.2,250,1149,7.2,250,1207,3.4,2911,270,5.7,24,1959,59.3,9.5,1010.9,1022.6,2400,1013.8,1347,1018.2,10.6,8.7,1200,1.86,10.65,,,,,,1,.5,14.2,2.4,,,,,,,,,,,,,{박무}0940-1025.,
143,대구,1994-11-07,13,7.1,2400,19.6,1519,,,,,,,10.2,340,1337,5.7,340,1330,3.2,2803,270,-4.9,18,1630,29,4.3,1020.4,1030.6,2300,1022.6,0,1027.8,10.5,9.3,1200,2.15,13.39,,,,,,0,0,12.5,-2,,,,,,,,,,,,,,
143,대구,1994-11-08,10.7,2.6,709,20.9,1530,,,,,,,3.4,250,1313,2.3,50,620,1.3,1157,50,-1.1,20,1550,48.3,5.7,1023.5,1033.5,900,1028.6,1640,1031,10.5,9.2,1200,2.01,12.15,,,,,,0,0,10.7,-3,,,,,,,,,,,,,,
143,대구,1994-11-09,12.8,3.6,700,23.6,1510,,,,,,,8,230,1508,5.8,250,1520,2,1699,250,4.5,36,1444,60,8.5,1018.5,1030.1,0,1022.2,1533,1025.9,10.5,9,1200,1.92,11.52,,,,,,1.3,.4,14.1,-2.5,,,,,,,,,,,,,{박무}0810-{박무}{강도0}0900-{연무}0940-{연무}{강도0}1200-1230.,
143,대구,1994-11-10,14.9,8.7,728,22.6,1524,,,,,,,4.6,270,1105,3.8,270,1123,1.4,1218,70,7.7,34,1517,65.5,10.5,1015.1,1024.8,835,1020.4,1605,1022.5,10.4,7.8,1200,1.84,10.17,,,,,,2,1.5,14.6,2.8,,,,,,,,,,,,,{박무}0840-{박무}{강도0}0900-1020.,
143,대구,1994-11-11,14.8,9,721,22.5,1501,,,,,,,5.8,270,1401,4.5,270,1350,1.7,1475,270,7.7,33,1421,66.5,10.5,1013.3,1022.9,2325,1018,1502,1020.5,10.4,8,1200,1.71,9.86,,,,,,1,1.3,14,3.3,,,,,,,,,,,,,{박무}0520-{박무}{강도0}0600-{박무}{강도0}0900-1130.,
143,대구,1994-11-12,14.5,8.3,729,22.5,1530,,,,,,,4.8,250,1415,3.3,250,1420,1.5,1280,50,5.6,29,1531,60.3,9.2,1017,1027.9,2400,1022.5,1510,1024.3,10.4,8.2,1200,1.86,9.07,,,,,,4.5,2.8,13.5,2.6,,,,,,,,,,,,,{박무}0120-{박무}{강도0}0300-{박무}{강도0}0600-{박무}{강도0}0900-{연무}1020-{연무}{강도0}1200-{연무}{강도0}1500-1540.,
143,대구,1994-11-13,12.8,7.9,731,19,1306,,,,,,,10.7,90,1502,7.3,90,1640,3.4,2972,90,7,50,1106,68.5,10.1,1023.4,1032.8,2153,1027.9,0,1030.8,10.3,7.7,1200,1.71,9.69,,,,,,3.5,2.5,14.5,3.1,,,,,,,,,,,,,,
143,대구,1994-11-14,12,10.4,2400,14.4,1103,6.5,,,,,2.2,12.3,90,2332,6.3,90,2340,2.2,1891,90,9,59,2248,82.3,11.5,1025.3,1037.3,2400,1031.1,455,1032.8,10.3,0,900,.33,1.31,,,,,,10,8.8,12.3,9.2,,,,,,,,,,,,2.2,{박무}0040-{박무}{강도0}0300-{박무}{강도0}0600-0620.  {박무}0920-{박무}{강도0}1200-1250.  {박무}1340-{박무}{강도0}1500-{박무}{강도0}1800-1920.  {비}1320-{비}{강도0}1500-{비}{강도0}1800-1950.,
143,대구,1994-11-15,9.2,8.1,837,10.4,0,2.92,,,,,0,13,90,127,8.7,70,104,4.3,3683,90,3.1,56,1625,66.5,7.7,1031,1040.2,940,1037.3,0,1038.6,10.3,0,1100,.35,1.8,,,,,,10,6.8,8.8,6.7,,,,,,,,,,,,0,{비}0620-{비}{강도0}0900-0915.,
143,대구,1994-11-16,11.1,8.4,428,15.5,1348,,,,,,,7.9,90,1401,5.3,110,1519,2,1757,90,5,49,1354,67.8,8.8,1028.5,1038.7,0,1033.6,2400,1036,10.3,.7,1300,1.17,6.22,,,,,,8.3,3.1,11.1,2.9,,,,,,,,,,,,,,
143,대구,1994-11-17,12.2,5.8,708,19,1439,1.33,,,,,.4,3.5,270,1434,2.8,270,1440,1.3,1084,70,7.1,43,1438,74,10.2,1021.2,1033.6,0,1023.4,2400,1028.7,10.2,6.2,1100,1.38,8.43,,,,,,5.3,2.3,11.9,.9,,,,,,,,,,,,16.4,{박무}0810-{박무}{강도0}0900-1120.  {연무}1110-{연무}{강도0}1200-1420.  {박무}2210-{박무}{강도0}2400-  {비}2030-{비}{강도0}2100-2150.,
143,대구,1994-11-18,14.2,12.3,430,16.9,1559,13,,,,,19.4,10.2,90,436,6.5,90,440,2.3,1963,320,11.9,69,2255,86.3,14,1011.8,1023.4,0,1016.6,1431,1019.1,10.2,.5,1400,.68,2.82,,,,,,9.3,7,14.4,9.5,,,,,,,,,,,,3.4,{비}0010-{비}{강도0}0300-{비}{강도0}0600-0625.  {비}0740-{비}{강도0}0900-{비}{강도0}1200-1425.  {뇌전}{강도0}(SE 3-4)0310-{뇌전}{강도0}(S 4-6)0315-0325.  {뇌전}{강도0}(SW 2-3)0340-0350.  -{박무}-{박무}{강도0}0300-{박무}{강도0}0600-{박무}{강도0}0900-{박무}{강도0}1200-{박무}{강도0}1500-1640.,
143,대구,1994-11-19,13.1,9.5,2400,16.9,1452,,,,,,,10.8,290,1312,7,290,1329,3.5,3062,320,4.2,34,1532,56.5,8.4,1015.2,1024.7,2400,1020.7,0,1022.6,10.2,8.9,1200,1.91,11.09,,,,,,2,1.3,12.2,2.4,,,,,,,,,,,,,,
143,대구,1994-11-20,10.9,6.8,735,16.4,1423,,,,,,,11.6,270,1157,7.5,270,1159,3.7,3182,270,.1,25,1433,52,6.4,1018.8,1028.4,2333,1024.7,0,1026.3,10.2,8.8,1200,1.92,11.4,,,,,,0,0,9.3,1.1,,,,,,,,,,,,,,
143,대구,1994-11-21,8.3,4.1,547,14.4,1320,,,,,,,8,290,1318,4.8,270,1340,2.4,2104,290,-2.1,28,1648,51,5.3,1020.8,1029.9,900,1026.6,1300,1028.3,10.1,6.7,1200,1.78,8.44,,,,,,5.5,.4,6.9,-1.7,,,,,,,,,,,,,{달무리}0020-0450.,
143,대구,1994-11-22,8.9,5.3,756,14.6,1404,,,,,,,9.2,290,1546,7,270,1408,3.3,2850,270,-2.9,27,1452,45.8,5,1021.3,1031,2101,1027.2,1449,1028.9,10.1,8.9,1100,1.74,10.24,,,,,,2.5,1.1,7.2,-.3,,,,,,,,,,,,,,
143,대구,1994-11-23,9,6.2,2400,13.4,1435,,,,,,,5.6,110,1713,4.5,110,1140,2,1687,110,1.3,44,0,59.5,6.8,1023.2,1032.5,950,1029.2,1700,1030.8,10.1,3.6,1100,1.35,7.39,,,,,,7.5,5.3,9.1,2.1,,,,,,,,,,,,,,
143,대구,1994-11-24,8.8,4.1,300,14.3,1636,,,,,,,9.2,250,1711,6.7,230,1636,2.7,2307,90,4.2,54,1638,74.8,8.3,1018,1029.9,0,1020.2,2346,1025.5,10.1,1,900,.78,4.14,,,,,,7.5,6.9,8.2,-.6,,,,,,,,,,,,,{박무}0210-{박무}{강도0}0300-{박무}{강도0}0600-0730.,
143,대구,1994-11-25,10.6,5.4,2400,14,1403,,,,,,,10.8,320,1016,7.5,320,1058,4,3441,290,-4,22,1550,36.8,4.8,1013.6,1022.8,1100,1019.8,419,1020.9,10,7.3,1200,1.84,10.31,,,,,,2.8,1.9,9,-1.5,,,,,,,,,,,,,,
143,대구,1994-11-26,6.3,2.4,529,12.4,1422,,,,,,,11.7,290,1438,8.2,290,1600,4.1,3582,290,-8.5,25,1520,34.3,3.2,1013.9,1024,2400,1018.6,1435,1021.4,10,9,1200,1.84,10.82,,,,,,0,0,5.1,-2.8,,,,,,,,,,,,,,
143,대구,1994-11-27,5.5,0,609,12.9,1507,,,,,,,8,270,1328,5.7,270,1350,2.5,2138,270,-9.8,17,1458,34.5,2.9,1016.8,1025.8,952,1023.2,1618,1024.4,10,8.9,1200,1.9,11.28,,,,,,0,0,4,-8.3,,,,,,,,,,,,,,
143,대구,1994-11-28,6.5,.7,706,12.4,1525,,,,,,,3.7,250,1321,3.3,250,1340,1.2,1077,250,-3.6,33,1450,50.3,4.7,1015.2,1024.6,0,1020.5,1448,1022.7,10,5.2,1000,1.14,6.01,,,,,,7.8,5.5,5.9,-4.9,,,,,,,,,,,,,,
143,대구,1994-11-29,8.6,3,732,16.6,1502,,,,,,,4.8,230,1346,3,230,1424,1.1,950,50,.6,27,1620,61.5,6.4,1015.8,1025.7,2258,1021.4,15,1023.3,10,8.4,1300,1.47,8.79,,,,,,1,0,6.9,-3,,,,,,,,,,,,,{박무}0615-0750.{박무}0910-1025.{연무}1020-{연무}{강도0}1200-1340.,
143,대구,1994-11-30,8.5,1.8,727,17.4,1659,,,,,,,3.1,230,1121,2.8,230,1137,.9,781,50,2.8,38,1329,70.5,7.5,1017.3,1027.3,729,1022.4,1532,1024.8,9.9,8.1,1200,1.49,8.29,,,,,,1.3,.3,6.8,-3.9,,,,,,,,,,,,,{박무}0310-{박무}{강도0}0600-{박무}{강도0}0900-1040.{연무}1030-{연무}{강도0}1200-1340.{박무}2320-{박무}{강도0}2400,
143,대구,1994-12-01,12,7.8,301,18.6,1517,,,,,,,5.3,250,1546,4.3,250,1540,.8,728,70,6.6,42,1519,72,9.8,1014.5,1024.3,929,1019.3,1700,1021.9,9.9,3.4,1300,1.1,5.27,,,,,,6,4.5,13,2.4,,,,,,,,,,,,,-{박무}-{박무}{강도0}0300-{박무}{강도0}0600-{박무}{강도0}0900-{박무}{강도0}1200-1320.{박무}2230-{박무}{강도0}2400-{연무}1330-1440.,
143,대구,1994-12-02,7,-1.1,2400,11.2,0,,,,,,,18.1,290,1526,10.5,290,1140,6,5192,290,-3.3,22,1543,51.8,5.6,1015,1029.4,2326,1018.8,527,1022.5,9.9,6.3,1100,1.74,8.79,,,,,,5.3,2.3,7.6,-3.8,,,,,,,,,,,,,-{박무}-{박무}{강도0}0300-0410.,
143,대구,1994-12-03,-.4,-3.6,805,4.5,1455,,,,,,,10.8,290,1602,7,290,1600,4.6,3966,290,-12.7,23,1517,40,2.3,1021.5,1031.5,1005,1027.1,1520,1029.3,9.9,7.8,1200,1.84,10.11,,,,,,2.3,0,1.3,-6.8,,,,,,,,,,,,,,
143,대구,1994-12-04,2.5,-1.8,330,8.5,1443,,,,,,,9.7,320,1459,6.3,270,1240,3.4,2897,270,-8.3,28,1426,46,3.3,1019.3,1030.1,907,1024,1640,1027,9.9,8,1200,1.77,10.11,,,,,,2.5,1.9,2.7,-8.8,,,,,,,,,,,,0,,
143,대구,1994-12-05,3.8,.3,433,7.7,1313,.67,,,,,0,15.1,290,1351,9.2,290,1347,3.9,3385,290,-5.5,26,1600,54.3,4.2,1017.5,1028.8,2249,1022.6,435,1025.1,9.9,6.8,1200,1.78,9.28,,,,,,2.5,1.3,3.6,-6.7,,,,,,,,,,,,,{진눈깨비}0545-{진눈깨비}{강도0}0600-0625.,
143,대구,1994-12-06,3.4,-2.6,720,11.9,1552,,,,,,,3.8,250,1512,2.8,270,1520,1.1,988,290,-5.9,26,1647,53.8,4,1018.3,1029.4,810,1021.3,2400,1026,9.8,8.6,1200,1.6,8.91,,,,,,0,0,1.9,-10,,,,,,,,,,,,,{박무}0915-1020.,
143,대구,1994-12-07,8.7,1.8,48,16.9,1450,,,,,,,12.2,290,1312,7.2,270,1340,2.4,2060,320,-1.1,28,1423,54,5.7,1013.6,1026,2400,1018,544,1021.1,9.8,7.6,1200,1.57,8.54,,,,,,2,.9,5.8,-5.5,,,,,,,,,,,,,,
143,대구,1994-12-08,7.7,2.1,558,12.8,1601,3.5,,,,,.2,3.7,90,12,2.7,90,240,1.2,1070,230,-.5,35,1426,57.5,5.9,1015.6,1027,902,1016.4,2400,1023.1,9.8,2.2,1100,.99,5.27,,,,,,7,5,6.2,-5.6,,,,,,,,,,,,5.2,{박무}0510-{박무}{강도0}0600-0650.{박무}0910-1010.{연무}1010-1130.{비}2030-{비}{강도0}2100{비}{강도0}2400-{박무}2110-{박무}{강도0}2400,
143,대구,1994-12-09,10.4,6.3,2400,16.3,1457,5.33,,,,,5,11.6,290,1234,7.2,290,1247,3,2591,290,3.3,30,1536,67.3,8,1009.5,1023.3,2400,1013.1,559,1016.8,9.8,6.4,1200,1.71,8.67,,,,,,5.3,2.4,9.5,-1.2,,,,,,,,,,,,,-{비}-{비}{강도0}0300-0520.-{박무}-{박무}{강도0}0300-{박무}{강도0}0600-{박무}{강도0}0900-1030.,
143,대구,1994-12-10,7.9,2.6,802,14.1,1409,,,,,,,8.3,70,1425,5.5,90,1440,2.1,1848,90,.8,38,1444,64,6.5,1016.7,1026.5,901,1021.7,2400,1024.2,9.8,7.7,1200,1.51,8.66,,,,,,3.8,2.8,6.8,-2.8,,,,,,,,,,,,,{박무}0730-{박무}{강도0}0900-1120.,
143,대구,1994-12-11,8.2,4.7,843,11.5,1530,.25,,,,,0,3,70,1615,2.5,70,1624,.8,715,70,3.5,57,1538,72.5,7.9,1010.9,1021.7,0,1015.4,1625,1018.3,9.8,1,1000,.66,3.96,,,,,,8.5,3.9,7.4,-1.6,,,,,,,,,,,,0,{박무}0420-{박무}{강도0}0600-0640.{박무}0910-1030.{비}2055-{비}{강도0}2100-2110.,
143,대구,1994-12-12,7.9,5.5,2400,8.9,0,,,,,,,8.8,320,845,6.5,320,847,3.1,2701,320,2.6,56,1550,70,7.5,1010.8,1021,2014,1014.8,402,1018.3,9.8,0,1000,.47,2.74,,,,,,9.5,5.8,7.3,1.7,,,,,,,,,,,,,{박무}0320-{박무}{강도0}0600-{박무}{강도0}0900-1145.,
143,대구,1994-12-13,3.3,-.3,2336,5.8,1446,,,,,,,12,290,1625,7.5,290,1633,5.3,4613,290,-8.1,30,1427,44.5,3.4,1015.7,1027.2,2320,1020.6,0,1023.3,9.8,6.8,1300,1.5,8.33,,,,,,4.3,3.5,3.9,-5.3,,,,,,,,,,,,0,,
143,대구,1994-12-14,1.7,-1.3,430,6.9,1358,1.92,,,,,.2,7.8,320,1546,5.7,270,20,2.3,1991,320,-6.2,43,0,56.8,3.9,1018.3,1028.2,1017,1022.9,1453,1026,9.7,2.8,1200,1.35,5.37,.8,940,.8,940,.8,7.5,4.5,2.2,-7.8,,,,,,,,,,,,.2,{눈}0635-0645.{눈}0825-{눈}{강도0}0900-1010.{박무}0840-{박무}{강도0}0900-{박무}{강도0}1200-1225.{연무}1220-1345.,
143,대구,1994-12-15,-1.3,-4.3,2400,2.5,1454,,,,,,,11.3,290,1427,7.7,320,1440,5,4311,290,-11.8,30,1347,46.3,2.5,1020.8,1032.6,2400,1026,1603,1028.6,9.7,8.2,1200,1.75,9.51,,,,,,1.3,1,.2,-8.1,,,,,,,,,,,,,,
143,대구,1994-12-16,-3.8,-8.1,757,1.3,1525,,,,,,,8.9,290,2243,5.3,270,1354,3.2,2739,290,-16.7,20,1520,37.5,1.7,1028.1,1038.2,1110,1032.6,0,1036.1,9.7,7.3,1200,1.77,9.24,,,,,,2.8,.8,-1.9,-14,,,,,,,,,,,,,,
143,대구,1994-12-17,-1.2,-5.1,200,4.3,1505,,,,,,,10.4,270,1115,7.5,270,1120,4.5,3860,270,-13.2,28,1600,42.3,2.2,1028.8,1038.5,1015,1034,1503,1036.7,9.7,8.5,1200,1.72,9.67,,,,,,2.5,0,-.2,-10.1,,,,,,,,,,,,,,
143,대구,1994-12-18,-.8,-4.1,608,4.6,1507,,,,,,,15,290,1341,8.3,320,1451,4.5,3852,270,-14.3,25,1512,35,2,1031.8,1042.7,2320,1038.1,0,1039.7,9.7,8.3,1200,1.72,9.7,,,,,,0,0,-.9,-10.3,,,,,,,,,,,,,,
143,대구,1994-12-19,-1.4,-8.2,729,5.7,1605,,,,,,,4,290,1649,3.2,290,1652,1.4,1174,360,-14.5,21,1429,40,2,1033.9,1043.8,900,1038.7,1539,1041.8,9.7,8.3,1200,1.59,8.57,,,,,,3,0,-1.5,-14.7,,,,,,,,,,,,,,
143,대구,1994-12-20,1.1,-3.9,753,7.5,1448,,,,,,,10.2,270,1235,6.3,270,1408,2.8,2432,290,-9.3,22,1246,44.3,3.1,1028,1039.9,0,1033.2,1433,1035.8,9.7,7.9,1200,1.65,9.02,,,,,,1.5,1.8,.8,-11.4,,,,,,,,,,,,,{달코로나}0340-0435.{달코로나}0535-0615.,
143,대구,1994-12-21,2.9,-.2,300,8.2,1522,,,,,,,10.9,290,1314,6.3,290,1108,3.5,2990,290,-4.8,37,1530,57.8,4.3,1024.9,1035.4,0,1030.6,1502,1032.6,9.7,8.2,1200,1.61,9.07,,,,,,0,.6,2,-8.1,,,,,,,,,,,,,,
143,대구,1994-12-22,3.7,-.5,741,10.3,1501,,,,,,,6.7,250,1502,5.2,270,240,3.4,2955,270,-3.7,38,1600,60.8,4.6,1022.3,1032.6,0,1027.1,1636,1029.9,9.7,8.5,1200,1.65,9.43,,,,,,0,.5,2.2,-6.8,,,,,,,,,,,,,,
143,대구,1994-12-23,4.1,-2.5,720,13.3,1520,,,,,,,7,270,1238,5.5,270,1307,2,1755,250,-2.6,36,1438,65.8,5.1,1020,1030,902,1025.5,1500,1027.7,9.7,7.3,1200,1.58,8.73,,,,,,.5,.3,2.8,-8.4,,,,,,,,,,,,,{박무}0620-0740.{박무}0830-{박무}{강도0}0900-1120.,
143,대구,1994-12-24,6.3,.3,658,15.8,1508,,,,,,,5.5,250,1558,4.7,250,1603,1.7,1445,250,.7,40,1550,71,6.5,1017.5,1027.6,912,1022.2,1513,1025,9.7,7.6,1200,1.53,8.21,,,,,,0,1.1,4.1,-6.9,,,,,,,,,,,,,{박무}-0010-{박무}{강도0}0300-{박무}{강도0}0600-{박무}{강도0}0900-1110.,
143,대구,1994-12-25,6.9,2.9,816,11.3,1404,,,,,,,11.7,110,1429,7.7,90,1500,3.2,2752,90,1.3,52,1540,69,6.7,1022.8,1032.4,1049,1025.3,0,1030.4,9.7,3.5,1200,1.4,6.13,,,,,,5.3,5.1,4.8,-5,,,,,,,,,,,,,{박무}0610-{박무}{강도0}0900-{박무}{강도0}1200-1210.,
143,대구,1994-12-26,5.1,.5,813,9.2,1403,1.58,,,,,0,6.4,90,838,5,250,1505,1.9,1660,250,.3,57,0,71.5,6.2,1019.2,1031.3,0,1024,1340,1026.8,9.7,1.8,1300,.82,3.96,,,,,,4.8,3.5,3.2,-6.4,,,,,,,,,,,,0,{박무}0520-{박무}{강도0}0600-0640.{박무}1110-{박무}{강도0}1200-1215.{비}1440-{비}{강도0}1500-1615.,
143,대구,1994-12-27,4.4,1.5,710,9.6,1531,,,,,,,7.3,270,1015,5.7,270,940,2.7,2304,270,-4.2,29,1512,58,4.6,1017.7,1027.4,935,1023.3,1358,1025.4,9.7,6.4,1100,1.41,7.51,,,,,,4.5,1.3,3,-6.6,,,,,,,,,,,,,{박무}0120-{박무}{강도0}0300-{박무}{강도0}0600-0720.,
143,대구,1994-12-28,3.9,.3,653,9.2,1441,,,,,,,8.8,290,1427,6.3,290,1230,3.4,2979,270,-8.5,23,1530,41.3,3.3,1019.9,1031.7,2400,1025.6,620,1027.5,9.7,8.3,1200,1.7,9.66,,,,,,2.3,.5,2.8,-9,,,,,,,,,,,,,,
143,대구,1994-12-29,1.7,-4.3,800,10,1539,,,,,,,5.2,250,1352,4.3,270,340,1.9,1637,50,-12,18,1634,38.5,2.5,1024.5,1034,1016,1030.5,1514,1032.2,9.7,8.5,1200,1.62,9.05,,,,,,0,0,.8,-11.9,,,,,,,,,,,,,{박무}0910-1045.,
143,대구,1994-12-30,1.3,-3.5,440,6.4,1551,2.83,,,,,.1,7.5,270,2133,4.7,270,2143,1.8,1530,250,-8.3,36,1548,49,3.3,1022,1032.3,752,1026,1733,1029.7,9.7,1.5,1000,.89,4.36,,,,,,7.3,5.1,1,-10.1,,,,,,,,,,,,.1,{연무}1120-{연무}{강도0}1200-1345.{비}2110-{눈}2340-{눈}{강도0}2400,
143,대구,1994-12-31,2.7,-1.2,2400,7.1,1501,.83,,,,,0,13.4,290,1318,7.7,290,1440,4.8,4135,290,-8.4,21,1446,52.8,3.7,1018.9,1030.7,2341,1024.6,1511,1026.6,9.8,7.8,1200,1.62,8.8,,,,,,1.3,2.1,2.9,-6.9,,,,,,,,,,,,,-{눈}-0050.{박무}0430-{박무}{강도0}0600-{박무}{강도0}0900-0920.,
143,대구,1995-01-01,.7,-3.4,804,7.3,1522,,,,,,,8.2,270,1105,6.8,270,1041,3.6,3112,270,-14,21,1510,33.8,2.1,1023.5,1033.2,2400,1029.7,1500,1031.2,9.8,8.8,1200,1.79,10.11,,,,,,0,0,.7,-9.7,,,,,,,,,,,,,,
143,대구,1995-01-02,.6,-6.4,751,9,1524,,,,,,,4.7,250,1217,3.7,230,1223,1.4,1246,320,-10.6,24,1623,45.8,2.8,1023.5,1034.4,255,1027.5,2400,1031.3,9.8,8.2,1200,1.6,8.74,,,,,,2.3,1.6,0,-12.8,,,,,,,,,,,,,,
143,대구,1995-01-03,2.1,.7,230,4.8,1502,10,,,,,3.1,4.3,250,538,3.7,250,550,1.4,1176,360,-3.8,48,0,66,4.8,1014.8,1027.5,0,1017.2,2400,1022.4,9.8,0,1400,.3,1.65,0,2300,0,2300,0,10,6.9,2.5,-2.6,,,,,,,,,,,,3.3,{진눈깨비}1120-1125.  {진눈깨비}1320-1345.  {진눈깨비}1430-{진눈깨비}{강도0}1500-{진눈깨비}{강도0}1800-{진눈깨비}{강도0}2100-{눈}2235- {진눈깨비}2340-{진눈깨비}{강도0}2400-,
143,대구,1995-01-04,2.3,0,2250,6.5,1339,2.08,,,,,.2,11.8,290,1936,7.5,290,2000,4.1,3580,290,-3,44,1940,69.8,5.1,1008.5,1017.3,250,1013.7,1519,1016.1,9.8,4.4,1100,1.2,6.67,,,,,,5.3,2.1,2.6,-4.8,,,,,,,,,,,,0,-{진눈깨비}-{비}0015-0120.  {박무}0110-{박무}{강도0}0300-{박무}{강도0}0600-0720.  {박무}0820-{박무}{강도0}0900-1140.  {진눈깨비}1605-1650.,
143,대구,1995-01-05,-.1,-.7,2300,4.5,1359,3.33,,,,,1.4,11.3,290,147,7.3,290,43,4.4,3761,290,-6.3,44,1145,65,4,1008.9,1017.7,2400,1014.3,1414,1016.5,9.8,3.4,1100,1.38,5.48,2.2,1545,2.2,1545,2.2,5,4.5,-.2,-5.1,,,,,,,,,,,,1.4,{눈}0650-0820.  {눈}1405-{눈}{강도0}1500-1555.,
143,대구,1995-01-06,-.1,-3.5,546,4.3,1530,,,,,,,10.5,290,1210,7.3,270,1217,4.4,3790,290,-13.3,22,1538,36.8,2.2,1014.8,1024.8,2130,1017.7,0,1022.5,9.8,9,1200,1.88,10.71,,,1.8,0,,.5,.3,0,-10,,,,,,,,,,,,,,
143,대구,1995-01-07,3.6,-3.1,727,13.4,1511,,,,,,,4.9,250,1510,4.2,270,1340,1.4,1195,250,-4.5,35,1445,58,4.5,1015.9,1024.7,2228,1022.1,1423,1023.5,9.8,7.8,1200,1.61,8.66,,,,,,0,0,2.7,-9.3,,,,,,,,,,,,,,
143,대구,1995-01-08,4.2,-1.1,828,12.7,1502,,,,,,,4,250,1421,3,250,1426,1.2,1010,50,-2,33,1630,68.3,5.3,1013.4,1024.7,0,1017,2400,1021,9.9,6.5,1200,1.61,8.27,,,,,,1.8,.6,2.1,-7.5,,,,,,,,,,,,,{박무}0020-{박무}{강도0}0300-{박무}{강도0}0600-{박무}{강도1}0900-{박무}{강도0}1200-1210.  {연무}1205-1325.,
143,대구,1995-01-09,4.1,-1.6,2400,11,1238,,,,,,,17.6,270,1147,12.3,270,1318,5,4300,290,-4.5,22,1329,58.8,4.7,1009.2,1023.3,2400,1014.1,1217,1016.8,9.9,8.2,1200,1.62,9.12,,,,,,.5,.3,2.4,-7.1,,,,,,,,,,,,,,
143,대구,1995-01-10,-1.7,-4.9,759,2.5,1330,,,,,,,15.3,290,1419,10.8,320,1343,5.7,4953,290,-15.2,25,1352,35.5,1.9,1016.7,1026.7,950,1022.1,1510,1024.5,9.9,8.7,1200,1.8,10.44,,,,,,.5,0,-1.1,-8.9,,,,,,,,,,,,,,
143,대구,1995-01-11,-2,-5.9,738,2.1,1456,,,,,,,11.1,290,18,9.7,270,32,4.9,4212,290,-14.3,24,1220,39,2.1,1017.3,1027.2,327,1022.2,1736,1025,9.9,8.3,1200,1.83,10.19,,,,,,2.8,0,-1.6,-10.5,,,,,,,,,,,,0,,
143,대구,1995-01-12,.5,-4.8,740,6.9,1511,.67,,,,,0,8.7,290,1603,6.8,270,1727,2.4,2058,290,-8.6,28,1552,52.8,3.2,1013.5,1024.8,306,1017.3,1601,1021.2,9.9,6.8,1200,1.55,8.76,,,,,,3.3,2,.5,-12.1,,,,,,,,,,,,0,{눈}0840-{눈}{강도0}0900-0920.,
143,대구,1995-01-13,-.4,-3.9,2400,3.3,1354,.25,,,,,0,15.7,290,1528,10.3,290,1508,5.4,4672,290,-11.5,26,1330,44.5,2.7,1013.1,1023,2344,1018.1,0,1020.8,9.9,8.5,1200,1.84,10.27,,,,,,2,1,.2,-7.9,,,,,,,,,,,,0,{눈}2345-{눈}{강도0}2400-,
143,대구,1995-01-14,-3.3,-6.9,702,1.6,1555,1.17,,,,,0,12.7,290,1637,8.3,290,1602,4.3,3747,290,-14.8,23,1650,42.3,2,1018,1028.4,2343,1022.9,0,1025.9,10,8.9,1200,1.9,11.16,,,,,,0,0,-2.4,-13.2,,,,,,,,,,,,,-{눈}-0110.,
143,대구,1995-01-15,-.1,-4.1,401,5.8,1522,,,,,,,9.2,290,1340,6.7,290,1341,3.2,2799,290,-12.6,23,1629,41.5,2.4,1020.2,1029.5,1030,1025.7,1517,1028,10,9.1,1200,1.93,11.42,,,,,,.8,.4,-.6,-11.4,,,,,,,,,,,,,,
143,대구,1995-01-16,.5,-5.4,757,7.7,1542,,,,,,,8.9,320,1445,6,320,1506,1.9,1632,320,-9.5,31,1604,48.3,3,1018.5,1027.9,0,1024.1,1502,1026.3,10,7.5,1200,1.7,9.5,,,,,,3.8,.9,.3,-12,,,,,,,,,,,,,,
143,대구,1995-01-17,1.6,-1.8,522,8,1502,,,,,,,9,290,1330,6.7,290,1338,2.8,2407,290,-10.2,22,1530,45.5,2.9,1020.4,1030,1055,1026.7,1557,1028.1,10,8.2,1200,1.85,10.7,,,,,,0,0,.2,-10.9,,,,,,,,,,,,,{달무리}2310-,
143,대구,1995-01-18,1.8,-3.3,741,8.9,1443,,,,,,,13.8,270,1535,10.2,270,1529,3.9,3348,270,-9.1,35,1427,45.8,3.1,1017.2,1028.6,213,1021.6,1606,1024.9,10,8,1200,1.61,9.68,,,,,,3.5,.6,.9,-11.3,,,,,,,,,,,,,-{달무리}-0130.,
143,대구,1995-01-19,-.3,-5.3,813,5.4,1547,,,,,,,6.9,270,426,6.2,290,358,2.5,2178,290,-14,23,1500,37.3,2.1,1017.9,1028.4,923,1022.6,1648,1025.7,10.1,7.5,1200,1.74,10,,,,,,3,1.5,-.1,-12.8,,,,,,,,,,,,,,
143,대구,1995-01-20,1.7,-2.3,723,8,1617,,,,,,,9.2,290,1226,6.8,320,1240,3.1,2639,290,-10.3,32,1620,40.3,2.9,1016.3,1025.4,1127,1022.6,58,1024,10.1,8.7,1200,1.89,10.94,,,,,,2,.6,1.4,-9.2,,,,,,,,,,,,,,
143,대구,1995-01-21,1,-3.6,629,5.6,1602,1.42,,,,,.3,3.5,250,1607,2.8,250,1610,1,856,70,-6,45,1621,60.3,3.9,1016.2,1026.9,922,1019.3,2400,1023.9,10.1,.6,1200,.72,3.55,0,2400,0,2400,0,5.8,4.1,-.2,-10.2,,,,,,,,,,,,17.2,{박무}0920-{박무}{강도0}1200-1210.  {연무}1205-{연무}{강도0}1500-1710.  {싸락눈}2235-{싸락눈}{강도0}2400-,
143,대구,1995-01-22,2.4,.7,547,4.2,1627,20.17,,,,,19.1,4.2,250,2346,3.5,250,2340,1.4,1175,250,1.4,65,0,93,6.8,1007.5,1019.3,0,1013.1,1403,1015.1,10.1,0,1300,.19,.9,.3,125,.3,125,.3,10,5.5,2.6,.1,,,,,,,,,,,,2.2,-{싸락눈}-{비}0125-{비}{강도0}0300-{비}{강도0}0600-{비}{강도0}0900-{비}{강도0}1200-{비}{강도0}1500-{비}{강도0}1800-2010. {박무}2030-{박무}{강도0}2100-{박무}{강도0}2400-,
143,대구,1995-01-23,3.9,-.7,2400,8.4,1520,,,,,,,14.9,290,2130,9.2,290,2140,4.9,4259,290,-6.6,24,1705,50,4,1012.1,1025,2255,1016,102,1019.8,10.2,8.6,1200,1.84,10.59,,,,,,2.5,1.5,4.8,-4.8,,,,,,,,,,,,,-{박무}-{박무}{강도0}0300-{박무}{강도0}0600-{박무}{강도0}0900-0925.,
143,대구,1995-01-24,-.1,-3.1,720,4.3,1514,,,,,,,10.7,320,1534,6.7,270,1120,3.5,3032,290,-12.4,26,1523,40.3,2.4,1020,1030,1042,1024.8,0,1027.8,10.2,9,1200,2,12.08,,,,,,.3,.1,.6,-9.5,,,,,,,,,,,,,,
143,대구,1995-01-25,-.1,-6.3,750,7.4,1550,,,,,,,5.3,320,103,4.5,270,403,1.1,949,270,-11.4,24,1500,46,2.6,1022.2,1032.7,902,1027.9,2400,1030.1,10.2,7.8,1200,1.73,9.87,,,,,,0,.6,-.2,-12.2,,,,,,,,,,,,,,
143,대구,1995-01-26,.5,-4.3,2400,4.4,1529,,,,,,,11.1,290,1155,7.7,290,1143,3.2,2779,290,-13.6,20,1631,37.8,2.3,1021.6,1032.2,2400,1027.1,445,1029.3,10.2,8.7,1200,2.06,12.28,,,,,,3,1.5,.9,-8.3,,,,,,,,,,,,,,
143,대구,1995-01-27,-1.1,-5.6,312,4.7,1521,,,,,,,11.9,290,1221,6.2,290,1350,2.1,1824,290,-14.8,20,1430,35,2,1022.4,1032.7,240,1027.4,1720,1030.2,10.3,9.1,1200,2.08,12.4,,,,,,0,0,-1.3,-12.3,,,,,,,,,,,,,,
143,대구,1995-01-28,-1.7,-5.1,740,3.1,1424,,,,,,,11,290,1350,7.2,320,1446,2.4,2091,290,-13.8,25,1355,41.3,2.2,1022.2,1031.7,804,1028,1500,1030,10.3,9,1200,2.09,12.65,,,,,,0,0,-.9,-12.2,,,,,,,,,,,,0,,
143,대구,1995-01-29,-2.7,-7.4,348,3.2,1433,.33,,,,,0,15.8,290,1546,10,290,1434,4.2,3668,290,-12.6,32,1409,48.3,2.4,1020.1,1030.7,0,1025.1,1616,1027.9,10.3,8.1,1200,2.07,11.85,,,,,,1.3,1.6,-2,-13.3,,,,,,,,,,,,,{눈}0750-0810.,
143,대구,1995-01-30,-4,-8.9,730,2,1601,,,,,,,10.2,290,1350,7.7,290,1505,3.8,3319,290,-16.7,24,1559,38.5,1.7,1024.1,1033.7,943,1029.7,0,1032,10.4,9.3,1200,2.16,13.26,,,,,,0,0,-2.3,-14.9,,,,,,,,,,,,,,
143,대구,1995-01-31,-2.2,-6.1,624,3.6,1345,,,,,,,15.7,290,1522,8.5,290,1616,3.8,3320,290,-13.5,31,1545,42.3,2.2,1023.6,1033,208,1028.8,1513,1031.5,10.4,8.1,1200,2.07,11.62,,,,,,1.5,.3,-.9,-14,,,,,,,,,,,,,,
143,대구,1995-02-01,-1,-5.8,747,5.6,1608,,,,,,,5.7,230,1122,4.3,270,936,2.2,1910,270,-13.9,20,1557,39,2.1,1026.1,1035.6,914,1032.9,38,1034,10.4,9,1200,2.12,13.03,,,,,,0,0,-1.7,-14,,,,,,,,,,,,,,
143,대구,1995-02-02,-.4,-7.1,501,7.3,1517,,,,,,,5.8,90,1855,4,90,1850,.9,802,50,-9.3,29,1424,54.3,3.3,1025.6,1035.1,231,1031.2,1520,1033.5,10.4,5.9,1200,1.67,9.16,,,,,,3.5,2.3,-1.2,-12.7,,,,,,,,,,,,,,
143,대구,1995-02-03,1.3,-4.1,730,8.2,1438,,,,,,,6,230,1435,3.7,230,1440,1.8,1521,270,-8.7,21,1659,54,3.3,1024.7,1034.4,919,1030.1,1433,1032.5,10.5,7.6,1200,2.01,11.68,,,,,,4,0,1,-11.4,,,,,,,,,,,,,,
143,대구,1995-02-04,1,-2,651,6.2,1423,,,,,,,8.1,290,1857,6.7,290,1301,3.4,2976,290,-9.7,26,1458,47.5,3,1020.8,1031.3,0,1025.5,1600,1028.6,10.5,2.3,1300,1.65,9.09,,,,,,8,1.1,.8,-9,,,,,,,,,,,,,,
143,대구,1995-02-05,-.5,-4.1,708,4.6,1603,,,,,,,11.7,320,1115,8.5,290,1143,4,3436,270,-12.2,27,1600,42.3,2.4,1018.1,1027.4,2330,1023.6,1450,1025.9,10.5,9.1,1200,2.14,13.25,,,,,,1.5,0,.5,-10.4,,,,,,,,,,,,,,
143,대구,1995-02-06,1,-4,753,8.5,1530,,,,,,,11.8,290,1234,8,290,1237,2.9,2547,270,-9.2,27,1612,49,3.1,1017.6,1027.9,915,1022.5,1548,1025.3,10.6,8.9,1200,2.13,13.15,,,,,,.5,0,.6,-11.6,,,,,,,,,,,,,,
143,대구,1995-02-07,4.2,-1.9,739,12.2,1610,,,,,,,6.7,270,1232,5,250,1226,1.9,1655,270,-7.5,25,1632,44.8,3.5,1015.5,1025.5,1027,1020.8,1634,1023.1,10.6,8.9,1200,2.08,12.63,,,,,,0,0,2.2,-9.9,,,,,,,,,,,,,,
143,대구,1995-02-08,5,-2.1,627,12.4,1421,,,,,,,4.9,250,1518,3.5,270,1540,.8,701,270,-7.2,22,1436,45.3,3.6,1014.4,1025.2,924,1019.4,2120,1021.9,10.6,5.7,1200,1.88,9.24,,,,,,5.5,2.3,3.3,-8.9,,,,,,,,,,,,,{박무}1010-1145.,
143,대구,1995-02-09,6.2,2.4,2338,13.3,1417,,,,,,,11.4,90,1659,7.3,90,1800,2.3,1955,90,-4.4,28,1552,48.3,4.5,1013.3,1027.4,2400,1018.4,1419,1020.8,10.7,7.9,1300,1.98,11.9,,,,,,3.8,1.9,5,-4.9,,,,,,,,,,,,,{박무}0840-{박무}{강도0}0900-1030.,
143,대구,1995-02-10,4.3,-1.8,639,11.9,1434,,,,,,,6,140,1147,3.7,140,1133,1,855,50,-3.9,30,1355,60.5,4.6,1021.8,1031.6,928,1027.4,0,1029.5,10.7,8.6,1200,2.18,12.58,,,,,,2.8,1.5,4.6,-8.8,,,,,,,,,,,,,{박무}0310-{박무}{강도0}0600-0640.,
143,대구,1995-02-11,5.9,-1.6,700,14.4,1524,,,,,,,6.3,270,1334,3,270,1319,1.1,957,70,-1,38,1529,63.3,5.7,1019.8,1030.8,29,1024.3,1729,1027.3,10.7,7.7,1300,1.97,11.48,,,,,,2.5,1.3,5.6,-7.2,,,,,,,,,,,,.5,,
143,대구,1995-02-12,6.5,3.8,2400,8.6,210,18.5,,,,,9,5,270,2106,3.8,250,2334,.9,808,270,4.5,69,0,88,8.5,1012.7,1024.8,0,1016.7,1831,1020.2,10.8,0,1000,.36,1.7,,,,,,10,6,5.9,.8,,,,,,,,,,,,8.5,{박무}0140-{박무}{강도0}0300-{박무}{강도0}0600-{박무}{강도0}0900-{박무}{강도0}1200-{박무}{강도0}1500-{박무}{강도0}1800-{박무}{강도0}2100-{박무}{강도0}2400-  {비}0450-{비}{강도0}0600-{비}{강도0}0900-{비}{강도0}1200-{비}{강도0}1500-{비}{강도0}1800-{비}{강도0}2100-2320.,
143,대구,1995-02-13,5.1,2.1,750,10.8,1421,,,,,,,10.1,320,1536,7.3,320,1443,3.5,3041,290,-5.3,19,1440,51.8,4.3,1011,1020.6,900,1016.5,1530,1018.5,10.8,8.3,1200,2.26,13.18,,,,,,3,.4,4.7,-2.8,,,,,,,,,,,,,-{박무}-{박무}{강도0}0300-{박무}{강도0}0600-{박무}{강도0}0900-0930.,
143,대구,1995-02-14,2.9,-1.4,753,9.3,1554,,,,,,,7.8,270,1402,5,270,1410,2.9,2495,290,-9.8,22,1630,40,2.9,1011,1020.5,910,1015.5,1656,1018.6,10.8,9.5,1200,2.35,14.75,,,,,,0,0,3.4,-7.1,,,,,,,,,,,,,,
143,대구,1995-02-15,2.1,-2.2,751,8.3,1440,,,,,,,12.6,320,1350,8.3,290,1540,3.2,2764,270,-11,26,1758,38,2.7,1011.1,1021.9,2400,1016.5,1408,1018.7,10.9,7.4,1300,2.19,13.1,,,,,,1.5,.5,3.2,-9.5,,,,,,,,,,,,,,
143,대구,1995-02-16,1.4,-2.6,740,6.5,1438,,,,,,,10.8,290,1607,7,320,1342,2.5,2187,290,-11.8,23,1406,38.3,2.5,1014.9,1025.2,2400,1020.8,1506,1022.6,10.9,9.4,1200,2.37,15.25,,,,,,0,0,2.6,-11.1,,,,,,,,,,,,,,
143,대구,1995-02-17,2.9,-3,752,9.7,1513,,,,,,,9.6,290,1137,6,320,1050,1.8,1549,270,-9.7,24,1510,40.3,3,1018.1,1027.3,906,1024,1710,1025.7,10.9,9.7,1200,2.38,15.2,,,,,,0,0,3.5,-10.8,,,,,,,,,,,,,,
143,대구,1995-02-18,2,-3.6,752,8.5,1658,,,,,,,3.1,90,729,1.3,70,748,.2,134,90,-6,34,1554,56.8,4,1018,1027.6,926,1024.3,1717,1025.8,11,.8,1100,.96,6.22,,,,,,5.5,3.3,1.8,-8.8,,,,,,,,,,,,,,
143,대구,1995-02-19,4.9,-2.7,733,14,1544,,,,,,,6.1,320,1606,2.5,320,1610,.9,768,20,-4.3,15,1606,58.3,4.5,1016.2,1026,914,1020.7,1734,1023.7,11,9.4,1200,2.15,14.57,,,,,,0,.3,4.8,-8.9,,,,,,,,,,,,,,
143,대구,1995-02-20,4,-1.8,721,11.1,1543,,,,,,,8.4,320,1738,5.2,320,1746,1.3,1152,320,-4.4,26,1558,60.8,4.5,1015.7,1024.7,920,1021,1617,1023.3,11.1,8.8,1100,1.87,12.15,,,,,,.5,.6,4.1,-8.3,,,,,,,,,,,,,{박무}0630-{박무}{강도0}0900-1130.  {연무}1210-1450.,
143,대구,1995-02-21,3.6,-1.4,730,10.5,1508,,,,,,,9,90,2025,7,90,2002,2.1,1810,270,-6.3,27,1630,49.8,3.9,1018.4,1027.9,2400,1024.4,0,1026,11.1,9,1200,2.14,13.77,,,,,,.3,.6,3.6,-9.1,,,,,,,,,,,,,,
143,대구,1995-02-22,4.4,-2.4,711,12.8,1505,,,,,,,6.1,270,1328,4.7,230,1340,1.7,1472,90,-4.2,28,1629,58.8,4.5,1018.8,1029,900,1023.5,1726,1026.4,11.1,9.2,1300,2.2,13.68,,,,,,0,.3,5.7,-8.2,,,,,,,,,,,,,,
143,대구,1995-02-23,5.4,0,348,12.4,1524,,,,,,,8.3,290,1325,6.7,270,850,3,2583,270,-6.9,25,1630,43,3.7,1017.2,1026.5,25,1022.1,1638,1024.8,11.2,9.5,1300,2.08,13.27,,,,,,0,0,5.4,-8.5,,,,,,,,,,,,,,
143,대구,1995-02-24,5.2,-.3,454,12.4,1602,1.67,,,,,0,6.6,90,1819,5.2,110,1750,1.7,1502,50,-2.1,36,0,60.5,5.4,1014.9,1024.6,850,1019.2,1731,1022.4,11.2,4.3,1200,1.61,9.16,,,,,,7.5,3.1,6.5,-6.6,,,,,,,,,,,,0,{박무}0520-{박무}{강도0}0600-0630.  {박무}0740-{박무}{강도0}0900-1040.  {연무}1030-{연무}{강도0}1200-{연무}{강도0}1500-1620.  {비}2010-{비}{강도0}2100-2150.,
143,대구,1995-02-25,5.9,1.8,733,11.3,1509,.33,,,,,0,7.9,270,2257,6.2,270,2340,2,1729,270,.1,30,1554,69.5,6.2,1008.6,1020.8,40,1011.3,2110,1016.1,11.2,1.1,1100,1.09,6.26,,,,,,9.8,6.8,6.5,-3.4,,,,,,,,,,,,0,{박무}0530-{박무}{강도0}0600-{박무}{강도0}0900-1150.  {연무}1145-{연무}{강도0}1200-1415.  {비}1650-1710.,
143,대구,1995-02-26,5.3,1.9,2350,9.4,1609,,,,,,,12.1,290,916,9.5,270,1208,4.7,4100,270,-6.3,30,1618,44,3.9,1007.3,1019.2,2317,1011.7,100,1014.9,11.3,8.2,1200,2.31,14.34,,,,,,3,3.1,7.2,-7.7,,,,,,,,,,,,,,
143,대구,1995-02-27,4.3,-1.1,759,12.6,1528,,,,,,,6.6,140,1832,5.5,140,1838,2.2,1894,90,-6.2,20,1558,49.3,3.9,1011.1,1021.3,920,1015.6,1811,1018.7,11.3,8.8,1200,2.26,14.37,,,,,,1.3,0,6.5,-7.9,,,,,,,,,,,,2,,
143,대구,1995-02-28,3.7,.8,950,8.7,1549,2.33,,,,,6.5,11.6,270,1739,8.5,250,830,4,3418,270,-.2,42,1738,76,6,1003.3,1016.2,0,1007.6,1522,1010.9,11.3,.2,1100,1.59,7.05,1.2,1005,1.2,1005,1.2,8.8,5.5,4.7,-1.3,,,,,,,,,,,,,{비}0750-{눈}0830-{눈}{강도2}0900-1010.  {박무}1005-{박무}{강도0}1200-1445.,
143,대구,1995-03-01,5.1,1.5,730,11.3,1626,,,,,,,8.6,90,1818,6.7,290,120,3,2596,290,-4.1,27,1609,53,4.5,1012.7,1023,2320,1015.1,0,1020.2,11.4,8.4,1200,2.37,14.71,,,,,,4.3,4.8,7,-1.6,,,,,,,,,,,,,,
143,대구,1995-03-02,6.7,1.6,720,12.6,1540,.92,,,,,0,6.3,270,1457,3.8,230,1540,1.7,1456,20,-1.1,34,1636,60,5.7,1012.4,1023.3,5,1016.4,1718,1019.8,11.4,6.4,1100,2.12,11.35,,,,,,8,4.1,7.8,-4,,,,,,,,,,,,0,{박무}0220-{박무}{강도0}0300-{박무}{강도0}0600-0625.  {박무}0930-1130.  {연무}1120-{연무}{강도0}1200-1240.   {비}2045-{비}{강도0}2100-2140.,
143,대구,1995-03-03,6.2,.9,2400,11.4,1506,,,,,,,9.7,320,1342,7,320,2008,3.9,3397,290,-8.5,26,1504,34.5,3.3,1008.2,1017.1,0,1013,1500,1015.7,11.5,6.9,1200,2.33,12.97,,,,,,4.3,1.1,7.3,-4.8,,,,,,,,,,,,,,
143,대구,1995-03-04,3.3,.7,300,8.4,1557,.07,,,,,0,9.6,290,1545,7.7,290,1635,3.9,3332,290,-4.5,34,1621,57.5,4.4,1009.7,1020.6,2400,1015.8,1500,1017.2,11.5,5,1100,1.62,10.59,,,,,,6.8,4.5,5.1,-3.9,,,,,,,,,,,,0,{박무}0245-{박무}{강도0}0300-{박무}{강도0}0600-0650.  {박무}0740-{박무}{강도0}0900-0950.  {눈}1406-1410.,
143,대구,1995-03-05,5,-1.4,600,13.1,1552,,,,,,,11,270,1610,8.3,270,1608,3.8,3283,270,-6.7,25,1600,43.8,3.7,1012.8,1022.8,920,1017.9,1520,1020.4,11.5,10.5,1200,2.6,17.58,,,,,,0,0,9.2,-7.3,,,,,,,,,,,,,,
143,대구,1995-03-06,6.8,-.6,630,15.4,1639,,,,,,,6,270,1451,3.8,290,1543,1.6,1355,290,-4.8,23,1500,47.8,4.3,1013.2,1023.1,825,1017.6,1802,1020.7,11.6,9.6,1200,2.32,14.96,,,,,,2.3,0,7,-7.9,,,,,,,,,,,,,,
143,대구,1995-03-07,9.1,.7,727,18,1617,,,,,,,7,290,1651,5.3,290,1655,1.9,1654,50,-2,26,1553,50,5.3,1013.6,1022.7,900,1018.2,1750,1021,11.6,9.4,1200,2.37,14.91,,,,,,0,.3,9.5,-5.5,,,,,,,,,,,,,{박무}0610-{박무}{강도0}0900-1005.  {연무}1003-1140.,
143,대구,1995-03-08,10.5,1.8,706,20,1535,,,,,,,10,90,2006,6.8,90,1923,2.1,1822,90,-2,15,1527,48.3,5.4,1016.6,1026.6,2150,1020.6,1608,1024.1,11.6,10.3,1100,2.43,16.61,,,,,,0,0,11.5,-5.9,,,,,,,,,,,,,{박무}0440-{박무}{강도0}0600-{박무}{강도0}0900-1010.  {연무}1005-1130.  {박무}2240-{박무}{강도0}2400-,
143,대구,1995-03-09,7.7,3.4,727,14.8,1338,9.33,,,,,18.3,13.5,160,1501,8.2,160,1508,2.9,2542,90,3.3,41,1427,77,7.8,1012,1025.8,137,1008,2400,1019.5,11.7,1.2,1100,1.35,5.68,,,,,,8,5.8,7.8,-.1,,,,,,,,,,,,20,-{박무}-{박무}{강도0}0300-{박무}{강도0}0600-{박무}{강도0}0900-1020.  {비}1440-{비}{강도0}1500-{비}{강도0}1800-{비}{강도0}2100-{비}{강도0}2400-,
143,대구,1995-03-10,7.1,4.2,2400,11.6,1359,7.5,,,,,1.7,19.4,270,1431,12,270,1452,6.5,5632,270,-3.2,24,1350,52.3,5.4,999.3,1010.5,2400,1002.8,423,1006.7,11.7,6.4,1200,2.74,15.88,,,,,,6,5.3,8.9,2.5,,,,,,,,,,,,0,-{비}-{비}{강도0}0300-{비}{강도0}0600-0610.  {비}2220-2340.,
143,대구,1995-03-11,7.3,4,55,13.5,1622,,,,,,,9.8,290,314,7.5,290,320,3.3,2817,320,-.9,37,1620,56.5,5.7,1005.5,1014.7,903,1010.5,0,1012.9,11.8,5.3,1200,2.65,11.66,,,,,,5.8,2.8,7.9,-2.4,,,,,,,,,,,,0,,
143,대구,1995-03-12,5.7,3.8,35,10.2,1557,1.92,,,,,0,11.6,290,1044,8,320,1049,3.7,3210,290,.9,45,1537,73.3,6.6,1005.8,1019.4,2400,1008.7,610,1013.3,11.8,3.4,1400,1.44,8.75,,,,,,4.5,5,7.5,-2.2,,,,,,,,,,,,0,{비}0215-0250.  {비}0735-0825.  {소나기}1810-1840.  {박무}0320-{박무}{강도0}0600-0850.  {황사}0840-{황사}{강도0}0900-{황사}{강도0}1200-{황사}{강도0}1500-{황사}{강도0}1800-{황사}{강도0}2100-2130.,
143,대구,1995-03-13,7.8,3.1,700,15,1620,,,,,,,8.7,90,1828,6,90,1830,2.7,2305,270,-.4,26,1640,59.8,6,1016.7,1027.6,2220,1019.4,0,1024.2,11.8,8.2,1200,2.58,16.06,,,,,,4,2.1,9.2,-2.9,,,,,,,,,,,,,{박무}0530-{박무}{강도0}0600-0850.  {박무}2240-{박무}{강도0}2400-,
143,대구,1995-03-14,8,2,630,14.3,1503,,,,,,,5.6,200,1259,3.8,90,120,1.6,1409,90,.2,34,1418,61.3,6.2,1021.7,1031.1,2320,1027.4,0,1029.3,11.9,6.7,1100,1.99,11.98,,,,,,2.5,1.4,9,-2,,,,,,,,,,,,,-{박무}-{박무}{강도0}0300-{박무}{강도1}0600-{박무}{강도0}0900-1030.  {연무}1020-{연무}{강도0}1200-1240.,
143,대구,1995-03-15,8.8,2.2,700,16.8,1511,.42,,,,,0,10.6,70,1636,6.2,90,1810,2.5,2197,90,.9,30,1500,62.3,6.5,1019.7,1031.2,2,1021.5,2350,1027.2,11.9,8.5,1100,2.52,15.51,,,,,,2.5,2.9,10.9,-4.1,,,,,,,,,,,,15.8,{박무}0420-{박무}{강도0}0600-{박무}{강도0}0900-1020.  {비}2335-{비}{강도0}2400-,
143,대구,1995-03-16,11,7.7,231,15.2,1503,11.17,,,,,16.6,8.2,110,241,6.5,110,214,2.8,2456,290,8.3,65,0,84,11.1,1004.4,1021.5,0,1006.6,1240,1011.7,11.9,0,1400,1.06,4.34,,,,,,9.8,6.6,11.8,6.3,,,,,,,,,,,,.8,-{비}-{비}{강도0}0300-{비}{강도0}0600-{강도0}0900-1110.  {박무}1105-{박무}{강도1}1200-1355.  {박무}1515-{박무}{강도0}1800-{박무}{강도0}2100-{박무}{강도0}2400-,
143,대구,1995-03-17,4.6,-.1,2400,10,0,,,,,,,13.6,290,1124,9.2,290,325,4.8,4164,290,-9.6,22,1910,36.5,3.3,1015,1028.2,2332,1016.7,0,1022.5,12,4.6,1100,2.52,11.54,,,,,,8.8,3.3,6.1,-3.5,,,,,,,,,,,,,-{박무}-{박무}{강도0}0300-0420.  {달무리}2240-,
143,대구,1995-03-18,3.6,-1.4,500,10.1,1558,,,,,,,11.9,290,1034,7.3,290,1048,3.4,2966,270,-8.8,25,1620,41.3,3.2,1017.8,1028.7,21,1021.8,1635,1025.4,12,9.6,1200,2.83,19.3,,,,,,3,.9,5.9,-5.9,,,,,,,,,,,,,-{달무리}-0320.,
143,대구,1995-03-19,7.1,.8,652,13.5,1631,,,,,,,10.4,270,1217,6.7,290,30,2.9,2504,270,-9.7,17,1607,31,3,1017.5,1027.2,902,1022.5,1723,1025,12.1,10.9,1200,2.98,20.64,,,,,,1,.5,9.5,-6.5,,,,,,,,,,,,,,
143,대구,1995-03-20,10.4,2.5,525,18.8,1527,,,,,,,16.2,200,1344,10.5,200,1340,3.3,2830,200,-4.1,22,1432,37.8,4.6,1014.7,1024.8,0,1018,1550,1022.1,12.1,10.1,1200,2.65,17.39,,,,,,0,0,11.3,-4.3,,,,,,,,,,,,,{황사}1510-{황사}{강도0}1800-{황사}{강도0}2100-2240.,
143,대구,1995-03-21,15.2,9.2,520,22,1505,,,,,,,14.2,230,1246,7.5,180,1450,2.7,2310,230,6.2,34,1415,56.3,9.6,1010.2,1021.1,0,1013,1601,1017.5,12.1,10.1,1200,2.94,18.62,,,,,,3.5,3.6,16.2,1.8,,,,,,,,,,,,,{박무}0520-{박무}{강도0}0600-0610.,
143,대구,1995-03-22,9.4,8.3,709,11.5,0,.12,,,,,0,12.2,90,848,7.7,90,833,3.7,3224,90,6.1,74,0,80.3,9.4,1012.9,1022.8,1044,1018.3,0,1020.4,12.2,0,1300,.33,2.1,,,,,,10,7.6,10.1,7.2,,,,,,,,,,,,0,{비}1050-1057.  {박무}0920-{박무}{강도0}1200-{박무}{강도0}1500-{박무}{강도0}1800-{박무}{강도0}2100-{박무}{강도0}2400-,
143,대구,1995-03-23,10.9,7.8,710,17.9,1546,,,,,,,9.3,110,1718,6.3,110,1724,1.6,1360,110,6.8,52,1515,77.3,9.9,1011.8,1021.4,718,1016,1628,1019.2,12.2,3.9,1000,1.53,9.93,,,,,,10,8,13.1,7.2,,,,,,,,,,,,,-{박무}-{박무}{강도0}0300-{박무}{강도0}0600-{박무}{강도0}0900-{박무}{강도0}1200-1320.  {박무}1650-{박무}{강도0}1800-{박무}{강도0}2100-{박무}{강도0}2400-  {연무}1310-1440.,
143,대구,1995-03-24,9.5,6.6,2400,13.2,1432,1.42,,,,,.8,10.7,110,1827,8.8,90,152,4.5,3915,110,3.6,52,1304,67.3,7.9,1009.3,1018.3,0,1014,1534,1016.7,12.3,2,1200,2.19,9.74,,,,,,10,7.3,12.2,5.3,,,,,,,,,,,,5.3,-{박무}-{박무}{강도0}0300-{박무}{강도0}0600-0620.  {비}2235-{비}{강도0}2400-,
143,대구,1995-03-25,5.7,4.1,640,7.5,1520,8.83,,,,,4.5,6.2,90,1750,4,90,1748,1.4,1211,110,1.8,54,1750,77.3,7.1,1010.2,1019.2,936,1016.3,1640,1017.7,12.3,0,1200,.59,3.58,,,,,,9.5,7.3,7.8,.4,,,,,,,,,,,,,-{비}-{비}{강도0}0300-{비}{강도0}0600-0850.,
143,대구,1995-03-26,7.5,1.6,653,14.1,1610,,,,,,,9.7,320,1323,6,320,1330,1.8,1534,270,-3.2,21,1742,52.5,5,1008.1,1017.3,955,1012.9,1656,1015.6,12.3,10.2,1200,2.92,20.62,,,,,,3,1.9,11.5,-3.7,,,,,,,,,,,,,{박무}0140-{박무}{강도0}0300-{박무}{강도0}0600-{박무}{강도0}0900-0920.,
143,대구,1995-03-27,8,1.4,530,14.9,1312,,,,,,,12,320,1632,7.5,270,1722,1.7,1490,290,-1.1,36,1315,53.3,5.7,1008.7,1021.1,2400,1012.5,1510,1016.1,12.4,5.5,1100,2.26,11.64,,,,,,3.3,1.3,8.8,-4.9,,,,,,,,,,,,,{연무}0920-{연무}{강도0}1200-1220.,
143,대구,1995-03-28,7.2,.3,627,13.2,1413,,,,,,,8.8,90,1820,6,90,1728,2,1699,90,-4.2,31,1346,44.8,4.5,1016.4,1027,902,1021.1,0,1024,12.4,10.4,1200,2.62,16.29,,,,,,4.8,2.6,9.8,-6.5,,,,,,,,,,,,,,
143,대구,1995-03-29,11.7,5.2,602,19.5,1603,,,,,,,5.3,90,324,2.8,90,210,.6,476,90,-.5,27,1526,45,5.9,1011.3,1022.6,0,1015.3,1830,1018.6,12.4,9.8,1200,2.73,18.76,,,,,,4,1.8,15.1,3.2,,,,,,,,,,,,,{박무}0220-{박무}{강도0}0300-{박무}{강도0}0600-0640.,
143,대구,1995-03-30,11.4,7.1,640,17.2,1508,,,,,,,8.7,110,1811,6,110,1800,1.4,1189,110,3.6,39,1524,61.3,7.9,1005.6,1016.6,0,1009,1702,1012.9,12.5,2.7,1300,1.81,9.33,,,,,,7,4.8,12.8,2.1,,,,,,,,,,,,,{박무}0320-{박무}{강도0}0600-{박무}{강도0}0900-{박무}{강도0}1200-1220.  {연무}1215-1320.,
143,대구,1995-03-31,8.4,4.4,650,16.1,1257,.92,,,,,.5,18,270,1655,11,270,1802,3.4,2932,270,.8,41,1800,60,6.6,1005.2,1015.1,2400,1008.5,1521,1012.5,12.5,6.8,1000,1.88,10.2,,,,,,5.8,2,9.7,.4,,,,,,,,,,,,.5,{박무}0915-1010.  {박무}1310-1410.  {연무}1005-{연무}{강도0}1200-1315.  {비}1255-1345.  {비}1630-1635.,
143,대구,1995-04-01,8.3,2.9,628,14.6,1506,,,,,,,14,290,1357,8.3,290,1336,3.9,3360,270,-6.5,24,1340,35.3,3.8,1010.4,1019.8,2214,1015.1,0,1017.9,12.6,11.5,1200,2.95,20.72,,,,,,.3,.3,12.3,-4.1,,,,,,,,,,,,,,
143,대구,1995-04-02,6.9,3,639,11.6,1430,,,,,,,13.2,270,1538,8.5,270,1611,4.1,3569,290,-8.1,18,1554,35,3.4,1015.2,1026.6,2400,1019.2,240,1022.7,12.6,10.8,1200,3.08,22.12,,,,,,1,.5,12.7,-2.8,,,,,,,,,,,,,,
143,대구,1995-04-03,8.1,.9,552,14.5,1520,,,,,,,10.3,320,1532,7,320,1542,3.2,2727,290,-6.3,22,1551,37.3,3.8,1017.7,1027.8,700,1022,1742,1025.2,12.6,11.1,1200,3,21.73,,,,,,0,0,13.6,-7.7,,,,,,,,,,,,,,
143,대구,1995-04-04,11.9,4.3,544,20.9,1647,,,,,,,9.4,250,1154,5.5,250,1210,2.5,2122,270,-6.6,18,1507,27.3,3.8,1014.9,1024.9,902,1018.2,1706,1022.3,12.7,11.2,1200,3.03,21.92,,,,,,.3,0,16.3,-1,,,,,,,,,,,,,,
143,대구,1995-04-05,13.8,5.8,719,21.1,1624,,,,,,,7.8,290,2000,5.5,270,2002,1.4,1224,270,-3.4,19,1724,31.3,4.8,1011.8,1021.7,858,1015,1747,1019.1,12.7,10.1,1200,2.97,20.07,,,,,,3,0,17.1,-1.2,,,,,,,,,,,,,,
143,대구,1995-04-06,12.6,5.4,648,22.1,1549,,,,,,,15,290,1852,8.2,250,1643,2.3,1994,290,.8,25,1234,45.5,6.6,1004.9,1017.3,0,1005.7,1640,1012.2,12.7,9,1100,2.55,16.44,,,,,,2.5,.6,16.1,-2.7,,,,,,,,,,,,,,
143,대구,1995-04-07,13.9,5.8,700,22.2,1528,,,,,,,8.8,290,1720,4.7,270,1741,1.2,1000,250,-.6,21,1658,39,5.8,1005.5,1015.2,2359,1009.4,1610,1012.8,12.8,10.7,1200,2.84,19.95,,,,,,0,0,18.2,-1.6,,,,,,,,,,,,,{박무}0345-0450.  {황사}1805-{황사}{강도0}2100-{황사}{강도0}2400-,
143,대구,1995-04-08,16,7.1,604,22.9,1447,,,,,,,13.3,230,1150,8.5,250,1202,2.1,1782,200,3.7,32,1454,44.5,8.1,1006.5,1015.6,30,1010.7,1522,1013.7,12.8,9.5,1100,2.82,18.11,,,,,,2.8,.5,19.2,-.7,,,,,,,,,,,,.6,-{황사}-0240.  {황사}0710-{황사}{강도0}0900-{황사}{강도0}1200-{황사}{강도0}1500-{황사}{강도0}1800-{황사}{강도0}2100-{황사}{강도0}2400-,
143,대구,1995-04-09,14.7,9,2400,18.4,1609,3.33,.2,559,.3,550,.6,10.4,290,2245,6.3,320,1823,1.9,1600,290,4.6,17,1907,56.3,9.8,1006.8,1020.8,2400,1012.5,625,1013.9,12.9,2.3,1300,1.35,5.54,,,,,,7.3,4.4,15.4,3.4,,,,,,,,,,,,,-{황사}-0145.  {박무}0140-{박무}{강도0}0300-{박무}{강도0}0600-{박무}{강도0}0900-{박무}{강도0}1200-1340.  {비}0405-{비}{강도0}0600-0725.,
143,대구,1995-04-10,10.4,5.7,440,18.4,1548,,,,,,,8.4,250,1118,5.3,90,2120,2.3,1951,290,-5.7,20,1520,32.3,4.1,1014.6,1023.5,910,1019.7,1755,1022,12.9,8.5,1100,2.38,16.65,,,,,,7,1,14,-.7,,,,,,,,,,,,,,
143,대구,1995-04-11,10.6,5.8,632,17.8,1501,5.92,1,1910,4.5,1850,7.2,14.3,230,1640,7.3,230,1638,1.6,1384,320,3.4,32,1552,64.8,7.9,1009.3,1022.7,0,1011,1631,1016.7,12.9,5.2,1000,2.27,12.44,,,,,,6.8,3.9,15.4,1.9,,,,,,,,,,,,7.2,{비}1645-{비}{강도0}1800-{비}{강도0}2100-2240.,
143,대구,1995-04-12,10.3,4.9,504,18.4,1550,,,,,,,12.3,290,1544,8.7,290,1547,4.1,3518,270,-4,19,1600,40.3,4.6,1007.1,1018,2400,1012.2,56,1014.4,13,8.9,1200,3.01,19.95,,,,,,4,2.4,11,1.4,,,,,,,,,,,,,,
143,대구,1995-04-13,13.3,4.3,634,22.5,1436,.17,0,,0,,0,9.2,230,1552,6.2,230,1648,1,902,230,-2.8,16,1625,35.3,5,1010.2,1020.3,815,1014.6,1524,1017.5,13,10.4,1300,2.81,20.08,,,,,,2.5,2.9,16.5,-2,,,,,,,,,,,,4.3,{박무}0220-{박무}{강도0}0300-{박무}{강도0}0600-0620.  {비}2350-{비}{강도0}2400-,
143,대구,1995-04-14,11.6,8.4,707,16.1,1403,11.67,.3,200,1.3,200,4.4,10.9,110,1515,8,110,1510,2,1705,110,6.9,38,30,73.5,10,1006.2,1016.3,2352,1010.5,1427,1013.5,13,1.9,1300,2.58,10.33,,,,,,8,4.9,13.8,6,,,,,,,,,,,,.1,-{비}-{비}{강도0}0300-{비}{강도0}0600-{비}{강도0}0900-1030.  {비}1120-{비}{강도0}1200-1230.,
143,대구,1995-04-15,10.5,7.5,610,14.2,1533,,,,,,,11.8,90,1029,8,90,1040,4.7,4055,90,4.8,52,1531,67.8,8.6,1010.1,1019.6,1003,1016.2,0,1017.5,13.1,5.6,1400,1.99,13.73,,,,,,7.3,3.9,13.1,4.2,,,,,,,,,,,,,,
143,대구,1995-04-16,14.9,5,620,24.5,1540,,,,,,,9,290,1358,5.7,290,1410,1.6,1417,320,4.4,25,1534,54.8,8.4,1008.7,1018.2,20,1012.1,1523,1015.9,13.1,10.9,1200,2.8,20.16,,,,,,1,0,18.1,0,,,,,,,,,,,,,{박무}0140-{박무}{강도0}0300-{박무}{강도0}0600-{박무}{강도0}0900-1030.  {연무}1020-{연무}{강도0}1200-1230.,
143,대구,1995-04-17,17.7,11.1,643,24.6,1458,,,,,,,9.2,110,938,6.3,110,912,1.6,1410,90,6.6,25,1510,50.8,9.8,1010.1,1019.7,812,1014.6,1638,1017.2,13.1,9.2,1200,2.86,19.55,,,,,,4.3,1.3,20.9,4.9,,,,,,,,,,,,,{달무리}0210-0310.  {박무}0315-0540.,
143,대구,1995-04-18,17.2,10.3,631,25.7,1434,2.58,.1,2330,.3,2240,.4,10.3,320,1722,6.5,320,1735,1.2,1010,290,7.1,28,1304,55.5,10.2,1004.8,1017.6,0,1007.6,1720,1011.9,13.2,6.1,1100,2.54,14.13,,,,,,7.3,4.6,19.9,6,,,,,,,,,,,,.4,{박무}0040-{박무}{강도0}0300-{박무}{강도0}0600-{박무}{강도0}0900-0930.  {연무}0920-{연무}{강도0}1200-1240.  {비}2015-2030.  {비}2140-{비}{강도0}2400-,
143,대구,1995-04-19,13.6,9,719,19.9,1622,.5,0,,0,,0,14,320,317,10.5,270,643,4,3494,290,-.7,23,1706,39.8,6.2,1006.8,1021.1,2400,1008.2,202,1014.1,13.2,9.5,1100,2.91,20.33,,,,,,4,1.8,18.4,1.3,,,,,,,,,,,,,-{비}-0030.  {박무}0020-{박무}{강도0}0300-0520.,
143,대구,1995-04-20,13.4,3.8,600,22.2,1600,,,,,,,9.3,230,1508,6,270,1304,1.1,974,230,-.3,18,1442,42.3,6.1,1014.4,1024.5,903,1017.8,1802,1021.7,13.3,11.7,1200,3.2,23.99,,,,,,0,0,19.6,-2.6,,,,,,,,,,,,,,
143,대구,1995-04-21,13.1,7.7,601,20.6,1236,8.58,.6,1647,2.3,1801,11,9.2,140,1813,5,90,2240,1.1,970,90,8.6,49,1243,75,11.5,1008.9,1021.9,3,1008.3,2400,1016.2,13.3,0,1200,1.53,7.89,,,,,,7,3.6,14.7,1.2,,,,,,,,,,,,11,{비}1340-{비}{강도0}1500-1505.  {비}1610-{비}{강도0}1800-{비}{강도0}2100-2320.,
143,대구,1995-04-22,18.8,14.3,8,24.7,1414,8.67,5.4,1752,15.2,1710,42.8,11.2,250,1516,7.3,250,1523,1.3,1164,250,14.7,53,1346,78.8,16.8,996.4,1008.3,0,997.1,2315,1003.5,13.3,4.4,1000,1.93,10.63,,,,,,8.8,4.8,20.8,12.5,,,,,,,,,,,,46.9,{박무}0040-{박무}{강도0}0300-{박무}{강도0}0600-{박무}{강도0}0900-0920.  {비}1520-{비}{강도1}1800-{비}{강도0}2100-{비}{강도0}2400-  {천둥}{강도0}(S)1620-{천둥}{강도1}(S)1700-{뇌전}{강도1}(SE 1~2)1710-{번개}{강도1}(SE)1725-{번개}{강도0}(SE)1750-1830.,
143,대구,1995-04-23,15.8,11.9,631,21.4,1546,2.58,1.5,57,3.7,30,4.1,18,290,1143,10.3,270,946,5.1,4421,290,1.3,16,1719,43.5,7.5,999.7,1016.3,2400,997.2,2,1006.9,13.4,10.4,1200,3.11,22.58,,,,,,6.8,3,18,6.7,,,,,,,,,,,,,-{비}-0235.  {황사}1220-{황사}{강도0}1500-{황사}{강도0}1800-1810.,
143,대구,1995-04-24,15,9.1,628,21.6,1309,,,,,,,7.3,230,1350,4.5,230,1400,1.2,1012,250,-2.9,18,1158,29.3,5,1008.6,1018,819,1013.4,1825,1015.9,13.4,8.4,1200,2.34,15.73,,,,,,4.5,2.3,16.1,2.8,,,,,,,,,,,,,{황사}0840-{황사}{강도0}0900-{황사}{강도0}1200-1330.  {황사}1740-{황사}{강도0}1800-{황사}{강도0}2100-2240.,
143,대구,1995-04-25,15.1,7.4,539,24.4,1621,,,,,,,18.3,270,2010,12,270,2020,2.8,2418,290,.4,16,1756,38.8,6.3,1005,1016.6,0,1005.1,1818,1012.2,13.4,11.8,1200,3.2,22.61,,,,,,2.5,1,19,.5,,,,,,,,,,,,,{황사}1020-{황사}{강도0}1200-1240.  {황사}1520-{황사}{강도0}1800-1940.,
143,대구,1995-04-26,16.2,9.5,405,24.4,1603,,,,,,,16.9,290,847,9.5,270,1002,3.8,3293,270,-1.5,21,1543,30.8,5.5,1009.1,1021.6,2400,1012.7,0,1016.3,13.5,11.8,1200,3.16,24.45,,,,,,.5,0,20.3,4.1,,,,,,,,,,,,,,
143,대구,1995-04-27,16.6,10.6,610,24.7,1519,,,,,,,8.3,250,1726,5,250,1734,.7,624,200,2.1,23,1701,38.8,7.2,1012.5,1022.5,816,1016.2,1809,1019.7,13.5,7.3,1100,2.31,15.46,,,,,,8.3,3,18.8,4.4,,,,,,,,,,,,,,
143,대구,1995-04-28,18.7,10,620,28,1542,,,,,,,5.4,140,1855,2.7,110,1910,.5,465,70,4.9,21,1638,42.3,8.7,1010.4,1019.2,650,1014.5,1550,1017.6,13.5,11.2,1200,2.96,20.83,,,,,,0,.3,22.5,4.1,,,,,,,,,,,,,{박무}0045-{박무}{강도0}0300-{박무}{강도0}0600-0840.,
143,대구,1995-04-29,18.1,11.8,624,25.8,1337,.42,.1,1620,.1,,.1,8.8,250,1404,3,250,1415,.7,633,290,10,41,1050,60.3,12.5,1006.3,1017.7,0,1010.3,1629,1013.5,13.6,5.7,1000,2.23,13.16,,,,,,6.3,2.3,19.7,7.1,,,,,,,,,,,,.1,{연무}0940-{연무}{강도0}1200-1230.  {박무}2310-{박무}{강도0}2400-  {비}1615-1640.,
143,대구,1995-04-30,19.4,13.2,659,26.5,1410,,,,,,,10,90,1402,5.3,70,1509,1.4,1219,110,4,21,1352,40,8.4,1007.4,1016.1,840,1013,1620,1014.5,13.6,10,1100,2.8,18.3,,,,,,4.8,3.5,22.6,6.3,,,,,,,,,,,,0,-{박무}-{박무}{강도0}0300-0520.,
143,대구,1995-05-01,15.4,13.6,2342,17.5,0,9.75,.5,1630,1.8,1550,5.4,7.1,110,146,5,110,10,.8,703,110,11.2,33,0,77.3,13.6,1005.4,1016.7,2346,1009.9,1520,1012.6,13.6,0,1100,.58,4.3,,,,,,8,3.6,16.9,8,,,,,,,,,,,,5.4,{비}0710-0830.  {비}0925-{비}{강도0}1200-{비}{강도0}1500-1750.  {박무}0320-{박무}{강도0}0600-{박무}{강도0}0900-{박무}{강도0}1200-{박무}{강도0}1500-{박무}{강도0}1800-1840.  {박무}2240-{박무}{강도0}2400-,
143,대구,1995-05-02,18.6,12.5,618,27,1520,,,,,,,8,250,1813,3.2,250,1809,.9,784,250,8.6,23,1500,60.5,11.5,1007.6,1016.9,12,1012.6,1627,1014.7,13.7,6.7,1400,2.1,14.15,,,,,,8.3,8,20.8,11.1,,,,,,,,,,,,,-{박무}-{박무}{강도0}0300-{시정(미만)}{1km}{안개}0340-{시정(이상)}{1km}{박무}0445-{박무}{강도0}0600-{박무}{강도0}0900-1155.  {연무}1150-{연무} {강도0}1200-1420.,1.08
143,대구,1995-05-03,18,12.5,2400,23.6,1338,,,,,,,14,290,1437,9,320,1414,3.7,3180,290,2,20,2210,38.3,7.7,1007.1,1018.6,2400,1012.8,415,1014.3,13.7,10.6,1200,3.26,23.18,,,,,,6,4.5,22.3,7.5,,,,,,,,,,,,,{박무}0510-{박무}{강도0}0600-{강도0}0900-0910.,
143,대구,1995-05-04,13.7,8.7,552,20,1640,,,,,,,9,250,1850,5.8,250,1900,2.9,2522,230,-4.3,21,0,28,4.5,1009.2,1019.2,720,1012.2,1805,1016.5,13.7,8.5,1300,1.71,15.38,,,,,,6.3,4.1,18.5,1.8,,,,,,,,,,,,,,
143,대구,1995-05-05,16.4,7.6,602,24.1,1543,,,,,,,14.6,250,1658,10.8,230,1448,4.6,3934,230,.3,24,1317,33.8,6.3,1004.9,1014.7,0,1008.2,1608,1012.1,13.8,12,1200,3.11,23.96,,,,,,0,0,22.1,-.8,,,,,,,,,,,,,,
143,대구,1995-05-06,18,10.8,553,28,1423,,,,,,,10.7,110,1907,7,110,1852,3.2,2739,110,4.4,28,1337,41,8.4,1006.9,1019,2400,1011.4,1530,1014.1,13.8,10.8,1200,2.83,19.07,,,,,,2,1,22.1,3.9,,,,,,,,,,,,,,
143,대구,1995-05-07,18.7,9.1,608,28,1622,,,,,,,7,110,12,6.3,110,130,1.8,1517,90,5.2,23,1540,44,8.9,1009,1019,0,1012.3,1828,1016.2,13.8,10.9,1200,2.73,20.79,,,,,,0,.8,24.4,5.4,,,,,,,,,,,,,,
143,대구,1995-05-08,21.5,11.9,613,30.7,1553,,,,,,,8.4,230,1809,5.3,230,1813,1.7,1448,20,7,21,1540,42.5,10.1,1006.8,1015.9,804,1010.8,1707,1013.9,13.8,11.9,1200,3.05,23.21,,,,,,0,0,27.3,5,,,,,,,,,,,,,,
143,대구,1995-05-09,21.5,14.1,610,29.6,1346,,,,,,,12.1,230,1503,7.2,230,1509,2.9,2498,230,9.4,20,1511,50.3,12,1005.9,1015.5,900,1011,1600,1013,13.9,12.6,1200,3,23.43,,,,,,0,.3,27.7,6.3,,,,,,,,,,,,,,
143,대구,1995-05-10,17.3,9.3,2336,26.6,1136,8.5,1.7,1312,4.8,1255,21.6,14.3,290,1245,8.3,290,1251,3.7,3193,290,12.2,49,1134,73.5,14.3,1004.9,1015.1,2145,1008.2,1140,1012.1,13.9,3.9,1000,1.95,8.41,,,,,,8.5,5.8,20.2,4.6,,,,,,,,,,,,21.6,{비}1140-{소나기}1150-{소나기}{강도0}1200-1210.  {소나기}1245-{비}1320-{비}{강도0}1500-{비}{강도0}1800-2045.,
143,대구,1995-05-11,13.7,6,600,20.7,1502,,,,,,,9.2,290,1154,6,270,959,2,1731,270,1.3,22,1323,48.5,6.9,1010.3,1021,2353,1014.7,102,1017.6,13.9,10.4,1200,3.27,23.21,,,,,,2.8,1.4,18,1.2,,,,,,,,,,,,,{박무}0310-0430.,
143,대구,1995-05-12,15.2,7,558,22,1450,,,,,,,11.3,110,1444,7.7,90,1423,1.8,1539,90,1.4,22,1447,43.5,6.9,1014.4,1023,751,1020.8,1500,1021.6,14,12.7,1200,3.23,25.28,,,,,,0,0,20.6,1.7,,,,,,,,,,,,,,
143,대구,1995-05-13,11.4,6.8,555,17.2,1244,4.38,.6,1738,1.8,1738,3.7,12.3,70,1404,5.7,90,1231,1.3,1130,70,4.7,36,0,65.3,8.7,1010.4,1022,0,1013,1652,1017.8,14,.4,1200,1.61,6.96,,,,,,7.5,5.3,13.2,3.3,,,,,,,,,,,,3.8,{박무}0210-{박무}{강도0}0300-0520.  {박무}2310-{박무}{강도0}2400-  {비}1455-{비}{강도0}1500-1503.  {비}1715-{비}{강도0}1800-1945.  {비}2135-2320.,
143,대구,1995-05-14,12.2,10.6,30,14.3,1501,4.42,.2,2025,.2,2010,.3,8.7,90,1901,5.3,90,1910,1.7,1445,110,10.1,81,1143,87.5,12.4,1001.4,1013.1,0,1006.5,1650,1008.7,14,0,1100,.44,3.2,,,,,,10,6.6,14,10.3,,,,,,,,,,,,1.1,-{박무}-{박무}{강도0}0300-{박무}{강도0}0600-{박무}{강도0}0900-{박무}{강도0}1200-{박무}{강도0}1500-{박무}{강도0}1800-2045.  {비}0320-0530.  {이슬비}0710-0825.  {비}1020-1045.  {비}2010-2045.,
143,대구,1995-05-15,12.9,11.3,541,14.9,1703,7.17,.5,938,2.2,920,4,6.4,110,308,3,110,220,1.1,953,110,10.9,79,1820,87.8,13,999.7,1008.4,0,1005.7,1529,1007.1,14,0,1100,.48,2.85,,,,,,9.3,5.5,14.3,11.1,,,,,,,,,,,,3.1,{박무}0430-{박무}{강도0}0600-{박무}{강도0}0900-{박무}{강도0}1200-{박무}{강도0}1500-1535.  {비}0510-{비}{강도0}0600-0650.  {비}0720-{비}{강도0}0900-1055.  {비}1420-1440.  {이슬비}1505-1640.,
143,대구,1995-05-16,16.7,11.4,543,23.4,1705,.8,.7,1728,.9,,.9,8.3,90,1720,2.8,340,1454,.6,521,110,9.6,27,1644,68,12.1,1002.4,1014.1,2400,1007.3,300,1009.5,14.1,4.1,1200,1.94,12.97,,,,,,5.3,2.8,19.2,6.8,,,,,,,,,,,,.9,{박무}0610-0830.  {비}0957-1020.  {소나기}1725-1750.,
143,대구,1995-05-17,19.5,9.8,529,29.3,1541,,,,,,,7.6,180,1837,3,180,1840,.7,589,50,7.4,18,1706,51.5,10.4,1008.5,1018.4,2348,1013.4,1628,1015.6,14.1,10.9,1200,3.08,23.34,,,,,,.5,1.4,22.2,4.6,,,,,,,,,,,,,,
143,대구,1995-05-18,21.5,12.6,612,29.6,1547,,,,,,,9.7,180,1246,5.3,200,1440,1.1,992,90,6.3,16,1816,44.8,10,1012,1021.1,729,1016.9,1530,1019.1,14.1,12,1200,3.16,24.65,,,,,,0,0,25.3,7.3,,,,,,,,,,,,,{박무}0410-{박무}{강도0}0600-{박무}{강도0}0900-0910.  {연무}0905-{연무}{강도0}1200-1220.,
143,대구,1995-05-19,19.9,10.8,504,27.9,1550,,,,,,,11,230,1546,7.7,200,1354,1.9,1650,90,7.5,28,1550,45.8,10.4,1010.8,1021.6,736,1014.1,2400,1017.9,14.1,10.4,1400,2.15,17.67,,,,,,5,2.3,23.5,5.6,,,,,,,,,,,,7.3,,
143,대구,1995-05-20,18.8,17.5,2400,20.9,54,17.42,1.2,647,3.9,627,16.1,10.2,180,918,6.3,140,546,2.4,2097,90,14.9,51,0,79.8,17.1,999.9,1014.1,0,1002.6,2400,1007,14.2,0,1300,.27,2.08,,,,,,10,5.8,18.8,15.8,,,,,,,,,,,,10.4,{비}0310-0405.  {비}0510-{비}{강도0}0600-{비}{강도0}0900-{비}{강도0}1200-{비}{강도0}1500-{비}{강도0}1800-{비}{강도0}2100-2140.,
143,대구,1995-05-21,18.2,14.6,2400,22.5,1405,8.33,.2,450,1.1,410,2.2,9.7,110,617,6,110,620,1.4,1211,110,10.3,31,1603,64.3,13,995.6,1005.9,2311,1001.4,230,1002.7,14.2,.4,1300,1.89,9.51,,,,,,10,6.6,19.5,12.3,,,,,,,,,,,,.6,{비}0025-{비}{강도0}0300-{비}{강도0}0600-0605.  {비}2120-{비}{강도0}2400-  {박무}0020-{박무}{강도0}0300-{박무}{강도0}0600-0620.,
143,대구,1995-05-22,19.1,10.2,555,28,1626,.33,0,,0,,0,10.2,320,1901,7,320,1901,1.8,1590,290,5.8,17,1733,49.3,9.6,999.8,1010,2400,1003.8,25,1006.9,14.2,12,1200,3.25,25.64,,,,,,1.3,.5,22.6,5.4,,,,,,,,,,,,,-{비}-0020.  {박무}0120-{박무}{강도0}0300-0440.,
143,대구,1995-05-23,22.4,13.6,608,30,1629,,,,,,,9.3,270,1252,7,320,1707,2.6,2247,270,4.6,17,1655,32.8,8.5,1006.2,1016,2400,1010,0,1013.2,14.2,12.7,1200,3.29,26.19,,,,,,1,0,25.9,7,,,,,,,,,,,,,,
143,대구,1995-05-24,22.3,15.1,540,29.6,1500,,,,,,,10,200,1503,6.7,230,1452,1.8,1556,180,7.8,21,1535,43.3,10.8,1006.7,1016.8,748,1010.9,1818,1013.8,14.3,7.7,1300,2.3,15.34,,,,,,4,2.3,24.7,8.6,,,,,,,,,,,,.5,{박무}0740-0850.  {연무}0845-{연무}{강도0}0900-{연무}{강도0}1200-1330.,
143,대구,1995-05-25,19.8,17.4,240,25.4,1621,2.08,.2,645,.5,635,.5,8.7,270,1050,5.7,270,1059,2,1752,250,13.7,37,0,69.5,16.1,1002.2,1012.4,0,1005.6,1657,1009.3,14.3,2.3,1500,2.16,8.57,,,,,,7.8,5.6,20.7,9.8,,,,,,,,,,,,0,{비}0620-0745.  {비}0840-{비}{강도0}0900-0920.  {박무}0640-{박무}{강도0}0900-1130.  {박무}2135-{박무} {강도0}2400-,
143,대구,1995-05-26,21.2,16.6,530,27.8,1620,,,,,,,12.9,290,1355,8.3,290,1441,3.5,3048,290,7.9,16,1625,51.5,11.9,1004.6,1014.9,2400,1008.8,10,1011.6,14.3,9.5,1300,2.66,20.3,,,,,,3,.4,25.4,9,,,,,,,,,,,,,-{박무}-{박무}{강도0}0300-{박무}{강도0}0600-{박무}{강도0}0900-0920.,
143,대구,1995-05-27,21,13.7,550,29.1,1556,,,,,,,7.8,290,1516,5.5,320,15,2.9,2476,290,-.9,18,1456,22.8,5.8,1010.6,1020.3,902,1014.9,0,1017.7,14.3,13.1,1200,3.29,26.11,,,,,,0,0,27,4,,,,,,,,,,,,.2,,
143,대구,1995-05-28,16,13.4,2400,18.6,1540,9.75,.6,2024,1.8,2000,4.9,7.3,180,1754,4.7,180,1800,1.7,1426,90,8.2,37,0,61.8,11,1009.9,1019.9,1057,1013.3,2330,1017.2,14.3,0,1300,.56,2.85,,,,,,9.5,6.4,17.2,9.6,,,,,,,,,,,,5.8,{비}0750-{비}{강도0}0900-0945.  {비}1205-1220.  {비}1540-1640.  {비}1725-{비}{강도0}1800-{비} {강도0}2100-{비}{강도0}2400-,
143,대구,1995-05-29,19.1,13,258,27.8,1625,4.42,.2,110,.6,30,1.1,7.9,320,1550,6,320,1232,1.9,1641,290,11,30,1630,63.8,13.2,1002.2,1013.3,0,1006.3,1648,1009.3,14.4,6.8,1300,3.11,19.09,,,,,,6.3,2.9,21.9,12.8,,,,,,,,,,,,,-{비}-{비}{강도0}0300-0425.  {박무}0420-{박무}{강도0}0600-{박무}{강도0}0900-{박무}{강도0}1200-1220.,
143,대구,1995-05-30,21.9,15.9,525,28.9,1632,,,,,,,11,320,1558,6.7,250,1830,3.2,2788,270,8.5,20,1756,45.3,11.5,1003.6,1012.8,2400,1008.6,1540,1010.7,14.4,12.6,1300,3.15,23.7,,,,,,2,1.5,26.1,11.2,,,,,,,,,,,,,{박무}0610-0845.,
143,대구,1995-05-31,21.8,14.9,545,28.8,1510,,,,,,,9.1,250,1145,4.7,250,1311,3,2589,270,7.6,23,1642,41.8,10.5,1008,1016.6,956,1012.8,0,1015.1,14.4,10.2,1200,3.09,22.73,,,,,,2,1.1,27.3,8.9,,,,,,,,,,,,,{박무}0320-{박무}{강도0}0600-0840.,
143,대구,1995-06-01,22.5,13.9,526,30.8,1617,,,,,,,8.3,70,1815,5.3,70,1830,2.2,1928,90,7,17,1724,38.8,10,1009.1,1018,753,1013.7,1640,1016.1,14.4,11,1100,2.83,23.92,,,,,,1,.3,28.8,7.8,,,,,,,,,,,,0,,
143,대구,1995-06-02,21.1,16.2,618,28.5,1505,.83,.5,2336,.5,,.5,9.6,110,1844,7,110,1848,3.2,2798,90,9.3,23,1450,49.3,11.8,1007.1,1017,57,1010.6,2400,1014.2,14.4,7.5,1100,2.02,15.91,,,,,,6,2,26.6,11,,,,,,,,,,,,27.1,{비}0655-0720.  {소나기}2335-{소나기}{강도0}2400-  {뇌전}{강도0}(N 3~4)2350-{뇌전}{강도0}(N{이동}NE 3~4)2400-,
143,대구,1995-06-03,16.9,13.5,314,19.1,1638,12.17,3.3,120,10.5,110,28,10.4,110,223,6.8,110,230,2.3,1976,270,13.4,62,0,80.3,15.4,996.8,1013.4,122,999.7,1802,1003.9,14.4,0,1200,.69,4.28,,,,,,10,6.4,18,13.1,,,,,,,,,,,,1.4,-{뇌전}-0010.  -{소나기}-{비}0015-{비}{강도1}0300-0540.  {비}0720-{비}{강도0}0900-{이슬비}1025-{비}1140-{비}{강도0}1200-{이슬비}1215-1350.  {박무}0510-{박무}{강도0}0600-0650.  {박무}1340-{박무}{강도0}1500-{박무}{강도0}1800- {박무}{강도0}2100-2340.,
143,대구,1995-06-04,19.2,13.6,2400,26.6,1324,4.17,1.4,2143,3.3,2110,4.4,8.7,110,1638,6.7,110,1630,3.1,2714,270,11,36,1314,61.3,13.1,999.2,1009.7,2303,1002.6,0,1006.3,14.5,7.1,1200,2.69,18.45,,,,,,5.5,4.4,23.1,12.5,,,,,,,,,,,,4.4,{박무}0510-0545.  {소나기}1855-1950.  {소나기}2015-{소나기}{강도0}2100-{비}2210-2330.  {뇌전}{강도0}(NW 3~4)2033-{뇌전}{강도0}(NW{이동}SW 3~4)2037-{뇌전}{강도1}(SW{이동}S 1~2)2043-{뇌전}{강도1}(S{이동}SE 1~2)2045-2055.,
143,대구,1995-06-05,19.5,13.6,0,28,1605,1.08,.2,1812,1,1755,1,17,360,1738,10.5,360,1740,3,2614,270,11.3,31,1642,63,13.5,1001.6,1010.7,2400,1006.7,1656,1008.7,14.5,11,1300,3.12,24.34,,,,,,4.3,4.1,24.3,12.2,,,,,,,,,,,,1,{박무}0320-{박무}{강도0}0600-{박무}{강도0}0900-0920.  {소나기}1750-{소나기}{강도0}1800-1855.,
143,대구,1995-06-06,21.1,13.8,319,30.6,1553,,,,,,,9.2,140,1920,7.3,140,1929,2.4,2063,110,12.3,30,1559,60.3,14.4,1005.7,1015.4,2400,1010.7,0,1012.7,14.5,11.9,1200,3.05,22.22,,,,,,3,1.9,25.2,10.8,,,,,,,,,,,,,{박무}0120-{박무}{강도0}0300-{박무}{강도0}0600-{박무}{강도0}0900-1040.,
143,대구,1995-06-07,19.8,15,530,26.7,1446,,,,,,,11.2,90,1845,8.3,90,1850,4.6,3983,90,12.6,44,1310,64,14.6,1009,1017.4,2308,1014.1,1600,1016.1,14.5,10.3,1200,3.15,23.46,,,,,,3.5,.5,26,12.5,,,,,,,,,,,,,{박무}0140-{박무}{강도0}0300-{박무}{강도0}0600-{박무}{강도0}0900-1020.  {연무}1010-{연무}{강도0}1200-{연무}{강도0}1500-{연무}{강도0}1800-1950.,
143,대구,1995-06-08,19.3,16.3,305,23.3,1542,,,,,,,11,90,1522,9.3,90,1645,4.9,4262,90,10.9,47,1325,58.8,13.1,1007.4,1017.3,0,1011.8,1550,1014.4,14.5,11.7,1200,2.87,24.4,,,,,,4.5,3.1,27.3,14,,,,,,,,,,,,0,{박무}2020-{박무}{강도0}2100-{박무}{강도0}2400-,
143,대구,1995-06-09,17.7,16,325,20.3,1525,2.27,.3,1317,.3,1227,.3,9.2,90,2123,7,110,1802,4.2,3668,110,11.7,62,1545,67.8,13.7,1003.8,1013.1,0,1009.2,1715,1011,14.5,0,1100,1.16,8.82,,,,,,9.5,5.4,21,14.7,,,,,,,,,,,,.3,-{박무}-{박무}{강도0}0300-{박무}{강도0}0600-0740.  {비}0310-0316.  {비}1205-1340.  {비}1650-1725.,
143,대구,1995-06-10,19.8,16.2,528,24.6,1458,,,,,,,10.1,90,1746,7,90,1743,4.3,3682,110,11.7,47,1457,60.3,13.8,1005.2,1015.4,2400,1011.2,1656,1012.3,14.5,7.3,1000,2.77,22.2,,,,,,6.5,6,27.5,15.7,,,,,,,,,,,,,,
143,대구,1995-06-11,18.3,17,2400,21.9,1556,,,,,,,10.6,90,1752,7.3,90,1600,5.2,4488,90,12.2,51,1700,67.3,14.2,1009.6,1018.1,2400,1015.3,400,1016.7,14.5,4.4,1500,2.07,12.31,,,,,,7.5,5.9,22.8,15.9,,,,,,,,,,,,,{박무}0840-{박무}{강도0}0900-1045.,
143,대구,1995-06-12,17.8,14.8,2340,21.7,1452,4.17,.4,2226,1.3,2228,2.2,11,90,1905,8,90,1240,5.2,4515,110,11.2,53,1448,65.8,13.3,1009.4,1018.3,918,1014.7,2335,1016.5,14.6,2.1,1400,2.24,12.82,,,,,,9.3,6.4,23.6,14.5,,,,,,,,,,,,3.7,{비}1950-{비}{강도0}2100-{비}{강도0}2400-,
143,대구,1995-06-13,17.8,14.6,32,23.7,1559,6.5,.2,0,.8,0,1.5,10.3,70,1831,7.7,90,1810,3.4,2931,90,11.2,39,1648,66.5,13.3,1005.6,1014.7,0,1010.5,1640,1012.7,14.6,4.6,1400,2.66,13.64,,,,,,8,3.3,21.3,14.4,,,,,,,,,,,,,-{비}-{비}{강도0}0300-0520.  {비}0645-0755.,
143,대구,1995-06-14,19.3,13.2,523,24.8,1356,.25,0,,0,,0,8.6,110,1706,5.5,110,1716,2.3,1969,90,10.4,40,1410,57.5,12.6,1004.6,1013.8,600,1009.4,1530,1011.7,14.6,6.7,1000,2.81,16.06,,,,,,5.8,5,23.6,9,,,,,,,,,,,,0,{비}1650-1705.  {박무}2240-{박무}{강도0}2400-,
143,대구,1995-06-15,21.3,16.2,452,29,1430,,,,,,,7.7,110,1738,6.2,110,1750,2.7,2353,270,12.4,31,1410,60,14.4,1003.2,1012.2,622,1007.8,1721,1010.3,14.6,6.4,1200,2.84,18.13,,,,,,8.8,6.4,26.4,12.3,,,,,,,,,,,,,-{박무}-{박무}{강도0}0300-{박무}{강도0}0600-{박무}{강도0}0900-0940.  {박무}2020-{박무}{강도0}2100-{박무}{강도0}2400-  {연무}0935-{연무}{강도0}1200-1240.,
143,대구,1995-06-16,23.4,16.7,431,32.7,1542,,,,,,,8.3,270,1516,5.7,90,1801,2.6,2222,90,13.1,27,1535,55.8,15.1,1000.6,1010.3,100,1004.6,1731,1007.6,14.6,10.1,1200,3.03,22.59,,,,,,5,3.1,29.7,12.6,,,,,,,,,,,,,-{박무}-{박무}{강도0}0300-{박무}{강도0}0600-0825.  {연무}0820-{연무}{강도0}0900-1020.,
143,대구,1995-06-17,23,17.2,520,29,1421,,,,,,,8,110,2132,7,110,2130,2.8,2446,140,15.2,45,1403,62.8,17.3,999.9,1008.6,530,1005.1,1800,1006.9,14.6,6.3,1200,3.03,22.59,,,,,,8.5,6.3,27.2,14.5,,,,,,,,,,,,2.3,{박무}0430-{박무}{강도0}0600-{박무}{강도0}0900-0920.  {연무}0915-{연무}{강도0}1200-{연무}{강도0}1500-{연무}{강도0}1800-1840.  {박무}1820-{박무}{강도1}2100-{박무}{강도1}2400-,
143,대구,1995-06-18,18.4,16.9,1056,20.8,0,9.92,.6,348,1.7,334,2.7,7.2,110,212,6,110,10,1.8,1584,70,13.9,65,217,75,15.9,996.2,1006,13,1001.4,1518,1003.3,14.6,0,1300,.56,2.86,,,,,,10,7.4,20.9,16.8,,,,,,,,,,,,.4,-{박무}-{박무}{강도1}0300-{박무}{강도1}0600-{박무}{강도0}0900-{박무}{강도0}1200-{박무}{강도0}1500-{박무}{강도0}1800-{박무}{강도0}2100-{박무} {강도0}2400-  {비}0330-{비}{강도0}0600-0630.  {비}0720-0840.  {이슬비}0945-{이슬비}{강도0}1200-{이슬비}{강도0}1500-1520.,
143,대구,1995-06-19,22.9,17.2,520,30,1405,,,,,,,11.7,290,1650,6.8,250,1020,3,2596,290,14.2,37,1640,60.3,16.2,995.8,1005.1,2400,1001.6,1540,1002.8,14.6,10.7,1300,3,19.56,,,,,,5.3,1.5,25.2,13,,,,,,,,,,,,,-{박무}-{박무}{강도0}0300-{박무}{강도0}0600-{박무}{강도0}0900-0930.,
143,대구,1995-06-20,25.2,18.6,557,32.4,1458,,,,,,,8,270,1057,5.3,110,2056,3.5,3025,270,13.5,32,1430,50,15.5,999.6,1008,800,1005.1,0,1006.5,14.6,11.7,1200,3.09,24.15,,,,,,1.8,.9,30.7,13.5,,,,,,,,,,,,,{박무}0630-0730.  {연무}0725-0845.,
143,대구,1995-06-21,20.4,18.5,2122,23.1,0,,,,,,,12,90,1525,8.7,90,1506,5.8,4977,90,14.2,56,0,67,16.2,1000.9,1009.3,2400,1006.6,1537,1007.9,14.6,0,1200,.92,6.91,,,,,,9.3,8.5,23.1,15.9,,,,,,,,,,,,0,{박무}0430-{박무}{강도0}0600-{박무}{강도0}0900-1120.,
143,대구,1995-06-22,18.6,16.8,525,22.1,1252,.33,0,,0,,0,10,110,1250,7.2,110,1310,4.6,3982,90,12.7,57,1344,69,14.7,1000.9,1009.4,25,1006.5,1835,1007.9,14.6,.1,1200,1.91,10.26,,,,,,9.5,7.3,23.7,16,,,,,,,,,,,,,{비}0825-0845.,
143,대구,1995-06-23,23.7,16.3,533,31.7,1625,,,,,,,6.1,290,1616,4.3,290,1622,2.1,1854,290,13.3,30,1633,54,15.3,998.2,1007.5,0,1002.7,1630,1005.1,14.6,10.2,1200,2.97,23.62,,,,,,7.3,2,32.1,11.8,,,,,,,,,,,,,,
143,대구,1995-06-24,26,19.2,559,33.1,1655,,,,,,,8.7,160,1908,7.2,180,1901,2.1,1818,180,15.4,27,1656,54,17.5,997.3,1006.5,710,1001.6,1819,1004.3,14.6,11.1,1200,2.8,20.61,,,,,,1,.1,33.3,15.3,,,,,,,,,,,,,{박무}0230-{박무}{강도0}0300-{박무}{강도0}0600-0830.  {연무}0825-{연무}{강도0}0900-{연무}{강도0}1200-1440.,
143,대구,1995-06-25,24.5,19.6,613,31.1,1343,2.08,.6,1958,1.5,1927,1.6,12.2,20,1955,7.2,50,2001,3.2,2800,90,16.3,37,1325,62,18.6,991.8,1003.8,0,994.2,1717,998.7,14.6,7,1100,2.44,16.88,,,,,,8.3,3.1,31.9,16.3,,,,,,,,,,,,1.6,{박무}0020-{박무}{강도0}0300-{박무}{강도0}0600-0820.  {소나기}1920-{비}2030-{비}{강도0}2100-2125.,
143,대구,1995-06-26,24.5,19.4,550,32,1558,,,,,,,8.6,290,1227,5.7,290,1234,2.9,2486,320,14.6,26,1555,57.3,16.7,993.1,1003.3,2259,998.5,300,1000,14.6,9.4,1200,2.66,21.66,,,,,,7,3.8,31.9,16.9,,,,,,,,,,,,,{박무}0340-{박무}{강도0}0600-0840.  {연무}0835-{연무}{강도0}0900-0920.,
143,대구,1995-06-27,22.6,17.6,544,28.6,1344,6.08,4.2,2257,9.9,2234,16.3,8.7,70,1750,6.3,90,1845,2.3,1988,90,14.8,35,1336,64.5,17,997,1006.1,2348,1002.4,1523,1004,14.6,5.2,1000,2.52,14.1,,,,,,7,5.3,28.1,14.3,,,,,,,,,,,,20.9,{박무}0040-{박무}{강도0}0300-{박무}{강도0}0600-{박무}{강도0}0900-0940.  {연무}0935-{연무}{강도0}1200-1440.  {소나기}1705-{비}1740-{비}{강도0}1800-1815.  {소나기}1905-{비}2020-{비}{강도0}2100-{소나기}2215-{소나기}{강도1}2400-  {천둥}{강도0}(S)1835-{천둥}{강도0}(S{이동}SW)1845-1855.,
143,대구,1995-06-28,23.7,19.2,300,30.3,1801,3.08,5.2,2156,5.6,2110,10.2,6.2,90,1940,4.5,140,1950,2,1704,70,15.3,33,1644,62.5,17.4,999.6,1009.4,2400,1004.3,1544,1006.5,14.6,9.3,1200,2.98,19.64,,,,,,7.3,4.6,27,17.4,,,,,,,,,,,,5.6,-{소나기}-{비}0040-0120.  {비}0220-0240.  {소나기}2105-2230.  {박무}0115-{박무}{강도0}0300-{박무}{강도0}0600-{박무}{강도0}0900-1020.,
143,대구,1995-06-29,25.3,18.2,548,32.1,1652,,,,,,,8.4,50,1647,6.7,160,1853,2,1740,180,14.3,29,1622,53.5,16.4,1002.4,1011.2,833,1006.9,1812,1009.3,14.6,11.5,1200,3.07,23.65,,,,,,2,1.6,28.3,14.6,,,,,,,,,,,,,{박무}0705-0820.  {박무}2320-{박무}{강도0}2400-,
143,대구,1995-06-30,23,19.3,551,26.7,1334,,,,,,,5.5,180,1440,4.7,160,1454,1.5,1277,50,15.6,47,1306,63.3,17.8,1000.5,1009.8,0,1004.3,1939,1007.5,14.6,.8,1200,1.73,8.63,,,,,,9,4.5,24.1,15.6,,,,,,,,,,,,,-{박무}-{박무}{강도1}0300-{박무}{강도0}0600-{박무}{강도0}0900-0920.  {연무}0915-{연무}{강도0}1200-1240.,
143,대구,1995-07-01,25.1,20.9,601,29.5,1658,,,,,,,6.5,180,1738,4.7,180,1740,1.8,1567,20,17.8,51,1200,64.5,20.4,998.1,1006.6,2400,1003.8,1640,1005,14.6,6.5,1100,2.16,13.15,,,,,,8,6.4,27.5,18.2,,,,,,,,,,,,1.6,{박무}0220-{박무}{강도0}0300-0450.  {박무}1805-{박무}{강도0}2100-{박무}{강도0}2400-,
143,대구,1995-07-02,22.1,20.5,2155,24.6,0,15.25,.6,1713,2.2,1650,9.2,6.2,140,1132,5.5,140,1147,1.5,1292,140,18.3,64,1140,79.3,21,998.1,1006.6,0,1003.6,1831,1005.1,14.6,0,1200,.64,4.01,,,,,,10,5.1,23.5,19.6,,,,,,,,,,,,7.6,-{박무}-{박무}{강도0}0300-{박무}{강도0}0600-{박무}{강도0}0900-1120.  {박무}1620-{박무}{강도0}1800-{박무}{강도0}2100-{박무}{강도0}2400-  {비}0510-{비}{강도0}0600-{비}{강도0}0900-{비}{강도0}1200-{비}{강도0}1500-{비}{강도0}1800-2025.,
143,대구,1995-07-03,23.4,19.7,542,27.6,1715,,,,,,,5,270,1317,3.5,250,1330,1.5,1283,250,17.8,54,1654,72,20.4,999.1,1007.9,2346,1005.1,456,1006.1,14.5,.8,1200,1.88,10.81,,,,,,10,8.5,25.1,18,,,,,,,,,,,,,-{박무}-{박무}{강도0}0300-{박무}{강도0}0600-{박무}{강도0}0900-{박무}{강도0}1200-1330.  {박무}2310-{박무}{강도0}2400-,
143,대구,1995-07-04,24.8,21.4,557,28.1,1432,,,,,,,5,270,1705,4,250,1710,1.6,1343,270,16.1,43,1443,59.3,18.4,1002.2,1010.3,2218,1007.9,0,1009.2,14.5,.6,1200,1.73,10.46,,,,,,10,6.8,25.6,19,,,,,,,,,,,,.1,-{박무}-{박무}{강도0}0300-{박무}{강도0}0600-{박무}{강도0}0900-0920.  {연무}0910-1120.,
143,대구,1995-07-05,24.3,21.4,458,28.9,1620,1.17,.1,745,.1,710,.1,5.8,270,1804,4.2,250,1758,1.9,1649,320,16.7,34,1645,64.3,19,1003.2,1012,850,1008.3,1740,1010.2,14.5,4.2,1200,1.96,12.45,,,,,,9.5,8.6,25.6,19.9,,,,,,,,,,,,,{박무}0315-{박무}{강도0}0600-{박무}{강도0}0900-1040.  {연무}1030-1145.  {박무}2020-{박무}{강도0}2100-{박무}{강도0}2400-  {비}0705-0815.,
143,대구,1995-07-06,24.4,20.6,612,29,1728,,,,,,,6.2,270,1258,4.3,290,1320,2.2,1932,270,15.3,42,1745,57.8,17.4,1004.8,1013.1,915,1010,1803,1011.9,14.5,5.5,1100,2,14.45,,,,,,9.8,7.6,25.9,18.2,,,,,,,,,,,,.3,-{박무}-{박무}{강도1}0300-{박무}{강도0}0600-{박무}{강도0}0900-0930.  {박무}2230-{박무}{강도0}2400-,
143,대구,1995-07-07,22.1,21,1700,23.7,0,12.8,.8,1140,3.7,1130,13.5,4.9,90,1045,3.8,90,1100,1.3,1109,20,18.3,66,0,79,21,1005.8,1014.2,803,1011.4,1620,1012.8,14.5,0,1300,.82,4.33,,,,,,10,5.4,23.3,20.1,,,,,,,,,,,,28.7,-{박무}-{박무}{강도0}0300-{박무}{강도0}0600-{박무}{강도0}0900-{박무}{강도0}1200-{박무}{강도1}1500-{박무}{강도0}1800-1840.  {비}0557-{비}{강도0}0600-0605.  {비}0810-{비}{강도0}0900-{비}{강도0}1200-1340.  {비}1410-{비}{강도0}1500-1750.  {비}2030-{비}{강도0}2100-{비}{강도0}2400-,
143,대구,1995-07-08,24.5,21,350,29.7,1648,5.7,2,503,6.4,503,15.8,6,180,1813,4,180,1836,.9,772,50,19.2,54,1758,73.8,22.3,1005.1,1014.2,900,1009.7,2400,1012.1,14.5,2.4,1400,1.61,9.27,,,,,,7.5,3.5,25.9,20.7,,,,,,,,,,,,.3,-{비}-0035.  {비}0503-{비}{강도0}0600-{비}{강도0}0900-0950.  {비}1045-1105.  {박무}0945-{박무}{강도0}1200-{박무}{강도0}1500-1620.,
143,대구,1995-07-09,28.4,24.4,614,32.6,1606,.08,0,,0,,0,11,250,1358,7.5,200,1343,3.7,3169,230,19.3,47,1122,58.8,22.4,1001.4,1010,40,1006.3,1826,1008.2,14.5,7.8,1000,2.48,17.84,,,,,,7,3.9,30,21.2,,,,,,,,,,,,0,{소나기}2355-{소나기}{강도0}2400-,
143,대구,1995-07-10,28.4,26.1,2400,31.4,1055,2.5,.5,1642,1.1,1623,1.4,11.7,230,1021,7.2,230,943,3.8,3271,230,20.7,51,1044,63,24.5,998.9,1007.3,0,1004.3,1500,1005.8,14.5,4.8,1000,1.96,10.89,,,,,,6.8,4,28.4,23.9,,,,,,,,,,,,3.9,-{소나기}-0025.  {소나기}1115-1120.  {소나기}1210-1240.  {소나기}1610-1740.  {천둥}{강도0}(SE)1640-{천둥}{강도1}(SE)1700-1715.  {천둥}{강도0}(NW)1220-{뇌전}{강도0}(NW 2~3)1222-{천둥}{강도0}(NW{이동}N)1225-{천둥}{강도1}(N)1233-{천둥}{강도0}(N)1238-{천둥}{강도0}(N{이동}NE)1245-1255.,
143,대구,1995-07-11,28,24.6,555,32.9,1620,1.42,2.4,442,2.5,440,4.4,8.6,200,1554,6.7,230,1635,2.8,2389,50,20.5,44,1620,64.8,24.1,1001.2,1010.5,2400,1006.5,100,1008.1,14.4,6.2,1300,2.42,14.31,,,,,,6.8,4.9,28.6,22.5,,,,,,,,,,,,1.9,{소나기}0440-0515.  {소나기}0920-1010.  {천둥}{강도0}(NE)0938-0958.,
143,대구,1995-07-12,29.4,25.8,606,34,1528,,,,,,,13.6,230,1315,8.7,230,1709,4.2,3629,230,20.1,42,1438,58.5,23.6,1004.3,1012.6,2354,1010.4,312,1011.2,14.4,4.8,1200,2.55,18.48,,,,,,7,4.6,30.5,23.1,,,,,,,,,,,,,,
143,대구,1995-07-13,29.7,26,301,33.7,1618,,,,,,,14.1,250,1640,11.3,250,1720,6,5148,250,22,51,1645,63.5,26.5,1003.4,1012.4,0,1008.5,1619,1010.2,14.4,10.3,1100,2.94,22.7,,,,,,4.5,2.9,33.1,22.7,,,,,,,,,,,,,,
143,대구,1995-07-14,30.1,25.5,620,34.2,1647,,,,,,,7.7,230,1823,5.5,230,1820,2.7,2305,230,23.2,52,1640,67,28.4,1000.8,1010.5,31,1005,1800,1007.6,14.4,8.5,1100,2.39,16.46,,,,,,6.3,2.5,33.2,22.5,,,,,,,,,,,,,,
143,대구,1995-07-15,29.1,25,536,34.4,1606,.45,.2,1805,.2,,.2,10.3,250,1436,7,250,1237,2.7,2298,230,24,52,1528,74.8,29.8,996.4,1006.1,18,1001.4,1553,1003.3,14.4,2.8,1500,2.18,14.18,,,,,,8,3.5,33.1,22.3,,,,,,,,,,,,.2,{박무}0620-0830.  {박무}2120-{박무}{강도0}2400-  {비}1753-{비}{강도0}1800-1820.,
143,대구,1995-07-16,29.5,26.1,407,33.1,1456,.25,.3,1535,.3,,.3,10.3,230,1501,7.8,250,910,3.8,3290,230,24.6,62,1434,75.5,31,993.5,1002.9,2400,998.9,1501,1000.2,14.4,1.3,1400,1.67,11.28,,,,,,8.8,5.8,32.2,23.6,,,,,,,,,,,,.3,-{박무}-{박무}{강도0}0300-0510.  {소나기}1530-1545.,
143,대구,1995-07-17,24.7,20.6,2400,28.6,1243,,,,,,,10.8,90,1827,8.3,90,1849,4,3413,90,19,59,1140,70.8,22,999.5,1010.2,2155,1002.9,0,1006.4,14.3,1,1400,2.24,15.95,,,,,,8,4.3,30,18.8,,,,,,,,,,,,.4,{박무}1940-{박무}{강도0}2100-{박무}{강도0}2400-,
143,대구,1995-07-18,22.4,19.8,244,27,1502,.28,.4,20,.4,,.4,7.6,90,310,5.7,90,310,4.1,3555,110,17.4,57,1503,74,19.8,1003,1011.3,1024,1008.6,1644,1010.1,14.3,6.5,1300,3.02,15.83,,,,,,9,6,29.1,18.6,,,,,,,,,,,,0,-{박무}-{박무}{강도0}0300-{박무}{강도0}0600-0620.  {소나기}0018-0035.  {박무}2120-{박무}{강도0}2400-,
143,대구,1995-07-19,21.8,19.4,545,24.2,1553,4.08,1.2,1015,1.2,920,1.8,6.4,90,1322,4.7,90,1310,2.4,2076,90,18.7,73,1400,83,21.7,999.3,1009.4,0,1003.2,1818,1006.3,14.3,0,1200,1.19,4.78,,,,,,10,6.8,24.1,18.7,,,,,,,,,,,,1.8,-{박무}-{박무}{강도0}0300-{박무}{강도0}0600-{박무}{강도0}0900-{박무}{강도0}1200-{박무}{강도0}1500-1620.  {비}0755-0805.  {비}0825-{비}{강도0}0900-1030.  {비}1740-{비}{강도0}1800-1930.,
143,대구,1995-07-20,26.6,22.6,0,33.1,1514,2.33,2.4,1631,3.6,1605,5.8,7.6,320,1550,5.3,320,1504,1.9,1652,270,22.2,51,1512,78.8,26.8,997.2,1006.2,2357,1003.1,300,1003.9,14.3,7.7,1000,2.15,13.94,,,,,,6,4.5,31.6,21.7,,,,,,,,,,,,9,{박무}0320-{박무}{강도0}0600-{박무}{강도0}0900-0950.  {소나기}1605-{비}1650-{소나기}1725-{비}1750-{비}{강도1}1800-1825.  {박무}2020-{박무}{강도0}2100-{박무}{강도0}2400-,
143,대구,1995-07-21,24.3,22.4,521,27.5,1710,2.58,1.3,840,3.4,820,3.4,4.8,90,930,3.3,270,350,1.2,1017,50,22.3,74,1748,89,27,998.6,1007,826,1003.6,1602,1005.5,14.3,.2,1500,1.19,5.26,,,,,,9,8,25.8,21.2,,,,,,,,,,,,.2,-{박무}-{박무}{강도1}0300-{박무}{강도0}0600-{박무}{강도0}0900-{박무}{강도0}1200-{박무}{강도0}1500-{박무}{강도0}1800-{박무}{강도0}2100-{박무} {강도0}2400-  {비}0340-0410.  {소나기}0610-0635.  {비}0740-{비}{강도1}0900-0920.  {천둥}{강도0}(S)0810-0820.,
143,대구,1995-07-22,27.6,23.9,520,34,1436,.17,0,,0,,0,5.6,140,1546,5,160,1839,1.5,1313,320,22.6,53,1356,75.3,27.4,1000.4,1010.6,2205,1005.9,1540,1007.3,14.2,4,1300,2.43,13.21,,,,,,9.5,6.4,29.6,22.1,,,,,,,,,,,,0,-{박무}-{박무}{강도0}0300-{박무}{강도0}0600-{박무}{강도0}0900-{박무}{강도0}1200-1310.  {연무}1430-{연무}{강도0}1500-1525.  {천둥}{강도0}(SE)1530-{천둥}{강도1}(SE{이동}E)1600-1615.  {소나기}1835-1845.,
143,대구,1995-07-23,24.4,22.1,552,27.5,1331,11.08,6.5,2120,17.8,2050,47.8,21,70,1725,11.5,70,1730,5.4,4674,90,22.1,73,952,87.3,26.6,995.2,1009.7,0,991.8,2100,1002.2,14.2,0,1200,1.12,6.75,,,,,,8.5,6,25.9,20.2,,,,,,,,,,,,67,{비}0950-1005.  {비}1030-1055.  {비}1145-{비}{강도0}1200-1205.  {비}1355-{비}{강도0}1500-{비} {강도0}1800-{비}{강도1}2100-{비}{강도1}2400-  {박무}1345-1450.  {박무}1505-1640.,
143,대구,1995-07-24,28.2,23.8,558,33.8,1605,6.67,1.9,359,7.9,353,19.2,16.3,200,147,9,230,144,4.8,4133,230,22.4,46,1607,72,27.1,1002.4,1015,2400,999.8,0,1009.3,14.2,9.5,1200,3.12,21.6,,,,,,5.3,3.8,29.3,22.6,,,,,,,,,,,,,-{비}-{비}{강도0}0300-{비}{강도0}0600-0640.  {박무}2010-{박무}{강도0}2100-{박무}{강도0}2400-,
143,대구,1995-07-25,28.2,25.2,542,32.4,1337,.63,.3,1420,.3,,.4,8.6,250,1423,6,230,1433,2.4,2060,20,23.5,59,1317,76,28.9,1008.5,1017.3,2400,1014.3,448,1015.4,14.2,6.9,1100,1.8,14.65,,,,,,6.8,5.5,29.8,22.2,,,,,,,,,,,,.4,-{박무}-{박무}{강도0}0300-0520.  {소나기}1250-1255.  {소나기}1345-1358.  {소나기}1420-1440.,
143,대구,1995-07-26,28.9,24.1,540,34.3,1620,,,,,,,9.5,230,1625,6.7,230,1619,2.5,2142,50,21.2,42,1533,65.3,25.3,1010.2,1018.4,950,1015.7,1800,1017.1,14.1,11.4,1400,2.72,20.9,,,,,,3.5,3.4,30.6,21.2,,,,,,,,,,,,,,
143,대구,1995-07-27,28.8,22.9,452,35.6,1632,,,,,,,7.2,250,1213,5,270,1110,2,1754,270,22.2,44,1632,68.8,26.7,1010.6,1018.8,712,1015.3,1802,1017.5,14.1,10.6,1200,2.96,20.31,,,,,,2.8,2,31.2,19.6,,,,,,,,,,,,,{박무}0040-{박무}{강도0}0300-{박무}{강도0}0600-0840.,
143,대구,1995-07-28,29.8,23.4,558,36,1605,,,,,,,7,270,1508,4.7,230,1530,2,1701,50,21.8,34,1318,64.3,26.1,1008,1017.4,710,1011.8,1800,1014.8,14.1,11.2,1200,3.15,22.94,,,,,,2.3,.3,33.7,19.9,,,,,,,,,,,,,{박무}0720-{박무}{강도0}0900-1040.,
143,대구,1995-07-29,29.8,23.6,555,36.6,1620,,,,,,,8,230,1832,5.5,250,1307,2.8,2456,250,22.4,41,1645,66.3,27.1,1003.8,1013.3,0,1008,1800,1010.6,14.1,11.9,1200,3.08,22.79,,,,,,1,0,35.1,20.6,,,,,,,,,,,,,{박무}0420-{박무}{강도0}0600-{박무}{강도0}0900-1030.  {연무}1025-1140.,
143,대구,1995-07-30,29.5,24.2,610,35.3,1554,,,,,,,11,230,1211,7.8,230,1144,3.3,2821,230,22.9,48,1440,69.5,28,1003.5,1011.3,2400,1008.9,1550,1010.3,14,11.4,1200,3.01,22.37,,,,,,3.5,.8,35.8,20.8,,,,,,,,,,,,,{박무}0110-{박무}{강도0}0300-{박무}{강도0}0600-{박무}{강도0}0900-0930.,
143,대구,1995-07-31,30,26.5,507,35.4,1440,,,,,,,10.4,270,1351,7,270,1415,4.2,3634,250,23.8,49,1440,69,29.4,1005.3,1013.8,2400,1010.7,1652,1012.2,14,5.6,1300,2.7,17.19,,,,,,4.5,3.5,34.2,23.2,,,,,,,,,,,,,{박무}0220-{박무}{강도0}0300-0420.,
143,대구,1995-08-01,30,26,530,36,1548,1,.6,1632,.9,,1.3,14,250,1632,10.3,250,1641,2.8,2416,50,24.5,49,1528,74.3,30.8,1004.9,1013.9,100,1009,1630,1011.7,14,7,1200,2.83,17.09,,,,,,6.3,3.4,38.1,23.1,,,,,,,,,,,,1.3,{천둥}{강도0}(SW)1625-{천둥}{강도0}(SW{이동}S)1640-{천둥}{강도0}(S{이동}SE)1655-{천둥}{강도1}(SE)1720-1740.  {소나기}1630-1650.  {소나기}1705-1745.,
143,대구,1995-08-02,30.7,25.8,552,36,1559,,,,,,,9.7,230,2013,6.3,230,1344,3.6,3131,230,23.5,47,1559,67,29,1002.2,1010.9,0,1006.9,1710,1009,14,10,1400,2.33,18.07,,,,,,3.3,3.4,37.5,22.6,,,,,,,,,,,,,,
143,대구,1995-08-03,31.2,25.8,558,37.1,1516,,,,,,,9.6,200,1931,6.3,200,1937,3.8,3318,230,23.3,43,1439,65,28.7,1003.9,1012.8,2400,1009.6,1545,1010.7,13.9,11.9,1200,3.05,22.96,,,,,,2.5,1.5,38.5,21.5,,,,,,,,,,,,,,
143,대구,1995-08-04,30.8,25.4,610,37.1,1510,,,,,,,9,250,1232,6.8,230,1247,3,2589,250,23.4,42,1508,67.3,28.8,1006.1,1014.7,812,1010.8,1815,1012.9,13.9,10.5,1200,2.94,21.74,,,,,,2.3,2.4,38.1,21.2,,,,,,,,,,,,,,
143,대구,1995-08-05,31,25.3,610,37.2,1533,,,,,,,8.5,230,1450,5.2,250,2100,2.8,2411,250,23.6,42,1534,67,29.2,1005.5,1014,600,1010.1,1829,1012.4,13.9,9.3,1300,2.77,20.07,,,,,,2.5,2.3,38.1,22.1,,,,,,,,,,,,,,
143,대구,1995-08-06,31.2,26.4,640,37.4,1548,,,,,,,9,230,1604,6.3,230,1603,2.8,2400,230,24.1,44,1417,67.8,30.1,1004.5,1013.1,800,1009,1717,1011.3,13.8,10.5,1300,3.71,32.18,,,,,,4.3,3.5,38.4,22.5,,,,,,,,,,,,,{박무}0640-0830.,
143,대구,1995-08-07,31.5,25.6,610,37.7,1656,,,,,,,11.1,230,1513,8.3,230,1403,3.8,3326,230,22.6,40,1540,61,27.5,1002.6,1011.1,600,1007,1715,1009.4,13.8,12.6,1200,3.33,28.33,,,,,,1.3,1.6,39.5,21.3,,,,,,,,,,,,,,
143,대구,1995-08-08,31.3,26.9,359,37.1,1458,,,,,,,13.3,200,1336,8.7,200,1325,4.5,3846,200,22.9,42,1453,62.5,27.9,1002.3,1010.7,711,1006.8,1629,1009.1,13.8,8.7,1300,3.09,21.55,,,,,,3.5,2.6,37.7,23.3,,,,,,,,,,,,,,
143,대구,1995-08-09,27.9,24.8,2205,33.7,1145,4.83,9.4,1341,10.2,1335,19.4,13.4,250,1338,8.2,230,1222,3.4,2947,230,23.6,56,1130,78.3,29.1,1002.7,1011.1,2400,1008.1,220,1009.6,13.7,3.6,1100,1.62,9.37,,,,,,8,4,30.8,23.1,,,,,,,,,,,,19.4,{비}1145-{비}{강도0}1200-{소나기}1217-1240.  {소나기}1335-1420.  {비}1440-{비}{강도0}1500-1610.  {비}1630-{비}{강도0}1800-1810.  {천둥}{강도0}(NW)1320-{뇌전}{강도1}(NW 2~3)1330-{뇌전}{강도2}(Z 1)1335-{뇌전}{강도1}(SE 2~3)1350-{뇌전}{강도0}(SE 3~4)1400-{천둥}{강도0}(SE)1410-1430.  {천둥}{강도0}(NE)1655-1710.,
143,대구,1995-08-10,28.1,23.5,555,33.1,1510,,,,,,,7,320,1514,4.8,290,1640,2.7,2335,290,22.2,50,1653,71.8,26.7,1004.4,1012.3,1045,1009.8,1750,1011.3,13.7,8.5,1100,2.21,16.23,,,,,,6.8,3.8,30.2,21.7,,,,,,,,,,,,,{박무}0410-{박무}{강도0}0600-0815.,
143,대구,1995-08-11,29.8,24.4,619,35.6,1553,,,,,,,6.7,270,1432,5.2,270,850,2.3,1956,270,21.7,40,1543,64,26,1004.5,1012.9,816,1008.7,1820,1011.3,13.7,10.6,1300,2.72,20.51,,,,,,5.8,.9,33.1,20.8,,,,,,,,,,,,,{박무}0020-{박무}{강도0}0300-0530.  {박무}0820-{박무}{강도0}0900-0940.,
143,대구,1995-08-12,30.1,24.6,640,36.4,1544,,,,,,,7.4,250,1947,5.7,230,1843,2.3,1995,50,23.6,46,1548,69.5,29.1,1001.8,1010.6,0,1005.5,1809,1008.7,13.7,9.7,1200,2.4,17.58,,,,,,2,2.5,34.6,21.1,,,,,,,,,,,,,{박무}0040-{박무}{강도0}0300-{박무}{강도0}0600-{박무}{강도0}0900-1120.,
143,대구,1995-08-13,30.9,26.1,555,37.4,1330,,,,,,,9.6,200,1448,6,200,1433,2.6,2231,320,24.2,48,1317,69.5,30.3,1002,1011,2400,1007.4,1700,1008.8,13.6,7.9,1100,2.7,17.37,,,,,,4.8,3,34.6,22.9,,,,,,,,,,,,,{박무}0320-{박무}{강도0}0600-{박무}{강도0}0900-1030.  {천둥}{강도0}(SW)1540-{천둥}{강도0}(SW{이동}S)1545-{천둥}{강도0}(S{이동}SE)1610-1630.,
143,대구,1995-08-14,32.3,26.2,610,39.2,1630,,,,,,,4.2,230,1239,3.3,230,1253,1.5,1268,290,25.1,41,1629,68,31.9,1006.1,1015,2400,1010.9,1620,1012.9,13.6,9.3,1300,2.39,18.03,,,,,,2,1.3,37.1,22.3,,,,,,,,,,,,,{박무}0720-{박무}{강도0}0900-1040.  {박무}2120-{박무}{강도0}2400-  {연무}1035-{연무}{강도0}1200-1340.,
143,대구,1995-08-15,27.1,23.5,1414,36.2,1240,8.25,16,1355,29.5,1346,33.1,16.5,360,1359,11.7,360,1402,1.9,1669,270,25,52,1325,89,31.9,1009.2,1017.6,2100,1013.4,1315,1016.1,13.6,3,1200,1.9,8.09,,,,,,9.5,4.4,29.4,22.6,,,,,,,,,,,,33.1,-{박무}-{박무}{강도0}0300-{박무}{강도0}0600-{박무}{강도0}0900-{박무}{강도0}1200-1220.  {소나기}1335-{소나기}{강도0}1500-{비}1630-{비}{강도0}1800-{비}{강도0}2100-2150.  {천둥}{강도0}(SE)1235-{천둥}{강도0}(SE{이동}E)1250-{천둥}{강도1}(E)1310-{뇌전}{강도0}(E 4~5)1330-{뇌전}{강도0}(E{이동}NE 3~4)1355-{뇌전}{강도1}(NE 2~3)1420-{뇌전}{강도1}(NE{이동}N 2~3)1435- {뇌전}{강도1}(N 2~3)1500-{뇌전}{강도0}(NW 3~4)1520-{뇌전}{강도0}(NW 4~5)1540-{뇌전}{강도0}(NW{이동}W 4~5)1610-1620.,
143,대구,1995-08-16,27.9,23,548,34.6,1551,,,,,,,8.9,90,1757,6.3,90,1757,2.2,1865,290,22.6,48,1450,75,27.4,1009.1,1017.7,930,1013.5,1625,1016,13.5,8.2,1100,2.76,19.03,,,,,,4.8,2.6,30.9,21.7,,,,,,,,,,,,,{박무}0215-{박무}{강도0}0300-{박무}{강도0}0600-{박무}{강도0}0900-1040.,
143,대구,1995-08-17,29.6,24.4,610,35.9,1521,,,,,,,8,230,1913,5.5,230,1853,2.8,2428,110,23.3,45,1500,71,28.7,1007.4,1016.4,742,1011.4,1620,1014.2,13.5,7.2,1400,2.6,15.54,,,,,,3.5,2.3,32.1,22.5,,,,,,,,,,,,,{박무}0510-{박무}{강도0}0600-{박무}{강도0}0900-{박무}{강도0}1200-1240.,
143,대구,1995-08-18,30.6,24.8,615,35.4,1520,,,,,,,10.6,230,1150,7,200,1200,3.8,3310,230,22.8,46,1500,64.5,27.8,1004.7,1012.8,0,1009.5,1742,1011.5,13.5,11.2,1200,2.97,21.32,,,,,,2.3,1.9,34.7,21.5,,,,,,,,,,,,,{박무}0220-{박무}{강도0}0300-0510.,
143,대구,1995-08-19,29.1,25.4,2350,33.7,1130,2.3,.7,1654,2.4,1608,4.8,11.4,250,1414,7,230,1440,2.2,1930,50,24.6,56,1130,77.3,30.9,1005.5,1013.4,755,1011,1356,1012.4,13.4,5,1000,1.81,10.01,,,,,,7,4.8,31.3,23.1,,,,,,,,,,,,7.9,{소나기}1450-{소나기}{강도0}1500-{비}1520-1708.  {천둥}{강도0}(S)1505-{천둥}{강도0}(S{이동}SE)1515-1525.  {천둥}{강도0}(SE)1545-1557.  {박무}2010-{박무}{강도0}2100-{박무}{강도0}2400-,
143,대구,1995-08-20,26.8,24.9,620,30.3,1634,2.67,2.8,422,2.9,410,3.4,9.2,230,920,6.2,230,1143,2.5,2130,250,24.1,65,1757,85.5,30,1003.9,1012.1,2334,1009,1810,1010.8,13.4,2.1,1600,1.3,8.45,,,,,,7.8,3.3,27.8,22.3,,,,,,,,,,,,.3,-{박무}-{박무}{강도0}0300-0520.  {소나기}0407-0512.  {번개}{강도1}(S)0405-{뇌전}{강도1}(S{이동}SE 2~3)0455-0512.  {비}0830-{비}{강도0}0900-1005.,
143,대구,1995-08-21,26.7,24.3,525,30.4,1120,1.75,1.3,2342,1.6,2300,1.6,11.8,50,1529,7,50,1540,1.8,1552,110,23.7,63,1102,84,29.3,1005,1013.1,2400,1010.7,1714,1011.9,13.4,2.7,1000,1.84,9.23,,,,,,9.8,5.1,27.9,22,,,,,,,,,,,,2.1,{박무}0020-{박무}{강도0}0300-{박무}{강도0}0600-{박무}{강도0}0900-{박무}{강도0}1200-1340.  {소나기}1510-1555.  {소나기}2300-{소나기}{강도0}2400-  {박무}1820-{박무}{강도0}2100-{박무}{강도0}2400-,
143,대구,1995-08-22,26.9,22.8,620,31.6,1525,1.5,.2,100,.5,10,.5,6,110,1813,4.7,110,1820,2.4,2078,110,22.6,58,1505,79,27.5,1005.2,1013.7,950,1009.7,1750,1012.1,13.3,5,1000,2.1,13.16,,,,,,7.3,4.1,29.2,21.9,,,,,,,,,,,,5.3,-{소나기}-{비}0040-0130.  -{박무}-{박무}{강도0}0300-{박무}{강도0}0600-{박무}{강도0}0900-{박무}{강도0}1200-1330.,
143,대구,1995-08-23,25.9,23.9,610,28.7,1139,6.08,3.7,1350,9.4,1310,23.3,6.1,160,1602,5.2,160,1605,2.5,2123,90,24.4,77,1020,91.3,30.6,1004.8,1012.4,2400,1011.1,1831,1011.8,13.3,.8,900,.92,5.85,,,,,,8.5,5.3,27.5,23.2,,,,,,,,,,,,18,{비}0320-0520.  {소나기}1115-1140.  {소나기}1220-{비}1301-{소나기}1310-1420.  {소나기}1450-{소나기}{강도0}1500-1630.  {천둥}{강도0}(NW)1250-{천둥}{강도0}(NW{이동}W)1300-{천둥}{강도0}(W{이동}SW)1315-{천둥}{강도0}(SW{이동}S)1340-1420.  {천둥}{강도0}(S)1510-{천둥}{강도0}(S{이동}SE)1520-{천둥}{강도1}(SE)1540-{천둥}{강도0}(SE)1550-{뇌전}{강도0}(SE 3~4)1605-1615.,
143,대구,1995-08-24,27.7,24.3,1924,31.7,1012,2.48,18,1828,37.4,1744,42.5,8.3,270,1136,5.5,270,1137,2.2,1894,90,24.4,63,1020,83,30.7,1005.8,1014.9,1839,1011.5,215,1012.6,13.2,3.3,1300,2.4,10,,,,,,7.8,3.6,29.2,23.2,,,,,,,,,,,,42.5,{천둥}{강도0}(SW)1101-1120.  {천둥}{강도0}(NE)1220-{천둥}{강도0}(NE{이동}N)1240-1250.  {천둥}{강도1}(NW)1320-1335.  {천둥}{강도0}(S)1715-{뇌전}{강도1}(S 1~2)1724-{뇌전}{강도2}(S 1)1740-{뇌전}{강도1}(S 1~2)1800-{뇌전}{강도0}(S{이동}SE 3~4)1830-1905.  {소나기}1124-{소나기}{강도0}1200-1208.  {소나기}1250-1255.  {소나기}1730-{소나기}{강도0}1800-1910.  {뇌전}{강도0}(NE{이동}N 1~2)2150-{뇌전}{강도1}(N 3~4)2220-{뇌전}{강도0}(N{이동}NW 1~2)2305-2330.,
143,대구,1995-08-25,26.9,21.8,2140,33.4,1313,5.7,10,1618,13.8,2055,44.2,12.8,230,1503,7.3,230,1108,2.9,2526,90,24.4,55,1311,86.8,30.8,1005.7,1014.6,2140,1010.9,1600,1012.6,13.2,4.9,1200,2.34,12.01,,,,,,8.3,4.3,28.6,21.3,,,,,,,,,,,,44.2,{번개}{강도0}(N)0305-{번개}{강도0}(N{이동}NW)0328-{번개}{강도1}(NW)0332-0350.  {뇌전}{강도1}(NW 3~4)0430-{번개}{강도1}(NW)0445-0530.  {소나기}1320-1335.  {소나기}1445-{소나기}{강도2}1500-1510.  {소나기}1615-1635.  {소나기}1713-{소나기}{강도0}1800-2030.  {소나기}2055-{소나기}{강도1}2100-2220.  {천둥}{강도0}(SW)1310-1325.  {천둥}{강도0}(SE)1425-1450.  {천둥}{강도0}(SE)1610-{천둥}{강도1}(SE)1615-{뇌전}{강도0}(SE{이동}S 2~3)1618-{뇌전}{강도1}(S 1~2)1620-1635.  {천둥}{강도0}(SW)1838-1850.  {뇌전}{강도0}(SW 2~3)1940-{뇌전}{강도0}(SW 3~4)2010-2020.{뇌전}{강도1}(NW 2~3)2040-2045.  {박무}2120-{박무}{강도0}2400-,
143,대구,1995-08-26,25.3,21.8,520,31.1,1346,4.08,3.5,1634,12.8,1615,17.4,9.7,90,1609,6.3,90,1832,2.6,2242,90,22.3,63,1407,84.8,27,1002.8,1014.4,0,1004.7,2400,1009.7,13.2,3.2,1000,2.34,10.87,,,,,,8.3,5.1,27.3,21,,,,,,,,,,,,17.4,-{박무}-{박무}{강도0}0300-{박무}{강도1}0600-{시정(미만)}{1km}{안개}0646-{시정(이상)}{1km}{박무}0820-{박무}{강도0}0900-1130.  {비}1605-{비} {강도0}1800-2010.,1.57
143,대구,1995-08-27,27,23.5,2400,31.9,1628,,,,,,,12.1,200,443,8.7,250,940,4,3479,230,20.6,50,1622,68.8,24.3,1000.9,1012.6,2400,1003.9,209,1007.7,13.1,7.5,1400,2.47,16.1,,,,,,4.3,3,28.3,20.8,,,,,,,,,,,,,,
143,대구,1995-08-28,25.9,21.4,640,31.4,1425,,,,,,,5.5,340,1557,4.3,110,118,2.1,1810,90,20.3,53,1440,72,23.9,1006.4,1015,900,1011.7,1600,1013.3,13.1,3.3,1300,2.65,13.7,,,,,,6.5,3.3,28.3,20.1,,,,,,,,,,,,,,
143,대구,1995-08-29,26.3,22.2,629,30.8,1636,,,,,,,4.2,360,1602,3.3,340,1552,1.4,1179,50,22.3,52,1742,79.3,26.9,1007.2,1015.7,833,1012.4,1628,1014.2,13.1,5.6,1000,2.01,11.75,,,,,,4,3.5,27.6,20,,,,,,,,,,,,5.2,{박무}0410-{박무}{강도0}0600-{박무}{강도0}0900-{박무}{강도0}1200-1240.,
143,대구,1995-08-30,23.3,22.1,934,24.6,1849,17.08,3.4,2018,10.1,900,51.4,8.5,320,2011,5.7,160,1856,1.6,1363,90,22.4,87,0,95.3,27.1,1004.7,1014.1,0,1007.9,1857,1011.6,13,0,800,.31,1.79,,,,,,9,4,24.2,20.7,,,,,,,,,,,,64.3,{박무}0240-{박무}{강도0}0300-{박무}{강도0}0600-{박무}{강도0}0900-{박무}{강도0}1200-{박무}{강도0}1500-1730.  {비}0515-{비}{강도0}0600-0610.  {비}0655-{비}{강도0}0900-{비}{강도1}1200-{비}{강도0}1500-1635.  {비}1730-{비}{강도0}1800- {비}{강도0}2100-{비}{강도0}2400-  {천둥}{강도0}(NW)1502-{뇌전}{강도0}(NW 3~4)1510-1515.  {뇌전}{강도0}(NW 3~4)1905-{뇌전}{강도0}(NW{이동}W 1~2)1910-{뇌전}{강도0}(W{이동}SW 1~2)1950-2020.,
143,대구,1995-08-31,26.6,23.4,325,32,1538,7.33,2.3,450,5.1,430,18.1,7,290,1341,4.3,290,1335,2.2,1906,320,22.2,50,1657,79.5,26.9,1005.1,1015,2300,1009.7,250,1012,13,9.2,1200,2.6,17.41,,,,,,5.3,2.8,28.9,22.1,,,,,,,,,,,,,{박무}0210-{박무}{강도0}0300-{박무}{강도0}0600-0815.  -{비}-{비}{강도0}0300-{비}{강도0}0600-0720.  {뇌전}{강도0}(N 3~4)0445-{뇌전}{강도1}(N{이동}NW 1~2)0500-0530.,
143,대구,1995-09-01,25.8,21.8,631,30.2,1501,,,,,,,7.2,90,1341,5.3,90,1334,2.8,2414,90,18.9,42,1336,68.3,22,1009.2,1017.2,1014,1014.7,1600,1016.1,13,7.6,1100,2.52,16.51,,,,,,7.5,3.3,27.5,21,,,,,,,,,,,,0,{박무}0140-{박무}{강도0}0300-{박무}{강도0}0600-0640.  {박무}2140-{박무}{강도0}2400-,
143,대구,1995-09-02,24.7,22.2,505,29.1,1255,2.07,2.6,1256,3.2,1256,3.8,11.8,250,1624,7.7,250,1303,2.7,2360,250,22.3,72,1213,86.5,27.2,1001.1,1014.9,0,1003.3,1803,1008,12.9,2.2,1000,1.56,6.98,,,,,,9.3,3,25.7,21,,,,,,,,,,,,3.8,-{박무}-{박무}{강도0}0300-0420.  {비}0730-0740.  {소나기}1256-1450.,
143,대구,1995-09-03,26.2,22.6,2400,29.9,1415,.17,0,,0,,0,7.8,270,1602,5.5,270,1754,2.6,2244,270,20.9,56,1412,73,24.9,996.2,1004.4,0,1001.3,1630,1003.1,12.9,3.7,1300,1.72,9.81,,,,,,8.3,4.1,27.4,18.4,,,,,,,,,,,,0,{박무}0050-{박무}{강도0}0300-{박무}{강도0}0600-0840.  {비}1740-1750.,
143,대구,1995-09-04,25,18.9,624,31.6,1532,,,,,,,8.5,270,1632,6,290,1720,3,2588,290,15.7,31,1540,59,18,996.9,1005.4,2400,1001.2,1624,1003.7,12.9,11.4,1100,2.88,20.61,,,,,,2,1,26.9,15.4,,,,,,,,,,,,,,
143,대구,1995-09-05,23.5,17.2,630,28.9,1506,,,,,,,6.7,90,1156,4.7,90,1202,1.9,1674,90,17.3,51,1500,69,19.7,999.7,1008.6,1040,1005.1,320,1006.7,12.8,6.9,1100,2.77,14.73,,,,,,4,1.5,25.8,13.7,,,,,,,,,,,,,{박무}0440-0520.,
143,대구,1995-09-06,22.5,20.1,550,26.5,1440,.7,0,,0,,0,4.8,340,1331,3.8,340,1737,1.6,1340,50,18.2,51,1338,77.8,20.9,1001,1008.8,2340,1007.1,1530,1008,12.8,.7,1300,1.27,6.71,,,,,,10,8.3,24.6,16,,,,,,,,,,,,2,{박무}0610-{박무}{강도0}0900-{박무}{강도0}1200-1230.  {비}1545-1557.  {비}1605-1635.,
143,대구,1995-09-07,21.4,19.2,630,24.4,1341,6.5,.4,720,1.2,639,2.4,8.3,110,1925,5.3,110,1908,2.5,2130,90,18.6,64,1614,84.3,21.4,1003.4,1013.3,2400,1007.8,350,1010.4,12.7,0,1100,1.01,4.59,,,,,,10,6.8,22.8,19.1,,,,,,,,,,,,3.5,{박무}0040-{박무}{강도0}0300-{박무}{강도0}0600-{박무}{강도0}0900-1155.  {박무}1920-{박무}{강도0}2100-{박무}{강도0}2400-  {비}0530-{비}{강도0}0600-{이슬비}0840-{이슬비}{강도0}0900-0915.  {비}1805-2015.  {비}2215-2250.,
143,대구,1995-09-08,19.2,17.1,903,20.5,1600,8.25,1.1,333,1.4,320,3.5,8.7,110,457,6.7,110,520,2.5,2158,110,17.5,78,1637,90,20,1008.5,1017.6,1130,1013.1,200,1015.6,12.7,0,1300,.77,3.68,,,,,,10,4.6,21.5,17,,,,,,,,,,,,.4,{비}0215-{비}{강도0}0300-0420.  {비}0550-{비}{강도0}0600-{비}{강도0}0900-1110.  {비}1130-{비}{강도0}1200-1220.  -{박무}-{박무}{강도0}0300-0450.,
143,대구,1995-09-09,20.5,18.3,630,22.9,1425,3,.5,1150,1.5,1140,1.7,3.3,340,1146,2.8,340,1200,1.2,1060,250,19.2,81,1045,92,22.2,1004.7,1015.4,0,1009.7,1750,1011.8,12.7,.4,1300,1.13,5.22,,,,,,9.8,6.1,23,16.9,,,,,,,,,,,,1.7,{박무}0440-{박무}{강도0}0600-{박무}{강도0}0900-{박무}{강도0}1200-{박무}{강도0}1500-{박무}{강도0}1800-1920.  {비}1130-{비}{강도0}1200-1240.  {비}1550-1625.  {비}1740-{비}{강도0}1800-1855.,
143,대구,1995-09-10,22.8,17.7,620,27.4,1444,,,,,,,12.4,290,2258,8,290,2347,3.2,2776,270,17.4,53,1720,73,20,1003.1,1013.7,2400,1008.7,1619,1010.1,12.6,6.2,1000,1.98,12.85,,,,,,5,2.4,24.5,14.8,,,,,,,,,,,,,{달코로나}2320-,
143,대구,1995-09-11,19.8,17.1,559,23.9,1351,,,,,,,11.2,290,16,8.3,290,100,3.5,3038,270,10.5,47,1346,55,12.7,1010.9,1021.2,2400,1013.7,0,1018.1,12.6,2.2,1300,2.17,11.22,,,,,,9,3.4,21.1,12.4,,,,,,,,,,,,,-{달코로나}-0020.,
143,대구,1995-09-12,19.6,14,650,27.3,1638,,,,,,,5.7,250,1341,3.7,250,1336,1.6,1388,270,11.9,33,1730,63,13.9,1013.9,1023.5,850,1018.6,1740,1021.1,12.6,10.1,1200,2.56,17.65,,,,,,4.3,2.5,23.9,9.6,,,,,,,,,,,,0,,
143,대구,1995-09-13,16.9,15,2310,19,1322,9.42,.3,1150,.5,1150,1.6,4.1,230,1408,3.3,250,1050,1.3,1101,270,15.3,68,1340,90.5,17.5,1011.4,1020.2,0,1016.8,1834,1018.6,12.5,0,1200,.62,4.15,,,,,,7.5,4.8,18.5,11.7,,,,,,,,,,,,1.6,{비}0610-0630.  {비}0720-0840.  {비}0925-{비}{강도0}1200-{비}{강도0}1500-1710.  {박무}0930-{박무} {강도0}1200-1230.  {박무}2020-{박무}{강도0}2100-{박무}{강도0}2400-,
143,대구,1995-09-14,19,14,422,26,1430,,,,,,,7,90,1940,5.7,70,1757,2,1705,110,14.9,48,1420,80.3,17,1010.1,1018.4,952,1015.3,1510,1017.2,12.5,6.9,1100,2.31,13.73,,,,,,5.5,2,21.8,11.5,,,,,,,,,,,,,-{박무}-{박무}{강도0}0300-{박무}{강도0}0600-{시정(미만)}{1km}{안개}0715-{시정(이상)}{1km}{박무}0745-{박무}{강도1}0900-1130.,.5
143,대구,1995-09-15,20.4,14.1,658,27.2,1510,,,,,,,6.1,110,2031,4.5,110,2050,2.3,1960,70,15.6,48,1455,76,17.7,1009,1018.4,935,1013.6,1710,1016.1,12.5,9.6,1200,2.51,17.32,,,,,,2.8,.9,25.6,11.3,,,,,,,,,,,,,{박무}0720-0850.  {박무}2330-{박무}{강도0}2400-,
143,대구,1995-09-16,19.6,15.4,640,25.8,1259,,,,,,,11.3,70,1720,7.2,70,1600,3.2,2760,70,14.3,48,1602,73.3,16.4,1007.9,1016.1,2104,1012.9,1529,1015,12.4,7.2,1100,2.21,13.75,,,,,,1.3,3,23.2,12,,,,,,,,,,,,,-{박무}-{박무}{강도0}0300-{시정(미만)}{1km}{안개}0530-{안개}{강도0}0600-{시정(이상)}{1km}{박무}0640-{박무}{강도0}0900-{박무}{강도0}1200-1220.,1.17
143,대구,1995-09-17,18.4,13.6,630,24.9,1342,,,,,,,9,90,1815,6.2,90,1810,3.4,2900,340,10.6,42,1355,61.5,12.8,1008.5,1018.7,2400,1014.1,1500,1015.7,12.4,8.6,1200,2.62,17.42,,,,,,3.3,3.1,22.3,8.2,,,,,,,,,,,,,,
143,대구,1995-09-18,16.6,9.2,535,23.5,1437,,,,,,,7.1,90,2025,5,90,2040,2,1732,50,10.2,44,1425,68.3,12.5,1012.9,1022,2400,1018.3,1545,1020,12.3,8,1100,2.48,14.71,,,,,,1.8,1.1,21.8,5.5,,,,,,,,,,,,,,
143,대구,1995-09-19,17.7,10.8,624,24.2,1422,,,,,,,10.8,90,1813,7,90,1720,2.8,2413,90,12.2,43,1337,72.3,14.2,1014.2,1022.9,700,1018.7,1630,1021.4,12.3,8,1000,2.21,14.19,,,,,,4,2.3,22.1,7,,,,,,,,,,,,,,
143,대구,1995-09-20,17.1,12.3,602,21.6,1402,,,,,,,9,70,1528,7.3,70,1537,2.3,2029,70,12.2,51,1302,74.8,14.2,1012.9,1020.8,750,1018.8,1530,1020.1,12.3,4.4,1200,1.59,10.48,,,,,,8,1.3,19.9,8.6,,,,,,,,,,,,,{박무}0320-0530.,
143,대구,1995-09-21,17,10.4,640,24.6,1408,,,,,,,8.3,90,1216,5.5,140,1310,2.4,2104,20,11.8,44,1530,74.5,13.9,1012.6,1021.4,912,1017.7,1555,1019.8,12.2,9.2,1200,2.62,16.47,,,,,,4.3,2.1,21.1,6.8,,,,,,,,,,,,,{박무}0905-1020.,
143,대구,1995-09-22,19.2,12.2,650,25.7,1353,,,,,,,8.8,70,1233,6,70,1745,2.9,2497,70,14.2,48,1352,75,16.3,1011.8,1020.5,943,1016.5,1536,1019,12.2,8.7,1200,2.43,15.33,,,,,,6,3.4,24.3,8.7,,,,,,,,,,,,2.7,,
143,대구,1995-09-23,20.6,19.3,658,22.1,1452,11.08,1,1829,1.5,700,6.3,4.7,70,1527,2.7,90,50,1,873,70,19.4,85,0,92.8,22.5,1006.8,1017.6,0,1009.4,2351,1013.9,12.2,0,1100,.5,2.65,,,,,,10,4.8,21.5,18.2,,,,,,,,,,,,3.6,{비}0310-0340.  {비}0445-{비}{강도0}0600-{비}{강도0}0900-{비}{강도0}1200-1330.  {비}1520-1540.   {비}1810-1850.  {비}1920-1940.  {비}2245-2315.  {박무}2310-{박무}{강도0}2400-,
143,대구,1995-09-24,22.6,19.3,640,27.8,1258,,,,,,,7.8,320,1538,6,320,1543,2.8,2433,250,18.4,57,1303,77.8,21.1,1002.8,1014.6,2400,1006.9,530,1009.9,12.1,5.9,1100,2,12.3,,,,,,6.8,4.5,23.8,16.5,,,,,,,,,,,,,-{박무}-{박무}{강도0}0300-{박무}{강도0}0600-0620.,
143,대구,1995-09-25,21,17.6,2400,27.2,1417,.75,2.6,1641,3,1625,3,9.5,320,1633,6.7,320,1623,1.6,1345,290,17.5,54,1409,82.3,20,1008.8,1017.3,951,1014.3,1620,1015.9,12.1,4.2,1200,2.1,10.19,,,,,,7,2.6,22.6,14.7,,,,,,,,,,,,3,{박무}0430-{박무}{강도0}0600-{박무}{강도0}0900-{박무}{강도0}1200-1410.  {소나기}1625-1710.  {천둥}{강도0}(N)1620-1640.  {박무}1705-{박무}{강도0}1800-{박무}{강도0}2100-{박무}{강도0}2400-,
143,대구,1995-09-26,19.2,13.4,640,25,1559,,,,,,,5.6,270,1456,4,290,1319,1.7,1474,250,12.7,41,1415,68.3,14.8,1009.7,1018.4,831,1014.8,1721,1016.8,12,9,1000,2.03,13.72,,,,,,3.3,3.6,21.4,11.4,,,,,,,,,,,,,-{박무}-0120.,
143,대구,1995-09-27,18.2,13.8,510,23.4,1605,,,,,,,15.3,270,1321,10,270,1328,4,3433,270,10.9,40,1341,64.3,13.1,1010.8,1021.3,2300,1016.4,455,1017.9,12,9.3,1300,2.42,14.64,,,,,,1.8,2.4,21.3,8.4,,,,,,,,,,,,,,
143,대구,1995-09-28,18.8,11.7,622,25.9,1516,,,,,,,6.9,270,1127,5.3,270,1126,2.3,1958,270,11.8,41,1406,66.3,13.8,1013.7,1023,900,1018.3,1610,1020.9,12,10.2,1200,2.57,17.22,,,,,,1,.1,22.8,6.9,,,,,,,,,,,,,,
143,대구,1995-09-29,19.8,13.6,635,27.4,1508,,,,,,,5.3,250,1214,3.7,230,1237,1.5,1291,20,13.8,41,1500,71.8,15.8,1014.5,1023.7,2400,1020.1,1510,1021.6,11.9,6.7,1200,2.18,14.11,,,,,,5,.8,22.5,9.6,,,,,,,,,,,,,{박무}0210-{박무}{강도0}0300-{박무}{강도0}0600-{박무}{강도0}0900-0920.,
143,대구,1995-09-30,18.3,14.3,650,23,1436,,,,,,,8.1,90,1238,5.7,90,1210,2.6,2235,90,14.9,60,1257,81.5,16.9,1017.5,1025.6,2200,1023.7,0,1024.7,11.9,2.3,1100,1.23,7.69,,,,,,9.3,3.8,20.1,11.1,,,,,,,,,,,,.3,{박무}0410-{박무}{강도0}0600-{박무}{강도0}0900-{박무}{강도0}1200-1225.,
143,대구,1995-10-01,19,17.3,950,20.4,1500,10.67,.3,947,.9,950,3.1,5.4,110,215,3.7,320,1532,1.4,1206,270,17.7,79,0,92,20.3,1014,1024.7,0,1017.9,1640,1021.2,11.9,0,1400,.81,2.81,,,,,,9.3,5.3,20.2,15.3,,,,,,,,,,,,2.8,{비}0510-{비}{강도0}0600-{비}{강도0}0900-{비}{강도0}1200-1440.  {비}1720-{비}{강도0}1800-1830.  {박무}0840-{박무}{강도0}0900-{박무}{강도0}1200-{박무}{강도0}1500-{박무}{강도0}1800-{박무}{강도0}2100-{박무}{강도0}2400-,
143,대구,1995-10-02,20.4,15.3,555,28.1,1514,,,,,,,6,290,1406,4.7,290,1408,1.5,1310,250,15.4,46,1513,76.5,17.5,1011.2,1020.5,916,1016.5,1725,1018.2,11.8,8.1,1200,2.41,14.71,,,,,,2.5,1.4,22.5,12,,,,,,,,,,,,,-{박무}-{박무}{강도0}0300-{박무}{강도1}0600-{시정(미만)}{1km}{안개}0750-{시정(이상)}{1km}{박무}0840-{박무}{강도1}0900-1030.,.83
143,대구,1995-10-03,19.5,14.5,631,27.5,1240,2.92,.2,1828,.3,1825,.3,5.6,270,1325,4.2,320,1441,1.3,1143,20,15.4,47,1240,78.3,17.5,1009.1,1018.1,0,1013.6,1528,1016.2,11.8,4.5,1100,1.94,9.84,,,,,,6.8,3.3,21.4,10.5,,,,,,,,,,,,.3,{박무}0420-{박무}{강도0}0600-{박무}{강도0}0900-1020.  {비}1435-1450.  {비}1615-1640.  {비}1720-{비} {강도0}1800-1925.  {박무}1420-{박무}{강도0}1500-{박무}{강도0}1800-{박무}{강도0}2100-{박무}{강도0}2400-,
143,대구,1995-10-04,19.9,15.7,2304,24.6,1329,,,,,,,9.2,270,1401,6.3,320,1338,2.9,2511,270,12.8,36,1500,66.5,15.2,1008.7,1018.6,2327,1013.7,406,1015.8,11.7,6.3,1200,2.07,10.71,,,,,,8,3.5,22.1,11.9,,,,,,,,,,,,,-{박무}-{박무}{강도0}0300-{박무}{강도0}0600-{박무}{강도0}0900-1040.  {박무}2240-{박무}{강도0}2400-,
143,대구,1995-10-05,17.5,13,2400,22.7,1408,,,,,,,11,270,1045,8,270,1408,3.7,3209,290,8,35,1406,56.3,11,1011.7,1023.8,2400,1016.8,1515,1019,11.7,4.7,1200,2.48,12.56,,,,,,7.3,3.8,21,8.9,,,,,,,,,,,,,-{박무}-{박무}{강도0}0300-{박무}{강도0}0600-0650.,
143,대구,1995-10-06,14.2,9.1,720,21.2,1533,,,,,,,5.6,270,110,4.2,270,40,1.9,1660,50,4.4,28,1446,54.3,8.4,1018.3,1027.8,1030,1023.8,0,1025.6,11.7,10.1,1100,2.28,14.89,,,,,,3.3,1.9,19,4.7,,,,,,,,,,,,,,
143,대구,1995-10-07,14,9.6,650,21.1,1556,,,,,,,5,230,1407,4,250,1414,1.2,1049,50,7,25,1624,66.8,10.1,1017.6,1027.5,15,1022.1,1606,1024.9,11.6,4.8,1300,1.7,9.33,,,,,,7.3,5.4,18.6,5.1,,,,,,,,,,,,,{박무}0830-{박무}{강도0}0900-0950.  {박무}2240-{박무}{강도0}2400-,
143,대구,1995-10-08,15.7,7.7,650,24.7,1458,,,,,,,6.2,270,1132,4.3,290,1236,1.9,1640,290,8.8,36,1438,67.8,11.4,1015.1,1024.3,928,1019.9,1508,1022.3,11.6,9.4,1200,2.43,15.35,,,,,,4.3,1.8,19.8,4.1,,,,,,,,,,,,,-{박무}-{박무}{강도0}0300-{박무}{강도0}0600-0840.,
143,대구,1995-10-09,16.8,11.4,621,23.1,1435,,,,,,,7,90,1924,6,90,1929,1.9,1600,90,11.2,38,1647,72.8,13.3,1014.7,1024,2400,1019.9,1700,1022,11.6,6.6,1200,1.74,10.4,,,,,,5.8,2.3,18.9,5.9,,,,,,,,,,,,,{박무}0720-{박무}{강도0}0900-{박무}{강도0}1200-1220.  {연무}1210-1420.,
143,대구,1995-10-10,16.3,10.4,643,24.1,1415,,,,,,,4.5,90,1126,4,110,2104,1.8,1594,70,10.8,41,1317,72.5,12.9,1018,1027.2,920,1023.2,1622,1025.3,11.5,9.4,1200,2.24,13.95,,,,,,0,.5,21,6.4,,,,,,,,,,,,,{박무}0720-{박무}{강도0}0900-1040.  {박무}2240-{박무}{강도0}2400-,
143,대구,1995-10-11,16.7,9.2,705,25,1527,,,,,,,3.8,270,1347,2.8,90,2300,1.4,1172,70,11.2,43,1618,72.5,13.3,1018.3,1027.3,915,1023.3,1648,1025.6,11.5,7.5,1200,2.03,12.86,,,,,,0,0,20.2,5.1,,,,,,,,,,,,,-{박무}-{박무}{강도0}0300-{박무}{강도0}0600-{박무}{강도0}0900-1110.  {연무}1105-{연무}{강도0}1200-{연무}{강도0}1500-1530.,
143,대구,1995-10-12,17.5,10,704,27.2,1554,,,,,,,3.5,110,1824,3.3,110,1837,1.5,1290,70,11,36,1502,70,13.1,1016.2,1025.5,902,1020.7,1650,1023.4,11.4,9,1200,2.1,13.08,,,,,,0,0,20.3,4.8,,,,,,,,,,,,,{박무}0320-{박무}{강도0}0600-{박무}{강도0}0900-1120.  {연무}1110-{연무}{강도0}1200-1420.,
143,대구,1995-10-13,18,9.3,659,28.5,1524,,,,,,,4,90,2246,3.5,70,2255,1.2,1027,50,10.2,29,1411,66,12.5,1013.5,1023.5,901,1017.1,1938,1020.7,11.4,9.6,1200,2.16,12.54,,,,,,2.3,0,19.3,4.5,,,,,,,,,,,,,{박무}0840-{박무}{강도0}0900-1010.  {연무}1005-{연무}{강도0}1200-{연무}{강도0}1500-1630.  {박무}2240-{박무}{강도0}2400-,
143,대구,1995-10-14,20,10.6,650,29.2,1432,,,,,,,9.3,250,1527,6.7,250,1503,1.9,1616,50,13.2,35,1430,69.5,15.3,1008.5,1018.4,0,1012,1526,1015.6,11.4,9,1200,1.96,12.95,,,,,,3,3.8,23.2,5.6,,,,,,,,,,,,8.4,-{박무}-{박무}{강도1}0300-{박무}{강도0}0600-{박무}{강도0}0900-1030.  {연무}1020-{연무}{강도0}1200-{연무}{강도0}1500-1540.,
143,대구,1995-10-15,19.3,15.8,2400,21,4,10.83,2.8,847,8.5,830,30,6.5,270,2124,5.5,270,2151,1.8,1547,50,18.3,81,0,93.3,21,1006.3,1015.5,0,1011.7,1500,1013.4,11.3,0,1600,.31,1.53,,,,,,8,4.5,19,12.5,,,,,,,,,,,,21.6,{비}0240-{비}{강도0}0300-{비}{강도0}0600-{비}{강도1}0900-{비}{강도0}1200-1330.  {박무}1530-{박무}{강도0}1800-1840.,
143,대구,1995-10-16,16.6,12.3,632,21.8,1434,,,,,,,11.7,290,1327,9,320,1343,3.8,3313,270,9.8,44,1454,65.8,12.1,1009.7,1020.6,2400,1014.9,0,1016.9,11.3,9.4,1100,2.39,14.25,,,,,,1,1.4,17.1,8.4,,,,,,,,,,,,,{박무}2220-{박무}{강도0}2400-,
143,대구,1995-10-17,16.8,9.9,650,24,1502,,,,,,,5.1,270,55,4.3,270,59,1.4,1200,70,11.4,45,1338,72.8,13.5,1014.3,1022.8,930,1020,1740,1021.5,11.3,8.9,1200,2.01,12.43,,,,,,0,0,17,6.8,,,,,,,,,,,,,-{박무}-{박무}{강도0}0300-{박무}{강도0}0600-{박무}{강도0}0900-1110.  {연무}1105-{연무}{강도0}1200-{연무}{강도0}1500-1720.,
143,대구,1995-10-18,16.9,10.9,635,24.3,1543,,,,,,,6.9,90,2108,5.2,90,2115,1.6,1401,70,12,38,1610,76.3,14,1013.9,1022.7,855,1018.4,1524,1021,11.2,6.6,1300,1.7,10.15,,,,,,5.8,3.1,17.4,6.7,,,,,,,,,,,,,{박무}0315-{박무}{강도1}0600-{시정(미만)}{1km}{안개}0840-{안개}{강도0}0900-{시정(이상)}{1km}{박무}1040-{박무}{강도0}1200-1240.  {연무}1220-{연무}{강도0}1500-1620.,2
143,대구,1995-10-19,16.3,12.2,2400,20.7,1246,,,,,,,9.6,110,1434,7.3,70,1053,3.7,3157,110,11.3,50,1157,73,13.5,1015.8,1025,2224,1021,42,1023.1,11.2,5.4,1200,1.99,9.53,,,,,,6.5,2.4,16.6,6.1,,,,,,,,,,,,,{박무}0420-{박무}{강도0}0600-0610.,
143,대구,1995-10-20,14.1,7.8,610,20.6,1517,,,,,,,9.5,90,1709,6.3,90,1710,2.4,2033,20,8.7,40,1520,73.5,11.3,1016.5,1025.7,900,1020.8,1600,1023.8,11.1,7.6,1000,1.58,10.48,,,,,,.5,1,15.7,3.2,,,,,,,,,,,,,{박무}0420-{박무}{강도0}0600-0640.,
143,대구,1995-10-21,13.8,10.5,557,18.3,1550,,,,,,,4.7,140,1526,3.5,140,1530,1.3,1155,50,10.3,60,1533,80.8,12.6,1014,1023,0,1019,1530,1021.4,11.1,.6,1000,.86,5.61,,,,,,6.3,3.4,14.4,4.3,,,,,,,,,,,,,,
143,대구,1995-10-22,15.6,10.1,730,23.5,1447,,,,,,,9.1,90,1839,6.7,90,1840,1.7,1498,110,10.9,36,1605,77,13.1,1014.8,1024.1,2132,1020.1,1501,1022.1,11.1,9.9,1100,2,12.55,,,,,,1.8,.3,17.2,5.6,,,,,,,,,,,,,{박무}0830-{박무}{강도0}0900-0930.,
143,대구,1995-10-23,15.6,9.4,719,23.6,1454,,,,,,,3.6,250,1458,3.2,270,1518,1,862,70,10.4,42,1558,75,12.6,1015.1,1025.3,848,1019.2,1704,1022.3,11,8.4,1200,1.92,11.47,,,,,,2.8,2.9,17.5,5,,,,,,,,,,,,1,{박무}0040-{박무}{강도0}0300-{박무}{강도0}0600-{박무}{강도1}0900-1145.  {연무}1140-{연무}{강도0}1200-1240.,
143,대구,1995-10-24,15.5,11.4,2400,20,1540,3.42,.3,210,.5,210,1,12.2,270,2031,8.7,270,2021,3.7,3211,270,9,43,1508,67.8,11.9,1011.1,1021,2400,1015.4,1515,1018.4,11,3.1,1300,1.41,5.51,,,,,,5.5,2.6,15.3,5.4,,,,,,,,,,,,,{비}0205-{비}{강도0}0300-0520.  {비}0605-0615.  {박무}0720-{박무}{강도0}0900-1020.,
143,대구,1995-10-25,14,8.8,550,20.2,1532,,,,,,,9.2,290,1400,6.3,270,1005,3.2,2722,290,5.7,38,1426,59.3,9.2,1015.1,1024.3,930,1021,0,1022.4,11,10.1,1200,2.19,13.55,,,,,,0,0,14.9,2.1,,,,,,,,,,,,,,
143,대구,1995-10-26,14.7,7.8,640,22.1,1459,,,,,,,8.8,290,1329,6.8,290,1144,2.4,2034,290,8.1,42,1442,66.5,10.8,1015.6,1024,902,1020.7,1510,1022.9,10.9,9.6,1100,2.1,12.52,,,,,,0,0,15.5,2.1,,,,,,,,,,,,,{박무}0140-{박무}{강도0}0300-{박무}{강도0}0600-0620.,
143,대구,1995-10-27,14.2,7.7,650,21.8,1422,,,,,,,11.2,90,1640,6.7,90,1518,3.1,2668,90,9,40,1300,73.3,11.5,1017.8,1026.6,900,1023.4,1500,1025.2,10.9,9.4,1200,2.04,12.36,,,,,,1.8,1,15.9,3,,,,,,,,,,,,,{박무}0340-{박무}{강도0}0600-{박무}{강도0}0900-1040.,
143,대구,1995-10-28,14.9,9.4,716,20.9,1401,,,,,,,6.3,90,1158,4.5,90,1147,1.8,1585,90,8.9,44,1446,70.3,11.4,1016.2,1026.3,0,1021,1507,1023.5,10.9,7.2,1100,2.04,10.81,,,,,,5.3,1.5,16.3,4.3,,,,,,,,,,,,,{박무}2040-{박무}{강도0}2100-{박무}{강도0}2400-,
143,대구,1995-10-29,14.2,7.5,705,22.9,1526,,,,,,,4.6,230,1426,3.2,230,1300,1.3,1087,20,8.5,36,1515,73,11.1,1010.5,1021.2,0,1014.6,2350,1017.9,10.8,8.5,1200,1.92,11.5,,,,,,0,0,15.6,3,,,,,,,,,,,,,-{박무}-{박무}{강도0}0300-{박무}{강도0}0600-{박무}{강도0}0900-1110.,
143,대구,1995-10-30,14.4,9.7,530,20.7,1336,,,,,,,8.7,290,1018,6,270,1123,2.4,2099,290,6.7,37,1328,63.5,10.1,1005.7,1014.6,0,1011.1,1410,1013,10.8,4.6,1200,1.99,9.13,,,,,,6.5,4.8,15,3.8,,,,,,,,,,,,.2,{박무}0620-{박무}{강도0}0900-1020.,
143,대구,1995-10-31,12.1,8.6,2400,16.9,1502,1.47,.1,720,.2,702,.2,12.8,270,1746,8.8,270,2044,4.2,3663,270,4.5,45,1502,60,8.5,1002.5,1012.5,2334,1007.6,1443,1009.8,10.8,4.6,1200,1.33,6.99,,,,,,6.5,6,14.3,2.9,,,,,,,,,,,,,{비}0702-0830.,
143,대구,1995-11-01,7.1,3.6,710,11.5,1237,,,,,,,12.7,290,1103,7.8,290,1300,5.2,4511,290,-1.8,30,1216,55,5.4,1010.2,1020.6,2202,1012.3,0,1017.7,10.7,7.4,1100,2.05,10.52,,,,,,2.5,1.9,9.4,-2.1,,,,,,,,,,,,,,
143,대구,1995-11-02,8.3,3.2,657,14.2,1444,,,,,,,12,290,1240,8,290,1153,4.6,4017,270,.4,40,1412,59.3,6.3,1013.3,1024,907,1018,1740,1020.8,10.7,9.6,1200,2.02,12.39,,,,,,.8,.8,10.7,-2.4,,,,,,,,,,,,,,
143,대구,1995-11-03,13,6.2,718,20.2,1439,,,,,,,12.5,290,1510,7.8,270,1445,3.3,2818,270,4.7,34,1500,60.3,8.5,1011.6,1021,910,1016.5,1701,1018.8,10.7,9.7,1200,1.92,11.65,,,,,,.3,.1,14,-1.3,,,,,,,,,,,,,,
143,대구,1995-11-04,13.5,7,646,20.8,1510,,,,,,,6.4,230,1148,4.7,270,1155,1.9,1601,270,5.5,33,1530,61.5,9,1014.5,1024,2244,1020.2,0,1021.8,10.6,9.5,1100,1.91,11.47,,,,,,0,0,14.1,-.4,,,,,,,,,,,,,{박무}0320-{박무}{강도0}0600-0820.,
143,대구,1995-11-05,12,4.4,715,21.7,1540,,,,,,,4.2,230,1408,3,250,1420,1,848,20,4.4,26,1640,64.5,8.4,1017.5,1026.8,930,1023,1800,1025,10.6,9.3,1200,1.81,10.73,,,,,,0,0,12.2,-2.4,,,,,,,,,,,,,,
143,대구,1995-11-06,11.5,5.1,604,21.6,1521,,,,,,,5.1,270,1340,4,270,1346,1.1,970,20,3.4,27,1554,62.3,7.8,1015.2,1025.3,10,1019.5,1721,1022.6,10.6,8,1100,1.83,9.22,,,,,,3.8,1.1,11.5,-1.4,,,,,,,,,,,,,{박무}0920-1120.  {연무}1115-{연무}{강도0}1200-1240.  {박무}2220-{박무}{강도0}2400-,
143,대구,1995-11-07,10.3,4.7,716,21,1502,.33,,,,,0,24.5,290,1622,13.7,290,1623,4.7,4041,270,4.1,37,1306,68,8.4,1004.2,1019.7,0,1000.6,1456,1011.5,10.5,6.2,1200,1.71,8.53,,,,,,2.8,2.5,11.1,-1.8,,,,,,,,,,,,0,-{박무}-{박무}{강도0}0300-{박무}{강도1}0600-{박무}{강도0}0900-1120.  {연무}1110-{연무}{강도0}1200-1240.  {비}1515-1535.,
143,대구,1995-11-08,4.8,1.4,657,9.3,1258,,,,,,,16.4,290,247,11.3,290,1203,6.2,5382,290,-2.8,47,400,58.5,5,1011,1020.3,2400,1015.7,0,1018.6,10.5,7.2,1100,1.79,8.62,,,,,,4,2.4,7.1,-3.5,,,,,,,,,,,,,,
143,대구,1995-11-09,6.8,1.2,542,13.2,1556,,,,,,,11.2,270,205,7.7,270,107,3.8,3286,290,-1.9,39,1557,54.8,5.3,1012.9,1023.8,930,1017.9,2400,1020.4,10.5,9.5,1100,1.75,10.75,,,,,,0,.3,8.3,-7,,,,,,,,,,,,,,
143,대구,1995-11-10,8.7,4.6,600,15.5,1310,.8,,,,,0,14.9,290,1317,9,290,1704,3.8,3295,290,2.7,38,1550,67.8,7.5,1006,1018.1,10,1008.6,1314,1013.4,10.4,4.5,1200,1.38,6.07,,,,,,5.3,5.5,9.4,-2.3,,,,,,,,,,,,0,{박무}0030-{박무}{강도0}0300-{박무}{강도0}0600-0640.  {비}1030-1103.  {비}1320-1335.,
143,대구,1995-11-11,9.1,3.3,645,16,1455,,,,,,,10,270,1442,7,270,1157,3,2577,290,-.1,35,1457,53.8,6.1,1011.3,1020.8,2400,1017,0,1018.7,10.4,9.3,1200,1.74,10.44,,,,,,.8,.4,9.8,-5.4,,,,,,,,,,,,,,
143,대구,1995-11-12,10.1,2.5,719,19.9,1522,,,,,,,4.4,270,1445,3.5,250,1440,.9,802,250,4.3,40,1447,71,8.4,1015.4,1024.6,2319,1020.8,0,1022.9,10.4,9.4,1200,1.63,9.65,,,,,,0,0,10.4,-4.4,,,,,,,,,,,,,{박무}0820-{박무}{강도0}0900-0940.,
143,대구,1995-11-13,12.4,4.2,710,20.2,1430,,,,,,,7.6,230,1517,5.5,230,1515,1.4,1230,50,8.4,54,1304,78.5,11.2,1014.7,1025.4,806,1016.8,2400,1022.1,10.4,6.5,1200,1.34,7.52,,,,,,5.5,1.3,12,-2.6,,,,,,,,,,,,4,{박무}0120-{박무}{강도1}0300-{박무}{강도1}0600-{박무}{강도0}0900-{박무}{강도0}1200-1210.  {연무}1205-1330.,
143,대구,1995-11-14,11,4.3,2400,17,55,3.58,,,,,4,15.8,290,1014,10.7,290,1016,5.5,4719,290,-.2,21,1437,51.8,7.1,1011,1024.7,2400,1014.5,439,1018.4,10.3,8.1,1200,1.75,9.54,,,,,,4.5,2.5,10.7,-2.4,,,,,,,,,,,,,{비}0105-{비}{강도0}0300-0440.,
143,대구,1995-11-15,6,.3,742,14,1526,,,,,,,7.2,320,18,5.5,320,18,1.6,1391,20,-4.8,23,1604,46.5,4.3,1018.2,1027.5,904,1024.4,1652,1025.8,10.3,9.3,1100,1.63,9.53,,,,,,0,0,5.8,-8,,,,,,,,,,,,,,
143,대구,1995-11-16,7.9,-.2,728,18.2,1447,,,,,,,5.3,250,1237,4.8,230,1310,1.6,1401,250,-1.1,27,1520,56.8,5.7,1017.5,1026.4,902,1022.9,1502,1025,10.3,8.5,1100,1.56,8.53,,,,,,0,0,7.8,-6.4,,,,,,,,,,,,,{박무}0120-{박무}{강도0}0300-{박무}{강도1}0600-0640.,
143,대구,1995-11-17,8.6,1,720,16.9,1508,,,,,,,6.2,290,1602,4.2,290,1610,1.5,1326,50,3.3,51,1340,70.8,7.9,1020.9,1031.1,2400,1026.3,0,1028.4,10.2,8.2,1200,1.25,6.85,,,,,,0,0,8.1,-4.9,,,,,,,,,,,,,{박무}0820-{박무}{강도0}0900-{박무}{강도0}1200-1230.  {박무}2230-{박무}{강도0}2400-,
143,대구,1995-11-18,8.5,2.9,742,16.7,1431,,,,,,,4.2,270,1632,3.5,270,1635,1.3,1122,70,4,43,1431,77.3,8.1,1022.4,1033,859,1026.3,2400,1030,10.2,7.3,1100,1.32,7.35,,,,,,2.5,1.3,8.3,-2.2,,,,,,,,,,,,,-{박무}-{박무}{강도0}0300-{박무}{강도0}0600-{시정(미만)}{1km}{안개}0740-{안개}{강도0}0900-{시정(이상)}{1km}{박무}0940-{박무}{강도0}1200-1215.   {연무}1210-{연무}{강도0}1500-1520.  {박무}2020-{박무}{강도0}2100-{박무}{강도0}2400-,2
143,대구,1995-11-19,9.1,2.4,720,15,1304,,,,,,,10,320,2342,6.3,320,2343,1.9,1647,290,4.6,51,1256,76.3,8.6,1014.7,1026.3,0,1017.9,1807,1022.2,10.2,2.2,1200,1.29,5.01,,,,,,7,3.4,9.1,-1.8,,,,,,,,,,,,,-{박무}-{박무}{강도1}0300-{박무}{강도1}0600-{박무}{강도0}0900-{박무}{강도0}1200-1240.,
143,대구,1995-11-20,6.9,3.3,739,12.1,1456,,,,,,,12.4,320,54,8.8,320,51,3.8,3250,290,-4,27,1537,47.5,4.6,1015.7,1025.5,1007,1019.9,0,1023.2,10.2,8.9,1100,1.63,9,,,,,,0,0,8.3,-5.9,,,,,,,,,,,,,,
143,대구,1995-11-21,5.9,1.6,550,11.2,1438,,,,,,,9.2,290,1036,7.3,320,1113,3.2,2786,270,-2.6,39,1436,55.3,5.1,1017.5,1026.4,919,1022.9,1511,1025.1,10.1,8.8,1100,1.57,8.77,,,,,,0,0,6.9,-6.6,,,,,,,,,,,,,,
143,대구,1995-11-22,7,-.2,708,14.1,1425,,,,,,,7.3,250,1450,5.7,250,1450,1.9,1638,230,1.1,44,1347,68.5,6.6,1015.6,1026.4,755,1019.1,2400,1023.2,10.1,7.6,1200,1.32,7.61,,,,,,2,2.6,7.4,-7.1,,,,,,,,,,,,0,{박무}0220-{박무}{강도0}0300-{박무}{강도0}0600-{박무}{강도0}0900-1105.  {연무}1102-{연무}{강도0}1200-1320.,
143,대구,1995-11-23,6,1,2400,8.8,1257,.17,,,,,0,13,270,1305,8.2,290,840,4.2,3652,290,-1.1,36,1230,61.8,5.8,1010.5,1019.4,2158,1016.5,700,1018,10.1,7.3,1200,1.27,7,,,,,,4.3,2.6,5.6,-5.1,,,,,,,,,,,,,{박무}0440-{박무}{강도0}0600-{박무}{강도0}0900-0920.  {비}0810-0820.,
143,대구,1995-11-24,3.4,-1.1,454,8.6,1309,2.42,,,,,.5,10.8,230,1518,7.5,270,32,3.5,3065,270,-1.1,53,1307,73.5,5.8,1008.6,1019.3,8,1012.6,1511,1016.1,10.1,3.6,1100,1.39,5.18,,,,,,7,4.1,4.1,-9,,,,,,,,,,,,.5,{비}1615-{비}{강도0}1800-1840.  {박무}1650-{박무}{강도0}1800-{박무}{강도0}2100-{박무}{강도0}2400-,
143,대구,1995-11-25,5.9,1.7,648,12.1,1502,,,,,,,5.6,250,1255,4,250,1140,1.8,1537,270,-1.5,37,1605,60,5.5,1011,1020.1,910,1017,1515,1018.5,10,8.5,1200,1.47,7.93,,,,,,0,0,6.5,-6.9,,,,,,,,,,,,,-{박무}-{박무}{강도0}0300-{박무}{강도0}0600-0620.,
143,대구,1995-11-26,7.3,.1,750,16.1,1520,,,,,,,10.7,270,1548,7.8,270,1601,2.8,2394,290,.1,36,1520,63.8,6.2,1009.5,1020.6,2400,1013.4,1500,1016.9,10,8.1,1100,1.24,7.14,,,,,,2.3,1.4,7.6,-5.9,,,,,,,,,,,,,,
143,대구,1995-11-27,5.1,.4,740,11.3,1456,,,,,,,6.6,320,320,4.3,320,320,2.2,1930,290,-7,22,1629,43.3,3.7,1015.9,1025.6,929,1020.6,0,1023.4,10,8.8,1200,1.5,8.25,,,,,,0,0,5.1,-7.2,,,,,,,,,,,,,,
143,대구,1995-11-28,4.6,-3.5,750,12.5,1438,,,,,,,7,320,1515,5.2,320,1520,1.6,1424,50,-5.2,26,1258,52.5,4.2,1018.2,1027.6,920,1024.1,1536,1025.8,10,8.4,1200,1.54,8.03,,,,,,0,0,4.7,-10.2,,,,,,,,,,,,,{박무}0920-1010.,
143,대구,1995-11-29,4.5,-2.5,730,12.7,1510,,,,,,,4.1,90,1837,3,270,1140,1.1,943,50,-.9,45,1455,70.3,5.8,1018.4,1028.2,1010,1024,1530,1026,10,7.9,1200,1.27,6.67,,,,,,0,0,4,-9.2,,,,,,,,,,,,,{박무}0610-{박무}{강도0}0900-{박무}{강도0}1200-1220.  {연무}1210-1440.,
143,대구,1995-11-30,4.6,-1.6,720,12,1451,,,,,,,10.4,290,1238,6.7,290,1234,2.5,2201,320,-1,33,1432,72.8,5.7,1013.7,1025.6,0,1017.4,1840,1021.2,9.9,8,1200,1.4,7.28,,,,,,0,0,4.2,-9,,,,,,,,,,,,,{박무}0310-{박무}{강도0}0600-{박무}{강도0}0900-1130.,
143,대구,1995-12-01,4.8,1.5,712,9.2,1432,,,,,,,8,270,1300,5.8,270,41,2.7,2331,270,-4.1,36,1346,53.8,4.5,1012.3,1021.9,2340,1018.5,1506,1019.8,9.9,8.1,1200,1.44,7.78,,,,,,0,0,4.5,-8,,,,,,,,,,,,,{박무}0220-{박무}{강도0}0300-{박무}{강도0}0600-0630.,
143,대구,1995-12-02,3.3,-2.4,750,10.6,1535,,,,,,,5.6,290,1324,4.3,270,1440,1.9,1623,270,-2.2,44,1550,69.5,5.2,1014.7,1023.9,1035,1020,1654,1022.3,9.9,8.2,1200,1.34,7.25,,,,,,0,0,3.6,-9.5,,,,,,,,,,,,,{박무}0440-0530.,
143,대구,1995-12-03,3.9,.7,754,9.6,1354,,,,,,,11.7,290,1347,7.3,290,1258,3.1,2658,290,-.1,51,1417,77,6.1,1013.5,1022.4,0,1018.6,1530,1021.2,9.9,6.4,1300,1.09,5.79,,,,,,2.3,2.1,2.7,-7.5,,,,,,,,,,,,,,
143,대구,1995-12-04,2.9,-.7,656,8.1,1503,.5,,,,,0,8.3,290,1219,6,250,1038,3.4,2957,270,-2.9,40,1152,67.8,5,1013.7,1023.1,855,1018.9,1502,1021.3,9.9,6.7,1200,1.48,7.28,,,,,,2.3,.8,3.7,-8.9,,,,,,,,,,,,0,{비}1915-1945.,
143,대구,1995-12-05,.3,-1.6,2333,3.2,1458,1.08,,,,,0,12.7,270,1129,10,270,1122,4.8,4180,290,-5.7,51,1350,64,4,1014.6,1024.4,2400,1020.8,500,1022.2,9.9,7.6,1100,1.41,7.47,0,,0,,0,4,3.6,2.3,-7.5,,,,,,,,,,,,,{눈}0545-{눈}{강도0}0600-0650.,
143,대구,1995-12-06,-.1,-4.2,623,5.4,1511,,,,,,,12,290,53,8.2,290,49,3.5,3054,290,-7.5,37,1534,58.8,3.5,1017.8,1027.8,2400,1024.2,1500,1025.6,9.8,8.5,1200,1.43,7.67,,,,,,0,0,1.1,-10.6,,,,,,,,,,,,,,
143,대구,1995-12-07,2.1,-2.2,616,7.4,1458,,,,,,,9.3,270,1153,7.3,290,1203,3.5,3022,290,-3.2,50,1338,69,4.8,1018.6,1028,1030,1024.2,1500,1026.4,9.8,8,1100,1.4,7.5,,,,,,2.5,2,3.6,-10.1,,,,,,,,,,,,,{박무}0320-{박무}{강도0}0600-0640.,
143,대구,1995-12-08,1.8,-1.9,2400,6.7,1458,,,,,,,10.8,270,139,7.3,290,257,3.7,3195,290,-5.8,43,1415,57.5,4,1020.1,1032.3,2400,1025.3,0,1027.8,9.8,8.2,1200,1.45,7.84,,,,,,.3,.1,2.8,-10.8,,,,,,,,,,,,,,
143,대구,1995-12-09,.6,-5.7,717,9,1526,,,,,,,3.9,270,1449,3,270,1450,1.1,910,50,-3.9,50,1551,73.5,4.7,1024.3,1033.8,754,1029.3,1542,1032,9.8,7.9,1200,1.12,5.79,,,,,,2.5,0,.8,-12.3,,,,,,,,,,,,,{박무}0840-{박무}{강도0}0900-1120.  {박무}2020-{박무}{강도0}2100-{박무}{강도0}2400-,
143,대구,1995-12-10,2.3,-3.3,617,11.3,1514,,,,,,,4.8,270,1532,4.3,250,1523,1.5,1256,270,-1.9,45,1344,77.5,5.4,1021.5,1031.7,838,1026.7,1520,1029.2,9.8,8.1,1200,1.29,6.91,,,,,,0,0,2.3,-10.1,,,,,,,,,,,,,-{박무}-{박무}{강도1}0300-{박무}{강도1}0600-{박무}{강도0}0900-1030.,
143,대구,1995-12-11,3.9,-3.3,634,11.5,1455,,,,,,,6,290,1432,5.2,290,1434,1.4,1199,320,-.8,46,1423,75,5.8,1017.3,1028.2,0,1021.7,1725,1024.9,9.8,7.7,1200,1.19,6.3,,,,,,2,2.5,3.8,-10.1,,,,,,,,,,,,,{박무}0740-{박무}{강도0}0900-1130.,
143,대구,1995-12-12,6,2.1,740,12,1425,,,,,,,7,360,1438,6,360,1437,2,1767,70,-.1,39,1355,66.8,6.1,1016.6,1027.4,2400,1021.9,0,1024.1,9.8,5.4,1200,1.16,5.51,,,,,,3.8,3.4,4.2,-5.2,,,,,,,,,,,,,{박무}0620-{박무}{강도0}0900-1020.  {연무}1015-{연무}{강도0}1200-1320.  {박무}2020-{박무}{강도0}2100-{박무}{강도0}2400-,
143,대구,1995-12-13,4.3,-1.7,744,10.4,1410,,,,,,,3.8,270,1603,3.5,270,1608,1.2,1028,250,-.5,41,1418,74.5,5.9,1017.1,1027.7,310,1021.3,1848,1024.7,9.8,3.6,1200,.94,4.78,,,,,,6.8,2.5,3.7,-8.5,,,,,,,,,,,,,-{박무}-{박무}{강도0}0300-{박무}{강도0}0600-{박무}{강도0}0900-{박무}{강도0}1200-1250.  {연무}1243-{연무}{강도0}1500-1643.  {박무}2025-{박무}{강도0}2100-{박무}{강도0}2400-,
143,대구,1995-12-14,6.2,1.9,750,9.9,1457,,,,,,,6.3,290,2354,5,250,1137,2.8,2426,250,-.1,49,1457,65.5,6.1,1014.4,1023.8,1010,1019.5,1527,1022,9.8,2.1,1100,.99,4.06,,,,,,5,5,6.1,-6.5,,,,,,,,,,,,,-{박무}-{박무}{강도0}0300-{박무}{강도0}0600-{박무}{강도0}0900-{박무}{강도0}1200-1240.  {연무}1220-{연무}{강도0}1500-1520.,
143,대구,1995-12-15,5.4,1.2,2400,8.4,1318,.67,,,,,0,11.1,320,1050,9.3,320,1103,3.7,3222,290,-4.7,30,1528,50,4.5,1017.6,1028.9,2229,1021.9,46,1025.3,9.7,6.1,1200,1.32,5.85,,,,,,5.3,3.8,5.8,-5.8,,,,,,,,,,,,0,{박무}0340-{박무}{강도0}0600-0740.  {비}0925-1005.,
143,대구,1995-12-16,2,-3.3,622,7.4,1456,,,,,,,7.2,290,1457,6,290,1514,2.2,1888,290,-11.1,21,1446,40.3,2.7,1019.7,1028.9,926,1024.9,1502,1027.3,9.7,2.4,1300,.8,4.41,,,,,,6.5,3.8,1.7,-10.2,,,,,,,,,,,,,{박무}0430-{박무}{강도0}0600-0620.,
143,대구,1995-12-17,2.2,-1.3,800,7.1,1457,,,,,,,7.3,270,932,6.3,290,1155,2.8,2414,290,-8.7,28,1528,46.3,3.2,1020.9,1030.6,2400,1027.2,1455,1028.6,9.7,8.5,1200,1.33,7.15,,,,,,1.3,0,2.3,-10.8,,,,,,,,,,,,,,
143,대구,1995-12-18,-.5,-5.7,720,4.2,1534,,,,,,,5.3,270,2352,4.5,270,1549,1.9,1627,270,-8.9,39,1537,55.3,3.1,1021.1,1031.1,302,1025.9,1520,1028.9,9.7,6.9,1200,.79,4.33,,,,,,5.3,2.9,.1,-12.6,,,,,,,,,,,,,{박무}0906-1040.,
143,대구,1995-12-19,3.8,-.2,430,9.7,1434,,,,,,,8,290,112,6.3,290,1317,3,2567,270,-6.5,29,1458,48.5,3.8,1020.8,1030.2,952,1027.2,1503,1028.5,9.7,8.4,1200,1.36,7.19,,,,,,0,0,3.2,-9.6,,,,,,,,,,,,,{박무}0320-{박무}{강도0}0600-0640.,
143,대구,1995-12-20,2.5,-3.2,550,9.4,1458,,,,,,,9.2,290,2339,7,340,1801,2.7,2325,250,-5,38,1555,59.3,4.3,1019.5,1029.4,700,1024.2,1640,1027.2,9.7,7.8,1200,1.17,6.45,,,,,,2,.8,.3,-11.7,,,,,,,,,,,,,{박무}0920-1140.  {연무}1130-{연무}{강도0}1200-1320.,
143,대구,1995-12-21,3,-.7,2400,8,1436,,,,,,,8.8,290,120,6.3,290,1101,3,2591,320,-7.3,33,1610,48.8,3.6,1021.4,1031.3,2400,1026.9,34,1029.1,9.7,8.5,1200,1.35,7.23,,,,,,0,.5,2.2,-10.4,,,,,,,,,,,,,,
143,대구,1995-12-22,.9,-4.9,524,8.1,1446,,,,,,,8,270,1248,6,270,1224,2,1736,320,-6.5,38,1526,59.5,3.8,1021.6,1031.5,903,1026.6,1608,1029.4,9.7,7.2,1200,1.32,6.85,,,,,,.5,0,.5,-12.8,,,,,,,,,,,,,{박무}0420-{박무}{강도0}0600-0640.,
143,대구,1995-12-23,2.2,-2.3,752,8.4,1503,,,,,,,3.6,250,1443,3,250,1320,1.3,1146,290,-2.9,52,1445,70.8,5,1017.5,1028.9,38,1021.9,2332,1025.2,9.7,4,1100,.72,4.23,,,,,,7,3.4,1.1,-9.6,,,,,,,,,,,,0,{박무}0610-{박무}{강도0}0900-{박무}{강도1}1200-1220.  {연무}1210-{연무}{강도0}1500-1640.  {박무}1830-{박무}{강도0}2100-{박무}{강도1}2400-,
143,대구,1995-12-24,-.3,-4.9,2400,4,410,2.32,,,,,0,18.6,290,1217,13.3,290,1213,6.6,5732,290,-8.5,35,1416,55.3,3.4,1017.7,1031,2400,1019.3,437,1025.4,9.7,8.4,1200,1.4,7.32,,,,,,3,3,.2,-8.4,,,,,,,,,,,,0,-{박무}-{박무}{강도1}0300-0510.  {눈}0640-0705.  {눈}0740-0803.  {눈}0842-{눈}{강도0}0900-1013.,
143,대구,1995-12-25,-4.5,-8.2,752,.1,1420,,,,,,,10.9,290,347,8.5,320,1138,4.6,3942,290,-14.6,34,1520,46.5,2,1026.4,1036.5,1020,1031,0,1034.3,9.7,8.5,1200,1.41,7.54,,,,,,1,.5,-2.5,-13.9,,,,,,,,,,,,,,
143,대구,1995-12-26,-2.7,-7.9,723,3.3,1452,,,,,,,6.7,320,336,6.3,320,317,3.3,2837,290,-13.9,28,1602,44.3,2.1,1027.8,1037.8,1010,1033.5,1520,1035.7,9.7,8.6,1200,1.35,7.35,,,,,,0,0,-1.8,-14.1,,,,,,,,,,,,,,
143,대구,1995-12-27,-.9,-7.9,754,7,1520,,,,,,,6,290,2,5,290,119,1.5,1267,50,-10.4,33,1629,50.5,2.8,1028.4,1039.1,902,1033.9,2400,1036.3,9.7,8.2,1200,1.29,6.56,,,,,,3,0,-.7,-14.8,,,,,,,,,,,,,{연무}1024-{연무}{강도0}1200-1338.,
143,대구,1995-12-28,.9,-4.9,358,8.8,1422,1.7,,,,,.7,11.1,230,1723,7.8,270,2306,2.8,2417,270,-5.5,43,1320,63.3,4.2,1018.3,1034.5,100,1020.2,1730,1025.9,9.7,6.3,1200,1.17,5.78,,,,,,3.5,4.3,1.2,-11.8,,,,,,,,,,,,.7,{박무}0520-{박무}{강도0}0600-0840.  {박무}0920-1010.  {연무}1005-{연무}{강도0}1200-1320.  {비}1803-{진눈깨비}1824-1945.  {박무}1940-{박무}{강도0}2100-2210.,
143,대구,1995-12-29,.1,-2.8,2400,3.8,1456,.33,,,,,0,11.2,270,240,11,270,234,5.2,4533,290,-7.6,44,1307,56.5,3.5,1012.6,1022.7,858,1018,1641,1020.3,9.7,7.1,1100,1.31,6.08,,,,,,5.5,3.5,.1,-6.9,,,,,,,,,,,,0,{눈}2130-2150.,
143,대구,1995-12-30,-2.6,-6.2,625,2.2,1530,,,,,,,14.5,270,418,10.8,290,354,5,4340,290,-12.5,34,1548,47.5,2.4,1013.7,1023.6,2030,1018.8,316,1021.5,9.7,8.2,1100,1.36,7.3,,,,,,0,0,-1.1,-9.9,,,,,,,,,,,,,,
143,대구,1995-12-31,.1,-7.3,655,8.4,1510,,,,,,,12.2,290,2002,9,250,1440,3.3,2831,250,-8.7,32,2108,52.8,3.3,1011.7,1023,0,1014.9,1514,1019.4,9.8,6.7,1100,1.21,6.29,,,,,,1.5,1.1,.3,-14.3,,,,,,,,,,,,,{박무}1730-{박무}{강도0}1800-1942.,
143,대구,1996-01-01,.5,-4.5,745,6.8,1522,,,,,,,8.4,270,1120,7,290,1204,3.4,2957,270,-12,24,1420,40.3,2.5,1015.9,1025.3,1024,1021,0,1023.6,9.8,8.6,1100,1.41,7.63,,,,,,0,0,1,-11.2,,,,,,,,,,,,,,
143,대구,1996-01-02,1.7,-4.9,716,10.3,1554,,,,,,,5.7,270,1525,5.5,270,1514,1.3,1125,270,-7.1,31,1523,55,3.6,1012.6,1024.3,0,1015.5,2400,1020.2,9.8,8.6,1200,1.33,7.28,,,,,,0,0,1.6,-11.8,,,,,,,,,,,,,,
143,대구,1996-01-03,.1,-5.5,2400,5.8,536,,,,,,,16.7,290,923,10.7,290,922,6,5163,290,-9.2,35,1644,51.5,3.2,1012.1,1027.7,2400,1013.4,352,1019.8,9.8,8.5,1100,1.36,7.54,,,,,,2.3,1.6,1.2,-10.7,,,,,,,,,,,,,{박무}0200-{박무} {강도0}0300-{박무} {강도0}0600-0720.,
143,대구,1996-01-04,-2.5,-7.5,600,4,1602,,,,,,,7.7,270,1158,7.3,290,11,2.9,2464,290,-11.6,35,1617,50.3,2.5,1019.2,1029.9,1014,1024.3,2400,1027.1,9.8,8.6,1100,1.38,7.48,,,,,,0,0,-1,-15,,,,,,,,,,,,,,
143,대구,1996-01-05,1.2,-5.2,454,7,1534,,,,,,,2.3,250,1558,2,250,1550,1,836,250,-6.4,47,1630,57.5,3.9,1016.1,1026,700,1021.4,1637,1023.8,9.8,3.2,1100,1.12,5.08,,,,,,6.8,3.5,1.5,-11.4,,,,,,,,,,,,,{연무}1225-{연무}{강도0}1500-{연무}{강도0}1800-{연무}{강도0}2100-{연무}{강도0}2400-,
143,대구,1996-01-06,6.6,3,506,10.7,1502,,,,,,,5.3,110,2045,3.7,110,2037,1.3,1094,110,.5,55,1303,65.5,6.5,1017.1,1028.1,2220,1022.3,438,1024.6,9.8,2.4,1300,.9,3.93,,,,,,7.3,4.1,6.1,-1.3,,,,,,,,,,,,,-{연무}-{연무}{강도0}0300-0508.  {박무}0505-{박무}{강도0}0600-{박무}{강도0}0900-1130.  {연무}1120-{연무}{강도0}1200-  {연무}{강도0}1500-1510.  {박무}1505-{박무} {강도0}1800-{박무} {강도0}2100-{연무}{강도0}2400-,
143,대구,1996-01-07,3.6,.6,825,6.1,2255,.25,,,,,0,4.7,250,2344,3.5,250,2318,1.7,1442,70,1.2,71,1625,84,6.7,1017.2,1028.9,936,1019.1,2400,1024.9,9.8,0,1400,.26,1.51,,,,,,8.3,5.9,3.9,-6.1,,,,,,,,,,,,0,-{박무}-{박무}{강도0}0300-{박무}{강도0}0600-{시정(미만)}{1km}{안개}0638-{시정(이상)}{1km}{박무}0720-{박무}{강도0}0900-{박무}{강도0}1200-{박무}{강도1}1500-{박무}{강도1}1800-{박무}{강도1}2100-{박무}{강도0}2400-                                          {비}1155-{비}{강도0}1200-1210.,.7
143,대구,1996-01-08,-.5,-6.8,2400,6.4,100,.83,,,,,0,19.7,290,1250,12.3,290,1108,7.2,6199,290,-11.5,27,1800,45,2.9,1015.3,1028.6,2134,1017.1,440,1023.1,9.8,7.2,1200,1.43,7.46,,,,,,4.8,3.6,2.3,-12.2,,,,,,,,,,,,,-{박무}-{박무}{강도0}0300-{박무}{강도0}0600-0720.  {눈}0650-0710.  {눈}0825-0855.,
143,대구,1996-01-09,-3.7,-7.6,726,1.6,1508,,,,,,,15.1,290,1533,10.5,290,1604,5.8,5027,290,-13.6,35,1308,46.5,2.2,1018,1028.4,832,1022.9,1533,1026,9.9,8.6,1200,1.41,7.72,,,,,,0,0,-1.9,-12.4,,,,,,,,,,,,,,
143,대구,1996-01-10,.2,-3.9,725,5.5,1507,,,,,,,11.5,290,1359,7.8,320,1301,3.6,3151,290,-11.2,26,1500,44.3,2.6,1016.5,1026.5,2347,1022.3,1500,1024.3,9.9,8.4,1200,1.36,7.61,,,,,,0,0,.1,-13.3,,,,,,,,,,,,,,
143,대구,1996-01-11,0,-6.2,821,8.2,1536,,,,,,,5.7,250,1320,4.5,290,10,1.9,1680,270,-11.9,23,1548,42.5,2.5,1020.8,1031.5,2400,1026.4,0,1028.6,9.9,8.8,1200,1.39,7.61,,,,,,0,0,-.3,-15.6,,,,,,,,,,,,,,
143,대구,1996-01-12,.7,-7.1,742,9.4,1502,,,,,,,7.3,90,1708,6,90,1644,1.8,1575,70,-7,40,1321,58.3,3.8,1027.2,1036.9,2102,1031.5,0,1035.1,9.9,8.2,1300,1.26,7.02,,,,,,0,.3,.6,-13.1,,,,,,,,,,,,,{박무}0420-{박무}{강도0}0600-0640.  {연무}0950-{연무}1200-1420.,
143,대구,1996-01-13,4.3,-.9,811,9.7,1650,.25,,,,,0,4,70,1657,3.3,70,1705,1,892,70,-1.3,51,1415,67.8,5.6,1024.5,1036.4,0,1027.1,2400,1032.2,9.9,3.4,1000,.92,4.56,,,,,,7.8,6.3,4,-8.3,,,,,,,,,,,,2.8,{박무}0815-{박무}{강도0}0900-{박무}{강도0}1200-1210.  {연무}1205-1430.  {비}2345-{비}{강도0}2400-,
143,대구,1996-01-14,6.6,4.3,543,9.7,1600,14.67,,,,,6,5,90,642,4.2,70,650,1.5,1327,250,4.4,67,32,85.8,8.4,1012.6,1027.1,0,1015.4,1504,1020.2,10,0,1500,.44,1.71,,,,,,9.8,5.8,6.4,.8,,,,,,,,,,,,4.5,-{비}-{비}{강도0}0300-{비}{강도0}0600-{비}{강도0}0900-{비}{강도0}1200-1440.                         {박무}1432-{박무}{강도2}1500-{박무}{강도0}1800-{박무}{강도0}2100-{박무}{강도0}2400-,
143,대구,1996-01-15,4.8,3,2400,7.5,0,10.5,,,,,12.5,7.8,270,1956,5,270,2000,2,1737,270,2.6,74,2204,86,7.4,1010.6,1020.4,12,1015.3,1516,1018.2,10,0,1300,.16,.84,,,,,,9.5,6,4.7,-1.2,,,,,,,,,,,,11.2,-{박무}-{박무}{강도1}0300-{박무}{강도1}0600-{박무}{강도0}0900-{박무}{강도1}1200-{박무}{강도0}1500-{박무}{강도0}1800-1948.       {비}0715-{비}{강도0}0900-{비}{강도0}1200-{비}{강도0}1500-1745.,
143,대구,1996-01-16,1.4,-3.8,2400,4.5,1447,,,,,,,11,270,1247,8.3,270,617,4.5,3926,290,-7.6,31,1551,53.3,3.6,1014.4,1027.2,2325,1017.6,32,1022.1,10,7.5,1200,1.56,8.15,,,,,,3.8,1.1,2.7,-8.6,,,,,,,,,,,,,{박무}0020-{박무}{강도0}0300-{박무}{강도0}0600-0610.,
143,대구,1996-01-17,-1.6,-5.4,331,3.5,1510,,,,,,,7.2,270,1530,6,270,1526,3.5,3009,290,-11.3,35,1446,47.8,2.6,1018.9,1030.1,817,1023.9,1502,1026.6,10,3.9,1300,1.39,5.74,,,,,,4.5,2.1,-.6,-9.8,,,,,,,,,,,,,,
143,대구,1996-01-18,.1,-3.1,820,5.3,1604,,,,,,,7.7,290,717,5.2,290,703,2.5,2191,290,-12.9,23,1544,37.5,2.3,1018.9,1028.4,954,1024.9,1534,1026.7,10,8,1200,1.56,8.52,,,,,,4.3,2.5,.9,-6.8,,,,,,,,,,,,,,
143,대구,1996-01-19,.5,-4.3,738,6.3,1424,,,,,,,7.6,290,1538,5.7,270,1250,2.8,2439,290,-10.4,26,1632,46.8,2.8,1014.3,1025.9,0,1018.8,1510,1022.1,10.1,6.2,1200,1.53,7.64,,,,,,4.3,1.1,.8,-8.8,,,,,,,,,,,,,,
143,대구,1996-01-20,2.2,-1.1,419,7.1,1501,,,,,,,9.4,290,1016,6,290,1035,3.4,2896,320,-6.4,42,0,53.3,3.8,1014.8,1025.1,2400,1020.6,1430,1022.4,10.1,8.3,1200,1.52,8.54,,,,,,1.5,1,2,-7.5,,,,,,,,,,,,,,
143,대구,1996-01-21,.8,-2.8,803,5.6,1518,,,,,,,5.8,270,1232,4,270,1203,1.8,1543,270,-6.1,40,1630,60.8,3.9,1018.5,1028.3,956,1024.6,1820,1026.2,10.1,6.4,1200,.97,6.07,,,,,,5.8,0,.5,-9.1,,,,,,,,,,,,,{박무}0040-{박무}{강도0}0300-{박무}{강도0}0600-0820.,
143,대구,1996-01-22,2.3,-1.4,742,8.2,1458,,,,,,,7.2,270,1352,5.3,270,1437,2.2,1900,290,-8.6,21,1432,48.5,3.3,1015.2,1025.1,0,1018.7,1730,1022.8,10.1,7.5,1300,1.42,7.28,,,,,,5,4.9,2.2,-7.8,,,,,,,,,,,,,,
143,대구,1996-01-23,2,-1,2400,6.2,1522,,,,,,,9.6,320,1343,6.7,270,1403,4,3451,290,-11.1,23,1625,38.8,2.7,1014.2,1024.2,2400,1020.5,1505,1021.9,10.2,7.6,1200,1.6,8.77,,,,,,5.3,.8,2.1,-7.2,,,,,,,,,,,,,,
143,대구,1996-01-24,-.6,-3.9,740,3.3,1551,,,,,,,14.8,290,1208,11,290,1208,4.6,3941,270,-11.3,31,1410,44.5,2.6,1017.2,1027.1,1020,1023.4,128,1025,10.2,8.7,1200,1.64,8.94,,,,,,1.3,.3,.4,-9.7,,,,,,,,,,,,,,
143,대구,1996-01-25,-1.9,-5,2400,2.3,1500,,,,,,,13.1,290,1803,8.7,290,1813,4.9,4197,290,-13,31,1532,43.8,2.3,1016.3,1026.6,2322,1021.8,1514,1024.2,10.2,6.2,1300,1.48,7.13,,,,,,2.5,0,-1.2,-15,,,,,,,,,,,,,,
143,대구,1996-01-26,-2.7,-7.1,718,3.2,1532,,,,,,,8.3,290,1245,6,250,948,3.3,2874,270,-16.8,20,1440,35.3,1.7,1019.4,1029,1015,1024.8,1630,1027.3,10.2,8.4,1200,1.71,9.4,,,,,,.8,0,-3.8,-13.4,,,,,,,,,,,,,,
143,대구,1996-01-27,0,-5.4,758,6.6,1459,,,,,,,6.5,290,1505,5.7,230,1147,2.6,2270,270,-12.4,27,1540,39.5,2.4,1019.2,1029.3,916,1024.5,1612,1027,10.3,8.8,1200,1.62,8.97,,,,,,.8,.4,-.8,-13.3,,,,,,,,,,,,,,
143,대구,1996-01-28,1.2,-4.5,650,8.4,1440,1.33,,,,,.2,11.3,230,1311,8.3,230,1310,1.9,1603,20,-5.1,43,1502,64.5,4.3,1015.1,1026.8,10,1018.2,1600,1022.7,10.3,3.5,1300,1.28,5.73,,,,,,5,3,.2,-10.7,,,,,,,,,,,,.2,{박무}0710-{박무}{강도0}0900-{박무}{강도0}1200-1250.  {연무}1240-{연무}{강도0}1500-1620.                 {박무}1654-{박무}{강도0}1800-{박무}{강도0}2100-{박무}{강도1}2400-  {비}1625-1745.,
143,대구,1996-01-29,2.8,-1.1,500,7.8,1519,,,,,,,10.5,270,2350,8.3,270,1622,4,3473,270,-11.1,15,1412,41.8,2.9,1014.3,1024.7,929,1020.2,320,1021.9,10.3,8.9,1200,1.56,8.62,,,,,,3.8,1.3,1.5,-7.7,,,,,,,,,,,,,-{박무}-{박무}{강도1}0300-{박무}{강도1}0600-0710.,
143,대구,1996-01-30,-1.6,-4.8,750,2.1,0,,,,,,,15.3,290,1541,11.3,270,324,5.9,5075,290,-17.5,22,1132,30,1.6,1020.7,1031.5,2400,1022.6,0,1028.5,10.3,5.7,1200,1.61,8.84,,,,,,1.5,.4,-1,-10.1,,,,,,,,,,,,,{달코로나}2335-,
143,대구,1996-01-31,-2.5,-6.9,740,3.3,1606,.58,,,,,0,13.8,250,1722,9.7,250,1719,4.3,3740,270,-14.4,26,1203,40.5,2.1,1020.8,1032.1,902,1023.8,1700,1028.7,10.4,9,1200,1.57,8.36,,,,,,4.8,1.8,-1.4,-12.9,,,,,,,,,,,,0,-{달코로나}-0015.  {소낙눈}2015-2050.,
143,대구,1996-02-01,-4.4,-7.6,656,.5,1354,,,,,,,15.6,320,2141,9.8,320,2145,5.8,5000,290,-13.5,33,1550,49.3,2.2,1018.1,1028.9,903,1022.5,1555,1026,10.4,9.3,1200,1.66,8.75,,,,,,2,2.3,-2.1,-12.3,,,,,,,,,,,,,,
143,대구,1996-02-02,-6.8,-11,751,-1.1,1546,,,,,,,14,320,248,10,320,19,4.4,3800,320,-18.3,28,1539,39.8,1.5,1020.6,1031.2,957,1025,0,1028.6,10.4,9.1,1200,1.7,9.25,,,,,,.5,.3,-4.7,-16,,,,,,,,,,,,,,
143,대구,1996-02-03,-1.8,-7.4,219,5.5,1522,,,,,,,9.6,290,1248,7.8,270,1309,2.9,2543,270,-11.3,29,1552,49.3,2.6,1018.8,1028.7,0,1023.6,1710,1026.6,10.5,9.2,1200,1.76,9.46,,,,,,0,0,-1.8,-16.2,,,,,,,,,,,,,,
143,대구,1996-02-04,.4,-4.4,740,6.6,1535,,,,,,,4.2,250,258,3.3,250,300,1.3,1153,270,-6.9,42,1528,59.5,3.7,1013.8,1024.6,0,1017,2400,1021.5,10.5,4,1400,.96,5.84,,,,,,6,4,-.2,-11.4,,,,,,,,,,,,0,{박무}0915-1035.  {연무}1032-{연무}{강도0}1200-{연무}{강도0}1500-1530.  {박무}2250-{박무}{강도0}2400-,
143,대구,1996-02-05,-1.1,-5.5,2400,2.4,317,.33,,,,,0,15.3,290,1147,11.7,290,1342,6,5198,290,-12.5,25,1440,45,2.6,1013.2,1027.7,2400,1015.4,302,1020.9,10.5,9.2,1200,1.79,9.51,.2,340,.2,340,.2,2.8,2.6,-.8,-10.5,,,,,,,,,,,,,-{박무}-{박무}{강도0}0300-{박무}{강도1}0600-0620.  {싸락눈}0320-0340.,
143,대구,1996-02-06,-3,-7.6,558,2.6,1435,,,,,,,8.2,290,1306,6.2,290,1259,3.3,2892,270,-14.8,23,1630,42.3,2,1023.5,1034.2,2357,1027.7,0,1031.4,10.6,8.9,1200,1.79,9.44,,,,,,1.5,0,-1.4,-13.7,,,,,,,,,,,,,,
143,대구,1996-02-07,-1.4,-9.6,740,7,1555,,,,,,,6.8,270,1542,6,270,1550,1.4,1226,270,-11.7,34,1338,47,2.6,1023.4,1034.7,903,1027,1700,1031.3,10.6,8.2,1200,1.47,7.92,,,,,,2,2.8,.7,-15,,,,,,,,,,,,,{박무}0845-{박무}{강도0}0900-0925.  {연무}0920-{연무}{강도0}1200-1440.,
143,대구,1996-02-08,2.1,-.5,2400,5.3,1532,,,,,,,8.6,290,2347,4.8,290,2322,2.4,2095,250,-8.1,37,1305,47.5,3.3,1017.2,1027.9,0,1021.8,1703,1024.9,10.6,1.2,1500,.67,3.92,,,,,,8,6.3,1.2,-7.1,,,,,,,,,,,,0,,
143,대구,1996-02-09,-2.7,-5.4,2400,1.2,1402,2,,,,,0,14.3,290,1342,9,270,1400,5.2,4497,290,-11.4,39,1557,52.3,2.6,1016.3,1026.9,2320,1021.4,1428,1024.1,10.7,5.5,1300,1.7,7.91,,,,,,5.8,4.4,-1.3,-11,,,,,,,,,,,,0,{눈}0820-0840.  {눈}0930-0950.  {눈}1020-1140.,
143,대구,1996-02-10,-2.3,-6.7,730,3.4,1628,,,,,,,9,290,1016,5.7,290,1024,3.1,2666,290,-12.9,27,1642,45.8,2.3,1019.9,1029.3,900,1026.3,1600,1027.7,10.7,9.6,1200,1.8,9.7,,,,,,2,1,-1.4,-13.4,,,,,,,,,,,,,,
143,대구,1996-02-11,.7,-6.7,804,9,1605,,,,,,,7.8,250,1156,6,250,1201,2.4,2058,250,-11.3,22,1633,42.3,2.6,1014.7,1027.5,0,1017.2,2400,1022.4,10.7,8.8,1100,1.72,8.96,,,,,,1.3,.8,1.5,-13.4,,,,,,,,,,,,,,
143,대구,1996-02-12,8.3,.9,140,18.5,1602,,,,,,,6.9,250,1702,5,270,1239,2,1703,250,-1.5,25,1643,53.3,5.5,1004.6,1017.2,0,1008.1,1654,1012.1,10.8,8.7,1200,1.72,9.19,,,,,,1.8,.4,7.4,-7.7,,,,,,,,,,,,,{박무}0745-{박무}{강도1}0900-1040.,
143,대구,1996-02-13,12,6.2,554,20.4,1540,,,,,,,8,270,1459,6,270,1513,1.4,1171,270,2.6,36,1510,53.5,7.5,998.1,1008.8,0,1001.9,1450,1005.4,10.8,6.7,1200,1.31,6.82,,,,,,7.5,3.8,9.9,-.9,,,,,,,,,,,,,{박무}0610-{박무}{강도0}0900-0943.  {연무}0940-{연무}{강도0}1200-{연무}{강도0}1500-1740.                 {박무}2220-{박무}{강도0}2400-,
143,대구,1996-02-14,12.7,5.4,716,22,1418,,,,,,,6.2,340,1612,4.8,340,1620,1.8,1587,250,2.5,21,1436,55.5,7.4,1000.2,1009.4,926,1004.4,1510,1007.4,10.8,6.8,1300,1.6,8.28,,,,,,4.8,1,11.1,-3.1,,,,,,,,,,,,,-{박무}-{박무}{강도0}0300-{박무}{강도2}0600-{박무}{강도0}0900-1015.                                  {연무}1010-{연무}{강도0}1200-{연무}{강도0}1500-{연무}{강도0}1800-{연무}{강도0}2100-2320.                      {박무}2318-{박무}{강도0}2400-,
143,대구,1996-02-15,7.5,4,739,10.5,0,,,,,,,9.9,290,2325,6.2,290,2341,2.9,2464,90,-1.5,21,2344,56,5.9,1007.6,1019.9,2400,1009,53,1015.1,10.9,4.9,1300,1.35,6.41,,,,,,3.8,2.3,6.4,-2.6,,,,,,,,,,,,,-{박무}-{박무}{강도0}0300-{박무}{강도0}0600-{박무}{강도0}0900-{박무}{강도0}1200-1330.                         {연무}1320-{연무}{강도0}1500-1720.,
143,대구,1996-02-16,1,-2.9,740,4.1,0,,,,,,,12.6,320,200,8.3,320,223,3.4,2945,320,-12,21,0,38.5,2.6,1016.8,1027,1205,1019.9,0,1024.5,10.9,2.9,1000,1.09,5.09,,,,,,6.8,5.9,3.7,-8.7,,,,,,,,,,,,1.2,,
143,대구,1996-02-17,1.6,-.4,546,3.2,1244,10.3,,,,,1.3,6.8,110,1836,4.5,110,1750,2,1701,90,-3.1,51,15,70.5,4.9,1018.4,1028.7,2400,1024.1,1559,1026.1,10.9,0,1100,.94,4.4,1,540,1,540,1,9.5,7.5,3,-1.2,,,,,,,,,,,,.1,{눈}0240-{눈}{강도0}0300-{눈}{강도0}0600-{진눈깨비}0625-{눈}0740-{눈}{강도0}0900-1120.  {눈}1542-1720.   {박무}0420-{박무}{강도0}0600-{박무}{강도0}0900-{박무}{강도0}1200-{박무}{강도0}1500-{박무}{강도0}1800-1840.,
143,대구,1996-02-18,1,-.1,2400,3.8,1310,8.75,,,,,0,7.9,70,1815,5,70,1819,3,2585,250,-6.4,42,150,58.8,3.9,1024,1035.6,2110,1028.7,0,1031.8,11,.6,1200,1.01,5.25,,,,,,9.3,7,1.7,-6.8,,,,,,,,,,,,0,{눈}0855-{눈}{강도0}0900-{눈}{강도0}1200-{눈}{강도0}1500-1740,
143,대구,1996-02-19,.7,-2.7,740,5.2,1627,,,,,,,8.3,270,1445,6.5,270,1443,3.3,2855,270,-11,18,1647,48,2.9,1027.8,1037.7,903,1033.2,1610,1035.6,11,9.4,1100,1.77,9.94,,,,,,4.5,2.1,3.3,-8.4,,,,,,,,,,,,,,
143,대구,1996-02-20,-.8,-3.9,718,4.9,1509,,,,,,,10.2,270,1357,7.8,270,1337,4,3484,270,-15.3,21,1602,33.3,1.9,1026.9,1036.9,828,1031.2,1550,1034.8,11,8.9,1300,1.83,11.28,,,,,,4.3,2,3.1,-11.9,,,,,,,,,,,,,,
143,대구,1996-02-21,-.9,-6.3,729,5.3,1550,,,,,,,8.5,270,1029,5.7,270,158,3.6,3075,290,-15,22,1550,35.5,1.9,1025.1,1035.5,902,1030.3,1700,1032.9,11.1,9.2,1200,2.07,11.66,,,,,,.5,0,2.7,-13.8,,,,,,,,,,,,,,
143,대구,1996-02-22,.4,-4.4,730,6.5,1457,,,,,,,11.3,290,2100,7,270,1603,4,3430,290,-12,29,1450,40,2.5,1023.1,1033.2,100,1027.3,1528,1030.8,11.1,9.7,1200,2.02,11.68,,,,,,.5,0,3.5,-10.7,,,,,,,,,,,,,,
143,대구,1996-02-23,2.5,-2.9,726,8.6,1458,,,,,,,9.9,270,1334,6.3,270,1333,3.1,2661,270,-10.2,25,1603,40.5,2.9,1022.3,1031.6,120,1027,1533,1030.1,11.2,9.7,1200,1.95,11.09,,,,,,1.5,0,5,-10.1,,,,,,,,,,,,,,
143,대구,1996-02-24,2.6,-3.9,733,9.2,1453,,,,,,,9.3,90,1754,7.2,90,1727,2.5,2169,90,-7.8,34,0,47.3,3.5,1023.5,1033.4,902,1028.3,1706,1031.2,11.2,8.2,1100,1.68,9.45,,,,,,7.3,1.5,5.3,-11.1,,,,,,,,,,,,,,
143,대구,1996-02-25,2.7,-2,530,9.2,1338,,,,,,,9,290,1551,6.7,290,1556,2.5,2129,90,-6.5,26,1530,55.5,3.8,1017.8,1030,0,1022.6,1510,1025.4,11.2,5.7,1300,1.31,7.65,,,,,,5.3,.4,3.9,-6.7,,,,,,,,,,,,,{연무}1125-{연무}{강도0}1200-1345.,
143,대구,1996-02-26,4.4,-2.3,510,11.4,1521,,,,,,,6.8,250,1257,5.2,270,1255,2.2,1867,270,-9.6,19,1515,40.8,3,1014.2,1025,12,1017.4,1724,1021.8,11.3,8.8,1200,1.86,10.84,,,,,,4.5,.4,6.1,-10.4,,,,,,,,,,,,,{박무}0220-{박무}{강도0}0300-{박무}{강도0}0600-0850.  {연무}0850-{연무}{강도0}0900-1040.  {연무}2320-{연무}{강도0}2400-,
143,대구,1996-02-27,2.9,-1.9,720,6.6,1335,,,,,,,15,290,1243,10.5,290,1343,5.4,4667,290,-9,27,1440,42,3.2,1013.8,1026.8,2320,1017.6,130,1021.4,11.3,10.2,1200,2.09,12.39,,,,,,3.8,1.3,6.2,-7.7,,,,,,,,,,,,,-{연무}-{연무}{강도0}0300--420.,
143,대구,1996-02-28,3.1,-3.8,730,11.6,1618,,,,,,,7,250,1442,5.3,250,1114,2.7,2300,270,-10.5,18,1645,39,2.8,1018.9,1029.7,920,1024.1,1810,1026.7,11.3,10.4,1200,2.18,12.92,,,,,,0,0,6.1,-11.6,,,,,,,,,,,,,,
143,대구,1996-02-29,2.9,-2.6,537,9.7,1701,,,,,,,4.2,270,1610,3.5,250,1213,1.5,1287,290,-5.6,36,1652,53.5,4.2,1012.7,1025,0,1016.6,1800,1020.2,11.4,2.5,1500,.87,5.72,,,,,,4.8,1.6,3,-10,,,,,,,,,,,,.6,{연무}1105-{연무}{강도0}1200-{연무}{강도0}1500-1540.  {박무}2210-{박무}{강도0}2400-,
143,대구,1996-03-01,3.5,.3,2400,7.8,1525,1.05,,,,,.6,17.4,290,1232,11,270,1128,5,4324,290,-9.5,20,1546,41.8,3.1,1009.5,1021.3,2350,1013.3,445,1017.1,11.4,9.9,1200,2.11,12.88,.3,550,.3,550,.3,1.8,.5,6.4,-6.2,,,,,,,,,,,,,-{박무}-0120.  {박무}0440-{박무}{강도0}0600-0710.  {소낙눈}0515-{비}0550-{비}{강도0}0600-0618.,
143,대구,1996-03-02,4.3,-1.7,425,11,1544,,,,,,,13,270,1553,8.7,290,1417,4.1,3566,270,-10.7,17,1540,36,2.8,1013.2,1022.9,900,1017.8,1530,1020.8,11.4,10.1,1200,2.07,12.88,,,,,,0,0,7.9,-10.1,,,,,,,,,,,,,,
143,대구,1996-03-03,5.3,-.5,700,12.5,1633,,,,,,,9,320,1807,6,320,1807,3.3,2868,270,-9.2,18,1519,35.8,3.1,1013.9,1023.5,900,1018.4,1633,1021.5,11.5,10.7,1200,2.16,13.48,,,,,,0,0,9.2,-9.6,,,,,,,,,,,,,,
143,대구,1996-03-04,4.2,-1.9,722,13.1,1403,1.28,,,,,0,15.4,290,1456,10,290,1453,3.3,2853,270,-5.3,25,1250,52,4.2,1013.5,1026,2400,1016.5,1400,1021,11.5,9.4,1200,2.02,11.4,,,,,,4.8,1.5,7.9,-10.3,,,,,,,,,,,,0,{비}1445-{비}{강도0}1500-1505.  {눈}2110-2142.  {눈}2220-2245.,
143,대구,1996-03-05,3.1,-3.3,710,10.1,1658,,,,,,,6.7,90,1938,5.3,90,1943,1.7,1437,90,-5.3,20,1710,59,4.2,1018.4,1028.8,908,1023.9,1650,1026.1,11.6,9.5,1200,2.2,12.51,,,,,,2.8,.3,6.3,-10.7,,,,,,,,,,,,,{박무}0915-1018.,
143,대구,1996-03-06,5.9,-2.4,726,15.1,1547,,,,,,,7.3,270,1252,5,270,1314,1.9,1626,90,-2.2,30,1630,59.3,5.3,1015.1,1025.7,0,1018.7,1723,1022.6,11.6,8.5,1200,1.54,9.65,,,,,,5,2.9,9,-7.6,,,,,,,,,,,,16.5,{박무}0830-{박무}{강도0}0900-1020.  {연무}1015-{연무}{강도0}1200-1220.,
143,대구,1996-03-07,7.1,5.7,540,9.4,0,15.25,,,,,18.2,8.2,110,714,5.3,110,904,2.5,2133,270,4.4,58,0,83.3,8.4,1005,1019.4,0,1008.6,1534,1012.5,11.6,0,1500,.13,.83,,,,,,10,6.1,7.1,3.9,,,,,,,,,,,,1.7,{비}0015-{비}{강도0}0300-{비}{강도0}0600-{비}{강도0}0900-{비}{강도0}1200-{비}{강도0}1500-1530.             {박무}0810-{박무}{강도0}0900-{박무}{강도0}1200-{박무}{강도0}1500-{박무}{강도0}1800-{박무}{강도0}2100-{박무}{강도0}2400-,
143,대구,1996-03-08,5.9,1.9,652,10,1538,,,,,,,16.3,290,1058,10.7,290,1109,5.5,4755,290,-8.3,22,1420,36.8,3.4,1007.1,1019.2,2250,1011.3,0,1014.6,11.7,10.1,1200,2.23,13.99,,,,,,2.8,1.3,7.1,-2.6,,,,,,,,,,,,,-{박무}-{박무}{강도0}0300-0310.,
143,대구,1996-03-09,4,.4,700,7.7,1357,.33,,,,,0,10,270,1817,7.5,320,1638,3.6,3068,270,-5.5,40,0,50,4.1,1010.8,1019.8,2400,1015.6,1407,1018.4,11.7,3.8,1100,1.32,7.99,,,,,,6,3,4,-5.6,,,,,,,,,,,,0,{비}1813-1833.,
143,대구,1996-03-10,5.3,-.5,638,11.3,1556,,,,,,,8.7,250,1103,7,270,1139,3.9,3378,270,-8.6,21,1558,38,3.2,1011,1020.8,600,1015.6,1600,1018.6,11.7,10.1,1200,2.38,14.65,,,,,,3.8,0,6.6,-6.4,,,,,,,,,,,,,,
143,대구,1996-03-11,4.2,.1,2400,7.8,1328,,,,,,,15,270,1340,9.5,290,1141,4.6,3970,290,-11.8,15,1620,31.8,2.6,1011.1,1026.6,2400,1015.7,610,1018.7,11.8,10.4,1200,2.51,14.13,,,,,,2,.6,6,-6.7,,,,,,,,,,,,,,
143,대구,1996-03-12,2.9,-3.3,708,9.3,1712,,,,,,,5.7,230,1707,4.5,250,1722,1.6,1388,320,-10.1,21,1708,39.5,2.9,1017.5,1028.1,926,1022,1710,1025.2,11.8,8.4,1200,1.62,9.76,,,,,,7,0,4,-9.3,,,,,,,,,,,,,{연무}0940-{연무}{강도0}1200-1240.,
143,대구,1996-03-13,6.4,-1.6,654,15.6,1549,,,,,,,5.2,290,1622,3.7,270,1611,1.2,1074,270,-5.8,21,1506,44.5,4,1013.3,1022.7,200,1018.1,1640,1020.8,11.9,9.3,1200,2.28,13.8,,,,,,2.3,0,7.7,-8,,,,,,,,,,,,,{박무}0710-0750.,
143,대구,1996-03-14,8.9,4.2,640,14.6,1510,4.42,,,,,9.6,6.6,230,1936,5,200,1938,.9,776,270,-.2,32,1510,54.3,6.1,1012.2,1022.1,900,1016.3,1750,1019.6,11.9,1.2,1300,1.19,6.5,,,,,,8,5.6,8.7,-3.5,,,,,,,,,,,,22,{박무}0820-{박무}{강도0}0900-0950.  {연무}0945-{연무}{강도0}1200-{연무}{강도0}1500-{연무}{강도0}1800-1920.        {비}1935-{비}{강도0}2100-{비}{강도0}2400-,
143,대구,1996-03-15,6.6,4.4,2400,11.1,1702,12.42,,,,,16,8.7,360,1138,5.8,360,1146,2.5,2188,90,1.1,37,1629,69.8,6.7,1003.6,1017.1,2400,1007.3,927,1011.1,11.9,2.3,1200,.86,5.06,,,,,,7.5,3.5,7,-.6,,,,,,,,,,,,3.6,-{비}-{비}{강도0}0300-{비}{강도0}0600-{비}{강도0}0900-{비}{강도0}1200-1225.,
143,대구,1996-03-16,4.9,.6,659,9.2,1430,8.58,,,,,24.1,6.6,110,2043,4.5,90,252,2.1,1846,70,.2,47,1454,73.8,6.3,1005.2,1019.2,842,1001,2400,1012.7,12,.4,1100,1,4.5,,,,,,7.3,4.5,5,-2.8,,,,,,,,,,,,24.5,{박무}0310-{박무}{강도0}0600-{박무}{강도0}0900-0940.  {비}1525-{비}{강도0}1800-{비}{강도0}2100-{비}{강도0}2400-    {뇌전}{강도0}(NW 2-3)-{뇌전}{강도1}(NW 1-2)1943-{뇌전}{강도1}(NW-W 1-2)11950-2010.,
143,대구,1996-03-17,8.9,3.6,2400,14.2,1518,2.33,,,,,.4,13.3,290,1220,9,270,1512,4.7,4024,270,-.9,23,1620,54.8,6.1,997.8,1015.5,2400,998.3,315,1005.1,12,4.2,1300,1.91,9.57,,,,,,6.8,4.5,9.7,2.1,,,,,,,,,,,,,-{비}-0220.,
143,대구,1996-03-18,5.4,1,650,11.6,1613,,,,,,,12.8,270,1628,8.7,270,1642,4.1,3540,270,-10.6,17,1640,31.3,2.7,1010.7,1020.9,946,1015.5,0,1018.2,12.1,9.9,1200,2.39,15.5,,,,,,4,2.9,8.3,-1.8,,,,,,,,,,,,,,
143,대구,1996-03-19,5.1,-.1,700,10.6,1558,,,,,,,11.1,290,133,8,290,140,3.1,2699,290,-11.8,15,1600,30,2.5,1015.1,1026,1025,1019.7,0,1022.6,12.1,10.3,1200,2.64,16.39,,,,,,3.8,0,7.2,-5.4,,,,,,,,,,,,,{햇무리}1720-1755.,
143,대구,1996-03-20,6.5,-.2,550,13.6,1610,,,,,,,7.9,90,1946,6.8,90,1956,2.3,1985,90,-4.4,27,0,46.5,4.5,1016.9,1026.4,800,1022.1,1700,1024.5,12.1,9.1,1100,2.55,15.16,,,,,,2.8,0,8.6,-5.4,,,,,,,,,,,,0,,
143,대구,1996-03-21,6.4,3.5,550,8.6,1320,15.25,,,,,28.3,8.6,110,1807,5.8,110,1854,2.6,2213,90,2.9,59,0,78.5,7.6,1011.5,1025.1,0,1014,1654,1018.9,12.2,0,1200,.28,1.26,,,,,,9.5,6.1,6.2,.2,,,,,,,,,,,,28.4,{비}0845-{비}{강도0}0900-{비}{강도0}1200-{비}{강도0}1500-{비}{강도0}1800-{비}{강도0}2100-{비}{강도0}2400-,
143,대구,1996-03-22,7.3,5.3,2400,10.4,1454,.83,,,,,.1,7.8,110,2014,6.5,90,2100,2.6,2249,90,1.9,53,1424,69.5,7,1012.9,1025.7,2400,1014.1,53,1020.3,12.2,3.4,1400,1.96,8.06,,,,,,7.5,4.9,9.6,4.6,,,,,,,,,,,,,-{비}-0050.  {박무}0520-{박무}{강도0}0600-0715.,
143,대구,1996-03-23,5.8,4,2400,7.7,1032,,,,,,,13,90,959,10.2,90,1244,5.3,4562,90,-1,50,1558,61.8,5.7,1022.8,1033.3,2100,1025.7,0,1030.4,12.2,1.3,1000,1.64,8.14,,,,,,9.8,5.1,7,-.6,,,,,,,,,,,,,,
143,대구,1996-03-24,5.4,1.9,434,7.7,1604,1.03,,,,,0,6,110,1305,4.8,110,1311,1.8,1588,90,-2.1,47,1514,58.8,5.3,1018.3,1031.5,0,1020.3,2352,1025.9,12.3,.3,1000,.66,5.57,,,,,,9.8,4.6,6.5,-2.7,,,,,,,,,,,,0,{비}2005-2035.  {비}2120-2145.  {비}2223-2230.                              {박무}2032-{박무}{강도0}2100-{박무}{강도0}2400-,
143,대구,1996-03-25,9.1,5.3,530,14.9,1512,,,,,,,7.8,270,1832,7,290,1537,3.3,2848,270,-2,28,1531,48,5.4,1013.6,1023.7,2400,1019.7,1527,1021,12.3,8.6,1200,2.6,15.04,,,,,,6.3,3,10.9,1.8,,,,,,,,,,,,,-{박무}-{박무}{강도0}0300-{박무}{강도0}0600-0710.,
143,대구,1996-03-26,9.6,2.3,705,16.7,1623,,,,,,,8.8,90,1133,6,90,1233,2.8,2378,90,-2.2,33,1459,46.3,5.3,1018.1,1027.6,1010,1023.7,0,1025.6,12.4,10.4,1200,2.43,15.54,,,,,,2.5,0,11.3,-4.3,,,,,,,,,,,,,{연무}0845-{연무}{강도0}0900-{연무}{강도0}1200-1245.,
143,대구,1996-03-27,10.6,5.6,632,18.6,1557,,,,,,,7.1,110,1841,5.8,110,2014,1.9,1614,110,.4,17,1700,53.3,6.4,1019.1,1028.6,2321,1023.9,1512,1026.6,12.4,4.7,1300,1.83,10.66,,,,,,6,.9,11.6,2.7,,,,,,,,,,,,,{박무}0040-{박무}{강도0}0300-{박무}{강도0}0600-{박무}{강도0}0900-1030.  {연무}1020-{연무}{강도0}1200-1440.,
143,대구,1996-03-28,8.5,5.2,510,11.7,1336,,,,,,,9.2,90,934,7,70,1208,4.4,3802,90,2.6,53,1237,67,7.4,1019.7,1028.6,0,1026.1,1500,1027.2,12.4,0,1100,1.16,7.78,,,,,,8.8,4.8,9.5,2.5,,,,,,,,,,,,,{박무}0320-{박무}{강도0}0600-{박무}{강도0}0900-1040.,
143,대구,1996-03-29,9.2,6.1,656,12.6,1320,9.25,,,,,3.4,8.9,90,918,6,90,925,3.2,2786,90,4.2,53,1315,71.8,8.3,1012.6,1026.9,0,1009.1,2400,1020,12.5,0,1100,.92,5.67,,,,,,10,6.9,9.3,3.2,,,,,,,,,,,,13.6,{비}1225-{비}{강도0}1500-1525.  {비}1555-1615.  {비}1805-{비}{강도0}2100-{비}{강도0}2400-        {박무}1820-{박무}{강도0}2100-{박무}{강도0}2400-,
143,대구,1996-03-30,10.1,8,258,13.6,1110,5.33,,,,,10.2,15.6,270,1802,10.7,230,1615,4.1,3519,270,5.4,53,1859,73.3,9.1,996.6,1010.7,2400,1000.4,1401,1003.9,12.5,0,800,.48,2.99,,,,,,9.5,7.4,10.1,6.8,,,,,,,,,,,,,-{비}-{비}{강도0}0300-0440.  {비}0640-0720.  -{박무}-{박무}{강도0}0300-{박무}{강도0}0600-{박무}{강도0}0900-0940.,
143,대구,1996-03-31,9.4,5.2,2400,13.4,1447,,,,,,,9.6,320,1518,6,320,1530,3.9,3356,270,-1.8,30,1912,46.8,5.5,1005,1016,2258,1010.7,0,1012.4,12.5,3.5,1100,1.76,10.74,,,,,,7.5,2.4,10,1.4,,,,,,,,,,,,,{박무}0020-{박무}{강도0}0300-{박무}{강도0}0600-{박무}{강도0}0900-1010.,
143,대구,1996-04-01,7,3.2,2400,11.8,1528,,,,,,,10.3,290,1802,7.5,290,1839,4.1,3545,270,-5.9,24,1650,40.3,4,1008,1016.8,2400,1013,1600,1015.4,12.6,9.3,1300,2.49,15.21,,,,,,5,2.3,9.1,-2,,,,,,,,,,,,,,
143,대구,1996-04-02,4.7,.7,639,9.9,1530,,,,,,,13,320,1338,9.5,320,1242,5.1,4389,270,-8.8,21,1640,38,3.2,1008.7,1018.4,2400,1013.9,1610,1016.2,12.6,11.4,1200,2.86,18.37,,,,,,1.3,.9,8.8,-4.6,,,,,,,,,,,,,,
143,대구,1996-04-03,5.3,.2,625,10.8,1420,,,,,,,12.7,250,1316,7.5,250,1319,5.3,4564,270,-11.1,17,1600,31,2.7,1011.4,1021.5,2400,1016.6,1630,1019,12.7,11.3,1200,2.75,19.29,,,,,,0,0,9.4,-4.9,,,,,,,,,,,,,,
143,대구,1996-04-04,7.3,.7,630,13.7,1538,,,,,,,15,290,1738,10.7,320,1337,4.6,3964,270,-8.7,20,1530,31.8,3.2,1014.4,1023.9,2400,1019,1520,1021.8,12.7,11.3,1200,2.83,19.17,,,,,,0,.4,10.7,-6.3,,,,,,,,,,,,,,
143,대구,1996-04-05,10.3,.2,633,18.3,1527,,,,,,,9.8,270,1208,7,270,1212,2.1,1821,290,-6.7,18,1749,30.5,3.8,1016.8,1026.6,929,1021,1750,1024.2,12.7,11,1200,2.76,18.52,,,,,,0,0,13.1,-5.6,,,,,,,,,,,,,,
143,대구,1996-04-06,10.3,6.4,625,13.4,1409,.58,0,,0,,0,7.3,160,1417,5,180,1413,1.7,1501,200,1.6,39,1305,55.8,7,1013.8,1025.6,210,1016.9,2144,1021.2,12.8,0,800,.67,3.97,,,,,,9.3,5,10.2,2.1,,,,,,,,,,,,0,{연무}0815-{연무}{강도0}0900-1140.  {비}1540-1605.  {비}1640-1650.,
143,대구,1996-04-07,13.6,8,630,19.8,1540,,,,,,,10.7,290,1524,7.7,320,1924,3.8,3289,270,1.6,22,1540,48.3,7,1009.1,1018,900,1014.3,1700,1016.4,12.8,8.9,1200,2.61,17.01,,,,,,5,2.3,16.3,2.2,,,,,,,,,,,,,{박무}0510-{박무}{강도0}0600-0820.  {연무}0815-{연무}{강도0}0900-1120.,
143,대구,1996-04-08,12.2,6.6,630,18.4,1552,,,,,,,10.2,340,1254,6.3,340,1653,3.6,3132,290,-1.3,18,1630,41.5,5.7,1011.1,1020.8,2400,1016.7,1630,1018.4,12.8,10,1100,2.66,18.26,,,,,,.5,1,16.1,2,,,,,,,,,,,,,{박무}0720-0810.  {연무}0805-{연무}{강도0}0900-1040.,
143,대구,1996-04-09,12.3,7,610,18.2,1600,,,,,,,9.2,290,1702,6.7,290,1708,3,2562,270,-7.4,15,1600,26.5,3.6,1013.3,1022.7,932,1017.6,1630,1020.6,12.9,9,1300,2.08,13.09,,,,,,4.3,.9,13.9,-.1,,,,,,,,,,,,,,
143,대구,1996-04-10,11,6.8,2400,17,1524,,,,,,,12.1,270,1520,9,270,1737,3.8,3310,270,-10.2,12,1555,22.5,2.9,1013.9,1023.1,2400,1018.6,1526,1021.3,12.9,8.7,1200,2.77,16.77,,,,,,4,1.9,14,-3,,,,,,,,,,,,,,
143,대구,1996-04-11,8.5,2.9,611,14.5,1459,,,,,,,14.2,320,1508,9.3,290,1521,4.3,3718,290,-8.7,17,1630,30.3,3.2,1016.6,1027,2400,1021.4,1520,1024.1,13,11.6,1200,2.93,20.63,,,,,,0,0,14,-4.9,,,,,,,,,,,,,,
143,대구,1996-04-12,9,1.9,510,15.5,1548,,,,,,,7.2,270,1259,5.3,320,1210,2.1,1794,290,-7,15,1552,34.5,3.7,1021.2,1031.2,905,1025.7,1640,1028.7,13,10.5,1200,2.82,19.72,,,,,,1,0,14.4,-4.9,,,,,,,,,,,,,,
143,대구,1996-04-13,10.7,1,610,18.5,1507,,,,,,,8.3,250,1420,5.3,270,1430,2.4,2063,290,-5.6,15,1710,35.3,4.1,1021.7,1032.2,820,1025.5,1655,1029.2,13,11.2,1200,2.6,19.05,,,,,,0,0,13.9,-5.7,,,,,,,,,,,,,,
143,대구,1996-04-14,11.6,5,519,17.4,1330,,,,,,,9.6,230,1305,6.3,250,1622,2.7,2332,270,-3.7,22,1122,34.5,4.7,1017.4,1029.6,100,1020.1,1817,1024.8,13.1,7.5,1100,2.16,13.2,,,,,,4.3,1.8,13.4,-2.7,,,,,,,,,,,,,,
143,대구,1996-04-15,14,6.2,648,20.8,1512,.25,0,,0,,0,8,230,1736,6.7,230,1740,2.3,1961,250,-1,23,1518,36.5,5.7,1007,1021.2,15,1008.2,2320,1014.3,13.1,8.6,1200,2.69,17.32,,,,,,4.8,2.9,17.2,-.8,,,,,,,,,,,,0,{비}2345-{비}{강도0}2400-,
143,대구,1996-04-16,14.9,9.4,458,21,1550,4.17,.3,2320,.4,2245,.5,8.3,270,1815,6.7,270,1209,3.1,2688,290,.8,23,1530,39,6.5,996.9,1008.4,0,1000.6,1630,1004,13.1,10.2,1200,2.66,18.74,,,,,,5.3,1.5,19.8,2.1,,,,,,,,,,,,12.1,-{비}-0140.  {비}0220-{비}{강도0}0300-0315.  {비}2210-2345.,
143,대구,1996-04-17,12.8,8.5,2400,17.9,1639,8.92,6.2,1130,14.2,1050,35.1,15.5,270,2324,11,270,2343,4.2,3614,270,7.2,38,2323,70,10.4,996.1,1010.2,2400,999.4,1205,1003.3,13.2,0,1400,.97,2.94,,,,,,8.5,6.5,12.9,4.1,,,,,,,,,,,,23.5,{비}0420-{비}{강도0}0600-{비}{강도0}0900-{비}{강도0}1200-1315.                               {천둥}{강도0}(NW)1040.  {황사}1820-{황사}{강도0}2100-{황사}{강도0}2400-,
143,대구,1996-04-18,12.2,6.1,630,18.4,1534,,,,,,,15.3,250,1350,11,250,1353,6.4,5536,270,-9.9,10,1623,22.3,3,1006.3,1017.2,2400,1010.2,0,1013.7,13.2,11.3,1200,2.89,20.85,,,,,,2.5,.4,13.9,-.4,,,,,,,,,,,,,-{황사}-0120.  {연무}0110-{연무}{강도0}0300-0520.,
143,대구,1996-04-19,11.7,7.7,610,17.6,1638,,,,,,,9.6,70,1715,7.5,70,1850,2.9,2546,70,-7.5,16,1638,26.3,3.6,1008.3,1017.7,400,1011.8,1700,1015.6,13.2,9.5,1200,2.55,17.51,,,,,,5,3.4,15.6,3.5,,,,,,,,,,,,,,
143,대구,1996-04-20,9.5,5.4,521,13.6,1548,2.5,.7,2144,.8,2140,1,8.2,90,1256,6.7,90,1313,3.3,2848,90,1.4,40,1448,58,6.8,1010.6,1021.8,2149,1016,502,1018,13.3,8.5,1300,2.36,14.09,,,,,,6.3,4.1,14.2,2.1,,,,,,,,,,,,1,{비}1015-1045.  {비}2130-2330.  {박무}2120-{박무}{강도0}2400-,
143,대구,1996-04-21,11.1,3.7,440,19.3,1445,,,,,,,10,320,1818,7.3,320,1823,2.4,2046,290,1.1,20,1442,57.8,6.8,1013.9,1023.1,754,1017.8,1630,1021.3,13.3,10.4,1200,2.8,19.54,,,,,,1.3,1.4,15.4,-.7,,,,,,,,,,,,,-{박무}-{박무}{강도1}0300-{박무}{강도1}0600-{박무}{강도1}0900-0940.,
143,대구,1996-04-22,14.4,4.8,610,22.7,1550,,,,,,,7.2,250,1508,5.5,230,1802,2.5,2127,290,1.3,21,1620,45,6.7,1014.3,1023.8,900,1017.8,1810,1021.6,13.3,11.6,1200,2.67,19.53,,,,,,1,.4,17.8,-1.2,,,,,,,,,,,,,,
143,대구,1996-04-23,17.3,8.2,632,26.2,1649,,,,,,,6.5,270,1115,5.7,250,1837,2.7,2359,270,2.2,18,1700,39.3,7.2,1014.3,1023.8,900,1018.2,1820,1021.6,13.4,11.7,1200,2.91,20.65,,,,,,0,0,21.1,2.4,,,,,,,,,,,,,,
143,대구,1996-04-24,17.6,9.6,520,25.7,1620,,,,,,,7.2,250,1920,6.3,250,1918,2.8,2408,270,7.1,30,1240,51.8,10.1,1012.9,1022.4,715,1015.9,1805,1020,13.4,11.2,1100,2.71,19.73,,,,,,2.3,0,21.8,3.1,,,,,,,,,,,,,,
143,대구,1996-04-25,18.9,12.4,630,25.1,1528,,,,,,,6,250,1210,4.8,250,1208,2.1,1836,270,8.5,33,1532,52,11.1,1011.7,1020.7,740,1016.2,1830,1018.8,13.5,9.3,1100,2.19,14.84,,,,,,5.3,0,21.4,6.1,,,,,,,,,,,,,,
143,대구,1996-04-26,21,14.7,531,27.9,1652,,,,,,,8.9,270,1018,7.5,290,903,3.1,2700,290,7.9,26,1523,44.8,10.7,1009.5,1018.8,919,1014,1820,1016.6,13.5,11.5,1200,2.84,20.83,,,,,,.8,0,25.2,8.7,,,,,,,,,,,,,,
143,대구,1996-04-27,23.1,15.6,610,30.6,1603,,,,,,,7.2,230,1157,5,230,1206,2.7,2318,230,11.6,24,1714,50.5,13.7,1008.9,1018,810,1013.4,1802,1015.9,13.5,11.4,1200,2.74,19.22,,,,,,3.3,0,25.9,9.8,,,,,,,,,,,,,,
143,대구,1996-04-28,21.9,14.8,640,27.5,1525,,,,,,,5.8,250,1523,3.5,160,1849,1.7,1502,250,12.4,32,1548,56.5,14.4,1007.5,1017,700,1011.7,1710,1014.6,13.6,5.9,1000,1.48,10.61,,,,,,7,2.1,23.4,8.4,,,,,,,,,,,,0,{박무}0640-{박무}{강도0}0900-1040.  {연무}1030-{연무}{강도0}1200-1320.,
143,대구,1996-04-29,17,14.4,2359,20.2,0,14.42,.8,1429,3.2,1420,8.8,8.8,160,1044,6,160,1043,2.9,2514,90,12.2,57,1043,73.5,14.2,1004.6,1013.6,0,1008.6,2400,1011.8,13.6,0,1100,.57,2.87,,,,,,10,6.9,16.9,14,,,,,,,,,,,,11.1,{비}0730-{비}{강도0}0900-0905.  {비}0950-1110.                                   {비}1230-{비}{강도0}1500-{비}{강도0}1800-{비}{강도0}2100-{비}{강도0}2400-,
143,대구,1996-04-30,15.2,13.6,215,16.6,1314,17.17,1.3,1320,4,1317,12.9,6.2,70,1110,4.7,70,1036,2.2,1860,90,12.3,68,1101,82.5,14.3,998.9,1008.6,0,1003.7,1740,1006.1,13.6,0,1200,.36,1.85,,,,,,10,6.6,15.5,13.6,,,,,,,,,,,,13.3,-{비}-0145.  {비}0220-{비}{강도0}0300-{비}{강도0}0600-0720.  {이슬비}0845-{이슬비}{강도0}0900-0925.      {비}1120-{비}{강도0}1200-1235.  {비}1250-{비}{강도0}1500-{비}{강도0}1800-{비}{강도0}2100-2120.        {박무}0040-{박무}{강도0}0300-{박무}{강도0}0600-{박무}{강도0}0900-{박무}{강도0}1200-{박무}{강도0}1500-{박무}{강도0}1800-{박무}{강도0}2100--{박무}{강도0}-{박무}{강도0}2400-,
143,대구,1996-05-01,16.9,14.4,752,22,1542,2.25,2.3,632,2.7,632,2.7,6.4,290,1327,5.3,270,1542,2.7,2324,290,11,47,1536,69.3,13.2,999.2,1011.1,2400,1003.5,304,1006.4,13.6,.7,1500,1.2,7.72,,,,,,9.5,9,18,12.8,,,,,,,,,,,,,{비}0615-0830.  -{박무}-{박무}{강도0}0300-{박무}{강도1}0600-{박무}{강도0}0900-1030.,
143,대구,1996-05-02,19.2,13.4,529,25.7,1541,,,,,,,11.6,270,1027,8.7,270,1035,4.8,4117,270,4.5,16,1704,41.5,8.7,1007.2,1020.3,2400,1010.9,155,1014.4,13.7,11.6,1200,2.86,20.46,,,,,,3.5,1.6,20.4,9.3,,,,,,,,,,,,,{박무}0420-0530.  {연무}2220-{연무}{강도0}2400-                                        {황사}1420-{황사}{강도0}1500-{황사}{강도0}1800-{황사}{강도0}2100-2240.,
143,대구,1996-05-03,19,10.9,603,25.3,1630,,,,,,,5.1,90,1732,4.5,90,1729,1.5,1329,90,2.2,19,1710,33.8,7.2,1012.4,1022.1,722,1016,2400,1019.5,13.7,4.8,1300,1.98,11.79,,,,,,8,5.5,18.1,5.6,,,,,,,,,,,,3,-{연무}-{연무}{강도0}0300-0520.,
143,대구,1996-05-04,13.7,12,1645,18.4,0,14.5,2,1533,7,1530,25.2,7.2,70,1305,5.2,90,1253,2.4,2113,90,8.5,39,0,72.5,11.2,1004,1016,0,1006.2,1803,1011.2,13.7,0,1200,.36,1.83,,,,,,10,7.9,14.1,11.8,,,,,,,,,,,,22.2,{비}0350-{비}{강도0}0600-{비}{강도0}0900-{비}{강도0}1200-{비}{강도1}1500-{비}{강도0}1800-1820.             {박무}0820-{박무}{강도0}0900-{박무}{강도0}1200-{박무}{강도0}1500-1730.,
143,대구,1996-05-05,15.7,10.7,611,23.3,1546,,,,,,,12,110,1913,7.5,110,1922,3.3,2817,270,6.7,26,1754,59,9.9,1004.3,1016.1,2346,1008.7,0,1011.5,13.8,12,1200,2.89,20.26,,,,,,5,3.8,19.3,6.9,,,,,,,,,,,,,{박무}0710-{박무}{강도0}0900-0910.  {연무}0905-0950.,
143,대구,1996-05-06,15.5,9.9,552,21.6,1614,,,,,,,6.1,70,1132,4.5,70,1055,2.7,2374,90,4.9,29,1754,51.3,8.7,1009.3,1018.5,904,1014.4,1710,1016.5,13.8,9.3,1300,2.03,14.64,,,,,,3.5,1.1,17.7,7,,,,,,,,,,,,,{박무}0620-{박무}{강도0}0900-1020.,
143,대구,1996-05-07,14.3,11,610,16.9,1640,3.58,.3,2130,.8,2120,1.6,7.3,90,1102,6.3,90,1248,3.1,2637,110,5.4,45,0,54.8,9,1006,1016.3,100,1010.1,1850,1013.2,13.8,0,1000,1,6.43,,,,,,9.8,8.3,14.6,9.2,,,,,,,,,,,,5.6,{비}1350-1420.  {비}2055-{비}{강도0}2100-{비}{강도0}2400-                               {박무}2130-{박무}{강도0}2400-,
143,대구,1996-05-08,15.7,11.4,505,23.2,1555,8.67,.5,115,1.2,115,4,14,270,1746,9.3,270,1741,3.2,2734,270,5.6,19,1830,57,9.5,999.4,1010.1,0,1002.7,1640,1006.6,13.9,7.7,1100,2.17,13.26,,,,,,6.8,5.3,18.9,7.6,,,,,,,,,,,,,-{비}-{비}{강도0}0300-{비}{강도0}0600-{이슬비}0715-0840.                                    -{박무}-{박무}{강도1}0300-{박무}{강도1}0600-{박무}{강도0}0900-{박무}{강도0}1200-1330.                         {황사}1415-{황사}{강도0}1500-{황사}{강도0}1800-{황사}{강도0}2100-{황사}{강도0}2400-,
143,대구,1996-05-09,17.4,8.3,604,24.7,1416,,,,,,,16,230,1601,13.3,230,1621,4.9,4268,250,3.2,19,1640,40.8,7.7,1000.3,1009.7,758,1004.9,1552,1007.4,13.9,10.2,1100,2.78,19.2,,,,,,2.3,1.8,19.1,4.1,,,,,,,,,,,,,-{황사}-{황사}{강도0}0300-{황사}{강도0}0600-0640.,
143,대구,1996-05-10,20.2,11.5,550,28.6,1640,,,,,,,15.2,230,2015,11.7,230,2020,4.6,3950,230,3.6,18,1655,35.3,8,1003.9,1013.9,1040,1008.7,1800,1011,13.9,11.4,1300,2.76,20.29,,,,,,2.5,3.5,22.6,5.1,,,,,,,,,,,,,,
143,대구,1996-05-11,20.3,14.6,2400,24.2,1536,.25,0,,0,,0,12,230,16,8,230,10,4.5,3860,290,8.4,33,0,46.5,11.1,1004.2,1014,2250,1009.4,1600,1011.3,14,4.6,1200,1.74,11.13,,,,,,6,5.5,22,8.3,,,,,,,,,,,,0,{연무}1040-{연무}{강도0}1200-1330.  {소나기}1840-1855.,
143,대구,1996-05-12,18,10.8,420,25.1,1554,,,,,,,9,270,1515,5.3,270,1516,3,2556,320,7.9,36,1714,52.5,10.7,1007.3,1016.2,2400,1012.9,1708,1014.5,14,11.2,1200,2.9,21.45,,,,,,.8,.6,20.5,5.9,,,,,,,,,,,,,{박무}0220-{박무}{강도0}0300-0540.,
143,대구,1996-05-13,18.5,11.5,558,26.7,1250,1.17,.5,1443,1.2,1440,1.2,15,320,1440,7,320,1450,2.2,1870,270,10.5,31,1220,59,12.7,1009.5,1018.3,910,1014.9,1830,1016.6,14,9,1200,2.73,17.74,,,,,,3.3,1.6,20.7,6.7,,,,,,,,,,,,1.2,{소나기}1440-{소나기}{강도0}1500-1550.,
143,대구,1996-05-14,17.7,13,556,25.9,1358,.68,.2,2055,.2,2055,.2,12.3,90,715,8.7,90,717,3.2,2733,90,13,41,1410,76.8,15,1010.4,1021.3,2400,1015.3,1540,1017.6,14,8.4,1200,2.69,16.96,,,,,,8,4.3,20.7,9.6,,,,,,,,,,,,.2,{박무}0510-{박무}{강도0}0600-{박무}{강도0}0900-1140.  {박무}1920-{박무}{강도0}2100-{박무}{강도0}2400-             {소나기}0712-0718.  {소나기}2055-{소나기}{강도0}2100-2130.  {천둥}{강도0}(SW)0707-0715.,
143,대구,1996-05-15,19.7,11.4,524,28.2,1646,,,,,,,5,110,57,3.5,110,18,1.7,1501,230,10.6,32,1732,59.8,12.8,1014.1,1023.5,2400,1019,1725,1021.2,14.1,10.7,1200,2.75,19.74,,,,,,.5,.3,24.9,8.6,,,,,,,,,,,,,-{박무}-{박무}{강도1}0300-{박무}{강도0}0600-{박무}{강도0}0900-{박무}{강도0}1200-1440.  {박무}2320-{박무}{강도0}2400-,
143,대구,1996-05-16,22.2,12.6,608,31.3,1510,,,,,,,5,140,1630,3.7,140,1640,1.1,968,20,10,23,1715,49.5,12.3,1014.5,1023.9,905,1018,1840,1021.6,14.1,10.7,1200,2.68,18.91,,,,,,1.3,0,26,8.1,,,,,,,,,,,,,-{박무}-{박무}{강도0}0300-{박무}{강도0}0600-{박무}{강도0}0900-0940.  {연무}0930-{연무}{강도0}1200-1230.,
143,대구,1996-05-17,19.5,12.8,2400,28.8,1350,,,,,,,11,110,2048,8,90,1355,3.2,2795,90,10.1,29,1330,57.8,12.4,1011.7,1020.8,0,1016.7,1612,1018.8,14.1,9,1200,2.32,16.39,,,,,,4.3,2.9,23.4,9.3,,,,,,,,,,,,,{박무}0220-{박무}{강도0}0300-{박무}{강도0}0600-0850.  {박무}2020-{박무}{강도0}2100-{박무}{강도0}2400-             {연무}0845-{연무}{강도0}0900-{연무}{강도0}1200-1230.,
143,대구,1996-05-18,17.4,10.7,527,27.3,1550,,,,,,,9.7,90,748,6.3,90,209,4.5,3865,90,9.4,31,1440,63,11.8,1008.3,1018.7,32,1011.7,1720,1015.5,14.1,8.9,1200,2.62,17.97,,,,,,4.8,1,21.8,9.3,,,,,,,,,,,,,-{박무}-{박무}{강도0}0300-{박무}{강도1}0600-{박무}{강도1}0900-1040.  {박무}2230-{박무}{강도0}2400-,
143,대구,1996-05-19,19.1,11.5,542,26,1354,,,,,,,7.5,270,1732,5.3,290,1620,2.2,1880,270,11.3,43,1440,63,13.4,1005.7,1014.7,0,1010.7,1532,1012.8,14.2,4.4,1200,1.88,12.03,,,,,,6.8,4.9,22.7,8.1,,,,,,,,,,,,.7,-{박무}-{박무}{강도0}0300-{박무}{강도1}0600-{박무}{강도1}0900-1040.  {박무}2140-{박무}{강도0}2400-                {연무}1020-{연무}{강도0}1200-{연무}{강도0}1500-{연무}{강도0}1800-{연무}{강도0}2100-2120.,
143,대구,1996-05-20,19.2,16.5,645,24.2,1610,3.5,.7,1140,1.6,1115,2.3,10.3,200,1516,7.5,200,1518,2.3,2010,20,13.5,51,1615,69.8,15.5,1004.7,1013.6,855,1009.3,1720,1011.8,14.2,3.1,1300,1.27,5.93,,,,,,8.5,5.9,18.3,13.5,,,,,,,,,,,,7.8,-{박무}-{박무}{강도0}0300-{박무}{강도0}0600-{박무}{강도0}0900-1040.  {비}0450-{비}{강도0}0600-0650.           {비}0815-0840.  {비}1020-1030.  {비}1115-{비}{강도0}1200-1210.,
143,대구,1996-05-21,20,15.9,2400,26.3,1540,3.42,1.2,314,4,404,6.2,10.9,320,1325,7.3,320,1327,3.1,2716,320,10.7,28,1555,59.5,13.3,1003.9,1013,203,1008.9,1620,1011,14.2,8.1,1100,2.65,16.74,,,,,,4.3,3.5,22.4,9.3,,,,,,,,,,,,,{박무}0120-{박무}{강도0}0300-{박무}{강도0}0600-{박무}{강도0}0900-0930.  {소나기}0205-{소나기}{강도0}0300-0530.        {뇌전}{강도1}(SW 1-2)0210-{뇌전}{강도0}(SW{이동}S)0225-{뇌전}{강도0}(S{이동}SE 3-4)0250-{뇌전}{강도0}0300-        -{뇌전}-{뇌전}{강도1}(SE 1-2)0305-{뇌전}{강도0}(SE 3-4)0328-0342.                           {뇌전}{강도0}(SW 3-5)0408-{뇌전}{강도0}(SW{이동}S 2-3)0420-0442.,
143,대구,1996-05-22,19.5,11.6,455,27.5,1615,,,,,,,7.8,250,832,6.3,250,810,2.9,2478,270,9.2,33,1600,51.8,11.7,1004.7,1013.4,750,1009.7,1740,1011.9,14.2,12.4,1200,2.99,22.05,,,,,,.8,.8,24.4,6.1,,,,,,,,,,,,,,
143,대구,1996-05-23,21.3,12.8,540,28.4,1535,,,,,,,5.9,160,2104,4.7,160,2108,2.1,1800,270,10.5,31,1605,52.5,12.7,1004.9,1013.2,735,1009.9,1550,1012,14.3,10.9,1100,2.74,18.1,,,,,,3.5,.6,24.6,8.6,,,,,,,,,,,,,,
143,대구,1996-05-24,23.2,14.6,605,31.6,1533,,,,,,,6.3,290,1910,4.8,290,1900,1.6,1421,50,11.6,28,1645,51,13.7,1005.5,1013.5,750,1009.9,1710,1012.5,14.3,10.9,1200,2.72,19.8,,,,,,1,1,26.9,12.1,,,,,,,,,,,,,{박무}0520-{박무}{강도0}0600-{박무}{강도0}0900-0930.,
143,대구,1996-05-25,24.2,15.4,620,32,1550,,,,,,,8,270,1432,6.7,250,1950,2,1748,250,11.7,28,1350,47.3,13.7,1006.9,1015.6,830,1011.4,1730,1013.8,14.3,11,1200,2.73,19.48,,,,,,0,0,27.6,10.3,,,,,,,,,,,,,,
143,대구,1996-05-26,21.4,16.6,505,26.9,1210,.92,0,,0,,0,7.1,230,1450,5.7,230,1317,1.9,1613,250,12.8,44,1214,58,14.8,1007.2,1015.1,640,1012.7,1800,1014.3,14.3,6.5,800,1.48,10.4,,,,,,5.3,1.4,20.2,10.8,,,,,,,,,,,,0,{비}1425-{비}{강도0}1500-1520.,
143,대구,1996-05-27,22.2,15.1,536,29.7,1410,,,,,,,7.2,270,1209,5.3,250,1720,2,1687,270,13.2,36,1328,58.3,15.2,1006.5,1015,855,1011.7,1706,1013.6,14.3,10.3,1200,2.69,17.41,,,,,,4.8,.5,24.9,10.8,,,,,,,,,,,,,{박무}0340-{박무}{강도0}0600-{박무}{강도0}0900-1020.,
143,대구,1996-05-28,22.5,15.5,510,29.3,1505,,,,,,,8.1,70,1702,6,70,1710,2.1,1836,110,12.6,39,1500,55,14.7,1005.5,1014.3,850,1009.5,1730,1012.6,14.4,7.1,1300,2.61,15.66,,,,,,5,1.8,27.2,9.7,,,,,,,,,,,,2.5,{연무}0920-{연무}{강도0}1200-1240.,
143,대구,1996-05-29,18.8,16.5,845,21.2,0,6.67,.5,910,1.7,900,5.8,6.3,90,1852,5,90,1853,2.3,1991,90,15,60,0,78.8,17,1006.1,1014.8,2240,1011.8,230,1013.2,14.4,0,1200,.78,4.3,,,,,,10,5.8,19.3,16.2,,,,,,,,,,,,3.3,{비}0545-{비}{강도0}0600-{비}{강도0}0900-{비}{강도0}1200-1245.  {비}1310-1345.                 {박무}1320-{박무}{강도0}1500-{박무}{강도0}1800-{박무}{강도0}2100-{박무}{강도0}2400-,
143,대구,1996-05-30,21.7,17.3,408,28.5,1405,.58,0,,0,,0,10,340,1539,6.3,340,1538,1.8,1593,110,15.5,44,1415,70,17.7,1005.8,1014.8,30,1010.5,1613,1012.9,14.4,3.9,1300,2.66,13.69,,,,,,7.5,6.5,23.3,17,,,,,,,,,,,,0,-{박무}-{박무}{강도1}0300-{박무}{강도2}0600-{박무}{강도1}0900-{박무}{강도0}1200-1320.  {소나기}1610-1645.           {천둥}{강도0}(W)1605-{뇌전}{강도1}(W{이동}NW 2)1617-{뇌전}{강도0}(NW{이동}N 3-4)1624-1650.,
143,대구,1996-05-31,23.8,17.4,520,31.4,1513,,,,,,,10,110,2117,6.7,110,2120,2.7,2316,110,15.1,39,1418,60,17.1,1005.8,1015.3,2240,1010.8,1730,1012.9,14.4,10.2,1300,2.61,18.89,,,,,,0,0,27.8,14.4,,,,,,,,,,,,,{박무}0310-{박무}{강도1}0600-0850.  {박무}2140-{박무}{강도0}2400-                               {연무}0820-{연무}{강도0}0900-{연무}{강도0}1200-{연무}{강도0}1500-{연무}{강도0}1800-{연무}{강도0}2100-2120.,
143,대구,1996-06-01,23.6,16.7,530,32.4,1605,,,,,,,7,110,16,5,110,1904,2.8,2433,90,14.8,40,1608,64.8,16.9,1007.2,1016.1,905,1011,1740,1014.1,14.4,10.8,1200,2.53,18.2,,,,,,0,0,28.7,15,,,,,,,,,,,,,-{박무}-{박무}{강도1}0300- {박무} {강도2}0600- {박무}{강도1}0900-1050.                               {박무}2015- {박무} {강도0}2100- {박무} {강도1}2400-.                                        {연무}1040-{연무}{강도0}1200- {연무}{강도0}1500-{연무}{강도0}1800-2020.,
143,대구,1996-06-02,26.4,19.5,603,34.3,1516,,,,,,,7.7,250,1354,6.7,250,1410,2,1718,270,16.7,34,1510,57.5,19,1005.3,1014.2,135,1009.6,1750,1012.2,14.4,10.2,1300,2.2,15.53,,,,,,3.3,2.5,29.5,16.4,,,,,,,,,,,,,- {박무}- {박무} {강도2}0300- {시정(미만)}{1km}{안개}0440-{안개}{강도0}0600- {시정(이상)}{1km} {박무}0820- {박무} {강도2}0900-1040.    {연무}1035-{연무}{강도0}1200-{연무} {강도0}1500-1620,3.67
143,대구,1996-06-03,21.8,19.7,2325,25.9,1205,5.67,.8,1314,2.5,1300,4.7,6.3,290,1857,4.3,290,1910,2.5,2170,290,17,53,125,75.3,19.6,1001.8,1011.4,0,1004.7,1752,1008.9,14.5,0,1000,1.12,6.22,,,,,,7.5,5.5,23,18,,,,,,,,,,,,4.7,{박무} 0410 - {박무} {강도0}0600 - {박무} {강도1}0900 - {박무} {강도0}1200 - {박무}{강도1}1500 - {박무} {강도0}1800    - {박무} {강도0}2100 - {박무} {강도0}2400 -.                                            {비} 1155 - {비} {강도0}1200 - {비} {강도0}1500 - 1640.  {비} 1720 - {비} {강도0}1800 - 1815.,
143,대구,1996-06-04,23.8,18.2,545,31.8,1530,,,,,,,7,90,2214,4.5,90,1917,3,2600,250,13.1,27,1530,56.8,15.4,999,1009.1,2400,1003.6,1600,1006,14.5,9.3,1300,2.76,20.35,,,,,,5.5,4.6,26.2,15.6,,,,,,,,,,,,,-{박무}-{박무}{강도0}0300-{박무}{강도1}0600-{박무}{강도1}0900-1135.                                  {박무}2220-{박무}{강도0}2400-.,
143,대구,1996-06-05,22.2,16.9,540,29.2,1527,,,,,,,8.7,70,1825,6.7,70,1802,3.8,3298,110,10.8,32,1732,51,13.1,1005,1015.4,2400,1009.1,0,1012,14.5,11,1200,2.97,21.03,,,,,,3.3,1.5,28.4,13.8,,,,,,,,,,,,,-{박무}-{박무}{강도0}0300-0520.,
143,대구,1996-06-06,23.3,14.1,525,31.9,1450,,,,,,,9,160,1250,7,160,1310,2.9,2526,90,9.6,27,1449,43.3,12,1009.1,1018.2,906,1014.5,1750,1016.1,14.5,10.4,1200,3.03,21.23,,,,,,5.8,2.4,28.7,10.3,,,,,,,,,,,,1.4,,
143,대구,1996-06-07,17.8,16,1425,22.7,0,15.58,1.3,1440,4.7,1400,28.2,6,110,252,4,70,427,2.6,2230,90,14.6,53,0,82.3,16.6,1009.1,1018.4,1015,1014.2,2300,1016.3,14.5,0,1100,.36,2.65,,,,,,10,5.1,19.3,15.9,,,,,,,,,,,,28.8,{비}0630-{비}{강도0}0900-{비}{강도0}1200-{비}{강도1}1500-{비}{강도0}1800-{비}{강도0}2100-2205.             {박무}1320-{박무}{강도0}1500-{박무}{강도0}1800-{박무}{강도1}2100-{박무}{강도1}2400-.,
143,대구,1996-06-08,20.3,17.2,30,24.1,1430,6.5,.2,50,.7,15,2,8.8,90,1750,6.3,90,1652,1.9,1654,110,16.7,69,1343,80.5,19.1,1006.4,1014.8,2250,1012.6,1500,1013.5,14.5,0,1300,1.34,6.71,,,,,,10,5.6,21.5,17.1,,,,,,,,,,,,0,{비}0020-{비}{강도0}0300-0440.                                                 {이슬비}0540-{이슬비}{강도0}0600-0630.                                                 {이슬비}0820-{이슬비}{강도0}0900-0920.                                                 -{박무}-{박무}{강도2}0300-{시정(미만)}{1km}{안개}0340-{안개}{강도0}0600-{시정(이상)}{1km}{박무}0640-{박무}{강도2}0900-{박무}{강도0}1200-{박무}{강도0}1500-1720.,3
143,대구,1996-06-09,20.8,18.6,450,24.6,1254,,,,,,,10,90,1645,7,90,1750,4.6,3965,110,15.5,57,1334,71.8,17.5,1007.8,1016.2,810,1013.3,1800,1014.8,14.5,5.2,1300,2.61,17.06,,,,,,8.3,6.5,23.4,17.3,,,,,,,,,,,,17,{박무}0120-{박무}{강도0}0300-{박무}{강도0}0600-0640.,
143,대구,1996-06-10,19.3,17,710,21.4,1700,9.42,2,800,8.5,750,22.8,6.8,110,42,5,110,20,2.3,2012,90,16.4,74,1535,83.8,18.7,1004.1,1014.5,0,1008.4,1900,1011.2,14.5,0,1100,.81,4.02,,,,,,10,6,19.9,16.9,,,,,,,,,,,,5.8,{비}0130-{비}{강도0}0300-{비}{강도0}0600-{비}{강도1}0900-1030.                               {비}1055-1120.                                                          {박무}1130-{박무}{강도1}1200-{박무}{강도0}1500-{박무}{강도0}1800-{박무}{강도1}2100-{박무}{강도1}2400-.,
143,대구,1996-06-11,22.6,19.8,630,25.7,1503,,,,,,,6.3,90,1643,4.7,90,1410,1.9,1629,110,17.6,59,1503,73.5,20.1,1003.4,1012.1,1037,1009,1650,1010.5,14.6,2.4,1300,1.51,11.01,,,,,,9.8,4.4,23.9,18.5,,,,,,,,,,,,,-{박무}-{박무}{강도1}0300-{시정(미만)}{1km}{안개}0415-{안개}{강도0}0600-{시정(이상)}{1km}0745-{박무}{강도2}0900-{박무}{강도0}1200-{박무}{강도0}1500- {박무}{강도0}1800-{박무}{강도0}2100-{박무}{강도0}2400-.,3.5
143,대구,1996-06-12,23.5,20.3,320,29.1,1457,.33,0,,0,,0,6,140,1814,4.3,140,1810,1.8,1551,90,17.7,46,1642,71.5,20.3,1003,1011.7,2330,1007.8,1558,1010,14.6,5,1100,2.27,11.66,,,,,,9.3,5.8,24,18.3,,,,,,,,,,,,0,-{박무}-{박무}{강도0}0300-{박무}{강도2}0600-{박무}{강도2}0900-1140.{박무}1720-{박무}{강도1}1800-{박무}{강도1}2100-         {박무}{강도1}2400-.                                                            {연무}1120-{연무}{강도1}1200-{연무}{강도0}1500-1530.                                        {소나기}1655-1715.,
143,대구,1996-06-13,23.4,19.2,530,29.4,1403,,,,,,,7.1,90,1045,5.5,90,1037,3.1,2638,110,17.7,47,1220,71.3,20.2,1004.4,1013.2,818,1009.1,1759,1011.4,14.6,5.5,1200,2.69,15.44,,,,,,6.3,4,22.9,17.3,,,,,,,,,,,,,- {박무}- {박무}{강도2}0300- {시정(미만)}{1km}{안개}0320-{안개} {강도0}0600-{시정(이상)}{1km} {박무}0720- {박무} {강도1}0900-1030.       {박무}1940 - {박무}  2100 -  {박무} 2400 -                                       {연무}1020-{연무}{강도0}1200 - {연무}{강도0}1500 - 1625.,4
143,대구,1996-06-14,24.5,18.5,440,31,1552,,,,,,,6.3,250,1717,5.3,250,1720,2.4,2043,250,17.3,43,1518,66.3,19.8,1002.4,1012.3,40,1006.5,1750,1009.4,14.6,6.6,1400,2.44,15.07,,,,,,6.3,4.9,28.8,17.2,,,,,,,,,,,,,- {박무}- {박무} {강도2}0300- {시정(미만)} {1km} {안개}0345- {시정(이상)}{1km} {박무}05450- {박무} {강도2}0600-{박무} {강도1}0900-1120.  {박무}2210- {박무} 2400-                                                      {연무}1110 -  {연무}{강도0}1200-1220.,1.92
143,대구,1996-06-15,27.1,21.2,520,33.4,1456,,,,,,,7.5,180,1720,5.7,180,1740,2.3,1968,270,18.6,39,1350,61.3,21.5,1003.1,1011.4,603,1008.3,1740,1010.1,14.6,8.1,1200,2.47,18.05,,,,,,3.5,2.1,30.4,17.3,,,,,,,,,,,,,-{박무}-{박무} {강도0}0300-{박무}{강도2}0600-{박무} {강도1}0900-0940.{박무}1940-{박무} {강도0}2100-{박무} {강도0}2400-       {연무}0920- {연무} {강도0}1200- {연무} {강도0}1500 -1520. {연무}1640- {연무} {강도0}1800 - 1950.,
143,대구,1996-06-16,27.6,22,525,33.8,1455,.5,0,,0,,0,7,230,1712,4.5,230,1737,2.1,1777,20,19.2,31,1540,63,22.3,1001.6,1010.7,720,1005.9,1705,1008.4,14.6,8,1200,2.66,16.93,,,,,,7.8,6,31.8,19,,,,,,,,,,,,57.4,-{박무}-{박무}{강도0}0300-VS{1km}0420-{안개}{강도0}0600-{시정(이상)}{1km}{박무}0640-{박무}{강도0}0900-1030.              {연무}1020-{연무}{강도0}1200-1420.                                                 {박무}2020-{박무}{강도0}2100-{박무}{강도0}2400-.                                            {비}2210-2240.,2.33
143,대구,1996-06-17,21.9,19.7,2240,25.8,0,20.33,11.3,447,39,438,113,8,110,754,6,110,1628,3.1,2708,90,19.7,76,212,87.3,23,993.8,1006.9,0,990.1,2400,1000.8,14.6,0,800,.8,2.92,,,,,,9.5,5,22.8,19.6,,,,,,,,,,,,55.8,{비}0030-0120.{비}0240-{비}{강도0}0300-{비}{강도2}0600-0825.{비}1025-{비}{강도0}1200-{비}{강도1}1500-   {비}{강도1}1800-{비}{강도0}2100-2125.{비}2245-2330.                                   {뇌전}{강도0}(SW 3-4)0505-0540.                                                -{박무}-{박무}{강도1}0300-{박무}{강도0}0600-0830.,
143,대구,1996-06-18,21.1,18.1,2400,24.4,1423,1.25,.2,558,.2,,.2,12.3,290,1358,8,230,300,4.2,3588,290,14.7,50,1740,66.8,16.8,988.6,1004,2400,987.8,320,995.5,14.6,2.6,1200,2.44,9.45,,,,,,6,4.3,20.7,15.4,,,,,,,,,,,,0,{소나기}0550-{소나기}{강도0}0600-0610.                                                 {비}0825-{비}{강도0}0900-0920.                                                 {박무}2230-{박무}{강도0}2400-.,
143,대구,1996-06-19,21.8,16.1,518,26.9,1640,,,,,,,7,270,958,5.5,270,957,1.5,1319,250,14.7,51,1638,65.3,16.8,995.3,1004.5,415,999.2,1818,1002.3,14.6,6.8,900,1.64,11.01,,,,,,6,3.4,22.9,14.5,,,,,,,,,,,,,-{박무}-{박무}{강도0}0300-0520.                                                    {박무}2320-{박무}{강도0}2400-.,
143,대구,1996-06-20,20.5,19.4,538,21.6,1656,3.83,.4,1231,.8,1231,1.2,6.9,110,955,5.3,110,952,2.1,1825,140,17.1,67,18,80.5,19.5,990.8,1000.8,50,995.5,1743,997.9,14.6,0,1200,.4,3.13,,,,,,9.3,6.3,20.8,18.6,,,,,,,,,,,,1.2,-{박무}-{박무}{강도0}0300-{박무}{강도0}0600-{박무}{강도0}0900-{박무}{강도0}1200-1220.                         {박무}1905-{박무}{강도0}2100-{박무}{강도1}2400-.                                            {비}1005-1030.{비}1055-{비}{강도0}1200-1420.,
143,대구,1996-06-21,23.6,19.3,515,28.4,1445,,,,,,,8.3,200,1325,5.3,200,1330,2,1733,50,17.5,51,1446,70,20,993.6,1003.8,2400,998.2,155,1000.5,14.6,3.2,1000,1.81,12.63,,,,,,8,3.9,24.3,17.9,,,,,,,,,,,,, - {박무} - {박무} {강도1}0300 - {박무} {강도2}0600 - {박무} {강도1}0900 - {박무} {강도0}1200 - 1220.          {연무} 1215 - {연무} {강도0}1500 - {연무} {강도0}1800 -1840.,
143,대구,1996-06-22,23.6,19.8,540,28,1552,,,,,,,6.3,160,1748,5.5,160,1737,2.1,1808,20,17,54,1556,66.8,19.4,999.1,1009,2400,1003.8,0,1006,14.6,2.7,1200,1.56,11.26,,,,,,7.3,6.9,24.7,18.1,,,,,,,,,,,,,{박무}0910-1130.{연무}1110-{연무} {강도0}1200-{연무} {강도0}1500-1600.                          {박무}1940-{박무} {강도0}2100- {박무} {강도0}2400-.,
143,대구,1996-06-23,20.6,18.6,525,23.7,1408,,,,,,,9.5,110,1301,7,110,1258,4.7,4103,110,15.7,63,1402,73.5,17.8,1004.9,1013.5,2154,1009,0,1012,14.6,1.1,1300,1.94,11.85,,,,,,8.3,7.1,23.5,17.8,,,,,,,,,,,,2.8,-{박무}-{박무}{강도1}0300-{박무}{강도1}0600-{박무}{강도0}0900-{박무}{강도0}1200-{박무}{강도0}1500-{박무}{강도0}1800-{박무}{강도0}2100    -{박무}{강도0}2400-.,
143,대구,1996-06-24,18.3,16.7,2400,19.6,125,18.42,3.2,1610,10,1450,77.8,9.3,90,1410,6,90,1350,3.5,3056,90,16.2,80,0,88,18.5,1002.5,1013.3,0,1006.4,1820,1009.6,14.6,0,800,.28,2.21,,,,,,10,5.6,19.2,16.4,,,,,,,,,,,,109.1, - {박무} - {박무} {강도0}0300 - {박무} {강도0}0600 - {박무} {강도1}0900 - {박무} {강도0}1200 - {박무} {강도1}1500          - {박무} {강도0}1800 - {박무} {강도0}2100 - 2310.                                   {비}0535 - {비} {강도0}0600 - {비} {강도0}0900 - {비} {강도0}1200 - {비} {강도1}1500 - {비} {강도0}1800    - {비} {강도0}2100 - {비} {강도0}2400 -.,
143,대구,1996-06-25,17.1,16.2,630,18.2,1755,19,3,610,9.8,550,45.4,11.3,90,701,6.7,110,737,4.5,3846,90,15.4,81,1812,89.8,17.5,1001.1,1011.4,2350,1006.3,450,1008.3,14.6,0,1300,.61,3.5,,,,,,10,4.6,17.9,15.9,,,,,,,,,,,,11.3,-{비}-{비}{강도0}0300 - {비}{강도0}0600 - {비}{강도0}0900 - {비}{강도0}1200 - {비}{강도0}1500 - 1650.        {비} 1810 - 2020.                                                       {박무} 2240 -  {박무} {강도0}2400 -,
143,대구,1996-06-26,20.2,15.8,330,26,1452,,,,,,,6,110,18,4,110,38,2,1721,90,15.2,54,1454,74.3,17.3,1005.4,1014,940,1011.4,1730,1012.5,14.6,3.8,1200,2.98,15.55,,,,,,6.8,4.5,22.8,15.6,,,,,,,,,,,,1.4,-{박무}-{박무}{강도0}0300-0420.,
143,대구,1996-06-27,19.7,19.3,2400,20.3,1010,11.25,2.2,1350,6,1330,15.4,5,140,1518,4,140,1520,1.3,1152,140,17.5,80,300,87,20,1003.3,1013.7,650,1005.9,2330,1010.3,14.6,0,900,.33,2.34,,,,,,10,5,20.2,17.8,,,,,,,,,,,,14, {박무}0320 - {박무} {강도1}0600 - {박무} {강도2}0900 - {박무} {강도1}1500 - {박무} {강도0}1800 - {박무} {강도0}2100 - {박무} {강도0}2400 -.                                                           {비}0715 - 0815. {비}0835 - {비} {강도0}0900 - {비} {강도0}1200 - {비} {강도0}1500 - 1730.     {비}2240 - {비} {강도0}2400 -.,
143,대구,1996-06-28,23.8,19.3,0,29.6,1716,.42,0,,0,,0,5.9,250,1343,4.3,250,1313,1.2,1033,70,19.2,56,1648,76.5,22.3,1000,1008,15,1005.5,1702,1007,14.6,4.2,1000,1.8,11.76,,,,,,10,5.9,23.5,17.8,,,,,,,,,,,,, - {비} - 0025.                                                          -  {박무} -  {박무} {강도1}0300 -  {박무} {강도1}0600 -  {박무}{강도0} 0900 -  {박무}{강도0} 1200 - 1220.      {박무} 2020 -  {박무}{강도0}2100 - {박무} {강도0}2400 -,
143,대구,1996-06-29,25.2,22.3,620,28.4,1350,1.32,1.2,1902,2.5,1855,2.5,12.8,230,1845,9,230,1919,4,3423,230,20.3,58,1352,74.8,23.9,995.8,1008.2,20,996.2,1823,1002.7,14.6,0,1000,.67,5.24,,,,,,9.3,5.8,23.9,20.5,,,,,,,,,,,,2.5,-{박무}-{박무}{강도1}0300-{박무}{강도1}0600-{박무}{강도1}0900-0930.                                  {비}1603-1627. {비}1855-1950.,
143,대구,1996-06-30,25.1,20.8,550,28.6,1130,,,,,,,10,230,1630,8,270,946,4.6,3976,230,16.8,49,1130,60,19.1,994.7,1003.2,2250,999.8,0,1001.7,14.6,4.7,900,2.22,16.16,,,,,,7,2.9,25.4,16.9,,,,,,,,,,,,,,
143,대구,1996-07-01,25.7,20,545,34,1542,1,4.6,1946,4.6,1920,4.6,17.2,320,1942,10,320,1945,2.5,2181,290,18.4,38,1522,67.3,21.2,998.3,1008.8,2301,1003,0,1005.2,14.6,11.1,1200,2.94,20.6,,,,,,2.8,.5,29.2,16.3,,,,,,,,,,,,4.6, {박무}0140-{박무}{강도0}0300-{박무}{강도0}0600-0845. {소나기}1920-2020.                           {천둥}{강도0}(N)1905- {뇌전}{강도0}(N2-3)1935- {뇌전}{강도0}(N {이동}SW3-4)1958-2005.,
143,대구,1996-07-02,25.9,20.6,355,33.2,1618,.2,0,,0,,0,9,20,1837,6,230,1630,2,1729,20,19.1,44,1351,68.3,22.1,1003.1,1012.3,2400,1007.7,1748,1010,14.5,7.1,1100,2.76,18.92,,,,,,3.5,3.8,28.4,18,,,,,,,,,,,,0,{박무}0040-{박무}{강도0}0300-{박무}{강도0}0600-{박무}{강도0}0900-0930.                               {천둥}{강도0}(NE)1805-1818.                                                    {소나기}1816-1828.,
143,대구,1996-07-03,22.9,18.7,2400,27.4,1440,,,,,,,10.6,110,1845,8.3,140,1240,3.8,3274,110,17.3,56,1335,71.5,19.9,1005.8,1014,820,1011.6,1515,1012.8,14.5,7.2,1100,2.56,17.25,,,,,,6.8,2.8,27,18.1,,,,,,,,,,,,2, {박무}0410 - {박무} {강도1}0600 - {박무} {강도1}0900 - {박무} {강도0}1200 - 1240.,
143,대구,1996-07-04,18.4,17.2,709,19.6,1708,15.37,4.5,1116,13.2,1053,38.1,9,110,6,6.7,110,20,3.8,3280,90,16.6,80,0,89.5,18.9,1001.6,1013.7,0,999.9,2400,1008.8,14.5,0,900,.42,2.52,,,,,,10,6.9,20.2,17.1,,,,,,,,,,,,42.6,{박무}0230-{박무}{강도0}0300-{박무}{강도0}0600-{박무}{강도1}0900-{박무}{강도1}1200-{박무}{강도0}1500-{박무}{강도0}1800-{박무}{강도0}2100-{박무}{강도0}2400 -.                                                            {비}0608-{비}{강도0}0900-0915. {비}1005-{비}{강도1}1200-{비}{강도1}1500-{비}{강도0}1800-2055.         {비}2235-{비}{강도0}2400 -.,
143,대구,1996-07-05,20.3,18.7,740,22.9,1535,6.92,.5,510,2.1,440,6.5,7.4,90,1255,6,90,1257,2.9,2469,110,16.5,63,1632,79.8,18.8,995.9,1007.1,2240,998.1,309,1002.9,14.5,0,1500,1.38,7.45,,,,,,9.3,5.1,21.8,17.7,,,,,,,,,,,,0,-{비}-0230.{비}0340-{비}{강도0}0600-0640.{비}0810-{비}{강도0}0900-0935.                   -{박무}-{박무}{강도0}0300-{박무}{강도1}0600-{박무}{강도0}0900-{박무}{강도0}1200-1240.,
143,대구,1996-07-06,21.9,17.5,550,28.6,1510,,,,,,,11.2,90,2340,8.3,90,2120,3.7,3158,90,14.9,44,1515,66,17,999.9,1010,2248,1004.6,1510,1006.9,14.5,8.5,1200,3.03,21.3,,,,,,4.3,2.8,26,15.7,,,,,,,,,,,,, {박무} 0415 - {박무} {강도0}0600 - {박무} {강도0}0900 - 1040.,
143,대구,1996-07-07,19.1,17.2,327,22.7,1720,,,,,,,9.2,110,2006,7.3,90,1214,5,4337,90,13.3,56,1348,69.8,15.3,1006.1,1017.1,2400,1009.6,12,1013.2,14.5,2,1200,1.08,9.17,,,,,,8.5,7.4,21.2,15.2,,,,,,,,,,,,,,
143,대구,1996-07-08,19,16.4,258,22.9,1450,,,,,,,10.9,90,1601,8.3,90,1529,4.4,3808,110,12.7,55,1450,68,14.7,1008.8,1017.2,710,1014.3,1651,1015.9,14.5,7.1,1400,2.62,16.07,,,,,,4,4.3,23.9,14.4,,,,,,,,,,,,,,
143,대구,1996-07-09,18.4,16.7,240,22.5,1535,,,,,,,11.5,90,1835,8.3,90,1840,4.4,3835,110,13.1,60,1535,72.3,15.1,1006.4,1015.9,0,1011.8,1852,1013.6,14.5,2.8,1300,2.29,11.02,,,,,,6.5,5.6,22.1,12.7,,,,,,,,,,,,,,
143,대구,1996-07-10,17.8,16,525,20.8,1555,,,,,,,9.4,110,1805,7,110,1602,4.6,3975,90,13,63,1551,73.5,15,1003.7,1012,0,1009.6,1738,1010.9,14.4,1,1300,1.3,7.77,,,,,,9.5,4.4,21.2,15.8,,,,,,,,,,,,0,,
143,대구,1996-07-11,18.2,15.9,650,21,1437,2.45,.2,2053,.3,2053,.3,9.6,110,1438,7,110,1207,4.7,4021,90,13.3,64,1429,73.3,15.3,1003.5,1011.5,2132,1010,1505,1010.7,14.4,.6,1400,1.3,9.3,,,,,,9,5.4,21.4,15.6,,,,,,,,,,,,13.1,{비}0615-0635.{비}2023-{비}{강도0}2100-2208.{비}2248-2310.,
143,대구,1996-07-12,17.5,16.1,752,18.8,1340,6.45,1.7,810,6.5,750,14.4,7,110,5,4.7,110,10,2.8,2414,110,14.1,69,1545,80.8,16.1,1004.9,1012.8,840,1011,350,1012.1,14.4,0,1000,.68,3.97,,,,,,10,4.8,18.3,16,,,,,,,,,,,,5.4, {비} 0518 - {비}{강도0}0600 - {비}{강도0}0900 -1005.    {비}1055 - {비}{강도0}1200 - 1235.,
143,대구,1996-07-13,20.1,16.3,458,24.7,1653,4.55,1.5,346,3.5,320,4,5.7,90,2254,4.7,90,2247,1.7,1508,90,16.3,69,1415,79,18.7,1005.4,1013.4,858,1011.2,509,1012.5,14.4,0,1400,1.41,7.83,,,,,,10,6.8,20.2,15.9,,,,,,,,,,,,.2, {비}0225 - {비}{강도0}0300 - 0528.    {비}0905 - 1035.                           {박무}0515 - {박무}{강도0}0600 - {박무}{강도0}0900 - {박무}{강도0}1200 - {박무}{강도0}1500 - {박무}{강도1}1800 -      {박무}{강도1}2100 - {박무}{강도1}2400 -.,
143,대구,1996-07-14,23.5,19.7,440,30.2,1710,,,,,,,5.5,230,1425,4.3,230,1423,1.8,1538,90,18.7,51,1640,75.3,21.6,1006.5,1015,900,1011.6,1735,1013.4,14.4,2.9,1400,1.49,9.29,,,,,,8.5,8.1,24.3,19,,,,,,,,,,,,0,-{박무}-{박무}{강도2}0300-{박무}{강도2}0600-{박무}{강도1}0900-{박무}{강도0}1200-1445.{박무}2230-{박무}{강도0}2400-.,
143,대구,1996-07-15,26,22.4,450,30,1620,2.25,.1,1100,.2,1045,.2,8.7,360,1422,5.5,360,1440,2.4,2049,70,20.4,57,1549,72.5,23.9,1002.7,1013.1,0,1007.1,2400,1009.6,14.4,.8,1300,1.29,8.23,,,,,,8.5,5.6,25.5,20.6,,,,,,,,,,,,.2,-{박무}-{박무}{강도0}0300-{박무}{강도0}0600-{박무}{강도0}0900-{박무}{강도0}1200-1220.                          {비}0220-{비}{강도0}0300-0325. {비}1035-1145.,
143,대구,1996-07-16,28.6,26,635,32.7,1603,.32,0,,0,,0,11.8,250,1156,8.7,250,1203,4.6,3972,250,19.9,42,1558,59.5,23.3,999.8,1010.1,2400,1004.5,528,1006.6,14.3,8.1,1200,2.93,18.58,,,,,,5.8,4.4,29.2,23.7,,,,,,,,,,,,.3, {소나기}0407-0426.,
143,대구,1996-07-17,28.9,24,540,34.5,1620,.92,.3,220,.3,215,.3,10.5,250,1237,8.3,250,1248,2.7,2305,50,21.4,42,1535,65.3,25.5,1003.7,1011.9,2230,1008.7,1705,1010.5,14.3,10.2,1200,2.97,18.25,,,,,,3.8,2.5,32.2,22.3,,,,,,,,,,,,,{소나기}0055-0120.{소나기}0215-0245.                                              {박무}0020-{박무}{강도0}0300-{박무}{강도0}0600-{박무}{강도0}0900-1020.,
143,대구,1996-07-18,29.7,23.3,545,34.8,1525,,,,,,,5,160,1855,3.7,160,1840,1.7,1491,20,21.7,48,1532,63.8,26,1003.1,1012.2,730,1007.1,1820,1009.9,14.3,6.5,1100,2.42,15.36,,,,,,3.8,3.3,31.5,20.6,,,,,,,,,,,,, {박무}0520 - {박무}{강도0}0600 - {박무}{강도0}0900 - 1040.                                  {연무}1030 - {연무}{강도0}1200 - 1240.,
143,대구,1996-07-19,29.8,25,559,36.8,1552,.08,0,,0,,0,7.7,360,1531,5.2,360,1514,2.6,2238,320,21.9,38,1605,64.3,26.2,1001.6,1010,752,1006.8,1634,1008.4,14.3,9.4,1200,2.52,17.29,,,,,,4.5,2.5,33,22.6,,,,,,,,,,,,0, {박무}0840-{박무}{강도0}0900-1020. {소나기}1925-1930.,
143,대구,1996-07-20,28.5,23.6,2015,35.1,1435,1.93,11,1734,20,1728,41,14.2,340,1648,9.3,340,1646,2.4,2060,20,22.3,46,1244,70.5,26.8,1002.4,1010.5,2123,1007.3,1557,1009.3,14.3,7.9,1200,2.63,16.85,,,,,,6.8,4.3,32.9,23.5,,,,,,,,,,,,41,{소나기}1710-1748.{소나기}1808-1905.{소나기}1927-1948.                                  {천둥}{강도0}(NE)1703-{뇌전}{강도0}(NE3-4)1710-{뇌전}{강도1}(NE{이동}Z2-3)1720-{뇌전}{강도0}(Z{이동}SW3-4)1730    -1742.{뇌전}{강도0}(SW3-4)1813-{뇌전}{강도0}(SW{이동}S3-4)1820-{뇌전}{강도1}(S{이동}SE2-3)1832-          {뇌전}{강도1}(SE{이동}E3-4)1838-1852.{뇌전}{강도0}(S3-4)1845-{뇌전}{강도0}(S{이동}SE3-4)1857-            {뇌전}{강도0}(SE{이동}E3-4)1908-{천둥}{강도0}(E)1912-1918.                                  {뇌전}{강도0}(NE3-4)1932-{뇌전}{강도0}(NE{이동}E3-4)1942-1945.,
143,대구,1996-07-21,26.5,23.4,40,32.2,1532,4.62,4.7,1152,7.5,1143,10.5,8.8,230,1601,6.7,230,1610,1.7,1451,70,22.7,52,1530,80.8,27.5,1002.3,1011,730,1007.1,2400,1009.2,14.2,2.2,1400,1.97,9.77,,,,,,9,5.3,26.2,23.2,,,,,,,,,,,,10.7, {박무}0310 - {박무}{강도0}0600 - {박무}{강도0}0900 - {박무}{강도0}1200 - 1420.                       {소나기}1143 - {소나기}{강도1}1200 - 1215. {소나기}1610 - 1630.  {비}1715 - {비}{강도0}1800 - 1920.  {비}2015 - 2040.  {비}2115 - 2230.,
143,대구,1996-07-22,28.8,25.4,0,33.4,1447,2,.1,410,.2,410,.2,12.8,230,1224,9,230,1133,4,3472,230,21.6,47,1525,66.8,25.9,999.5,1007.8,2316,1005.2,1604,1006.3,14.2,6.4,1000,2.37,14.81,,,,,,6.5,4,29,23.2,,,,,,,,,,,,, {비}0310 - 0510.,
143,대구,1996-07-23,28.9,23.7,555,33.8,1551,,,,,,,5.8,270,1432,4.3,270,1207,1.9,1676,270,22,48,1552,67.3,26.5,1001.8,1010.5,740,1006.6,1840,1008.6,14.2,9.6,1100,2.37,17.49,,,,,,5,4.9,30.9,22,,,,,,,,,,,,,{박무}0120-{박무}{강도0}0300-{박무}{강도0}0600-{박무}{강도0}0900-0920.,
143,대구,1996-07-24,30,26.4,440,34.9,1705,,,,,,,8.5,250,1402,6,230,1830,2.6,2261,320,22.7,44,1337,67,27.7,1001.9,1010.1,552,1007.1,1728,1008.7,14.2,9,1300,2.39,15.39,,,,,,3,3,32,24.7,,,,,,,,,,,,, {박무}0030 - {박무}{강도0}0300 - {박무}{강도0}0600 - {박무}{강도0}0900 - 1020.,
143,대구,1996-07-25,30,25.4,556,35.2,1525,,,,,,,9.8,230,1416,7.5,230,1444,3.4,2939,230,21.5,39,1632,61.8,25.7,1003,1011.5,2400,1008.2,1735,1009.8,14.1,12.2,1200,2.96,22.63,,,,,,.8,.6,34.8,23.2,,,,,,,,,,,,,,
143,대구,1996-07-26,28.7,24.9,520,34.4,1320,,,,,,,9.6,340,1953,6.7,360,2004,2.6,2253,20,22.4,47,1327,69.5,27,1005.3,1013.3,2242,1010.3,1645,1012.2,14.1,6.4,1300,2.2,14.55,,,,,,5.3,3.9,31.9,22.9,,,,,,,,,,,,,,
143,대구,1996-07-27,29,24.5,450,34.4,1550,,,,,,,7.9,250,1035,5,230,1110,2.5,2120,50,21.7,43,1650,66.5,25.9,1005.6,1013.6,1030,1010.9,1730,1012.5,14.1,7.5,1100,2.5,16.01,,,,,,5.5,3.6,32.2,23.4,,,,,,,,,,,,,,
143,대구,1996-07-28,29.9,26,513,35.3,1523,,,,,,,9.2,270,1434,6.7,230,1553,2.8,2457,230,22.4,47,1507,65.3,27.1,1005.5,1013.8,618,1010.8,1649,1012.4,14.1,5.7,1200,2.47,16.1,,,,,,6,4.9,34.9,24.3,,,,,,,,,,,,0,,
143,대구,1996-07-29,30.9,25.8,604,36.5,1510,.83,0,,0,,0,10,230,1433,7.7,230,1117,3,2621,340,22.9,41,1630,64,27.9,1004.6,1013.7,0,1008.7,1740,1011.4,14,9.4,1100,3.11,21.73,,,,,,5.8,4.4,37.5,24.3,,,,,,,,,,,,,{소나기}0345-0435.,
143,대구,1996-07-30,31.2,26.2,540,36.6,1657,,,,,,,6.5,270,2020,4.8,270,2010,2.6,2212,320,22.8,42,1258,63,27.8,1003.6,1012,815,1008.6,1740,1010.4,14,7.3,1200,3.09,19.09,,,,,,3.3,3.5,37,23.9,,,,,,,,,,,,,,
143,대구,1996-07-31,31.2,26.4,558,37.3,1513,,,,,,,8.2,70,1722,6.3,70,1725,2.4,2113,50,22,37,1453,60.3,26.6,1004.8,1014.1,2335,1010.2,1706,1011.6,14,8.7,1100,2.64,18.07,,,,,,3.5,3.1,37.5,23.7,,,,,,,,,,,,,,
143,대구,1996-08-01,30.3,23.9,605,37,1442,,,,,,,7.6,110,452,5.7,110,450,3,2569,110,22.2,40,1438,63.5,26.8,1008.1,1016.2,912,1013.4,1630,1014.9,14,8.8,1200,3.05,20.78,,,,,,1.8,1.4,37.6,22.4,,,,,,,,,,,,,,
143,대구,1996-08-02,30.7,24.9,558,38,1504,,,,,,,7.8,70,1803,5.5,70,1740,2.8,2430,90,22.6,37,1440,64.8,27.5,1007.6,1015.8,0,1011.9,1750,1014.4,13.9,9.5,1100,2.84,20.14,,,,,,1.8,2,38.1,23.4,,,,,,,,,,,,,{박무}0410-{박무}{강도0}0600-{박무}{강도0}0900-1020.,
143,대구,1996-08-03,30.2,25.1,557,38.3,1542,1.5,2,2107,5,2027,5.3,13.5,270,2006,9.3,290,2020,2.6,2248,90,23,37,1536,69,28.1,1006.9,1015.3,0,1010.8,1803,1013.7,13.9,11.4,1200,3.02,20.86,,,,,,3,2.4,36.8,23.5,,,,,,,,,,,,5.3,{박무}0130-{박무}{강도0}0300-{박무}{강도0}0600-{박무}{강도0}0900-1015.{박무}2215-{박무}{강도0}2400-.{번개}{강도0}(W)1955-{뇌전}{강도0}(W3-4)2005-{뇌전}{강도1}(W-NW2-4)2008-{뇌전}{강도2}(NW1-2)2015{뇌전}{강도0}(NW3-4)2022-2028.{뇌전}{강도0}(SW4-5)2035-{뇌전}{강도1}(SW-Z2-3)2042-{뇌전}{강도0}(Z-N4-5)2054-{뇌전}{강도0}2100-2105.{소나기}2015-{소나기}{강도0}2100-2145.,
143,대구,1996-08-04,30.4,25.8,602,36,1412,,,,,,,8.4,270,1347,6,290,1538,2.4,2115,290,23.5,45,1415,68.3,29,1004.8,1013.7,0,1009.7,1500,1011.6,13.9,7.1,1300,3,17.31,,,,,,3.8,1.9,35.2,24.6,,,,,,,,,,,,,-{박무}-{박무}{강도0}0300-{박무}{강도1}0600-0820.,
143,대구,1996-08-05,28.2,24.2,2312,32.8,1507,,,,,,,11.2,90,820,10,90,910,4.5,3930,90,19.4,40,1450,61,22.8,1003,1011.4,710,1007.6,1817,1009.9,13.8,8.6,1200,2.97,19.2,,,,,,5,2.9,33.5,23,,,,,,,,,,,,,,
143,대구,1996-08-06,27.2,22.4,542,34.2,1548,,,,,,,10.3,90,1930,8.7,90,1930,4,3446,110,17.2,36,1314,56.5,19.7,1000.5,1008.8,0,1005.5,1645,1007.4,13.8,10.3,1100,2.96,20.08,,,,,,1.8,0,31.8,20.4,,,,,,,,,,,,,,
143,대구,1996-08-07,26.9,22.3,725,34,1442,,,,,,,7.5,110,1941,5.7,110,2203,2.7,2299,110,19.5,42,1430,66,22.7,1001.2,1009.8,815,1005.6,1740,1008.1,13.8,4.4,1300,2.6,14.78,,,,,,4.5,4.4,32.9,21,,,,,,,,,,,,,,
143,대구,1996-08-08,29.7,23.5,555,36.5,1433,,,,,,,7.2,340,1642,5.7,320,1650,2.5,2166,320,21.2,44,1542,61.8,25.3,1000.5,1009,830,1005.1,1550,1007.4,13.8,7.8,1100,2.63,17.4,,,,,,4.3,2,35,20.3,,,,,,,,,,,,,,
143,대구,1996-08-09,29.6,26.5,2320,35.4,1441,,,,,,,12,90,2040,8.3,90,1829,3.8,3263,270,22,44,1345,64.5,26.4,1001.3,1010.3,2255,1006.7,1420,1008.1,13.7,5.3,1300,2.53,17.25,,,,,,5,3.5,35.4,23.2,,,,,,,,,,,,,,
143,대구,1996-08-10,27.9,25.6,230,32.6,1620,,,,,,,10.6,90,2045,7,90,1210,4.5,3860,90,21.3,51,1513,68.3,25.4,1003,1010.9,2250,1008.2,1550,1009.9,13.7,7.6,1200,2.86,17.32,,,,,,7,2.5,34.4,23.6,,,,,,,,,,,,,{박무}0310-{박무}{강도0}0600-0735.,
143,대구,1996-08-11,29.3,25,615,35.2,1512,,,,,,,7.9,110,857,5.2,90,930,3.1,2676,90,21.9,43,1510,65.8,26.2,1002.5,1011.1,630,1007.3,1750,1009.3,13.7,9.6,1200,2.58,18.45,,,,,,4.8,1.9,35.9,22.2,,,,,,,,,,,,,,
143,대구,1996-08-12,29.8,24.5,558,37.3,1537,,,,,,,7.6,110,2128,5.3,70,1826,2.8,2393,90,21.7,37,1540,64.5,25.9,999.8,1008.8,0,1003.7,1740,1006.6,13.6,9,1100,2.79,18.22,,,,,,3,2.3,36.2,21.3,,,,,,,,,,,,,{박무}0340-{박무}{강도0}0600-{박무}{강도0}0900-0950.,
143,대구,1996-08-13,30.1,24,622,37.1,1456,,,,,,,11,90,1717,8.7,90,1720,3.4,2920,90,21.2,38,1443,61,25.1,996.2,1005.2,40,1000.4,1610,1003,13.6,10,1200,3.02,21.94,,,,,,1.8,1.1,38.1,21.4,,,,,,,,,,,,0,,
143,대구,1996-08-14,29.2,24.7,2400,33.1,1520,4.02,4,2210,9.4,2140,12.7,10,230,2100,6.7,230,2110,2,1723,90,23,55,1510,69.3,28.1,991.7,1002.2,2305,995.9,1430,998.5,13.6,.4,1100,1.05,7.38,,,,,,8.8,4.3,31.7,23.3,,,,,,,,,,,,12.7,{비}0545-{비}{강도0}0600-0605.{비}1055-1120.{소나기}1602-1640.{소나기}1742-1755.{소나기}2050-{소나기}{강도0}2100-2315.{뇌전}{강도0}(N3-4)2038-{뇌전}{강도1}(N2-3)2052{뇌전}{강도1}(N2-3)2100-2112.{뇌전}{강도0}(S3-4)2124-2130.,
143,대구,1996-08-15,28.3,24.2,557,34.2,1551,,,,,,,8.2,250,1406,6.7,250,1438,3.1,2677,270,18.7,34,1527,59.3,21.8,999.3,1010,2400,1002.1,0,1006.1,13.5,11.6,1100,2.66,20.77,,,,,,1.3,1,31.8,21,,,,,,,,,,,,,{박무}0120-{박무}{강도0}0300-0520.,
143,대구,1996-08-16,28.2,22.4,440,34.8,1640,,,,,,,6.2,230,1147,5.3,270,1647,2.4,2100,290,18.3,31,1640,56.3,21,1004.3,1012.4,806,1010,0,1011.2,13.5,11.5,1200,2.9,21.51,,,,,,1,.3,32.8,18,,,,,,,,,,,,,,
143,대구,1996-08-17,27.9,22.4,610,34.4,1504,,,,,,,8,70,1757,6.3,70,1800,2.9,2478,90,18.8,30,1525,61.3,21.9,1005.5,1014,2400,1010.8,1700,1012.4,13.5,9.9,1100,2.75,19.69,,,,,,1.8,.6,33.6,20.1,,,,,,,,,,,,,{박무}0140-{박무}{강도0}0300-{박무}{강도0}0600-{박무}{강도0}0900-1020.,
143,대구,1996-08-18,27.7,21.5,610,36.2,1613,,,,,,,8.6,90,1829,7,90,1842,2.4,2101,90,18.6,24,1540,61.3,21.6,1007.2,1015.5,722,1011.7,1616,1014.1,13.4,11.2,1200,2.96,21.29,,,,,,1.5,1.6,34,19.4,,,,,,,,,,,,,,
143,대구,1996-08-19,28.5,22,610,34.4,1648,,,,,,,5.9,230,1932,5,200,1940,2.3,2024,90,19.5,40,1652,59.8,22.6,1007.8,1016.2,750,1012.6,1803,1014.7,13.4,6.6,1100,2.26,15.22,,,,,,5.5,1.9,32.9,20.3,,,,,,,,,,,,,,
143,대구,1996-08-20,29.4,24.9,640,36,1430,,,,,,,10.3,230,1602,7.7,230,1610,2.2,1888,360,20.5,36,1512,60.8,24.2,1006.6,1015.3,820,1011.2,1550,1013.5,13.4,7.5,1200,2.57,16.03,,,,,,6.5,4,35.7,21.4,,,,,,,,,,,,.4,{박무}0310-{박무}{강도0}0600-{박무}{강도0}0900-1020.{연무}1015-{연무}{강도0}1200-1240.,
143,대구,1996-08-21,26.4,23.9,552,29.4,1448,2.62,.3,755,.4,730,.4,6,90,1428,4.8,110,2058,2.2,1899,110,21.6,62,1648,75,25.7,1004.8,1012.6,0,1009.9,1715,1011.7,13.3,.3,1400,1.22,6.55,,,,,,8.3,4.5,28.9,22.8,,,,,,,,,,,,0,{박무}0330-{박무}{강도0}0600-{박무}{강도0}0900-0920.{박무}2320-{박무}{강도0}2400-.{비}0450-0515.{비}0720-{비}{강도0}0900-0915.{비}2315-2332.,
143,대구,1996-08-22,28.2,24,2320,35,1551,1.5,7.5,2045,14.3,2032,14.3,8,110,1905,6.7,110,1840,2.5,2177,110,22.1,40,1555,72.3,26.7,1002.2,1011,0,1006.3,1720,1009,13.3,6.8,1300,2.25,14.85,,,,,,8,5.4,33.8,22,,,,,,,,,,,,14.3,-{박무}-{박무}{강도0}0300-{박무}{강도0}0600-{박무}{강도0}0900-0940.{박무}1950-{박무}{강도0}2100-{박무}{강도0}2400-.{소나기}2025-{소나기}{강도1}2100-2155.,
143,대구,1996-08-23,26.3,22.3,2400,33.2,1550,,,,,,,14,90,1745,9.7,90,1750,3.7,3167,90,18.6,36,1420,65,21.6,1002.2,1013,2255,1007.6,1600,1009.1,13.3,8.3,1100,2.75,18.12,,,,,,8.3,4.6,29.9,21.8,,,,,,,,,,,,0,-{박무}-{박무}{강도0}0300-{박무}{강도0}0600-{박무}{강도0}0900-0940.,
143,대구,1996-08-24,22.9,20.9,2400,26.9,1242,.3,0,,0,,0,12.5,90,1406,10,90,1406,4.9,4223,90,14.3,42,1642,59.3,16.3,1008.2,1016.6,2140,1013,0,1015.2,13.2,5.8,1200,2.62,13.89,,,,,,7.8,3.5,26.7,17.4,,,,,,,,,,,,,{비}0327-0345.,
143,대구,1996-08-25,22.4,19.7,540,26.8,1230,.25,0,,0,,0,9.4,90,952,8.3,90,1521,3.6,3087,90,16,52,1227,67.8,18.2,1008.9,1016.8,808,1014.5,1520,1015.9,13.2,.5,1200,1.71,9.46,,,,,,7,4.1,24.2,17.3,,,,,,,,,,,,0,{비}1725-1740.,
143,대구,1996-08-26,21.3,19.6,1930,23.4,1304,8.67,1.3,1540,3.4,1540,7.7,6.3,140,2342,4.3,110,1940,2.8,2458,110,18.1,73,1025,82,20.8,1007.7,1015.9,1000,1013.8,1540,1014.8,13.2,0,1200,.91,4.48,,,,,,9.5,5.1,22.8,19.3,,,,,,,,,,,,7.7,{비}0345-0405.{비}0955-{비}{강도0}1200-{비}{강도0}1500-1735.{비}1840-1920.{박무}0945-{박무}{강도0}1200-{박무}{강도0}1500-{박무}{강도0}1800-{박무}{강도0}2100-{박무}{강도0}2400-.,
143,대구,1996-08-27,20.3,19.4,328,22.1,1225,13.08,3.8,1705,6.7,1628,15.9,8,110,2042,6.3,110,2038,3.5,3050,110,18.1,81,948,87.3,20.8,1004.2,1014,0,1008.7,1804,1011.2,13.1,0,1100,.57,2.76,,,,,,10,5.1,20.8,19.3,,,,,,,,,,,,31.9,-{박무}-{박무}{강도0}0300-{박무}{강도0}0600-{박무}{강도0}0900-{박무}{강도0}1200-{박무}{강도0}1500-1735.{비}0455-0530.{비}1015-{비}{강도0}1200-{비}{강도0}1500-{비}{강도0}1800-{비}{강도0}2100-2245.,
143,대구,1996-08-28,20.7,18.8,630,22.6,1618,11.5,4,520,6.8,454,16.2,7.8,90,217,5,90,157,1.8,1586,110,18.4,76,1855,87,21.2,999.9,1008.8,0,1005.5,1618,1006.8,13.1,0,1200,.64,3.59,,,,,,9.5,5.9,20.4,18.7,,,,,,,,,,,,.2,{비}0120-{비}{강도0}0300-{비}{강도0}0600-{비}{강도0}0900-1105.{비}1150-{비}{강도0}1200-1335.,
143,대구,1996-08-29,23.2,19.7,553,28.1,1503,,,,,,,11.7,90,1948,8,90,1940,3.8,3280,90,17.2,47,1452,70.8,19.6,1002.5,1012.4,2400,1008,0,1009.5,13,9,1100,3.21,19.91,,,,,,4,3.8,25,17.1,,,,,,,,,,,,,,
143,대구,1996-08-30,21.8,20.6,622,23.2,1029,6.42,.1,1150,.4,1150,.6,8.8,90,12,7,90,1243,3.3,2864,90,17.4,67,1014,76.5,19.9,1007.2,1015.2,2116,1012.4,0,1014.3,13,0,1300,.8,6.01,,,,,,8.5,4.9,22.1,18.8,,,,,,,,,,,,7.4,{비}1035-{비}{강도0}1200-{비}{강도0}1500-1635.{비}1755-{비}{강도0}1800-1820.{박무}2220-{박무}{강도0}2400,
143,대구,1996-08-31,21.2,20.2,650,22.6,1759,10.92,.5,937,1.9,554,9.4,9.9,90,1108,6.3,90,1050,1.7,1440,90,17.8,67,1851,80.8,20.4,1007.1,1015.8,920,1012.8,1545,1014.2,13,0,1400,.76,4.17,,,,,,9.5,5.5,22.2,18.9,,,,,,,,,,,,2.6,-{박무}-{박무}{강도0}0300-{박무}{강도0}0600-{박무}{강도0}0900-1120.{비}0035-0125.{비}0220-{비}{강도0}0300-{비}{강도0}0600-{비}{강도0}0900-{비}{강도0}1200-1225.,
143,대구,1996-09-01,22.6,17.5,640,28.2,1508,,,,,,,8,90,1803,6.3,70,1850,2.1,1844,50,15.9,48,1500,67.5,18.1,1006.2,1014.1,650,1011.7,1510,1013.3,12.9,8.1,1200,2.6,16.35,,,,,,1.3,2,24.5,14.8,,,,,,,,,,,,,,
143,대구,1996-09-02,22.1,16,612,28.9,1551,,,,,,,7,90,2154,5.3,90,1819,2.5,2142,90,15.2,41,1548,67.5,17.3,1006.6,1015.4,742,1011.8,1520,1013.7,12.9,9.6,1100,2.81,18.66,,,,,,1.5,1.3,25.2,14.2,,,,,,,,,,,,,{박무}0520-{박무}{강도0}0600-0840.,
143,대구,1996-09-03,23.1,17.4,630,30.6,1505,,,,,,,7,90,1820,6,90,1804,2.3,2004,50,15.5,32,1502,66.5,17.6,1006.5,1014.8,940,1011.7,1500,1013.6,12.9,8,1200,2.3,15.63,,,,,,2,1.5,25.9,15.4,,,,,,,,,,,,,{박무}0120-{박무}{강도0}0300-{박무}{강도1}0600-{시정(미만)}{1km}{안개}0720-{시정(이상)}{1km}{박무}0850-{박무}{강도2}0900-1130.{연무}1120-{연무}{강도0}1200-1240.,1.5
143,대구,1996-09-04,24,18.4,620,29.6,1502,.13,0,,0,,0,5.8,270,1512,4,270,1520,2.1,1850,90,17.1,43,1505,67.3,19.5,1006.8,1015,930,1010.9,1750,1013.8,12.8,6.2,1000,2.15,13.99,,,,,,5,4.9,27,16.9,,,,,,,,,,,,0,{박무}0220-{박무}{강도0}0300-{박무}{강도0}0600-{박무}{강도0}0900-1030.{연무}1020-{연무}{강도0}1200-1340.{소나기}1935-1943.{박무}2240-{박무}{강도0}2400-.,
143,대구,1996-09-05,22.6,20,558,26.5,1202,1.58,0,,0,,0,10.6,90,1738,8,90,1753,3.4,2914,90,17.3,56,1202,72.5,19.8,1007.1,1015.2,822,1012.8,1516,1014.1,12.8,2.3,1100,1.88,10.05,,,,,,7.8,4.5,25.1,17,,,,,,,,,,,,2.3,-{박무}-{박무}{강도0}0300-{박무}{강도1}0600-{박무}{강도0}0900-1140.{박무}2120-{박무}{강도0}2400{연무}1120-{연무}{강도0}1200-1450.{비}2115-2150.{비}2220-2320.,
143,대구,1996-09-06,20.6,18.9,2400,21.8,1506,5.33,.9,712,1.8,641,2.6,5.8,110,1810,4.3,140,250,1.8,1567,110,17.6,73,1730,82.8,20.1,1006.5,1016,2400,1012.3,512,1013.6,12.8,0,1200,.6,2.35,,,,,,9.8,5.5,21.4,16.5,,,,,,,,,,,,.3,-{박무}-{박무}{강도0}0300-{박무}{강도0}0600-{박무}{강도0}0900-{박무}{강도0}1200-{박무}{강도0}1500-1620.{박무}2240-{박무}{강도0}2400-.{비}0620-{비}{강도0}0900-0940.{비}1025-1115.{비}1320-1430.,
143,대구,1996-09-07,22,17.4,540,28.8,1550,,,,,,,7,140,1337,5.2,90,1720,2.3,1963,90,15,31,1650,68.3,17.2,1010,1018.1,2057,1015.8,1630,1017,12.7,8.2,1200,2.65,17.31,,,,,,4,2.5,24.6,14.3,,,,,,,,,,,,,-{박무}-{박무}{강도0}0300-{박무}{강도1}0600-{박무}{강도1}0900-1115.,
143,대구,1996-09-08,22.3,17,618,28.2,1412,4.92,.2,2248,.6,2248,1,6,90,1238,5,250,1730,2.1,1800,90,16.2,45,1406,70,18.5,1010.4,1019,214,1015.1,1554,1017.5,12.7,6.2,1100,2.51,14.13,,,,,,8.5,4.4,25.1,14.8,,,,,,,,,,,,19.2,{비}1905-{비}{강도0}-2100-{비}{강도0}2400-.{박무}2240-{박무}{강도0}2400-.,
143,대구,1996-09-09,18.4,16.2,950,22.7,1735,14.47,1.4,712,6.5,712,26.3,6.4,90,901,4.3,340,153,1.6,1388,290,15.7,58,1732,84.5,17.9,1007.8,1017,0,1013,1537,1014.9,12.6,1,1500,.88,5.22,,,,,,8.5,3.3,20.5,15.2,,,,,,,,,,,,8.1,-{비}-{비}{강도0}0300-{비}{강도0}0600-{비}{강도0}0900-{비}{강도0}1200-1428.-{박무}-{박무}{강도0}0300-{박무}{강도0}0600-{박무}{강도0}0900-{박무}{강도0}1200-{박무}{강도0}1500-1510.,
143,대구,1996-09-10,22,15.7,530,29.4,1513,,,,,,,6,290,1237,3.8,290,1340,1.5,1333,20,15.2,36,1539,68.5,17.3,1007.5,1015.7,755,1012.7,1530,1014.5,12.6,8.2,1100,2.62,16.27,,,,,,4.8,1.3,23.6,12.9,,,,,,,,,,,,,{박무}0410-{박무}{강도0}0600-{박무}{강도0}0900-1040.,
143,대구,1996-09-11,21.3,15.6,630,28.4,1443,,,,,,,4,160,1616,3.5,160,1610,1.4,1247,50,14.2,36,1458,67,16.2,1007.7,1016.2,945,1012.8,1540,1014.8,12.6,6.3,1100,2.22,11.53,,,,,,6.5,3.1,22.7,12.1,,,,,,,,,,,,,{박무}0210-{박무}{강도0}0300-{박무}{강도1}0600-{박무}{강도0}0900-1120.{박무}2220-{박무}{강도0}2400{연무}1110-{연무}{강도0}1200-1330.,
143,대구,1996-09-12,22.5,15.5,640,29.8,1452,,,,,,,4.7,290,1515,3.7,340,1540,1.5,1316,20,14.6,34,1452,64.5,16.7,1006.4,1015.1,750,1011.4,1520,1013.5,12.5,7.4,1200,2.33,14.14,,,,,,4.5,2,24.1,12.9,,,,,,,,,,,,0,-{박무}-{박무}{강도0}0300-{박무}{강도0}0600-{박무}{강도0}0900-1120.{연무}1110-{연무}{강도0}1200-1240.,
143,대구,1996-09-13,24.1,19.4,745,30.9,1435,1.08,0,,0,,0,6.5,110,2052,4.7,110,1740,2,1732,290,17.1,37,1653,66.3,19.5,1004.5,1013.1,0,1009.8,1750,1011.5,12.5,8.4,1300,2.15,14.51,,,,,,4.8,3.1,26.3,16.4,,,,,,,,,,,,,{박무}0320-{박무}{강도0}0600-{박무}{강도0}0900-1040.{연무}1025-{연무}{강도0}1200-1230.{비}0415-0520.,
143,대구,1996-09-14,23.2,16.9,633,31,1538,,,,,,,6.3,110,1942,5.5,140,2138,2.1,1837,20,15.9,37,1448,67,18.1,1006.6,1015.7,2400,1012.2,1504,1013.6,12.5,10.4,1200,2.25,15.16,,,,,,0,0,26.1,13.3,,,,,,,,,,,,,{박무}0230-{박무}{강도0}0300-{박무}{강도1}0600-{박무}{강도0}0900-1015.{박무}2240-{박무}{강도0}2400{연무}1005-{연무}{강도0}1200-1245.,
143,대구,1996-09-15,23.5,17.9,640,30.4,1610,,,,,,,4,20,1526,3.3,20,1454,1.6,1348,70,17.1,42,1550,70,19.5,1008.1,1016.8,740,1013.5,1555,1015.2,12.4,8.1,1200,2.21,13.58,,,,,,.5,.3,26,15.3,,,,,,,,,,,,,-{박무}-{박무}{강도1}0300-{박무}{강도2}0600-{박무}{강도0}0900-1110.{박무}2130-{박무}{강도0}2400{연무}1105-{연무}{강도0}1200-1340.,
143,대구,1996-09-16,23.3,19.9,513,30.1,1558,3.7,2.4,1945,4.4,1935,7.7,8.7,90,1907,6,90,1910,1.8,1530,50,18.2,47,1548,75,20.8,1005.2,1015.1,150,1009.2,1750,1012.2,12.4,4.1,1100,1.74,10.45,,,,,,7.5,3.4,25.3,16.9,,,,,,,,,,,,7.7,-{박무}-{박무}{강도0}0300-{박무}{강도1}0600-{박무}{강도1}0900-1115.{박무}2310-{박무}{강도0}2400{연무}1105-{연무}{강도0}1200-{연무}{강도0}1500-1540.{뇌전}{강도0}(N3-4)1858-{뇌전}{강도0}(N{이동}NE3-4)1920-{뇌전}{강도0}(NE-E3-4)1923-{뇌전}{강도0}(E-SE3-4)1930-2023.{뇌전}{강도0}(SE3-4)2105-{뇌전}{강도1}(SE1-2)2115-{뇌전}{강도0}(SE-E)2123-2140.{뇌전}{강도0}(SE3-4)2210-2230.{소나기}1855-1905.{소나기}1923-{소나기}{강도0}2100-2230.{비}2315-2340.{박무}2310-{박무}{강도0}2400-.,
143,대구,1996-09-17,22.5,19.5,615,28.2,1550,,,,,,,8,90,2222,6,90,2027,2,1736,90,17.1,44,1346,74,19.6,1003.2,1011.1,1032,1008.8,1636,1010.3,12.3,4.3,1200,2.2,10.53,,,,,,7.8,4.1,23.4,17,,,,,,,,,,,,,-{박무}-{박무}{강도0}0300-{박무}{강도1}0600-{시정(미만)}{1km}{안개}0805-{안개}{강도0}0900-{시정(이상)}{1km}{박무}0920-{박무}{강도1}1200-1220.{박무}2020-{박무}{강도0}2100-{박무}{강도0}2400-{연무}1210-1320.,1.25
143,대구,1996-09-18,23.2,19.7,630,28.1,1457,,,,,,,8.5,90,1959,6.8,110,444,3.6,3137,110,15.7,45,1441,64,17.9,1003.9,1012.6,910,1008.8,1525,1010.9,12.3,7.5,1200,2.34,13.8,,,,,,3.8,2.5,25.2,16.9,,,,,,,,,,,,,-{박무}-{박무}{강도0}0300-0520.,
143,대구,1996-09-19,21.2,17.4,630,25.2,1558,.58,0,,0,,0,4.8,250,1438,3.7,250,1440,2,1697,290,16.4,57,1400,75,18.6,1002.9,1011.1,858,1008.1,1620,1009.9,12.3,.3,1100,.99,7.49,,,,,,7.3,5.8,22.3,15.6,,,,,,,,,,,,0,{비}0950-1015.{비}1135-1145.,
143,대구,1996-09-20,22.3,16.7,2330,28.8,1515,,,,,,,8,320,1505,5.7,270,1302,2.8,2425,250,12.5,30,1627,56,14.9,1003.2,1012.7,2255,1008.6,1459,1010.2,12.2,5,1300,2.27,11.68,,,,,,5,4.3,23.9,10.7,,,,,,,,,,,,,{박무}0120-{박무}{강도0}0300-{박무}{강도0}0600-0720.,
143,대구,1996-09-21,18.8,11.2,603,26.3,1418,,,,,,,9,90,1931,7,70,1730,2.7,2359,90,10.7,39,1412,60.8,12.9,1005.9,1015,720,1010.8,1520,1013.1,12.2,10.2,1200,2.66,17.52,,,,,,.3,.4,23,7.4,,,,,,,,,,,,,,
143,대구,1996-09-22,20.3,13,620,28.5,1455,,,,,,,7,320,1358,5,320,1310,2,1750,320,10.7,26,1555,58,12.9,1005.6,1015.3,2400,1010.5,1500,1012.7,12.2,10.3,1200,2.78,18.18,,,,,,1.8,0,24.4,8.2,,,,,,,,,,,,,,
143,대구,1996-09-23,20.8,13.2,534,29.6,1450,,,,,,,6.2,250,1403,4,250,1246,1.7,1426,20,13.3,33,1218,60.8,15.3,1009.8,1019.4,2400,1015,230,1016.9,12.1,10.9,1200,2.43,15.58,,,,,,0,0,24.1,9.4,,,,,,,,,,,,,,
143,대구,1996-09-24,22.5,14.7,640,31.3,1540,,,,,,,4.3,250,1130,3.5,250,1140,1.3,1152,20,12.8,25,1533,59.3,14.9,1013.3,1022.4,950,1018.5,1627,1020.3,12.1,10,1200,2.41,15.97,,,,,,0,0,25.1,10,,,,,,,,,,,,,{박무}0120-{박무}{강도0}0300-{박무}{강도0}0600-{박무}{강도0}0900-1020.,
143,대구,1996-09-25,22.2,14.9,640,31.4,1457,,,,,,,6,290,1550,4.7,270,1250,1.8,1568,50,13.2,30,1615,59.8,15.2,1011.8,1020.6,755,1016,1630,1018.8,12,8.4,1200,2.35,14.83,,,,,,3.8,0,24.8,11.1,,,,,,,,,,,,,{박무}0140-{박무}{강도0}0300-0540.,
143,대구,1996-09-26,22.7,14.5,704,31.7,1524,,,,,,,8.5,110,1941,5.5,90,1857,2.3,2005,110,13.1,20,1518,60.8,15.5,1011.5,1021.3,2357,1016.5,1626,1018.5,12,10.2,1200,2.48,16.88,,,,,,1.8,.1,26.1,9,,,,,,,,,,,,,{박무}0210-{박무}{강도0}0300-0520.,
143,대구,1996-09-27,20.5,16.8,616,25.7,1313,,,,,,,11.8,90,1552,8.7,90,1550,3.8,3245,90,13.5,42,1510,66,15.6,1016.3,1025.8,2210,1021.1,30,1023.4,12,5.3,1300,2.31,12.5,,,,,,6.3,3,23.6,12.5,,,,,,,,,,,,,,
143,대구,1996-09-28,19.1,16.4,358,22.5,1203,,,,,,,11.5,90,1350,7,70,1210,2.7,2328,90,12,47,1357,63.8,14,1016.3,1025.6,155,1020.2,2400,1023.5,11.9,1,1100,1.48,8.78,,,,,,9.3,3.4,21.4,12.5,,,,,,,,,,,,,,
143,대구,1996-09-29,19.6,17,557,22.8,1502,,,,,,,7.8,70,1425,5,70,1420,1.8,1533,110,14.6,66,1057,73,16.7,1009.9,1020.2,0,1014,2352,1017,11.9,0,1300,.81,5.3,,,,,,9.5,4.3,21.3,14.4,,,,,,,,,,,,,,
143,대구,1996-09-30,20.1,16.2,640,25.9,1448,,,,,,,9,70,1438,6.7,50,1340,2.3,1947,70,14.4,44,1636,71.5,16.4,1005.4,1014.1,0,1010.9,1545,1012.5,11.9,4,1000,1.25,8.4,,,,,,7.3,5.6,22,11.3,,,,,,,,,,,,,,
143,대구,1996-10-01,19.3,15.1,2320,25.4,1420,,,,,,,10.5,90,1720,8.3,90,1730,2.7,2297,50,10.2,37,1430,57.3,12.6,1008.1,1018.7,2400,1013.1,0,1015.2,11.8,3,1100,1.71,9.97,,,,,,6,3.5,21.3,10.6,,,,,,,,,,,,,,
143,대구,1996-10-02,17.3,14.2,418,20.6,1252,,,,,,,8,90,1216,6.7,90,1335,2.6,2232,90,11.3,61,246,67.8,13.6,1009,1018.7,0,1014.1,1945,1016.1,11.8,0,1000,.85,4.85,,,,,,9.3,5,19.3,11.9,,,,,,,,,,,,1.8,,
143,대구,1996-10-03,18.3,14.4,654,23.5,1535,1.58,.6,410,1.4,335,1.8,6,250,1350,5,250,1347,1.8,1526,290,12.4,42,1541,70.8,14.5,1003.8,1014.2,0,1008.4,1630,1010.9,11.7,3.2,1200,2.29,9.95,,,,,,7.3,4.4,20.8,12.1,,,,,,,,,,,,,{비}0240-0255.{소나기}0315-0435.{번개}{강도0}(W)0317-{번개}{강도0}(W{이동}NW)0328-0334.{뇌전}{강도1}(W2-3)0348-0353.{박무}0840-{박무}{강도0}0900-1015.,
143,대구,1996-10-04,19.2,13.5,655,25.9,1510,,,,,,,8.1,270,1455,5.3,270,1450,2.3,1945,320,11.6,37,1525,63.3,13.6,1005.3,1016,2250,1010.2,0,1012.4,11.7,7.7,1200,2.38,13.48,,,,,,2.8,2,21.2,9.9,,,,,,,,,,,,,,
143,대구,1996-10-05,18.3,11.5,634,26.3,1550,,,,,,,5.1,200,1533,3.8,200,1526,1.6,1370,50,11.3,35,1536,66.3,13.4,1010,1019.5,855,1014.8,1542,1017.1,11.7,7.9,1200,1.92,11.95,,,,,,5,0,20.5,7.2,,,,,,,,,,,,,{박무}0420-{박무}{강도0}0600-0640.,
143,대구,1996-10-06,19.5,15.7,250,24.5,1157,4.42,1.5,2143,5.2,2130,12.2,12.1,230,1218,8.7,230,1240,2.9,2494,20,14.7,49,1510,75.5,16.9,1006.4,1017,0,1010.3,1715,1013.5,11.6,.5,1100,1.52,4.35,,,,,,9.5,5.6,19.8,11.1,,,,,,,,,,,,14.3,{박무}0320-{박무}{강도0}0600-0620.{비}1935-{비}{강도0}2100-{비}{강도0}2400,
143,대구,1996-10-07,14.2,12.7,630,16.4,1425,3.25,.4,403,1.4,345,2.1,6,270,1705,4.5,290,1640,2.8,2415,270,8.1,51,1445,68.3,10.9,1011.9,1021.3,2110,1014.1,0,1019.1,10.6,0,1000,.94,5.25,,,,,,10,7.8,16.3,10.8,,,,,,,,,,,,,-{비}-0020.{비}0330-0545.{비}0735-0815.,
143,대구,1996-10-08,14.3,9.6,657,20.4,1312,,,,,,,10.8,270,1433,9.7,270,1443,2.8,2378,270,4.6,25,1633,56.3,8.7,1012.8,1021.3,15,1017.6,1530,1020,11.6,6.3,1200,2.3,13.33,,,,,,5.5,3.4,15.5,6.5,,,,,,,,,,,,,,
143,대구,1996-10-09,15.3,9,525,23.6,1458,,,,,,,7.9,250,1430,6.2,270,1410,2,1706,320,5.9,31,1630,56.3,9.3,1013.6,1022.5,905,1018.9,1440,1020.9,11.5,9.1,1200,2.14,13.45,,,,,,.5,1.1,15.9,5.1,,,,,,,,,,,,,,
143,대구,1996-10-10,15,6.7,657,21.6,1530,,,,,,,4.8,90,1857,3.5,90,1850,1.4,1179,50,5.6,32,1508,54.5,9.3,1016.4,1025.6,2400,1022.1,1440,1023.8,11.5,7.1,1100,2.09,12.6,,,,,,2.8,.6,15.4,2.1,,,,,,,,,,,,,,
143,대구,1996-10-11,16.3,9.1,650,24.1,1507,,,,,,,7.4,70,1902,6,70,1753,2,1706,50,8.7,38,1444,64.5,11.3,1018.4,1027.2,904,1023.4,1526,1025.6,11.5,7.4,1200,2.21,12.33,,,,,,4.3,2.6,18.1,5.6,,,,,,,,,,,,,{박무}0830-{박무}{강도0}0900-1030.{연무}1020-{연무}{강도0}1200-1215.,
143,대구,1996-10-12,17.7,13.4,2340,24.9,1542,,,,,,,3.8,290,1542,3.3,70,103,1.4,1189,20,10.3,36,1654,63.3,12.5,1017.7,1027.2,1020,1023.3,1550,1025,11.4,4.7,1300,1.88,8.79,,,,,,4,2.9,18.4,10.3,,,,,,,,,,,,,,
143,대구,1996-10-13,16.9,9.8,650,25.6,1558,,,,,,,3.4,230,1655,2.8,230,1620,1.3,1102,20,7.7,27,1512,59.5,10.6,1013.9,1024.6,0,1017.1,2342,1021.1,11.4,7,1100,2.07,12.84,,,,,,3,1.5,19.8,5.3,,,,,,,,,,,,,,
143,대구,1996-10-14,19.2,13.6,640,27.8,1425,,,,,,,6.5,320,1628,6,320,1632,1.8,1595,320,7.9,23,1456,52.8,10.8,1006.3,1017.1,0,1010.2,1550,1013.4,11.3,8.8,1200,2.14,13.58,,,,,,2.3,1.5,19.7,8.6,,,,,,,,,,,,,,
143,대구,1996-10-15,15.9,11.7,2400,21.5,1340,,,,,,,11.5,320,1358,8.3,290,1340,4.1,3513,290,3.6,24,1545,46.8,8.3,1006.8,1017.7,2400,1011.9,0,1014,11.3,9.4,1200,2.34,15.22,,,,,,0,0,17.9,3.6,,,,,,,,,,,,,{박무}0120-{박무}{강도0}0300-0530.,
143,대구,1996-10-16,13.7,8,650,20.6,1535,,,,,,,6.4,290,1553,4.7,270,1540,2.2,1917,270,2.9,29,1520,49.5,7.5,1014.1,1023.6,1030,1017.7,0,1021.4,11.3,9.1,1200,2.31,14.78,,,,,,0,0,16.1,-.2,,,,,,,,,,,,,,
143,대구,1996-10-17,12.6,5.1,655,19.7,1423,,,,,,,5,290,1248,4,270,1303,1.5,1292,20,4.1,33,1418,59.3,8.2,1014.4,1024,903,1018,1651,1021.8,11.2,6.9,1100,1.99,10.29,,,,,,5.8,2.3,14.9,0,,,,,,,,,,,,,{박무}2340-{박무}{강도0}2400,
143,대구,1996-10-18,16.3,12.4,630,22.2,1242,,,,,,,6,250,1145,4.3,250,1148,1.6,1418,320,8.8,38,1243,62,11.4,1010.4,1020.1,150,1015,1540,1017.6,11.2,4.4,1100,1.86,8.53,,,,,,8.3,4.3,16.8,7.5,,,,,,,,,,,,,-{박무}-{박무}{강도0}0300-{박무}{강도0}0600-0630.,
143,대구,1996-10-19,16.1,10.6,706,22.6,1509,,,,,,,9,110,1818,7,110,1820,2.7,2318,110,9.3,40,1515,65.8,11.7,1012.5,1025,2400,1017.2,0,1019.8,11.2,5.4,1100,1.92,9.75,,,,,,1,2,16.8,4,,,,,,,,,,,,,,
143,대구,1996-10-20,15.1,9.6,638,21.1,1409,,,,,,,8.3,90,1838,7,90,1654,2.7,2304,90,7.5,35,1407,63,10.4,1020,1030,2400,1025,0,1027.3,11.1,8.6,1100,2.22,12.75,,,,,,1.3,2.6,16.6,4,,,,,,,,,,,,,,
143,대구,1996-10-21,13.6,7.8,650,20.5,1340,,,,,,,7.5,90,1712,6,90,1705,2.5,2166,70,6.8,42,1410,66.3,9.9,1022.3,1031.3,859,1027.4,1630,1029.7,11.1,9.4,1100,2.05,12.38,,,,,,2.5,1.4,16.7,3.9,,,,,,,,,,,,,{박무}0140-{박무}{강도0}0300-0540.,
143,대구,1996-10-22,14.4,7.3,705,22.7,1425,,,,,,,8.8,70,1659,6.8,70,1640,2.8,2392,70,8.5,40,1510,70.3,11.1,1021.4,1030.4,930,1026.3,1455,1028.8,11.1,9.8,1200,2.11,13.04,,,,,,0,0,16.4,2.5,,,,,,,,,,,,,,
143,대구,1996-10-23,17.6,9.6,422,26.4,1528,,,,,,,5.2,90,2122,4.3,90,2126,1.5,1276,140,11.4,43,1530,69.8,13.6,1019.6,1029.5,934,1024.3,1526,1026.9,11,7.5,1200,1.88,11.69,,,,,,2,2.9,18.9,4.9,,,,,,,,,,,,,,
143,대구,1996-10-24,20.4,14.9,450,27.6,1410,,,,,,,4.8,110,112,4,160,1743,1.4,1237,90,13.4,42,1542,66,15.4,1015.9,1025.3,0,1020.3,1650,1023,11,5.8,1100,1.86,9.72,,,,,,7.8,5,21.5,10.8,,,,,,,,,,,,.1,,
143,대구,1996-10-25,17.4,14,2400,19.7,0,4.5,.1,1310,.2,1230,.5,10.5,290,2215,7.7,290,2230,2.9,2498,290,13,55,2245,75.8,15.3,1011.9,1021,0,1017.8,1435,1019.1,10.9,0,1400,.52,3.1,,,,,,9.5,5.4,17.4,10,,,,,,,,,,,,.4,{비}0635-0840.{비}0915-0955.{비}1155-{비}{강도0}1200-1340.,
143,대구,1996-10-26,11.7,6.3,2400,16.7,1414,,,,,,,9.6,290,131,8,290,121,2.9,2470,320,1.2,32,1554,50,6.7,1016,1025.7,2400,1019.8,26,1023.4,10.9,8.6,1200,2.02,11.91,,,,,,4.8,2.6,14.4,-.2,,,,,,,,,,,,,,
143,대구,1996-10-27,10.1,2.4,654,19.6,1510,,,,,,,6.9,270,1514,6.3,270,1452,1.6,1392,270,1.4,26,1518,58.3,6.7,1017.9,1028,820,1022.8,1740,1025.3,10.9,9.5,1200,2.05,12.71,,,,,,0,0,13,-3.2,,,,,,,,,,,,,,
143,대구,1996-10-28,12.8,4.6,655,21.8,1608,,,,,,,9.1,230,1332,7.2,230,1350,2,1743,50,5.8,43,1325,63,9.4,1014.3,1024.5,30,1018.2,1550,1021.6,10.8,8.9,1300,1.8,11.68,,,,,,2,1.4,14.6,-.4,,,,,,,,,,,,,,
143,대구,1996-10-29,15.4,8.6,710,24.5,1555,,,,,,,6,250,1645,4.5,250,1650,1.6,1402,270,8,26,1553,65.3,10.7,1012.3,1021.9,828,1016.9,1607,1019.5,10.8,9.3,1200,1.9,11.29,,,,,,0,0,16.1,2.2,,,,,,,,,,,,,,
143,대구,1996-10-30,16.6,9.3,630,24.6,1343,,,,,,,4.8,250,1332,3.8,250,1343,1.2,1039,250,9,38,1340,63.8,11.5,1011.8,1020.3,858,1017.1,1656,1019,10.8,6.4,1200,1.96,10.12,,,,,,4.8,3,16.6,1.9,,,,,,,,,,,,,{박무}0320-{박무}{강도0}0600-0640.,
143,대구,1996-10-31,16.1,14.6,2255,17.7,1210,11.92,.5,2012,2.2,2010,13.6,8.1,90,859,7,90,907,2.9,2498,90,12.8,64,0,81.3,14.9,1012.8,1022.3,820,1017.1,2400,1020,10.7,0,900,.27,1.63,,,,,,10,6.6,15.9,12.5,,,,,,,,,,,,21.6,{비}1205-{비}{강도0}1500-{비}{강도0}1800-{비}{강도0}2100-{비}{강도0}2400,
143,대구,1996-11-01,14.4,13,2400,15.4,1504,23.83,,,,,30,6,110,2345,5,110,2344,1.5,1300,270,13.2,90,2400,92.5,15.2,1006.9,1017.1,0,1011.9,1245,1014.1,10.7,0,1100,.31,1.75,,,,,,10,5.8,14.8,12.7,,,,,,,,,,,,23.3,-{비}-{비}{강도0}0300-{비}{강도0}0600-{비}{강도0}0900-{비}{강도0}1200-{비}{강도0}1500-{비}{강도0}1800-{비}{강도0}21002350.,
143,대구,1996-11-02,13,10.2,2330,15.3,1510,6.22,,,,,1.4,5.7,110,45,4.3,110,40,1.5,1268,110,10.5,72,1540,84.8,12.7,1013.9,1026.3,2400,1015.9,0,1021.3,10.7,0,1100,.52,2.53,,,,,,9,4.4,14,6,,,,,,,,,,,,.1,{비}0120-{비}{강도0}0300-0310.{비}0505-{비}{강도0}0600-{비}{강도0}0900-0928.{박무}2130-{박무}{강도1}2400-.,
143,대구,1996-11-03,11.6,5.9,723,18.7,1545,,,,,,,4.3,250,55,3.5,250,40,1.4,1238,250,4.4,26,1610,65.8,8.5,1022.2,1031.8,2318,1026.3,0,1029.7,10.6,8.7,1200,1.99,12.02,,,,,,.5,0,12.1,.6,,,,,,,,,,,,,-{박무}-{박무}{강도0}0300-{박무}{강도0}0600-0615.,
143,대구,1996-11-04,12,6.2,625,17.3,1458,4.17,,,,,1.1,3.5,250,1501,3.2,250,1450,1.1,990,20,7.9,54,1305,77.5,10.8,1020.3,1031.5,0,1021.4,2334,1027.7,10.6,3.4,1200,1.28,6.63,,,,,,6,3.6,12.7,3.2,,,,,,,,,,,,4.5,{소나기}1745-1750.{비}1955-{비}{강도0}2100-{비}{강도0}2400,
143,대구,1996-11-05,15.5,13.5,20,17.8,1502,6,,,,,3.4,4.6,250,1259,4,250,1515,1.7,1462,270,12.7,73,1730,83.8,14.7,1011.3,1021.7,32,1016.1,1432,1018.5,10.6,0,1400,.59,2.79,,,,,,9.3,4.5,15.6,9.1,,,,,,,,,,,,0,-{비}-{비}{강도0}0300-0420.{비}0750-0755.{비}0940-1115.{박무}0410-{박무}{강도0}0600-{박무}{강도0}0900-{박무}{강도0}1200-1320.,
143,대구,1996-11-06,11.4,6.5,2400,15.6,1141,,,,,,,12.3,90,1505,8.7,90,1530,4.6,3946,90,.4,26,1140,48.8,6.5,1018.9,1031.8,2400,1019.4,0,1026.4,10.5,7.7,1200,1.85,10.8,,,,,,2,.9,10.3,.8,,,,,,,,,,,,,{박무}0120-{박무}{강도0}0300-0320.,
143,대구,1996-11-07,7.5,2.6,544,11.2,1342,4.92,,,,,.2,3,270,1858,2.7,270,1220,1.4,1212,290,2.2,50,1359,71,7.2,1020.7,1031.8,0,1025.4,2340,1028.3,10.5,1.3,900,.87,4.57,,,,,,7.3,3.8,8.3,-1,,,,,,,,,,,,.2,{비}1355-{비}{강도0}1500-1740.{비}1920-2015.{비}2055-{비}{강도0}2100-2110.,
143,대구,1996-11-08,11.1,8.2,540,14.8,1555,4.12,,,,,.1,3.6,250,1745,3.3,250,2230,1.3,1106,250,6.7,55,1240,75,9.8,1017.1,1026.4,850,1021,2400,1024.4,10.5,.2,1200,1.2,5.01,,,,,,9.8,7.3,11.8,7.1,,,,,,,,,,,,6.2,{박무}0040-{박무}{강도0}0300-{박무}{강도0}0600-{박무}{강도0}0900-{박무}{강도0}1200-1230.{비}1128-1150.{비}1440-{비}{강도0}1500-1520.{비}1735-{비}{강도0}1800-2020.{비}2340-{비}{강도0}2400,
143,대구,1996-11-09,12.6,10,2400,16.5,1338,9.67,,,,,6.4,9.5,290,1638,6.3,320,1450,2.4,2100,290,8.8,58,1553,79,11.4,1011,1023,2316,1016,534,1018.2,10.5,.4,1100,1.1,4.92,,,,,,9,6,13,4.9,,,,,,,,,,,,.3,-{비}-{비}{강도0}0300-{비}{강도0}0600-{비}{강도0}0900-0940.{박무}0920-{박무}{강도0}1200-1240.,
143,대구,1996-11-10,11.9,5.1,726,19.6,1557,,,,,,,4.3,270,1630,4,270,1626,1.2,1008,50,5.2,33,1544,67.3,8.8,1015.9,1025.4,902,1021.3,1423,1023.3,10.4,7.8,1100,1.69,9.56,,,,,,3.8,.5,11.1,.6,,,,,,,,,,,,,{박무}0220-{박무}{강도0}0300-{박무}{강도0}0600-{박무}{강도0}0900-1130.,
143,대구,1996-11-11,11.9,7.2,530,19.4,1603,1.6,,,,,.2,6,250,1017,5,250,1015,1.5,1325,50,6.8,40,1610,72.5,9.9,1011.3,1023.3,0,1015.5,1705,1018.7,10.4,3.7,1300,1.44,5.46,,,,,,2.3,1.8,11,3.1,,,,,,,,,,,,.2,{박무}0030-{박무}{강도0}0300-{박무}{강도1}0600-{박무}{강도0}0900-1140.{비}0944-1120.,
143,대구,1996-11-12,10.1,6.1,730,17.7,1410,,,,,,,11.6,90,1632,9,110,1730,2.8,2405,90,5.4,47,1430,74,9,1008.9,1018.4,2332,1013.8,1433,1016.3,10.4,5.7,1200,1.5,7.78,,,,,,4.3,3.8,10,1.2,,,,,,,,,,,,,{박무}0120-{박무}{강도0}0300-{박무}{강도0}0600-{박무}{강도0}0900-1120.,
143,대구,1996-11-13,9.5,5.8,2400,14.8,1526,,,,,,,5.2,90,3,3.8,90,14,1.8,1566,50,2.5,39,1458,64,7.4,1015.1,1025.3,2218,1018.4,0,1022.5,10.3,7.2,1200,1.86,9.73,,,,,,4,4.3,9.9,.6,,,,,,,,,,,,,,
143,대구,1996-11-14,7,4.6,650,10.6,1344,,,,,,,13.3,290,1442,7.7,290,1450,3.9,3367,270,-1.9,36,1409,56.5,5.4,1020.2,1030.6,2338,1025.3,0,1027.7,10.3,3.6,1300,1.2,7.09,,,,,,3.8,3,6.8,-1.1,,,,,,,,,,,,,{박무}0120-{박무}{강도0}0300-{박무}{강도0}0600-0620.,
143,대구,1996-11-15,5.7,2.6,2400,9.6,1445,,,,,,,10.6,290,1157,7.7,290,1140,4,3485,290,-4.7,28,1420,48.3,4.4,1024,1033.7,2400,1030.1,1430,1031.6,10.3,8.2,1200,1.85,10.04,,,,,,2.3,.8,5.6,-3.4,,,,,,,,,,,,,,
143,대구,1996-11-16,5.2,-.3,730,10.6,1442,,,,,,,6.5,270,850,6,270,913,2.4,2114,270,-6.7,21,1442,44.8,3.8,1024.3,1034.9,243,1028.4,2400,1031.9,10.3,8.3,1200,1.81,9.97,,,,,,3.8,1.3,4.3,-7.4,,,,,,,,,,,,,,
143,대구,1996-11-17,7.8,4.9,602,11.4,1352,.17,,,,,0,11.5,320,2355,8,290,2350,3.4,2936,270,-3.1,37,135,45.5,5,1016.2,1028.4,0,1020.3,1950,1023.7,10.2,1.8,1200,1.69,5.51,,,,,,9.8,7.9,7.5,3.5,,,,,,,,,,,,.1,{비}2345-2355.,
143,대구,1996-11-18,6.5,3.9,750,9.9,1422,.33,,,,,.1,13.2,270,1302,8.3,270,1250,4.6,3938,270,-.4,44,1410,62.8,6,1017,1026.7,2400,1021.6,0,1024.5,10.2,6.2,1300,1.74,9.33,,,,,,4.3,3,6.9,-.2,,,,,,,,,,,,,{비}0135-0155.,
143,대구,1996-11-19,7.8,3.3,744,14.3,1432,,,,,,,5.8,270,1113,4.7,270,1158,1.7,1432,270,-.7,33,1436,57.8,5.8,1021,1030.7,840,1026.7,0,1028.6,10.2,7.7,1200,1.71,9.59,,,,,,1.5,1.9,7.5,-2.8,,,,,,,,,,,,,,
143,대구,1996-11-20,8.6,2.4,710,14.8,1522,,,,,,,10.2,200,1532,6.7,200,1540,2.2,1893,230,2.1,43,1530,66,7.2,1016.3,1028.6,0,1019,2400,1023.8,10.1,3.1,1300,1.32,6.4,,,,,,2.5,1.9,7.3,-2.9,,,,,,,,,,,,,{박무}0420-{박무}{강도0}0600-0630.{박무}1130-{박무}{강도0}1200-1250.,
143,대구,1996-11-21,9.8,4.8,2400,12.9,1520,,,,,,,10.1,290,1255,8.2,290,1320,4.4,3826,290,.3,39,1632,51.8,6.4,1014,1025.5,2400,1017.8,153,1021.4,10.1,6.3,1300,1.44,7.74,,,,,,4,3,8.9,-.6,,,,,,,,,,,,,,
143,대구,1996-11-22,6.1,1.3,2400,11.4,1510,,,,,,,10.5,290,1056,8,290,456,3.4,2960,290,-6.1,27,1510,42.3,3.9,1019.1,1028.5,1033,1025.1,1436,1026.7,10.1,8.3,1200,1.75,9.88,,,,,,2.8,0,6.3,-5.2,,,,,,,,,,,,,,
143,대구,1996-11-23,4.1,-.8,310,11.3,1605,,,,,,,2.9,250,1308,2.3,250,1305,1,900,20,-4.1,35,1510,56.5,4.5,1017.2,1027.3,0,1021.9,1640,1024.8,10.1,2.9,1300,1.17,5.45,,,,,,5.5,4.5,4.2,-6.2,,,,,,,,,,,,,,
143,대구,1996-11-24,7.9,2.3,706,15.1,1428,,,,,,,5.4,290,1240,4.2,200,1110,1.5,1288,270,-.2,39,1430,58.5,6,1016,1025.6,2400,1021.5,1530,1023.5,10,6.8,1200,1.43,8.38,,,,,,4.5,1.3,5.9,-3.7,,,,,,,,,,,,,{박무}0820-{박무}{강도0}0900-1120.,
143,대구,1996-11-25,7.5,.4,656,15.2,1518,,,,,,,5.3,110,1947,4.7,90,1645,1.5,1282,90,1,43,1402,68,6.6,1020.7,1030.5,952,1025.6,0,1028.3,10,8.5,1200,1.49,8.45,,,,,,1,0,6.5,-5.5,,,,,,,,,,,,,{박무}2240-{박무}{강도0}2400,
143,대구,1996-11-26,8.8,3.6,720,13.3,1445,5.75,,,,,4.1,5,250,2042,4.7,250,2040,1.4,1183,70,5.2,55,1430,79.3,8.9,1015.3,1028.2,355,1015.4,2310,1022.7,10,1.1,1000,.88,4.64,,,,,,7.8,5.3,7.9,-1.4,,,,,,,,,,,,4.2,-{박무}-{박무}{강도0}0300-{박무}{강도0}0600-{박무}{강도0}0900-{박무}{강도0}1200-{박무}{강도0}1500-{박무}{강도0}1800-{박무}{강도0}2100{박무}{강도1}2400-.{비}1815-{비}{강도0}2100-{비}{강도0}2400-.,
143,대구,1996-11-27,7.9,1,2400,11,450,.42,,,,,.1,14.9,290,1417,10.7,290,1150,6.3,5430,290,-1.2,33,1617,55,6.2,1010.5,1023,2400,1014,142,1017.9,10,8.1,1200,1.64,9.44,,,,,,4.5,2.1,7.1,-3.3,,,,,,,,,,,,,-{비}-0025.-{박무}-{박무}{강도0}0300-0420.,
143,대구,1996-11-28,1.8,-1.7,750,7.1,1507,,,,,,,10.4,270,502,7,270,107,2.6,2248,270,-10,27,1428,42,2.9,1018.2,1028.6,1042,1023,0,1025.9,10,8.2,1200,1.69,9.46,,,,,,1.5,1,2.3,-6.8,,,,,,,,,,,,,,
143,대구,1996-11-29,3,.8,2400,6.5,1304,.67,,,,,0,12,270,1338,10.3,270,1349,3.1,2701,290,-5.9,40,1535,51.5,3.9,1013.7,1025.6,0,1018.9,1505,1021.3,9.9,2.4,1200,1.06,4.85,,,,,,5.8,5.1,2.7,-5.8,,,,,,,,,,,,0,{눈}1010-1050.,
143,대구,1996-11-30,-.8,-4.4,2400,4.5,1245,5.78,,,,,1.3,15,290,1915,9.7,290,1930,3.4,2918,290,-5.7,51,2155,70.3,4.1,1010.3,1021.9,0,1013.4,1727,1017.9,9.9,2,1100,1.07,4.81,1.7,1910,1.7,1910,1.5,7.5,3.3,-.2,-9.2,,,,,,,,,,,,1.3,{눈}1055-1125.{눈}1303-1415.{눈}1450-{눈}{강도0}1500-1520.{눈}1645-{눈}{강도0}1800-2020.,
143,대구,1996-12-01,-4.6,-7.1,724,-1,1506,,,,,,,15,340,1210,11,340,1204,4.5,3878,290,-13,38,1522,50.5,2.3,1017.6,1031.5,2338,1020.2,0,1025.4,9.9,8.4,1200,1.71,7.86,,,1.4,0,,1.3,1.4,-2,-10.6,,,,,,,,,,,,,,
143,대구,1996-12-02,-.9,-5.9,0,5.2,1427,,,,,,,11,320,1152,8,320,1215,3.1,2689,250,-10,32,1514,51.3,2.9,1023.3,1032.8,2400,1028.8,1445,1031.1,9.9,8.1,1200,1.66,9.54,,,,,,0,0,-.9,-11.3,,,,,,,,,,,,,,
143,대구,1996-12-03,.9,-6,720,9,1510,,,,,,,6.1,250,1117,5.3,250,1120,1.5,1271,20,-7.5,27,1552,57.5,3.5,1024.1,1033.8,906,1029.8,1530,1031.9,9.9,8.2,1200,1.57,8.67,,,,,,1,0,.4,-11.8,,,,,,,,,,,,,,
143,대구,1996-12-04,.7,-1.5,348,2.7,2400,12.33,,,,,17,4.6,250,2220,3.3,250,2216,1.4,1215,50,-2.3,63,8,81,5.3,1014.9,1030.3,0,1012.4,2400,1022.6,9.9,0,1200,.21,1.2,,,,,,8.5,6.3,-.1,-7,,,,,,,,,,,,17.6,{진눈깨비}1140-{진눈깨비}{강도0}1200-{싸락눈}1220-{싸락눈}{강도0}1500-{비}1510-{비}{강도1}1800-{비}{강도0}2100-{비}{강도0}2400- {박무}1520-{박무}{강도0}1800-{박무}{강도1}2100-{박무}{강도0}2400-,
143,대구,1996-12-05,2.2,-3.8,2400,5.6,1020,4.42,,,,,.6,14,290,1558,10.7,270,1220,5.5,4752,290,-4.4,43,1120,63.5,4.7,1006.4,1021,2400,1011.1,1515,1014,9.8,2.5,1000,.97,4.52,,,,,,7.5,5,2.5,-8.2,,,,,,,,,,,,0,-{비}-0040.{비}0135-0255.{눈}1515-1740.-{박무}-{박무}{강도0}0300-0440.,
143,대구,1996-12-06,-1.9,-5.6,750,2.9,1510,,,,,,,9.2,290,940,6.3,270,840,3.2,2726,270,-11.9,32,1358,47.5,2.5,1013.5,1023.7,945,1019.7,1840,1021.3,9.8,7.8,1200,1.61,8.81,,,,,,2,1.8,-.9,-10,,,,,,,,,,,,0,,
143,대구,1996-12-07,-1.1,-3.2,128,2,1420,.83,,,,,0,16.5,290,1513,12,290,1507,3.8,3273,290,-9.4,33,1357,55.8,3.1,1015.8,1028.7,2400,1019.5,134,1023.6,9.8,8.4,1200,1.57,9.1,,,,,,1.5,1.6,-1.4,-8.9,,,,,,,,,,,,,{눈}0450-0540.,
143,대구,1996-12-08,1.8,-4.7,620,7.8,1348,,,,,,,7.7,250,1410,6,250,1324,1.9,1681,250,-5.2,43,1343,61,4.2,1019.5,1028.8,50,1025.4,1503,1027.2,9.8,5.8,1200,1.47,7.27,,,,,,6.5,5,.7,-8.9,,,,,,,,,,,,,,
143,대구,1996-12-09,5.1,2.4,2400,10.2,1445,,,,,,,3.3,250,1447,2.5,250,1430,1,898,50,-.7,47,1450,67,5.8,1017.2,1026.5,50,1022.5,1720,1024.8,9.8,2.3,1300,.89,4.7,,,,,,7.3,4.8,3.1,-4.7,,,,,,,,,,,,,,
143,대구,1996-12-10,4.7,-.8,714,11.2,1442,,,,,,,6.4,250,1424,5,250,1437,1.8,1562,270,-1.8,40,1753,66.3,5.4,1013.5,1023.5,0,1018.2,1542,1021.1,9.8,6.4,1100,1.11,6.37,,,,,,.5,.3,2.3,-6.8,,,,,,,,,,,,,{박무}0140-{박무}{강도0}0300-{박무}{강도0}0600-{박무}{강도0}0900-1140.{연무}1120-{연무}{강도0}1200-1340.,
143,대구,1996-12-11,5.1,-.6,635,11.5,1510,,,,,,,6.2,290,1345,5.2,290,1410,1.9,1614,250,-2.1,36,1620,62.5,5.2,1015.4,1025,2310,1021.1,1502,1022.9,9.8,7.4,1200,1.36,7.36,,,,,,.5,.3,2.4,-8,,,,,,,,,,,,,{박무}0340-{박무}{강도0}0600-{박무}{강도0}0900-1130.,
143,대구,1996-12-12,4,-1,756,10.7,1413,,,,,,,5,270,45,4.5,270,410,1.9,1636,270,-6.9,28,1428,46.8,3.7,1017.8,1027.5,1027,1023.7,1440,1025.4,9.8,7.3,1200,1.39,6.88,,,,,,3.3,1.5,1.5,-8.4,,,,,,,,,,,,,,
143,대구,1996-12-13,3.6,-3.3,658,12.5,1554,,,,,,,2.9,50,106,2.5,50,103,.9,805,50,-3.9,33,1342,61.5,4.6,1016.1,1025.9,0,1021,1626,1023.7,9.8,7.8,1200,1.3,6.94,,,,,,.5,.3,1.3,-9.4,,,,,,,,,,,,,{박무}0920-1110.{연무}1050-{연무}{강도0}1200-1350.,
143,대구,1996-12-14,4.4,-1.7,643,12.9,1432,,,,,,,4.2,110,1558,4,250,1240,1.4,1208,50,-1.2,41,1457,69.8,5.6,1017.2,1027.4,2330,1023.4,0,1024.8,9.7,7,1200,1.36,7.1,,,,,,0,0,2,-8.3,,,,,,,,,,,,,{박무}0120-{박무}{강도0}0300-{박무}{강도0}0600-{박무}{강도0}0900-0940.{박무}2140-{박무}{강도0}2400-.,
143,대구,1996-12-15,5.1,-1.3,650,14.2,1530,,,,,,,3,250,1529,2.5,250,1532,1.1,968,50,.1,41,1520,74,6.2,1020.4,1030.1,955,1026.7,1450,1028,9.7,7.7,1200,1.34,7.33,,,,,,0,0,2.5,-7.3,,,,,,,,,,,,,-{박무}-{박무}{강도0}0300-{박무}{강도0}0600-{박무}{강도0}09001040.{연무}1030-{연무}{강도0}1200-1340.,
143,대구,1996-12-16,6.9,.6,724,15.2,1540,,,,,,,2.8,140,2212,2.5,140,2207,.9,756,20,1.5,44,1518,72,6.9,1019.8,1030.1,948,1025,1626,1027.4,9.7,6.6,1300,1.22,6.6,,,,,,5.3,3.3,4.3,-5.4,,,,,,,,,,,,0,{박무}0030-{박무}{강도0}0300-{박무}{강도0}0600-{박무}{강도0}0900-1150.{박무}2240-{박무}{강도0}2400{연무}1140-{연무}{강도1}1200-{연무}{강도0}1500-1515.,
143,대구,1996-12-17,8.2,3,2400,12.7,1350,2,,,,,0,12.5,290,2203,8.3,290,2157,2.6,2221,270,2.8,45,1448,70.5,7.5,1014.3,1025.5,0,1018.5,1410,1021.7,9.7,1.4,1100,1.05,4.68,,,,,,7.3,2.8,6.4,-.7,,,,,,,,,,,,0,{비}0225-0240. {비}1625-{비}{강도0}1800-1810.                                    -{박무}-{박무}{강도1}0300-{박무}{강도0}0600-{박무}{강도0}0900-1140.{연무}1130-{연무}{강도0}1200-1320.,
143,대구,1996-12-18,-.6,-3.7,2400,3.2,1455,,,,,,,13,290,2017,8.3,290,1955,5,4327,290,-13.5,28,1215,37.8,2.2,1019.6,1029.2,1010,1023.9,0,1027.4,9.7,8.3,1200,1.62,9.07,,,,,,0,0,.5,-9.6,,,,,,,,,,,,0,,
143,대구,1996-12-19,-1.1,-5,636,2.9,1547,4.63,,,,,.2,8.5,270,1433,6.7,250,1418,2.6,2209,250,-8,50,0,59.3,3.4,1020.5,1029.7,2346,1026.8,1540,1028.3,9.7,3.1,1400,.87,4.92,.1,1140,.1,1140,.1,6,3.6,.4,-11,,,,,,,,,,,,.2,{눈}0812-{눈}{강도0}0900-0955.{눈}1015-{눈}{강도0}1200-1310.,
143,대구,1996-12-20,1.8,-2.7,730,7.4,1522,,,,,,,7.7,270,1057,6.2,270,1040,2.2,1915,320,-7.7,31,1430,51,3.4,1022.1,1032.7,958,1027.5,1530,1029.9,9.7,8.3,1200,1.56,8.72,,,,,,0,0,1.6,-11.4,,,,,,,,,,,,,,
143,대구,1996-12-21,3.2,-2,152,10.6,1500,,,,,,,5,270,1425,3.5,270,1420,1.2,1060,50,-3.5,45,1500,62.5,4.8,1017.6,1029.3,0,1021.6,2400,1025.2,9.7,6.8,1200,1.25,6.94,,,,,,2.3,1.9,1.9,-8.4,,,,,,,,,,,,,,
143,대구,1996-12-22,3,-1.9,735,10.8,1240,.42,,,,,.3,17.8,320,1607,13.7,270,1512,3.9,3328,270,-3,27,1537,69,4.9,1007.7,1021.6,0,1009.2,1502,1015.3,9.7,5.4,1400,.97,5.09,,,,,,1.8,2,1.1,-7.7,,,,,,,,,,,,.3,{박무}0340-{박무}{강도0}0600-{박무}{강도0}0900-1150.{연무}1140-{연무}{강도0}1200-1240.{비}1255-1320.,
143,대구,1996-12-23,2.2,-1.1,740,6.4,1537,,,,,,,11.1,290,340,7,270,1250,3.5,2997,270,-9.1,28,1555,45.5,3.1,1015.7,1026,1010,1018.6,0,1023.3,9.7,7.9,1200,1.54,8.49,,,,,,2.3,1.1,1.4,-7.9,,,,,,,,,,,,,,
143,대구,1996-12-24,2.5,-4,750,10.4,1620,,,,,,,6.1,250,1414,4,270,1510,1.7,1463,270,-5.5,37,1320,56.5,4.1,1013.8,1024.3,0,1018.5,1540,1021.5,9.7,7.8,1200,1.43,7.87,,,,,,0,0,1,-9.9,,,,,,,,,,,,,,
143,대구,1996-12-25,5.4,-.8,755,13.9,1502,,,,,,,7.4,290,1515,6.8,320,1738,2,1730,270,-3.4,22,1557,58.5,4.8,1013.6,1023.3,2400,1019.3,1504,1021.1,9.7,7.2,1300,1.29,7.1,,,,,,0,.3,2.1,-6.8,,,,,,,,,,,,,{박무}0920-1140.{연무}1120-{연무}{강도0}1200-1250.,
143,대구,1996-12-26,3.2,-2.8,810,10.5,1530,,,,,,,3.8,110,1955,3,90,1608,1.3,1150,70,-4.8,35,1450,57.3,4.3,1017.4,1026.8,903,1023.2,25,1025,9.7,7.9,1200,1.33,7.5,,,,,,0,0,1.4,-10,,,,,,,,,,,,,,
143,대구,1996-12-27,4.8,-2.4,755,14,1545,,,,,,,7.2,290,2007,6,270,1955,1.9,1643,290,-3,32,1540,63.8,4.9,1015.3,1026.3,0,1019,1635,1022.9,9.7,7.5,1200,1.33,7.22,,,,,,1,.8,2.5,-8.5,,,,,,,,,,,,,{박무}0315-{박무}{강도0}0600-{박무}{강도0}0900-1045.{연무}1040-{연무}{강도0}1200-1340.,
143,대구,1996-12-28,6.6,1.8,2400,13.4,1532,,,,,,,7,290,131,5,290,23,2.1,1839,270,-3.6,23,1632,51,4.8,1014,1023.6,1028,1020.3,20,1021.5,9.7,7.6,1200,1.39,7.76,,,,,,0,0,2.7,-7.8,,,,,,,,,,,,,,
143,대구,1996-12-29,4.1,-2.8,830,14.3,1456,,,,,,,6,230,1330,5.7,270,1602,1.8,1515,250,-6.9,20,1532,49.3,3.7,1012.9,1022.2,920,1018.1,1440,1020.5,9.7,7.8,1200,1.44,8.03,,,,,,0,0,1.9,-10.8,,,,,,,,,,,,,,
143,대구,1996-12-30,4,-2.8,755,13.1,1530,,,,,,,4,250,1350,3.2,250,1340,1.3,1085,50,-4.2,36,1515,56.8,4.5,1013.6,1022.7,2400,1019.2,1540,1021.1,9.8,7.3,1200,1.4,7.54,,,,,,0,0,1.8,-10,,,,,,,,,,,,,{연무}0920-{연무}{강도0}1200-1250.,
143,대구,1996-12-31,4.4,-1.9,756,11.4,1502,,,,,,,4,270,1535,3.3,270,1533,1.1,932,50,-.9,49,1502,71,5.8,1014.3,1024,958,1019.8,2400,1021.9,9.8,6.6,1200,1.23,6.57,,,,,,1.5,0,2.7,-7.9,,,,,,,,,,,,,{박무}0320-{박무}{강도0}0600-{박무}{강도0}0900-{박무}{강도0}1200-1230.{박무}1920-{박무}{강도0}2100-{박무}{강도0}2400{연무}1220-{연무}{강도0}1500-{연무}{강도0}1800-1940.,
143,대구,1997-01-01,3.3,-2.8,2315,10.7,1226,1.52,,,,,1.1,20.5,270,1542,14,270,1540,5.2,4516,270,-2,44,1502,69,5.7,1005.2,1019.8,0,1006.4,1148,1012.9,9.8,1.1,1400,.53,2.59,,,,,,6.8,5.1,2.6,-4.2,,,,,,,,,,,,1.1,-{박무}-{박무}{강도0}0300-{박무}{강도0}0600-{박무}{강도0}0900-1110.  {비}1054-{비}{강도0}1200-1225.  {폭풍}1535-1545.,
143,대구,1997-01-02,-2.6,-4.4,2400,1.4,1442,,,,,,,16.8,270,117,10,270,130,7,6024,290,-11.9,34,1442,48.8,2.5,1012.1,1023.7,2400,1015.8,0,1019.9,9.8,8.2,1200,1.79,9.91,,,,,,1.4,1.4,-.5,-8.4,,,,,,,,,,,,,,
143,대구,1997-01-03,-2,-5.3,509,2.7,1456,,,,,,,11.2,270,14,9,270,1417,4.1,3548,270,-13.3,30,1553,43.1,2.2,1018.1,1028,2315,1023.2,128,1025.9,9.8,7.8,1200,1.76,9.68,,,,,,.1,0,-1.3,-12.3,,,,,,,,,,,,,,
143,대구,1997-01-04,-.7,-4.3,458,5.6,1601,,,,,,,6,270,352,5.3,270,326,2.1,1837,270,-13,21,1640,39.9,2.3,1020.4,1029.6,1028,1027.1,1555,1028.1,9.8,6.7,1200,1.72,8.74,,,,,,3.3,1.3,-.3,-9.8,,,,,,,,,,,,.4,,
143,대구,1997-01-05,-1.9,-4.3,540,.6,1840,8,,,,,4.2,13.2,290,2355,8.2,290,2350,2.9,2497,270,-5.5,47,0,77.9,4.2,1013.8,1027.3,0,1017.2,1605,1021.6,9.8,0,1400,.16,.96,5.6,1540,5.6,1540,6.9,8.3,6.3,-1.7,-9,,,,,,,,,,,,3.8,{눈}0740-{눈}{강도0}0900-{눈}{강도0}1200-{눈}{강도0}1500-1540.,
143,대구,1997-01-06,-3.7,-6.3,2400,0,1438,,,,,,,13,290,14,9.7,290,105,4.5,3886,290,-11.2,45,1426,56.5,2.6,1021.7,1033,2400,1023.1,0,1029.6,9.8,7,1200,1.76,9.44,,,5,0,,2.3,2.3,-1.4,-11.2,,,,,,,,,,,,,,
143,대구,1997-01-07,-2.6,-6.9,240,2.2,1352,,,,,,,7,270,1132,6.7,270,722,3.6,3078,270,-8.5,50,1512,64.9,3.3,1024.5,1034.1,942,1030.3,1619,1032.3,9.8,7.5,1300,1.7,8.91,,,1.3,0,,6.1,5.6,-1.3,-10.8,,,,,,,,,,,,,,
143,대구,1997-01-08,.4,-3.1,739,5.6,1435,,,,,,,7.9,270,1558,5.8,270,1555,3.2,2756,290,-7.5,37,1455,58,3.5,1025,1034.6,850,1031.6,1510,1032.8,9.9,7.9,1200,1.67,9.13,,,,,,2.1,1.4,-.8,-9.9,,,,,,,,,,,,,,
143,대구,1997-01-09,.2,-3.1,730,4.9,1450,,,,,,,10.5,270,1232,8.3,320,1114,3.4,2932,270,-7.7,41,1340,56.1,3.4,1022.1,1032.8,0,1028,1600,1030,9.9,7.9,1200,1.69,9.25,,,,,,2.4,0,-.9,-11,,,,,,,,,,,,,,
143,대구,1997-01-10,-.2,-4.3,822,4.8,1545,,,,,,,5,290,1255,4.3,290,1327,1.7,1469,270,-6.2,43,1632,63.8,3.8,1018.7,1028.6,0,1024.8,1630,1026.5,9.9,6.2,1200,1.57,7.93,,,,,,1.8,0,-.6,-9.9,,,,,,,,,,,,,{박무}2140-{박무}{강도0}2400-,
143,대구,1997-01-11,.3,-6.2,755,7.8,1525,,,,,,,4,90,1633,3.3,90,1630,1,902,50,-4.6,46,1530,71.6,4.4,1017.9,1027.1,920,1023.6,1620,1025.7,9.9,5.1,1300,1.21,7.12,,,,,,3.8,3.1,-.3,-10.8,,,,,,,,,,,,,-{박무}-{박무}{강도0}0300-{박무}{강도0}0600-{박무}{강도0}0900-{박무}{강도0}1200-1230.  {연무}1220-{연무}{강도0}1500-1620.,
143,대구,1997-01-12,1.7,-.9,755,3.7,1432,3.75,,,,,0,3.3,270,1413,2.7,270,1200,1.3,1094,50,-2.1,61,1232,76.4,5.2,1019.2,1027.7,940,1025.8,130,1026.8,9.9,.3,1100,.59,3.05,,,,,,8.4,6.4,.6,-7.5,,,,,,,,,,,,0,{박무}0320-{박무}{강도0}0600-{박무}{강도0}0900-{박무}{강도0}1200-{박무}{강도0}1500-{박무}{강도0}1800-{박무}{강도0}2100-{박무}{강도0}2400-  {눈}0925-0955.  {눈}1230-{눈}{강도0}1500-1515.  {눈}1750-{눈}{강도0}1800-1820.,
143,대구,1997-01-13,5.4,-.3,714,12.8,1603,,,,,,,7,270,1405,5.7,250,1610,1.8,1576,250,-.3,44,1612,68.8,6,1017,1027.5,953,1021.9,1715,1024.6,9.9,7.4,1300,1.6,8.59,,,,,,3.3,1.8,3.4,-5,,,,,,,,,,,,,-{박무}-{박무}{강도0}0300-{박무}{강도1}0600-{박무}{강도0}0900-1120.  {연무}1110-{연무}{강도0}1200-1350.,
143,대구,1997-01-14,3.1,-1.3,2340,7,1447,,,,,,,9.2,290,656,7.3,290,658,3.7,3223,270,-10.4,19,1520,39.5,3.1,1017.6,1027.8,2340,1022.5,355,1025.3,10,7.6,1200,1.86,10.01,,,,,,4.3,2.5,2.6,-10.9,,,,,,,,,,,,,,
143,대구,1997-01-15,.6,-6.2,755,7.4,1453,,,,,,,6.9,270,132,5.7,270,135,2.1,1831,250,-12.8,19,1528,37.8,2.3,1018.9,1029.7,840,1024.6,1740,1026.7,10,7.3,1300,1.61,9.1,,,,,,1.9,.5,-.4,-13.6,,,,,,,,,,,,,,
143,대구,1997-01-16,1.7,-3.4,356,7.9,1518,,,,,,,7.8,270,1130,6.7,250,1038,2.7,2345,270,-11.3,17,1410,40.9,2.6,1016.3,1026.1,2330,1021.3,1415,1024,10,8.2,1200,1.7,9.41,,,,,,1.1,.8,.6,-10.2,,,,,,,,,,,,,,
143,대구,1997-01-17,2,-4.3,805,8.1,1503,,,,,,,9.5,270,1214,8,270,1210,2.8,2448,270,-5.1,42,1640,60.8,4.2,1016.1,1027,933,1021.1,1744,1023.7,10,6.8,1200,1.75,9.24,,,,,,4,1.4,1.3,-11.4,,,,,,,,,,,,,,
143,대구,1997-01-18,1.3,-2.5,2346,4.5,1515,,,,,,,10,290,1243,8.8,270,947,4.6,4005,290,-11.5,21,1438,40,2.7,1014.9,1024.2,1018,1020.5,430,1022.5,10.1,8.6,1200,1.88,10.81,,,,,,1.1,.8,1.7,-11.2,,,,,,,,,,,,,,
143,대구,1997-01-19,.3,-5,715,7.3,1552,,,,,,,5.5,250,1145,4.7,250,1350,2.4,2044,270,-10.9,27,1630,44.8,2.7,1015.1,1025.3,945,1020.5,1552,1022.9,10.1,8.9,1300,1.83,10.54,,,,,,1,0,0,-12.8,,,,,,,,,,,,,,
143,대구,1997-01-20,2.9,-3.7,600,10.2,1535,,,,,,,6.1,290,2345,4.3,290,1830,2,1711,290,-5.7,41,1530,54,4.1,1011.9,1022.5,55,1016.6,1810,1019.5,10.1,8.2,1200,1.67,9.35,,,,,,1.1,.9,1.2,-10.8,,,,,,,,,,,,,,
143,대구,1997-01-21,-4,-9.1,2347,2.4,0,,,,,,,15.4,290,614,10.7,270,738,5.6,4816,290,-15,32,1524,41.9,2,1013.5,1027.7,2400,1015.9,555,1021.3,10.1,8.9,1200,1.89,10.75,,,,,,.1,.1,-1.2,-14.4,,,,,,,,,,,,,,
143,대구,1997-01-22,-3.3,-10,740,4.7,1556,,,,,,,7,270,112,5.7,250,1302,3.1,2642,270,-16.3,25,1600,37.1,1.8,1019.3,1029.7,857,1024.4,2400,1027.2,10.2,8.9,1200,1.93,11.03,,,,,,.4,0,-2.3,-16,,,,,,,,,,,,,,
143,대구,1997-01-23,-1.3,-5,210,1.2,1535,2.03,,,,,0,7.8,290,1033,5.7,290,1030,2.9,2497,270,-8,45,0,61.4,3.5,1013.9,1024.9,228,1018.6,1956,1021.7,10.2,0,1400,.56,3.64,,,,,,7.5,6.4,-1.4,-13.6,,,,,,,,,,,,0,{눈}1150-{눈}{강도0}1200-1352.,
143,대구,1997-01-24,-1.9,-4.1,748,3.5,1451,,,,,,,11,290,1714,7.5,290,1648,4,3496,290,-12.3,26,1538,46.4,2.4,1009.1,1019,0,1013.9,1502,1016.8,10.2,6.1,1300,1.9,8.49,,,,,,3.8,1.1,-.3,-7.7,,,,,,,,,,,,,{달무리}0030-0430.,
143,대구,1997-01-25,-.3,-5.6,540,5.5,1444,,,,,,,15.6,270,1303,8.3,270,1310,4.7,4088,270,-10.9,30,1255,45.8,2.7,1012.3,1021.6,953,1017.3,0,1020,10.2,8.8,1200,1.97,11.56,,,,,,0,0,-.3,-8.7,,,,,,,,,,,,,,
143,대구,1997-01-26,2.7,-2.8,753,9.5,1513,,,,,,,10.5,290,1542,6.7,290,1550,3.2,2740,270,-5.4,33,1600,56.4,4.1,1012.2,1021.3,910,1017.6,1720,1019.8,10.3,8.3,1300,1.74,9.89,,,,,,0,0,1.2,-10.1,,,,,,,,,,,,,,
143,대구,1997-01-27,2.2,-3.8,735,8.5,1459,,,,,,,8.3,270,1646,6.3,270,1653,2,1696,250,-5.4,39,1638,58.9,4.1,1007.7,1019.7,0,1012.1,1633,1015.3,10.3,8.8,1200,1.52,8.55,,,,,,1,.4,.6,-10.9,,,,,,,,,,,,,,
143,대구,1997-01-28,1.5,-1.8,328,5.2,1133,,,,,,,18.1,270,1340,14.3,270,1344,5.7,4925,270,-7,41,1350,53.9,3.7,1005.2,1016.8,2400,1010.5,540,1012.8,10.3,7.2,1300,2.07,10.56,,,,,,5.1,5.1,1.9,-8.3,,,,,,,,,,,,,{폭풍}1332-1346.,
143,대구,1997-01-29,.3,-3,655,4.9,1520,,,,,,,14,270,1653,8.3,290,1320,5.1,4448,270,-9.5,34,1410,48.8,3,1011.7,1022.4,2340,1016.8,0,1019.4,10.3,8.4,1200,2.04,11.32,,,,,,3.1,3.1,1.6,-9.9,,,,,,,,,,,,,,
143,대구,1997-01-30,1.1,-4,716,6.1,1432,,,,,,,7.6,290,150,6.5,290,147,2,1724,270,-13,18,1547,37,2.3,1014.8,1025,943,1020.7,1626,1022.5,10.4,7.4,1200,1.87,10.62,,,,,,4.9,2.5,1.8,-11.7,,,,,,,,,,,,,,
143,대구,1997-01-31,2.4,-3.6,755,9.5,1441,.58,,,,,0,12.1,270,1510,7.3,250,1426,2.7,2292,290,-7.7,25,1445,48.4,3.6,1014.9,1024.8,2400,1020.2,1425,1022.5,10.4,6.3,1200,1.78,9.34,,,,,,4.8,4.1,2.6,-11.4,,,,,,,,,,,,0,{눈}1455-{눈}{강도0}1500-1530.,
143,대구,1997-02-01,1.4,-3.1,740,6.8,1510,,,,,,,7.1,290,235,4.8,290,240,2.3,1982,290,-7.5,34,1550,53.5,3.5,1019.5,1030.7,1020,1024.8,0,1027.3,10.4,7.8,1200,1.79,10.11,,,,,,3.5,1,2.4,-9.7,,,,,,,,,,,,,,
143,대구,1997-02-02,1.6,-2.9,754,9.6,1503,,,,,,,8,290,1856,6.3,320,1756,2.4,2100,270,-7.3,28,1510,54.3,3.6,1015.9,1026.7,0,1019.6,1628,1023.6,10.5,7.2,1300,1.88,10.21,,,,,,2.6,2.6,2.4,-9.2,,,,,,,,,,,,,,
143,대구,1997-02-03,.4,-3.9,725,6.2,1505,,,,,,,7.2,270,143,6.7,270,210,3.4,2900,270,-9.2,33,1558,49,3.1,1017.6,1027.5,2250,1023.5,0,1025.3,10.5,8.7,1200,1.99,11.68,,,,,,.1,0,1.2,-10.5,,,,,,,,,,,,,,
143,대구,1997-02-04,.5,-6.8,755,6.5,1608,,,,,,,3.6,90,1412,3,250,1720,1.3,1133,250,-7.5,42,1532,56.3,3.6,1019.5,1029.2,1010,1025.6,1503,1027.3,10.5,6.8,1200,1.44,8.55,,,,,,3.3,1.3,.3,-13.2,,,,,,,,,,,,,{박무}0950-1132.  {연무}1126-{연무}{강도0}1200-1335.  {햇무리}1340-1435.,
143,대구,1997-02-05,3,-2.4,746,10.8,1545,,,,,,,6.6,290,2358,4.5,290,2400,1.9,1612,290,-6.2,26,1520,55.9,3.9,1016.1,1026.7,0,1020.6,1616,1023.7,10.6,5.5,1400,1.52,8.74,,,,,,3.8,3,2.9,-8,,,,,,,,,,,,0,{박무}0920-1140.,
143,대구,1997-02-06,2.1,-.5,2400,5.5,1445,.92,,,,,0,12.2,290,1032,9.7,290,1050,4.1,3534,290,-7.4,34,1520,51.4,3.6,1016.2,1026.7,2400,1022.2,1353,1023.9,10.6,7,1200,1.95,11.13,,,,,,3,1.8,2.7,-9.5,,,,,,,,,,,,0,{박무}0320-{박무}{강도0}0600-{박무}{강도0}0900-1045.  {눈}0840-{눈}{강도0}0900-0935.,
143,대구,1997-02-07,2,-4,730,8.9,1452,,,,,,,4,290,1525,3.7,290,1520,1.3,1134,50,-7.2,35,1535,51.5,3.6,1016.6,1027.4,938,1021.2,1722,1024.3,10.6,5.6,1200,1.76,9.1,,,,,,5,1.3,3,-10.5,,,,,,,,,,,,,,
143,대구,1997-02-08,3.5,-4,737,12.1,1508,,,,,,,6,270,1545,4.7,270,1547,1.5,1304,50,-8.1,21,1627,46.1,3.4,1012.1,1022.2,906,1017.2,1505,1019.6,10.7,8.8,1200,1.94,11.18,,,,,,3.4,0,3.7,-11.8,,,,,,,,,,,,,,
143,대구,1997-02-09,4.8,-3.6,650,14.6,1630,,,,,,,3.2,230,1438,2.3,230,1610,1.1,954,50,-6.6,18,1535,47.6,3.8,1010.6,1020.6,1110,1014.9,1715,1018.1,10.7,9,1200,2.13,13,,,,,,.8,0,5.2,-10.3,,,,,,,,,,,,,,
143,대구,1997-02-10,3.7,-1.9,720,10.1,1445,,,,,,,11.8,320,2228,9.5,320,2220,2.7,2361,320,-3.8,36,1445,60.4,4.6,1008.3,1018.7,850,1013.1,1550,1015.8,10.7,6.3,1200,1.31,7.8,,,,,,5.8,1.6,4.3,-9.8,,,,,,,,,,,,0,{박무}0935-1040.  {연무}1020-{연무}{강도0}1200-1245.,
143,대구,1997-02-11,.5,-1.9,544,4.8,1507,.42,,,,,0,13,270,847,10.7,270,844,5.9,5119,290,-7.6,38,1637,55.8,3.5,1009.4,1021.6,2400,1013.6,534,1017.1,10.8,8,1200,2,11.77,,,,,,3.3,3.3,3.5,-7.2,,,,,,,,,,,,,{눈}0610-0635.,
143,대구,1997-02-12,.5,-3.5,712,5.9,1455,,,,,,,8.7,290,1256,6.7,290,1258,4,3464,290,-9.8,31,1445,48,2.9,1017.2,1027.5,2400,1021.6,0,1024.9,10.8,9.4,1200,2.22,13.63,,,,,,0,0,3.2,-10.8,,,,,,,,,,,,,,
143,대구,1997-02-13,.9,-4.1,730,6.8,1530,,,,,,,10.2,290,1118,8.2,290,1120,3.6,3110,270,-9.4,32,1630,47.1,3,1020,1030.1,910,1025,1530,1027.7,10.8,9.4,1200,2.25,14.07,,,,,,0,0,3.3,-12.8,,,,,,,,,,,,,,
143,대구,1997-02-14,3.3,-2.7,748,10.4,1459,,,,,,,9,290,1406,6,250,1033,2.5,2186,250,-9.7,22,1526,40.5,2.9,1020,1031.4,845,1024.8,1505,1027.7,10.9,9.1,1200,2.29,13.7,,,,,,3.1,2,4.6,-11.7,,,,,,,,,,,,,,
143,대구,1997-02-15,3.5,-2.9,720,10,1503,,,,,,,6.4,250,1610,5,250,1640,1.4,1190,50,-7,31,1635,47.9,3.6,1012.8,1026.2,20,1015.4,2400,1020.4,10.9,3.7,1300,1.25,7.6,,,,,,6.3,2.5,4,-9.4,,,,,,,,,,,,,,
143,대구,1997-02-16,.4,-3.3,2400,4.8,309,,,,,,,17.3,290,430,12.7,290,440,5.8,5042,290,-10.7,29,1610,43.8,2.8,1010.8,1023.5,2156,1013.5,218,1018.5,10.9,9.6,1200,2.29,14.14,,,,,,2.9,1.8,4.4,-10,,,,,,,,,,,,,,
143,대구,1997-02-17,-.3,-5.4,725,5.7,1510,,,,,,,9.1,320,1413,7.3,290,1452,3.7,3230,290,-11.2,29,1552,44.5,2.6,1014.4,1024.5,928,1019.3,1550,1022.1,11,9.8,1200,2.2,14.08,,,,,,2.5,0,3.4,-12.1,,,,,,,,,,,,,,
143,대구,1997-02-18,-.1,-3.7,735,4.6,1518,4.12,,,,,0,13,290,1625,8.7,270,1620,3.9,3378,270,-8.9,42,0,52.6,3.2,1014.5,1024.8,2400,1018.9,1440,1022.2,11,5.3,1000,1.64,9.1,,,,,,2.5,1.8,1,-12.5,,,,,,,,,,,,0,{눈}1123-1150.  {눈}1210-{눈}{강도0}1500-1550.,
143,대구,1997-02-19,2,-4,723,9.1,1520,,,,,,,11.7,320,1401,7.8,270,1530,3.7,3239,270,-8.7,27,1540,46.3,3.2,1017.6,1028,903,1023,1550,1025.3,11,9.1,1200,2.28,13.9,,,,,,0,0,4.4,-13,,,,,,,,,,,,,,
143,대구,1997-02-20,5.6,-3,654,14.1,1556,.25,,,,,0,17.2,250,1756,13.7,250,1747,4.1,3576,270,-4.2,29,1416,51.4,4.6,1012.1,1024.7,0,1014.3,1714,1019.6,11.1,8.8,1200,2.09,12.77,,,,,,2.1,1.9,5.9,-12.8,,,,,,,,,,,,0,{소나기}2010-2025.,
143,대구,1997-02-21,3.5,-.4,2400,8.3,1435,,,,,,,15.5,290,952,12.2,290,910,5.9,5129,290,-10.8,21,1550,35.4,2.7,1018.4,1030.7,2400,1018.3,0,1026,11.1,9.9,1200,2.33,15.3,,,,,,0,0,6.4,-9.2,,,,,,,,,,,,,,
143,대구,1997-02-22,1.9,-6.3,725,9.7,1552,,,,,,,5.8,110,1837,4.2,90,1900,2.1,1818,110,-9.6,20,1630,45.9,3,1025.3,1035.8,910,1030.7,0,1033.1,11.1,9.4,1200,2.31,14.64,,,,,,1.6,0,5.5,-13.7,,,,,,,,,,,,,,
143,대구,1997-02-23,4.9,-4.4,724,13.6,1504,,,,,,,5,250,1159,4.3,250,1206,1.4,1210,270,-4.2,27,1450,55.9,4.5,1023.3,1034.1,910,1028.1,1905,1031,11.2,9.6,1200,2.33,14.39,,,,,,.4,.4,6.7,-10.2,,,,,,,,,,,,,,
143,대구,1997-02-24,8.8,-.4,710,17.8,1602,,,,,,,4.3,290,1618,3.7,270,1150,1.4,1177,270,-2,25,1620,50.8,5.3,1020.2,1031.3,920,1025,1610,1027.8,11.2,9.2,1200,2.28,14.2,,,,,,2.8,2.3,9.6,-7.9,,,,,,,,,,,,5.1,,
143,대구,1997-02-25,9.6,7,708,12.1,1655,15.83,,,,,8.4,4.1,250,1840,3.3,250,1850,1.4,1195,250,7.4,42,0,87.1,10.4,1013.1,1025.9,0,1016.2,1612,1020.5,11.3,0,1500,.36,1.59,,,,,,9.8,5.1,8.9,6.4,,,,,,,,,,,,3.3,{비}0255-{비}{강도0}0300-{비}{강도0}0600-{비}{강도0}0900-{비}{강도0}1200-{비}{강도0}1500{비}{강도0}1800-1845.  {박무}1830-{박무}{강도0}2100-{박무}{강도0}2400-,
143,대구,1997-02-26,8.5,5.5,2232,10.7,1458,,,,,,,8.7,90,1120,7.5,90,1206,3,2554,90,3.6,54,1526,72.4,8,1019.3,1029.9,2250,1021.7,0,1026.8,11.3,.8,1300,1.33,7.52,,,,,,7.8,5.4,8.3,-1,,,,,,,,,,,,,-{박무}-{박무}{강도0}0300-{박무}{강도0}0600-{박무}{강도0}0900-{박무}{강도0}1200-1340.,
143,대구,1997-02-27,8.5,1.4,857,16.8,1550,,,,,,,4.1,90,202,3.8,90,210,1.7,1473,90,1.8,28,1613,66.9,7,1021.3,1032.8,903,1025.6,2048,1028.8,11.3,7.4,1200,2.17,12.93,,,,,,1.3,1.3,8.5,-2.2,,,,,,,,,,,,,{박무}0040-{박무}{강도1}0300-{박무}{강도1}0600-{시정(미만)}{1km}{안개}0835-{안개}{강도0}0900-{시정(미만)}{0.5km}{안개}0920-{시정(이상)}{0.5km}{안개}0935{시정(이상)}{1km}{박무}0955-1135.  {연무}1120-{연무}{강도1}1200-{연무}{강도0}1500-{연무}{강도0}1800-{연무}{강도0}2100-2115.  {박무}2105-{박무}{강도0}2400-,1.33
143,대구,1997-02-28,11.1,3,655,20.3,1455,4.03,,,,,3.9,12.3,230,1452,8,230,1440,3.4,2903,70,6.1,50,1240,72.9,9.6,1009.1,1025.7,55,1010.3,1658,1016.4,11.4,5.2,1200,2.24,11.84,,,,,,5.5,3.1,11.3,-2.8,,,,,,,,,,,,3.9,-{박무}-{박무}{강도0}0300-{박무}{강도1}0600-{박무}{강도0}0900-0945.  {비}1825-{비}{강도0}2100-2227.,
143,대구,1997-03-01,7.9,3.4,725,13.3,1410,,,,,,,10,270,15,7.8,290,420,4,3417,270,-5.1,19,1630,41.8,4.3,1014,1024.7,2400,1014.1,0,1021.5,11.4,9.6,1200,2.56,16.56,,,,,,1.9,.5,9.7,-1.8,,,,,,,,,,,,,,
143,대구,1997-03-02,4.9,1.9,2400,10.7,1442,,,,,,,11.3,290,1523,8.3,290,1310,4.1,3502,290,-9.2,24,1650,36.3,3.1,1018.3,1028.2,2352,1023.8,1425,1025.9,11.4,8.5,1300,2.33,14.32,,,,,,4.6,0,4.8,-4.3,,,,,,,,,,,,,,
143,대구,1997-03-03,3.4,-1.5,730,8.7,1425,,,,,,,11.2,290,1438,7.8,290,1440,3.9,3331,270,-10.5,22,1430,37.1,2.8,1019.1,1028.8,904,1023.9,1555,1026.8,11.5,10,1200,2.71,17.77,,,,,,.5,0,6.3,-6.6,,,,,,,,,,,,,,
143,대구,1997-03-04,6.4,-2.5,723,14.8,1613,,,,,,,10.4,270,1649,7.5,270,1644,2.3,1956,270,-4.4,28,1656,48,4.5,1018.2,1028.9,913,1022.1,1638,1025.7,11.5,10,1200,2.36,15.31,,,,,,0,0,7.5,-8.9,,,,,,,,,,,,,{연무}0945-1140.,
143,대구,1997-03-05,9.8,1.6,548,18.4,1630,,,,,,,6.1,250,1154,4.8,250,1210,1.8,1579,230,-.7,27,1530,51.6,5.8,1016.8,1026.5,903,1022,1805,1024.2,11.5,9.3,1200,2.4,15.38,,,,,,0,0,10.3,-5.2,,,,,,,,,,,,,{박무}0140-{박무}{강도0}0300-{박무}{강도0}0600-{박무}{강도0}0900-0935.  {연무}0930-1045.,
143,대구,1997-03-06,9.1,3.6,625,13.8,1743,5.08,,,,,3.2,8.1,250,1458,5.8,270,1540,1.9,1620,50,6,55,0,81.1,9.7,1010.5,1023.3,0,1012.6,1503,1017.9,11.6,0,1000,.54,2.67,,,,,,5.6,4.3,7,-3.7,,,,,,,,,,,,3.2,{비}0940-1010.  {비}1105-{비}{강도0}1200-{비}{강도0}1500-1520.  {비}1530-1550.  {박무}2230-{박무}{강도0}2400-,
143,대구,1997-03-07,9.9,5.4,658,15.8,1517,,,,,,,12.3,320,1340,9.3,320,1337,3.8,3250,270,-3.1,16,1634,48.8,5.4,1014.7,1024.8,2312,1017.9,0,1022.1,11.6,9.4,1200,2.6,17.61,,,,,,3.3,2.6,10,-3.6,,,,,,,,,,,,,-{박무}-{시정(미만)}{1km}{안개}0040-{안개}{강도0}0300-{안개}{강도0}0600-{시정(이상)}{1km}{박무}0630-{박무}{강도0}0900-0945.  {연무}0935-1045.,5.83
143,대구,1997-03-08,10,.7,718,19,1534,,,,,,,12.2,270,1557,10.2,270,1618,2.6,2231,270,-4.7,16,1630,38.1,4.3,1016.9,1027.1,903,1021.3,1620,1024.4,11.7,10,1200,2.58,17.17,,,,,,.1,.1,9,-5.4,,,,,,,,,,,,,,
143,대구,1997-03-09,11,5.3,735,18.3,1545,,,,,,,8.2,110,1830,6,110,1830,2.5,2165,110,.7,27,1545,51.3,6.5,1017.9,1027.3,1130,1023.7,1752,1025.4,11.7,7.8,1200,2.22,12.6,,,,,,3.9,.9,11.4,-1.3,,,,,,,,,,,,4.6,,
143,대구,1997-03-10,8.4,6.6,550,10,1804,11.95,,,,,7.4,5.2,90,18,4.7,90,25,2,1757,270,6.5,74,0,88.4,9.7,1012.3,1026,0,1015.9,1635,1019.8,11.7,0,1500,.41,1.71,,,,,,8.9,5.3,8.2,3.6,,,,,,,,,,,,2.8,{비}0408-{비}{강도0}0600-{비}{강도0}0900-1135.  {비}1155-{비}{강도0}1200-{비}{강도0}1500-1525.  {비}1715-{비}{강도0}1800-1815.  {박무}1510-{박무}{강도0}1800-{박무}{강도0}2100-{박무}{강도0}2400-,
143,대구,1997-03-11,10,7.2,715,15.4,1440,,,,,,,10.3,90,1932,9.3,90,1912,3.7,3167,90,3.1,43,1504,63.8,7.7,1016,1026,2330,1019,0,1023.4,11.8,7.6,1300,2.53,16.13,,,,,,3.4,2.1,10.5,2.9,,,,,,,,,,,,,-{박무}-{박무}{강도0}0300-{박무}{강도0}0600-{박무}{강도0}0900-1130.{연무}1120-{연무}{강도0}1200-1440.,
143,대구,1997-03-12,9.7,4.5,720,15.3,1550,,,,,,,8,70,1912,6,70,1830,2.7,2367,90,2.8,44,1540,63.8,7.5,1017,1026.1,950,1022.6,1630,1024.4,11.8,7,1100,1.99,12.22,,,,,,7.4,2.5,10.4,1.6,,,,,,,,,,,,,{박무}0840-{박무}{강도0}0900-1150.  {햇무리}1130-1220.,
143,대구,1997-03-13,13.5,7.5,649,20.6,1532,,,,,,,7.5,140,1227,6.3,140,1147,2.4,2082,90,5.4,37,1508,60.3,9.1,1011,1022.7,0,1014.1,1805,1018.3,11.9,8.7,1200,2.71,16.58,,,,,,2.9,1.3,14.5,3.5,,,,,,,,,,,,,,
143,대구,1997-03-14,7.2,4.5,1930,12,0,10,,,,,12.1,12,90,1018,9.3,90,1015,3.9,3339,90,4.3,62,1138,81.9,8.4,1010.4,1020.5,2255,1015.1,350,1017.8,11.9,0,1500,.27,1.79,,,,,,8.8,5.4,7.8,3,,,,,,,,,,,,12.1,{박무}0140-{박무}{강도0}0300-{시정(미만)}{1km}{안개}0540-{안개}{강도0}0600-{시정(미만)}{0.5km}{안개}0615-{시정(미만)}{0.2km}{안개}0630-{시정(이상)}{0.2km}{안개}0650-{시정(이상)}{0.5km}0735-{시정(이상)}{1km}{박무}0820-{박무}{강도0}0900-1130.  {비}0915-1040.  {비}1240-{비}{강도0}1500{비}{강도0}1800-{비}{강도0}2100-2115.,2.67
143,대구,1997-03-15,5.4,4.5,2400,6.5,1203,11.22,,,,,2.1,6.8,90,1903,5.8,270,500,2.5,2202,110,1.1,62,755,74.4,6.6,1015.3,1025,2200,1020.4,0,1022.9,11.9,0,1300,.43,2.74,,,,,,10,4.9,6.5,3.1,,,,,,,,,,,,2.1,{비}0357-0420.  {비}0830-{비}{강도0}0900-{비}{강도0}1200-{비}{강도0}1500-{비}{강도0}1800-1920.,
143,대구,1997-03-16,5.3,3.9,355,7.6,1350,.42,,,,,0,8,70,1727,7.3,70,1657,2.7,2348,50,-2.6,45,1546,57.8,5.1,1020.5,1030.9,2232,1025,0,1028.1,12,0,900,1.07,6.09,,,,,,9.3,5.6,5.8,.5,,,,,,,,,,,,,{비}0615-0640.,
143,대구,1997-03-17,5.3,2.8,540,8.9,1212,,,,,,,8.5,140,1235,6,140,1222,2.8,2397,90,-3.7,41,1645,52.5,4.7,1022.9,1031.9,900,1029.1,1720,1030.6,12,3.1,1100,2.03,10.77,,,,,,6.3,4.9,5.4,-1.9,,,,,,,,,,,,,,
143,대구,1997-03-18,7.6,-1.1,620,15.5,1634,,,,,,,6,230,1200,4.3,230,1140,1.8,1579,250,-.7,31,1432,59.6,5.9,1017,1030,0,1020,1806,1024.5,12,9.7,1300,2.74,18.21,,,,,,1.8,0,9.2,-6.2,,,,,,,,,,,,,{박무}0840-{박무}{강도0}0900-1030.  {연무}1020-1140.,
143,대구,1997-03-19,9.3,4.6,727,15.2,1318,,,,,,,10.3,90,1740,9,90,1650,3.9,3347,90,1.1,43,1106,57,6.7,1012.8,1021.5,905,1017.8,1512,1020.2,12.1,8.8,1300,2.88,17.23,,,,,,5.4,2.9,11.5,-.2,,,,,,,,,,,,,,
143,대구,1997-03-20,9.1,4.3,630,14.9,1457,,,,,,,7.2,110,1240,6,110,2010,2.9,2504,90,.4,32,1458,58,6.3,1013.5,1023,905,1019.4,1720,1020.9,12.1,7.7,1400,2.38,16.62,,,,,,4.8,1,11.3,-.1,,,,,,,,,,,,,,
143,대구,1997-03-21,9.5,1.1,650,16.6,1640,,,,,,,6.9,250,1143,5.3,250,1140,2.3,1999,70,.6,37,1608,56.4,6.4,1009.5,1020.7,0,1013.1,1825,1016.9,12.2,8.8,1100,2.02,14.6,,,,,,2.8,2.1,11.2,-4.2,,,,,,,,,,,,,{박무}0820-{박무}{강도0}0900-1050.,
143,대구,1997-03-22,9.6,4.9,745,16.1,1457,.83,,,,,.2,10.1,70,1902,9,90,1733,3.5,3008,90,1.1,39,1508,55.9,6.6,1009,1018.1,903,1013.6,1506,1016.4,12.2,8.3,1200,2.65,17.36,,,,,,4.1,3.1,13,-1.6,,,,,,,,,,,,.2,{박무}0620-{박무}{강도0}0900-0920.  {연무}0910-1050.  {박무}2330-{박무}{강도0}2400-  {비}2310-{비}{강도0}2400-,
143,대구,1997-03-23,6.9,1.8,2400,14.3,1302,.33,,,,,0,10.5,90,1616,8.7,90,1610,3.7,3213,320,-1.6,26,1540,57.9,5.5,1012.2,1027.3,2400,1015.8,1355,1019.7,12.2,8.2,1200,2.87,16.89,,,,,,2.9,2.3,11.8,-4,,,,,,,,,,,,,-{비}-0020.  -{박무}-{박무}{강도0}0300-{박무}{강도0}0600-0820.,
143,대구,1997-03-24,7.1,-1.9,640,16.3,1557,,,,,,,6.8,290,1607,5.8,290,1610,2.5,2180,50,-5,19,1655,47.5,4.2,1019.6,1030.4,840,1024,1900,1027.2,12.3,10.6,1200,2.89,20.05,,,,,,1,0,10.7,-6.8,,,,,,,,,,,,,,
143,대구,1997-03-25,11.6,3.8,642,19.3,1424,,,,,,,6.5,270,1015,6,270,1003,2.6,2205,270,-4.1,18,1417,34.3,4.5,1016.8,1026.7,730,1020.9,1707,1024.2,12.3,5.1,1300,2.61,16.58,,,,,,5.9,1.5,12.4,-3.3,,,,,,,,,,,,,{햇무리}1130-1340.  {햇무리}1520-1740.,
143,대구,1997-03-26,11.6,7.1,2400,16.2,1232,.42,,,,,0,7.2,180,1416,4.3,180,1432,1.5,1255,200,0,34,1120,45.4,6.1,1016.5,1025.1,2240,1023,1458,1024,12.3,1.9,1500,.19,.97,,,,,,6.5,5,12.4,.5,,,,,,,,,,,,0,{비}1405-1430.,
143,대구,1997-03-27,12.2,2.8,650,20.5,1520,,,,,,,6.6,200,1600,3.8,200,1310,1.3,1121,230,.7,24,1520,50.8,6.5,1016.3,1025.8,750,1020.7,1650,1023.6,12.4,10,1200,2.65,18.61,,,,,,0,0,12.3,-2.2,,,,,,,,,,,,,{박무}0820-{박무}{강도0}0900-1130.,
143,대구,1997-03-28,14.5,8.3,555,23.2,1538,,,,,,,10.7,230,1543,5.7,230,1403,1.8,1544,230,.9,20,1436,42,6.5,1012.3,1024,134,1015.5,1715,1019.6,12.4,9.6,1200,2.69,17.73,,,,,,4.3,1.8,13,.6,,,,,,,,,,,,,,
143,대구,1997-03-29,13.8,9.5,250,20.7,1608,,,,,,,11.2,270,2147,4.7,250,2130,1.5,1332,250,5.2,38,1542,56.1,8.9,1003.5,1017,0,1005.8,1607,1010.7,12.5,3.6,1200,1.93,10.78,,,,,,6.3,3.5,13.8,2.4,,,,,,,,,,,,,{박무}0820-{박무}{강도0}0900-{박무}{강도0}1200-1220.  {연무}1210-1330.,
143,대구,1997-03-30,6.3,1.8,640,13.3,1515,,,,,,,11.5,250,1227,6.2,230,1450,3.6,3079,270,-7.9,22,1550,36.1,3.4,1015.5,1028,2400,1012,0,1023,12.5,10.6,1200,2.88,20.46,,,,,,0,0,10.4,-1.2,,,,,,,,,,,,,{황사}0740-{황사}{강도0}0900-{황사}{강도0}1200-{황사}{강도0}1500-{황사}{강도0}1800-1820.,
143,대구,1997-03-31,7.7,-1,635,16.2,1521,,,,,,,8.2,290,1447,4,290,1455,1.9,1648,270,-7.5,19,1457,36,3.5,1019.9,1030.2,910,1024.9,1717,1027.4,12.5,11,1200,3.02,21.55,,,,,,1,0,10.5,-6,,,,,,,,,,,,,,
143,대구,1997-04-01,13,2.7,630,23.3,1630,1.83,.1,2312,.1,2225,.1,7.5,160,1712,4.3,160,1735,1.2,1034,230,-2.1,21,1555,37.5,5.3,1017.3,1028.5,840,1019.9,1705,1024.6,12.6,9.2,1200,2.78,18.38,,,,,,5.5,2.8,15.9,-4.3,,,,,,,,,,,,20.2,{비}2115-2135.  {비}2155-2325.,
143,대구,1997-04-02,10.6,7.6,455,13.1,1616,18,1.5,818,4.8,200,25.7,10,50,2310,4.7,50,2330,1.6,1394,50,8.9,53,0,89.6,11.5,1008.3,1022.7,108,1013.3,1624,1015.7,12.6,0,1200,.86,2.89,,,,,,10,6,10.7,6.8,,,,,,,,,,,,9.3,{비}0020-{비}{강도0}0300-{비}{강도0}0600-{비}{강도0}0900-1030.  {비}1050-1130.  {비}1450-{비}{강도0}1500-1530.  {비}1635-{비}{강도0}1800-2030.  {비}2125-{비}{강도0}2400-  {박무}1040-{박무}{강도0}1200-{박무}{강도0}1500-{박무}{강도0}1800-{박무}{강도0}2100-{박무}{강도0}2400-,
143,대구,1997-04-03,10.9,9.8,2258,12.4,1434,6.73,.5,655,1.3,220,3.7,12,70,43,7.7,70,13,4,3427,70,6.8,65,1706,76,9.9,1012.2,1022.1,2230,1015.5,0,1019.5,12.7,0,1400,1.05,5.01,,,,,,10,6.4,10.9,8.8,,,,,,,,,,,,,-{비}-{비}{강도0}0300-0440.  {비}0646-0850.  -{박무}-{박무}{강도0}0300-{박무}{강도0}0600-0620.,
143,대구,1997-04-04,9.6,8.2,2208,11.3,1205,12.62,.3,1940,1.4,1904,5.3,9.1,50,933,5,50,1120,3,2572,70,5.8,65,1150,77.4,9.3,1011.6,1022.4,46,1016.6,2400,1019,12.7,0,1100,.85,4.69,,,,,,9.9,5.8,9.9,7.2,,,,,,,,,,,,6.5,{비}1008-{비}{강도0}1200-{비}{강도0}1500-{비}{강도0}1800-{비}{강도0}2100-2245.  {박무}0120-{박무}{강도0}0300-{박무}{강도0}0600-{박무}{강도0}0900-{박무}{강도0}1200-{박무}{강도0}1500-{박무}{강도0}1800-{박무}{강도0}2100-{박무}{강도0}2400-,
143,대구,1997-04-05,10.1,8.5,115,11.7,1305,10.37,.5,720,.9,650,3.5,8.2,50,1635,4.5,50,1620,2,1720,50,7.2,75,2055,82.3,10.2,1008.8,1017.6,903,1015.2,332,1016.2,12.7,0,1200,1.04,5.45,,,,,,10,5.6,8.8,7.6,,,,,,,,,,,,4.8,{비}0018-0120.  {비}0520-{비}{강도0}0600-{비}{강도0}0900-{비}{강도0}1200-1440.  -{박무}-{박무}{강도0}0300-{박무}{강도0}0600-{박무}{강도0}0900-{박무}{강도0}1200-{박무}{강도0}1500-{박무}{강도0}1800-{박무}{강도0}2100-{박무}{강도0}2400-,
143,대구,1997-04-06,10.5,8.8,836,13.7,1736,7.17,.8,840,2.2,840,4.7,6,70,738,4,70,542,1.3,1110,70,7.3,58,1717,81,10.2,1007.1,1016.4,0,1012.8,1620,1014.5,12.8,1.7,1600,.93,5.53,,,,,,9.4,6.4,10.4,4.4,,,,,,,,,,,,2.2,-{박무}-{박무}{강도0}0300-{박무}{강도0}0600-{박무}{강도0}0900-{박무}{강도0}1200-{박무}{강도0}1500-1540.  {비}0015-0140.  {비}0635-{비}{강도0}0900-1115.  {비}1255-1325.  {비}1420-1455.,
143,대구,1997-04-07,13.6,7,630,20.8,1557,,,,,,,6.7,230,1352,3.7,290,1413,1.5,1263,230,5.2,34,1557,59.5,8.9,1007.4,1017.2,1012,1011.8,1635,1014.7,12.8,10.5,1200,2.84,20.46,,,,,,3.6,1.5,14.9,3.3,,,,,,,,,,,,,{박무}0140-{박무}{강도0}0300-{박무}{강도0}0600-{박무}{강도0}0900-1040. {박무}2215-{박무}{강도0}2400- {연무}1030-{연무}{강도0}1200-1430.,
143,대구,1997-04-08,14.1,8.7,550,18.4,1453,,,,,,,7,200,1520,4,230,1440,1.5,1269,230,4.8,34,1315,54.9,8.7,1005.1,1015,140,1010.1,1811,1012.4,12.8,2.8,1100,1.21,9.78,,,,,,4.8,3.5,12.4,2.9,,,,,,,,,,,,,-{박무}-{박무}{강도0}0300-{박무}{강도0}0600-{박무}{강도0}0900-0930.  {연무}0920-{연무}{강도0}1200-1230.,
143,대구,1997-04-09,12.6,8.7,2400,18.5,1358,,,,,,,11.8,250,1027,5.8,270,1229,3.3,2871,270,-3,22,1634,34.8,5.1,1005.5,1017,2400,1010.2,1615,1012.8,12.9,11,1200,2.98,21.72,,,,,,2.8,.9,13.8,3.2,,,,,,,,,,,,,{햇무리}1015-1430.,
143,대구,1997-04-10,12.4,4.6,610,19.9,1422,,,,,,,11.1,290,1520,7,270,1541,2.7,2375,270,-3,24,1605,34.3,4.9,1008.6,1018.3,615,1012.6,1730,1015.9,12.9,11.1,1200,3.08,22.87,,,,,,0,0,14.4,-1.2,,,,,,,,,,,,,,
143,대구,1997-04-11,13.1,5.4,648,21.3,1358,,,,,,,12.6,270,1837,6,270,1540,2.4,2049,270,-2.5,20,1815,34.5,5.1,1006.3,1016.4,410,1009.3,1518,1013.6,12.9,10.8,1200,2.98,21,,,,,,1.3,.3,14,-1.9,,,,,,,,,,,,,,
143,대구,1997-04-12,15.8,6.8,625,24.4,1633,,,,,,,10.1,270,1722,5.3,200,1203,2.4,2049,250,-3.7,15,1750,27.1,4.7,1006.7,1017.1,835,1009.9,1640,1013.9,13,11.2,1200,3.07,23.17,,,,,,0,0,17.8,-3.1,,,,,,,,,,,,,,
143,대구,1997-04-13,16.7,7.2,625,25.3,1603,,,,,,,9,270,1616,4.3,230,1345,1.5,1279,250,.3,14,1640,35.9,6.3,1007.8,1016.6,2400,1013,0,1015,13,10.8,1300,3.1,20.9,,,,,,1.8,0,19,-.7,,,,,,,,,,,,,,
143,대구,1997-04-14,17.4,10.5,640,26.8,1325,,,,,,,13.5,70,2337,7,70,2350,2.3,2004,70,5.8,24,1708,49.8,9.3,1009.5,1018.3,740,1013.7,1640,1016.7,13.1,9.5,1200,2.69,17.32,,,,,,5,1.5,19.3,2.5,,,,,,,,,,,,,,
143,대구,1997-04-15,13.1,10.8,312,17.8,1410,.33,0,,0,,0,13.1,50,1744,9,50,1748,4.5,3884,50,4.4,39,1818,56.8,8.5,1011.4,1021.7,2327,1016.6,1526,1018.7,13.1,6.8,1300,2.6,17.28,,,,,,7.6,4.4,16.9,8.8,,,,,,,,,,,,0,{비}2255-2315.,
143,대구,1997-04-16,12.3,6.1,620,21,1507,3.25,.4,1833,.7,1830,.9,11.3,250,1542,6.3,270,1602,1.8,1583,50,5.7,34,1508,66.9,9.2,1012.9,1022.2,752,1017.4,1520,1020.3,13.1,7.4,1200,2.51,16.42,,,,,,4.1,1.9,16.7,1.7,,,,,,,,,,,,.9,{비}1725-{비}{강도0}1800-2040.  {박무}2030-{박무}{강도0}2100-{박무}{강도0}2400-,
143,대구,1997-04-17,14.2,8.5,515,21.6,1513,,,,,,,9.1,90,2028,4.5,90,2040,1.9,1626,270,4.8,26,1608,57.8,8.7,1011.4,1020.8,2400,1016.6,1650,1018.7,13.2,9.7,1300,2.65,19.34,,,,,,4.1,1.6,17.3,3.5,,,,,,,,,,,,5.6,-{박무}-{박무}{강도0}0300-{박무}{강도1}0600-{박무}{강도0}0900-0950.,
143,대구,1997-04-18,14.4,8.8,636,21.2,1612,5.25,1.4,350,3.5,326,5.6,8,160,357,4,70,14,1.5,1256,70,5.3,29,1738,58.5,9,1015.1,1024.3,2354,1020.1,1732,1022.4,13.2,9,1200,2.87,20.42,,,,,,4.8,3.1,16.9,5.6,,,,,,,,,,,,,{비}0205-{비}{강도0}0300-{비}{강도0}0600-0720.  {박무}0120-{박무}{강도0}0300-{박무}{강도0}0600-{박무}{강도0}0900-0940.  {연무}0930-{연무}{강도0}1200-1440.,
143,대구,1997-04-19,15.3,7.1,606,23.6,1558,,,,,,,8.6,50,1817,5.3,50,1807,1.2,1036,50,3.4,19,1720,51.4,7.9,1016.4,1025.3,810,1021.1,1645,1023.7,13.2,10.9,1200,2.89,21.19,,,,,,.9,0,18,.5,,,,,,,,,,,,,{박무}0120-{박무}{강도0}0300-{박무}{강도0}0600-{박무}{강도0}0900-0930.,
143,대구,1997-04-20,16.3,7.6,630,25.2,1604,,,,,,,6.2,230,1638,4,230,1640,1.3,1142,50,3.6,22,1650,47.5,8,1014.9,1025.1,0,1018.8,1650,1022.2,13.3,9.8,1200,2.48,19.49,,,,,,4.1,0,19.4,3.5,,,,,,,,,,,,,,
143,대구,1997-04-21,14.6,12.4,2257,17.1,1046,2.45,0,,0,,0,5.4,230,1050,3.5,230,1040,.6,520,290,8.3,47,0,67.1,11.1,1012.9,1021.5,638,1018.8,1830,1020.2,13.3,0,900,.75,3.53,,,,,,9.3,5.5,13.7,4.9,,,,,,,,,,,,0,{비}1120-1140.  {비}1340-1355.  {비}1438-{비}{강도0}1500-1630.  {박무}1240-{박무}{강도0}1500-1535.,
143,대구,1997-04-22,14.9,8.4,658,25.9,1522,,,,,,,13.5,70,1818,7.3,70,1840,2.5,2127,50,3.8,9,1355,59.5,8.7,1012.7,1023.9,2400,1016.8,1430,1019.9,13.3,10.6,1200,3.16,22.78,,,,,,1.3,0,20,4.5,,,,,,,,,,,,,{박무}0120-{박무}{강도0}0300-{시정(미만)}{1km}{안개}0510-{시정(이상)}{1km}{박무}0545-{박무}{강도2}0600-{박무}{강도0}0900-0940.,.58
143,대구,1997-04-23,12.6,6.6,610,18.7,1442,,,,,,,12,50,1613,7.3,50,1610,3.2,2792,50,3.4,33,1430,57,7.8,1018.4,1027.7,2140,1023.9,0,1025.8,13.4,10.5,1200,3.04,21.57,,,,,,.5,.5,17.9,3.1,,,,,,,,,,,,,,
143,대구,1997-04-24,13.8,5.4,546,21.6,1521,,,,,,,7.1,180,1656,4.3,200,1727,1.5,1338,250,2.6,25,1346,50.5,7.4,1016.9,1027.7,30,1020.9,1730,1024.3,13.4,9.2,1300,2.26,16.88,,,,,,3.8,.6,18.2,.1,,,,,,,,,,,,,{햇무리}1110-1440.,
143,대구,1997-04-25,15.7,9.2,614,22.6,1520,.13,0,,0,,0,9.8,290,1542,6.7,230,1423,2.2,1914,250,2.8,26,1339,44,7.5,1015.3,1024.4,2330,1021,1450,1022.6,13.4,9.2,1100,2.6,20.28,,,,,,1.9,1.4,19.6,1.6,,,,,,,,,,,,0,{소나기}1550-1558.,
143,대구,1997-04-26,17.5,7.3,625,26.7,1603,,,,,,,7.2,230,1142,3.8,230,2020,1.6,1361,230,2.9,19,1620,42.1,7.6,1015.5,1025.5,745,1019.3,1735,1022.7,13.5,10.9,1200,3.09,22.97,,,,,,0,0,22,-.7,,,,,,,,,,,,,,
143,대구,1997-04-27,18.3,9.5,615,26.1,1556,,,,,,,6.2,230,1532,4.5,230,1511,1.8,1518,230,2.8,18,1442,37.9,7.5,1011.5,1022.7,0,1014.6,1804,1018.7,13.5,8.8,1100,2.76,18.56,,,,,,6.4,2.5,21.7,2.6,,,,,,,,,,,,,,
143,대구,1997-04-28,19.8,13.4,550,26.7,1634,,,,,,,11,270,1438,6,270,1448,2.3,2000,270,6.5,25,1340,43.6,9.8,1003.4,1015.8,0,1007.6,1620,1010.5,13.5,9.9,1200,3.05,22.59,,,,,,2.3,2.1,23.6,9.8,,,,,,,,,,,,,,
143,대구,1997-04-29,21.7,17.1,352,29.8,1405,2.25,.2,2258,.6,2255,.6,11.2,180,1317,6.7,180,1320,2.3,2030,270,12.4,39,1328,57.1,14.5,1001.7,1011,2340,1005.5,1520,1008.8,13.6,6.6,1100,2.51,15.18,,,,,,6.5,1.8,23.2,9.8,,,,,,,,,,,,.6,{소나기}1625-1630.  {비}1920-1935.  {비}2205-{비}{강도0}2400-,
143,대구,1997-04-30,18,13.9,2400,23.4,1346,.33,0,,0,,0,9.6,50,1806,6.3,50,1806,2.3,1950,50,9.4,36,1515,60.1,12.1,1004.9,1015.8,2328,1010.2,510,1012,13.6,8.3,1200,2.84,17.52,,,,,,7.4,4.5,22.5,11,,,,,,,,,,,,,-{비}-0020.  {박무}0130-{박무}{강도0}0300-{박무}{강도0}0600-{박무}{강도0}0900-1040.  {연무}1025-{연무}{강도0}1200-1240.,
143,대구,1997-05-01,19.8,9.9,558,28.8,1558,,,,,,,8,200,1412,4.7,200,1410,1.9,1684,200,6.2,22,1640,45.9,9.5,1006.7,1016.6,900,1010.4,1740,1013.8,13.6,11.1,1200,3.23,24.39,,,,,,.4,0,26.2,4.8,,,,,,,,,,,,,,
143,대구,1997-05-02,20.1,13.4,629,27.2,1330,,,,,,,6.3,230,1158,3.7,200,1610,1.3,1118,230,6.8,26,1430,43.3,9.9,1005.3,1015.4,830,1009.6,1625,1012.3,13.7,6.3,1200,2.66,16.2,,,,,,9.1,4.9,22.8,5.1,,,,,,,,,,,,,,
143,대구,1997-05-03,20.8,14.4,556,28.6,1709,,,,,,,7.4,70,904,4.2,70,1120,1.6,1349,50,10.7,30,1657,54.3,13,1003,1013.1,832,1006.6,1639,1010,13.7,7.4,1200,2.96,17.21,,,,,,5.6,3.1,25.8,11,,,,,,,,,,,,,{연무}1020-{연무}{강도0}1200-1245.,
143,대구,1997-05-04,23.9,15.7,605,32.8,1502,,,,,,,11.3,180,1512,7.7,180,1619,2.8,2411,180,14.4,33,1223,58.4,16.5,1000.8,1011.9,2400,1003.3,1550,1007.8,13.7,9.5,1100,2.61,18.65,,,,,,6,2,28.5,10.1,,,,,,,,,,,,,{박무}0350-{박무}{강도0}0600-0830.,
143,대구,1997-05-05,23.3,16.3,640,31.7,1513,1.78,.3,2120,.7,2040,.9,7.8,70,910,4.5,50,840,2,1756,230,15.5,39,1510,64,17.8,1006.4,1015.3,755,1011,1610,1013.4,13.8,10.4,1200,3,21.68,,,,,,3.5,1.1,29.6,9.5,,,,,,,,,,,,.9,{박무}0315-{박무}{강도0}0600-0720.  {소나기}1918-2010.  {소나기}2045-{소나기}{강도0}2100-2140.  {뇌전}{강도0}(S 3-4)2025-{뇌전}{강도0}(S{이동}SE 3-4)2037-2045.  {박무}2230-{박무}{강도0}2400-,
143,대구,1997-05-06,25.2,18.5,423,33.1,1557,,,,,,,8.3,200,1244,4.7,200,1250,1.9,1608,230,16.9,37,1512,62.6,19.2,1007.9,1017,2352,1012.7,1558,1014.9,13.8,9.2,1300,2.8,19.56,,,,,,5.9,3.1,28.9,14.1,,,,,,,,,,,,.3,-{박무}-{박무}{강도0}0300-{박무}{강도0}0600-{박무}{강도0}0900-1040.,
143,대구,1997-05-07,22.1,20.9,1450,23.8,0,13.25,3.2,1520,11.2,1042,39.7,11,200,2208,6.3,200,2220,2.1,1820,50,19.3,67,2223,84.3,22.4,1002.2,1017,0,1001.6,2400,1009.3,13.8,0,1300,.43,2.45,,,,,,9.5,5.8,21.8,18.6,,,,,,,,,,,,41.4,{비}0655-{비}{강도0}0900-{비}{강도0}1200-{비}{강도0}1500-{비}{강도0}1800-1820.  {비}2210-{비}{강도0}2400-,
143,대구,1997-05-08,16.9,10,2310,22.3,0,5.33,.7,140,1.7,110,3.7,10,230,29,5,230,30,2.8,2455,270,11.7,55,1640,72.3,14.2,999.5,1015.1,2318,1000,311,1006.6,13.9,0,1300,.75,4.39,,,,,,9.5,5.5,17.5,8.9,,,,,,,,,,,,1.7,-{비}-0015.  {비}0110-0215.  {비}0315-0335.  {비}0645-0710.  {비}2030-{비}{강도0}2100-2345.,
143,대구,1997-05-09,16.7,8.8,556,24.7,1604,,,,,,,10.8,270,1348,6.3,270,1259,1.7,1436,270,5.3,23,1627,52.8,9,1009.3,1018.3,723,1014.1,1655,1016.5,13.9,10,1200,3.01,22.93,,,,,,.9,0,18.2,4.1,,,,,,,,,,,,,{박무}0040-{박무}{강도0}0300-{박무}{강도0}0600-{박무}{강도0}0900-1020.,
143,대구,1997-05-10,19.2,10.7,555,27.7,1540,,,,,,,10,200,1403,6.3,200,1342,1.9,1683,230,5.1,19,1630,41.8,8.8,1008.2,1018,535,1011.3,1750,1015.3,13.9,9.6,1200,2.9,20.96,,,,,,5,.6,19.6,5.9,,,,,,,,,,,,0,,
143,대구,1997-05-11,17.6,13.7,557,21.1,1538,4.13,.3,1142,.5,1105,.6,4.1,230,1235,2.6,250,1140,.8,678,50,12.8,48,0,73.1,15,1009.1,1017.3,2400,1015.3,1600,1016.3,13.9,.4,1400,1.67,7.82,,,,,,9.6,5.8,18.2,10,,,,,,,,,,,,3.8,{비}0837-0855.  {비}0930-0955.  {비}1015-1035.  {비}1105-{비}{강도0}1200-1345.  {비}1810-1835.,
143,대구,1997-05-12,16.5,15,2215,18.6,1357,10.83,1.3,1955,3.9,1537,19,9,50,1709,5.3,50,1140,2.6,2242,50,13.4,66,1354,82.1,15.4,1010.2,1018.7,1048,1016,1716,1017.3,14,0,900,.59,4.04,,,,,,10,4.9,16.9,14,,,,,,,,,,,,26.1,{비}0325-0510.  {비}1420-{비}{강도0}1500-{비}{강도0}1800-1920.  {비}1955-{비}{강도0}2100-{비}{강도0}2400-  {박무}0530-{박무}{강도0}0600-{박무}{강도0}0900-{박무}{강도0}1200-{박무}{강도0}1500-{박무}{강도0}1800-{박무}{강도0}2100-{박무}{강도0}2400-,
143,대구,1997-05-13,17.4,14.6,120,19.6,1735,10,2.6,458,5.3,430,11.4,7,70,701,4.7,70,704,1.5,1277,70,15.6,84,1357,89.4,17.8,1002.6,1016.8,0,1007,1705,1009.8,14,0,1200,.79,3.72,,,,,,9.4,5.4,17.6,13.8,,,,,,,,,,,,1.1,-{비}-{비}{강도0}0300-0540. {비}0920-{비}{강도0}1200-1240. {비}1540-1605. {비}1815-1850. -{박무}-{박무}{강도0}0300-{박무}{강도0}0600-{박무}{강도0}0900-{박무}{강도0}1200-{박무}{강도0}1500-{박무}{강도0}1800-{박무}{강도1}2100-{박무}{강도1}2400-,
143,대구,1997-05-14,22.5,18.1,440,28.4,1437,,,,,,,6.2,250,1405,3,230,1020,1.1,968,270,17.2,52,1420,73.4,19.6,998.2,1007.3,0,1003.5,1450,1005.2,14,5.7,1300,2.57,14.92,,,,,,8,6.1,23.3,13.4,,,,,,,,,,,,.5,-{박무}-{박무}{강도1}0300-{박무}{강도1}0600-{박무}{강도0}0900-0940.,
143,대구,1997-05-15,23.6,20.2,555,29.3,1549,.7,.3,13,.5,13,.5,9.3,200,1512,5.7,250,1547,1.9,1610,250,16.4,41,1553,65.5,18.7,997.2,1004.8,0,1002.8,1640,1004.1,14.1,6.5,1300,2.16,17.6,,,,,,6.6,3.1,24.1,17.8,,,,,,,,,,,,,{비}0013-0055.  {박무}0030-{박무}{강도0}0300-{박무}{강도0}0600-{박무}{강도0}0900-1140.  {박무}2210-{박무}{강도0}2400-,
143,대구,1997-05-16,23.4,16.8,2400,31,1455,,,,,,,12.1,250,2017,6,250,2045,2.7,2346,230,10.7,20,1545,48.4,13.9,996.7,1008.7,2400,1000.5,1440,1003.7,14.1,7.5,1300,2.34,18.49,,,,,,7.8,1.4,25.7,13.3,,,,,,,,,,,,,-{박무}-{박무}{강도0}0300-{박무}{강도0}0600-{박무}{강도0}0900-0950.  {햇무리}1420-1520.,
143,대구,1997-05-17,21.4,11.4,620,29.8,1520,,,,,,,13.2,200,1553,7.5,230,1553,3,2608,200,4.5,21,1420,34.6,8.5,999.7,1008.7,0,1003.7,1650,1006.7,14.1,11.5,1200,3.2,25.39,,,,,,.1,.1,25.4,4.6,,,,,,,,,,,,,,
143,대구,1997-05-18,23.7,16.7,540,31,1421,,,,,,,10.6,180,1542,7.3,180,1552,2.7,2370,230,6.5,26,1547,33.1,9.9,998.7,1008,816,1002.7,1826,1005.6,14.1,11.1,1200,3.06,24.21,,,,,,4.4,0,27.9,10.9,,,,,,,,,,,,,,
143,대구,1997-05-19,19.1,14.6,620,25,1226,.52,3.6,1702,4,1652,4,14,270,1700,5.7,320,1708,2.1,1773,270,9,38,1443,52.1,11.6,994.9,1004.8,0,999.3,1540,1002,14.2,8.9,1200,2.88,19.68,,,,,,5.1,2.3,23.7,8,,,,,,,,,,,,4,{소나기}1652-1723.  {우박}(d 0.5)1704-1707.  {뇌전}{강도0}(NW 3-4)1655-{뇌전}{강도1}(NW{이동}W 2-3)1712-{뇌전}{강도0}(W{이동}SW 5-6)1720-1724.,
143,대구,1997-05-20,16.3,13,705,20.3,1412,.45,0,,0,,0,8.1,290,1148,4.2,320,1620,1.9,1647,320,8.5,43,1620,60.8,11.2,998.9,1010.4,2340,1002.8,350,1006,14.2,2.8,1200,2.19,12.73,,,,,,7.3,4.8,17.7,9.7,,,,,,,,,,,,,{비}0608-0635.,
143,대구,1997-05-21,15.7,11,604,23.2,1402,.5,.3,1730,.3,1715,.3,10.5,250,1724,5.5,250,1717,1.8,1539,70,9.5,37,1438,69.3,11.9,1004.6,1014.9,2305,1009.5,1551,1011.8,14.2,7.2,1300,2.75,17.96,,,,,,5.1,3.8,20.2,7.2,,,,,,,,,,,,.3,{소나기}1715-1745.  {천둥}{강도0}(NE)1725-1738.,
143,대구,1997-05-22,18.9,10.7,620,26.6,1355,,,,,,,7.2,200,1346,4.3,200,1950,1.4,1244,200,9.3,28,1422,58.4,11.8,1007.9,1016.9,730,1012.3,1740,1015,14.2,8.1,1300,3.23,22.26,,,,,,3.4,2,25.3,6,,,,,,,,,,,,,,
143,대구,1997-05-23,20,13.3,605,26.7,1343,,,,,,,9.2,180,2357,5.5,180,2340,1.9,1613,140,8.3,31,1508,49,11,1004,1015.8,0,1007,1726,1011.1,14.3,8.7,1100,3.02,21.22,,,,,,4.8,3.3,25.9,7.2,,,,,,,,,,,,6,,
143,대구,1997-05-24,15.4,11.6,704,19,1612,1.92,3.3,343,5.4,340,6,9.5,200,117,6,200,28,2.8,2456,250,8.2,50,1608,63,10.9,999.2,1008.2,2400,1005,1652,1006.4,14.3,4.8,900,1.62,11.55,,,,,,7.4,5.5,17.9,9.3,,,,,,,,,,,,0,{소나기}0340-0425.  {비}0508-0535.  {소나기}0630-0703.  {소나기}1745-1755.  {뇌전}{강도1}(W 2-3)0345-{뇌전}{강도1}(W{이동}NW 2-3)0350-{뇌전}{강도1}(NW{이동}N 2-3)0401-{뇌전}{강도1}(N{이동}NE 2-3)0408-0415.,
143,대구,1997-05-25,18.4,11,510,25.8,1517,,,,,,,12.8,250,1343,7,230,1510,2.5,2188,230,7.8,28,1710,54.4,10.7,999.9,1008.8,2330,1004.5,1655,1007,14.3,10.4,1000,2.73,22.07,,,,,,1.5,1,22.4,6.8,,,,,,,,,,,,2,,
143,대구,1997-05-26,16.5,11.1,704,23.9,1555,1.5,.6,535,1.9,535,2,11,50,1855,7.3,50,1930,3.4,2972,50,10,39,1557,68.3,12.3,1004.5,1015.7,2400,1008.8,0,1011.8,14.3,8.4,1200,3.27,23.54,,,,,,4.8,3.6,22.7,8.9,,,,,,,,,,,,,{비}0528-{비}{강도0}0600-0658.  {박무}0620-{박무}{강도0}0900-1020.,
143,대구,1997-05-27,16.1,14.1,528,20.1,1445,.77,0,,0,,0,10,50,802,6.7,50,1757,3.9,3399,50,9.9,52,1448,67.4,12.2,1009.1,1017.9,2207,1014.8,1603,1016.4,14.3,4.1,1300,3.04,16.06,,,,,,7.8,4.1,21.7,12.6,,,,,,,,,,,,0,{비}0942-0958.  {비}1155-{비}{강도0}1200-1225.,
143,대구,1997-05-28,17.3,13.9,535,22.9,1613,2.83,0,,0,,0,8.1,50,1315,5.7,20,836,3.2,2765,50,10.6,50,1458,65,12.8,1009.3,1018.4,840,1014.5,1540,1016.4,14.4,4,1300,2.82,17.73,,,,,,9.5,4.4,23.4,12.5,,,,,,,,,,,,0,{비}1920-1955.  {비}2020-2045.  {비}2210-{비}{강도0}2400-,
143,대구,1997-05-29,19.1,15.1,535,24.8,1606,2.83,0,,0,,0,5.8,50,28,3.7,50,30,.9,785,270,13.3,47,1557,70.9,15.3,1004.1,1016.2,0,1009,1720,1011.2,14.4,.4,1400,1.68,9.87,,,,,,7.3,5.9,21.9,12.2,,,,,,,,,,,,0,-{비}-0035.  {비}0115-0145.  {비}0240-{비}{강도0}0300-0330.  {비}0845-{비}{강도0}0900-0920.  {비}1055-1115.  {박무}0410-{박무}{강도0}0600-{박무}{강도0}0900-{박무}{강도0}1200-1240.  {연무}1220-{연무}{강도0}1500-{연무}{강도0}1800-2050.  {박무}2040-{박무}{강도0}2100-{박무}{강도0}2400-,
143,대구,1997-05-30,19.1,14.1,603,25.5,1202,1.67,2.5,1512,8.8,1456,9.1,9,230,1502,5.5,180,1250,1.7,1482,20,13.3,45,1234,70.3,15.3,997.9,1009.4,36,1001.2,1342,1005,14.4,4.4,1100,2.07,11.78,,,,,,3.6,2.4,18.8,10,,,,,,,,,,,,9.1,{소나기}1428-{소나기}{강도0}1500-1608.  {천둥}{강도0}(NW)1423-{천둥}{강도0}(NW{이동}N)1452-{천둥}{강도0}(N)1500-{뇌전}{강도0}(N 2-3)1508-{뇌전}{강도1}(N{이동}Z 1-2)1517-{뇌전}{강도0}(Z{이동}SE 2-3)1525-{천둥}{강도0}(SE)1540-{천둥}{강도0}(SE{이동}S)1534-1552.  -{박무}-{박무}{강도0}0300-{박무}{강도0}0600-{박무}{강도0}0900-1020.  {연무}1010-1120.,
143,대구,1997-05-31,21.5,12.8,510,29.5,1640,,,,,,,7.3,250,1012,4.7,270,1150,1.6,1345,290,12.3,33,1548,59.1,14.3,1000.9,1009.5,920,1005.5,30,1007.9,14.4,11.6,1200,3.2,25.74,,,,,,0,0,25.4,10.5,,,,,,,,,,,,,{박무}0120-{박무}{강도0}0300-{박무}{강도0}0600-{박무}{강도0}0900-0940.,
143,대구,1997-06-01,21.2,16.6,524,28.2,1419,2.93,1.4,2144,1.5,2144,3.6,16.1,180,1613,8.7,200,1637,2,1704,20,14.7,47,1335,67.6,16.8,1001.3,1010.7,710,1006.1,1522,1008.4,14.4,6.5,1200,2.52,14.58,,,,,,7.5,4.9,23.5,12,,,,,,,,,,,,4,{박무}0140-{박무}{강도0}0300-{박무}{강도0}0600-0750. {소나기}1620-{소나기}{강도0}1800-1808. {비}2018-2030. {소나기}2144-2220. {비}2317-2337. {천둥}{강도0}(W)1628-1632. {천둥}{강도0}(N)1802-1806. {뇌전}{강도0}(NW 3-4)2145-{뇌전}{강도0}(NW{이동}N 3-4)2151-2205.,
143,대구,1997-06-02,21.5,16.3,456,27.6,1458,.7,.3,225,.4,223,.4,8.2,270,1402,4,270,1717,2,1748,270,10.9,33,1420,53.4,13.2,1003.2,1014.3,2348,1007.5,108,1010.2,14.4,9.8,1200,3.31,25.14,,,,,,4,2.4,26.1,13,,,,,,,,,,,,,{비}0223-{비}{강도0}0300-0305.,
143,대구,1997-06-03,21.9,14.2,539,28.5,1630,,,,,,,6.8,250,1233,3.2,140,1252,1,888,270,10.7,31,1626,51,12.9,1005.9,1014.7,830,1010.9,1812,1013,14.5,11.3,1100,3.01,23,,,,,,4,.3,26.3,8.8,,,,,,,,,,,,,{햇무리}1240-1420.,
143,대구,1997-06-04,22.1,16.1,615,28.2,1430,,,,,,,8.4,50,1738,5.8,50,1720,1.7,1492,70,12.4,36,1340,55.9,14.5,1003.2,1012.2,0,1007.8,1650,1010.2,14.5,8.8,1200,2.97,21.05,,,,,,3.9,1.8,28,11.3,,,,,,,,,,,,,,
143,대구,1997-06-05,17.9,16.3,2127,22.3,1028,12.53,1.4,1233,5.2,1412,17.8,6.9,50,1324,4.8,20,1346,.9,784,50,14.6,57,1054,81.4,16.6,1001.7,1011.3,1208,1005.8,1342,1008.9,14.5,3.8,900,1.21,5.53,,,,,,7.9,3.8,18.9,11,,,,,,,,,,,,18.2,{박무}0140-{박무}{강도0}0300-{박무}{강도0}0600-{박무}{강도0}0900-{박무}{강도0}1200-{박무}{강도1}1500-{박무}{강도1}1800-{박무}{강도1}2100-{박무}{강도1}2400- {소나기}1108-{소나기}{강도0}1200-1315. {소나기}1335-{소나기}{강도0}1500-{비}1520-{비}{강도0}1800-{비}{강도0}2100-{비}{강도0}2400- {천둥}{강도0}(NW)1128-{천둥}{강도0}(NW-W)1145-{천둥}{강도0}(W)1200-{뇌전}{강도0}(W 2-3)1208-{뇌전}{강도0}(W-SW 2-3)1217-{천둥}{강도0}(SW)1223-1244. {천둥}{강도0}(NW)1329-{천둥}{강도0}(NW-W)1352-{천둥}{강도0}(W-SW)1429-{천둥}{강도0}(SW-S)1445-{천둥}{강도0}(S)1500-1515.,
143,대구,1997-06-06,19.7,16.4,20,24.7,1432,1.5,.2,0,.4,0,.4,8.8,50,1940,5.3,50,1555,2.5,2192,70,13.1,47,1430,68,15.2,1003.7,1014.2,2400,1007.8,240,1010.8,14.5,5.5,1300,2.72,19.08,,,,,,7.6,4.3,21.4,15.4,,,,,,,,,,,,,-{박무}-{박무}{강도2}0300-{박무}{강도1}0600-{박무}{강도0}0900-1025.  -{비}-0130.,
143,대구,1997-06-07,21.9,13,530,30.6,1608,,,,,,,5.8,230,1735,3.5,230,1800,1.1,982,230,13,34,1507,61.4,15,1005.5,1014.7,840,1009.9,1708,1012.6,14.5,8.4,1200,3.06,22.36,,,,,,4.3,1.1,25.7,9.8,,,,,,,,,,,,,{박무}0320-{박무}{강도0}0600-{박무}{강도0}0900-1030. {연무}1010-{연무}{강도0}1200-1420.,
143,대구,1997-06-08,18.9,17.3,536,21.4,1157,12.17,.7,1600,3,1554,9.4,7.9,70,2107,4.3,70,2107,2,1694,50,15.9,66,1044,83.4,18.2,998,1011.5,0,1001.4,2400,1005.1,14.5,0,1400,.87,4.35,,,,,,9.3,4.4,19.9,12.9,,,,,,,,,,,,9.4,{비}0945-{비}{강도0}1200-{비}{강도0}1500-1750. {비}1910-{비}{강도0}2100-2210. {비}2255-{비}{강도0}2400-  {박무}2020-{박무}{강도0}2100-{박무}{강도0}2400-,
143,대구,1997-06-09,22.5,17.3,10,29,1532,3.33,0,,0,,0,11,270,1545,5,270,1540,1.8,1546,250,15.1,36,1757,66.1,17.4,993.1,1002.6,2400,998.2,1438,1000.1,14.5,5.7,1300,2.41,15.79,,,,,,6.1,3.9,22.2,17,,,,,,,,,,,,,-{비}-0055. {비}0205-{비}{강도0}0300-0320. {비}0440-0550. -{박무}-{박무}{강도0}0300-{박무}{강도1}0600-{박무}{강도0}0900-{박무}{강도0}1200-1230.,
143,대구,1997-06-10,24.2,18.7,550,30.8,1345,,,,,,,7.7,230,1220,4.3,290,1330,1.5,1288,270,11.4,27,1420,47.4,13.6,996.6,1006.2,2400,1002.1,158,1003.5,14.5,6.1,1300,3.01,21.69,,,,,,5.5,4,26.6,14.5,,,,,,,,,,,,,,
143,대구,1997-06-11,23.3,15.4,608,31.6,1442,.27,0,,0,,0,12.6,230,1537,6.7,230,1530,1.5,1316,270,11.5,21,1412,50.8,13.6,999.8,1010,2400,1004.7,1455,1006.8,14.6,9.3,1200,3.08,20.94,,,,,,4.6,3,26.8,11.3,,,,,,,,,,,,0,{소나기}1538-1554.,
143,대구,1997-06-12,23.6,18.1,640,31.7,1530,.43,1.3,1703,1.3,,1.3,8.6,230,1637,5.7,230,1653,1.5,1302,230,12.9,29,1436,52.5,14.9,1005.6,1016.2,2400,1009.3,40,1012.6,14.6,8.9,1200,3.01,22.51,,,,,,2.1,2,30.1,13.4,,,,,,,,,,,,1.3,{소나기}1649-1715.  {뇌전}{강도0}(NW 2-3)1651-1658.,
143,대구,1997-06-13,24.4,16.6,540,32,1605,,,,,,,5.2,70,1835,2.7,50,2030,.8,724,20,14.7,30,1628,57.1,16.7,1009.5,1017.9,830,1014.6,1640,1016.5,14.6,7.5,1100,2.62,19.48,,,,,,2.3,1.3,28.2,12.9,,,,,,,,,,,,,{박무}0820-{박무}{강도0}0900-0940. {연무}0930-{연무}{강도0}1200-{연무}{강도0}1500-1520. {박무}2230-{박무}{강도0}2400-,
143,대구,1997-06-14,24.9,18,552,32.9,1347,.27,0,,0,,0,12.6,290,1424,5.2,290,1432,1.2,1013,70,16.1,34,1418,59.5,18.3,1008.9,1017.7,634,1013.5,1708,1015.9,14.6,7.3,1200,2.84,18.15,,,,,,4.1,2.4,27.5,13.9,,,,,,,,,,,,0,-{박무}-{박무}{강도0}0300-{박무}{강도0}0600-{박무}{강도0}0900-0920. {연무}0905-{연무}{강도0}1200-1330. {소나기}1436-1452.,
143,대구,1997-06-15,24.2,20.3,650,30.7,1447,,,,,,,9.9,50,1817,7,70,1558,3.2,2769,50,13.1,30,1429,52.4,15.3,1008.2,1016.9,645,1013,1535,1015.2,14.6,9.6,1300,2.77,22.37,,,,,,6.6,1.3,30,17,,,,,,,,,,,,,{박무}0140-{박무}{강도0}0300-{박무}{강도0}0600-{박무}{강도0}0900-0930.,
143,대구,1997-06-16,25.3,15.2,557,33.2,1711,,,,,,,6,230,1755,3.5,250,1800,1,875,360,12,25,1458,47,14.1,1008.5,1017.4,620,1012.8,1740,1015.4,14.6,11.9,1200,3.09,25.13,,,,,,.5,.3,32.2,10.4,,,,,,,,,,,,,,
143,대구,1997-06-17,27.1,19.6,550,36.4,1406,.47,0,,0,,0,7.4,50,1720,4.7,50,1732,1,874,180,16.5,28,1632,54.1,18.8,1007.4,1015.8,616,1011.5,1622,1014.3,14.6,7.7,1200,2.77,18.14,,,,,,2.6,1.1,32.1,15.4,,,,,,,,,,,,0,{연무}0840-{연무}{강도0}0900-{연무}{강도0}1200-1330. {소나기}1540-1608. {천둥}{강도0}(S)1549-1555.,
143,대구,1997-06-18,27.7,20.5,530,35.5,1452,,,,,,,8,50,1547,4.7,70,1603,1.7,1471,20,16.2,27,1508,52.8,18.5,1006.5,1015.4,0,1010.8,1610,1013.4,14.6,9.6,1300,2.75,20.57,,,,,,3.6,.1,33.1,15.7,,,,,,,,,,,,,{박무}0120-{박무}{강도0}0300-{박무}{강도0}0600-{박무}{강도0}0900-0940. {연무}0930-{연무}{강도0}1200-1320.,
143,대구,1997-06-19,25.7,19.8,555,32.3,1410,,,,,,,10.4,20,1730,6.7,50,1840,2.8,2425,50,16.7,41,1332,59,19,1004.5,1014.2,650,1008.6,1823,1011.4,14.6,8,1200,2.56,18.75,,,,,,6.5,4,32,16.3,,,,,,,,,,,,19,{박무}0220-{박무}{강도0}0300-{박무}{강도0}0600-{박무}{강도0}0900-1120.,
143,대구,1997-06-20,24.1,19.5,950,30.2,1545,4.38,5.7,702,15.4,658,25.5,9,70,942,5.3,70,1002,2.1,1844,70,17.5,42,1546,68.1,20,1001.8,1010.6,2152,1007.3,1535,1008.8,14.6,5.2,1100,3.07,17.99,,,,,,7.9,4.6,25.4,18.2,,,,,,,,,,,,6.5,{소나기}0635-0638. {소나기}0648-{비}0740-{비}{강도0}0900-0950. {소나기}2057-{소나기}{강도0}2100-2215. {뇌전}{강도0}(SE 3-4)0708-{뇌전}{강도0}(SE-E 3-4)0720-{천둥}{강도0}(E)0725-0730.  {박무}2205-{박무}{강도0}2400-,
143,대구,1997-06-21,26.3,21,445,32.2,1508,,,,,,,6.7,290,1310,3.5,230,1158,1.9,1637,230,18.2,37,1618,63.3,20.9,1003,1010.9,2352,1008.3,1642,1009.9,14.6,10.4,1100,2.92,22.24,,,,,,6.3,2.8,28.7,19.1,,,,,,,,,,,,,-{박무}-{박무}{강도0}0300-{박무}{강도1}0600-{박무}{강도0}0900-0940. {박무}2240-{박무}{강도0}2400-,
143,대구,1997-06-22,26.9,21.1,548,32.6,1403,,,,,,,6,90,2020,3.7,90,2040,1.1,986,290,17.3,36,1538,57.8,19.8,1002.1,1011.4,745,1006.4,1740,1009,14.6,3.5,1300,2.74,18.23,,,,,,6.9,3.1,29.8,17,,,,,,,,,,,,,-{박무}-{박무}{강도0}0300-{박무}{강도0}0600-{박무}{강도0}0900-1020.,
143,대구,1997-06-23,28,21.6,455,34.2,1634,,,,,,,5.3,250,1546,3,270,1807,.9,808,270,18.2,32,1443,58.5,21,1001.3,1009.6,2256,1006.2,1716,1008.2,14.6,10.4,1200,2.79,20.12,,,,,,2.1,1.6,32,18,,,,,,,,,,,,,{박무}0130-{박무}{강도1}0300-{박무}{강도0}0600-{박무}{강도0}0900-0950. {연무}0940-{연무}{강도0}1200-1220. {박무}2320-{박무}{강도0}2400-,
143,대구,1997-06-24,27.7,22.6,630,34,1350,,,,,,,8.5,270,1456,4.3,180,1520,1.5,1322,230,19.5,38,1535,62.4,22.7,1001.9,1010.1,640,1007.3,1640,1008.8,14.6,7.8,1200,2.52,18.45,,,,,,6.1,1.8,31.3,18.9,,,,,,,,,,,,31.3,-{박무}-{박무}{강도0}0300-{박무}{강도0}0600-{박무}{강도0}0900-1020.  {연무}1010-{연무}{강도0}1200-1430.,
143,대구,1997-06-25,23,21.1,807,25,0,17.62,3,603,11.9,600,53.7,6.7,50,1214,4.7,50,1210,1,843,320,20.7,69,0,87.3,24.4,1001.2,1010.5,747,1006.7,1458,1008.1,14.6,0,1200,.6,3.43,,,,,,10,5.6,23.3,20.5,,,,,,,,,,,,74.2,{비}0356-{비}{강도1}0600-{비}{강도0}0900-{비}{강도0}1200-{비}{강도0}1500-1645. {비}1912-{비}{강도0}2100-{비}{강도0}2400-,
143,대구,1997-06-26,24.1,22.8,1317,26,1759,16.12,11.2,27,32,0,78.5,7.7,270,1222,3.3,270,1226,.7,564,50,21.9,78,1508,87.4,26.2,1001,1009.7,2312,1006.5,1750,1007.9,14.6,0,1400,1.31,5.59,,,,,,9,5,25.8,22,,,,,,,,,,,,30.1,-{비}-0215. {비}0340-{비}{강도0}0600-{비}{강도0}0900-{비}{강도0}1200-1435. {비}1525-1550. {비}1720-1740. {비}1815-1855. {비}2158-2220. {비}2250-{비}{강도0}2400-  {박무}2220-{박무}{강도0}2400-,
143,대구,1997-06-27,25.5,22.7,512,30.3,1130,5,.7,100,1.5,50,4.8,7.2,200,922,4.7,200,930,1.3,1166,230,21.4,58,1131,79,25.5,1000.1,1009.6,0,1003.8,2400,1007,14.6,1.1,1100,1.78,10.57,,,,,,9,5.8,27.2,20.6,,,,,,,,,,,,1.4,-{비}-{비}{강도0}0300-0305. {비}1215-1220. {비}1255-1445. -{박무}-{박무}{강도0}0300-{박무}{강도0}0600-0830.,
143,대구,1997-06-28,25.2,21.4,2400,30.1,1618,.67,0,,0,,0,11,360,1129,6.7,20,540,2.1,1828,360,17.1,39,1830,62.1,19.6,993.2,1006,2400,996.2,1040,1000.1,14.6,3.7,1500,2.22,13.77,,,,,,5.6,3.5,24.7,16.2,,,,,,,,,,,,,{비}0315-0355.,
143,대구,1997-06-29,26.4,17.3,527,34.3,1706,,,,,,,5.3,230,1226,4,230,1243,1.1,960,270,16.7,29,1616,58.6,19.1,1001.4,1009.8,2352,1006,0,1008.3,14.6,12,1100,3.08,24.97,,,,,,3.6,.3,29.5,14.4,,,,,,,,,,,,,,
143,대구,1997-06-30,25.9,22,540,29.9,1320,1.75,0,,0,,0,6.8,230,1318,4.7,230,1324,1.4,1227,290,16.7,34,1458,60,19.4,1003.3,1011.4,1152,1008.8,1720,1010.3,14.6,5.3,1000,1.79,14.18,,,,,,8,1.9,28,17.6,,,,,,,,,,,,17.2,{박무}0220-{박무}{강도0}0300-{박무}{강도0}0600-{박무}{강도0}0900-1040. {연무}1030-1140. {햇무리}0940-1225. {비}2215-{비}{강도0}2400-,
143,대구,1997-07-01,23.4,21.1,320,25.3,1920,18.75,7,1353,20,1305,73.9,10.6,230,1356,5.3,230,1358,1.5,1281,50,21.4,73,0,88.5,25.5,999.1,1010.9,0,1003.4,1720,1006.1,14.6,0,1400,.58,2.25,,,,,,10,6.4,23.3,19.8,,,,,,,,,,,,56.7,-{비}-{비}{강도0}0300-{비}{강도0}0600-{비}{강도1}0900-{비}{강도0}1200-{비}{강도0}1500-1625. {비}1815-2010. {비}2210-2235.,
143,대구,1997-07-02,27.2,24,454,30.3,1754,,,,,,,6,200,2122,3.3,200,2116,.9,778,200,22.1,62,1518,74.3,26.6,1001.3,1010.2,2333,1006.2,320,1008.2,14.5,2.1,1300,1.18,8.5,,,,,,9.3,5.4,27.9,22.9,,,,,,,,,,,,,{박무}0920-{박무}{강도0}1200-1330.,
143,대구,1997-07-03,28.9,25.6,542,32.9,1703,,,,,,,10.5,200,1042,6.7,200,1248,3.6,3150,200,21.2,50,1207,64,25.1,1003.2,1011.2,1005,1008.6,1735,1010.1,14.5,5.2,1100,2.78,16.35,,,,,,6.6,4.6,27.3,24.2,,,,,,,,,,,,,{박무}0020-{박무}{강도0}0300-0440.,
143,대구,1997-07-04,28.9,25.7,530,32.8,1225,,,,,,,15.2,180,1223,8,180,1330,5,4326,200,20.5,48,1140,61.1,24.2,999.6,1010.5,0,1003.9,1740,1006.4,14.5,7.9,1100,3.14,20,,,,,,7,5.1,30.4,23,,,,,,,,,,,,0,{무지개}1805-1810.,
143,대구,1997-07-05,25,21.5,2338,27.7,0,11,1.9,1537,6.2,1842,27.2,12,200,56,7.5,200,47,2.4,2085,200,21.2,66,0,80.1,25.1,996.4,1004.6,40,1002.4,1210,1003.3,14.5,0,1100,.53,2.84,,,,,,9.9,6.6,24.1,21,,,,,,,,,,,,48.8,{비}0848-{비}{강도0}0900-1020. {비}1255-1315. {비}1345-1420. {비}1515-{비}{강도0}1800-{비}{강도0}2100-2348.,
143,대구,1997-07-06,20.6,19,2305,22.3,1340,17,4.4,550,18.3,524,66.5,8,230,1817,5.2,230,1820,1.3,1158,230,19.2,89,1450,91.6,22.3,994.6,1003.7,0,999.3,1650,1001.6,14.5,0,1400,.31,2.63,,,,,,9.6,5.9,21.9,18.6,,,,,,,,,,,,44.9,{박무}0020-{박무}{강도0}0300-{박무}{강도0}0600-{박무}{강도0}0900-{박무}{강도0}1200-{박무}{강도0}1500-{박무}{강도0}1800-{박무}{강도0}2100 -2140. {비}0520-{비}{강도1}0600-{비}{강도0}0900-{비}{강도1}1200-{비}{강도0}1500-{비}{강도0}1800-{비}{강도0}2100-2220.,
143,대구,1997-07-07,23.8,17.4,530,30.5,1630,,,,,,,5.9,230,1816,3.3,230,1820,.7,645,230,16.9,39,1744,67.8,19.3,999.8,1009.3,2400,1003.1,0,1006.7,14.5,9.9,1300,2.67,20.11,,,,,,4.6,.4,25.1,13.8,,,,,,,,,,,,,{박무}0620-{박무}{강도0}0900-1140.,
143,대구,1997-07-08,22.4,20.2,2400,24.6,1502,,,,,,,3.2,290,1346,2,290,1350,.3,300,290,17.7,56,1616,75.3,20.3,1002.5,1010.4,2234,1008.3,1728,1009.5,14.5,0,1300,.53,4.17,,,,,,8.8,4.6,22.8,17,,,,,,,,,,,,,{박무}0140-{박무}{강도0}0300-{박무}{강도0}0600-{박무}{강도0}0900-{박무}{강도0}1200-1320.,
143,대구,1997-07-09,23.7,19.1,440,28.5,1532,,,,,,,4.1,70,1525,3,230,810,.8,712,230,17.6,48,1640,70.4,20.2,1003.4,1011.9,830,1009.1,1735,1010.4,14.5,2.5,1200,2.29,14.33,,,,,,9.5,5,24.8,17,,,,,,,,,,,,,{박무}0040-{박무}{강도0}0300-{박무}{강도0}0600-{박무}{강도0}0900-0925. {박무}1930-{박무}{강도0}2100-{박무}{강도0}2400-,
143,대구,1997-07-10,23.5,20.2,540,28.5,1545,,,,,,,9,50,1312,5.3,50,1320,2.2,1896,50,17.7,46,1620,71.4,20.2,1004.1,1012.3,2400,1009.8,1730,1011.1,14.5,5.2,1300,3.07,16.82,,,,,,6.3,3.1,27.2,16.8,,,,,,,,,,,,0,-{박무}-{박무}{강도0}0300-{시정(미만)}{1km}{안개}0520-{안개}{강도0}0600-{시정(이상)}{1km}{박무}0820-{박무}{강도2}0900-{박무}{강도2}1200-1240.,3
143,대구,1997-07-11,20.5,19.8,714,21.8,0,13.58,2.4,1802,9,1720,26.2,7.4,50,1427,4.5,50,1457,2.5,2118,50,18.1,73,0,86.3,20.8,1002.7,1012.3,0,1007.3,2400,1009.8,14.4,0,1200,.64,3.73,,,,,,9.6,4.4,20.6,18.2,,,,,,,,,,,,28.6,{비}0815-{비}{강도0}0900-{비}{강도0}1200-{비}{강도0}1500-{비}{강도1}1800-{비}{강도0}2100-2150. {박무}0140-{박무}{강도0}0300-0520. {박무}2210-{박무}{강도0}2400-,
143,대구,1997-07-12,21,19.5,120,22.2,1740,12.58,.4,407,.8,750,3.5,9.7,70,140,5.3,70,210,2.9,2494,50,18.6,77,1734,85.9,21.4,1000.3,1008.6,2125,1006,250,1007.4,14.4,0,1100,.52,3.43,,,,,,9.8,6.3,21.7,18.9,,,,,,,,,,,,1.7,{비}0040-0150. {비}0340-{비}{강도0}0600-{비}{강도0}0900-{비}{강도0}1200-1310. {비}1430-{비}{강도0}1500-1625. -{박무}-{박무}{강도0}0300-{박무}{강도0}0600-{박무}{강도0}0900-{박무}{강도0}1200-{박무}{강도0}1500-1710.,
143,대구,1997-07-13,23.9,20.1,520,28.8,1555,6.5,.3,400,.5,340,.7,4.9,230,1814,3,230,1810,1.2,1060,230,19.7,57,1603,78.1,23,1003.1,1011.5,2400,1008.2,120,1010,14.4,1.6,1300,.69,4.57,,,,,,7.8,5.3,25.3,19.5,,,,,,,,,,,,.1,{비}0250-{비}{강도0}0300-0520. {이슬비}0640-{이슬비}{강도0}0900-1040. {박무}0510-{박무}{강도0}0600-{박무}{강도0}0900-{박무}{강도0}1200-1320.,
143,대구,1997-07-14,27.2,22.3,542,33,1533,,,,,,,7,230,1633,4.5,230,1129,1.9,1672,270,20.5,47,1506,68.6,24.2,1003.5,1012.1,813,1007.9,736,1010.4,14.4,8.7,1400,2.47,21.63,,,,,,7.5,4.8,29.7,19.1,,,,,,,,,,,,,{박무}0030-{박무}{강도0}0300{박무}{강도0}0600-{박무}{강도0}0900-1040.,
143,대구,1997-07-15,26.8,23.4,2400,31.5,1330,3.38,5.1,1802,9.7,2151,20.5,7.9,200,2237,4,200,2250,1.6,1398,270,21.5,56,1630,73,25.6,1000.9,1009.8,0,1005.9,1650,1007.7,14.4,2.9,1100,1.76,11.74,,,,,,9.6,5.3,27.9,22.3,,,,,,,,,,,,104.8,{박무}0120-{박무}{강도0}0300-{박무}{강도0}0600-{박무}{강도0}0900-1020. {박무}2010-{박무}{강도0}2100-{박무}{강도0}2400- {소나기}1802-1845. {소나기}2108-2128. {소나기}2140-{소나기}{강도0}2400-  {천둥}{강도0}(NW)1745-{천둥}{강도0}(NW)1800-{천둥}{강도0}(NW{이동}W)1821-1825. {뇌전}{강도0}(NE 3-4)2208-{뇌전}{강도0}(NE{이동}E 2-3)2220-{뇌전}{강도1}(E 1-2)2242-{뇌전}{강도0}(E 2-3)2318-2335.,
143,대구,1997-07-16,25.1,22.3,140,29.8,1420,7.72,15.8,46,36.4,25,86.4,8.3,180,1325,5.5,180,1340,1.4,1209,320,22,61,1350,83.6,26.5,998,1007.8,50,1003.3,1630,1004.9,14.3,1,1300,2.26,8.99,,,,,,9.1,5.4,26.3,21.6,,,,,,,,,,,,7.1,-{박무}-{박무}{강도0}0300-{박무}{강도1}0600-0720.  -{소나기}-0135. {소나기}0315-{소나기}{강도1}0600-0750. {소나기}0920-0958. {소나기}1010-1020. {소나기}1130-{소나기}{강도0}1200-1215. {뇌전}{강도0}(NW 2-3)0002-{뇌전}{강도0}(NW{이동}N 3-4)0036-{뇌전}{강도0}(N{이동}NE 3-4)0102-0115. {천둥}{강도0}(S)0325-{천둥}{강도0}(S{이동}SE)0337-0352. {뇌전}{강도0}(NW 1-2)0357-{뇌전}{강도0}(NW{이동}E 1-2)0402-{뇌전}{강도0}(E{이동}SE 1-2)0412-0418. {뇌전}{강도0}(N 2-3)0458-{뇌전}{강도0}(N{이동}NE 2-3)0535-{뇌전}{강도0}(NE 2-3)0600-0620.,
143,대구,1997-07-17,23.8,21.2,2400,27.6,1435,1.87,3.2,118,5,118,5,10,50,1718,7,50,1620,3.1,2668,50,18.1,52,1712,71.6,20.9,1003.6,1014.5,2400,1006.2,212,1010.6,14.3,4,1000,2.12,12.88,,,,,,8.3,5.1,26.5,18.4,,,,,,,,,,,,,{비}0048-0240.,
143,대구,1997-07-18,25.6,18.1,610,32.1,1628,,,,,,,5.5,230,1750,3.7,230,1759,1.2,1022,20,17.7,44,1350,64.4,20.2,1007.1,1015.5,825,1012,1755,1014.1,14.3,9.2,1200,3.04,24.62,,,,,,2.4,1.5,27.5,16.4,,,,,,,,,,,,,{박무}0220-{박무}{강도0}0300-{박무}{강도0}0600-{박무}{강도0}0900-0940.,
143,대구,1997-07-19,27.1,20,600,34,1405,,,,,,,6.1,90,1615,4,90,1700,1.2,1001,90,17.2,31,1245,57.8,19.6,1006.5,1015.1,810,1011.2,1545,1013.5,14.3,10.9,1200,3.2,23.2,,,,,,2.5,.6,30.6,15.6,,,,,,,,,,,,,{연무}0940-{연무}{강도0}1200-1220.,
143,대구,1997-07-20,28,21.1,552,33.9,1459,,,,,,,5.6,250,1405,4,160,1844,1,846,230,20.4,47,1459,65.1,24.1,1006,1014.2,0,1010.6,1759,1012.9,14.3,9.7,1100,2.73,18.88,,,,,,1.6,1.6,31,17,,,,,,,,,,,,,,
143,대구,1997-07-21,29.8,24.6,520,35.5,1512,,,,,,,8,230,1425,3.7,230,1443,1.4,1228,290,22.2,45,1428,65.1,26.8,1006.8,1015.2,750,1011.8,1740,1013.7,14.2,9.2,1200,2.8,20.3,,,,,,4.8,3.1,34.3,22,,,,,,,,,,,,,,
143,대구,1997-07-22,31,26.2,548,36.6,1548,,,,,,,7.1,70,2016,4.5,70,2020,1.9,1629,320,22.4,41,1550,62,27.1,1007.4,1015.6,830,1012,1648,1014.3,14.2,10.7,1100,2.97,23.94,,,,,,3.4,2.4,36.2,23.7,,,,,,,,,,,,,{박무}0420-{박무}{강도0}0600-0820.,
143,대구,1997-07-23,29,26.5,458,35,1206,1.52,3.2,1246,5.4,1244,5.4,8,50,1252,5,50,1300,1.7,1460,50,23.4,51,1112,72.6,28.8,1006.8,1014.9,820,1011.9,1735,1013.7,14.2,5,1100,2.5,11.73,,,,,,5.9,4.9,30.1,23,,,,,,,,,,,,5.4,{연무}0930-1120. {소나기}1244-1324. {소나기}1338-1352. {소나기}1418-1455. {박무}2140-{박무}{강도0}2400-,
143,대구,1997-07-24,28.8,24.5,557,34.6,1422,,,,,,,9.2,50,1648,6,50,1620,2.4,2098,50,21.5,42,1429,66.1,25.7,1005.1,1014.1,0,1009.8,1658,1012,14.2,9.8,1300,2.98,22.49,,,,,,3.9,3.3,33.8,23.8,,,,,,,,,,,,,-{박무}-{박무}{강도0}0300-{박무}{강도1}0600-{박무}{강도0}0900-1030.,
143,대구,1997-07-25,28.4,22,655,34.8,1557,,,,,,,8.2,50,1750,6.3,50,1800,2.3,2001,50,19.1,35,1625,59.5,22.1,1002.1,1011.7,0,1006.9,1555,1009,14.1,11,1300,3.05,23.68,,,,,,2,.9,33.9,20,,,,,,,,,,,,,{박무}0320-{박무}{강도0}0600-{박무}{강도0}0900-0940.,
143,대구,1997-07-26,26.9,22.2,611,31.7,1250,.33,0,,0,,0,7,360,1318,4,50,607,1,906,20,18.7,45,1726,61.6,21.5,998.2,1007.5,0,1003.7,1815,1005.1,14.1,4.9,1000,1.81,11.54,,,,,,6.6,3.5,28.1,17.9,,,,,,,,,,,,0,{소나기}1935-1955.,
143,대구,1997-07-27,28.2,25,555,32.3,1257,1.55,0,,0,,0,6.6,320,1740,4,320,1418,1.7,1434,250,19,41,1420,58.3,22,997.6,1006.6,2400,1003.6,1240,1004.5,14.1,5.2,1200,2.54,14.64,,,,,,9.8,5,30.6,23,,,,,,,,,,,,.2,{비}1832-1855. {비}2005-{비}{강도0}2100-2115.,
143,대구,1997-07-28,28.2,23.5,548,34.2,1502,3.93,.1,355,.2,330,.2,6.3,70,2237,4.2,50,2310,1.3,1156,270,20.5,39,1532,65.4,24.2,1001.1,1009.2,2255,1006.2,240,1007.9,14.1,4.6,1000,2.25,15.3,,,,,,7.8,4.5,30.7,21.8,,,,,,,,,,,,,{비}0014-0130. {비}0210-{비}{강도0}0300-0450.,
143,대구,1997-07-29,27.7,23.3,524,33.6,1602,.42,1.5,2347,2.2,,2.2,7.3,70,1943,5,70,1942,2.4,2048,70,21,48,1607,68.4,24.9,1001.9,1010.1,858,1006.9,1716,1008.7,14,7.3,1200,2.57,17.6,,,,,,6.5,3.3,33.6,21.1,,,,,,,,,,,,2.4,{박무}0420-{박무}{강도0}0600-{박무}{강도0}0900-1150. {박무}2220-{박무}{강도0}2400-  {연무}1140-{연무}{강도0}1200-{연무}{강도0}1500-{연무}{강도0}1800-1820. {소나기}2335-{소나기}{강도0}2400-  {천둥}{강도0}(S)2355-{천둥}{강도0}(S)2400-,
143,대구,1997-07-30,27.5,23.9,530,33.3,1540,1.67,.2,54,.2,4,.2,7.5,70,2117,5,70,2220,2.8,2379,70,20.4,48,1422,66.1,24,1002.5,1011,2345,1007,1740,1009.3,14,6.3,1300,2.62,16.65,,,,,,7.5,5.5,31,22.1,,,,,,,,,,,,,-{천둥}-0005. {뇌전}{강도1}(SE 1-2)0015-{뇌전}{강도2}(SE 1-2)0022-{뇌전}{강도2}(SE{이동}Z 1-2)0028-{뇌전}{강도0}(Z{이동}NW 2-3)0045-0055.  -{소나기}-0140. -{박무}-{박무}{강도0}0300-{박무}{강도0}0600-{박무}{강도0}0900-0930.,
143,대구,1997-07-31,27.5,23.7,558,31.8,1458,,,,,,,7.1,70,556,4.2,50,909,2.9,2524,70,20.7,52,1641,67.5,24.5,1003.8,1011.5,2254,1009.4,1820,1010.8,14,6.3,1000,2.45,18.69,,,,,,4.6,2.5,33.5,22.6,,,,,,,,,,,,,,
143,대구,1997-08-01,29,24.2,336,35.5,1412,,,,,,,5.7,70,28,4,70,144,1.5,1328,70,21.6,46,1342,66,25.8,1004.6,1012.9,927,1009.6,1803,1011.4,14,5.2,1300,2.68,14.84,,,,,,5.4,3.9,33.9,22.3,,,,,,,,,,,,,{박무}0520-{박무}{강도0}0600-{박무}{강도0}0900-1050.  {연무}1040-{연무}{강도0}1200-1330.,
143,대구,1997-08-02,30.1,24.3,555,36.1,1443,,,,,,,8.2,180,1230,5.3,230,1143,1.8,1514,230,21,40,1455,59.9,24.9,1004.6,1012.7,840,1009.1,1730,1011.4,13.9,9.2,1200,2.92,19.59,,,,,,3.9,2.8,35.8,20.7,,,,,,,,,,,,.3,{박무}0220-{박무}{강도0}0300-{박무}{강도0}0600-{박무}{강도0}0900-1020.,
143,대구,1997-08-03,28.2,24.9,2011,34.6,1250,4.37,1,857,1.5,845,2.9,12.5,200,1601,7.3,200,1600,1.6,1420,200,23,50,1245,74.8,28.1,1002.8,1011.9,118,1007.4,1500,1009.7,13.9,4.9,1100,2.67,14.08,,,,,,6.3,4.4,29.5,22.2,,,,,,,,,,,,8.4,{소나기}0845-{소나기}{강도0}0900-0945. {소나기}1258-1310. {소나기}1545-{소나기}{강도0}1800-1855.  {천둥}{강도0}(N)1604-{천둥}{강도0}(N{이동}E)1612-{천둥}{강도1}(E)1620-{천둥}{강도0}(E)1630-1638.,
143,대구,1997-08-04,23.9,21.6,2314,25.4,52,18.45,7,2254,18,2222,63.2,11,180,1620,5.3,230,1927,1.1,985,200,21.7,75,1640,87.8,25.9,998.8,1009.3,0,1002.7,2204,1005.8,13.9,0,1200,.51,3.17,,,,,,9.8,6.3,24.9,21,,,,,,,,,,,,60.6,{번개}{강도0}(NW)0235-0255.  {뇌전}{강도0}(SE 2-3)2245-2248. {비}0518-0550. {비}0605-{비}{강도0}0900-{비}{강도1}1200-{비}{강도0}1500-{비}{강도0}1800-{비}{강도0}2100-{비}{강도0}2400-,
143,대구,1997-08-05,26.5,21.6,110,32.4,1528,3,.6,0,1.7,227,3.2,7,140,1247,5,20,1440,1.3,1128,50,18.9,37,1604,66,21.9,996.9,1005.8,2400,1002.4,358,1003.8,13.8,8.2,1300,3.08,22.11,,,,,,6,3.8,29.2,20.4,,,,,,,,,,,,,-{비}-0005. {비}0150-{비}{강도0}0300-0445. {박무}0320-{박무}{강도0}0600-0830.,
143,대구,1997-08-06,28.2,21.4,618,35.6,1526,,,,,,,6.5,230,1254,3.7,50,2050,1.5,1294,50,20,30,1506,62.8,23.4,997.9,1006.1,2330,1003.2,1735,1004.7,13.8,10,1300,2.96,22.49,,,,,,3.3,3,31.2,19.3,,,,,,,,,,,,,{박무}0730-{박무}{강도0}0900-1040.,
143,대구,1997-08-07,26.4,23.7,602,30.1,1526,.92,0,,0,,0,5.8,230,1236,3.3,50,1800,.9,779,50,22.3,60,1541,78.3,27,999,1007.3,2200,1005.3,335,1005.9,13.8,.2,1500,.98,6.65,,,,,,6.6,2.8,28,21.4,,,,,,,,,,,,0,{비}1150-{비}{강도0}1200-1245. {박무}0130-{박무}{강도0}0300-{박무}{강도0}0600-{박무}{강도0}0900-1120.,
143,대구,1997-08-08,29.3,26.1,555,33.4,1245,2,1.5,2300,1.5,2250,1.5,8.1,110,1658,4.3,110,1640,1.9,1680,140,22.9,52,1403,69.4,28,996.6,1006.7,0,999.9,2400,1003.4,13.8,2.7,1200,1.76,10.91,,,,,,7.6,4.8,30.1,23.8,,,,,,,,,,,,10.3,{소나기}1903-1920.  {소나기}2050-{소나기}{강도0}2100-2110.  {소나기}2202-2215.  {소나기}2250-{소나기}{강도0}2400-,
143,대구,1997-08-09,28.5,25,555,33.5,1535,9.3,1.3,650,3.3,605,9.7,9.5,180,1630,6,180,1702,2.5,2140,230,23.3,55,1530,74.4,28.7,990.7,1002.9,2400,992,825,997.4,13.7,2.6,1300,2.18,11.39,,,,,,8,5,33.6,24.2,,,,,,,,,,,,49,-{소나기}-0010. {소나기}0040-0205. {비}0402-{비}{강도0}0600-{비}{강도0}0900-1145.,
143,대구,1997-08-10,24.1,22.4,1642,28.2,0,18.17,6.8,1537,18.2,1459,101.4,6.3,70,1558,3.5,70,1600,1.1,910,50,21.8,79,0,86.8,26.1,997.5,1007.5,2344,1002.2,120,1004.4,13.7,0,1600,.41,2.4,,,,,,10,6,24.9,21.8,,,,,,,,,,,,53.9,{비}0250-{비}{강도0}0300-{비}{강도0}0600-{비}{강도0}0900-{비}{강도0}1200-{비}{강도0}1500-1655. {비}1910-{비}{강도0}2100-2255.  {비}2320-2340.,
143,대구,1997-08-11,23.2,22.4,40,25.7,1340,10.67,.5,1005,1.3,1050,3.9,7.2,50,1312,4.3,50,1355,1.5,1300,50,20.5,72,1357,84.5,24,1001.9,1010.7,2400,1007.2,130,1008.8,13.7,0,1300,1.33,5.25,,,,,,10,5.9,24.8,22,,,,,,,,,,,,12.1,{비}0055-{비}{강도0}0300-0345. {비}0920-{비}{강도0}1200-1320. {비}1530-{비}{강도0}1800-1840. {비}2310-2340. {비}2350-{비}{강도0}2400-  {박무}0420-{박무}{강도0}0600-{박무}{강도0}0900-{박무}{강도0}1200-1240.,
143,대구,1997-08-12,23.5,22.1,2310,26.5,1310,9.5,2,352,3.9,320,8.8,10,20,1559,6.2,20,1620,2.5,2125,50,19.1,63,1658,76.9,22.2,1005.8,1014.6,2400,1010.7,0,1012.8,13.6,0,1200,1.42,8.66,,,,,,9,5.6,25.1,19.6,,,,,,,,,,,,0,-{비}-{비}{강도0}0300-{비}{강도0}0600-{비}{강도0}0900-0930.,
143,대구,1997-08-13,23.8,21.9,344,27.4,1602,.57,0,,0,,0,9,50,1254,6.7,50,1309,3,2564,50,18.5,59,1559,72.5,21.3,1007.5,1015.5,2234,1013.4,1544,1014.6,13.6,1.8,1200,1.97,13.81,,,,,,8,5.9,25.9,20.3,,,,,,,,,,,,0,{소나기}0706-0740.,
143,대구,1997-08-14,22.6,21.4,2330,23.6,1455,4.25,.1,1150,.2,1150,.4,8.3,50,1520,5.3,70,1553,2.3,1944,70,18.4,72,1612,77.3,21.2,1008.7,1017.7,2345,1014.3,540,1015.8,13.6,0,1200,.73,5.3,,,,,,9.4,4.8,23.5,19.5,,,,,,,,,,,,.4,{비}0350-0435. {비}1020-{비}{강도0}1200-1350.,
143,대구,1997-08-15,23.1,20.4,540,26.9,1442,,,,,,,12.3,50,1401,7.7,50,1400,2.4,2073,50,17.1,52,1500,69.6,19.5,1009.8,1018,820,1015.2,1550,1016.8,13.5,3.5,1400,2.79,14.12,,,,,,7.9,5.1,25.7,18,,,,,,,,,,,,,,
143,대구,1997-08-16,23.2,21.5,542,27,1508,,,,,,,9.5,50,1526,6.5,50,1520,3.4,2934,50,16.2,49,1342,65.6,18.5,1008,1017.2,0,1013.2,1632,1015,13.5,3.8,1500,1.91,13,,,,,,7.5,5.6,26,19,,,,,,,,,,,,,,
143,대구,1997-08-17,24.7,21,610,28.5,1458,,,,,,,9.9,50,1852,6.3,50,1910,3.1,2639,50,18.4,60,1218,68.4,21.2,1004.4,1014.2,0,1009.2,1705,1011.4,13.5,6.9,1400,2.61,17.82,,,,,,6,4.1,28.3,18.4,,,,,,,,,,,,,{달무리}2020-,
143,대구,1997-08-18,25.8,22.6,455,30.2,1558,2.35,5.1,2225,10.3,2225,11.8,7.9,50,1152,5.3,70,1054,2.8,2377,70,20,58,1557,71.3,23.5,1006.4,1016.3,2230,1011.1,420,1013.4,13.4,1.9,1100,2.11,13.1,,,,,,7.6,3.4,27.9,19.8,,,,,,,,,,,,11.8,- {달무리} -0210.  {소나기}1828 - 1837.  {소나기}2110 - 2142.  {소나기}2220-{비}2330-{비}{강도0}2400-,
143,대구,1997-08-19,25.8,23.4,130,29.4,1430,2.77,6.5,1632,14.3,1605,14.6,7.6,50,858,5,70,930,2.2,1860,70,22.1,69,1244,80.4,26.6,1010.2,1018.7,2327,1016.2,0,1017.1,13.4,0,900,1.35,9.06,,,,,,9.3,4.4,26.7,22.1,,,,,,,,,,,,14.6,-{비}-0030. {비}0752-0815. {비}1422-{비}{강도0}1500-1505. {비}1605-1715.  {박무}0120-{박무}{강도0}0300-{박무}{강도0}0600-{박무}{강도0}0900-{박무}{강도0}1200-{박무}{강도0}1500-{박무}{강도0}1800-{박무}{강도0}2100-{박무}{강도0}2400-,
143,대구,1997-08-20,27.6,24.2,550,31.4,1540,.73,.2,1355,.2,1344,.2,6.7,70,918,4,70,937,2.2,1883,70,22.3,60,1530,73.6,26.8,1009.2,1018.6,0,1014.4,1730,1016.1,13.4,2.5,1100,1.68,11.97,,,,,,8.5,4.4,27.8,21.7,,,,,,,,,,,,.2,-{박무}-{박무}{강도0}0300-{박무}{강도0}0600-{박무}{강도0}0900-{박무}{강도0}1200-1320. {소나기}1235-1248. {소나기}1344-1415.,
143,대구,1997-08-21,29,25.2,600,33.8,1442,,,,,,,12.1,180,1307,5.7,180,1553,2.7,2337,200,21.9,46,1403,67,26.3,1003.9,1014.9,0,1008.1,1820,1010.8,13.3,5.9,1300,2.28,14.36,,,,,,6.6,5.5,29.5,22.6,,,,,,,,,,,,1.3,,
143,대구,1997-08-22,26.2,21.7,603,31.3,1408,1.33,.6,56,1.3,35,1.3,8.4,230,1257,5.3,230,1720,2.6,2278,250,17.4,39,1418,59.1,19.9,1003,1011.4,920,1008.3,1645,1009.9,13.3,11,1200,3.01,22.35,,,,,,2.4,1.9,28.6,18.3,,,,,,,,,,,,,{비}0030-0150.  {박무}0210-{박무}{강도0}0300-0430.,
143,대구,1997-08-23,27.3,21.2,540,33.4,1555,,,,,,,7.4,230,1252,4.3,230,1302,2.4,2103,250,17.8,42,1457,57.5,20.4,1003.1,1011.9,830,1008.2,1740,1010.1,13.3,11,1200,2.96,22.11,,,,,,.8,.5,30.2,16.1,,,,,,,,,,,,,,
143,대구,1997-08-24,27.4,22.9,616,34.2,1406,,,,,,,11.3,50,2126,7,70,1910,2.7,2334,50,18.4,37,1357,58.8,21.2,1003.3,1012.3,2400,1008.2,1610,1010.1,13.2,9.9,1200,2.75,20.15,,,,,,1.5,1.3,32.7,18.1,,,,,,,,,,,,,,
143,대구,1997-08-25,24.5,22.5,2400,27.8,1432,,,,,,,9,50,1857,6,50,1754,3.5,3030,50,18,54,1437,67.5,20.6,1006.7,1015.3,2220,1012.2,216,1013.7,13.2,2.8,1300,2.15,12.85,,,,,,6.9,4.8,29.1,19,,,,,,,,,,,,,,
143,대구,1997-08-26,25.5,20.1,555,30.8,1658,,,,,,,5.5,70,16,3.7,90,1948,1.7,1439,70,17.8,44,1447,64.6,20.4,1007.9,1016.1,742,1013.1,1650,1014.9,13.2,8.6,1100,2.71,17.6,,,,,,2.8,2.3,28.3,17.5,,,,,,,,,,,,,,
143,대구,1997-08-27,26.9,21.8,630,32.4,1538,,,,,,,5.7,290,1432,3.5,270,1450,1,862,270,19.7,43,1610,66.5,22.9,1007.6,1016.2,810,1012.7,1620,1014.6,13.1,8.3,1200,2.48,17.33,,,,,,2,.9,30.8,17.2,,,,,,,,,,,,,{박무}0340-{박무}{강도0}0600-{박무}{강도0}0900-1020.  {연무}1015-{연무}{강도0}1200-{연무}{강도0}1500-1720. {박무}2140-{박무}{강도0}2400-,
143,대구,1997-08-28,28.1,22.7,624,34.3,1557,,,,,,,7.9,230,1552,4.5,200,1800,1.7,1436,230,19.2,34,1627,61.3,22.3,1005.7,1014.5,0,1010.3,1632,1012.6,13.1,9.6,1200,2.81,18.19,,,,,,1.4,1.1,31.7,18.5,,,,,,,,,,,,0,-{박무}-{박무}{강도0}0300-{박무}{강도1}0600-{박무}{강도0}0900-1030.  {연무}1020-1140.,
143,대구,1997-08-29,25.9,22.3,557,30.7,1422,.28,0,,0,,0,5,230,1847,3,230,1852,1.1,944,230,19.9,50,1508,70.3,23.3,1008.3,1016.8,858,1013.9,1738,1015.3,13.1,.7,1300,1.61,9.37,,,,,,5.8,2.6,28.5,18.5,,,,,,,,,,,,0,{박무}0140-{박무}{강도0}0300-{박무}{강도0}0600-{박무}{강도0}0900-1030. {소나기}0805-0810. {소나기}1118-1130.,
143,대구,1997-08-30,28.4,22.6,620,34.4,1409,,,,,,,5.8,270,1713,3.3,230,1120,1.3,1126,250,21,43,1408,65.8,24.8,1007.9,1016.9,850,1012.6,1806,1014.8,13,7.4,1100,2.62,16.2,,,,,,3.5,3,32.6,19.2,,,,,,,,,,,,,{박무}0120-{박무}{강도0}0300-{박무}{강도0}0600-0730.,
143,대구,1997-08-31,28.8,24.5,534,34.4,1438,,,,,,,7.1,230,1355,4.7,230,1246,1.9,1610,270,21.5,47,1416,65.9,25.6,1004.1,1013.7,0,1008.7,1612,1011,13,6.9,1300,2.19,14.39,,,,,,4.3,2.3,31.8,21.3,,,,,,,,,,,,,,
143,대구,1997-09-01,30.5,24.7,620,36.5,1558,,,,,,,6.8,200,2058,4.2,200,1758,2.1,1773,230,21.3,41,1430,59.8,25.4,1000.8,1010.5,0,1004.4,1720,1007.6,12.9,9.7,1200,2.71,19.34,,,,,,1.8,1.3,35.2,20.8,,,,,,,,,,,,,{박무}0220-{박무}{강도0}0300-{박무}{강도0}0600-{박무}{강도0}0900-0920.,
143,대구,1997-09-02,28.2,24.1,2400,33.5,1548,2.12,3.6,1912,4.6,,5.7,10.4,230,1756,5,200,1530,1.5,1335,320,22.5,49,1653,72.6,27.3,996.7,1006.2,0,1000.7,1622,1003.5,12.9,1.9,1500,1.31,8.93,,,,,,7.4,3.4,30.8,22.5,,,,,,,,,,,,6.5,{소나기}1337-1345. {소나기}1758-{소나기}{강도0}1800-1835. {비}1908-1955. {비}2325-{비}{강도0}2400-   {뇌전}{강도0}(NW 2-3)1755-{뇌전}{강도0}(NW 2-3)1800-1802.,
143,대구,1997-09-03,22.6,20.5,2400,27.4,1442,1.33,.3,103,.6,13,.8,10.5,50,1621,6.7,50,1623,3,2633,50,15.9,47,1435,66.8,18.2,999,1009.8,2400,1003,157,1005.9,12.9,4.9,1300,2.77,15.72,,,,,,8.6,5.1,25.4,19,,,,,,,,,,,,,-{비}-0120.,
143,대구,1997-09-04,22.4,17.8,626,27.9,1450,,,,,,,6.3,50,1650,4.5,50,1740,2.4,2054,50,14.2,43,1407,61,16.2,1004.5,1014,2305,1009.8,0,1011.6,12.8,5.7,1200,2.71,16.27,,,,,,7.5,4,24.9,16.2,,,,,,,,,,,,,,
143,대구,1997-09-05,23,18.3,632,28.7,1304,,,,,,,5.3,90,1622,3.5,90,1630,1.7,1485,20,16.5,49,1540,67.6,18.8,1007.2,1015.3,950,1013.2,1850,1014.3,12.8,2.9,1100,1.9,11.89,,,,,,5.6,1.9,24.7,16,,,,,,,,,,,,,{연무}1120-{연무}{강도0}1200-{연무}{강도0}1500-1540.,
143,대구,1997-09-06,23.3,18,620,28.9,1340,,,,,,,9.3,50,1417,5.5,50,1423,2.3,1988,50,14.6,39,1437,60.8,16.7,1007.3,1015.4,645,1012.8,1420,1014.3,12.8,5.4,1100,2.36,15.38,,,,,,5.4,3.6,26.1,15.3,,,,,,,,,,,,,,
143,대구,1997-09-07,24.2,17.8,610,31.2,1605,,,,,,,8.7,70,2008,5,70,1850,1.8,1533,50,13.8,31,1240,54.4,15.8,1008.2,1017,2330,1013.7,1500,1015.2,12.7,9.9,1200,2.82,20.35,,,,,,.3,0,28.2,13.6,,,,,,,,,,,,,,
143,대구,1997-09-08,24.7,17.2,625,32.8,1608,,,,,,,4,270,1658,2.7,20,210,1,848,20,15.6,32,1507,60.3,17.8,1009.1,1018.2,910,1013.7,1650,1016.1,12.7,9.6,1200,2.53,18.09,,,,,,0,0,28.5,13.2,,,,,,,,,,,,,,
143,대구,1997-09-09,26.4,19.4,510,34.2,1542,,,,,,,7,230,1314,4.5,230,1313,1.8,1548,270,16.1,25,1532,57.5,18.4,1006.9,1015.5,720,1011.5,1627,1013.9,12.7,10.7,1200,2.66,18.45,,,,,,0,0,30.3,14.5,,,,,,,,,,,,,{박무}0420-{박무}{강도0}0600-{박무}{강도0}0900-1020. {박무}2320-{박무}{강도0}2400-   {연무}1010-1115.,
143,대구,1997-09-10,26.1,21.6,630,32,1519,,,,,,,7.7,70,2053,5,70,2046,1.9,1628,70,18.2,42,1510,63.6,20.9,1008.1,1016.5,820,1012.6,1550,1015.1,12.6,7.6,1200,2.4,14.67,,,,,,5.1,2.9,29.6,16.2,,,,,,,,,,,,,-{박무}-{박무}{강도0}0300-{박무}{강도0}0600-0840.,
143,대구,1997-09-11,24.2,21.6,456,29.2,1425,,,,,,,10,50,1843,5.3,50,1810,2.8,2384,50,17.9,47,1422,69,20.6,1008.3,1017.2,2320,1013.4,1440,1015.3,12.6,2,1100,2.28,14.88,,,,,,8.1,5.8,29.2,18.9,,,,,,,,,,,,,{박무}0110-{박무}{강도0}0300-{박무}{강도0}0600-{박무}{강도0}0900-1120. {연무}1115-{연무}{강도0}1200-{연무}{강도0}1500-1540.,
143,대구,1997-09-12,23.5,20.6,624,28.6,1427,,,,,,,10.8,50,1912,7,50,1649,3.8,3242,50,16.7,47,1428,67.1,19.1,1010.9,1020.3,2134,1016.2,1518,1017.9,12.5,7.1,1200,2.2,15.09,,,,,,3.5,2.8,29.5,16.8,,,,,,,,,,,,,,
143,대구,1997-09-13,21.5,18.8,620,26.6,1220,.25,0,,0,,0,13.7,50,1808,8,50,1610,2.6,2245,70,15.6,57,1427,69.6,17.8,1013.4,1021.9,2158,1018.4,1635,1020.5,12.5,3.3,1100,1.5,8.81,,,,,,7.1,3.6,24.9,14.6,,,,,,,,,,,,0,{박무}0420-{박무}{강도0}0600-0640. {소나기}1325-1340.,
143,대구,1997-09-14,20.6,18,435,22.6,1455,,,,,,,10.1,360,2246,5,50,1150,1.9,1668,360,13.5,54,1740,64.1,15.5,1012.4,1021.5,0,1018.3,1443,1019.5,12.5,0,1100,.75,4.75,,,,,,7.6,5.9,22,14.8,,,,,,,,,,,,,,
143,대구,1997-09-15,20,16.2,2400,23.4,1208,6.83,.3,1740,.6,2130,2,17.8,20,657,9.3,20,744,4.8,4140,20,10.7,41,1206,56.9,12.9,1012.3,1020.4,1042,1018.2,344,1019.4,12.4,5.1,1100,2.24,12.58,,,,,,8.9,4.8,23,14.4,,,,,,,,,,,,6,{소나기}1620-{소나기}{강도0}1800-1945.  {비}2035-{비}{강도0}2100-{비}{강도0}2400-,
143,대구,1997-09-16,18.8,15.7,640,21.2,1720,9.33,.7,554,2.6,554,4.3,6.8,20,1601,4.3,20,1605,1.2,1002,70,14.9,63,1608,78.6,17,1006.6,1018.7,0,1011,1655,1013.7,12.4,0,1000,.76,4.62,,,,,,9.9,6.1,20,14.2,,,,,,,,,,,,.3,-{비}-{비}{강도0}0300-0420. {비}0525-{비}{강도0}0600-0730. {비}0820-0855. {비}0920-1015. {비}1355-{비}{강도0}1500-1520. {박무}0120-{박무}{강도0}0300-{박무}{강도0}0600-0740.,
143,대구,1997-09-17,22.2,16.8,625,28.6,1553,,,,,,,7.2,250,1638,5.3,250,1640,1.6,1345,250,13.9,36,1540,61.4,15.9,1008.5,1017.6,2336,1013.3,34,1015.6,12.4,8.6,1200,2.58,19.05,,,,,,4.8,3.9,23.9,12,,,,,,,,,,,,,,
143,대구,1997-09-18,21.2,16.6,632,27.5,1407,,,,,,,8.4,270,1852,4,270,1854,1.6,1367,270,11.7,37,1656,56.8,13.9,1008.5,1017.6,0,1013,1522,1015.6,12.3,8.3,1100,2.63,15.56,,,,,,3,2.9,22.1,11.6,,,,,,,,,,,,,,
143,대구,1997-09-19,19.3,13.2,630,25.9,1448,,,,,,,8.1,50,1912,4.7,50,1903,2.5,2200,250,8.6,30,1718,51.9,11.3,1009.1,1018.3,2345,1014.2,1536,1016.3,12.3,9.1,1200,2.79,19.51,,,,,,.5,.5,22.7,6.1,,,,,,,,,,,,,,
143,대구,1997-09-20,19.2,13.6,555,26,1346,,,,,,,5.2,250,1302,3.3,250,1340,1.1,980,230,10.4,32,1358,59.8,12.6,1010.1,1018.8,808,1015.3,1446,1017.3,12.2,3.2,1200,2.29,12.05,,,,,,7.8,7.1,21.2,10,,,,,,,,,,,,,,
143,대구,1997-09-21,18.1,14,632,23.7,1424,,,,,,,8,50,1814,6.3,50,1827,2.1,1780,250,7.3,28,1432,51.4,10.3,1013.4,1023.4,2354,1017.9,56,1020.6,12.2,6.5,1200,2.34,14.37,,,,,,6.6,6,21.1,9.1,,,,,,,,,,,,,,
143,대구,1997-09-22,17.6,11.7,625,23.6,1346,,,,,,,11,50,1604,7,50,1528,1.9,1665,50,9.5,39,1550,60.9,11.9,1016.8,1025.7,2240,1022,1505,1024,12.2,6.6,1400,2,14.41,,,,,,3.8,3.1,21.8,6.9,,,,,,,,,,,,,,
143,대구,1997-09-23,18,12.1,640,24.2,1210,,,,,,,10.6,50,1553,6.3,50,1550,1.6,1372,50,9.6,38,1440,60.3,12,1018.2,1026.9,830,1023.3,1535,1025.5,12.1,6.5,1100,2.26,12.85,,,,,,1.5,1,19.7,7,,,,,,,,,,,,,,
143,대구,1997-09-24,17.3,11.7,620,23,1322,,,,,,,7.7,50,1424,5.2,50,1421,1.7,1458,50,9.1,34,1322,60.9,11.6,1017.5,1026.7,0,1022.8,1615,1024.8,12.1,6.8,1100,2.03,12.59,,,,,,6.6,3.9,19.2,6.1,,,,,,,,,,,,0,,
143,대구,1997-09-25,17.7,14.7,555,21,1415,3.5,.5,1931,1.2,1920,1.2,6.9,70,1632,4.3,70,1635,1,900,50,13.1,60,1147,75.3,15.2,1009.1,1023.7,0,1012.3,2342,1016.3,12.1,0,1000,1.01,5.11,,,,,,10,5.8,19.6,12.8,,,,,,,,,,,,1.2,{비}0630-0720. {비}1348-1358. {비}1725-{비}{강도0}1800-1810. {비}1835-2020. {박무}2010-{박무}{강도0}2100-{박무}{강도0}2400-,
143,대구,1997-09-26,17.7,15.4,2400,23.8,1501,1.65,2.5,1526,2.9,1522,3,17.3,230,1517,6.3,230,1530,1.7,1499,250,12,44,1503,70.3,14.2,1002.1,1012.3,0,1006.1,1520,1009.2,12,2.2,1400,1.87,8.34,,,,,,7.1,4.5,20.6,11.4,,,,,,,,,,,,3,-{박무}-{박무}{강도0}0300-{박무}{강도0}0600-{박무}{강도0}0900-1040. {비}1120-{비}{강도0}1200-1221. {비}1340-1345. {소나기}1522-1555. {뇌전}{강도0}(NW 1-2)1522-1528.,
143,대구,1997-09-27,18.5,13.3,545,24.7,1322,,,,,,,8,250,1528,4,250,930,1.5,1286,250,8.9,32,1428,55.5,11.5,1005.6,1016.3,2332,1008.8,0,1012.8,12,9.3,1200,2.49,16.65,,,,,,4.5,4.5,21.2,8.2,,,,,,,,,,,,,,
143,대구,1997-09-28,18.1,13.5,445,24.6,1442,,,,,,,8.8,230,1036,4.3,270,1503,1.4,1199,250,8.4,29,1502,56.5,11.1,1010.1,1019.1,2400,1015.8,50,1017.3,11.9,9.3,1200,2.61,17.17,,,,,,2,2,20.4,7.5,,,,,,,,,,,,,{박무}0430-{박무}{강도0}0600-0740.,
143,대구,1997-09-29,17.3,10.7,650,24.2,1357,,,,,,,6.1,270,1246,2.8,250,1320,.8,678,320,8.5,32,1610,59.4,11.1,1013,1022.3,2400,1018.6,1520,1020.2,11.9,8,1100,2.37,14.6,,,,,,1.6,1.6,19.8,6.6,,,,,,,,,,,,,{연무}0940-{연무}{강도0}1200-1240.,
143,대구,1997-09-30,18.3,10.9,650,26.5,1414,,,,,,,4.1,70,2040,2.7,70,2040,.6,500,50,8.4,28,1405,56.3,11.1,1016.3,1025.5,2335,1021.5,1536,1023.5,11.9,8.8,1200,2.11,13.92,,,,,,2.4,.9,21,5.6,,,,,,,,,,,,,{박무}0320-{박무}{강도0}0600-{박무}{강도0}0900-0940.  {연무}0920-1150.,
143,대구,1997-10-01,18.5,11.8,620,25.2,1416,,,,,,,7.2,70,1644,5,20,1718,1.9,1657,50,10.3,32,1410,61.9,12.6,1017.6,1026.9,910,1023.1,1553,1024.9,11.8,5.7,1100,2.15,13.2,,,,,,5.3,.8,20.1,8.1,,,,,,,,,,,,,{박무}0420-{박무}{강도0}0600-0820.,
143,대구,1997-10-02,20.2,14.2,650,27.5,1455,,,,,,,8.5,50,1916,5,50,1710,1.4,1230,50,11.9,28,1514,62.3,14,1016.1,1024.5,750,1021,1530,1023.3,11.8,8.7,1200,2.44,15.97,,,,,,2.4,1.1,23.8,8.8,,,,,,,,,,,,,,
143,대구,1997-10-03,20.2,13.7,557,27.6,1424,,,,,,,5.4,50,407,4,50,407,.9,762,50,11.8,24,1304,61.8,13.9,1014.3,1024.5,145,1019,1644,1021.5,11.8,6.6,1200,2.4,13.8,,,,,,5.8,3,23.7,7.9,,,,,,,,,,,,,,
143,대구,1997-10-04,20.3,15.6,620,26.8,1205,1.78,.2,2020,.6,2020,.8,6,290,1442,3.3,230,1142,1.2,996,290,12.8,35,1332,65.5,14.9,1009.7,1020,0,1014.5,1540,1016.8,11.7,2,1100,1.81,9.94,,,,,,8.4,4.5,22.2,10.2,,,,,,,,,,,,.8,{박무}0615-{박무}{강도0}0900-0940. {박무}2120-{박무}{강도0}2400-  {비}2003-{비}{강도0}2100-2150.,
143,대구,1997-10-05,17.6,12.8,615,23.8,1525,,,,,,,8.2,50,1816,5.7,50,1802,2.3,1948,270,8.9,34,1610,58,11.4,1011.3,1021.1,2400,1016.3,30,1018.4,11.7,8.7,1100,2.24,15.28,,,,,,2.1,1.6,20.9,6.2,,,,,,,,,,,,,-{박무}-0210.,
143,대구,1997-10-06,18,11.2,657,25.7,1442,,,,,,,7.3,230,1458,4.5,160,1323,1.2,1027,230,7.9,29,1446,55.5,10.7,1012.4,1021.6,752,1016.8,1656,1019.5,11.6,7.9,1200,2.31,15.26,,,,,,2.3,2.3,21.7,5.8,,,,,,,,,,,,,,
143,대구,1997-10-07,17.5,10.7,645,25.5,1322,,,,,,,11.3,200,1355,7.7,200,1403,2.2,1878,250,8.1,38,1820,55,10.8,1011.1,1020.6,2400,1015,1520,1018.3,11.6,5.5,1200,2.18,13.17,,,,,,2.6,2.5,19.1,3.5,,,,,,,,,,,,,,
143,대구,1997-10-08,16.1,11.7,540,21.9,1425,,,,,,,8.5,270,1025,5,270,1040,2.2,1930,290,4.3,27,1523,47.3,8.4,1015.5,1023.8,2400,1020.6,0,1022.7,11.6,9,1200,2.45,16.17,,,,,,1,1,19.7,5.8,,,,,,,,,,,,,,
143,대구,1997-10-09,15.7,7.6,543,23.9,1416,,,,,,,6.2,230,1359,4.2,230,1400,1.3,1080,230,3.8,23,1356,49,8,1012.4,1023.8,0,1016,1740,1019.6,11.5,9.4,1200,2.35,15.18,,,,,,.8,.3,18.6,.2,,,,,,,,,,,,,,
143,대구,1997-10-10,17.7,10.6,650,26.2,1329,,,,,,,13,200,1403,8,200,1410,2.6,2204,200,8.6,39,2238,56.1,11.4,1005.4,1017.6,0,1008.4,1540,1012.6,11.5,5.6,1200,1.99,11.19,,,,,,1.9,.6,17.6,3.4,,,,,,,,,,,,,,
143,대구,1997-10-11,14.9,8.8,706,20.2,1503,,,,,,,13.6,250,1305,7.3,270,1350,3.3,2854,270,2.1,30,1112,42.8,7.2,1009.4,1018.3,858,1014.7,0,1016.7,11.5,7.8,1200,2.35,14.4,,,,,,3,3,17.9,1,,,,,,,,,,,,,,
143,대구,1997-10-12,13.5,7.8,657,20.1,1404,,,,,,,9.4,250,1515,6,250,940,2.4,2076,270,1.2,25,1457,44.5,6.7,1011.6,1020.9,903,1017.2,0,1018.9,11.4,10.4,1200,2.35,15.68,,,,,,.1,0,16.4,1,,,,,,,,,,,,,,
143,대구,1997-10-13,15,7.4,642,23.2,1525,,,,,,,5.5,250,1545,3.7,230,1037,1.4,1230,250,3.6,26,1524,48.8,8,1010,1020.5,823,1014.5,2222,1017.3,11.4,8.8,1200,2.12,13.75,,,,,,0,0,16.8,.8,,,,,,,,,,,,,,
143,대구,1997-10-14,18,13.3,130,24.8,1446,,,,,,,10.4,270,1343,6,270,1350,1.9,1611,270,6.4,27,1613,49.4,9.8,1007.5,1019.9,2400,1011.9,510,1014.6,11.3,8,1200,2.06,13.4,,,,,,1.4,0,19.3,6.6,,,,,,,,,,,,,{박무}0430-{박무}{강도0}0600-{박무}{강도0}0900-1040.,
143,대구,1997-10-15,14.8,7.7,702,21.7,1457,,,,,,,4.5,180,1246,2.8,180,1247,.9,818,20,5.1,29,1527,55.6,8.9,1013.6,1022.8,2140,1019.3,1434,1020.9,11.3,6,1100,1.82,12.14,,,,,,2,0,16.2,.7,,,,,,,,,,,,,,
143,대구,1997-10-16,16.1,8.5,710,24.8,1413,,,,,,,5.3,250,1335,3.5,230,1403,.7,578,230,5.8,23,1454,56.4,9.4,1013.7,1023.5,850,1018.3,1810,1021,11.3,9,1200,2,12.91,,,,,,.3,0,17.6,3.4,,,,,,,,,,,,,{박무}0430-{박무}{강도0}0600-{박무}{강도0}0900-0940.,
143,대구,1997-10-17,17.7,10.5,708,25.9,1311,,,,,,,9,250,1520,6.3,230,1540,1.5,1318,250,8.2,36,1255,56.3,10.9,1010,1020.4,0,1014,1550,1017.2,11.2,3,1200,1.92,10.73,,,,,,.6,.6,17.7,3,,,,,,,,,,,,,{박무}0620-{박무}{강도0}0900-1020.  {연무}1015-{연무}{강도0}1200-1340.,
143,대구,1997-10-18,17,11.4,637,24.6,1416,,,,,,,7.4,250,1257,4.5,270,1217,1.3,1103,230,5.9,27,1554,50.4,9.4,1011.6,1020.4,2342,1017.2,0,1018.8,11.2,10,1200,2.18,13.73,,,,,,0,0,18.9,3.4,,,,,,,,,,,,,,
143,대구,1997-10-19,17.6,7.6,730,27.7,1527,,,,,,,8.1,230,1520,5,230,1540,1.2,1065,20,6.7,25,1520,52.8,9.9,1009.1,1020.4,0,1012.6,1730,1016.3,11.2,9.3,1100,1.96,12.71,,,,,,0,0,18.9,1.3,,,,,,,,,,,,,,
143,대구,1997-10-20,21.7,15.1,710,29.1,1425,,,,,,,11.3,200,1629,5.2,200,1620,1.9,1658,200,11.6,36,1635,54.6,13.7,1006.4,1016.5,915,1010.8,1535,1013.4,11.1,7.8,1100,1.7,10.62,,,,,,.6,0,21.1,7.4,,,,,,,,,,,,,{박무}0640-{박무}{강도0}0900-1115.  {연무}1110-{연무}{강도0}1200-1440.,
143,대구,1997-10-21,22.5,17,628,30.7,1430,,,,,,,6,270,1613,4.2,270,1606,1.3,1088,320,10.6,29,1606,48.6,12.8,1005.7,1015.1,2247,1010.3,1520,1012.7,11.1,8.4,1200,1.87,11.64,,,,,,0,0,21.9,8.4,,,,,,,,,,,,,,
143,대구,1997-10-22,18.7,12.6,640,27.3,1440,.53,.9,1656,1,,1,9.8,200,1700,4.3,180,1657,1.5,1278,20,11.8,37,1431,66.5,13.9,1007.9,1016.5,920,1013,1430,1015.1,11.1,7,1200,1.95,10.95,,,,,,4.5,2.4,20.3,7.4,,,,,,,,,,,,1,{박무}0120-{박무}{강도0}0300-{박무}{강도0}0600-0840. {박무}2140-{박무}{강도0}2400- {비}1650-1712. {비}2115-2125.,
143,대구,1997-10-23,21.1,14.8,730,28.9,1405,.75,0,,0,,0,6.7,200,1329,4,230,1315,.9,802,230,11,28,1458,56.5,13.2,1009.2,1018.2,2255,1014.7,1420,1016.3,11,8,1200,1.99,12.19,,,,,,1,1,21.8,7.6,,,,,,,,,,,,,-{박무}-{박무}{강도0}0300-{박무}{강도0}0600-{박무}{강도0}0900-1115.  {비}0055-0140.,
143,대구,1997-10-24,16.2,10.6,2400,22.3,1125,,,,,,,11.8,270,1422,6.2,270,1420,2.5,2125,270,3.9,21,1642,48.8,9.2,1012.8,1023.8,2356,1017.6,302,1020,11,3.1,1400,1.28,7.26,,,,,,3.1,.6,16.5,6.3,,,,,,,,,,,,,{박무}0820-{박무}{강도0}0900-1030.  {연무}1010-{연무}{강도0}1200-1320.,
143,대구,1997-10-25,10.4,6,625,14.8,1353,,,,,,,12.7,270,1240,7.7,270,1218,3.9,3338,250,-.9,32,0,45.8,5.7,1015.1,1025.1,858,1020.3,1510,1022.6,11,8.2,1200,2.08,12.99,,,,,,2.8,2.3,12.9,1,,,,,,,,,,,,,,
143,대구,1997-10-26,11,5.6,657,16.5,1403,,,,,,,14,250,1613,8.3,250,1610,3.7,3185,250,.7,36,1353,49,6.4,1013.5,1023,825,1018.1,1515,1020.9,10.9,7.4,1100,2.18,11.95,,,,,,1.9,1.9,13.1,-.9,,,,,,,,,,,,,,
143,대구,1997-10-27,10.4,6.2,706,15.7,1446,,,,,,,11.6,270,908,6.3,270,913,2.8,2412,270,-1,30,1352,46.4,5.7,1017.5,1028.4,2350,1021.1,0,1025,10.9,9.9,1200,2.13,13.35,,,,,,.1,.1,13,-1.2,,,,,,,,,,,,,,
143,대구,1997-10-28,9.9,3.6,655,16.4,1322,,,,,,,8,230,1425,4.3,230,1430,1.5,1331,270,2.4,43,1318,60.8,7.3,1018.8,1028.9,910,1024.1,1503,1026.3,10.9,5.7,1100,1.86,9.61,,,,,,2.5,2,10.4,-3.8,,,,,,,,,,,,,,
143,대구,1997-10-29,10.7,5.2,642,17.5,1240,.15,0,,0,,0,10.3,270,2359,6.7,230,1450,2.4,2064,230,3.9,42,1225,64.4,8.1,1016.5,1026.1,220,1022.2,1920,1024,10.8,3.1,1100,1.67,7.55,,,,,,4.8,3.1,10.7,-2.4,,,,,,,,,,,,0,{비}2106-2115.,
143,대구,1997-10-30,7.9,3.4,2348,12.1,1450,1.75,.3,2257,.6,2250,.6,12,270,6,7,270,27,3.5,3052,270,-1.2,38,1534,54.5,5.7,1017.9,1027,934,1024.3,0,1025.4,10.8,7.7,1200,2.05,10.73,,,,,,5.9,4.6,11.1,2,,,,,,,,,,,,.6,{비}1120-1145.  {비}2230-2350.,
143,대구,1997-10-31,4.9,0,650,10.1,1512,,,,,,,9.6,250,1450,6.2,270,1440,3.4,2939,250,-5.2,33,1427,49.3,4.2,1021.3,1030.9,2324,1026.4,31,1029,10.7,9.3,1200,2.06,12.76,,,,,,0,0,6.5,-3.5,,,,,,,,,,,,,{박무}0120-{박무}{강도0}0300-0540.,
143,대구,1997-11-01,8.1,1.7,558,16.2,1453,,,,,,,9,270,1003,4.3,270,1020,1.1,969,250,-3.7,25,1455,46.6,4.7,1024,1033,950,1029.8,1530,1031.6,10.7,9.3,1200,2.03,12.38,,,,,,0,0,9.1,-6.7,,,,,,,,,,,,,,
143,대구,1997-11-02,9.5,.7,624,19.5,1437,,,,,,,4.1,200,1413,2.5,200,1413,.6,504,250,-1.7,21,1625,49.5,5.4,1022.5,1033.2,36,1027.4,1809,1030,10.7,9.8,1200,1.99,12,,,,,,0,0,10.3,-7,,,,,,,,,,,,,,
143,대구,1997-11-03,11.1,2.9,650,18.7,1459,,,,,,,7.3,250,1229,4.7,250,1220,1.3,1149,230,1.5,31,1523,53.5,6.9,1018.4,1028,0,1023.5,1555,1025.8,10.6,8.8,1200,1.95,11.33,,,,,,0,0,10.7,-4.8,,,,,,,,,,,,,,
143,대구,1997-11-04,12.1,6,710,18.6,1448,,,,,,,3.3,230,329,2.3,230,325,.6,482,230,4.9,38,1447,63,8.7,1014.6,1025.2,0,1019.2,1510,1022,10.6,5.3,1200,1.43,8.2,,,,,,5,.8,11.5,.5,,,,,,,,,,,,,{박무}0510-{박무}{강도0}0600-{박무}{강도0}0900-1120.  {연무}1110-{연무}{강도0}1200-1440.,
143,대구,1997-11-05,11.9,5.2,728,19.4,1501,,,,,,,7.3,320,1646,4,320,1637,1.3,1115,270,4,34,1632,61.5,8.2,1016,1025.8,918,1021.2,1532,1023.4,10.6,8.1,1200,1.63,10.27,,,,,,.5,0,11.3,.5,,,,,,,,,,,,,{박무}0120-{박무}{강도0}0300-{박무}{강도0}0600-{박무}{강도0}0900-1140. {연무}1130-{연무}{강도0}1200-{연무}{강도0}1500-1540.,
143,대구,1997-11-06,12.2,6.8,620,19.3,1447,,,,,,,9.2,290,108,6.3,290,58,2.4,2052,270,2.3,29,1455,52.9,7.2,1019,1028.2,2400,1024.6,0,1026.4,10.6,8.9,1200,2.04,12.47,,,,,,0,0,12.4,1.8,,,,,,,,,,,,,,
143,대구,1997-11-07,11.1,3.2,707,18.2,1436,,,,,,,5,90,2020,3.3,90,2010,1.5,1284,50,4.4,42,1440,66.6,8.6,1021.1,1030.7,910,1026.5,1536,1028.5,10.5,5.9,1300,1.67,9.55,,,,,,5.1,1.1,11,-2,,,,,,,,,,,,,,
143,대구,1997-11-08,13,6.8,704,20.3,1350,,,,,,,4,180,1706,2.5,200,1243,1.2,1046,50,5.2,30,1445,63.1,8.9,1020.1,1029.3,852,1025,1457,1027.5,10.5,8.8,1200,1.92,10.76,,,,,,1.3,.9,13.6,1.2,,,,,,,,,,,,,{박무}0820-{박무}{강도0}0900-1140.,
143,대구,1997-11-09,12.8,6.2,735,20,1333,,,,,,,3.8,250,1242,3,250,1250,1.1,979,50,5.6,41,1652,64,9.2,1022.9,1032.3,851,1029.1,110,1030.3,10.5,6,1200,1.64,9.41,,,,,,2.5,.5,13.1,2.2,,,,,,,,,,,,,,
143,대구,1997-11-10,14.6,8,720,23,1418,,,,,,,6.3,250,1427,3.7,230,1340,1.4,1230,50,7.6,37,1430,65.1,10.4,1023.1,1032.8,853,1028.1,1540,1030.5,10.4,6.1,1300,1.8,10.5,,,,,,3.3,1.9,14.3,4,,,,,,,,,,,,,{연무}1040-{연무}{강도0}1200-1330.,
143,대구,1997-11-11,14.6,7.8,738,21.4,1415,,,,,,,3.5,230,1524,2.5,70,740,1,902,20,7.7,41,1540,65.8,10.5,1020.8,1031.3,845,1025.3,2400,1028.1,10.4,7.1,1100,1.65,9.32,,,,,,3.9,2.8,14.1,3.9,,,,,,,,,,,,13.3,{박무}0830-{박무}{강도0}0900-1130. {연무}1120-{연무}{강도0}1200-{연무}{강도0}1500-1640. {박무}2020-{박무}{강도0}2100-{박무}{강도0}2400-,
143,대구,1997-11-12,13.6,11.8,730,15.9,1920,16.65,,,,,44.2,10,90,2004,7.3,70,2018,1.6,1412,70,11.7,69,0,88.4,13.8,1010.7,1025.3,0,1012.5,1646,1018,10.4,0,1000,.28,1.21,,,,,,9.9,5.8,13,10.7,,,,,,,,,,,,30.9,-{박무}-{박무}{강도0}0300-{박무}{강도0}0600-{박무}{강도0}0900-{박무}{강도0}1200-{박무}{강도0}1500-{박무}{강도0}1800-{박무}{강도0}2100-2140. {비}0246-0255. {비}0345-{비}{강도0}0600-{비}{강도0}0900-0945. {비}1120-{비}{강도0}1200-{비}{강도0}1500-{비}{강도0}1800-1830. {비}1955-{비}{강도0}2100-2315.,
143,대구,1997-11-13,11.9,10.7,740,13.3,0,,,,,,,9.7,70,936,7.5,70,1100,4.3,3716,90,4.6,51,1643,61.6,8.6,1013.1,1022.8,925,1018.1,0,1020.5,10.3,1.6,1000,1.23,6,,,,,,9.3,7,11.9,9.8,,,,,,,,,,,,3.1,,
143,대구,1997-11-14,10.8,9.5,817,11.9,1523,11.42,,,,,12,3.4,250,1329,3,250,1340,1.2,1014,270,8.4,63,0,85.4,11.1,1009.7,1020.3,0,1015.3,1550,1017.1,10.3,0,1200,.36,1.83,,,,,,9.8,6.4,11.1,8.5,,,,,,,,,,,,8.9,{비}0440-{비}{강도0}0600-{비}{강도0}0900-{비}{강도0}1200-{비}{강도0}1500-1605. {박무}1540-{박무}{강도0}1800-{박무}{강도0}2100-{박무}{강도0}2400-,
143,대구,1997-11-15,11.9,8.4,2400,17.1,1458,,,,,,,5.8,230,1034,4.7,230,1058,1.9,1678,250,4,28,1555,61.9,8.3,1012.3,1022.1,2350,1017.5,425,1019.6,10.3,7.1,1200,1.82,10.86,,,,,,3.6,2.6,11.8,2.5,,,,,,,,,,,,,-{박무}-{박무}{강도0}0300-{박무}{강도0}0600-0840.,
143,대구,1997-11-16,9.9,4.6,640,16.6,1430,,,,,,,4.3,230,1228,3,270,1330,1.1,986,320,2.9,38,1558,64,7.5,1011.5,1022.1,0,1015.8,2315,1018.8,10.3,4.9,1100,1.71,9.83,,,,,,5.3,1,9,0,,,,,,,,,,,,,,
143,대구,1997-11-17,7,3.6,2240,9.6,257,,,,,,,15.7,290,1148,10,290,1233,5.2,4488,270,-1.4,42,1458,55.6,5.8,1007,1018.1,2400,1012.3,1459,1014.4,10.2,3.1,1300,1.73,6.31,,,,,,7,6,7.3,1.3,,,,,,,,,,,,0,,
143,대구,1997-11-18,3.7,1.5,2400,7.5,1418,.08,,,,,0,13.4,270,647,9,270,653,4.5,3931,270,-7.5,29,1420,44.6,3.5,1016.7,1029.9,2400,1018.1,0,1024.3,10.2,8.7,1200,1.93,11.82,,,,,,.5,.5,3.6,-1.2,,,,,,,,,,,,,{눈}0235-0240.,
143,대구,1997-11-19,4.6,-2.4,655,11.5,1506,,,,,,,4,230,1316,3,230,1310,1.4,1167,20,-4.7,29,1325,53.3,4.3,1023.5,1032.9,1050,1029.9,0,1031.2,10.2,6.2,1200,1.72,10.14,,,,,,4.5,1.3,4.9,-6.2,,,,,,,,,,,,0,,
143,대구,1997-11-20,9.4,4.8,755,15.4,1526,.25,,,,,0,3.6,110,2037,3.3,250,440,1.5,1260,250,-1.3,28,1446,48,5.6,1023.2,1032.5,952,1029.4,1540,1030.8,10.2,6.3,1100,1.74,9.5,,,,,,4.6,2.8,9.5,.4,,,,,,,,,,,,,{비}0225-0240.,
143,대구,1997-11-21,7.2,5.4,557,8.4,1750,13.88,,,,,16.8,4.8,70,1257,4,90,1318,1.7,1470,250,4.9,70,0,85.3,8.8,1013.9,1029.7,0,1013.4,2315,1021.5,10.1,0,1300,.32,1.36,,,,,,9.8,5.6,7.3,2.7,,,,,,,,,,,,19.1,{비}0935-{비}{강도0}1200-1245. {비}1317-{비}{강도0}1500-{비}{강도0}1800-{비}{강도0}2100-{비}{강도0}2400-  {박무}1440-{박무}{강도0}1500-{박무}{강도2}1800-{박무}{강도1}2100-{박무}{강도0}2400-,
143,대구,1997-11-22,10.9,8,2400,15,1351,6.33,,,,,2.3,4,230,36,3.5,230,47,1.5,1283,230,6.6,51,1350,76.6,9.8,1009.8,1020.4,2330,1013.1,20,1017.2,10.1,1.4,1000,1.66,5.99,,,,,,6.5,5,10.3,4.3,,,,,,,,,,,,,-{비}-{비}{강도0}0300-{비}{강도0}0600-0620.  -{박무}-{박무}{강도0}0300-{박무}{강도0}0600-0610.,
143,대구,1997-11-23,8.4,5,704,14.9,1516,,,,,,,4.1,230,1318,3.3,230,1407,1.1,983,20,3.9,42,1513,75.4,8.1,1013.2,1022.4,2400,1018.9,1423,1020.7,10.1,6.2,1200,1.49,7.11,,,,,,2,2,6.9,1.9,,,,,,,,,,,,,{박무}0030-{박무}{강도2}0300-{박무}{강도1}0600-{시정(미만)}{1km}{안개}0640-{시정(미만)}{0.5km}{안개}0815-{시정(미만)}{0.2km}{안개}0830-{시정(미만)}{0.1km}{안개}0840- {안개}{강도2}0900-{시정(이상)}{0.1km}{안개}0912-{시정(이상)}{0.2km}{안개}0925-{시정(이상)}{0.5km}{안개}0945-{시정(이상)}{1km}{박무}1050-{박무}{강도1}1200-1245.,4.17
143,대구,1997-11-24,7.9,1.3,825,15.9,1550,,,,,,,3,50,2217,2.7,70,2326,1.1,960,50,2.8,42,1540,72.6,7.5,1017,1027.3,915,1022.4,0,1024.5,10.1,5.3,1100,1.56,8.37,,,,,,3.3,1.3,6.8,-.8,,,,,,,,,,,,6.5,-{박무}-{박무}{강도0}0300-{박무}{강도0}0600-{시정(미만)}{1km}{안개}0620-{시정(미만)}{0.5km}{안개}0645-{시정(이상)}{0.5km}{안개}0820-{안개}{강도0}0900-{시정(이상)}{1km}{박무}1040-{박무}{강도1}1200-1240. {박무}1805-{박무}{강도0}2100-{박무}{강도0}2400-  {연무}1220-{연무}{강도0}1500-{연무}{강도0}1800-1820.,4.33
143,대구,1997-11-25,12.1,7.5,245,15.1,1810,18.3,,,,,33.8,8,90,1159,6.2,90,1202,2.2,1874,70,10.2,78,0,88.1,12.6,1005.7,1024.2,0,1006.7,1710,1013,10,0,1200,.31,1.31,,,,,,9.9,5.6,10.8,5.2,,,,,,,,,,,,27.9,-{박무}-{박무}{강도0}0300-{박무}{강도0}0600-{박무}{강도1}0900-{박무}{강도1}1200-{박무}{강도0}1500-{박무}{강도0}1800-{박무}{강도0}2100-{박무}{강도0}2400- {비}0402-{비}{강도0}0600-{비}{강도0}0900-{비}{강도0}1200-{비}{강도0}1500-{비}{강도0}1800-1950. {비}2040-{비}{강도0}2100-2310.,
143,대구,1997-11-26,14.2,10.7,2400,18.2,1110,2.75,,,,,.7,13.5,270,2030,8.7,270,2030,3.2,2742,270,8.4,52,2342,69.3,11.3,1003,1019.7,2400,1004.1,606,1010.2,10,.9,1000,1.4,5.28,,,,,,7.9,5.3,12.6,7.5,,,,,,,,,,,,.1,-{박무}-{박무}{강도0}0300-{박무}{강도1}0600-{박무}{강도0}0900-0910. {비}0440-{비}{강도0}0600-0640. {비}0850-{비}{강도0}0900-0905.  {비}1540-1610.,
143,대구,1997-11-27,9.2,6.2,720,13.4,1432,,,,,,,10.5,270,12,8,270,30,2.6,2288,270,-.8,32,1430,50.5,5.8,1020.8,1032.6,2122,1019.7,0,1028.4,10,5.2,1100,1.68,8.76,,,,,,4.1,2.6,8.1,1.8,,,,,,,,,,,,,,
143,대구,1997-11-28,11.3,6.6,140,15.6,1510,5.13,,,,,3.3,13,70,1629,7.8,70,1620,2.7,2357,70,5.6,57,1512,68.5,9.2,1019.5,1031.7,0,1021,2400,1027,10,0,1000,.67,4.07,,,,,,10,7.8,10.1,3.6,,,,,,,,,,,,22.1,{비}1605-1720.  {비}1925-1948.  {비}2030-{비}{강도0}2100-{비}{강도0}2400-,
143,대구,1997-11-29,10.6,9.3,2305,11.8,0,16.25,,,,,23.2,8.6,270,2024,5.2,270,2033,2.4,2088,270,7.6,66,2032,82.6,10.6,1008.3,1021.6,2400,1011.5,1305,1015.6,9.9,0,1200,.18,1.07,,,,,,9,5.6,10.7,7.5,,,,,,,,,,,,4.4,-{비}-{비}{강도0}0300-{비}{강도0}0600-{비}{강도0}0900-{비}{강도0}1200-{비}{강도0}1500-1615. {박무}0230-{박무}{강도0}0300-{박무}{강도0}0600-{박무}{강도0}0900-{박무}{강도0}1200{박무}{강도0}1500-1630.,
143,대구,1997-11-30,9.6,5.9,2330,14.4,1435,,,,,,,4.6,270,623,3.3,250,1130,1.7,1510,270,2.1,38,1530,60.8,7.1,1017.8,1027.5,2323,1021.6,0,1025.3,9.9,4.9,1400,1.25,7.32,,,,,,5,3.5,9.9,3.1,,,,,,,,,,,,,,
143,대구,1997-12-01,4.8,.3,2400,7.4,1242,,,,,,,10.7,290,1555,7.5,290,1558,4,3492,270,-5.1,39,1526,48.8,4.3,1019.9,1028.5,1053,1025.4,1450,1027.6,9.9,0,1200,.7,3.92,,,,,,7.3,5,4.1,-1.6,,,,,,,,,,,,,,
143,대구,1997-12-02,-2.4,-4.7,2346,1.4,1424,,,,,,,16,270,1352,10,270,1344,5.4,4688,270,-14.6,25,1303,39.8,2,1023.7,1034.9,2257,1027.8,0,1031.6,9.9,8.6,1200,1.79,10.62,,,,,,.4,.1,.1,-7.2,,,,,,,,,,,,,,
143,대구,1997-12-03,-3.2,-7.7,730,1.8,1458,,,,,,,8,250,1107,5.7,250,1203,3,2620,270,-17,22,1525,34.8,1.6,1029,1038.8,840,1034.9,0,1036.9,9.9,8.8,1100,1.74,10.67,,,,,,.6,0,-1.4,-10.4,,,,,,,,,,,,,,
143,대구,1997-12-04,-1,-7.3,708,7,1530,,,,,,,4.3,230,1436,3.2,230,1430,1.4,1209,20,-12.2,20,1620,45,2.4,1029.2,1038.7,905,1035.2,1518,1037,9.9,8.6,1200,1.68,9.66,,,,,,0,0,-.3,-10.5,,,,,,,,,,,,,,
143,대구,1997-12-05,2.2,-4.5,756,10.7,1528,,,,,,,3.6,70,2357,3,70,2350,.9,783,20,-6.3,32,1512,55,3.8,1027.9,1038.3,806,1033.6,2400,1035.7,9.8,8,1200,1.43,8.15,,,,,,3.1,0,.8,-8,,,,,,,,,,,,2.4,{연무}1020-{연무}{강도0}1200-1330.,
143,대구,1997-12-06,3.7,1.2,233,6.4,1458,16.17,,,,,32.1,10,90,1407,6.7,110,1433,1.6,1417,50,1.5,63,0,85.6,7,1017.2,1034.1,133,1017.1,2400,1024.8,9.8,0,1400,.21,.6,,,,,,10,6.6,3,-.2,,,,,,,,,,,,32.8,{비}0625-{비}{강도0}0900-{비}{강도0}1200-{비}{강도0}1500-{비}{강도0}1800-{비}{강도0}2100-2235. {박무}0520-{박무}{강도0}0600-{박무}{강도0}0900-{박무}{강도0}1200-{박무}{강도0}1500-{박무}{강도1}1800-{박무}{강도1}2100-{박무}{강도1}2400-,
143,대구,1997-12-07,7.5,5.7,0,9.3,1555,12.17,,,,,5.3,5.6,70,2242,4.7,70,2240,1.2,1026,70,6,80,2338,90,9.4,1008.7,1019.8,2246,1014.5,455,1016.2,9.8,0,1400,.27,1.16,,,,,,10,5.8,7.2,5,,,,,,,,,,,,2.4,-{박무}-{박무}{강도1}0300-{박무}{강도1}0600-{박무}{강도1}0900-{박무}{강도0}1200-{박무}{강도1}1500-{박무}{강도1}1800-{박무}{강도1}2100-{박무}{강도0}2400-  {비}0315-{비}{강도0}0600-{비}{강도0}0900-1020. {비}1855-{비}{강도0}2100-{비}{강도0}2400-,
143,대구,1997-12-08,5.5,2,2224,9.8,1104,2.08,,,,,.2,12.3,270,1554,8.7,270,1601,3.8,3244,270,-.2,47,1645,68.3,6.3,1011.8,1022.4,2338,1015.9,1442,1019.3,9.8,1.3,1000,1.1,3.78,,,,,,7.9,4.9,5.2,.1,,,,,,,,,,,,0,-{비}-0045. {비}0550-{비}{강도0}0600-0640. -{박무}-{박무}{강도0}0300-{박무}{강도0}0600-0720. {눈}1645-1655. {눈}2020-2040.,
143,대구,1997-12-09,.9,-3,2400,2.8,1417,.42,,,,,0,13,290,1129,9,290,1150,5.6,4824,270,-9.2,34,1555,47.3,3.1,1017,1026.7,2400,1022.1,45,1024.7,9.8,7.3,1100,1.6,9.22,,,,,,3.4,3.4,2.1,-5.2,,,,,,,,,,,,0,{눈}0920-0945.,
143,대구,1997-12-10,-3.5,-6.3,803,-.2,1504,,,,,,,10.7,250,1350,7.8,270,1320,3.8,3264,270,-13.4,34,1410,47.1,2.2,1018.9,1028.9,915,1025.4,330,1026.8,9.8,7.2,1200,1.73,9.97,,,,,,1.3,.6,-.7,-8.5,,,,,,,,,,,,.3,,
143,대구,1997-12-11,-3.1,-5.9,328,1.2,1518,3.53,,,,,1.9,13,270,1610,9.5,270,1453,2.9,2522,270,-9.6,39,1620,62.6,3,1016.4,1028.5,2348,1020,1054,1024.2,9.8,3,1400,1.11,5.38,2.4,1205,2.4,1205,2.5,4.6,2.6,-2,-8.4,,,,,,,,,,,,1.6,{눈}0805-{눈}{강도0}0900-0958.  {눈}1055-{눈}{강도0}1200-1217.  {눈}1305-1322.,
143,대구,1997-12-12,-1.2,-5.4,545,3.1,1525,,,,,,,6,270,1114,4.7,270,1142,2.2,1942,270,-7.9,46,1517,60.4,3.4,1020.3,1029.5,858,1026.1,1620,1028.1,9.8,4.6,1200,1.42,6.59,,,1,0,,6,2.3,-.7,-9.8,,,,,,,,,,,,,{햇무리}1240-1330.,
143,대구,1997-12-13,2.2,-2.5,755,7.4,1452,,,,,,,7.2,290,1852,5.3,290,1843,1.7,1467,270,-4.6,42,1452,62.6,4.4,1020.7,1029.8,1023,1026.9,1440,1028.4,9.8,7,1200,1.46,8.1,,,,,,2,.5,1.6,-5.6,,,,,,,,,,,,,,
143,대구,1997-12-14,3,-2,758,9.2,1503,,,,,,,6,230,1352,4,230,1414,1.7,1484,230,-3.3,39,1630,65.9,4.8,1018.6,1028.9,818,1024,2332,1026.3,9.7,7.7,1200,1.57,8.84,,,,,,2.1,.5,2.1,-5.5,,,,,,,,,,,,,{박무}2020-{박무}{강도0}2100-{박무}{강도0}2400-,
143,대구,1997-12-15,5.7,2,30,10.1,1435,,,,,,,10,270,1156,6.3,270,1220,2.7,2316,270,-5.4,22,1510,49,4.3,1018.4,1028.7,2340,1023.3,214,1026,9.7,7.4,1200,1.64,9.07,,,,,,2.6,1.1,3.4,-2.7,,,,,,,,,,,,,-{박무}-{박무}{강도0}0300-{박무}{강도0}0600-{박무}{강도0}0900-0920.,
143,대구,1997-12-16,4.5,.3,847,8.4,1346,,,,,,,4.2,250,344,3.8,250,330,1.6,1343,50,-4.7,33,1430,51.8,4.3,1018.1,1028.7,37,1023,2400,1025.7,9.7,1.7,1100,.95,5.22,,,,,,8.6,6.3,2.2,-3.3,,,,,,,,,,,,0,{달무리}0340-0520.,
143,대구,1997-12-17,5.1,3.6,624,6.8,1236,6.17,,,,,.5,7,250,2116,5.7,250,2006,1.9,1630,250,-.9,50,1236,65.1,5.7,1010.2,1023,0,1014.9,1355,1017.7,9.7,0,1100,.44,1.98,,,,,,8.5,5,3.8,-.6,,,,,,,,,,,,.5,{비}0710-0840. {비}1255-{비}{강도0}1500-1640. {비}1730-{비}{강도0}1800-1825. {박무}2020-{박무}{강도0}2100-{박무}{강도0}2400-,
143,대구,1997-12-18,7.8,4,640,14.5,1525,,,,,,,5.7,270,1538,4.3,230,1130,2.4,2034,230,1.6,42,1530,66.9,6.9,1011.5,1020.6,2400,1016.8,130,1019,9.7,7.5,1200,1.54,8.65,,,,,,1.6,1.3,5.4,-.4,,,,,,,,,,,,,-{박무}-{박무}{강도0}0300-{박무}{강도0}0600-0820.,
143,대구,1997-12-19,7.3,1.1,802,14.6,1550,,,,,,,3.2,230,1217,2.7,230,1120,1,859,270,2.2,41,1540,72.4,7.2,1013.2,1022.2,955,1018.8,1520,1020.7,9.7,7.5,1200,1.46,7.8,,,,,,2.1,.4,4.5,-3.6,,,,,,,,,,,,,{박무}0740-{박무}{강도0}0900-{박무}{강도0}1200-1220.,
143,대구,1997-12-20,9.3,4.1,548,16.5,1357,,,,,,,5,90,1914,4,90,1914,1.4,1203,50,3.8,43,1552,70.8,8,1015.3,1025.3,2233,1020.9,43,1022.8,9.7,8.2,1100,1.29,7.07,,,,,,3.4,3.1,5.4,-.9,,,,,,,,,,,,,{박무}0910-1130.  {연무}1120-{연무}{강도0}1200-{연무}{강도0}1500-1530. {박무}1745-{박무}{강도0}1800-{박무}{강도0}2100-{박무}{강도0}2400-,
143,대구,1997-12-21,7.9,5.8,2339,10.4,1207,,,,,,,10.5,90,1246,8.2,90,1309,3.2,2783,90,3.1,59,1212,72.3,7.6,1021.9,1033.4,2347,1024.8,210,1029.4,9.7,0,1100,1.04,4.54,,,,,,7.5,7.5,7.1,3,,,,,,,,,,,,,-{박무}-{박무}{강도0}0300-{박무}{강도0}0600-{박무}{강도0}0900-0940.,
143,대구,1997-12-22,6.8,4.3,2400,10.4,1209,,,,,,,7.1,90,1202,5.5,90,1130,2.1,1839,90,1.3,53,1210,69.1,6.7,1023.5,1033.5,948,1029.2,1412,1031.1,9.7,1.3,1100,1.57,5.14,,,,,,6.1,3.9,5.6,.2,,,,,,,,,,,,,,
143,대구,1997-12-23,4.5,1.2,547,8.3,1257,1.28,,,,,.4,3.6,140,1857,3.3,140,1918,1.3,1164,50,.7,59,1922,77.1,6.4,1021.4,1030.1,849,1027.6,1426,1029,9.7,1.2,1200,.81,3.76,,,,,,4.8,4.3,2.9,-2.8,,,,,,,,,,,,.4,{박무}0820-{박무}{강도0}0900-{박무}{강도0}1200-1235.  {비}1446-{비}{강도0}1500-1521.  {비}1553-1635.,
143,대구,1997-12-24,4.7,.5,730,10.7,1502,,,,,,,6.5,90,1552,5.3,90,1630,1.7,1506,90,-.7,41,1344,70,5.8,1021.4,1030.3,925,1027.3,1530,1029.1,9.7,7.8,1200,1.5,8.08,,,,,,2.9,2.6,4,-4.4,,,,,,,,,,,,,{박무}0340-{박무}{강도0}0600-0640.,
143,대구,1997-12-25,5.4,.1,810,11.5,1513,,,,,,,4.6,90,1620,3.8,90,1940,1.7,1441,90,.5,46,1440,72.6,6.4,1022.8,1032,940,1028.9,1505,1030.4,9.7,6.6,1100,1.45,7.93,,,,,,1.8,1.8,4.4,-4.4,,,,,,,,,,,,,,
143,대구,1997-12-26,5.3,.3,924,11.9,1503,,,,,,,3,360,1927,2.2,360,1915,.8,713,20,.5,45,1640,73.3,6.3,1019.8,1030.4,0,1024.6,1544,1027.4,9.7,5.4,1100,1.32,6.84,,,,,,3,2.1,4.1,-4,,,,,,,,,,,,,{박무}0720-{시정(미만)}{1km}{안개}0805-{시정(미만)}{0.5km}{안개}0820-{안개}{강도1}0900-{시정(미만)}{0.2km}{안개}0915-{시정(이상)}{0.2km}{안개}0945-{시정(이상)}{0.5km}{안개}0955-{시정(이상)}{1km}{박무}1040-{박무}{강도1}1200-1230. {연무}1210-1425. {박무}2020-{박무}{강도0}2100-{박무}{강도0}2400-,2.58
143,대구,1997-12-27,6,.8,655,12.1,1458,,,,,,,11.6,290,1526,7.3,270,1510,2,1717,290,-.1,40,1502,67.4,6.1,1019.8,1029.5,936,1025.6,1356,1027.4,9.7,7.3,1200,1.48,8.03,,,,,,.5,.5,4,-4.2,,,,,,,,,,,,,-{박무}-{박무}{강도0}0300-{박무}{강도1}0600-{박무}{강도0}0900-0940.,
143,대구,1997-12-28,4.8,1.6,2400,10.3,1452,,,,,,,8,230,1215,6,230,1150,2.8,2377,270,-8.2,17,1528,44.4,3.6,1022.4,1031.4,920,1028.2,1430,1030,9.7,8.1,1200,1.62,9.3,,,,,,.5,0,3.2,-3.7,,,,,,,,,,,,,{박무}0220-{박무}{강도0}0300-{박무}{강도0}0600-0620.,
143,대구,1997-12-29,1.6,-4,746,5.8,1458,,,,,,,4.8,250,2156,3.7,250,2155,1.7,1484,270,-9.7,31,1320,45,2.9,1018.8,1031.3,255,1021.3,2400,1026.5,9.7,5.3,1200,1.3,5.98,,,,,,7,4.9,.6,-7.9,,,,,,,,,,,,,{햇무리}1140-1330.,
143,대구,1997-12-30,4.6,1,420,9.2,1444,,,,,,,11.4,270,1501,7,270,1450,3.9,3378,250,-6.4,35,258,45.1,3.9,1013.5,1022.6,1010,1019.3,1620,1021,9.8,4,1300,1.12,6.31,,,,,,3.3,1.8,2.8,-4.7,,,,,,,,,,,,,,
143,대구,1997-12-31,3.6,-.5,805,9.2,1458,,,,,,,4.8,250,406,4.3,200,1202,1.9,1679,250,-6.4,31,1522,49.1,3.8,1016.4,1026.6,1012,1022.4,0,1024,9.8,8.6,1200,1.59,8.97,,,,,,3.4,0,3,-6.8,,,,,,,,,,,,,,
143,대구,1998-01-01,4.3,1.6,54,9,1543,,,,,,,7,270,1640,5.8,270,1645,1.5,1316,250,-2.5,39,1358,62.1,5.1,1012.5,1022.4,0,1017.9,1224,1020.1,9.8,1.5,1100,.85,4.73,,,,,,7,5.8,3.7,-2.2,,,,,,,,,,,,,{박무}1815-{박무}{강도0}2100-{박무}{강도0}2400-,
143,대구,1998-01-02,3,-2.5,826,10.5,1525,,,,,,,3,250,1625,2.7,200,1450,1,866,360,-6.1,21,1610,57.3,4,1017,1026.5,1020,1022.4,0,1024.7,9.8,7.9,1200,1.52,8.85,,,,,,0,0,2.1,-6.8,,,,,,,,,,,,,-{박무}-{박무}{강도0}0300-{박무}{강도0}0600-0840.,
143,대구,1998-01-03,5,-.7,404,11.3,1531,,,,,,,3.1,250,1417,2.5,250,1320,1,892,250,-2.2,44,1520,60.9,5.3,1014.8,1026.3,756,1017.5,2400,1022.4,9.8,3.5,1100,1.28,6.06,,,,,,7.6,4.1,3.3,-6.3,,,,,,,,,,,,,{연무}1230-{연무}{강도0}1500-1530.,
143,대구,1998-01-04,.5,-3.9,2357,7.7,217,,,,,,,16.5,270,533,12,270,547,4.4,3760,270,-13.8,19,1334,35.6,2.4,1016.3,1028.1,2130,1016.6,126,1024.1,9.8,8.6,1200,1.79,10.13,,,,,,4.6,2.1,2.1,-8,,,,,,,,,,,,,,
143,대구,1998-01-05,.4,-6.2,630,5.6,1401,.3,,,,,0,11.3,200,1612,8.7,200,1620,3,2579,200,-7,42,1532,58.1,3.7,1016.1,1027,0,1020.8,1602,1023.8,9.8,5.7,1200,1.65,8.39,,,,,,3.3,2,.7,-10.2,,,,,,,,,,,,.3,{눈}2152-2210.,
143,대구,1998-01-06,2.3,-.7,835,6.5,1525,.95,,,,,.3,13.1,230,1336,9.5,230,1340,4.2,3601,270,-6.5,34,1410,54.3,3.8,1020.8,1032.7,2154,1023.3,0,1028.5,9.8,8.4,1100,1.62,9.34,.5,535,.5,535,.5,2.5,2.5,2.9,-4.6,,,,,,,,,,,,,{눈}0443-0540.,
143,대구,1998-01-07,1.6,-1.1,748,4.8,1546,1.87,,,,,1.2,3.9,250,40,3.5,250,19,1.5,1325,230,-5.2,46,1628,61.9,4.2,1021.4,1033,40,1024.7,2400,1029.2,9.8,0,1300,.75,3.27,.8,2400,.8,2400,.8,9,6,1.5,-6,,,,,,,,,,,,13.8,{눈}2208-{진눈깨비}2310-{눈}2325-{눈}{강도0}2400-,
143,대구,1998-01-08,1.3,-.1,255,2.7,2102,24,,,,,22.1,5,250,2202,4.3,250,1755,1.9,1666,200,.2,86,1953,92,6.2,1009.7,1024.7,0,1012.9,1350,1017.3,9.9,0,1500,.25,.69,14,820,14.8,820,15.4,10,6.6,.7,-.5,,,,,,,,,,,,9.7,-{눈}-{진눈깨비}0040-{눈}0140-{눈}{강도1}0300-{눈}{강도1}0600-{진눈깨비}0815-{진눈깨비}{강도1}0900-{진눈깨비}{강도0}1200-{진눈깨비}{강도0}1500-{비}1507-{비}{강도0}1800-{비}{강도0}2100-{비}{강도0}2400-,
143,대구,1998-01-09,3.2,.2,2400,8.6,1520,.92,,,,,.2,4.9,270,1557,3.5,250,1540,1.3,1153,200,-1.5,42,1558,73.4,5.5,1019,1028.6,1055,1021.6,0,1026.6,9.9,7.3,1300,1.63,9.29,,,6.8,0,,4.3,3,1.4,-3.8,,,,,,,,,,,,,-{비}-0055.,
143,대구,1998-01-10,3.5,-.2,344,9.4,1544,,,,,,,4,200,1352,3,200,1353,1.3,1139,230,-1.5,42,1606,71.5,5.5,1018.8,1028.9,922,1023.8,1558,1026.5,9.9,6.2,1300,1.37,7.37,,,2.5,0,,6.3,3.8,2.4,-3.2,,,,,,,,,,,,,{박무}0320-{박무}{강도0}0600-{박무}{강도0}0900-{박무}{강도0}1200-1230.  {박무}1920-{박무}{강도0}2100-{박무}{강도0}2400- {연무}1215-{연무}{강도0}1500-{연무}{강도0}1800-1940.,
143,대구,1998-01-11,4.4,2,230,6,1155,,,,,,,7.9,360,1930,5.7,20,1626,2.5,2118,20,-1.3,53,2029,67,5.6,1015,1025.5,316,1020.5,1611,1022.6,9.9,0,1300,.23,1.31,,,,,,9.9,6.6,2.9,-.6,,,,,,,,,,,,,-{박무}-{박무}{강도1}0300-{박무}{강도1}0600-{박무}{강도0}0900-0920.,
143,대구,1998-01-12,3.9,1.3,2350,8,1337,,,,,,,5,270,1734,3.8,200,1610,1.3,1165,340,-2.1,47,1330,64.6,5.2,1017.4,1028.5,2235,1022.4,30,1025.1,9.9,1.1,1300,1.07,4.84,,,,,,6.1,5.1,3.4,-2.6,,,,,,,,,,,,,,
143,대구,1998-01-13,2.4,-1.3,657,5.9,1513,,,,,,,3.5,90,1714,2.7,90,1654,.9,750,360,-2,50,1624,73.4,5.3,1021.3,1030.9,1032,1027.7,1718,1029,9.9,0,1400,.64,3.51,,,,,,8.9,6.8,2.1,-4.1,,,,,,,,,,,,,{달무리}0230-0440. {박무}0830-{박무}{강도0}0900-{박무}{강도0}1200-1420. {박무}1820-{박무}{강도0}2100-{박무}{강도0}2400-{연무}1410-{연무}{강도0}1500-{연무}{강도0}1800-1840.,
143,대구,1998-01-14,4.3,-.3,750,7.7,1529,6.5,,,,,3.7,12,90,2336,7.5,70,2348,1.7,1461,360,.4,54,1618,76.5,6.4,1017,1029.1,0,1019.1,2325,1024.6,10,0,1000,.49,2.86,,,,,,9.4,5.4,2.7,-3.2,,,,,,,,,,,,8.2,-{박무}-{박무}{강도0}0300-{박무}{강도0}0600-{박무}{강도0}0900-0920.  {비}1730-{비}{강도0}1800-{비}{강도0}2100-{비}{강도0}2400-,
143,대구,1998-01-15,4.8,3.4,2400,7.4,0,8,,,,,4.5,12.9,70,31,7.8,70,28,3.9,3405,70,-1.7,52,1553,63,5.5,1010.1,1021.3,2400,1015.2,438,1017.6,10,0,1000,.8,3.81,,,,,,9.4,7.4,5.1,.8,,,,,,,,,,,,0,-{비}-{비}{강도0}0300-{비}{강도0}0600-0725.  {비}1115-1150.,
143,대구,1998-01-16,3.8,.5,748,8.3,1544,,,,,,,6.4,110,1652,4.5,90,2009,1.9,1652,90,-3.6,44,1543,59,4.7,1017.3,1027.1,1905,1021,243,1024.9,10,7.7,1200,1.13,6.76,,,,,,4.5,3.4,3.4,-2.8,,,,,,,,,,,,,,
143,대구,1998-01-17,3.3,-.6,658,6.7,1550,6.92,,,,,2.2,5.6,110,626,4.8,110,630,1.5,1294,250,.1,63,1506,79.9,6.2,1013.8,1027.1,225,1015.9,2354,1021.5,10,0,1100,.6,3.8,,,,,,7.6,5.3,3.2,-4.2,,,,,,,,,,,,3.9,{비}1705-{비}{강도0}1800-{비}{강도0}2100-{비}{강도0}2400-  {박무}1530-{박무}{강도0}1800-{박무}{강도0}2100-{박무}{강도0}2400-,
143,대구,1998-01-18,-.1,-6,2400,3.9,0,4.83,,,,,1.7,14.6,290,1448,9,320,1308,5.5,4785,290,-9,34,1530,54.1,3.6,1010.3,1022.1,2400,1014.9,530,1017.9,10,6.6,1200,1.85,9.59,,,,,,3.5,2.4,2.4,-7,,,,,,,,,,,,,-{박무}-{박무}{강도0}0300-{박무}{강도0}0600-{박무}{강도0}0900-0935.  -{비}-{비}{강도0}0300-0450.,
143,대구,1998-01-19,-6,-9.3,746,-1.6,1425,,,,,,,13,290,1746,8.7,290,1714,4.8,4146,290,-16.9,29,1612,43,1.6,1019.2,1029.3,2400,1022.1,0,1027.1,10.1,9,1200,1.88,10.88,,,,,,.1,.1,-2.7,-10.5,,,,,,,,,,,,,,
143,대구,1998-01-20,-1.8,-8.7,628,4.3,1538,.2,,,,,0,11.5,250,1411,7,230,1650,2.7,2325,230,-8.9,44,1526,59.1,3.2,1017.2,1029.5,127,1021.1,1635,1025,10.1,5.6,1200,1.48,8.51,,,,,,5.5,2.9,-.8,-11.6,,,,,,,,,,,,0,{눈}1340-1352.,
143,대구,1998-01-21,-.4,-2.3,2340,2.7,1403,1.83,,,,,0,12.7,270,212,8.7,290,1630,4.3,3736,290,-9.7,40,1640,50.9,3,1019.5,1029.9,2220,1024.2,0,1027.3,10.1,7.8,1200,1.88,10.35,,,,,,3.3,2.6,.9,-5.8,,,,,,,,,,,,0,{눈}0730-{눈}{강도0}0900-0920.,
143,대구,1998-01-22,-.5,-4.9,552,2.7,1610,3.08,,,,,0,5,340,1302,4,340,1255,1.5,1262,320,-5.8,53,1224,68.3,4.1,1018.4,1030.1,56,1023,2350,1026.1,10.1,1.6,1000,1.01,5.79,,,,,,7.3,5,-.4,-8.5,,,,,,,,,,,,0,{눈}0850-{눈}{강도0}0900-0935. {눈}1220-1440.,
143,대구,1998-01-23,-1.5,-5.5,2400,.9,0,,,,,,,12.8,290,1319,8.7,290,1322,4.5,3879,290,-13.6,21,1500,41.4,2.3,1014.8,1024,915,1020.8,357,1022.6,10.2,7.4,1200,1.93,10.59,,,,,,5.6,3.8,.7,-8.2,,,,,,,,,,,,,,
143,대구,1998-01-24,-7.3,-10.1,841,-2.9,1547,,,,,,,17,270,1012,8.8,270,1010,4.9,4247,290,-17.3,31,1605,45,1.6,1019.3,1031.7,2330,1022.9,320,1027.2,10.2,8.8,1200,1.93,11.64,,,,,,1.1,.6,-3.2,-12,,,,,,,,,,,,,,
143,대구,1998-01-25,-2.9,-8.6,507,3.4,1520,,,,,,,8,270,1113,6,270,1137,3.3,2826,270,-11,39,1527,54.8,2.7,1021.4,1032.3,252,1026.2,1613,1029.2,10.2,9.1,1200,1.95,11.82,,,,,,.8,.8,-1.8,-12,,,,,,,,,,,,,,
143,대구,1998-01-26,-.6,-4.4,729,4.2,1231,,,,,,,10.9,290,1530,8.7,290,1519,2.9,2509,270,-8.7,34,2143,56.4,3.3,1020.4,1031.3,2330,1026.5,620,1028.3,10.2,7.6,1200,1.68,9.53,,,,,,3.3,3.3,-.3,-10,,,,,,,,,,,,,,
143,대구,1998-01-27,-.3,-3.3,550,4,1558,,,,,,,7.9,270,1350,5.3,270,1340,3.1,2653,270,-12.8,29,1357,40.4,2.3,1024.7,1034.8,1055,1031.1,0,1032.5,10.3,5,1300,1.62,8.38,,,,,,4.5,1.4,-.3,-8.8,,,,,,,,,,,,,,
143,대구,1998-01-28,-.7,-3.4,712,3.9,1516,,,,,,,8.6,270,1240,6.7,270,1236,3.3,2850,270,-16.3,19,1505,30.4,1.7,1024.3,1034.4,2352,1029.9,1452,1032.1,10.3,9.5,1100,1.92,11.67,,,,,,2,0,-.5,-8.6,,,,,,,,,,,,,,
143,대구,1998-01-29,-.4,-6,729,6.7,1518,,,,,,,8.7,270,1402,6.3,250,1303,3.2,2761,270,-15.1,16,1630,34.4,1.9,1026,1036,833,1032.2,2220,1033.8,10.3,9.5,1400,2.28,12.99,,,,,,0,0,-1.1,-11.2,,,,,,,,,,,,,,
143,대구,1998-01-30,.9,-5.7,640,7.6,1413,,,,,,,8.1,270,1615,5.7,320,1640,2.2,1916,290,-7.6,34,0,53.8,3.6,1022.9,1032.4,42,1028.6,1440,1030.6,10.4,8.9,1300,1.74,9.39,,,,,,1.5,1.5,-.1,-11.3,,,,,,,,,,,,,,
143,대구,1998-01-31,2.8,-.9,444,9.2,1550,,,,,,,7.7,270,1055,6,270,1048,2.6,2205,270,-10.9,15,1553,41.6,2.9,1023.5,1032.6,955,1029.6,1535,1031.2,10.4,9.3,1400,1.79,11.52,,,,,,0,0,.6,-7.7,,,,,,,,,,,,,,
143,대구,1998-02-01,.8,-4,630,9.4,1630,,,,,,,3.7,250,1206,2.8,250,1200,1.1,930,20,-11.3,17,1700,43.1,2.6,1022.7,1032.2,245,1027.8,1502,1030.5,10.4,3.5,1400,1.69,8,,,,,,2.9,1.3,1,-8.8,,,,,,,,,,,,,,
143,대구,1998-02-02,2.1,-4.7,730,9.6,1556,,,,,,,6,250,1226,5.3,250,1240,1.9,1675,250,-9.2,24,1420,45.6,3.1,1020,1029.9,855,1025.6,1527,1027.7,10.5,8.8,1100,1.53,9.67,,,,,,2.3,0,1.8,-9.8,,,,,,,,,,,,,,
143,대구,1998-02-03,2.5,-.8,722,7.1,1520,,,,,,,8.2,270,1313,6.7,270,1318,2.5,2143,270,-6.7,41,1533,51.1,3.7,1017.4,1026.9,0,1023.1,1542,1025.1,10.5,2.5,1300,1.17,6.94,,,,,,6.5,2.9,1.6,-6.1,,,,,,,,,,,,,,
143,대구,1998-02-04,2.4,-1.4,832,7.6,1502,,,,,,,5,320,1608,4.7,290,20,2.1,1823,270,-4.9,43,1629,58.9,4.3,1018.4,1028.3,911,1023.4,1627,1026.1,10.5,6.7,1200,1.61,10.08,,,,,,3.6,3.1,3,-8,,,,,,,,,,,,,,
143,대구,1998-02-05,1.8,-2.8,755,7.3,1518,,,,,,,8.8,290,1654,6.3,270,1130,3.4,2927,270,-9.3,29,1550,45.6,3,1017.2,1026.4,140,1022.1,1430,1024.8,10.5,9.6,1200,2.22,14,,,,,,0,0,2.7,-7.1,,,,,,,,,,,,,,
143,대구,1998-02-06,4.3,-2,748,11.6,1622,,,,,,,5.5,180,1545,4,250,1137,2.1,1777,250,-6.4,27,1632,48,3.8,1014.9,1024.8,137,1020,1608,1022.5,10.6,9.6,1200,2.15,13.29,,,,,,1,0,4.4,-6.8,,,,,,,,,,,,,,
143,대구,1998-02-07,4.3,-1.3,745,10.8,1425,,,,,,,9,230,1547,7,230,1620,2.7,2295,250,-3.9,38,1600,56.1,4.6,1008.7,1021.5,111,1012.4,1733,1016.2,10.6,7.3,1200,2.01,10.61,,,,,,5,2.5,3.2,-5.7,,,,,,,,,,,,.1,,
143,대구,1998-02-08,-.4,-2.7,2400,4.6,0,.92,,,,,.1,21,270,1515,13.7,270,1130,6.8,5862,270,-8.8,40,1330,54,3.2,1008.2,1021.5,2400,1011.1,340,1015.9,10.6,8.5,1300,2.26,12.28,.3,620,.3,620,.3,3.9,3.3,2.5,-6.2,,,,,,,,,,,,,{눈}0530-{눈}{강도0}0600-0625.,
143,대구,1998-02-09,-.2,-4.9,745,4.5,1512,4.75,,,,,1,6.6,270,1818,4.5,290,15,1.8,1544,270,-7.4,37,1440,61.8,3.6,1011.9,1024.4,827,1013.8,2115,1019.6,10.7,6.3,1100,1.75,9.64,1.4,2145,1.4,2145,1.4,5.9,3.6,1.1,-10.3,,,,,,,,,,,,1,{눈}1810-1830. {눈}1850-{눈}{강도0}2100-2240. {눈}2315-2350.,
143,대구,1998-02-10,1.1,-1.6,730,7,1517,,,,,,,9,290,1222,6.3,270,1350,3,2612,270,-9.3,26,1632,48.8,3.1,1016.7,1026.5,1050,1015.3,0,1024.4,10.7,8.8,1200,2.26,13.58,,,1.4,0,,2.6,2.6,3.5,-7,,,,,,,,,,,,,,
143,대구,1998-02-11,4.7,-4.7,550,13.2,1542,,,,,,,10,250,1538,6.7,250,1540,1.8,1572,20,-3.6,37,1210,56.3,5,1013,1025.7,0,1015,2400,1020.5,10.7,9.2,1300,2.06,13.14,,,,,,3.1,2,5.6,-9.2,,,,,,,,,,,,,,
143,대구,1998-02-12,13.7,8.2,2355,20.1,1506,,,,,,,9,290,1406,7,290,1443,2.6,2284,290,1.7,19,1526,50,7.4,1008.2,1020.3,2329,1011,504,1015.5,10.8,8.3,1200,1.92,11.99,,,,,,3.3,2.9,12.8,.8,,,,,,,,,,,,,{박무}0730-{박무}{강도0}0900-1030.  {연무}1020-{연무}{강도0}1200-1340.,
143,대구,1998-02-13,9.8,2,748,17.8,1413,.88,,,,,1,6.2,110,1915,5.5,110,1910,1.7,1502,50,1.9,32,1614,59.6,7.3,1010.2,1022.5,820,1012.3,2241,1017.6,10.8,7.2,1200,1.92,11.07,,,,,,4.8,2.8,8.9,-3.7,,,,,,,,,,,,1.8,{비}2307-{비}{강도0}2400-,
143,대구,1998-02-14,6.9,4.7,820,10.6,0,2.75,,,,,.8,10.5,270,329,6.3,270,320,3.7,3194,90,.3,45,1610,64.3,6.3,1009,1018.1,1055,1013.3,0,1016.4,10.8,2.2,1100,1.34,7.95,,,,,,9.4,5.4,7.9,1.4,,,,,,,,,,,,.1,-{비}-0245.,
143,대구,1998-02-15,6.9,4.6,716,12.1,1519,1.37,,,,,.1,5.7,110,1027,4.5,90,314,2.4,2048,90,.1,45,1515,63.6,6.2,1011.9,1023,2350,1016.9,352,1019.4,10.9,1.9,1400,1.9,7.65,,,,,,7.5,5.4,9.7,.9,,,,,,,,,,,,0,{비}0818-{비}{강도0}0900-0940.,
143,대구,1998-02-16,5.9,.5,700,12.6,1440,,,,,,,6.2,320,1515,5.2,320,1515,1.8,1587,320,-4.9,24,1632,49.4,4.3,1016.4,1025.9,2400,1022,1434,1024,10.9,6.5,1300,1.9,10.26,,,,,,1.9,0,6.9,-3.2,,,,,,,,,,,,,{박무}0520-{박무}{강도0}0600-{박무}{강도0}0900-0940. {햇무리}1020-1140.,
143,대구,1998-02-17,4.7,-.5,746,10,1320,,,,,,,9.9,90,1659,6.7,90,1530,3.1,2712,110,-4.7,34,1440,52.4,4.3,1025.9,1038.7,2400,1025.9,0,1033.6,11,9,1200,2.3,14.22,,,,,,.4,.4,5.8,-5.4,,,,,,,,,,,,,{박무}0720-{박무}{강도0}0900-1120.,
143,대구,1998-02-18,4.6,-1.9,653,11,1515,,,,,,,8.3,90,1316,6.3,90,1303,2.6,2254,90,-2,41,1503,64,5.3,1028.8,1039.5,1032,1034.1,1518,1036.5,11,7.4,1200,1.9,10.55,,,,,,4.8,1.8,5.6,-5.4,,,,,,,,,,,,,,
143,대구,1998-02-19,8.1,2.1,750,12.3,1650,7.5,,,,,2.9,8,90,1147,6,90,1150,2.4,2064,70,4.2,57,1240,77.4,8.4,1019.3,1035,0,1019.5,2400,1026.8,11,1.8,1000,1.12,4.98,,,,,,7.6,3.8,6.3,-3.1,,,,,,,,,,,,13.9,{비}1530-1645.  {비}1745-{비}{강도0}1800-{비}{강도0}2100-{비}{강도0}2400-,
143,대구,1998-02-20,11.3,9.4,2400,13.1,1800,14.83,,,,,11.2,7,90,127,4.8,90,120,2.7,2293,90,7.9,64,1807,80.5,10.8,1006.3,1019.5,0,1010.6,1530,1013.7,11.1,0,1100,.28,1.68,,,,,,10,6,10,8.1,,,,,,,,,,,,.5,-{비}-{비}{강도1}0300-{비}{강도0}0600-{비}{강도0}0900-{이슬비}0920-{이슬비}{강도0}1200-1450.,
143,대구,1998-02-21,6.4,4.8,2350,9.4,0,2.33,,,,,.3,13.3,70,1246,8,70,1240,4.7,4039,70,-1.8,48,406,55.6,5.4,1017.8,1029.7,2230,1016.6,0,1025.3,11.1,0,1300,.88,2.95,,,,,,9.9,6.8,5.8,3.5,,,,,,,,,,,,0,{비}0655-{비}{강도0}0900-0915.,
143,대구,1998-02-22,5.8,4.5,234,8.9,1453,,,,,,,14.1,90,1250,8,70,900,4.8,4185,70,-3.6,44,1332,51.4,4.7,1022.1,1031.6,942,1028.3,1450,1029.7,11.1,7,1200,2.55,13.3,,,,,,6.6,6,7.2,2.5,,,,,,,,,,,,,,
143,대구,1998-02-23,6.7,2.9,730,9.2,1506,4.25,,,,,.7,7.9,70,1744,4.7,90,1400,2.2,1876,90,.5,55,1200,65.5,6.5,1017.2,1029,0,1021.9,2400,1024.7,11.2,0,1100,.67,4.17,,,,,,9.6,6.3,6.4,1.3,,,,,,,,,,,,7.1,{비}1945-{비}{강도0}2100-{비}{강도0}2400-,
143,대구,1998-02-24,7,5.9,748,8.6,1408,18.67,,,,,7.5,7.4,50,1424,5,50,1424,1.7,1485,50,2.9,59,1917,75.6,7.6,1012.7,1021.9,0,1019.3,1532,1020.3,11.2,0,1100,.6,3.8,,,,,,9.8,6.1,7.2,4.2,,,,,,,,,,,,1.1,-{비}-{비}{강도0}0300-{비}{강도0}0600-{비}{강도0}0900-{비}{강도0}1200-{비}{강도0}1500-1745. {비}1955-2050.,
143,대구,1998-02-25,7.3,5,655,11.9,1451,,,,,,,8.7,90,1814,7,90,1810,2.4,2048,90,.2,43,1445,61.6,6.2,1010.9,1020.3,138,1016.2,1500,1018.5,11.2,3.2,1300,2.16,11.18,,,,,,6.4,5.3,9.5,2.1,,,,,,,,,,,,,{박무}0520-{박무}{강도0}0600-0720.,
143,대구,1998-02-26,8.2,.8,704,15.9,1513,,,,,,,4,250,1230,3.3,250,1220,1.7,1458,70,-.1,26,1500,60.6,6.1,1010.3,1019.8,900,1014.8,1511,1017.7,11.3,7.3,1200,2.1,13.16,,,,,,2.9,1.3,9.3,-1.9,,,,,,,,,,,,,{박무}0720-{박무}{강도0}0900-1120.,
143,대구,1998-02-27,7.7,2.4,715,14,1326,1.92,,,,,.6,12,230,1502,8,230,1457,2,1704,270,.5,33,1220,62.6,6.4,1009.8,1020.2,812,1014.8,1424,1017.3,11.3,3.5,1100,1.94,9.13,,,,,,5.3,4.3,7,-1.4,,,,,,,,,,,,.6,{박무}0820-{박무}{강도0}0900-1130. {연무}1120-{연무}{강도0}1200-1420. {비}1450-{비}{강도0}1500-1630. {비}1855-1910. {박무}1840-{박무}{강도0}2100-{박무}{강도0}2400-,
143,대구,1998-02-28,6,3.9,604,7.8,1602,,,,,,,11.1,290,1215,7.5,290,1125,4.2,3633,290,-2,51,1418,56.8,5.3,1010.3,1021.6,2400,1015.9,448,1017.7,11.4,.9,1300,1.01,6,,,,,,6.5,5.3,5.4,-.2,,,,,,,,,,,,,-{박무}-{박무}{강도0}0300-{박무}{강도0}0600-{박무}{강도0}0900-1140.  {연무}1130-{연무}{강도0}1200-{연무}{강도0}1500-1740.,
143,대구,1998-03-01,7,1.7,735,13.6,1536,,,,,,,7.3,290,1435,5.3,320,1440,2.1,1838,270,-3.7,30,1518,48.3,4.7,1016.5,1025.3,950,1021.6,0,1024,11.4,9,1200,2.39,15.07,,,,,,.4,.4,8,-4.2,,,,,,,,,,,,,,
143,대구,1998-03-02,7.8,.4,633,16.1,1454,,,,,,,7,270,1235,6.3,270,1234,2.3,2028,290,-5.3,16,1616,45.1,4.2,1016.7,1026.7,747,1021.4,1606,1024.2,11.4,10,1200,2.58,17,,,,,,0,0,9.5,-4.9,,,,,,,,,,,,,,
143,대구,1998-03-03,10.4,5,650,16.5,1550,,,,,,,6.1,290,1720,5.3,250,1120,3.3,2875,270,-4.3,29,1425,35.4,4.5,1016.2,1025.3,910,1021,1540,1023.7,11.5,9.4,1200,2.26,14.14,,,,,,1.4,0,10.4,-.3,,,,,,,,,,,,,,
143,대구,1998-03-04,9.2,4.1,721,14.6,1338,,,,,,,11.2,90,1742,8.3,90,1730,3.3,2814,90,.7,33,1242,56.5,6.5,1016.3,1025.8,843,1021.9,1602,1023.8,11.5,5,1100,2.06,11.25,,,,,,6.9,5.4,8.9,-1.1,,,,,,,,,,,,,{박무}0630-{박무}{강도1}0900-0940.  {연무}0930-{연무}{강도0}1200-1240.  {햇무리}1115-1230.,
143,대구,1998-03-05,9.5,4.6,752,15.4,1655,,,,,,,5.2,90,2056,4.7,140,1945,1.9,1669,20,.7,36,1622,56,6.5,1012.9,1023.3,15,1017.8,1532,1020.3,11.5,9.7,1200,2.4,15.47,,,,,,2.5,1.5,12.6,.1,,,,,,,,,,,,,,
143,대구,1998-03-06,10.4,3.9,620,17.2,1442,,,,,,,9.7,290,1444,7,290,1450,2.5,2183,270,.1,25,1707,53.1,6.2,1010.5,1020.3,20,1015.1,1430,1017.9,11.6,9.3,1300,1.88,12.85,,,,,,.9,0,10.8,-1.3,,,,,,,,,,,,,{박무}0520-{박무}{강도0}0600-{박무}{강도0}0900-0940.  {연무}1320-{연무}{강도0}1500-1620.,
143,대구,1998-03-07,8.3,5.6,2400,12.5,1448,,,,,,,9.2,90,447,7.5,90,440,4.4,3832,90,-1.2,38,1440,52.1,5.6,1017.7,1027.9,2257,1019,0,1025.2,11.6,7.7,1200,2.64,16.59,,,,,,3.1,2,11.1,.4,,,,,,,,,,,,,,
143,대구,1998-03-08,7.9,.7,552,14.4,1617,,,,,,,5.2,270,1715,4,230,1656,1.4,1246,20,-1.6,30,1556,54.8,5.5,1015.6,1028.4,23,1018.6,2323,1023.1,11.7,9.3,1200,2.15,13.65,,,,,,5.1,2.8,10.4,-3.2,,,,,,,,,,,,,,
143,대구,1998-03-09,9.3,4.5,721,15.9,1333,,,,,,,14.9,70,2024,9,90,1620,3.8,3250,90,-.5,29,1252,51.5,5.9,1011.3,1023,2320,1015.7,1420,1018.7,11.7,4.3,1100,1.82,9.73,,,,,,8.6,6,10.2,.9,,,,,,,,,,,,,{햇무리}1120-1330.,
143,대구,1998-03-10,7,5.9,443,7.8,1227,,,,,,,14,70,948,8.5,70,940,5.9,5058,70,-1.2,48,0,55.9,5.6,1015.7,1025.4,918,1021,2400,1023.2,11.7,0,1200,.77,4.12,,,,,,9.6,5.4,7.9,5.2,,,,,,,,,,,,5.4,,
143,대구,1998-03-11,6.9,5.8,557,7.7,0,16.92,,,,,6.2,12.1,70,47,9.2,70,40,2.4,2102,70,4.4,64,0,84.3,8.4,1006.9,1021,0,1011,1950,1014.4,11.8,0,1100,.46,3.05,,,,,,9.8,5.4,7.5,4.3,,,,,,,,,,,,.8,{비}0035-{비}{강도0}0300-{비}{강도0}0600-{비}{강도0}0900-{비}{강도0}1200-{비}{강도0}1500-1730. {박무}0940-{박무}{강도0}1200-{박무}{강도0}1500-{박무}{강도0}1800-1940.,
143,대구,1998-03-12,8.7,5.8,936,13.2,1552,,,,,,,12.2,290,1327,7.8,290,1600,4,3445,270,-1.5,28,1810,50.9,5.6,1001.8,1011.3,0,1007.3,1748,1009.1,11.8,7.9,1300,2.6,13.91,,,,,,5.5,2.8,10.6,2.2,,,,,,,,,,,,,,
143,대구,1998-03-13,11,4.8,530,18.3,1503,,,,,,,11,290,1538,7.7,290,1540,3.1,2674,270,-2.4,20,1710,41.1,5.2,1001,1010.2,856,1006.1,1450,1008.3,11.8,8.4,1200,2.49,15.49,,,,,,4.4,.8,12.6,.8,,,,,,,,,,,,,{햇무리}1120-1240.,
143,대구,1998-03-14,9.8,3.1,2400,16.3,1457,.13,,,,,0,12.9,270,1846,9,270,1847,4.7,4087,270,-3.5,19,1348,42.1,4.9,1001,1012.7,2400,1005.2,1506,1008.3,11.9,7.8,1200,2.68,15.94,,,,,,4.9,2.1,13.3,2.2,,,,,,,,,,,,0,{싸락눈}2352-{싸락눈}{강도0}2400-,
143,대구,1998-03-15,4.9,-.6,640,11,1631,.08,,,,,0,16.1,290,108,9.7,290,112,5,4322,290,-9.1,26,1220,35.9,3.1,1011.7,1022.7,903,1012.7,0,1019.3,11.9,10.4,1200,2.76,19.15,,,,,,2.3,.3,9.9,-3.7,,,,,,,,,,,,,-{싸락눈}-0005.,
143,대구,1998-03-16,7.5,3.8,600,13.4,1337,,,,,,,8,290,1225,5.7,290,1220,2.4,2095,290,-3.8,31,1611,44.8,4.6,1013,1022.3,2400,1018.6,1450,1020.4,12,4.4,1400,2.28,12.22,,,,,,5.1,2.9,10.8,1.1,,,,,,,,,,,,,,
143,대구,1998-03-17,8.7,.8,704,17.1,1447,,,,,,,8,90,1952,6.3,90,1956,2,1702,90,-.3,24,1630,56.6,6,1018.1,1029.5,2400,1022.3,0,1025.6,12,10.2,1200,2.56,17.07,,,,,,0,0,11.7,-3.6,,,,,,,,,,,,,{박무}2140-{박무}{강도0}2400-,
143,대구,1998-03-18,11,3.5,540,18.8,1510,,,,,,,7.1,180,1544,5.7,160,1710,2.3,2008,140,1.6,27,1606,56.8,6.9,1019,1030.9,710,1021.9,2400,1026.4,12,8.6,1200,2.53,16.65,,,,,,3.9,2.1,14.4,1,,,,,,,,,,,,0,-{박무}-{박무}{강도0}0300-{박무}{강도0}0600-{박무}{강도0}0900-1120.  {연무}1110-{연무}{강도0}1200-1130.,
143,대구,1998-03-19,14.6,8.2,2400,17.5,905,14.75,,,,,16.1,22,200,1148,13.7,180,1151,4.2,3636,180,8.8,52,0,68.8,11.6,1003,1021.9,0,1002.9,2057,1010.3,12.1,0,1200,.46,1.83,,,,,,9.4,5.6,13,5.6,,,,,,,,,,,,16.1,{비}0855-{비}{강도0}0900-0930. {비}0940-{비}{강도0}1200-{비}{강도0}1500-{비}{강도0}1800-{비}{강도0}2100-2350.,
143,대구,1998-03-20,2.4,.7,755,8.2,0,,,,,,,17.2,290,355,11.3,290,343,5.6,4856,290,-9.5,32,1703,40.6,3,1009.8,1023.2,2326,1006.5,0,1017.4,12.1,0,1300,1.12,7.01,,,,,,9.5,7.5,4.6,-.4,,,,,,,,,,,,,,
143,대구,1998-03-21,3.6,-.6,705,8.3,1502,,,,,,,9.9,320,1630,6.7,320,1628,4,3414,290,-9.8,26,1658,38.1,2.9,1015,1025.3,2331,1019.8,1510,1022.7,12.1,10,1200,2.52,17.15,,,,,,3.9,0,7,-3.2,,,,,,,,,,,,,,
143,대구,1998-03-22,4.3,0,618,10,1444,,,,,,,9.1,320,1530,6.8,290,1403,3.9,3339,290,-9.1,22,1650,39,3.1,1021.1,1031.5,2245,1025.3,0,1028.7,12.2,10.3,1200,2.94,20.41,,,,,,1.1,1.1,8.7,-4.7,,,,,,,,,,,,,,
143,대구,1998-03-23,7.3,1.8,633,12.8,1502,,,,,,,8.1,320,1253,6,270,110,3.2,2722,270,-7.2,27,1506,36.5,3.6,1021.3,1032.7,532,1024.9,1721,1028.9,12.2,10.4,1100,2.63,17.18,,,,,,5.6,.4,11.6,-1.1,,,,,,,,,,,,,{햇무리}1320-1440.,
143,대구,1998-03-24,9.6,4.2,640,14.6,1604,,,,,,,10.2,290,1145,8.3,290,1141,3.7,3175,290,-5.7,23,1610,33.8,4,1016.2,1027.5,720,1019.6,1650,1023.6,12.3,9.7,1200,2.67,17.63,,,,,,6.1,1.6,13.6,.5,,,,,,,,,,,,,,
143,대구,1998-03-25,12.6,8.4,625,17.7,1521,,,,,,,9.2,290,1426,5.3,340,1530,3.2,2753,270,-2.6,26,1350,35.1,5.1,1015.9,1026.1,2345,1021.1,148,1023.2,12.3,8.3,1200,2.66,17.56,,,,,,6.5,0,15.7,6.3,,,,,,,,,,,,,{연무}0620-{연무}{강도0}0900-{연무}{강도0}1200-1230.,
143,대구,1998-03-26,9.7,6.8,654,14,1222,9.75,,,,,3,5,140,1647,4,140,1646,1.7,1476,70,2.4,37,1213,62.1,7.4,1016.4,1027.6,728,1018.6,2356,1023.8,12.3,1.4,900,1.12,5.17,,,,,,8.5,3.9,10.3,3.7,,,,,,,,,,,,6.8,{연무}1120-{연무}{강도0}1200-1403.  {비}1415-{비}{강도0}1500-{비}{강도0}1800-{비}{강도0}2100-{비}{강도0}2400-,
143,대구,1998-03-27,10.7,7,140,15.2,1552,6.75,,,,,3.8,7.1,320,1206,6,290,1308,2.7,2348,270,4.1,44,1602,66,8.3,1010.6,1021.1,2347,1015.1,327,1017.9,12.4,4.4,1300,2.1,11.72,,,,,,8.1,3.8,12.3,5.3,,,,,,,,,,,,,-{비}-{비}{강도0}0300-{이슬비}0430-{이슬비}{강도0}0600-0645.  {박무}0340-{박무}{강도1}0600-{박무}{강도0}0900-1020.,
143,대구,1998-03-28,13.7,5.2,620,23,1608,,,,,,,4.7,230,1251,4.2,230,1253,1.3,1148,20,1.9,15,1710,51,7.1,1013.2,1022.2,2340,1017.6,1610,1020.5,12.4,8.2,1200,2.46,15.68,,,,,,4.1,0,14.3,1.5,,,,,,,,,,,,,{박무}0520-{박무}{강도0}0600-{박무}{강도0}0900-1020. {연무}1015-{연무}{강도0}1200-{연무}{강도0}1500-1630. {황사}1640-{황사}{강도0}1800-{황사}{강도0}2100-{황사}{강도0}2400-,
143,대구,1998-03-29,17.3,8,542,25.7,1540,,,,,,,6.2,230,1344,5,230,1340,2.1,1785,250,1,17,1632,37.6,6.6,1015.5,1024.4,924,1020.5,1610,1022.7,12.5,10.2,1200,2.78,19.34,,,,,,1.9,0,18.2,2.9,,,,,,,,,,,,,-{황사}-{황사}{강도0}0300-{황사}{강도0}0600-{황사}{강도0}0900-{황사}{강도0}1200-{황사}{강도0}1500-{황사}{강도0}1800-{황사}{강도0}2100-{황사}{강도0}2400-,
143,대구,1998-03-30,17.2,9.3,646,25.4,1538,,,,,,,5,140,2005,4.3,140,2000,1.9,1628,90,4,20,1436,44.8,8.2,1013,1023.4,0,1016.5,1700,1020.2,12.5,9.5,1200,2.65,17.76,,,,,,1.9,.1,18.6,4.5,,,,,,,,,,,,,-{황사}-{황사}{강도0}0300-{황사}{강도0}0600-{황사}{강도0}0900-{황사}{강도0}1200-{황사}{강도0}1500-{황사}{강도0}1800-{황사}{강도0}2100-2305.,
143,대구,1998-03-31,14.1,10.2,355,19.9,1413,,,,,,,10,90,1759,8,90,1740,3.2,2779,110,4.5,35,1338,53.8,8.5,1011.9,1021.2,857,1016.5,1627,1019.1,12.5,9.9,1300,2.53,17.53,,,,,,5,1.6,18,5.6,,,,,,,,,,,,16.8,,
143,대구,1998-04-01,6.6,3.4,2400,11.9,0,22.83,.9,211,4.4,204,41.2,16.2,70,747,10.7,90,543,5.1,4394,70,4.2,72,0,84.9,8.3,1008.1,1018.1,152,1012.7,1517,1015.6,12.6,0,1300,.36,2.08,,,,,,10,6.6,8.1,2.9,,,,,,,,,,,,24.9,{비}0110-{비}{강도0}0300-{비}{강도0}0600-{비}{강도0}0900-{비}{강도0}1200-{비}{강도0}1500-{비}{강도0}1800-{비}{강도0}2100-{비}{강도0}2400-,
143,대구,1998-04-02,6.8,3.4,0,11.1,1545,3,.2,30,.4,0,.5,6,270,1540,4.8,270,1600,2.2,1903,20,.2,39,1748,64.5,6.2,1013.4,1023.5,2330,1016,50,1020.9,12.6,5.1,1000,1.66,11.77,,,,,,6.5,4.4,9.3,2.1,,,,,,,,,,,,,-{비}-0155.  {비}0440-0545.,
143,대구,1998-04-03,9.8,2.4,645,16.6,1633,,,,,,,6,230,1333,4.7,230,1340,1.9,1652,250,-1.1,22,1510,51,5.7,1017.3,1026.4,850,1023,1640,1024.8,12.6,10.8,1200,2.97,21.46,,,,,,0,0,13.4,-.6,,,,,,,,,,,,,,
143,대구,1998-04-04,13.6,5,634,21.3,1637,,,,,,,6.2,270,1326,5.5,270,1333,2,1689,270,2.9,25,1434,53.1,7.6,1017.1,1027.1,816,1021.5,1705,1024.5,12.7,10.5,1200,2.92,20.69,,,,,,1.8,1.5,16.3,.6,,,,,,,,,,,,.8,,
143,대구,1998-04-05,12.8,10.9,810,14.1,1502,16.83,3,2210,4.5,2210,26.6,7,70,1120,6,90,1042,2.2,1923,90,10.5,69,0,86.4,12.7,1013.4,1024.8,100,1017.1,1910,1020.7,12.7,0,1000,.23,1.54,,,,,,9.3,5.1,11.8,7,,,,,,,,,,,,28.1,{비}0710-{비}{강도0}0900-{비}{강도0}1200-{비}{강도0}1500-{비}{강도0}1800-{비}{강도0}2100-{비}{강도0}2400- {박무}1020-{박무}{강도0}1200-{박무}{강도0}1500-{박무}{강도0}1800-{박무}{강도0}2100-{박무}{강도0}2400-,
143,대구,1998-04-06,13.2,10.3,2400,15.2,1643,2.67,.7,40,2.2,10,2.3,8.4,110,932,6.3,110,1222,3.3,2867,110,8.3,49,2135,73,11.1,1011.1,1019.8,2153,1017,240,1018.5,12.8,0,1200,.92,5.23,,,,,,8.3,5.1,13.1,7,,,,,,,,,,,,,-{비}-0240.  -{박무}-{박무}{강도0}0300-{박무}{강도0}0600-0620.,
143,대구,1998-04-07,15.4,6,642,23.1,1521,,,,,,,3.8,70,644,3,70,640,1.4,1192,70,5,21,1555,53.3,8.8,1007.6,1019.3,0,1011.4,1735,1014.8,12.8,10.7,1100,2.73,20.14,,,,,,3.8,2.8,17.6,4.1,,,,,,,,,,,,1.6,,
143,대구,1998-04-08,15.1,13.2,822,17.3,1537,5.25,.4,807,1,730,1.7,6,90,1545,5.5,70,2339,1.8,1585,90,8.7,42,1528,66.9,11.4,1005.5,1014.2,830,1011.3,450,1012.7,12.8,0,1200,.76,5.09,,,,,,10,7.9,14.9,12.1,,,,,,,,,,,,.1,{비}0405-0555. {비}0650-{비}{강도0}0900-0925. {비}1025-1115. {박무}0740-{박무}{강도0}0900-{박무}{강도0}1200-1340.,
143,대구,1998-04-09,13.7,12.6,1140,15.3,1550,3.5,0,,0,,0,7,70,158,6,70,130,2.6,2210,90,9.1,60,1635,73.9,11.5,1007.4,1017.2,2155,1013,415,1014.7,12.9,.2,1500,1.09,4.76,,,,,,8.8,6.3,13.4,11.9,,,,,,,,,,,,0,{비}1015-{비}{강도0}1200-1330.  {비}1505-1520.  {박무}1045-{박무}{강도0}1200-1420.,
143,대구,1998-04-10,17.5,9.2,458,25.1,1638,,,,,,,7.3,250,1329,5.3,250,1343,2.4,2042,270,8.3,33,1520,58.5,11,1009.1,1018.1,857,1013.8,1740,1016.3,12.9,11,1200,2.87,21.04,,,,,,4,.5,20,5.4,,,,,,,,,,,,,{박무}0340-{박무}{강도0}0600-{박무}{강도0}0900-1120.,
143,대구,1998-04-11,19.2,12,635,29.4,1544,,,,,,,9,90,1707,7.7,90,1706,2.4,2097,110,9.6,30,1505,56.8,11.9,1008.9,1018,840,1012.6,1631,1016,12.9,10.4,1200,2.7,19.13,,,,,,1.5,0,23.1,8,,,,,,,,,,,,2,,
143,대구,1998-04-12,16.9,13,637,23.7,1940,11.68,2.8,944,3.7,942,11.3,19,180,1928,9,230,2040,3.1,2676,110,13.9,57,2051,83,16,1001.6,1017,0,1002.9,2400,1008.8,13,0,1400,.68,3.87,,,,,,9.1,4.6,17,11.6,,,,,,,,,,,,10.9,{박무}0430-{박무}{강도0}0600-{박무}{강도0}0900-{박무}{강도0}1200-{박무}{강도0}1500-1720. {비}0535-{비}{강도0}0600-0850. {비}0925-1153. {비}1255-1350. {비}1402-1415. {비}1455-{비}{강도0}1500-1520. {비}1545-1550. {비}1620-1630. {비}1725-{비}{강도0}1800-1920. {비}2145-{비}{강도0}2400-,
143,대구,1998-04-13,17.3,14.2,2316,20.7,0,8.5,.5,3,1.6,2336,1.7,8,110,1617,6,110,1637,2.6,2246,110,14,69,1343,80.8,16.2,997.2,1009.5,2146,1001.2,358,1004.3,13,0,1300,.92,3.74,,,,,,9.6,6.5,17.9,13,,,,,,,,,,,,.1,-{비}-{비}{강도0}0300-0535. {비}0810-{비}{강도0}0900-1020. {비}1145-{비}{강도0}1200-1210. {비}1705-1725.,
143,대구,1998-04-14,16.7,12.4,720,22.6,1450,1.92,.2,2320,.4,2252,.4,11.7,70,1912,9,70,1944,3.2,2776,90,10.3,40,1445,68,12.5,1003,1012.2,2400,1008.1,1640,1010.2,13,7.8,1100,2.85,18.93,,,,,,7.1,4.1,21.3,10.5,,,,,,,,,,,,5.3,{박무}0120-{박무}{강도0}0300-{박무}{강도1}0600-{박무}{강도0}0900-1050. {박무}2330-{박무}{강도0}2400-              {소나기}2025-2050.  {비}2230-{비}{강도0}2400-,
143,대구,1998-04-15,14.8,11.3,612,20.8,1604,4.58,1.3,103,2.6,10,4.9,10.7,90,1846,7.5,110,1830,2.8,2385,90,7.7,38,1628,64.4,10.5,1006.9,1016.8,2155,1011.9,240,1014.2,13.1,6.8,1000,2.53,17.71,,,,,,6.9,4.8,18,11,,,,,,,,,,,,,-{비}-{비}{강도0}0300-0435. -{박무}-{박무}{강도0}0300-0530. {황사}1340-{황사}{강도0}1500-{황사}{강도0}1800-{황사}{강도0}2100-{황사}{강도0}2400-,
143,대구,1998-04-16,14.8,12.2,506,18.2,1618,,,,,,,7.1,90,1116,6.3,90,738,3.8,3304,90,8.4,53,1512,64.6,11,1008.1,1016.8,834,1013.5,1630,1015.4,13.1,4.8,1300,1.79,13.06,,,,,,9.1,6.6,18.4,11.1,,,,,,,,,,,,,-{황사}-{황사}{강도0}0300-{황사}{강도0}0600-{황사}{강도0}0900-{황사}{강도0}1200-{황사}{강도0}1500-{황사}{강도0}1800-{황사}{강도0}2100-{황사}{강도0}2400- {박무}2020-{박무}{강도0}2100-{박무}{강도0}2400-,
143,대구,1998-04-17,13.8,11.2,550,17.2,1222,2.17,.6,1251,1.8,1251,2.3,8.4,320,1803,7,90,832,3.2,2740,90,8.1,52,1222,68.8,10.8,1004.6,1014.4,0,1009.7,1520,1011.9,13.2,3.8,900,1.46,8.96,,,,,,7.1,3.3,15.5,8.7,,,,,,,,,,,,2.3,-{황사}-{황사}{강도0}0300-0540.  -{박무}-{박무}{강도0}0300-0530.  {비}1235-1420.  {비}2130-2155.,
143,대구,1998-04-18,15.8,9.7,554,22.4,1556,,,,,,,5,270,1550,4.2,270,1147,1.7,1434,270,7.9,34,1544,62.4,10.7,1006,1015,2357,1011.6,225,1013.2,13.2,10.3,1200,2.63,18.88,,,,,,4.4,1.5,19,7,,,,,,,,,,,,,{박무}0530-{박무}{강도0}0600-{박무}{강도0}0900-{박무}{강도0}1200-1220.  {박무}2240-{박무}{강도0}2400-  {황사}1515-{황사}{강도0}1800-{황사}{강도0}2100-{황사}{강도0}2400-,
143,대구,1998-04-19,19.9,11.5,705,27.9,1642,,,,,,,5.5,270,1314,4.3,270,1420,2.2,1906,270,7.8,24,1630,50.5,10.7,1009.6,1019,2310,1014.9,0,1016.8,13.3,10.8,1200,2.83,21.08,,,,,,0,0,23.2,8,,,,,,,,,,,,,-{황사}-{황사}{강도0}0300-{황사}{강도0}0600-{황사}{강도0}0900-{황사}{강도0}1200-{황사}{강도0}1500-{황사}{강도0}1800-{황사}{강도0}2100-{황사}{강도0}2400- -{박무}-{박무}{강도0}0300-{박무}{강도0}0600-0850.,
143,대구,1998-04-20,21.7,14.4,623,29.7,1542,,,,,,,6.5,250,1426,5.7,250,1450,2.6,2230,270,11.5,28,1423,54.4,13.6,1012.3,1021.1,728,1016.8,1603,1019.3,13.3,10.5,1200,2.89,20.52,,,,,,5,0,24.8,10.8,,,,,,,,,,,,,-{황사}-{황사}{강도0}0300-{황사}{강도0}0600-{황사}{강도0}0900-{황사}{강도0}1200-{황사}{강도0}1500-{황사}{강도0}1800-{황사}{강도0}2100-{황사}{강도0}2400-,
143,대구,1998-04-21,20.6,18,708,25.1,1400,.37,0,,0,,0,8.9,160,1616,7.5,160,1610,2.5,2132,250,14.2,45,1428,67.8,16.2,1011.5,1021.3,756,1016.6,1455,1018.6,13.3,1.2,1100,1.44,9.41,,,,,,9,5.9,23.1,15.7,,,,,,,,,,,,0,{소나기}1603-1610.  {비}2210-2225.  -{황사}-{황사}{강도0}0300-{황사}{강도0}0600-{황사}{강도0}0900-{황사}{강도0}1200-{황사}{강도0}1500-1620.,
143,대구,1998-04-22,21.4,17.9,412,24.7,1540,3.58,0,,0,,0,4,160,1729,3.5,160,1724,1.7,1463,90,16.9,61,1229,76,19.3,1005.2,1016.8,0,1009.6,1906,1012.3,13.3,.7,1100,1.17,8.22,,,,,,9.6,7.1,23.5,17,,,,,,,,,,,,16.1,{비}0050-0120. {비}1710-1745. {비}1810-2040. {박무}0340-{박무}{강도0}0600-{박무}{강도0}0900-1120. {박무}2220-{박무}{강도0}2400-,
143,대구,1998-04-23,22.3,20,936,27.4,1618,10.25,2.5,1829,6.5,414,25.9,8,270,1832,6.3,270,1827,1.5,1304,320,18.4,52,1617,79.4,21.1,999.4,1010.1,0,1003.5,1714,1006.4,13.4,3.7,1400,2.51,11.45,,,,,,8.9,6.1,24.2,19,,,,,,,,,,,,9.8,-{박무}-{박무}{강도0}0300-{박무}{강도0}0600-{박무}{강도0}0900-{박무}{강도0}1200-1220. {비}0350-0555. {비}0625-{비}{강도0}0900-1150. {비}1805-2050.,
143,대구,1998-04-24,23.6,19.9,440,28.6,1450,,,,,,,7.4,110,2355,6,110,2400,2.2,1885,270,16.7,45,1452,66.8,19,997.1,1006.6,0,1001.5,1550,1004,13.4,5.2,1300,2.34,15.27,,,,,,7.8,4.9,24.6,17.7,,,,,,,,,,,,2.4,{박무}0320-{박무}{강도0}0600-{박무}{강도0}0900-{박무}{강도0}1200-1225.,
143,대구,1998-04-25,13.4,11.8,2325,20.2,0,2.72,1.4,530,2.1,453,2.4,12.7,90,404,11,90,447,5.5,4740,90,6.7,48,1620,64.8,10,1003.9,1015.5,2400,1004.4,120,1011.2,13.4,.9,1300,1.34,7.89,,,,,,9.3,5.6,15.8,11.2,,,,,,,,,,,,,{비}0035-0120. {비}0442-{비}{강도0}0600-0615. {비}0720-0745.,
143,대구,1998-04-26,14.4,10.8,530,19.9,1612,,,,,,,6.7,110,2340,5.5,90,1104,3.4,2961,110,6,43,1530,57.4,9.4,1009.4,1018.6,1020,1014.7,1710,1016.7,13.5,4.9,1300,2.6,16.86,,,,,,7.3,5.4,19,10.1,,,,,,,,,,,,.1,,
143,대구,1998-04-27,17.4,12.6,430,24.2,1506,.58,.1,345,.1,,.1,7.2,90,733,5.8,90,630,3.9,3360,110,7.9,28,1610,56.1,10.7,1012.1,1021.5,2315,1017.1,1614,1019.3,13.5,9.9,1200,3.1,21.95,,,,,,4,2.9,21.9,10.8,,,,,,,,,,,,,{소나기}0345-0355.  {소나기}0410-0435.,
143,대구,1998-04-28,19.8,10.9,606,28.2,1542,,,,,,,6.2,270,1640,5.5,270,1643,2.1,1802,70,9.2,23,1536,54.8,11.7,1012.2,1022.7,1503,1015.8,1608,1019.3,13.5,11.8,1200,2.76,21.69,,,,,,0,0,24.6,9.4,,,,,,,,,,,,,,
143,대구,1998-04-29,19.3,15.8,550,25.5,1242,,,,,,,14.9,70,1602,10.8,70,1543,4.4,3807,90,11.4,42,1350,61.8,13.6,1013.2,1023,2140,1019,1300,1020.4,13.6,9.2,1100,2.57,19.25,,,,,,4.8,4.1,25.4,12.2,,,,,,,,,,,,,,
143,대구,1998-04-30,18.3,14.3,543,22.8,1430,,,,,,,14.4,90,1210,9,90,1230,5.7,4888,90,6.9,28,1825,49.8,10.2,1014.9,1023.6,1032,1021.1,1700,1022.1,13.6,6.8,1200,2.73,19.89,,,,,,6.6,4.4,25,12.2,,,,,,,,,,,,.1,,
143,대구,1998-05-01,17,13.4,746,21.6,2353,14.75,.3,1452,.6,1438,2.2,7.5,90,12,5.7,90,16,2.4,2086,110,12.6,37,220,77,15.2,1007.8,1021.2,0,1008.1,2355,1015,13.6,0,1100,.8,4.42,,,,,,10,5.9,17.8,11.9,,,,,,,,,,,,15.6,{비}0145-0155. {비}0830-{비}{강도0}0900-0945. {비}1040-{비}{강도0}1200-{비}{강도0}1500-{비}{강도0}1800- {비}{강도0}2100-{비}{강도0}2400-  {박무}0820-{박무}{강도0}0900-{박무}{강도0}1200-{박무}{강도0}1500-{박무}{강도0}1800-{박무}{강도0}   2100-{박무}{강도0}2400-,
143,대구,1998-05-02,22.8,19.1,2348,26.9,1310,10.12,1.7,702,3.6,650,15.5,15.4,200,1110,10,200,1116,4.2,3640,230,17.8,55,1520,74.1,20.4,995,1008.2,0,998.9,1310,1002,13.7,2.1,1200,1.99,10.39,,,,,,8.4,6,22.5,16.1,,,,,,,,,,,,2,-{비}-{비}{강도0}0300-{비}{강도0}0600-{비}{강도0}0900-0920. {비}1035-1042. {비}2005-2045. -{박무}-{박무}{강도0}0300-{박무}{강도0}0600-0826.,
143,대구,1998-05-03,16.4,12.6,2340,19.8,1055,,,,,,,11,90,1413,9,90,1440,3.8,3251,90,9.1,46,1843,62.1,11.7,1006.8,1019.4,2150,1005.4,0,1014,13.7,2.2,900,1.77,12,,,,,,4.6,2.6,20.7,12.3,,,,,,,,,,,,,,
143,대구,1998-05-04,15.4,9.2,550,22.2,1633,,,,,,,10,90,1850,7.7,90,1855,3.6,3087,90,6.1,38,1232,56.1,9.5,1012.9,1021.5,930,1018.6,1800,1020.1,13.7,11.9,1100,3.18,24.77,,,,,,1.8,.3,21.1,6.8,,,,,,,,,,,,,,
143,대구,1998-05-05,17.7,8.7,618,26.1,1537,,,,,,,5.6,90,1908,4.7,90,1910,2.2,1937,90,7.7,30,1536,56.5,10.7,1012.5,1021.1,0,1017.2,1636,1019.7,13.8,11.6,1200,3.19,24.12,,,,,,1.3,0,23.9,6.7,,,,,,,,,,,,,,
143,대구,1998-05-06,22,12.6,610,29.9,1615,,,,,,,5.5,160,1847,4.7,270,1606,2,1740,70,13.6,33,1225,62.3,15.9,1011.3,1021.1,737,1015.8,1720,1018.4,13.8,10.9,1100,2.85,22.67,,,,,,1.8,1.4,26.7,10.1,,,,,,,,,,,,,{연무}0940-{연무}{강도0}1200-1430.,
143,대구,1998-05-07,24.5,21.4,2400,28.1,1455,.58,.5,2346,.5,2325,.5,6.8,230,1544,5.7,200,1428,2.5,2120,320,18.6,55,1534,71,21.5,1007.5,1017.9,0,1011.9,1724,1014.5,13.8,1.5,1100,1.52,10.69,,,,,,8.3,5.4,29.3,20,,,,,,,,,,,,.5,{박무}0520-{박무}{강도0}0600-{박무}{강도0}0900-1120. {비}2325-{비}{강도0}2400-,
143,대구,1998-05-08,19,15.7,2238,23.9,1427,2.4,0,,0,,0,9.7,90,2009,7.5,90,2020,3.5,3062,270,12,47,1411,64,14,1008.3,1017.9,2130,1013.1,140,1015.4,13.9,2.8,1100,2.86,13.92,,,,,,7,5.3,22.8,15.5,,,,,,,,,,,,0,-{비}-0025. {비}0543-{비}{강도0}0600-0630. {비}0858-{비}{강도0}0900-1010.,
143,대구,1998-05-09,19.1,13.5,610,24,1552,1.8,.2,2305,.3,2230,.3,7.7,200,2227,5.8,200,2220,2.4,2092,90,9,29,1545,54.1,11.5,1009.7,1018.9,655,1015,1608,1016.8,13.9,4.8,1000,2.57,16.68,,,,,,8,2.9,23.1,12.1,,,,,,,,,,,,.3,{박무}0715-{박무}{강도0}0900-1120.  {비}2050-{비}{강도0}2100-2148.  {비}2230-2320.,
143,대구,1998-05-10,16.6,14.5,2346,19.1,1202,12.58,.3,1708,.5,1650,1.3,6.5,70,1346,5.5,90,1437,2.1,1772,90,10.6,49,1248,68.3,12.8,1012.2,1020.9,2106,1017.2,27,1019.4,13.9,0,1100,.95,5.42,,,,,,10,5.6,16.8,13,,,,,,,,,,,,7.5,{비}0845-{비}{강도0}0900-0950. {비}1150-{비}{강도0}1200-{비}{강도0}1500-{비}{강도0}1800-2045. {비}2125-{비}{강도0}2400-,
143,대구,1998-05-11,12.1,10.9,1328,14.5,0,22.75,1.2,1025,4.4,938,38.5,11.3,70,1231,8,70,839,3.2,2763,90,10.1,66,750,87.4,12.3,1008.4,1020,0,1011.4,2400,1015.7,13.9,0,1300,.36,2.46,,,,,,10,5.9,13,10,,,,,,,,,,,,44,-{비}-0040. {비}0155-{비}{강도0}0300-{비}{강도0}0600-{비}{강도0}0900-{비}{강도0}1200-{비}{강도0}1500-{비}{강도0}1800-{비}{강도0}2100-{비}{강도0}2400- {박무}1230-{박무}{강도0}1500-{박무}{강도0}1800-{박무}{강도0}2100-{박무}{강도0}2400-,
143,대구,1998-05-12,14.7,10.9,230,18.6,1726,9.75,1.2,150,4.2,137,11.7,12.8,290,1617,6.8,290,1610,2.6,2262,270,10,51,1733,74.6,12.3,1002.4,1014,2400,1007.1,1446,1009.7,14,.5,1100,1.2,7.07,,,,,,8.8,6.1,15,10.7,,,,,,,,,,,,0,-{비}-{비}{강도0}0300-{비}{강도0}0600-{비}{강도0}0900-0945. -{박무}-{박무}{강도0}0300-{박무}{강도0}0600-{박무}{강도0}0900-{박무}{강도0}1200-1320.,
143,대구,1998-05-13,18,13.1,306,23.8,1742,,,,,,,6.3,290,938,5.3,270,514,2.4,2044,320,8.6,35,1633,55.6,11.2,1008,1016.6,1208,1013.8,120,1015.2,14,9.6,1400,2.7,18.5,,,,,,5.5,1.8,23.1,9.5,,,,,,,,,,,,,{박무}0420-{박무}{강도0}0600-0630.,
143,대구,1998-05-14,19,12,620,26.1,1410,,,,,,,8.6,110,1229,6.8,110,1340,2.8,2448,70,7.9,27,1420,52.3,10.8,1008.1,1016.7,840,1013.6,1452,1015.3,14,9.4,1200,3.16,22.42,,,,,,4.1,.9,22.2,8.8,,,,,,,,,,,,,{박무}0620-{박무}{강도0}0900-1040.,
143,대구,1998-05-15,18.4,10.8,540,25.2,1443,,,,,,,11,70,1303,7,70,1440,3.9,3368,70,7.3,26,1633,51.5,10.3,1008.1,1017.3,715,1013.7,1813,1015.2,14.1,8.5,1200,3,21.82,,,,,,6.6,4.1,23.8,8.1,,,,,,,,,,,,21.5,,
143,대구,1998-05-16,17.6,15.6,523,19.6,1808,13,2,626,5.5,754,24.6,6.2,90,55,5.5,90,103,1.7,1454,90,14.8,65,0,83.6,16.8,1001,1014,0,1006.1,1616,1008.2,14.1,0,1500,.7,4.46,,,,,,9.8,5.5,18.1,14.6,,,,,,,,,,,,3.1,{비}0205-{비}{강도0}0300-{비}{강도0}0600-{비}{강도0}0900-{비}{강도0}1200-1350. {이슬비}2230-2345. {박무}0230-{박무}{강도0}0300-{박무}{강도0}0600-{박무}{강도0}0900-{박무}{강도0}1200-{박무}{강도0}1500-{박무}{강도0}1800-{박무}{강도0}2100-{박무}{강도1}2400-,
143,대구,1998-05-17,20,16.6,630,23.1,1558,,,,,,,5.9,250,1045,5.3,270,405,2.8,2413,270,11.8,42,1637,60.8,14,1004.3,1013.4,2312,1007.5,126,1011.4,14.1,7,1100,1.95,15.9,,,,,,6.9,3.4,21.8,15,,,,,,,,,,,,,-{박무}-{박무}{강도1}0300-{박무}{강도0}0600-0645.,
143,대구,1998-05-18,20.8,17,550,25.9,1554,,,,,,,6.3,270,1027,4.7,270,1020,2,1705,320,12.2,39,1635,59.4,14.2,1005.6,1013.9,730,1011,1805,1012.7,14.1,8.1,1300,2.87,19.64,,,,,,4.5,3.4,24.5,14,,,,,,,,,,,,,{박무}0025-{박무}{강도0}0300-{박무}{강도0}0600-{박무}{강도0}0900-1120.  {연무}1105-{연무}{강도0}1200-1420.,
143,대구,1998-05-19,22.5,16.4,558,28.9,1516,,,,,,,5,70,1901,4.3,70,1903,1.9,1635,230,10.9,25,1806,51.9,13.2,1006.5,1015.6,2336,1011.4,1706,1013.6,14.2,10.6,1100,2.92,21.58,,,,,,1.9,.5,25.8,12.2,,,,,,,,,,,,,{박무}0320-{박무}{강도0}0600-{박무}{강도0}0900-1120.,
143,대구,1998-05-20,22.8,15.3,628,30.7,1530,,,,,,,9.8,70,1745,7.3,70,1749,2.4,2040,20,10.7,25,1506,49.8,13,1009.7,1019,2400,1014.7,1530,1016.7,14.2,10.6,1200,2.95,22.43,,,,,,2.4,1.5,26.5,12.3,,,,,,,,,,,,,{박무}0040-{박무}{강도0}0300-{박무}{강도0}0600-{박무}{강도0}0900-0920.  {연무}0910-{연무}{강도0}1200-1250.,
143,대구,1998-05-21,23,14.8,540,30.3,1552,,,,,,,7.3,90,1452,5.8,70,1730,2.8,2441,70,9.5,24,1150,46.1,12,1011.3,1020,747,1016.4,1600,1018.3,14.2,12,1200,3.21,25.42,,,,,,0,0,27.2,11.8,,,,,,,,,,,,,,
143,대구,1998-05-22,23.4,14,607,31.7,1528,,,,,,,7.6,180,1413,6.8,160,1547,2.3,2004,180,10.2,26,1713,46.4,12.5,1009.5,1019.1,845,1014.3,1716,1016.5,14.2,10.9,1100,2.98,22.51,,,,,,5.4,2.9,27.6,11.4,,,,,,,,,,,,,,
143,대구,1998-05-23,24.1,18.7,650,30.3,1440,,,,,,,6.6,70,1745,5.7,70,1803,2.5,2180,70,12.9,28,1305,51,14.9,1007,1016.9,808,1011.2,1813,1014,14.2,9.5,1200,2.6,17.62,,,,,,8.4,3.9,26.4,15.8,,,,,,,,,,,,,,
143,대구,1998-05-24,21.9,19.1,422,26,1425,1.42,0,,0,,0,5.4,320,1653,4.8,110,403,2.5,2117,270,14.6,48,1412,63.9,16.7,999.2,1012,0,1003.5,1656,1006.2,14.3,0,1200,1.39,8.7,,,,,,10,5.9,21.8,18.2,,,,,,,,,,,,0,{박무}0240-{박무}{강도0}0300-0510.  {박무}0645-{박무}{강도0}0900-1145.  {비}1530-1610.  {비}1655-1740.,
143,대구,1998-05-25,19,15.7,834,23.3,1632,1.37,0,,0,,0,8.9,90,833,8,90,838,3,2600,90,10.6,44,1414,58.5,12.8,999.9,1009.6,2400,1004.2,356,1007,14.3,3.9,1200,3.32,14.63,,,,,,8.6,5,18,13,,,,,,,,,,,,0,{비}0823-{비}{강도0}0900-0945.,
143,대구,1998-05-26,21.2,13.1,540,28.8,1621,,,,,,,5.7,290,1358,5,290,1406,2,1714,20,7.4,19,1610,46.1,10.5,1003,1012,2400,1008,1640,1010.1,14.3,12,1200,3.29,26.8,,,,,,.3,0,26.1,8.5,,,,,,,,,,,,,,
143,대구,1998-05-27,22.2,14.1,543,28.8,1550,,,,,,,4.7,70,2037,4.2,70,2030,1.8,1544,70,9.2,24,1612,46.4,11.7,1008.1,1016.2,2210,1012,0,1015.2,14.3,11.4,1000,2.76,22.47,,,,,,2.9,.4,27.1,9.8,,,,,,,,,,,,,,
143,대구,1998-05-28,20.3,15,635,24.7,1346,,,,,,,7.2,250,1652,5.7,250,1633,2.2,1930,70,11.9,37,1127,60,14,1005.1,1015.9,0,1009.8,1843,1012.1,14.4,5.3,900,1.74,12.03,,,,,,6,2.9,24.7,12.7,,,,,,,,,,,,,{박무}2320-{박무}{강도0}2400-,
143,대구,1998-05-29,22.3,15.5,620,29.3,1513,,,,,,,6.2,290,1950,5.5,290,1950,1.9,1617,270,12.3,25,1402,56.1,14.3,1000.5,1010.7,0,1004.4,1732,1007.5,14.4,8.9,1300,3.05,19.58,,,,,,5.3,1.8,26.5,12.1,,,,,,,,,,,,,-{박무}-{박무}{강도0}0300-{박무}{강도0}0600-{박무}{강도0}0900-1040.,
143,대구,1998-05-30,22.1,17.3,611,27.5,1512,,,,,,,11.4,290,1809,8,270,1758,4.2,3624,270,4.8,19,1350,34.8,8.9,1003.3,1013.1,2400,1007.1,0,1010.3,14.4,12.5,1200,3.35,27.42,,,,,,0,0,27.7,13.6,,,,,,,,,,,,,,
143,대구,1998-05-31,21.1,15.2,532,27.2,1555,,,,,,,7,270,952,5.7,270,1240,2.5,2170,270,5.5,24,1546,36.8,9.1,1006.5,1015.8,736,1011.9,2400,1013.6,14.4,10.6,1300,2.51,20.53,,,,,,4.8,1.1,25.9,9.1,,,,,,,,,,,,,,
143,대구,1998-06-01,19.8,15.5,550,23.4,1353,3.75,.4,2335,.5,2300,.5,8.1,250,1726,6.3,250,1742,2.3,2000,250,10.8,41,1350,56.9,13,1002.4,1012.2,25,1007.7,1514,1009.4,14.4,0,1100,1.15,7.85,,,,,,9,6.1,19.9,10.1,,,,,,,,,,,,20.5,{비}2015-{비}{강도0}2100-{비}{강도0}2400-,
143,대구,1998-06-02,16.9,14.7,620,18.2,1523,14.03,1.4,535,5.6,500,20.8,12,70,1118,6.7,70,1210,3,2628,70,13.8,72,1440,82.4,15.8,994.3,1007.7,0,998.8,1600,1001.5,14.4,0,900,.21,1.87,,,,,,10,5.9,16.2,14.2,,,,,,,,,,,,1,-{비}-{비}{강도0}0300-{비}{강도0}0600-{비}{강도0}0900-{비}{강도0}1200-1240.  {비}2018-{비}{강도0}2100-2140.  {박무}0025-{박무}{강도0}0300-{박무}{강도0}0600-{박무}{강도0}0900-{박무}{강도0}1200-1345.  {박무}1725-{박무}{강도0}1800-{박무}{강도0}2100-{박무}{강도0}2400-,
143,대구,1998-06-03,19.5,16.5,524,23.3,1455,1.58,.1,120,.2,120,.2,11.4,270,1250,8,270,1353,3.2,2725,270,11.9,41,1448,63.8,14.1,995.6,1007.8,2336,999.3,243,1002.6,14.5,4.6,1200,2.16,15.54,,,,,,8,6.4,21.6,14,,,,,,,,,,,,,-{박무}-{박무}{강도0}0300-{박무}{강도1}0600-0820.  {비}0105-0240.,
143,대구,1998-06-04,16.3,14.6,540,18.1,0,.67,0,,0,,0,10.8,90,1113,8.7,90,1121,3.7,3168,90,11.4,61,1539,72.9,13.5,1004.5,1013.9,1032,1007.8,0,1011.7,14.5,0,1100,1.27,6.96,,,,,,8,2.4,16.6,12.2,,,,,,,,,,,,.6,{박무}0920-{박무}{강도0}1200-1320.  {비}2140-2220.,
143,대구,1998-06-05,15.5,14.6,2400,17,1400,2.58,.2,815,.6,815,.8,9.5,90,1702,7.2,90,1630,4.3,3683,90,11.8,67,1505,78.5,13.8,1006.5,1014.5,2120,1012.7,1433,1013.6,14.5,0,1300,.86,4.55,,,,,,9.8,5.3,15,13.4,,,,,,,,,,,,.2,{비}0810-{비}{강도0}0900-0940.  {비}1740-{비}{강도0}1800-1845.,
143,대구,1998-06-06,16.7,13.8,2400,20.5,1403,,,,,,,9,90,1114,7.3,70,1156,3.6,3100,90,9,35,1840,61.6,11.7,1007.2,1015,2108,1013.3,1658,1014.4,14.5,4.4,1300,2.84,18.12,,,,,,6,3.9,19.7,10.4,,,,,,,,,,,,,,
143,대구,1998-06-07,18.6,9.8,532,25.7,1735,,,,,,,4.8,20,1358,3.7,90,2200,2,1715,20,8.5,32,1632,55.4,11.2,1005.8,1015.3,638,1009.9,1740,1012.9,14.5,12.5,1200,3.33,26.79,,,,,,.4,.4,24.6,7,,,,,,,,,,,,,,
143,대구,1998-06-08,20.8,14.3,525,25.4,1539,,,,,,,4,110,2139,3.3,140,2130,1.4,1205,50,11.8,40,1700,57.9,13.8,1005.1,1013.4,0,1010.6,1548,1012.2,14.5,4.5,900,1.8,14.01,,,,,,7.3,3.4,24.1,11.4,,,,,,,,,,,,.5,,
143,대구,1998-06-09,19.6,18,1610,21.9,1142,16.03,.8,2014,2.3,1940,5.4,6.8,70,1138,5.3,70,1153,2.3,2022,70,15.7,55,0,79.3,17.9,1004.5,1013.6,704,1010.1,2400,1011.6,14.5,.6,1100,1.14,6.7,,,,,,10,5.5,20.6,16.7,,,,,,,,,,,,7.4,{비}0045-0105. {비}0440-{비}{강도0}0600-0820. {비}1153-{비}{강도0}1200-{비}{강도0}1500-{비}{강도0}1800-{비}{강도0}2100-2355. {박무}0520-{박무}{강도0}0600-{박무}{강도0}0900-1140. {박무}1820-{박무}{강도0}2100-{박무}{강도0}2400-,
143,대구,1998-06-10,20.5,17.8,351,25.2,1419,5.17,.8,247,1.8,247,2.5,8.5,90,1753,7.7,70,1838,2.4,2103,90,15.2,50,1627,72.6,17.3,1003.4,1013,2350,1009.3,1640,1010.5,14.5,5,1400,2.31,15.66,,,,,,7.6,3.6,22,16.1,,,,,,,,,,,,,{비}0035-{비}{강도0}0300-0545.-{박무}-{박무}{강도0}0300-{박무}{강도0}0600-0620.,
143,대구,1998-06-11,21.6,16.3,500,26.6,1700,,,,,,,5.6,110,1742,4.7,140,1703,2.5,2144,90,14.4,47,1650,65.3,16.5,1005.7,1014.8,755,1010,1750,1012.7,14.5,6.7,1300,3.14,21.4,,,,,,3.5,3.3,28.1,13.5,,,,,,,,,,,,,,
143,대구,1998-06-12,20.9,15.8,554,27.1,1404,1.58,0,,0,,0,12.7,70,2058,10.5,70,2056,4.7,4086,70,13.8,41,1346,66.1,15.8,1003.8,1013.1,552,1007.8,2400,1010.8,14.6,7.4,1100,2.89,20.65,,,,,,7.3,1.6,26.8,15,,,,,,,,,,,,11.3,{박무}0430-{박무}{강도1}0600-{박무}{강도0}0900-1030.{햇무리}1340-1530.{비}2220-2355.,
143,대구,1998-06-13,19.1,18.2,240,20.1,1300,19.42,1.8,1259,3.8,148,15.1,16.4,70,901,9.3,70,744,3.7,3196,70,15.8,74,2228,81.4,18,995.4,1007.8,0,1000.2,1658,1002.4,14.6,0,1100,.31,2.22,,,,,,10,5.4,18.6,16.8,,,,,,,,,,,,14.4,{비}0020-{비}{강도0}0300-{비}{강도0}0600-0740.{비}0835-{비}{강도0}0900-{비}{강도0}1200-{비}{강도0}1500{비}{강도0}1800-2040.,
143,대구,1998-06-14,18.7,16.9,2400,21.8,1720,7.67,1.4,820,6.1,800,14,6,90,15,4.7,90,28,1.6,1415,90,14.5,58,1710,77,16.5,995.8,1005,2250,1001,555,1002.8,14.6,0,1600,1.55,7.97,,,,,,7.6,4.3,19.4,14.6,,,,,,,,,,,,3.4,{비}0450-{비}{강도0}0600-{비}{강도0}0900-{비}{강도0}1200-1230. {박무}0440-{박무}{강도0}0600-{박무}{강도0}0900-{박무}{강도0}1200-1220.,
143,대구,1998-06-15,22.3,15.4,420,29.5,1618,,,,,,,6.4,200,1245,5.3,200,1259,2.1,1820,230,15.1,39,1439,67,17.3,998,1006.5,2305,1003.1,1752,1005,14.6,9.3,1200,3.12,22.92,,,,,,3.5,1.6,25.2,12.8,,,,,,,,,,,,,{박무}0420-{박무}{강도1}0600-{박무}{강도1}0900-0940.{박무}2220-{박무}{강도0}2400-{햇무리}1030-1140.{햇무리}1245-1320.{햇무리}1420-1530.,
143,대구,1998-06-16,23,17.9,620,29.4,1425,.75,1.7,1547,1.8,1525,1.8,5.5,320,1545,5,320,1550,1.9,1604,70,17.3,43,1422,72,19.8,998.5,1007,840,1003.7,1630,1005.5,14.6,5.9,1200,2.93,16.3,,,,,,5.5,2.9,24.7,15.9,,,,,,,,,,,,1.8,-{박무}-{박무}{강도0}0300-{시정(미만)}{1km}{안개}0520-{시정(미만)}{0.5km}{안개}0545-{안개}{강도1}0600-{시정(이상)}{0.5km}{안개}0745-{시정(이상)}{1km}{박무}0830{박무}{강도0}0900-1120. {연무}1110-{연무}{강도0}1200-1320. {소나기}1525-1610. {천둥}{강도0}(N)1540-1546.,3.17
143,대구,1998-06-17,22.6,18.8,510,28.6,1432,,,,,,,9,110,1923,6.7,90,1502,4.1,3558,90,15.6,43,1445,66.5,17.8,998.7,1007.9,2400,1003.8,1445,1005.7,14.6,10.7,1200,3.16,23.65,,,,,,3.1,0,26.4,17.3,,,,,,,,,,,,,{박무}0240-{박무}{강도0}0300-{박무}{강도1}0600-{박무}{강도0}0900-1020.,
143,대구,1998-06-18,21.6,17.3,515,26.1,1458,,,,,,,8.3,110,1242,7.3,110,1247,4.1,3517,110,15.1,51,1148,67.5,17.2,998.6,1007.9,0,1003.5,2008,1005.6,14.6,10,1200,2.97,19.91,,,,,,6.1,5,27.7,15.1,,,,,,,,,,,,2.2,{박무}0620-{박무}{강도0}0900-0940.{연무}0930-{연무}{강도0}1200-{연무}{강도0}1500-1720.,
143,대구,1998-06-19,20.8,18.8,610,24.7,1802,9.72,1.9,1943,2.1,1937,6.9,5.6,110,214,5.2,90,40,2,1716,90,17.2,57,1803,80.4,19.6,996,1006.7,2400,1000.6,1202,1003.1,14.6,1.5,1600,1.29,6.61,,,,,,7.6,4.6,21,16.9,,,,,,,,,,,,4.7,{박무}0220-{박무}{강도0}0300-{박무}{강도0}0600-{박무}{강도0}0900-{박무}{강도0}1200-{박무}{강도0}1500-1540.{비}0315-0405.{비}0540-{비}{강도0}0600-{비}{강도0}0900-{비}{강도0}1200-1340.{소나기}1937-2030.,
143,대구,1998-06-20,22.9,18.5,625,28.6,1355,,,,,,,7,90,1715,5.5,110,1658,2.1,1802,110,16.7,37,1307,70,19.1,1002.7,1011.8,2056,1006.7,0,1009.8,14.6,5.9,1200,3.11,17.72,,,,,,7.6,4.3,23.7,15.5,,,,,,,,,,,,,{박무}0045-{박무}{강도0}0300-{시정(미만)}{1km}{안개}0510-{시정(미만)}{0.5km}{안개}0530-{안개}{강도1}0600-{시정(이상)}{0.5km}{안개}0735-{시정(이상)}{1km}{박무}0820{박무}{강도1}0900-1140. {연무}1120-{연무}{강도0}1200-1240. {박무}2020-{박무}{강도0}2100-{박무}{강도0}2400-,3.17
143,대구,1998-06-21,21.8,20.2,2330,24.5,1438,,,,,,,10.3,90,1452,7.7,90,1438,4.6,3948,90,15.7,58,1438,68.5,17.9,1003.8,1012.7,2219,1009,445,1010.8,14.6,2.4,1400,2.56,12.12,,,,,,8.8,5.6,26.1,18.8,,,,,,,,,,,,,-{박무}-{박무}{강도0}0300-{박무}{강도0}0600-{박무}{강도0}0900-0940.,
143,대구,1998-06-22,20.9,18.5,2220,24,1200,,,,,,,12.4,70,1728,10,90,1438,5.3,4608,90,12.8,46,1314,60.1,14.8,1007.2,1016.7,2220,1012.4,132,1014.3,14.6,10.6,1100,3.02,22.55,,,,,,6.3,4.3,24.9,15.8,,,,,,,,,,,,,{햇무리}1530-1740.,
143,대구,1998-06-23,20.3,17.3,258,24.4,1539,,,,,,,11.8,70,845,8,90,2020,5,4327,70,12.3,49,1518,60.5,14.3,1008.1,1016.6,1025,1013,1753,1015.3,14.6,6.5,1400,2.64,20.62,,,,,,7.1,6.5,24.7,15.1,,,,,,,,,,,,0,,
143,대구,1998-06-24,20.3,18.5,642,22.3,1202,5,4.7,2253,12.8,2250,17.2,8,70,827,7,90,1219,3.5,3064,110,16,66,0,76.8,18.2,1005.8,1015.5,0,1011.6,1743,1012.9,14.6,0,900,1.25,7.8,,,,,,9.6,5.1,22,16.3,,,,,,,,,,,,42.8,{비}0620-0655. {비}1340-{비}{강도0}1500-1620. {비}2215-{비}{강도1}2400-                   {박무}1140-{박무}{강도0}1200-{박무}{강도0}1500-1540. {박무}2230-{박무}{강도0}2400-,
143,대구,1998-06-25,22.7,19.2,30,25.1,1510,23.05,5.8,320,9.7,300,36.8,7.1,110,1242,5,90,1410,2.7,2355,90,20.4,80,2351,86.8,24,1002,1012.1,5,1006.6,2400,1009,14.6,0,1100,1.22,6.04,,,,,,10,6.3,22.8,18.6,,,,,,,,,,,,17.6,-{비}-{비}{강도0}0300-{비}{강도0}0600-{비}{강도0}0900-{비}{강도0}1200-1440.  {비}1537-{비}{강도0}1800-       {비}{강도0}2100-{비}{강도0}2400-  -{박무}-{박무}{강도0}0300-{박무}{강도0}0600-0640.,
143,대구,1998-06-26,24.3,22.1,2100,27.1,238,18.5,1.4,1810,2.6,850,16.5,16.9,180,113,9,160,110,3.1,2686,230,20.9,63,1245,81.4,24.7,999.2,1008.3,2400,1004.7,542,1006.1,14.6,0,1300,1.64,6.33,,,,,,9.9,6,22.3,21.3,,,,,,,,,,,,36.9,-{비}-0035.  {비}0335-{비}{강도0}0600-{비}{강도0}0900-{비}{강도0}1200-1325.  {비}1355-{비}{강도0}1500-{비}{강도0}1800-2050.  {비}2250-{비}{강도0}2400-,
143,대구,1998-06-27,23.6,20.6,833,27.3,1558,16.78,6.2,816,14.7,816,44.6,10.3,290,557,6,290,610,1.3,1146,270,20.6,65,1510,83.1,24.2,1002.7,1011.2,912,1007.9,240,1009.7,14.6,0,1400,1.29,7.45,,,,,,10,6,23.8,19.9,,,,,,,,,,,,22.5,-{비}-0235. {비}0430-0515. {비}0555-{비}{강도0}0600-{비}{강도1}0900-1050.                 {비}1143-{비}{강도0}1200-1445. {비}1510-1545. {비}1905-{비}{강도0}2100-{비}{강도0}2400-          {박무}0120-{박무}{강도0}0300-{박무}{강도0}0600-{박무}{강도0}0900-{박무}{강도0}1200-1240.,
143,대구,1998-06-28,23.9,22,840,27.8,1800,14.3,.8,745,1.2,700,5.4,4,250,745,3.7,230,900,1.6,1387,270,20.1,56,1641,79.6,23.6,1001.4,1009.8,0,1006.9,1630,1008.3,14.6,2.8,1500,1.68,10.09,,,,,,6.4,3.1,24.3,21.1,,,,,,,,,,,,.7,-{비}-{비}{강도0}0300-{비}{강도0}0600-{비}{강도0}0900-{비}{강도0}1200-1240.  {비}1337-{비}{강도0}1500-1515.  {박무}0520-{박무}{강도0}0600-0840.,
143,대구,1998-06-29,27.5,21.5,557,32.9,1523,,,,,,,4.1,230,1623,4,20,1758,1.8,1512,270,20.3,45,1536,66.8,23.8,1001.4,1010.1,705,1006.5,1640,1008.3,14.6,10.3,1200,2.87,21.95,,,,,,2.8,.4,30,19.8,,,,,,,,,,,,,{박무}0420-{박무}{강도0}0600-{박무}{강도0}0900-1120.  {연무}1110-{연무}{강도0}1200-1420.  {박무}1952-{박무}{강도0}2100-{박무}{강도0}2400-,
143,대구,1998-06-30,25.5,23.5,526,28.1,1358,7.13,1.4,1817,5.6,1755,10.5,7.3,70,1959,6,70,2003,1.8,1582,20,21.3,64,1346,78.1,25.4,1000.2,1008.5,724,1004.7,2400,1007,14.6,0,900,1.2,6.83,,,,,,6.8,4.8,25.3,21.3,,,,,,,,,,,,13.7,-{박무}-{박무}{강도0}0300-{박무}{강도0}0600-{박무}{강도0}0900-{박무}{강도0}1200-1420.                         {비}1412-{비}{강도0}1500-{비}{강도0}1800-{비}{강도0}2100-2120.,
143,대구,1998-07-01,26.1,24.1,2400,28.6,1450,3.58,1.3,550,1.8,500,3.2,11.2,230,1442,8,230,1503,4.3,3758,230,19.4,56,1450,67.1,22.6,996.9,1007.7,2400,1001.7,650,1003.8,14.6,1.9,1400,2.9,8.64,,,,,,7.9,6.1,25.2,20.5,,,,,,,,,,,,.6,{비}0035-0055.  {비}0320-{비}{강도0}0600-0635.,
143,대구,1998-07-02,25.5,21.7,530,29.6,1327,2.5,1.4,1403,1.6,1340,2.2,9.1,250,1318,7.3,250,1310,1.6,1346,360,21.1,62,1308,76.9,25.2,1000.1,1007.9,220,1006,1742,1007.1,14.5,2.2,1500,1.79,10.53,,,,,,8,4.6,25,18.3,,,,,,,,,,,,2.4,{비}0720-0745.  {비}0850-{비}{강도0}0900-0930.  {비}0955-1020.  {소나기}1340-{비}1410-1440.  {박무}0425-{박무}{강도0}0600-{박무}{강도0}0900-{박무}{강도0}1200-1240.,
143,대구,1998-07-03,27.1,23.8,2308,29.9,1320,4.7,14.6,2220,15.4,2208,17.6,9.3,250,914,8,230,937,3,2556,230,21.2,50,1320,71.1,25.2,1001.9,1011.2,2230,1005.9,155,1008.8,14.5,3,900,1.45,11.38,,,,,,9.1,5.9,26.1,22.8,,,,,,,,,,,,32,{비}0255-{비}{강도0}0300-0440. {소나기}1440-{소나기}{강도0}1500-1550. {소나기}2208-{비}2315-2355.,
143,대구,1998-07-04,24.2,21.3,445,28.5,1810,4.97,5,110,14.1,47,15.7,5.6,250,306,4.7,270,100,1.6,1406,250,18.8,55,1804,72.8,21.7,1005.7,1013.8,950,1010.5,10,1012.7,14.5,4.8,1600,1.44,9.55,,,,,,7.6,4.9,24.7,20.4,,,,,,,,,,,,.5,{소나기}0040-0155. {비}0218-{비}{강도0}0300-0440. {소나기}0605-0620. {비}1004-1050. {비}1115-1135. {박무}0930-{박무}{강도0}1200-1240. {뇌전}{강도0}(SE 4-6)0046-0052. {뇌전}{강도0}(SE 4-6)0104-{뇌전}{강도0}(SE{이동}E 3-5)0110-{뇌전}{강도1}(E{이동}NE 2-4)0115-0122.,
143,대구,1998-07-05,26.7,21.8,455,32.5,1523,1.17,2.9,2022,3.4,2008,3.8,7.7,230,1801,5,230,1757,1.8,1598,270,19.9,42,1350,68.8,23.3,1006.7,1014.7,2122,1011.6,1547,1013.6,14.5,7.7,1200,2.87,18.15,,,,,,6.4,4.5,30.8,19.5,,,,,,,,,,,,3.8,{박무}0520-{박무}{강도0}0600-{박무}{강도0}0900-1020. {소나기}1750-{소나기}{강도0}1800-1825. {소나기}2008-2043. {천둥}{강도0}(SW)1755-{천둥}{강도0}(SW)1800-{천둥}{강도0}(SW{이동}S)1808-1815. {천둥}{강도0}(SW)2005-{뇌전}{강도0}(SW 4~5)2015-{뇌전}{강도0}(SW{이동}S 3~4)2027-2032. {박무}2230-{박무}{강도0}2400-,
143,대구,1998-07-06,28.3,23.9,558,34.2,1523,,,,,,,7.4,230,1438,6.3,230,1440,2,1752,20,20.9,42,1450,66.3,24.7,1006.3,1014.8,736,1011.4,1642,1013.1,14.5,7.8,1200,3.21,19.85,,,,,,7,4.9,30.6,21.8,,,,,,,,,,,,,-{박무}-{박무}{강도0}0300-{박무}{강도0}0600-{박무}{강도0}0900-1145.,
143,대구,1998-07-07,29.3,24.1,540,33.6,1538,,,,,,,10,230,1228,8,230,1229,3.8,3292,230,20.8,46,1310,61.4,24.6,1003.4,1012.8,120,1007.7,1840,1010.2,14.5,12.2,1100,3.02,23.53,,,,,,4.4,1.8,31.6,21.4,,,,,,,,,,,,,,
143,대구,1998-07-08,30.1,27.2,335,33.4,1443,,,,,,,13,230,1229,8.3,230,1210,5.4,4663,230,21.2,46,1350,59,25.1,1000.7,1009.3,0,1005.4,1550,1007.5,14.5,7.7,1200,2.93,19.48,,,,,,6.9,3.6,33.6,24.6,,,,,,,,,,,,,,
143,대구,1998-07-09,30.5,26.3,544,35.2,1640,,,,,,,11.1,230,1318,9,230,1224,4.6,4010,230,20.9,41,1743,58,24.8,1000.2,1008.4,745,1005.7,1706,1007,14.5,11.5,1300,3.21,23.23,,,,,,4.9,2.6,35.4,23.7,,,,,,,,,,,,,,
143,대구,1998-07-10,29,27,2400,32.5,1405,2.2,0,,0,,0,6.9,230,1145,5.8,230,1007,2.7,2334,270,22.7,50,1350,69.6,27.7,998.7,1006.7,216,1004.3,1632,1005.5,14.5,1.6,1300,1.85,10.24,,,,,,8.8,5.6,29.3,24.8,,,,,,,,,,,,1.2,{비}1608-1635.  {비}1655-{비}{강도0}1800-1840.,
143,대구,1998-07-11,25.7,22.7,2400,27.5,150,9.92,.8,1100,1.6,1100,3.2,7,110,1940,6,140,1910,2.3,1959,20,22.1,73,330,80.5,26.6,998.2,1007.3,2400,1003.8,315,1005,14.4,.2,1700,.54,3.94,,,,,,8.8,5.5,25.7,21.2,,,,,,,,,,,,2,{비}0550-{비}{강도0}0600-{비}{강도0}0900-{비}{강도0}1200-{비}{강도0}1500-1545.  {박무}1220-{박무}{강도0}1500-{박무}{강도0}1800-{박무}{강도0}2100-{박무}{강도0}2400-,
143,대구,1998-07-12,23.5,21.5,2345,26.7,1202,,,,,,,9,50,1720,7.7,70,1323,4.9,4230,90,18,58,1348,71.5,20.7,1002.5,1011.9,2343,1006.9,136,1009.5,14.4,2.9,1100,2.74,16.14,,,,,,9.4,4.4,28.5,20.6,,,,,,,,,,,,,-{박무}-{박무}{강도0}0300-0430.  {박무}1440-{박무}{강도0}1500-1545.,
143,대구,1998-07-13,22.5,20.2,2300,25.9,1450,,,,,,,10.1,90,1952,9,90,2019,4.6,3942,90,15.3,50,1452,64,17.4,1005.4,1013.3,950,1011.4,1646,1012.4,14.4,3.8,1400,2.73,16.34,,,,,,8.5,7.4,27.9,18,,,,,,,,,,,,,,
143,대구,1998-07-14,23,19.9,455,26,1501,1.83,.3,2310,1,2300,1.3,7,70,1530,6.3,90,1857,3.1,2690,110,17.2,56,1347,70.1,19.6,1004,1013.1,645,1008.8,1820,1011,14.4,2.1,900,2.26,12.9,,,,,,9.1,4.5,26.9,17.5,,,,,,,,,,,,19.9,{비}2210-{비}{강도0}2400-,
143,대구,1998-07-15,22.2,20.1,454,24.3,1756,14.08,4.6,430,7.8,403,19,4.8,70,320,4.5,70,315,2.3,2008,70,18.9,70,1400,81.9,21.9,997.4,1009.3,0,1001.6,1744,1004.4,14.4,0,1300,1.08,5.97,,,,,,10,5.8,22.3,19.6,,,,,,,,,,,,1,-{비}-{비}{강도0}0300-{비}{강도0}0600-{비}{강도0}0900-1120. {이슬비}1520-1645. {이슬비}1935-2055. {박무}0230-{박무}{강도0}0300-{박무}{강도0}0600-{박무}{강도0}0900-{박무}{강도0}1200-{박무}{강도0}1500-{박무}{강도0}1800-{박무}{강도0}2100-{박무}{강도0}2400-,
143,대구,1998-07-16,23.2,21.3,2400,26.3,1432,6.5,.4,900,.8,900,2.2,8,90,1459,7,90,1501,2.7,2318,90,19.4,66,1433,79.4,22.6,994.4,1003.7,2400,999.5,1300,1001.3,14.4,0,1200,1.66,6.15,,,,,,9.6,5.6,23.7,20.6,,,,,,,,,,,,1.6,{이슬비}0020-0230. {비}0815-{비}{강도0}0900-{비}{강도0}1200-1235. -{박무}-{박무}{강도0}0300-0540.,
143,대구,1998-07-17,21.8,20.2,400,24.4,1508,,,,,,,7.5,110,1435,6,110,1510,3.7,3180,110,15.3,60,1430,66.6,17.4,997.1,1005.7,2230,1002.8,250,1004.1,14.3,1.6,1400,2.16,12.87,,,,,,9.1,7,24.1,19.3,,,,,,,,,,,,,,
143,대구,1998-07-18,22,19.8,1926,25.4,1157,7.17,3.8,1909,7.8,1838,9,12,50,1543,9,70,1558,4.9,4208,90,16.6,57,1158,72,18.9,994.9,1005.3,0,998.4,2400,1001.8,14.3,1.4,1100,2.6,11.59,,,,,,9.6,6.1,23.1,19,,,,,,,,,,,,24,{박무}0240-{박무}{강도0}0300-{박무}{강도0}0600-{박무}{강도0}0900-1145. {박무}1630-{박무}{강도0}1800-{박무}{강도0}2100-{박무}{강도0}2400- {비}1610-1740. {소나기}1820-{비}1840-{비}{강도0}2100-{비}{강도0}2400-,
143,대구,1998-07-19,25.1,20.3,258,31.1,1625,6.67,3.2,234,10.5,200,15,6,270,1630,4.8,250,1622,2.1,1816,270,18.5,47,1624,68.3,21.3,989.5,998.7,2400,994.7,1510,996.3,14.3,6.5,1100,3.13,21.56,,,,,,6,3.8,26.3,18.6,,,,,,,,,,,,,-{비}-{비}{강도1}0300-0555.{비}0620-0705.-{박무}-{박무}{강도1}0300-{박무}{강도0}0600-{박무}{강도0}0900-{박무}{강도0}1200-1230.,
143,대구,1998-07-20,26.1,20.5,610,31.8,1610,.15,0,,0,,0,6.5,140,1945,4.8,140,1940,2,1767,20,18.8,42,1530,65.9,21.8,993.1,1002.5,2400,998.4,245,1000,14.3,8.6,1100,2.53,18.49,,,,,,6.3,2.8,29.5,17.7,,,,,,,,,,,,0,{소나기}1943-1952. {박무}2240-{박무}{강도0}2400-,
143,대구,1998-07-21,23.6,21.8,2118,26.8,1202,6.42,5.3,1927,8.8,1440,20.4,7.6,70,1143,6,70,1150,3.1,2676,110,20.3,65,1206,82.3,23.9,996.8,1005.4,2322,1002.3,304,1003.7,14.2,1,1100,1.73,7.86,,,,,,9.5,5.1,24.1,20.8,,,,,,,,,,,,29.9,-{박무}-{박무}{강도0}0300-{박무}{강도0}0600-{박무}{강도0}0900-{박무}{강도0}1200-{박무}{강도0}1500-1530. {박무}1625-{박무}{강도0}1800-{박무}{강도0}2100-{박무}{강도0}2400- {소나기}1435-{소나기}{강도1}1500-{비}1720-{비}{강도0}1800-{소나기}1925-2050. {소나기}2155-2205. {천둥}{강도0}(W)1425-{뇌전}{강도0}(W 6-7)1430-{뇌전}{강도0}(W{이동}SW 5-6)1445-{뇌전}{강도0}(SW 5-6)1500-1525. {번개}{강도0}(E)2012-2020.,
143,대구,1998-07-22,23.2,20.8,637,25.3,1543,3.77,4.1,408,4.4,117,9.5,8.1,90,1852,7,110,1640,3.9,3370,90,18.3,63,1720,74.6,21.1,999,1008.8,2140,1004.5,240,1006,14.2,3,1300,1.5,11.03,,,,,,8.8,5.8,23.5,20,,,,,,,,,,,,,{소나기}0110-0255.{소나기}0410-0455.{소나기}0604-0720.-{박무}-{박무}{강도0}0300-0540.{박무}0920-{박무}{강도0}1200-{박무}{강도0}1500-1530.,
143,대구,1998-07-23,24.4,20,600,28.8,1340,,,,,,,10.7,90,1732,8.3,90,1720,4.2,3620,90,18.2,51,1323,68.9,20.9,1000.7,1009.4,2213,1006.7,1542,1007.7,14.2,10.3,1200,3.33,22.24,,,,,,5.8,4.1,29.1,18.2,,,,,,,,,,,,,,
143,대구,1998-07-24,24.3,22.5,555,27.5,1458,,,,,,,10,70,1640,8.3,70,1620,4.9,4200,70,17.5,54,1230,66.1,20,1001.4,1009.4,816,1006.7,1558,1008.3,14.2,4.9,1300,2.1,13.94,,,,,,7.9,4.6,28.6,20.5,,,,,,,,,,,,.5,,
143,대구,1998-07-25,23.4,22.1,900,24.9,1910,15.3,1.8,1336,3.5,1300,14.1,8,90,15,5.7,90,20,2.4,2086,110,19.9,71,152,81.1,23.4,997.6,1008.4,0,1002.4,1740,1004.5,14.2,0,1400,.73,3.06,,,,,,9.9,6.1,23.6,20.1,,,,,,,,,,,,14.8,{비}0605-0608. {비}0755-{비}{강도0}0900-{비}{강도0}1200-{비}{강도0}1500-{비}{강도0}1800-1840. {비}1930-{비}{강도0}2100-{비}{강도0}2400- {박무}0940-{박무}{강도0}1200-{박무}{강도0}1500-{박무}{강도0}1800-{박무}{강도0}2100-{박무}{강도0}2400-,
143,대구,1998-07-26,23.5,22.6,842,25.2,104,17.67,.5,1104,.9,800,3.6,7,50,242,4.5,50,240,1.7,1474,250,21.2,74,57,86.5,25.1,994.1,1002.6,0,1000.4,1450,1000.9,14.1,0,1200,.45,3.24,,,,,,10,5.4,23.9,21.9,,,,,,,,,,,,4.1,-{비}-0135. {비}0220-{비}{강도0}0300-{비}{강도0}0600-{비}{강도0}0900-{비}{강도0}1200-{비}{강도0}1500-1650. {비}1715-1720. {비}1740-{비}{강도0}1800-1820. {비}1950-2040. -{박무}-{박무}{강도0}0300-{박무}{강도0}0600-{박무}{강도0}0900-{박무}{강도0}1200-{박무}{강도0}1500-1740. {박무}2330-{박무}{강도0}2400-,
143,대구,1998-07-27,25.2,21.7,932,30.2,1648,3.93,5.8,912,13,842,17.6,6,250,1826,5.5,250,1820,2.1,1824,250,20.6,53,1430,76.9,24.3,995,1003,2324,1000.7,1620,1001.9,14.1,3.8,1300,2.98,13.89,,,,,,9,5.6,26.2,21.5,,,,,,,,,,,,15.9,-{박무}-0230. {박무}0820-{박무}{강도0}0900-0950. {비}0720-{비}{강도0}0900-1015. {소나기}1902-1948. {소나기}2115-2130.,
143,대구,1998-07-28,25.3,23.8,1002,27.4,1200,1.5,.3,935,.3,920,.3,5,110,1945,4.7,110,2002,2.1,1802,110,21.1,64,1156,77.6,25,996.7,1005.3,2330,1002.7,335,1003.7,14.1,.4,1100,1.92,8.35,,,,,,9.1,6.3,25.7,23.2,,,,,,,,,,,,.3,{박무}0220-{박무}{강도0}0300-{박무}{강도0}0600-{박무}{강도0}0900-1120.{비}0520-0550.{비}0755-0820.{비}0920-0955.,
143,대구,1998-07-29,25.6,22.8,430,29.4,1702,1.58,0,,0,,0,5.9,110,2250,4.7,110,2320,2.6,2265,110,20.6,58,1330,74.1,24.2,999.3,1008.6,2353,1005.3,0,1006.1,14.1,2.2,1000,2.19,12.07,,,,,,8.4,6.9,26.4,22.1,,,,,,,,,,,,0,{소나기}0805-{소나기}{강도0}0900-0940.{박무}0220-{박무}{강도0}0300-{박무}{강도0}0600-{박무}{강도0}0900-{박무}{강도0}1200-{박무}{강도0}1500-1740.,
143,대구,1998-07-30,25,22.5,530,28.3,1734,.58,0,,0,,0,6,110,901,5.3,110,840,2.7,2332,110,20.1,63,1726,74,23.5,1001.9,1009.9,927,1007.8,426,1008.8,14,0,1000,1.12,8.42,,,,,,9.9,5.6,26.1,21.6,,,,,,,,,,,,,{비}0050-0125. {박무}0020-{박무}{강도0}0300-{박무}{강도0}0600-{박무}{강도0}0900-{박무}{강도0}1200-{박무}{강도0}1500-{박무}{강도0}1800-{박무}{강도0}2100-{박무}{강도1}2400-,
143,대구,1998-07-31,24.7,22.5,340,26.8,1240,3,.9,2329,2.7,2300,3.2,6.9,110,2153,5.7,90,1120,3.5,3039,90,20.3,63,1148,77.4,23.9,1001.4,1010.5,755,1005.3,2400,1008.3,14,0,1000,1.18,6.44,,,,,,9.9,6.1,25.5,21.8,,,,,,,,,,,,71,-{박무}-{박무}{강도1}0300-{박무}{강도2}0600-{박무}{강도0}0900-{박무}{강도0}1200-{박무}{강도0}1500-1730. {박무}1940-{박무}{강도0}2100-{박무}{강도0}2400-  {비}1950-{비}{강도0}2100-2130. {비}2240-{비}{강도0}2400-,
143,대구,1998-08-01,27.2,23.9,430,31.1,1603,9.83,10.5,350,33,311,68,6.5,90,36,5.5,90,30,2.5,2138,70,22.2,53,1613,75.9,26.8,996.6,1006.4,2250,1002.4,510,1003.5,14,2,1100,2.02,10.89,,,,,,8.3,4.6,26.3,22.9,,,,,,,,,,,,.4,-{비}-{비}{강도1}0300-{비}{강도0}0600-{비}{강도0}0900-0950.-{박무}-{박무}{강도0}0300-0520.{박무}2230-{박무}{강도0}2400-,
143,대구,1998-08-02,25.9,24.4,623,28,1730,6.17,.9,1258,4,1220,6.8,2.8,20,1853,2.3,20,1850,.9,768,20,22.7,68,1716,82.5,27.6,1001.4,1009.9,2148,1006.4,0,1008.3,13.9,.4,1400,.73,4.61,,,,,,8.4,4.5,26,23,,,,,,,,,,,,6.7,-{박무}-{박무}{강도0}0300-{박무}{강도0}0600-{박무}{강도0}0900-{박무}{강도1}1200-{박무}{강도0}1500-1530. {박무}2020-{박무}{강도0}2100-{박무}{강도0}2400- {비}0520-0550. {비}0840-{비}{강도0}0900-0920. {비}0955-{비}{강도0}1200-1450. {비}2105-2110.,
143,대구,1998-08-03,28.3,25.3,540,33.6,1410,2.08,.5,2235,.7,2235,.9,8.4,320,2219,6.7,230,1657,1.9,1619,50,22.9,50,1410,73.8,27.9,1004,1012.7,2310,1009.6,240,1010.9,13.9,3.3,1300,2.74,12.56,,,,,,8.6,5.3,28.1,23.4,,,,,,,,,,,,.8,-{박무}-{박무}{강도0}0300-0540.{소나기}0415-0425.{비}1515-1550.{비}2230-2350.,
143,대구,1998-08-04,28.6,23.9,355,34.2,1528,.42,.1,1640,.1,1625,.1,9,320,1620,5.3,250,1630,1.6,1347,20,22.5,45,1330,71.1,27.3,1004.5,1013.2,810,1009.2,1830,1011.3,13.9,6.3,1000,2.42,16.99,,,,,,5.9,5,29.6,22.1,,,,,,,,,,,,.1,{박무}0720-{박무}{강도0}0900-1020.{천둥}{강도0}(NW)1545-1620.{소나기}1625-1650.,
143,대구,1998-08-05,29.9,25.6,551,34.5,1502,,,,,,,9.3,230,1510,8.3,230,1506,3.3,2820,230,22.2,46,1453,64.6,26.8,1001.4,1010.7,0,1006,1814,1008.2,13.9,8.8,1400,2.66,20.73,,,,,,4.6,2.4,32.9,23.3,,,,,,,,,,,,,,
143,대구,1998-08-06,29.3,26.6,610,33.2,1605,.7,.1,1015,.2,948,.2,8.3,250,1647,6.7,250,1652,2.5,2149,230,23.6,51,1608,72.1,29.2,1000.7,1008.6,2400,1006.4,1545,1007.5,13.8,2.7,1500,1.88,10.44,,,,,,7.1,3.9,29.5,24.3,,,,,,,,,,,,.2,{소나기}0948-1030.,
143,대구,1998-08-07,28.8,25.3,2400,35.3,1306,,,,,,,8.8,110,1831,7,90,2120,2.8,2376,110,22.3,42,1312,69.4,27,1003.1,1011.8,2314,1008.3,1513,1010,13.8,4.8,1200,2.74,14.77,,,,,,5.6,3.8,32,24,,,,,,,,,,,,18.6,,
143,대구,1998-08-08,27.5,23.9,654,31.7,1709,6.92,3.5,812,10.7,800,22.1,8.3,90,310,7.7,90,308,3,2624,90,23,63,1355,77,28.2,1001.3,1011.7,0,1005.3,1730,1008.2,13.8,2.9,1100,2.64,11.21,,,,,,8.6,6.1,27.5,23,,,,,,,,,,,,3.5,{비}0440-{비}{강도0}0600-{비}{강도1}0900-1135.{박무}0540-{박무}{강도0}0600-{박무}{강도0}0900-{박무}{강도0}1200-1320.{뇌전}{강도0}(N6-7)2102-2115.,
143,대구,1998-08-09,27.2,24.3,2400,30.8,1430,2,.6,1830,1.2,1800,1.2,7,110,1901,5,90,2000,1.9,1619,110,23.1,65,1228,78.8,28.3,1001.6,1009.7,2210,1007.3,640,1008.4,13.7,0,1000,1.27,7.68,,,,,,8.8,4.5,27.5,22.9,,,,,,,,,,,,1.6,{박무}0520-{박무}{강도0}0600-{박무}{강도0}0900-{박무}{강도0}1200-{박무}{강도0}1500-1730.{박무}2030-{박무}{강도0}2100-{박무}{강도0}2400- {비}1545-1610.{소나기}1740-{소나기}{강도0}1800-1915.{천둥}{강도0}(SE)1650-{뇌전}{강도0}(SE5-6)1655-{뇌전}{강도0}(SE{이동}E3-4)1703-1710.{무지개}1850-1920.,
143,대구,1998-08-10,27.1,23.9,432,30.8,1604,2.17,.2,610,.4,610,.5,4.9,110,1747,3.7,110,1740,2,1695,90,22.9,63,1606,78.5,27.9,1000.9,1009.7,50,1006.2,1750,1007.7,13.7,.8,1500,1.53,9.62,,,,,,8.6,5.4,27.8,23.1,,,,,,,,,,,,.1,{비}0550-{비}{강도0}0600-0720.{비}0855-{비}{강도0}0900-0935.-{박무}-{박무}{강도0}0300-{박무}{강도0}0600-{박무}{강도0}0900-{박무}{강도0}1200-{박무}{강도0}1500-1640.,
143,대구,1998-08-11,28,25.8,252,31.2,1802,3.58,1,1056,2.2,1044,4.8,8,270,1056,6,270,1056,1.7,1488,50,22.7,55,1756,73.6,27.6,999,1007,1258,1004.9,1708,1005.8,13.7,6.1,1500,1.98,10.26,,,,,,8,5.1,30.2,23.7,,,,,,,,,,,,4.8,{비}1010-{비}{강도0}1200-1345.{뇌전}{강도0}(NE5-6)1130-1152.,
143,대구,1998-08-12,26.1,24,1134,29.2,1535,2.35,3.9,1110,6,1053,9.1,8.7,290,1058,6.3,320,1043,1.8,1520,320,22.4,61,1553,80.8,27.2,1000.5,1011.5,1058,1006,1554,1007.5,13.6,1.7,1300,2.32,7.9,,,,,,9.3,5.6,27.2,22.4,,,,,,,,,,,,60.6,{번개}{강도0}(NW)0140-{번개}{강도0}(NW{이동}N)0205-{번개}{강도0}(N)0300-0520.{천둥}{강도0}(NW)1633-{뇌전}{강도0}(NW4-5)1642-{뇌전}{강도0}(NW{이동}N3-4)1648-1658.{소나기}1053-1150.{소나기}1648-1740.{소나기}1810-1842.{박무}0320-{박무}{강도0}0600-0820.,
143,대구,1998-08-13,25.2,23.7,540,27.8,1610,10.87,6.5,520,26,430,56.2,5,360,533,3.8,230,1640,1.6,1362,270,22.2,65,1620,83.5,26.8,999.6,1007.8,2322,1004.6,1510,1006.5,13.6,1,1500,1.42,5.83,,,,,,8.4,6.3,26.5,23.2,,,,,,,,,,,,4.7,{비}0015-0025.{비}0313-{비}{강도0}0600-{비}{강도0}0900-{비}{강도0}1200-1355.{뇌전}{강도0}(SW4~6)0308-{뇌전}{강도1}(SW2~3)0315-{뇌전}{강도0}(SW{이동}S3~4)0348-{뇌전}{강도0}(S{이동}SE3~4)0445-0520.{천둥}{강도0}(SW)0835-{천둥}{강도0}(SW{이동}S)0855-{천둥}{강도0}(S)0900-0920.{박무}0620-{박무}{강도0}0900-{박무}{강도0}1200-1240.,
143,대구,1998-08-14,26.6,23.7,648,30.4,1133,6.97,.5,2313,1.4,2300,2.2,5,290,1346,4,290,1337,1.4,1194,50,22.6,56,1136,79.3,27.5,1000.5,1008.2,2152,1006.8,1621,1007.4,13.6,3.9,1000,2.11,9.98,,,,,,8.3,4.5,28.4,22.2,,,,,,,,,,,,7.2,{박무}0140-{박무}{강도0}0300-0530. {박무}0720-{박무}{강도0}0900-0940. {박무}1940-{박무}{강도0}2100-{박무}{강도0}2400- {비}1317-1330. {비}1430-{비}{강도0}1500-1525. {비}1710-1750. {비}1815-1850. {비}1925-{비}{강도0}2100-{비}{강도0}2400-,
143,대구,1998-08-15,27.2,25.4,150,29.9,1157,12.42,2.2,1332,6,1320,15.3,12,230,1250,9,230,1250,2.1,1831,50,23.8,66,1200,81.8,29.4,997.9,1007,0,1003.7,610,1004.8,13.5,1.1,1100,1.8,5.31,,,,,,9.5,4.8,25.8,24.9,,,,,,,,,,,,17.8,-{비}-{비}{강도0}0300-0430.{비}0550-{비}{강도0}0600-0620.{비}0642-{비}{강도0}0900-1050.{비}1155-{비}{강도0}1200-1452.{비}1515-1535.-{박무}-{박무}{강도0}0300-0520.{박무}2020-{박무}{강도0}2100-{박무}{강도0}2400-,
143,대구,1998-08-16,23.3,22.1,2400,27.1,0,15.88,15,1218,34.2,1147,99.9,7.7,90,1105,6.7,90,1103,3,2577,110,21.2,76,1030,87.6,25.2,997.9,1005.8,2256,1004.1,1237,1004.7,13.5,.2,900,1.18,4.56,,,,,,9.9,6,25.1,21.7,,,,,,,,,,,,93.4,-{박무}-{박무}{강도0}0300-{박무}{강도0}0600-{박무}{강도0}0900-{박무}{강도0}1200-{박무}{강도0}1500-1540.{박무}1620-{박무}{강도0}1800-{박무}{강도0}2100-{박무}{강도0}2400- {비}0325-{비}{강도0}0600-0810.{소나기}1142-{소나기}{강도2}1200-{소나기}{강도2}1500-{비}1530-{비}{강도0}1800-1950.{비}2020-{비}{강도0}2100-2150.{비}2230-{비}{강도0}2400- {뇌전}{강도1}(NW2~3)1140-{뇌전}{강도1}(NW2~3)1200-{뇌전}{강도2}(NW{이동}Z1~2)1216-{뇌전}{강도0}(Z3~4)1245-{뇌전}{강도0}(Z{이동}SE4~6)1320-1420.,
143,대구,1998-08-17,23.8,21.7,540,26.1,1458,6.92,.3,5,.7,5,1,6,110,1231,5,110,1218,2.3,2018,90,19.9,64,1458,79,23.2,1000.7,1009.7,2357,1004.8,132,1007.6,13.5,.2,1200,1.79,9.71,,,,,,9.9,7,25.5,21.3,,,,,,,,,,,,37.1,-{비}-0125.{비}0305-{비}{강도0}0600-0635.{비}0650-0835.{비}1905-1920.-{박무}-0150.{박무}2020-{박무}{강도0}2100-{박무}{강도0}2400-,
143,대구,1998-08-18,23.2,22.4,540,24.5,1720,15.83,5.1,600,13,528,49.8,7.2,110,926,5.8,110,940,2.2,1860,90,21.1,84,0,88,25.1,1000.8,1009.7,0,1006.5,1520,1007.7,13.4,0,1500,.5,2.61,,,,,,8.8,6.5,23.6,20.8,,,,,,,,,,,,12.7,{비}0030-0035.{비}0055-{비}{강도0}0300-{비}{강도1}0600-{비}{강도1}0900-{비}{강도0}1200-{비}{강도0}1500-1546.{비}1620-1640.{비}1746-{비}{강도0}1800-1820.-{박무}-{박무}{강도0}0300-{박무}{강도0}0600-{박무}{강도0}0900-{박무}{강도0}1200-{박무}{강도0}1500-{박무}{강도0}1800-{박무}{강도0}2100-2330.,
143,대구,1998-08-19,26,22.4,258,30.8,1608,,,,,,,6,290,1558,5.3,290,1612,2,1765,290,18.9,41,1453,67.1,21.9,1002.7,1011.7,2315,1008.4,1440,1009.6,13.4,7.3,1400,2.34,18,,,,,,5.6,3.3,26.9,20.5,,,,,,,,,,,,0,{박무}0515-{박무}{강도0}0600-{박무}{강도0}0900-1120.,
143,대구,1998-08-20,26.2,21.7,552,31.5,1515,.22,0,,0,,0,5,270,1501,4.5,270,1503,1.7,1446,290,19.7,49,1446,68.8,23,1004,1012.7,814,1009,1520,1010.9,13.4,4.5,1200,2.46,14.51,,,,,,6.8,4.4,26.5,19.4,,,,,,,,,,,,,{박무}0120-{박무}{강도0}0300-{박무}{강도0}0600-{박무}{강도0}0900-1130.{박무}1920-{박무}{강도0}2100-{박무}{강도0}2400- {연무}1120-{연무}{강도0}1200-{연무}{강도0}1500-{연무}{강도0}1800-1940.{비}0730-0743.,
143,대구,1998-08-21,25.7,22.2,640,30.6,1420,1.5,2,2238,3.3,2238,3.9,6,90,2040,5.3,90,2043,2.1,1794,90,20,45,1305,71.9,23.4,1005.4,1013.3,2400,1010.9,1525,1012.3,13.3,5.1,1200,2.44,14.08,,,,,,8,4.3,27.4,20.8,,,,,,,,,,,,4.6,-{박무}-{박무}{강도1}0300-{박무}{강도2}0600-{박무}{강도0}0900-1120.{연무}1110-{연무}{강도0}1200-{연무}{강도0}1500-1730.{박무}1740-{박무}{강도0}1800-{박무}{강도0}2100-{박무}{강도0}2400- {소나기}2230-{소나기}{강도0}2400- {뇌전}{강도0}(W5-6)2225-{뇌전}{강도0}(W{이동}SW4-5)2248-2315.,
143,대구,1998-08-22,25.8,23.6,240,31,1400,1.83,3.2,1500,4.7,1445,5.4,11.7,320,1501,6.7,290,1457,2.8,2420,90,21.1,48,1403,75.4,25,1006.3,1014.1,940,1012.2,1443,1013.1,13.3,5.1,1100,2.62,15.1,,,,,,9.4,4.5,25.2,21.3,,,,,,,,,,,,4.7,-{소나기}-0055.{소나기}1445-{소나기}{강도1}1500-1540.{뇌전}{강도0}(SW5~6)0015-0030.{뇌전}{강도1}(Z2~3)1508-1525.-{박무}-{박무}{강도0}0300-{박무}{강도0}0600-{박무}{강도0}0900-{박무}{강도0}1200-1220.{연무}1205-{연무}{강도0}1500-1520.{박무}1515-{박무}{강도0}1800-{박무}{강도0}2100-{박무}{강도0}2400-,
143,대구,1998-08-23,25.7,23,620,29,1718,2.73,.2,1212,.5,1202,.5,5.4,140,1224,4.7,90,937,2.5,2130,90,20.8,56,1718,74.9,24.6,1001.4,1013.3,0,1006,1722,1008.3,13.3,1.3,1000,1.14,7.46,,,,,,9.3,6.3,25.6,21.3,,,,,,,,,,,,.5,-{박무}-{박무}{강도0}0300-{박무}{강도0}0600-{박무}{강도0}0900-{박무}{강도0}1200-1230. {비}1155-{비}{강도0}1200-1302. {비}1358-{비}{강도0}1500-1520. {비}2050-{비}{강도0}2100-2105.,
143,대구,1998-08-24,26.2,23.4,550,29.5,1712,,,,,,,6.8,320,1401,6.3,320,1408,2.6,2216,290,18,46,1025,62.3,20.8,998.4,1007.4,0,1003.3,1833,1005.2,13.2,7.4,900,2.04,14.1,,,,,,5.3,3.6,25.8,20,,,,,,,,,,,,,,
143,대구,1998-08-25,25.6,22.9,600,29.6,1424,,,,,,,8.1,320,1241,6.8,290,1240,2.8,2386,290,16.8,42,1400,58.9,19.2,998.7,1006.6,2133,1004.3,1500,1005.5,13.2,6.3,1200,2.85,18.32,,,,,,6.3,4.1,29.3,19.8,,,,,,,,,,,,,,
143,대구,1998-08-26,24.8,19.8,636,29.5,1508,,,,,,,4.5,290,1518,3.7,290,1523,1.6,1370,50,17.1,42,1624,64,19.6,999.8,1008,728,1005.4,1545,1006.8,13.2,7.8,1000,2.36,15.38,,,,,,6.3,3.8,27.8,17.7,,,,,,,,,,,,,{박무}0810-{박무}{강도0}0900-1040.,
143,대구,1998-08-27,23.5,19.8,540,26.7,1540,,,,,,,3.6,320,1746,3,360,1550,1.3,1129,20,18.3,56,1527,73.5,21,999.3,1007.2,650,1005.1,1812,1006.3,13.1,0,1100,.97,7.43,,,,,,7.9,4.3,24.1,17.5,,,,,,,,,,,,,{박무}0320-{박무}{강도0}0600-{박무}{강도0}0900-{박무}{강도0}1200-{박무}{강도0}1500-{박무}{강도0}1800-{박무}{강도0}2100-{박무}{강도0}2400-,
143,대구,1998-08-28,23.9,19.7,630,29.1,1446,,,,,,,8.6,70,1944,6.5,90,1810,2.3,1965,70,17.2,36,1538,68.3,19.7,999.9,1008,2400,1004.7,1526,1006.9,13.1,5.5,1100,2.38,14.74,,,,,,5.1,3.8,25.4,17.9,,,,,,,,,,,,,-{박무}-{박무}{강도0}0300-{박무}{강도0}0600-{박무}{강도0}0900-1120.  {연무}1105-{연무}{강도0}1200-1420.,
143,대구,1998-08-29,24,20.1,627,29.4,1506,,,,,,,8,70,1725,6,70,1724,3.1,2650,70,17.1,41,1508,66.8,19.5,1001.1,1009,746,1006.2,1605,1008,13.1,10,1200,2.84,18.87,,,,,,4.4,4.4,29.1,18.3,,,,,,,,,,,,,{박무}0210-{박무}{강도0}0300-0530.,
143,대구,1998-08-30,23.7,20.6,610,27.7,1506,,,,,,,7.1,70,1815,5.8,70,1832,2.4,2056,70,17,46,1523,67.4,19.4,1002.3,1010.6,2150,1008.2,1520,1009.3,13,5.2,1300,1.88,12.28,,,,,,6.3,2.5,26.9,17.4,,,,,,,,,,,,,,
143,대구,1998-08-31,23.8,19,540,28.9,1425,.67,0,,0,,0,9,70,1734,7,70,1940,2.7,2371,70,16.7,42,1603,66.3,19,1003.9,1011.9,2156,1009.6,1600,1010.9,13,8.4,1300,2.43,17.22,,,,,,7,4,28.4,16.4,,,,,,,,,,,,.3,{비}2320-{비}{강도0}2400-,
143,대구,1998-09-01,23.8,21,522,30,1440,4.67,7.7,1633,15.4,1633,16,5.5,270,1634,4.7,270,1636,1.7,1440,20,17.7,37,1335,70.6,20.3,1004.1,1012.4,704,1009,1535,1011.1,13,5.8,1200,2.91,15.89,,,,,,7,6,26.9,19,,,,,,,,,,,,15.7,-{비}-0230.  {소나기}1615-1740.  {소나기}1755-{소나기}{강도0}1800-1840.  {박무}0620-{박무}{강도0}0900-0945. {박무}2240-{박무}{강도0}2400-,
143,대구,1998-09-02,23.8,20.4,550,28.8,1613,,,,,,,5.7,90,1929,4.7,90,1927,1.9,1612,50,16.8,36,1627,67.5,19.3,1003.7,1012,1020,1009.2,1631,1010.8,12.9,2.9,1100,2.36,14.19,,,,,,6.1,4.5,25,18.5,,,,,,,,,,,,,-{박무}-{박무}{강도0}0300-{박무}{강도0}0600-{박무}{강도0}0900-1130.  {연무}1120-{연무}{강도0}1200-1340.,
143,대구,1998-09-03,24.1,19.4,450,29.7,1550,,,,,,,5,320,1352,4.3,320,1653,1.9,1658,20,16.1,34,1512,64,18.4,1004.6,1012.7,915,1009.6,1630,1011.6,12.9,9,1100,2.75,18.15,,,,,,4.5,1.5,27.9,16.8,,,,,,,,,,,,,{박무}0220-{박무}{강도0}0300-{박무}{강도0}0600-{박무}{강도0}0900-1020.  {연무}1010-{연무}{강도0}1200-1320.,
143,대구,1998-09-04,24.4,18.8,528,30.7,1354,,,,,,,5.2,290,1153,4,340,1448,1.8,1565,20,15.6,33,1640,61.3,17.8,1003.8,1012.5,750,1008.3,1632,1010.8,12.8,10.5,1200,2.63,17.73,,,,,,2.5,1.1,27.1,16.3,,,,,,,,,,,,,{박무}0120-{박무}{강도0}0300-{박무}{강도0}0600-{박무}{강도0}0900-1015.,
143,대구,1998-09-05,24.6,20,620,29.6,1530,,,,,,,6.4,230,1510,5.7,230,1440,2,1739,20,16.1,36,1525,61.6,18.4,1001.3,1010.6,0,1006.3,1630,1008.3,12.8,5.9,1100,1.95,12.7,,,,,,6.8,.5,26.7,18.3,,,,,,,,,,,,,{박무}0425-{박무}{강도0}0600-{박무}{강도0}0900-1130.  {연무}1120-{연무}{강도0}1200-1340.,
143,대구,1998-09-06,25.8,19.7,610,32.3,1606,,,,,,,5,270,1157,3.8,270,1240,1.6,1374,270,16.4,32,1653,58.8,18.7,1000.3,1009,924,1005,1627,1007.3,12.8,10.2,1200,2.79,19.58,,,,,,3.1,1.9,30.2,16.5,,,,,,,,,,,,,,
143,대구,1998-09-07,25.9,20.8,645,31.9,1450,.45,.1,1610,.1,,.1,6.3,230,1622,5.3,180,1640,1.8,1520,180,18.8,42,1434,66.8,21.7,1000.3,1008.6,2344,1005,1526,1007.2,12.7,7.4,1200,2.43,15.73,,,,,,2.6,.8,29.2,17.5,,,,,,,,,,,,.1,{박무}0320-{박무}{강도0}0600-{박무}{강도0}0900-0945.  {박무}1940-{박무}{강도0}2100-{박무}{강도0}2400- {소나기}1555-1622.{천둥}{강도0}(SW)1602-1610.,
143,대구,1998-09-08,26,20,543,32.6,1600,,,,,,,6.3,90,2351,5,90,2353,1.6,1348,20,18.1,40,1550,63.9,20.8,1002.3,1010.6,2400,1007.4,1535,1009.2,12.7,8,1200,2.21,14.64,,,,,,2.4,.6,28.6,17,,,,,,,,,,,,,-{박무}-{박무}{강도0}0300-{박무}{강도0}0600-{박무}{강도0}0900-1120.  {연무}1110-{연무}{강도0}1200-{연무}{강도0}1500-1720.  {박무}2320-{박무}{강도0}2400-,
143,대구,1998-09-09,27,22.3,647,33.6,1530,,,,,,,5.8,110,2032,4.8,110,2010,2.3,2010,90,19.1,36,1405,64.1,22.1,1005.5,1014.9,2400,1010.6,0,1012.5,12.7,6.8,1200,2.51,16.51,,,,,,2.5,0,30.8,20.2,,,,,,,,,,,,,-{박무}-{박무}{강도0}0300-{박무}{강도0}0600-{박무}{강도0}0900-1120.{연무}1110-{연무}{강도0}1200-{연무}{강도0}1500-1720.{박무}2030-{박무}{강도0}2100-{박무}{강도0}2400-,
143,대구,1998-09-10,27.3,22.9,436,33.4,1537,,,,,,,4.6,200,1647,3.3,200,1647,1.5,1288,20,19.6,40,1548,65.4,22.9,1007.6,1016.1,903,1013.3,1548,1014.6,12.6,5.8,1100,2.04,13.17,,,,,,6.8,1.3,30.9,20.6,,,,,,,,,,,,,-{박무}-{박무}{강도0}0300-{박무}{강도0}0600-{박무}{강도0}0900-1120.{연무}1105-{연무}{강도0}1200-{연무}{강도0}1500-{연무}{강도0}1800-{연무}{강도0}2100-2140.{박무}2120-{박무}{강도0}2400,
143,대구,1998-09-11,26.3,23,630,30.8,1620,,,,,,,4.7,90,2010,4,110,1937,1.8,1582,90,20.3,46,1552,70.8,23.8,1007,1015,930,1012.3,1605,1014,12.6,4.7,1400,1.49,9.96,,,,,,5.5,3.5,29.2,21,,,,,,,,,,,,,-{박무}-{박무}{강도0}0300-{박무}{강도1}0600-{박무}{강도0}0900-{박무}{강도0}1200-1320.{박무}2320-{박무}{강도0}2400- {연무}1310-{연무}{강도0}1500-1640.,
143,대구,1998-09-12,25.4,22,350,31.2,1510,,,,,,,9.3,90,1525,7.5,90,1710,3.1,2638,110,18.3,40,1518,67,21.2,1007.6,1016.4,2345,1013.1,1435,1014.6,12.6,7.3,1200,2.58,16.24,,,,,,5.4,3.1,29.2,19.9,,,,,,,,,,,,,-{박무}-{박무}{강도0}0300-{박무}{강도0}0600-{박무}{강도0}0900-{박무}{강도0}1200-1240.{연무}1220-1420.,
143,대구,1998-09-13,25,19.9,713,30.5,1501,,,,,,,8.8,90,1712,6.7,90,1718,3.1,2664,90,17,39,1428,63.9,19.4,1008.1,1017.1,902,1013,1608,1015,12.5,10.6,1100,2.61,18.96,,,,,,2.4,1.9,30.5,17.5,,,,,,,,,,,,,,
143,대구,1998-09-14,25.4,19,540,32.5,1543,,,,,,,5,250,1537,4,290,1610,1.5,1289,50,14.8,22,1706,56.3,17,1003.1,1014.2,0,1007.2,1632,1010,12.5,10.9,1200,2.57,18.65,,,,,,.8,.6,30.1,16.5,,,,,,,,,,,,,{연무}0930-1120.,
143,대구,1998-09-15,25.1,20.3,632,31.5,1320,,,,,,,9.4,320,2012,6.7,320,2006,2.5,2187,320,16.8,43,1330,60.8,19.2,998.1,1008.2,0,1002.6,1516,1005.1,12.4,6.3,1200,2.16,13.41,,,,,,4.4,3.1,27.8,17,,,,,,,,,,,,,{박무}0620-{박무}{강도0}0900-1040.{연무}1025-{연무}{강도0}1200-1440.,
143,대구,1998-09-16,22.3,18.4,2400,26.5,1435,,,,,,,9.3,360,1328,7.7,360,1333,3.2,2743,320,10.1,28,1430,47.9,12.6,1000.5,1013,2400,1003.7,0,1007.5,12.4,10.7,1300,2.65,17.79,,,,,,3.3,3.3,27.5,16.2,,,,,,,,,,,,,,
143,대구,1998-09-17,21,15.2,705,28.4,1538,,,,,,,11.1,90,1842,9.7,90,1838,2.5,2156,90,11,33,1537,53.5,13.2,1007.6,1016.3,2200,1012.6,1540,1014.7,12.4,10.8,1200,2.65,18.38,,,,,,.3,.3,26.3,11.1,,,,,,,,,,,,,,
143,대구,1998-09-18,20.9,14.5,640,27,1502,,,,,,,9.8,90,1855,7,90,1840,3,2631,90,12.4,38,1700,60,14.4,1007.7,1016.8,740,1012.7,1650,1014.8,12.3,10.7,1200,2.6,18.28,,,,,,.8,.8,23.7,12,,,,,,,,,,,,,,
143,대구,1998-09-19,22.7,19.8,110,26.3,1410,,,,,,,11,90,1208,8.7,90,1213,3.7,3187,110,16.5,56,336,68.4,19,1006.5,1014.8,2208,1012,1520,1013.6,12.3,3.7,1100,2.43,10.83,,,,,,8.3,6.4,25.4,17.6,,,,,,,,,,,,,,
143,대구,1998-09-20,23.5,20.8,520,28,1255,.7,.7,1400,.7,,.7,7,140,2316,5,140,2320,2.9,2487,110,19.8,60,1246,79.9,23.2,1003.6,1014.4,0,1007.1,2400,1010.6,12.3,.4,1100,1.65,7.79,,,,,,8.5,5.3,24.6,19.2,,,,,,,,,,,,.9,{비}1308-1320.{비}1355-1410.{비}1703-1718.{박무}1330-{박무}{강도0}1500-{박무}{강도0}1800-{박무}{강도0}2100-{박무}{강도0}2400-,
143,대구,1998-09-21,22.8,20.3,2400,27.5,1446,4.05,2,1530,3.4,1055,7.2,9.1,320,1506,6.7,270,1455,2.6,2235,90,19.2,65,2240,80.3,22.4,996.9,1007.1,0,1001.2,1430,1003.8,12.2,.3,1300,1.18,4.84,,,,,,8.6,4.9,23.1,18.7,,,,,,,,,,,,7,-{박무}-{박무}{강도0}0300-{박무}{강도0}0600-0620.{비}0840-{비}{강도0}0900-0910.{비}1040-1155.{소나기}1450-{소나기}{강도0}1500-1650.{소나기}1752-{소나기}{강도0}1800-1810.,
143,대구,1998-09-22,20.3,17.5,2400,23.6,1446,.83,0,,0,,0,7.3,140,1600,6,140,1539,2.6,2213,140,13.8,52,1633,66.5,15.8,1003.3,1015.8,2352,1005.6,10,1010.4,12.2,3.7,1500,1.07,7.32,,,,,,5.4,2.9,21,15.8,,,,,,,,,,,,0,{소나기}1150-{소나기}{강도0}1200-1240.,
143,대구,1998-09-23,19,13.6,620,23.5,1320,,,,,,,7.6,90,1713,6.3,90,1714,2.2,1935,50,12.5,51,1055,67.1,14.6,1010.8,1019.4,850,1015.8,0,1018,12.1,4.2,1000,1.83,10.68,,,,,,5.9,4.8,21.1,11.2,,,,,,,,,,,,3,,
143,대구,1998-09-24,18.9,16.9,515,20.5,1545,8.25,.9,330,2.1,330,4,4,110,935,3.3,110,952,1.2,1035,50,15.9,70,37,83.3,18.1,1010.4,1018.1,1025,1016.4,1535,1017.5,12.1,0,1500,.6,3.84,,,,,,9.5,6,19.5,16.2,,,,,,,,,,,,1,{비}0250-{비}{강도0}0300-0545.{비}1020-{비}{강도0}1200-{비}{강도0}1500-1540.{박무}0230-{박무}{강도0}0300-0340.{박무}2030-{박무}{강도0}2100-{박무}{강도0}2400,
143,대구,1998-09-25,22,17.8,520,28.1,1553,,,,,,,3.8,290,1605,3.3,320,1625,1.1,951,50,15.5,42,1529,69.3,17.7,1010.3,1018.7,936,1015.7,1532,1017.3,12.1,6.2,1100,2.25,13.55,,,,,,7,3.4,23.8,16,,,,,,,,,,,,,-{박무}-{박무}{강도0}0300-{박무}{강도0}0600-{박무}{강도0}0900-1120.{연무}1110-{연무}{강도0}1200-1235.,
143,대구,1998-09-26,22,19.4,625,25.7,1500,,,,,,,2.4,360,1100,2.2,360,1100,1,856,50,15.6,43,1520,68.5,17.8,1011.6,1020,2100,1017.5,145,1018.7,12,0,1400,1.07,5.76,,,,,,9.6,6.3,22.5,17.7,,,,,,,,,,,,,{박무}0120-{박무}{강도0}0300-{박무}{강도0}0600-{박무}{강도0}0900-{박무}{강도0}1200-1430.{연무}1730-{연무}{강도0}1800-1830.{박무}1820-{박무}{강도0}2100-{박무}{강도0}2400-,
143,대구,1998-09-27,21.3,18.4,600,24.7,1548,,,,,,,6,90,1945,5.5,90,2030,1.7,1433,90,15.7,54,1410,70.8,17.8,1013,1021.9,2315,1018.9,1700,1020.1,12,0,1200,.82,5.8,,,,,,10,9.1,21.4,16.5,,,,,,,,,,,,,-{박무}-{박무}{강도0}0300-{박무}{강도0}0600-{박무}{강도0}0900-{박무}{강도0}1200-{박무}{강도0}1500-{박무}{강도0}1800-{박무}{강도0}2100-{박무}{강도0}2400-,
143,대구,1998-09-28,19.8,18.6,2400,21.2,0,10.87,.5,1157,1.8,1144,5.5,4.6,140,1950,3.7,140,1940,1.6,1400,140,16.7,68,955,82.5,19,1013.6,1021.9,956,1020,1548,1020.8,12,0,800,.32,2.55,,,,,,10,5.6,20.1,17.2,,,,,,,,,,,,10.7,-{박무}-{박무}{강도0}0300-{박무}{강도0}0600-0620.{박무}1140-{박무}{강도0}1200-{박무}{강도0}1500-{박무}{강도0}1800-{박무}{강도0}2100-{박무}{강도0}2400-  {비}0950-{비}{강도0}1200-{비}{강도0}1500-{비}{강도0}1800-1945.{비}2303-{비}{강도0}2400-,
143,대구,1998-09-29,18.2,17.6,546,18.6,0,24,1.5,615,3.7,1843,38.2,3,110,2230,2.8,140,1000,1.3,1136,90,16.4,84,1048,89.3,18.7,1008.3,1020,0,1011.1,2400,1015.5,11.9,0,1100,.27,1.76,,,,,,10,5.9,18.8,17.2,,,,,,,,,,,,68,-{비}-{비}{강도0}0300-{비}{강도0}0600-{비}{강도0}0900-{비}{강도0}1200-{비}{강도0}1500-{비}{강도0}1800-{비}{강도0}2100-{비}{강도0}2400- -{박무}-{박무}{강도0}0300-{박무}{강도0}0600-{박무}{강도0}0900-{박무}{강도0}1200-{박무}{강도0}1500-{박무}{강도0}1800-{박무}{강도0}2100-{박무}{강도0}2400-,
143,대구,1998-09-30,19.4,18.6,0,20.2,1948,24,13,1619,42.5,1542,225.8,13.6,140,1928,7,140,1920,3.1,2665,140,17.8,85,1413,90.1,20.4,995.4,1011.1,0,996.4,1915,1002.5,11.9,0,800,.12,.83,,,,,,10,6.4,18.9,17.8,,,,,,,,,,,,196.6,-{비}-{비}{강도0}0300-{비}{강도0}0600-{비}{강도0}0900-{비}{강도1}1200-{비}{강도2}1500-{비}{강도1}1800-{비}{강도1}2100-{비}{강도0}2400- -{박무}-{박무}{강도0}0300-{박무}{강도0}0600-{박무}{강도0}0900-{박무}{강도0}1200-{박무}{강도0}1500-{박무}{강도0}1800-{박무}{강도0}2100-{박무}{강도0}2400-,
143,대구,1998-10-01,22.1,18.9,526,26.4,1444,5.92,1,0,3.3,0,5.8,6.6,320,1346,5.3,320,1313,2.4,2084,320,15.7,49,1440,68.5,17.9,996.1,1008.3,2356,999.1,146,1003.1,11.8,3.3,1400,1.48,9.58,,,,,,7,4.4,22.1,17.5,,,,,,,,,,,,0,-{비}-{비}{강도0}0300-0515.-{박무}-{박무}{강도0}0300-0540.{소나기}1150-{소나기}{강도0}1200-1230.,
143,대구,1998-10-02,21.6,15.8,630,27.8,1445,,,,,,,5.2,90,1931,4.7,110,1750,1.9,1646,110,14.4,40,1448,67.1,16.5,1005.3,1014.9,2145,1008.3,0,1012.3,11.8,9.8,1200,2.29,15.09,,,,,,1.9,.9,22.1,13.2,,,,,,,,,,,,,{박무}0140-{박무}{강도0}0300-0540.,
143,대구,1998-10-03,21.6,17.7,2400,28.1,1504,,,,,,,6.2,320,1630,5,290,1610,2,1761,90,12.6,27,1615,60.4,14.9,1009.7,1020.3,2400,1014.6,0,1016.8,11.8,8.9,1200,2.29,15.07,,,,,,4.1,2.1,22.6,13.2,,,,,,,,,,,,,{박무}0620-{박무}{강도0}0900-1040.{연무}1020-{연무}{강도0}1200-1240.,
143,대구,1998-10-04,18.8,14,656,24,1303,,,,,,,11.5,90,1547,9,90,1617,3.3,2849,90,11.5,47,1229,63.3,13.6,1016.3,1025.5,2226,1020.3,0,1023.5,11.7,9.5,1200,2.4,15.33,,,,,,4.8,2.5,20.9,11,,,,,,,,,,,,,,
143,대구,1998-10-05,18.9,14.3,647,24.6,1451,,,,,,,5.6,140,1200,4.7,140,1200,1.6,1409,50,11.8,41,1502,66.1,13.9,1014.9,1025.2,20,1019.3,1828,1022.1,11.7,9.6,1100,2.49,14.6,,,,,,5.3,3,21.5,12,,,,,,,,,,,,,,
143,대구,1998-10-06,19.5,13.9,652,26.4,1435,,,,,,,8.5,90,1930,6.7,90,1928,2.3,1978,50,13.1,37,1457,68.5,15.1,1010.1,1019.8,0,1014.5,1540,1017.3,11.7,8.6,1200,2.15,14.88,,,,,,5.6,3.5,21.3,11.9,,,,,,,,,,,,,,
143,대구,1998-10-07,19.2,14.9,615,24.2,1433,,,,,,,5.3,90,1902,4,110,1557,1.8,1560,50,13.5,49,1416,70.9,15.5,1006.8,1016.9,12,1011.8,1526,1013.9,11.6,3.6,1300,1.62,9.2,,,,,,4.1,2.6,21.3,11.7,,,,,,,,,,,,,,
143,대구,1998-10-08,19.9,14.1,550,26.4,1525,,,,,,,4.1,270,1233,3.8,250,1240,1.5,1323,50,12.4,36,1547,65.3,14.4,1007.5,1016.5,2240,1012.6,1450,1014.7,11.6,9.5,1200,2.34,13.85,,,,,,1.5,1.5,21.8,10.6,,,,,,,,,,,,,,
143,대구,1998-10-09,20.7,14.4,700,27.6,1514,,,,,,,4.6,200,1202,3.3,200,1201,1.2,1060,20,12.8,34,1512,63.5,14.8,1010.1,1018.6,920,1015.3,1512,1017.1,11.5,8.9,1200,2.23,14.15,,,,,,2.1,0,22.6,10.3,,,,,,,,,,,,,{박무}0920-1140.,
143,대구,1998-10-10,20.7,16.3,726,25.6,1432,,,,,,,8.7,110,1946,7.5,110,2120,2.7,2309,90,14.9,49,1345,71,17,1014.5,1024.8,2400,1018.6,0,1021.6,11.5,5.8,1300,1.51,9.76,,,,,,6.9,2.1,21.5,13.4,,,,,,,,,,,,,{박무}0320-{박무}{강도0}0600-{박무}{강도0}0900-1120.{연무}1110-{연무}{강도0}1200-{연무}{강도0}1500-{연무}{강도0}1800-1840.{박무}1820-{박무}{강도0}2100-{박무}{강도0}2400,
143,대구,1998-10-11,21.1,17,630,25.2,1430,,,,,,,6.2,90,2110,4.7,90,1400,2.4,2048,90,15.7,51,1442,72.4,17.8,1018.2,1026.9,840,1024.2,1500,1025.3,11.5,.5,1200,1.76,8.06,,,,,,8.4,3.6,21.9,14.5,,,,,,,,,,,,1.2,-{박무}-{박무}{강도0}0300-{박무}{강도1}0600-{박무}{강도0}0900-1030.,
143,대구,1998-10-12,19,18.1,1550,20.8,0,23.42,1.5,2115,6.5,1440,29,8.5,90,1933,6.7,90,1930,2.7,2362,90,16.8,78,0,86.9,19.1,1015.4,1025.3,0,1019.4,2400,1022.5,11.4,0,900,.37,2.28,,,,,,10,5.9,18.9,17.2,,,,,,,,,,,,27.8,{비}0035-{비}{강도0}0300-{비}{강도0}0600-{비}{강도0}0900-{비}{강도0}1200-{비}{강도0}1500-{비}{강도0}1800-{비}{강도0}2100{비}{강도0}2400-{박무}0120-{박무}{강도0}0300-{박무}{강도0}0600-0630.{박무}1020-{박무}{강도0}1200-{박무}{강도1}1500-{박무}{강도0}1800-{박무}{강도0}2100-{박무}{강도0}2400,
143,대구,1998-10-13,21.3,18.6,12,25.1,1526,.58,0,,0,,0,4.5,110,2331,4,140,2123,1.6,1358,270,17.3,62,1355,78.4,19.7,1009.2,1019.4,0,1014.8,1610,1016.3,11.4,2.7,1200,1.7,9.22,,,,,,8.9,4.8,22,17.8,,,,,,,,,,,,1.2,-{비}-0035.-{박무}-{박무}{강도0}0300-{박무}{강도1}0600-{박무}{강도0}0900-{박무}{강도0}1200-{박무}{강도0}1500-1620.,
143,대구,1998-10-14,21.1,19,530,24.8,1325,8.17,1.1,1850,4.5,1850,16,9.9,250,1301,7,250,1350,2.8,2393,270,17.3,55,1330,79.4,19.8,1002.9,1014.9,0,1006.9,1625,1009.9,11.4,0,1100,1.09,5.26,,,,,,9.5,5.9,21.3,17.9,,,,,,,,,,,,14.8,{비}0245-{비}{강도0}0300-0525.{비}1535-1550.{비}1740-{비}{강도0}1800-{비}{강도0}2100-2255.{박무}0040-{박무}{강도0}0300-{박무}{강도0}0600-{박무}{강도0}0900-1120.{박무}1730-{박무}{강도0}1800-{박무}{강도0}2100{박무}{강도0}2400,
143,대구,1998-10-15,18.7,15.3,725,23.2,1450,,,,,,,7.6,320,150,6.7,320,158,2.8,2461,270,8.4,34,1410,52.6,11,1005.3,1015.7,2400,1008.6,0,1012.4,11.3,9.3,1100,2.31,14.92,,,,,,3.3,1.4,18.8,11.7,,,,,,,,,,,,,-{박무}-0025.,
143,대구,1998-10-16,15.9,12.3,642,19.3,1500,,,,,,,4.5,270,252,3,270,250,1,887,70,10.1,49,1524,69.8,12.4,1007.1,1016.7,832,1012.2,2400,1014.4,11.3,0,1100,1.09,6.01,,,,,,6.9,3.8,16.2,9.9,,,,,,,,,,,,,,
143,대구,1998-10-17,17.4,14.4,335,19.6,1310,,,,,,,5.8,270,2056,5.5,270,2100,1.8,1574,270,12.2,62,1405,72,14.2,998.2,1012.2,0,1000.3,2010,1005.3,11.2,0,1200,.68,3.98,,,,,,9,5.4,16.9,12.4,,,,,,,,,,,,,{박무}0120-{박무}{강도0}0300-{박무}{강도0}0600-0740.,
143,대구,1998-10-18,18.7,14.3,2400,24,1410,,,,,,,9.3,290,1403,7.7,290,1402,3.9,3375,290,7.8,30,1423,49.8,10.7,1001.9,1015.2,2300,1000.8,0,1009,11.2,8.3,1200,2.42,13.53,,,,,,2.4,2.4,18.9,10.2,,,,,,,,,,,,,,
143,대구,1998-10-19,14.4,11,2344,18.6,1408,,,,,,,11.6,320,1057,9,320,1107,4,3441,320,1.9,30,1102,43.5,7.1,1013.9,1026,2337,1015.1,0,1021.2,11.2,9.8,1100,2.31,13.91,,,,,,1.5,.8,15.2,5.4,,,,,,,,,,,,,,
143,대구,1998-10-20,13.1,6.5,710,19.6,1355,,,,,,,10,90,1458,7.3,90,1622,2.4,2108,90,4.8,40,1355,58.5,8.6,1019.8,1029.7,915,1025.5,1410,1027.1,11.1,9.5,1200,2.1,13.43,,,,,,2.4,1.1,15.2,3.9,,,,,,,,,,,,,,
143,대구,1998-10-21,14.9,10.5,210,20.3,1456,,,,,,,9.1,90,1624,6.5,90,1610,2.4,2084,90,7.3,43,1446,62,10.2,1016.9,1026.7,0,1021.7,1505,1024.3,11.1,8.9,1100,2.2,12.4,,,,,,4.3,4.3,17.1,6.2,,,,,,,,,,,,,,
143,대구,1998-10-22,15.7,11.3,706,20.8,1305,,,,,,,9,90,1359,6.3,90,1352,2,1700,90,9.1,46,1316,65.5,11.6,1016.2,1025.2,814,1021.4,1414,1023.5,11.1,4.5,1200,1.6,8.98,,,,,,6.8,4.1,16.1,7.7,,,,,,,,,,,,,,
143,대구,1998-10-23,16.6,11.1,650,22.8,1402,,,,,,,6.6,90,1616,6,90,1643,2.2,1889,50,10,42,1343,67,12.3,1014.9,1024.1,812,1020.1,1440,1022.2,11,7.3,1200,2.22,11.66,,,,,,2.5,2.5,16.5,7.7,,,,,,,,,,,,,,
143,대구,1998-10-24,16.7,10.8,700,23.3,1436,,,,,,,5.1,320,1500,3.7,320,1440,1.5,1267,50,8.7,30,1522,62.3,11.3,1014.3,1022.9,800,1019.6,1430,1021.5,11,9.1,1200,2.07,13.09,,,,,,.5,.5,17.1,6.8,,,,,,,,,,,,,,
143,대구,1998-10-25,15.8,10.2,740,22.8,1458,,,,,,,5,250,1246,4,250,1253,1.4,1190,50,6.7,25,1410,59.3,9.9,1014,1023.9,806,1019.3,1528,1021.3,11,8.7,1100,2.02,12.82,,,,,,.6,0,16,5.2,,,,,,,,,,,,,,
143,대구,1998-10-26,16.2,9.6,623,22.4,1500,,,,,,,6.8,90,1707,5,90,1554,2.2,1933,90,9.2,39,1400,65.8,11.9,1013.3,1022.5,905,1018.7,1510,1020.6,10.9,9.4,1200,1.99,12.35,,,,,,3,2.3,16.8,5.8,,,,,,,,,,,,,,
143,대구,1998-10-27,16.3,12.5,720,22.7,1419,,,,,,,8.5,320,1517,6.7,320,1530,2.3,2027,320,8.7,35,1532,64.3,11.4,1010.5,1019.8,2400,1014.5,1405,1017.7,10.9,6.3,1100,1.9,10.37,,,,,,1.8,1.3,16.4,7.9,,,,,,,,,,,,,{박무}0710-{박무}{강도1}0900-1140.,
143,대구,1998-10-28,15.1,10.8,642,19.4,1357,,,,,,,6,270,1228,5.2,270,1237,2.2,1917,320,5.9,41,1343,54.5,9.3,1011.3,1021.3,824,1016.5,1806,1018.6,10.9,5.7,1100,2.03,11.39,,,,,,5.4,4.6,16.7,4.9,,,,,,,,,,,,,,
143,대구,1998-10-29,16.2,13,740,22.5,1530,,,,,,,6,290,201,4.2,290,206,1.9,1631,290,5.9,27,1615,51.8,9.3,1010,1018.9,840,1015.4,1435,1017.2,10.8,10.2,1200,1.93,12.13,,,,,,3.3,2.3,17.8,10.1,,,,,,,,,,,,2.8,,
143,대구,1998-10-30,14.2,12.5,522,17.4,1445,5.3,.5,650,1.3,600,2.8,4,320,1550,3.5,320,1630,1.9,1658,270,9.6,58,1426,74.3,12,1009.7,1018.6,820,1015,1500,1017,10.8,0,1200,1.13,5.07,,,,,,7,3.4,14.2,8.3,,,,,,,,,,,,0,{비}0430-{비}{강도0}0600-{비}{강도0}0900-0940.{비}1612-1620.{박무}0420-{박무}{강도0}0600-{박무}{강도0}0900-{박무}{강도0}1200-{박무}{강도0}1500-{박무}{강도0}1800-{박무}{강도0}2100-{박무}{강도0}2400,
143,대구,1998-10-31,15.6,9.2,710,21.4,1502,,,,,,,9.3,230,1624,7.3,250,1853,2.7,2322,270,8.1,42,1440,63.9,10.8,1009.5,1019.8,924,1014.5,1600,1016.7,10.8,7.2,1200,1.79,10.31,,,,,,4.4,2.9,15.2,6.2,,,,,,,,,,,,,-{박무}-{박무}{강도0}0300-{박무}{강도1}0600-{시정(미만)}{1km}{안개}0630-{시정(이상)}{1km}{박무}0745-{박무}{강도1}0900-{박무}{강도0}1200-1240.,1.25
143,대구,1998-11-01,11.9,7.6,2400,17.7,1529,,,,,,,11,320,107,7.2,320,120,3,2564,320,-.6,21,1520,44.5,6,1012.9,1023.1,902,1015.8,0,1020.3,10.7,9.3,1100,2.16,13.61,,,,,,0,0,14,2.9,,,,,,,,,,,,,,
143,대구,1998-11-02,11.4,4.3,632,20,1432,1.13,,,,,1.3,16.1,320,1659,11.7,340,1702,2.1,1806,250,4.2,26,1339,64.8,8.5,1009.9,1020.8,2400,1012.3,1535,1017.3,10.7,6.4,1100,1.67,9.62,,,,,,4.5,1.6,11.6,.7,,,,,,,,,,,,1.3,{소나기}1702-{소나기}{강도0}1800-1810.,
143,대구,1998-11-03,11.5,5.3,720,19.5,1605,,,,,,,4.2,290,557,3,290,557,1.1,987,50,2.8,29,1252,58.6,7.5,1014.6,1025.2,840,1020,1651,1022,10.7,9.4,1100,1.95,11.74,,,,,,.5,.5,12.4,.7,,,,,,,,,,,,,,
143,대구,1998-11-04,13.8,7.3,706,21.5,1444,,,,,,,6.9,320,1625,5,320,1620,2,1692,290,4.1,33,1935,54.6,8.3,1012.3,1023.8,2400,1016.4,1438,1019.6,10.6,6.6,1200,1.66,9.48,,,,,,4,2,13,4,,,,,,,,,,,,,,
143,대구,1998-11-05,12.7,6.4,740,18.8,1350,,,,,,,10,90,1454,7.7,90,1449,2.5,2125,90,5.6,42,1336,62.9,9.2,1017.9,1026.3,923,1023.8,0,1025.3,10.6,7.2,1100,1.92,11.28,,,,,,4.4,2.8,13.2,2.4,,,,,,,,,,,,,,
143,대구,1998-11-06,13.8,9.5,2400,16.8,1306,,,,,,,9.1,110,1258,7.3,90,1046,3.4,2895,90,5.5,43,1450,57.9,9.1,1015.2,1025.3,0,1020.7,2400,1022.5,10.6,0,1200,1.21,6.32,,,,,,5.8,4.3,13.8,5,,,,,,,,,,,,,,
143,대구,1998-11-07,12.4,5.8,640,19,1440,,,,,,,4.9,290,1305,3.7,270,1209,1.7,1453,50,5.4,42,1400,64.6,9,1009.1,1020.7,0,1014,1434,1016.5,10.5,7.2,1200,1.74,10.26,,,,,,1.4,1,13.5,2.1,,,,,,,,,,,,,,
143,대구,1998-11-08,12.9,6.7,713,18.6,1556,,,,,,,4.6,270,1016,4.3,270,949,1.7,1504,290,2.7,27,1523,52.6,7.5,1006.3,1017.2,846,1010.6,1730,1013.6,10.5,8.4,1100,1.91,10.67,,,,,,3.1,.3,12.8,1.5,,,,,,,,,,,,.5,,
143,대구,1998-11-09,11.4,6.4,2400,16.8,1142,.48,,,,,.5,14.2,320,1348,11.7,320,1336,4,3442,320,-.8,18,1343,46.9,6.2,1006,1019.3,2400,1010.4,452,1013.4,10.5,8.3,1200,1.93,11.22,,,,,,2.1,0,11.9,3.5,,,,,,,,,,,,,{비}0648-0717.,
143,대구,1998-11-10,7.6,3.2,710,12.8,1545,,,,,,,10.7,320,3,8.8,320,11,3.3,2860,290,-7,23,1613,34.9,3.6,1014,1023.1,935,1019.3,0,1021.4,10.4,9,1200,1.99,12.2,,,,,,0,0,9.1,-1.2,,,,,,,,,,,,,,
143,대구,1998-11-11,11.5,3.9,707,18.4,1448,,,,,,,11,270,1458,8,270,1439,2.9,2480,270,.9,34,0,48.3,6.7,1012.1,1022,0,1016.5,1650,1019.5,10.4,7.4,1200,1.76,10.04,,,,,,.9,.9,9,0,,,,,,,,,,,,,,
143,대구,1998-11-12,12.3,7.5,732,19.1,1532,,,,,,,5,320,30,3.7,320,23,1.8,1542,270,0,24,1510,44.6,6.1,1013.2,1023,930,1019.4,0,1020.6,10.4,9.7,1100,1.9,11.39,,,,,,0,0,13,-.1,,,,,,,,,,,,,,
143,대구,1998-11-13,12.4,6,732,20.5,1446,,,,,,,6.1,290,1445,5,290,1447,1.3,1119,50,3.9,30,1440,58.6,8.2,1009.8,1019.9,40,1014.7,1500,1017.1,10.3,7.1,1100,1.68,9.78,,,,,,2.6,1,12.1,.6,,,,,,,,,,,,,,
143,대구,1998-11-14,14.9,8.6,732,22.2,1508,,,,,,,2.5,270,1246,2.3,320,1250,.9,797,50,9.1,44,1503,70.1,11.6,1011.3,1020.3,912,1016.8,1435,1018.5,10.3,8.5,1200,1.46,8.47,,,,,,0,0,13.2,3.2,,,,,,,,,,,,,{박무}1020-{박무}{강도0}1200-{연무}1240-{연무}{강도0}1500-{연무}{강도0}1800-1840.{박무}1830-{박무}{강도0}2100-{박무}{강도0}2400,
143,대구,1998-11-15,15.9,10.7,520,24.4,1506,,,,,,,8.5,250,1458,7,250,1508,1.5,1336,270,7.5,20,1558,63.6,10.6,1010.5,1020.7,906,1015.1,1624,1017.7,10.3,5.8,1200,1.7,9.23,,,,,,1,.5,14.6,4.2,,,,,,,,,,,,,-{박무}-{박무}{강도0}0300-{박무}{강도1}0600-{박무}{강도2}0900-1130.{연무}1120-{연무}{강도0}1200-1320.,
143,대구,1998-11-16,14.2,9.2,728,18.1,1158,.53,,,,,0,5.8,270,1210,4.3,270,1236,1.4,1171,20,9.5,57,1158,72.9,11.9,1002.1,1015.8,0,1005.4,1900,1009.3,10.3,3.1,1000,1.47,4.7,,,,,,6.3,4.3,12.1,4.5,,,,,,,,,,,,0,{박무}0520-{박무}{강도0}0600-0640.{박무}1230-{박무}{강도0}1500-{박무}{강도0}1800-{박무}{강도0}2100-2120.{비}1318-1350.,
143,대구,1998-11-17,7.6,2.3,2400,15.8,100,,,,,,,20.3,290,804,13.7,290,823,7.6,6572,290,-5.6,29,1153,38.8,4.3,1005.8,1019.4,2400,1005.4,0,1013.3,10.2,8.4,1100,1.82,10.78,,,,,,3.1,3.1,9.4,.2,,,,,,,,,,,,,,
143,대구,1998-11-18,1.9,-1,710,6.2,1452,,,,,,,9.3,320,20,6.7,320,1237,3.9,3364,320,-9.1,31,1420,45.5,3.1,1016.2,1026.4,2400,1019.4,0,1023.8,10.2,9,1200,1.8,11.01,,,,,,.5,.3,4.1,-3.9,,,,,,,,,,,,,,
143,대구,1998-11-19,2.5,-1.6,610,7.3,1503,,,,,,,6.1,250,1320,4.2,250,1510,2,1715,290,-8.1,29,1440,47.5,3.4,1019.2,1029.6,1000,1025.5,1620,1026.9,10.2,9.4,1200,1.78,10.56,,,,,,2.9,2.4,3.9,-5.6,,,,,,,,,,,,,,
143,대구,1998-11-20,4.1,.6,2400,8.2,1452,,,,,,,10,290,1028,7.8,290,1038,3.2,2771,290,-8.3,23,1700,42.3,3.4,1019.1,1028.1,1048,1025.1,1413,1026.8,10.2,8.4,1100,1.79,10.73,,,,,,1.9,1.9,5.5,-4.6,,,,,,,,,,,,,,
143,대구,1998-11-21,4.1,-1.2,247,8.2,1416,,,,,,,6,110,2250,5,90,2133,2.1,1774,50,-7.5,29,1442,44.1,3.5,1018.2,1027.8,0,1023.7,2305,1025.9,10.1,2.4,1200,1.1,5.21,,,,,,7.9,5.9,4.2,-5.9,,,,,,,,,,,,6.2,,
143,대구,1998-11-22,3.5,.6,455,7.5,1450,5.58,,,,,6.2,10,290,1447,6.7,290,1242,2.7,2312,290,-1.6,44,1452,70.8,5.5,1015.9,1025,2400,1022,1500,1023.5,10.1,4.6,1300,1.35,7.06,2.6,535,2.6,535,2.6,5.5,3.9,3.9,-2.5,,,,,,,,,,,,,{눈}0140-{비}0155-{비}{강도0}0300-{눈}0325-{진눈깨비}0545-{진눈깨비}{강도0}0600-{비}0620-0715. {박무}0320-{박무}{강도0}0600-{박무}{강도0}0900-1040.,
143,대구,1998-11-23,4.7,-.7,657,11,1608,,,,,,,4,250,1339,3.5,250,1340,1.3,1104,50,-1.7,37,1623,65.6,5.4,1017.3,1027,1007,1023.3,2400,1024.9,10.1,7.8,1200,1.53,8.87,,,,,,1,1,3.7,-4.3,,,,,,,,,,,,.3,,
143,대구,1998-11-24,5.8,3,356,11.2,1358,3.5,,,,,.3,12,320,1402,8.3,320,1407,2.9,2514,290,-1.2,40,1602,62.1,5.7,1015.2,1027.8,2315,1019.9,513,1022.7,10.1,3.4,1300,1.31,5.43,,,,,,3.6,2.9,4.3,-1.4,,,,,,,,,,,,0,{박무}0220-{박무}{강도0}0300-{박무}{강도0}0600-{박무}{강도0}0900-0930.{연무}1230-1340.{비}0650-{비}{강도0}0900-1020.,
143,대구,1998-11-25,5.6,1.6,710,12.2,1532,,,,,,,3.7,270,459,3.5,270,513,1.8,1536,270,-2.7,40,1320,56.1,5,1020.6,1030.4,845,1025.6,1538,1028.2,10,8.7,1200,1.65,9.71,,,,,,1.3,1,5.3,-2,,,,,,,,,,,,,,
143,대구,1998-11-26,8.2,1.9,754,15.6,1608,,,,,,,3,270,1412,2.3,110,310,1,865,50,1.8,41,1320,65.9,7,1019,1029.3,905,1024,2400,1026.5,10,7.9,1200,1.56,8.54,,,,,,.9,0,6.5,-2.3,,,,,,,,,,,,.5,{박무}0920-1140.{연무}1120-{연무}{강도0}1200-{연무}{강도0}1500-1620.,
143,대구,1998-11-27,7,5.1,352,9.1,1645,5.67,,,,,7.5,6.2,250,1640,5.7,250,1643,2,1731,250,3.2,58,2036,77.9,7.7,1011.2,1024,0,1015.6,1534,1018.6,10,0,1400,.51,1.53,,,,,,6.6,4,6.2,1.6,,,,,,,,,,,,7,{비}0810-{비}{강도0}0900-{비}{강도0}1200-1350.{박무}0340-{박무}{강도0}0600-{박무}{강도0}0900-{박무}{강도0}1200-{박무}{강도0}1500-1620.{박무}1920-{박무}{강도0}2100-{박무}{강도0}2400,
143,대구,1998-11-28,7,3.4,2400,12.2,1545,,,,,,,4.8,270,520,3.7,270,525,1.9,1674,290,-.8,35,1520,59.3,5.8,1013.4,1021.8,2248,1018.7,0,1020.9,10,8,1200,1.59,9.35,,,,,,0,0,5.1,-1.8,,,,,,,,,,,,,-{박무}-{박무}{강도0}0300-{박무}{강도1}0600-0740.,
143,대구,1998-11-29,5.7,0,751,11.4,1522,,,,,,,3.5,270,1701,3.2,270,1704,1,890,360,-1.1,35,1527,65.3,5.7,1013.6,1023.3,920,1018.5,1612,1021.1,10,4.8,1200,1.57,7.59,,,,,,2.8,2.3,3.7,-5.4,,,,,,,,,,,,,,
143,대구,1998-11-30,5.2,2.9,626,8.6,1612,,,,,,,3.2,90,732,2.8,90,736,1,860,20,.9,57,1627,73.9,6.5,1010.4,1020.3,5,1016,1415,1017.9,9.9,0,1300,.56,1.9,,,,,,5.4,2.3,4.6,-.2,,,,,,,,,,,,,{박무}0330-{박무}{강도0}0600-0820.{박무}1125-{박무}{강도0}1200-{박무}{강도0}1500-1520.{박무}1720-{박무}{강도0}1800-{박무}{강도0}2100-{박무}{강도1}2400,
143,대구,1998-12-01,6.6,1.8,612,10.5,1640,.83,,,,,0,3.6,270,2126,3.3,270,2120,1.3,1162,250,1.9,58,1429,72.9,7,1012.7,1022.7,2300,1017.3,0,1020.2,9.9,0,1100,.77,3.03,,,,,,6.3,4.8,4.8,-1.4,,,,,,,,,,,,0,-{박무}-{박무}{강도1}0300-{박무}{강도2}0600-{박무}{강도1}0900-{박무}{강도1}1200-{박무}{강도0}1500-{박무}{강도0}1800-{박무}{강도0}2100{박무}{강도0}2400{비}2135-2225.,
143,대구,1998-12-02,7.3,4.1,2400,11.6,1351,.33,,,,,0,7,340,1421,5.2,340,1427,2.3,1953,270,.3,42,2045,62.1,6.4,1017.1,1027.2,2212,1022.5,33,1024.6,9.9,1.2,1200,1.03,4.72,,,,,,6,3.4,6.4,-.1,,,,,,,,,,,,,-{박무}-{박무}{강도0}0300-{박무}{강도0}0600-{박무}{강도0}0900-1120.{비}0620-0640.,
143,대구,1998-12-03,5.3,2.9,2400,9.7,1428,,,,,,,6.2,250,132,5,250,127,2.9,2472,250,-5.1,35,1750,48.4,4.3,1019.4,1028.7,917,1024.9,1614,1027,9.9,2.2,1200,1.18,6.07,,,,,,4.9,4.4,4.9,-2.2,,,,,,,,,,,,,{박무}0520-{박무}{강도0}0600-{박무}{강도0}0900-1140.,
143,대구,1998-12-04,3.2,-2.9,813,11.1,1512,,,,,,,3.9,230,1152,3.2,230,1150,1.3,1115,20,-10,14,1632,42.5,2.9,1018.5,1027.7,930,1024.1,1510,1026.1,9.9,8.3,1200,1.62,9.26,,,,,,0,0,2.6,-7,,,,,,,,,,,,,,
143,대구,1998-12-05,2.8,-1,743,8.3,1401,,,,,,,9.5,270,1456,6.7,270,1508,2.1,1781,270,-5.6,45,1530,55,4.1,1020.4,1030.9,2400,1026.1,0,1028.1,9.9,3.2,1300,1.5,5.46,,,,,,3.5,2.3,2.2,-5.5,,,,,,,,,,,,,,
143,대구,1998-12-06,3.7,-.5,318,5.9,1632,1.92,,,,,0,4.4,250,20,3.3,250,18,1.4,1204,270,-1.6,59,1457,68.8,5.5,1021.9,1032.5,934,1025.5,2400,1029.6,9.8,0,1100,.44,2.59,,,,,,8.5,6.3,3.5,-4,,,,,,,,,,,,0,{박무}0620-{박무}{강도0}0900-{박무}{강도0}1200-1430.{박무}1520-{박무}{강도0}1800-{박무}{강도0}2100-{박무}{강도1}2400-{비}0915-0950.{비}2015-{비}{강도0}2100-2135.,
143,대구,1998-12-07,6.3,4.3,2400,10,1540,1.17,,,,,0,10.9,270,2302,7.3,290,1533,3.1,2664,270,.7,45,1550,68,6.4,1014.2,1025.5,0,1019.8,1500,1021.8,9.8,3.3,1300,1.21,5.43,,,,,,7.4,5.4,6.9,1.3,,,,,,,,,,,,0,-{박무}-{박무}{강도1}0300-{박무}{강도1}0600-{박무}{강도0}0900-{박무}{강도0}1200-1220.{비}2030-{비}{강도0}2100-2140.,
143,대구,1998-12-08,2.4,-.9,2340,5.8,1430,,,,,,,11.5,290,432,7.8,270,446,4.8,4151,270,-9,33,1445,44.3,3.2,1020.8,1032.4,2313,1024,0,1028.5,9.8,8.5,1100,1.59,9.45,,,,,,.5,.5,3.3,-7.8,,,,,,,,,,,,,,
143,대구,1998-12-09,.5,-2.2,710,5.1,1549,,,,,,,9,290,1152,6.7,270,1232,3.3,2888,270,-10.5,34,1430,44.4,2.8,1026.1,1036,2240,1032.4,0,1033.9,9.8,8.3,1200,1.58,9.09,,,,,,.8,.8,1.1,-6.9,,,,,,,,,,,,,,
143,대구,1998-12-10,.4,-3.1,740,5.1,1602,,,,,,,11,290,1342,8.7,290,1344,2.8,2430,270,-10.7,26,1420,46.3,2.7,1026,1037.2,850,1031,2400,1033.8,9.8,8.5,1200,1.62,9.59,,,,,,.1,.1,.5,-7.2,,,,,,,,,,,,,,
143,대구,1998-12-11,1.9,-1.6,2400,5.3,1446,,,,,,,13.3,290,911,9.3,290,921,3.4,2913,290,-11.8,20,1524,38.6,2.6,1024.8,1034.9,1019,1028.5,356,1032.6,9.8,8.2,1200,1.65,9.68,,,,,,1.5,1.5,1.9,-9.2,,,,,,,,,,,,,,
143,대구,1998-12-12,1.1,-5.8,758,8.5,1500,,,,,,,4.5,250,1206,4,270,1130,1.8,1516,20,-12,18,1510,40.3,2.5,1022.7,1033.4,30,1027.6,1554,1030.5,9.8,8.4,1200,1.61,9.03,,,,,,.8,0,.2,-11.4,,,,,,,,,,,,,,
143,대구,1998-12-13,4.6,-2.8,700,12.7,1520,,,,,,,4.5,250,1359,4,270,1410,1.5,1291,270,-4,40,1522,54.6,4.7,1017.8,1029,56,1022.9,1516,1025.5,9.8,8.1,1200,1.5,8.73,,,,,,.3,.3,2.7,-8.5,,,,,,,,,,,,,,
143,대구,1998-12-14,7.2,1.7,732,13.5,1458,,,,,,,14.5,290,2301,8.3,290,2139,2.5,2190,290,-.1,39,1756,61.8,6.1,1011.1,1023.7,0,1014,1645,1018.6,9.7,5,1200,1.17,6.64,,,,,,1.9,1.1,5.1,-5.2,,,,,,,,,,,,,{박무}0820-{박무}{강도0}0900-{박무}{강도0}1200-1430.,
143,대구,1998-12-15,5.6,2.7,756,9.9,1528,,,,,,,11.2,270,57,9,270,114,3.6,3073,290,-4.3,35,1346,49.3,4.4,1013.4,1023.6,1005,1018.5,1546,1020.9,9.7,8.4,1200,1.6,9.35,,,,,,.1,.1,4.8,-2.5,,,,,,,,,,,,,,
143,대구,1998-12-16,7.2,.2,752,14.6,1530,,,,,,,9.6,270,1531,6.3,270,1550,2,1708,250,-2.3,27,1610,53.8,5.2,1012.9,1023.4,2400,1017.6,1424,1020.4,9.7,8.3,1200,1.43,8.03,,,,,,0,0,4.2,-5.7,,,,,,,,,,,,,,
143,대구,1998-12-17,7.5,1.1,743,14.2,1439,,,,,,,5,270,29,4.5,270,49,1.3,1123,20,-1.5,31,1612,54,5.5,1017.3,1026.6,1012,1023.3,1456,1024.9,9.7,6.9,1200,1.42,8.15,,,,,,0,0,4.9,-5.9,,,,,,,,,,,,,,
143,대구,1998-12-18,6.9,.3,756,14.8,1626,,,,,,,3.7,270,1443,3,270,1443,1,826,50,.8,37,1622,67.4,6.5,1014.1,1026,0,1017.8,2338,1021.6,9.7,8,1200,1.36,7.66,,,,,,.8,0,4.4,-5.4,,,,,,,,,,,,,{박무}0830-{박무}{강도0}0900-1120.,
143,대구,1998-12-19,9.1,3,740,16,1508,,,,,,,10.2,290,2250,6.3,290,2248,2.5,2189,290,1.2,28,2340,60.1,6.9,1008.5,1017.9,0,1012.9,1502,1015.9,9.7,8,1200,1.31,7.34,,,,,,.3,.3,6.5,-2.9,,,,,,,,,,,,,{박무}0020-{박무}{강도0}0300-{박무}{강도0}0600-0720.,
143,대구,1998-12-20,5.5,1.7,756,10.8,1549,,,,,,,8.7,320,3,5.5,270,331,3,2604,270,-10,20,1503,32.4,2.9,1013.1,1022.3,2340,1017.6,0,1020.6,9.7,7.8,1200,1.55,9.1,,,,,,0,0,4.1,-5.6,,,,,,,,,,,,,,
143,대구,1998-12-21,3.9,-2.3,804,11.6,1530,,,,,,,4,250,1446,3,250,1441,1.2,996,50,-7,26,1630,46.6,3.6,1013.9,1024,908,1019.8,2330,1021.5,9.7,8.2,1200,1.39,7.77,,,,,,0,0,2.4,-7.6,,,,,,,,,,,,,,
143,대구,1998-12-22,6.6,.1,758,14.2,1521,,,,,,,6.5,320,1314,5.3,320,1318,1.4,1170,320,-1.5,41,1523,56.8,5.6,1011.5,1021.2,1000,1017,1435,1019,9.7,7,1200,1.27,7.24,,,,,,3.4,.3,4,-5.8,,,,,,,,,,,,,,
143,대구,1998-12-23,6.2,2.4,548,10.8,1537,,,,,,,9.7,290,1350,7,270,1436,2.9,2520,270,-3.6,29,1550,52,4.8,1011.2,1022,2345,1016.3,1346,1018.7,9.7,7,1200,1.49,8.39,,,,,,1.5,1,5.5,-5.3,,,,,,,,,,,,,,
143,대구,1998-12-24,5.1,-.2,824,12.3,1504,,,,,,,6,270,43,4.5,270,46,1.4,1252,270,-3.4,36,1536,55.5,4.8,1017.2,1026.8,1020,1022,0,1024.8,9.7,8,1200,1.4,7.99,,,,,,.5,.5,4.7,-6,,,,,,,,,,,,,,
143,대구,1998-12-25,4.6,-1,820,10.2,1455,,,,,,,9.1,290,2050,6.3,290,1619,3,2565,270,-4.4,26,1430,56.9,4.5,1014.3,1025,0,1019,1440,1021.8,9.7,7.8,1200,1.54,8.8,,,,,,4,.1,3.5,-7.4,,,,,,,,,,,,,{박무}0140-{박무}{강도0}0300-{박무}{강도0}0600-0720.{박무}0830-{박무}{강도0}0900-1040.,
143,대구,1998-12-26,5.8,.9,814,11.1,1503,,,,,,,4.2,290,33,3.5,290,38,1.4,1174,20,-2.4,35,1454,57.8,5.1,1013.9,1023.7,855,1020.2,1527,1021.5,9.7,7.5,1200,1.39,7.72,,,,,,2.8,.3,3.3,-5.5,,,,,,,,,,,,,,
143,대구,1998-12-27,5.5,.9,646,11.7,1508,,,,,,,8,290,1315,6,290,1312,1.8,1595,270,-5,26,1616,50.4,4.3,1015.7,1027.8,2334,1020.5,143,1023.2,9.7,8.1,1200,1.49,8.53,,,,,,1.1,0,4.2,-5,,,,,,,,,,,,,,
143,대구,1998-12-28,3.9,-2.2,740,12.3,1554,,,,,,,3,230,1122,2.7,230,1140,1.2,1008,20,-7.1,19,1640,48.5,3.6,1020,1030.7,850,1025.6,1535,1027.6,9.7,8.3,1200,1.47,8.38,,,,,,0,0,3.1,-7.2,,,,,,,,,,,,,,
143,대구,1998-12-29,4.6,1,151,11,1429,,,,,,,10,290,1520,7.7,290,1547,2.8,2420,290,-7.4,22,1628,44.5,3.7,1016.7,1026.5,2330,1021.7,1450,1024.3,9.7,6.6,1300,1.34,7.08,,,,,,3.4,1.1,3.3,-4.6,,,,,,,,,,,,,,
143,대구,1998-12-30,.5,-2.4,738,3.6,1338,,,,,,,9,270,1527,7,270,1537,4.1,3536,290,-13.1,26,1535,37,2.3,1019,1029.1,1056,1025.1,1453,1026.8,9.7,6.1,1100,1.47,7.5,,,,,,3.3,.5,.4,-6.7,,,,,,,,,,,,,,
143,대구,1998-12-31,.5,-2.4,755,4.8,1502,,,,,,,12,320,1551,7.7,290,1537,4,3468,270,-12.1,27,1550,38.6,2.5,1020.4,1029.6,850,1026.6,1510,1028.2,9.8,8.2,1200,1.59,9.34,,,,,,0,0,.2,-6.4,,,,,,,,,,,,,,
143,대구,1999-01-01,.7,-2.9,628,5.4,1502,,,,,,,9.5,290,1508,7.5,320,1504,2.8,2434,250,-9,34,1329,49.3,3.1,1017.3,1028.7,255,1021.9,2400,1025,9.8,8.4,1200,1.59,9.33,,,,,,0,0,.1,-11.3,,,,,,,,,,,,,,
143,대구,1999-01-02,3.9,-1.9,157,8.9,1433,,,,,,,9.6,270,1338,7.5,290,1459,2.2,1915,270,-4.3,39,1547,55.9,4.5,1009.4,1021.9,0,1014.7,1424,1016.9,9.8,6.8,1200,1.42,6.96,,,,,,4.6,4.1,3,-8.5,,,,,,,,,,,,,,
143,대구,1999-01-03,4.2,-.6,720,11.3,1522,,,,,,,3,160,1411,2.5,180,1420,1.1,962,20,-2.4,35,1610,64.6,5.1,1011.2,1021.2,2400,1016.4,0,1018.7,9.8,7.1,1200,1.37,7.65,,,,,,0,0,2.3,-6.8,,,,,,,,,,,,,{박무}0040-{박무}{강도0}0300-{박무}{강도0}0600-{박무}{강도0}0900-1140. {연무}1130-{연무}{강도0}1200-{연무}{강도0}1500-1520.,
143,대구,1999-01-04,3.3,-2.6,741,11.5,1618,,,,,,,2.8,230,1350,2.5,250,1310,1.2,1042,50,-5.4,26,1643,56.9,4.1,1015.9,1025.3,1020,1021.2,0,1023.5,9.8,8.2,1300,1.36,8.12,,,,,,0,0,1.5,-8.8,,,,,,,,,,,,,{박무}0510-{박무}{강도0}0600-0710.,
143,대구,1999-01-05,4.3,-2.9,814,12,1450,,,,,,,6.2,290,1345,5.5,290,1337,1.5,1339,20,-3.7,37,1317,57.5,4.7,1014.7,1024.7,0,1019.6,1517,1022.3,9.8,8.3,1200,1.42,7.95,,,,,,0,0,2.1,-9.1,,,,,,,,,,,,,,
143,대구,1999-01-06,4.7,.4,720,9.5,1805,,,,,,,10.9,290,2115,6.7,290,2128,2.2,1858,270,-.6,53,1753,69.3,5.9,1008.4,1020.8,0,1012.4,1800,1015.9,9.8,0,1000,.82,3.7,,,,,,6.9,3,3.1,-4.8,,,,,,,,,,,,,{박무}0820-{박무}{강도0}0900-{박무}{강도0}1200-{박무}{강도0}1500-1640.,
143,대구,1999-01-07,-1.4,-4.7,2400,3.5,0,,,,,,,16.9,290,827,10,290,833,5.7,4924,290,-13.2,26,1611,41.3,2.4,1009.5,1018.8,1104,1015.4,133,1017.2,9.8,8.7,1200,1.67,9.77,,,,,,.4,.4,-.5,-9.1,,,,,,,,,,,,,,
143,대구,1999-01-08,-5.1,-8,752,-.8,1514,,,,,,,17,290,1558,10.5,270,1403,5.1,4433,290,-13.6,40,1524,51.3,2.2,1010.7,1020.8,2340,1015.4,1402,1018.5,9.9,8.6,1200,1.54,9.29,,,,,,1,.5,-2.9,-11.1,,,,,,,,,,,,,,
143,대구,1999-01-09,-5.5,-8.9,805,-1.1,1508,,,,,,,14.7,290,1628,9.3,290,100,5.9,5086,290,-15.2,33,1355,47.4,1.9,1016,1025.8,1000,1020.8,0,1023.8,9.9,8.4,1200,1.63,9.56,,,,,,.8,0,-4.3,-11.4,,,,,,,,,,,,,,
143,대구,1999-01-10,-3.4,-7.4,559,.6,1505,,,,,,,13.5,290,1355,8.8,270,1322,5.3,4546,270,-14.4,28,1456,43.6,2,1017.7,1027.5,1038,1024.1,50,1025.6,9.9,8.6,1200,1.64,9.72,,,,,,1.1,0,-2.5,-10.5,,,,,,,,,,,,,,
143,대구,1999-01-11,-1.4,-4.4,750,2.9,1414,,,,,,,12,320,1215,8,320,1220,4.4,3792,290,-11.4,31,1448,47.3,2.6,1019.1,1028.2,746,1024.7,1353,1026.9,9.9,8.5,1200,1.63,9.59,,,,,,.3,.3,-1.5,-8.6,,,,,,,,,,,,,,
143,대구,1999-01-12,-2,-5.4,756,2.4,1638,,,,,,,10,270,1335,6,270,1341,3.4,2922,290,-10,39,1640,55.4,2.9,1020.2,1030.3,930,1026,1640,1028,9.9,7.4,1200,1.2,6.76,,,,,,2.3,0,-2.7,-9.2,,,,,,,,,,,,,,
143,대구,1999-01-13,.4,-3.3,154,4.7,1518,,,,,,,14.2,290,1255,9.8,270,1310,4.1,3503,290,-7.4,42,1507,56.8,3.5,1019.7,1029.5,846,1025.9,1455,1027.4,9.9,7.2,1200,1.61,8.75,,,,,,.9,.5,-.1,-8.1,,,,,,,,,,,,,,
143,대구,1999-01-14,1.2,-1.5,434,4.5,1546,,,,,,,7,290,1152,5.7,290,37,2.8,2452,290,-7.3,41,1648,53.9,3.5,1017,1027.8,58,1022,1828,1024.7,10,1.5,1300,.93,5.37,,,,,,6.6,1,.6,-5.8,,,,,,,,,,,,,,
143,대구,1999-01-15,.4,-2,740,3.4,1518,,,,,,,12.5,290,1305,8,290,1240,4.3,3744,290,-7.5,46,1525,55.5,3.5,1015.2,1025.2,2400,1021,612,1022.8,10,7.1,1300,1.48,7.8,,,,,,2.8,2.8,.4,-5.9,,,,,,,,,,,,,,
143,대구,1999-01-16,2.3,-1.1,423,6.8,1522,,,,,,,10.7,270,1135,7.7,270,1137,3.3,2884,290,-8,33,2310,48,3.4,1019.7,1032.3,2340,1025,59,1027.4,10,7.6,1200,1.66,9.03,,,,,,1.8,1.8,1.4,-9.1,,,,,,,,,,,,,,
143,대구,1999-01-17,1.4,-5.8,747,9.9,1620,,,,,,,5,270,1650,4,270,1655,1.3,1144,20,-8.4,35,0,49.6,3.3,1023.1,1034.2,914,1027.8,2033,1030.9,10,8.4,1100,1.46,8.92,,,,,,.9,0,.6,-11.4,,,,,,,,,,,,,,
143,대구,1999-01-18,3.1,-3.3,810,10.6,1558,,,,,,,4.1,250,1443,3.8,250,1500,1.4,1167,250,-6.1,27,1615,52.9,3.9,1019,1029.5,854,1023.9,2350,1026.7,10,8.6,1200,1.53,9.18,,,,,,2.1,0,2.7,-8,,,,,,,,,,,,2.2,,
143,대구,1999-01-19,4.4,.6,847,9.2,1638,4.58,,,,,3,6.8,270,1711,5,270,1710,2.2,1864,270,-1.6,49,0,66.4,5.5,1013.3,1023.9,0,1018.5,1515,1020.9,10.1,3.5,1300,1.29,4.74,3.5,1030,3.5,1030,3.2,5.3,4,3.2,-1.9,,,,,,,,,,,,.8,{눈}0715-{눈}{강도1}0900-{비}1125-1150. {박무}1120-{박무}{강도1}1200-1420.,
143,대구,1999-01-20,1.3,-1.3,2400,4.9,0,,,,,,,12.6,340,1515,8.7,290,1340,4.2,3644,290,-10.9,20,1626,41.9,2.8,1017,1027.7,2400,1021.6,146,1024.7,10.1,7.8,1200,1.67,9.51,,,,,,.9,.3,1.3,-5.4,,,,,,,,,,,,,,
143,대구,1999-01-21,.7,-3.5,640,6.5,1630,,,,,,,7.7,320,1345,5.8,320,1338,2,1712,270,-8.6,33,1628,50.8,3.2,1018.4,1029.7,1043,1023.3,1807,1026.2,10.1,9,1200,1.75,10.26,,,,,,0,0,.3,-8.8,,,,,,,,,,,,,,
143,대구,1999-01-22,2.3,-3.8,804,9.4,1602,,,,,,,5.3,270,1640,3.7,270,1438,1.4,1216,50,-4.7,41,1436,61.5,4.3,1015.1,1024.4,708,1020.2,1458,1022.7,10.1,7.1,1200,1.5,8.65,,,,,,1.6,1,1.4,-8.9,,,,,,,,,,,,,,
143,대구,1999-01-23,3.6,-.8,551,7,1914,6.33,,,,,4.5,4,90,546,3.3,90,550,1.2,1065,250,-.1,60,1340,77.6,6.2,1012.9,1023.5,444,1018.1,1729,1020.5,10.2,0,1100,.65,2.44,,,,,,9,5.1,1.7,-4.9,,,,,,,,,,,,4.5,{박무}0220-{박무}{강도0}0300-{박무}{강도0}0600-{박무}{강도0}0900-{박무}{강도0}1200-{박무}{강도0}1500-{박무}{강도0}1800-{박무}{강도0}2100{박무}{강도1}2400- {비}1740-{비}{강도0}1800-{비}{강도0}2100-{비}{강도0}2400-,
143,대구,1999-01-24,7.3,3.8,2350,10.9,1434,1.33,,,,,0,7.8,110,1224,5.3,110,1250,2.1,1794,250,2.7,51,1642,74.4,7.5,1011.1,1020.8,930,1015.5,2400,1018.6,10.2,4.5,1200,1.32,6.48,,,,,,5.3,3.9,6,.4,,,,,,,,,,,,,-{비}-0120. -{박무}-{박무}{강도0}0300-{박무}{강도0}0600-{박무}{강도0}0900-{박무}{강도0}1200-1230.,
143,대구,1999-01-25,5.9,2.4,241,11.6,1521,.92,,,,,0,10.6,290,1738,7.5,290,1657,2.7,2354,290,-2.3,31,2058,60.1,5.5,1003.7,1015.5,0,1007.8,1448,1011.2,10.2,2.6,1400,1.16,4.51,,,,,,5.1,3,4.5,-.7,,,,,,,,,,,,0,{박무}0720-{박무}{강도0}0900-1040. {비}1150-{비}{강도0}1200-1245. {황사}1350-{황사}{강도0}1500-{황사}{강도0}1800{황사}{강도0}2100-{황사}{강도0}2400-,
143,대구,1999-01-26,4.5,-.7,825,9.8,1650,,,,,,,7,270,10,5.8,230,1407,2.4,2086,270,-8.1,26,1307,40.6,3.4,1009.3,1018.7,859,1013.1,0,1016.8,10.2,8.7,1200,1.8,10.2,,,,,,0,0,2.8,-6.4,,,,,,,,,,,,,-{황사}-{황사}{강도0}0300-0540. {황사}1440-{황사}{강도0}1500-{황사}{강도0}1800-{황사}{강도0}2100-{황사}{강도0}2400-,
143,대구,1999-01-27,6,-.8,724,12.9,1540,,,,,,,14.6,230,1445,8.7,230,1455,2.9,2485,250,-3.2,30,1320,53.3,4.8,1006.9,1018,835,1010.5,1608,1014.4,10.3,7.2,1200,1.66,9.31,,,,,,3.9,2.3,4.7,-3.2,,,,,,,,,,,,,-{황사}-{황사}{강도0}0300-0340. {황사}1030-{황사}{강도0}1200-{황사}{강도0}1500-{황사}{강도0}1800-{황사}{강도0}2100{황사}{강도0}2400- {박무}0140-{박무}{강도0}0300-{박무}{강도0}0600-{박무}{강도0}0900-1040.,
143,대구,1999-01-28,1.5,-1.7,745,5.8,0,,,,,,,11.9,320,120,8.8,320,123,4.3,3681,270,-15.9,16,1214,26.8,1.8,1012.7,1022.1,855,1014.6,0,1020.4,10.3,8.4,1200,1.89,11.36,,,,,,0,0,1.8,-5.4,,,,,,,,,,,,,-{황사}-{황사}{강도0}0300-{황사}{강도0}0600-0650.,
143,대구,1999-01-29,-.2,-3.1,2400,3,1520,,,,,,,15.5,290,1208,10.3,290,1243,3.9,3396,320,-12.7,29,1456,39.1,2.3,1011.7,1022.1,2400,1017,448,1019.4,10.3,9,1200,1.91,11.53,,,,,,1.3,1.3,.5,-7.7,,,,,,,,,,,,,,
143,대구,1999-01-30,-1.4,-5.8,755,3.5,1530,,,,,,,7.8,320,1502,5.5,290,1600,3,2567,270,-12.7,26,1620,44.5,2.3,1014.3,1024.8,1020,1019.6,1632,1022.1,10.4,9.1,1200,1.86,11.24,,,,,,1.6,0,-.9,-8.6,,,,,,,,,,,,,,
143,대구,1999-01-31,1.9,-5.8,743,10,1627,,,,,,,4.3,200,1349,3.5,230,1200,1.5,1291,50,-11.7,16,1553,39.1,2.5,1012.3,1023.2,918,1016.8,1715,1019.9,10.4,8.9,1200,1.89,11.25,,,,,,2.4,0,1.7,-10.3,,,,,,,,,,,,,,
143,대구,1999-02-01,4.5,-.3,802,9.3,1444,,,,,,,7.4,290,2217,5.5,340,1512,2.1,1819,270,-6.9,32,2120,43.3,3.7,1007.1,1017.6,0,1012.2,1646,1014.7,10.4,4.9,1300,1.34,7.64,,,,,,5.5,2.4,3.3,-5.3,,,,,,,,,,,,,,
143,대구,1999-02-02,-.2,-4.3,2400,3.8,0,.67,,,,,0,14,290,1556,8.7,290,1610,4.5,3859,290,-10.3,33,1037,47.3,2.8,1004.7,1015.1,240,1010.1,1500,1012.4,10.4,3,1100,1.39,7.76,,,,,,3.9,3.5,0,-7.5,,,,,,,,,,,,0,{눈}1615-1625. {눈}2245-2315.,
143,대구,1999-02-03,-5.6,-9.3,750,-1.9,1520,,,,,,,14.9,290,243,10,290,407,4.9,4224,290,-15.7,33,1450,44.8,1.8,1011.3,1026,2400,1012.6,0,1019.1,10.5,9.3,1200,2.02,12.27,,,,,,.5,.5,-2.9,-11,,,,,,,,,,,,,,
143,대구,1999-02-04,-2.9,-9.1,743,2.1,1557,,,,,,,12.3,320,1457,9,320,1517,3.5,2996,270,-11.7,37,1559,51.4,2.5,1016.8,1026.9,922,1022.1,1538,1024.6,10.5,9,1200,1.89,11.79,,,,,,0,0,-1.2,-12.3,,,,,,,,,,,,,,
143,대구,1999-02-05,1.4,-2.9,750,5.7,1550,,,,,,,14.4,320,1359,9.7,320,1408,4,3431,270,-9.2,30,1553,45.9,3.1,1019.4,1029.3,2240,1024.4,0,1027.1,10.5,8.8,1200,2.01,12.11,,,,,,.9,.9,2.8,-8.8,,,,,,,,,,,,,,
143,대구,1999-02-06,2.7,-3.3,758,9,1602,,,,,,,6,290,1330,5,270,1325,2,1703,290,-8.4,24,1705,47.9,3.3,1020.2,1031.4,830,1025.2,1550,1027.9,10.6,8.9,1200,1.9,11.28,,,,,,1.4,.1,3.3,-9.2,,,,,,,,,,,,,,
143,대구,1999-02-07,5.4,.3,554,10.9,1537,,,,,,,8.9,320,1517,6.7,320,1602,3.1,2710,250,-4.1,34,1627,51.1,4.5,1017.1,1027.1,236,1021.8,1604,1024.6,10.6,8.3,1200,1.69,10.28,,,,,,.5,0,4.8,-5.8,,,,,,,,,,,,,{연무}2020-{연무}{강도0}2100-{연무}{강도0}2400-,
143,대구,1999-02-08,6.4,1.1,740,12.6,1539,,,,,,,7.5,290,1436,5.7,290,1440,2,1730,250,-4,25,1555,51.1,4.6,1015.3,1024.5,918,1021,1523,1022.9,10.6,7.9,1200,1.74,10.59,,,,,,0,0,5.5,-3.8,,,,,,,,,,,,,-{연무}-0115. {박무}0120-{박무}{강도0}0300-{박무}{강도1}0600-{박무}{강도0}0900-1120.,
143,대구,1999-02-09,5.8,-1.6,730,13,1520,,,,,,,9.2,290,1451,6,290,1440,2.4,2070,270,-7.8,18,1740,41.4,3.5,1013.6,1023.5,155,1018.3,1710,1021.1,10.7,9.1,1200,1.86,11.47,,,,,,.8,0,5.4,-6.9,,,,,,,,,,,,,{박무}0620-{박무}{강도0}0900-1120. {연무}1110-{연무}{강도0}1200-1250.,
143,대구,1999-02-10,6.2,1.6,824,9.3,1602,.75,,,,,0,6.3,270,2313,5,270,2342,1.9,1645,290,-4.5,30,1632,47.3,4.5,1013.7,1025.3,956,1018.7,1812,1021.3,10.7,0,1200,1.06,6.14,,,,,,8.4,5.8,6,-5.5,,,,,,,,,,,,.5,{박무}0520-{박무}{강도0}0600-0710. {연무}0930-{연무}{강도0}1200-1440. {박무}2340-{박무}{강도0}2400- {비}2315-{비}{강도0}2400-,
143,대구,1999-02-11,3.7,1.3,730,7.6,1515,2.58,,,,,.5,13.1,290,2302,8,270,2320,4.4,3778,290,-5.4,26,1510,54.4,4.2,1009.1,1018.7,0,1014.5,1653,1016.6,10.7,7.7,1300,1.93,11.33,,,,,,2.9,1.5,4.9,-2.2,,,,,,,,,,,,,-{비}-0235. -{박무}-{박무}{강도0}0300-{박무}{강도0}0600-0620.,
143,대구,1999-02-12,-1.3,-4,2400,1.9,0,,,,,,,17,290,1528,12.3,290,1402,6.1,5287,290,-14.9,19,1610,35.5,2,1014.8,1026.6,2400,1018.5,22,1022.6,10.8,9.6,1300,2.06,12.38,,,,,,.5,.5,.7,-7.9,,,,,,,,,,,,,,
143,대구,1999-02-13,-1,-6,740,4.6,1550,,,,,,,8.4,320,1659,6.2,320,1703,3.1,2643,290,-16.3,15,1734,32,1.7,1019.1,1028.7,924,1024,1554,1026.8,10.8,9.7,1300,2.04,13.01,,,,,,0,0,1.3,-9.3,,,,,,,,,,,,,,
143,대구,1999-02-14,3,-4,730,9.3,1610,,,,,,,7.1,250,1357,4.7,250,1406,1.7,1433,250,-8.8,25,0,42.5,3.3,1022.5,1032.5,950,1028.6,0,1030.2,10.8,8.7,1300,1.9,11.77,,,,,,2.8,.6,3.9,-8.3,,,,,,,,,,,,,,
143,대구,1999-02-15,5.8,0,732,11.5,1432,,,,,,,5,230,1320,4.2,230,1350,1.5,1324,270,-3.7,35,1314,52.4,4.7,1020.7,1031.5,832,1025.5,1740,1028.4,10.9,6.8,1300,1.75,10.13,,,,,,4.9,2.3,6.1,-3.4,,,,,,,,,,,,,,
143,대구,1999-02-16,6.8,-.3,715,14.7,1538,,,,,,,4.6,230,1335,3.5,250,1422,1.3,1115,250,-3,28,1626,52.3,4.9,1015.5,1027.2,40,1018.9,1730,1023,10.9,9.6,1200,2.02,12.62,,,,,,0,0,7.5,-6.1,,,,,,,,,,,,,,
143,대구,1999-02-17,9.9,2.6,739,15.9,1503,,,,,,,6.2,250,1258,5.3,250,1310,1.6,1385,270,.8,36,1650,54,6.5,1009.7,1020.7,0,1013.1,1610,1017.1,10.9,4.9,1100,1.4,8.32,,,,,,5.1,3.1,8.8,-4.1,,,,,,,,,,,,1.1,,
143,대구,1999-02-18,8,3.9,2400,11.6,0,2.17,,,,,1.1,7.6,290,1431,5.8,270,1342,3.2,2801,270,-5.5,15,1710,43,4.7,1009.7,1018.5,1056,1015.4,452,1017.1,11,4.2,1300,1.41,7.65,,,,,,6.5,3.8,7.6,-.4,,,,,,,,,,,,,{박무}0120-{박무}{강도0}0300-{박무}{강도0}0600-{박무}{강도0}0900-1120. {비}0220-{비}{강도0}0300-0430.,
143,대구,1999-02-19,1.9,-1,644,6.5,1546,,,,,,,11.2,320,1447,8.5,290,1403,4.9,4259,290,-10.3,24,1704,41.6,2.8,1013.7,1023.3,1008,1018.4,0,1021.4,11,9.6,1200,2.23,14.07,,,,,,.1,.1,4.1,-4.7,,,,,,,,,,,,0,,
143,대구,1999-02-20,.4,-2.1,730,4.1,1520,1.25,,,,,0,15,290,1038,9.7,290,1050,5,4351,290,-10.4,30,1725,47.4,2.8,1015.3,1024.4,2220,1021.3,1426,1023,11.1,8.8,1300,2.02,12.51,,,,,,1.8,1.8,.9,-5.2,,,,,,,,,,,,0,{눈}0625-0650. {눈}0830-{눈}{강도0}0900-0920.,
143,대구,1999-02-21,.6,-3.4,732,4.8,1530,,,,,,,12,290,1559,7,270,1438,4.4,3836,290,-12.1,24,1625,39.8,2.4,1016.5,1026.3,850,1022.5,1650,1024.3,11.1,9.8,1200,2.31,14.91,,,,,,.1,.1,2.3,-6.5,,,,,,,,,,,,,,
143,대구,1999-02-22,4.3,-1,707,9.4,1546,,,,,,,12.6,270,1214,7.7,290,1147,3.7,3231,270,-6.3,33,1544,47.4,3.8,1016.5,1026,2322,1021.4,1522,1024.1,11.1,9.8,1200,2.28,14.09,,,,,,.9,.9,5.7,-6.5,,,,,,,,,,,,,,
143,대구,1999-02-23,5.8,-.4,710,11.2,1510,,,,,,,8.4,70,1759,6.3,70,1800,2.4,2110,250,-3.6,29,1650,53.1,4.7,1016.9,1027.4,818,1021.9,1725,1024.5,11.2,6.3,1200,1.68,10.03,,,,,,6,1.6,6.5,-6.6,,,,,,,,,,,,14.8,,
143,대구,1999-02-24,4.5,2,913,7.1,0,13.42,,,,,16.4,5,230,1520,4.7,230,1640,2.3,1953,250,2.9,56,0,89.9,7.5,1009.9,1022.9,0,1013.6,1450,1017.4,11.2,0,1300,.72,3.74,,,,,,9.8,5.4,5.4,.8,,,,,,,,,,,,1.6,{박무}0210-{박무}{강도0}0300-{박무}{강도0}0600-{박무}{강도0}0900-{박무}{강도0}1200-{박무}{강도0}1500-{박무}{강도0}1800-{박무}{강도0}2100{박무}{강도0}2400- {비}0105-{비}{강도0}0300-{비}{강도0}0600-{비}{강도0}0900-{비}{강도0}1200-1245. {비}1705-{비}{강도0}1800-1850.,
143,대구,1999-02-25,7.9,3.1,638,14.2,1624,,,,,,,4.5,250,1048,4,250,1047,1.5,1311,270,1.4,34,1552,67.4,6.8,1013,1023.6,825,1018.4,1833,1020.5,11.2,9.4,1200,2.13,13.21,,,,,,2.3,1.4,8.5,-1.5,,,,,,,,,,,,,-{박무}-{박무}{강도0}0300-{박무}{강도0}0600-{박무}{강도1}0900-1125.,
143,대구,1999-02-26,5.8,4.9,430,6.8,1140,9.08,,,,,7.5,5.5,270,2053,4.3,250,2120,1.9,1601,270,3.1,67,2327,82.8,7.7,1008.1,1018.9,0,1012.5,1613,1015.6,11.3,0,1300,.29,1.57,,,,,,9.3,5.4,5.1,.1,,,,,,,,,,,,7.5,{박무}0040-{박무}{강도0}0300-{박무}{강도0}0600-{박무}{강도0}0900-{박무}{강도0}1200-{박무}{강도0}1500-{박무}{강도0}1800-{박무}{강도0}2100{박무}{강도0}2400- {비}0935-{비}{강도0}1200-{비}{강도0}1500-{비}{강도0}1800-1840.,
143,대구,1999-02-27,2.4,-1.3,2400,5.9,203,,,,,,,12.7,290,1650,8.7,290,408,5.4,4701,290,-12.5,18,1655,34,2.6,1013.7,1026.7,2400,1014.4,315,1021.3,11.3,10.2,1200,2.38,15.98,,,,,,.9,0,3.6,-4.3,,,,,,,,,,,,,-{박무}-{박무}{강도0}0300-0440. {황사}1430-{황사}{강도0}1500-1620.,
143,대구,1999-02-28,2.3,-3.3,635,8.1,1705,,,,,,,9,290,40,6.3,270,837,3.4,2906,270,-11.4,25,1716,36.1,2.6,1017.2,1029.3,706,1020.6,2314,1024.8,11.3,10,1200,2.09,13.32,,,,,,5,0,2.7,-6.6,,,,,,,,,,,,,,
143,대구,1999-03-01,7.2,.6,723,13.2,1700,,,,,,,7.8,270,2033,5,270,2030,3,2552,270,-2.7,32,1635,51.1,5.1,1009.8,1020.8,0,1014,1750,1017.2,11.4,9.5,1200,2.35,14.87,,,,,,0,0,6.2,-3.8,,,,,,,,,,,,,,
143,대구,1999-03-02,9.4,3.7,739,15,1622,,,,,,,7.1,270,1140,5,250,1230,1.9,1656,250,-4.4,18,1522,41.8,4.6,1011,1020.5,815,1016,137,1018.4,11.4,9.1,1300,2.02,12.56,,,,,,5.5,0,9,-2.4,,,,,,,,,,,,,{박무}0830-{박무}{강도0}0900-1120.,
143,대구,1999-03-03,10.2,1.9,728,18.7,1552,,,,,,,5,290,1236,4,290,1235,1.6,1346,20,-2.5,24,1634,43.4,5.1,1009.8,1020.3,835,1013.8,1702,1017.2,11.5,8.5,1200,2.06,13.08,,,,,,.9,0,12.2,-2.6,,,,,,,,,,,,,,
143,대구,1999-03-04,10.6,3,732,19,1530,,,,,,,4.9,200,1512,3.7,250,1650,1.7,1442,20,-1.5,18,1455,47.3,5.5,1004.9,1017.1,750,1008.2,2400,1012.2,11.5,9,1400,1.89,12.94,,,,,,3,0,10.3,-2,,,,,,,,,,,,,{박무}0120-{박무}{강도0}0300-{박무}{강도0}0600-0820. {연무}1220-1420.,
143,대구,1999-03-05,11.5,8.1,2400,17.4,1407,,,,,,,16.6,320,1457,10,290,1552,3.4,2928,290,-1.4,19,2030,45.4,6.3,999.7,1013.3,2400,1002.2,912,1007,11.5,4.9,1300,2.03,8.7,,,,,,6.4,3.4,12.3,3.2,,,,,,,,,,,,,,
143,대구,1999-03-06,9,5.9,740,13,1427,3.08,,,,,0,9.4,90,608,7.3,90,554,3.7,3161,90,.9,23,0,58,6.7,1005.4,1015.9,854,1010.1,1812,1012.8,11.6,6.1,1100,2.1,11.05,,,,,,7.6,4.1,10,3.5,,,,,,,,,,,,0,{비}2055-{비}{강도0}2100-{비}{강도0}2400- {박무}2020-{박무}{강도0}2100-{박무}{강도0}2400-,
143,대구,1999-03-07,6.8,3.7,2330,10.6,1607,.67,,,,,0,9.2,90,1836,7.7,90,1840,2.8,2431,290,-1.8,37,1615,55.4,5.4,1002.6,1013.4,2330,1008.2,525,1010,11.6,2.6,1500,1.23,7.24,,,,,,6.9,3.1,8.3,1.9,,,,,,,,,,,,,-{비}-0040. -{박무}-{박무}{강도0}0300-{박무}{강도0}0600-0630.,
143,대구,1999-03-08,5.7,3,640,8.8,1330,,,,,,,6.2,90,932,4.7,90,1040,2.4,2054,90,-2.2,44,2225,56.9,5.2,1006.8,1016.7,2400,1011.9,1432,1014.4,11.6,2.4,1100,1.96,8.1,,,,,,9.1,7.4,6.4,.6,,,,,,,,,,,,,,
143,대구,1999-03-09,5.3,2.9,634,10,1658,,,,,,,5,290,756,4.2,290,759,2,1686,270,-5.6,30,1720,46.4,4.1,1010.9,1020.2,2226,1016.3,1505,1018.4,11.7,4.3,1400,1.57,8.57,,,,,,7.1,2.5,6.6,.9,,,,,,,,,,,,,,
143,대구,1999-03-10,8.3,2.7,630,13.7,1400,,,,,,,6.1,290,2047,4.8,290,2050,1.8,1557,20,-4.5,25,1445,42.3,4.4,1012.2,1022.8,950,1016.3,1728,1019.6,11.7,5.5,1200,2.26,11.89,,,,,,8.5,3.3,8.9,1.1,,,,,,,,,,,,,,
143,대구,1999-03-11,7.2,4,810,12.4,1613,,,,,,,10.7,90,1959,6.8,90,2009,3.8,3253,290,-6.8,14,1558,42.6,4,1013.6,1023.5,2400,1019.3,344,1021,11.8,9.2,1200,2.65,17.38,,,,,,5,.5,9.1,2,,,,,,,,,,,,,,
143,대구,1999-03-12,6.8,1.3,558,13.1,1556,,,,,,,5.6,90,1744,5,90,1800,2.2,1938,90,-3,18,1558,55.9,5.1,1016.7,1026.8,920,1021.7,1644,1024.2,11.8,7.4,1200,2.07,13.42,,,,,,6.6,0,9.1,.4,,,,,,,,,,,,,,
143,대구,1999-03-13,10.4,1.2,650,18.9,1613,,,,,,,6,110,2320,4.7,110,2322,1.7,1506,50,-1.5,13,1435,51.5,5.6,1013.8,1024.8,855,1017.1,1650,1021.2,11.8,10.1,1200,2.51,16.83,,,,,,0,0,12.8,-2.6,,,,,,,,,,,,,{박무}0140-{박무}{강도0}0300-{박무}{강도0}0600-0620.,
143,대구,1999-03-14,10,4.3,735,17.2,1533,8,,,,,13.7,7.9,110,2102,5.7,110,2100,2.3,1948,110,3.5,38,1540,66.5,8,1008.8,1020,205,1012.4,2400,1016.3,11.9,2.9,1100,1.49,8.23,,,,,,8.5,4.4,11.3,1.6,,,,,,,,,,,,40.1,{비}1455-{비}{강도0}1500-1510. {비}1615-{비}{강도0}1800-{비}{강도0}2100-{비}{강도0}2400- {박무}1740-{박무}{강도0}1800-{박무}{강도0}2100-{박무}{강도0}2400-,
143,대구,1999-03-15,7.3,4.8,2400,11,1502,14.08,,,,,28.4,11.2,90,1442,6.7,360,1557,2.3,2010,50,3.6,58,1504,79,8,1002.8,1013.4,2400,1007.2,1424,1010.3,11.9,.7,1400,1.34,5,,,,,,8.3,4.9,8.1,1.9,,,,,,,,,,,,2,-{비}-{비}{강도0}0300-{비}{강도0}0600-{비}{강도0}0900-{비}{강도0}1200-1405. -{박무}-{박무}{강도0}0300-{박무}{강도0}0600-0820.,
143,대구,1999-03-16,9,1.2,629,16.7,1700,,,,,,,4.9,250,1552,4,250,1514,1.4,1216,20,-.9,20,1650,55.1,5.8,1006.9,1016.8,901,1012.5,1458,1014.4,11.9,9.5,1200,2.38,16.33,,,,,,2,0,10,-.9,,,,,,,,,,,,,{박무}0120-{박무}{강도0}0300-{박무}{강도0}0600-0640.,
143,대구,1999-03-17,12.5,4.7,658,18.6,1548,,,,,,,11.2,230,1450,6.7,230,1508,2.1,1809,70,3.4,32,1555,56.8,7.9,1007.5,1017.4,931,1011.8,1600,1014.9,12,10.3,1300,2.27,14.78,,,,,,4.8,2.8,12.7,1.2,,,,,,,,,,,,,,
143,대구,1999-03-18,14.6,10.6,614,19.4,1246,7.22,,,,,18.2,8.2,90,1858,6,90,2400,2.3,2015,90,10.6,51,1426,78.3,13,1003,1015.8,0,1005.7,2334,1010.3,12,0,1100,1.12,4.36,,,,,,8.5,5.3,13.2,6.9,,,,,,,,,,,,20.2,{비}1647-{비}{강도0}1800-{비}{강도0}2100-{비}{강도0}2400- {박무}1720-{박무}{강도0}1800-{박무}{강도0}2100-{박무}{강도0}2400-,
143,대구,1999-03-19,6.6,2.5,1955,13.6,0,9.25,,,,,5.6,11.9,90,26,7.7,110,240,4.7,4087,70,2,51,1350,72.5,7.3,1006.7,1018.9,2200,1006.1,0,1014.1,12.1,0,1300,.31,1.66,,,,,,9.4,6.1,7.3,2,,,,,,,,,,,,4.1,-{비}-{비}{강도0}0300-0440. {비}1545-{비}{강도0}1800-2020. -{박무}-{박무}{강도0}0300-0520. {박무}1620-{박무}{강도0}1800-{박무}{강도0}2100-2130.,
143,대구,1999-03-20,4.9,2.3,800,7.7,1500,2.92,,,,,.5,10.2,90,1615,8,90,1640,3,2581,50,-5.2,34,1630,49.9,4.2,1011.6,1020.8,932,1016.5,22,1019.2,12.1,0,1100,1.16,7.14,,,,,,9.9,7.1,5,2,,,,,,,,,,,,0,{박무}0630-{박무}{강도0}0900-1020. {비}0645-{진눈깨비}0750-{비}0810-{비}{강도0}0900-0940.,
143,대구,1999-03-21,3.9,-.7,2400,9,1457,,,,,,,17.3,290,1525,11,290,1507,3.8,3241,270,-7.3,25,2032,45.3,3.8,1007.9,1020.3,2342,1010.5,1422,1015.4,12.1,0,1300,1.67,7.7,,,,,,6.9,4.6,5,-2.6,,,,,,,,,,,,,,
143,대구,1999-03-22,1.9,-3.6,650,8.2,1650,,,,,,,12.2,290,116,9,360,0,3.4,2908,290,-16.1,15,1650,26.1,1.8,1017.5,1027.3,854,1020.3,0,1025.3,12.2,10.6,1200,2.89,20.21,,,,,,0,0,3.9,-5.6,,,,,,,,,,,,,,
143,대구,1999-03-23,6,.3,635,13.2,1602,,,,,,,6.8,270,1410,4.7,270,1410,2.3,2021,270,-11.5,11,1706,30.1,2.7,1017.2,1028.2,900,1021.4,1810,1024.8,12.2,8.6,1200,2.81,18.51,,,,,,3.8,.6,6.9,-4,,,,,,,,,,,,,,
143,대구,1999-03-24,4.4,1.2,633,6.3,1336,13.13,,,,,10.5,3.2,270,1716,2.7,270,1720,1.1,946,50,1.9,48,0,83.9,7.1,1012.6,1023.7,36,1016.8,2206,1020.1,12.3,0,800,.71,3.44,,,,,,7.9,4.5,4.7,-3.3,,,,,,,,,,,,10.5,{진눈깨비}0937-{비}0955-{비}{강도0}1200-{비}{강도0}1500-{비}{강도0}1800-{비}{강도0}2100-2245. {박무}1120-{박무}{강도0}1200-{박무}{강도0}1500-{박무}{강도0}1800-{박무}{강도0}2100-{박무}{강도0}2400-,
143,대구,1999-03-25,9.6,5.3,0,13.8,1656,.75,,,,,0,3.9,90,1733,3,90,1740,1.1,946,290,6.9,68,1658,84.1,10.1,1006.4,1017.3,0,1010.6,2210,1013.8,12.3,.8,1500,1.06,6.16,,,,,,9.1,6.3,10,4.3,,,,,,,,,,,,4,{비}0830-{비}{강도0}0900-0915. -{박무}-{박무}{강도1}0300-{박무}{강도1}0600-{박무}{강도1}0900-{박무}{강도0}1200{박무}{강도0}1500-1630. {박무}1830-{박무}{강도0}2100-{박무}{강도0}2400-,
143,대구,1999-03-26,10,6.7,2400,12.1,935,17.25,,,,,10.1,9.9,90,1745,7.3,90,1808,2.6,2285,90,8.7,83,1335,91.3,11.3,1001.6,1013.4,2400,1006.3,1342,1009,12.3,0,1500,.15,1.14,,,,,,10,6.6,9.7,6.3,,,,,,,,,,,,7.1,-{박무}-{박무}{강도0}0300-{박무}{강도1}0600-{박무}{강도1}0900-{박무}{강도1}1200-{박무}{강도0}1500-{박무}{강도0}1800-{박무}{강도0}2100{박무}{강도0}2400- {비}0630-{비}{강도0}0900-{이슬비}1120-{이슬비}{강도0}1200-1320. {비}1335-{비}{강도0}1500-{비}{강도0}1800-{비}{강도0}2100-{비}{강도0}2400-,
143,대구,1999-03-27,10.2,6.1,128,14.6,1503,1.75,,,,,1,8.6,290,2136,7,290,2140,2.5,2139,110,.2,23,2400,55.1,6.6,1010.4,1021.6,2356,1013.4,0,1017.8,12.4,10.2,1100,2.66,17.16,,,,,,5.6,4.5,11.9,5.2,,,,,,,,,,,,,-{비}-0145. -{박무}-{박무}{강도0}0300-{박무}{강도0}0600-0640.,
143,대구,1999-03-28,7.7,4.2,546,12.3,1603,,,,,,,18.7,290,1213,10,320,1300,4.7,4032,270,-14.4,13,1450,19.5,2,1017.7,1028,2400,1021.6,0,1025.2,12.4,11,1200,2.53,18.38,,,,,,2.3,0,8.6,-1.1,,,,,,,,,,,,,,
143,대구,1999-03-29,6,1.2,550,10,1600,,,,,,,5.5,290,51,4.5,290,105,1.9,1624,270,-6.2,25,0,42.3,4.1,1019.7,1029.9,750,1024.9,1640,1027.3,12.4,5.6,1100,1.58,10.74,,,,,,8,7.3,6.4,-1.8,,,,,,,,,,,,,,
143,대구,1999-03-30,8.9,4.1,708,14,1332,,,,,,,10,70,1457,5.8,70,1510,2.9,2547,70,1.2,30,1520,62.5,6.8,1016.1,1027,0,1020.8,1541,1023.6,12.5,7.4,1200,2.66,15.37,,,,,,4.9,3.5,11.2,1.9,,,,,,,,,,,,,,
143,대구,1999-03-31,11.7,2.5,633,19.7,1632,,,,,,,5,270,1646,3.7,270,1657,1.5,1336,20,-.7,17,1445,49.9,5.9,1013.8,1024,644,1018,1610,1021.2,12.5,10,1200,2.66,18.3,,,,,,3.1,0,13.9,-.1,,,,,,,,,,,,,,
143,대구,1999-04-01,14.3,7.1,440,19.8,2015,3.67,.8,2104,1.2,2050,2.5,11.2,200,2005,6.7,230,2037,1.9,1652,160,8.5,45,1310,68.9,11.7,1008.7,1020.9,10,1010.8,2339,1016,12.6,3,1000,1.61,9.51,,,,,,8.1,6,14,2.1,,,,,,,,,,,,12.7,{비}1440-1450. {비}2030-{비}{강도0}2100-{비}{강도0}2400- {박무}2045-{박무}{강도0}2100-{박무}{강도0}2400-,
143,대구,1999-04-02,11.8,6.2,2349,15.9,0,6.92,2.2,132,4.2,630,10.2,11.4,270,1607,7.5,270,1550,3.8,3299,290,4.5,19,1630,66.5,9,1008,1021.2,2352,1009.8,457,1015.4,12.6,6.6,1300,2.11,13.03,,,,,,5.6,3.3,13,2,,,,,,,,,,,,,-{비}-{비}{강도0}0300-0350. {비}0535-{비}{강도0}0600-0840. -{박무}-{박무}{강도0}0300-{박무}{강도0}0600-{박무}{강도0}0900-1040.,
143,대구,1999-04-03,9.3,4.6,640,14.2,1523,,,,,,,6.3,290,1741,5.8,230,920,3,2550,270,-4.9,26,1400,36.5,4.3,1014.9,1024.8,922,1019.8,1710,1022.4,12.6,6.4,1300,2.35,14.85,,,,,,5.8,1.3,8.7,1.3,,,,,,,,,,,,,,
143,대구,1999-04-04,12,3.9,552,19.6,1626,,,,,,,10.8,230,1510,7.7,200,1530,2.6,2254,270,-4,18,1335,37.3,4.6,1009.3,1021.7,0,1011.9,1700,1016.7,12.7,10.6,1200,2.88,20.41,,,,,,2.9,0,14,-.1,,,,,,,,,,,,,,
143,대구,1999-04-05,12.7,7,633,19.7,1518,1.33,.5,2316,1,2245,1,13.3,180,2257,7.5,180,2301,3.3,2850,90,2.3,18,1508,52.3,7.4,1005.2,1016.9,644,1008.7,2106,1012.5,12.7,9.8,1200,2.89,19.93,,,,,,5.4,1.9,16.3,4.2,,,,,,,,,,,,1.6,{비}2240-{비}{강도0}2400-,
143,대구,1999-04-06,9,6.9,2400,11.3,1435,7.33,.2,8,.5,0,1.7,12.8,290,1408,8,290,1420,3.8,3324,290,5.1,59,1430,77.3,8.8,1001.3,1016.4,2400,1002.7,650,1008.7,12.7,1.5,1400,2.22,7.89,,,,,,9.1,6.9,10.6,5.7,,,,,,,,,,,,1.1,-{비}-0125. {비}0745-{비}{강도0}0900-1010. {비}1720-1750. {비}1820-{비}{강도0}2100-2120. {박무}0040-{박무}{강도0}0300-{박무}{강도0}0600-0640.,
143,대구,1999-04-07,9.8,3.8,637,16,1550,,,,,,,9.3,90,2013,6.3,90,2030,2.3,1952,50,-.2,22,1440,54.8,6.2,1013,1023.5,2350,1016.4,0,1020.5,12.8,10.8,1300,2.82,20.83,,,,,,2.5,1.9,14.4,.7,,,,,,,,,,,,,,
143,대구,1999-04-08,12.5,4.6,633,19.3,1509,,,,,,,6,290,1424,4.7,290,1441,1.9,1608,50,2.8,24,1556,56.8,7.5,1014.8,1024.8,1000,1019.2,1810,1022.2,12.8,10,1300,2.7,19.25,,,,,,3.1,0,16.1,1.7,,,,,,,,,,,,,,
143,대구,1999-04-09,12,9.2,548,14.2,1343,12.67,1,1830,4.5,2140,21.5,8,90,2028,5,90,2030,1.9,1672,20,8.6,59,1040,80.5,11.4,1008.1,1021.1,0,1005.7,2335,1015.4,12.9,0,1000,.67,4.13,,,,,,9.5,4.5,11.6,6.2,,,,,,,,,,,,32.2,{비}1120-{비}{강도0}1200-{비}{강도0}1500-{비}{강도0}1800-{비}{강도0}2100-{비}{강도0}2400- {박무}1240-{박무}{강도0}1500-{박무}{강도0}1800-{박무}{강도0}2100-{박무}{강도0}2400-,
143,대구,1999-04-10,13.7,12.7,130,14.6,1200,15.75,1.3,10,4.4,0,16.2,8.2,90,212,7.3,90,153,2.4,2050,20,11.7,70,1850,88.3,13.8,998.1,1012.1,2350,1001.4,450,1005.3,12.9,0,1400,.45,3.26,,,,,,9.6,7.1,13.6,11.5,,,,,,,,,,,,5.5,-{비}-{비}{강도0}0300-0410. {비}0620-0840. {비}0950-{비}{강도0}1200-{비}{강도0}1500-1755. {비}1930-2040. -{박무}-{박무}{강도0}0300-{박무}{강도0}0600-{박무}{강도0}0900-{박무}{강도0}1200-{박무}{강도0}1500-1540.,
143,대구,1999-04-11,14.3,11.3,648,19.1,1543,,,,,,,9,90,1422,7.7,90,1323,3.6,3143,110,6.6,33,1606,62.3,9.8,1004.2,1014.7,756,1009.6,1645,1011.4,12.9,8.5,1100,2.89,19.88,,,,,,5.9,3.4,15.2,9.4,,,,,,,,,,,,.5,,
143,대구,1999-04-12,11.9,10.4,510,13.4,1940,12.67,.9,1943,3.2,1000,7.5,13,270,2130,7,270,2140,3.3,2843,90,10.3,72,2227,90,12.6,990.7,1009.8,0,990.4,1740,998,13,0,1200,1.3,2.98,,,,,,9.6,7.1,11.7,8.1,,,,,,,,,,,,7,{박무}0120-{박무}{강도0}0300-{박무}{강도0}0600-{박무}{강도0}0900-{박무}{강도0}1200-{박무}{강도0}1500-{박무}{강도0}1800-{박무}{강도0}21002140. {비}0810-{비}{강도0}0900-{비}{강도0}1200-{비}{강도0}1500-{비}{강도0}1800-2050.,
143,대구,1999-04-13,9.6,7.2,2355,12.2,0,.5,0,,0,,0,17.7,270,1521,11.7,270,1413,6.6,5675,270,1.9,49,1742,58.8,7.1,994.5,1009.7,2400,995.7,0,1001.8,13,0,1100,1.35,8.31,,,,,,6.4,6.4,8.6,3.4,,,,,,,,,,,,,{비}0825-0855.,
143,대구,1999-04-14,11.7,5.1,558,17.9,1549,,,,,,,15.6,290,1326,11,290,1319,4.6,3985,270,-3.9,16,1630,36.6,4.6,1007.7,1019.9,2400,1009.7,0,1015,13,11.6,1200,3.21,24.05,,,,,,0,0,13.3,.1,,,,,,,,,,,,,,
143,대구,1999-04-15,14.6,5.8,628,22.8,1655,,,,,,,7.8,250,1432,5.7,200,1730,2.5,2134,270,-.4,18,1455,39.3,6,1011,1022,853,1014.5,1652,1018.2,13.1,11.2,1200,3.03,22.37,,,,,,1.6,0,16.2,1.9,,,,,,,,,,,,,,
143,대구,1999-04-16,16.5,8.3,635,24.1,1650,,,,,,,9.3,290,1628,6.3,320,1740,2.5,2153,320,3.8,21,1712,45.3,8.1,1007.8,1016.8,1030,1012.5,1820,1015,13.1,11.4,1200,3.03,21.96,,,,,,.8,0,18.1,4,,,,,,,,,,,,,,
143,대구,1999-04-17,18.2,10.8,608,25.1,1543,,,,,,,5.6,180,2045,4.8,270,1601,1.8,1544,230,5.1,19,1623,45.6,8.9,1006.1,1015.9,757,1010.4,1643,1013.3,13.1,7.6,1300,2.82,16.97,,,,,,7.3,4.6,19.7,6.6,,,,,,,,,,,,,,
143,대구,1999-04-18,18.4,13.1,550,24.2,1413,,,,,,,9.4,90,1732,7.7,90,1722,3.8,3285,90,10,42,0,58.8,12.3,1001.6,1012.4,30,1006.3,1752,1008.7,13.2,10.7,1200,3.02,22.24,,,,,,5.8,2.8,22.6,9.5,,,,,,,,,,,,,,
143,대구,1999-04-19,20,12.3,625,29,1602,,,,,,,6,90,1850,5.3,90,1902,2.1,1810,70,7.9,20,1532,51.3,10.8,1001.3,1012.4,2355,1005.6,1557,1008.4,13.2,9.9,1200,2.7,19.55,,,,,,3.5,0,22.7,10.1,,,,,,,,,,,,,,
143,대구,1999-04-20,16.1,12,618,22,1437,,,,,,,11.3,90,1852,9,90,1748,4.9,4228,90,8.9,45,1433,63.3,11.4,1009.1,1020.8,2311,1012.3,14,1016.3,13.3,10,1200,2.71,19.8,,,,,,1.9,1.3,20.2,9.1,,,,,,,,,,,,,,
143,대구,1999-04-21,16.2,12.7,650,21.1,1720,,,,,,,7.8,90,542,6.7,90,13,3.2,2772,110,9.9,50,1625,67.3,12.3,1012.5,1022.8,942,1016.5,1835,1019.7,13.3,5.4,1400,1.96,12.24,,,,,,6.6,4.3,19,12.3,,,,,,,,,,,,,{박무}0140-{박무}{강도0}0300-{박무}{강도0}0600-{박무}{강도0}0900-0930.,
143,대구,1999-04-22,19.5,10.9,559,27.5,1601,,,,,,,4.8,250,1508,3.7,110,2040,2.1,1838,70,8.5,24,1758,54.4,11.2,1005.2,1017.7,0,1008.2,1720,1012.3,13.3,9.7,1200,2.34,17.92,,,,,,5.3,0,22.2,9.2,,,,,,,,,,,,,{박무}0520-{박무}{강도0}0600-{박무}{강도0}0900-1040. {연무}1025-{연무}{강도0}1200-1420.,
143,대구,1999-04-23,19.9,14,650,27.3,1416,.18,0,,0,,0,10.8,70,1720,8,70,1712,2.8,2444,90,9.9,33,1349,53.8,12.2,1000.9,1011.5,2328,1004.3,1447,1008,13.4,7.3,1200,3.04,17.57,,,,,,4.9,3.8,22.9,11.9,,,,,,,,,,,,0,{소나기}1505-1516.,
143,대구,1999-04-24,18.7,13.1,550,25.4,1458,,,,,,,10.2,90,1730,7.3,90,1740,3.1,2682,90,10.6,34,1555,61.9,12.8,1006.6,1015.8,2120,1011.5,0,1013.8,13.4,9.6,1100,2.69,18.75,,,,,,1.4,1.4,22.3,9.5,,,,,,,,,,,,,,
143,대구,1999-04-25,17.3,11.5,434,25.7,1505,,,,,,,12.9,90,1623,10,90,1632,3.8,3281,90,8.2,31,1430,59.1,11,1008,1017.1,2231,1012.3,1455,1015.2,13.4,9.6,1200,2.98,21.56,,,,,,2.5,.5,22.5,10.5,,,,,,,,,,,,,{박무}0320-{박무}{강도0}0600-{박무}{강도0}0900-1120.,
143,대구,1999-04-26,19.3,10.4,534,28,1558,,,,,,,6.5,270,1510,5.3,270,1516,2.3,1961,90,7,22,1604,49.1,10,1006.2,1017,0,1009.6,1725,1013.4,13.5,11.8,1200,2.91,22.26,,,,,,0,0,24.7,7.4,,,,,,,,,,,,,,
143,대구,1999-04-27,21.1,14.8,530,28.3,1530,1.5,0,,0,,0,10.4,320,1356,7.3,320,1310,3.2,2785,320,9.2,30,1524,48.6,11.7,1001.1,1011.8,0,1004.3,1644,1008.1,13.5,10,1200,2.89,20.91,,,,,,5.6,1.8,26.4,9.9,,,,,,,,,,,,0,{박무}0220-{박무}{강도0}0300-0540. {비}2025-{비}{강도0}2100-2115. {비}2230-2310.,
143,대구,1999-04-28,13.8,9.8,2352,17.7,1629,1.17,1,2320,2.9,2300,2.9,10,90,1950,7.7,360,2304,4.2,3622,90,6.7,45,1618,64,9.9,1005.4,1018.6,2330,1008.1,15,1012.7,13.5,7.3,1200,2.67,16.25,,,,,,6.3,5,19.2,9.1,,,,,,,,,,,,2.9,{소나기}2250-{소나기}{강도0}2400- {뇌전}{강도0}(NW5-6)2240-{뇌전}{강도1}(NW{이동}N3-4)2255-{뇌전}{강도1}(W{이동}Z3-4)2320-{뇌전}{강도1}(Z2-3)2335-2350.,
143,대구,1999-04-29,14.9,7.1,545,22.2,1552,.42,0,,0,,0,7,140,12,5.8,140,18,2,1736,50,4.8,19,1638,57.5,8.8,1011.2,1021,2400,1015.7,1633,1018.4,13.6,11.7,1200,3.16,23.67,,,,,,.9,.9,20.1,5.5,,,,,,,,,,,,,-{소나기}-0025. {박무}0820-{박무}{강도0}0900-1020. {박무}2320-{박무}{강도0}2400-,
143,대구,1999-04-30,17.7,10,557,24.9,1618,,,,,,,9,160,1809,6.2,160,1810,2.2,1860,20,2.9,14,1550,44,7.9,1014.4,1024,2400,1019,1635,1021.6,13.6,11.6,1200,3.15,23.95,,,,,,0,0,22.6,5.9,,,,,,,,,,,,,-{박무}-{박무}{강도0}0300-0530.,
143,대구,1999-05-01,18.7,11.2,620,25.4,1548,,,,,,,8.7,230,1614,6.3,230,1839,2.7,2320,250,4.9,21,1506,44,8.8,1017.1,1026.5,845,1021.1,1745,1024.4,13.6,10.9,1200,3.09,22.67,,,,,,0,0,23.7,7.2,,,,,,,,,,,,,,
143,대구,1999-05-02,19.3,11.4,649,26,1555,,,,,,,8.2,200,1706,6,200,1710,2.3,1983,20,6.4,23,1708,45.5,9.7,1015.5,1026.2,926,1019.3,1812,1022.7,13.7,10.2,1200,2.87,19.68,,,,,,5.1,1.1,23.9,7.1,,,,,,,,,,,,0,,
143,대구,1999-05-03,17.2,13.1,2400,20.3,900,16.08,2.7,2126,10.6,2030,78.3,8.9,250,201,6.8,250,210,2.9,2496,50,13.3,52,0,79.3,15.4,1005.9,1020.5,45,1008.3,2400,1013.1,13.7,0,800,.55,3.08,,,,,,9.5,4.9,17,12.8,,,,,,,,,,,,92.8,{비}0620-0715. {비}0850-{비}{강도0}0900-{비}{강도0}1200-{비}{강도1}1500-{비}{강도1}1800-{비}{강도1}2100-{비}{강도1}2400- {박무}1120-{박무}{강도0}1200-{박무}{강도0}1500-{박무}{강도0}1800-{박무}{강도0}2100-{박무}{강도0}2400-,
143,대구,1999-05-04,17.7,12.6,320,23.9,1652,5.42,.9,120,5,30,14.5,7,340,1651,5.3,320,1308,2.8,2446,320,9.7,31,1650,62.9,12.1,996.8,1008.3,0,1001.3,1453,1004,13.7,10,1300,3.05,21.31,,,,,,5.6,3.6,20,12.3,,,,,,,,,,,,,-{비}-{비}{강도0}0300-0525. -{박무}-{박무}{강도0}0300-0540.,
143,대구,1999-05-05,16.6,11.2,602,24.1,1518,,,,,,,9.6,110,1743,7.7,110,1605,2.6,2288,20,8.3,29,1521,62,11,998.5,1007.4,2350,1003.2,1513,1005.6,13.8,8.5,1100,3.01,18.36,,,,,,1.8,1.3,19,9.1,,,,,,,,,,,,,,
143,대구,1999-05-06,18.8,10.4,535,26.3,1550,,,,,,,10.5,290,1633,7.2,290,1430,3,2614,320,4.7,19,1348,44.3,8.6,1000.1,1008.4,900,1005.6,1555,1007.2,13.8,11.3,1200,3.12,24.39,,,,,,0,0,21.2,7.4,,,,,,,,,,,,,{박무}0140-{박무}{강도0}0300-0530.,
143,대구,1999-05-07,22.3,13.4,555,30,1522,,,,,,,10.5,270,1744,6.8,230,1509,3.4,2936,250,7.4,23,1645,39.4,10.4,1000,1008.8,2400,1004.1,1603,1007,13.8,11.3,1200,3.02,23.01,,,,,,1,1,24.5,7.4,,,,,,,,,,,,,,
143,대구,1999-05-08,21.2,13.7,626,28,1605,,,,,,,6.5,250,1356,5.8,250,1402,2.7,2354,270,9.2,23,1810,50.5,11.8,1003.3,1012.3,2213,1008,1602,1010.4,13.8,10.6,1200,2.94,21.53,,,,,,2.9,.4,25,11.7,,,,,,,,,,,,,,
143,대구,1999-05-09,21.7,14.2,600,29.2,1542,,,,,,,10,230,1345,7.7,230,1358,2.5,2172,20,6.1,18,1550,40.8,9.6,1003.9,1012.7,720,1008.2,1700,1010.9,13.9,11.1,1200,3.02,23,,,,,,2.1,.3,24.8,10.7,,,,,,,,,,,,,{박무}0140-{박무}{강도0}0300-0540.,
143,대구,1999-05-10,17.3,13.1,2240,23.2,1421,4.62,1,2217,2,2200,3.8,11.7,90,1610,8.3,90,1712,4.7,4023,90,9.9,34,0,63.9,12.3,1004.7,1015.1,2335,1009.6,1520,1011.9,13.9,9.8,1200,2.92,21.27,,,,,,4.5,2.4,22.1,11,,,,,,,,,,,,3.8,{천둥}{강도0}(SW)1750-{천둥}{강도0}(SW)1800-{천둥}{강도0}(SW{이동}W)1820-{천둥}{강도0}(W)1830-1840. {소나기}1805-1850. {소나기}2005-{소나기}{강도0}2100-2357.,
143,대구,1999-05-11,17.8,13.1,18,22.7,1640,,,,,,,5.4,140,118,4,140,120,2.1,1836,110,10.2,40,1646,63.3,12.5,1007.9,1017,1014,1013,1810,1015.1,13.9,6.1,1300,2.94,18.59,,,,,,5.3,2.9,21.4,12.3,,,,,,,,,,,,,{박무}2140-{박무}{강도0}2400-,
143,대구,1999-05-12,21.4,14,520,28.4,1646,,,,,,,7.1,290,1147,5,290,1158,2.8,2415,290,9.2,26,1445,50.5,11.8,1006,1015.4,740,1010.4,1745,1013.1,14,11.4,1200,3.12,23.86,,,,,,0,0,25,11.5,,,,,,,,,,,,,-{박무}-{박무}{강도0}0300-{박무}{강도0}0600-{박무}{강도0}0900-0930.,
143,대구,1999-05-13,21.2,16.1,2350,29.2,1525,,,,,,,8.1,110,2038,6,110,2027,3.4,2908,110,10.1,27,1606,51.4,12.4,1005.6,1015.5,2250,1010,1620,1012.7,14,11.1,1200,2.97,22.8,,,,,,0,0,26,12.7,,,,,,,,,,,,,,
143,대구,1999-05-14,19.7,13.3,556,27,1636,,,,,,,7.2,110,20,6,110,14,2.8,2434,110,10.7,36,1456,57.6,12.9,1006.1,1015.5,0,1009.4,1814,1013.2,14,10.4,1200,2.64,19.09,,,,,,3.5,1,24.5,10.8,,,,,,,,,,,,,{햇무리}1040-1220.,
143,대구,1999-05-15,19.5,14.3,615,23.8,1535,,,,,,,5,90,5,3.7,90,20,2,1721,110,12.3,43,1402,64.8,14.3,1003.3,1013,825,1007.6,1734,1010.3,14,0,900,1.18,9.01,,,,,,7.5,3.4,21.9,12.5,,,,,,,,,,,,,{박무}0420-{박무}{강도0}0600-{박무}{강도0}0900-1040. {연무}1030-1140. {박무}2330-{박무}{강도0}2400-,
143,대구,1999-05-16,20.5,15,558,26,1553,,,,,,,9.7,110,1114,6.7,110,1119,2.9,2474,110,12.5,31,1703,62.9,14.6,1002.5,1011.6,903,1006.9,1650,1009.6,14.1,9.7,1200,2.98,22.17,,,,,,3.3,1.9,26.2,11.5,,,,,,,,,,,,,-{박무}-{박무}{강도0}0300-{박무}{강도0}0600-{박무}{강도0}0900-1120.,
143,대구,1999-05-17,18.8,14.5,613,24.1,1506,,,,,,,11,90,1216,8.3,90,1210,4.8,4109,90,11.2,42,1320,63.6,13.4,1004.7,1013.6,848,1010,1552,1011.8,14.1,11.4,1200,3.08,23.7,,,,,,1.5,0,24,12,,,,,,,,,,,,0,{박무}0320-{박무}{강도0}0600-{박무}{강도0}0900-1020. {박무}2020-{박무}{강도0}2100-{박무}{강도0}2400-,
143,대구,1999-05-18,16.6,14.9,350,18.5,1420,14,2,1820,5.5,1730,14.1,7.1,140,1108,6.3,140,1110,3.1,2660,110,13.9,71,0,84.4,16,997.1,1013.1,0,995.4,2400,1004.3,14.1,0,1000,.69,4.68,,,,,,9.9,6.6,17.4,12.3,,,,,,,,,,,,14.6,-{박무}-{박무}{강도0}0300-0530. {비}0840-{비}{강도0}0900-0930. {비}1050-{비}{강도0}1200-{비}{강도0}1500{비}{강도0}1800-{비}{강도0}2100-{비}{강도0}2400- {박무}1040-{박무}{강도0}1200-{박무}{강도0}1500-{박무}{강도0}1800-{박무}{강도0}2100-{박무}{강도0}2400-,
143,대구,1999-05-19,17.6,15.6,2400,21,1458,2.17,.2,235,.3,230,.5,15.3,270,1752,9.7,320,1000,5,4300,290,9.4,41,1600,60.6,12.2,992.3,1006.2,2400,994,412,999.4,14.1,9.6,1100,3.18,21.88,,,,,,5.9,4.6,20.7,12.1,,,,,,,,,,,,,-{비}-{이슬비}0030-0150. {비}0230-0250. -{박무}-{박무}{강도1}0300-{박무}{강도0}0600-0820.,
143,대구,1999-05-20,19.9,12.9,543,26.1,1637,,,,,,,16.5,230,1440,10,230,1417,5,4327,270,4.5,23,1304,38,8.5,1001.2,1012.2,2400,1004.4,1544,1008.3,14.2,12.7,1200,3.24,25.73,,,,,,.1,.1,22.3,8.3,,,,,,,,,,,,,,
143,대구,1999-05-21,21.2,12.4,540,28.6,1607,,,,,,,5.9,270,1431,5,270,1430,2.1,1785,50,9.1,22,1330,49.6,11.7,1006.3,1016.4,820,1009.5,1750,1013.4,14.2,12,1200,3.2,25.16,,,,,,0,0,25.9,8.2,,,,,,,,,,,,,,
143,대구,1999-05-22,23,17.5,540,29.1,1515,,,,,,,9,250,1345,7.3,250,1349,2.3,1958,20,9.3,19,1758,46.4,12,1005.3,1015.1,810,1008.7,1720,1012.3,14.2,12.2,1100,3.01,23.32,,,,,,1.1,0,26.1,11.8,,,,,,,,,,,,,,
143,대구,1999-05-23,19.6,14.9,555,23.8,1615,3.75,1.2,2347,4.2,2300,6.4,7,70,1905,5,70,1733,2,1755,70,12.5,49,1342,64.4,14.7,1001.6,1012.7,752,1004.7,2400,1008.7,14.2,4,1000,1.46,10.43,,,,,,8.6,5.3,21.4,10.8,,,,,,,,,,,,20.9,{비}2015-{비}{강도0}2100-{비}{강도0}2400- {박무}2030-{박무}{강도0}2100-{박무}{강도0}2400-,
143,대구,1999-05-24,17.5,15.8,2350,18.5,1225,17.58,2.4,412,8,322,20.6,5.8,320,1838,4.3,140,613,1.9,1676,290,15.3,77,2050,87.1,17.5,989.1,1004.7,0,991.2,1437,996.2,14.3,0,1000,.29,2.09,,,,,,9.6,7,18.2,14.6,,,,,,,,,,,,6.1,-{비}-{비}{강도0}0300-{비}{강도0}0600-{비}{강도0}0900-{비}{강도0}1200-{비}{강도0}1500-1735. -{박무}-{박무}{강도0}0300-{박무}{강도0}0600-{박무}{강도0}0900-{박무}{강도0}1200-{박무}{강도0}1500-{박무}{강도0}1800-1920.,
143,대구,1999-05-25,19.6,14.3,522,24.9,1650,,,,,,,7,290,1507,5.3,290,1748,2.9,2500,270,10.9,43,1643,58.1,13.1,996.7,1006.3,1000,1001,1610,1003.7,14.3,9.9,1200,3.29,22.4,,,,,,3,2.6,21.2,11.1,,,,,,,,,,,,,,
143,대구,1999-05-26,18.5,14.4,543,24.8,1330,8.5,.3,2038,1,1954,4,5,270,1440,4,270,1437,1.6,1422,20,12.5,39,1724,70,14.5,996.7,1005.9,543,1001.9,1423,1003.8,14.3,6.6,900,2,13.04,,,,,,7.3,3.4,19.5,10.2,,,,,,,,,,,,4,{비}1530-{비}{강도0}1800-{비}{강도0}2100-{비}{강도0}2400- {햇무리}0930-1040. {햇무리}1120-1330.,
143,대구,1999-05-27,19,14,550,24.9,1443,4.67,0,,0,,0,11.2,290,1523,7.3,290,1530,3.5,3001,290,10.5,39,1530,60.8,12.8,994.7,1005.7,2350,999.6,1627,1001.8,14.3,8.4,1400,2.58,20.46,,,,,,4.4,3.1,21.7,12.5,,,,,,,,,,,,,-{비}-{비}{강도0}0300-0440. {박무}0520-{박무}{강도0}0600-0820.,
143,대구,1999-05-28,18.4,11.9,1530,24.3,1604,,,,,,,10,270,1045,9,320,33,3.5,3038,290,4.6,27,1223,40.8,8.6,999.7,1009.2,925,1004,1733,1006.8,14.3,12.7,1200,3.31,26.39,,,,,,1,0,21.4,6.7,,,,,,,,,,,,,,
143,대구,1999-05-29,20.7,13.2,557,27.2,1603,,,,,,,6.2,270,1315,5,270,1352,2.7,2303,270,7,22,1602,44.4,10.1,1002.4,1011.7,2342,1007.1,1630,1009.5,14.4,13,1200,3.3,26.46,,,,,,0,0,25.1,8.7,,,,,,,,,,,,,,
143,대구,1999-05-30,21.7,13.3,545,29.3,1559,,,,,,,7.5,270,1505,4.7,270,1640,2,1718,20,7.7,22,1327,43.4,10.5,1005.3,1014.9,720,1009.4,1756,1012.3,14.4,12.5,1200,3.12,24.45,,,,,,.8,0,25.9,8.9,,,,,,,,,,,,,,
143,대구,1999-05-31,22.3,13.7,540,29.8,1555,,,,,,,7.3,180,1850,5.5,180,1847,2.4,2068,90,10.3,24,1523,49.5,12.7,1004.8,1014.8,728,1008.3,1610,1011.8,14.4,11.8,1200,3.11,24.75,,,,,,2,0,28.7,9.4,,,,,,,,,,,,,,
143,대구,1999-06-01,22.8,19.6,542,25.3,1519,,,,,,,7.6,250,1013,6.3,250,1033,2.5,2188,250,16.3,55,1518,67.4,18.6,1001.6,1012,0,1006.6,1812,1008.7,14.4,2.3,800,1.22,8.66,,,,,,9,3.5,25.8,15.4,,,,,,,,,,,,.1,{박무}0420-{박무}{강도0}0600-{박무}{강도0}0900-1045.,
143,대구,1999-06-02,19.5,18.2,1452,22.2,0,12.83,1,1110,2.1,1100,7.6,5.1,90,1510,4.3,90,1450,1.8,1516,110,17.1,70,957,86.3,19.5,1000.8,1008.7,2130,1007.1,110,1007.9,14.4,0,1400,.71,5.29,,,,,,9.9,6.6,20.7,17.2,,,,,,,,,,,,7.5,{비}0330-0355. {비}0615-{비}{강도0}0900-{비}{강도0}1200-{비}{강도0}1500-{비}{강도0}1800-1840. {박무}0620-{박무}{강도0}0900-{박무}{강도0}1200-{박무}{강도0}1500-{박무}{강도0}1800-{박무}{강도0}2100-{박무}{강도0}2400-,
143,대구,1999-06-03,22,18.3,230,26.4,1712,,,,,,,3.8,110,1720,3.3,110,1718,1.6,1355,90,16.8,54,1502,73.8,19.1,1000.8,1009.2,815,1005.7,1722,1007.8,14.5,1.4,1300,2.25,13.17,,,,,,6.3,3.4,23.4,17,,,,,,,,,,,,,-{박무}-{박무}{강도0}0300-{박무}{강도0}0600-{박무}{강도0}0900-{박무}{강도0}1200-1320. {박무}2320-{박무}{강도0}2400-,
143,대구,1999-06-04,24.8,18.8,348,32.7,1608,,,,,,,6.3,140,2210,5.5,140,2207,2.2,1924,90,16,30,1613,61.9,18.3,1002.1,1013.4,2400,1006.1,1708,1009.1,14.5,11.3,1200,3.11,23.14,,,,,,3.1,0,28.7,15.6,,,,,,,,,,,,,-{박무}-{박무}{강도0}0300-{박무}{강도0}0600-{박무}{강도0}0900-1130. {박무}2320-{박무}{강도0}2400-,
143,대구,1999-06-05,22.2,18.8,240,26.5,1612,,,,,,,10.1,90,959,7.5,90,1050,5.2,4526,90,15.7,50,1500,67.9,17.9,1007.6,1016.1,2315,1012.6,1725,1014.6,14.5,10,1200,3.08,23.41,,,,,,4.6,.5,27.4,16.3,,,,,,,,,,,,,-{박무}-{박무}{강도0}0300-{박무}{강도0}0600-{박무}{강도0}0900-0940. {연무}1330-{연무}{강도0}1500-1530.,
143,대구,1999-06-06,23.7,17,550,30,1705,.17,0,,0,,0,6.4,110,2400,5,110,2400,2.2,1901,90,16.2,38,1450,65.5,18.5,1004,1016.1,110,1006.7,1832,1011,14.5,5.2,1100,2.1,15.97,,,,,,6.9,3.8,27.1,14.2,,,,,,,,,,,,3.8,{박무}0210-{박무}{강도0}0300-{박무}{강도0}0600-{박무}{강도0}0900-1120.  {연무}1110-{연무}{강도0}1200-1440. {박무}2340-{박무}{강도0}2400-    {비}2350-{비}{강도0}2400-,
143,대구,1999-06-07,22.7,18.4,602,28.3,1528,7.83,.6,431,1.4,218,3.8,7.4,110,39,6,110,35,2.9,2467,270,15.8,44,1614,67.4,18,1001.6,1011.3,2352,1005.9,1547,1008.6,14.5,5.5,1200,2.59,16.76,,,,,,9,4.9,23.8,16.4,,,,,,,,,,,,,-{비}-{비}{강도0}0300-{비}{강도0}0600-0750.  -{박무}-{박무}{강도0}0300-{박무}{강도0}0600-{박무}{강도0}0900-{박무}{강도0}1200-1230.,
143,대구,1999-06-08,23.7,17.6,555,28.6,1617,,,,,,,4.9,90,1242,3.8,90,110,1.8,1549,50,13.9,30,1656,57,16,1002.1,1011.1,0,1006.9,1735,1009.1,14.5,5.8,1100,2.82,16.74,,,,,,4.6,1.4,25.1,13.5,,,,,,,,,,,,,{박무}0230-{박무}{강도0}0300-{박무}{강도0}0600-{박무}{강도0}0900-1130.,
143,대구,1999-06-09,22.2,17.4,553,26.8,1502,,,,,,,8.6,110,1212,6.8,110,1130,3.7,3218,90,13.1,37,1455,58.9,15.2,1006.4,1014.9,2057,1010.5,6,1013.4,14.5,12,1300,2.81,24.4,,,,,,2.9,.4,27.2,12.8,,,,,,,,,,,,,{박무}0210-{박무}{강도0}0300-0530.,
143,대구,1999-06-10,23.4,16.4,540,30,1546,,,,,,,5.7,230,1745,4.7,230,1725,2.2,1865,90,12.2,30,1547,52.9,14.3,1004.6,1015.9,753,1007.2,1730,1011.6,14.5,11.3,1400,2.66,21.41,,,,,,4.8,.4,28.2,12.9,,,,,,,,,,,,,{햇무리}1130-1330.,
143,대구,1999-06-11,25.8,18.8,603,32.2,1600,,,,,,,5.8,230,1331,4.3,250,950,2.2,1894,320,13.1,27,1626,47.8,15.1,1002.3,1012.3,710,1005.8,1700,1009.2,14.5,11.6,1200,3.02,24.23,,,,,,0,0,29.7,13.9,,,,,,,,,,,,,,
143,대구,1999-06-12,27,19.1,530,34,1547,,,,,,,6.7,320,1830,5,320,1750,2.3,1986,20,13.6,21,1620,47.4,15.7,1002.1,1012.2,703,1005.1,1652,1009,14.6,11.9,1200,3.19,25.37,,,,,,0,0,32.3,13.1,,,,,,,,,,,,,,
143,대구,1999-06-13,27.6,20.8,540,33.8,1632,,,,,,,6.7,250,852,5.5,250,853,2.8,2462,270,14.1,28,1405,46.3,16.2,1000.4,1010.6,805,1003.7,1650,1007.3,14.6,12.4,1200,3.25,26.12,,,,,,0,0,33.8,14.2,,,,,,,,,,,,,{박무}0420-{박무}{강도0}0600-0645.,
143,대구,1999-06-14,28,20.3,603,35.5,1633,,,,,,,5.5,250,1402,4.5,250,1740,2.2,1942,270,15.7,27,1643,49.3,17.9,999,1008.5,645,1002.7,1610,1005.9,14.6,12,1200,2.95,24,,,,,,.8,0,34.7,14.9,,,,,,,,,,,,,,
143,대구,1999-06-15,27.5,22.9,528,33.3,1457,,,,,,,9.2,230,1420,7.5,160,1842,2.8,2443,230,18,38,1432,56.9,20.7,997.8,1006.9,0,1002,1745,1004.6,14.6,9.2,1300,3.16,21.65,,,,,,5,4.3,35.1,17.8,,,,,,,,,,,,,,
143,대구,1999-06-16,24.4,18.1,2400,28.8,1446,6.17,2,2350,9.2,2130,30.4,9.4,140,1615,8.7,140,1608,3.3,2881,270,19.5,57,1107,75.3,22.8,995.3,1005.7,0,998,1808,1002.2,14.6,.5,1000,1.2,8.27,,,,,,9.5,5.1,28.4,17.8,,,,,,,,,,,,68.2,{소나기}1605-1610. {비}1755-{비}{강도0}1800-{비}{강도0}2100-{비}{강도0}2400- {박무}1840-{박무}{강도0}2100-{박무}{강도0}2400-,
143,대구,1999-06-17,17.8,17.2,720,18.7,1500,15.42,2,227,8.5,200,38.3,8.3,110,801,5.7,110,750,3.2,2762,110,15.7,76,1345,87.5,17.8,997.4,1007.8,2340,999.9,48,1004.5,14.6,0,1400,.49,3.94,,,,,,10,4.6,19,15.9,,,,,,,,,,,,6.6,-{비}-{비}{강도0}0300-{비}{강도0}0600-{비}{강도0}0900-{비}{강도0}1200-1250. {비}1550-1740. {비}2315-{비}{강도0}2400- -{박무}-{박무}{강도0}0300-{박무}{강도0}0600-{박무}{강도0}0900-{박무}{강도0}1200-1320. {박무}2330-{박무}{강도0}2400-,
143,대구,1999-06-18,19.6,16.5,355,23.5,1710,8.67,.7,150,2,100,6.2,3.8,180,1446,3.2,70,1600,1.4,1190,320,14.7,52,1500,74.9,16.8,1001.1,1009.8,850,1006.9,1747,1008.2,14.6,0,1400,1.54,11.29,,,,,,7.8,4.1,21.2,15.9,,,,,,,,,,,,.1,-{비}-{비}{강도0}0300-0330. {비}0430-{비}{강도0}0600-{비}{강도0}0900-0940. -{박무}-{박무}{강도0}0300-{박무}{강도0}0600-{박무}{강도0}0900-1145.,
143,대구,1999-06-19,22.1,16.2,558,28.4,1625,.42,0,,0,,0,6.5,110,2050,5.7,250,1538,2.1,1773,90,14.9,34,1628,66.6,17,1001.7,1011.8,2332,1005.3,1454,1008.7,14.6,9,1100,3.05,21.24,,,,,,4.8,3.1,23.9,13.5,,,,,,,,,,,,0,{소나기}1950-2015. {박무}0420-{박무}{강도0}0600-{박무}{강도0}0900-1140. {천둥}{강도0}(SE)1955-{뇌전}{강도0}(SE6~8)2014-2020. {번개}{강도0}(SE)2043-{뇌전}{강도0}(SE6~8)2053-{뇌전}{강도1}(SE3~4)2055-{뇌전}{강도1}(SE3~4)2100-2103. {번개}{강도0}(SE)2153-2157.,
143,대구,1999-06-20,23.9,18.9,528,29.3,1541,,,,,,,4.5,290,1209,3.7,270,1203,2,1724,90,15.6,32,1538,62.1,17.8,1004.1,1012.7,2157,1008.4,1538,1011,14.6,8.6,1200,3.07,21.43,,,,,,5,2,28.3,17.4,,,,,,,,,,,,,{박무}0220-{박무}{강도0}0300-{박무}{강도0}0600-{박무}{강도0}0900-1110.,
143,대구,1999-06-21,22.2,18.6,702,26.8,1602,,,,,,,12,90,2347,10,90,2353,4.2,3651,90,15.8,41,1857,68.8,18.1,1004.8,1013.5,1015,1009.6,1522,1011.9,14.6,7.7,1300,2.48,18.91,,,,,,5.3,0,25.1,17.5,,,,,,,,,,,,,{박무}0320-{박무}{강도0}0600-{박무}{강도1}0900-{박무}{강도0}1200-1340.,
143,대구,1999-06-22,22.9,18.7,608,27.9,1529,,,,,,,9.8,90,1913,8.3,110,1823,4.3,3739,90,15,48,1428,61.8,17,1004.5,1014.1,744,1008.8,1606,1011.6,14.6,12.2,1100,2.97,24.15,,,,,,4.5,1.5,28.3,15.5,,,,,,,,,,,,10.7,,
143,대구,1999-06-23,19.8,18.7,730,22.2,2330,18.08,4.2,920,9,857,54.1,8.7,290,2350,6.3,340,2320,2.8,2415,110,18.3,76,0,91,21,995.8,1011.5,0,994.4,2255,1002.9,14.6,0,1200,.41,2.48,,,,,,9.8,5,19.9,17.8,,,,,,,,,,,,44.1,{박무}0210-{박무}{강도0}0300-{박무}{강도0}0600-{박무}{강도0}0900-{박무}{강도0}1200-{박무}{강도0}1500-{박무}{강도0}1800-{박무}{강도0}2100{박무}{강도0}2400- {비}0515-0545. {비}0625-{비}{강도0}0900-{비}{강도0}1200-{비}{강도1}1500-{비}{강도1}1800-{비}{강도0}2100{비}{강도0}2400-,
143,대구,1999-06-24,23.9,20.1,455,27.8,1420,1.75,.2,0,.5,0,.7,6,290,8,4.7,320,1510,2.1,1833,250,18.4,51,1435,73,21.2,993.7,1003.6,2355,995.5,12,1000.5,14.6,4.6,1300,2.49,17.05,,,,,,7.9,4.6,23.9,17.8,,,,,,,,,,,,,-{비}-0145. -{박무}-{박무}{강도0}0300-0330.,
143,대구,1999-06-25,24.2,20.7,524,28.8,1620,,,,,,,6.2,270,1204,5.3,270,1207,2.3,1956,270,17.2,46,1523,65.9,19.6,998.1,1007.8,2356,1002.5,248,1005,14.6,7.8,1300,2.37,15.98,,,,,,6.4,.8,25.8,17.8,,,,,,,,,,,,,,
143,대구,1999-06-26,23.6,20.5,620,27.4,1537,,,,,,,5,160,1927,4.5,160,1920,1.8,1597,250,18.1,56,1537,71.9,20.8,1001.6,1011.1,835,1006,1700,1008.6,14.6,2.4,1500,1.82,10.78,,,,,,7.3,3.8,24.5,17.9,,,,,,,,,,,,,{박무}0125-{박무}{강도0}0300-{박무}{강도1}0600-{박무}{강도0}0900-{박무}{강도0}1200-1430. {연무}1420-{연무}{강도0}1500{연무}{강도0}1800-1940. {박무}1930-{박무}{강도0}2100-{박무}{강도0}2400-,
143,대구,1999-06-27,26.8,21.2,450,33.2,1630,,,,,,,5.7,270,2058,5,270,2038,2.3,1962,270,19.1,39,1753,64.3,22.2,1001.3,1009.7,825,1005.6,1620,1008.1,14.6,9,1200,2.75,20.98,,,,,,5.5,0,29.9,18.7,,,,,,,,,,,,,-{박무}-{박무}{강도0}0300-{박무}{강도0}0600-{박무}{강도0}0900-{박무}{강도0}1200-1330. {연무}1310-{연무}{강도0}1500-1720. {박무}2320-{박무}{강도0}2400-,
143,대구,1999-06-28,24.5,22.1,628,27.6,1349,.33,0,,0,,0,6,110,2352,5,110,2350,1.5,1278,270,20.3,55,1350,77.5,23.8,1000.8,1009.4,0,1006.1,1953,1007.7,14.6,0,1000,.87,6.82,,,,,,8.6,6.9,25.2,19.8,,,,,,,,,,,,7.8,-{박무}-{박무}{강도0}0300-{박무}{강도0}0600-{박무}{강도0}0900-{박무}{강도0}1200-{박무}{강도0}1500-{박무}{강도0}1800-{박무}{강도1}2100{박무}{강도1}2400- {비}2340-{비}{강도0}2400-,
143,대구,1999-06-29,21.8,19.4,130,25.6,1730,9.33,2.3,50,7.3,43,11.5,12.9,50,802,9.7,50,810,3,2580,50,16.2,50,1827,71.1,18.4,998.5,1009.2,35,1003.3,1725,1005.5,14.6,2.9,1500,1.22,8.49,,,,,,6.4,3.4,21.3,17.1,,,,,,,,,,,,3.7,-{박무}-{박무}{강도1}0300-0440.  -{비}-{비}{강도0}0300-0425.  {비}0605-0615.  {비}0735-{비}{강도0}0900-0955.  {비}1225-1450.,
143,대구,1999-06-30,23.4,17.5,530,29.4,1343,,,,,,,6.2,110,1908,6,110,1856,2.2,1882,110,16.7,45,1220,67.6,19,1002.3,1011.9,2220,1006.8,1630,1009.3,14.6,7.3,1100,2.95,18.61,,,,,,4.8,4,24.5,15.3,,,,,,,,,,,,,,
143,대구,1999-07-01,21.5,19.7,2250,22.9,1103,4.67,.5,2348,1.9,2158,5.2,6.3,110,14,5,110,13,2.9,2483,90,18.4,74,1054,82.9,21.2,1002.2,1011.1,0,1007.3,1925,1009.2,14.6,0,1000,.76,4.28,,,,,,10,7.1,21.7,18.6,,,,,,,,,,,,58.8,{비}1920-{비}{강도0}2100-{비}{강도0}2400- {박무}0515-{박무}{강도0}0600-{박무}{강도0}0900-{박무}{강도0}1200-{박무}{강도0}1500{박무}{강도0}1800-{박무}{강도0}2100-{박무}{강도0}2400-,
143,대구,1999-07-02,20,18.8,700,20.9,1340,20.33,3,420,12.4,520,59.7,8,110,853,6.7,110,858,2.6,2211,110,18.9,89,1130,93.5,21.8,996.9,1008,0,1002.2,1440,1004,14.6,0,1100,.28,2.1,,,,,,10,5.1,20,18.1,,,,,,,,,,,,6.4,-{비}-{비}{강도1}0300-{비}{강도1}0600-{비}{강도0}0900-1010. {비}1130-{비}{강도0}1200-{비}{강도0}1500{비}{강도0}1800-{비}{강도0}2100-2140. -{박무}-{박무}{강도0}0300-{박무}{강도0}0600-{박무}{강도0}0900-{박무}{강도0}1200{박무}{강도0}1500-{박무}{강도0}1800-{박무}{강도0}2100-{박무}{강도0}2400-,
143,대구,1999-07-03,23.2,19.9,350,28.1,1606,1.42,.1,40,.3,15,.3,7.8,90,2201,6.7,90,2220,2.8,2413,90,17.4,50,1450,71.5,19.9,1001.4,1011.4,2315,1005.1,21,1008.3,14.5,9.7,1200,3.29,24.07,,,,,,5.5,5,25.4,18.3,,,,,,,,,,,,,{비}0015-0140. -{박무}-{박무}{강도1}0300-{박무}{강도0}0600-0640.,
143,대구,1999-07-04,22,18.9,544,26.4,1326,,,,,,,8,90,2357,6.5,90,2400,3,2556,90,16.9,58,1332,73.8,19.3,1004.3,1013.3,2322,1008.9,1532,1011.3,14.5,3.7,1000,2.23,14.51,,,,,,7.6,4.5,23.1,16.8,,,,,,,,,,,,,,
143,대구,1999-07-05,22.2,19.6,555,26.2,1505,,,,,,,8.2,90,145,7.2,90,1810,3.5,2984,70,16.2,53,1505,69.3,18.4,1005.5,1014.1,2250,1010.5,1520,1012.5,14.5,4.6,1400,1.94,14.45,,,,,,7.6,4.9,26.3,17.9,,,,,,,,,,,,,,
143,대구,1999-07-06,22,19.3,457,25.4,1423,,,,,,,8,70,1255,7,90,1320,3.7,3173,90,15.8,53,1150,68.8,17.9,1006.2,1014.7,542,1011.6,1505,1013.2,14.5,8.3,1400,2.29,17.98,,,,,,6.3,3.8,25,16.1,,,,,,,,,,,,,,
143,대구,1999-07-07,22.8,19,451,27.4,1500,,,,,,,8.5,90,1020,7.7,90,1033,3.1,2687,90,16.1,47,1502,66.8,18.3,1005.1,1014.7,825,1009.9,1540,1012.2,14.5,8,1300,3.4,21.31,,,,,,7,5.8,28.6,15.4,,,,,,,,,,,,,,
143,대구,1999-07-08,23.5,20.4,510,27.7,1502,,,,,,,7.9,90,40,7,90,38,3.9,3367,90,18,59,1445,71.6,20.6,1003.4,1012.8,555,1007.4,1424,1010.3,14.5,4,1200,2.46,15.7,,,,,,9,5.5,27.1,18.9,,,,,,,,,,,,.9,{박무}2030-{박무}{강도0}2100-{박무}{강도0}2400-,
143,대구,1999-07-09,22.8,20.8,950,25.8,1412,4.25,.4,830,1.3,830,1.6,8.8,90,1810,7.3,90,1838,3.9,3370,70,18.3,63,1410,76.1,21.1,1001.1,1010.1,830,1005.8,1634,1008.1,14.5,.8,1300,2.22,10.13,,,,,,9.5,4.4,23.5,19.7,,,,,,,,,,,,.7,-{박무}-{박무}{강도0}0300-{박무}{강도0}0600-{박무}{강도0}0900-{박무}{강도0}1200-1440. {박무}1640-{박무}{강도0}1800-{박무}{강도0}2100-{박무}{강도0}2400- {비}0730-{비}{강도0}0900-1145.,
143,대구,1999-07-10,23.2,20.9,515,27.5,1509,,,,,,,12.2,70,1728,9,70,1740,4.9,4238,90,16.4,46,1514,66,18.7,1000.9,1009,802,1006.3,1435,1007.9,14.5,5.3,1300,3.02,19.48,,,,,,8.4,4.1,28,17.7,,,,,,,,,,,,,-{박무}-0030.,
143,대구,1999-07-11,21.6,19.7,640,24.4,1251,,,,,,,9.8,70,1315,9,70,1512,3.5,3022,90,15,50,1255,66.3,17,1002.1,1011,2140,1007.5,1745,1009.2,14.4,2.2,1200,1.88,10.49,,,,,,8.1,4.3,23,17.9,,,,,,,,,,,,,,
143,대구,1999-07-12,21.8,19.9,40,24.8,1527,1.25,0,,0,,0,5.5,90,1745,5,90,1310,2.1,1848,110,17.3,64,1421,75.8,19.8,1001.4,1010.9,0,1007,1542,1008.4,14.4,.4,1100,1.63,9.27,,,,,,9.9,6.3,25.1,18,,,,,,,,,,,,0,{이슬비}1715-{이슬비}{강도0}1800-1830.,
143,대구,1999-07-13,23,21,244,25.4,1541,.58,0,,0,,0,7,110,1545,6.3,110,1603,2.6,2268,110,19.2,68,1543,79.4,22.2,999.2,1008,0,1004.8,1536,1006.1,14.4,1.8,1500,1.34,9.28,,,,,,8.4,5.6,25,20,,,,,,,,,,,,0,{이슬비}1425-1440. {비}1610-1630.,
143,대구,1999-07-14,23.9,20.8,348,30.4,1543,2.67,2.5,1818,5.8,1800,6.2,9,70,1714,7,70,1708,2.1,1854,70,19,46,1552,76.3,22,997.4,1006.7,0,1002,1545,1004.3,14.4,3.8,1400,2.84,14.92,,,,,,7.3,5.8,29.9,20.3,,,,,,,,,,,,6.2,{소나기}1650-{소나기}{강도0}1800-1930.,
143,대구,1999-07-15,24,20.5,432,28.8,1325,,,,,,,7.8,320,1423,6.7,320,1408,2,1763,320,18.4,43,1242,71.4,21.1,995.8,1004.4,0,1000.1,1830,1002.7,14.4,5.6,1200,3.15,17.29,,,,,,6.6,3.9,24.2,19.2,,,,,,,,,,,,,{박무}0210-{박무}{강도0}0300-{박무}{강도0}0600-{박무}{강도0}0900-1140.,
143,대구,1999-07-16,27.1,21.9,434,32.2,1558,,,,,,,6.6,250,1215,5.7,250,1627,2.5,2143,270,18.9,41,1634,62,21.8,996.1,1005.6,2400,1001.2,1328,1003,14.4,10.4,1200,3.02,21.31,,,,,,5.9,1.6,31.2,19.4,,,,,,,,,,,,,{박무}0730-{박무}{강도0}0900-0940.,
143,대구,1999-07-17,26.3,22.8,410,31,1703,,,,,,,5,200,1715,4,200,1710,1.6,1356,250,19.5,43,1700,67,22.7,997.6,1006,142,1003.3,1554,1004.5,14.3,4,1400,1.88,13.38,,,,,,7.9,2.5,28.7,20.1,,,,,,,,,,,,,{박무}0140-{박무}{강도0}0300-{박무}{강도0}0600-{박무}{강도0}0900-1130. {연무}1120-{연무}{강도0}1200-{연무}{강도0}15001540.,
143,대구,1999-07-18,26.9,23.2,458,31.8,1432,,,,,,,6.8,110,2336,6.2,110,2310,2.4,2048,270,19.1,44,1434,63.6,22.1,996.4,1004.8,0,1001.2,1540,1003.2,14.3,6.2,1100,2.88,16.81,,,,,,5.9,3.1,30.1,20.3,,,,,,,,,,,,,{박무}0130-{박무}{강도0}0300-{박무}{강도0}0600-{박무}{강도0}0900-1040. {연무}1020-{연무}{강도0}1200-1240.,
143,대구,1999-07-19,25.9,21.5,518,31.1,1523,,,,,,,8.4,110,1037,7.8,110,1020,4.2,3626,70,19.1,43,1459,67.8,22.2,998.4,1007.4,2350,1003.9,145,1005.2,14.3,12.5,1300,3.1,24.48,,,,,,1.8,.5,31.1,19.1,,,,,,,,,,,,,{박무}0140-{박무}{강도0}0300-{박무}{강도0}0600-{박무}{강도0}0900-0940. {박무}2320-{박무}{강도0}2400-,
143,대구,1999-07-20,25.1,22.6,534,27.8,1702,.5,0,,0,,0,8.1,70,1445,6.7,50,930,3.6,3072,70,20,62,1215,73.4,23.4,1001.2,1009.3,2400,1006.9,1805,1008.1,14.3,1.5,1600,1.18,10.48,,,,,,8.8,5.5,28.7,20.2,,,,,,,,,,,,2.3,-{박무}-{박무}{강도0}0300-{박무}{강도0}0600-{박무}{강도0}0900-1130. {박무}1930-{박무}{강도0}2100-{박무}{강도0}2400- {소나기}1340-1410.,
143,대구,1999-07-21,26.7,23.3,256,29.7,1458,2,1.2,238,1.4,150,2.3,7.2,90,1501,6.8,110,1444,3.3,2844,110,22.6,66,1440,78.6,27.4,1002.3,1010.3,630,1007,1531,1009.2,14.3,3.9,1400,2.68,14.61,,,,,,7.6,5.8,29.3,22.7,,,,,,,,,,,,.4,-{박무}-{박무}{강도0}0300-{박무}{강도0}0600-{박무}{강도0}0900-{박무}{강도0}1200-{박무}{강도0}1500-{박무}{강도0}1800-{박무}{강도0}2100{박무}{강도0}2400- {비}0020-0110. {비}0140-0250.,
143,대구,1999-07-22,26.4,24.9,623,29.5,1116,7.6,6.5,1152,17.6,1122,19.6,9.2,90,1836,6.2,90,1723,2.7,2344,70,23.6,65,1738,84.9,29.1,999.8,1009.7,824,1002.2,2141,1006.6,14.2,0,1300,1.18,7.89,,,,,,9,5.5,27.1,23.8,,,,,,,,,,,,19.2,-{박무}-{박무}{강도0}0300-{박무}{강도0}0600-{박무}{강도0}0900-{박무}{강도0}1200-1240. {비}0355-0458. {비}0805-{비}{강도0}0900-0910. {소나기}1025-1033. {소나기}1120-{소나기}{강도1}1200-1225. {소나기}1405-1410. {소나기}1830-{비}1910-{비}{강도0}2100-2240.,
143,대구,1999-07-23,27.3,24.7,600,31.2,1622,2.7,2,1130,2.8,1115,3.3,7,270,1045,6,250,1035,2.3,1977,270,22.8,56,1538,77.3,27.8,997.1,1005.4,1155,1002.1,48,1004,14.2,3.8,1400,2.57,12.52,,,,,,6.9,4.1,29,22.7,,,,,,,,,,,,3.3,{소나기}0840-{소나기}{강도0}0900-1055. {소나기}1115-1142.,
143,대구,1999-07-24,27.6,25.3,640,31.6,1553,.3,0,,0,,0,11.4,230,917,10.3,230,921,3.3,2881,230,21.3,51,1355,69.3,25.4,998.4,1007.3,2335,1003.6,1650,1005.3,14.2,5.8,1200,3.05,16.52,,,,,,5.5,3.4,28.8,22.9,,,,,,,,,,,,,{비}0512-0530.,
143,대구,1999-07-25,28.4,24.3,553,34.3,1554,,,,,,,8.2,160,1740,7.3,160,1736,2.4,2110,360,21.5,45,1546,67.6,25.7,1001.7,1010.7,2354,1006.8,14,1008.5,14.2,6.5,1500,2.07,15.36,,,,,,5.8,4.9,31.2,22,,,,,,,,,,,,,,
143,대구,1999-07-26,27.1,24,525,30.5,1140,2.83,.1,1640,.2,1620,.2,7.7,70,1232,6,70,1240,2.5,2172,90,21.7,58,1420,72.8,25.9,1001.2,1010.6,0,1005.1,2315,1008.1,14.1,2.1,1100,2.22,10.57,,,,,,7.3,3.9,28.8,23.3,,,,,,,,,,,,1.9,{비}1620-{비}{강도0}1800-1910.,
143,대구,1999-07-27,25.8,24.6,2240,27.5,1510,16.17,.8,1225,2.2,1225,8.6,15.3,70,910,11.3,70,912,5.7,4966,70,22.4,69,5,81.6,27.1,991.2,1005.1,0,995.2,1510,998,14.1,.7,1100,1.06,7.16,,,,,,9.5,6.5,26.5,23.3,,,,,,,,,,,,9.7,{비}0530-{비}{강도0}0600-0745. {비}0850-{비}{강도0}0900-{비}{강도0}1200-1455. {비}1610-{비}{강도0}1800-{비}{강도0}2100-{비}{강도0}2400- {무지개}0558-0620. {박무}1240-{박무}{강도0}1500-{박무}{강도0}1800-{박무}{강도0}2100{박무}{강도0}2400-,
143,대구,1999-07-28,26.5,24.2,300,28.4,1558,8.17,.6,216,1.4,218,2.8,9,140,508,7.3,140,536,3.4,2914,140,21.2,62,1544,73.3,25.2,994.8,1005.4,2330,998.5,0,1001.7,14.1,0,1000,.7,3.93,,,,,,9.1,5.9,25.2,23.5,,,,,,,,,,,,0,-{비}-{비}{강도0}0300-0435. {비}0545-{비}{강도0}0600-{비}{강도0}0900-0920. -{박무}-{박무}{강도0}0300-0520.,
143,대구,1999-07-29,26.5,23.5,545,29.2,955,4.5,.1,1035,.2,1035,.3,5,140,1657,4.7,50,1630,1.9,1655,50,22.7,63,955,79.8,27.7,997.8,1006.2,2400,1003.7,1632,1004.7,14.1,2.8,900,1.81,8.96,,,,,,8.5,6,27.3,20.8,,,,,,,,,,,,11.3,{비}1020-{비}{강도0}1200-1440. {비}2350-{비}{강도0}2400-,
143,대구,1999-07-30,25.5,24.6,515,27.3,1720,18.55,2.2,402,2.9,400,16.5,6,140,1658,4.7,160,1707,1.5,1277,70,23.3,74,1708,87.8,28.5,1000.6,1009.9,2300,1005.6,545,1007.5,14,0,1200,.54,3.85,,,,,,9.9,5.1,25.4,23.8,,,,,,,,,,,,6.2,-{비}-0215. {비}0350-0543. {비}0630-{비}{강도0}0900-{비}{강도0}1200-{비}{강도0}1500-1705. {비}1810-2050. {비}2250-{비}{강도0}2400- {박무}0020-{박무}{강도0}0300-{박무}{강도0}0600-{박무}{강도0}0900-1140.,
143,대구,1999-07-31,26.3,24.2,628,28.4,1420,7,.3,605,.6,550,.9,8.9,160,1602,6.3,160,1558,2.5,2122,20,22.3,60,1731,79.3,27,1001.1,1009.7,0,1007,2348,1007.9,14,0,1000,.54,4.86,,,,,,9.3,6.6,25.6,23.7,,,,,,,,,,,,.2,-{비}-0140. {비}0515-{비}{강도0}0600-0750. {비}0810-{비}{강도0}0900-0920. {비}1045-1120. {비}1150-{비}{강도0}1200-1220. {비}1420-1440. {비}1615-1625.,
143,대구,1999-08-01,28.2,25.3,703,31.3,1530,1.25,.2,2253,.2,2245,.2,8,160,1147,5.7,180,1425,2.7,2352,140,22.5,53,1535,72.6,27.4,999.4,1007.9,2257,1004.8,1628,1006.3,14,2.5,1300,1.38,10.39,,,,,,8.6,5.6,27.7,24.2,,,,,,,,,,,,.2,{비}0545-{비}{강도0}0600-0630. {소나기}2245-2315.,
143,대구,1999-08-02,27.6,25.3,455,32,1408,2.7,.4,1740,.4,1725,.9,9,140,1314,7.3,110,1408,3,2601,90,23.1,56,1414,77.1,28.3,998.5,1007.8,0,1002.9,1420,1005.4,14,1.2,1200,2.17,10.49,,,,,,8.5,4.3,27.6,23.7,,,,,,,,,,,,4.2,{소나기}0410-0420. {소나기}1335-1345. {소나기}1455-{소나기}{강도0}1500-1545. {소나기}1725-1755. {소나기}1830-1930. {소나기}2358-{소나기}{강도0}2400-,
143,대구,1999-08-03,25.1,22.5,603,28.2,1444,11.42,15,1213,24.3,1140,37,24.3,160,1820,16.7,160,1814,5.5,4725,90,20.2,51,1830,75.4,23.7,996,1006.8,2330,997.3,1516,1002.9,13.9,0,1500,.86,5.58,,,,,,9,6,24.4,21.9,,,,,,,,,,,,42.6,-{소나기}-0010. {소나기}0210-{소나기}{강도0}0300-0330. {비}0345-0450. {비}0515-{비}{강도0}0600-0620. {비}0725-0750. {소나기}0950-{비}1020-{비}{강도0}1200-1320. {비}1450-{비}{강도0}1500-1740. {소나기}1845-1940. {비}2355-{비}{강도0}2400- {박무}2340-{박무}{강도0}2400- {폭풍}1453-1455. {폭풍}1522-1524. {폭풍}1613-1616. {폭풍}1745-1822.,
143,대구,1999-08-04,22.2,21.5,602,24,0,18.75,1.2,1223,5.6,1214,25.2,6,70,1815,5,70,1820,1.8,1516,70,20.6,75,0,91,24.2,1003.1,1012.1,2352,1006.5,0,1010.2,13.9,0,1000,.6,3.03,,,,,,9.8,6.8,22.7,21,,,,,,,,,,,,16.3,-{비}-{비}{강도0}0300-{비}{강도0}0600-{비}{강도0}0900-{비}{강도0}1200-{비}{강도0}1500-{비}{강도0}1800-1830. {비}2345-{비}{강도0}2400- {박무}-{박무}{강도0}0300-{박무}{강도0}0600-{박무}{강도0}0900-{박무}{강도0}1200-{박무}{강도0}1500-{박무}{강도0}1800-{박무}{강도0}2100{박무}{강도0}2400-,
143,대구,1999-08-05,24.8,21.6,605,30,1540,.42,0,,0,,0,7.9,70,1525,6.5,70,1719,2.5,2179,70,20.6,50,1514,78.9,24.3,1002.1,1012.1,17,1006.9,1638,1009.1,13.9,4.9,1300,2.38,14.44,,,,,,6.9,3.5,26.9,21.2,,,,,,,,,,,,2.1,-{비}-0025. -{박무}-{박무}{강도0}0300-{박무}{강도0}0600-{박무}{강도0}0900-0920.,
143,대구,1999-08-06,25.4,22.4,640,28,1440,2.5,1,558,1.4,558,2.1,7.3,90,2057,6.7,90,2303,2.7,2295,90,22.1,73,1532,82.1,26.6,997.5,1007.3,34,1002.9,1745,1004.4,13.8,0,1200,1.54,7.93,,,,,,9,6.4,26.3,20.9,,,,,,,,,,,,0,{비}0550-{비}{강도0}0600-0750. {소나기}1750-{소나기}{강도0}1800-1820. {박무}0520-{박무}{강도0}0600-{박무}{강도0}0900-{박무}{강도0}1200-1240.,
143,대구,1999-08-07,27.2,24.9,300,30.4,1359,.5,0,,0,,0,12.1,70,1405,9,70,1340,5.2,4500,70,21.9,58,1345,73.4,26.3,993.9,1003.1,0,999.2,1340,1000.7,13.8,6.3,1100,2.63,16.2,,,,,,7.6,4.5,28.1,23,,,,,,,,,,,,1.8,{소나기}2320-2350.,
143,대구,1999-08-08,27.8,25,230,31.8,1512,4,1,712,1.4,700,1.8,8.1,70,7,7,70,1911,3.5,2982,90,22.8,55,1631,75.3,27.7,997,1007.6,2130,1000.8,350,1003.9,13.8,4.6,1200,2.59,12.41,,,,,,8,5.4,27.8,23.3,,,,,,,,,,,,0,{비}0120-0240. {비}0645-0805. {이슬비}0845-{이슬비}{강도0}0900-0920. {소나기}1605-1610. {소나기}1740-{소나기}{강도0}1800-1820. {박무}0030-{박무}{강도0}0300-{박무}{강도0}0600-{박무}{강도0}0900-0930.,
143,대구,1999-08-09,29,25.8,327,33.1,1625,,,,,,,9.4,70,1216,8.3,70,1150,3.9,3382,90,22.2,45,1633,68.1,26.8,1000.6,1009.3,2250,1006.1,1514,1007.5,13.7,9.9,1200,3.29,20.8,,,,,,5,3.3,32.2,24.4,,,,,,,,,,,,,,
143,대구,1999-08-10,28.9,24.2,555,33.9,1458,,,,,,,6.2,110,1038,5.3,110,1030,2.6,2225,90,21.5,46,1440,66.1,25.7,1000.7,1009.8,305,1004.6,1538,1007.5,13.7,8.8,1200,3.05,19.6,,,,,,2.4,1.9,33.6,22,,,,,,,,,,,,,{박무}0140-{박무}{강도0}0300-0520.,
143,대구,1999-08-11,28.6,24.1,558,34.2,1452,,,,,,,7.2,70,1736,6.5,50,1441,2.6,2223,70,21.4,43,1430,66.4,25.5,999.8,1009.1,0,1003.7,1528,1006.6,13.7,8.7,1200,2.62,18.41,,,,,,3.4,1.8,33.5,21.7,,,,,,,,,,,,,,
143,대구,1999-08-12,27.4,23.1,602,31.8,1435,,,,,,,8.9,70,1620,7,90,1133,3.6,3117,90,19.4,47,1406,62.6,22.6,999.7,1008.4,730,1004.1,1515,1006.5,13.6,10.9,1300,2.94,21.49,,,,,,1.9,1.9,31.3,20.6,,,,,,,,,,,,,,
143,대구,1999-08-13,26.5,21.5,515,31.3,1528,,,,,,,8.2,90,1801,7,70,1658,3.1,2660,90,18.6,51,1534,62.8,21.6,1000.7,1010.2,2238,1005.5,1515,1007.6,13.6,9.1,1100,2.57,20.83,,,,,,2.6,2.3,32.8,19,,,,,,,,,,,,,,
143,대구,1999-08-14,25.8,20.7,550,30.6,1441,,,,,,,7.4,90,2040,6.3,90,2047,3.6,3107,90,19.3,48,1347,68.5,22.4,1003.4,1011.7,2120,1008.6,255,1010.3,13.6,10.8,1300,2.8,20.57,,,,,,3.1,2.6,31.8,18.3,,,,,,,,,,,,,,
143,대구,1999-08-15,25.5,22.7,542,28.4,1645,1.33,.6,1230,1.2,1206,1.2,7.4,90,1836,6.7,90,1843,2.2,1919,90,21.1,63,1108,77.1,25,1004.1,1012.2,652,1009.5,1746,1011.1,13.6,0,1000,1.23,8.3,,,,,,6.3,5,27.2,21,,,,,,,,,,,,1.2,{비}1150-{비}{강도0}1200-1310.,
143,대구,1999-08-16,25.7,22.5,600,29.5,1520,,,,,,,7.7,90,1822,6,90,1758,2.6,2273,90,20,55,1055,72.1,23.4,1002.1,1011.4,0,1007.3,1652,1009,13.5,4.4,1000,1.94,13.69,,,,,,5.5,3.4,28.4,19,,,,,,,,,,,,,,
143,대구,1999-08-17,27.4,22.1,555,32.2,1515,,,,,,,7,70,1555,6,70,1559,2.5,2153,70,20.2,49,1323,66.1,23.8,999.4,1008,0,1003.9,1552,1006.3,13.5,10.9,1100,2.92,21.42,,,,,,4.5,4.5,33.4,19.2,,,,,,,,,,,,0,,
143,대구,1999-08-18,26.4,24.6,2329,29.5,1303,1.08,0,,0,,0,8.2,290,1326,7,290,1338,2.6,2282,290,21.8,64,1304,76,26.2,1000.7,1008.9,2142,1006.4,304,1007.6,13.5,1.1,1200,2.13,10.06,,,,,,8.6,4.9,27.3,22.9,,,,,,,,,,,,0,{비}0805-0825. {소나기}0915-0950. {비}1505-1515.,
143,대구,1999-08-19,27.8,23.5,546,32,1542,,,,,,,7,270,1151,6,270,1120,2.8,2444,290,21.3,45,1344,69,25.3,1001.8,1010.7,2332,1007.2,1600,1008.7,13.4,5.2,1300,2.47,17.45,,,,,,6.1,5.4,31.8,19.9,,,,,,,,,,,,.3,,
143,대구,1999-08-20,27.5,24.2,540,31.9,1450,.5,.3,223,.3,215,.3,7.8,200,1640,6.2,200,1630,2.9,2534,90,21.4,46,1516,70.6,25.5,1001.8,1010.7,143,1005.9,1550,1008.7,13.4,4.2,1200,2.13,14.67,,,,,,9.3,5.9,31.9,22.2,,,,,,,,,,,,4.4,{박무}0120-{박무}{강도0}0300-{박무}{강도0}0600-{박무}{강도0}0900-1120. {소나기}0215-0245.,
143,대구,1999-08-21,25.6,23.6,512,30.1,1318,8.22,4.3,1930,7.3,1930,15.5,8.3,290,1642,7,320,1433,2.5,2160,320,22.2,56,1314,82.3,26.8,1001.1,1010.5,2327,1006.1,340,1008,13.4,3.5,1200,2.31,10.9,,,,,,9.3,5.6,26.9,21.9,,,,,,,,,,,,17.1,{비}0225-{비}{강도0}0300-0458. {소나기}1505-1530. {소나기}1630-1740. {소나기}1930-{소나기}{강도0}2100-2250. {비}2315-{비}{강도0}2400- {박무}0240-{박무}{강도0}0300-{박무}{강도0}0600-0820. {박무}2320-{박무}{강도0}2400-,
143,대구,1999-08-22,21.8,20,1254,24,0,23.5,6.5,2258,16,2212,73.2,5.2,290,922,4.3,270,858,1.5,1311,270,20.3,77,724,91.4,23.8,1004.4,1013,2350,1009.2,443,1011.4,13.3,0,1400,.96,4.2,,,,,,10,6.9,24,19.6,,,,,,,,,,,,75.2,-{비}-0145. {비}0215-{비}{강도0}0300-{비}{강도0}0600-{비}{강도0}0900-{비}{강도1}1200-{비}{강도0}1500-{비}{강도0}1800-{비}{강도0}2100-{비}{강도0}2400- {박무}-{박무}{강도0}0300-{박무}{강도0}0600-0720. {박무}0840-{박무}{강도0}0900-{박무}{강도0}1200-{박무}{강도0}1500-{박무}{강도0}1800-{박무}{강도0}2100-{박무}{강도0}2400-,
143,대구,1999-08-23,22.1,18.4,55,24.3,1652,7.17,1.9,54,5.4,10,8,8.4,230,50,6.7,230,45,2.2,1886,110,18.5,70,1000,80.9,21.3,1006.8,1016,2400,1012.1,402,1013.9,13.3,0,900,1.05,6.58,,,,,,10,5.3,23.3,17.5,,,,,,,,,,,,0,-{비}-{비}{강도0}0300-{비}{강도0}0600-0610. {이슬비}1310-1335. {비}1755-{비}{강도0}1800-1830. -{박무}-{박무}{강도0}0300-{박무}{강도0}0600-0620.,
143,대구,1999-08-24,24.4,20.6,633,28.6,1531,.67,0,,0,,0,6.7,110,1629,5,110,1637,2.3,1953,110,17.3,44,1527,67.1,19.9,1007.6,1016.8,744,1012.2,1626,1014.6,13.2,9.8,1100,2.78,20.55,,,,,,5,3.9,27.7,18.8,,,,,,,,,,,,,{비}0630-0710.,
143,대구,1999-08-25,23.8,20.4,520,26.3,1148,8.67,.2,2253,.5,2255,1,4.9,90,32,4.3,200,2400,1.4,1191,110,19.9,64,1155,78.8,23.2,1005.4,1014.8,733,1010.1,1624,1012.4,13.2,0,1100,1.43,7.82,,,,,,9.6,7.3,24.6,17.9,,,,,,,,,,,,35.2,{박무}0120-{박무}{강도0}0300-{박무}{강도0}0600-{박무}{강도0}0900-{박무}{강도0}1200-{박무}{강도0}1500-{박무}{강도0}1800-{박무}{강도0}2100{박무}{강도0}2400- {비}1430-{비}{강도0}1500-{비}{강도0}1800-2040. {비}2130-{비}{강도0}2400-,
143,대구,1999-08-26,19.6,18.6,603,23.5,0,23.33,4.5,754,13.3,710,41.4,7.6,160,44,6,160,35,1.8,1590,110,18.3,82,7,92,21,1002.2,1012.4,27,1007.8,1547,1009.3,13.2,0,1200,.33,2.06,,,,,,10,6,19.8,17.6,,,,,,,,,,,,7.5,-{비}-{비}{강도0}0300-{비}{강도0}0600-{비}{강도0}0900-{비}{강도0}1200-{비}{강도0}1500-{비}{강도0}1800-{비}{강도0}21002250. {비}2330-{비}{강도0}2400- -{박무}-{박무}{강도0}0300-{박무}{강도0}0600-{박무}{강도0}0900-{박무}{강도0}1200{박무}{강도0}1500-{박무}{강도0}1800-{박무}{강도0}2100-{박무}{강도0}2400-,
143,대구,1999-08-27,22,19.8,0,24.1,1422,8.17,.5,1645,.7,1645,1,6.3,110,1338,5,110,1257,1.7,1445,90,20.1,78,1424,88.8,23.5,1001.8,1010.9,1055,1007.3,1908,1008.8,13.1,0,1300,.99,3.88,,,,,,10,5,22.1,18.7,,,,,,,,,,,,.7,-{비}-{비}{강도0}0300-0530. {비}1505-1550. {비}1625-{비}{강도0}1800-1820. -{박무}-{박무}{강도0}0300{박무}{강도0}0600-{박무}{강도0}0900-{박무}{강도0}1200-{박무}{강도0}1500-{박무}{강도0}1800-{박무}{강도0}2100-{박무}{강도0}2400-,
143,대구,1999-08-28,25.3,21.5,530,30.1,1514,.58,0,,0,,0,6,270,1230,4.7,270,1228,1.9,1652,270,19.5,47,1500,71.8,22.6,1003.8,1012.1,955,1008.6,0,1010.7,13.1,7.6,1300,2.74,17.09,,,,,,6.4,4.6,26.9,19,,,,,,,,,,,,,{비}0205-0240. -{박무}-{박무}{강도0}0300-{박무}{강도0}0600-0830.,
143,대구,1999-08-29,25.6,21.9,455,28.9,1640,,,,,,,4.1,90,1214,3.5,140,1709,1.5,1293,20,20.4,54,1214,74,24,1004.1,1013,610,1008.2,1710,1011.1,13.1,4,1000,2.2,11.01,,,,,,8.1,5,26.9,19.5,,,,,,,,,,,,5,{박무}0420-{박무}{강도0}0600-{박무}{강도0}0900-1120.,
143,대구,1999-08-30,22.7,20.8,2332,24.9,1227,19.92,2.8,1714,8,1710,24.3,5.8,70,1033,5,110,1617,2.1,1808,90,20.5,71,1223,87.5,24.1,1002.4,1011,1003,1007.9,1632,1009.4,13,0,1100,1.02,5.63,,,,,,10,5.9,23.6,20.4,,,,,,,,,,,,66.1,{비}0255-{비}{강도0}0300-{비}{강도0}0600-{비}{강도0}0900-1125. {비}1235-{비}{강도0}1500-{비}{강도1}1800-{비}{강도0}2100-{비}{강도0}2400- {박무}0440-{박무}{강도0}0600-{박무}{강도0}0900-{박무}{강도0}1200-1230. {박무}1640-{박무}{강도0}1800-1840. {박무}2040-{박무}{강도0}2100-{박무}{강도0}2400-,
143,대구,1999-08-31,21.3,20.4,420,22.9,1700,15.58,6,357,14.8,353,61.4,4.8,110,1842,4,90,1830,1.4,1188,140,19.9,85,1853,92,23.2,1001.1,1012.3,2400,1005.2,440,1008.1,13,0,1600,.63,3.02,,,,,,8.1,5,20.6,17.4,,,,,,,,,,,,14.6,-{비}-{비}{강도0}0300-{비}{강도1}0600-{비}{강도1}0900-1105. {비}1120-{비}{강도0}1200-{비}{강도1}1500-1550. -{박무}-{박무}{강도0}0300-{박무}{강도0}0600-{박무}{강도0}0900-{박무}{강도0}1200-{박무}{강도0}1500-{박무}{강도0}1800-1820. {천둥}{강도0}(W)1415-{뇌전}{강도0}(W6-7)1430-{뇌전}{강도0}(W{이동}NW5-6)1450-{뇌전}{강도0}(NW5-6)1500-1515.,
143,대구,1999-09-01,23.2,19.2,527,28.7,1455,,,,,,,7,90,1720,6,90,1710,2.3,1988,70,18.4,48,1441,76.4,21.2,1007.7,1017,2332,1012.2,253,1014.7,13,4.9,1200,2.89,16.53,,,,,,6.3,4.3,24.1,16.1,,,,,,,,,,,,,{박무}0130-{박무}{강도1}0300-{시정(미만)}{1km}{안개}0530-{시정(미만)}{0.5km}{안개}0550-{안개}{강도1}0600-{시정(이상)}{0.5km}{안개}0720-{시정(이상)}{1km}{박무}0820{박무}{강도1}0900-1120.,2.83
143,대구,1999-09-02,23.4,19.2,503,29.1,1324,,,,,,,8,110,1154,7.3,110,1153,2.5,2119,50,18.2,51,1320,74,20.9,1011.6,1020.4,2231,1016.7,23,1018.6,12.9,7.4,1200,2.75,16.43,,,,,,5.1,1.9,24.9,16.3,,,,,,,,,,,,,{박무}0215-{박무}{강도0}0300-{박무}{강도0}0600-0830.,
143,대구,1999-09-03,23.7,19,530,28,1459,,,,,,,7,70,1452,6,110,1203,2.7,2329,90,17.4,51,1243,69.8,19.9,1012.7,1021.4,838,1016.3,1513,1019.7,12.9,3.7,1200,2.26,15.06,,,,,,7.6,5.5,25.1,16.8,,,,,,,,,,,,,,
143,대구,1999-09-04,24.9,19.4,625,30.2,1410,.33,0,,0,,0,5.9,110,1200,5,90,1158,2.6,2241,110,18.9,45,1240,71.1,22,1010.4,1020.7,723,1014.1,1440,1017.4,12.9,7.8,1200,2.83,17.01,,,,,,5,2.1,28.1,17.3,,,,,,,,,,,,0,{비}2340-{비}{강도0}2400-,
143,대구,1999-09-05,23.9,22.9,536,24.7,1706,7.67,2.3,1343,6,1343,13,6.2,110,1252,5,110,1248,2.2,1899,90,22,83,130,89.4,26.5,1003.4,1016.4,0,1006.9,2400,1010.4,12.8,0,1200,.44,3.32,,,,,,9.4,6.1,24.3,21.6,,,,,,,,,,,,13,-{비}-0010. {비}0840-{비}{강도0}0900-0920. {비}0950-{비}{강도0}1200-{비}{강도0}1500-1640. {박무}0530-{박무}{강도0}0600-0620. {박무}0940-{박무}{강도0}1200-{박무}{강도0}1500-{박무}{강도0}1800-{박무}{강도0}2100-{박무}{강도0}2400-,
143,대구,1999-09-06,26,23.4,420,30.6,1415,,,,,,,7,110,1825,5.7,110,1810,2.1,1811,110,21.4,57,1423,76.6,25.5,1000.5,1008.8,2157,1005.4,1545,1007.4,12.8,3.3,1000,2.19,12.83,,,,,,7.4,4.9,26.9,20.9,,,,,,,,,,,,5.5,-{박무}-{박무}{강도0}0300-{박무}{강도0}0600-{박무}{강도0}0900-1020.,
143,대구,1999-09-07,23.8,22.6,953,25.5,1740,6.25,3.2,820,4.2,813,7,4,70,7,3.8,90,40,1.6,1401,70,21.4,75,1322,86.4,25.5,1001.3,1009.3,2350,1007,1450,1008.2,12.7,0,1200,1.09,5.09,,,,,,8.9,5.3,23,21,,,,,,,,,,,,1.5,{비}0345-0510. {비}0630-{비}{강도0}0900-1120. {박무}0730-{박무}{강도0}0900-1140. {천둥}{강도0}(SE)0910-0925.,
143,대구,1999-09-08,26.1,22.5,518,30.4,1510,,,,,,,5.4,320,1620,4.7,320,1617,1.8,1554,290,20.5,53,1339,73.4,24.2,1002.8,1011.2,955,1008.1,1510,1009.7,12.7,9.2,1100,2.52,17.29,,,,,,3.5,2,28,20,,,,,,,,,,,,,{박무}0020-{박무}{강도0}0300-{시정(미만)}{1km}{안개}0540-{안개}{강도0}0600-{시정(이상)}{1km}{박무}0630-0820.,.83
143,대구,1999-09-09,26.9,21.5,620,32.3,1500,.58,.2,2340,.4,2325,.4,5.3,270,1630,4.5,250,1530,1.7,1509,20,20.6,41,1430,70.8,24.4,1000.4,1010.3,50,1004.3,1440,1007.3,12.7,5.6,1200,2.54,16.59,,,,,,4.8,2.1,26.9,19.1,,,,,,,,,,,,8.2,{박무}0140-{박무}{강도0}0300-{박무}{강도1}0600-{박무}{강도0}0900-0940. {박무}2130-{박무}{강도0}2400- {비}2325-{비}{강도0}2400-,
143,대구,1999-09-10,25.8,24.3,434,29.8,1338,12.58,1.4,830,2.7,740,12,11.7,230,1337,9,230,1317,2.6,2224,70,23,57,1342,85,28.1,994.8,1006,0,997.5,1330,1001.7,12.6,1.4,1600,1.35,5.78,,,,,,8.5,5.8,25.5,23.1,,,,,,,,,,,,4.2,-{비}-0040. {비}0120-{비}{강도0}0300-{비}{강도0}0600-{비}{강도0}0900-{비}{강도0}1200-1220. {소나기}1345-1440. -{박무}-{박무}{강도0}0300-{박무}{강도0}0600-0630.,
143,대구,1999-09-11,27.3,23.3,555,31.7,1530,,,,,,,5.6,320,1414,4,320,1414,1.7,1492,320,21.2,47,1533,70.8,25.2,996.7,1006.2,2400,1001.5,344,1003.6,12.6,8.6,1000,1.98,15.04,,,,,,4.6,1.9,27,20.3,,,,,,,,,,,,,{박무}0530-{박무}{강도0}0600-0810.,
143,대구,1999-09-12,26,23.5,2400,30.4,1230,.75,.3,1505,.5,1455,.5,6.4,110,1918,5,140,2000,2.4,2061,110,20.7,53,1238,73.1,24.4,1000.8,1010.1,2350,1005.5,413,1007.7,12.6,1.6,1100,2.53,11.35,,,,,,6.5,4.3,25.3,20.8,,,,,,,,,,,,.5,{박무}0120-{박무}{강도0}0300-{박무}{강도0}0600-{박무}{강도0}0900-1120. {소나기}1455-{소나기}{강도0}1500-1540.,
143,대구,1999-09-13,26.6,21.8,625,32,1635,,,,,,,4,90,16,3.7,90,22,1.7,1438,90,20.4,45,1612,69.8,23.9,1001.8,1010.5,512,1006.2,1533,1008.7,12.5,5.1,1200,2.43,14.62,,,,,,4,2,27.1,20.2,,,,,,,,,,,,,{박무}0340-{박무}{강도0}0600-{박무}{강도0}0900-1120. {연무}1110-{연무}{강도0}1200-{연무}{강도0}1500-1730.,
143,대구,1999-09-14,26.1,22.6,628,31.4,1453,,,,,,,8.6,90,1827,7,90,1740,3.1,2665,90,19.2,44,1204,67.4,22.3,999.6,1009.1,0,1003.6,1435,1006.5,12.5,8,1200,2.59,16.59,,,,,,4.9,4.1,28.6,21.4,,,,,,,,,,,,,{박무}0415-{박무}{강도0}0600-{박무}{강도0}0900-1130.,
143,대구,1999-09-15,24.4,20.5,642,29.4,1332,,,,,,,10,90,1745,8.3,90,1731,3.1,2668,110,17.6,44,1245,67.3,20.1,1003.1,1014.6,2400,1006.5,0,1010.1,12.5,8,1200,2.68,18.1,,,,,,4.8,2.6,27.3,18,,,,,,,,,,,,,{박무}0420-{박무}{강도0}0600-0640,
143,대구,1999-09-16,24.3,22.2,350,27.4,1257,,,,,,,10.8,110,1450,8.5,110,1452,3.7,3167,90,17.3,48,1307,65.8,19.8,1008.5,1018.1,2132,1013.5,1340,1015.5,12.4,6.3,1000,2.37,14.98,,,,,,4.9,3.3,27,19.3,,,,,,,,,,,,2.7,,
143,대구,1999-09-17,20,18,1640,22.9,258,18.67,5.6,1255,13.6,1205,45,10,110,1018,6.7,110,810,3.2,2730,90,17.4,67,255,85.8,19.9,1009.7,1018.3,820,1015.4,306,1016.9,12.4,0,900,.31,2.16,,,,,,8.8,5,19.9,17.5,,,,,,,,,,,,49.1,{비}0520-{비}{강도0}0600-{비}{강도0}0900-{비}{강도0}1200-{비}{강도0}1500-{비}{강도0}1800-{비}{강도0}2100-{비}{강도0}2400- {박무}0940-{박무}{강도0}1200-{박무}{강도0}1500-{박무}{강도0}1800-{박무}{강도0}2100-{박무}{강도0}2400-,
143,대구,1999-09-18,21.7,19.2,546,23.9,1348,6.75,2.4,410,4.5,340,7,9,110,950,6.7,90,720,3.5,3043,110,19,68,1350,84.3,21.9,1009,1017.1,846,1014.1,1608,1016.1,12.3,0,1000,1.54,8.16,,,,,,9.9,5.6,22.2,18.7,,,,,,,,,,,,.2,-{비}-0120. {비}0205-{비}{강도0}0300-{비}{강도0}0600-0625. {비}0720-0735. {비}1150-{비}{강도0}1200-1240. -{박무}-{박무}{강도0}0300-{박무}{강도0}0600-0820.,
143,대구,1999-09-19,26.2,22.2,335,29.5,1347,1.83,.7,2340,2.4,2300,2.6,6.6,140,957,5.3,140,939,2.4,2047,140,22.1,66,1250,78.9,26.7,1004.4,1016.2,0,1008.3,1345,1011.3,12.3,3.7,1100,2.56,12.57,,,,,,9.1,5.1,26.2,21.5,,,,,,,,,,,,52.4,{박무}0540-{박무}{강도0}0600-{박무}{강도0}0900-1120. {박무}2240-{박무}{강도0}2400- {소나기}1430-1440. {비}2220-{비}{강도0}2400-,
143,대구,1999-09-20,21.7,19.8,2400,26.6,0,22.67,10.5,1000,23.6,930,93.1,10,110,950,7,110,850,3.9,3376,110,19.9,85,0,89.4,23.4,1003.3,1013.7,2052,1007.3,606,1010.4,12.3,0,1300,.77,3.45,,,,,,10,6.1,22.2,18.8,,,,,,,,,,,,46.9,-{비}-{비}{강도1}0300-{비}{강도0}0600-{비}{강도0}0900-{비}{강도1}1200-{비}{강도0}1500-{비}{강도0}1800-{비}{강도0}2100-2220. {비}2340-{비}{강도0}2400- -{박무}-{박무}{강도0}0300-{박무}{강도0}0600-{박무}{강도0}0900-{박무}{강도0}1200-1340. {박무}1740-{박무}{강도0}1800-{박무}{강도0}2100-{박무}{강도0}2400- {천둥}{강도0}(SW)0135-{뇌전}{강도0}(SW5~6)0145-0210. {천둥}{강도0}(SE)0925-0935.,
143,대구,1999-09-21,19,18,2007,20.6,1635,14.75,.8,1055,3,1015,10.2,10,110,1920,6.3,140,1857,1.8,1522,110,16.3,65,1725,84.4,18.5,1006.9,1015.7,1055,1013,238,1014.1,12.2,0,1100,.76,4.31,,,,,,10,5.3,20,17.1,,,,,,,,,,,,20.9,-{비}-{비}{강도0}0300-0535. {비}0840-{비}{강도0}0900-{비}{강도0}1200-1450. {비}1730-{비}{강도0}1800-2030. -{박무}-{박무}{강도0}0300-0540. {박무}1040-{박무}{강도0}1200-1420.,
143,대구,1999-09-22,18.2,16.5,635,19.2,1405,14.83,2.5,530,9.9,500,23.8,7.5,140,714,5.7,140,710,1.9,1648,110,16.4,79,140,89,18.6,1006.4,1014.9,1015,1012.5,402,1013.5,12.2,0,1100,.33,2.55,,,,,,10,5.9,18.6,16.2,,,,,,,,,,,,55,{비}0420-{비}{강도0}0600-0740. {비}1040-1120. {비}1220-1250. {비}1340-{비}{강도0}1500-{비}{강도0}1800-{비}{강도0}2100-{비}{강도0}2400- {박무}0440-{박무}{강도0}0600-0820. {박무}1540-{박무}{강도0}1800-{박무}{강도0}2100-{박무}{강도0}2400-,
143,대구,1999-09-23,19,17.9,658,20.1,1540,24,8,827,24.4,737,87.2,6.3,110,1443,5,110,1453,1.6,1358,140,17.8,88,1532,93.1,20.4,1003.8,1013.8,0,1008.6,2400,1010.9,12.2,0,1000,.34,1.71,,,,,,10,6.1,19.1,17.2,,,,,,,,,,,,136.7,-{비}-{비}{강도0}0300-{비}{강도0}0600-{비}{강도1}0900-{비}{강도0}1200-{비}{강도0}1500-{비}{강도0}1800-{비}{강도0}2100-{비}{강도0}2400- -{박무}-{박무}{강도0}0300-{박무}{강도0}0600-{박무}{강도0}0900-{박무}{강도0}1200-{박무}{강도0}1500-{박무}{강도0}1800{박무}{강도0}2100-{박무}{강도0}2400-,
143,대구,1999-09-24,21.1,18.4,540,24.5,1357,11,5.8,600,29,550,96.5,7.7,90,855,5.7,270,1058,2.4,2058,270,18.5,67,1350,85.4,21.2,997.3,1010.9,2400,999.8,845,1004.3,12.1,.6,1200,1.75,7.41,,,,,,9,6.1,20.6,17.9,,,,,,,,,,,,1.5,-{비}-{비}{강도0}0300-{비}{강도2}0600-{비}{강도0}0900-1030. {비}1845-1915. -{박무}-{박무}{강도0}0300-{박무}{강도1}0600-{박무}{강도0}0900-1010.,
143,대구,1999-09-25,21.7,17.7,725,27,1550,,,,,,,7,320,1457,6.3,320,1440,2.3,2000,290,14.4,33,1435,66.5,16.6,1008.7,1019.2,2336,1010.9,0,1015.8,12.1,9.1,1200,2.71,18.94,,,,,,.1,.1,22.8,13.9,,,,,,,,,,,,,{박무}0715-0820.,
143,대구,1999-09-26,20.9,15.2,634,27.5,1513,,,,,,,4.8,290,10,3.8,290,12,1.3,1163,50,13.5,33,1536,66.5,15.6,1013.9,1024.6,927,1017.8,1416,1021,12,9.8,1200,2.62,17.88,,,,,,0,0,22.6,10.5,,,,,,,,,,,,,,
143,대구,1999-09-27,21.1,14.8,548,28.7,1526,,,,,,,3.2,270,1140,2.7,20,1940,1.2,1004,50,15.1,41,1431,71.3,17.3,1014.2,1023.9,820,1018,1425,1021.3,12,6.9,1200,2.37,15.31,,,,,,1.9,0,22.8,11.4,,,,,,,,,,,,,{박무}0140-{박무}{강도0}0300-{박무}{강도0}0600-0820. {박무}2210-{박무}{강도0}2400-,
143,대구,1999-09-28,21.4,14.4,650,29,1558,,,,,,,6.8,140,2228,5,140,2209,2,1760,140,13.3,18,1545,65.5,15.6,1013.5,1024.9,728,1017.5,1426,1020.6,12,9.3,1200,2.62,18.09,,,,,,1.6,1,24,12.1,,,,,,,,,,,,,-{박무}-{박무}{강도0}0300-{박무}{강도0}0600-{박무}{강도0}0900-1140.,
143,대구,1999-09-29,22.8,17.5,558,28.5,1516,,,,,,,5.7,290,1520,3.7,270,1455,1.9,1621,290,16.7,47,1510,70.1,19,1010,1019.9,855,1013.5,1506,1017.1,11.9,6.4,1200,2.07,13.31,,,,,,6.8,4.8,25,15.7,,,,,,,,,,,,0,{박무}0440-{박무}{강도0}0600-{박무}{강도0}0900-1120. {연무}1110-{연무}{강도0}1200-{연무}{강도0}1500-1540.,
143,대구,1999-09-30,22.9,20.5,2400,27.2,1424,.25,0,,0,,0,9.4,90,1758,6.3,90,1710,3,2615,110,15.9,49,1350,65.8,18.1,1011.8,1021.5,2145,1016.1,1448,1018.8,11.9,4.5,1100,2.15,13.18,,,,,,6,2.9,24,16.6,,,,,,,,,,,,,{소나기}0020-0035. {박무}0030-{박무}{강도0}0300-{박무}{강도0}0600-{박무}{강도0}0900-1110.,
143,대구,1999-10-01,22.8,19.5,430,25.8,1445,.33,0,,0,,0,5.6,110,38,5.3,110,24,2.1,1772,140,17.6,58,1450,73.3,20.2,1010.5,1021.3,52,1014.6,2400,1017.6,11.9,0,1200,1.49,8.99,,,,,,6.9,5.1,23.3,15.8,,,,,,,,,,,,0,{소나기}1520-1540.,
143,대구,1999-10-02,18.1,13.4,2400,24.5,950,7.83,.5,1115,1.2,1115,3.5,10.9,320,1033,9,320,1030,2.5,2121,320,14.3,57,2331,79,17.1,1007.6,1019.8,2352,1010.9,458,1014.7,11.8,1.2,900,.58,2.34,,,,,,8.9,5.4,18.8,10.5,,,,,,,,,,,,3.5,{박무}0440-{박무}{강도0}0600-0620.  {비}1035-{비}{강도0}1200-1320.  {비}1410-{비}{강도0}1500-1555. {비}1610-{비}{강도0}1800-1840.  {비}1920-2010.,
143,대구,1999-10-03,15.5,11.5,550,21,1540,,,,,,,7.4,320,13,7,290,20,2.2,1887,290,6,35,1537,54.4,9.4,1015.9,1026.1,950,1019.1,10,1023.1,11.8,7.7,1100,2.56,16.6,,,,,,3.4,3,18.2,8.9,,,,,,,,,,,,,,
143,대구,1999-10-04,16.8,10.8,635,22.6,1516,,,,,,,5.2,90,1815,5,90,1838,1.7,1459,50,9,28,1450,63.6,11.6,1017,1028.7,728,1020.5,1416,1024.3,11.7,6.6,1200,2.49,15.65,,,,,,6.3,4.4,20.4,8.7,,,,,,,,,,,,,,
143,대구,1999-10-05,16.8,14.1,520,22,1612,,,,,,,4,290,1627,3.5,290,1630,1.5,1316,50,11,36,1628,70.5,13.2,1014.2,1022.8,905,1019.1,1605,1021.4,11.7,2.6,1400,1.51,7.54,,,,,,6.3,4.9,18.9,10.9,,,,,,,,,,,,0,,
143,대구,1999-10-06,13.8,12,2400,16.1,1055,6.67,.7,1320,3,1250,6.5,8.1,320,1246,5,320,1240,1.5,1323,270,11.2,66,1045,85,13.4,1013,1022.7,232,1018.8,1908,1020.3,11.7,0,900,.37,2.37,,,,,,9.1,5.1,14.6,9.1,,,,,,,,,,,,6.5,{비}0245-0255.  {비}1030-1140.  {비}1220-{비}{강도0}1500-1740.  {박무}0120-{박무}{강도0}0300- {박무}{강도0}0600-0620.  {박무}0840-{박무}{강도0}0900-1020.  {박무}1215-{박무}{강도0}1500-1530. {박무}1840-{박무}{강도0}2100-{박무}{강도0}2400-,
143,대구,1999-10-07,15.2,11,528,21,1556,,,,,,,3.2,270,1457,2.7,270,1450,1.2,1025,320,12,55,1517,82.1,14.1,1009.6,1019,2,1012.7,1520,1016.8,11.6,1.6,1300,1.55,7.99,,,,,,8.3,8.3,16.9,8.1,,,,,,,,,,,,,-{박무}-{시정(미만)}{1km}{안개}0230-{안개}{강도0}0300-{안개}{강도0}0600-{안개}{강도0}0900-{시정(이상)}{1km}{박무}1020-{박무}{강도2}1200-1320.,7.83
143,대구,1999-10-08,18.4,13.9,720,24.6,1532,,,,,,,8.3,360,1324,7,360,1346,1.9,1665,320,10.9,31,1339,65.5,13.2,1010.8,1021.2,2400,1015.1,1452,1018,11.6,9,1200,2.46,16.07,,,,,,1.9,0,19.8,9.2,,,,,,,,,,,,,{박무}0220-{박무}{강도0}0300-{박무}{강도1}0600-{박무}{강도0}0900-1040.,
143,대구,1999-10-09,18,11.1,652,24.5,1425,,,,,,,6,90,1803,4.5,90,1755,2,1764,70,11.8,39,1324,69.4,13.9,1014.7,1025.2,905,1017.5,1450,1021.9,11.6,8.6,1300,2.24,14.8,,,,,,1.5,.6,19.1,6.9,,,,,,,,,,,,0,{박무}0120-{박무}{강도0}0300-{박무}{강도1}0600-{박무}{강도0}0900-1130.,
143,대구,1999-10-10,16.4,14.7,600,18.4,1420,12.75,.9,1510,3.2,1510,7.8,3.9,110,2230,3.5,110,2207,1.3,1135,90,14.4,78,1640,87.9,16.5,1013.3,1024.3,850,1015.7,2320,1020.6,11.5,0,1200,.88,3.31,,,,,,8.8,4.5,16.9,11.6,,,,,,,,,,,,14.3,{비}0720-0820.  {비}0840-0855.  {비}0930-{비}{강도0}1200-{비}{강도0}1500-{비}{강도0}1800-1910. {비}2030-2040.  {비}2220-{비}{강도0}2400-  {박무}0920-{박무}{강도0}1200-{박무}{강도0}1500-{박무}{강도0}1800-{박무}{강도0}2100-{박무}{강도0}2400-,
143,대구,1999-10-11,18.5,16.5,250,22.3,1152,17.25,2,1346,5.2,1256,20,6,320,1222,4.5,320,1220,1.6,1406,250,17.1,80,2312,91.6,19.6,1007.5,1017.9,2245,1012.4,654,1014.6,11.5,0,1100,.61,3.07,,,,,,9.3,5.5,18.2,14.1,,,,,,,,,,,,13.5,-{비}-{비}{강도0}0300-{비}{강도0}0600-{비}{강도0}0900-{비}{강도0}1200-{비}{강도0}1500-1715.  -{박무}-{박무}{강도0}0300-{박무}{강도0}0600-{박무}{강도0}0900-0920.  {박무}1130-{박무}{강도0}1200-{박무}{강도0}1500-1720.  {박무}2220-{박무}{강도0}2400-,
143,대구,1999-10-12,17.7,14.6,458,20.5,1535,,,,,,,6.6,140,1645,4.3,140,1710,1.7,1440,140,14.1,64,1655,79.9,16.1,1013.1,1022.3,857,1017.9,0,1020.3,11.4,0,900,.9,5.66,,,,,,7.8,6,17.8,9.7,,,,,,,,,,,,0,-{박무}-{박무}{강도1}0300-{시정(미만)}{1km}{안개}0420-{시정(미만)}{0.5km}{안개}0440-{시정(이상)}{0.5km}{안개}0530-{안개}{강도0}0600-{시정(이상)}{1km}{박무}0840- {박무}{강도1}0900-1020.  {박무}2230-{박무}{강도0}2400-,4.33
143,대구,1999-10-13,17.5,16.1,500,19,1435,7.42,.5,1204,1.5,1150,2.9,6.4,110,447,5.7,110,455,1.5,1318,270,15,79,950,85.3,17,1012.9,1021.7,858,1018.1,453,1020.1,11.4,0,1000,.6,3.56,,,,,,9.6,7.1,18.1,13.3,,,,,,,,,,,,2.9,-{박무}-{박무}{강도0}0300-{박무}{강도0}0600-{박무}{강도0}0900-{박무}{강도0}1200-{박무}{강도0}1500-1720. {박무}2030-{박무}{강도0} 2100-2120.  {비}0445-0515. {비}0845-{비}{강도0}0900-{비}{강도0}1200-1315. {비}1425-1440. {비}1520-1550.  {비}1750-{비}{강도0}1800-1930.,
143,대구,1999-10-14,18,15.4,734,22,1458,4.33,.1,2255,.2,2255,.2,4.7,270,10,3.3,270,14,1.6,1340,270,13.2,49,1420,74.6,15.3,1013.7,1023.6,847,1018.7,1517,1020.9,11.4,3,1300,1.8,7.09,,,,,,9.1,4.8,19,12.6,,,,,,,,,,,,4.1,{비}0540-{비}{강도0}0600-0620.  {비}0750-0840.  {비}2045-{비}{강도0}2100-2125.  {비}2150-{비}{강도0}2400-  {박무}2220-{박무}{강도0}2400-,
143,대구,1999-10-15,17.5,14.6,2400,20.8,1535,10.58,.6,306,1.4,220,4.6,10.8,320,2250,6.7,320,2240,2.5,2126,290,11.6,40,2400,71.1,14.3,1012.2,1022.9,2343,1016,1530,1019.4,11.3,0,1400,1.23,5.7,,,,,,9.4,6.3,18.4,11.2,,,,,,,,,,,,.7,-{비}-{비}{강도0}0300-{비}{강도0}0600-{비}{강도0}0900-1035. -{박무}-{박무}{강도0}0300-{박무}{강도0}0600-{박무}{강도0}0900-1140.,
143,대구,1999-10-16,9.4,5.2,2350,14.6,0,,,,,,,13,320,1242,9,320,1257,4.6,3980,320,-5.7,26,1257,34.3,4,1019.8,1030.4,2220,1022.8,35,1027.3,11.3,1.3,1100,1.83,9.63,,,,,,6.1,4.9,9.8,-1.8,,,,,,,,,,,,,,
143,대구,1999-10-17,10.4,3.7,703,16.3,1614,,,,,,,6.3,290,1413,4.8,290,1409,2.1,1843,270,.3,38,1440,50.1,6.4,1019.4,1030.2,825,1021.8,1517,1026.9,11.3,9.5,1200,2.39,15.62,,,,,,2.8,2.8,12.3,-2.3,,,,,,,,,,,,,,
143,대구,1999-10-18,12.9,7.4,655,18.8,1610,,,,,,,6,110,1730,5.3,110,1720,1.7,1469,50,5.5,38,1250,64.1,9.1,1019.6,1029.9,940,1023.4,1447,1027,11.2,9.2,1200,2.31,13.88,,,,,,1.6,1.6,13.2,1.6,,,,,,,,,,,,,,
143,대구,1999-10-19,13.7,7.9,706,21,1532,,,,,,,5.6,290,1338,3.3,290,1340,1.2,1051,50,7,40,1324,67.3,10,1015.9,1027,912,1018.8,1450,1023.2,11.2,7.7,1200,2.07,13.56,,,,,,1.4,1,13.8,2.9,,,,,,,,,,,,,{박무}0530-{박무}{강도0}0600-{박무}{강도0}0900-1040.,
143,대구,1999-10-20,14.6,8.8,542,21.1,1513,,,,,,,6.3,290,1430,5.7,290,1443,1.9,1655,320,6.5,34,1356,62,9.7,1013.8,1023.7,933,1018,1447,1021.1,11.1,8.3,1200,2.21,13.94,,,,,,0,0,14.4,2.4,,,,,,,,,,,,,,
143,대구,1999-10-21,14.5,8.5,640,21.8,1513,,,,,,,4.2,270,1346,3.3,290,1340,1.3,1156,50,8.4,32,1525,69.3,11,1014.6,1025.3,850,1018.3,1430,1021.9,11.1,7.7,1200,1.95,11.96,,,,,,0,0,14.5,3.9,,,,,,,,,,,,,{박무}0620-{박무}{강도0}0900-1130.  {박무}2320-{박무}{강도0}2400-,
143,대구,1999-10-22,15.6,9.6,722,22.4,1524,,,,,,,6.8,320,1445,5,290,1436,1.8,1580,320,6.5,26,1350,60.5,9.8,1014,1023.8,808,1017.4,1520,1021.3,11.1,6.7,1200,2.21,13.23,,,,,,.8,0,14.9,4.4,,,,,,,,,,,,,-{박무}-{박무}{강도0}0300-{박무}{강도0}0600-{박무}{강도1}0900-1130.  {연무}1110-{연무}{강도0}1200-1240.,
143,대구,1999-10-23,13.6,9.6,548,18.6,1306,,,,,,,11,90,1437,8.7,90,1307,3.3,2886,90,6.9,45,1417,65.5,10,1017.9,1026.9,856,1022.6,0,1025.3,11,8,1200,2.17,12.98,,,,,,2.1,2.1,14.9,4.7,,,,,,,,,,,,,,
143,대구,1999-10-24,13,6.7,634,19.6,1545,,,,,,,3,50,1329,2.5,70,20,1.3,1115,90,6.2,37,1652,66.9,9.5,1017,1027.9,820,1019.8,1433,1024.4,11,8.4,1200,2.23,14.21,,,,,,0,0,13.5,1.7,,,,,,,,,,,,,{박무}0420-{박무}{강도0}0600-0630.,
143,대구,1999-10-25,13.5,6.8,650,22.5,1543,,,,,,,2.6,250,1658,2.5,250,1700,1.2,1013,50,6.6,29,1430,67.9,9.8,1016,1027,910,1019.8,1440,1023.3,11,6.9,1200,1.94,12.44,,,,,,0,0,13.4,1.4,,,,,,,,,,,,,{박무}0730-{시정(미만)}{1km}{안개}0755-{시정(이상)}{1km}{박무}0840-{박무}{강도2}0900-1140.  {연무}1120-{연무}{강도0}1200-{연무}{강도0}1500-1620.,.75
143,대구,1999-10-26,13.7,8.4,623,19.1,1530,.42,0,,0,,0,5.7,70,2050,4.5,70,2052,1.2,1022,70,8.6,47,1438,72.4,11.2,1013.1,1024.1,810,1017,2400,1020.4,10.9,0,1100,1.2,6.67,,,,,,7.3,3.5,14,3.3,,,,,,,,,,,,0,{비}2050-{비}{강도0}2100-2115.  {박무}1920-{박무}{강도0}2100-{박무}{강도0}2400-,
143,대구,1999-10-27,15.9,11.2,650,22.3,1422,,,,,,,7.3,290,1343,5.2,320,1410,1.8,1520,320,8.9,37,1350,66.5,11.5,1007.3,1016.8,830,1011.6,1530,1014.5,10.9,7.8,1200,1.68,10.28,,,,,,1.5,1.4,15.1,6.5,,,,,,,,,,,,,-{박무}-{박무}{강도0}0300-{박무}{강도0}0600-{박무}{강도0}0900-1020.  {연무}1010-{연무}{강도0}1200-1230.  {박무}2030- {박무}{강도0}2100-{박무}{강도0}2400-,
143,대구,1999-10-28,14.7,9.6,650,20.7,1545,,,,,,,3.1,270,1216,3,270,1220,1.1,955,50,8.2,40,1538,67.1,10.9,1008.2,1018,842,1012.6,1520,1015.4,10.9,6.4,1200,1.44,8.99,,,,,,3.5,0,14.5,4,,,,,,,,,,,,,-{박무}-{박무}{강도0}0300-{박무}{강도0}0600-{박무}{강도0}0900-1130. {연무}1120-{연무}{강도0}1200-{연무}{강도0}1500-1720.,
143,대구,1999-10-29,13.2,8,2400,17.7,1335,,,,,,,11.2,320,1447,7.7,320,1437,3.3,2825,320,1.2,19,1517,48.6,7.4,1011.3,1025,2351,1014.2,426,1018.6,10.8,8.2,1200,2.01,12.08,,,,,,2.1,1.6,14.5,3.5,,,,,,,,,,,,,{박무}0540-{박무}{강도0}0600-0720.,
143,대구,1999-10-30,10.6,4.8,705,16.8,1556,,,,,,,9.5,290,1220,6.7,320,1239,2,1711,50,1.1,32,1633,53.8,6.6,1018.6,1029.4,836,1022,1442,1026.1,10.8,9,1200,2.13,13.21,,,,,,2.5,0,12.8,1.3,,,,,,,,,,,,,,
143,대구,1999-10-31,9.8,6,724,12.8,1500,8.17,1,2240,4.3,2210,14.7,7.4,90,2201,5,90,2158,1.5,1303,90,5.7,51,1528,76.6,9.3,1012.7,1027,0,1010.9,2345,1020.2,10.8,0,1000,.62,3.66,,,,,,9.3,6.3,11.1,4,,,,,,,,,,,,23.3,{박무}0420-{박무}{강도0}0600-0640.  {박무}1720-{박무}{강도0}1800-{박무}{강도0}2100-{박무}{강도0}2400- {비}1550-{비}{강도0}1800-{비}{강도0}2100-{비}{강도0}2400-,
143,대구,1999-11-01,10.2,7.6,2400,11.9,1558,8.42,,,,,8.6,12,320,1218,10,320,1236,3.1,2655,320,5.8,56,1604,75.3,9.4,1008.1,1022.4,2400,1008.8,330,1015.4,10.7,1,1200,1.56,4.55,,,,,,7.5,5,11.1,4.3,,,,,,,,,,,,0,-{비}-{비}{강도0}0300-0445.  {비}0550-{비}{강도0}0600-{비}{강도0}0900-0930.  -{박무}-0240.  {박무}0720-{박무}{강도0}0900-1020.,
143,대구,1999-11-02,8.3,4.6,655,12.6,1452,,,,,,,11.3,320,1228,7.3,290,1430,3.3,2823,320,-1.3,29,1530,53.6,5.6,1015.5,1025.7,2235,1020,1330,1023,10.7,7.6,1200,2.11,12.25,,,,,,1,1,7.5,2.1,,,,,,,,,,,,,,
143,대구,1999-11-03,8.6,3.5,500,14,1513,,,,,,,8.4,320,1505,6.3,340,1519,2.5,2165,290,.5,38,1520,58.8,6.3,1017.5,1027.9,905,1022.1,1620,1025,10.7,8.1,1100,1.98,11.33,,,,,,2.1,2.1,8.6,.5,,,,,,,,,,,,,,
143,대구,1999-11-04,10.4,5.7,404,16,1524,,,,,,,10.7,320,1246,7.3,320,1247,2.8,2410,270,.1,27,1254,51.6,6.2,1018.4,1028.8,903,1023.2,1552,1025.8,10.6,8.6,1200,2.13,13.17,,,,,,0,0,9.4,.1,,,,,,,,,,,,,,
143,대구,1999-11-05,12.6,6.1,640,19.6,1518,,,,,,,5.7,250,1036,5,250,1043,1.7,1431,270,5.2,38,1342,63.3,8.9,1017.3,1027.7,850,1020.8,1412,1024.7,10.6,7.3,1200,1.91,11.27,,,,,,1.5,.3,11.7,2.2,,,,,,,,,,,,,{박무}0140-{박무}{강도0}0300-{박무}{강도0}0600-0630.,
143,대구,1999-11-06,13,7.6,720,20,1444,,,,,,,4,70,1822,2.7,90,320,1,843,90,6.9,38,1500,69.4,10,1016.2,1026,902,1020.7,1520,1023.6,10.6,4.4,1200,1.58,8.95,,,,,,4.6,1,12.3,4.5,,,,,,,,,,,,,{박무}0120-{박무}{강도0}0300-{박무}{강도0}0600-{박무}{강도1}0900-{박무}{강도0}1200-1230. {박무}1830-{박무}{강도0}2100-{박무}{강도0}2400-   {연무}1220-{연무}{강도0}1500-{연무}{강도0}1800-1840.,
143,대구,1999-11-07,12.5,7,738,19.1,1513,,,,,,,2.3,270,1435,2.2,290,1510,.9,818,50,7.1,40,1535,72.5,10.1,1011,1022.9,0,1014.5,1539,1018.3,10.5,4.1,1200,1.63,8.36,,,,,,3.4,3.4,13.6,3.9,,,,,,,,,,,,,-{박무}-{박무}{강도0}0300-{박무}{강도0}0600-{시정(미만)}{1km}{안개}0715-{시정(미만)}{0.5km}{안개}0740-{시정(미만)}{0.2km}{안개}0755-{안개}{강도2}0900-{시정(이상)}{0.2km}{안개}0930-{시정(이상)}{0.5km}{안개}0950-{시정(이상)}{1km}{박무}1040-{박무}{강도1}1200-1340.  {연무}1330-{연무}{강도0}1500-1620.  {박무}1930-{박무}{강도0}2100-{박무}{강도0}2400-,3.42
143,대구,1999-11-08,14.8,10.8,619,19.2,1318,,,,,,,6.7,140,2129,4.8,110,2020,2.4,2080,110,7.3,40,1300,62.3,10.3,1007.7,1019,2400,1011.8,1325,1014.9,10.5,4.7,1200,1.7,9.21,,,,,,5,4.4,14,7.3,,,,,,,,,,,,,-{박무}-{박무}{강도1}0300-{박무}{강도1}0600-{박무}{강도0}0900-1030.  {연무}1020-{연무}{강도0}1200-1240.,
143,대구,1999-11-09,13.1,9.1,2350,17.5,1350,,,,,,,9.3,110,1603,7.7,110,1614,2.6,2240,110,3.4,40,1430,52.8,7.9,1014.4,1024.6,2400,1018.9,15,1021.7,10.5,4.9,1300,1.87,9.47,,,,,,3.9,3.3,13.1,4.7,,,,,,,,,,,,,,
143,대구,1999-11-10,10.9,4.9,715,17.6,1418,,,,,,,3.3,270,1329,2.7,270,1350,1.4,1214,50,3.4,37,1500,62.5,7.8,1014.8,1025.2,938,1019.3,1600,1022.2,10.4,7,1100,1.81,10.94,,,,,,0,0,11.4,2.9,,,,,,,,,,,,,,
143,대구,1999-11-11,10.4,6.6,430,13.9,1527,7.33,,,,,3.6,3.3,110,2330,3,110,2340,1.3,1083,90,7.1,61,1340,80.4,10.2,1008.4,1021.5,0,1009.7,2345,1015.8,10.4,0,1200,1.11,3.6,,,,,,7.8,4.1,9.7,4.8,,,,,,,,,,,,8.8,{비}1640-{비}{강도0}1800-{비}{강도0}2100-{비}{강도0}2400-  {박무}1720-{박무}{강도0}1800-{박무}{강도0}2100-{박무}{강도0}2400-,
143,대구,1999-11-12,13.5,10.9,2400,17.4,1517,2.5,,,,,5.2,9,320,1616,7,320,1634,2.7,2313,290,7.9,40,1516,71.1,10.9,1006.1,1019.3,2400,1008.3,422,1013.4,10.4,3.9,1300,1.81,6.51,,,,,,5.3,2.4,12.9,5.3,,,,,,,,,,,,,-{비}-0230.  -{박무}-{박무}{강도1}0300-{박무}{강도1}0600-{박무}{강도1}0900-1045.,
143,대구,1999-11-13,11.8,7.4,737,18.4,1457,,,,,,,5.2,290,457,4.5,290,503,1.7,1480,90,5,33,1457,67,8.8,1016.1,1026.3,2112,1019.3,0,1023.5,10.4,8.4,1200,1.85,10.91,,,,,,0,0,11,3.8,,,,,,,,,,,,,,
143,대구,1999-11-14,11.7,4.7,535,18.7,1520,,,,,,,5.3,270,1645,4.8,270,1640,1.5,1267,270,6.1,47,1354,70.1,9.5,1014.1,1025.8,147,1017.1,1524,1021.5,10.3,7.2,1200,1.16,6.82,,,,,,2.8,2.8,11.5,1.7,,,,,,,,,,,,,{박무}0140-{박무}{강도0}0300-{박무}{강도0}0600-0640.  {박무}0920-1140.,
143,대구,1999-11-15,13,10.6,2400,16.4,1412,,,,,,,8.2,110,1742,6,110,1653,2.9,2509,110,6.2,48,1331,64.5,9.6,1010.8,1020.5,2204,1016,1410,1018,10.3,0,1300,.79,3.93,,,,,,8.4,7,12.4,8.1,,,,,,,,,,,,.1,,
143,대구,1999-11-16,9.4,6.4,2242,12.4,1458,1.33,,,,,.1,7.2,340,1304,6.7,340,1257,2.1,1829,140,1.9,44,1416,60,7,1017.2,1028.6,2346,1019.8,0,1024.6,10.3,3.7,1100,1.31,7.06,,,,,,4.4,3.6,9.8,2.4,,,,,,,,,,,,,{비}0720-0840.,
143,대구,1999-11-17,6.7,2.1,733,10.3,1443,,,,,,,5.6,320,1831,4.7,290,1740,1.9,1662,290,-4,23,1340,50.4,4.7,1019.3,1030.4,857,1024.3,1512,1026.8,10.2,.8,1000,1.16,6.54,,,,,,4.6,3,6.1,-.3,,,,,,,,,,,,,{박무}0420-{박무}{강도0}0600-0620.,
143,대구,1999-11-18,6.9,2.6,628,12.6,1402,,,,,,,8.8,320,1455,6.7,320,1520,1.9,1664,320,-3.3,22,1615,50.5,4.9,1016.2,1025.9,2400,1021,1442,1023.7,10.2,3.9,1100,1.43,8.14,,,,,,2.1,1.8,6.1,-.5,,,,,,,,,,,,,,
143,대구,1999-11-19,6.4,.3,703,13.3,1612,,,,,,,4.5,250,1303,4,270,1240,1.4,1201,50,-3.4,27,1610,52.1,4.8,1016,1026.6,855,1020.3,1502,1023.6,10.2,5,1100,1.75,8.33,,,,,,5,.8,6.4,-3.2,,,,,,,,,,,,,,
143,대구,1999-11-20,8.9,3,618,15.9,1510,,,,,,,4.3,250,1515,3.7,270,1440,1.1,955,290,1.1,35,1426,60.9,6.7,1013.8,1024.5,920,1016.9,1334,1021.2,10.2,5.3,1200,1.54,8.58,,,,,,1.3,1,7.6,-1.1,,,,,,,,,,,,,,
143,대구,1999-11-21,9.2,4.2,720,15.7,1408,,,,,,,5.1,270,1259,4.7,270,1256,1.6,1387,250,1.1,29,1535,60.4,6.7,1015.6,1025.8,917,1020.8,1840,1023,10.1,5.6,1200,1.72,9.53,,,,,,1.9,0,7.7,-.5,,,,,,,,,,,,,{박무}0120-{박무}{강도0}0300-{박무}{강도0}0600-{박무}{강도0}0900-1120.,
143,대구,1999-11-22,9.2,3.4,551,15.7,1442,,,,,,,5,250,1246,4.7,250,1257,1.2,999,250,1.4,30,1616,59.8,6.8,1015.8,1025.8,920,1021.3,324,1023.3,10.1,4.8,1000,1.43,8.02,,,,,,4.8,1.6,7.7,-.9,,,,,,,,,,,,,{햇무리}1230-1440.,
143,대구,1999-11-23,10.3,4,752,19.3,1443,,,,,,,2.9,250,958,2.3,270,1130,1.1,951,50,1.8,27,1443,58.5,7,1015,1026,848,1019.6,1533,1022.4,10.1,6.9,1200,1.58,8.96,,,,,,2,.8,9,.3,,,,,,,,,,,,,{박무}0420-{박무}{강도0}0600-0820.,
143,대구,1999-11-24,10.8,4.1,650,19,1544,1.92,,,,,.1,2.5,270,1158,2.3,270,1200,1,826,50,2.8,31,1520,60.3,7.5,1006.6,1021.3,0,1006.6,2350,1014,10.1,4.9,1200,1.63,8.64,,,,,,5.1,2.8,9.4,.3,,,,,,,,,,,,.1,{박무}0330-{박무}{강도0}0600-{박무}{강도0}0900-1120.  {연무}1110-{연무}{강도0}1200-{연무}{강도0}1500-1620. {박무}2320-{박무}{강도0}2400-   {비}2205-{비}{강도0}2400-,
143,대구,1999-11-25,10,4.2,2400,12.8,533,.67,,,,,0,12.5,320,1050,9,290,1203,4.4,3819,290,-1.3,28,1646,47.8,6.1,1005.4,1020.4,2400,1003.4,425,1012.8,10,7.8,1200,1.66,8.53,,,,,,2.5,1.4,9.5,1.3,,,,,,,,,,,,,-{비}-0040.  -{박무}-0120.,
143,대구,1999-11-26,1.4,-1.1,2345,4.2,0,,,,,,,12.5,290,1235,10,320,1241,4.3,3734,290,-9.8,29,1516,43.8,3,1015.5,1026.6,2108,1018.3,530,1023.1,10,3.7,1200,1.53,8.02,,,,,,2.1,.8,2.2,-5.2,,,,,,,,,,,,,,
143,대구,1999-11-27,1,-2.2,328,3.6,1800,.42,,,,,0,5.5,290,1925,4.2,290,1852,1.9,1641,290,-6,47,0,59.6,4,1016.4,1026.5,59,1022.8,1640,1024.1,10,0,1000,.51,2.95,,,,,,8.3,7,.7,-6,,,,,,,,,,,,0,{눈}1315-1340.,
143,대구,1999-11-28,2.2,.3,2304,5.3,1358,,,,,,,10,320,1252,9,290,1313,4.1,3532,290,-7.2,34,1433,51.4,3.6,1017.7,1028.4,2118,1022.1,1350,1025.4,10,6.4,1200,1.76,10.11,,,,,,1.6,1.3,2.1,-4,,,,,,,,,,,,,,
143,대구,1999-11-29,2.4,-2.2,740,6.6,1516,,,,,,,7.6,320,1229,5.7,290,1257,2.2,1872,290,-4.3,46,1530,61.5,4.4,1020,1031.4,856,1025.4,1404,1027.7,10,5.1,1200,1.68,8.56,,,,,,1.1,.9,1.6,-5.6,,,,,,,,,,,,,,
143,대구,1999-11-30,5.5,.4,240,12,1423,,,,,,,9,320,1432,6.8,320,1420,1.7,1474,320,-2.9,30,1550,58.5,5,1021.2,1030.7,2231,1026.3,1309,1028.8,9.9,6.7,1200,1.56,8.82,,,,,,1.3,1.3,4.1,-4.6,,,,,,,,,,,,,,
143,대구,1999-12-01,4.8,.3,624,8.2,1544,,,,,,,3,250,1246,2.5,250,1300,1.3,1160,270,-.9,54,1858,68,5.7,1022.5,1033,1040,1027.3,1543,1030.1,9.9,.6,1000,.74,4.04,,,,,,6.9,5.8,3.8,-3.2,,,,,,,,,,,,,{박무}0920-{박무}{강도0}1200-1430.,
143,대구,1999-12-02,7.8,4.2,723,12.6,1440,,,,,,,6.7,320,1557,5.2,340,1300,2.5,2123,250,-1,40,1353,54.8,5.7,1024.2,1036.2,2400,1028.3,1426,1031.8,9.9,6,1200,1.48,8.25,,,,,,.5,0,5.4,-1.7,,,,,,,,,,,,,,
143,대구,1999-12-03,5.4,-.3,720,12.9,1517,,,,,,,2.5,50,1340,2.3,250,1600,1,866,50,-1.5,30,1510,62.1,5.5,1026,1037.7,755,1030.6,2352,1033.6,9.9,7,1200,1.5,8.21,,,,,,.4,0,4,-4.6,,,,,,,,,,,,,{박무}0230-{박무}{강도0}0300-{박무}{강도0}0600-{박무}{강도0}0900-1120. {연무}1110-{연무}{강도0}1200-{연무}{강도0}1500-1720.{박무}1710-{박무}{강도0}1800-{박무}{강도0}2100-{박무}{강도0}2400-,
143,대구,1999-12-04,6,.4,752,11.1,1542,,,,,,,5,250,1108,4,250,1109,1.4,1248,270,.1,49,1443,67.1,6.2,1018.8,1030.6,0,1022.8,1550,1026.5,9.9,0,1300,1.23,4.35,,,,,,6.6,5.4,4.7,-3.5,,,,,,,,,,,,,-{박무}-{박무}{강도0}0300-{박무}{강도0}0600-{박무}{강도0}0900-{박무}{강도0}1200-1230.,
143,대구,1999-12-05,7.6,5.5,2350,10,1248,,,,,,,10.1,320,1623,6.3,320,1640,2.7,2354,320,.9,46,1631,62.5,6.6,1014,1025.9,843,1017.9,1445,1021.5,9.9,0,1200,.48,2.7,,,,,,7.9,7.5,5.9,2.3,,,,,,,,,,,,,{박무}0210-{박무}{강도0}0300-{박무}{강도0}0600-{박무}{강도0}0900-{박무}{강도0}1200-1310.,
143,대구,1999-12-06,3.5,1.2,2400,6.9,1410,1.25,,,,,0,15.3,290,1310,12,290,1317,4.8,4139,290,-5.2,40,1502,53.4,4.2,1014.5,1026.3,2113,1019.5,1350,1022.1,9.8,3.8,1300,1.69,6.81,,,,,,4.1,3.8,3.6,-3.1,,,,,,,,,,,,0,{눈}0905-0930.  {눈}1020-{비}1050-{싸락눈}1055-1110.,
143,대구,1999-12-07,3.1,-1.1,553,8.1,1522,,,,,,,9,320,1320,7,320,1339,2.9,2515,270,-9.3,23,1434,41,3,1021.2,1031,1102,1025.3,0,1028.9,9.8,8,1200,1.67,9.7,,,,,,0,0,3.7,-6.8,,,,,,,,,,,,,,
143,대구,1999-12-08,4.8,-.8,647,10.3,1554,,,,,,,6.1,250,1332,5.3,250,1340,1.7,1436,320,-2.6,41,1423,59.5,5.1,1016.8,1028.8,820,1019.1,2400,1024.3,9.8,6.5,1300,1.49,8.35,,,,,,2.9,.8,3.7,-4.4,,,,,,,,,,,,,{박무}0420-{박무}{강도0}0600-0640.,
143,대구,1999-12-09,8.6,3.9,2350,13,1524,,,,,,,12.9,290,1140,10,290,1202,3.3,2869,290,-3.5,24,1350,44.9,4.8,1011.3,1021.2,1930,1017.5,1424,1018.8,9.8,8,1200,1.6,8.95,,,,,,1.3,1,7.6,-2.9,,,,,,,,,,,,,,
143,대구,1999-12-10,6.6,-1.2,707,13.4,1520,,,,,,,11.5,320,2334,8,320,2321,2.6,2250,270,-2.5,35,1254,53.4,5.1,1009.3,1021,822,1013.1,1534,1016.8,9.8,8.1,1200,1.59,8.75,,,,,,.3,.3,5.3,-4.6,,,,,,,,,,,,,,
143,대구,1999-12-11,3.3,.8,2400,7.4,0,,,,,,,13.3,320,1031,9.7,290,1050,4.1,3575,290,-13,16,1330,30.3,2.3,1017.2,1027.2,843,1018.6,0,1024.8,9.8,7.5,1200,1.7,9.79,,,,,,0,0,3.7,-4.8,,,,,,,,,,,,,,
143,대구,1999-12-12,2.5,-.8,740,7.6,1540,,,,,,,7.3,290,1230,6,270,1202,2.8,2403,270,-9.7,28,1340,41,3,1016.9,1027.4,752,1021.6,1350,1024.5,9.8,7.5,1200,1.57,9.04,,,,,,.4,0,1,-5.1,,,,,,,,,,,,,,
143,대구,1999-12-13,4,-.2,643,10.2,1330,,,,,,,7.3,320,1508,6.3,320,1509,2.2,1864,320,-4.5,40,1505,54.5,4.4,1013.4,1023,1128,1018.4,1524,1020.9,9.8,6.9,1200,1.41,7.05,,,,,,2.1,1.3,4,-5,,,,,,,,,,,,,,
143,대구,1999-12-14,2.8,.2,810,6.2,1449,,,,,,,8,320,1215,5.7,290,1340,2.4,2104,320,-5.3,43,1430,55.8,4.1,1013.8,1023.4,725,1019.5,1449,1021.5,9.8,3,1100,1.38,6.75,,,,,,3.6,1.3,1.2,-4.5,,,,,,,,,,,,0,,
143,대구,1999-12-15,3.1,-.2,130,8.3,1428,.67,,,,,0,9.7,320,1257,7.3,320,1212,2.1,1799,320,-3.5,39,1530,63.1,4.7,1015.1,1025.5,2202,1020.2,1450,1022.7,9.7,5.9,1300,1.48,8.28,,,,,,2.8,2.1,2.9,-4.6,,,,,,,,,,,,,{눈}0555-{눈}{강도0}0600-0635.,
143,대구,1999-12-16,4.9,-2.1,746,12.6,1457,,,,,,,6.2,270,1450,5.7,320,1537,1.7,1460,270,-1.8,36,1432,64.9,5.4,1014.1,1024.7,648,1019.2,1310,1021.7,9.7,5.9,1100,.81,4.38,,,,,,4,2.6,3.4,-5.8,,,,,,,,,,,,,,
143,대구,1999-12-17,1.9,-2,2400,6.2,0,,,,,,,11.1,290,1540,7.7,320,1410,4.4,3819,320,-9.3,32,1510,44.1,3.1,1016.9,1028,2400,1021.4,1528,1024.6,9.7,6.7,1200,1.1,6.27,,,,,,.4,0,2.6,-5.4,,,,,,,,,,,,,,
143,대구,1999-12-18,-1.1,-3.6,715,2.5,1410,,,,,,,11.9,290,1800,9,290,1516,4.6,3944,290,-12.3,32,1420,43.9,2.4,1018.7,1028.9,840,1024,1455,1026.5,9.7,6.6,1100,1.59,9.3,,,,,,.3,.3,-.5,-6.4,,,,,,,,,,,,,,
143,대구,1999-12-19,-3.1,-5.2,718,-.4,1428,,,,,,,13,320,1157,9,320,1336,3.6,3087,290,-13.9,31,1638,43.9,2.1,1017.9,1028,1044,1025,604,1025.8,9.7,6.8,1300,1.62,9.71,,,,,,1.9,1.9,-2.1,-8.6,,,,,,,,,,,,,,
143,대구,1999-12-20,-3.9,-7,725,-.2,1450,,,,,,,11.3,290,1214,9,290,1453,3.6,3132,290,-13.7,34,1456,47.3,2.1,1019.2,1029,1850,1024.4,1448,1027.1,9.7,7.2,1200,1.76,9.98,,,,,,0,0,-3.8,-10,,,,,,,,,,,,,,
143,대구,1999-12-21,-3,-6.6,710,2.2,1517,,,,,,,8.3,290,1542,6.7,290,1600,3.6,3071,290,-13.1,24,1500,47.5,2.3,1018.1,1028.7,810,1022.3,1400,1026,9.7,7.8,1200,1.75,10.07,,,,,,0,0,-3,-10,,,,,,,,,,,,,,
143,대구,1999-12-22,-1.7,-5.5,626,2.8,1525,,,,,,,12.1,290,1423,9.3,290,1438,3.7,3234,290,-12.1,27,1440,46.1,2.4,1017.3,1026.8,848,1022.9,124,1025.1,9.7,8,1200,1.76,10.11,,,,,,0,0,-1.8,-8.8,,,,,,,,,,,,,,
143,대구,1999-12-23,1.3,-3,518,7,1435,,,,,,,7.9,320,1350,6.7,320,1408,2.4,2076,250,-5.6,41,1520,61,4,1016,1028.8,840,1018.1,1428,1023.7,9.7,7.9,1200,1.61,9.07,,,,,,1.4,1.4,-.1,-8,,,,,,,,,,,,,,
143,대구,1999-12-24,2.2,-1.5,650,7.5,1407,.38,,,,,0,13.3,250,1345,10.3,250,1322,3,2570,290,-3.7,47,1125,65.9,4.7,1007.7,1021.3,0,1010.3,1331,1015.3,9.7,0,1100,1.3,6.91,,,,,,4.1,3.1,1,-6.8,,,,,,,,,,,,0,{소나기}1415-1430.  {진눈깨비}1750-1758.,
143,대구,1999-12-25,1.1,-1.6,2340,4.2,1414,,,,,,,11.2,320,947,8.7,290,1053,4.3,3706,290,-6.9,39,1354,55.6,3.7,1011.4,1023.3,2400,1013.3,208,1019.1,9.7,6.5,1300,1.68,8.71,,,,,,5.3,3.1,1.4,-5.4,,,,,,,,,,,,,,
143,대구,1999-12-26,.1,-3.4,743,5.8,1552,,,,,,,5.2,270,1446,4.7,270,1450,2.2,1895,270,-9.2,28,1610,51.4,3.1,1019.9,1031.7,1953,1023.3,0,1027.7,9.7,7.8,1200,1.71,9.88,,,,,,.3,.3,.2,-7.6,,,,,,,,,,,,,,
143,대구,1999-12-27,1.4,-5.2,752,10,1601,,,,,,,2.7,270,1340,2.5,270,1350,1.2,1025,50,-8.2,25,1603,52.4,3.3,1022.4,1033.1,722,1026.9,1628,1030.1,9.7,6.7,1200,1.59,9.13,,,,,,0,0,.4,-8.5,,,,,,,,,,,,,,
143,대구,1999-12-28,4.7,-3.2,712,12.3,1453,,,,,,,6.4,250,1744,5.7,250,1740,1.6,1372,270,-2.3,42,1314,62.1,5.4,1015.9,1028.4,0,1019.7,1432,1023.5,9.7,5.4,1100,1.48,7.95,,,,,,4.1,1.3,1.9,-7.6,,,,,,,,,,,,,{박무}2020-{박무}{강도0}2100-{박무}{강도1}2400-,
143,대구,1999-12-29,3.6,-1.4,807,9.5,1450,,,,,,,5.7,250,1240,5,230,1310,2.2,1923,290,-6.1,18,1550,54.9,4.1,1013.7,1025.9,815,1016.5,1448,1021.3,9.7,7,1200,1.66,9.41,,,,,,.5,0,2.8,-5.8,,,,,,,,,,,,,-{박무}-{박무}{강도1}0300-{박무}{강도2}0600-{박무}{강도1}0900-1030.,
143,대구,1999-12-30,2.3,-4,747,10.6,1510,,,,,,,2.1,270,1602,2,270,1620,1.1,915,50,-7,30,1725,52.9,3.6,1015.5,1025.2,750,1019.7,1450,1023.1,9.7,6.8,1200,1.44,8.28,,,,,,.5,0,.5,-7.2,,,,,,,,,,,,,,
143,대구,1999-12-31,2.9,-2.8,710,10.2,1442,,,,,,,3,70,2312,2.3,70,2323,.9,765,50,-6,30,1430,55,3.9,1018.2,1028.8,2102,1023,1420,1025.9,9.8,6,1200,1.24,6.98,,,,,,1.1,0,1.6,-7,,,,,,,,,,,,,{박무}2240-{박무}{강도0}2400-,
